#VRML V2.0 utf8
# 3D model generated by easyeda2kicad.py (https://github.com/uPesy/easyeda2kicad.py)

Shape{
    appearance Appearance {
        material  Material 	{
            diffuseColor 0.8509803921568627 0.8509803921568627 0.8509803921568627
            specularColor 0.4235294117647059 0.4235294117647059 0.4235294117647059
            ambientIntensity 0.851
            transparency 0.0
            shininess 0.5
        }
    }
    geometry IndexedFaceSet {
        ccw TRUE
        solid FALSE
        coord DEF co Coordinate {
            point [
                1.9635 -4.5079 0.6441, 1.5084 -4.5079 1.0957, 1.7062 -4.5079 1.2438, 2.8819 -4.5079 3.047, 2.2865 -4.5079 2.7995, 2.2339 -4.5079 3.041, 1.881 -4.5079 3.6874, 2.4835 -4.5079 3.9407, 2.0291 -4.5079 3.4895, 2.6176 -4.5079 3.7341, 2.1476 -4.5079 3.2726, 2.7295 -4.5079 3.5147, 2.8179 -4.5079 3.2848, -0.3647 -4.5079 1.0957, -0.8198 -4.5079 0.6441, -0.5626 -4.5079 1.2438, -1.011 -4.5079 0.7994, -0.7374 -4.5079 1.4186, -0.1478 -4.5079 0.9773, -0.5925 -4.5079 0.4975, -0.6261 -4.5079 0.517, 2.0291 -4.5079 1.6165, 2.4835 -4.5079 1.1653, 1.881 -4.5079 1.4186, 2.3286 -4.5079 0.9738, 2.1546 -4.5079 0.7994, 2.2865 -4.5079 2.3065, 2.8819 -4.5079 2.059, 2.2339 -4.5079 2.065, 2.8179 -4.5079 1.8212, 2.1476 -4.5079 1.8334, 2.7295 -4.5079 1.5913, 2.6176 -4.5079 1.3719, 2.9207 -4.5079 2.8038, 2.934 -4.5079 2.5724, 2.3041 -4.5079 2.553, 2.934 -4.5079 2.5336, 2.9207 -4.5079 2.3022, 1.5084 -4.5079 4.0103, 1.9635 -4.5079 4.4619, 1.7062 -4.5079 3.8622, 2.1546 -4.5079 4.3066, 2.3286 -4.5079 4.1322, 1.2914 -4.5079 4.1287, 1.7361 -4.5079 4.6085, 1.7698 -4.5079 4.589, -1.7382 -4.5079 2.059, -1.1428 -4.5079 2.3065, -1.0903 -4.5079 2.065, -1.185 -4.5079 0.9738, -1.3399 -4.5079 1.1653, -0.8855 -4.5079 1.6165, -1.474 -4.5079 1.3719, -1.0039 -4.5079 1.8334, -1.5858 -4.5079 1.5913, -1.6743 -4.5079 1.8212, 1.0599 -4.5079 0.8909, 1.0611 -4.5079 0.2419, 0.8183 -4.5079 0.8383, 0.8178 -4.5079 0.2036, 0.5718 -4.5079 0.8207, 0.5718 -4.5079 0.1907, 0.3253 -4.5079 0.8383, 1.7698 -4.5079 0.517, 1.7361 -4.5079 0.4975, 1.2914 -4.5079 0.9773, 1.5291 -4.5079 0.3934, 1.299 -4.5079 0.3054, 0.0838 -4.5079 4.2151, 0.0826 -4.5079 4.8641, 0.3253 -4.5079 4.2677, 0.3258 -4.5079 4.9024, 0.5718 -4.5079 4.2853, 0.5718 -4.5079 4.9153, 0.8183 -4.5079 4.2677, 0.3258 -4.5079 0.2036, 0.0826 -4.5079 0.2419, 0.0838 -4.5079 0.8909, -0.1554 -4.5079 0.3054, -0.3855 -4.5079 0.3934, 0.8178 -4.5079 4.9024, 1.0611 -4.5079 4.8641, 1.0599 -4.5079 4.2151, 1.299 -4.5079 4.8006, 1.5291 -4.5079 4.7126, -0.8198 -4.5079 4.4619, -0.3647 -4.5079 4.0103, -0.5626 -4.5079 3.8622, -1.7771 -4.5079 2.3022, -1.7904 -4.5079 2.5336, -1.1605 -4.5079 2.553, -1.7904 -4.5079 2.5724, -1.1428 -4.5079 2.7995, -0.6261 -4.5079 4.589, -0.5925 -4.5079 4.6085, -0.1478 -4.5079 4.1287, -0.3855 -4.5079 4.7126, -0.1554 -4.5079 4.8006, -0.8855 -4.5079 3.4895, -1.3399 -4.5079 3.9407, -0.7374 -4.5079 3.6874, -1.185 -4.5079 4.1322, -1.011 -4.5079 4.3066, -1.7771 -4.5079 2.8038, -1.7382 -4.5079 3.047, -1.0903 -4.5079 3.041, -1.6743 -4.5079 3.2848, -1.0039 -4.5079 3.2726, -1.5858 -4.5079 3.5147, -1.474 -4.5079 3.7341, 0.5069 -5.374 0.7398, 0.4899 -5.374 0.7396, 0.5718 -5.374 0.1907, 2.3041 -5.374 2.553, 2.2865 -5.374 2.3065, 2.9207 -5.374 2.3022, 2.8819 -5.374 2.059, 2.2339 -5.374 2.065, 2.8179 -5.374 1.8212, 0.3258 -5.374 0.2036, 0.688 -5.374 0.7519, 0.6502 -5.374 0.7471, 0.8178 -5.374 0.2036, 2.7295 -5.374 1.5913, 2.1476 -5.374 1.8334, 2.6176 -5.374 1.3719, 2.0291 -5.374 1.6165, 2.4835 -5.374 1.1653, 1.8078 -5.374 1.3236, 1.7917 -5.374 1.3069, 2.3286 -5.374 0.9738, 2.1546 -5.374 0.7994, 0.5353 -5.374 0.7402, 1.9403 -5.374 1.4909, 1.9038 -5.374 1.4416, 1.8793 -5.374 1.4085, 0.2637 -5.374 0.7541, 0.0826 -5.374 0.2419, 0.3485 -5.374 0.746, 0.3767 -5.374 0.7432, -1.2289 -5.374 3.0575, -1.7382 -5.374 3.047, -1.2808 -5.374 2.8076, -1.7771 -5.374 2.8038, -1.2983 -5.374 2.553, 2.934 -5.374 2.5336, 2.934 -5.374 2.5724, 2.2887 -5.374 2.7833, -0.5925 -5.374 0.4975, -0.3649 -5.374 0.9528, -0.6261 -5.374 0.517, -0.4204 -5.374 0.9819, -0.8198 -5.374 0.6441, 0.9884 -5.374 0.8125, 0.8769 -5.374 0.7834, 1.0611 -5.374 0.2419, 0.8686 -5.374 0.7818, 0.7641 -5.374 0.7615, -1.7904 -5.374 2.5724, -1.7904 -5.374 2.5336, -1.2833 -5.374 2.317, -1.7771 -5.374 2.3022, -1.2387 -5.374 2.0847, -1.011 -5.374 4.3066, -1.185 -5.374 4.1322, -0.8788 -5.374 3.7332, -1.3399 -5.374 3.9407, -1.026 -5.374 3.5247, -1.474 -5.374 3.7341, -1.1434 -5.374 3.298, -1.5858 -5.374 3.5147, -1.6743 -5.374 3.2848, 1.6233 -5.374 3.9576, 1.6348 -5.374 3.9486, 1.9635 -5.374 4.4619, 2.1546 -5.374 4.3066, 1.7307 -5.374 1.2435, 1.6673 -5.374 1.1859, 1.9635 -5.374 0.6441, 1.6478 -5.374 1.1682, 1.6267 -5.374 1.1505, -0.0131 -5.374 0.8123, -0.0727 -5.374 0.8296, -0.1554 -5.374 0.3054, -0.0972 -5.374 0.8377, -0.1918 -5.374 0.873, -0.3855 -5.374 0.3934, -0.208 -5.374 0.8791, -0.3158 -5.374 0.9272, -0.5216 -5.374 1.0432, -0.5298 -5.374 1.0489, -1.011 -5.374 0.7994, -0.6189 -5.374 1.111, -1.185 -5.374 0.9738, -0.7846 -5.374 1.2656, -1.3399 -5.374 1.1653, -0.9362 -5.374 1.4471, -1.474 -5.374 1.3719, -1.0637 -5.374 1.6463, -1.5858 -5.374 1.5913, -1.1651 -5.374 1.86, -1.6743 -5.374 1.8212, -1.7382 -5.374 2.059, 2.4835 -5.374 3.9407, 2.3286 -5.374 4.1322, 1.8698 -5.374 3.7092, 0.1677 -5.374 0.7694, 0.151 -5.374 0.7721, 0.0388 -5.374 0.7972, 1.7188 -5.374 3.8737, 1.7543 -5.374 3.8375, 1.797 -5.374 3.794, 2.9207 -5.374 2.8038, 2.8819 -5.374 3.047, 2.2428 -5.374 3.0096, 2.8179 -5.374 3.2848, 2.1673 -5.374 3.2277, 2.7295 -5.374 3.5147, 2.0634 -5.374 3.4339, 2.6176 -5.374 3.7341, 1.9373 -5.374 3.619, 1.8708 -5.374 3.7078, 1.3443 -5.374 0.96, 1.5291 -5.374 0.3934, 1.3795 -5.374 0.9807, 1.7361 -5.374 0.4975, 1.4427 -5.374 1.0177, 1.7698 -5.374 0.517, 1.5304 -5.374 1.0768, 1.5369 -5.374 1.0812, 1.0458 -5.374 0.8314, 1.299 -5.374 0.3054, 1.0984 -5.374 0.8489, -0.1692 -5.374 4.2416, -0.1428 -5.374 4.2523, -0.3855 -5.374 4.7126, 0.7092 -5.374 4.3524, 0.8178 -5.374 4.9024, 0.6554 -5.374 4.3575, 0.5718 -5.374 4.9153, 0.5971 -5.374 4.3631, 1.2418 -5.374 0.9084, 1.2169 -5.374 0.8977, 1.1354 -5.374 0.8628, -0.1554 -5.374 4.8006, 0.3216 -5.374 4.3584, 0.3258 -5.374 4.9024, 0.2904 -5.374 4.3544, 0.0826 -5.374 4.8641, 0.2056 -5.374 4.3435, 0.1946 -5.374 4.3414, 0.4383 -5.374 4.3656, 0.4744 -5.374 4.3662, 0.4845 -5.374 4.3664, -0.7046 -5.374 3.9197, -0.6189 -5.374 3.995, -0.8198 -5.374 4.4619, -0.0231 -5.374 4.2917, 0.0107 -5.374 4.3005, 0.0906 -5.374 4.3213, 1.2425 -5.374 4.1973, 1.3215 -5.374 4.1574, 1.5291 -5.374 4.7126, 1.3459 -5.374 4.145, 1.7361 -5.374 4.6085, 1.446 -5.374 4.0862, 1.7698 -5.374 4.589, 1.478 -5.374 4.0645, 1.5423 -5.374 4.0208, -0.5589 -5.374 4.0379, -0.5045 -5.374 4.0727, -0.6261 -5.374 4.589, -0.4606 -5.374 4.1008, -0.5925 -5.374 4.6085, 0.8208 -5.374 4.3344, 0.8321 -5.374 4.3319, 1.0611 -5.374 4.8641, -0.3585 -5.374 4.1575, -0.3419 -5.374 4.1654, -0.2525 -5.374 4.2081, 1.1767 -5.374 4.2255, 1.299 -5.374 4.8006, 1.1359 -5.374 4.2429, 0.9316 -5.374 4.3093, 1.0062 -5.374 4.2873, 1.0416 -5.374 4.2769, 1.5345 -5.3668 4.7248, 1.9713 -4.5151 4.4726, 1.5345 -4.5151 4.7248, 1.3155 -4.5366 4.8513, 1.3155 -5.3453 4.8513, 1.0864 -4.5737 4.9836, 1.0864 -5.3082 4.9836, 0.8411 -4.6285 5.1252, 0.8411 -5.2534 5.1252, 0.5718 -4.7047 5.2806, 0.5718 -5.1772 5.2806, 1.9713 -5.3668 4.4726, 2.1904 -5.3453 4.3462, 2.1904 -4.5366 4.3462, 2.4195 -5.3082 4.2139, 2.4195 -4.5737 4.2139, 2.6647 -5.2534 4.0723, 2.6647 -4.6285 4.0723, 2.934 -5.1772 3.9168, 2.934 -4.7047 3.9168, 2.934 -4.5151 2.3008, 2.934 -5.3453 2.0479, 2.934 -4.5366 2.0479, 2.934 -5.3082 1.7833, 2.934 -4.5737 1.7833, 2.934 -5.2534 1.5001, 2.934 -4.6285 1.5001, 2.934 -5.1772 1.1892, 2.934 -4.7047 1.1892, 2.934 -4.6285 3.6059, 2.934 -5.2534 3.6059, 2.934 -4.5737 3.3227, 2.934 -4.5366 3.0581, 2.934 -5.3082 3.3227, 2.934 -5.3453 3.0581, 2.934 -4.5151 2.8052, 2.934 -5.3668 2.8052, 2.934 -5.3668 2.3008, 0.5718 -5.1772 -0.1746, 0.5718 -4.7047 -0.1746, 0.8411 -4.6285 -0.0192, 0.8411 -5.2534 -0.0192, 1.0864 -4.5737 0.1224, 1.0864 -5.3082 0.1224, 1.3155 -4.5366 0.2547, 1.3155 -5.3453 0.2547, 1.5345 -4.5151 0.3812, 1.5345 -5.3668 0.3812, 1.9713 -5.3668 0.6334, 1.9713 -4.5151 0.6334, 2.1904 -4.5366 0.7598, 2.1904 -5.3453 0.7598, 2.4195 -4.5737 0.8921, 2.4195 -5.3082 0.8921, 2.6647 -4.6285 1.0337, 2.6647 -5.2534 1.0337, -0.8277 -4.5151 0.6334, -1.0467 -5.3453 0.7598, -1.0467 -4.5366 0.7598, -1.2758 -5.3082 0.8921, -1.2758 -4.5737 0.8921, -1.5211 -5.2534 1.0337, -1.5211 -4.6285 1.0337, -1.7904 -5.1772 1.1892, -1.7904 -4.7047 1.1892, 0.3025 -4.6285 -0.0192, 0.3025 -5.2534 -0.0192, 0.0573 -4.5737 0.1224, -0.1718 -4.5366 0.2547, 0.0573 -5.3082 0.1224, -0.1718 -5.3453 0.2547, -0.3909 -4.5151 0.3812, -0.3909 -5.3668 0.3812, -0.8277 -5.3668 0.6334, -1.7904 -4.5151 2.8052, -1.7904 -5.3453 3.0581, -1.7904 -4.5366 3.0581, -1.7904 -5.3082 3.3227, -1.7904 -4.5737 3.3227, -1.7904 -5.2534 3.6059, -1.7904 -4.6285 3.6059, -1.7904 -5.1772 3.9168, -1.7904 -4.7047 3.9168, -1.7904 -4.6285 1.5001, -1.7904 -5.2534 1.5001, -1.7904 -4.5737 1.7833, -1.7904 -4.5366 2.0479, -1.7904 -5.3082 1.7833, -1.7904 -5.3453 2.0479, -1.7904 -4.5151 2.3008, -1.7904 -5.3668 2.3008, -1.7904 -5.3668 2.8052, -1.5211 -4.6285 4.0723, -1.5211 -5.2534 4.0723, -1.2758 -4.5737 4.2139, -1.0467 -4.5366 4.3462, -1.2758 -5.3082 4.2139, -1.0467 -5.3453 4.3462, -0.8277 -4.5151 4.4726, -0.8277 -5.3668 4.4726, -0.3909 -4.5151 4.7248, -0.3909 -5.3668 4.7248, -0.1718 -5.3453 4.8513, -0.1718 -4.5366 4.8513, 0.0573 -5.3082 4.9836, 0.0573 -4.5737 4.9836, 0.3025 -5.2534 5.1252, 0.3025 -4.6285 5.1252, 1.0796 -4.8458 4.2085, 1.0596 -4.8464 4.2143, 1.0596 -4.7795 4.2142, 0.4168 -4.5517 4.2783, 0.3254 -4.5546 4.2671, 0.1743 -4.5594 4.2391, 0.0839 -4.5623 4.2146, -0.5434 -4.5822 3.8786, -0.5622 -4.5829 3.8617, -0.8588 -4.5962 3.5298, -0.8847 -4.5977 3.4891, -1.1603 -4.625 2.559, -1.1605 -4.6252 2.553, -1.1455 -4.619 2.7799, -1.1503 -4.6203 2.732, -1.1505 -4.6203 2.7303, -1.1567 -4.622 2.6671, -1.1242 -4.6157 2.9038, -1.1015 -4.6131 3.0011, -1.1271 -4.6161 2.8912, -1.1423 -4.6185 2.7994, -1.0687 -4.6101 3.1093, -1.0797 -4.6111 3.073, -1.0895 -4.612 3.0408, -1.0031 -4.6051 3.2722, -1.0185 -4.6062 3.2392, -1.0215 -4.6064 3.2329, -1.0628 -4.6096 3.1265, -0.9193 -4.5997 3.4346, -0.9391 -4.6009 3.3987, -0.9736 -4.6031 3.3357, -0.7367 -4.5901 3.6868, -0.7367 -4.5901 3.6868, -0.7807 -4.5921 3.6353, -0.792 -4.5927 3.621, -0.8446 -4.5955 3.5492, -0.6167 -4.5849 3.8127, -0.6274 -4.5853 3.8031, -0.7065 -4.5886 3.722, -0.4548 -4.5793 3.9483, -0.486 -4.5803 3.9238, -0.1901 -4.571 4.1077, -0.2473 -4.5727 4.0794, -0.346 -4.5758 4.0221, -0.3616 -4.5763 4.0123, -0.3647 -4.5764 4.0102, -0.3443 -4.5757 4.0232, -0.0415 -4.5663 4.1731, -0.1457 -4.5696 4.1297, -0.1478 -4.5696 4.1287, 0.071 -4.5627 4.2111, 0.0652 -4.5629 4.2095, -0.0271 -4.5659 4.178, 0.3043 -4.5553 4.2645, 0.2437 -4.5572 4.253, 0.1922 -4.5589 4.2432, 0.5922 -4.5465 4.2843, 0.5718 -4.5471 4.2844, 0.5294 -4.5483 4.2848, 0.4182 -4.5517 4.2784, 0.8182 -4.5404 4.2668, 0.7732 -4.5416 4.2735, 0.7632 -4.5418 4.2746, 0.7549 -4.542 4.2756, 0.6422 -4.5451 4.2839, 1.1053 -4.5326 4.2011, 1.0596 -4.5339 4.2143, 1.0391 -4.5345 4.2202, 0.9968 -4.5356 4.2323, 0.9331 -4.5373 4.2463, 0.8861 -4.5386 4.2565, 1.207 -4.5296 4.1645, 1.2114 -4.5295 4.1629, 1.4324 -4.5223 4.0564, 1.3687 -4.5245 4.0901, 1.3315 -4.5257 4.1098, 1.315 -4.5263 4.1178, 1.2912 -4.527 4.1281, 1.7062 -4.5119 3.8621, 1.6649 -4.5136 3.8956, 1.5289 -4.5188 3.9969, 1.5227 -4.519 4.0007, 1.508 -4.5196 4.0098, 1.6209 -4.5153 3.9315, 1.7912 -4.5085 3.7834, 1.8035 -4.508 3.7711, 1.7867 -4.5086 3.7876, 1.7083 -4.5118 3.8603, 1.881 -4.8173 3.6874, 1.8247 -4.8196 3.7482, 1.8035 -4.7551 3.7711, 1.8041 -4.8204 3.7705, 1.7816 -4.756 3.7918, 1.7912 -4.821 3.7834, 1.7206 -4.7583 3.8495, 1.7083 -4.8243 3.8603, 1.7059 -4.7589 3.8618, 1.7062 -4.8244 3.8621, 1.6598 -4.7605 3.9, 1.6987 -4.8247 3.8682, 1.6334 -4.7614 3.9219, 1.6209 -4.8278 3.9315, 1.542 -4.7643 3.9881, 1.5588 -4.8302 3.9756, 1.5168 -4.7651 4.004, 1.5289 -4.8313 3.9969, 1.5079 -4.7654 4.0096, 1.508 -4.8321 4.0098, 1.4324 -4.8348 4.0564, 1.4465 -4.7673 4.0482, 1.4077 -4.8356 4.0694, 1.3629 -4.7699 4.0936, 1.3315 -4.8382 4.1098, 1.0806 -4.8458 4.2082, 1.1053 -4.8451 4.2011, 1.1203 -4.7775 4.1962, 1.2114 -4.842 4.1629, 1.2006 -4.775 4.1664, 1.2475 -4.8409 4.1472, 1.2266 -4.7742 4.1568, 1.2912 -4.8395 4.1281, 1.2911 -4.7722 4.1279, 1.315 -4.8388 4.1178, 1.3308 -4.7709 4.1102, 1.3472 -4.7704 4.1021, 0.7654 -4.7889 4.2742, 0.7725 -4.7886 4.2736, 0.7732 -4.8541 4.2735, 0.7906 -4.7881 4.2714, 0.8182 -4.8529 4.2668, 0.8182 -4.7872 4.267, 0.8861 -4.8511 4.2565, 0.9022 -4.7845 4.2535, 0.9101 -4.8504 4.2513, 0.9353 -4.7834 4.2459, 0.9968 -4.8481 4.2323, 1.0121 -4.781 4.2284, 1.0327 -4.7803 4.2223, 0.7549 -4.8545 4.2756, 0.7403 -4.8549 4.2767, 0.6587 -4.7922 4.2831, 0.6422 -4.8576 4.2839, 0.5944 -4.794 4.2842, 0.5718 -4.8596 4.2844, 0.5718 -4.7947 4.2846, 0.5688 -4.8597 4.2844, 0.5454 -4.7955 4.2851, 0.5294 -4.8608 4.2848, 0.4327 -4.7986 4.2797, 0.4168 -4.8642 4.2783, 0.4205 -4.7989 4.2783, 0.3947 -4.8649 4.2756, 0.3253 -4.8014 4.2675, 0.3254 -4.8671 4.2671, 0.3206 -4.8015 4.267, 0.3043 -4.8678 4.2645, 0.2459 -4.8035 4.2535, 0.2201 -4.8705 4.2485, 0.2094 -4.8045 4.2469, 0.1914 -4.805 4.243, 0.1922 -4.8714 4.2432, 0.1743 -4.8719 4.2391, 0.0838 -4.8079 4.215, 0.0839 -4.8748 4.2146, 0.0809 -4.808 4.2143, 0.0652 -4.8754 4.2095, 0.0732 -4.8082 4.2117, 0.0488 -4.8759 4.2039, -0.0267 -4.811 4.1786, -0.0415 -4.8788 4.1731, -0.028 -4.8111 4.1781, -0.1313 -4.8142 4.1362, -0.1179 -4.8812 4.1413, -0.1457 -4.8821 4.1297, -0.1476 -4.8148 4.1283, -0.1478 -4.8821 4.1287, -0.1908 -4.8162 4.1074, -0.2328 -4.8175 4.0871, -0.3644 -4.8222 4.0098, -0.3467 -4.8215 4.0217, -0.3616 -4.8888 4.0123, -0.346 -4.8883 4.0221, -0.2473 -4.8852 4.0794, -0.2761 -4.8861 4.0627, -0.3312 -4.821 4.0313, -0.3449 -4.8215 4.0228, -0.3647 -4.8889 4.0102, -0.4236 -4.8908 3.9697, -0.4415 -4.8251 3.958, -0.4548 -4.8918 3.9483, -0.4865 -4.8269 3.9232, -0.5311 -4.8286 3.8888, -0.5434 -4.8947 3.8786, -0.5592 -4.8953 3.8644, -0.562 -4.8299 3.8615, -0.5622 -4.8954 3.8617, -0.6158 -4.832 3.8141, -0.6274 -4.8978 3.8031, -0.6175 -4.8321 3.8124, -0.6835 -4.9002 3.7456, -0.6953 -4.8353 3.7342, -0.7812 -4.8388 3.6348, -0.7807 -4.9046 3.6353, -0.792 -4.9052 3.621, -0.8453 -4.8416 3.5489, -0.826 -4.907 3.5747, -0.8495 -4.8418 3.5433, -0.8588 -4.9087 3.5298, -0.8847 -4.8435 3.489, -0.7065 -4.9011 3.722, -0.7155 -4.9016 3.7115, -0.7367 -4.837 3.6868, -0.7367 -4.9026 3.6868, -0.7372 -4.837 3.6862, -0.7696 -4.8383 3.649, -0.8847 -4.9102 3.4891, -0.9193 -4.9122 3.4346, -0.9112 -4.8448 3.4482, -0.9238 -4.9125 3.4265, -0.9394 -4.8464 3.398, -0.9664 -4.8479 3.3497, -0.9736 -4.9156 3.3357, -1.0033 -4.8503 3.2723, -1.0628 -4.9221 3.1265, -1.0631 -4.8549 3.1257, -1.0569 -4.8543 3.143, -1.0215 -4.9189 3.2329, -1.0031 -4.9176 3.2722, -1.0052 -4.9178 3.2679, -1.015 -4.851 3.248, -1.0187 -4.8513 3.2385, -1.0687 -4.9226 3.1093, -1.0706 -4.9228 3.1031, -1.0798 -4.8566 3.0723, -1.0895 -4.9245 3.0408, -1.0897 -4.8576 3.0408, -1.0972 -4.8583 3.0168, -1.1015 -4.9256 3.0011, -1.124 -4.8619 2.9067, -1.1173 -4.9274 2.9334, -1.1246 -4.862 2.9032, -1.1271 -4.9286 2.8912, -1.1427 -4.8653 2.7995, -1.1378 -4.9303 2.8267, -1.1423 -4.931 2.7994, -1.1434 -4.8654 2.7955, -1.1455 -4.9315 2.7799, -1.1556 -4.869 2.6834, -1.1505 -4.8675 2.7305, -1.1504 -4.8675 2.7313, -1.1605 -4.8729 2.553, -1.1604 -4.8727 2.5593, -1.1605 -4.9377 2.553, -1.1604 -4.8723 2.5705, -1.1571 -4.9348 2.6565, -1.1567 -4.9345 2.6671, 1.8816 -4.8173 3.6867, 1.9373 -4.8149 3.6179, 2.0286 -4.8107 3.4893, 2.0181 -4.8113 3.5064, 1.953 -4.8143 3.5986, 2.1831 -4.8014 3.1889, 2.147 -4.804 3.2724, 2.1378 -4.8047 3.2937, 2.1298 -4.8052 3.3103, 2.1229 -4.8056 3.3233, 2.0771 -4.8083 3.4103, 2.0366 -4.8103 3.4763, 2.2331 -4.7967 3.0408, 2.2213 -4.798 3.0822, 2.1933 -4.8005 3.1604, 2.283 -4.7895 2.8168, 2.2761 -4.791 2.8634, 2.2522 -4.7945 2.9737, 2.2474 -4.7951 2.9906, 2.2929 -4.7874 2.7493, 2.2927 -4.7875 2.7516, 2.2856 -4.789 2.7994, 2.3041 -4.7814 2.553, 2.3037 -4.7821 2.5754, 2.3028 -4.7834 2.6206, 2.2947 -4.7869 2.7334, 1.4318 -4.9166 4.2126, 1.3665 -4.9186 4.2458, -0.7936 -5.2837 1.4869, -0.8185 -5.2826 1.521, -0.9294 -5.3622 1.4387, 1.9012 -5.3721 1.4438, 1.8806 -5.3712 1.419, 1.8673 -5.3705 1.403, 1.7894 -5.3672 1.3208, 1.7835 -5.367 1.3153, 1.7065 -5.3641 1.2441, 1.7062 -5.3641 1.2438, 1.6546 -5.3623 1.2019, 1.619 -5.3611 1.1731, 1.5152 -5.3578 1.1002, 1.5267 -5.3581 1.1077, 1.5114 -5.3577 1.0977, 1.5083 -5.3576 1.0958, 1.4135 -5.3546 1.039, 1.363 -5.3531 1.013, 1.3127 -5.3515 0.9872, 1.2912 -5.3509 0.9778, 1.2092 -5.3483 0.9422, 1.2008 -5.348 0.9392, 1.103 -5.3449 0.9042, 1.0596 -5.3436 0.8917, 1.0314 -5.3427 0.8837, 0.9944 -5.3415 0.873, 0.9766 -5.3409 0.8687, 0.8648 -5.3373 0.8457, 0.8581 -5.3371 0.8447, 0.8182 -5.3358 0.8392, 0.7526 -5.3338 0.8302, 0.6833 -5.3316 0.8252, 0.64 -5.3303 0.8221, 0.5718 -5.3283 0.8216, 0.5273 -5.327 0.8213, 0.5099 -5.3266 0.8223, 0.4144 -5.324 0.8279, 0.3961 -5.3235 0.8296, 0.3594 -5.3225 0.8346, 0.3254 -5.3216 0.8392, 0.283 -5.3205 0.845, 0.1891 -5.318 0.864, 0.1719 -5.3176 0.8675, 0.0839 -5.3151 0.8914, 0.063 -5.3146 0.8971, 0.0204 -5.3133 0.9118, -0.0437 -5.3115 0.9337, -0.145 -5.3084 0.9761, -0.1478 -5.3083 0.9773, -0.148 -5.3083 0.9773, -0.1646 -5.3077 0.9851, -0.2663 -5.3043 1.037, -0.3028 -5.303 1.0587, -0.3636 -5.3009 1.095, -0.3647 -5.3008 1.0957, -0.4517 -5.2975 1.1556, -0.4566 -5.2974 1.159, -0.5451 -5.2939 1.2289, -0.5622 -5.2932 1.2443, -0.6787 -5.3718 1.1636, -0.5865 -5.2922 1.2661, -0.7079 -5.3707 1.1893, -0.6291 -5.2905 1.3045, -0.6422 -5.2899 1.3173, -0.7844 -5.3678 1.2658, -0.7097 -5.2872 1.3881, -0.7369 -5.2861 1.419, -0.8688 -5.3646 1.3605, -0.721 -5.2867 1.3999, -0.8115 -5.3668 1.2956, -0.7912 -5.3675 1.2726, -1.1224 -5.3528 1.7627, -1.0807 -5.3552 1.6775, -0.9747 -5.2747 1.7726, -1.0631 -5.3561 1.6467, -0.9205 -5.2777 1.6734, -1.0334 -5.3576 1.5947, -0.9153 -5.278 1.6652, -1.0219 -5.3582 1.5745, -0.8847 -5.2795 1.6169, -1.0067 -5.3589 1.5502, -0.8601 -5.2807 1.5781, -0.9406 -5.3617 1.4531, -0.9361 -5.3619 1.4472, -0.9829 -5.2741 1.7891, -0.9974 -5.2731 1.8211, -1.1325 -5.3522 1.7832, -1.0031 -5.2727 1.8338, -1.1644 -5.35 1.8602, -1.0299 -5.2709 1.8931, -1.1774 -5.3491 1.8916, -1.0645 -5.268 1.9857, -1.1942 -5.3476 1.9407, -1.0696 -5.2675 1.9993, -1.2154 -5.3458 2.0024, -1.0895 -5.2654 2.0652, -1.2293 -5.3443 2.0534, -1.097 -5.2647 2.0901, -1.238 -5.3433 2.0849, -1.1022 -5.2641 2.1074, -1.2464 -5.3424 2.1157, -1.2529 -5.3416 2.1436, -1.1276 -5.2606 2.2172, -1.2714 -5.3387 2.2403, -1.1352 -5.2591 2.2634, -1.2751 -5.3381 2.2594, -1.1423 -5.2577 2.3066, -1.2824 -5.3364 2.3171, -1.1459 -5.257 2.3288, -1.1482 -5.2564 2.3469, -1.2899 -5.3347 2.3759, -1.1561 -5.2536 2.438, -1.2932 -5.3332 2.4289, -1.158 -5.2529 2.4596, -1.2973 -5.3314 2.4931, -1.1605 -5.2502 2.553, -1.2983 -5.3297 2.553, -1.2963 -5.3281 2.6161, -1.1585 -5.2486 2.6114, -1.2945 -5.3267 2.6715, -1.1567 -5.247 2.6671, -1.2833 -5.3238 2.7887, -1.1455 -5.244 2.7799, -1.2815 -5.3235 2.8003, -1.1452 -5.2439 2.7822, -1.2804 -5.3234 2.8076, -1.1423 -5.2435 2.7994, -1.2649 -5.321 2.9046, -1.1271 -5.2411 2.8912, -1.2472 -5.3191 2.9838, -1.113 -5.2394 2.952, -1.2393 -5.3182 3.0189, -1.1015 -5.2381 3.0011, -1.2281 -5.3172 3.0573, -1.0895 -5.237 3.0408, -1.2209 -5.3166 3.0821, -1.0888 -5.2369 3.0431, -1.2065 -5.3153 3.1317, -1.0687 -5.2351 3.1093, -1.1974 -5.3146 3.1589, -1.0628 -5.2346 3.1265, -1.1581 -5.3117 3.2628, -1.0302 -5.2321 3.2104, -1.1554 -5.3115 3.2698, -1.0215 -5.2314 3.2329, -1.1428 -5.3107 3.2977, -1.0031 -5.2301 3.2722, -1.1069 -5.3084 3.3771, -0.9736 -5.2281 3.3357, -1.0755 -5.3065 3.4364, -0.9541 -5.2269 3.3713, -1.0519 -5.3051 3.4807, -0.9193 -5.2247 3.4346, -1.0253 -5.3037 3.5242, -0.9906 -5.3018 3.5806, -0.8847 -5.2227 3.4891, -0.9763 -5.301 3.6009, -0.8625 -5.2214 3.5239, -0.8588 -5.2212 3.5298, -0.9231 -5.2984 3.6766, -0.792 -5.2177 3.621, -0.9057 -5.2975 3.6994, -0.8782 -5.2963 3.7326, -0.7807 -5.2171 3.6353, -0.8613 -5.2955 3.753, -0.7557 -5.2159 3.6645, -0.7367 -5.2151 3.6868, -0.83 -5.2941 3.7907, -0.7065 -5.2136 3.722, -0.7493 -5.2909 3.8765, -0.6375 -5.2108 3.7927, -0.7337 -5.2903 3.8912, -0.6274 -5.2103 3.8031, -0.704 -5.2893 3.9191, -0.6638 -5.2879 3.9568, -0.5695 -5.2082 3.8551, -0.6608 -5.2878 3.9592, -0.5622 -5.2079 3.8617, -0.5434 -5.2072 3.8786, -0.5734 -5.285 4.0314, -0.4548 -5.2043 3.9483, -0.5148 -5.2832 4.0739, -0.4348 -5.2036 3.962, -0.5062 -5.283 4.0802, -0.4785 -5.2821 4.1003, -0.3647 -5.2014 4.0102, -0.4428 -5.2811 4.1239, -0.3616 -5.2013 4.0123, -0.346 -5.2008 4.0221, -0.3567 -5.2786 4.1757, -0.2881 -5.199 4.0558, -0.3411 -5.2782 4.1851, -0.2473 -5.1977 4.0794, -0.2881 -5.2767 4.2126, -0.2366 -5.2752 4.2393, -0.1478 -5.1946 4.1287, -0.1865 -5.2738 4.2614, -0.1457 -5.1946 4.1297, -0.1308 -5.1941 4.1359, -0.1292 -5.2721 4.2867, -0.0415 -5.1913 4.1731, -0.0542 -5.2699 4.3144, -0.0193 -5.2689 4.3272, 0.0354 -5.1889 4.1994, -0.0074 -5.2685 4.3308, 0.0652 -5.1879 4.2095, 0.0931 -5.2655 4.3608, 0.0839 -5.1873 4.2146, 0.1346 -5.2643 4.3712, 0.1743 -5.1844 4.2391, 0.1783 -5.263 4.3803, 0.1922 -5.1839 4.2432, 0.2072 -5.1834 4.246, 0.1915 -5.2626 4.383, 0.2507 -5.2608 4.3953, 0.3043 -5.1803 4.2645, 0.3069 -5.2592 4.4033, 0.3254 -5.1796 4.2671, 0.3263 -5.1796 4.2672, 0.3673 -5.2574 4.4119, 0.4168 -5.1767 4.2783, 0.4443 -5.2552 4.4179, 0.4842 -5.254 4.421, 0.5007 -5.1742 4.2831, 0.495 -5.2537 4.4212, 0.5294 -5.1733 4.2848, 0.6014 -5.2508 4.4228, 0.5718 -5.1721 4.2844, 0.6816 -5.2488 4.4191, 0.6422 -5.1701 4.2839, 0.6734 -5.1692 4.2816, 0.6994 -5.2483 4.4182, 0.7186 -5.2479 4.4173, 0.7549 -5.167 4.2756, 0.7612 -5.2468 4.4135, 0.7732 -5.1666 4.2735, 0.8182 -5.1654 4.2668, 0.8655 -5.2443 4.3995, 0.8438 -5.1647 4.2629, 0.8788 -5.244 4.3977, 0.8861 -5.1636 4.2565, 0.9521 -5.2422 4.3831, 0.9943 -5.2412 4.3747, 0.9968 -5.1606 4.2323, 1.0488 -5.2398 4.3603, 1.0137 -5.1602 4.2275, 1.0596 -5.1589 4.2143, 1.1077 -5.2383 4.3447, 1.1053 -5.1576 4.2011, 1.1979 -5.2359 4.3146, 1.1816 -5.1554 4.1736, 1.2977 -5.2331 4.2757, 1.2302 -5.235 4.303, 1.2188 -5.2354 4.3076, 1.2114 -5.1545 4.1629, 1.2441 -5.1535 4.1486, 1.3276 -5.2323 4.2635, 1.2912 -5.152 4.1281, 1.3665 -5.2311 4.2458, 1.315 -5.1513 4.1178, 1.3315 -5.1507 4.1098, 1.4318 -5.2291 4.2126, 1.4046 -5.1482 4.0711, 1.4713 -5.2279 4.1925, 1.4723 -5.2279 4.192, 1.4324 -5.1473 4.0564, 1.5737 -5.2245 4.1321, 1.508 -5.1446 4.0098, 1.6342 -5.2224 4.0909, 1.5289 -5.1438 3.9969, 1.556 -5.1428 3.9776, 1.6499 -5.2219 4.0803, 1.6209 -5.1403 3.9315, 1.6707 -5.2211 4.0662, 1.7633 -5.2177 3.9944, 1.696 -5.1373 3.8704, 1.7853 -5.2169 3.975, 1.7062 -5.1369 3.8621, 1.7083 -5.1368 3.8603, 1.8482 -5.2146 3.9196, 1.7912 -5.1335 3.7834, 1.8513 -5.2144 3.9168, 1.8041 -5.1329 3.7705, 1.9218 -5.2118 3.8458, 1.8821 -5.2133 3.8872, 1.8224 -5.1322 3.7507, 1.881 -5.1298 3.6874, 1.9641 -5.2102 3.8015, 1.8816 -5.1298 3.6867, 2.0219 -5.208 3.7328, 1.9348 -5.1275 3.621, 2.0399 -5.2073 3.7113, 2.0437 -5.2071 3.7063, 1.953 -5.1268 3.5986, 2.1097 -5.2044 3.617, 2.0181 -5.1238 3.5064, 2.1521 -5.2025 3.5515, 2.0286 -5.1232 3.4893, 2.0356 -5.1229 3.4779, 2.1695 -5.2017 3.5246, 2.0771 -5.1208 3.4103, 2.25 -5.1976 3.3781, 2.2457 -5.1978 3.3866, 2.122 -5.1181 3.325, 2.2307 -5.1986 3.4163, 2.1733 -5.2016 3.5186, 2.1298 -5.1177 3.3103, 2.1378 -5.1172 3.2937, 2.2864 -5.1952 3.2977, 2.147 -5.1165 3.2724, 2.299 -5.1944 3.27, 2.1831 -5.1139 3.1889, 2.3215 -5.1927 3.2107, 2.1927 -5.1131 3.1623, 2.3407 -5.1912 3.1598, 2.2213 -5.1105 3.0822, 2.3723 -5.1882 3.0575, 2.2331 -5.1092 3.0408, 2.3753 -5.1879 3.0477, 2.2469 -5.1077 2.9925, 2.3801 -5.1873 3.0275, 2.2522 -5.107 2.9737, 2.4027 -5.1845 2.9338, 2.2761 -5.1035 2.8634, 2.4192 -5.1817 2.8399, 2.2827 -5.1021 2.8188, 2.423 -5.181 2.8182, 2.2856 -5.1015 2.7994, 2.4244 -5.1807 2.8076, 2.4286 -5.1798 2.7759, 2.2927 -5.1 2.7516, 2.2947 -5.0994 2.7334, 2.4389 -5.1764 2.6588, 2.3009 -5.0967 2.6462, 2.439 -5.1763 2.6536, 2.3028 -5.0959 2.6206, 2.4419 -5.1735 2.553, 2.3041 -5.0939 2.553, 2.4392 -5.1713 2.4667, 2.3015 -5.0917 2.4731, 2.4381 -5.1704 2.4345, 2.3003 -5.0908 2.4389, 2.427 -5.1676 2.3173, 2.2892 -5.0878 2.3261, 2.424 -5.1671 2.2984, 2.2859 -5.0872 2.3066, 2.4215 -5.1667 2.2826, 2.2853 -5.0871 2.3025, 2.4085 -5.1648 2.2014, 2.2708 -5.0848 2.2148, 2.3856 -5.1622 2.099, 2.2516 -5.0826 2.1325, 2.3829 -5.162 2.0871, 2.2451 -5.0819 2.1049, 2.3717 -5.161 2.0487, 2.2331 -5.0808 2.0652, 2.3501 -5.1591 1.9743, 2.2124 -5.0788 1.9967, 2.341 -5.1583 1.9471, 2.3298 -5.1575 1.9174, 2.2064 -5.0783 1.9795, 2.2005 -5.0779 1.9642, 2.2991 -5.1553 1.8362, 2.1651 -5.0751 1.8731, 2.2864 -5.1545 1.8083, 2.1468 -5.0739 1.8338, 2.2558 -5.1525 1.7405, 2.1313 -5.0728 1.8005, 2.2505 -5.1521 1.7289, 2.1172 -5.0718 1.7703, 2.1956 -5.1489 1.6253, 2.063 -5.0684 1.6714, 2.1785 -5.1479 1.5974, 2.0605 -5.0683 1.6676, 2.1689 -5.1474 1.5818, 2.0283 -5.0664 1.6169, 2.1343 -5.1455 1.5254, 2.0024 -5.065 1.5762, 2.0726 -5.1424 1.4378, 1.9615 -5.0628 1.5203, 2.0667 -5.1421 1.4294, 1.9357 -5.0614 1.485, 1.8502 -5.0574 1.384, 1.893 -5.1346 1.2295, 1.8504 -5.0574 1.3842, 1.9515 -5.137 1.2917, 1.8803 -5.0588 1.4192, 1.9737 -5.1379 1.3153, 1.9244 -5.0609 1.4707, 2.0218 -5.14 1.3734, 2.0493 -5.1413 1.4066, 1.771 -5.0541 1.3029, 1.8188 -5.132 1.16, 1.8476 -5.133 1.1869, 1.7266 -5.0525 1.263, 1.7058 -5.0517 1.2443, 1.8074 -5.1316 1.1492, 1.687 -5.051 1.2274, 1.7171 -5.1287 1.0746, 1.5984 -5.048 1.1577, 1.6744 -5.1275 1.0437, 1.5936 -5.0479 1.1544, 1.6498 -5.1267 1.0258, 1.6221 -5.1259 1.0057, 1.5083 -5.0451 1.0958, 1.5864 -5.1249 0.9821, 1.5052 -5.045 1.0937, 1.4897 -5.0445 1.0839, 1.5176 -5.1229 0.9407, 1.4478 -5.0432 1.0596, 1.4847 -5.1219 0.9209, 1.3909 -5.0415 1.0266, 1.4317 -5.1204 0.8934, 1.4044 -5.1196 0.8792, 1.3429 -5.04 1.0028, 1.2914 -5.0384 0.9773, 1.3802 -5.119 0.8667, 1.2893 -5.0383 0.9763, 1.2729 -5.1159 0.8193, 1.1851 -5.0351 0.9329, 1.2284 -5.1145 0.8029, 1.1803 -5.0349 0.9313, 1.1978 -5.1137 0.7916, 1.0784 -5.0317 0.8965, 1.1629 -5.1126 0.7788, 1.0505 -5.1093 0.7452, 1.0597 -5.0311 0.8914, 1.0453 -5.1091 0.7439, 1.0102 -5.0295 0.878, 1.0091 -5.108 0.7348, 0.9693 -5.0282 0.8669, 0.9521 -5.1063 0.723, 0.9515 -5.0276 0.8628, 0.8929 -5.1046 0.7107, 0.8393 -5.024 0.8415, 0.8576 -5.1035 0.7057, 0.8367 -5.0239 0.8412, 0.8183 -5.0233 0.8389, 0.7763 -5.1011 0.6941, 0.7269 -5.0205 0.8277, 0.5014 -5.0138 0.8221, 0.4823 -5.0931 0.686, 0.5718 -5.0158 0.8216, 0.5423 -5.0946 0.6832, 0.6142 -5.017 0.8212, 0.6594 -5.0978 0.685, 0.6619 -5.0185 0.824, 0.6691 -5.098 0.6857, 0.6994 -5.0989 0.6881, 0.4888 -5.0135 0.8231, 0.4649 -5.0128 0.8248, 0.4563 -5.0924 0.6872, 0.4442 -5.0921 0.6878, 0.425 -5.0916 0.6887, 0.3887 -5.0108 0.8304, 0.3824 -5.0906 0.6925, 0.3704 -5.0103 0.8325, 0.3254 -5.0091 0.8392, 0.2715 -5.0879 0.7074, 0.2937 -5.0083 0.844, 0.2648 -5.0877 0.7083, 0.2575 -5.0073 0.8495, 0.1915 -5.0859 0.7229, 0.1493 -5.0849 0.7313, 0.1468 -5.0044 0.8737, 0.0882 -5.0834 0.7475, 0.1238 -5.0037 0.8803, 0.084 -5.0026 0.8917, 0.0359 -5.0821 0.7613, 0.0384 -5.0014 0.9049, -0.0543 -5.0797 0.7914, -0.044 -4.999 0.9345, -0.0752 -5.0791 0.7984, -0.093 -5.0786 0.8056, -0.0677 -4.9983 0.9431, -0.184 -5.076 0.8425, -0.1475 -4.9958 0.9779, -0.2229 -5.0749 0.8602, -0.1714 -4.995 0.9882, -0.2685 -5.0735 0.8834, -0.1879 -4.9945 0.9962, -0.2067 -4.9938 1.0062, -0.2881 -5.0729 0.8934, -0.2888 -4.9911 1.0496, -0.3287 -5.0716 0.914, -0.43 -5.0683 0.9739, -0.3615 -4.9884 1.0944, -0.436 -5.0681 0.978, -0.3644 -4.9883 1.0962, -0.3853 -4.9876 1.1091, -0.5063 -5.0656 1.0257, -0.5271 -5.0649 1.0398, -0.4773 -4.9841 1.1745, -0.5795 -5.063 1.0805, -0.4948 -4.9834 1.1888, -0.5625 -4.9807 1.2439, -0.6197 -5.0615 1.1116, -0.5647 -4.9806 1.2457, -0.7045 -5.0583 1.1864, -0.6271 -4.978 1.3035, -0.7385 -5.057 1.2187, -0.7228 -5.0576 1.2037, -0.7077 -5.0582 1.1892, -0.6475 -4.9772 1.3226, -0.6605 -4.9767 1.3355, -0.8205 -5.0539 1.3045, -0.7373 -4.9735 1.4186, -0.8501 -5.0528 1.3397, -0.738 -4.9735 1.4193, -0.7457 -4.9732 1.4288, -0.8783 -5.0517 1.3732, -0.8093 -4.9705 1.5074, -0.8963 -5.051 1.3947, -0.9639 -5.0483 1.4861, -0.8501 -4.9686 1.5651, -0.9661 -5.0482 1.489, -0.8745 -4.9675 1.5996, -1.0258 -5.0455 1.5814, -0.885 -4.967 1.6167, -1.0297 -5.0453 1.5874, -0.9335 -4.9645 1.6957, -1.0628 -5.0436 1.6465, -0.9426 -4.964 1.7131, -1.0871 -5.0424 1.6897, -0.9862 -4.9614 1.7957, -1.1064 -5.0413 1.7279, -1.02 -4.9591 1.8721, -1.1428 -5.039 1.8083, -1.0034 -4.9603 1.8336, -0.9941 -4.9609 1.8123, -1.1974 -5.0021 3.1589, -1.2014 -5.0024 3.1469, -1.2065 -5.0028 3.1317, -1.2281 -5.0047 3.0573, -1.2393 -5.0057 3.0189, -1.2517 -5.0071 2.9637, -1.2649 -5.0085 2.9046, -1.2738 -5.0099 2.8485, -1.2804 -5.0109 2.8076, -1.2833 -5.0113 2.7887, -1.2945 -5.0142 2.6715, -1.2947 -5.0144 2.6647, -1.2983 -5.0172 2.553, -1.1592 -4.9397 2.4854, -1.2961 -5.0193 2.4782, -1.159 -4.9397 2.4837, -1.2953 -5.0201 2.4472, -1.151 -4.9431 2.3726, -1.2849 -5.0235 2.3301, -1.149 -4.9437 2.3544, -1.2808 -5.0245 2.2984, -1.1423 -4.9451 2.3092, -1.2796 -5.0247 2.2897, -1.1419 -4.9452 2.3066, -1.2794 -5.0248 2.2878, -1.1324 -4.9473 2.2426, -1.2591 -5.0282 2.1722, -1.1092 -4.9507 2.135, -1.2422 -5.0303 2.102, -1.1086 -4.9508 2.1323, -1.2316 -5.0316 2.0583, -1.0895 -4.9529 2.0652, -1.2286 -5.0319 2.0485, -1.0777 -4.9543 2.0238, -1.1971 -5.035 1.9462, -1.0566 -4.9561 1.9648, -1.1864 -5.0358 1.918, -1.0395 -4.9576 1.9171, -1.1554 -5.0382 1.836, -1.1471 -5.0387 1.8177, -1.1554 -4.999 3.2698, -1.1428 -4.9982 3.2977, -1.1306 -4.9974 3.3248, -1.1069 -4.9959 3.3771, -1.0519 -4.9926 3.4807, -1.0427 -4.9921 3.4958, -1.0253 -4.9912 3.5242, -0.9906 -4.9893 3.5806, -0.9375 -4.9866 3.6562, -0.9231 -4.9859 3.6766, -0.9057 -4.985 3.6994, -0.8782 -4.9838 3.7326, -0.83 -4.9816 3.7907, -0.8179 -4.9811 3.8036, -0.7833 -4.9798 3.8405, -0.7493 -4.9784 3.8765, -0.704 -4.9768 3.9191, -0.6638 -4.9754 3.9568, -0.6492 -4.9749 3.9688, -0.5734 -4.9725 4.0314, -0.5062 -4.9705 4.0802, -0.5029 -4.9704 4.0826, -0.4785 -4.9696 4.1003, -0.4428 -4.9686 4.1239, -0.3439 -4.9658 4.1834, -0.3411 -4.9657 4.1851, -0.2881 -4.9642 4.2126, -0.2366 -4.9627 4.2393, -0.1727 -4.9609 4.2675, -0.1292 -4.9596 4.2867, -0.0542 -4.9574 4.3144, -0.0193 -4.9564 4.3272, 0.0072 -4.9556 4.3351, 0.0931 -4.953 4.3608, 0.1346 -4.9518 4.3712, 0.1915 -4.9501 4.383, 0.1922 -4.9501 4.3832, 0.2507 -4.9483 4.3953, 0.3673 -4.9449 4.4119, 0.3805 -4.9445 4.4129, 0.4443 -4.9427 4.4179, 0.4842 -4.9415 4.421, 0.5686 -4.9392 4.4223, 0.6014 -4.9383 4.4228, 0.7612 -4.9343 4.4135, 0.7537 -4.9345 4.4141, 0.7186 -4.9354 4.4173, 0.6994 -4.9358 4.4182, 0.8788 -4.9315 4.3977, 0.937 -4.93 4.3861, 0.9521 -4.9297 4.3831, 0.9943 -4.9287 4.3747, 1.1077 -4.9258 4.3447, 1.1201 -4.9255 4.3405, 1.1211 -4.9255 4.3402, 1.1979 -4.9234 4.3146, 1.2188 -4.9229 4.3076, 1.3013 -4.9205 4.2742, 1.3276 -4.9198 4.2635, 1.4723 -4.9154 4.192, 1.4745 -4.9153 4.1907, 1.5737 -4.912 4.1321, 1.6373 -4.9098 4.0888, 1.6499 -4.9094 4.0803, 1.6707 -4.9086 4.0662, 1.7633 -4.9052 3.9944, 1.7881 -4.9043 3.9725, 1.8482 -4.9021 3.9196, 1.8513 -4.9019 3.9168, 1.9243 -4.8992 3.8431, 1.8821 -4.9008 3.8872, 1.9641 -4.8977 3.8015, 2.0219 -4.8955 3.7328, 2.0399 -4.8948 3.7113, 2.0463 -4.8945 3.7028, 2.1097 -4.8919 3.617, 2.1532 -4.89 3.5498, 2.1695 -4.8892 3.5246, 2.25 -4.8851 3.3781, 2.2466 -4.8852 3.3848, 2.2307 -4.8861 3.4163, 2.1733 -4.8891 3.5186, 2.2864 -4.8827 3.2977, 2.299 -4.8819 3.27, 2.3222 -4.8801 3.2087, 2.3407 -4.8787 3.1598, 2.3723 -4.8757 3.0575, 2.3753 -4.8754 3.0477, 2.3806 -4.8747 3.0255, 2.4027 -4.872 2.9338, 2.4195 -4.8691 2.8379, 2.423 -4.8685 2.8182, 2.4244 -4.8682 2.8076, 2.4286 -4.8673 2.7759, 2.4295 -4.867 2.7649, 2.4389 -4.8639 2.6588, 2.4412 -4.8617 2.5772, 2.4419 -4.861 2.553, 2.4381 -4.8579 2.4345, 2.3003 -4.7783 2.4389, 2.4341 -4.8569 2.3917, 2.2968 -4.7773 2.4036, 2.427 -4.8551 2.3173, 2.2892 -4.7753 2.3261, 2.424 -4.8546 2.2984, 2.2859 -4.7747 2.3066, 2.4096 -4.8524 2.2082, 2.2739 -4.7728 2.2337, 2.4085 -4.8523 2.2014, 2.2708 -4.7723 2.2148, 2.3829 -4.8495 2.0871, 2.2451 -4.7694 2.1049, 2.3717 -4.8485 2.0487, 2.2331 -4.7683 2.0652, 2.3649 -4.8479 2.0252, 2.2328 -4.7682 2.0642, 2.3501 -4.8466 1.9743, 2.2124 -4.7663 1.9967, 2.341 -4.8458 1.9471, 2.2064 -4.7658 1.9795, 2.3024 -4.843 1.845, 2.1745 -4.7634 1.8973, 2.2991 -4.8428 1.8362, 2.1651 -4.7626 1.8731, 2.2864 -4.842 1.8083, 2.1468 -4.7614 1.8338, 2.2505 -4.8396 1.7289, 2.1172 -4.7593 1.7703, 2.2199 -4.8378 1.6711, 2.0985 -4.7582 1.7361, 2.1956 -4.8364 1.6253, 2.063 -4.7559 1.6714, 2.1689 -4.8349 1.5818, 2.1343 -4.833 1.5254, 2.0283 -4.7539 1.6169, 2.1209 -4.8323 1.5065, 2.007 -4.7527 1.5834, 2.0024 -4.7525 1.5762, 2.0667 -4.8296 1.4294, 1.9357 -4.7489 1.485, 2.0493 -4.8288 1.4066, 2.0218 -4.8275 1.3734, 1.9244 -4.7484 1.4707, 2.006 -4.8268 1.3543, 1.9004 -4.7472 1.4427, 1.8803 -4.7463 1.4192, 1.9737 -4.8254 1.3153, 1.8502 -4.7449 1.384, 1.893 -4.8221 1.2295, 1.7822 -4.7421 1.3144, 1.8785 -4.8216 1.2159, 1.771 -4.7416 1.3029, 1.8476 -4.8205 1.1869, 1.7058 -4.7392 1.2443, 1.8074 -4.8191 1.1492, 1.687 -4.7385 1.2274, 1.7395 -4.817 1.0932, 1.6534 -4.7374 1.201, 1.7171 -4.8162 1.0746, 1.5984 -4.7355 1.1577, 1.6498 -4.8142 1.0258, 1.6221 -4.8134 1.0057, 1.5281 -4.7333 1.1094, 1.6045 -4.8129 0.9941, 1.5083 -4.7326 1.0958, 1.5864 -4.8124 0.9821, 1.5052 -4.7325 1.0937, 1.4897 -4.732 1.0839, 1.4847 -4.8094 0.9209, 1.3909 -4.729 1.0266, 1.4413 -4.8082 0.8983, 1.3774 -4.7286 1.0199, 1.4317 -4.8079 0.8934, 1.2914 -4.7259 0.9773, 1.3802 -4.8065 0.8667, 1.2893 -4.7258 0.9763, 1.2729 -4.8034 0.8193, 1.2164 -4.7235 0.9459, 1.2679 -4.8032 0.8175, 1.1978 -4.8012 0.7916, 1.1851 -4.7226 0.9329, 1.1629 -4.8001 0.7788, 1.0784 -4.7192 0.8965, 1.0858 -4.7978 0.7558, 1.0597 -4.7186 0.8914, 1.0479 -4.7182 0.8882, 1.0505 -4.7968 0.7452, 0.9693 -4.7157 0.8669, 1.0091 -4.7955 0.7348, 0.9521 -4.7938 0.723, 0.9515 -4.7151 0.8628, 0.899 -4.7923 0.712, 0.8748 -4.7126 0.8482, 0.8929 -4.7921 0.7107, 0.8393 -4.7115 0.8415, 0.7763 -4.7886 0.6941, 0.8183 -4.7108 0.8389, 0.7103 -4.7867 0.689, 0.7269 -4.708 0.8277, 0.7002 -4.7072 0.8261, 0.6994 -4.7864 0.6881, 0.6142 -4.7045 0.8212, 0.6594 -4.7853 0.685, 0.5423 -4.7821 0.6832, 0.5718 -4.7033 0.8216, 0.5251 -4.7816 0.684, 0.5285 -4.7021 0.8219, 0.5014 -4.7013 0.8221, 0.3887 -4.6983 0.8304, 0.3704 -4.6978 0.8325, 0.3408 -4.7771 0.6981, 0.3824 -4.7781 0.6925, 0.425 -4.7791 0.6887, 0.4442 -4.7796 0.6878, 0.3578 -4.6975 0.8344, 0.3254 -4.6966 0.8392, 0.2648 -4.7752 0.7083, 0.2575 -4.6948 0.8495, 0.1915 -4.7734 0.7229, 0.1878 -4.693 0.8647, 0.1571 -4.7726 0.7297, 0.1493 -4.7724 0.7313, 0.1468 -4.6919 0.8737, 0.0359 -4.7696 0.7613, 0.084 -4.6901 0.8917, -0.025 -4.7679 0.7817, 0.0384 -4.6889 0.9049, 0.0189 -4.6883 0.9119, -0.0543 -4.7672 0.7914, -0.0677 -4.6858 0.9431, -0.2881 -4.7604 0.8934, -0.2229 -4.7624 0.8602, -0.1879 -4.682 0.9962, -0.1714 -4.6825 0.9882, -0.1475 -4.6833 0.9779, -0.2034 -4.763 0.8513, -0.1461 -4.6833 0.9772, -0.184 -4.7635 0.8425, -0.0752 -4.7666 0.7984, -0.3287 -4.7591 0.914, -0.2888 -4.6786 1.0496, -0.3738 -4.7576 0.9407, -0.3043 -4.678 1.0592, -0.43 -4.7558 0.9739, -0.3644 -4.6758 1.0962, -0.4641 -4.7546 0.9971, -0.3853 -4.6751 1.1091, -0.3881 -4.675 1.1112, -0.5063 -4.7531 1.0257, -0.4773 -4.6716 1.1745, -0.5271 -4.7524 1.0398, -0.6176 -4.7491 1.11, -0.5294 -4.6695 1.2169, -0.5625 -4.6682 1.2439, -0.6197 -4.749 1.1116, -0.5647 -4.6681 1.2457, -0.7045 -4.7458 1.1864, -0.6475 -4.6647 1.3226, -0.7077 -4.7457 1.1892, -0.6589 -4.6643 1.334, -0.7564 -4.7438 1.2374, -0.7385 -4.7445 1.2187, -0.6605 -4.6642 1.3355, -0.7373 -4.661 1.4186, -0.8205 -4.7414 1.3045, -0.738 -4.661 1.4193, -0.8783 -4.7392 1.3732, -0.773 -4.6595 1.4625, -0.8802 -4.7391 1.3755, -0.8963 -4.7385 1.3947, -0.8093 -4.658 1.5074, -0.9661 -4.7357 1.489, -0.8745 -4.655 1.5996, -0.9899 -4.7346 1.5258, -0.8754 -4.655 1.6011, -1.0258 -4.733 1.5814, -0.885 -4.6545 1.6167, -1.0297 -4.7328 1.5874, -0.9335 -4.652 1.6957, -1.0864 -4.7299 1.6885, -0.9634 -4.6503 1.7526, -1.0871 -4.7299 1.6897, -0.9862 -4.6489 1.7957, -1.1064 -4.7288 1.7279, -0.9941 -4.6484 1.8123, -1.0034 -4.6478 1.8336, -1.1428 -4.7265 1.8083, -1.0196 -4.6466 1.8711, -1.1466 -4.7262 1.8167, -1.1554 -4.7257 1.836, -1.0395 -4.6451 1.9171, -1.1971 -4.7225 1.9462, -1.0777 -4.6418 2.0238, -1.2128 -4.721 1.9972, -1.0817 -4.6413 2.038, -1.2286 -4.7194 2.0485, -1.0895 -4.6404 2.0652, -1.2316 -4.7191 2.0583, -1.1086 -4.6383 2.1323, -1.2591 -4.7157 2.1722, -1.1255 -4.6358 2.2104, -1.261 -4.7154 2.1831, -1.1324 -4.6348 2.2426, -1.2794 -4.7123 2.2878, -1.1419 -4.6327 2.3066, -1.2808 -4.712 2.2984, -1.2849 -4.711 2.3301, -1.149 -4.6312 2.3544, -1.2886 -4.7098 2.3716, -1.151 -4.6306 2.3726, -1.1519 -4.6303 2.385, -1.2953 -4.7077 2.4472, -1.1592 -4.6272 2.4854, -1.2983 -4.7047 2.553, -1.2981 -4.7046 2.5595, -1.2945 -4.7017 2.6715, -1.2876 -4.6999 2.7444, -0.83 -4.6691 3.7907, -0.8412 -4.6696 3.7773, -0.8642 -4.6707 3.7495, -0.9057 -4.6725 3.6994, -0.9231 -4.6734 3.6766, -0.957 -4.6751 3.6283, -0.9906 -4.6768 3.5806, -1.0161 -4.6782 3.5391, -1.0519 -4.6801 3.4807, -1.0597 -4.6806 3.4662, -1.1069 -4.6834 3.3771, -1.1374 -4.6854 3.3097, -1.1447 -4.6858 3.2936, -1.1554 -4.6865 3.2698, -1.1974 -4.6896 3.1589, -1.2065 -4.6903 3.1317, -1.2115 -4.6908 3.1145, -1.2257 -4.692 3.0657, -1.2393 -4.6932 3.0189, -1.2588 -4.6953 2.9317, -1.2649 -4.696 2.9046, -1.2797 -4.6983 2.8119, -1.2833 -4.6988 2.7887, -1.2874 -4.6999 2.7463, -0.7493 -4.6659 3.8765, -0.711 -4.6645 3.9125, -0.6849 -4.6636 3.937, -0.6638 -4.6629 3.9568, -0.5734 -4.66 4.0314, -0.5706 -4.6599 4.0334, -0.4814 -4.6572 4.0981, -0.4785 -4.6571 4.1003, -0.4428 -4.6561 4.1239, -0.4168 -4.6554 4.1395, -0.3411 -4.6532 4.1851, -0.2571 -4.6508 4.2287, -0.251 -4.6506 4.2319, -0.2366 -4.6502 4.2393, -0.1292 -4.6471 4.2867, -0.0746 -4.6455 4.3068, -0.0193 -4.6439 4.3272, -0.0172 -4.6438 4.3278, 0.0313 -4.6424 4.3423, 0.0931 -4.6405 4.3608, 0.1346 -4.6393 4.3712, 0.2176 -4.6368 4.3884, 0.2343 -4.6363 4.3919, 0.2507 -4.6358 4.3953, 0.3673 -4.6324 4.4119, 0.4061 -4.6313 4.4149, 0.4842 -4.629 4.421, 0.4922 -4.6288 4.4212, 0.5938 -4.626 4.4227, 0.6014 -4.6258 4.4228, 0.7186 -4.6229 4.4173, 0.7517 -4.622 4.4143, 0.7784 -4.6214 4.4112, 0.7612 -4.6218 4.4135, 0.8788 -4.619 4.3977, 0.9619 -4.6169 4.3812, 0.9943 -4.6162 4.3747, 1.0076 -4.6158 4.3712, 1.0763 -4.6141 4.353, 1.1077 -4.6133 4.3447, 1.2188 -4.6104 4.3076, 1.255 -4.6093 4.2929, 1.2573 -4.6093 4.292, 1.3276 -4.6073 4.2635, 1.3665 -4.6061 4.2458, 1.4321 -4.6041 4.2124, 1.4724 -4.6029 4.192, 1.4896 -4.6023 4.1818, 1.5738 -4.5995 4.132, 1.5981 -4.5987 4.1155, 1.6708 -4.5961 4.066, 1.7061 -4.5948 4.0387, 1.7523 -4.5931 4.0029, 1.9015 -4.5875 3.868, 1.8833 -4.5882 3.8857, 1.8514 -4.5894 3.9168, 1.7634 -4.5927 3.9943, 0.1861 -5.3497 4.382, 2.0025 -5.3706 3.5297, 1.9641 -5.3726 3.5823, 2.0753 -5.293 3.6644, 0.4443 -5.1804 0.6881, 0.406 -5.1793 0.6911, 0.4181 -5.2589 0.8276, 0.4168 -5.2588 0.8277, -0.2881 -5.0502 4.2126, -0.2229 -5.0481 4.2458, -0.1879 -5.1286 4.1098, -0.4175 -4.7419 4.1392, 1.8155 -4.6786 3.9496, 1.8779 -4.6764 3.8904, 1.9015 -4.6756 3.868, 1.7465 -4.6809 4.0072, 1.7251 -4.6815 4.0251, 1.7062 -4.6821 4.039, 1.6306 -4.6844 4.0945, 1.5919 -4.6855 4.1193, 1.5319 -4.6872 4.1578, 1.4293 -4.6902 4.2149, 1.4894 -4.6885 4.1815, 1.4038 -4.6909 4.2278, 1.426 -4.6903 4.2166, 1.2959 -4.694 4.2772, 1.255 -4.6952 4.2929, 1.2505 -4.6953 4.2946, 1.186 -4.6972 4.3193, 1.074 -4.7005 4.3544, 1.0695 -4.7007 4.3555, 1.0075 -4.7025 4.3707, 0.9644 -4.7038 4.3813, 0.9602 -4.7039 4.3823, 0.8447 -4.7074 4.4031, 0.8163 -4.7082 4.407, 0.7808 -4.7093 4.4106, 0.7516 -4.7101 4.4135, 0.6983 -4.7117 4.4188, 0.5962 -4.7145 4.4225, 0.5806 -4.7149 4.4231, 0.4922 -4.7172 4.4207, 0.4633 -4.718 4.4199, 0.4085 -4.7193 4.415, 0.3466 -4.7208 4.4095, 0.2342 -4.7236 4.3922, 0.1886 -4.7247 4.3834, 0.2198 -4.7239 4.3896, 0.2306 -4.7236 4.3917, 0.0733 -4.7275 4.3554, 0.0337 -4.7286 4.3431, -0.0171 -4.7299 4.3273, -0.0392 -4.7304 4.3205, -0.0754 -4.7314 4.3066, -0.1488 -4.7335 4.2787, -0.2519 -4.7365 4.2318, -0.2554 -4.7366 4.2302, -0.3958 -4.7411 4.1533, -0.359 -4.7399 4.175, -0.2573 -4.7367 4.2291, -0.4812 -4.744 4.0978, -0.4953 -4.7445 4.0887, -0.5709 -4.7473 4.0326, -0.5899 -4.7479 4.0185, -0.6794 -4.7513 3.9428, -0.6852 -4.7515 3.9373, -0.7116 -4.7525 3.912, -0.764 -4.7545 3.8617, -0.842 -4.7574 3.777, -0.8435 -4.7575 3.7754, -0.8649 -4.7583 3.75, -0.871 -4.7585 3.7427, -0.9436 -4.7614 3.6488, -0.9577 -4.762 3.6279, -1.0095 -4.7643 3.5512, -1.0165 -4.7646 3.5394, -1.06 -4.7667 3.4654, -1.069 -4.7672 3.4501, -1.122 -4.7702 3.3456, -1.1374 -4.7712 3.3097, -1.1447 -4.7717 3.2928, -1.1684 -4.7733 3.2378, -1.1836 -4.7744 3.1978, -1.2115 -4.7769 3.1137, -1.221 -4.7778 3.0851, -1.226 -4.7784 3.0658, -1.2509 -4.7812 2.9712, -1.2588 -4.7824 2.9309, -1.2735 -4.7846 2.8561, -1.2794 -4.7859 2.8119, -1.2882 -4.7879 2.7456, -1.2883 -4.7879 2.7447, -1.2889 -4.788 2.74, -1.297 -4.7914 2.623, -1.2981 -4.7931 2.5598, -1.2983 -4.7933 2.553, -1.2945 -4.7963 2.4345, -1.1567 -4.876 2.4389, -1.2886 -4.7979 2.3719, -1.1514 -4.8775 2.3853, -1.2833 -4.7992 2.3173, -1.1455 -4.879 2.3261, -1.2804 -4.7997 2.2984, -1.1423 -4.8795 2.3066, -1.2649 -4.802 2.2014, -1.1271 -4.882 2.2148, -1.2609 -4.8025 2.1834, -1.1262 -4.8821 2.2106, -1.2393 -4.8048 2.0871, -1.1015 -4.8849 2.1049, -1.2281 -4.8058 2.0487, -1.0895 -4.886 2.0652, -1.2132 -4.8071 1.9973, -1.0813 -4.8868 2.0384, -1.2065 -4.8077 1.9743, -1.0687 -4.8879 1.9967, -1.1974 -4.8084 1.9471, -1.0628 -4.8884 1.9795, -1.1554 -4.8115 1.8362, -1.0215 -4.8916 1.8731, -1.1467 -4.8121 1.8169, -1.0205 -4.8917 1.871, -1.1428 -4.8123 1.8083, -1.0031 -4.8929 1.8338, -1.1069 -4.8146 1.7289, -0.9736 -4.8949 1.7703, -1.0856 -4.8159 1.6888, -0.9637 -4.8956 1.7523, -1.0519 -4.8179 1.6253, -0.9193 -4.8983 1.6714, -1.0253 -4.8194 1.5818, -0.9906 -4.8213 1.5254, -0.8847 -4.9003 1.6169, -0.9905 -4.8213 1.5253, -0.8748 -4.9009 1.6014, -0.8588 -4.9018 1.5762, -0.9231 -4.8247 1.4294, -0.792 -4.9053 1.485, -0.9057 -4.8255 1.4066, -0.88 -4.8267 1.3756, -0.7807 -4.9059 1.4707, -0.7734 -4.9063 1.4621, -0.8782 -4.8267 1.3734, -0.7367 -4.908 1.4192, -0.83 -4.8289 1.3153, -0.7065 -4.9094 1.384, -0.7566 -4.8318 1.2371, -0.6582 -4.9114 1.3345, -0.7493 -4.8321 1.2295, -0.6274 -4.9127 1.3029, -0.704 -4.8337 1.1869, -0.6638 -4.8352 1.1492, -0.5622 -4.9151 1.2443, -0.617 -4.8367 1.1106, -0.5434 -4.9158 1.2274, -0.5296 -4.9163 1.2166, -0.5734 -4.838 1.0746, -0.4548 -4.9188 1.1577, -0.5062 -4.8401 1.0258, -0.4785 -4.8409 1.0057, -0.3877 -4.9209 1.1116, -0.4644 -4.8413 0.9964, -0.3647 -4.9217 1.0958, -0.4428 -4.8419 0.9821, -0.3616 -4.9218 1.0937, -0.346 -4.9222 1.0839, -0.3738 -4.8439 0.9406, -0.3041 -4.9235 1.0595, -0.3411 -4.8448 0.9209, -0.2473 -4.9253 1.0266, -0.0253 -4.854 0.781, -0.0542 -4.8531 0.7916, -0.1457 -4.9285 0.9763, -0.1292 -4.8509 0.8193, -0.1463 -4.9284 0.9766, -0.2032 -4.8488 0.8519, -0.1478 -4.9284 0.9773, -0.2366 -4.8478 0.8667, -0.2881 -4.8464 0.8934, -0.0415 -4.9317 0.9329, 0.019 -4.9336 0.9123, -0.0193 -4.8542 0.7788, 0.0652 -4.9351 0.8965, 0.0931 -4.8575 0.7452, 0.0839 -4.9357 0.8914, 0.1346 -4.8587 0.7348, 0.1743 -4.9386 0.8669, 0.1572 -4.8594 0.7301, 0.1876 -4.939 0.8639, 0.1922 -4.9392 0.8628, 0.1915 -4.8604 0.723, 0.3043 -4.9428 0.8415, 0.2507 -4.8622 0.7107, 0.3254 -4.9434 0.8389, 0.3407 -4.8649 0.6979, 0.3578 -4.9445 0.8349, 0.3673 -4.8657 0.6941, 0.4168 -4.9463 0.8277, 0.4443 -4.8679 0.6881, 0.4842 -4.869 0.685, 0.5285 -4.9497 0.8213, 0.525 -4.8701 0.6843, 0.5294 -4.9497 0.8212, 0.5718 -4.9509 0.8216, 0.6014 -4.8722 0.6832, 0.6422 -4.953 0.8221, 0.6994 -4.8747 0.6878, 0.7001 -4.9545 0.8264, 0.7104 -4.875 0.6883, 0.7186 -4.8752 0.6887, 0.7549 -4.956 0.8304, 0.7612 -4.8762 0.6925, 0.7732 -4.9565 0.8325, 0.8788 -4.8791 0.7083, 0.8182 -4.9577 0.8392, 0.8989 -4.8796 0.7123, 0.8749 -4.9592 0.8478, 0.8861 -4.9595 0.8495, 0.9521 -4.8809 0.7229, 0.9968 -4.9624 0.8737, 0.9943 -4.8819 0.7313, 1.0858 -4.8842 0.7555, 1.0478 -4.9638 0.8884, 1.0596 -4.9641 0.8917, 1.1077 -4.8847 0.7613, 1.1053 -4.9654 0.9049, 1.1979 -4.8871 0.7914, 1.2188 -4.8877 0.7984, 1.2114 -4.9685 0.9431, 1.2676 -4.889 0.8182, 1.2166 -4.9687 0.9454, 1.3276 -4.8907 0.8425, 1.2912 -4.971 0.9779, 1.3665 -4.8919 0.8602, 1.315 -4.9718 0.9882, 1.3315 -4.9723 0.9962, 1.4318 -4.8939 0.8934, 1.3771 -4.9739 1.0203, 1.5289 -4.9792 1.1091, 1.6499 -4.9012 1.0257, 1.5285 -4.9792 1.1088, 1.6041 -4.8996 0.9946, 1.508 -4.9785 1.0962, 1.5737 -4.8985 0.9739, 1.4324 -4.9757 1.0496, 1.4723 -4.8952 0.914, 1.4413 -4.8942 0.8982, 1.6209 -4.9827 1.1745, 1.7356 -4.9043 1.0901, 1.6707 -4.9019 1.0398, 1.6497 -4.9839 1.198, 1.7062 -4.9861 1.2439, 1.7633 -4.9053 1.1116, 1.7083 -4.9862 1.2457, 1.8482 -4.9085 1.1864, 1.7789 -4.9891 1.3111, 1.8821 -4.9098 1.2187, 1.8752 -4.9095 1.212, 1.8513 -4.9086 1.1892, 1.7912 -4.9896 1.3226, 1.8041 -4.9901 1.3355, 1.9641 -4.9129 1.3045, 1.881 -4.9932 1.4186, 2.0027 -4.9143 1.3504, 1.8816 -4.9933 1.4193, 1.8974 -4.9939 1.4389, 2.0219 -4.9151 1.3732, 1.953 -4.9963 1.5074, 2.0399 -4.9158 1.3947, 2.1097 -4.9186 1.489, 2.004 -4.9986 1.5796, 2.1181 -4.919 1.5021, 2.0181 -4.9992 1.5996, 2.1695 -4.9213 1.5814, 2.0286 -4.9998 1.6167, 2.1733 -4.9215 1.5874, 2.0771 -5.0023 1.6957, 2.2176 -4.9237 1.6664, 2.0961 -5.0034 1.7318, 2.2307 -4.9244 1.6897, 2.1298 -5.0053 1.7957, 2.25 -4.9255 1.7279, 2.1726 -5.0084 1.8928, 2.2864 -4.9278 1.8083, 2.147 -5.0065 1.8336, 2.1378 -5.0059 1.8123, 2.4336 -4.9449 2.3867, 2.4286 -4.9432 2.3301, 2.2927 -5.0231 2.3544, 2.4244 -4.9423 2.2984, 2.2856 -5.0216 2.3066, 2.423 -4.942 2.2878, 2.2761 -5.0195 2.2426, 2.4082 -4.9395 2.2033, 2.2731 -5.0191 2.229, 2.4027 -4.9385 2.1722, 2.2522 -5.016 2.1323, 2.3753 -4.9351 2.0583, 2.2331 -5.0138 2.0652, 2.3723 -4.9349 2.0485, 2.2315 -5.0137 2.0595, 2.3635 -4.934 2.0203, 2.2213 -5.0125 2.0238, 2.3407 -4.9318 1.9462, 2.1831 -5.0091 1.9171, 2.3005 -4.9287 1.8401, 2.299 -4.9286 1.836, 2.2947 -5.0236 2.3726, 2.2966 -5.0245 2.3989, 2.4389 -4.9466 2.4472, 2.3028 -5.0271 2.4854, 2.4419 -4.9495 2.553, 2.3041 -5.0291 2.553, 2.4413 -4.95 2.5721, 2.3035 -5.0296 2.5707, 2.4381 -4.9526 2.6715, 2.3003 -5.0323 2.6671, 2.4297 -4.9548 2.7597, 2.2927 -5.0343 2.7445, 2.427 -4.9555 2.7887, 2.2892 -5.0353 2.7799, 2.424 -4.9559 2.8076, 2.2859 -5.0358 2.7994, 2.4189 -4.9567 2.8395, 2.2828 -5.0363 2.8184, 2.4085 -4.9583 2.9046, 2.2708 -5.0382 2.8912, 2.3829 -4.9611 3.0189, 2.2472 -5.0409 2.9923, 2.3805 -4.9613 3.0272, 2.2451 -5.0412 3.0011, 2.3717 -4.9621 3.0573, 2.2331 -5.0423 3.0408, 2.3501 -4.964 3.1317, 2.2124 -5.0442 3.1093, 2.341 -4.9647 3.1589, 2.2064 -5.0447 3.1265, 2.3216 -4.9661 3.2103, 2.1927 -5.0458 3.1619, 2.2991 -4.9677 3.2698, 2.1651 -5.0479 3.2329, 2.2864 -4.9686 3.2977, 2.1468 -5.0491 3.2722, 2.2505 -4.9709 3.3771, 2.1223 -5.0508 3.3248, 2.2457 -4.9712 3.3862, 2.1172 -5.0512 3.3357, 2.1956 -4.9742 3.4807, 2.063 -5.0546 3.4346, 2.1689 -4.9756 3.5242, 2.1523 -4.9765 3.5512, 2.0357 -5.0562 3.4776, 2.0283 -5.0566 3.4891, 2.1343 -4.9775 3.5806, 2.0024 -5.0581 3.5298, 2.0667 -4.9809 3.6766, 1.9368 -5.0615 3.6194, 2.0493 -4.9818 3.6994, 2.0453 -4.9819 3.7042, 1.9357 -5.0616 3.621, 2.0218 -4.983 3.7326, 1.9244 -5.0622 3.6353, 1.8803 -5.0642 3.6868, 1.9737 -4.9851 3.7907, 1.8502 -5.0656 3.722, 1.9232 -4.9872 3.8444, 1.8236 -5.0667 3.7492, 1.893 -4.9884 3.8765, 1.771 -5.0689 3.8031, 1.8476 -4.99 3.9191, 1.8074 -4.9914 3.9568, 1.7058 -5.0713 3.8617, 1.7869 -4.9921 3.9737, 1.6975 -5.0717 3.8692, 1.687 -5.072 3.8786, 1.7171 -4.9943 4.0314, 1.5984 -5.075 3.9483, 1.6498 -4.9963 4.0802, 1.6362 -4.9967 4.0901, 1.5575 -5.0763 3.9764, 1.6221 -4.9971 4.1003, 1.5083 -5.0779 4.0102, 1.5864 -4.9982 4.1239, 1.5052 -5.078 4.0123, 1.4897 -5.0785 4.0221, 1.4847 -5.0011 4.1851, 1.4064 -5.0811 4.0704, 1.4729 -5.0014 4.1912, 1.3909 -5.0816 4.0794, 1.4317 -5.0026 4.2126, 1.2914 -5.0846 4.1287, 1.3802 -5.0041 4.2393, 1.2893 -5.0847 4.1297, 1.2998 -5.0064 4.2748, 1.246 -5.0861 4.1477, 1.2729 -5.0072 4.2867, 1.1851 -5.088 4.1731, 1.1978 -5.0094 4.3144, 1.1629 -5.0104 4.3272, 1.08 -5.0913 4.209, 1.1202 -5.0117 4.34, 1.0784 -5.0914 4.2095, 1.0597 -5.092 4.2146, 1.0505 -5.0137 4.3608, 0.9693 -5.0949 4.2391, 1.0091 -5.015 4.3712, 0.9521 -5.0167 4.383, 0.9515 -5.0954 4.2432, 0.9401 -5.0171 4.3855, 0.9129 -5.0967 4.2505, 0.8929 -5.0185 4.3953, 0.8393 -5.099 4.2645, 0.7763 -5.0219 4.4119, 0.8183 -5.0997 4.2671, 0.7567 -5.0225 4.4134, 0.7431 -5.1021 4.2763, 0.7269 -5.1026 4.2783, 0.6994 -5.0241 4.4179, 0.6594 -5.0253 4.421, 0.6142 -5.106 4.2848, 0.5717 -5.0277 4.4224, 0.5718 -5.1072 4.2844, 0.5717 -5.1072 4.2844, 0.5423 -5.0284 4.4228, 0.5014 -5.1092 4.2839, 0.3975 -5.112 4.2762, 0.425 -5.0314 4.4173, 0.4442 -5.0309 4.4182, 0.3887 -5.1122 4.2756, 0.3824 -5.0325 4.4135, 0.3837 -5.0324 4.4136, 0.3704 -5.1127 4.2735, 0.3254 -5.1139 4.2668, 0.2648 -5.0353 4.3977, 0.2575 -5.1157 4.2565, 0.1953 -5.037 4.3839, 0.2231 -5.1166 4.249, 0.1915 -5.0371 4.3831, 0.1468 -5.1187 4.2323, 0.1493 -5.0381 4.3747, 0.0359 -5.041 4.3447, 0.084 -5.1204 4.2143, 0.0102 -5.0417 4.3361, 0.0515 -5.1213 4.2049, 0.0384 -5.1217 4.2011, -0.0543 -5.0434 4.3146, -0.0677 -5.1248 4.1629, -0.0752 -5.0439 4.3076, -0.1699 -5.0466 4.2692, -0.1151 -5.1263 4.1423, -0.184 -5.047 4.2635, -0.1475 -5.1273 4.1281, -0.1714 -5.128 4.1178, -0.3287 -5.0514 4.192, -0.2737 -5.1315 4.0644, -0.341 -5.0518 4.1847, -0.2888 -5.132 4.0564, -0.3644 -5.1347 4.0098, -0.43 -5.0548 4.1321, -0.3853 -5.1355 3.9969, -0.5003 -5.0572 4.0843, -0.4212 -5.1368 3.9713, -0.5063 -5.0574 4.0803, -0.4773 -5.139 3.9315, -0.5271 -5.0582 4.0662, -0.6197 -5.0615 3.9944, -0.5572 -5.1422 3.8665, -0.6467 -5.0626 3.9706, -0.5625 -5.1424 3.8621, -0.5647 -5.1425 3.8603, -0.7045 -5.0647 3.9196, -0.6475 -5.1458 3.7834, -0.7077 -5.0649 3.9168, -0.6605 -5.1463 3.7705, -0.7811 -5.0676 3.8427, -0.7385 -5.066 3.8872, -0.6815 -5.1472 3.7478, -0.7159 -5.1486 3.7105, -0.8189 -5.069 3.8031, -0.7373 -5.1495 3.6874, -0.8205 -5.0691 3.8015, -0.738 -5.1495 3.6867, -0.8783 -5.0713 3.7328, -0.8963 -5.072 3.7113, -0.8093 -5.1525 3.5986, -0.9379 -5.0737 3.6551, -0.8267 -5.1533 3.574, -0.9661 -5.0749 3.617, -0.9241 -5.158 3.4255, -1.0258 -5.0775 3.5246, -0.885 -5.156 3.4893, -0.8745 -5.1555 3.5064, -0.9862 -5.1616 3.3103, -0.9941 -5.1621 3.2937, -1.131 -5.0833 3.3238, -1.1064 -5.0817 3.3781, -1.0871 -5.0806 3.4163, -0.9335 -5.1585 3.4103, -1.043 -5.0784 3.4948, -1.0297 -5.0777 3.5186, -1.0034 -5.1628 3.2724, -1.0057 -5.1629 3.2671, -1.1428 -5.084 3.2977, -1.0395 -5.1654 3.1889, -1.1554 -5.0848 3.27, -1.1971 -5.0881 3.1598, -1.0706 -5.1681 3.102, -1.2014 -5.0885 3.1458, -1.0777 -5.1688 3.0822, -1.2286 -5.0911 3.0575, -1.0895 -5.1701 3.0408, -1.2316 -5.0914 3.0477, -1.1086 -5.1722 2.9737, -1.252 -5.0939 2.9632, -1.1174 -5.1735 2.9329, -1.2591 -5.0948 2.9338, -1.1324 -5.1758 2.8634, -1.2794 -5.0982 2.8182, -1.1419 -5.1778 2.7994, -1.2808 -5.0986 2.8076, -1.2829 -5.099 2.7912, -1.1458 -5.1786 2.7735, -1.2849 -5.0995 2.7759, -1.149 -5.1793 2.7516, -1.151 -5.1799 2.7334, -1.2953 -5.1029 2.6588, -1.1592 -5.1834 2.6206, -1.2967 -5.1043 2.6068, -1.1595 -5.1839 2.6029, -1.2983 -5.1058 2.553, -1.1605 -5.1854 2.553, -1.2945 -5.1088 2.4345, -1.1567 -5.1885 2.4389, -1.2931 -5.1092 2.4195, -1.1558 -5.1888 2.4293, -1.2833 -5.1117 2.3173, -1.1455 -5.1915 2.3261, -1.2804 -5.1122 2.2984, -1.1423 -5.192 2.3066, -1.2696 -5.1138 2.2309, -1.1337 -5.1934 2.2547, -1.2649 -5.1145 2.2014, -1.1271 -5.1945 2.2148, -1.2393 -5.1173 2.0871, -1.1015 -5.1974 2.1049, -1.2281 -5.1183 2.0487, -1.2268 -5.1184 2.044, -1.0944 -5.1981 2.0814, -1.0895 -5.1985 2.0652, -1.2065 -5.1202 1.9743, -1.0687 -5.2004 1.9967, -1.1974 -5.1209 1.9471, -1.0628 -5.2009 1.9795, -1.1651 -5.1233 1.8617, -1.0369 -5.2029 1.9128, -1.1554 -5.124 1.8362, -1.0276 -5.2037 1.889, -1.1553 -5.124 1.836, -1.1428 -5.1248 1.8083, -1.0215 -5.2041 1.8731, -1.0031 -5.2054 1.8338, -1.1069 -5.1271 1.7289, -0.9736 -5.2074 1.7703, -1.0724 -5.1292 1.6639, -0.9512 -5.2088 1.7294, -1.0519 -5.1304 1.6253, -0.9193 -5.2108 1.6714, -1.0253 -5.1319 1.5818, -0.9906 -5.1338 1.5254, -0.8847 -5.2128 1.6169, -0.9745 -5.1346 1.5025, -0.861 -5.2142 1.5796, -0.8588 -5.2143 1.5762, -0.9231 -5.1372 1.4294, -0.792 -5.2178 1.485, -0.9057 -5.138 1.4066, -0.8782 -5.1392 1.3734, -0.7807 -5.2184 1.4707, -0.8626 -5.1399 1.3546, -0.7569 -5.2195 1.4429, -0.7367 -5.2205 1.4192, -0.83 -5.1414 1.3153, -0.7065 -5.2219 1.384, -0.7493 -5.1446 1.2295, -0.6403 -5.2247 1.3161, -0.7368 -5.1451 1.2177, -0.6274 -5.2252 1.3029, -0.704 -5.1462 1.1869, -0.5622 -5.2276 1.2443, -0.6638 -5.1477 1.1492, -0.5434 -5.2283 1.2274, -0.5954 -5.1498 1.0928, -0.5093 -5.2294 1.2006, -0.5734 -5.1505 1.0746, -0.4548 -5.2313 1.1577, -0.5062 -5.1526 1.0258, -0.4796 -5.1534 1.0065, -0.4016 -5.233 1.1212, -0.4785 -5.1534 1.0057, -0.3647 -5.2342 1.0958, -0.4428 -5.1544 0.9821, -0.3616 -5.2343 1.0937, -0.346 -5.2347 1.0839, -0.3411 -5.1573 0.9209, -0.2499 -5.2377 1.0281, -0.315 -5.1581 0.9074, -0.2473 -5.2378 1.0266, -0.2881 -5.1589 0.8934, -0.1478 -5.2409 0.9773, -0.2366 -5.1603 0.8667, -0.1457 -5.241 0.9763, -0.1415 -5.1631 0.8247, -0.0887 -5.2427 0.9526, -0.1292 -5.1634 0.8193, -0.0415 -5.2442 0.9329, -0.0542 -5.1656 0.7916, -0.0193 -5.1667 0.7788, 0.0652 -5.2476 0.8965, 0.0386 -5.1684 0.7615, 0.0778 -5.248 0.8931, 0.0839 -5.2482 0.8914, 0.0931 -5.17 0.7452, 0.1743 -5.2511 0.8669, 0.3254 -5.2559 0.8389, 0.3673 -5.1782 0.6941, 0.3043 -5.2553 0.8415, 0.2507 -5.1747 0.7107, 0.2475 -5.2534 0.8523, 0.2216 -5.1738 0.7167, 0.1922 -5.2517 0.8628, 0.1915 -5.1729 0.723, 0.1346 -5.1712 0.7348, 0.4842 -5.1815 0.685, 0.5044 -5.2615 0.8227, 0.499 -5.1819 0.6847, 0.5294 -5.2622 0.8212, 0.6014 -5.1847 0.6832, 0.5718 -5.2634 0.8216, 0.6861 -5.1868 0.6872, 0.6422 -5.2655 0.8221, 0.6777 -5.2664 0.8248, 0.6994 -5.1872 0.6878, 0.7186 -5.1877 0.6887, 0.7549 -5.2685 0.8304, 0.7612 -5.1887 0.6925, 0.7732 -5.269 0.8325, 0.8182 -5.2702 0.8392, 0.8748 -5.1915 0.7078, 0.8524 -5.2711 0.8444, 0.8788 -5.1916 0.7083, 0.8861 -5.272 0.8495, 0.9521 -5.1934 0.7229, 0.9943 -5.1944 0.7313, 0.9968 -5.2749 0.8737, 1.062 -5.1961 0.7492, 1.0259 -5.2757 0.882, 1.0596 -5.2766 0.8917, 1.1077 -5.1972 0.7613, 1.1053 -5.2779 0.9049, 1.1979 -5.1996 0.7914, 1.1952 -5.2806 0.9373, 1.2188 -5.2002 0.7984, 1.2448 -5.2009 0.8089, 1.2114 -5.281 0.9431, 1.3276 -5.2032 0.8425, 1.2912 -5.2835 0.9779, 1.3665 -5.2044 0.8602, 1.315 -5.2843 0.9882, 1.4198 -5.206 0.8873, 1.3315 -5.2848 0.9962, 1.3574 -5.2857 1.0099, 1.4318 -5.2064 0.8934, 1.4723 -5.2077 0.914, 1.4324 -5.2882 1.0496, 1.5125 -5.209 0.9378, 1.4434 -5.2886 1.0564, 1.508 -5.291 1.0962, 1.5737 -5.211 0.9739, 1.5289 -5.2917 1.1091, 1.6499 -5.2137 1.0257, 1.5889 -5.294 1.1518, 1.6704 -5.2144 1.0396, 1.6707 -5.2144 1.0398, 1.6209 -5.2952 1.1745, 1.7633 -5.2178 1.1116, 1.7062 -5.2986 1.2439, 1.8142 -5.2197 1.1565, 1.7083 -5.2987 1.2457, 1.7229 -5.2993 1.2592, 1.8482 -5.221 1.1864, 1.8513 -5.2211 1.1892, 1.7912 -5.3021 1.3226, 1.8821 -5.2223 1.2187, 1.8041 -5.3026 1.3355, 1.9477 -5.2247 1.2873, 1.846 -5.3043 1.3809, 1.881 -5.3057 1.4186, 1.9641 -5.2254 1.3045, 1.8816 -5.3058 1.4193, 2.0219 -5.2276 1.3732, 2.0399 -5.2283 1.3947, 1.953 -5.3088 1.5074, 2.0686 -5.2294 1.4334, 1.9587 -5.309 1.5156, 2.1097 -5.2311 1.489, 2.0571 -5.3137 1.6631, 2.1695 -5.2338 1.5814, 2.0286 -5.3123 1.6167, 2.0181 -5.3117 1.5996, 2.25 -5.238 1.7279, 2.2327 -5.237 1.6936, 2.1096 -5.3167 1.7574, 2.2307 -5.2369 1.6897, 2.0771 -5.3148 1.6957, 2.1758 -5.2341 1.5919, 2.1733 -5.234 1.5874, 2.1298 -5.3178 1.7957, 2.1378 -5.3184 1.8123, 2.2864 -5.2403 1.8083, 2.147 -5.319 1.8336, 2.299 -5.2411 1.836, 2.1831 -5.3216 1.9171, 2.3114 -5.2421 1.8689, 2.1838 -5.3217 1.919, 2.3407 -5.2443 1.9462, 2.2392 -5.327 2.0867, 2.3723 -5.2474 2.0485, 2.2331 -5.3263 2.0652, 2.2213 -5.325 2.0238, 2.4286 -5.2557 2.3301, 2.4244 -5.2548 2.2984, 2.2856 -5.3341 2.3066, 2.423 -5.2545 2.2878, 2.2781 -5.3325 2.2563, 2.4133 -5.2529 2.2328, 2.2761 -5.332 2.2426, 2.4027 -5.2511 2.1722, 2.2522 -5.3285 2.1323, 2.3753 -5.2476 2.0583, 2.3725 -5.2474 2.0494, 2.2927 -5.3356 2.3544, 2.2947 -5.3361 2.3726, 2.4362 -5.2582 2.4164, 2.2985 -5.3378 2.4264, 2.4389 -5.2591 2.4472, 2.3028 -5.3396 2.4854, 2.4419 -5.262 2.553, 2.3041 -5.3416 2.553, 2.4403 -5.2633 2.6023, 2.3026 -5.3429 2.5987, 2.4381 -5.2651 2.6715, 2.3003 -5.3448 2.6671, 2.427 -5.268 2.7887, 2.29 -5.3476 2.7715, 2.427 -5.268 2.7889, 2.424 -5.2684 2.8076, 2.2892 -5.3478 2.7799, 2.2886 -5.3479 2.7833, 2.4085 -5.2708 2.9046, 2.2708 -5.3507 2.8912, 2.3923 -5.2725 2.9768, 2.2581 -5.3522 2.9456, 2.3829 -5.2736 3.0189, 2.2451 -5.3537 3.0011, 2.3717 -5.2746 3.0573, 2.2426 -5.3539 3.0095, 2.3501 -5.2765 3.1317, 2.2124 -5.3567 3.1093, 2.341 -5.2772 3.1589, 2.3399 -5.2773 3.1619, 2.2097 -5.3569 3.117, 2.2064 -5.3572 3.1265, 2.2991 -5.2802 3.2698, 2.1671 -5.3602 3.2277, 2.2864 -5.2811 3.2977, 2.1651 -5.3604 3.2329, 2.2675 -5.2823 3.3396, 2.1424 -5.3619 3.2816, 2.2505 -5.2834 3.3771, 2.1173 -5.3637 3.3355, 2.1956 -5.2867 3.4807, 2.0634 -5.3671 3.4339, 2.1789 -5.2876 3.5079, 2.063 -5.3671 3.4345, 2.0609 -5.3672 3.4378, 2.1689 -5.2881 3.5242, 2.1343 -5.29 3.5806, 2.0493 -5.2943 3.6994, 2.0667 -5.2934 3.6766, 1.8476 -5.3025 3.9191, 1.893 -5.3009 3.8765, 1.9693 -5.2978 3.7954, 1.9737 -5.2976 3.7907, 2.0218 -5.2955 3.7326, 1.6498 -5.3088 4.0802, 1.6921 -5.3075 4.0495, 1.7171 -5.3068 4.0314, 1.8074 -5.3039 3.9568, 1.8378 -5.3028 3.9282, 1.5864 -5.3107 4.1239, 1.6221 -5.3096 4.1003, 1.4317 -5.3151 4.2126, 1.4847 -5.3136 4.1851, 1.533 -5.3122 4.1561, 1.1978 -5.3219 4.3144, 1.2076 -5.3216 4.3107, 1.2729 -5.3197 4.2867, 1.3633 -5.3171 4.2468, 1.3802 -5.3166 4.2393, 1.0091 -5.3275 4.3712, 1.0262 -5.327 4.3669, 1.0505 -5.3262 4.3608, 1.1629 -5.3229 4.3272, 0.8425 -5.3325 4.4025, 0.8929 -5.331 4.3953, 0.9521 -5.3292 4.383, 0.4715 -5.3427 4.4195, 0.5423 -5.3409 4.4228, 0.6584 -5.3378 4.421, 0.6594 -5.3378 4.421, 0.6994 -5.3366 4.4179, 0.7763 -5.3344 4.4119, 0.4442 -5.3434 4.4182, 0.2833 -5.3474 4.4002, 0.3824 -5.345 4.4135, 0.425 -5.3439 4.4173, 0.2648 -5.3478 4.3977, 0.1915 -5.3496 4.3831, -0.1795 -5.3594 4.2653, -0.0752 -5.3564 4.3076, -0.0543 -5.3559 4.3146, 0.0004 -5.3544 4.3328, 0.0359 -5.3535 4.3447, 0.1493 -5.3506 4.3747, -0.184 -5.3595 4.2635, -0.5087 -5.37 4.0787, -0.5063 -5.3699 4.0803, -0.4293 -5.3672 4.1325, -0.3498 -5.3646 4.1795, -0.3281 -5.3639 4.1923, -0.2881 -5.3627 4.2126, -0.2229 -5.3606 4.2458, -0.5264 -5.3706 4.0666, 2.4794 -3.7008 2.4743, 2.4794 -3.8976 2.4743, 2.4616 -3.7008 2.7343, 2.4616 -3.8976 2.7343, 2.4085 -3.7008 2.9894, 2.4085 -3.8976 2.9894, 2.3213 -3.7008 3.235, 2.3213 -3.8976 3.235, 2.2014 -3.7008 3.4664, 2.2014 -3.8976 3.4664, 2.0511 -3.7008 3.6793, 2.0511 -3.8976 3.6793, 1.8732 -3.7008 3.8698, 1.8732 -3.8976 3.8698, 1.671 -3.7008 4.0342, 1.671 -3.8976 4.0342, 1.4484 -3.7008 4.1696, 1.4484 -3.8976 4.1696, 1.2093 -3.7008 4.2735, 1.2093 -3.8976 4.2735, 0.9584 -3.7008 4.3438, 0.9584 -3.8976 4.3438, 0.7002 -3.7008 4.3793, 0.7002 -3.8976 4.3793, 0.4396 -3.7008 4.3793, 0.4396 -3.8976 4.3793, 0.1814 -3.7008 4.3438, 0.1814 -3.8976 4.3438, -0.0695 -3.7008 4.2735, -0.0695 -3.8976 4.2735, -0.3086 -3.7008 4.1696, -0.3086 -3.8976 4.1696, -0.5312 -3.7008 4.0342, -0.5312 -3.8976 4.0342, -0.7334 -3.7008 3.8698, -0.7334 -3.8976 3.8698, -0.9113 -3.7008 3.6793, -0.9113 -3.8976 3.6793, -1.0616 -3.7008 3.4664, -1.0616 -3.8976 3.4664, -1.1815 -3.7008 3.235, -1.1815 -3.8976 3.235, -1.2687 -3.7008 2.9894, -1.2687 -3.8976 2.9894, -1.3218 -3.7008 2.7343, -1.3218 -3.8976 2.7343, -1.3395 -3.7008 2.4743, -1.3395 -3.8976 2.4743, -1.9891 -3.7008 2.4743, -1.9891 -3.8976 2.4743, -1.9718 -3.8976 2.7713, -1.9718 -3.7008 2.7713, -1.9202 -3.8976 3.0644, -1.9202 -3.7008 3.0644, -1.8348 -3.8976 3.3495, -1.8348 -3.7008 3.3495, -1.7169 -3.8976 3.6228, -1.7169 -3.7008 3.6228, -1.5682 -3.8976 3.8805, -1.5682 -3.7008 3.8805, -1.3904 -3.8976 4.1192, -1.3904 -3.7008 4.1192, -1.1862 -3.8976 4.3356, -1.1862 -3.7008 4.3356, -0.9583 -3.8976 4.5269, -0.9583 -3.7008 4.5269, -0.7096 -3.8976 4.6905, -0.7096 -3.7008 4.6905, -0.4437 -3.8976 4.824, -0.4437 -3.7008 4.824, -0.164 -3.8976 4.9258, -0.164 -3.7008 4.9258, 0.1255 -3.8976 4.9944, 0.1255 -3.7008 4.9944, 0.4211 -3.8976 5.029, 0.4211 -3.7008 5.029, 0.7187 -3.8976 5.029, 0.7187 -3.7008 5.029, 1.0143 -3.8976 4.9944, 1.0143 -3.7008 4.9944, 1.3039 -3.8976 4.9258, 1.3039 -3.7008 4.9258, 1.5835 -3.8976 4.824, 1.5835 -3.7008 4.824, 1.8494 -3.8976 4.6905, 1.8494 -3.7008 4.6905, 2.0981 -3.8976 4.5269, 2.0981 -3.7008 4.5269, 2.326 -3.8976 4.3356, 2.326 -3.7008 4.3356, 2.5303 -3.8976 4.1192, 2.5303 -3.7008 4.1192, 2.708 -3.8976 3.8805, 2.708 -3.7008 3.8805, 2.8568 -3.8976 3.6228, 2.8568 -3.7008 3.6228, 2.9746 -3.8976 3.3495, 2.9746 -3.7008 3.3495, 3.06 -3.8976 3.0644, 3.06 -3.7008 3.0644, 3.1117 -3.8976 2.7713, 3.1117 -3.7008 2.7713, 3.129 -3.8976 2.4743, 3.129 -3.7008 2.4743, -0.3086 -3.8976 0.7789, -0.4437 -3.8976 0.1245, -0.0695 -3.8976 0.6751, -0.164 -3.8976 0.0227, 0.1814 -3.8976 0.6047, 0.1255 -3.8976 -0.0459, 0.4396 -3.8976 0.5693, 0.4211 -3.8976 -0.0805, 0.7002 -3.8976 0.5693, 0.7187 -3.8976 -0.0805, 0.9584 -3.8976 0.6047, 1.0143 -3.8976 -0.0459, 1.2093 -3.8976 0.6751, -1.2687 -3.8976 1.9591, -1.8348 -3.8976 1.599, -1.1815 -3.8976 1.7135, -1.7169 -3.8976 1.3258, -1.0616 -3.8976 1.4821, -1.5682 -3.8976 1.068, -0.9113 -3.8976 1.2692, -1.3904 -3.8976 0.8293, -0.7334 -3.8976 1.0788, -1.1862 -3.8976 0.6129, -0.5312 -3.8976 0.9143, -0.9583 -3.8976 0.4216, -0.7096 -3.8976 0.2581, -1.3218 -3.8976 2.2143, -1.9718 -3.8976 2.1772, -1.9202 -3.8976 1.8841, 1.3039 -3.8976 0.0227, 1.5835 -3.8976 0.1245, 1.4484 -3.8976 0.7789, 1.8494 -3.8976 0.2581, 1.671 -3.8976 0.9143, 2.0981 -3.8976 0.4216, 1.8732 -3.8976 1.0788, 2.326 -3.8976 0.6129, 2.0511 -3.8976 1.2692, 2.5303 -3.8976 0.8293, 2.2014 -3.8976 1.4821, 2.708 -3.8976 1.068, 2.3213 -3.8976 1.7135, 2.8568 -3.8976 1.3258, 2.9746 -3.8976 1.599, 2.4085 -3.8976 1.9591, 3.06 -3.8976 1.8841, 2.4616 -3.8976 2.2143, 3.1117 -3.8976 2.1772, 2.4616 -3.7008 2.2143, 3.1117 -3.7008 2.1772, 2.4085 -3.7008 1.9591, 3.06 -3.7008 1.8841, 2.9746 -3.7008 1.599, 2.3213 -3.7008 1.7135, 2.8568 -3.7008 1.3258, 2.2014 -3.7008 1.4821, 2.708 -3.7008 1.068, 2.0511 -3.7008 1.2692, 2.5303 -3.7008 0.8293, 1.8732 -3.7008 1.0788, 2.326 -3.7008 0.6129, 1.671 -3.7008 0.9143, 2.0981 -3.7008 0.4216, 1.4484 -3.7008 0.7789, -1.1815 -3.7008 1.7135, -1.8348 -3.7008 1.599, -1.2687 -3.7008 1.9591, -1.9202 -3.7008 1.8841, -1.3218 -3.7008 2.2143, -1.9718 -3.7008 2.1772, -0.0695 -3.7008 0.6751, -0.4437 -3.7008 0.1245, -0.3086 -3.7008 0.7789, -0.7096 -3.7008 0.2581, -0.5312 -3.7008 0.9143, -0.9583 -3.7008 0.4216, -0.7334 -3.7008 1.0788, -1.1862 -3.7008 0.6129, -0.9113 -3.7008 1.2692, -1.3904 -3.7008 0.8293, -1.0616 -3.7008 1.4821, -1.5682 -3.7008 1.068, -1.7169 -3.7008 1.3258, 1.8494 -3.7008 0.2581, 1.5835 -3.7008 0.1245, 1.2093 -3.7008 0.6751, 1.3039 -3.7008 0.0227, 0.9584 -3.7008 0.6047, 1.0143 -3.7008 -0.0459, 0.7002 -3.7008 0.5693, 0.7187 -3.7008 -0.0805, 0.4396 -3.7008 0.5693, 0.4211 -3.7008 -0.0805, 0.1814 -3.7008 0.6047, 0.1255 -3.7008 -0.0459, -0.164 -3.7008 0.0227
            ]
        }
        coordIndex [
            0,1,2,-1,3,4,5,-1,6,7,8,-1,8,7,9,-1,8,9,10,-1,10,9,11,-1,10,11,5,-1,5,11,12,-1,5,12,3,-1,13,14,15,-1,15,14,16,-1,15,16,17,-1,18,19,13,-1,13,19,20,-1,13,20,14,-1,21,22,23,-1,23,22,24,-1,23,24,2,-1,2,24,25,-1,2,25,0,-1,26,27,28,-1,28,27,29,-1,28,29,30,-1,30,29,31,-1,30,31,21,-1,21,31,32,-1,21,32,22,-1,3,33,4,-1,4,33,34,-1,4,34,35,-1,35,34,36,-1,35,36,26,-1,26,36,37,-1,26,37,27,-1,38,39,40,-1,40,39,41,-1,40,41,6,-1,6,41,42,-1,6,42,7,-1,43,44,38,-1,38,44,45,-1,38,45,39,-1,46,47,48,-1,16,49,17,-1,17,49,50,-1,17,50,51,-1,51,50,52,-1,51,52,53,-1,53,52,54,-1,53,54,48,-1,48,54,55,-1,48,55,46,-1,56,57,58,-1,58,57,59,-1,58,59,60,-1,60,59,61,-1,60,61,62,-1,0,63,1,-1,1,63,64,-1,1,64,65,-1,65,64,66,-1,65,66,56,-1,56,66,67,-1,56,67,57,-1,68,69,70,-1,70,69,71,-1,70,71,72,-1,72,71,73,-1,72,73,74,-1,61,75,62,-1,62,75,76,-1,62,76,77,-1,77,76,78,-1,77,78,18,-1,18,78,79,-1,18,79,19,-1,73,80,74,-1,74,80,81,-1,74,81,82,-1,82,81,83,-1,82,83,43,-1,43,83,84,-1,43,84,44,-1,85,86,87,-1,46,88,47,-1,47,88,89,-1,47,89,90,-1,90,89,91,-1,90,91,92,-1,85,93,86,-1,86,93,94,-1,86,94,95,-1,95,94,96,-1,95,96,68,-1,68,96,97,-1,68,97,69,-1,98,99,100,-1,100,99,101,-1,100,101,87,-1,87,101,102,-1,87,102,85,-1,91,103,92,-1,92,103,104,-1,92,104,105,-1,105,104,106,-1,105,106,107,-1,107,106,108,-1,107,108,98,-1,98,108,109,-1,98,109,99,-1,110,111,112,-1,113,114,115,-1,115,114,116,-1,116,114,117,-1,116,117,118,-1,112,111,119,-1,120,121,122,-1,118,117,123,-1,123,117,124,-1,123,124,125,-1,125,124,126,-1,125,126,127,-1,128,129,130,-1,130,129,131,-1,122,121,112,-1,112,121,132,-1,112,132,110,-1,126,133,127,-1,127,133,134,-1,127,134,130,-1,130,134,135,-1,130,135,128,-1,136,137,138,-1,138,137,119,-1,138,119,139,-1,139,119,111,-1,140,141,142,-1,142,141,143,-1,142,143,144,-1,115,145,113,-1,113,145,146,-1,113,146,147,-1,148,149,150,-1,150,149,151,-1,150,151,152,-1,153,154,155,-1,155,154,156,-1,155,156,122,-1,122,156,157,-1,122,157,120,-1,143,158,144,-1,144,158,159,-1,144,159,160,-1,160,159,161,-1,160,161,162,-1,163,164,165,-1,165,164,166,-1,165,166,167,-1,167,166,168,-1,167,168,169,-1,169,168,170,-1,169,170,140,-1,140,170,171,-1,140,171,141,-1,172,173,174,-1,174,173,175,-1,129,176,131,-1,131,176,177,-1,131,177,178,-1,178,177,179,-1,178,179,180,-1,181,182,183,-1,182,184,183,-1,183,184,185,-1,183,185,186,-1,186,185,187,-1,186,187,148,-1,148,187,188,-1,148,188,149,-1,151,189,152,-1,152,189,190,-1,152,190,191,-1,191,190,192,-1,191,192,193,-1,193,192,194,-1,193,194,195,-1,195,194,196,-1,195,196,197,-1,197,196,198,-1,197,198,199,-1,199,198,200,-1,199,200,201,-1,201,200,162,-1,201,162,202,-1,202,162,161,-1,203,204,205,-1,136,206,137,-1,137,206,207,-1,137,207,183,-1,183,207,208,-1,183,208,181,-1,173,209,175,-1,175,209,210,-1,175,210,204,-1,204,210,211,-1,204,211,205,-1,146,212,147,-1,147,212,213,-1,147,213,214,-1,214,213,215,-1,214,215,216,-1,216,215,217,-1,216,217,218,-1,218,217,219,-1,218,219,220,-1,220,219,203,-1,220,203,221,-1,221,203,205,-1,222,223,224,-1,224,223,225,-1,224,225,226,-1,226,225,227,-1,226,227,228,-1,228,227,178,-1,228,178,229,-1,229,178,180,-1,153,155,230,-1,230,155,231,-1,230,231,232,-1,233,234,235,-1,236,237,238,-1,238,237,239,-1,238,239,240,-1,222,241,223,-1,223,241,242,-1,223,242,231,-1,231,242,243,-1,231,243,232,-1,235,234,244,-1,245,246,247,-1,247,246,248,-1,247,248,249,-1,249,248,250,-1,245,251,246,-1,246,251,252,-1,246,252,239,-1,239,252,253,-1,239,253,240,-1,165,254,163,-1,163,254,255,-1,163,255,256,-1,234,257,244,-1,244,257,258,-1,244,258,248,-1,248,258,259,-1,248,259,250,-1,260,261,262,-1,262,261,263,-1,262,263,264,-1,264,263,265,-1,264,265,266,-1,266,265,267,-1,266,267,174,-1,174,267,268,-1,174,268,172,-1,255,269,256,-1,256,269,270,-1,256,270,271,-1,271,270,272,-1,271,272,273,-1,236,274,237,-1,237,274,275,-1,237,275,276,-1,272,277,273,-1,273,277,278,-1,273,278,235,-1,235,278,279,-1,235,279,233,-1,260,262,280,-1,280,262,281,-1,280,281,282,-1,275,283,276,-1,276,283,284,-1,276,284,281,-1,281,284,285,-1,281,285,282,-1,286,264,44,-1,44,264,45,-1,45,264,266,-1,45,266,287,-1,44,288,286,-1,286,288,289,-1,286,289,290,-1,290,289,291,-1,290,291,292,-1,292,291,293,-1,292,293,294,-1,294,293,295,-1,294,295,296,-1,266,297,287,-1,287,297,298,-1,287,298,299,-1,299,298,300,-1,299,300,301,-1,301,300,302,-1,301,302,303,-1,303,302,304,-1,303,304,305,-1,306,307,308,-1,308,307,309,-1,308,309,310,-1,310,309,311,-1,310,311,312,-1,312,311,313,-1,312,313,314,-1,305,304,315,-1,315,304,316,-1,315,316,317,-1,317,316,318,-1,316,319,318,-1,318,319,320,-1,318,320,321,-1,321,320,322,-1,321,322,34,-1,34,322,146,-1,34,146,36,-1,36,146,145,-1,36,145,306,-1,306,145,323,-1,306,323,307,-1,324,325,326,-1,324,326,327,-1,327,326,328,-1,327,328,329,-1,329,328,330,-1,329,330,331,-1,331,330,332,-1,331,332,333,-1,333,332,225,-1,225,332,64,-1,225,64,227,-1,227,64,63,-1,227,63,334,-1,63,335,334,-1,334,335,336,-1,334,336,337,-1,337,336,338,-1,337,338,339,-1,339,338,340,-1,339,340,341,-1,341,340,314,-1,341,314,313,-1,342,343,344,-1,344,343,345,-1,344,345,346,-1,346,345,347,-1,346,347,348,-1,348,347,349,-1,348,349,350,-1,325,324,351,-1,351,324,352,-1,351,352,353,-1,353,352,354,-1,352,355,354,-1,354,355,356,-1,354,356,357,-1,357,356,358,-1,357,358,19,-1,19,358,148,-1,19,148,20,-1,20,148,150,-1,20,150,342,-1,342,150,359,-1,342,359,343,-1,360,361,362,-1,362,361,363,-1,362,363,364,-1,364,363,365,-1,364,365,366,-1,366,365,367,-1,366,367,368,-1,350,349,369,-1,369,349,370,-1,369,370,371,-1,371,370,372,-1,370,373,372,-1,372,373,374,-1,372,374,375,-1,375,374,376,-1,375,376,89,-1,89,376,159,-1,89,159,91,-1,91,159,158,-1,91,158,360,-1,360,158,377,-1,360,377,361,-1,368,367,378,-1,378,367,379,-1,378,379,380,-1,380,379,381,-1,379,382,381,-1,381,382,383,-1,381,383,384,-1,384,383,385,-1,384,385,93,-1,93,385,271,-1,93,271,94,-1,94,271,273,-1,94,273,386,-1,273,387,386,-1,386,387,388,-1,386,388,389,-1,389,388,390,-1,389,390,391,-1,391,390,392,-1,391,392,393,-1,393,392,296,-1,393,296,295,-1,91,360,103,-1,103,360,362,-1,103,362,104,-1,104,362,364,-1,104,364,106,-1,106,364,366,-1,106,366,108,-1,108,366,368,-1,108,368,109,-1,109,368,378,-1,109,378,99,-1,99,378,380,-1,99,380,101,-1,101,380,381,-1,101,381,102,-1,102,381,384,-1,102,384,85,-1,85,384,93,-1,20,342,14,-1,14,342,344,-1,14,344,16,-1,16,344,346,-1,16,346,49,-1,49,346,348,-1,49,348,50,-1,50,348,350,-1,50,350,52,-1,52,350,369,-1,52,369,54,-1,54,369,371,-1,54,371,55,-1,55,371,372,-1,55,372,46,-1,46,372,375,-1,46,375,88,-1,88,375,89,-1,64,332,66,-1,66,332,330,-1,66,330,67,-1,67,330,328,-1,67,328,57,-1,57,328,326,-1,57,326,59,-1,59,326,325,-1,59,325,61,-1,61,325,351,-1,61,351,75,-1,75,351,353,-1,75,353,76,-1,76,353,354,-1,76,354,78,-1,78,354,357,-1,78,357,79,-1,79,357,19,-1,36,306,37,-1,37,306,308,-1,37,308,27,-1,27,308,310,-1,27,310,29,-1,29,310,312,-1,29,312,31,-1,31,312,314,-1,31,314,32,-1,32,314,340,-1,32,340,22,-1,22,340,338,-1,22,338,24,-1,24,338,336,-1,24,336,25,-1,25,336,335,-1,25,335,0,-1,0,335,63,-1,45,287,39,-1,39,287,299,-1,39,299,41,-1,41,299,301,-1,41,301,42,-1,42,301,303,-1,42,303,7,-1,7,303,305,-1,7,305,9,-1,9,305,315,-1,9,315,11,-1,11,315,317,-1,11,317,12,-1,12,317,318,-1,12,318,3,-1,3,318,321,-1,3,321,33,-1,33,321,34,-1,94,386,96,-1,96,386,389,-1,96,389,97,-1,97,389,391,-1,97,391,69,-1,69,391,393,-1,69,393,71,-1,71,393,295,-1,71,295,73,-1,73,295,293,-1,73,293,80,-1,80,293,291,-1,80,291,81,-1,81,291,289,-1,81,289,83,-1,83,289,288,-1,83,288,84,-1,84,288,44,-1,146,322,212,-1,212,322,320,-1,212,320,213,-1,213,320,319,-1,213,319,215,-1,215,319,316,-1,215,316,217,-1,217,316,304,-1,217,304,219,-1,219,304,302,-1,219,302,203,-1,203,302,300,-1,203,300,204,-1,204,300,298,-1,204,298,175,-1,175,298,297,-1,175,297,174,-1,174,297,266,-1,227,334,178,-1,178,334,337,-1,178,337,131,-1,131,337,339,-1,131,339,130,-1,130,339,341,-1,130,341,127,-1,127,341,313,-1,127,313,125,-1,125,313,311,-1,125,311,123,-1,123,311,309,-1,123,309,118,-1,118,309,307,-1,118,307,116,-1,116,307,323,-1,116,323,115,-1,115,323,145,-1,148,358,186,-1,186,358,356,-1,186,356,183,-1,183,356,355,-1,183,355,137,-1,137,355,352,-1,137,352,119,-1,119,352,324,-1,119,324,112,-1,112,324,327,-1,112,327,122,-1,122,327,329,-1,122,329,155,-1,155,329,331,-1,155,331,231,-1,231,331,333,-1,231,333,223,-1,223,333,225,-1,159,376,161,-1,161,376,374,-1,161,374,202,-1,202,374,373,-1,202,373,201,-1,201,373,370,-1,201,370,199,-1,199,370,349,-1,199,349,197,-1,197,349,347,-1,197,347,195,-1,195,347,345,-1,195,345,193,-1,193,345,343,-1,193,343,191,-1,191,343,359,-1,191,359,152,-1,152,359,150,-1,271,385,256,-1,256,385,383,-1,256,383,163,-1,163,383,382,-1,163,382,164,-1,164,382,379,-1,164,379,166,-1,166,379,367,-1,166,367,168,-1,168,367,365,-1,168,365,170,-1,170,365,363,-1,170,363,171,-1,171,363,361,-1,171,361,141,-1,141,361,377,-1,141,377,143,-1,143,377,158,-1,264,286,262,-1,262,286,290,-1,262,290,281,-1,281,290,292,-1,281,292,276,-1,276,292,294,-1,276,294,237,-1,237,294,296,-1,237,296,239,-1,239,296,392,-1,239,392,246,-1,246,392,390,-1,246,390,248,-1,248,390,388,-1,248,388,244,-1,244,388,387,-1,244,387,235,-1,235,387,273,-1,394,395,396,-1,397,398,70,-1,399,400,68,-1,401,402,87,-1,403,404,98,-1,405,406,90,-1,407,408,92,-1,92,408,409,-1,92,409,90,-1,90,409,410,-1,90,410,405,-1,411,92,412,-1,412,92,105,-1,411,413,92,-1,92,413,414,-1,92,414,407,-1,415,416,105,-1,105,416,417,-1,105,417,412,-1,418,419,107,-1,107,419,420,-1,107,420,105,-1,105,420,421,-1,105,421,415,-1,404,422,98,-1,98,422,423,-1,98,423,107,-1,107,423,424,-1,107,424,418,-1,100,425,426,-1,426,427,100,-1,100,427,428,-1,100,428,98,-1,98,428,429,-1,98,429,403,-1,402,430,87,-1,87,430,431,-1,87,431,100,-1,100,431,432,-1,100,432,425,-1,86,433,87,-1,87,433,434,-1,87,434,401,-1,95,435,436,-1,437,438,86,-1,86,438,439,-1,86,439,433,-1,95,436,86,-1,86,436,440,-1,86,440,437,-1,441,442,95,-1,95,442,443,-1,95,443,435,-1,400,444,68,-1,68,444,445,-1,68,445,95,-1,95,445,446,-1,95,446,441,-1,398,447,70,-1,70,447,448,-1,70,448,68,-1,68,448,449,-1,68,449,399,-1,450,451,72,-1,72,451,452,-1,72,452,70,-1,70,452,453,-1,70,453,397,-1,74,454,455,-1,455,456,74,-1,74,456,457,-1,74,457,72,-1,72,457,458,-1,72,458,450,-1,459,460,82,-1,82,460,461,-1,461,462,82,-1,82,462,463,-1,82,463,74,-1,74,463,464,-1,74,464,454,-1,459,82,465,-1,465,82,43,-1,465,43,466,-1,38,467,43,-1,43,467,468,-1,43,468,469,-1,469,470,43,-1,43,470,471,-1,43,471,466,-1,40,472,473,-1,474,475,38,-1,38,475,476,-1,38,476,467,-1,40,473,38,-1,38,473,477,-1,38,477,474,-1,478,40,479,-1,479,40,6,-1,478,480,40,-1,40,480,481,-1,40,481,472,-1,482,483,484,-1,484,483,485,-1,484,485,486,-1,486,485,487,-1,486,487,488,-1,488,487,489,-1,488,489,490,-1,490,489,491,-1,490,491,492,-1,492,491,493,-1,492,493,494,-1,494,493,495,-1,494,495,496,-1,496,495,497,-1,496,497,498,-1,498,497,499,-1,498,499,500,-1,499,501,500,-1,500,501,502,-1,500,502,503,-1,503,502,504,-1,503,504,505,-1,505,504,506,-1,394,396,507,-1,507,396,508,-1,508,396,509,-1,508,509,510,-1,510,509,511,-1,510,511,512,-1,512,511,513,-1,512,513,514,-1,514,513,515,-1,514,515,516,-1,516,515,517,-1,516,517,506,-1,506,517,518,-1,506,518,505,-1,519,520,521,-1,521,520,522,-1,521,522,523,-1,523,522,524,-1,523,524,525,-1,525,524,526,-1,525,526,527,-1,527,526,528,-1,527,528,529,-1,529,528,530,-1,529,530,395,-1,395,530,531,-1,395,531,396,-1,521,532,519,-1,519,532,533,-1,519,533,534,-1,534,533,535,-1,534,535,536,-1,536,535,537,-1,536,537,538,-1,538,537,539,-1,538,539,540,-1,540,539,541,-1,540,541,542,-1,542,541,543,-1,542,543,544,-1,544,543,545,-1,544,545,546,-1,546,545,547,-1,546,547,548,-1,548,547,549,-1,548,549,550,-1,550,549,551,-1,550,551,552,-1,552,551,553,-1,551,554,553,-1,553,554,555,-1,553,555,556,-1,556,555,557,-1,556,557,558,-1,558,557,559,-1,558,559,560,-1,560,559,561,-1,560,561,562,-1,562,561,563,-1,562,563,564,-1,564,563,565,-1,563,566,565,-1,565,566,567,-1,565,567,568,-1,568,567,569,-1,568,569,570,-1,570,569,571,-1,572,573,574,-1,574,573,575,-1,569,576,571,-1,571,576,577,-1,571,577,578,-1,578,577,575,-1,578,575,579,-1,579,575,573,-1,574,580,572,-1,572,580,581,-1,572,581,582,-1,582,581,583,-1,582,583,584,-1,584,583,585,-1,583,586,585,-1,585,586,587,-1,585,587,588,-1,588,587,589,-1,588,589,590,-1,590,589,591,-1,590,591,592,-1,592,591,593,-1,592,593,594,-1,595,596,597,-1,595,597,598,-1,598,597,599,-1,598,599,600,-1,600,599,601,-1,600,601,602,-1,593,603,594,-1,594,603,604,-1,594,604,605,-1,605,604,606,-1,605,606,607,-1,607,606,596,-1,607,596,608,-1,608,596,595,-1,601,609,602,-1,602,609,610,-1,602,610,611,-1,611,610,612,-1,611,612,613,-1,613,612,614,-1,614,612,615,-1,614,615,616,-1,617,618,619,-1,617,619,620,-1,615,621,616,-1,616,621,622,-1,616,622,623,-1,623,622,620,-1,623,620,624,-1,624,620,619,-1,617,625,618,-1,618,625,626,-1,618,626,627,-1,627,626,628,-1,627,628,629,-1,629,628,630,-1,630,628,631,-1,630,631,632,-1,632,631,633,-1,632,633,634,-1,634,633,635,-1,634,635,636,-1,635,637,636,-1,636,637,638,-1,636,638,639,-1,639,638,640,-1,641,642,640,-1,640,642,643,-1,640,643,639,-1,644,645,646,-1,646,645,647,-1,646,647,648,-1,648,647,641,-1,648,641,649,-1,649,641,640,-1,484,479,482,-1,482,479,6,-1,482,6,650,-1,650,6,651,-1,8,652,653,-1,8,653,6,-1,6,653,654,-1,6,654,651,-1,655,656,10,-1,10,656,657,-1,10,657,658,-1,658,659,10,-1,10,659,660,-1,10,660,8,-1,8,660,661,-1,8,661,652,-1,5,662,663,-1,5,663,10,-1,10,663,664,-1,10,664,655,-1,665,666,4,-1,4,666,667,-1,4,667,5,-1,5,667,668,-1,5,668,662,-1,669,670,4,-1,4,670,671,-1,4,671,665,-1,672,673,35,-1,35,673,674,-1,35,674,4,-1,4,674,675,-1,4,675,669,-1,676,677,506,-1,678,679,680,-1,133,681,134,-1,134,681,135,-1,681,682,135,-1,135,682,683,-1,135,683,128,-1,128,683,684,-1,128,684,129,-1,129,684,685,-1,129,685,176,-1,685,686,176,-1,176,686,687,-1,176,687,177,-1,177,687,688,-1,177,688,179,-1,179,688,689,-1,690,228,691,-1,691,228,229,-1,691,229,689,-1,689,229,180,-1,689,180,179,-1,690,692,228,-1,228,692,693,-1,228,693,226,-1,226,693,694,-1,226,694,224,-1,224,694,695,-1,224,695,222,-1,695,696,222,-1,222,696,697,-1,222,697,241,-1,241,697,698,-1,241,698,242,-1,242,698,699,-1,242,699,243,-1,243,699,700,-1,243,700,232,-1,232,700,701,-1,232,701,230,-1,230,701,702,-1,230,702,153,-1,702,703,153,-1,153,703,704,-1,153,704,154,-1,154,704,705,-1,154,705,156,-1,705,706,156,-1,156,706,707,-1,156,707,157,-1,157,707,708,-1,157,708,120,-1,120,708,709,-1,120,709,121,-1,709,710,121,-1,121,710,711,-1,121,711,132,-1,132,711,712,-1,132,712,110,-1,110,712,713,-1,110,713,111,-1,111,713,714,-1,111,714,139,-1,139,714,715,-1,139,715,138,-1,715,716,138,-1,138,716,717,-1,138,717,136,-1,136,717,718,-1,136,718,206,-1,206,718,719,-1,206,719,207,-1,719,720,207,-1,207,720,721,-1,207,721,208,-1,208,721,722,-1,208,722,181,-1,181,722,723,-1,181,723,182,-1,182,723,724,-1,182,724,184,-1,184,724,725,-1,184,725,185,-1,725,726,185,-1,185,726,727,-1,185,727,187,-1,187,727,728,-1,187,728,188,-1,188,728,729,-1,188,729,149,-1,149,729,730,-1,149,730,151,-1,730,731,151,-1,151,731,732,-1,151,732,189,-1,189,732,733,-1,189,733,190,-1,190,733,734,-1,190,734,192,-1,734,735,192,-1,192,735,736,-1,192,736,737,-1,737,736,738,-1,737,738,739,-1,738,740,739,-1,739,740,741,-1,739,741,742,-1,742,741,743,-1,678,680,744,-1,744,680,745,-1,744,745,746,-1,746,745,747,-1,746,747,743,-1,743,747,748,-1,743,748,742,-1,749,750,751,-1,751,750,752,-1,751,752,753,-1,753,752,754,-1,753,754,755,-1,755,754,756,-1,755,756,757,-1,757,756,758,-1,757,758,759,-1,759,758,760,-1,759,760,679,-1,679,760,761,-1,679,761,680,-1,751,762,749,-1,749,762,763,-1,749,763,764,-1,764,763,765,-1,764,765,766,-1,766,765,767,-1,766,767,768,-1,768,767,769,-1,768,769,770,-1,770,769,771,-1,770,771,772,-1,772,771,773,-1,772,773,774,-1,774,773,775,-1,774,775,776,-1,776,775,777,-1,776,777,778,-1,778,777,779,-1,779,777,780,-1,779,780,781,-1,781,780,782,-1,781,782,783,-1,783,782,784,-1,783,784,785,-1,784,786,785,-1,785,786,787,-1,785,787,788,-1,788,787,789,-1,788,789,790,-1,790,789,791,-1,790,791,792,-1,792,791,793,-1,792,793,794,-1,794,793,795,-1,795,793,796,-1,795,796,797,-1,797,796,798,-1,797,798,799,-1,799,798,800,-1,799,800,801,-1,801,800,802,-1,801,802,803,-1,803,802,804,-1,803,804,805,-1,805,804,806,-1,805,806,807,-1,807,806,808,-1,807,808,809,-1,809,808,810,-1,809,810,811,-1,811,810,812,-1,811,812,813,-1,813,812,814,-1,813,814,815,-1,815,814,816,-1,815,816,817,-1,817,816,818,-1,817,818,819,-1,819,818,820,-1,819,820,821,-1,821,820,822,-1,821,822,823,-1,823,822,824,-1,823,824,825,-1,825,824,826,-1,825,826,827,-1,827,826,828,-1,827,828,829,-1,829,828,830,-1,829,830,831,-1,831,830,832,-1,832,830,833,-1,832,833,834,-1,833,835,834,-1,834,835,836,-1,834,836,837,-1,837,836,838,-1,837,838,839,-1,839,838,840,-1,840,838,841,-1,840,841,842,-1,841,843,842,-1,842,843,844,-1,842,844,845,-1,845,844,846,-1,845,846,847,-1,847,846,848,-1,847,848,849,-1,849,848,850,-1,849,850,851,-1,851,850,852,-1,852,850,853,-1,852,853,854,-1,853,855,854,-1,854,855,856,-1,854,856,857,-1,857,856,858,-1,857,858,859,-1,859,858,860,-1,859,860,861,-1,861,860,862,-1,862,860,863,-1,862,863,864,-1,863,865,864,-1,864,865,866,-1,864,866,867,-1,867,866,868,-1,867,868,869,-1,869,868,870,-1,869,870,871,-1,871,870,872,-1,872,870,873,-1,872,873,874,-1,873,875,874,-1,874,875,876,-1,874,876,877,-1,877,876,878,-1,877,878,879,-1,879,878,880,-1,880,878,881,-1,880,881,882,-1,882,881,883,-1,882,883,884,-1,884,883,885,-1,884,885,886,-1,886,885,887,-1,886,887,888,-1,887,889,888,-1,888,889,890,-1,888,890,891,-1,891,890,892,-1,892,890,893,-1,892,893,894,-1,893,895,894,-1,894,895,896,-1,894,896,897,-1,897,896,898,-1,897,898,899,-1,899,898,900,-1,900,898,901,-1,900,901,902,-1,902,901,903,-1,902,903,904,-1,904,903,905,-1,904,905,906,-1,905,907,906,-1,906,907,908,-1,906,908,909,-1,909,908,910,-1,910,908,911,-1,910,911,912,-1,911,913,912,-1,912,913,914,-1,912,914,915,-1,915,914,916,-1,915,916,917,-1,917,916,918,-1,917,918,919,-1,919,918,920,-1,920,918,921,-1,920,921,922,-1,921,923,922,-1,922,923,924,-1,922,924,925,-1,925,924,926,-1,925,926,927,-1,927,926,928,-1,929,930,928,-1,928,930,931,-1,928,931,927,-1,928,932,929,-1,929,932,933,-1,929,933,934,-1,934,933,935,-1,934,935,936,-1,935,937,936,-1,936,937,938,-1,936,938,939,-1,939,938,940,-1,939,940,941,-1,941,940,942,-1,942,940,943,-1,942,943,944,-1,944,943,945,-1,944,945,946,-1,945,947,946,-1,946,947,948,-1,946,948,949,-1,949,948,950,-1,949,950,951,-1,951,950,952,-1,952,950,953,-1,952,953,954,-1,953,955,954,-1,954,955,956,-1,954,956,957,-1,957,956,958,-1,957,958,959,-1,960,961,958,-1,958,961,962,-1,958,962,959,-1,960,963,961,-1,961,963,964,-1,961,964,965,-1,965,964,966,-1,965,966,967,-1,967,966,968,-1,967,968,969,-1,969,968,970,-1,970,968,971,-1,970,971,972,-1,972,971,973,-1,972,973,974,-1,973,975,974,-1,974,975,976,-1,974,976,977,-1,977,976,978,-1,979,980,981,-1,981,980,982,-1,981,982,978,-1,978,982,983,-1,978,983,977,-1,981,984,979,-1,979,984,985,-1,979,985,986,-1,986,985,987,-1,986,987,988,-1,988,987,989,-1,988,989,990,-1,990,989,991,-1,990,991,992,-1,992,991,993,-1,992,993,994,-1,994,993,995,-1,994,995,996,-1,996,995,997,-1,996,997,998,-1,998,997,999,-1,998,999,1000,-1,1000,999,1001,-1,1000,1001,1002,-1,1002,1001,1003,-1,1002,1003,1004,-1,1004,1003,1005,-1,1004,1005,1006,-1,1006,1005,1007,-1,1005,1008,1007,-1,1007,1008,1009,-1,1007,1009,1010,-1,1010,1009,1011,-1,1010,1011,1012,-1,1012,1011,1013,-1,1012,1013,1014,-1,1014,1013,1015,-1,1014,1015,1016,-1,1016,1015,1017,-1,1016,1017,1018,-1,1018,1017,1019,-1,1018,1019,1020,-1,1020,1019,1021,-1,1020,1021,1022,-1,1022,1021,1023,-1,1022,1023,1024,-1,1024,1023,1025,-1,1024,1025,1026,-1,1026,1025,1027,-1,1026,1027,1028,-1,1028,1027,1029,-1,1028,1029,1030,-1,1030,1029,1031,-1,1030,1031,1032,-1,1032,1031,1033,-1,1032,1033,1034,-1,1034,1033,1035,-1,1034,1035,1036,-1,1036,1035,1037,-1,1035,1038,1037,-1,1037,1038,1039,-1,1037,1039,1040,-1,1040,1039,1041,-1,1040,1041,1042,-1,1042,1041,1043,-1,1042,1043,1044,-1,1044,1043,1045,-1,1044,1045,1046,-1,1046,1045,1047,-1,1046,1047,1048,-1,1048,1047,1049,-1,1048,1049,1050,-1,1050,1049,1051,-1,1050,1051,1052,-1,1052,1051,1053,-1,1052,1053,1054,-1,1054,1053,1055,-1,1054,1055,1056,-1,1056,1055,1057,-1,1056,1057,1058,-1,1058,1057,1059,-1,1060,1061,1062,-1,1062,1061,1063,-1,1062,1063,1064,-1,1064,1063,1065,-1,1064,1065,1066,-1,1066,1065,1067,-1,1066,1067,1059,-1,1059,1067,1068,-1,1059,1068,1058,-1,1069,1070,1060,-1,1060,1070,1071,-1,1060,1071,1061,-1,1069,1072,1070,-1,1070,1072,1073,-1,1070,1073,1074,-1,1074,1073,1075,-1,1074,1075,1076,-1,1076,1075,1077,-1,1076,1077,1078,-1,1078,1077,1079,-1,1078,1079,1080,-1,1080,1079,1081,-1,1081,1079,1082,-1,1081,1082,1083,-1,1082,1084,1083,-1,1083,1084,1085,-1,1083,1085,1086,-1,1086,1085,1087,-1,1086,1087,1088,-1,1088,1087,1089,-1,1088,1089,1090,-1,1090,1089,1091,-1,1089,1092,1091,-1,1091,1092,1093,-1,1091,1093,1094,-1,1094,1093,1095,-1,1094,1095,1096,-1,1096,1095,1097,-1,1096,1097,1098,-1,1098,1097,1099,-1,1098,1099,1100,-1,1100,1099,1101,-1,1100,1101,1102,-1,1102,1101,1103,-1,1103,1101,1104,-1,1103,1104,1105,-1,1105,1104,1106,-1,1105,1106,1107,-1,1107,1106,1108,-1,1107,1108,1109,-1,1109,1108,1110,-1,1109,1110,1111,-1,1111,1110,1112,-1,1111,1112,1113,-1,1112,1114,1113,-1,1113,1114,1115,-1,1113,1115,1116,-1,1116,1115,1117,-1,1118,1119,1120,-1,1120,1119,1121,-1,1120,1121,1122,-1,1122,1121,1123,-1,1122,1123,1124,-1,1124,1123,1125,-1,1124,1125,1117,-1,1117,1125,1126,-1,1117,1126,1116,-1,1118,1127,1119,-1,1119,1127,1128,-1,1119,1128,1129,-1,1129,1128,1130,-1,1130,1128,1131,-1,1131,1128,1132,-1,1131,1132,1133,-1,1132,1134,1133,-1,1133,1134,1135,-1,1133,1135,1136,-1,1136,1135,1137,-1,1136,1137,1138,-1,1138,1137,1139,-1,1138,1139,1140,-1,1140,1139,1141,-1,1141,1139,1142,-1,1141,1142,1143,-1,1142,1144,1143,-1,1143,1144,1145,-1,1143,1145,1146,-1,1146,1145,1147,-1,1146,1147,1148,-1,1148,1147,1149,-1,1148,1149,1150,-1,1150,1149,1151,-1,1151,1149,1152,-1,1151,1152,1153,-1,1153,1152,1154,-1,1153,1154,1155,-1,1155,1154,1156,-1,1155,1156,1157,-1,1156,1158,1157,-1,1157,1158,1159,-1,1157,1159,1160,-1,1160,1159,1161,-1,1160,1161,1162,-1,1162,1161,1163,-1,1163,1161,1164,-1,1163,1164,1165,-1,1164,1166,1165,-1,1165,1166,1167,-1,1165,1167,1168,-1,1168,1167,1169,-1,1169,1167,1170,-1,1169,1170,1171,-1,1170,1172,1171,-1,1171,1172,1173,-1,1171,1173,1174,-1,1174,1173,1175,-1,1174,1175,1176,-1,1176,1175,1177,-1,1178,1179,1177,-1,1177,1179,1180,-1,1177,1180,1176,-1,1177,1181,1178,-1,1178,1181,1182,-1,1178,1182,1183,-1,1183,1182,1184,-1,1183,1184,1185,-1,1184,1186,1185,-1,1185,1186,1187,-1,1185,1187,1188,-1,1188,1187,1189,-1,1188,1189,1190,-1,1190,1189,1191,-1,1191,1189,1192,-1,1191,1192,1193,-1,1193,1192,1194,-1,1193,1194,1195,-1,1195,1194,1196,-1,1195,1196,1197,-1,1197,1196,1198,-1,1197,1198,1199,-1,1199,1198,1200,-1,1199,1200,1201,-1,1201,1200,1202,-1,1201,1202,1203,-1,1204,1205,1206,-1,1206,1205,1203,-1,1206,1203,1207,-1,1207,1203,1202,-1,1208,1209,626,-1,626,1209,1210,-1,626,1210,628,-1,628,1210,1211,-1,628,1211,631,-1,631,1211,1212,-1,631,1212,633,-1,633,1212,1213,-1,633,1213,635,-1,635,1213,1214,-1,635,1214,637,-1,637,1214,1215,-1,637,1215,638,-1,638,1215,1216,-1,638,1216,640,-1,640,1216,1217,-1,640,1217,649,-1,649,1217,1218,-1,649,1218,648,-1,648,1218,1219,-1,648,1219,646,-1,646,1219,1220,-1,646,1220,1221,-1,1221,1220,1222,-1,1221,1222,1223,-1,1223,1222,1224,-1,1223,1224,1225,-1,1225,1224,1226,-1,1225,1226,1227,-1,1227,1226,1228,-1,1227,1228,1229,-1,1229,1228,1230,-1,1229,1230,1231,-1,1231,1230,1232,-1,1231,1232,1233,-1,1233,1232,1234,-1,1233,1234,1235,-1,1235,1234,1236,-1,1235,1236,1237,-1,1237,1236,1238,-1,1237,1238,1239,-1,1239,1238,1240,-1,1239,1240,1241,-1,1241,1240,1242,-1,1241,1242,1243,-1,1243,1242,1244,-1,1243,1244,1245,-1,1245,1244,1246,-1,1245,1246,1204,-1,1204,1246,1247,-1,1204,1247,1205,-1,626,625,1208,-1,1208,625,617,-1,1208,617,1248,-1,1248,617,620,-1,1248,620,1249,-1,1249,620,1250,-1,620,622,1250,-1,1250,622,621,-1,1250,621,1251,-1,1251,621,615,-1,1251,615,1252,-1,1252,615,612,-1,1252,612,1253,-1,1253,612,610,-1,1253,610,1254,-1,1254,610,609,-1,1254,609,1255,-1,1255,609,601,-1,1255,601,1256,-1,1256,601,599,-1,1256,599,1257,-1,1257,599,597,-1,1257,597,1258,-1,1258,597,1259,-1,1259,597,596,-1,1259,596,1260,-1,1260,596,606,-1,1260,606,1261,-1,606,604,1261,-1,1261,604,603,-1,1261,603,1262,-1,1262,603,593,-1,1262,593,1263,-1,1263,593,591,-1,1263,591,1264,-1,1264,591,1265,-1,1265,591,589,-1,1265,589,1266,-1,589,587,1266,-1,1266,587,586,-1,1266,586,1267,-1,1267,586,583,-1,1267,583,1268,-1,1268,583,1269,-1,1269,583,581,-1,1269,581,1270,-1,1270,581,580,-1,1270,580,1271,-1,580,574,1271,-1,1271,574,575,-1,1271,575,1272,-1,1272,575,577,-1,1272,577,1273,-1,1273,577,576,-1,1273,576,1274,-1,1274,576,1275,-1,1275,576,569,-1,1275,569,1276,-1,569,567,1276,-1,1276,567,566,-1,1276,566,1277,-1,1277,566,563,-1,1277,563,1278,-1,1278,563,1279,-1,1279,563,561,-1,1279,561,1280,-1,1280,561,559,-1,1280,559,1281,-1,1281,559,557,-1,1281,557,1282,-1,1282,557,555,-1,1282,555,1283,-1,1283,555,554,-1,1283,554,1284,-1,1284,554,551,-1,1284,551,1285,-1,1285,551,549,-1,1285,549,1286,-1,1286,549,547,-1,1286,547,1287,-1,547,545,1287,-1,1287,545,543,-1,1287,543,1288,-1,1288,543,1289,-1,1289,543,541,-1,1289,541,1290,-1,535,1291,537,-1,537,1291,1290,-1,537,1290,539,-1,539,1290,541,-1,1292,1293,533,-1,533,1293,1294,-1,533,1294,535,-1,535,1294,1295,-1,535,1295,1291,-1,533,532,1292,-1,1292,532,521,-1,1292,521,1296,-1,1296,521,523,-1,1296,523,1297,-1,523,525,1297,-1,1297,525,527,-1,1297,527,1298,-1,1298,527,529,-1,1298,529,1299,-1,1299,529,1300,-1,1300,529,395,-1,1300,395,1301,-1,395,394,1301,-1,1301,394,507,-1,1301,507,1302,-1,1302,507,508,-1,1302,508,1303,-1,1303,508,1304,-1,1304,508,510,-1,1304,510,1305,-1,1305,510,512,-1,1305,512,1306,-1,1306,512,514,-1,1306,514,677,-1,677,514,516,-1,677,516,506,-1,676,506,1307,-1,1307,506,504,-1,1307,504,1308,-1,1308,504,502,-1,1308,502,1309,-1,1309,502,501,-1,1309,501,1310,-1,501,499,1310,-1,1310,499,497,-1,1310,497,1311,-1,1311,497,495,-1,1311,495,1312,-1,1312,495,1313,-1,1313,495,493,-1,1313,493,1314,-1,493,491,1314,-1,1314,491,489,-1,1314,489,1315,-1,1315,489,487,-1,1315,487,1316,-1,485,1317,487,-1,487,1317,1318,-1,487,1318,1316,-1,485,483,1317,-1,1317,483,482,-1,1317,482,1319,-1,1319,482,650,-1,1319,650,1320,-1,1320,650,651,-1,1320,651,1321,-1,1321,651,1322,-1,1322,651,654,-1,1322,654,1323,-1,1323,654,653,-1,1323,653,1324,-1,653,652,1324,-1,1324,652,661,-1,1324,661,1325,-1,1325,661,660,-1,1326,1327,659,-1,659,1327,1328,-1,659,1328,660,-1,660,1328,1329,-1,660,1329,1325,-1,659,658,1326,-1,1326,658,657,-1,1326,657,1330,-1,1330,657,656,-1,1330,656,1331,-1,1331,656,655,-1,1331,655,1332,-1,1332,655,664,-1,1332,664,1333,-1,1333,664,663,-1,1333,663,1334,-1,1334,663,662,-1,1334,662,1335,-1,1335,662,668,-1,1335,668,1336,-1,1336,668,667,-1,1336,667,1337,-1,1337,667,666,-1,1337,666,1338,-1,1338,666,665,-1,1338,665,1339,-1,1339,665,671,-1,1339,671,1340,-1,1340,671,1341,-1,1341,671,670,-1,1341,670,1342,-1,670,669,1342,-1,1342,669,675,-1,1342,675,1343,-1,1343,675,674,-1,1343,674,1344,-1,1344,674,673,-1,1344,673,1345,-1,1345,673,672,-1,1345,672,1346,-1,1346,672,1347,-1,1346,1347,1348,-1,1348,1347,1349,-1,1348,1349,1350,-1,1350,1349,1351,-1,1350,1351,1352,-1,1352,1351,1353,-1,1352,1353,1354,-1,1354,1353,1355,-1,1354,1355,1356,-1,1356,1355,1357,-1,1356,1357,1358,-1,1358,1357,1359,-1,1358,1359,1360,-1,1360,1359,1361,-1,1360,1361,1362,-1,1362,1361,1363,-1,1362,1363,1364,-1,1364,1363,1365,-1,1364,1365,1366,-1,1366,1365,1367,-1,1366,1367,1368,-1,1368,1367,1369,-1,1368,1369,1370,-1,1370,1369,1371,-1,1370,1371,1372,-1,1372,1371,1373,-1,1372,1373,1374,-1,1374,1373,1375,-1,1374,1375,1376,-1,1376,1375,1377,-1,1376,1377,1378,-1,1378,1377,1379,-1,1378,1379,1380,-1,1380,1379,1381,-1,1381,1379,1382,-1,1381,1382,1383,-1,1382,1384,1383,-1,1383,1384,1385,-1,1383,1385,1386,-1,1386,1385,1387,-1,1386,1387,1388,-1,1388,1387,1389,-1,1389,1387,1390,-1,1389,1390,1391,-1,1390,1392,1391,-1,1391,1392,1393,-1,1391,1393,1394,-1,1394,1393,1395,-1,1394,1395,1396,-1,1396,1395,1397,-1,1396,1397,1398,-1,1398,1397,1399,-1,1398,1399,1400,-1,1400,1399,1401,-1,1400,1401,1402,-1,1402,1401,1403,-1,1402,1403,1404,-1,1404,1403,1405,-1,1404,1405,1406,-1,1406,1405,1407,-1,1406,1407,1408,-1,1408,1407,1409,-1,1409,1407,1410,-1,1409,1410,1411,-1,1411,1410,1412,-1,1411,1412,1413,-1,1412,1414,1413,-1,1413,1414,1415,-1,1413,1415,1416,-1,1416,1415,1417,-1,1416,1417,1418,-1,1418,1417,1419,-1,1418,1419,1420,-1,1420,1419,1421,-1,1420,1421,1422,-1,1422,1421,1423,-1,1422,1423,1424,-1,1424,1423,1425,-1,1424,1425,1426,-1,1426,1425,1427,-1,1427,1425,1428,-1,1427,1428,1429,-1,1429,1428,1430,-1,1429,1430,1431,-1,1430,1432,1431,-1,1431,1432,1433,-1,1431,1433,1434,-1,1434,1433,1435,-1,1434,1435,1436,-1,1436,1435,1437,-1,1437,1435,1438,-1,1437,1438,1439,-1,1439,1438,1440,-1,1439,1440,1441,-1,1441,1440,1442,-1,1441,1442,1443,-1,1443,1442,1444,-1,1443,1444,1445,-1,1444,1446,1445,-1,1445,1446,1447,-1,1445,1447,1448,-1,1448,1447,1449,-1,1448,1449,1450,-1,1450,1449,1451,-1,1451,1449,1452,-1,1451,1452,1453,-1,1453,1452,1454,-1,1453,1454,1455,-1,1456,1457,1458,-1,1458,1459,1456,-1,1456,1459,1460,-1,1456,1460,1455,-1,1455,1460,1461,-1,1455,1461,1453,-1,1457,1462,1458,-1,1458,1462,1463,-1,1458,1463,1464,-1,1464,1463,1465,-1,1464,1465,1466,-1,1466,1465,1467,-1,1466,1467,1468,-1,1468,1467,1469,-1,1469,1467,1470,-1,1469,1470,1471,-1,1471,1470,1472,-1,1471,1472,1473,-1,1472,1474,1473,-1,1473,1474,1475,-1,1473,1475,1476,-1,1476,1475,1477,-1,1478,1479,1480,-1,1480,1479,1481,-1,1481,1479,1482,-1,1482,1479,1483,-1,1482,1483,1484,-1,1484,1483,1485,-1,1484,1485,1477,-1,1477,1485,1486,-1,1477,1486,1476,-1,1478,1480,1487,-1,1487,1480,1488,-1,1487,1488,1489,-1,1489,1488,1490,-1,1489,1490,1491,-1,1491,1490,1492,-1,1491,1492,1493,-1,1492,1494,1493,-1,1493,1494,1495,-1,1493,1495,1496,-1,1496,1495,1497,-1,1496,1497,1498,-1,1498,1497,1499,-1,1497,1500,1499,-1,1499,1500,1501,-1,1499,1501,1502,-1,1502,1501,1503,-1,1502,1503,1504,-1,1504,1503,1505,-1,1504,1505,1506,-1,1507,1508,1505,-1,1505,1508,1509,-1,1505,1509,1506,-1,1507,1510,1508,-1,1508,1510,1511,-1,1508,1511,1512,-1,1512,1511,1513,-1,1512,1513,1514,-1,1514,1513,1515,-1,1514,1515,1516,-1,1516,1515,1517,-1,1517,1515,1518,-1,1517,1518,1519,-1,1519,1518,1520,-1,1519,1520,1521,-1,1521,1520,1522,-1,1521,1522,1523,-1,1523,1522,1524,-1,1523,1524,1525,-1,1525,1524,1526,-1,1525,1526,1527,-1,1527,1526,1528,-1,1527,1528,1529,-1,1529,1528,1530,-1,1529,1530,1531,-1,1530,1532,1531,-1,1531,1532,1533,-1,1531,1533,1534,-1,1534,1533,1535,-1,1534,1535,1536,-1,1536,1535,1537,-1,1537,1535,1538,-1,1537,1538,1539,-1,1539,1538,1540,-1,1539,1540,1541,-1,1541,1540,1542,-1,1541,1542,1543,-1,1543,1542,1544,-1,1543,1544,1545,-1,1545,1544,1546,-1,1545,1546,1547,-1,1547,1546,1548,-1,1547,1548,1549,-1,1549,1548,1550,-1,1549,1550,1551,-1,1551,1550,1552,-1,1551,1552,1553,-1,1553,1552,1554,-1,1554,1552,1555,-1,1554,1555,1556,-1,1555,1557,1556,-1,1556,1557,1558,-1,1556,1558,1559,-1,1559,1558,1560,-1,1559,1560,1561,-1,1561,1560,406,-1,1561,406,1562,-1,1562,406,405,-1,1562,405,1563,-1,1563,405,410,-1,1563,410,1564,-1,1564,410,409,-1,1564,409,408,-1,1565,1566,426,-1,426,1566,1567,-1,426,1567,427,-1,427,1567,1568,-1,427,1568,428,-1,428,1568,1569,-1,428,1569,429,-1,429,1569,1570,-1,429,1570,403,-1,403,1570,1571,-1,403,1571,404,-1,404,1571,1572,-1,404,1572,422,-1,422,1572,1573,-1,422,1573,423,-1,423,1573,1574,-1,423,1574,424,-1,424,1574,1575,-1,424,1575,418,-1,418,1575,1576,-1,418,1576,419,-1,419,1576,1577,-1,419,1577,420,-1,420,1577,1578,-1,420,1578,421,-1,421,1578,1579,-1,421,1579,415,-1,415,1579,1580,-1,415,1580,416,-1,416,1580,1581,-1,416,1581,417,-1,417,1581,1582,-1,417,1582,412,-1,412,1582,1583,-1,412,1583,411,-1,411,1583,1584,-1,411,1584,413,-1,413,1584,1585,-1,413,1585,414,-1,414,1585,1586,-1,414,1586,407,-1,407,1586,1587,-1,407,1587,408,-1,408,1587,1588,-1,408,1588,1564,-1,426,425,1565,-1,1565,425,432,-1,1565,432,1589,-1,1589,432,431,-1,1589,431,1590,-1,1590,431,430,-1,1590,430,1591,-1,1591,430,402,-1,1591,402,1592,-1,1592,402,401,-1,1592,401,1593,-1,1593,401,434,-1,1593,434,1594,-1,1594,434,433,-1,1594,433,1595,-1,1595,433,439,-1,1595,439,1596,-1,1596,439,438,-1,1596,438,1597,-1,1597,438,1598,-1,438,437,1598,-1,1598,437,440,-1,1598,440,1599,-1,1599,440,436,-1,1599,436,1600,-1,1600,436,435,-1,1600,435,1601,-1,1601,435,443,-1,1601,443,1602,-1,1602,443,442,-1,1602,442,1603,-1,1603,442,441,-1,1603,441,1604,-1,1604,441,446,-1,1604,446,1605,-1,1605,446,445,-1,1605,445,1606,-1,1606,445,1607,-1,445,444,1607,-1,1607,444,400,-1,1607,400,1608,-1,1608,400,399,-1,1608,399,1609,-1,1609,399,449,-1,1609,449,1610,-1,1610,449,448,-1,1610,448,1611,-1,1611,448,447,-1,1611,447,1612,-1,1612,447,1613,-1,1613,447,398,-1,1613,398,1614,-1,398,397,1614,-1,1614,397,453,-1,1614,453,1615,-1,1615,453,452,-1,1615,452,1616,-1,1616,452,451,-1,1616,451,1617,-1,1617,451,450,-1,1617,450,1618,-1,1618,450,458,-1,1618,458,1619,-1,1619,458,457,-1,1619,457,1620,-1,456,1621,457,-1,457,1621,1622,-1,457,1622,1620,-1,456,455,1621,-1,1621,455,454,-1,1621,454,1623,-1,1623,454,464,-1,1623,464,1624,-1,1624,464,463,-1,1624,463,1625,-1,1625,463,462,-1,1625,462,1626,-1,1626,462,1627,-1,462,461,1627,-1,1627,461,460,-1,1627,460,1628,-1,1628,460,459,-1,1628,459,1629,-1,1629,459,465,-1,1629,465,1630,-1,1630,465,1631,-1,1631,465,466,-1,1631,466,1632,-1,1632,466,471,-1,1632,471,1633,-1,471,470,1633,-1,1633,470,469,-1,1633,469,1634,-1,1634,469,468,-1,1634,468,1635,-1,1635,468,467,-1,1635,467,1636,-1,1636,467,1637,-1,1637,467,476,-1,1637,476,1638,-1,476,475,1638,-1,1638,475,474,-1,1638,474,1639,-1,1639,474,477,-1,1639,477,1640,-1,1640,477,1641,-1,479,1642,478,-1,478,1642,1643,-1,478,1643,480,-1,480,1643,1644,-1,480,1644,481,-1,481,1644,1645,-1,481,1645,472,-1,472,1645,1641,-1,472,1641,473,-1,473,1641,477,-1,249,250,1646,-1,1647,1648,1649,-1,1650,1651,1652,-1,1652,1651,1653,-1,1654,1655,1656,-1,578,579,1657,-1,1658,1659,486,-1,486,1659,1660,-1,486,1660,484,-1,486,488,1658,-1,1658,488,490,-1,1658,490,1661,-1,1661,490,492,-1,1661,492,1662,-1,1662,492,494,-1,1662,494,1663,-1,1663,494,496,-1,1663,496,1664,-1,1664,496,1665,-1,503,1666,500,-1,500,1666,1665,-1,500,1665,498,-1,498,1665,496,-1,505,1667,503,-1,503,1667,1668,-1,503,1668,1666,-1,518,1669,505,-1,505,1669,1670,-1,505,1670,1667,-1,518,517,1669,-1,1669,517,515,-1,1669,515,1671,-1,1671,515,513,-1,1671,513,1672,-1,1672,513,511,-1,1672,511,1673,-1,1673,511,1674,-1,1674,511,509,-1,1674,509,1675,-1,1675,509,396,-1,1675,396,1676,-1,396,531,1676,-1,1676,531,530,-1,1676,530,1677,-1,1677,530,528,-1,1677,528,1678,-1,1678,528,1679,-1,1679,528,526,-1,1679,526,1680,-1,1680,526,524,-1,1680,524,1681,-1,1681,524,522,-1,1681,522,1682,-1,522,520,1682,-1,1682,520,519,-1,1682,519,1683,-1,1683,519,534,-1,1683,534,1684,-1,1684,534,1685,-1,534,536,1685,-1,1685,536,538,-1,1685,538,1686,-1,1686,538,540,-1,1686,540,1687,-1,1687,540,1688,-1,1688,540,542,-1,1688,542,1689,-1,542,544,1689,-1,1689,544,546,-1,1689,546,1690,-1,1690,546,548,-1,1690,548,1691,-1,1691,548,550,-1,1692,1693,550,-1,550,1693,1694,-1,550,1694,1691,-1,550,552,1692,-1,1692,552,553,-1,1692,553,1695,-1,1695,553,556,-1,1695,556,1696,-1,556,558,1696,-1,1696,558,560,-1,1696,560,1697,-1,1697,560,1698,-1,1698,560,562,-1,1698,562,1699,-1,1699,562,564,-1,1699,564,1700,-1,564,565,1700,-1,1700,565,568,-1,1700,568,1701,-1,1701,568,570,-1,1701,570,1702,-1,1702,570,571,-1,1657,1703,578,-1,578,1703,1704,-1,578,1704,571,-1,571,1704,1705,-1,571,1705,1702,-1,579,573,1657,-1,1657,573,572,-1,1657,572,1706,-1,1706,572,582,-1,1706,582,1707,-1,1707,582,1708,-1,1708,582,584,-1,1708,584,1709,-1,1709,584,585,-1,1709,585,1710,-1,1710,585,588,-1,1710,588,1711,-1,1711,588,590,-1,1711,590,1712,-1,1712,590,592,-1,1712,592,1713,-1,592,594,1713,-1,1713,594,605,-1,1713,605,1714,-1,1714,605,607,-1,1714,607,1715,-1,1715,607,608,-1,1715,608,1716,-1,1716,608,1717,-1,1717,608,595,-1,1717,595,1718,-1,1718,595,598,-1,1718,598,1719,-1,1719,598,600,-1,1719,600,1720,-1,1720,600,602,-1,1720,602,1721,-1,1721,602,611,-1,1721,611,1722,-1,1722,611,613,-1,1722,613,1723,-1,1723,613,614,-1,1723,614,1724,-1,1724,614,616,-1,1724,616,1725,-1,1725,616,623,-1,1725,623,1726,-1,1726,623,624,-1,1726,624,1727,-1,1727,624,619,-1,1727,619,1728,-1,1728,619,618,-1,1728,618,1729,-1,1729,618,627,-1,1729,627,1730,-1,1730,627,629,-1,1730,629,1731,-1,1731,629,630,-1,1731,630,1732,-1,1732,630,632,-1,1732,632,1733,-1,1733,632,634,-1,1733,634,1734,-1,1734,634,636,-1,1734,636,1735,-1,1735,636,639,-1,1735,639,1736,-1,639,643,1736,-1,1736,643,642,-1,1736,642,1737,-1,1737,642,1738,-1,1738,642,641,-1,1738,641,1739,-1,1739,641,647,-1,1739,647,1740,-1,1740,647,645,-1,1740,645,1741,-1,1741,645,644,-1,1741,644,1742,-1,1742,644,1743,-1,1742,1743,1744,-1,1744,1743,1745,-1,1744,1745,1746,-1,1746,1745,1747,-1,1746,1747,1748,-1,1748,1747,1749,-1,1748,1749,1750,-1,1750,1749,1751,-1,1750,1751,1752,-1,1752,1751,1753,-1,1752,1753,1754,-1,1754,1753,1755,-1,1754,1755,1756,-1,1756,1755,1757,-1,1756,1757,1758,-1,1758,1757,1759,-1,1758,1759,1760,-1,1760,1759,1761,-1,1760,1761,1762,-1,1762,1761,1763,-1,1762,1763,1764,-1,1764,1763,1765,-1,1764,1765,1766,-1,1766,1765,1767,-1,1766,1767,1768,-1,1768,1767,1769,-1,1768,1769,1770,-1,1770,1769,1771,-1,1770,1771,1772,-1,1772,1771,1773,-1,1772,1773,1774,-1,1774,1773,1775,-1,1774,1775,1776,-1,1776,1775,1777,-1,1777,1775,1778,-1,1777,1778,1779,-1,1778,1780,1779,-1,1779,1780,1781,-1,1779,1781,1782,-1,1782,1781,1783,-1,1782,1783,1784,-1,1784,1783,1785,-1,1783,1786,1785,-1,1785,1786,1787,-1,1785,1787,1788,-1,1788,1787,1789,-1,1788,1789,1790,-1,1790,1789,1791,-1,1790,1791,1792,-1,1792,1791,1793,-1,1792,1793,1794,-1,1794,1793,1795,-1,1794,1795,1796,-1,1796,1795,1797,-1,1797,1795,1798,-1,1797,1798,1799,-1,1798,1800,1799,-1,1799,1800,1801,-1,1799,1801,1802,-1,1802,1801,1803,-1,1802,1803,1804,-1,1804,1803,1805,-1,1805,1803,1806,-1,1805,1806,1807,-1,1807,1806,1808,-1,1807,1808,1809,-1,1808,1810,1809,-1,1809,1810,1811,-1,1809,1811,1812,-1,1812,1811,1813,-1,1812,1813,1814,-1,1814,1813,1815,-1,1816,1817,1818,-1,1818,1817,1819,-1,1818,1819,1820,-1,1820,1819,1821,-1,1820,1821,1822,-1,1822,1821,1823,-1,1822,1823,1815,-1,1815,1823,1824,-1,1815,1824,1814,-1,1818,1825,1816,-1,1816,1825,1826,-1,1816,1826,1827,-1,1827,1826,1828,-1,1827,1828,1829,-1,1829,1828,1830,-1,1829,1830,1831,-1,1831,1830,1832,-1,1831,1832,1833,-1,1832,1834,1833,-1,1833,1834,1835,-1,1833,1835,1836,-1,1836,1835,1837,-1,1836,1837,1838,-1,1838,1837,1839,-1,1838,1839,1840,-1,1840,1839,1841,-1,1840,1841,1842,-1,1842,1841,1843,-1,1842,1843,1844,-1,1844,1843,1845,-1,1845,1843,1846,-1,1845,1846,1847,-1,1846,1848,1847,-1,1847,1848,1849,-1,1847,1849,1850,-1,1850,1849,1851,-1,1850,1851,1852,-1,1852,1851,1853,-1,1852,1853,1854,-1,1854,1853,1855,-1,1855,1853,1856,-1,1855,1856,1857,-1,1857,1856,1858,-1,1857,1858,1859,-1,1859,1858,1860,-1,1859,1860,1861,-1,1860,1862,1861,-1,1861,1862,1863,-1,1861,1863,1864,-1,1864,1863,1865,-1,1864,1865,1866,-1,1866,1865,1867,-1,1865,1868,1867,-1,1867,1868,1869,-1,1867,1869,1870,-1,1870,1869,1871,-1,1870,1871,1872,-1,1872,1871,1873,-1,1873,1871,1874,-1,1873,1874,1875,-1,1875,1874,1876,-1,1875,1876,1877,-1,1877,1876,1878,-1,1877,1878,1879,-1,1878,1880,1879,-1,1879,1880,1881,-1,1879,1881,1882,-1,1882,1881,1883,-1,1884,1885,1886,-1,1886,1885,1887,-1,1886,1887,1888,-1,1888,1887,1889,-1,1888,1889,1890,-1,1890,1889,1891,-1,1890,1891,1883,-1,1883,1891,1892,-1,1883,1892,1882,-1,1893,1894,1884,-1,1884,1894,1895,-1,1884,1895,1885,-1,1893,1896,1894,-1,1894,1896,1897,-1,1894,1897,1898,-1,1898,1897,1899,-1,1898,1899,1900,-1,1900,1899,1901,-1,1902,1903,1901,-1,1901,1903,1904,-1,1901,1904,1900,-1,1901,1905,1902,-1,1902,1905,1906,-1,1902,1906,1907,-1,1907,1906,1908,-1,1907,1908,1909,-1,1908,1910,1909,-1,1909,1910,1911,-1,1909,1911,1912,-1,1912,1911,1913,-1,1912,1913,1914,-1,1914,1913,1915,-1,1915,1913,1916,-1,1915,1916,1917,-1,1917,1916,1918,-1,1917,1918,1919,-1,1919,1918,1920,-1,1919,1920,1921,-1,1921,1920,1922,-1,1921,1922,1923,-1,1923,1922,1924,-1,1923,1924,1925,-1,1925,1924,1926,-1,1925,1926,1927,-1,1928,1929,1930,-1,1930,1929,1927,-1,1930,1927,1931,-1,1931,1927,1926,-1,1932,1933,1934,-1,1934,1933,1935,-1,1934,1935,1936,-1,1936,1935,1937,-1,1936,1937,1938,-1,1938,1937,1939,-1,1938,1939,1940,-1,1940,1939,1941,-1,1940,1941,1942,-1,1942,1941,1943,-1,1942,1943,1944,-1,1944,1943,1945,-1,1944,1945,1946,-1,1946,1945,1947,-1,1946,1947,1948,-1,1948,1947,1949,-1,1948,1949,1950,-1,1950,1949,1951,-1,1950,1951,1928,-1,1928,1951,1952,-1,1928,1952,1929,-1,1934,1953,1932,-1,1932,1953,1954,-1,1932,1954,1955,-1,1955,1954,1956,-1,1955,1956,1957,-1,1957,1956,1958,-1,1957,1958,1959,-1,1959,1958,1960,-1,1959,1960,1961,-1,1961,1960,1962,-1,1961,1962,1963,-1,1963,1962,1964,-1,1963,1964,1965,-1,1965,1964,1966,-1,1965,1966,1967,-1,1967,1966,1968,-1,1967,1968,1969,-1,1969,1968,1970,-1,1969,1970,1971,-1,1971,1970,1972,-1,1971,1972,1973,-1,1973,1972,1974,-1,1973,1974,1975,-1,1975,1974,1976,-1,1975,1976,1977,-1,1977,1976,1978,-1,1977,1978,1979,-1,1979,1978,1980,-1,1979,1980,1981,-1,1981,1980,1982,-1,1981,1982,1983,-1,1983,1982,1984,-1,1983,1984,1985,-1,1985,1984,1986,-1,1985,1986,1987,-1,1987,1986,1988,-1,1987,1988,1989,-1,1989,1988,1990,-1,1989,1990,1991,-1,1991,1990,1992,-1,1991,1992,1993,-1,1993,1992,1994,-1,1993,1994,1995,-1,1995,1994,1996,-1,1994,1997,1996,-1,1996,1997,1998,-1,1996,1998,1999,-1,1999,1998,2000,-1,1999,2000,2001,-1,2001,2000,2002,-1,2001,2002,2003,-1,2003,2002,2004,-1,2004,2002,2005,-1,2004,2005,2006,-1,2005,2007,2006,-1,2006,2007,2008,-1,2006,2008,2009,-1,2009,2008,2010,-1,2009,2010,2011,-1,2011,2010,2012,-1,2011,2012,2013,-1,2013,2012,2014,-1,2013,2014,2015,-1,2015,2014,2016,-1,2016,2014,2017,-1,2016,2017,2018,-1,2017,2019,2018,-1,2018,2019,2020,-1,2018,2020,2021,-1,2021,2020,2022,-1,2021,2022,2023,-1,2023,2022,2024,-1,2024,2022,2025,-1,2024,2025,2026,-1,2026,2025,2027,-1,2026,2027,2028,-1,2027,2029,2028,-1,2028,2029,2030,-1,2028,2030,2031,-1,2031,2030,2032,-1,2031,2032,2033,-1,2033,2032,2034,-1,2033,2034,2035,-1,2035,2034,2036,-1,2035,2036,2037,-1,2037,2036,2038,-1,2037,2038,2039,-1,2039,2038,2040,-1,2039,2040,2041,-1,2041,2040,2042,-1,2041,2042,2043,-1,2043,2042,2044,-1,2044,2042,2045,-1,2044,2045,2046,-1,2045,2047,2046,-1,2046,2047,2048,-1,2046,2048,2049,-1,2049,2048,2050,-1,2049,2050,2051,-1,2051,2050,2052,-1,2052,2050,2053,-1,2052,2053,2054,-1,2054,2053,2055,-1,2054,2055,2056,-1,2056,2055,2057,-1,2056,2057,2058,-1,2058,2057,2059,-1,2058,2059,2060,-1,2059,2061,2060,-1,2060,2061,2062,-1,2060,2062,2063,-1,2063,2062,2064,-1,2064,2062,2065,-1,2064,2065,2066,-1,2065,2067,2066,-1,2066,2067,2068,-1,2066,2068,2069,-1,2069,2068,2070,-1,2071,2072,2070,-1,2070,2072,2073,-1,2070,2073,2069,-1,2074,2075,2071,-1,2071,2075,2076,-1,2071,2076,2072,-1,2074,2077,2075,-1,2075,2077,2078,-1,2075,2078,2079,-1,2079,2078,2080,-1,2079,2080,2081,-1,2081,2080,2082,-1,2081,2082,2083,-1,2083,2082,2084,-1,2083,2084,2085,-1,2085,2084,2086,-1,2086,2084,2087,-1,2086,2087,2088,-1,2087,2089,2088,-1,2088,2089,2090,-1,2088,2090,2091,-1,2091,2090,2092,-1,2091,2092,2093,-1,2093,2092,2094,-1,2094,2092,2095,-1,2094,2095,2096,-1,2096,2095,2097,-1,2096,2097,1655,-1,1655,2097,2098,-1,1655,2098,1656,-1,1654,1656,2099,-1,2099,1656,2100,-1,2099,2100,2101,-1,2100,2102,2101,-1,2101,2102,2103,-1,2101,2103,2104,-1,2104,2103,2105,-1,2104,2105,2106,-1,2106,2105,2107,-1,2106,2107,2108,-1,2108,2107,2109,-1,2108,2109,2110,-1,2110,2109,2111,-1,2111,2109,2112,-1,2111,2112,2113,-1,2112,2114,2113,-1,2113,2114,2115,-1,2113,2115,2116,-1,2116,2115,2117,-1,2116,2117,2118,-1,2119,2120,2117,-1,2117,2120,2121,-1,2117,2121,2118,-1,2119,2122,2120,-1,2120,2122,2123,-1,2120,2123,2124,-1,2124,2123,2125,-1,2124,2125,2126,-1,2126,2125,2127,-1,2126,2127,2128,-1,2128,2127,2129,-1,2129,2127,2130,-1,2129,2130,2131,-1,2131,2130,2132,-1,2131,2132,2133,-1,2134,2135,2136,-1,2136,2135,2133,-1,2136,2133,2137,-1,2137,2133,2132,-1,2138,2139,2140,-1,2140,2141,2138,-1,2138,2141,2142,-1,2138,2142,2143,-1,2143,2142,2144,-1,2143,2144,2134,-1,2134,2144,2145,-1,2134,2145,2135,-1,2139,2146,2140,-1,2140,2146,2147,-1,2140,2147,2148,-1,2148,2147,2149,-1,2148,2149,2150,-1,2150,2149,2151,-1,2151,2149,2152,-1,2151,2152,2153,-1,2153,2152,2154,-1,2153,2154,2155,-1,2155,2154,2156,-1,2155,2156,2157,-1,2157,2156,2158,-1,2157,2158,2159,-1,2159,2158,2160,-1,2159,2160,2161,-1,2161,2160,2162,-1,2161,2162,2163,-1,2163,2162,2164,-1,2163,2164,2165,-1,2165,2164,2166,-1,2166,2164,2167,-1,2166,2167,2168,-1,2167,2169,2168,-1,2168,2169,2170,-1,2168,2170,2171,-1,2171,2170,2172,-1,2171,2172,2173,-1,2173,2172,2174,-1,2173,2174,2175,-1,2175,2174,2176,-1,2175,2176,2177,-1,2177,2176,2178,-1,2177,2178,2179,-1,2179,2178,2180,-1,2179,2180,2181,-1,2181,2180,2182,-1,2181,2182,2183,-1,2183,2182,2184,-1,2183,2184,2185,-1,2185,2184,2186,-1,2185,2186,2187,-1,2187,2186,2188,-1,2187,2188,2189,-1,2189,2188,2190,-1,2189,2190,2191,-1,2191,2190,2192,-1,2190,2193,2192,-1,2192,2193,2194,-1,2192,2194,2195,-1,2195,2194,2196,-1,2195,2196,2197,-1,2197,2196,2198,-1,2197,2198,2199,-1,2199,2198,2200,-1,2199,2200,2201,-1,2201,2200,2202,-1,2201,2202,2203,-1,2203,2202,2204,-1,2202,2205,2204,-1,2204,2205,2206,-1,2204,2206,2207,-1,2207,2206,2208,-1,2207,2208,2209,-1,2209,2208,2210,-1,2209,2210,2211,-1,2211,2210,2212,-1,2211,2212,2213,-1,2213,2212,2214,-1,2214,2212,2215,-1,2214,2215,2216,-1,2215,2217,2216,-1,2216,2217,2218,-1,2216,2218,2219,-1,2219,2218,2220,-1,2219,2220,2221,-1,2221,2220,2222,-1,2222,2220,2223,-1,2222,2223,2224,-1,2223,2225,2224,-1,2224,2225,2226,-1,2224,2226,2227,-1,2227,2226,2228,-1,2227,2228,2229,-1,2229,2228,2230,-1,2229,2230,2231,-1,2231,2230,2232,-1,2231,2232,2233,-1,2233,2232,2234,-1,2233,2234,2235,-1,2235,2234,2236,-1,2235,2236,2237,-1,2237,2236,2238,-1,2237,2238,2239,-1,2239,2238,2240,-1,2239,2240,2241,-1,2241,2240,2242,-1,2242,2240,2243,-1,2242,2243,2244,-1,2244,2243,2245,-1,2244,2245,2246,-1,2245,2247,2246,-1,2246,2247,2248,-1,2246,2248,2249,-1,2249,2248,2250,-1,2249,2250,2251,-1,2251,2250,2252,-1,2251,2252,2253,-1,2253,2252,2254,-1,2253,2254,2255,-1,2255,2254,2256,-1,2255,2256,2257,-1,2257,2256,2258,-1,2257,2258,2259,-1,2259,2258,2260,-1,2259,2260,2261,-1,2261,2260,2262,-1,2262,2260,2263,-1,2262,2263,2264,-1,2263,2265,2264,-1,2264,2265,2266,-1,2264,2266,2267,-1,2267,2266,2268,-1,1653,1651,2269,-1,2269,1651,2270,-1,2269,2270,2271,-1,2271,2270,2272,-1,2271,2272,2273,-1,2273,2272,2274,-1,2273,2274,2275,-1,2275,2274,2276,-1,2275,2276,2268,-1,2268,2276,2277,-1,2268,2277,2267,-1,1650,1652,2278,-1,2278,1652,2279,-1,2278,2279,2280,-1,2280,2279,2281,-1,2280,2281,2282,-1,2282,2281,2283,-1,2282,2283,2284,-1,2283,2285,2284,-1,2284,2285,2286,-1,2284,2286,2287,-1,2287,2286,2288,-1,2288,2286,2289,-1,2288,2289,2290,-1,2289,2291,2290,-1,2290,2291,2292,-1,2290,2292,2293,-1,2293,2292,2294,-1,2293,2294,2295,-1,2295,2294,2296,-1,2295,2296,2297,-1,2297,2296,2298,-1,2298,2296,2299,-1,2298,2299,2300,-1,2299,2301,2300,-1,2300,2301,2302,-1,2300,2302,2303,-1,2303,2302,2304,-1,2303,2304,2305,-1,2305,2304,2306,-1,2305,2306,2307,-1,2307,2306,2308,-1,2308,2306,2309,-1,2308,2309,2310,-1,2310,2309,2311,-1,2310,2311,2312,-1,2312,2311,2313,-1,2312,2313,2314,-1,2313,2315,2314,-1,2314,2315,2316,-1,2314,2316,2317,-1,2317,2316,2318,-1,2318,2316,2319,-1,2318,2319,2320,-1,2319,2321,2320,-1,2320,2321,2322,-1,2320,2322,2323,-1,2323,2322,2324,-1,2323,2324,2325,-1,2325,2324,2326,-1,2325,2326,2327,-1,2327,2326,2328,-1,2328,2326,2329,-1,2328,2329,2330,-1,2330,2329,2331,-1,2330,2331,2332,-1,2331,2333,2332,-1,2332,2333,2334,-1,2332,2334,2335,-1,2335,2334,2336,-1,2336,2334,2337,-1,2336,2337,2338,-1,2338,2337,2339,-1,2338,2339,2340,-1,2339,2341,2340,-1,2340,2341,2342,-1,2340,2342,2343,-1,2343,2342,2344,-1,2343,2344,2345,-1,2345,2344,2346,-1,2346,2344,2347,-1,2346,2347,2348,-1,2348,2347,2349,-1,2348,2349,2350,-1,2351,2352,2353,-1,2353,2352,2350,-1,2353,2350,2354,-1,2354,2350,2349,-1,2355,2356,2357,-1,2357,2356,2358,-1,2357,2358,2359,-1,2359,2358,2360,-1,2359,2360,2351,-1,2351,2360,2361,-1,2351,2361,2352,-1,2357,2362,2355,-1,2355,2362,2363,-1,2355,2363,2364,-1,2364,2363,2365,-1,2364,2365,2366,-1,2366,2365,2367,-1,2366,2367,2368,-1,2368,2367,2369,-1,2368,2369,2370,-1,2371,2372,2373,-1,2373,2372,2370,-1,2373,2370,2374,-1,2374,2370,2369,-1,2375,2376,2377,-1,2377,2376,2378,-1,2377,2378,2379,-1,2379,2378,2380,-1,2379,2380,2381,-1,2381,2380,2382,-1,2381,2382,2383,-1,2383,2382,2384,-1,2383,2384,2371,-1,2371,2384,2385,-1,2371,2385,2372,-1,2377,2386,2375,-1,2375,2386,2387,-1,2375,2387,2388,-1,2388,2387,2389,-1,2388,2389,2390,-1,2390,2389,2391,-1,2390,2391,2392,-1,2392,2391,2393,-1,2392,2393,2394,-1,2394,2393,2395,-1,2394,2395,2396,-1,2396,2395,2397,-1,2396,2397,2398,-1,2398,2397,2399,-1,2398,2399,2400,-1,2400,2399,2401,-1,2399,2402,2401,-1,2401,2402,2403,-1,2401,2403,2404,-1,2404,2403,2405,-1,2404,2405,2406,-1,2406,2405,2407,-1,2406,2407,2408,-1,2408,2407,2409,-1,2408,2409,2410,-1,2410,2409,2411,-1,2410,2411,2412,-1,2412,2411,2413,-1,2412,2413,2414,-1,2414,2413,2415,-1,2413,2416,2415,-1,2415,2416,2417,-1,2415,2417,2418,-1,2418,2417,2419,-1,2418,2419,2420,-1,2420,2419,2421,-1,2420,2421,2422,-1,2422,2421,2423,-1,2422,2423,2424,-1,2424,2423,2425,-1,2424,2425,2426,-1,2426,2425,2427,-1,2426,2427,2428,-1,2427,2429,2428,-1,2428,2429,2430,-1,2428,2430,2431,-1,2431,2430,1647,-1,2431,1647,2432,-1,2432,1647,1649,-1,220,2433,1648,-1,1648,2433,2434,-1,1648,2434,1649,-1,210,2435,211,-1,211,2435,2436,-1,211,2436,205,-1,205,2436,2437,-1,205,2437,221,-1,221,2437,2438,-1,221,2438,220,-1,220,2438,2439,-1,220,2439,2433,-1,268,2440,172,-1,172,2440,2441,-1,172,2441,173,-1,173,2441,2442,-1,173,2442,209,-1,209,2442,2443,-1,209,2443,210,-1,210,2443,2444,-1,210,2444,2435,-1,267,2445,268,-1,268,2445,2446,-1,268,2446,2440,-1,263,2447,265,-1,265,2447,2448,-1,265,2448,267,-1,267,2448,2449,-1,267,2449,2445,-1,282,2450,280,-1,280,2450,2451,-1,280,2451,260,-1,260,2451,2452,-1,260,2452,261,-1,261,2452,2453,-1,261,2453,263,-1,263,2453,2454,-1,263,2454,2447,-1,283,2455,284,-1,284,2455,2456,-1,284,2456,285,-1,285,2456,2457,-1,285,2457,282,-1,282,2457,2458,-1,282,2458,2450,-1,274,2459,275,-1,275,2459,2460,-1,275,2460,283,-1,283,2460,2461,-1,283,2461,2455,-1,2462,2463,240,-1,240,2463,2464,-1,240,2464,238,-1,238,2464,2465,-1,238,2465,236,-1,236,2465,2466,-1,236,2466,274,-1,274,2466,2467,-1,274,2467,2459,-1,240,253,2462,-1,2462,253,252,-1,2462,252,2468,-1,2468,252,251,-1,2469,2470,251,-1,251,2470,2471,-1,251,2471,2468,-1,251,245,2469,-1,2469,245,247,-1,2469,247,2472,-1,2472,247,249,-1,2472,249,2473,-1,2473,249,1646,-1,2474,2475,257,-1,257,2475,2476,-1,257,2476,258,-1,258,2476,2477,-1,258,2477,259,-1,259,2477,2478,-1,259,2478,250,-1,250,2478,2479,-1,250,2479,1646,-1,257,234,2474,-1,2474,234,233,-1,2474,233,2480,-1,270,2481,2482,-1,270,2482,272,-1,272,2482,2483,-1,272,2483,277,-1,277,2483,2484,-1,277,2484,278,-1,278,2484,2485,-1,278,2485,279,-1,279,2485,2486,-1,279,2486,233,-1,233,2486,2487,-1,233,2487,2480,-1,2481,270,2488,-1,2488,270,269,-1,2488,269,255,-1,1642,479,1660,-1,1660,479,484,-1,754,752,198,-1,774,776,162,-1,792,794,144,-1,783,785,160,-1,160,785,788,-1,160,788,144,-1,144,788,790,-1,144,790,792,-1,776,778,162,-1,162,778,779,-1,162,779,160,-1,160,779,781,-1,160,781,783,-1,766,768,200,-1,200,768,770,-1,200,770,162,-1,162,770,772,-1,162,772,774,-1,752,750,198,-1,198,750,749,-1,198,749,200,-1,200,749,764,-1,200,764,766,-1,761,760,196,-1,196,760,758,-1,196,758,198,-1,198,758,756,-1,198,756,754,-1,748,747,194,-1,194,747,745,-1,194,745,196,-1,196,745,680,-1,196,680,761,-1,194,192,737,-1,737,739,194,-1,194,739,742,-1,194,742,748,-1,1664,1665,1637,-1,1637,1665,1636,-1,1642,1660,1643,-1,1643,1660,1659,-1,1643,1659,1644,-1,1644,1659,1658,-1,1644,1658,1645,-1,1645,1658,1661,-1,1645,1661,1641,-1,1641,1661,1662,-1,1641,1662,1640,-1,1640,1662,1663,-1,1640,1663,1639,-1,1639,1663,1664,-1,1639,1664,1638,-1,1638,1664,1637,-1,1665,1666,1636,-1,1636,1666,1668,-1,1636,1668,1635,-1,1635,1668,1634,-1,1668,1667,1634,-1,1634,1667,1670,-1,1634,1670,1633,-1,1633,1670,1669,-1,1633,1669,1632,-1,1632,1669,1671,-1,1632,1671,1631,-1,1631,1671,1672,-1,1631,1672,1630,-1,1630,1672,1629,-1,1672,1673,1629,-1,1629,1673,1674,-1,1629,1674,1628,-1,1628,1674,1675,-1,1628,1675,1627,-1,1627,1675,1676,-1,1627,1676,1626,-1,1626,1676,1677,-1,1626,1677,1625,-1,1625,1677,1678,-1,1625,1678,1624,-1,1624,1678,1679,-1,1624,1679,1623,-1,1679,1680,1623,-1,1623,1680,1681,-1,1623,1681,1621,-1,1621,1681,1682,-1,1621,1682,1622,-1,1622,1682,1683,-1,1622,1683,1620,-1,1620,1683,1619,-1,1619,1683,1684,-1,1619,1684,1618,-1,1618,1684,1685,-1,1618,1685,1617,-1,1617,1685,1686,-1,1617,1686,1616,-1,1616,1686,1687,-1,1616,1687,1615,-1,1615,1687,1688,-1,1615,1688,1614,-1,1614,1688,1689,-1,1614,1689,1613,-1,1613,1689,1690,-1,1613,1690,1612,-1,1612,1690,1691,-1,1612,1691,1611,-1,1611,1691,1694,-1,1611,1694,1610,-1,1610,1694,1693,-1,1610,1693,1609,-1,1609,1693,1692,-1,1609,1692,1608,-1,1608,1692,1695,-1,1608,1695,1607,-1,1607,1695,1696,-1,1607,1696,1606,-1,1606,1696,1697,-1,1606,1697,1605,-1,1605,1697,1698,-1,1605,1698,1604,-1,1604,1698,1699,-1,1604,1699,1603,-1,1603,1699,1700,-1,1603,1700,1602,-1,1602,1700,1701,-1,1602,1701,1601,-1,1601,1701,1702,-1,1601,1702,1600,-1,1600,1702,1705,-1,1600,1705,1599,-1,1599,1705,1704,-1,1599,1704,1598,-1,1598,1704,1703,-1,1598,1703,1597,-1,1597,1703,1657,-1,1597,1657,1596,-1,1596,1657,1706,-1,1596,1706,1595,-1,1595,1706,1707,-1,1595,1707,1594,-1,1594,1707,1708,-1,1594,1708,1593,-1,1593,1708,1709,-1,1593,1709,1592,-1,1592,1709,1710,-1,1592,1710,1591,-1,1591,1710,1711,-1,1591,1711,1590,-1,1590,1711,1712,-1,1590,1712,1589,-1,1589,1712,1713,-1,1589,1713,1565,-1,1565,1713,1714,-1,1565,1714,1566,-1,1566,1714,1715,-1,1566,1715,1567,-1,1567,1715,1716,-1,1567,1716,1568,-1,1568,1716,1717,-1,1568,1717,1569,-1,1569,1717,1718,-1,1569,1718,1570,-1,1570,1718,1719,-1,1570,1719,1571,-1,1571,1719,1720,-1,1571,1720,1572,-1,1572,1720,1721,-1,1572,1721,1573,-1,1573,1721,1722,-1,1573,1722,1574,-1,1574,1722,1723,-1,1574,1723,1575,-1,1575,1723,1724,-1,1575,1724,1576,-1,1576,1724,1725,-1,1576,1725,1577,-1,1577,1725,1726,-1,1577,1726,1578,-1,1578,1726,1727,-1,1578,1727,1579,-1,1579,1727,1728,-1,1579,1728,1580,-1,1580,1728,1729,-1,1580,1729,1581,-1,1581,1729,1730,-1,1581,1730,1582,-1,1582,1730,1731,-1,1582,1731,1583,-1,1583,1731,1584,-1,1584,1731,1732,-1,1584,1732,1585,-1,1732,1733,1585,-1,1585,1733,1734,-1,1585,1734,1586,-1,1586,1734,1735,-1,1586,1735,1587,-1,1587,1735,1736,-1,1587,1736,1588,-1,1588,1736,1564,-1,1741,1561,1740,-1,1740,1561,1562,-1,1740,1562,1739,-1,1739,1562,1563,-1,1739,1563,1738,-1,1738,1563,1564,-1,1738,1564,1737,-1,1737,1564,1736,-1,1336,1337,1971,-1,1971,1337,1969,-1,1345,1957,1344,-1,1344,1957,1959,-1,1344,1959,1343,-1,1343,1959,1961,-1,1343,1961,1342,-1,1342,1961,1963,-1,1342,1963,1341,-1,1341,1963,1965,-1,1341,1965,1340,-1,1340,1965,1967,-1,1340,1967,1339,-1,1339,1967,1969,-1,1339,1969,1338,-1,1338,1969,1337,-1,1971,1973,1336,-1,1336,1973,1975,-1,1336,1975,1335,-1,1335,1975,1977,-1,1335,1977,1334,-1,1334,1977,1333,-1,1977,1979,1333,-1,1333,1979,1981,-1,1333,1981,1332,-1,1332,1981,1983,-1,1332,1983,1331,-1,1331,1983,1985,-1,1331,1985,1330,-1,1330,1985,1987,-1,1330,1987,1326,-1,1326,1987,1989,-1,1326,1989,1327,-1,1327,1989,1991,-1,1327,1991,1328,-1,1328,1991,1329,-1,1329,1991,1993,-1,1329,1993,1325,-1,1322,2004,1321,-1,1321,2004,2006,-1,1993,1995,1325,-1,1325,1995,1996,-1,1325,1996,1324,-1,1324,1996,1999,-1,1324,1999,1323,-1,1323,1999,2001,-1,1323,2001,1322,-1,1322,2001,2003,-1,1322,2003,2004,-1,1312,1313,2018,-1,2018,1313,1314,-1,2018,1314,2016,-1,2016,1314,1315,-1,2016,1315,2015,-1,2015,1315,1316,-1,2015,1316,2013,-1,2013,1316,1318,-1,2013,1318,2011,-1,2011,1318,1317,-1,2011,1317,2009,-1,2009,1317,1319,-1,2009,1319,2006,-1,2006,1319,1320,-1,2006,1320,1321,-1,1299,1300,2046,-1,2018,2021,1312,-1,1312,2021,2023,-1,1312,2023,1311,-1,1311,2023,2024,-1,1311,2024,1310,-1,1310,2024,2026,-1,1310,2026,1309,-1,1309,2026,2028,-1,1309,2028,1308,-1,1308,2028,2031,-1,1308,2031,1307,-1,1307,2031,2033,-1,1307,2033,676,-1,676,2033,2035,-1,676,2035,677,-1,677,2035,2037,-1,677,2037,1306,-1,1306,2037,2039,-1,1306,2039,1305,-1,1305,2039,2041,-1,1305,2041,1304,-1,1304,2041,2043,-1,1304,2043,1303,-1,1303,2043,2044,-1,1303,2044,1302,-1,1302,2044,2046,-1,1302,2046,1301,-1,1301,2046,1300,-1,2046,2049,1299,-1,1299,2049,2051,-1,1299,2051,1298,-1,1298,2051,2052,-1,1298,2052,1297,-1,1297,2052,2054,-1,1297,2054,1296,-1,2060,1292,2058,-1,2058,1292,1296,-1,2058,1296,2056,-1,2056,1296,2054,-1,2079,1286,2075,-1,2075,1286,1287,-1,2075,1287,2076,-1,2076,1287,2072,-1,2072,1287,1288,-1,2072,1288,2073,-1,2073,1288,1289,-1,2073,1289,2069,-1,2069,1289,1290,-1,2069,1290,2066,-1,2066,1290,1291,-1,2066,1291,2064,-1,2064,1291,1295,-1,2064,1295,2063,-1,2063,1295,1294,-1,2063,1294,2060,-1,2060,1294,1293,-1,2060,1293,1292,-1,1278,1279,2088,-1,2085,1282,2083,-1,2083,1282,1283,-1,2083,1283,2081,-1,2081,1283,1284,-1,2081,1284,2079,-1,2079,1284,1285,-1,2079,1285,1286,-1,2088,1279,2086,-1,2086,1279,1280,-1,2086,1280,2085,-1,2085,1280,1281,-1,2085,1281,1282,-1,1273,2101,1272,-1,1272,2101,2104,-1,2088,2091,1278,-1,1278,2091,2093,-1,1278,2093,1277,-1,1277,2093,2094,-1,1277,2094,1276,-1,1276,2094,2096,-1,1276,2096,1275,-1,1275,2096,1655,-1,1275,1655,1274,-1,1274,1655,1654,-1,1274,1654,1273,-1,1273,1654,2099,-1,1273,2099,2101,-1,1266,1267,2110,-1,2110,1267,1268,-1,2110,1268,2108,-1,2108,1268,1269,-1,2108,1269,2106,-1,2106,1269,1270,-1,2106,1270,2104,-1,2104,1270,1271,-1,2104,1271,1272,-1,1254,1255,2133,-1,2133,1255,2131,-1,2110,2111,1266,-1,1266,2111,2113,-1,1266,2113,1265,-1,1265,2113,2116,-1,1265,2116,1264,-1,1264,2116,2118,-1,1264,2118,1263,-1,1263,2118,2121,-1,1263,2121,1262,-1,1262,2121,2120,-1,1262,2120,1261,-1,1261,2120,2124,-1,1261,2124,1260,-1,1260,2124,2126,-1,1260,2126,1259,-1,1259,2126,2128,-1,1259,2128,1258,-1,1258,2128,2129,-1,1258,2129,1257,-1,1257,2129,2131,-1,1257,2131,1256,-1,1256,2131,1255,-1,2133,2135,1254,-1,1254,2135,2145,-1,1254,2145,1253,-1,1253,2145,2144,-1,1253,2144,1252,-1,1252,2144,1251,-1,2144,2142,1251,-1,1251,2142,2141,-1,1251,2141,1250,-1,1250,2141,2140,-1,1250,2140,1249,-1,1249,2140,2148,-1,1249,2148,1248,-1,1248,2148,2150,-1,1248,2150,1208,-1,1208,2150,2151,-1,1208,2151,1209,-1,1209,2151,2153,-1,1209,2153,1210,-1,2173,2175,1220,-1,2173,1220,2171,-1,1210,2153,1211,-1,1211,2153,2155,-1,1211,2155,1212,-1,1212,2155,2157,-1,1212,2157,1213,-1,1213,2157,2159,-1,1213,2159,1214,-1,1214,2159,2161,-1,1214,2161,1215,-1,1215,2161,2163,-1,1215,2163,1216,-1,1216,2163,2165,-1,1216,2165,1217,-1,2165,2166,1217,-1,1217,2166,2168,-1,1217,2168,1218,-1,1218,2168,2171,-1,1218,2171,1219,-1,1219,2171,1220,-1,829,831,167,-1,839,840,165,-1,849,851,254,-1,1014,2392,1012,-1,1012,2392,2394,-1,1012,2394,1010,-1,1010,2394,2396,-1,1010,2396,1007,-1,1000,1002,2401,-1,2396,2398,1007,-1,1007,2398,2400,-1,1007,2400,1006,-1,1006,2400,2401,-1,1006,2401,1004,-1,1004,2401,1002,-1,2401,2404,1000,-1,1000,2404,2406,-1,1000,2406,998,-1,998,2406,2408,-1,998,2408,996,-1,996,2408,2410,-1,996,2410,994,-1,990,992,2415,-1,2415,992,2414,-1,994,2410,992,-1,992,2410,2412,-1,992,2412,2414,-1,990,2415,988,-1,988,2415,2418,-1,988,2418,986,-1,983,982,2424,-1,2418,2420,986,-1,986,2420,2422,-1,986,2422,979,-1,979,2422,2424,-1,979,2424,980,-1,980,2424,982,-1,2424,2426,983,-1,983,2426,2428,-1,983,2428,977,-1,977,2428,2431,-1,977,2431,974,-1,974,2431,2432,-1,1649,970,2432,-1,2432,970,972,-1,2432,972,974,-1,1649,2434,970,-1,970,2434,2433,-1,970,2433,969,-1,969,2433,2439,-1,969,2439,967,-1,967,2439,2438,-1,967,2438,965,-1,965,2438,2437,-1,965,2437,961,-1,961,2437,2436,-1,961,2436,962,-1,962,2436,2435,-1,951,952,2443,-1,2443,952,954,-1,2443,954,2444,-1,2444,954,957,-1,2444,957,2435,-1,2435,957,959,-1,2435,959,962,-1,2443,2442,951,-1,951,2442,2441,-1,951,2441,949,-1,949,2441,2440,-1,949,2440,946,-1,946,2440,2446,-1,946,2446,944,-1,2446,2445,944,-1,944,2445,2449,-1,944,2449,942,-1,942,2449,2448,-1,942,2448,941,-1,941,2448,2447,-1,927,931,2451,-1,2451,931,930,-1,2451,930,2452,-1,2452,930,929,-1,2452,929,2453,-1,2453,929,934,-1,2453,934,2454,-1,2454,934,936,-1,2454,936,2447,-1,2447,936,939,-1,2447,939,941,-1,2451,2450,927,-1,927,2450,2458,-1,927,2458,925,-1,925,2458,922,-1,2458,2457,922,-1,922,2457,2456,-1,922,2456,920,-1,920,2456,2455,-1,920,2455,919,-1,919,2455,2461,-1,919,2461,917,-1,917,2461,2460,-1,917,2460,915,-1,915,2460,2459,-1,915,2459,912,-1,912,2459,2467,-1,912,2467,910,-1,910,2467,2466,-1,910,2466,909,-1,909,2466,2465,-1,909,2465,906,-1,906,2465,2464,-1,906,2464,904,-1,904,2464,902,-1,2464,2463,902,-1,902,2463,2462,-1,902,2462,900,-1,900,2462,2468,-1,900,2468,899,-1,899,2468,2471,-1,899,2471,897,-1,897,2471,2470,-1,897,2470,894,-1,894,2470,2469,-1,894,2469,892,-1,892,2469,2472,-1,892,2472,891,-1,891,2472,2473,-1,891,2473,888,-1,888,2473,1646,-1,888,1646,886,-1,886,1646,2479,-1,886,2479,884,-1,884,2479,882,-1,882,2479,2478,-1,882,2478,880,-1,880,2478,2477,-1,880,2477,879,-1,879,2477,2476,-1,879,2476,877,-1,877,2476,2475,-1,877,2475,874,-1,869,2484,867,-1,867,2484,2483,-1,867,2483,864,-1,864,2483,862,-1,862,2483,2482,-1,862,2482,861,-1,2475,2474,874,-1,874,2474,2480,-1,874,2480,872,-1,872,2480,2487,-1,872,2487,871,-1,871,2487,2486,-1,871,2486,869,-1,869,2486,2485,-1,869,2485,2484,-1,254,851,255,-1,851,852,255,-1,255,852,854,-1,255,854,2488,-1,2488,854,857,-1,2488,857,859,-1,861,2482,859,-1,859,2482,2481,-1,859,2481,2488,-1,840,842,165,-1,165,842,845,-1,165,845,254,-1,254,845,847,-1,254,847,849,-1,831,832,167,-1,167,832,834,-1,167,834,165,-1,165,834,837,-1,165,837,839,-1,821,823,169,-1,169,823,825,-1,169,825,167,-1,167,825,827,-1,167,827,829,-1,809,811,140,-1,140,811,813,-1,813,815,140,-1,140,815,817,-1,140,817,169,-1,169,817,819,-1,169,819,821,-1,142,805,140,-1,140,805,807,-1,140,807,809,-1,799,801,142,-1,142,801,803,-1,142,803,805,-1,144,794,795,-1,144,795,142,-1,142,795,797,-1,142,797,799,-1,1378,1380,1919,-1,1561,1741,1559,-1,1559,1741,1742,-1,1559,1742,1556,-1,1556,1742,1744,-1,1556,1744,1554,-1,1554,1744,1746,-1,1554,1746,1553,-1,1553,1746,1748,-1,1553,1748,1551,-1,1551,1748,1750,-1,1551,1750,1549,-1,1549,1750,1547,-1,1547,1750,1752,-1,1547,1752,1545,-1,1545,1752,1754,-1,1545,1754,1543,-1,1754,1756,1543,-1,1543,1756,1758,-1,1543,1758,1541,-1,1541,1758,1760,-1,1541,1760,1539,-1,1539,1760,1762,-1,1539,1762,1537,-1,1537,1762,1764,-1,1537,1764,1536,-1,1536,1764,1766,-1,1536,1766,1534,-1,1534,1766,1768,-1,1534,1768,1531,-1,1531,1768,1770,-1,1531,1770,1529,-1,1529,1770,1772,-1,1529,1772,1527,-1,1527,1772,1774,-1,1527,1774,1525,-1,1525,1774,1523,-1,1523,1774,1776,-1,1523,1776,1521,-1,1521,1776,1777,-1,1521,1777,1519,-1,1519,1777,1779,-1,1519,1779,1517,-1,1779,1782,1517,-1,1517,1782,1784,-1,1517,1784,1516,-1,1516,1784,1785,-1,1516,1785,1514,-1,1514,1785,1788,-1,1514,1788,1512,-1,1512,1788,1790,-1,1512,1790,1508,-1,1508,1790,1792,-1,1508,1792,1509,-1,1509,1792,1794,-1,1509,1794,1506,-1,1506,1794,1796,-1,1506,1796,1504,-1,1498,1499,1799,-1,1799,1499,1502,-1,1504,1796,1502,-1,1502,1796,1797,-1,1502,1797,1799,-1,1799,1802,1498,-1,1498,1802,1804,-1,1498,1804,1496,-1,1496,1804,1493,-1,1804,1805,1493,-1,1493,1805,1807,-1,1493,1807,1491,-1,1491,1807,1809,-1,1491,1809,1489,-1,1489,1809,1812,-1,1489,1812,1487,-1,1487,1812,1814,-1,1487,1814,1478,-1,1478,1814,1824,-1,1478,1824,1479,-1,1479,1824,1823,-1,1479,1823,1483,-1,1483,1823,1821,-1,1483,1821,1485,-1,1485,1821,1486,-1,1486,1821,1819,-1,1486,1819,1476,-1,1819,1817,1476,-1,1476,1817,1816,-1,1476,1816,1473,-1,1473,1816,1827,-1,1473,1827,1471,-1,1471,1827,1469,-1,1827,1829,1469,-1,1469,1829,1831,-1,1469,1831,1468,-1,1468,1831,1833,-1,1468,1833,1466,-1,1466,1833,1836,-1,1466,1836,1464,-1,1464,1836,1838,-1,1464,1838,1458,-1,1458,1838,1840,-1,1458,1840,1459,-1,1459,1840,1842,-1,1459,1842,1460,-1,1460,1842,1844,-1,1460,1844,1461,-1,1461,1844,1845,-1,1461,1845,1453,-1,1453,1845,1847,-1,1453,1847,1451,-1,1451,1847,1450,-1,1847,1850,1450,-1,1450,1850,1852,-1,1450,1852,1448,-1,1448,1852,1445,-1,1852,1854,1445,-1,1445,1854,1855,-1,1445,1855,1443,-1,1443,1855,1857,-1,1443,1857,1441,-1,1441,1857,1859,-1,1441,1859,1439,-1,1439,1859,1861,-1,1439,1861,1437,-1,1437,1861,1864,-1,1437,1864,1436,-1,1436,1864,1866,-1,1436,1866,1434,-1,1434,1866,1867,-1,1434,1867,1431,-1,1431,1867,1870,-1,1431,1870,1429,-1,1429,1870,1872,-1,1429,1872,1427,-1,1427,1872,1873,-1,1427,1873,1426,-1,1426,1873,1875,-1,1426,1875,1424,-1,1424,1875,1422,-1,1408,1409,1887,-1,1887,1409,1411,-1,1887,1411,1889,-1,1889,1411,1413,-1,1889,1413,1891,-1,1891,1413,1416,-1,1891,1416,1892,-1,1892,1416,1418,-1,1892,1418,1882,-1,1882,1418,1420,-1,1882,1420,1879,-1,1879,1420,1422,-1,1879,1422,1877,-1,1877,1422,1875,-1,1887,1885,1408,-1,1408,1885,1895,-1,1408,1895,1406,-1,1406,1895,1894,-1,1406,1894,1404,-1,1404,1894,1898,-1,1404,1898,1402,-1,1402,1898,1400,-1,1898,1900,1400,-1,1400,1900,1904,-1,1400,1904,1398,-1,1904,1903,1398,-1,1398,1903,1902,-1,1398,1902,1396,-1,1396,1902,1907,-1,1914,1388,1912,-1,1912,1388,1389,-1,1912,1389,1909,-1,1909,1389,1391,-1,1909,1391,1907,-1,1907,1391,1394,-1,1907,1394,1396,-1,1919,1380,1917,-1,1917,1380,1381,-1,1917,1381,1915,-1,1915,1381,1383,-1,1915,1383,1914,-1,1914,1383,1386,-1,1914,1386,1388,-1,1919,1921,1378,-1,1378,1921,1923,-1,1378,1923,1376,-1,1376,1923,1925,-1,1376,1925,1374,-1,1374,1925,1927,-1,1374,1927,1372,-1,1372,1927,1929,-1,1372,1929,1370,-1,1370,1929,1952,-1,1370,1952,1368,-1,1368,1952,1951,-1,1368,1951,1366,-1,1366,1951,1949,-1,1366,1949,1364,-1,1364,1949,1362,-1,1362,1949,1947,-1,1362,1947,1360,-1,1360,1947,1945,-1,1360,1945,1358,-1,1358,1945,1943,-1,1358,1943,1356,-1,1356,1943,1941,-1,1356,1941,1354,-1,1957,1345,1955,-1,1955,1345,1346,-1,1955,1346,1932,-1,1932,1346,1348,-1,1932,1348,1933,-1,1933,1348,1350,-1,1933,1350,1935,-1,1935,1350,1352,-1,1935,1352,1937,-1,1937,1352,1354,-1,1937,1354,1939,-1,1939,1354,1941,-1,2348,2350,1054,-1,2303,2305,1102,-1,1220,2175,1222,-1,1222,2175,2177,-1,1222,2177,1224,-1,1224,2177,2179,-1,1224,2179,1226,-1,1226,2179,2181,-1,1226,2181,1228,-1,1228,2181,2183,-1,1234,1232,2183,-1,2183,1232,1230,-1,2183,1230,1228,-1,2183,2185,1234,-1,1234,2185,2187,-1,1234,2187,1236,-1,1236,2187,2189,-1,1236,2189,1238,-1,1238,2189,2191,-1,1238,2191,1240,-1,1240,2191,2192,-1,1240,2192,1242,-1,2204,1205,1247,-1,2192,2195,1242,-1,1242,2195,2197,-1,1242,2197,1244,-1,1244,2197,2199,-1,1244,2199,1246,-1,1246,2199,2201,-1,1246,2201,1247,-1,1247,2201,2203,-1,1247,2203,2204,-1,1205,2204,1203,-1,1203,2204,2207,-1,1203,2207,1201,-1,1201,2207,2209,-1,1201,2209,1199,-1,1199,2209,2211,-1,1199,2211,1197,-1,1197,2211,2213,-1,1197,2213,1195,-1,1195,2213,1193,-1,1193,2213,2214,-1,1193,2214,1191,-1,1191,2214,2216,-1,1191,2216,1190,-1,2216,2219,1190,-1,1190,2219,2221,-1,1190,2221,1188,-1,1188,2221,2222,-1,1188,2222,1185,-1,1185,2222,2224,-1,1185,2224,1183,-1,2231,1178,2229,-1,2229,1178,1183,-1,2229,1183,2227,-1,2227,1183,2224,-1,1174,1176,2233,-1,2233,1176,1180,-1,2233,1180,2231,-1,2231,1180,1179,-1,2231,1179,1178,-1,2233,2235,1174,-1,1174,2235,2237,-1,1174,2237,1171,-1,1171,2237,2239,-1,1171,2239,1169,-1,1169,2239,2241,-1,1169,2241,1168,-1,2241,2242,1168,-1,1168,2242,2244,-1,1168,2244,1165,-1,1165,2244,2246,-1,1165,2246,1163,-1,1163,2246,1162,-1,2246,2249,1162,-1,1162,2249,2251,-1,1162,2251,1160,-1,1160,2251,2253,-1,1160,2253,1157,-1,1157,2253,2255,-1,1157,2255,1155,-1,1155,2255,1153,-1,1153,2255,2257,-1,1153,2257,1151,-1,1151,2257,2259,-1,1151,2259,1150,-1,1150,2259,2261,-1,1150,2261,1148,-1,1148,2261,2262,-1,1148,2262,1146,-1,1146,2262,2264,-1,1146,2264,1143,-1,1143,2264,2267,-1,1143,2267,1141,-1,1141,2267,2277,-1,1141,2277,1140,-1,2277,2276,1140,-1,1140,2276,2274,-1,1140,2274,1138,-1,1138,2274,2272,-1,1126,1125,2284,-1,2284,1125,1123,-1,2284,1123,2282,-1,2282,1123,2280,-1,1123,1121,2280,-1,2280,1121,1119,-1,2280,1119,2278,-1,2278,1119,1129,-1,2278,1129,1650,-1,1650,1129,1130,-1,1650,1130,1651,-1,1651,1130,1131,-1,1651,1131,2270,-1,2270,1131,1133,-1,2270,1133,2272,-1,2272,1133,1136,-1,2272,1136,1138,-1,2303,1102,2300,-1,2284,2287,1126,-1,1126,2287,2288,-1,1126,2288,1116,-1,1116,2288,2290,-1,1116,2290,1113,-1,1113,2290,2293,-1,1113,2293,1111,-1,1111,2293,2295,-1,1111,2295,1109,-1,1109,2295,2297,-1,1109,2297,1107,-1,1107,2297,2298,-1,1107,2298,1105,-1,1105,2298,2300,-1,1105,2300,1103,-1,1103,2300,1102,-1,1094,1096,2308,-1,2308,1096,2307,-1,2307,1096,1098,-1,2307,1098,2305,-1,2305,1098,1100,-1,2305,1100,1102,-1,1071,1070,2332,-1,2332,1070,2330,-1,2330,1070,1074,-1,2330,1074,2328,-1,1074,1076,2328,-1,2328,1076,1078,-1,2328,1078,2327,-1,2327,1078,1080,-1,2327,1080,2325,-1,2325,1080,1081,-1,2325,1081,2323,-1,2323,1081,1083,-1,2323,1083,2320,-1,2320,1083,1086,-1,2320,1086,2318,-1,2318,1086,1088,-1,2318,1088,2317,-1,2317,1088,1090,-1,2317,1090,2314,-1,2314,1090,1091,-1,2314,1091,2312,-1,2312,1091,1094,-1,2312,1094,2310,-1,2310,1094,2308,-1,1054,2350,1052,-1,2332,2335,1071,-1,1071,2335,2336,-1,1071,2336,1061,-1,1061,2336,2338,-1,1061,2338,1063,-1,1063,2338,2340,-1,1063,2340,1065,-1,1065,2340,2343,-1,1065,2343,1067,-1,1067,2343,2345,-1,1067,2345,1068,-1,1068,2345,2346,-1,1068,2346,1058,-1,1058,2346,2348,-1,1058,2348,1056,-1,1056,2348,1054,-1,2360,2358,1046,-1,1040,1042,2364,-1,2364,1042,1044,-1,2364,1044,2355,-1,2355,1044,1046,-1,2355,1046,2356,-1,2356,1046,2358,-1,2350,2352,1052,-1,1052,2352,2361,-1,1052,2361,1050,-1,1050,2361,2360,-1,1050,2360,1048,-1,1048,2360,1046,-1,1032,1034,2370,-1,1034,1036,2370,-1,2370,1036,1037,-1,2370,1037,2368,-1,2368,1037,1040,-1,2368,1040,2366,-1,2366,1040,2364,-1,2370,2372,1032,-1,1032,2372,2385,-1,1032,2385,1030,-1,1030,2385,2384,-1,1030,2384,1028,-1,1028,2384,2382,-1,1028,2382,1026,-1,1026,2382,2380,-1,1026,2380,1024,-1,1024,2380,2378,-1,1024,2378,1022,-1,1022,2378,2376,-1,1022,2376,1020,-1,1020,2376,2375,-1,1020,2375,1018,-1,1018,2375,2388,-1,1018,2388,1016,-1,1016,2388,2390,-1,1016,2390,1014,-1,1014,2390,2392,-1,2402,2399,147,-1,147,2399,2397,-1,147,2397,113,-1,113,2397,2395,-1,113,2395,2393,-1,2409,2407,214,-1,214,2407,2405,-1,214,2405,147,-1,147,2405,2403,-1,147,2403,2402,-1,2416,214,2417,-1,2417,214,216,-1,2416,2413,214,-1,214,2413,2411,-1,214,2411,2409,-1,2423,216,2425,-1,2425,216,218,-1,2423,2421,216,-1,216,2421,2419,-1,216,2419,2417,-1,220,1648,218,-1,218,1648,1647,-1,218,1647,2430,-1,2430,2429,218,-1,218,2429,2427,-1,218,2427,2425,-1,1013,1011,1962,-1,846,844,2125,-1,793,2176,796,-1,796,2176,2174,-1,796,2174,798,-1,798,2174,2172,-1,798,2172,800,-1,2172,2170,800,-1,800,2170,2169,-1,800,2169,802,-1,802,2169,2167,-1,802,2167,804,-1,804,2167,2164,-1,804,2164,806,-1,806,2164,2162,-1,806,2162,808,-1,2162,2160,808,-1,808,2160,2158,-1,808,2158,810,-1,810,2158,2156,-1,2147,824,822,-1,2147,822,2149,-1,822,820,2149,-1,2149,820,818,-1,2149,818,2152,-1,2152,818,816,-1,2152,816,2154,-1,2154,816,814,-1,2154,814,2156,-1,2156,814,812,-1,2156,812,810,-1,2125,844,2127,-1,2127,844,843,-1,2127,843,2130,-1,843,841,2130,-1,2130,841,838,-1,2130,838,2132,-1,2132,838,836,-1,2132,836,2137,-1,2137,836,835,-1,2137,835,2136,-1,2136,835,833,-1,2136,833,2134,-1,2134,833,830,-1,2134,830,2143,-1,2143,830,828,-1,2143,828,2138,-1,2138,828,826,-1,2138,826,2139,-1,2139,826,824,-1,2139,824,2146,-1,2146,824,2147,-1,2103,863,2105,-1,2105,863,860,-1,2125,2123,846,-1,846,2123,2122,-1,846,2122,848,-1,848,2122,2119,-1,848,2119,850,-1,850,2119,2117,-1,850,2117,853,-1,853,2117,2115,-1,853,2115,855,-1,855,2115,2114,-1,855,2114,856,-1,856,2114,2112,-1,856,2112,858,-1,858,2112,2109,-1,858,2109,860,-1,860,2109,2107,-1,860,2107,2105,-1,2100,1656,873,-1,873,870,2100,-1,2100,870,868,-1,2100,868,2102,-1,2102,868,866,-1,2102,866,2103,-1,2103,866,865,-1,2103,865,863,-1,1656,2098,873,-1,873,2098,2097,-1,873,2097,875,-1,875,2097,2095,-1,2082,2080,893,-1,893,2080,2078,-1,893,2078,895,-1,893,890,2082,-1,2082,890,889,-1,2082,889,2084,-1,2084,889,887,-1,2084,887,2087,-1,2087,887,885,-1,2087,885,2089,-1,2089,885,883,-1,2089,883,2090,-1,2090,883,881,-1,2090,881,2092,-1,2092,881,878,-1,2092,878,2095,-1,2095,878,876,-1,2095,876,875,-1,2077,898,2078,-1,2078,898,896,-1,2078,896,895,-1,2077,2074,898,-1,898,2074,2071,-1,898,2071,901,-1,901,2071,2070,-1,901,2070,903,-1,903,2070,2068,-1,903,2068,905,-1,905,2068,2067,-1,905,2067,907,-1,907,2067,2065,-1,907,2065,908,-1,908,2065,2062,-1,2048,924,2050,-1,2050,924,923,-1,2050,923,2053,-1,2053,923,921,-1,2053,921,2055,-1,2055,921,918,-1,2055,918,2057,-1,2057,918,916,-1,2057,916,2059,-1,2059,916,914,-1,2059,914,2061,-1,2061,914,913,-1,2061,913,2062,-1,2062,913,911,-1,2062,911,908,-1,2048,2047,924,-1,924,2047,2045,-1,924,2045,926,-1,926,2045,2042,-1,940,938,2036,-1,2036,2034,940,-1,940,2034,2032,-1,940,2032,943,-1,943,2032,2030,-1,943,2030,945,-1,938,937,2036,-1,2036,937,935,-1,2036,935,2038,-1,2038,935,933,-1,2038,933,2040,-1,2040,933,932,-1,2040,932,2042,-1,2042,932,928,-1,2042,928,926,-1,2025,2022,950,-1,950,2022,953,-1,2030,2029,945,-1,945,2029,2027,-1,945,2027,947,-1,947,2027,2025,-1,947,2025,948,-1,948,2025,950,-1,2017,955,2019,-1,2019,955,953,-1,2019,953,2020,-1,2020,953,2022,-1,968,966,2008,-1,2008,966,964,-1,2008,964,2010,-1,2010,964,963,-1,2010,963,2012,-1,2012,963,960,-1,2012,960,2014,-1,2014,960,958,-1,2014,958,2017,-1,2017,958,956,-1,2017,956,955,-1,978,1992,981,-1,981,1992,1990,-1,981,1990,984,-1,2008,2007,968,-1,968,2007,2005,-1,968,2005,971,-1,971,2005,2002,-1,971,2002,973,-1,973,2002,2000,-1,973,2000,975,-1,975,2000,1998,-1,975,1998,976,-1,976,1998,1997,-1,976,1997,978,-1,978,1997,1994,-1,978,1994,1992,-1,984,1990,985,-1,985,1990,1988,-1,985,1988,987,-1,987,1988,1986,-1,987,1986,989,-1,989,1986,1984,-1,989,1984,991,-1,991,1984,1982,-1,991,1982,993,-1,993,1982,1980,-1,993,1980,995,-1,1005,1003,1970,-1,1970,1003,1972,-1,1003,1001,1972,-1,1972,1001,999,-1,1972,999,1974,-1,1974,999,997,-1,1974,997,1976,-1,1976,997,995,-1,1976,995,1978,-1,1978,995,1980,-1,1962,1011,1964,-1,1970,1968,1005,-1,1005,1968,1966,-1,1005,1966,1008,-1,1008,1966,1964,-1,1008,1964,1009,-1,1009,1964,1011,-1,1013,1962,1015,-1,1015,1962,1960,-1,1015,1960,1958,-1,2351,2353,126,-1,126,2353,2354,-1,126,2354,133,-1,2354,2349,133,-1,133,2349,2347,-1,133,2347,681,-1,681,2347,2344,-1,681,2344,682,-1,682,2344,2342,-1,682,2342,683,-1,683,2342,2341,-1,683,2341,684,-1,2341,2339,684,-1,684,2339,2337,-1,684,2337,685,-1,685,2337,2334,-1,685,2334,686,-1,686,2334,2333,-1,686,2333,687,-1,687,2333,2331,-1,687,2331,688,-1,688,2331,2329,-1,688,2329,689,-1,689,2329,2326,-1,689,2326,691,-1,691,2326,2324,-1,691,2324,690,-1,690,2324,2322,-1,694,693,2322,-1,2322,693,692,-1,2322,692,690,-1,2322,2321,694,-1,694,2321,2319,-1,694,2319,695,-1,695,2319,2316,-1,695,2316,696,-1,2316,2315,696,-1,696,2315,2313,-1,696,2313,697,-1,697,2313,2311,-1,697,2311,698,-1,698,2311,2309,-1,698,2309,699,-1,699,2309,2306,-1,699,2306,700,-1,700,2306,2304,-1,700,2304,701,-1,701,2304,2302,-1,701,2302,702,-1,702,2302,2301,-1,702,2301,703,-1,703,2301,2299,-1,703,2299,704,-1,704,2299,705,-1,705,2299,2296,-1,705,2296,706,-1,706,2296,2294,-1,706,2294,707,-1,707,2294,2292,-1,707,2292,708,-1,718,717,2269,-1,2269,717,716,-1,2269,716,1653,-1,1653,716,715,-1,1653,715,714,-1,2292,2291,708,-1,708,2291,2289,-1,708,2289,709,-1,709,2289,2286,-1,709,2286,710,-1,710,2286,2285,-1,710,2285,711,-1,711,2285,2283,-1,711,2283,712,-1,712,2283,2281,-1,712,2281,713,-1,713,2281,2279,-1,713,2279,714,-1,714,2279,1652,-1,714,1652,1653,-1,2269,2271,718,-1,718,2271,2273,-1,718,2273,719,-1,719,2273,2275,-1,719,2275,720,-1,720,2275,2268,-1,720,2268,721,-1,2268,2266,721,-1,721,2266,2265,-1,721,2265,722,-1,722,2265,2263,-1,722,2263,723,-1,723,2263,724,-1,2263,2260,724,-1,724,2260,2258,-1,724,2258,725,-1,725,2258,2256,-1,725,2256,726,-1,726,2256,2254,-1,726,2254,727,-1,727,2254,728,-1,728,2254,2252,-1,728,2252,729,-1,729,2252,2250,-1,729,2250,730,-1,730,2250,2248,-1,730,2248,731,-1,731,2248,2247,-1,731,2247,732,-1,2247,2245,732,-1,732,2245,2243,-1,732,2243,733,-1,733,2243,2240,-1,733,2240,734,-1,734,2240,735,-1,2240,2238,735,-1,735,2238,2236,-1,735,2236,736,-1,736,2236,2234,-1,736,2234,738,-1,738,2234,2232,-1,744,746,2228,-1,2228,746,743,-1,2228,743,2230,-1,2230,743,741,-1,2230,741,2232,-1,2232,741,740,-1,2232,740,738,-1,679,678,2220,-1,679,2220,759,-1,2228,2226,744,-1,744,2226,2225,-1,744,2225,678,-1,678,2225,2223,-1,678,2223,2220,-1,2220,2218,759,-1,759,2218,2217,-1,759,2217,757,-1,757,2217,2215,-1,757,2215,755,-1,755,2215,2212,-1,755,2212,753,-1,753,2212,751,-1,751,2212,2210,-1,751,2210,762,-1,762,2210,2208,-1,762,2208,763,-1,763,2208,2206,-1,763,2206,765,-1,765,2206,2205,-1,765,2205,767,-1,2178,2176,793,-1,2205,2202,767,-1,767,2202,2200,-1,767,2200,769,-1,769,2200,2198,-1,769,2198,771,-1,771,2198,2196,-1,771,2196,773,-1,773,2196,2194,-1,773,2194,775,-1,775,2194,2193,-1,775,2193,777,-1,777,2193,2190,-1,777,2190,780,-1,780,2190,2188,-1,780,2188,782,-1,782,2188,2186,-1,782,2186,784,-1,784,2186,2184,-1,784,2184,786,-1,786,2184,2182,-1,786,2182,787,-1,787,2182,2180,-1,787,2180,789,-1,789,2180,2178,-1,789,2178,791,-1,791,2178,793,-1,2367,2365,124,-1,124,2365,2363,-1,2363,2362,124,-1,124,2362,2357,-1,124,2357,126,-1,126,2357,2359,-1,126,2359,2351,-1,2371,2373,117,-1,117,2373,2374,-1,117,2374,124,-1,124,2374,2369,-1,124,2369,2367,-1,114,2379,2381,-1,114,2381,117,-1,117,2381,2383,-1,117,2383,2371,-1,113,2393,2391,-1,113,2391,114,-1,114,2391,2389,-1,114,2389,2387,-1,2387,2386,114,-1,114,2386,2377,-1,114,2377,2379,-1,1876,1874,1099,-1,1015,1958,1017,-1,1017,1958,1956,-1,1017,1956,1019,-1,1019,1956,1954,-1,1019,1954,1021,-1,1043,1041,1928,-1,1928,1041,1950,-1,1950,1041,1039,-1,1950,1039,1948,-1,1954,1953,1021,-1,1021,1953,1934,-1,1021,1934,1023,-1,1023,1934,1936,-1,1023,1936,1025,-1,1025,1936,1938,-1,1025,1938,1027,-1,1027,1938,1940,-1,1027,1940,1029,-1,1029,1940,1942,-1,1029,1942,1031,-1,1031,1942,1944,-1,1031,1944,1033,-1,1033,1944,1946,-1,1033,1946,1035,-1,1035,1946,1948,-1,1035,1948,1038,-1,1038,1948,1039,-1,1928,1930,1043,-1,1043,1930,1931,-1,1043,1931,1045,-1,1045,1931,1926,-1,1045,1926,1047,-1,1047,1926,1924,-1,1047,1924,1049,-1,1049,1924,1922,-1,1049,1922,1051,-1,1051,1922,1053,-1,1064,1066,1911,-1,1911,1066,1913,-1,1922,1920,1053,-1,1053,1920,1918,-1,1053,1918,1055,-1,1055,1918,1916,-1,1055,1916,1057,-1,1057,1916,1913,-1,1057,1913,1059,-1,1059,1913,1066,-1,1060,1908,1069,-1,1069,1908,1906,-1,1911,1910,1064,-1,1064,1910,1908,-1,1064,1908,1062,-1,1062,1908,1060,-1,1906,1905,1069,-1,1069,1905,1901,-1,1069,1901,1072,-1,1072,1901,1899,-1,1072,1899,1073,-1,1073,1899,1897,-1,1073,1897,1075,-1,1075,1897,1896,-1,1075,1896,1077,-1,1077,1896,1893,-1,1077,1893,1079,-1,1079,1893,1884,-1,1079,1884,1082,-1,1082,1884,1886,-1,1082,1886,1888,-1,1092,1089,1883,-1,1883,1089,1890,-1,1089,1087,1890,-1,1890,1087,1085,-1,1890,1085,1888,-1,1888,1085,1084,-1,1888,1084,1082,-1,1099,1874,1101,-1,1101,1874,1871,-1,1101,1871,1104,-1,1883,1881,1092,-1,1092,1881,1880,-1,1092,1880,1093,-1,1093,1880,1878,-1,1093,1878,1095,-1,1095,1878,1876,-1,1095,1876,1097,-1,1097,1876,1099,-1,1863,1112,1865,-1,1865,1112,1110,-1,1110,1108,1865,-1,1865,1108,1106,-1,1865,1106,1868,-1,1868,1106,1104,-1,1868,1104,1869,-1,1869,1104,1871,-1,1115,1114,1860,-1,1860,1114,1112,-1,1860,1112,1862,-1,1862,1112,1863,-1,1851,1124,1853,-1,1853,1124,1117,-1,1853,1117,1856,-1,1115,1860,1117,-1,1117,1860,1858,-1,1117,1858,1856,-1,1843,1128,1846,-1,1846,1128,1127,-1,1846,1127,1848,-1,1848,1127,1118,-1,1848,1118,1849,-1,1849,1118,1120,-1,1849,1120,1851,-1,1851,1120,1122,-1,1851,1122,1124,-1,1837,1137,1839,-1,1839,1137,1135,-1,1839,1135,1841,-1,1841,1135,1134,-1,1841,1134,1843,-1,1843,1134,1132,-1,1843,1132,1128,-1,1835,1142,1837,-1,1837,1142,1139,-1,1837,1139,1137,-1,1835,1834,1142,-1,1142,1834,1832,-1,1142,1832,1144,-1,1144,1832,1830,-1,1144,1830,1145,-1,1145,1830,1828,-1,1145,1828,1147,-1,1147,1828,1826,-1,1147,1826,1149,-1,1149,1826,1825,-1,1149,1825,1152,-1,1152,1825,1818,-1,1152,1818,1154,-1,1158,1822,1159,-1,1159,1822,1815,-1,1159,1815,1161,-1,1818,1820,1154,-1,1154,1820,1822,-1,1154,1822,1156,-1,1156,1822,1158,-1,1815,1813,1161,-1,1161,1813,1811,-1,1161,1811,1164,-1,1164,1811,1810,-1,1164,1810,1166,-1,1166,1810,1808,-1,1166,1808,1167,-1,1167,1808,1806,-1,1167,1806,1170,-1,1170,1806,1803,-1,1170,1803,1172,-1,1172,1803,1801,-1,1172,1801,1173,-1,1173,1801,1800,-1,1173,1800,1798,-1,1793,1791,1184,-1,1184,1791,1789,-1,1184,1789,1186,-1,1184,1182,1793,-1,1793,1182,1181,-1,1793,1181,1795,-1,1795,1181,1177,-1,1795,1177,1798,-1,1798,1177,1175,-1,1798,1175,1173,-1,1186,1789,1187,-1,1187,1789,1787,-1,1187,1787,1189,-1,1787,1786,1189,-1,1189,1786,1783,-1,1189,1783,1192,-1,1192,1783,1781,-1,1192,1781,1194,-1,1194,1781,1780,-1,1194,1780,1196,-1,1196,1780,1778,-1,1196,1778,1198,-1,1198,1778,1775,-1,1198,1775,1200,-1,1200,1775,1773,-1,1200,1773,1202,-1,1202,1773,1771,-1,1202,1771,1207,-1,1207,1771,1769,-1,1207,1769,1206,-1,1206,1769,1204,-1,1204,1769,1767,-1,1204,1767,1245,-1,1245,1767,1765,-1,1245,1765,1243,-1,1765,1763,1243,-1,1243,1763,1761,-1,1243,1761,1241,-1,1241,1761,1759,-1,1241,1759,1239,-1,1239,1759,1757,-1,1239,1757,1237,-1,1237,1757,1755,-1,1237,1755,1235,-1,1235,1755,1233,-1,1755,1753,1233,-1,1233,1753,1751,-1,1233,1751,1231,-1,1231,1751,1749,-1,1231,1749,1229,-1,1229,1749,1747,-1,1743,644,646,-1,646,1221,1743,-1,1743,1221,1223,-1,1743,1223,1745,-1,1745,1223,1225,-1,1745,1225,1747,-1,1747,1225,1227,-1,1747,1227,1229,-1,1494,1492,13,-1,1481,1482,18,-1,1474,1472,77,-1,1454,1452,60,-1,1423,1421,65,-1,1355,1353,26,-1,1353,1351,26,-1,26,1351,1349,-1,26,1349,35,-1,35,1349,1347,-1,35,1347,672,-1,1363,1361,28,-1,28,1361,1359,-1,28,1359,26,-1,26,1359,1357,-1,26,1357,1355,-1,1375,1373,30,-1,30,1373,1371,-1,1371,1369,30,-1,30,1369,1367,-1,30,1367,28,-1,28,1367,1365,-1,28,1365,1363,-1,21,1382,1379,-1,21,1379,30,-1,30,1379,1377,-1,30,1377,1375,-1,1390,23,1392,-1,1392,23,1393,-1,1390,1387,23,-1,23,1387,1385,-1,23,1385,21,-1,21,1385,1384,-1,21,1384,1382,-1,1401,1399,2,-1,2,1399,1397,-1,2,1397,23,-1,23,1397,1395,-1,23,1395,1393,-1,1414,1412,1,-1,1,1412,1410,-1,1410,1407,1,-1,1,1407,1405,-1,1,1405,2,-1,2,1405,1403,-1,2,1403,1401,-1,1421,1419,65,-1,65,1419,1417,-1,65,1417,1,-1,1,1417,1415,-1,1,1415,1414,-1,56,1430,1428,-1,56,1428,65,-1,65,1428,1425,-1,65,1425,1423,-1,1435,1433,56,-1,56,1433,1432,-1,56,1432,1430,-1,1444,1442,58,-1,58,1442,1440,-1,58,1440,56,-1,56,1440,1438,-1,56,1438,1435,-1,1452,1449,60,-1,60,1449,1447,-1,60,1447,58,-1,58,1447,1446,-1,58,1446,1444,-1,62,1463,1462,-1,1462,1457,62,-1,62,1457,1456,-1,62,1456,60,-1,60,1456,1455,-1,60,1455,1454,-1,1472,1470,77,-1,77,1470,1467,-1,77,1467,62,-1,62,1467,1465,-1,62,1465,1463,-1,1482,1484,18,-1,18,1484,1477,-1,18,1477,77,-1,77,1477,1475,-1,77,1475,1474,-1,1492,1490,13,-1,13,1490,1488,-1,13,1488,18,-1,18,1488,1480,-1,18,1480,1481,-1,1500,1497,15,-1,15,1497,13,-1,13,1497,1495,-1,13,1495,1494,-1,1505,1503,15,-1,15,1503,1501,-1,15,1501,1500,-1,1505,15,1507,-1,1507,15,17,-1,1507,17,1510,-1,1515,1513,17,-1,17,1513,1511,-1,17,1511,1510,-1,1524,1522,51,-1,51,1522,1520,-1,51,1520,17,-1,17,1520,1518,-1,17,1518,1515,-1,1535,1533,53,-1,53,1533,1532,-1,1532,1530,53,-1,53,1530,1528,-1,53,1528,51,-1,51,1528,1526,-1,51,1526,1524,-1,1544,1542,48,-1,48,1542,1540,-1,48,1540,53,-1,53,1540,1538,-1,53,1538,1535,-1,1550,1548,47,-1,47,1548,48,-1,48,1548,1546,-1,48,1546,1544,-1,90,406,1560,-1,90,1560,47,-1,47,1560,1558,-1,47,1558,1557,-1,1557,1555,47,-1,47,1555,1552,-1,47,1552,1550,-1,2489,2490,2491,-1,2491,2490,2492,-1,2491,2492,2493,-1,2493,2492,2494,-1,2493,2494,2495,-1,2495,2494,2496,-1,2495,2496,2497,-1,2497,2496,2498,-1,2497,2498,2499,-1,2499,2498,2500,-1,2499,2500,2501,-1,2501,2500,2502,-1,2501,2502,2503,-1,2503,2502,2504,-1,2503,2504,2505,-1,2505,2504,2506,-1,2505,2506,2507,-1,2507,2506,2508,-1,2507,2508,2509,-1,2509,2508,2510,-1,2509,2510,2511,-1,2511,2510,2512,-1,2511,2512,2513,-1,2513,2512,2514,-1,2513,2514,2515,-1,2515,2514,2516,-1,2515,2516,2517,-1,2517,2516,2518,-1,2517,2518,2519,-1,2519,2518,2520,-1,2519,2520,2521,-1,2521,2520,2522,-1,2521,2522,2523,-1,2523,2522,2524,-1,2523,2524,2525,-1,2525,2524,2526,-1,2525,2526,2527,-1,2527,2526,2528,-1,2527,2528,2529,-1,2529,2528,2530,-1,2529,2530,2531,-1,2531,2530,2532,-1,2531,2532,2533,-1,2533,2532,2534,-1,2533,2534,2535,-1,2535,2534,2536,-1,2537,2538,2539,-1,2537,2539,2540,-1,2540,2539,2541,-1,2540,2541,2542,-1,2542,2541,2543,-1,2542,2543,2544,-1,2544,2543,2545,-1,2544,2545,2546,-1,2546,2545,2547,-1,2546,2547,2548,-1,2548,2547,2549,-1,2548,2549,2550,-1,2550,2549,2551,-1,2550,2551,2552,-1,2552,2551,2553,-1,2552,2553,2554,-1,2554,2553,2555,-1,2554,2555,2556,-1,2556,2555,2557,-1,2556,2557,2558,-1,2558,2557,2559,-1,2558,2559,2560,-1,2560,2559,2561,-1,2560,2561,2562,-1,2562,2561,2563,-1,2562,2563,2564,-1,2564,2563,2565,-1,2564,2565,2566,-1,2566,2565,2567,-1,2566,2567,2568,-1,2568,2567,2569,-1,2568,2569,2570,-1,2570,2569,2571,-1,2570,2571,2572,-1,2572,2571,2573,-1,2572,2573,2574,-1,2574,2573,2575,-1,2574,2575,2576,-1,2576,2575,2577,-1,2576,2577,2578,-1,2578,2577,2579,-1,2578,2579,2580,-1,2580,2579,2581,-1,2580,2581,2582,-1,2582,2581,2583,-1,2582,2583,2584,-1,2584,2583,2585,-1,2584,2585,2586,-1,2586,2585,2587,-1,2586,2587,2588,-1,2588,2587,2589,-1,2588,2589,2590,-1,2590,2589,2591,-1,2590,2591,2592,-1,2506,2571,2508,-1,2508,2571,2569,-1,2508,2569,2510,-1,2510,2569,2567,-1,2510,2567,2512,-1,2512,2567,2565,-1,2512,2565,2514,-1,2514,2565,2563,-1,2514,2563,2516,-1,2516,2563,2561,-1,2516,2561,2518,-1,2593,2594,2595,-1,2595,2594,2596,-1,2595,2596,2597,-1,2597,2596,2598,-1,2597,2598,2599,-1,2599,2598,2600,-1,2599,2600,2601,-1,2601,2600,2602,-1,2601,2602,2603,-1,2603,2602,2604,-1,2603,2604,2605,-1,2494,2585,2496,-1,2496,2585,2583,-1,2496,2583,2498,-1,2498,2583,2581,-1,2498,2581,2500,-1,2500,2581,2579,-1,2500,2579,2502,-1,2502,2579,2577,-1,2502,2577,2504,-1,2504,2577,2575,-1,2504,2575,2506,-1,2506,2575,2573,-1,2506,2573,2571,-1,2606,2607,2608,-1,2608,2607,2609,-1,2608,2609,2610,-1,2610,2609,2611,-1,2610,2611,2612,-1,2612,2611,2613,-1,2612,2613,2614,-1,2614,2613,2615,-1,2614,2615,2616,-1,2616,2615,2617,-1,2616,2617,2593,-1,2593,2617,2618,-1,2593,2618,2594,-1,2530,2543,2532,-1,2532,2543,2541,-1,2532,2541,2534,-1,2534,2541,2539,-1,2534,2539,2536,-1,2536,2539,2538,-1,2536,2538,2619,-1,2619,2538,2620,-1,2619,2620,2606,-1,2606,2620,2621,-1,2606,2621,2607,-1,2561,2559,2518,-1,2518,2559,2557,-1,2518,2557,2520,-1,2520,2557,2555,-1,2520,2555,2522,-1,2522,2555,2553,-1,2522,2553,2524,-1,2524,2553,2551,-1,2524,2551,2526,-1,2526,2551,2549,-1,2526,2549,2528,-1,2528,2549,2547,-1,2528,2547,2530,-1,2530,2547,2545,-1,2530,2545,2543,-1,2604,2622,2605,-1,2605,2622,2623,-1,2605,2623,2624,-1,2624,2623,2625,-1,2624,2625,2626,-1,2626,2625,2627,-1,2626,2627,2628,-1,2628,2627,2629,-1,2628,2629,2630,-1,2630,2629,2631,-1,2630,2631,2632,-1,2632,2631,2633,-1,2632,2633,2634,-1,2633,2635,2634,-1,2634,2635,2636,-1,2634,2636,2637,-1,2637,2636,2638,-1,2637,2638,2639,-1,2639,2638,2640,-1,2639,2640,2490,-1,2490,2640,2591,-1,2490,2591,2492,-1,2492,2591,2589,-1,2492,2589,2494,-1,2494,2589,2587,-1,2494,2587,2585,-1,2519,2558,2517,-1,2517,2558,2560,-1,2517,2560,2515,-1,2515,2560,2562,-1,2515,2562,2513,-1,2513,2562,2564,-1,2513,2564,2511,-1,2511,2564,2566,-1,2511,2566,2509,-1,2509,2566,2568,-1,2509,2568,2507,-1,2495,2586,2493,-1,2493,2586,2588,-1,2493,2588,2491,-1,2491,2588,2590,-1,2491,2590,2489,-1,2489,2590,2592,-1,2489,2592,2641,-1,2641,2592,2642,-1,2641,2642,2643,-1,2568,2570,2507,-1,2507,2570,2572,-1,2507,2572,2505,-1,2505,2572,2574,-1,2505,2574,2503,-1,2503,2574,2576,-1,2503,2576,2501,-1,2501,2576,2578,-1,2501,2578,2499,-1,2499,2578,2580,-1,2499,2580,2497,-1,2497,2580,2582,-1,2497,2582,2495,-1,2495,2582,2584,-1,2495,2584,2586,-1,2531,2544,2529,-1,2529,2544,2546,-1,2529,2546,2527,-1,2527,2546,2548,-1,2527,2548,2525,-1,2525,2548,2550,-1,2525,2550,2523,-1,2523,2550,2552,-1,2523,2552,2521,-1,2521,2552,2554,-1,2521,2554,2519,-1,2519,2554,2556,-1,2519,2556,2558,-1,2642,2644,2643,-1,2643,2644,2645,-1,2643,2645,2646,-1,2646,2645,2647,-1,2646,2647,2648,-1,2648,2647,2649,-1,2648,2649,2650,-1,2650,2649,2651,-1,2650,2651,2652,-1,2652,2651,2653,-1,2652,2653,2654,-1,2654,2653,2655,-1,2654,2655,2656,-1,2657,2658,2659,-1,2659,2658,2660,-1,2659,2660,2661,-1,2661,2660,2662,-1,2661,2662,2535,-1,2535,2662,2537,-1,2535,2537,2533,-1,2533,2537,2540,-1,2533,2540,2531,-1,2531,2540,2542,-1,2531,2542,2544,-1,2663,2664,2665,-1,2665,2664,2666,-1,2665,2666,2667,-1,2667,2666,2668,-1,2667,2668,2669,-1,2669,2668,2670,-1,2669,2670,2671,-1,2671,2670,2672,-1,2671,2672,2673,-1,2673,2672,2674,-1,2673,2674,2657,-1,2657,2674,2675,-1,2657,2675,2658,-1,2655,2676,2656,-1,2656,2676,2677,-1,2656,2677,2678,-1,2678,2677,2679,-1,2678,2679,2680,-1,2680,2679,2681,-1,2680,2681,2682,-1,2682,2681,2683,-1,2682,2683,2684,-1,2684,2683,2685,-1,2684,2685,2686,-1,2686,2685,2687,-1,2686,2687,2663,-1,2663,2687,2688,-1,2663,2688,2664,-1,2592,2591,2640,-1,2592,2640,2642,-1,2642,2640,2638,-1,2642,2638,2644,-1,2644,2638,2636,-1,2644,2636,2645,-1,2645,2636,2635,-1,2645,2635,2647,-1,2647,2635,2633,-1,2647,2633,2649,-1,2649,2633,2631,-1,2649,2631,2651,-1,2651,2631,2629,-1,2651,2629,2653,-1,2653,2629,2627,-1,2653,2627,2655,-1,2655,2627,2625,-1,2655,2625,2676,-1,2676,2625,2623,-1,2676,2623,2677,-1,2677,2623,2622,-1,2677,2622,2679,-1,2679,2622,2604,-1,2679,2604,2681,-1,2681,2604,2602,-1,2681,2602,2683,-1,2683,2602,2600,-1,2683,2600,2685,-1,2685,2600,2598,-1,2685,2598,2687,-1,2687,2598,2596,-1,2687,2596,2688,-1,2688,2596,2594,-1,2688,2594,2664,-1,2664,2594,2618,-1,2664,2618,2666,-1,2666,2618,2617,-1,2666,2617,2668,-1,2668,2617,2615,-1,2668,2615,2670,-1,2670,2615,2613,-1,2670,2613,2672,-1,2672,2613,2611,-1,2672,2611,2674,-1,2674,2611,2609,-1,2674,2609,2675,-1,2675,2609,2607,-1,2675,2607,2658,-1,2658,2607,2621,-1,2658,2621,2660,-1,2660,2621,2620,-1,2660,2620,2662,-1,2662,2620,2538,-1,2662,2538,2537,-1,2535,2536,2661,-1,2661,2536,2619,-1,2661,2619,2659,-1,2659,2619,2606,-1,2659,2606,2657,-1,2657,2606,2608,-1,2657,2608,2673,-1,2673,2608,2610,-1,2673,2610,2671,-1,2671,2610,2612,-1,2671,2612,2669,-1,2669,2612,2614,-1,2669,2614,2667,-1,2667,2614,2616,-1,2667,2616,2665,-1,2665,2616,2593,-1,2665,2593,2663,-1,2663,2593,2595,-1,2663,2595,2686,-1,2686,2595,2597,-1,2686,2597,2684,-1,2684,2597,2599,-1,2684,2599,2682,-1,2682,2599,2601,-1,2682,2601,2680,-1,2680,2601,2603,-1,2680,2603,2678,-1,2678,2603,2605,-1,2678,2605,2656,-1,2656,2605,2624,-1,2656,2624,2654,-1,2654,2624,2626,-1,2654,2626,2652,-1,2652,2626,2628,-1,2652,2628,2650,-1,2650,2628,2630,-1,2650,2630,2648,-1,2648,2630,2632,-1,2648,2632,2646,-1,2646,2632,2634,-1,2646,2634,2643,-1,2643,2634,2637,-1,2643,2637,2641,-1,2641,2637,2639,-1,2641,2639,2489,-1,2489,2639,2490,-1,
        ]
    }
}
Shape{
    appearance Appearance {
        material  Material 	{
            diffuseColor 0.2235294117647059 0.2235294117647059 0.2235294117647059
            specularColor 0.11372549019607843 0.11372549019607843 0.11372549019607843
            ambientIntensity 0.2235
            transparency 0.0
            shininess 0.5
        }
    }
    geometry IndexedFaceSet {
        ccw TRUE
        solid FALSE
        coord DEF co Coordinate {
            point [
                -1.9872 5.3346 0.6802, -1.9872 5.3346 0.738, 0.2606 5.3346 0.738, 2.416 5.3346 0.7974, 2.4404 5.3346 0.7952, 2.3998 5.3346 0.7952, 2.466 5.3346 0.9982, 2.4448 5.3346 1.0007, 2.5328 5.3346 1.0007, 1.9981 5.3346 0.6775, 1.9981 5.3346 0.6763, 1.976 5.3346 0.6763, 2.8203 5.3346 0.6763, 2.7383 5.3346 0.6763, 2.7383 5.3346 0.6802, 3.396 5.3346 0.6763, 3.2215 5.3346 0.6763, 3.214 5.3346 0.6802, 3.7268 5.3346 0.7288, 3.7251 5.3346 0.738, 4.2332 5.3346 0.738, 2.9099 5.3346 0.8454, 2.8716 5.3346 0.8125, 2.7383 5.3346 1.0007, 2.7383 5.3346 0.7952, 3.0916 5.3346 1.0217, 3.0616 5.3346 1.0007, 3.0352 5.3346 0.9821, 2.987 5.3346 0.9251, 2.9591 5.3346 0.8691, 2.9521 5.3346 0.8667, 3.2938 5.3346 1.0505, 3.2282 5.3346 1.0575, 2.7383 5.3346 2.6321, 3.1622 5.3346 1.0492, 3.3599 5.3346 1.0268, 4.2304 5.3346 2.6321, 3.3994 5.3346 1.0032, 4.2332 5.3346 2.5136, 3.4024 5.3346 1.0007, 4.2332 5.3346 1.0007, 3.5512 5.3346 0.9376, 3.4951 5.3346 0.9441, 3.433 5.3346 0.9748, 3.4788 5.3346 0.9431, 3.4624 5.3346 0.941, 3.6593 5.3346 0.8769, 3.6496 5.3346 0.886, 3.6041 5.3346 0.9175, 4.2332 5.3346 0.7952, 3.7169 5.3346 0.7823, 3.711 5.3346 0.7952, 3.6938 5.3346 0.8333, 3.7273 5.3346 0.7152, 4.2332 5.3346 0.6802, 3.7233 5.3346 0.6802, 4.2332 5.3346 0.6763, 3.7228 5.3346 0.6763, 3.1044 5.3346 0.5674, 3.0946 5.3346 0.5712, 3.0774 5.3346 0.6522, 3.1132 5.3346 0.5613, 2.8446 5.3346 0.586, 2.8731 5.3346 0.5469, 2.7383 5.3346 -0.0061, 3.0836 5.3346 0.5726, 3.0822 5.3346 0.5724, 3.078 5.3346 0.5715, 3.6245 5.3346 0.5214, 3.6687 5.3346 0.5596, 4.2332 5.3346 -0.0061, 3.7008 5.3346 0.6063, 3.7208 5.3346 0.6594, 2.8264 5.3346 0.6309, 3.4598 5.3346 0.3984, 3.4925 5.3346 0.4124, 3.5202 5.3346 0.4336, 3.5412 5.3346 0.4599, 2.9372 5.3346 0.6058, 2.9214 5.3346 0.6279, 2.9114 5.3346 0.6532, 3.0912 5.3346 0.6763, 2.9121 5.3346 0.5144, 2.9557 5.3346 0.4934, 3.0031 5.3346 0.4837, 3.128 5.3346 0.5287, 3.1276 5.3346 0.5344, 3.2773 5.3346 0.5483, 3.1247 5.3346 0.5452, 3.1192 5.3346 0.5548, 3.2869 5.3346 0.4842, 3.304 5.3346 0.4526, 3.326 5.3346 0.4283, 3.3545 5.3346 0.4087, 3.5553 5.3346 0.4905, 3.5732 5.3346 0.496, 3.0871 5.3346 0.4843, 3.0951 5.3346 0.4857, 3.1045 5.3346 0.4895, 3.1137 5.3346 0.4961, 3.1169 5.3346 0.4995, 3.1231 5.3346 0.5085, 3.1268 5.3346 0.5181, 3.2783 5.3346 0.5193, 3.2774 5.3346 0.5341, 3.3863 5.3346 0.3968, 3.4208 5.3346 0.3928, 3.4262 5.3346 0.3929, 3.0751 5.3346 0.5711, 3.011 5.3346 0.5706, 2.9854 5.3346 0.5753, 2.9603 5.3346 0.5868, 2.9391 5.3346 0.6038, 2.9084 5.3346 0.6763, 2.9079 5.3346 0.6802, 3.0934 5.3346 0.6802, 2.9078 5.3346 0.6809, 3.6318 5.3346 0.6802, 3.6361 5.3346 0.6954, 3.1209 5.3346 0.728, 3.6376 5.3346 0.7174, 3.635 5.3346 0.738, 2.9084 5.3346 0.6934, 2.9149 5.3346 0.7208, 2.924 5.3346 0.738, 3.3671 5.3346 0.6689, 3.3371 5.3346 0.6525, 3.3123 5.3346 0.6297, 3.4843 5.3346 0.6631, 3.4528 5.3346 0.6749, 3.6306 5.3346 0.6763, 3.4405 5.3346 0.6763, 3.4187 5.3346 0.6788, 3.4014 5.3346 0.6777, 3.6261 5.3346 0.6605, 3.5372 5.3346 0.6163, 3.5135 5.3346 0.6431, 3.6094 5.3346 0.6316, 3.5841 5.3346 0.6052, 3.5532 5.3346 0.5858, 3.0294 5.3346 0.7928, 3.6207 5.3346 0.7835, 3.6332 5.3346 0.7518, 3.018 5.3346 0.7927, 2.928 5.3346 0.7454, 2.9442 5.3346 0.7638, 2.9662 5.3346 0.7794, 2.991 5.3346 0.7892, 3.0595 5.3346 0.8785, 3.0913 5.3346 0.9171, 3.419 5.3346 0.8368, 3.0949 5.3346 0.9204, 3.1346 5.3346 0.9484, 3.397 5.3346 0.8817, 3.6124 5.3346 0.7952, 3.4291 5.3346 0.8424, 3.0299 5.3346 0.7952, 3.0378 5.3346 0.8325, 3.461 5.3346 0.8543, 3.4943 5.3346 0.8587, 3.5091 5.3346 0.858, 3.3648 5.3346 0.9196, 3.1792 5.3346 0.9658, 3.3264 5.3346 0.9472, 3.2274 5.3346 0.9721, 3.2798 5.3346 0.9657, 3.5443 5.3346 0.8499, 3.5762 5.3346 0.8333, 3.6008 5.3346 0.8117, 2.8257 5.3346 0.7282, 2.8195 5.3346 0.6817, 2.8197 5.3346 0.6802, 2.8296 5.3346 0.738, 2.7383 5.3346 0.738, 2.8428 5.3346 0.7718, 2.8594 5.3346 0.7952, 1.8242 5.3346 0.5041, 1.8453 5.3346 0.4892, 1.8224 5.3346 -0.0061, 1.8682 5.3346 0.4805, 1.9021 5.3346 0.4766, 1.976 5.3346 -0.0061, 1.7546 5.3346 0.4756, 1.7831 5.3346 0.4758, 1.8224 5.3346 0.5062, 1.8092 5.3346 0.5217, 1.8039 5.3346 0.6252, 1.7966 5.3346 0.606, 1.7055 5.3346 0.6754, 1.6778 5.3346 0.6752, 0.2606 5.3346 0.6763, 1.8224 5.3346 0.6763, 1.603 5.3346 0.4745, 0.2606 5.3346 -0.0061, 1.6316 5.3346 0.4747, 1.6516 5.3346 0.5296, 1.7349 5.3346 0.5302, 1.7935 5.3346 0.5785, 1.7942 5.3346 0.5657, 1.7992 5.3346 0.5423, 1.844 5.3346 0.6642, 1.8681 5.3346 0.6732, 1.8946 5.3346 0.6763, 1.8232 5.3346 0.6497, 1.8224 5.3346 0.649, 1.8161 5.3346 0.6427, 1.9558 5.3346 0.6763, 1.9558 5.3346 0.6772, 1.976 5.3346 0.6802, 1.8987 5.3346 0.6768, 1.8224 5.3346 0.6802, 1.9572 5.3346 0.477, 1.9983 5.3346 0.6545, 2.0367 5.3346 0.5004, 1.9948 5.3346 0.5001, 2.0046 5.3346 0.5675, 2.0044 5.3346 0.5904, 2.0367 5.3346 0.4776, 2.0367 5.3346 -0.0061, 1.995 5.3346 0.4773, 2.0367 5.3346 0.5907, 2.0367 5.3346 0.5677, 2.0762 5.3346 0.568, 2.0767 5.3346 0.5007, 2.0367 5.3346 0.6547, 2.0756 5.3346 0.655, 2.076 5.3346 0.5909, 2.0367 5.3346 0.6802, 2.0367 5.3346 0.6778, 2.1012 5.3346 0.6782, 2.2343 5.3346 0.6802, 2.1012 5.3346 0.6763, 2.2343 5.3346 0.6115, 2.2013 5.3346 0.5143, 2.1945 5.3346 0.514, 2.1983 5.3346 0.5025, 2.1976 5.3346 0.5025, 2.1964 5.3346 0.5074, 2.2343 5.3346 0.6763, 2.1547 5.3346 0.6214, 2.1287 5.3346 0.6212, 2.1027 5.3346 0.478, 2.1947 5.3346 0.4571, 2.2062 5.3346 0.4351, 2.2155 5.3346 0.4241, 2.2172 5.3346 0.4226, 2.226 5.3346 0.4165, 2.3765 5.3346 0.485, 2.3763 5.3346 0.5109, 2.3998 5.3346 0.6763, 2.3998 5.3346 -0.0061, 2.3638 5.3346 -0.0061, 2.3638 5.3346 0.4802, 2.3665 5.3346 0.5048, 2.3638 5.3346 0.5037, 2.3638 5.3346 0.5568, 2.3687 5.3346 0.5617, 2.3719 5.3346 0.567, 2.3746 5.3346 0.5746, 2.3756 5.3346 0.5844, 2.3746 5.3346 0.5933, 2.3646 5.3346 0.5574, 2.3609 5.3346 0.4792, 2.2879 5.3346 0.5419, 2.2833 5.3346 0.535, 2.286 5.3346 0.5949, 2.2806 5.3346 0.5275, 2.2797 5.3346 0.5182, 2.3593 5.3346 0.6148, 2.3514 5.3346 0.6194, 2.3638 5.3346 0.6763, 2.3715 5.3346 0.6014, 2.3668 5.3346 0.6081, 2.3638 5.3346 0.6108, 2.3375 5.3346 0.6241, 2.3196 5.3346 0.6258, 2.2728 5.3346 0.6763, 2.3023 5.3346 0.6242, 2.2858 5.3346 0.6192, 2.2809 5.3346 0.5081, 2.2728 5.3346 -0.0061, 2.2841 5.3346 0.5002, 2.2888 5.3346 0.4936, 2.296 5.3346 0.4874, 2.3044 5.3346 0.4826, 2.3185 5.3346 0.4781, 2.3377 5.3346 0.4763, 2.3222 5.3346 0.6055, 2.3297 5.3346 0.605, 2.3498 5.3346 0.5864, 2.3364 5.3346 0.6033, 2.342 5.3346 0.6003, 2.3496 5.3346 0.5831, 2.3486 5.3346 0.5792, 2.3468 5.3346 0.5758, 2.3444 5.3346 0.5731, 2.3356 5.3346 0.5675, 2.3059 5.3346 0.6035, 2.3201 5.3346 0.5606, 2.2918 5.3346 0.5983, 2.3104 5.3346 0.5566, 2.2938 5.3346 0.5473, 2.3458 5.3346 0.597, 2.348 5.3346 0.5938, 2.3493 5.3346 0.5904, 2.3509 5.3346 0.4987, 2.3379 5.3346 0.5426, 2.3528 5.3346 0.5495, 2.3351 5.3346 0.4968, 2.334 5.3346 0.4968, 2.3215 5.3346 0.5355, 2.3212 5.3346 0.4981, 2.3054 5.3346 0.5159, 2.3057 5.3346 0.519, 2.3147 5.3346 0.5005, 2.3124 5.3346 0.5018, 2.3095 5.3346 0.5044, 2.3073 5.3346 0.5076, 2.306 5.3346 0.5111, 2.3068 5.3346 0.523, 2.3087 5.3346 0.5263, 2.3118 5.3346 0.5296, 1.8224 5.3346 1.0007, 1.976 5.3346 1.0007, 1.9262 5.3346 0.9945, 1.9539 5.3346 0.9947, 2.0367 5.3346 0.7952, 2.0315 5.3346 0.7952, 1.976 5.3346 0.9378, 2.0315 5.3346 0.7951, 2.0367 5.3346 0.738, 2.003 5.3346 0.7949, 1.976 5.3346 0.738, 2.0029 5.3346 0.7952, 1.976 5.3346 0.7952, 1.976 5.3346 0.8495, 1.9834 5.3346 0.8495, 1.8224 5.3346 0.7952, 1.8519 5.3346 0.7952, 1.8514 5.3346 0.7938, 2.253 5.3346 0.8868, 2.2343 5.3346 0.7952, 2.2528 5.3346 0.9098, 2.2343 5.3346 1.0007, 2.2728 5.3346 0.9099, 2.2467 5.3346 0.9738, 2.2466 5.3346 0.9968, 2.2728 5.3346 1.0007, 2.2728 5.3346 0.997, 2.2728 5.3346 0.887, 2.3246 5.3346 0.8873, 2.2728 5.3346 0.8196, 2.3251 5.3346 0.82, 2.2728 5.3346 0.974, 2.324 5.3346 0.9743, 2.3244 5.3346 0.9103, 2.3511 5.3346 0.7974, 2.3638 5.3346 0.7952, 2.2728 5.3346 0.7952, 2.3497 5.3346 0.9975, 2.3638 5.3346 1.0007, 2.2433 5.3346 0.8194, 2.2434 5.3346 0.7966, 2.2728 5.3346 0.7968, 2.0367 5.3346 1.801, 2.1137 5.3346 1.9557, 2.1972 5.3346 2.2492, 2.2254 5.3346 2.553, 1.7938 5.3346 1.439, 1.5683 5.3346 1.2334, 1.3089 5.3346 1.0728, 0.2606 5.3346 0.9362, 0.4192 5.3346 0.9065, 0.2606 5.3346 0.7952, 0.7244 5.3346 0.9065, 1.0243 5.3346 0.9626, 1.1226 5.3346 1.0007, -1.9872 5.3346 0.7952, -1.9872 5.3346 1.0007, -1.9872 5.3346 2.5136, -1.9844 5.3346 2.6321, -1.0744 5.3346 2.6321, -0.4247 5.3346 1.2334, -0.6502 5.3346 1.439, -0.8341 5.3346 1.6825, -0.1652 5.3346 1.0728, 0.021 5.3346 1.0007, 0.1193 5.3346 0.9626, -1.0817 5.3346 2.553, -1.0536 5.3346 2.2492, -0.9701 5.3346 1.9557, 0.4192 5.3346 4.1995, 0.2606 5.3346 4.1698, 0.2606 5.3346 4.9546, 0.1193 5.3346 4.1434, -1.736 5.3346 4.9546, -0.6502 5.3346 3.667, -0.8341 5.3346 3.4235, -1.9328 5.3346 4.7625, -0.9701 5.3346 3.1503, -1.0536 5.3346 2.8568, -1.9251 5.3346 4.8125, -1.9049 5.3346 4.8589, -1.8735 5.3346 4.8986, -0.1652 5.3346 4.0332, -0.4247 5.3346 3.8726, -1.7862 5.3346 4.9481, -1.8331 5.3346 4.929, 1.976 5.3346 4.9546, 1.8224 5.3346 3.6291, 1.8224 5.3346 4.9546, 1.7938 5.3346 3.667, 1.5683 5.3346 3.8726, 1.3089 5.3346 4.0332, 1.0243 5.3346 4.1434, 0.7244 5.3346 4.1995, 2.0367 5.3346 4.9546, 1.9777 5.3346 3.4235, 1.976 5.3346 3.4257, 2.2343 5.3346 4.9546, 2.1137 5.3346 3.1503, 2.0367 5.3346 3.305, 2.2343 5.3346 2.6321, 2.218 5.3346 2.6321, 2.1972 5.3346 2.8568, 4.1711 5.3346 4.8125, 4.1788 5.3346 4.7625, 3.982 5.3346 4.9546, 2.7383 5.3346 4.9546, 4.0791 5.3346 4.929, 4.1195 5.3346 4.8986, 4.1509 5.3346 4.8589, 4.0322 5.3346 4.9481, 2.437 5.3346 0.9782, 2.4462 5.3346 0.9778, 2.3998 5.3346 0.8268, 2.4124 5.3346 0.9751, 2.3899 5.3346 0.966, 2.3909 5.3346 0.8307, 2.3922 5.3346 0.9672, 2.3998 5.3346 0.9702, 2.4634 5.3346 0.9743, 2.4791 5.3346 0.9669, 2.4917 5.3346 0.9564, 2.4931 5.3346 0.9549, 2.5029 5.3346 0.941, 2.5097 5.3346 0.9238, 2.5132 5.3346 0.8964, 2.513 5.3346 0.8877, 2.4107 5.3346 0.822, 2.4334 5.3346 0.818, 2.4427 5.3346 0.8177, 2.5097 5.3346 0.8679, 2.5032 5.3346 0.8519, 2.494 5.3346 0.8391, 2.4885 5.3346 0.8338, 2.4605 5.3346 0.8197, 2.4751 5.3346 0.8249, 2.4269 5.3346 1.0007, 2.4109 5.3346 0.9993, 2.3998 5.3346 1.0007, 2.3998 5.3346 0.996, 2.3898 5.3346 0.993, 2.5255 5.3346 0.9537, 2.5109 5.3346 0.9726, 2.5058 5.3346 0.9773, 2.487 5.3346 0.9903, 2.5447 5.3346 1.0007, 2.5352 5.3346 0.9316, 2.5328 5.3346 0.9371, 2.5328 5.3346 0.8524, 2.5366 5.3346 0.8625, 2.5447 5.3346 0.7952, 2.5403 5.3346 0.895, 2.5399 5.3346 0.9055, 2.4545 5.3346 0.7952, 2.4622 5.3346 0.7958, 2.5328 5.3346 0.7952, 2.4832 5.3346 0.801, 2.5017 5.3346 0.8107, 2.5152 5.3346 0.8225, 2.5168 5.3346 0.8243, 2.5286 5.3346 0.8415, 2.5328 5.3346 0.738, 2.3998 5.3346 0.738, 2.4466 5.3346 0.7947, 2.3911 5.3346 0.8059, 2.3945 5.3346 0.8043, 2.3998 5.3346 0.8026, 2.5526 5.3346 0.6584, 2.6299 5.3346 0.6589, 2.6304 5.3346 0.5949, 2.5493 5.3346 0.4812, 2.657 5.3346 0.482, 2.5447 5.3346 0.6763, 2.5588 5.3346 0.5944, 2.5589 5.3346 0.5714, 2.6305 5.3346 0.572, 2.631 5.3346 0.5046, 2.5492 5.3346 0.504, 2.5447 5.3346 -0.0061, 2.5525 5.3346 0.6763, 2.5447 5.3346 0.6802, 2.5525 5.3346 0.6802, 2.5525 5.3346 0.6814, 2.5447 5.3346 0.738, 2.6556 5.3346 0.6821, 2.6556 5.3346 0.6763, 2.6556 5.3346 0.6802, 2.2659 5.3346 0.6222, 2.2378 5.3346 0.622, 2.2343 5.3346 -0.0061, 2.2343 5.3346 0.4134, 2.2359 5.3346 0.4128, 2.246 5.3346 0.4117, 2.2343 5.3346 0.5401, 2.262 5.3346 0.4362, 2.2622 5.3346 0.4139, 2.2516 5.3346 0.412, 2.2569 5.3346 0.4345, 2.2478 5.3346 0.4332, 2.2416 5.3346 0.4339, 2.2361 5.3346 0.436, 2.2343 5.3346 0.4372, 2.2317 5.3346 0.439, 2.227 5.3346 0.4442, 2.222 5.3346 0.4532, 2.2108 5.3346 0.4791, -1.9872 5.3346 -0.0061, -1.9872 5.3346 0.6763, 0.2606 5.3346 0.6802, 1.9 5.3346 0.8489, 1.8804 5.3346 0.7952, 1.88 5.3346 0.794, 1.8224 5.3346 0.738, 2.1165 5.3346 0.9925, 2.0924 5.3346 0.9835, 2.0367 5.3346 1.0007, 2.0426 5.3346 0.8851, 2.0476 5.3346 0.8617, 2.1471 5.3346 0.9961, 2.0523 5.3346 0.9445, 2.045 5.3346 0.9254, 2.0419 5.3346 0.8978, 2.0576 5.3346 0.841, 2.0726 5.3346 0.8234, 2.0937 5.3346 0.8086, 2.2042 5.3346 0.9965, 2.2056 5.3346 0.7963, 2.1505 5.3346 0.796, 2.1166 5.3346 0.7998, 1.8224 5.3346 1.4769, 1.9777 5.3346 1.6825, 2.0716 5.3346 0.9691, 2.0645 5.3346 0.9621, 2.3638 5.3346 0.738, 2.2728 5.3346 0.738, 2.2343 5.3346 0.738, 2.3998 5.3346 2.6321, 2.3638 5.3346 2.6321, 2.2728 5.3346 2.6321, 2.4356 5.3346 0.4804, 2.5328 5.3346 -0.0061, 2.4105 5.3346 0.4802, 2.4271 5.3346 0.6172, 2.4204 5.3346 0.6107, 2.4611 5.3346 0.6268, 2.4865 5.3346 0.624, 2.5328 5.3346 0.6763, 2.4458 5.3346 0.6253, 2.4353 5.3346 0.622, 2.5145 5.3346 0.5494, 2.5067 5.3346 0.5559, 2.5106 5.3346 0.5895, 2.4958 5.3346 0.5613, 2.4955 5.3346 0.5992, 2.4773 5.3346 0.5656, 2.4551 5.3346 0.6055, 2.4636 5.3346 0.6065, 2.4798 5.3346 0.6048, 2.5046 5.3346 0.4829, 2.513 5.3346 0.4888, 2.5158 5.3346 0.4917, 2.5209 5.3346 0.4994, 2.5239 5.3346 0.5079, 2.5251 5.3346 0.5193, 2.5104 5.3346 0.6139, 2.5052 5.3346 0.6169, 2.4154 5.3346 0.6025, 2.4116 5.3346 0.591, 2.4098 5.3346 0.5722, 2.467 5.3346 0.4787, 2.48 5.3346 0.4773, 2.495 5.3346 0.4792, 2.525 5.3346 0.5228, 2.5232 5.3346 0.5335, 2.5196 5.3346 0.5423, 2.4349 5.3346 0.5713, 2.4357 5.3346 0.5824, 2.4382 5.3346 0.5913, 2.4411 5.3346 0.5965, 2.4354 5.3346 0.5025, 2.4361 5.3346 0.5025, 2.4402 5.3346 0.4964, 2.4482 5.3346 0.488, 2.4568 5.3346 0.4823, 2.4449 5.3346 0.6006, 2.4493 5.3346 0.6035, 2.2728 5.3346 0.6802, 2.3638 5.3346 0.6802, 2.3998 5.3346 0.6802, 2.5328 5.3346 0.6802, 2.6275 5.3346 0.9995, 2.6533 5.3346 0.9997, 2.6548 5.3346 0.7995, 2.5492 5.3346 0.7988, 2.549 5.3346 0.8216, 2.6288 5.3346 0.8222, 2.5447 5.3346 2.6321, 2.5328 5.3346 2.6321, 2.4371 5.3346 1.0015, 2.5447 5.3346 4.9546, 2.5328 5.3346 4.9546, 2.3998 5.3346 4.9546, 2.3638 5.3346 4.9546, 2.2728 5.3346 4.9546, 1.6693 6.0433 2.7863, 1.6939 6.0433 2.553, 1.8376 5.3346 2.553, -0.6939 5.3346 2.553, -0.5502 6.0433 2.553, -0.6796 5.3346 2.6891, -0.5257 6.0433 2.7863, -0.4532 6.0433 3.0094, -0.6212 5.3346 2.955, -0.6663 5.3346 2.8162, -0.3359 6.0433 3.2125, -0.5069 5.3346 3.2022, -0.5845 5.3346 3.0678, -0.179 6.0433 3.3868, -0.3423 5.3346 3.4191, -0.4522 5.3346 3.297, 0.0108 6.0433 3.5247, -0.1348 5.3346 3.5956, -0.2751 5.3346 3.4936, 0.2251 6.0433 3.6201, 0.1057 5.3346 3.7234, -0.0611 5.3346 3.6492, 0.4545 6.0433 3.6689, 0.3682 5.3346 3.7967, 0.1807 5.3346 3.7568, 0.6891 6.0433 3.6689, 0.6403 5.3346 3.8118, 0.4395 5.3346 3.8118, 0.9185 6.0433 3.6201, 0.9095 5.3346 3.7682, 0.7041 5.3346 3.8118, 1.1328 6.0433 3.5247, 1.1631 5.3346 3.6677, 0.9629 5.3346 3.7568, 1.3226 6.0433 3.3868, 1.3893 5.3346 3.515, 1.2047 5.3346 3.6492, 1.4796 6.0433 3.2125, 1.5776 5.3346 3.3173, 1.4188 5.3346 3.4936, 1.5969 6.0433 3.0094, 1.719 5.3346 3.0836, 1.5958 5.3346 3.297, 1.8099 5.3346 2.8162, 1.8071 5.3346 2.8248, 1.7281 5.3346 3.0678, 1.6693 6.0433 2.3197, 1.5969 6.0433 2.0966, 0.6891 6.0433 1.4371, -0.4532 6.0433 2.0966, -0.3359 6.0433 1.8935, 0.9185 6.0433 1.4859, 1.1328 6.0433 1.5813, 1.3226 6.0433 1.7192, -0.179 6.0433 1.7192, 0.0108 6.0433 1.5813, 0.4545 6.0433 1.4371, 0.2251 6.0433 1.4859, -0.5257 6.0433 2.3197, 1.4796 6.0433 1.8935, 1.8099 5.3346 2.2898, 1.8071 5.3346 2.2812, 1.7281 5.3346 2.0382, 1.719 5.3346 2.0224, 1.5958 5.3346 1.809, 1.5776 5.3346 1.7887, 1.4188 5.3346 1.6124, 1.3893 5.3346 1.591, 1.2047 5.3346 1.4568, 1.1631 5.3346 1.4383, 0.9629 5.3346 1.3492, 0.9095 5.3346 1.3378, 0.7041 5.3346 1.2942, 0.6403 5.3346 1.2942, 0.4395 5.3346 1.2942, 0.3682 5.3346 1.3093, 0.1807 5.3346 1.3492, 0.1057 5.3346 1.3826, -0.0611 5.3346 1.4568, -0.1348 5.3346 1.5104, -0.2751 5.3346 1.6124, -0.3423 5.3346 1.6869, -0.4522 5.3346 1.809, -0.5069 5.3346 1.9038, -0.5845 5.3346 2.0382, -0.6212 5.3346 2.151, -0.6663 5.3346 2.2898, -0.6796 5.3346 2.4169, 0.1781 4.8524 0.4762, 0.9655 4.8524 0.4762, 0.1781 4.8524 0.5117, 0.9655 4.8524 0.5117, 0.1781 4.9409 0.3876, 0.9655 4.9409 0.3876, 0.9655 4.9409 1.35, 0.9655 4.4646 0.8995, 0.9655 4.4646 1.35, 0.1781 4.4646 0.8995, 0.1781 4.4646 1.35, 0.1781 4.9409 1.35, 0.3964 4.093 1.2995, 0.5718 4.1102 1.2873, 0.367 4.1102 1.3039, 0.367 4.4646 1.3039, 0.0088 4.563 3.6866, 0.0088 4.4646 3.6866, -0.1385 4.4646 3.6006, 0.0088 2.0433 3.6866, 0.0088 1.9449 3.6866, -0.1385 1.9449 3.6006, -0.1385 2.811 3.6006, 0.0088 2.811 3.6866, 0.0088 2.7126 3.6866, -0.6433 4.4646 2.9073, -0.6277 4.4646 2.9572, -0.5128 4.4646 3.2056, -0.3471 4.4646 3.4235, 0.1033 4.563 3.7289, 0.367 4.563 3.8021, 0.6403 4.563 3.8169, 0.9104 4.563 3.7726, 1.1647 4.563 3.6713, 1.3912 4.563 3.5177, 1.5795 4.563 3.319, 1.7206 4.563 3.0845, 1.808 4.563 2.8251, 1.8376 4.563 2.553, -0.1385 4.9409 1.5054, 0.1033 4.9409 1.3771, -0.3471 4.9409 1.6825, -0.5128 4.9409 1.9004, -0.6277 4.9409 2.1488, -0.6865 4.9409 2.4161, -0.6939 4.9409 2.553, -0.6939 0.5669 2.553, -0.1385 -2.2283 3.6006, 0.0088 -2.2283 3.6866, 0.0088 -2.3268 3.6866, -0.1385 -3.0925 3.6006, -0.3471 -3.0925 3.4235, -0.3471 -2.2283 3.4235, -0.5128 -2.2283 3.2056, -0.5128 -3.0925 3.2056, -0.6277 -2.2283 2.9572, -0.6277 -3.0925 2.9572, -0.6433 -2.2283 2.9073, -0.6865 -3.0925 2.6899, -0.6433 -0.5748 2.9073, 0.0088 0.2913 3.6866, 0.0088 0.1929 3.6866, -0.1385 0.2913 3.6006, -0.1385 -0.5748 3.6006, -0.3471 0.2913 3.4235, -0.3471 -0.5748 3.4235, -0.5128 0.2913 3.2056, -0.5128 -0.5748 3.2056, -0.6277 0.2913 2.9572, -0.6277 -0.5748 2.9572, -0.6433 0.2913 2.9073, -0.1385 -0.8245 1.5054, -0.1567 -0.8536 1.5179, -0.1575 -0.8818 1.5185, -0.1713 -0.8952 1.5283, -0.175 -0.9168 1.531, -0.6939 -0.1516 2.553, -0.6939 -1.9528 2.553, -0.6939 -3.0925 2.553, -0.6865 -1.9528 2.4161, -0.6865 -3.0925 2.4161, -0.6277 -1.9528 2.1488, -0.6277 -3.0925 2.1488, -0.5128 -1.9528 1.9004, -0.5128 -3.0925 1.9004, -0.3471 -1.9528 1.6825, -0.3471 -3.0925 1.6825, -0.1762 -1.9528 1.5319, -0.1385 -3.0925 1.5054, 0.0206 -0.7421 1.4136, -0.0232 -0.7471 1.4358, 0.1033 -3.0925 1.3771, -0.0648 -0.7616 1.459, -0.1762 -0.939 1.5319, -0.1333 -0.8162 1.5018, -0.1021 -0.7851 1.4816, 1.2214 -0.7685 1.4667, 1.1739 -0.7488 1.4396, 1.244 -0.8433 1.4805, 1.1646 -0.7476 1.4349, 1.1647 -3.0925 1.4347, 1.123 -0.7421 1.4136, 0.9104 -3.0925 1.3334, 0.9104 -0.7421 1.3334, 0.6403 -3.0925 1.2891, 0.6403 -0.7421 1.2891, 0.367 -3.0925 1.3039, 0.367 -0.7421 1.3039, 0.1033 -0.7421 1.3771, 1.3198 -0.939 1.5319, 1.3181 -0.9131 1.5307, 1.3131 -0.888 1.5271, 1.3047 -0.8633 1.521, 1.2935 -0.8406 1.5131, 1.2622 -0.7998 1.4921, 1.7206 4.9409 2.0215, 1.7461 4.9409 2.0806, 1.7461 0.5669 2.0806, 1.808 -3.0925 2.2809, 1.3198 -1.9528 1.5319, 1.3912 -1.9528 1.5883, 1.3912 -3.0925 1.5883, 1.5795 -1.9528 1.787, 1.5795 -3.0925 1.787, 1.7206 -1.9528 2.0215, 1.7206 -3.0925 2.0215, 1.7461 -1.9528 2.0806, 1.7461 -0.1516 2.0806, 1.7206 -0.1516 2.0215, 1.7206 0.5669 2.0215, 1.5795 -0.1516 1.787, 1.5795 0.5669 1.787, 1.3912 -0.1516 1.5883, 1.3912 0.5669 1.5883, 1.1647 -0.1516 1.4347, 1.3198 0.5669 1.5319, 1.244 4.0095 1.4805, 1.2457 4.0673 1.4816, 1.2084 4.0907 1.459, 1.3198 3.9134 1.5319, 1.3186 3.9355 1.531, 1.3149 3.9572 1.5283, 1.3003 3.9988 1.5179, 1.2769 4.0361 1.5018, 0.9104 4.1102 1.3334, 0.9097 4.0418 1.3357, 1.123 4.1102 1.4136, 1.0443 3.9811 1.3787, 1.1647 4.1055 1.4347, 1.0443 2.8599 1.3787, 1.1668 4.1053 1.4358, 0.9104 -0.1516 1.3334, 0.9104 2.7582 1.3336, 0.9059 2.7548 1.3321, 0.7746 2.6904 1.3036, 0.6478 2.6587 1.2895, 0.6403 -0.1516 1.2891, 0.6403 2.6585 1.2895, 0.367 -0.1516 1.3039, 0.5206 2.6559 1.2883, 0.3956 2.6814 1.2996, 0.3673 2.694 1.3052, 0.1033 -0.1516 1.3771, 0.2559 2.7439 1.3273, 0.1034 2.857 1.3774, -0.1385 -0.1516 1.5054, 0.0994 2.8599 1.3787, 0.1033 4.1102 1.3771, 0.0206 4.1102 1.4136, 0.0994 3.9811 1.3787, -0.1021 4.0673 1.4816, -0.0648 4.0907 1.459, -0.0232 4.1053 1.4358, -0.1567 3.9988 1.5179, -0.1713 3.9572 1.5283, -0.1575 3.9706 1.5185, -0.175 3.9356 1.531, -0.1762 3.9134 1.5319, -0.1762 0.5669 1.5319, -0.1385 4.0278 1.5054, -0.6433 2.811 2.9073, -0.6865 0.5669 2.4161, -0.6865 -0.1516 2.4161, -0.6277 0.5669 2.1488, -0.6277 -0.1516 2.1488, -0.5128 0.5669 1.9004, -0.5128 -0.1516 1.9004, -0.3471 0.5669 1.6825, -0.3471 -0.1516 1.6825, -0.1333 4.0361 1.5018, 0.1034 3.983 1.3774, 0.2238 4.0414 1.336, 0.3674 4.0843 1.3056, 0.6403 4.1058 1.2904, 0.6403 4.1102 1.2891, 0.6874 4.1028 1.2925, 0.8685 4.0605 1.3225, 1.5795 4.9409 1.787, 1.3912 4.9409 1.5883, 1.1647 4.9409 1.4347, 0.9104 4.4646 1.3334, 0.6403 4.4646 1.2891, 0.1033 -3.0925 3.7289, 0.1033 -2.3268 3.7289, 0.367 -3.0925 3.8021, 0.367 -2.3268 3.8021, 0.6403 -3.0925 3.8169, 0.6403 -2.3268 3.8169, 0.9104 -3.0925 3.7726, 0.9104 -2.3268 3.7726, 1.1647 -3.0925 3.6713, 1.1647 -2.3268 3.6713, 1.3912 -3.0925 3.5177, 1.3912 -2.3268 3.5177, 1.5795 -3.0925 3.319, 1.5795 -2.3268 3.319, 1.7206 -3.0925 3.0845, 1.7206 -2.3268 3.0845, 1.808 -3.0925 2.8251, 1.808 -2.3268 2.8251, 1.8376 -3.0925 2.553, 1.8376 -2.3268 2.553, 1.8376 -0.4764 2.553, 0.0088 -0.5748 3.6866, 0.0088 -0.4764 3.6866, 0.1033 -0.4764 3.7289, 0.1033 0.1929 3.7289, 0.367 -0.4764 3.8021, 0.367 0.1929 3.8021, 0.6403 -0.4764 3.8169, 0.6403 0.1929 3.8169, 0.9104 -0.4764 3.7726, 0.9104 0.1929 3.7726, 1.1647 -0.4764 3.6713, 1.1647 0.1929 3.6713, 1.3912 -0.4764 3.5177, 1.3912 0.1929 3.5177, 1.5795 -0.4764 3.319, 1.5795 0.1929 3.319, 1.7206 -0.4764 3.0845, 1.7206 0.1929 3.0845, 1.808 -0.4764 2.8251, 1.808 0.1929 2.8251, 1.8376 0.1929 2.553, 1.8376 2.0433 2.553, -0.6433 1.9449 2.9073, -0.6277 1.9449 2.9572, -0.6277 2.811 2.9572, -0.5128 1.9449 3.2056, -0.5128 2.811 3.2056, -0.3471 1.9449 3.4235, -0.3471 2.811 3.4235, 0.1033 2.0433 3.7289, 0.1033 2.7126 3.7289, 0.367 2.0433 3.8021, 0.367 2.7126 3.8021, 0.6403 2.0433 3.8169, 0.6403 2.7126 3.8169, 0.9104 2.0433 3.7726, 0.9104 2.7126 3.7726, 1.1647 2.0433 3.6713, 1.1647 2.7126 3.6713, 1.3912 2.0433 3.5177, 1.3912 2.7126 3.5177, 1.5795 2.0433 3.319, 1.5795 2.7126 3.319, 1.7206 2.0433 3.0845, 1.7206 2.7126 3.0845, 1.808 2.0433 2.8251, 1.808 2.7126 2.8251, 1.8376 2.7126 2.553, 2.8238 4.9409 2.0806, 2.8238 0.5669 2.0806, -1.9328 4.563 4.7625, -1.9251 4.563 4.8125, -1.9049 4.563 4.8589, -1.8735 4.563 4.8986, -1.8331 4.563 4.929, -1.7862 4.563 4.9481, -1.736 4.563 4.9546, 3.982 4.563 4.9546, 4.0322 4.563 4.9481, 4.0791 4.563 4.929, 4.1195 4.563 4.8986, 4.1509 4.563 4.8589, 4.1711 4.563 4.8125, 4.1788 4.563 4.7625, 4.2332 4.563 2.5136, -1.9872 4.563 2.5136, -0.6939 4.9409 -0.0061, -0.6939 0.5669 -0.0061, 2.8238 4.9409 -0.0061, 2.8238 0.5669 -0.0061, 4.2332 4.563 -0.0061, -1.9872 4.563 -0.0061, -1.1802 -0.5748 -0.0061, -1.1802 -1.0079 -0.0061, -1.566 -1.0079 -0.0061, -1.566 2.7126 -0.0061, -1.566 3.2441 -0.0061, -1.1802 3.2441 -0.0061, -1.566 4.563 -0.0061, -1.9872 -3.0925 -0.0061, -1.9872 -2.3268 -0.0061, -1.566 -2.3268 -0.0061, -1.566 -1.7953 -0.0061, -1.1802 -1.7953 -0.0061, 3.8474 4.563 -0.0061, -1.9872 -0.4764 -0.0061, -1.9872 0.1929 -0.0061, -1.566 -0.4764 -0.0061, -1.566 0.1929 -0.0061, 1.1739 -1.9451 -0.0061, 1.1806 -1.9528 -0.0061, -0.0231 -1.937 -0.0061, -1.9872 2.0433 -0.0061, -1.9872 2.7126 -0.0061, -1.566 2.0433 -0.0061, 4.2332 -3.0925 -0.0061, 1.7461 -1.9528 -0.0061, 3.2293 2.811 -0.0061, 1.7461 -0.1516 -0.0061, 1.1806 0.5669 -0.0061, -0.6939 -0.1516 -0.0061, 3.8474 4.0315 -0.0061, 3.4261 4.0315 -0.0061, 3.4261 4.4646 -0.0061, 3.2293 4.4646 -0.0061, -0.037 0.5669 -0.0061, -0.0231 0.5827 -0.0061, 1.1667 0.5827 -0.0061, -1.1802 1.5118 -0.0061, -1.566 1.5118 -0.0061, -1.1802 1.9449 -0.0061, -1.1802 -2.2283 -0.0061, -0.9833 -2.2283 -0.0061, -0.037 -1.9528 -0.0061, -0.9833 -0.5748 -0.0061, -0.6939 -1.9528 -0.0061, -1.1802 2.811 -0.0061, -0.9833 2.811 -0.0061, -0.9833 1.9449 -0.0061, -1.566 0.7244 -0.0061, -1.1802 0.7244 -0.0061, -1.1802 0.2913 -0.0061, -0.9833 0.2913 -0.0061, -0.9833 4.4646 -0.0061, 3.4261 2.811 -0.0061, 4.2332 2.0433 -0.0061, 3.8474 2.0433 -0.0061, 4.2332 2.7126 -0.0061, 3.8474 2.7126 -0.0061, 3.8474 3.2441 -0.0061, 3.4261 3.2441 -0.0061, -1.1802 4.0315 -0.0061, -1.566 4.0315 -0.0061, -1.1802 4.4646 -0.0061, -0.0015 -1.9191 -0.0061, 0.0094 -1.9148 -0.0061, 0.0206 -1.9134 -0.0061, 1.123 -1.9134 -0.0061, 1.1246 -1.9134 -0.0061, -0.0015 0.6006 -0.0061, 0.0094 0.6048 -0.0061, 0.0206 0.6063 -0.0061, 1.1246 0.6063 -0.0061, 1.1351 0.6046 -0.0061, 1.1466 0.5998 -0.0061, -0.0163 -1.9294 -0.0061, 1.1351 -1.9151 -0.0061, 1.1466 -1.9199 -0.0061, 1.1603 -1.9297 -0.0061, 3.8474 -2.3268 -0.0061, 4.2332 -2.3268 -0.0061, -0.0163 0.5903 -0.0061, 1.123 0.6063 -0.0061, 1.1603 0.59 -0.0061, 3.2293 0.2913 -0.0061, 3.2293 1.9449 -0.0061, 3.4261 1.9449 -0.0061, 3.4261 1.5118 -0.0061, 3.8474 1.5118 -0.0061, 3.4261 0.2913 -0.0061, 4.2332 -0.4764 -0.0061, 3.8474 -0.4764 -0.0061, 4.2332 0.1929 -0.0061, 3.8474 0.1929 -0.0061, 3.8474 0.7244 -0.0061, 3.4261 0.7244 -0.0061, 3.4261 -2.2283 -0.0061, 3.4261 -1.7953 -0.0061, 3.8474 -1.7953 -0.0061, 3.2293 -2.2283 -0.0061, 3.2293 -0.5748 -0.0061, 3.4261 -0.5748 -0.0061, 3.4261 -1.0079 -0.0061, 3.8474 -1.0079 -0.0061, -0.8652 4.4646 2.9073, -0.9833 4.4646 2.7892, -0.8652 2.811 2.9073, -0.9833 2.811 2.7892, -1.1802 4.4646 2.4349, -1.2983 4.4646 2.553, -1.1802 2.811 2.4349, -1.2983 2.811 2.553, -1.1802 3.2441 1.5294, -1.566 3.2441 1.5294, -1.1802 4.0315 1.5294, -1.566 4.0315 1.5294, -1.566 4.4646 2.553, -1.566 2.811 2.553, -1.566 2.7126 4.679, 0.0088 2.7126 4.679, -1.566 2.811 4.2853, 0.0088 2.811 4.2853, 2.2726 2.811 2.553, 2.2726 2.7126 2.553, 2.2726 2.811 4.2853, 2.2726 2.7126 4.679, 2.9261 3.0866 3.8916, 2.9261 3.0866 2.553, 2.9261 2.811 3.8916, 2.9261 2.811 2.553, 3.2293 2.811 3.8916, 3.2293 3.0866 3.8916, 3.1112 3.0866 2.553, 3.2293 3.0866 2.4349, 3.2293 4.189 2.4349, 3.1112 4.189 2.553, 2.9261 4.189 3.8916, 2.9261 4.189 2.553, 3.2293 4.189 3.8916, 3.2293 4.4646 3.8916, 2.9261 4.4646 3.8916, 2.9261 4.4646 2.553, 3.4261 2.811 2.4349, 3.5443 2.811 2.553, 3.4261 4.4646 2.4349, 3.5443 4.4646 2.553, 3.8474 3.2441 1.5294, 3.4261 3.2441 1.5294, 3.8474 4.0315 1.5294, 3.4261 4.0315 1.5294, 3.8474 2.811 4.2853, 3.8474 2.7126 4.679, 3.8474 2.811 2.553, 3.8474 4.4646 2.553, 3.8474 4.563 4.679, 2.2726 4.563 4.679, 3.8474 4.4646 4.2853, 2.2726 4.4646 4.2853, 2.2726 4.563 2.553, 2.2726 4.4646 2.553, -1.566 4.4646 4.2853, 0.0088 4.4646 4.2853, -1.566 4.563 4.679, 0.0088 4.563 4.679, -1.9347 2.7126 4.7625, -1.9347 2.0433 4.7625, -1.927 2.0433 4.8125, -1.927 2.7126 4.8125, -1.9068 2.0433 4.8589, -1.9068 2.7126 4.8589, -1.8754 2.0433 4.8986, -1.8754 2.7126 4.8986, -1.835 2.0433 4.929, -1.835 2.7126 4.929, -1.7881 2.0433 4.9481, -1.7881 2.7126 4.9481, -1.7379 2.0433 4.9546, -1.7379 2.7126 4.9546, 3.9839 2.7126 4.9546, 3.9839 2.0433 4.9546, 4.0341 2.0433 4.9481, 4.0341 2.7126 4.9481, 4.081 2.0433 4.929, 4.081 2.7126 4.929, 4.1214 2.0433 4.8986, 4.1214 2.7126 4.8986, 4.1528 2.0433 4.8589, 4.1528 2.7126 4.8589, 4.173 2.0433 4.8125, 4.173 2.7126 4.8125, 4.1807 2.0433 4.7625, 4.1807 2.7126 4.7625, -1.9872 2.7126 2.5924, -1.9872 2.0433 2.5924, 4.2332 2.7126 2.5924, 4.2332 2.0433 2.5924, -0.9833 0.2913 2.7892, -0.8652 0.2913 2.9073, -0.9833 1.9449 2.7892, -0.8652 1.9449 2.9073, -1.2983 1.9449 2.553, -1.2983 0.2913 2.553, -1.1802 1.9449 2.4349, -1.1802 0.2913 2.4349, -1.1802 0.7244 1.5294, -1.566 0.7244 1.5294, -1.1802 1.5118 1.5294, -1.566 1.5118 1.5294, -1.566 0.2913 2.553, -1.566 1.9449 2.553, -1.566 0.1929 4.679, 0.0088 0.1929 4.679, -1.566 0.2913 4.2853, 0.0088 0.2913 4.2853, 2.2726 0.2913 2.553, 2.2726 0.1929 2.553, 2.2726 0.2913 4.2853, 2.2726 0.1929 4.679, 2.9261 0.5669 3.8916, 2.9261 0.5669 2.553, 2.9261 0.2913 3.8916, 2.9261 0.2913 2.553, 3.2293 0.5669 3.8916, 3.2293 0.2913 3.8916, 3.1112 0.5669 2.553, 3.2293 0.5669 2.4349, 3.1112 1.6693 2.553, 3.2293 1.6693 2.4349, 2.9261 1.6693 3.8916, 2.9261 1.6693 2.553, 3.2293 1.6693 3.8916, 2.9261 1.9449 3.8916, 3.2293 1.9449 3.8916, 2.9261 1.9449 2.553, 3.5443 0.2913 2.553, 3.5443 1.9449 2.553, 3.4261 0.2913 2.4349, 3.4261 1.9449 2.4349, 3.8474 1.9449 2.553, 3.8474 0.2913 2.553, 3.8474 0.7244 1.5294, 3.4261 0.7244 1.5294, 3.8474 1.5118 1.5294, 3.4261 1.5118 1.5294, 3.8474 0.2913 4.2853, 3.8474 0.1929 4.679, 3.8474 2.0433 4.679, 2.2726 2.0433 4.679, 3.8474 1.9449 4.2853, 2.2726 1.9449 4.2853, 2.2726 2.0433 2.553, 2.2726 1.9449 2.553, -1.566 1.9449 4.2853, 0.0088 1.9449 4.2853, -1.566 2.0433 4.679, 0.0088 2.0433 4.679, -0.1762 3.9134 0.9389, -0.1762 0.5669 0.1869, 1.3198 3.9134 0.9389, 1.3198 0.5669 0.1869, 4.2332 -0.4764 2.5924, 4.2332 0.1929 2.5924, 4.1807 -0.4764 4.7625, 4.1807 0.1929 4.7625, -1.9347 0.1929 4.7625, -1.9347 -0.4764 4.7625, -1.927 -0.4764 4.8125, -1.927 0.1929 4.8125, -1.9068 -0.4764 4.8589, -1.9068 0.1929 4.8589, -1.8754 -0.4764 4.8986, -1.8754 0.1929 4.8986, -1.835 -0.4764 4.929, -1.835 0.1929 4.929, -1.7881 -0.4764 4.9481, -1.7881 0.1929 4.9481, -1.7379 -0.4764 4.9546, -1.7379 0.1929 4.9546, -1.9872 -0.4764 2.5924, -1.9872 0.1929 2.5924, 4.0341 0.1929 4.9481, 4.081 0.1929 4.929, 4.1214 0.1929 4.8986, 4.1528 0.1929 4.8589, 4.173 0.1929 4.8125, 3.9839 0.1929 4.9546, 1.2078 0.5669 0.0064, 1.2247 0.5669 0.0141, 1.2447 0.5669 0.0304, 1.2642 0.5669 0.0463, 1.2757 0.5669 0.062, 1.2935 0.5669 0.086, 1.2992 0.5669 0.0998, 1.3124 0.5669 0.1317, 1.3139 0.5669 0.1421, 1.3197 0.5669 0.18, 1.123 3.9565 0.7468, 1.1459 3.956 0.7493, 1.159 3.9557 0.7508, 1.1668 3.9555 0.7516, 1.1336 3.9563 0.748, 1.1774 3.9546 0.7553, 1.1947 3.9533 0.7612, 1.2056 3.9525 0.7649, 1.2084 3.9523 0.7658, 1.2388 3.9481 0.7845, 1.2457 3.9471 0.7887, 1.26 3.944 0.8027, 1.2732 3.9411 0.8155, 1.2769 3.9403 0.8191, 1.3003 3.9321 0.8555, 1.3144 3.9233 0.8947, 1.3149 3.923 0.8961, 0.0206 3.9565 0.7468, -0.1713 3.923 0.8961, -0.1706 0.5669 0.1421, -0.1698 0.5669 0.1357, -0.1708 3.9233 0.8947, -0.1559 0.5669 0.0997, -0.1567 3.9321 0.8555, -0.1525 0.5669 0.0909, -0.1333 3.9403 0.8191, -0.1323 0.5669 0.0618, -0.124 0.5669 0.05, -0.1296 3.9411 0.8155, -0.1012 0.5669 0.0302, -0.1191 3.9434 0.8052, -0.1021 3.9471 0.7887, -0.087 0.5669 0.0179, -0.0952 3.9481 0.7845, -0.0642 0.5669 0.0063, -0.0648 3.9523 0.7658, -0.0458 0.5669 -0.0031, -0.0629 3.9524 0.7652, -0.0511 3.9533 0.7612, -0.0344 3.9546 0.7555, -0.0232 3.9555 0.7516, -0.0156 3.9556 0.7508, -0.0024 3.956 0.7493, 0.01 3.9563 0.748, 3.9839 -0.4764 4.9546, 4.0341 -0.4764 4.9481, 4.081 -0.4764 4.929, 4.1214 -0.4764 4.8986, 4.1528 -0.4764 4.8589, 4.173 -0.4764 4.8125, 1.2247 -1.9528 0.0141, 1.2212 -1.9528 0.0125, 1.262 -1.9528 0.0445, 1.2642 -1.9528 0.0463, 1.2935 -1.9528 0.086, 1.2935 -1.9528 0.086, 1.3124 -1.9528 0.1317, 1.3128 -1.9528 0.1347, 1.3198 -1.9528 0.1869, 1.3197 -1.9528 0.18, 1.123 -0.7421 0.4147, 0.0206 -0.7421 0.4147, -1.7379 -3.0925 4.9546, -1.835 -3.0925 4.929, -1.8754 -3.0925 4.8986, 4.2332 -3.0925 2.5924, -1.7881 -3.0925 4.9481, -1.9872 -3.0925 2.5924, -1.9347 -3.0925 4.7625, -1.927 -3.0925 4.8125, -1.9068 -3.0925 4.8589, 3.9839 -3.0925 4.9546, 4.1807 -3.0925 4.7625, 4.173 -3.0925 4.8125, 4.1528 -3.0925 4.8589, 4.0341 -3.0925 4.9481, 4.1214 -3.0925 4.8986, 4.081 -3.0925 4.929, -0.9833 -2.2283 2.7892, -0.8652 -2.2283 2.9073, -0.9833 -0.5748 2.7892, -0.8652 -0.5748 2.9073, -1.2983 -0.5748 2.553, -1.2983 -2.2283 2.553, -1.1802 -0.5748 2.4349, -1.1802 -2.2283 2.4349, -1.1802 -1.7953 1.5294, -1.566 -1.7953 1.5294, -1.1802 -1.0079 1.5294, -1.566 -1.0079 1.5294, -1.566 -2.2283 2.553, -1.566 -0.5748 2.553, -1.566 -2.3268 4.679, 0.0088 -2.3268 4.679, -1.566 -2.2283 4.2853, 0.0088 -2.2283 4.2853, 2.2726 -2.2283 2.553, 2.2726 -2.3268 2.553, 2.2726 -2.2283 4.2853, 2.2726 -2.3268 4.679, 2.9261 -1.9528 3.8916, 2.9261 -1.9528 2.553, 2.9261 -2.2283 3.8916, 2.9261 -2.2283 2.553, 3.2293 -1.9528 3.8916, 3.2293 -2.2283 3.8916, 3.1112 -1.9528 2.553, 3.2293 -1.9528 2.4349, 3.1112 -0.8504 2.553, 3.2293 -0.8504 2.4349, 2.9261 -0.8504 3.8916, 2.9261 -0.8504 2.553, 3.2293 -0.8504 3.8916, 2.9261 -0.5748 3.8916, 3.2293 -0.5748 3.8916, 2.9261 -0.5748 2.553, 3.5443 -2.2283 2.553, 3.5443 -0.5748 2.553, 3.4261 -2.2283 2.4349, 3.4261 -0.5748 2.4349, 3.8474 -0.5748 2.553, 3.8474 -2.2283 2.553, 3.8474 -1.7953 1.5294, 3.4261 -1.7953 1.5294, 3.8474 -1.0079 1.5294, 3.4261 -1.0079 1.5294, 3.8474 -2.2283 4.2853, 3.8474 -2.3268 4.679, 3.8474 -0.4764 4.679, 2.2726 -0.4764 4.679, 3.8474 -0.5748 4.2853, 2.2726 -0.5748 4.2853, 2.2726 -0.4764 2.553, 2.2726 -0.5748 2.553, -1.566 -0.5748 4.2853, 0.0088 -0.5748 4.2853, -1.566 -0.4764 4.679, 0.0088 -0.4764 4.679, -0.1762 -0.939 0.4147, -0.1762 -1.9528 0.1869, 1.3198 -0.939 0.4147, 4.2332 -2.3268 2.5924, 4.1807 -2.3268 4.7625, -1.9347 -2.3268 4.7625, -1.927 -2.3268 4.8125, -1.9068 -2.3268 4.8589, -1.8754 -2.3268 4.8986, -1.835 -2.3268 4.929, -1.7881 -2.3268 4.9481, -1.7379 -2.3268 4.9546, -1.9872 -2.3268 2.5924, 4.0341 -2.3268 4.9481, 4.081 -2.3268 4.929, 4.1214 -2.3268 4.8986, 4.1528 -2.3268 4.8589, 4.173 -2.3268 4.8125, 3.9839 -2.3268 4.9546, 1.2214 -0.9016 0.2483, 1.1739 -0.8973 0.2292, 1.1728 -0.8973 0.229, 1.1545 -0.8967 0.2267, 1.123 -0.8958 0.2226, 1.2603 -0.9081 0.2774, 1.2622 -0.9085 0.2789, 1.2935 -0.9174 0.3186, 1.3127 -0.9276 0.3639, 1.3131 -0.9278 0.365, 0.0206 -0.8958 0.2226, -0.0232 -0.8969 0.2274, -0.029 -0.8973 0.2294, -0.1713 -0.9294 0.3719, -0.0458 -1.9528 -0.0031, -0.0648 -0.9001 0.2416, -0.0642 -1.9528 0.0063, -0.0755 -0.9016 0.2482, -0.087 -1.9528 0.0179, -0.1021 -0.9052 0.2645, -0.1012 -1.9528 0.0302, -0.116 -0.9083 0.2781, -0.124 -1.9528 0.05, -0.1333 -0.9121 0.2949, -0.1323 -1.9528 0.0618, -0.1478 -0.9171 0.3175, -0.1525 -1.9528 0.0909, -0.1567 -0.9202 0.3313, -0.1559 -1.9528 0.0997, -0.1685 -0.9276 0.3641, -0.1698 -1.9528 0.1357, -0.1706 -1.9528 0.1421, -0.0161 -0.8967 0.2267, 1.3153 -0.8967 0.4147, 1.3124 -0.8883 0.4147, 1.3009 -0.8548 0.4147, 1.2925 -0.8412 0.4147, 1.2776 -0.8171 0.4147, 1.2613 -0.8007 0.4147, 1.2463 -0.7856 0.4147, 1.1671 -0.7471 0.4147, 1.1737 -0.7495 0.4147, 1.2089 -0.7619 0.4147, 1.2208 -0.7694 0.4147, 1.3087 -0.8967 0.3649, 1.2589 -0.8967 0.2787, 1.1728 -0.8967 0.229, 1.123 -0.8548 0.2367, 1.169 -0.8548 0.2428, 1.2191 -0.8967 0.2482, 1.2949 -0.8548 0.3686, 1.2723 -0.8171 0.3747, 1.123 -0.8541 0.2372, 1.163 -0.8171 0.2654, 1.2421 -0.7856 0.3827, 1.123 -0.8171 0.2601, 1.123 -0.8166 0.2605, 1.1549 -0.7856 0.2955, 1.206 -0.7619 0.3924, 1.123 -0.7856 0.2913, 1.123 -0.7853 0.2917, 1.1452 -0.7619 0.3317, 1.1656 -0.7471 0.4033, 1.2895 -0.8967 0.3185, 1.2771 -0.8548 0.3257, 1.2568 -0.8171 0.3374, 1.2298 -0.7856 0.353, 1.1974 -0.7619 0.3717, 1.1612 -0.7471 0.3926, 1.2488 -0.8548 0.2889, 1.2323 -0.8171 0.3054, 1.2102 -0.7856 0.3274, 1.1837 -0.7619 0.3539, 1.1541 -0.7471 0.3835, 1.212 -0.8548 0.2606, 1.2003 -0.8171 0.2808, 1.1847 -0.7856 0.3078, 1.1659 -0.7619 0.3403, 1.145 -0.7471 0.3765, 1.1344 -0.7471 0.3721, 1.123 -0.7471 0.3708, 1.123 -0.7619 0.3288, 1.123 -0.7617 0.3291, 1.123 -0.7471 0.3706, 0.0206 -0.8548 0.2367, 0.0206 -0.8541 0.2372, 0.0206 -0.8171 0.2601, 0.0206 -0.8166 0.2605, 0.0206 -0.7856 0.2913, 0.0206 -0.7853 0.2917, 0.0206 -0.7619 0.3288, 0.0206 -0.7617 0.3291, 0.0206 -0.7471 0.3706, 0.0206 -0.7471 0.3708, -0.0232 -0.7471 0.4147, -0.0219 -0.7471 0.4033, -0.0016 -0.7619 0.3317, -0.0113 -0.7856 0.2955, -0.0194 -0.8171 0.2654, -0.0254 -0.8548 0.2428, -0.0755 -0.8967 0.2482, -0.1716 -0.8967 0.4147, -0.1651 -0.8967 0.3649, -0.1459 -0.8967 0.3185, -0.0291 -0.8967 0.229, -0.1711 -0.8952 0.4147, -0.1512 -0.8548 0.3686, -0.0683 -0.8548 0.2606, -0.1153 -0.8967 0.2787, -0.1573 -0.8548 0.4147, -0.1566 -0.8536 0.4147, -0.1287 -0.8171 0.3747, -0.0567 -0.8171 0.2808, -0.1052 -0.8548 0.2889, -0.1339 -0.8171 0.4147, -0.1332 -0.8163 0.4147, -0.0985 -0.7856 0.3827, -0.041 -0.7856 0.3078, -0.0887 -0.8171 0.3054, -0.1027 -0.7856 0.4147, -0.1021 -0.7851 0.4147, -0.0623 -0.7619 0.3924, -0.0666 -0.7856 0.3274, -0.0223 -0.7619 0.3403, 0.0092 -0.7471 0.3721, -0.1335 -0.8548 0.3257, -0.1132 -0.8171 0.3374, -0.0862 -0.7856 0.353, -0.0538 -0.7619 0.3717, -0.0175 -0.7471 0.3926, -0.0401 -0.7619 0.3539, -0.0014 -0.7471 0.3765, -0.0105 -0.7471 0.3835, -0.0653 -0.7619 0.4147, -0.0648 -0.7617 0.4147, -0.0234 -0.7471 0.4147, 0.0994 3.3921 1.6146, 1.0443 3.3921 1.6146, 1.0443 3.455 1.6349, 0.0994 3.455 1.6349, 1.0443 3.5208 1.6416, 0.0994 3.5208 1.6416, 1.0443 3.5866 1.6344, 0.0994 3.5866 1.6344, 1.0443 3.6494 1.6136, 0.0994 3.6494 1.6136, 1.2724 3.9475 0.8153, 1.1752 3.9788 0.7607, 1.1416 3.995 0.7607, 1.1884 3.9656 0.7607, 1.218 3.9892 0.784, 1.2325 3.9661 0.784, 1.261 3.9799 0.8153, 1.2956 3.9528 0.8528, 1.31 3.9561 0.8947, 1.3149 3.9572 0.9389, 1.123 4.1102 0.9389, 1.1668 4.1053 0.9389, 1.123 4.1052 0.895, 1.1657 4.1004 0.8947, 1.1624 4.086 0.8528, 1.123 4.0906 0.8533, 1.123 4.1052 0.8947, 1.1571 4.0627 0.8153, 1.123 4.067 0.8159, 1.123 4.0904 0.8528, 1.3003 3.9988 0.9389, 1.2958 3.9966 0.8947, 1.2825 3.9902 0.8528, 1.15 4.0319 0.784, 1.123 4.0357 0.7848, 1.123 4.0666 0.8153, 1.2769 4.0361 0.9389, 1.273 4.033 0.8947, 1.2614 4.0238 0.8528, 1.2428 4.0089 0.8153, 1.123 3.9971 0.7607, 1.123 3.9982 0.7614, 1.123 4.0349 0.784, 1.2084 4.0907 0.9389, 1.2062 4.0862 0.8947, 1.1998 4.0729 0.8528, 1.1895 4.0514 0.8153, 1.1757 4.0229 0.784, 1.1593 3.9888 0.7607, 1.2457 4.0673 0.9389, 1.2426 4.0634 0.8947, 1.2334 4.0518 0.8528, 1.2185 4.0332 0.8153, 1.1988 4.0084 0.784, -0.0451 3.9652 0.7607, -0.0892 3.9654 0.784, -0.1716 3.9556 0.9389, -0.1667 3.9546 0.8947, -0.1523 3.9514 0.8528, -0.129 3.9463 0.8153, -0.1178 3.9789 0.8153, -0.0748 3.9887 0.784, -0.0318 3.9786 0.7607, -0.0159 3.9887 0.7607, 0.0019 3.995 0.7607, 0.0206 3.9971 0.7607, -0.1711 3.9571 0.9389, -0.1528 3.9955 0.8947, -0.1573 3.9976 0.9389, -0.1566 3.9987 0.9389, -0.13 4.0322 0.8947, -0.1339 4.0353 0.9389, -0.1332 4.036 0.9389, -0.0996 4.0629 0.8947, -0.1027 4.0668 0.9389, -0.1021 4.0672 0.9389, -0.0631 4.086 0.8947, -0.0653 4.0905 0.9389, -0.0648 4.0907 0.9389, -0.0223 4.1003 0.8947, 0.0206 4.1102 0.9389, 0.0206 4.1052 0.895, -0.0232 4.1053 0.9389, -0.0234 4.1052 0.9389, -0.1394 3.9891 0.8528, -0.1184 4.023 0.8528, -0.0903 4.0513 0.8528, -0.0566 4.0727 0.8528, -0.019 4.0859 0.8528, 0.0206 4.1052 0.8947, 0.0206 4.0906 0.8533, 0.0206 4.0904 0.8528, 0.0206 4.067 0.8159, -0.0137 4.0627 0.8153, -0.0462 4.0512 0.8153, -0.0754 4.0328 0.8153, -0.0997 4.0083 0.8153, -0.0555 4.0081 0.784, -0.0324 4.0228 0.784, -0.0066 4.0319 0.784, 0.0206 4.0666 0.8153, 0.0206 4.0357 0.7848, 0.0206 4.0349 0.784, 0.0206 3.9982 0.7614, 0.5718 4.1102 1.2873, 0.9104 4.1102 1.3334, 1.123 4.1102 1.4136, 0.5718 4.1102 1.2873, 0.6403 4.1102 1.2891, -0.8061 6.5157 2.553, -0.7827 6.5157 2.8062, 1.9263 6.5157 2.2998, -0.7827 6.5157 2.2998, -0.7131 6.5157 3.0508, -0.5997 6.5157 3.2784, -0.4465 6.5157 3.4813, -0.2586 6.5157 3.6526, -0.0424 6.5157 3.7865, 0.1947 6.5157 3.8784, -0.7131 6.5157 2.0552, 1.8567 6.5157 2.0552, 1.7434 6.5157 1.8276, 0.4447 6.5157 3.9251, 0.699 6.5157 3.9251, 1.9498 6.5157 2.553, 0.9489 6.5157 3.8784, 1.186 6.5157 3.7865, 1.4022 6.5157 3.6526, 1.5901 6.5157 3.4813, 1.7434 6.5157 3.2784, 1.8567 6.5157 3.0508, 1.9263 6.5157 2.8062, 1.5901 6.5157 1.6247, 1.4022 6.5157 1.4534, 1.186 6.5157 1.3195, -0.0424 6.5157 1.3195, 0.1947 6.5157 1.2276, 0.4447 6.5157 1.1809, 0.9489 6.5157 1.2276, 0.699 6.5157 1.1809, -0.2586 6.5157 1.4534, -0.4465 6.5157 1.6247, -0.5997 6.5157 1.8276
            ]
        }
        coordIndex [
            0,1,2,-1,3,4,5,-1,6,7,8,-1,9,10,11,-1,12,13,14,-1,15,16,17,-1,18,19,20,-1,21,22,23,-1,23,22,24,-1,25,26,23,-1,23,26,27,-1,23,27,28,-1,28,29,23,-1,23,29,30,-1,23,30,21,-1,31,32,33,-1,33,32,34,-1,33,34,25,-1,35,36,37,-1,37,36,38,-1,37,38,39,-1,39,38,40,-1,40,41,39,-1,39,41,42,-1,39,42,43,-1,43,42,44,-1,43,44,45,-1,46,47,40,-1,40,47,48,-1,40,48,41,-1,20,19,49,-1,19,50,49,-1,49,50,51,-1,49,51,40,-1,40,51,52,-1,40,52,46,-1,18,20,53,-1,53,20,54,-1,53,54,55,-1,55,54,56,-1,55,56,57,-1,58,59,60,-1,58,60,61,-1,62,63,64,-1,59,65,60,-1,60,65,66,-1,60,66,67,-1,68,69,70,-1,70,69,71,-1,70,71,56,-1,56,71,72,-1,56,72,57,-1,62,64,73,-1,74,75,70,-1,70,75,76,-1,70,76,77,-1,78,79,60,-1,60,79,80,-1,60,80,81,-1,63,82,64,-1,64,82,83,-1,64,83,84,-1,85,86,87,-1,87,86,88,-1,87,88,60,-1,60,88,89,-1,60,89,61,-1,90,91,64,-1,64,91,92,-1,64,92,93,-1,77,94,70,-1,70,94,95,-1,70,95,68,-1,84,96,64,-1,64,96,97,-1,64,97,90,-1,97,98,90,-1,90,98,99,-1,90,99,100,-1,100,101,90,-1,90,101,102,-1,90,102,103,-1,103,102,85,-1,103,85,104,-1,104,85,87,-1,93,105,64,-1,64,105,106,-1,64,106,70,-1,70,106,107,-1,70,107,74,-1,67,108,60,-1,60,108,109,-1,60,109,110,-1,110,111,60,-1,60,111,112,-1,60,112,78,-1,80,113,81,-1,81,113,114,-1,81,114,115,-1,115,114,116,-1,117,17,118,-1,118,17,119,-1,118,119,120,-1,120,119,121,-1,116,122,115,-1,115,122,123,-1,115,123,119,-1,119,123,124,-1,119,124,121,-1,15,125,16,-1,16,125,126,-1,16,126,127,-1,128,129,130,-1,130,129,131,-1,130,131,117,-1,117,131,132,-1,117,132,17,-1,17,132,133,-1,17,133,15,-1,134,135,130,-1,130,135,136,-1,130,136,128,-1,134,137,135,-1,135,137,138,-1,135,138,139,-1,140,141,142,-1,142,121,140,-1,140,121,124,-1,140,124,143,-1,143,124,144,-1,144,145,143,-1,143,145,146,-1,143,146,147,-1,148,149,150,-1,149,151,150,-1,150,151,152,-1,150,152,153,-1,154,150,155,-1,141,140,154,-1,154,140,156,-1,154,156,150,-1,150,156,157,-1,150,157,148,-1,155,158,154,-1,154,158,159,-1,154,159,160,-1,153,152,161,-1,161,152,162,-1,161,162,163,-1,163,162,164,-1,163,164,165,-1,166,167,160,-1,160,167,168,-1,160,168,154,-1,169,170,14,-1,14,170,171,-1,14,171,12,-1,172,173,174,-1,174,173,24,-1,174,24,175,-1,175,24,22,-1,176,177,178,-1,177,179,178,-1,178,179,180,-1,178,180,181,-1,182,183,178,-1,176,178,184,-1,184,178,183,-1,184,183,185,-1,186,187,188,-1,189,190,188,-1,188,190,191,-1,189,192,193,-1,193,192,194,-1,195,196,194,-1,194,196,182,-1,194,182,193,-1,193,182,178,-1,187,197,188,-1,188,197,198,-1,188,198,183,-1,183,198,199,-1,183,199,185,-1,200,191,201,-1,201,191,202,-1,200,203,191,-1,191,203,204,-1,191,204,188,-1,188,204,205,-1,188,205,186,-1,206,207,208,-1,208,207,209,-1,208,209,210,-1,210,209,202,-1,180,211,181,-1,181,211,11,-1,181,11,212,-1,212,11,10,-1,213,214,215,-1,215,214,216,-1,217,218,219,-1,219,218,181,-1,219,181,214,-1,214,181,212,-1,214,212,216,-1,216,212,220,-1,215,221,213,-1,213,221,222,-1,213,222,223,-1,212,224,220,-1,220,224,225,-1,220,225,226,-1,211,206,11,-1,11,206,208,-1,11,208,9,-1,9,208,227,-1,9,227,228,-1,228,227,229,-1,229,227,230,-1,229,230,231,-1,232,233,234,-1,235,236,233,-1,233,236,237,-1,233,237,234,-1,238,239,231,-1,231,239,240,-1,231,240,241,-1,241,240,242,-1,241,242,243,-1,243,244,241,-1,241,244,245,-1,241,245,246,-1,247,248,249,-1,250,251,252,-1,253,254,255,-1,256,257,248,-1,248,257,258,-1,248,258,249,-1,249,258,259,-1,249,259,260,-1,253,255,248,-1,248,255,261,-1,248,261,256,-1,252,251,262,-1,263,264,265,-1,265,264,266,-1,265,266,267,-1,268,269,270,-1,260,271,249,-1,249,271,272,-1,249,272,270,-1,270,272,273,-1,270,273,268,-1,269,274,270,-1,270,274,275,-1,270,275,276,-1,276,275,277,-1,276,277,278,-1,279,280,267,-1,267,280,276,-1,267,276,265,-1,265,276,278,-1,279,281,280,-1,280,281,282,-1,280,282,283,-1,283,284,280,-1,280,284,285,-1,280,285,251,-1,251,285,286,-1,251,286,262,-1,287,288,289,-1,289,288,290,-1,289,290,291,-1,289,292,287,-1,287,292,293,-1,287,293,294,-1,294,295,287,-1,287,295,296,-1,287,296,297,-1,297,296,298,-1,297,298,299,-1,299,298,300,-1,299,300,265,-1,265,300,301,-1,265,301,263,-1,302,303,291,-1,291,303,304,-1,291,304,289,-1,305,306,254,-1,254,306,307,-1,254,307,255,-1,305,308,306,-1,306,308,309,-1,306,309,310,-1,310,309,311,-1,310,312,313,-1,311,314,310,-1,310,314,315,-1,310,315,316,-1,316,317,310,-1,310,317,318,-1,310,318,312,-1,313,319,310,-1,310,319,320,-1,310,320,321,-1,322,323,324,-1,324,323,325,-1,326,327,328,-1,329,330,331,-1,331,330,332,-1,331,332,333,-1,332,334,333,-1,333,334,335,-1,333,335,336,-1,322,324,337,-1,337,324,338,-1,337,338,339,-1,340,341,342,-1,342,341,343,-1,344,342,345,-1,345,342,343,-1,345,343,346,-1,346,343,347,-1,346,347,348,-1,349,350,351,-1,351,350,352,-1,345,353,344,-1,344,353,354,-1,344,354,355,-1,356,357,358,-1,348,347,359,-1,359,347,360,-1,359,360,356,-1,349,351,340,-1,340,351,361,-1,340,361,341,-1,341,361,362,-1,341,362,358,-1,358,362,363,-1,358,363,356,-1,364,365,343,-1,343,365,366,-1,343,366,367,-1,368,322,369,-1,369,322,370,-1,371,372,373,-1,373,372,374,-1,373,374,337,-1,337,374,375,-1,337,375,322,-1,322,375,376,-1,322,376,370,-1,373,377,378,-1,379,380,381,-1,382,378,383,-1,383,378,384,-1,382,385,378,-1,378,385,386,-1,378,386,373,-1,373,386,387,-1,373,387,371,-1,381,388,379,-1,379,388,389,-1,379,389,378,-1,378,389,390,-1,378,390,384,-1,391,392,393,-1,393,392,394,-1,393,394,395,-1,396,397,398,-1,398,397,399,-1,398,399,380,-1,380,399,400,-1,380,400,381,-1,398,401,396,-1,396,401,402,-1,396,402,403,-1,394,404,395,-1,395,404,405,-1,395,405,406,-1,406,405,396,-1,406,396,407,-1,407,396,403,-1,408,409,410,-1,410,409,411,-1,410,411,412,-1,412,413,410,-1,410,413,414,-1,410,414,393,-1,393,414,415,-1,393,415,391,-1,416,417,408,-1,408,417,418,-1,408,418,409,-1,419,420,416,-1,416,420,421,-1,416,421,417,-1,422,423,424,-1,425,426,427,-1,427,426,36,-1,427,36,428,-1,429,430,431,-1,425,427,431,-1,431,427,432,-1,431,432,429,-1,433,434,435,-1,433,435,436,-1,356,360,357,-1,357,360,437,-1,357,437,438,-1,438,437,439,-1,438,439,435,-1,435,439,440,-1,435,440,436,-1,434,441,435,-1,435,441,442,-1,435,442,443,-1,443,444,435,-1,435,444,445,-1,435,445,446,-1,446,447,435,-1,435,447,448,-1,435,448,449,-1,449,448,450,-1,450,448,451,-1,451,448,452,-1,451,452,453,-1,453,454,451,-1,451,454,455,-1,451,455,456,-1,456,455,457,-1,458,459,460,-1,460,459,461,-1,460,461,360,-1,360,461,462,-1,360,462,437,-1,8,463,464,-1,464,465,8,-1,8,465,466,-1,8,466,6,-1,467,468,8,-1,8,468,469,-1,8,469,463,-1,470,471,472,-1,472,471,473,-1,472,473,467,-1,467,473,474,-1,467,474,468,-1,475,476,477,-1,477,476,478,-1,477,478,479,-1,479,480,477,-1,477,480,481,-1,477,481,482,-1,477,483,475,-1,475,483,484,-1,475,484,485,-1,485,484,4,-1,438,486,357,-1,357,486,487,-1,357,487,5,-1,5,487,488,-1,5,488,3,-1,489,490,491,-1,492,493,64,-1,64,493,13,-1,64,13,73,-1,73,13,12,-1,494,495,496,-1,497,498,496,-1,496,498,499,-1,496,499,494,-1,494,499,492,-1,494,492,500,-1,500,492,64,-1,491,495,489,-1,489,495,494,-1,489,494,501,-1,501,494,502,-1,501,502,503,-1,503,502,504,-1,504,502,505,-1,504,505,506,-1,493,507,13,-1,13,507,508,-1,13,508,14,-1,14,508,173,-1,14,173,169,-1,169,173,172,-1,238,276,509,-1,234,239,232,-1,232,239,238,-1,232,238,510,-1,510,238,509,-1,217,241,218,-1,218,241,246,-1,218,246,511,-1,511,246,512,-1,511,512,280,-1,280,512,513,-1,280,513,514,-1,515,509,516,-1,516,509,276,-1,516,276,517,-1,517,276,280,-1,517,280,518,-1,518,280,514,-1,516,519,515,-1,515,519,520,-1,515,520,521,-1,521,522,515,-1,515,522,523,-1,515,523,524,-1,524,525,515,-1,515,525,526,-1,515,526,527,-1,189,193,190,-1,190,193,528,-1,190,528,529,-1,202,191,210,-1,210,191,190,-1,210,190,530,-1,530,190,529,-1,530,529,0,-1,531,335,532,-1,532,335,334,-1,532,334,533,-1,533,334,332,-1,533,332,339,-1,339,332,534,-1,339,534,337,-1,337,534,2,-1,337,2,373,-1,373,2,1,-1,373,1,377,-1,535,536,537,-1,538,539,326,-1,535,537,540,-1,541,542,537,-1,537,542,543,-1,539,544,326,-1,326,544,545,-1,326,545,546,-1,547,343,548,-1,548,343,341,-1,548,341,549,-1,549,341,326,-1,549,326,550,-1,550,326,546,-1,368,551,322,-1,322,551,552,-1,322,552,323,-1,323,552,364,-1,323,364,537,-1,537,364,343,-1,537,343,540,-1,540,343,547,-1,536,553,537,-1,537,553,554,-1,537,554,541,-1,325,323,328,-1,328,323,537,-1,328,537,326,-1,326,537,543,-1,326,543,538,-1,4,484,5,-1,5,484,555,-1,5,555,357,-1,357,555,556,-1,357,556,358,-1,358,556,557,-1,358,557,341,-1,341,557,330,-1,341,330,326,-1,326,330,329,-1,326,329,327,-1,458,460,558,-1,558,460,360,-1,558,360,559,-1,559,360,347,-1,559,347,560,-1,560,347,343,-1,560,343,422,-1,422,343,367,-1,422,367,423,-1,561,562,563,-1,563,562,250,-1,249,564,565,-1,566,249,567,-1,567,249,568,-1,566,569,249,-1,249,569,570,-1,249,570,564,-1,571,572,573,-1,573,572,574,-1,573,574,575,-1,575,574,576,-1,577,578,576,-1,576,578,579,-1,576,579,575,-1,580,581,562,-1,562,581,582,-1,562,582,583,-1,583,584,562,-1,562,584,585,-1,562,585,568,-1,573,586,568,-1,568,586,587,-1,568,587,567,-1,565,588,249,-1,249,588,589,-1,249,589,590,-1,591,592,562,-1,562,592,593,-1,562,593,580,-1,585,594,568,-1,568,594,595,-1,568,595,573,-1,573,595,596,-1,573,596,571,-1,252,247,250,-1,250,247,249,-1,250,249,563,-1,563,249,590,-1,597,598,576,-1,576,598,599,-1,576,599,600,-1,561,601,602,-1,602,603,561,-1,561,603,604,-1,561,604,562,-1,562,604,605,-1,562,605,591,-1,600,606,576,-1,576,606,607,-1,576,607,577,-1,231,230,238,-1,238,230,608,-1,238,608,276,-1,276,608,609,-1,276,609,270,-1,270,609,610,-1,270,610,249,-1,249,610,611,-1,249,611,568,-1,0,2,530,-1,530,2,534,-1,530,534,210,-1,210,534,332,-1,210,332,208,-1,208,332,330,-1,208,330,227,-1,227,330,557,-1,227,557,230,-1,230,557,556,-1,230,556,608,-1,608,556,555,-1,608,555,609,-1,609,555,484,-1,609,484,610,-1,610,484,483,-1,610,483,611,-1,482,470,477,-1,477,470,472,-1,477,472,483,-1,483,472,505,-1,483,505,611,-1,611,505,502,-1,611,502,568,-1,568,502,494,-1,568,494,562,-1,562,494,500,-1,612,467,613,-1,613,467,23,-1,613,23,614,-1,614,23,24,-1,615,472,616,-1,616,472,467,-1,616,467,617,-1,617,467,612,-1,508,506,173,-1,173,506,505,-1,173,505,24,-1,24,505,472,-1,24,472,614,-1,614,472,615,-1,25,23,33,-1,33,23,467,-1,33,467,618,-1,618,467,8,-1,618,8,619,-1,619,8,7,-1,619,7,558,-1,558,7,620,-1,558,620,458,-1,35,31,36,-1,36,31,33,-1,36,33,428,-1,428,33,618,-1,428,618,621,-1,621,618,619,-1,621,619,622,-1,622,619,558,-1,622,558,623,-1,623,558,559,-1,623,559,624,-1,624,559,560,-1,624,560,625,-1,625,560,422,-1,625,422,419,-1,419,422,424,-1,419,424,420,-1,626,627,628,-1,629,630,631,-1,631,630,632,-1,633,634,632,-1,632,634,635,-1,632,635,631,-1,636,637,633,-1,633,637,638,-1,633,638,634,-1,639,640,636,-1,636,640,641,-1,636,641,637,-1,642,643,639,-1,639,643,644,-1,639,644,640,-1,645,646,642,-1,642,646,647,-1,642,647,643,-1,648,649,645,-1,645,649,650,-1,645,650,646,-1,651,652,648,-1,648,652,653,-1,648,653,649,-1,654,655,651,-1,651,655,656,-1,651,656,652,-1,657,658,654,-1,654,658,659,-1,654,659,655,-1,660,661,657,-1,657,661,662,-1,657,662,658,-1,663,664,660,-1,660,664,665,-1,660,665,661,-1,666,667,663,-1,663,667,668,-1,663,668,664,-1,628,669,626,-1,626,669,670,-1,626,670,666,-1,666,670,671,-1,666,671,667,-1,660,642,639,-1,672,633,673,-1,673,633,632,-1,673,632,630,-1,645,642,648,-1,648,642,651,-1,674,675,676,-1,674,677,675,-1,675,677,678,-1,675,678,679,-1,672,627,633,-1,633,627,626,-1,633,626,666,-1,660,657,642,-1,642,657,654,-1,642,654,651,-1,676,680,674,-1,674,680,681,-1,674,681,682,-1,682,681,683,-1,630,684,673,-1,673,684,675,-1,673,675,685,-1,685,675,679,-1,639,636,660,-1,660,636,633,-1,660,633,663,-1,663,633,666,-1,628,627,686,-1,686,627,672,-1,686,672,687,-1,687,672,673,-1,687,673,688,-1,688,673,689,-1,689,673,685,-1,689,685,690,-1,690,685,691,-1,691,685,679,-1,691,679,692,-1,692,679,693,-1,693,679,678,-1,693,678,694,-1,694,678,695,-1,695,678,677,-1,695,677,696,-1,696,677,697,-1,697,677,674,-1,697,674,698,-1,698,674,699,-1,699,674,682,-1,699,682,700,-1,700,682,701,-1,701,682,683,-1,701,683,702,-1,702,683,703,-1,703,683,681,-1,703,681,704,-1,704,681,705,-1,705,681,680,-1,705,680,706,-1,706,680,707,-1,707,680,676,-1,707,676,708,-1,708,676,709,-1,709,676,675,-1,709,675,710,-1,710,675,711,-1,711,675,684,-1,711,684,712,-1,712,684,713,-1,713,684,630,-1,713,630,629,-1,714,715,716,-1,716,715,717,-1,714,718,715,-1,715,718,719,-1,715,719,717,-1,717,719,720,-1,717,720,721,-1,721,720,722,-1,718,714,716,-1,723,724,716,-1,716,724,725,-1,716,725,718,-1,726,727,728,-1,725,724,729,-1,730,731,732,-1,733,734,735,-1,736,737,738,-1,739,631,635,-1,739,635,740,-1,635,634,740,-1,740,634,638,-1,740,638,741,-1,638,637,741,-1,741,637,641,-1,741,641,742,-1,641,640,742,-1,742,640,644,-1,742,644,732,-1,732,644,643,-1,732,643,730,-1,730,643,647,-1,730,647,743,-1,647,646,743,-1,743,646,650,-1,743,650,744,-1,650,649,744,-1,744,649,653,-1,744,653,745,-1,653,652,745,-1,745,652,656,-1,745,656,746,-1,656,655,746,-1,746,655,659,-1,746,659,747,-1,659,658,747,-1,747,658,662,-1,747,662,748,-1,662,661,748,-1,748,661,665,-1,748,665,749,-1,665,664,749,-1,749,664,668,-1,749,668,750,-1,668,667,750,-1,750,667,671,-1,750,671,751,-1,628,752,669,-1,669,752,751,-1,669,751,670,-1,670,751,671,-1,704,753,754,-1,704,705,753,-1,753,705,706,-1,753,706,755,-1,706,707,755,-1,755,707,708,-1,755,708,756,-1,708,709,756,-1,756,709,710,-1,756,710,757,-1,710,711,757,-1,757,711,712,-1,757,712,758,-1,712,713,758,-1,758,713,629,-1,758,629,759,-1,759,629,631,-1,759,631,760,-1,761,762,763,-1,764,765,766,-1,766,765,767,-1,767,765,768,-1,767,768,769,-1,769,768,770,-1,769,770,771,-1,771,770,772,-1,771,772,773,-1,774,775,776,-1,776,775,777,-1,776,777,778,-1,778,777,779,-1,778,779,780,-1,780,779,781,-1,780,781,782,-1,782,781,783,-1,782,783,784,-1,785,786,787,-1,787,786,788,-1,787,788,789,-1,790,772,791,-1,791,772,792,-1,791,792,793,-1,793,792,794,-1,793,794,795,-1,795,794,796,-1,795,796,797,-1,797,796,798,-1,797,798,799,-1,799,798,800,-1,799,800,801,-1,801,800,802,-1,803,804,805,-1,805,804,806,-1,789,807,787,-1,787,807,801,-1,787,801,785,-1,785,801,802,-1,785,802,808,-1,808,802,805,-1,808,805,809,-1,809,805,806,-1,810,811,812,-1,812,811,813,-1,812,813,814,-1,814,813,815,-1,814,815,816,-1,816,815,817,-1,816,817,818,-1,818,817,819,-1,818,819,820,-1,820,819,821,-1,820,821,805,-1,805,821,822,-1,805,822,803,-1,823,824,812,-1,812,824,825,-1,812,825,826,-1,826,827,812,-1,812,827,828,-1,812,828,810,-1,688,829,830,-1,688,830,687,-1,687,830,831,-1,687,831,832,-1,823,812,833,-1,833,812,814,-1,833,814,834,-1,834,814,835,-1,834,835,836,-1,836,835,837,-1,836,837,838,-1,838,837,839,-1,838,839,840,-1,840,839,832,-1,840,832,841,-1,841,832,831,-1,841,831,842,-1,842,831,843,-1,842,843,844,-1,844,843,845,-1,844,845,846,-1,846,845,847,-1,846,847,848,-1,848,847,849,-1,848,849,850,-1,851,852,850,-1,849,853,850,-1,850,853,854,-1,850,854,855,-1,855,856,850,-1,850,856,857,-1,850,857,851,-1,858,859,860,-1,860,859,861,-1,860,861,862,-1,862,861,863,-1,852,864,850,-1,850,864,862,-1,850,862,848,-1,848,862,863,-1,848,863,865,-1,865,863,866,-1,865,866,867,-1,867,868,865,-1,865,868,869,-1,865,869,870,-1,870,869,871,-1,870,871,872,-1,872,871,873,-1,873,874,872,-1,872,874,875,-1,872,875,876,-1,875,877,876,-1,876,877,878,-1,876,878,879,-1,879,878,880,-1,881,882,883,-1,884,880,885,-1,885,880,883,-1,885,883,886,-1,886,883,882,-1,887,888,889,-1,889,888,890,-1,889,890,891,-1,891,892,889,-1,889,892,893,-1,889,893,887,-1,739,894,631,-1,631,894,772,-1,631,772,760,-1,760,772,790,-1,760,790,895,-1,895,790,896,-1,895,896,897,-1,897,896,898,-1,897,898,899,-1,899,898,900,-1,899,900,901,-1,901,900,902,-1,901,902,892,-1,892,902,879,-1,892,879,893,-1,893,879,880,-1,893,880,903,-1,903,880,884,-1,883,904,881,-1,881,904,905,-1,881,905,728,-1,728,905,906,-1,728,906,726,-1,727,907,908,-1,908,907,909,-1,908,909,858,-1,858,909,910,-1,858,910,859,-1,688,689,829,-1,829,689,690,-1,829,690,911,-1,690,691,911,-1,911,691,692,-1,911,692,912,-1,692,693,912,-1,912,693,694,-1,912,694,913,-1,914,722,720,-1,694,695,913,-1,913,695,696,-1,913,696,720,-1,720,696,697,-1,720,697,914,-1,914,697,698,-1,914,698,915,-1,698,699,915,-1,915,699,700,-1,915,700,729,-1,729,700,701,-1,729,701,725,-1,725,701,702,-1,725,702,754,-1,754,702,703,-1,754,703,704,-1,766,761,764,-1,764,761,763,-1,764,763,916,-1,916,763,917,-1,916,917,918,-1,918,917,919,-1,918,919,920,-1,920,919,921,-1,920,921,922,-1,922,921,923,-1,922,923,924,-1,924,923,925,-1,924,925,926,-1,926,925,927,-1,926,927,928,-1,928,927,929,-1,928,929,930,-1,930,929,931,-1,930,931,932,-1,932,931,933,-1,932,933,934,-1,934,933,935,-1,934,935,832,-1,832,935,936,-1,937,777,938,-1,938,777,775,-1,938,775,939,-1,939,775,940,-1,939,940,941,-1,941,940,942,-1,941,942,943,-1,943,942,944,-1,943,944,945,-1,945,944,946,-1,945,946,947,-1,947,946,948,-1,947,948,949,-1,949,948,950,-1,949,950,951,-1,951,950,952,-1,951,952,953,-1,953,952,954,-1,953,954,955,-1,955,954,956,-1,955,956,936,-1,936,956,957,-1,936,957,832,-1,832,957,958,-1,832,958,687,-1,783,773,784,-1,784,773,772,-1,784,772,959,-1,959,772,894,-1,959,894,960,-1,960,894,961,-1,960,961,962,-1,962,961,963,-1,962,963,964,-1,964,963,965,-1,964,965,735,-1,735,965,736,-1,735,736,733,-1,733,736,738,-1,733,738,966,-1,966,738,967,-1,966,967,968,-1,968,967,969,-1,968,969,970,-1,970,969,971,-1,970,971,972,-1,972,971,973,-1,972,973,974,-1,974,973,975,-1,974,975,976,-1,976,975,977,-1,976,977,978,-1,978,977,979,-1,978,979,980,-1,980,979,981,-1,980,981,982,-1,982,981,983,-1,982,983,958,-1,958,983,984,-1,958,984,687,-1,687,984,752,-1,687,752,686,-1,686,752,628,-1,985,986,830,-1,830,986,831,-1,398,987,988,-1,398,988,401,-1,401,988,989,-1,401,989,402,-1,402,989,990,-1,402,990,403,-1,403,990,991,-1,403,991,407,-1,407,991,992,-1,407,992,406,-1,406,992,993,-1,406,993,395,-1,994,427,428,-1,624,625,993,-1,428,621,994,-1,994,621,622,-1,994,622,993,-1,993,622,623,-1,993,623,624,-1,625,419,993,-1,993,419,416,-1,993,416,408,-1,408,410,993,-1,993,410,393,-1,993,393,395,-1,427,994,995,-1,427,995,432,-1,432,995,996,-1,432,996,429,-1,429,996,997,-1,429,997,430,-1,430,997,998,-1,430,998,431,-1,431,998,999,-1,431,999,425,-1,425,999,1000,-1,425,1000,426,-1,426,1000,36,-1,36,1000,1001,-1,36,1001,38,-1,379,1002,380,-1,380,1002,987,-1,380,987,398,-1,759,760,1003,-1,1003,760,1004,-1,758,759,1003,-1,913,720,719,-1,1005,911,912,-1,911,1005,829,-1,829,1005,985,-1,829,985,830,-1,725,754,1003,-1,1003,754,753,-1,1003,753,755,-1,755,756,1003,-1,1003,756,757,-1,1003,757,758,-1,912,913,1005,-1,1005,913,719,-1,1005,719,1003,-1,1003,719,718,-1,1003,718,725,-1,1005,1006,985,-1,985,1006,986,-1,1007,70,56,-1,1007,56,1001,-1,1001,56,54,-1,1001,54,20,-1,20,49,1001,-1,1001,49,40,-1,1001,40,38,-1,1008,1002,379,-1,379,378,1008,-1,1008,378,377,-1,1008,377,1,-1,1,0,1008,-1,1008,0,529,-1,1008,529,528,-1,1009,1010,1011,-1,1012,1013,1014,-1,1015,1008,528,-1,1016,1017,1018,-1,1018,1019,1020,-1,1007,1021,1005,-1,1022,1023,1024,-1,1024,1023,1025,-1,1026,1027,1028,-1,1029,1030,1031,-1,1031,1030,1012,-1,1016,1018,1032,-1,1032,1018,1027,-1,1032,1027,1033,-1,1034,1006,1005,-1,1006,1035,1036,-1,1036,1035,1037,-1,1038,1039,1021,-1,1021,1039,1040,-1,1021,1040,1005,-1,1005,1040,1041,-1,1005,1041,1034,-1,1037,1004,1042,-1,1037,1042,1036,-1,1036,1042,1043,-1,1036,1043,1044,-1,1045,1046,1047,-1,1047,1046,1031,-1,1020,1048,1018,-1,1018,1048,1049,-1,1018,1049,1027,-1,1027,1049,1050,-1,1027,1050,1028,-1,1011,1024,1009,-1,1009,1024,1004,-1,1009,1004,1051,-1,1051,1004,1037,-1,1051,1037,1049,-1,1049,1037,1052,-1,1049,1052,1050,-1,1012,1014,1031,-1,1031,1014,1053,-1,1031,1053,1047,-1,1047,1053,1054,-1,1047,1054,1055,-1,1056,1057,1025,-1,1025,1057,1058,-1,1025,1058,1024,-1,1024,1058,1059,-1,1024,1059,1004,-1,1004,1059,1055,-1,1004,1055,1003,-1,1003,1055,1054,-1,1003,1054,1060,-1,1061,1062,1034,-1,1034,1062,1063,-1,1064,1062,1065,-1,1065,1062,1061,-1,1065,1061,1066,-1,1066,1061,1067,-1,1068,1069,1070,-1,1070,1069,1015,-1,1070,1015,1060,-1,1060,1015,528,-1,1060,528,1003,-1,1003,528,193,-1,1003,193,1005,-1,1071,1072,1073,-1,1073,1074,1026,-1,1026,1074,1075,-1,1076,1077,1078,-1,193,178,1005,-1,1005,178,181,-1,1005,181,218,-1,1079,1080,1081,-1,1026,1028,1073,-1,1073,1028,1082,-1,1073,1082,1071,-1,1075,1083,1026,-1,1026,1083,1084,-1,1026,1084,1085,-1,1086,1087,1032,-1,1044,1043,1078,-1,1078,1043,1088,-1,1078,1088,1076,-1,1078,1089,1044,-1,1044,1089,1079,-1,1044,1079,1090,-1,1090,1079,1081,-1,1033,1035,1091,-1,1091,1035,1006,-1,1091,1006,1092,-1,1092,1006,1034,-1,1092,1034,1093,-1,1093,1034,1063,-1,1093,1063,1094,-1,1094,1063,1095,-1,218,511,1005,-1,1005,511,280,-1,1005,280,251,-1,1096,1097,1091,-1,1091,1097,1098,-1,1099,1097,1100,-1,1100,1097,1096,-1,1100,1096,1101,-1,1101,1096,1102,-1,251,250,1005,-1,1005,250,562,-1,1005,562,500,-1,500,64,1005,-1,1005,64,70,-1,1005,70,1007,-1,1103,1104,1105,-1,1105,1086,1103,-1,1103,1086,1032,-1,1103,1032,1106,-1,1106,1032,1033,-1,1106,1033,1107,-1,1107,1033,1091,-1,1107,1091,1108,-1,1108,1091,1098,-1,1108,1098,1109,-1,1109,1098,1110,-1,1111,1112,1113,-1,1113,1112,1114,-1,1115,1116,1117,-1,1117,1116,1118,-1,1119,1120,1121,-1,1121,1120,1122,-1,1123,1124,1116,-1,1116,1124,1118,-1,1125,1126,1127,-1,1127,1126,1128,-1,1129,1130,1131,-1,1131,1130,1132,-1,1133,1134,1135,-1,1135,1134,1136,-1,1135,1137,1133,-1,1133,1137,1138,-1,1134,1133,1139,-1,1139,1133,1138,-1,1139,1138,1140,-1,1141,1142,1140,-1,1140,1142,1139,-1,1143,1144,1145,-1,1145,1144,1142,-1,1145,1142,1141,-1,1145,1146,1143,-1,1143,1146,1147,-1,1148,1144,1147,-1,1147,1144,1143,-1,1149,1150,1151,-1,1151,1150,1152,-1,1153,1154,1155,-1,1155,1154,1156,-1,1157,1131,1158,-1,1158,1131,1132,-1,1159,1160,1150,-1,1150,1160,1152,-1,1161,1162,1163,-1,1163,1162,1164,-1,1162,1165,1164,-1,1164,1165,1166,-1,1167,1168,1169,-1,1169,1168,1170,-1,1171,1172,1173,-1,1171,1173,1174,-1,1174,1173,1175,-1,1174,1175,1176,-1,1176,1175,1177,-1,1176,1177,1178,-1,1178,1177,1179,-1,1178,1179,1180,-1,1180,1179,1181,-1,1180,1181,1182,-1,1182,1181,1183,-1,1182,1183,1184,-1,1185,1184,1186,-1,1186,1184,1183,-1,1185,1186,1187,-1,1185,1187,1188,-1,1188,1187,1189,-1,1188,1189,1190,-1,1190,1189,1191,-1,1190,1191,1192,-1,1192,1191,1193,-1,1192,1193,1194,-1,1194,1193,1195,-1,1194,1195,1196,-1,1196,1195,1197,-1,1196,1197,1198,-1,1126,738,1128,-1,1128,738,737,-1,894,739,1113,-1,1113,739,1111,-1,731,730,1168,-1,1168,730,1170,-1,1166,1165,752,-1,1129,1136,1134,-1,984,1130,1129,-1,1139,1142,1134,-1,1134,1142,1144,-1,984,1129,752,-1,752,1129,1134,-1,752,1134,1166,-1,1166,1134,1144,-1,1166,1144,1148,-1,1171,1199,1172,-1,1172,1199,1200,-1,1198,1197,1201,-1,1201,1197,1202,-1,1068,1121,1069,-1,1069,1121,1122,-1,1115,1167,1116,-1,1116,1167,1123,-1,740,741,1167,-1,731,1168,732,-1,732,1168,1167,-1,732,1167,742,-1,742,1167,741,-1,739,740,1111,-1,1111,740,1167,-1,1111,1167,1112,-1,1112,1167,1115,-1,1112,1115,1060,-1,1060,1115,1070,-1,1054,1114,1060,-1,1060,1114,1112,-1,1118,1124,1127,-1,1128,1113,1114,-1,1114,1054,1053,-1,1128,737,736,-1,736,965,1128,-1,1128,965,963,-1,1128,963,1113,-1,1113,963,961,-1,1113,961,894,-1,1127,1128,1118,-1,1118,1128,1114,-1,1118,1114,1117,-1,1117,1114,1053,-1,1068,1070,1121,-1,1121,1070,1115,-1,1121,1115,1119,-1,1119,1115,1117,-1,1119,1117,1014,-1,1014,1117,1053,-1,1013,1120,1014,-1,1014,1120,1119,-1,1123,1167,1169,-1,1015,1069,1122,-1,1013,1012,1124,-1,1124,1012,1125,-1,1124,1125,1127,-1,1169,1015,1123,-1,1123,1015,1122,-1,1123,1122,1124,-1,1124,1122,1120,-1,1124,1120,1013,-1,1201,1202,1064,-1,1064,1202,1062,-1,1064,1065,1201,-1,1201,1065,1158,-1,1201,1158,1198,-1,1012,1030,1199,-1,1188,1190,1158,-1,1158,1190,1192,-1,1130,984,983,-1,1185,1126,1184,-1,1184,1126,1125,-1,1184,1125,1182,-1,1174,1176,1125,-1,971,969,1126,-1,1126,969,967,-1,1126,967,738,-1,1012,1199,1125,-1,1125,1199,1171,-1,1125,1171,1174,-1,1176,1178,1125,-1,1125,1178,1180,-1,1125,1180,1182,-1,1192,1194,1158,-1,1158,1194,1196,-1,1158,1196,1198,-1,1130,983,1132,-1,1132,983,981,-1,1132,981,979,-1,979,977,1132,-1,1132,977,975,-1,1132,975,973,-1,1188,1158,1185,-1,1185,1158,1132,-1,1185,1132,1126,-1,1126,1132,973,-1,1126,973,971,-1,1067,1154,1066,-1,1066,1154,1153,-1,1136,1129,1135,-1,1135,1129,1131,-1,1135,1131,1137,-1,1137,1131,1157,-1,1137,1157,1159,-1,1061,1034,1149,-1,1149,1034,1137,-1,1149,1137,1150,-1,1150,1137,1159,-1,1146,1145,1141,-1,1138,1137,1140,-1,1140,1137,1034,-1,1140,1034,1141,-1,1141,1034,1041,-1,1141,1041,1146,-1,1152,1160,1163,-1,1146,1041,1151,-1,1151,1041,1040,-1,1151,1152,1146,-1,1146,1152,1163,-1,1146,1163,1147,-1,1147,1163,1164,-1,1147,1164,1148,-1,1148,1164,1166,-1,1067,1061,1154,-1,1154,1061,1149,-1,1154,1149,1156,-1,1156,1149,1151,-1,1156,1151,1039,-1,1039,1151,1040,-1,1038,1155,1039,-1,1039,1155,1156,-1,1159,1157,1158,-1,1065,1066,1153,-1,1158,1065,1159,-1,1159,1065,1153,-1,1159,1153,1160,-1,1160,1153,1155,-1,1161,1163,1160,-1,1155,1038,1160,-1,1160,1038,1021,-1,1160,1021,1161,-1,1008,1015,1002,-1,1002,1015,1169,-1,744,1170,743,-1,743,1170,730,-1,992,1169,993,-1,993,1169,1170,-1,993,1170,994,-1,1021,1007,1001,-1,992,991,1169,-1,1169,991,990,-1,1169,990,989,-1,989,988,1169,-1,1169,988,987,-1,1169,987,1002,-1,745,746,1162,-1,1162,746,747,-1,1162,747,748,-1,744,745,1170,-1,1170,745,1162,-1,1170,1162,994,-1,994,1162,1161,-1,994,1161,995,-1,999,998,1161,-1,1021,1001,1161,-1,1161,1001,1000,-1,1161,1000,999,-1,998,997,1161,-1,1161,997,996,-1,1161,996,995,-1,748,749,1162,-1,1162,749,750,-1,1162,750,1165,-1,1165,750,751,-1,1165,751,752,-1,1199,1030,1200,-1,1200,1030,1029,-1,1035,841,842,-1,876,879,1037,-1,1037,879,902,-1,1037,902,900,-1,842,844,1035,-1,1035,844,846,-1,1035,846,848,-1,848,865,1035,-1,1035,865,870,-1,1035,870,1037,-1,1037,870,872,-1,1037,872,876,-1,900,898,1037,-1,1037,898,896,-1,1037,896,790,-1,1203,1204,1205,-1,1205,1204,1206,-1,1207,1208,1209,-1,1209,1208,1210,-1,1211,1212,1213,-1,1213,1212,1214,-1,1215,1208,1216,-1,1216,1208,1207,-1,1217,1218,1219,-1,1219,1218,1220,-1,1221,1222,1223,-1,1223,1222,1224,-1,1225,1226,1227,-1,1227,1226,1228,-1,1229,1225,1230,-1,1230,1225,1227,-1,1226,1225,1231,-1,1231,1225,1229,-1,1231,1229,1232,-1,1233,1231,1234,-1,1234,1231,1232,-1,1235,1236,1237,-1,1237,1236,1233,-1,1237,1233,1234,-1,1238,1235,1239,-1,1239,1235,1237,-1,1240,1236,1238,-1,1238,1236,1235,-1,1241,1242,1243,-1,1243,1242,1244,-1,1245,1242,1246,-1,1246,1242,1241,-1,1247,1248,1249,-1,1249,1248,1250,-1,1251,1223,1252,-1,1252,1223,1224,-1,1253,1254,1255,-1,1255,1254,1256,-1,1254,1257,1256,-1,1256,1257,1258,-1,1259,1260,1261,-1,1261,1260,1262,-1,1218,775,1220,-1,1220,775,774,-1,784,959,1204,-1,1204,959,1206,-1,734,733,1260,-1,1260,733,1262,-1,1258,1257,958,-1,1221,1228,1226,-1,957,1222,1221,-1,1231,1233,1226,-1,1226,1233,1236,-1,957,1221,958,-1,958,1221,1226,-1,958,1226,1258,-1,1258,1226,1236,-1,1258,1236,1240,-1,1263,1264,891,-1,891,1264,892,-1,853,849,1265,-1,1265,849,1266,-1,1267,1268,1269,-1,1269,1268,1270,-1,1271,1272,1273,-1,1271,1273,1274,-1,1274,1273,1275,-1,1274,1275,1276,-1,1276,1275,1277,-1,1276,1277,1278,-1,1278,1277,1279,-1,1278,1279,1280,-1,1280,1279,1281,-1,1280,1281,1282,-1,1282,1281,1283,-1,1282,1283,1284,-1,1045,1213,1046,-1,1046,1213,1214,-1,960,962,1259,-1,1047,1055,1209,-1,1209,1055,1205,-1,1209,1205,1207,-1,959,960,1206,-1,1206,960,1259,-1,1206,1259,1205,-1,1205,1259,1216,-1,1205,1216,1207,-1,734,1260,735,-1,735,1260,1259,-1,735,1259,964,-1,964,1259,962,-1,1059,1203,1055,-1,1055,1203,1205,-1,1208,1215,1219,-1,782,784,1204,-1,1203,1059,1058,-1,782,1204,780,-1,1058,1210,1203,-1,1203,1210,1208,-1,1203,1208,1204,-1,1204,1208,1219,-1,1204,1219,780,-1,780,1219,778,-1,1220,774,1219,-1,1219,774,776,-1,1219,776,778,-1,1045,1047,1213,-1,1213,1047,1209,-1,1213,1209,1211,-1,1211,1209,1210,-1,1211,1210,1057,-1,1057,1210,1058,-1,1056,1212,1057,-1,1057,1212,1211,-1,1216,1259,1261,-1,1031,1046,1214,-1,1056,1025,1215,-1,1215,1025,1217,-1,1215,1217,1219,-1,1261,1031,1216,-1,1216,1031,1214,-1,1216,1214,1215,-1,1215,1214,1212,-1,1215,1212,1056,-1,1285,1286,1022,-1,1022,1286,1023,-1,1097,1099,1267,-1,1267,1099,1268,-1,1099,1100,1268,-1,1268,1100,1252,-1,1025,1023,1286,-1,1287,1288,1252,-1,1252,1288,1289,-1,1252,1289,1290,-1,1290,1291,1252,-1,1252,1291,1270,-1,1252,1270,1268,-1,1222,957,956,-1,1280,1282,1217,-1,1217,1282,1284,-1,1217,1284,1218,-1,1218,1284,1292,-1,1274,1276,1217,-1,1217,1276,1278,-1,1217,1278,1280,-1,1025,1286,1217,-1,1217,1286,1271,-1,1217,1271,1274,-1,1222,956,1224,-1,1224,956,954,-1,1224,954,952,-1,944,942,1218,-1,1218,942,940,-1,1218,940,775,-1,952,950,1224,-1,1224,950,948,-1,1224,948,946,-1,1287,1252,1292,-1,1292,1252,1224,-1,1292,1224,1218,-1,1218,1224,946,-1,1218,946,944,-1,1102,1248,1101,-1,1101,1248,1247,-1,1228,1221,1227,-1,1227,1221,1223,-1,1227,1223,1230,-1,1230,1223,1251,-1,1230,1251,1246,-1,1096,1091,1243,-1,1243,1091,1230,-1,1243,1230,1241,-1,1241,1230,1246,-1,1239,1237,1234,-1,1229,1230,1232,-1,1232,1230,1091,-1,1232,1091,1234,-1,1234,1091,1092,-1,1234,1092,1239,-1,1258,1240,1256,-1,1256,1240,1238,-1,1256,1238,1255,-1,1255,1238,1239,-1,1245,1255,1242,-1,1242,1255,1239,-1,1242,1239,1244,-1,1244,1239,1092,-1,1244,1092,1093,-1,1102,1096,1248,-1,1248,1096,1243,-1,1248,1243,1250,-1,1250,1243,1244,-1,1250,1244,1094,-1,1094,1244,1093,-1,1095,1249,1094,-1,1094,1249,1250,-1,1246,1251,1252,-1,1100,1101,1247,-1,1252,1100,1246,-1,1246,1100,1247,-1,1246,1247,1245,-1,1245,1247,1249,-1,1253,1255,1245,-1,1249,1095,1245,-1,1245,1095,1063,-1,1245,1063,1253,-1,1181,1179,1261,-1,1029,1031,1200,-1,1200,1031,1261,-1,1200,1261,1172,-1,1172,1261,1173,-1,1181,1261,1183,-1,1183,1261,1262,-1,1183,1262,1186,-1,1254,974,976,-1,1063,1062,1202,-1,1262,733,966,-1,976,978,1254,-1,1254,978,980,-1,1254,980,1257,-1,1257,980,982,-1,1257,982,958,-1,1189,1187,1253,-1,1253,1187,1186,-1,1253,1186,1254,-1,1254,1186,1262,-1,1179,1177,1261,-1,1261,1177,1175,-1,1261,1175,1173,-1,1063,1202,1253,-1,1253,1202,1197,-1,1253,1197,1195,-1,966,968,1262,-1,1262,968,970,-1,1262,970,1254,-1,1254,970,972,-1,1254,972,974,-1,1195,1193,1253,-1,1253,1193,1191,-1,1253,1191,1189,-1,1036,1293,1006,-1,1006,1293,1294,-1,1006,1294,1295,-1,1295,1296,1006,-1,1006,1296,1297,-1,1006,1297,1298,-1,847,845,1006,-1,1006,845,986,-1,986,845,843,-1,986,843,831,-1,1298,1299,1006,-1,1006,1299,1300,-1,1006,1300,1301,-1,1301,1302,1006,-1,1006,1302,1266,-1,1006,1266,847,-1,847,1266,849,-1,1079,1089,1303,-1,1304,1305,1080,-1,1080,1305,1306,-1,1080,1306,1081,-1,1079,1303,1080,-1,1080,1303,1307,-1,1080,1307,1304,-1,1036,1044,1306,-1,1306,1044,1090,-1,1306,1090,1081,-1,1306,1308,1036,-1,1036,1308,1309,-1,1036,1309,1293,-1,1309,1310,1293,-1,1293,1310,1311,-1,1293,1311,1294,-1,1294,1311,1312,-1,1294,1312,1295,-1,1295,1312,1313,-1,1295,1313,1296,-1,1296,1313,1314,-1,1296,1314,1297,-1,1314,1315,1297,-1,1297,1315,1316,-1,1297,1316,1298,-1,1298,1316,1317,-1,1298,1317,1299,-1,1299,1317,1300,-1,1300,1317,1318,-1,1300,1318,1301,-1,1301,1318,1319,-1,1301,1319,1302,-1,1302,1319,1265,-1,1302,1265,1266,-1,1303,1089,1320,-1,1320,1089,1078,-1,1263,1321,1264,-1,1264,1321,1322,-1,1322,1321,1323,-1,1323,1321,1324,-1,1323,1324,1325,-1,1325,1324,1326,-1,1325,1326,1327,-1,1327,1326,1328,-1,1327,1328,1329,-1,1329,1328,1330,-1,1330,1328,1331,-1,1330,1331,1332,-1,1331,1333,1332,-1,1332,1333,1334,-1,1332,1334,1335,-1,1335,1334,1336,-1,1335,1336,1337,-1,1337,1336,1338,-1,1337,1338,1339,-1,1339,1338,1340,-1,1341,1043,1340,-1,1340,1043,1042,-1,1340,1042,1339,-1,1341,1342,1043,-1,1043,1342,1343,-1,1043,1343,1088,-1,1088,1343,1076,-1,1344,1345,1078,-1,1078,1345,1346,-1,1078,1346,1320,-1,1344,1078,1343,-1,1343,1078,1077,-1,1343,1077,1076,-1,1332,1335,1004,-1,1325,1327,1004,-1,760,895,1004,-1,1004,895,897,-1,1004,897,899,-1,1327,1329,1004,-1,1004,1329,1330,-1,1004,1330,1332,-1,1335,1337,1004,-1,1004,1337,1339,-1,1004,1339,1042,-1,899,901,1004,-1,1004,901,892,-1,1004,892,1264,-1,1264,1322,1004,-1,1004,1322,1323,-1,1004,1323,1325,-1,1272,1271,1285,-1,1285,1271,1286,-1,1292,1347,1348,-1,1292,1348,1287,-1,1287,1348,1349,-1,1287,1349,1288,-1,1288,1349,1350,-1,1288,1350,1289,-1,1289,1350,1351,-1,1289,1351,1290,-1,1290,1351,1352,-1,1290,1352,1291,-1,1291,1352,1269,-1,1291,1269,1270,-1,1347,1292,1283,-1,1283,1292,1284,-1,1353,1033,1354,-1,1354,1033,1027,-1,1353,1355,1033,-1,1033,1355,1356,-1,1033,1356,1357,-1,834,836,1033,-1,1033,836,838,-1,1033,838,840,-1,1357,1358,1033,-1,1033,1358,1359,-1,1033,1359,1360,-1,833,834,1361,-1,1361,834,1033,-1,1361,1033,1362,-1,1362,1033,1360,-1,817,815,1363,-1,803,822,1364,-1,1364,822,821,-1,1364,821,1363,-1,1363,821,819,-1,1363,819,817,-1,764,916,1365,-1,1366,1367,765,-1,837,835,1032,-1,1032,835,814,-1,814,816,1032,-1,1032,816,818,-1,1032,818,1016,-1,818,820,1016,-1,1016,820,805,-1,1016,805,802,-1,1368,832,1032,-1,1032,832,839,-1,1032,839,837,-1,764,1365,765,-1,765,1365,1369,-1,765,1369,1366,-1,930,932,1368,-1,1368,932,934,-1,1368,934,832,-1,802,800,1016,-1,1016,800,798,-1,1016,798,1370,-1,1370,798,796,-1,1370,796,794,-1,1370,770,1371,-1,1371,770,768,-1,1371,768,1372,-1,1372,768,765,-1,1372,765,1373,-1,1373,765,1367,-1,916,918,1365,-1,1365,918,920,-1,1365,920,1374,-1,1374,920,922,-1,1374,922,924,-1,1368,1375,930,-1,930,1375,1376,-1,930,1376,1377,-1,924,926,1374,-1,1374,926,928,-1,1374,928,1378,-1,1378,928,930,-1,1377,1379,930,-1,930,1379,1380,-1,930,1380,1378,-1,794,792,1370,-1,1370,792,772,-1,1370,772,770,-1,1381,1382,1383,-1,1383,1382,1384,-1,1385,1386,1387,-1,1387,1386,1388,-1,1389,1390,1391,-1,1391,1390,1392,-1,1393,1386,1394,-1,1394,1386,1385,-1,1395,1396,1397,-1,1397,1396,1398,-1,1399,1400,1401,-1,1401,1400,1402,-1,1403,1404,1405,-1,1405,1404,1406,-1,1407,1403,1408,-1,1408,1403,1405,-1,1404,1403,1409,-1,1409,1403,1407,-1,1409,1407,1410,-1,1411,1409,1412,-1,1412,1409,1410,-1,1413,1414,1415,-1,1415,1414,1411,-1,1415,1411,1412,-1,1416,1413,1417,-1,1417,1413,1415,-1,1418,1414,1416,-1,1416,1414,1413,-1,1419,1420,1421,-1,1421,1420,1422,-1,1423,1420,1424,-1,1424,1420,1419,-1,1425,1426,1427,-1,1427,1426,1428,-1,1429,1401,1430,-1,1430,1401,1402,-1,1431,1432,1433,-1,1433,1432,1434,-1,1432,1435,1434,-1,1434,1435,1436,-1,1437,1438,1439,-1,1439,1438,1440,-1,1396,763,1398,-1,1398,763,762,-1,771,773,1382,-1,1382,773,1384,-1,937,938,1438,-1,1438,938,1440,-1,1436,1435,936,-1,1399,1406,1404,-1,935,1400,1399,-1,1409,1411,1404,-1,1404,1411,1414,-1,935,1399,936,-1,936,1399,1404,-1,936,1404,1436,-1,1436,1404,1414,-1,1436,1414,1418,-1,1441,1442,807,-1,807,1442,801,-1,823,833,1443,-1,1443,833,1361,-1,1368,1444,1375,-1,1375,1444,1445,-1,1446,1371,1372,-1,1446,1372,1447,-1,1447,1372,1373,-1,1447,1373,1448,-1,1448,1373,1367,-1,1448,1367,1449,-1,1449,1367,1366,-1,1449,1366,1450,-1,1450,1366,1369,-1,1450,1369,1451,-1,1451,1369,1365,-1,1451,1365,1452,-1,1010,1391,1011,-1,1011,1391,1392,-1,783,781,1437,-1,1009,1051,1387,-1,1387,1051,1383,-1,1387,1383,1385,-1,773,783,1384,-1,1384,783,1437,-1,1384,1437,1383,-1,1383,1437,1394,-1,1383,1394,1385,-1,937,1438,777,-1,777,1438,1437,-1,777,1437,779,-1,779,1437,781,-1,1049,1381,1051,-1,1051,1381,1383,-1,1386,1393,1397,-1,769,771,1382,-1,1381,1049,1048,-1,769,1382,767,-1,1048,1388,1381,-1,1381,1388,1386,-1,1381,1386,1382,-1,1382,1386,1397,-1,1382,1397,767,-1,767,1397,766,-1,1398,762,1397,-1,1397,762,761,-1,1397,761,766,-1,1010,1009,1391,-1,1391,1009,1387,-1,1391,1387,1389,-1,1389,1387,1388,-1,1389,1388,1020,-1,1020,1388,1048,-1,1019,1390,1020,-1,1020,1390,1389,-1,1394,1437,1439,-1,1024,1011,1392,-1,1019,1018,1393,-1,1393,1018,1395,-1,1393,1395,1397,-1,1439,1024,1394,-1,1394,1024,1392,-1,1394,1392,1393,-1,1393,1392,1390,-1,1393,1390,1019,-1,1370,1453,1016,-1,1016,1453,1017,-1,1032,1087,1368,-1,1368,1087,1444,-1,1087,1086,1444,-1,1444,1086,1430,-1,1018,1017,1453,-1,1454,1455,1430,-1,1430,1455,1456,-1,1430,1456,1457,-1,1457,1458,1430,-1,1430,1458,1445,-1,1430,1445,1444,-1,1450,1451,1395,-1,1395,1451,1452,-1,1395,1452,1396,-1,1396,1452,1459,-1,1447,1448,1395,-1,1395,1448,1449,-1,1395,1449,1450,-1,1402,931,929,-1,921,919,1396,-1,1396,919,917,-1,1396,917,763,-1,1018,1453,1395,-1,1395,1453,1446,-1,1395,1446,1447,-1,931,1402,933,-1,933,1402,1400,-1,933,1400,935,-1,929,927,1402,-1,1402,927,925,-1,1402,925,923,-1,1454,1430,1459,-1,1459,1430,1402,-1,1459,1402,1396,-1,1396,1402,923,-1,1396,923,921,-1,1104,1426,1105,-1,1105,1426,1425,-1,1406,1399,1405,-1,1405,1399,1401,-1,1405,1401,1408,-1,1408,1401,1429,-1,1408,1429,1424,-1,1103,1106,1421,-1,1421,1106,1408,-1,1421,1408,1419,-1,1419,1408,1424,-1,1417,1415,1412,-1,1407,1408,1410,-1,1410,1408,1106,-1,1410,1106,1412,-1,1412,1106,1107,-1,1412,1107,1417,-1,1436,1418,1434,-1,1434,1418,1416,-1,1434,1416,1433,-1,1433,1416,1417,-1,1423,1433,1420,-1,1420,1433,1417,-1,1420,1417,1422,-1,1422,1417,1107,-1,1422,1107,1108,-1,1104,1103,1426,-1,1426,1103,1421,-1,1426,1421,1428,-1,1428,1421,1422,-1,1428,1422,1109,-1,1109,1422,1108,-1,1110,1427,1109,-1,1109,1427,1428,-1,1429,1430,1424,-1,1424,1430,1086,-1,1086,1105,1424,-1,1424,1105,1425,-1,1424,1425,1423,-1,1423,1425,1427,-1,1431,1433,1423,-1,1427,1110,1423,-1,1423,1110,1098,-1,1423,1098,1431,-1,1440,1347,1283,-1,1022,1024,1285,-1,1285,1024,1439,-1,1285,1439,1272,-1,1440,1283,1439,-1,1098,1097,1267,-1,1283,1281,1439,-1,1439,1281,1279,-1,1439,1279,1277,-1,1440,938,939,-1,1432,953,1435,-1,1435,953,955,-1,1435,955,936,-1,1349,1348,1431,-1,1431,1348,1347,-1,1431,1347,1432,-1,1432,1347,1440,-1,1277,1275,1439,-1,1439,1275,1273,-1,1439,1273,1272,-1,1098,1267,1431,-1,1431,1267,1269,-1,1431,1269,1352,-1,939,941,1440,-1,1440,941,943,-1,1440,943,1432,-1,1432,943,945,-1,1432,945,947,-1,1352,1351,1431,-1,1431,1351,1350,-1,1431,1350,1349,-1,947,949,1432,-1,1432,949,951,-1,1432,951,953,-1,1460,1026,1461,-1,1461,1026,1085,-1,1461,1085,1084,-1,1084,1083,1461,-1,1461,1083,1075,-1,1461,1075,1462,-1,1462,1075,1463,-1,1463,1075,1074,-1,1463,1074,1464,-1,1027,1026,1354,-1,1354,1026,1460,-1,1354,1460,1353,-1,1353,1460,1465,-1,1353,1465,1355,-1,1355,1465,1466,-1,1355,1466,1356,-1,1356,1466,1467,-1,1360,1359,1467,-1,1359,1358,1467,-1,1467,1358,1357,-1,1467,1357,1356,-1,1467,1468,1360,-1,1360,1468,1469,-1,1360,1469,1362,-1,1362,1469,1443,-1,1362,1443,1361,-1,1464,1074,1470,-1,1470,1074,1073,-1,1082,1028,1471,-1,1471,1028,1472,-1,1442,1441,1473,-1,1028,1050,1472,-1,1472,1050,1474,-1,1472,1474,1475,-1,1475,1474,1476,-1,1475,1476,1477,-1,1477,1476,1478,-1,1477,1478,1479,-1,1479,1478,1480,-1,1479,1480,1481,-1,1481,1480,1482,-1,1481,1482,1483,-1,1483,1482,1484,-1,1483,1484,1485,-1,1485,1484,1486,-1,1485,1486,1487,-1,1487,1486,1488,-1,1487,1488,1489,-1,1489,1488,1490,-1,1489,1490,1473,-1,1473,1490,1491,-1,1473,1491,1442,-1,1470,1073,1492,-1,1492,1073,1072,-1,1492,1072,1471,-1,1471,1072,1071,-1,1471,1071,1082,-1,1480,1478,1052,-1,1488,1486,1052,-1,791,793,1052,-1,1052,793,795,-1,1052,795,797,-1,1486,1484,1052,-1,1052,1484,1482,-1,1052,1482,1480,-1,1478,1476,1052,-1,1052,1476,1474,-1,1052,1474,1050,-1,797,799,1052,-1,1052,799,801,-1,1052,801,1442,-1,1442,1491,1052,-1,1052,1491,1490,-1,1052,1490,1488,-1,791,1052,790,-1,790,1052,1037,-1,1371,1446,1370,-1,1370,1446,1453,-1,1459,1374,1378,-1,1459,1378,1454,-1,1454,1378,1380,-1,1454,1380,1455,-1,1455,1380,1379,-1,1455,1379,1456,-1,1456,1379,1377,-1,1456,1377,1457,-1,1457,1377,1376,-1,1457,1376,1458,-1,1458,1376,1375,-1,1458,1375,1445,-1,1374,1459,1365,-1,1365,1459,1452,-1,823,1443,824,-1,824,1443,1493,-1,824,1493,825,-1,825,1493,1494,-1,825,1494,826,-1,826,1494,1495,-1,826,1495,827,-1,1495,1496,827,-1,827,1496,1497,-1,827,1497,828,-1,1497,1498,828,-1,828,1498,1499,-1,828,1499,810,-1,1363,815,1500,-1,1500,815,813,-1,1500,813,1501,-1,1501,813,811,-1,1501,811,1502,-1,1502,811,810,-1,1502,810,1503,-1,1503,810,1499,-1,1469,1468,1504,-1,1466,1465,1505,-1,1463,1506,1462,-1,1463,1464,1507,-1,1506,1463,1508,-1,1509,1460,1506,-1,1506,1460,1461,-1,1506,1461,1462,-1,1443,1469,1493,-1,1493,1469,1504,-1,1493,1504,1494,-1,1494,1504,1510,-1,1511,1496,1510,-1,1510,1496,1495,-1,1510,1495,1494,-1,1463,1507,1508,-1,1508,1507,1512,-1,1508,1512,1513,-1,1514,1498,1511,-1,1511,1498,1497,-1,1511,1497,1496,-1,1512,1515,1513,-1,1513,1515,1516,-1,1513,1516,1517,-1,1518,1503,1514,-1,1514,1503,1499,-1,1514,1499,1498,-1,1516,1519,1517,-1,1517,1519,1520,-1,1517,1520,1521,-1,1363,1500,1522,-1,1522,1500,1501,-1,1522,1501,1518,-1,1518,1501,1502,-1,1518,1502,1503,-1,1468,1467,1504,-1,1504,1467,1523,-1,1504,1523,1510,-1,1510,1523,1524,-1,1510,1524,1511,-1,1511,1524,1525,-1,1511,1525,1514,-1,1514,1525,1526,-1,1514,1526,1518,-1,1518,1526,1527,-1,1518,1527,1522,-1,1522,1527,1528,-1,1522,1528,1363,-1,1467,1466,1523,-1,1523,1466,1505,-1,1523,1505,1524,-1,1524,1505,1529,-1,1524,1529,1525,-1,1525,1529,1530,-1,1525,1530,1526,-1,1526,1530,1531,-1,1526,1531,1527,-1,1527,1531,1532,-1,1527,1532,1528,-1,1528,1532,1533,-1,1528,1533,1363,-1,1509,1506,1534,-1,1534,1506,1508,-1,1534,1508,1535,-1,1535,1508,1513,-1,1535,1513,1536,-1,1536,1513,1517,-1,1536,1517,1537,-1,1537,1517,1521,-1,1537,1521,1538,-1,1538,1521,1539,-1,1538,1539,1363,-1,1540,1363,1539,-1,1520,1541,1521,-1,1521,1541,1542,-1,1521,1542,1539,-1,1539,1542,1543,-1,1539,1543,1540,-1,1465,1460,1505,-1,1505,1460,1509,-1,1505,1509,1529,-1,1529,1509,1534,-1,1529,1534,1530,-1,1530,1534,1535,-1,1530,1535,1531,-1,1531,1535,1536,-1,1531,1536,1532,-1,1532,1536,1537,-1,1532,1537,1533,-1,1533,1537,1538,-1,1533,1538,1363,-1,1364,1363,1540,-1,1464,1470,1507,-1,1507,1470,1544,-1,1507,1544,1512,-1,1512,1544,1545,-1,1512,1545,1515,-1,1515,1545,1546,-1,1515,1546,1516,-1,1516,1546,1547,-1,1516,1547,1519,-1,1519,1547,1548,-1,1519,1548,1520,-1,1520,1548,1549,-1,1520,1549,1541,-1,1541,1549,1550,-1,1541,1550,1542,-1,1542,1550,1551,-1,1542,1551,1543,-1,1543,1551,1552,-1,1543,1552,1540,-1,1540,1552,1553,-1,1540,1553,1364,-1,1554,1364,1555,-1,1551,1550,1556,-1,1549,1548,1557,-1,1547,1546,1558,-1,1545,1544,1559,-1,1475,1477,1560,-1,1473,1441,1561,-1,1485,1487,1562,-1,1562,1487,1489,-1,1562,1489,1473,-1,1481,1483,1563,-1,1492,1471,1564,-1,1564,1471,1472,-1,1564,1472,1475,-1,1475,1560,1564,-1,1564,1560,1559,-1,1564,1559,1492,-1,1492,1559,1544,-1,1492,1544,1470,-1,1473,1561,1562,-1,1562,1561,1565,-1,1562,1565,1566,-1,1546,1545,1558,-1,1558,1545,1559,-1,1558,1559,1567,-1,1567,1559,1560,-1,1567,1560,1568,-1,1568,1560,1477,-1,1568,1477,1479,-1,1565,1569,1566,-1,1566,1569,1570,-1,1566,1570,1571,-1,1548,1547,1557,-1,1557,1547,1558,-1,1557,1558,1572,-1,1572,1558,1567,-1,1572,1567,1573,-1,1573,1567,1568,-1,1570,1574,1571,-1,1571,1574,1575,-1,1571,1575,1576,-1,1550,1549,1556,-1,1556,1549,1557,-1,1556,1557,1577,-1,1577,1557,1572,-1,1577,1572,1578,-1,1578,1572,1573,-1,1575,1579,1576,-1,1576,1579,1580,-1,1576,1580,1581,-1,1578,1582,1577,-1,1577,1582,1583,-1,1577,1583,1556,-1,1556,1583,1584,-1,1556,1584,1551,-1,1483,1485,1563,-1,1563,1485,1562,-1,1563,1562,1585,-1,1585,1562,1566,-1,1585,1566,1586,-1,1586,1566,1571,-1,1586,1571,1587,-1,1587,1571,1576,-1,1587,1576,1588,-1,1588,1576,1581,-1,1588,1581,1589,-1,1589,1581,1555,-1,1589,1555,1364,-1,1364,1553,1584,-1,1584,1553,1552,-1,1584,1552,1551,-1,1582,1590,1583,-1,1583,1590,1591,-1,1583,1591,1584,-1,1584,1591,1364,-1,1590,1592,1591,-1,1591,1592,1364,-1,1580,1593,1581,-1,1581,1593,1594,-1,1581,1594,1555,-1,1555,1594,1595,-1,1555,1595,1554,-1,1479,1481,1568,-1,1568,1481,1563,-1,1568,1563,1573,-1,1573,1563,1585,-1,1573,1585,1578,-1,1578,1585,1586,-1,1578,1586,1582,-1,1582,1586,1587,-1,1582,1587,1590,-1,1590,1587,1588,-1,1590,1588,1592,-1,1592,1588,1589,-1,1592,1589,1364,-1,806,804,1554,-1,1554,804,803,-1,1554,803,1364,-1,1554,1595,806,-1,806,1595,1594,-1,806,1594,809,-1,1594,1593,809,-1,809,1593,1580,-1,809,1580,808,-1,1580,1579,808,-1,808,1579,1575,-1,808,1575,785,-1,785,1575,1574,-1,785,1574,786,-1,786,1574,1570,-1,786,1570,788,-1,1570,1569,788,-1,788,1569,1565,-1,788,1565,789,-1,789,1565,1561,-1,789,1561,807,-1,807,1561,1441,-1,1035,1033,841,-1,841,1033,840,-1,1596,1597,1598,-1,1596,1598,1599,-1,1599,1598,1600,-1,1599,1600,1601,-1,1601,1600,1602,-1,1601,1602,1603,-1,1603,1602,1604,-1,1603,1604,1605,-1,1316,1315,1606,-1,1306,1305,1607,-1,1608,1307,1303,-1,1306,1607,1308,-1,1309,1609,1310,-1,1310,1609,1610,-1,1611,1312,1311,-1,1312,1611,1313,-1,1313,1611,1612,-1,1313,1612,1314,-1,1316,1606,1317,-1,1606,1613,1317,-1,1317,1613,1614,-1,1317,1614,1318,-1,1318,1614,1319,-1,1319,1614,1615,-1,1319,1615,1265,-1,1616,1617,1618,-1,1618,1617,1619,-1,1620,1621,1619,-1,1619,1621,1622,-1,1619,1622,1618,-1,1623,1624,1620,-1,1620,1624,1625,-1,1620,1625,1621,-1,1626,1615,1627,-1,1627,1615,1614,-1,1627,1614,1628,-1,1628,1614,1613,-1,1628,1613,1612,-1,1612,1613,1606,-1,1612,1606,1314,-1,1314,1606,1315,-1,1629,1630,1623,-1,1623,1630,1631,-1,1623,1631,1624,-1,1632,1626,1633,-1,1633,1626,1627,-1,1633,1627,1634,-1,1634,1627,1628,-1,1634,1628,1635,-1,1635,1628,1612,-1,1635,1612,1610,-1,1610,1612,1611,-1,1610,1611,1310,-1,1310,1611,1311,-1,1303,1636,1608,-1,1608,1636,1637,-1,1608,1637,1629,-1,1629,1637,1638,-1,1629,1638,1630,-1,1617,1639,1619,-1,1619,1639,1640,-1,1619,1640,1620,-1,1620,1640,1641,-1,1620,1641,1623,-1,1623,1641,1642,-1,1623,1642,1629,-1,1629,1642,1643,-1,1629,1643,1608,-1,1608,1643,1644,-1,1608,1644,1307,-1,1307,1644,1304,-1,1639,1645,1640,-1,1640,1645,1646,-1,1640,1646,1641,-1,1641,1646,1647,-1,1641,1647,1642,-1,1642,1647,1648,-1,1642,1648,1643,-1,1643,1648,1649,-1,1643,1649,1644,-1,1644,1649,1607,-1,1644,1607,1304,-1,1304,1607,1305,-1,1645,1632,1646,-1,1646,1632,1633,-1,1646,1633,1647,-1,1647,1633,1634,-1,1647,1634,1648,-1,1648,1634,1635,-1,1648,1635,1649,-1,1649,1635,1610,-1,1649,1610,1607,-1,1607,1610,1609,-1,1607,1609,1308,-1,1308,1609,1309,-1,1341,1650,1342,-1,1338,1336,1651,-1,1321,1263,1652,-1,1653,1324,1321,-1,1654,1326,1324,-1,1333,1331,1655,-1,1655,1331,1328,-1,1333,1655,1334,-1,1334,1655,1656,-1,1334,1656,1336,-1,1338,1651,1340,-1,1340,1651,1657,-1,1340,1657,1341,-1,1342,1650,1343,-1,1343,1650,1658,-1,1343,1658,1344,-1,1344,1658,1659,-1,1344,1659,1345,-1,1345,1659,1660,-1,1345,1660,1346,-1,1346,1660,1661,-1,1346,1661,1320,-1,1321,1652,1653,-1,1653,1652,1662,-1,1653,1662,1663,-1,1662,1664,1663,-1,1663,1664,1665,-1,1663,1665,1666,-1,1665,1667,1666,-1,1666,1667,1668,-1,1666,1668,1669,-1,1668,1670,1669,-1,1669,1670,1671,-1,1669,1671,1672,-1,1671,1673,1672,-1,1672,1673,1674,-1,1672,1674,1675,-1,1676,1677,1678,-1,1678,1677,1675,-1,1678,1675,1679,-1,1679,1675,1674,-1,1324,1653,1654,-1,1654,1653,1663,-1,1654,1663,1680,-1,1680,1663,1666,-1,1680,1666,1681,-1,1681,1666,1669,-1,1681,1669,1682,-1,1682,1669,1672,-1,1682,1672,1683,-1,1683,1672,1675,-1,1683,1675,1684,-1,1677,1685,1675,-1,1675,1685,1686,-1,1675,1686,1684,-1,1684,1686,1687,-1,1684,1687,1688,-1,1688,1689,1684,-1,1684,1689,1690,-1,1684,1690,1683,-1,1683,1690,1691,-1,1683,1691,1682,-1,1682,1691,1692,-1,1682,1692,1681,-1,1681,1692,1656,-1,1681,1656,1680,-1,1680,1656,1655,-1,1680,1655,1654,-1,1654,1655,1328,-1,1654,1328,1326,-1,1336,1656,1651,-1,1651,1656,1692,-1,1651,1692,1657,-1,1657,1692,1691,-1,1657,1691,1693,-1,1693,1691,1690,-1,1693,1690,1694,-1,1694,1690,1689,-1,1694,1689,1695,-1,1688,1696,1689,-1,1689,1696,1697,-1,1689,1697,1695,-1,1695,1697,1698,-1,1695,1698,1699,-1,1341,1657,1650,-1,1650,1657,1693,-1,1650,1693,1658,-1,1658,1693,1694,-1,1658,1694,1659,-1,1659,1694,1695,-1,1659,1695,1660,-1,1660,1695,1699,-1,1660,1699,1661,-1,885,886,1678,-1,1678,886,882,-1,1678,882,1676,-1,1678,1679,885,-1,885,1679,1674,-1,885,1674,884,-1,1674,1673,884,-1,884,1673,1671,-1,884,1671,903,-1,1671,1670,903,-1,903,1670,1668,-1,903,1668,893,-1,893,1668,1667,-1,893,1667,887,-1,887,1667,1665,-1,887,1665,888,-1,1665,1664,888,-1,888,1664,1662,-1,888,1662,890,-1,890,1662,1652,-1,890,1652,891,-1,891,1652,1263,-1,1603,1605,883,-1,883,880,1596,-1,1596,1599,883,-1,883,1599,1601,-1,883,1601,1603,-1,863,1597,866,-1,866,1597,1596,-1,866,1596,867,-1,880,878,1596,-1,1596,878,877,-1,1596,877,875,-1,875,874,1596,-1,1596,874,873,-1,1596,873,871,-1,871,869,1596,-1,1596,869,868,-1,1596,868,867,-1,1604,1602,861,-1,861,1602,1600,-1,1600,1598,861,-1,861,1598,1597,-1,861,1597,863,-1,904,883,1605,-1,904,1605,905,-1,1604,861,1605,-1,1605,861,859,-1,1605,859,910,-1,910,909,1605,-1,1605,909,907,-1,1605,907,1700,-1,1700,726,1605,-1,1605,726,906,-1,1605,906,905,-1,1701,1702,1616,-1,1676,882,881,-1,881,728,1676,-1,1676,728,1703,-1,1676,1703,1616,-1,1616,1703,1704,-1,1616,1704,1701,-1,853,1265,854,-1,854,1265,1615,-1,854,1615,855,-1,855,1615,1626,-1,855,1626,856,-1,856,1626,1632,-1,856,1632,857,-1,857,1632,1645,-1,857,1645,851,-1,851,1645,1639,-1,851,1639,852,-1,852,1639,1617,-1,852,1617,864,-1,1616,1702,1617,-1,1617,1702,862,-1,1617,862,864,-1,1303,1320,1636,-1,1636,1320,1661,-1,1636,1661,1637,-1,1637,1661,1699,-1,1637,1699,1638,-1,1638,1699,1698,-1,1638,1698,1630,-1,1630,1698,1697,-1,1630,1697,1631,-1,1631,1697,1696,-1,1631,1696,1624,-1,1624,1696,1688,-1,1624,1688,1625,-1,1625,1688,1687,-1,1625,1687,1621,-1,1621,1687,1686,-1,1621,1686,1622,-1,1622,1686,1685,-1,1622,1685,1618,-1,1685,1677,1618,-1,1618,1677,1676,-1,1618,1676,1616,-1,717,721,716,-1,716,721,723,-1,722,914,721,-1,721,914,915,-1,721,915,723,-1,723,915,729,-1,723,729,724,-1,1705,1706,1707,-1,1705,1707,1708,-1,1706,1709,1707,-1,1707,1709,1710,-1,1707,1710,1711,-1,1711,1712,1707,-1,1707,1712,1713,-1,1707,1713,1714,-1,1708,1707,1715,-1,1715,1707,1716,-1,1715,1716,1717,-1,1714,1718,1707,-1,1707,1718,1719,-1,1707,1719,1720,-1,1720,1719,1721,-1,1721,1722,1720,-1,1720,1722,1723,-1,1720,1723,1724,-1,1724,1725,1720,-1,1720,1725,1726,-1,1720,1726,1727,-1,1717,1728,1715,-1,1715,1728,1729,-1,1715,1729,1730,-1,1731,1715,1732,-1,1732,1715,1733,-1,1730,1734,1715,-1,1715,1734,1735,-1,1715,1735,1733,-1,1736,1737,1731,-1,1731,1737,1738,-1,1731,1738,1715,-1,1705,388,381,-1,1705,381,1706,-1,381,400,1706,-1,1706,400,399,-1,1706,399,1709,-1,1709,399,397,-1,1709,397,1710,-1,1710,397,396,-1,1710,396,1711,-1,1711,396,405,-1,1711,405,1712,-1,1712,405,404,-1,1712,404,1713,-1,1713,404,394,-1,1713,394,1714,-1,1714,394,392,-1,1714,392,1718,-1,418,1725,409,-1,409,1725,1724,-1,409,1724,411,-1,411,1724,1723,-1,411,1723,412,-1,412,1723,1722,-1,412,1722,413,-1,413,1722,1721,-1,413,1721,414,-1,414,1721,1719,-1,414,1719,415,-1,415,1719,1718,-1,415,1718,391,-1,391,1718,392,-1,418,417,1725,-1,1725,417,421,-1,1725,421,1726,-1,421,420,1726,-1,1726,420,424,-1,1726,424,1727,-1,1727,424,1720,-1,1720,424,423,-1,1720,423,367,-1,1717,1716,365,-1,365,1716,1707,-1,365,1707,366,-1,366,1707,1720,-1,366,1720,367,-1,365,364,1717,-1,1717,364,552,-1,1717,552,1728,-1,1728,552,551,-1,370,1729,369,-1,369,1729,1728,-1,369,1728,368,-1,368,1728,551,-1,376,1734,370,-1,370,1734,1730,-1,370,1730,1729,-1,372,1735,374,-1,374,1735,1734,-1,374,1734,375,-1,375,1734,376,-1,371,1732,372,-1,372,1732,1733,-1,372,1733,1735,-1,371,387,1732,-1,1732,387,386,-1,1732,386,1731,-1,386,385,1731,-1,1731,385,382,-1,1731,382,1736,-1,1736,382,383,-1,1736,383,1737,-1,1737,383,384,-1,1737,384,1738,-1,1738,384,390,-1,1738,390,1715,-1,1715,390,389,-1,1715,389,1708,-1,1708,389,388,-1,1708,388,1705,-1,
        ]
    }
}
Shape{
    appearance Appearance {
        material  Material 	{
            diffuseColor 1.0 1.0 1.0
            specularColor 0.5019607843137255 0.5019607843137255 0.5019607843137255
            ambientIntensity 1.0
            transparency 0.0
            shininess 0.5
        }
    }
    geometry IndexedFaceSet {
        ccw TRUE
        solid FALSE
        coord DEF co Coordinate {
            point [
                2.549 5.335 0.8216, 2.5492 5.335 0.7988, 2.549 5.3346 0.8216, 2.5492 5.3346 0.7988, 2.6288 5.335 0.8222, 2.6288 5.3346 0.8222, 2.6275 5.335 0.9995, 2.6275 5.3346 0.9995, 2.6533 5.335 0.9997, 2.6533 5.3346 0.9997, 2.6548 5.335 0.7995, 2.6548 5.3346 0.7995, 2.3911 5.3346 0.8059, 2.3911 5.335 0.8059, 2.3945 5.335 0.8043, 2.4466 5.335 0.7947, 2.4466 5.3346 0.7947, 2.4404 5.3346 0.7952, 2.416 5.335 0.7974, 2.416 5.3346 0.7974, 2.3998 5.3346 0.8026, 2.3945 5.3346 0.8043, 2.3909 5.335 0.8307, 2.3909 5.3346 0.8307, 2.3998 5.3346 0.8268, 2.4107 5.335 0.822, 2.4107 5.3346 0.822, 2.4334 5.3346 0.818, 2.4334 5.335 0.818, 2.4427 5.3346 0.8177, 2.4427 5.335 0.8177, 2.4605 5.3346 0.8197, 2.4605 5.335 0.8197, 2.4751 5.3346 0.8249, 2.4751 5.335 0.8249, 2.4885 5.3346 0.8338, 2.4885 5.335 0.8338, 2.494 5.3346 0.8391, 2.494 5.335 0.8391, 2.5032 5.3346 0.8519, 2.5032 5.335 0.8519, 2.5097 5.3346 0.8679, 2.5097 5.335 0.8679, 2.513 5.3346 0.8877, 2.513 5.335 0.8877, 2.5132 5.3346 0.8964, 2.5132 5.335 0.8964, 2.5097 5.3346 0.9238, 2.5097 5.335 0.9238, 2.5029 5.3346 0.941, 2.5029 5.335 0.941, 2.4931 5.3346 0.9549, 2.4931 5.335 0.9549, 2.4917 5.3346 0.9564, 2.4917 5.335 0.9564, 2.4791 5.3346 0.9669, 2.4791 5.335 0.9669, 2.4634 5.3346 0.9743, 2.4634 5.335 0.9743, 2.4462 5.3346 0.9778, 2.4462 5.335 0.9778, 2.437 5.3346 0.9782, 2.437 5.335 0.9782, 2.3899 5.3346 0.966, 2.3899 5.335 0.966, 2.3922 5.335 0.9672, 2.4124 5.3346 0.9751, 2.4124 5.335 0.9751, 2.3998 5.3346 0.9702, 2.3922 5.3346 0.9672, 2.3898 5.335 0.993, 2.3898 5.3346 0.993, 2.3998 5.3346 0.996, 2.4109 5.335 0.9993, 2.4109 5.3346 0.9993, 2.4269 5.3346 1.0007, 2.4371 5.335 1.0015, 2.4371 5.3346 1.0015, 2.4448 5.3346 1.0007, 2.466 5.335 0.9982, 2.466 5.3346 0.9982, 2.487 5.3346 0.9903, 2.487 5.335 0.9903, 2.5058 5.3346 0.9773, 2.5058 5.335 0.9773, 2.5109 5.3346 0.9726, 2.5109 5.335 0.9726, 2.5255 5.3346 0.9537, 2.5255 5.335 0.9537, 2.5328 5.3346 0.9371, 2.5352 5.335 0.9316, 2.5352 5.3346 0.9316, 2.5399 5.3346 0.9055, 2.5399 5.335 0.9055, 2.5403 5.3346 0.895, 2.5403 5.335 0.895, 2.5366 5.3346 0.8625, 2.5366 5.335 0.8625, 2.5328 5.3346 0.8524, 2.5286 5.335 0.8415, 2.5286 5.3346 0.8415, 2.5168 5.3346 0.8243, 2.5168 5.335 0.8243, 2.5152 5.3346 0.8225, 2.5152 5.335 0.8225, 2.4545 5.3346 0.7952, 2.4622 5.335 0.7958, 2.4622 5.3346 0.7958, 2.4832 5.335 0.801, 2.4832 5.3346 0.801, 2.5017 5.335 0.8107, 2.5017 5.3346 0.8107, 2.2433 5.335 0.8194, 2.2434 5.335 0.7966, 2.2433 5.3346 0.8194, 2.2434 5.3346 0.7966, 2.3251 5.3346 0.82, 2.3251 5.335 0.82, 2.2728 5.3346 0.8196, 2.3246 5.335 0.8873, 2.3246 5.3346 0.8873, 2.253 5.3346 0.8868, 2.253 5.335 0.8868, 2.2728 5.3346 0.887, 2.2528 5.335 0.9098, 2.2528 5.3346 0.9098, 2.3244 5.3346 0.9103, 2.3244 5.335 0.9103, 2.2728 5.3346 0.9099, 2.324 5.335 0.9743, 2.324 5.3346 0.9743, 2.2467 5.3346 0.9738, 2.2467 5.335 0.9738, 2.2728 5.3346 0.974, 2.2466 5.335 0.9968, 2.2466 5.3346 0.9968, 2.3497 5.3346 0.9975, 2.3497 5.335 0.9975, 2.2728 5.3346 0.997, 2.3511 5.335 0.7974, 2.3511 5.3346 0.7974, 2.2728 5.3346 0.7968, 2.0726 5.335 0.8234, 2.0933 5.335 0.837, 2.0937 5.335 0.8086, 2.1063 5.335 0.8281, 2.1166 5.335 0.7998, 2.1229 5.335 0.8219, 2.1505 5.335 0.796, 2.1505 5.335 0.8188, 2.2056 5.335 0.7963, 2.1796 5.335 0.819, 2.2042 5.335 0.9965, 2.1785 5.335 0.9733, 2.1471 5.335 0.9961, 2.1483 5.335 0.9731, 2.1468 5.335 0.9731, 2.1165 5.335 0.9925, 2.121 5.335 0.9697, 2.0924 5.335 0.9835, 2.1039 5.335 0.963, 2.0716 5.335 0.9691, 2.0906 5.335 0.9538, 2.0645 5.335 0.9621, 2.085 5.335 0.9482, 2.0523 5.335 0.9445, 2.0774 5.335 0.937, 2.045 5.335 0.9254, 2.0718 5.335 0.9223, 2.0419 5.335 0.8978, 2.0691 5.335 0.8973, 2.0426 5.335 0.8851, 2.0699 5.335 0.884, 2.0476 5.335 0.8617, 2.074 5.335 0.8658, 2.0576 5.335 0.841, 2.0811 5.335 0.8511, 2.0909 5.335 0.8392, 2.1505 5.3346 0.796, 2.2056 5.3346 0.7963, 2.1166 5.3346 0.7998, 2.0937 5.3346 0.8086, 2.0726 5.3346 0.8234, 2.0576 5.3346 0.841, 2.0476 5.3346 0.8617, 2.0426 5.3346 0.8851, 2.0419 5.3346 0.8978, 2.045 5.3346 0.9254, 2.0523 5.3346 0.9445, 2.0645 5.3346 0.9621, 2.0716 5.3346 0.9691, 2.0924 5.3346 0.9835, 2.1165 5.3346 0.9925, 2.1471 5.3346 0.9961, 2.2042 5.3346 0.9965, 2.1483 5.3346 0.9731, 2.1785 5.3346 0.9733, 2.1796 5.3346 0.819, 2.1505 5.3346 0.8188, 2.0909 5.3346 0.8392, 2.0933 5.3346 0.837, 2.1063 5.3346 0.8281, 2.1229 5.3346 0.8219, 2.0691 5.3346 0.8973, 2.0699 5.3346 0.884, 2.074 5.3346 0.8658, 2.0811 5.3346 0.8511, 2.0906 5.3346 0.9538, 2.085 5.3346 0.9482, 2.0774 5.3346 0.937, 2.0718 5.3346 0.9223, 2.1468 5.3346 0.9731, 2.121 5.3346 0.9697, 2.1039 5.3346 0.963
            ]
        }
        coordIndex [
            0,1,2,-1,2,1,3,-1,4,0,5,-1,5,0,2,-1,6,4,7,-1,7,4,5,-1,8,6,9,-1,9,6,7,-1,10,8,11,-1,11,8,9,-1,1,10,3,-1,3,10,11,-1,6,8,4,-1,4,8,10,-1,4,10,0,-1,0,10,1,-1,12,13,14,-1,15,16,17,-1,15,17,18,-1,17,19,18,-1,18,19,20,-1,18,20,14,-1,14,20,21,-1,14,21,12,-1,22,13,23,-1,23,13,12,-1,22,23,24,-1,22,24,25,-1,24,26,25,-1,25,26,27,-1,25,27,28,-1,28,27,29,-1,28,29,30,-1,30,29,31,-1,30,31,32,-1,32,31,33,-1,32,33,34,-1,34,33,35,-1,34,35,36,-1,36,35,37,-1,36,37,38,-1,38,37,39,-1,38,39,40,-1,40,39,41,-1,40,41,42,-1,42,41,43,-1,42,43,44,-1,44,43,45,-1,44,45,46,-1,46,45,47,-1,46,47,48,-1,48,47,49,-1,48,49,50,-1,50,49,51,-1,50,51,52,-1,52,51,53,-1,52,53,54,-1,54,53,55,-1,54,55,56,-1,56,55,57,-1,56,57,58,-1,58,57,59,-1,58,59,60,-1,60,59,61,-1,60,61,62,-1,63,64,65,-1,62,61,66,-1,62,66,67,-1,67,66,68,-1,67,68,65,-1,65,68,69,-1,65,69,63,-1,70,64,71,-1,71,64,63,-1,70,71,72,-1,70,72,73,-1,72,74,73,-1,73,74,75,-1,73,75,76,-1,76,75,77,-1,76,77,78,-1,76,78,79,-1,78,80,79,-1,79,80,81,-1,79,81,82,-1,82,81,83,-1,82,83,84,-1,84,83,85,-1,84,85,86,-1,86,85,87,-1,86,87,88,-1,88,87,89,-1,88,89,90,-1,89,91,90,-1,90,91,92,-1,90,92,93,-1,93,92,94,-1,93,94,95,-1,95,94,96,-1,95,96,97,-1,97,96,98,-1,97,98,99,-1,98,100,99,-1,99,100,101,-1,99,101,102,-1,102,101,103,-1,102,103,104,-1,16,15,105,-1,105,15,106,-1,105,106,107,-1,107,106,108,-1,107,108,109,-1,109,108,110,-1,109,110,111,-1,111,110,104,-1,111,104,103,-1,48,50,88,-1,88,50,86,-1,95,46,93,-1,93,46,48,-1,93,48,90,-1,90,48,88,-1,50,52,86,-1,86,52,54,-1,86,54,84,-1,84,54,56,-1,84,56,82,-1,82,56,79,-1,79,56,58,-1,79,58,76,-1,13,22,14,-1,14,22,25,-1,14,25,18,-1,18,25,28,-1,18,28,15,-1,15,28,30,-1,15,30,106,-1,106,30,32,-1,106,32,108,-1,108,32,34,-1,108,34,110,-1,110,34,36,-1,110,36,104,-1,104,36,38,-1,104,38,102,-1,102,38,40,-1,102,40,99,-1,99,40,97,-1,97,40,42,-1,97,42,95,-1,95,42,44,-1,95,44,46,-1,58,60,76,-1,76,60,62,-1,76,62,73,-1,73,62,67,-1,73,67,70,-1,70,67,65,-1,70,65,64,-1,112,113,114,-1,114,113,115,-1,116,117,118,-1,118,117,112,-1,118,112,114,-1,119,117,120,-1,120,117,116,-1,121,122,123,-1,123,122,119,-1,123,119,120,-1,124,122,125,-1,125,122,121,-1,126,127,128,-1,128,127,124,-1,128,124,125,-1,129,127,130,-1,130,127,126,-1,131,132,133,-1,133,132,129,-1,133,129,130,-1,134,132,135,-1,135,132,131,-1,136,137,138,-1,138,137,134,-1,138,134,135,-1,139,137,140,-1,140,137,136,-1,115,113,141,-1,141,113,139,-1,141,139,140,-1,139,113,112,-1,112,117,139,-1,139,117,119,-1,139,119,137,-1,132,134,129,-1,129,134,137,-1,129,137,127,-1,127,137,119,-1,127,119,124,-1,124,119,122,-1,142,143,144,-1,144,143,145,-1,144,145,146,-1,146,145,147,-1,146,147,148,-1,148,147,149,-1,148,149,150,-1,150,149,151,-1,150,151,152,-1,152,151,153,-1,152,153,154,-1,153,155,154,-1,154,155,156,-1,154,156,157,-1,157,156,158,-1,157,158,159,-1,159,158,160,-1,159,160,161,-1,161,160,162,-1,161,162,163,-1,163,162,164,-1,163,164,165,-1,165,164,166,-1,165,166,167,-1,167,166,168,-1,167,168,169,-1,169,168,170,-1,169,170,171,-1,171,170,172,-1,171,172,173,-1,173,172,174,-1,173,174,175,-1,175,174,176,-1,175,176,142,-1,142,176,177,-1,142,177,143,-1,148,150,178,-1,178,150,179,-1,148,178,180,-1,148,180,146,-1,146,180,181,-1,146,181,144,-1,144,181,182,-1,144,182,142,-1,142,182,183,-1,142,183,175,-1,175,183,184,-1,175,184,173,-1,173,184,185,-1,173,185,171,-1,171,185,186,-1,171,186,169,-1,169,186,187,-1,169,187,167,-1,167,187,188,-1,167,188,165,-1,165,188,189,-1,165,189,163,-1,163,189,190,-1,163,190,161,-1,161,190,191,-1,161,191,159,-1,159,191,192,-1,159,192,157,-1,157,192,193,-1,157,193,154,-1,152,154,194,-1,194,154,193,-1,150,152,179,-1,179,152,194,-1,155,153,195,-1,195,153,196,-1,153,151,196,-1,196,151,197,-1,151,149,197,-1,197,149,198,-1,177,199,200,-1,177,200,143,-1,143,200,201,-1,143,201,145,-1,145,201,202,-1,145,202,147,-1,147,202,198,-1,147,198,149,-1,170,203,204,-1,170,204,172,-1,172,204,205,-1,172,205,174,-1,174,205,206,-1,174,206,176,-1,176,206,199,-1,176,199,177,-1,162,207,208,-1,162,208,164,-1,164,208,209,-1,164,209,166,-1,166,209,210,-1,166,210,168,-1,168,210,203,-1,168,203,170,-1,155,195,211,-1,155,211,156,-1,156,211,212,-1,156,212,158,-1,158,212,213,-1,158,213,160,-1,160,213,207,-1,160,207,162,-1,
        ]
    }
}
Shape{
    appearance Appearance {
        material  Material 	{
            diffuseColor 0.2235294117647059 0.2235294117647059 0.2235294117647059
            specularColor 0.11372549019607843 0.11372549019607843 0.11372549019607843
            ambientIntensity 0.2235
            transparency 0.0
            shininess 0.5
        }
    }
    geometry IndexedFaceSet {
        ccw TRUE
        solid FALSE
        coord DEF co Coordinate {
            point [
                2.1063 5.3346 0.8281, 2.0933 5.3346 0.837, 2.1468 5.3346 0.9731, 2.1785 5.3346 0.9733, 2.1796 5.3346 0.819, 2.1483 5.3346 0.9731, 2.1505 5.3346 0.8188, 2.1229 5.3346 0.8219, 2.0909 5.3346 0.8392, 2.0811 5.3346 0.8511, 2.074 5.3346 0.8658, 2.0691 5.3346 0.8973, 2.0906 5.3346 0.9538, 2.1039 5.3346 0.963, 2.0718 5.3346 0.9223, 2.0774 5.3346 0.937, 2.085 5.3346 0.9482, 2.0699 5.3346 0.884, 2.121 5.3346 0.9697
            ]
        }
        coordIndex [
            0,1,2,-1,3,4,5,-1,5,4,6,-1,5,6,2,-1,2,6,7,-1,2,7,0,-1,1,8,2,-1,2,8,9,-1,2,9,10,-1,11,12,13,-1,14,15,11,-1,11,15,16,-1,11,16,12,-1,10,17,2,-1,2,17,11,-1,2,11,18,-1,18,11,13,-1,
        ]
    }
}
Shape{
    appearance Appearance {
        material  Material 	{
            diffuseColor 1.0 1.0 1.0
            specularColor 0.5019607843137255 0.5019607843137255 0.5019607843137255
            ambientIntensity 1.0
            transparency 0.0
            shininess 0.5
        }
    }
    geometry IndexedFaceSet {
        ccw TRUE
        solid FALSE
        coord DEF co Coordinate {
            point [
                1.975 5.335 0.8721, 1.9445 5.335 0.9551, 1.9539 5.335 0.9947, 2.0315 5.335 0.7951, 2.003 5.335 0.7949, 1.9834 5.335 0.8495, 1.9427 5.335 0.961, 1.9411 5.335 0.9691, 1.9262 5.335 0.9945, 1.9405 5.335 0.9691, 1.9389 5.335 0.9606, 1.9375 5.335 0.955, 1.9078 5.335 0.8716, 1.8514 5.335 0.7938, 1.88 5.335 0.794, 1.9 5.335 0.8489, 1.9262 5.3346 0.9945, 1.8519 5.3346 0.7952, 1.8514 5.3346 0.7938, 1.9539 5.3346 0.9947, 2.0315 5.3346 0.7952, 2.0315 5.3346 0.7951, 1.976 5.3346 0.9378, 2.003 5.3346 0.7949, 1.9834 5.3346 0.8495, 2.0029 5.3346 0.7952, 1.9 5.3346 0.8489, 1.976 5.3346 0.8495, 1.88 5.3346 0.794, 1.8804 5.3346 0.7952, 1.975 5.3346 0.8721, 1.9078 5.3346 0.8716, 1.9375 5.3346 0.955, 1.9405 5.3346 0.9691, 1.9389 5.3346 0.9606, 1.9411 5.3346 0.9691, 1.9445 5.3346 0.9551, 1.9427 5.3346 0.961
            ]
        }
        coordIndex [
            0,1,2,-1,3,4,5,-1,1,6,2,-1,2,6,7,-1,2,7,8,-1,8,7,9,-1,8,9,10,-1,10,11,8,-1,8,11,12,-1,8,12,13,-1,14,13,15,-1,15,13,12,-1,15,12,5,-1,5,12,0,-1,5,0,3,-1,3,0,2,-1,16,8,17,-1,17,8,13,-1,17,13,18,-1,2,8,19,-1,19,8,16,-1,20,21,3,-1,20,3,22,-1,22,3,2,-1,22,2,19,-1,4,3,23,-1,23,3,21,-1,24,5,25,-1,25,5,4,-1,25,4,23,-1,26,15,27,-1,27,15,5,-1,27,5,24,-1,28,14,29,-1,29,14,15,-1,29,15,26,-1,13,14,18,-1,18,14,28,-1,0,12,30,-1,30,12,31,-1,12,11,31,-1,31,11,32,-1,9,33,34,-1,9,34,10,-1,10,34,32,-1,10,32,11,-1,9,7,33,-1,33,7,35,-1,1,36,37,-1,1,37,6,-1,6,37,35,-1,6,35,7,-1,1,0,36,-1,36,0,30,-1,
        ]
    }
}
Shape{
    appearance Appearance {
        material  Material 	{
            diffuseColor 0.2235294117647059 0.2235294117647059 0.2235294117647059
            specularColor 0.11372549019607843 0.11372549019607843 0.11372549019607843
            ambientIntensity 0.2235
            transparency 0.0
            shininess 0.5
        }
    }
    geometry IndexedFaceSet {
        ccw TRUE
        solid FALSE
        coord DEF co Coordinate {
            point [
                1.9405 5.3346 0.9691, 1.9411 5.3346 0.9691, 1.9389 5.3346 0.9606, 1.9427 5.3346 0.961, 1.9375 5.3346 0.955, 1.9445 5.3346 0.9551, 1.9078 5.3346 0.8716, 1.975 5.3346 0.8721
            ]
        }
        coordIndex [
            0,1,2,-1,2,1,3,-1,2,3,4,-1,4,3,5,-1,4,5,6,-1,6,5,7,-1,
        ]
    }
}
Shape{
    appearance Appearance {
        material  Material 	{
            diffuseColor 1.0 1.0 1.0
            specularColor 0.5019607843137255 0.5019607843137255 0.5019607843137255
            ambientIntensity 1.0
            transparency 0.0
            shininess 0.5
        }
    }
    geometry IndexedFaceSet {
        ccw TRUE
        solid FALSE
        coord DEF co Coordinate {
            point [
                2.5492 5.335 0.504, 2.5493 5.335 0.4812, 2.5492 5.3346 0.504, 2.5493 5.3346 0.4812, 2.631 5.335 0.5046, 2.631 5.3346 0.5046, 2.6305 5.335 0.572, 2.6305 5.3346 0.572, 2.5589 5.335 0.5714, 2.5589 5.3346 0.5714, 2.5588 5.335 0.5944, 2.5588 5.3346 0.5944, 2.6304 5.335 0.5949, 2.6304 5.3346 0.5949, 2.6299 5.335 0.6589, 2.6299 5.3346 0.6589, 2.5526 5.335 0.6584, 2.5526 5.3346 0.6584, 2.5525 5.3346 0.6763, 2.5525 5.335 0.6814, 2.5525 5.3346 0.6802, 2.5525 5.3346 0.6814, 2.6556 5.335 0.6821, 2.6556 5.3346 0.6821, 2.657 5.3346 0.482, 2.657 5.335 0.482, 2.6556 5.3346 0.6763, 2.6556 5.3346 0.6802, 2.4356 5.335 0.4804, 2.4105 5.335 0.4802, 2.4354 5.335 0.5025, 2.4098 5.335 0.5722, 2.4349 5.335 0.5713, 2.4898 5.335 0.5416, 2.484 5.335 0.5444, 2.4361 5.335 0.5025, 2.4493 5.335 0.5063, 2.4402 5.335 0.4964, 2.4564 5.335 0.5016, 2.4685 5.335 0.5479, 2.435 5.335 0.5521, 2.4351 5.335 0.5384, 2.4352 5.335 0.5368, 2.4369 5.335 0.5256, 2.4406 5.335 0.5167, 2.4461 5.335 0.5093, 2.4357 5.335 0.5824, 2.4116 5.335 0.591, 2.4382 5.335 0.5913, 2.4154 5.335 0.6025, 2.4411 5.335 0.5965, 2.4204 5.335 0.6107, 2.4449 5.335 0.6006, 2.4271 5.335 0.6172, 2.4493 5.335 0.6035, 2.4353 5.335 0.622, 2.4551 5.335 0.6055, 2.4458 5.335 0.6253, 2.4636 5.335 0.6065, 2.4611 5.335 0.6268, 2.4798 5.335 0.6048, 2.4865 5.335 0.624, 2.4955 5.335 0.5992, 2.5052 5.335 0.6169, 2.5106 5.335 0.5895, 2.5104 5.335 0.6139, 2.4946 5.335 0.5066, 2.513 5.335 0.4888, 2.4925 5.335 0.5045, 2.5046 5.335 0.4829, 2.4875 5.335 0.501, 2.495 5.335 0.4792, 2.4819 5.335 0.4989, 2.48 5.335 0.4773, 2.4734 5.335 0.4979, 2.467 5.335 0.4787, 2.464 5.335 0.4989, 2.4568 5.335 0.4823, 2.4482 5.335 0.488, 2.4994 5.335 0.5252, 2.525 5.335 0.5228, 2.4996 5.335 0.5212, 2.5251 5.335 0.5193, 2.499 5.335 0.5154, 2.5239 5.335 0.5079, 2.4974 5.335 0.5109, 2.5209 5.335 0.4994, 2.5158 5.335 0.4917, 2.4773 5.335 0.5656, 2.4958 5.335 0.5613, 2.4929 5.335 0.5393, 2.5067 5.335 0.5559, 2.4959 5.335 0.5356, 2.5145 5.335 0.5494, 2.4981 5.335 0.5309, 2.5196 5.335 0.5423, 2.5232 5.335 0.5335, 2.4611 5.3346 0.6268, 2.4865 5.3346 0.624, 2.5052 5.3346 0.6169, 2.5104 5.3346 0.6139, 2.5106 5.3346 0.5895, 2.4955 5.3346 0.5992, 2.4798 5.3346 0.6048, 2.4636 5.3346 0.6065, 2.4551 5.3346 0.6055, 2.4493 5.3346 0.6035, 2.4449 5.3346 0.6006, 2.4411 5.3346 0.5965, 2.4382 5.3346 0.5913, 2.4357 5.3346 0.5824, 2.4349 5.3346 0.5713, 2.4773 5.3346 0.5656, 2.4958 5.3346 0.5613, 2.5067 5.3346 0.5559, 2.5145 5.3346 0.5494, 2.5196 5.3346 0.5423, 2.5232 5.3346 0.5335, 2.525 5.3346 0.5228, 2.5251 5.3346 0.5193, 2.5239 5.3346 0.5079, 2.5209 5.3346 0.4994, 2.5158 5.3346 0.4917, 2.513 5.3346 0.4888, 2.5046 5.3346 0.4829, 2.495 5.3346 0.4792, 2.48 5.3346 0.4773, 2.467 5.3346 0.4787, 2.4568 5.3346 0.4823, 2.4482 5.3346 0.488, 2.4402 5.3346 0.4964, 2.4361 5.3346 0.5025, 2.4354 5.3346 0.5025, 2.4356 5.3346 0.4804, 2.4105 5.3346 0.4802, 2.4098 5.3346 0.5722, 2.4116 5.3346 0.591, 2.4154 5.3346 0.6025, 2.4204 5.3346 0.6107, 2.4271 5.3346 0.6172, 2.4353 5.3346 0.622, 2.4458 5.3346 0.6253, 2.4929 5.3346 0.5393, 2.4898 5.3346 0.5416, 2.484 5.3346 0.5444, 2.4685 5.3346 0.5479, 2.4996 5.3346 0.5212, 2.4994 5.3346 0.5252, 2.4981 5.3346 0.5309, 2.4959 5.3346 0.5356, 2.4925 5.3346 0.5045, 2.4946 5.3346 0.5066, 2.4974 5.3346 0.5109, 2.499 5.3346 0.5154, 2.4734 5.3346 0.4979, 2.4819 5.3346 0.4989, 2.4875 5.3346 0.501, 2.4461 5.3346 0.5093, 2.4493 5.3346 0.5063, 2.4564 5.3346 0.5016, 2.464 5.3346 0.4989, 2.4351 5.3346 0.5384, 2.4352 5.3346 0.5368, 2.4369 5.3346 0.5256, 2.4406 5.3346 0.5167, 2.435 5.3346 0.5521
            ]
        }
        coordIndex [
            0,1,2,-1,2,1,3,-1,4,0,5,-1,5,0,2,-1,6,4,7,-1,7,4,5,-1,8,6,9,-1,9,6,7,-1,10,8,11,-1,11,8,9,-1,12,10,13,-1,13,10,11,-1,14,12,15,-1,15,12,13,-1,16,14,17,-1,17,14,15,-1,16,17,18,-1,16,18,19,-1,19,18,20,-1,19,20,21,-1,22,19,23,-1,23,19,21,-1,24,25,26,-1,26,25,22,-1,26,22,27,-1,27,22,23,-1,1,25,3,-1,3,25,24,-1,1,0,25,-1,25,0,4,-1,8,10,6,-1,6,10,12,-1,16,19,14,-1,14,19,22,-1,14,22,12,-1,12,22,25,-1,12,25,6,-1,6,25,4,-1,28,29,30,-1,30,29,31,-1,32,33,34,-1,35,36,37,-1,37,36,38,-1,39,40,31,-1,31,40,41,-1,41,42,31,-1,31,42,43,-1,31,43,30,-1,30,43,44,-1,30,44,35,-1,35,44,45,-1,35,45,36,-1,34,39,32,-1,32,39,31,-1,32,31,46,-1,46,31,47,-1,46,47,48,-1,48,47,49,-1,48,49,50,-1,50,49,51,-1,50,51,52,-1,52,51,53,-1,52,53,54,-1,54,53,55,-1,54,55,56,-1,56,55,57,-1,56,57,58,-1,58,57,59,-1,58,59,60,-1,60,59,61,-1,60,61,62,-1,62,61,63,-1,62,63,64,-1,64,63,65,-1,66,67,68,-1,68,67,69,-1,68,69,70,-1,70,69,71,-1,70,71,72,-1,72,71,73,-1,72,73,74,-1,74,73,75,-1,74,75,76,-1,76,75,77,-1,76,77,38,-1,38,77,78,-1,38,78,37,-1,79,80,81,-1,81,80,82,-1,81,82,83,-1,83,82,84,-1,83,84,85,-1,85,84,86,-1,85,86,66,-1,66,86,87,-1,66,87,67,-1,32,88,33,-1,33,88,89,-1,33,89,90,-1,90,89,91,-1,90,91,92,-1,92,91,93,-1,92,93,94,-1,94,93,95,-1,94,95,79,-1,79,95,96,-1,79,96,80,-1,59,97,98,-1,59,98,61,-1,61,98,99,-1,61,99,63,-1,63,99,100,-1,63,100,65,-1,64,65,101,-1,101,65,100,-1,64,101,102,-1,64,102,62,-1,62,102,103,-1,62,103,60,-1,60,103,104,-1,60,104,58,-1,58,104,105,-1,58,105,56,-1,56,105,106,-1,56,106,54,-1,54,106,107,-1,54,107,52,-1,52,107,108,-1,52,108,50,-1,50,108,109,-1,50,109,48,-1,48,109,110,-1,48,110,46,-1,46,110,111,-1,46,111,32,-1,88,32,112,-1,112,32,111,-1,88,112,113,-1,88,113,89,-1,89,113,114,-1,89,114,91,-1,91,114,115,-1,91,115,93,-1,93,115,116,-1,93,116,95,-1,95,116,117,-1,95,117,96,-1,96,117,118,-1,96,118,80,-1,80,118,119,-1,80,119,82,-1,82,119,120,-1,82,120,84,-1,84,120,121,-1,84,121,86,-1,86,121,122,-1,86,122,87,-1,87,122,123,-1,87,123,67,-1,67,123,124,-1,67,124,69,-1,69,124,125,-1,69,125,71,-1,71,125,126,-1,71,126,73,-1,73,126,127,-1,73,127,75,-1,75,127,128,-1,75,128,77,-1,77,128,129,-1,77,129,78,-1,78,129,130,-1,78,130,37,-1,37,130,131,-1,37,131,35,-1,30,35,132,-1,132,35,131,-1,28,30,133,-1,133,30,132,-1,29,28,134,-1,134,28,133,-1,31,29,135,-1,135,29,134,-1,31,135,136,-1,31,136,47,-1,47,136,137,-1,47,137,49,-1,49,137,138,-1,49,138,51,-1,51,138,139,-1,51,139,53,-1,53,139,140,-1,53,140,55,-1,55,140,141,-1,55,141,57,-1,57,141,97,-1,57,97,59,-1,90,142,143,-1,90,143,33,-1,33,143,144,-1,33,144,34,-1,34,144,145,-1,34,145,39,-1,81,146,147,-1,81,147,79,-1,79,147,148,-1,79,148,94,-1,94,148,149,-1,94,149,92,-1,92,149,142,-1,92,142,90,-1,68,150,151,-1,68,151,66,-1,66,151,152,-1,66,152,85,-1,85,152,153,-1,85,153,83,-1,83,153,146,-1,83,146,81,-1,74,154,155,-1,74,155,72,-1,72,155,156,-1,72,156,70,-1,70,156,150,-1,70,150,68,-1,45,157,158,-1,45,158,36,-1,36,158,159,-1,36,159,38,-1,38,159,160,-1,38,160,76,-1,76,160,154,-1,76,154,74,-1,41,161,162,-1,41,162,42,-1,42,162,163,-1,42,163,43,-1,43,163,164,-1,43,164,44,-1,44,164,157,-1,44,157,45,-1,41,40,161,-1,161,40,165,-1,40,39,165,-1,165,39,145,-1,
        ]
    }
}
Shape{
    appearance Appearance {
        material  Material 	{
            diffuseColor 0.2235294117647059 0.2235294117647059 0.2235294117647059
            specularColor 0.11372549019607843 0.11372549019607843 0.11372549019607843
            ambientIntensity 0.2235
            transparency 0.0
            shininess 0.5
        }
    }
    geometry IndexedFaceSet {
        ccw TRUE
        solid FALSE
        coord DEF co Coordinate {
            point [
                2.4352 5.3346 0.5368, 2.4351 5.3346 0.5384, 2.4929 5.3346 0.5393, 2.435 5.3346 0.5521, 2.4685 5.3346 0.5479, 2.484 5.3346 0.5444, 2.4898 5.3346 0.5416, 2.4369 5.3346 0.5256, 2.4959 5.3346 0.5356, 2.4406 5.3346 0.5167, 2.4946 5.3346 0.5066, 2.4925 5.3346 0.5045, 2.4493 5.3346 0.5063, 2.4974 5.3346 0.5109, 2.4564 5.3346 0.5016, 2.464 5.3346 0.4989, 2.4734 5.3346 0.4979, 2.4981 5.3346 0.5309, 2.4994 5.3346 0.5252, 2.4461 5.3346 0.5093, 2.4996 5.3346 0.5212, 2.499 5.3346 0.5154, 2.4875 5.3346 0.501, 2.4819 5.3346 0.4989
            ]
        }
        coordIndex [
            0,1,2,-1,1,3,4,-1,4,5,1,-1,1,5,6,-1,1,6,2,-1,0,2,7,-1,7,2,8,-1,7,8,9,-1,10,11,12,-1,10,12,13,-1,14,12,15,-1,15,12,16,-1,8,17,9,-1,9,17,18,-1,9,18,19,-1,19,18,20,-1,19,20,12,-1,12,20,21,-1,12,21,13,-1,11,22,12,-1,12,22,23,-1,12,23,16,-1,
        ]
    }
}
Shape{
    appearance Appearance {
        material  Material 	{
            diffuseColor 1.0 1.0 1.0
            specularColor 0.5019607843137255 0.5019607843137255 0.5019607843137255
            ambientIntensity 1.0
            transparency 0.0
            shininess 0.5
        }
    }
    geometry IndexedFaceSet {
        ccw TRUE
        solid FALSE
        coord DEF co Coordinate {
            point [
                2.3763 5.3346 0.5109, 2.3763 5.335 0.5109, 2.3665 5.335 0.5048, 2.3351 5.335 0.4968, 2.3351 5.3346 0.4968, 2.3509 5.3346 0.4987, 2.3509 5.335 0.4987, 2.3638 5.3346 0.5037, 2.3665 5.3346 0.5048, 2.3765 5.335 0.485, 2.3765 5.3346 0.485, 2.3377 5.3346 0.4763, 2.3377 5.335 0.4763, 2.3609 5.335 0.4792, 2.3638 5.3346 0.4802, 2.3609 5.3346 0.4792, 2.3185 5.3346 0.4781, 2.3185 5.335 0.4781, 2.3044 5.3346 0.4826, 2.3044 5.335 0.4826, 2.296 5.3346 0.4874, 2.296 5.335 0.4874, 2.2888 5.3346 0.4936, 2.2888 5.335 0.4936, 2.2841 5.3346 0.5002, 2.2841 5.335 0.5002, 2.2809 5.3346 0.5081, 2.2809 5.335 0.5081, 2.2797 5.3346 0.5182, 2.2797 5.335 0.5182, 2.2806 5.3346 0.5275, 2.2806 5.335 0.5275, 2.2833 5.3346 0.535, 2.2833 5.335 0.535, 2.2879 5.3346 0.5419, 2.2879 5.335 0.5419, 2.2938 5.3346 0.5473, 2.2938 5.335 0.5473, 2.3104 5.3346 0.5566, 2.3104 5.335 0.5566, 2.3201 5.3346 0.5606, 2.3201 5.335 0.5606, 2.3356 5.3346 0.5675, 2.3356 5.335 0.5675, 2.3444 5.3346 0.5731, 2.3444 5.335 0.5731, 2.3468 5.3346 0.5758, 2.3468 5.335 0.5758, 2.3486 5.3346 0.5792, 2.3486 5.335 0.5792, 2.3496 5.3346 0.5831, 2.3496 5.335 0.5831, 2.3498 5.3346 0.5864, 2.3498 5.335 0.5864, 2.3493 5.3346 0.5904, 2.3493 5.335 0.5904, 2.348 5.3346 0.5938, 2.348 5.335 0.5938, 2.3458 5.3346 0.597, 2.3458 5.335 0.597, 2.342 5.3346 0.6003, 2.342 5.335 0.6003, 2.3364 5.3346 0.6033, 2.3364 5.335 0.6033, 2.3297 5.3346 0.605, 2.3297 5.335 0.605, 2.3222 5.3346 0.6055, 2.3222 5.335 0.6055, 2.3059 5.3346 0.6035, 2.3059 5.335 0.6035, 2.2918 5.3346 0.5983, 2.2918 5.335 0.5983, 2.286 5.3346 0.5949, 2.286 5.335 0.5949, 2.2858 5.335 0.6192, 2.2858 5.3346 0.6192, 2.3023 5.3346 0.6242, 2.3023 5.335 0.6242, 2.3196 5.3346 0.6258, 2.3196 5.335 0.6258, 2.3375 5.3346 0.6241, 2.3375 5.335 0.6241, 2.3514 5.3346 0.6194, 2.3514 5.335 0.6194, 2.3593 5.3346 0.6148, 2.3593 5.335 0.6148, 2.3668 5.335 0.6081, 2.3638 5.3346 0.6108, 2.3668 5.3346 0.6081, 2.3715 5.3346 0.6014, 2.3715 5.335 0.6014, 2.3746 5.3346 0.5933, 2.3746 5.335 0.5933, 2.3756 5.3346 0.5844, 2.3756 5.335 0.5844, 2.3746 5.3346 0.5746, 2.3746 5.335 0.5746, 2.3719 5.3346 0.567, 2.3719 5.335 0.567, 2.3687 5.3346 0.5617, 2.3687 5.335 0.5617, 2.3379 5.3346 0.5426, 2.3379 5.335 0.5426, 2.3528 5.335 0.5495, 2.3646 5.3346 0.5574, 2.3646 5.335 0.5574, 2.3638 5.3346 0.5568, 2.3528 5.3346 0.5495, 2.3215 5.3346 0.5355, 2.3215 5.335 0.5355, 2.3118 5.3346 0.5296, 2.3118 5.335 0.5296, 2.3087 5.3346 0.5263, 2.3087 5.335 0.5263, 2.3068 5.3346 0.523, 2.3068 5.335 0.523, 2.3057 5.3346 0.519, 2.3057 5.335 0.519, 2.3054 5.3346 0.5159, 2.3054 5.335 0.5159, 2.306 5.3346 0.5111, 2.306 5.335 0.5111, 2.3073 5.3346 0.5076, 2.3073 5.335 0.5076, 2.3095 5.3346 0.5044, 2.3095 5.335 0.5044, 2.3124 5.3346 0.5018, 2.3124 5.335 0.5018, 2.3147 5.3346 0.5005, 2.3147 5.335 0.5005, 2.3212 5.3346 0.4981, 2.3212 5.335 0.4981, 2.334 5.3346 0.4968, 2.334 5.335 0.4968, 2.1547 5.335 0.6214, 2.1287 5.335 0.6212, 2.1547 5.3346 0.6214, 2.1287 5.3346 0.6212, 2.1945 5.335 0.514, 2.1945 5.3346 0.514, 2.1964 5.3346 0.5074, 2.1964 5.335 0.5074, 2.1976 5.3346 0.5025, 2.1976 5.335 0.5025, 2.1983 5.335 0.5025, 2.1983 5.3346 0.5025, 2.2013 5.335 0.5143, 2.2013 5.3346 0.5143, 2.2378 5.3346 0.622, 2.2378 5.335 0.622, 2.2343 5.3346 0.6115, 2.2659 5.335 0.6222, 2.2659 5.3346 0.6222, 2.2108 5.3346 0.4791, 2.2108 5.335 0.4791, 2.2343 5.3346 0.5401, 2.222 5.335 0.4532, 2.222 5.3346 0.4532, 2.227 5.3346 0.4442, 2.227 5.335 0.4442, 2.2317 5.3346 0.439, 2.2317 5.335 0.439, 2.2343 5.3346 0.4372, 2.2361 5.335 0.436, 2.2361 5.3346 0.436, 2.2416 5.3346 0.4339, 2.2416 5.335 0.4339, 2.2478 5.3346 0.4332, 2.2478 5.335 0.4332, 2.2569 5.3346 0.4345, 2.2569 5.335 0.4345, 2.262 5.3346 0.4362, 2.262 5.335 0.4362, 2.2622 5.335 0.4139, 2.2622 5.3346 0.4139, 2.2516 5.3346 0.412, 2.2516 5.335 0.412, 2.246 5.3346 0.4117, 2.246 5.335 0.4117, 2.2359 5.3346 0.4128, 2.2359 5.335 0.4128, 2.2343 5.3346 0.4134, 2.226 5.335 0.4165, 2.226 5.3346 0.4165, 2.2172 5.3346 0.4226, 2.2172 5.335 0.4226, 2.2155 5.3346 0.4241, 2.2155 5.335 0.4241, 2.2062 5.3346 0.4351, 2.2062 5.335 0.4351, 2.1947 5.3346 0.4571, 2.1947 5.335 0.4571, 1.9948 5.335 0.5001, 1.995 5.335 0.4773, 1.9948 5.3346 0.5001, 1.995 5.3346 0.4773, 2.0767 5.3346 0.5007, 2.0767 5.335 0.5007, 2.0367 5.3346 0.5004, 2.0762 5.335 0.568, 2.0762 5.3346 0.568, 2.0046 5.3346 0.5675, 2.0046 5.335 0.5675, 2.0367 5.3346 0.5677, 2.0044 5.335 0.5904, 2.0044 5.3346 0.5904, 2.076 5.3346 0.5909, 2.076 5.335 0.5909, 2.0367 5.3346 0.5907, 2.0756 5.335 0.655, 2.0756 5.3346 0.655, 1.9983 5.3346 0.6545, 1.9983 5.335 0.6545, 2.0367 5.3346 0.6547, 1.9981 5.335 0.6775, 1.9981 5.3346 0.6763, 1.9981 5.3346 0.6775, 2.1012 5.3346 0.6782, 2.1012 5.335 0.6782, 2.0367 5.3346 0.6778, 2.1027 5.3346 0.478, 2.1027 5.335 0.478, 2.1012 5.3346 0.6763, 2.0367 5.3346 0.4776, 1.8242 5.335 0.5041, 1.8449 5.335 0.5177, 1.8453 5.335 0.4892, 1.8579 5.335 0.5088, 1.8682 5.335 0.4805, 1.8745 5.335 0.5025, 1.9021 5.335 0.4766, 1.9021 5.335 0.4994, 1.9572 5.335 0.477, 1.9312 5.335 0.4997, 1.9558 5.335 0.6772, 1.9301 5.335 0.654, 1.8987 5.335 0.6768, 1.8998 5.335 0.6538, 1.8983 5.335 0.6537, 1.8681 5.335 0.6732, 1.8726 5.335 0.6503, 1.844 5.335 0.6642, 1.8555 5.335 0.6437, 1.8232 5.335 0.6497, 1.8422 5.335 0.6345, 1.8161 5.335 0.6427, 1.8366 5.335 0.6289, 1.8039 5.335 0.6252, 1.829 5.335 0.6176, 1.7966 5.335 0.606, 1.8234 5.335 0.6029, 1.7935 5.335 0.5785, 1.8207 5.335 0.578, 1.7942 5.335 0.5657, 1.8215 5.335 0.5646, 1.7992 5.335 0.5423, 1.8256 5.335 0.5465, 1.8092 5.335 0.5217, 1.8327 5.335 0.5318, 1.8425 5.335 0.5199, 1.9021 5.3346 0.4766, 1.9572 5.3346 0.477, 1.8682 5.3346 0.4805, 1.8453 5.3346 0.4892, 1.8242 5.3346 0.5041, 1.8224 5.3346 0.5062, 1.8092 5.3346 0.5217, 1.7992 5.3346 0.5423, 1.7942 5.3346 0.5657, 1.7935 5.3346 0.5785, 1.7966 5.3346 0.606, 1.8039 5.3346 0.6252, 1.8161 5.3346 0.6427, 1.8224 5.3346 0.649, 1.8232 5.3346 0.6497, 1.8987 5.3346 0.6768, 1.8946 5.3346 0.6763, 1.8681 5.3346 0.6732, 1.844 5.3346 0.6642, 1.9558 5.3346 0.6772, 1.9558 5.3346 0.6763, 1.8998 5.3346 0.6538, 1.9301 5.3346 0.654, 1.9312 5.3346 0.4997, 1.9021 5.3346 0.4994, 1.8425 5.3346 0.5199, 1.8449 5.3346 0.5177, 1.8579 5.3346 0.5088, 1.8745 5.3346 0.5025, 1.8207 5.3346 0.578, 1.8215 5.3346 0.5646, 1.8256 5.3346 0.5465, 1.8327 5.3346 0.5318, 1.8422 5.3346 0.6345, 1.8366 5.3346 0.6289, 1.829 5.3346 0.6176, 1.8234 5.3346 0.6029, 1.8983 5.3346 0.6537, 1.8726 5.3346 0.6503, 1.8555 5.3346 0.6437
            ]
        }
        coordIndex [
            0,1,2,-1,3,4,5,-1,3,5,6,-1,6,5,7,-1,6,7,2,-1,2,7,8,-1,2,8,0,-1,9,1,10,-1,10,1,0,-1,11,12,13,-1,9,10,14,-1,9,14,13,-1,13,14,15,-1,13,15,11,-1,12,11,16,-1,12,16,17,-1,17,16,18,-1,17,18,19,-1,19,18,20,-1,19,20,21,-1,21,20,22,-1,21,22,23,-1,23,22,24,-1,23,24,25,-1,25,24,26,-1,25,26,27,-1,27,26,28,-1,27,28,29,-1,29,28,30,-1,29,30,31,-1,31,30,32,-1,31,32,33,-1,33,32,34,-1,33,34,35,-1,35,34,36,-1,35,36,37,-1,37,36,38,-1,37,38,39,-1,39,38,40,-1,39,40,41,-1,41,40,42,-1,41,42,43,-1,43,42,44,-1,43,44,45,-1,45,44,46,-1,45,46,47,-1,47,46,48,-1,47,48,49,-1,49,48,50,-1,49,50,51,-1,51,50,52,-1,51,52,53,-1,53,52,54,-1,53,54,55,-1,55,54,56,-1,55,56,57,-1,57,56,58,-1,57,58,59,-1,59,58,60,-1,59,60,61,-1,61,60,62,-1,61,62,63,-1,63,62,64,-1,63,64,65,-1,65,64,66,-1,65,66,67,-1,67,66,68,-1,67,68,69,-1,69,68,70,-1,69,70,71,-1,71,70,72,-1,71,72,73,-1,74,73,75,-1,75,73,72,-1,74,75,76,-1,74,76,77,-1,77,76,78,-1,77,78,79,-1,79,78,80,-1,79,80,81,-1,81,80,82,-1,81,82,83,-1,83,82,84,-1,83,84,85,-1,86,85,87,-1,87,85,84,-1,87,88,86,-1,86,88,89,-1,86,89,90,-1,90,89,91,-1,90,91,92,-1,92,91,93,-1,92,93,94,-1,94,93,95,-1,94,95,96,-1,96,95,97,-1,96,97,98,-1,98,97,99,-1,98,99,100,-1,101,102,103,-1,100,99,104,-1,100,104,105,-1,105,104,106,-1,105,106,103,-1,103,106,107,-1,103,107,101,-1,102,101,108,-1,102,108,109,-1,109,108,110,-1,109,110,111,-1,111,110,112,-1,111,112,113,-1,113,112,114,-1,113,114,115,-1,115,114,116,-1,115,116,117,-1,117,116,118,-1,117,118,119,-1,119,118,120,-1,119,120,121,-1,121,120,122,-1,121,122,123,-1,123,122,124,-1,123,124,125,-1,125,124,126,-1,125,126,127,-1,127,126,128,-1,127,128,129,-1,129,128,130,-1,129,130,131,-1,131,130,132,-1,131,132,133,-1,133,132,4,-1,133,4,3,-1,59,61,83,-1,83,61,81,-1,43,102,41,-1,41,102,109,-1,41,109,39,-1,12,3,13,-1,13,3,6,-1,13,6,9,-1,9,6,2,-1,9,2,1,-1,61,63,81,-1,81,63,65,-1,81,65,79,-1,79,65,67,-1,79,67,77,-1,77,67,69,-1,77,69,74,-1,74,69,71,-1,74,71,73,-1,39,109,37,-1,37,109,111,-1,37,111,35,-1,35,111,113,-1,35,113,33,-1,33,113,115,-1,33,115,31,-1,31,115,117,-1,31,117,29,-1,29,117,119,-1,29,119,27,-1,27,119,121,-1,27,121,25,-1,25,121,123,-1,25,123,23,-1,23,123,125,-1,23,125,21,-1,21,125,127,-1,21,127,19,-1,19,127,129,-1,19,129,17,-1,17,129,131,-1,17,131,12,-1,12,131,133,-1,12,133,3,-1,83,85,59,-1,59,85,86,-1,59,86,57,-1,57,86,90,-1,57,90,55,-1,55,90,92,-1,55,92,53,-1,53,92,94,-1,53,94,51,-1,51,94,96,-1,51,96,49,-1,49,96,98,-1,49,98,47,-1,47,98,100,-1,47,100,45,-1,45,100,105,-1,45,105,43,-1,43,105,103,-1,43,103,102,-1,134,135,136,-1,136,135,137,-1,138,134,139,-1,139,134,136,-1,138,139,140,-1,138,140,141,-1,141,140,142,-1,141,142,143,-1,144,143,145,-1,145,143,142,-1,146,144,147,-1,147,144,145,-1,148,149,150,-1,150,149,146,-1,150,146,147,-1,151,149,152,-1,152,149,148,-1,153,154,155,-1,155,154,151,-1,155,151,152,-1,156,154,157,-1,157,154,153,-1,156,157,158,-1,156,158,159,-1,159,158,160,-1,159,160,161,-1,161,160,162,-1,161,162,163,-1,162,164,163,-1,163,164,165,-1,163,165,166,-1,166,165,167,-1,166,167,168,-1,168,167,169,-1,168,169,170,-1,170,169,171,-1,170,171,172,-1,173,172,174,-1,174,172,171,-1,173,174,175,-1,173,175,176,-1,176,175,177,-1,176,177,178,-1,178,177,179,-1,178,179,180,-1,180,179,181,-1,180,181,182,-1,181,183,182,-1,182,183,184,-1,182,184,185,-1,185,184,186,-1,185,186,187,-1,187,186,188,-1,187,188,189,-1,189,188,190,-1,189,190,191,-1,135,191,137,-1,137,191,190,-1,141,143,191,-1,135,134,191,-1,191,134,138,-1,191,138,141,-1,149,151,146,-1,146,151,154,-1,146,154,144,-1,172,173,170,-1,170,173,176,-1,170,176,168,-1,168,176,178,-1,168,178,166,-1,166,178,180,-1,166,180,163,-1,163,180,182,-1,163,182,161,-1,143,144,191,-1,191,144,154,-1,191,154,189,-1,154,156,189,-1,189,156,159,-1,189,159,187,-1,187,159,161,-1,187,161,185,-1,185,161,182,-1,192,193,194,-1,194,193,195,-1,196,197,198,-1,198,197,192,-1,198,192,194,-1,199,197,200,-1,200,197,196,-1,201,202,203,-1,203,202,199,-1,203,199,200,-1,204,202,205,-1,205,202,201,-1,206,207,208,-1,208,207,204,-1,208,204,205,-1,209,207,210,-1,210,207,206,-1,211,212,213,-1,213,212,209,-1,213,209,210,-1,212,211,214,-1,214,211,215,-1,214,215,216,-1,217,218,219,-1,219,218,214,-1,219,214,216,-1,220,221,222,-1,222,221,218,-1,222,218,217,-1,195,193,223,-1,223,193,221,-1,223,221,220,-1,221,193,192,-1,192,197,221,-1,221,197,199,-1,221,199,218,-1,212,214,209,-1,209,214,218,-1,209,218,207,-1,207,218,199,-1,207,199,204,-1,204,199,202,-1,224,225,226,-1,226,225,227,-1,226,227,228,-1,228,227,229,-1,228,229,230,-1,230,229,231,-1,230,231,232,-1,232,231,233,-1,232,233,234,-1,234,233,235,-1,234,235,236,-1,235,237,236,-1,236,237,238,-1,236,238,239,-1,239,238,240,-1,239,240,241,-1,241,240,242,-1,241,242,243,-1,243,242,244,-1,243,244,245,-1,245,244,246,-1,245,246,247,-1,247,246,248,-1,247,248,249,-1,249,248,250,-1,249,250,251,-1,251,250,252,-1,251,252,253,-1,253,252,254,-1,253,254,255,-1,255,254,256,-1,255,256,257,-1,257,256,258,-1,257,258,224,-1,224,258,259,-1,224,259,225,-1,230,232,260,-1,260,232,261,-1,230,260,262,-1,230,262,228,-1,228,262,263,-1,228,263,226,-1,226,263,264,-1,226,264,224,-1,224,264,265,-1,224,265,257,-1,265,266,257,-1,257,266,267,-1,257,267,255,-1,255,267,268,-1,255,268,253,-1,253,268,269,-1,253,269,251,-1,251,269,270,-1,251,270,249,-1,249,270,271,-1,249,271,247,-1,247,271,272,-1,247,272,245,-1,245,272,243,-1,243,272,273,-1,243,273,274,-1,275,236,276,-1,276,236,239,-1,276,239,277,-1,277,239,241,-1,277,241,278,-1,278,241,243,-1,278,243,274,-1,234,236,279,-1,279,236,275,-1,261,232,280,-1,280,232,234,-1,280,234,279,-1,237,235,281,-1,281,235,282,-1,235,233,282,-1,282,233,283,-1,233,231,283,-1,283,231,284,-1,259,285,286,-1,259,286,225,-1,225,286,287,-1,225,287,227,-1,227,287,288,-1,227,288,229,-1,229,288,284,-1,229,284,231,-1,252,289,290,-1,252,290,254,-1,254,290,291,-1,254,291,256,-1,256,291,292,-1,256,292,258,-1,258,292,285,-1,258,285,259,-1,244,293,294,-1,244,294,246,-1,246,294,295,-1,246,295,248,-1,248,295,296,-1,248,296,250,-1,250,296,289,-1,250,289,252,-1,237,281,297,-1,237,297,238,-1,238,297,298,-1,238,298,240,-1,240,298,299,-1,240,299,242,-1,242,299,293,-1,242,293,244,-1,
        ]
    }
}
Shape{
    appearance Appearance {
        material  Material 	{
            diffuseColor 0.2235294117647059 0.2235294117647059 0.2235294117647059
            specularColor 0.11372549019607843 0.11372549019607843 0.11372549019607843
            ambientIntensity 0.2235
            transparency 0.0
            shininess 0.5
        }
    }
    geometry IndexedFaceSet {
        ccw TRUE
        solid FALSE
        coord DEF co Coordinate {
            point [
                1.8579 5.3346 0.5088, 1.8449 5.3346 0.5177, 1.8983 5.3346 0.6537, 1.9301 5.3346 0.654, 1.9312 5.3346 0.4997, 1.8998 5.3346 0.6538, 1.9021 5.3346 0.4994, 1.8745 5.3346 0.5025, 1.8425 5.3346 0.5199, 1.8327 5.3346 0.5318, 1.8256 5.3346 0.5465, 1.8207 5.3346 0.578, 1.8422 5.3346 0.6345, 1.8555 5.3346 0.6437, 1.8234 5.3346 0.6029, 1.829 5.3346 0.6176, 1.8366 5.3346 0.6289, 1.8215 5.3346 0.5646, 1.8726 5.3346 0.6503
            ]
        }
        coordIndex [
            0,1,2,-1,3,4,5,-1,5,4,6,-1,5,6,2,-1,2,6,7,-1,2,7,0,-1,1,8,2,-1,2,8,9,-1,2,9,10,-1,11,12,13,-1,14,15,11,-1,11,15,16,-1,11,16,12,-1,10,17,2,-1,2,17,11,-1,2,11,18,-1,18,11,13,-1,
        ]
    }
}
Shape{
    appearance Appearance {
        material  Material 	{
            diffuseColor 1.0 1.0 1.0
            specularColor 0.5019607843137255 0.5019607843137255 0.5019607843137255
            ambientIntensity 1.0
            transparency 0.0
            shininess 0.5
        }
    }
    geometry IndexedFaceSet {
        ccw TRUE
        solid FALSE
        coord DEF co Coordinate {
            point [
                1.7266 5.335 0.5528, 1.6961 5.335 0.6357, 1.7055 5.335 0.6754, 1.7831 5.335 0.4758, 1.7546 5.335 0.4756, 1.7349 5.335 0.5302, 1.6943 5.335 0.6417, 1.6927 5.335 0.6497, 1.6778 5.335 0.6752, 1.6921 5.335 0.6497, 1.6905 5.335 0.6412, 1.6891 5.335 0.6357, 1.6594 5.335 0.5523, 1.603 5.335 0.4745, 1.6316 5.335 0.4747, 1.6516 5.335 0.5296, 1.6778 5.3346 0.6752, 1.603 5.3346 0.4745, 1.7055 5.3346 0.6754, 1.7831 5.3346 0.4758, 1.7546 5.3346 0.4756, 1.7349 5.3346 0.5302, 1.6516 5.3346 0.5296, 1.6316 5.3346 0.4747, 1.7266 5.3346 0.5528, 1.6594 5.3346 0.5523, 1.6891 5.3346 0.6357, 1.6921 5.3346 0.6497, 1.6905 5.3346 0.6412, 1.6927 5.3346 0.6497, 1.6961 5.3346 0.6357, 1.6943 5.3346 0.6417
            ]
        }
        coordIndex [
            0,1,2,-1,3,4,5,-1,1,6,2,-1,2,6,7,-1,2,7,8,-1,8,7,9,-1,8,9,10,-1,10,11,8,-1,8,11,12,-1,8,12,13,-1,14,13,15,-1,15,13,12,-1,15,12,5,-1,5,12,0,-1,5,0,3,-1,3,0,2,-1,8,13,16,-1,16,13,17,-1,2,8,18,-1,18,8,16,-1,3,2,19,-1,19,2,18,-1,4,3,20,-1,20,3,19,-1,5,4,21,-1,21,4,20,-1,15,5,22,-1,22,5,21,-1,14,15,23,-1,23,15,22,-1,13,14,17,-1,17,14,23,-1,0,12,24,-1,24,12,25,-1,12,11,25,-1,25,11,26,-1,9,27,28,-1,9,28,10,-1,10,28,26,-1,10,26,11,-1,9,7,27,-1,27,7,29,-1,1,30,31,-1,1,31,6,-1,6,31,29,-1,6,29,7,-1,1,0,30,-1,30,0,24,-1,
        ]
    }
}
Shape{
    appearance Appearance {
        material  Material 	{
            diffuseColor 0.2235294117647059 0.2235294117647059 0.2235294117647059
            specularColor 0.11372549019607843 0.11372549019607843 0.11372549019607843
            ambientIntensity 0.2235
            transparency 0.0
            shininess 0.5
        }
    }
    geometry IndexedFaceSet {
        ccw TRUE
        solid FALSE
        coord DEF co Coordinate {
            point [
                1.6921 5.3346 0.6497, 1.6927 5.3346 0.6497, 1.6905 5.3346 0.6412, 1.6943 5.3346 0.6417, 1.6891 5.3346 0.6357, 1.6961 5.3346 0.6357, 1.6594 5.3346 0.5523, 1.7266 5.3346 0.5528
            ]
        }
        coordIndex [
            0,1,2,-1,2,1,3,-1,2,3,4,-1,4,3,5,-1,4,5,6,-1,6,5,7,-1,
        ]
    }
}
Shape{
    appearance Appearance {
        material  Material 	{
            diffuseColor 1.0 1.0 1.0
            specularColor 0.5019607843137255 0.5019607843137255 0.5019607843137255
            ambientIntensity 1.0
            transparency 0.0
            shininess 0.5
        }
    }
    geometry IndexedFaceSet {
        ccw TRUE
        solid FALSE
        coord DEF co Coordinate {
            point [
                3.5412 5.335 0.4599, 3.5202 5.335 0.4336, 3.5532 5.335 0.5858, 3.0774 5.335 0.6522, 3.1209 5.335 0.728, 3.3123 5.335 0.6297, 3.4109 5.335 0.5882, 3.3976 5.335 0.5839, 3.5762 5.335 0.8333, 3.5443 5.335 0.8499, 3.5512 5.335 0.9376, 3.4624 5.335 0.941, 3.419 5.335 0.8368, 3.397 5.335 0.8817, 3.5841 5.335 0.6052, 3.5732 5.335 0.496, 3.5553 5.335 0.4905, 3.4951 5.335 0.9441, 3.3859 5.335 0.5764, 3.3764 5.335 0.5665, 3.2773 5.335 0.5483, 3.3699 5.335 0.5549, 3.3663 5.335 0.5419, 3.2774 5.335 0.5341, 3.366 5.335 0.5281, 3.4346 5.335 0.5875, 3.4528 5.335 0.6749, 3.4471 5.335 0.5827, 3.4843 5.335 0.6631, 3.4583 5.335 0.575, 3.5135 5.335 0.6431, 3.4644 5.335 0.5685, 3.5372 5.335 0.6163, 3.4717 5.335 0.5567, 3.4759 5.335 0.5433, 3.3671 5.335 0.6689, 3.4014 5.335 0.6777, 3.4187 5.335 0.6788, 3.0294 5.335 0.7928, 3.018 5.335 0.7927, 2.9591 5.335 0.8691, 2.991 5.335 0.7892, 2.9521 5.335 0.8667, 2.9662 5.335 0.7794, 2.9099 5.335 0.8454, 2.8716 5.335 0.8125, 3.433 5.335 0.9748, 3.3648 5.335 0.9196, 3.3994 5.335 1.0032, 3.3264 5.335 0.9472, 3.3599 5.335 1.0268, 3.5091 5.335 0.858, 3.4943 5.335 0.8587, 3.4788 5.335 0.9431, 3.461 5.335 0.8543, 3.4291 5.335 0.8424, 2.8731 5.335 0.5469, 2.9391 5.335 0.6038, 2.9121 5.335 0.5144, 2.9603 5.335 0.5868, 2.9557 5.335 0.4934, 2.9854 5.335 0.5753, 3.0031 5.335 0.4837, 3.011 5.335 0.5706, 3.0871 5.335 0.4843, 3.0751 5.335 0.5711, 3.0951 5.335 0.4857, 3.4208 5.335 0.5892, 3.3371 5.335 0.6525, 2.9442 5.335 0.7638, 2.928 5.335 0.7454, 2.8428 5.335 0.7718, 2.9149 5.335 0.7208, 2.8257 5.335 0.7282, 2.9084 5.335 0.6934, 2.8195 5.335 0.6817, 2.9078 5.335 0.6809, 2.8264 5.335 0.6309, 2.9114 5.335 0.6532, 2.8446 5.335 0.586, 2.9214 5.335 0.6279, 2.9372 5.335 0.6058, 3.0352 5.335 0.9821, 3.0913 5.335 0.9171, 2.987 5.335 0.9251, 3.0595 5.335 0.8785, 3.0378 5.335 0.8325, 3.6332 5.335 0.7518, 3.7268 5.335 0.7288, 3.6376 5.335 0.7174, 3.7273 5.335 0.7152, 3.6361 5.335 0.6954, 3.7208 5.335 0.6594, 3.6261 5.335 0.6605, 3.7008 5.335 0.6063, 3.6094 5.335 0.6316, 3.6687 5.335 0.5596, 3.6245 5.335 0.5214, 3.4604 5.335 0.4945, 3.4682 5.335 0.5042, 3.4739 5.335 0.5161, 3.4765 5.335 0.5295, 3.2938 5.335 1.0505, 3.2798 5.335 0.9657, 3.2282 5.335 1.0575, 3.2274 5.335 0.9721, 3.1622 5.335 1.0492, 3.1792 5.335 0.9658, 3.0916 5.335 1.0217, 3.1346 5.335 0.9484, 3.0949 5.335 0.9204, 3.6041 5.335 0.9175, 3.6496 5.335 0.886, 3.6008 5.335 0.8117, 3.6593 5.335 0.8769, 3.6207 5.335 0.7835, 3.6938 5.335 0.8333, 3.7169 5.335 0.7823, 3.4496 5.335 0.486, 3.4925 5.335 0.4124, 3.4368 5.335 0.4804, 3.4598 5.335 0.3984, 3.424 5.335 0.4782, 3.4262 5.335 0.3929, 3.4216 5.335 0.4782, 3.4208 5.335 0.3928, 3.4077 5.335 0.4798, 3.3863 5.335 0.3968, 3.3953 5.335 0.4846, 3.3545 5.335 0.4087, 3.3844 5.335 0.4922, 3.326 5.335 0.4283, 3.3756 5.335 0.5021, 3.304 5.335 0.4526, 3.3692 5.335 0.5144, 3.2869 5.335 0.4842, 3.2783 5.335 0.5193, 3.0822 5.335 0.5724, 3.1169 5.335 0.4995, 3.1137 5.335 0.4961, 3.078 5.335 0.5715, 3.1045 5.335 0.4895, 3.128 5.335 0.5287, 3.1268 5.335 0.5181, 3.1231 5.335 0.5085, 3.0946 5.335 0.5712, 3.1044 5.335 0.5674, 3.1276 5.335 0.5344, 3.1132 5.335 0.5613, 3.1192 5.335 0.5548, 3.1247 5.335 0.5452, 3.0836 5.335 0.5726, 2.8195 5.3346 0.6817, 2.8257 5.3346 0.7282, 2.8594 5.3346 0.7952, 2.8296 5.3346 0.738, 2.8428 5.3346 0.7718, 2.8716 5.3346 0.8125, 2.9099 5.3346 0.8454, 2.9521 5.3346 0.8667, 2.9591 5.3346 0.8691, 2.987 5.3346 0.9251, 3.0352 5.3346 0.9821, 3.0616 5.3346 1.0007, 3.0916 5.3346 1.0217, 3.1622 5.3346 1.0492, 3.2282 5.3346 1.0575, 3.2938 5.3346 1.0505, 3.3599 5.3346 1.0268, 3.3994 5.3346 1.0032, 3.4624 5.3346 0.941, 3.4024 5.3346 1.0007, 3.433 5.3346 0.9748, 3.4788 5.3346 0.9431, 3.4951 5.3346 0.9441, 3.5512 5.3346 0.9376, 3.6041 5.3346 0.9175, 3.6496 5.3346 0.886, 3.6593 5.3346 0.8769, 3.7273 5.3346 0.7152, 3.6938 5.3346 0.8333, 3.711 5.3346 0.7952, 3.7169 5.3346 0.7823, 3.7251 5.3346 0.738, 3.7268 5.3346 0.7288, 3.7228 5.3346 0.6763, 3.7233 5.3346 0.6802, 3.7208 5.3346 0.6594, 3.7008 5.3346 0.6063, 3.6687 5.3346 0.5596, 3.6245 5.3346 0.5214, 3.5732 5.3346 0.496, 3.5553 5.3346 0.4905, 3.5412 5.3346 0.4599, 3.5202 5.3346 0.4336, 3.4925 5.3346 0.4124, 3.4598 5.3346 0.3984, 3.4262 5.3346 0.3929, 3.4208 5.3346 0.3928, 3.3863 5.3346 0.3968, 3.3545 5.3346 0.4087, 3.326 5.3346 0.4283, 3.304 5.3346 0.4526, 3.2869 5.3346 0.4842, 3.2783 5.3346 0.5193, 3.2774 5.3346 0.5341, 3.2773 5.3346 0.5483, 3.0774 5.3346 0.6522, 3.0912 5.3346 0.6763, 3.0934 5.3346 0.6802, 3.1209 5.3346 0.728, 3.2215 5.3346 0.6763, 3.3123 5.3346 0.6297, 3.214 5.3346 0.6802, 3.4187 5.3346 0.6788, 3.3371 5.3346 0.6525, 3.3671 5.3346 0.6689, 3.396 5.3346 0.6763, 3.4014 5.3346 0.6777, 3.4405 5.3346 0.6763, 3.4528 5.3346 0.6749, 3.4843 5.3346 0.6631, 3.5135 5.3346 0.6431, 3.5372 5.3346 0.6163, 3.5532 5.3346 0.5858, 3.6318 5.3346 0.6802, 3.6306 5.3346 0.6763, 3.6261 5.3346 0.6605, 3.6094 5.3346 0.6316, 3.5841 5.3346 0.6052, 3.6361 5.3346 0.6954, 3.6376 5.3346 0.7174, 3.635 5.3346 0.738, 3.6332 5.3346 0.7518, 3.6207 5.3346 0.7835, 3.6124 5.3346 0.7952, 3.6008 5.3346 0.8117, 3.5762 5.3346 0.8333, 3.5443 5.3346 0.8499, 3.5091 5.3346 0.858, 3.4943 5.3346 0.8587, 3.461 5.3346 0.8543, 3.4291 5.3346 0.8424, 3.419 5.3346 0.8368, 3.397 5.3346 0.8817, 3.3648 5.3346 0.9196, 3.3264 5.3346 0.9472, 3.2798 5.3346 0.9657, 3.2274 5.3346 0.9721, 3.0294 5.3346 0.7928, 3.0299 5.3346 0.7952, 3.0378 5.3346 0.8325, 3.0595 5.3346 0.8785, 3.0913 5.3346 0.9171, 3.0949 5.3346 0.9204, 3.1346 5.3346 0.9484, 3.1792 5.3346 0.9658, 3.018 5.3346 0.7927, 2.991 5.3346 0.7892, 2.9662 5.3346 0.7794, 2.9442 5.3346 0.7638, 2.928 5.3346 0.7454, 2.924 5.3346 0.738, 2.9149 5.3346 0.7208, 2.9084 5.3346 0.6934, 2.9078 5.3346 0.6809, 2.9079 5.3346 0.6802, 2.9084 5.3346 0.6763, 2.9114 5.3346 0.6532, 2.9214 5.3346 0.6279, 2.9372 5.3346 0.6058, 2.9391 5.3346 0.6038, 2.9603 5.3346 0.5868, 2.9854 5.3346 0.5753, 3.011 5.3346 0.5706, 3.0751 5.3346 0.5711, 3.078 5.3346 0.5715, 3.0822 5.3346 0.5724, 3.0836 5.3346 0.5726, 3.0946 5.3346 0.5712, 3.1044 5.3346 0.5674, 3.1132 5.3346 0.5613, 3.1192 5.3346 0.5548, 3.1247 5.3346 0.5452, 3.1276 5.3346 0.5344, 3.128 5.3346 0.5287, 3.1268 5.3346 0.5181, 3.1231 5.3346 0.5085, 3.1169 5.3346 0.4995, 3.1137 5.3346 0.4961, 3.1045 5.3346 0.4895, 3.0951 5.3346 0.4857, 3.0871 5.3346 0.4843, 3.0031 5.3346 0.4837, 2.9557 5.3346 0.4934, 2.9121 5.3346 0.5144, 2.8731 5.3346 0.5469, 2.8446 5.3346 0.586, 2.8264 5.3346 0.6309, 2.8203 5.3346 0.6763, 2.8197 5.3346 0.6802, 3.4208 5.3346 0.5892, 3.4109 5.3346 0.5882, 3.3976 5.3346 0.5839, 3.3859 5.3346 0.5764, 3.3764 5.3346 0.5665, 3.3699 5.3346 0.5549, 3.3663 5.3346 0.5419, 3.366 5.3346 0.5281, 3.3692 5.3346 0.5144, 3.3756 5.3346 0.5021, 3.3844 5.3346 0.4922, 3.3953 5.3346 0.4846, 3.4077 5.3346 0.4798, 3.4216 5.3346 0.4782, 3.424 5.3346 0.4782, 3.4368 5.3346 0.4804, 3.4496 5.3346 0.486, 3.4604 5.3346 0.4945, 3.4682 5.3346 0.5042, 3.4739 5.3346 0.5161, 3.4765 5.3346 0.5295, 3.4759 5.3346 0.5433, 3.4717 5.3346 0.5567, 3.4644 5.3346 0.5685, 3.4583 5.3346 0.575, 3.4471 5.3346 0.5827, 3.4346 5.3346 0.5875
            ]
        }
        coordIndex [
            0,1,2,-1,3,4,5,-1,6,7,3,-1,8,9,10,-1,11,12,13,-1,14,15,2,-1,2,15,16,-1,2,16,0,-1,10,9,17,-1,7,18,3,-1,3,18,19,-1,3,19,20,-1,19,21,20,-1,20,21,22,-1,20,22,23,-1,23,22,24,-1,25,26,27,-1,27,26,28,-1,27,28,29,-1,29,28,30,-1,29,30,31,-1,31,30,32,-1,31,32,33,-1,33,32,2,-1,33,2,34,-1,35,36,25,-1,25,36,37,-1,25,37,26,-1,38,39,40,-1,40,39,41,-1,40,41,42,-1,42,41,43,-1,42,43,44,-1,44,43,45,-1,11,13,46,-1,46,13,47,-1,46,47,48,-1,48,47,49,-1,48,49,50,-1,9,51,17,-1,17,51,52,-1,17,52,53,-1,53,52,54,-1,53,54,11,-1,11,54,55,-1,11,55,12,-1,56,57,58,-1,58,57,59,-1,58,59,60,-1,60,59,61,-1,60,61,62,-1,62,61,63,-1,62,63,64,-1,64,63,65,-1,64,65,66,-1,6,3,67,-1,67,3,5,-1,67,5,25,-1,25,5,68,-1,25,68,35,-1,43,69,45,-1,45,69,70,-1,45,70,71,-1,71,70,72,-1,71,72,73,-1,73,72,74,-1,73,74,75,-1,75,74,76,-1,75,76,77,-1,77,76,78,-1,77,78,79,-1,79,78,80,-1,79,80,56,-1,56,80,81,-1,56,81,57,-1,82,83,84,-1,84,83,85,-1,84,85,40,-1,40,85,86,-1,40,86,38,-1,87,88,89,-1,89,88,90,-1,89,90,91,-1,91,90,92,-1,91,92,93,-1,93,92,94,-1,93,94,95,-1,95,94,96,-1,95,96,14,-1,14,96,97,-1,14,97,15,-1,98,99,1,-1,1,99,100,-1,1,100,2,-1,2,100,101,-1,2,101,34,-1,50,49,102,-1,102,49,103,-1,102,103,104,-1,104,103,105,-1,104,105,106,-1,106,105,107,-1,106,107,108,-1,108,107,109,-1,108,109,82,-1,82,109,110,-1,82,110,83,-1,10,111,8,-1,8,111,112,-1,8,112,113,-1,113,112,114,-1,113,114,115,-1,115,114,116,-1,115,116,87,-1,87,116,117,-1,87,117,88,-1,98,1,118,-1,118,1,119,-1,118,119,120,-1,120,119,121,-1,120,121,122,-1,122,121,123,-1,122,123,124,-1,124,123,125,-1,124,125,126,-1,126,125,127,-1,126,127,128,-1,128,127,129,-1,128,129,130,-1,130,129,131,-1,130,131,132,-1,132,131,133,-1,132,133,134,-1,134,133,135,-1,134,135,24,-1,24,135,136,-1,24,136,23,-1,137,138,139,-1,65,140,66,-1,66,140,137,-1,66,137,141,-1,141,137,139,-1,142,143,137,-1,137,143,144,-1,137,144,138,-1,145,146,147,-1,146,148,147,-1,147,148,149,-1,147,149,150,-1,142,137,147,-1,147,137,151,-1,147,151,145,-1,75,152,153,-1,154,45,71,-1,75,153,73,-1,73,153,155,-1,73,155,71,-1,71,155,156,-1,71,156,154,-1,154,157,45,-1,45,157,158,-1,45,158,44,-1,44,158,159,-1,44,159,42,-1,42,159,160,-1,42,160,40,-1,40,160,161,-1,40,161,84,-1,84,161,162,-1,84,162,82,-1,82,162,163,-1,82,163,108,-1,163,164,108,-1,108,164,165,-1,108,165,106,-1,106,165,166,-1,106,166,104,-1,104,166,167,-1,104,167,102,-1,102,167,168,-1,102,168,50,-1,50,168,169,-1,50,169,48,-1,170,11,46,-1,48,169,171,-1,48,171,46,-1,46,171,172,-1,46,172,170,-1,11,170,173,-1,11,173,53,-1,53,173,174,-1,53,174,17,-1,17,174,175,-1,17,175,10,-1,10,175,176,-1,10,176,111,-1,111,176,177,-1,111,177,112,-1,112,177,178,-1,112,178,114,-1,179,90,88,-1,114,178,180,-1,114,180,116,-1,116,180,181,-1,116,181,117,-1,181,182,117,-1,117,182,183,-1,117,183,88,-1,88,183,184,-1,88,184,179,-1,185,92,186,-1,186,92,90,-1,186,90,179,-1,185,187,92,-1,92,187,188,-1,92,188,94,-1,94,188,189,-1,94,189,96,-1,96,189,190,-1,96,190,97,-1,97,190,191,-1,97,191,15,-1,15,191,192,-1,15,192,16,-1,16,192,193,-1,16,193,0,-1,0,193,194,-1,0,194,1,-1,1,194,195,-1,1,195,119,-1,119,195,196,-1,119,196,121,-1,121,196,197,-1,121,197,123,-1,123,197,198,-1,123,198,125,-1,125,198,199,-1,125,199,127,-1,127,199,200,-1,127,200,129,-1,129,200,201,-1,129,201,131,-1,131,201,202,-1,131,202,133,-1,133,202,203,-1,133,203,135,-1,135,203,204,-1,135,204,136,-1,136,204,205,-1,136,205,23,-1,20,23,206,-1,206,23,205,-1,3,20,207,-1,207,20,206,-1,207,208,3,-1,3,208,209,-1,3,209,4,-1,4,209,210,-1,211,212,5,-1,211,5,213,-1,213,5,4,-1,213,4,210,-1,214,37,36,-1,5,212,215,-1,5,215,68,-1,68,215,216,-1,68,216,35,-1,35,216,217,-1,35,217,36,-1,36,217,218,-1,36,218,214,-1,26,37,219,-1,219,37,214,-1,219,220,26,-1,26,220,221,-1,26,221,28,-1,28,221,222,-1,28,222,30,-1,30,222,223,-1,30,223,32,-1,32,223,224,-1,32,224,2,-1,225,91,226,-1,226,91,93,-1,226,93,227,-1,227,93,95,-1,227,95,228,-1,228,95,14,-1,228,14,229,-1,229,14,2,-1,229,2,224,-1,225,230,91,-1,91,230,231,-1,91,231,89,-1,87,89,232,-1,232,89,231,-1,232,233,87,-1,87,233,234,-1,87,234,115,-1,115,234,235,-1,115,235,113,-1,235,236,113,-1,113,236,237,-1,113,237,8,-1,8,237,238,-1,8,238,9,-1,9,238,239,-1,9,239,51,-1,51,239,240,-1,51,240,52,-1,52,240,241,-1,52,241,54,-1,54,241,242,-1,54,242,55,-1,55,242,243,-1,55,243,12,-1,12,243,244,-1,12,244,13,-1,13,244,245,-1,13,245,47,-1,47,245,246,-1,47,246,49,-1,49,246,247,-1,49,247,103,-1,103,247,248,-1,103,248,105,-1,249,38,250,-1,250,38,86,-1,250,86,251,-1,251,86,85,-1,251,85,252,-1,252,85,83,-1,252,83,253,-1,253,83,110,-1,253,110,254,-1,254,110,109,-1,254,109,255,-1,255,109,107,-1,255,107,256,-1,256,107,105,-1,256,105,248,-1,39,38,257,-1,257,38,249,-1,39,257,258,-1,39,258,41,-1,41,258,259,-1,41,259,43,-1,43,259,260,-1,43,260,69,-1,69,260,261,-1,69,261,70,-1,70,261,262,-1,70,262,72,-1,262,263,72,-1,72,263,264,-1,72,264,74,-1,74,264,265,-1,74,265,76,-1,265,266,76,-1,76,266,267,-1,76,267,78,-1,267,268,78,-1,78,268,269,-1,78,269,80,-1,80,269,270,-1,80,270,81,-1,81,270,271,-1,81,271,57,-1,57,271,272,-1,57,272,59,-1,59,272,273,-1,59,273,61,-1,61,273,274,-1,61,274,63,-1,65,63,275,-1,275,63,274,-1,65,275,276,-1,65,276,140,-1,140,276,277,-1,140,277,137,-1,137,277,278,-1,137,278,151,-1,151,278,279,-1,151,279,145,-1,145,279,280,-1,145,280,146,-1,146,280,281,-1,146,281,148,-1,148,281,282,-1,148,282,149,-1,149,282,283,-1,149,283,150,-1,150,283,284,-1,150,284,147,-1,147,284,285,-1,147,285,142,-1,142,285,286,-1,142,286,143,-1,143,286,287,-1,143,287,144,-1,144,287,288,-1,144,288,138,-1,138,288,289,-1,138,289,139,-1,139,289,290,-1,139,290,141,-1,141,290,291,-1,141,291,66,-1,66,291,292,-1,66,292,64,-1,62,64,293,-1,293,64,292,-1,62,293,294,-1,62,294,60,-1,60,294,295,-1,60,295,58,-1,58,295,296,-1,58,296,56,-1,56,296,297,-1,56,297,79,-1,79,297,298,-1,79,298,77,-1,77,298,299,-1,77,299,75,-1,75,299,300,-1,75,300,152,-1,67,301,302,-1,67,302,6,-1,6,302,303,-1,6,303,7,-1,7,303,304,-1,7,304,18,-1,18,304,305,-1,18,305,19,-1,19,305,306,-1,19,306,21,-1,21,306,307,-1,21,307,22,-1,22,307,308,-1,22,308,24,-1,24,308,309,-1,24,309,134,-1,134,309,310,-1,134,310,132,-1,132,310,311,-1,132,311,130,-1,130,311,312,-1,130,312,128,-1,128,312,313,-1,128,313,126,-1,126,313,314,-1,126,314,124,-1,124,314,315,-1,124,315,122,-1,122,315,316,-1,122,316,120,-1,120,316,317,-1,120,317,118,-1,118,317,318,-1,118,318,98,-1,98,318,319,-1,98,319,99,-1,99,319,320,-1,99,320,100,-1,100,320,321,-1,100,321,101,-1,101,321,322,-1,101,322,34,-1,34,322,323,-1,34,323,33,-1,33,323,324,-1,33,324,31,-1,31,324,325,-1,31,325,29,-1,29,325,326,-1,29,326,27,-1,27,326,327,-1,27,327,25,-1,25,327,301,-1,25,301,67,-1,
        ]
    }
}
Shape{
    appearance Appearance {
        material  Material 	{
            diffuseColor 0.2235294117647059 0.2235294117647059 0.2235294117647059
            specularColor 0.11372549019607843 0.11372549019607843 0.11372549019607843
            ambientIntensity 0.2235
            transparency 0.0
            shininess 0.5
        }
    }
    geometry IndexedFaceSet {
        ccw TRUE
        solid FALSE
        coord DEF co Coordinate {
            point [
                3.424 5.3346 0.4782, 3.4583 5.3346 0.575, 3.4644 5.3346 0.5685, 3.4077 5.3346 0.4798, 3.3953 5.3346 0.4846, 3.4109 5.3346 0.5882, 3.4208 5.3346 0.5892, 3.4346 5.3346 0.5875, 3.4471 5.3346 0.5827, 3.4739 5.3346 0.5161, 3.4682 5.3346 0.5042, 3.4604 5.3346 0.4945, 3.4216 5.3346 0.4782, 3.3699 5.3346 0.5549, 3.3764 5.3346 0.5665, 3.3756 5.3346 0.5021, 3.3859 5.3346 0.5764, 3.4717 5.3346 0.5567, 3.4759 5.3346 0.5433, 3.4765 5.3346 0.5295, 3.4496 5.3346 0.486, 3.4368 5.3346 0.4804, 3.3844 5.3346 0.4922, 3.3976 5.3346 0.5839, 3.3692 5.3346 0.5144, 3.366 5.3346 0.5281, 3.3663 5.3346 0.5419
            ]
        }
        coordIndex [
            0,1,2,-1,3,4,5,-1,6,7,0,-1,0,7,8,-1,0,8,1,-1,9,10,2,-1,2,10,11,-1,6,0,5,-1,5,0,12,-1,5,12,3,-1,13,14,15,-1,15,14,16,-1,17,18,2,-1,2,18,19,-1,2,19,9,-1,11,20,2,-1,2,20,21,-1,2,21,0,-1,4,22,5,-1,5,22,15,-1,5,15,23,-1,23,15,16,-1,24,25,15,-1,15,25,26,-1,15,26,13,-1,
        ]
    }
}
Shape{
    appearance Appearance {
        material  Material 	{
            diffuseColor 0.8509803921568627 0.8509803921568627 0.8509803921568627
            specularColor 0.4235294117647059 0.4235294117647059 0.4235294117647059
            ambientIntensity 0.851
            transparency 0.0
            shininess 0.5
        }
    }
    geometry IndexedFaceSet {
        ccw TRUE
        solid FALSE
        coord DEF co Coordinate {
            point [
                3.0003 -3.3102 3.7066, 2.9994 -3.2867 3.6989, 3.0307 -3.1124 4.2247, 3.0381 -3.2993 4.2862, 3.0068 -3.4735 3.7604, 3.005 -3.4276 3.7453, 3.0031 -3.3806 3.7298, 3.0022 -3.3571 3.7221, 3.0012 -3.3336 3.7143, 2.5953 -3.3072 4.3152, 2.5888 -3.1429 4.2611, 2.5883 -3.1311 4.2572, 2.5879 -3.1204 4.2537, 2.5897 -3.1665 4.2689, 2.5906 -3.1902 4.2767, 2.5916 -3.2138 4.2844, 2.5864 -3.3083 4.3125, 2.9918 -3.481 3.7336, 2.9918 -3.481 3.7336, 2.575 -3.3085 4.3087, 2.5509 -3.3089 4.3008, 2.977 -3.4848 3.7059, 2.5391 -3.3072 4.2964, 2.9497 -3.4797 3.6956, 2.9497 -3.4797 3.6956, 2.5291 -3.3058 4.2927, 2.9234 -3.4711 3.6849, 2.5174 -3.3041 4.2884, 2.4853 -3.2941 4.2754, 2.5733 -3.1166 4.2647, 2.5707 -3.1157 4.2666, 2.5683 -3.1267 4.2681, 2.5358 -3.2076 4.2776, 2.5222 -3.2029 4.2754, 2.5788 -3.2142 4.2833, 2.5498 -3.2111 4.2797, 2.5827 -3.119 4.2576, 2.5822 -3.1301 4.2606, 2.5808 -3.1661 4.2703, 2.5798 -3.1901 4.2768, 2.5642 -3.2133 4.2816, 2.5551 -3.187 4.2764, 2.5674 -3.1891 4.2767, 2.5604 -3.1629 4.2731, 2.5705 -3.1649 4.2718, 2.5737 -3.1407 4.2669, 2.5817 -3.1421 4.2638, 2.5591 -3.1116 4.2754, 2.5548 -3.122 4.2754, 2.5579 -3.1364 4.2726, 2.5502 -3.1336 4.2754, 2.5408 -3.1567 4.2754, 2.5315 -3.1798 4.2754, 2.5432 -3.1839 4.276, 2.5505 -3.1602 4.2743, 2.5657 -3.1388 4.2698, -1.8613 -3.4276 3.7453, -1.8632 -3.4735 3.7604, -1.8945 -3.2993 4.2862, -1.8871 -3.1124 4.2247, -1.8558 -3.2867 3.6989, -1.8567 -3.3102 3.7066, -1.8576 -3.3336 3.7143, -1.8586 -3.3571 3.7221, -1.8595 -3.3806 3.7298, -1.4516 -3.3072 4.3152, -1.4174 -3.3093 4.3043, -1.414 -3.309 4.3031, -1.8482 -3.481 3.7336, -1.8482 -3.481 3.7336, -1.8152 -3.4814 3.699, -1.4056 -3.3082 4.3, -1.8334 -3.4848 3.7059, -1.8432 -3.4822 3.7244, -1.8061 -3.4797 3.6956, -1.7797 -3.4711 3.6849, -1.3417 -3.2941 4.2754, -1.3499 -3.2972 4.2788, -1.3606 -3.3 4.2831, -1.8061 -3.4797 3.6956, -1.3772 -3.3044 4.2896, -1.3836 -3.3061 4.2921, -1.4479 -3.2138 4.2844, -1.4461 -3.1665 4.2689, -1.4451 -3.1429 4.2611, -1.4447 -3.1311 4.2572, -1.4442 -3.1204 4.2537, -1.447 -3.1902 4.2767, -1.4297 -3.1166 4.2647, -1.4324 -3.1173 4.2627, -1.4308 -3.1284 4.2648, -1.4346 -3.1179 4.261, -1.3786 -3.2029 4.2754, -1.3905 -3.2071 4.2774, -1.4045 -3.2108 4.2795, -1.4334 -3.2141 4.2831, -1.425 -3.115 4.2683, -1.4154 -3.1116 4.2754, -1.4205 -3.1134 4.2716, -1.4112 -3.122 4.2754, -1.4171 -3.1243 4.2723, -1.4065 -3.1336 4.2754, -1.3972 -3.1567 4.2754, -1.4057 -3.1598 4.2744, -1.3879 -3.1798 4.2754, -1.3981 -3.1834 4.2759, -1.4189 -3.2131 4.2814, -1.4223 -3.1889 4.2767, -1.4101 -3.1867 4.2764, -1.4257 -3.1647 4.2719, -1.4156 -3.1626 4.2732, -1.4211 -3.1385 4.2701, -1.4133 -3.1361 4.273, -1.4371 -3.1419 4.2642, -1.4291 -3.1405 4.2672, -1.4359 -3.166 4.2705, -1.4346 -3.1901 4.2768, 2.546 -3.1063 4.2754, -1.3286 -3.2888 4.2754, -1.4024 -3.1063 4.2754, 2.4723 -3.2888 4.2754, 2.4686 -3.2878 4.2754, 2.5062 -3.0945 4.2754, 2.4649 -3.2874 4.2754, 2.4649 -3.0906 4.2754, -1.3213 -3.2874 4.2754, -1.3213 -3.0906 4.2754, -1.325 -3.2878 4.2754, -1.3626 -3.0945 4.2754, -1.8576 -3.3336 2.9269, -1.8871 -3.1124 3.4373, -1.8567 -3.3102 2.9192, -1.8558 -3.2867 2.9115, -1.8586 -3.3571 2.9347, -1.8595 -3.3806 2.9424, -1.8945 -3.2993 3.4988, -1.8613 -3.4276 2.9579, -1.8632 -3.4735 2.973, -1.4516 -3.3072 3.5278, -1.4479 -3.2138 3.497, -1.4461 -3.1665 3.4815, -1.4451 -3.1429 3.4737, -1.4447 -3.1311 3.4698, -1.4442 -3.1204 3.4663, -1.447 -3.1902 3.4893, -1.8558 -3.2867 2.1241, -1.8567 -3.3102 2.1318, -1.8871 -3.1124 2.6499, -1.8576 -3.3336 2.1395, -1.8586 -3.3571 2.1473, -1.8595 -3.3806 2.155, -1.8945 -3.2993 2.7114, -1.8613 -3.4276 2.1705, -1.8632 -3.4735 2.1856, -1.4447 -3.1311 2.6824, -1.4442 -3.1204 2.6789, -1.447 -3.1902 2.7019, -1.4461 -3.1665 2.6941, -1.4451 -3.1429 2.6863, -1.4479 -3.2138 2.7096, -1.4516 -3.3072 2.7404, -1.8613 -3.4276 1.3831, -1.8632 -3.4735 1.3982, -1.8945 -3.2993 1.924, -1.8871 -3.1124 1.8625, -1.8558 -3.2867 1.3367, -1.8567 -3.3102 1.3444, -1.8576 -3.3336 1.3521, -1.8586 -3.3571 1.3599, -1.8595 -3.3806 1.3676, -1.4442 -3.1204 1.8915, -1.4447 -3.1311 1.895, -1.4451 -3.1429 1.8989, -1.4516 -3.3072 1.953, -1.4479 -3.2138 1.9222, -1.447 -3.1902 1.9144, -1.4461 -3.1665 1.9067, 2.5879 -3.1204 1.8915, 2.5883 -3.1311 1.895, 3.0307 -3.1124 1.8625, 2.5888 -3.1429 1.8989, 2.5897 -3.1665 1.9067, 2.5953 -3.3072 1.953, 3.0381 -3.2993 1.924, 2.5916 -3.2138 1.9222, 2.5906 -3.1902 1.9144, 3.0003 -3.3102 1.3444, 2.9994 -3.2867 1.3367, 3.0068 -3.4735 1.3982, 3.005 -3.4276 1.3831, 3.0031 -3.3806 1.3676, 3.0022 -3.3571 1.3599, 3.0012 -3.3336 1.3521, 2.5879 -3.1204 2.6789, 2.5883 -3.1311 2.6824, 3.0307 -3.1124 2.6499, 2.5888 -3.1429 2.6863, 2.5953 -3.3072 2.7404, 3.0381 -3.2993 2.7114, 2.5916 -3.2138 2.7096, 2.5897 -3.1665 2.6941, 3.0003 -3.3102 2.1318, 2.9994 -3.2867 2.1241, 3.0068 -3.4735 2.1856, 3.005 -3.4276 2.1705, 3.0031 -3.3806 2.155, 3.0022 -3.3571 2.1473, 3.0012 -3.3336 2.1395, 2.5879 -3.1204 3.4663, 2.5883 -3.1311 3.4698, 3.0307 -3.1124 3.4373, 2.5888 -3.1429 3.4737, 2.5953 -3.3072 3.5278, 3.0381 -3.2993 3.4988, 2.5916 -3.2138 3.497, 2.5897 -3.1665 3.4815, 2.5906 -3.1902 3.4893, 3.0003 -3.3102 2.9192, 2.9994 -3.2867 2.9115, 3.0012 -3.3336 2.9269, 3.0068 -3.4735 2.973, 3.005 -3.4276 2.9579, 3.0031 -3.3806 2.9424, 3.0022 -3.3571 2.9347, -1.8432 -3.4822 2.937, -1.8482 -3.481 2.9462, -1.8515 -3.4342 2.9346, -1.8482 -3.481 2.9462, -1.86 -3.3143 2.9051, -1.8583 -3.3383 2.911, -1.8566 -3.3622 2.9169, -1.8549 -3.3862 2.9228, -1.8678 -3.2936 2.8867, -1.8617 -3.2903 2.8991, -1.8334 -3.4848 2.9185, -1.8418 -3.4379 2.9107, -1.8505 -3.3898 2.9027, -1.8548 -3.3658 2.8987, -1.8591 -3.3417 2.8947, -1.8634 -3.3177 2.8907, -1.8656 -3.3056 2.8887, -1.403 -3.3086 3.5118, -1.3772 -3.3043 3.5022, -1.4052 -3.2109 3.4922, -1.4124 -3.1358 3.4859, -1.4065 -3.16 3.4869, -1.4046 -3.1594 3.4872, -1.3991 -3.1838 3.4885, -1.3889 -3.2066 3.4897, -1.3917 -3.2075 3.4901, -1.3741 -3.2514 3.4921, -1.358 -3.2999 3.4947, -1.3623 -3.3011 3.4965, -1.3684 -3.3028 3.4989, -1.414 -3.3089 3.5156, -1.4056 -3.3087 3.5127, -1.419 -3.2131 3.494, -1.4334 -3.2141 3.4957, -1.4272 -3.3093 3.5202, -1.421 -3.1137 3.4838, -1.4297 -3.1166 3.4773, -1.4308 -3.1284 3.4774, -1.432 -3.1173 3.4756, -1.4324 -3.1174 3.4753, -1.4223 -3.1889 3.4893, -1.4106 -3.1868 3.489, -1.4257 -3.1647 3.4845, -1.416 -3.1627 3.4858, -1.4215 -3.1386 3.4826, -1.4139 -3.1363 3.4853, -1.4176 -3.1245 3.4845, -1.4163 -3.124 3.4853, -1.4198 -3.1133 3.4847, -1.4371 -3.1419 3.4768, -1.4346 -3.1901 3.4894, -1.4359 -3.166 3.4831, -1.4291 -3.1405 3.4798, -1.8152 -3.4814 2.9116, -1.8061 -3.4797 2.9082, -1.8606 -3.2913 2.8921, -1.8571 -3.3031 2.8931, -1.8537 -3.315 2.8941, -1.8469 -3.3387 2.8962, -1.84 -3.3624 2.8982, -1.8331 -3.3861 2.9002, -1.8061 -3.4797 2.9082, -1.8535 -3.2886 2.8975, -1.8488 -3.3 2.8975, -1.8442 -3.3115 2.8975, -1.8349 -3.3345 2.8975, -1.8257 -3.3574 2.8975, -1.8164 -3.3804 2.8975, -1.7797 -3.4711 2.8975, -1.4174 -3.1124 3.4866, -1.4198 -3.1133 3.4848, -1.4162 -3.124 3.4853, -1.3577 -3.2998 3.4946, -1.3887 -3.2065 3.4897, -1.3966 -3.1829 3.4884, -1.4046 -3.1594 3.4872, -1.4044 -3.1593 3.4872, -1.4123 -3.1358 3.4859, -1.3496 -3.2971 3.4915, -1.3492 -3.2969 3.4913, -1.366 -3.2514 3.4901, -1.4151 -3.1115 3.4885, -1.4174 -3.1124 3.4866, -1.4109 -3.1219 3.4885, -1.4135 -3.1229 3.4869, -1.4062 -3.1335 3.4885, -1.4092 -3.1346 3.4872, -1.3969 -3.1565 3.4885, -1.4005 -3.158 3.4878, -1.3876 -3.1796 3.4885, -1.3919 -3.1813 3.4883, -1.3782 -3.2027 3.4885, -1.3833 -3.2047 3.4889, -1.3596 -3.2489 3.4885, -1.3414 -3.294 3.4885, -1.8432 -3.4822 2.1496, -1.8482 -3.481 2.1588, -1.8515 -3.4342 2.1472, -1.8482 -3.481 2.1588, -1.86 -3.3143 2.1177, -1.8583 -3.3383 2.1236, -1.8566 -3.3622 2.1295, -1.8549 -3.3862 2.1354, -1.8638 -3.2914 2.1076, -1.8617 -3.2903 2.1117, -1.8334 -3.4848 2.1311, -1.8418 -3.4379 2.1233, -1.8505 -3.3898 2.1153, -1.8548 -3.3658 2.1113, -1.8591 -3.3417 2.1073, -1.8634 -3.3177 2.1033, -1.8656 -3.3056 2.1013, -1.8678 -3.2936 2.0993, -1.432 -3.1173 2.6882, -1.4324 -3.1174 2.6879, -1.4308 -3.1284 2.69, -1.4346 -3.118 2.6862, -1.403 -3.3086 2.7244, -1.3772 -3.3043 2.7148, -1.4052 -3.2109 2.7048, -1.416 -3.125 2.6979, -1.4163 -3.124 2.6979, -1.4176 -3.1245 2.6971, -1.4198 -3.1133 2.6973, -1.421 -3.1137 2.6964, -1.4065 -3.16 2.6995, -1.4046 -3.1594 2.6998, -1.4121 -3.1366 2.6985, -1.3623 -3.3011 2.7091, -1.358 -3.2999 2.7073, -1.3889 -3.2066 2.7023, -1.3684 -3.3028 2.7115, -1.3917 -3.2075 2.7027, -1.3991 -3.1838 2.7011, -1.3966 -3.1833 2.7011, -1.4044 -3.16 2.6998, -1.414 -3.3089 2.7282, -1.4056 -3.3087 2.7253, -1.419 -3.2131 2.7066, -1.4334 -3.2141 2.7083, -1.4272 -3.3093 2.7328, -1.4249 -3.115 2.6935, -1.4223 -3.1889 2.7019, -1.4106 -3.1868 2.7016, -1.4257 -3.1647 2.6971, -1.416 -3.1627 2.6984, -1.4215 -3.1386 2.6952, -1.4139 -3.1363 2.6979, -1.4124 -3.1358 2.6985, -1.4371 -3.1419 2.6894, -1.4346 -3.1901 2.702, -1.4359 -3.166 2.6957, -1.4291 -3.1405 2.6924, -1.8152 -3.4814 2.1242, -1.8061 -3.4797 2.1208, -1.8571 -3.3031 2.1057, -1.8537 -3.315 2.1067, -1.8469 -3.3387 2.1088, -1.84 -3.3624 2.1108, -1.8331 -3.3861 2.1128, -1.8061 -3.4797 2.1208, -1.863 -3.292 2.1029, -1.8606 -3.2913 2.1047, -1.8535 -3.2886 2.1101, -1.8488 -3.3 2.1101, -1.8442 -3.3115 2.1101, -1.8349 -3.3345 2.1101, -1.8257 -3.3574 2.1101, -1.8164 -3.3804 2.1101, -1.7797 -3.4711 2.1101, -1.4133 -3.124 2.6994, -1.409 -3.1355 2.6997, -1.3496 -3.2971 2.7041, -1.3495 -3.2971 2.704, -1.3665 -3.2509 2.7028, -1.4005 -3.1586 2.7003, -1.392 -3.1817 2.701, -1.3835 -3.2047 2.7016, -1.3889 -3.2066 2.7023, -1.3414 -3.294 2.7011, -1.3598 -3.2483 2.7011, -1.3782 -3.2027 2.7011, -1.3875 -3.1799 2.7011, -1.3967 -3.1571 2.7011, -1.4059 -3.1343 2.7011, -1.4105 -3.1229 2.7011, -1.4151 -3.1115 2.7011, -1.4175 -3.1124 2.6991, -1.4174 -3.1124 2.6992, -1.8432 -3.4822 1.3622, -1.8482 -3.481 1.3714, -1.8515 -3.4342 1.3598, -1.8482 -3.481 1.3714, -1.86 -3.3143 1.3303, -1.8583 -3.3383 1.3362, -1.8566 -3.3622 1.3421, -1.8549 -3.3862 1.348, -1.8638 -3.2914 1.3202, -1.8617 -3.2903 1.3243, -1.8334 -3.4848 1.3437, -1.8418 -3.4379 1.3359, -1.8505 -3.3898 1.3279, -1.8548 -3.3658 1.3239, -1.8591 -3.3417 1.3199, -1.8634 -3.3177 1.3159, -1.8656 -3.3056 1.3139, -1.8678 -3.2936 1.3119, -1.432 -3.1173 1.9008, -1.4324 -3.1174 1.9005, -1.4308 -3.1284 1.9026, -1.4346 -3.118 1.8988, -1.403 -3.3086 1.937, -1.3772 -3.3043 1.9274, -1.4052 -3.2109 1.9174, -1.416 -3.125 1.9105, -1.4163 -3.124 1.9105, -1.4176 -3.1245 1.9097, -1.4198 -3.1133 1.9099, -1.421 -3.1137 1.909, -1.4065 -3.16 1.9121, -1.4046 -3.1594 1.9124, -1.4121 -3.1366 1.9111, -1.4044 -3.16 1.9124, -1.3991 -3.1838 1.9137, -1.3889 -3.2066 1.9149, -1.3917 -3.2075 1.9153, -1.3741 -3.2514 1.9173, -1.358 -3.2999 1.9199, -1.3623 -3.3011 1.9217, -1.3684 -3.3028 1.9241, -1.414 -3.3089 1.9408, -1.4056 -3.3087 1.9379, -1.419 -3.2131 1.9192, -1.4334 -3.2141 1.9209, -1.4272 -3.3093 1.9453, -1.4249 -3.115 1.9061, -1.4223 -3.1889 1.9145, -1.4106 -3.1868 1.9142, -1.4257 -3.1647 1.9097, -1.416 -3.1627 1.911, -1.4215 -3.1386 1.9078, -1.4139 -3.1363 1.9105, -1.4124 -3.1358 1.9111, -1.4371 -3.1419 1.902, -1.4346 -3.1901 1.9146, -1.4359 -3.166 1.9083, -1.4291 -3.1405 1.905, -1.4105 -3.1229 1.9137, -1.4151 -3.1115 1.9137, -1.4174 -3.1124 1.9118, -1.3577 -3.2998 1.9198, -1.3887 -3.2065 1.9149, -1.3965 -3.1832 1.9136, -1.4042 -3.1599 1.9124, -1.412 -3.1366 1.9112, -1.4159 -3.1249 1.9106, -1.4198 -3.1133 1.91, -1.3662 -3.2508 1.9153, -1.3598 -3.2483 1.9137, -1.3833 -3.2047 1.9141, -1.3782 -3.2027 1.9137, -1.3918 -3.1816 1.9136, -1.3875 -3.1799 1.9137, -1.4003 -3.1585 1.913, -1.3967 -3.1571 1.9137, -1.4089 -3.1354 1.9124, -1.4059 -3.1343 1.9137, -1.4131 -3.1239 1.9121, -1.3496 -3.2971 1.9167, -1.3492 -3.2969 1.9165, -1.3414 -3.294 1.9137, -1.4174 -3.1124 1.9118, -1.8152 -3.4814 1.3368, -1.8061 -3.4797 1.3334, -1.8571 -3.3031 1.3183, -1.8537 -3.315 1.3193, -1.8469 -3.3387 1.3214, -1.84 -3.3624 1.3234, -1.8331 -3.3861 1.3254, -1.8061 -3.4797 1.3334, -1.863 -3.292 1.3155, -1.8606 -3.2913 1.3173, -1.8535 -3.2886 1.3227, -1.8488 -3.3 1.3227, -1.8442 -3.3115 1.3227, -1.8349 -3.3345 1.3227, -1.8257 -3.3574 1.3227, -1.8164 -3.3804 1.3227, -1.7797 -3.4711 1.3227, 2.5686 -3.115 1.9061, 2.5635 -3.1133 1.9099, 2.5599 -3.124 1.9105, 2.5524 -3.1864 1.9141, 2.5403 -3.1833 1.9136, 2.5467 -3.2104 1.917, 2.5325 -3.2066 1.9149, 2.5016 -3.2999 1.9199, 2.5557 -3.1366 1.9111, 2.5482 -3.1594 1.9124, 2.5582 -3.1623 1.9112, 2.548 -3.16 1.9124, 2.5404 -3.183 1.9136, 2.5639 -3.1383 1.9082, 2.556 -3.1358 1.9111, 2.5739 -3.1282 1.9029, 2.5596 -3.125 1.9105, 2.5755 -3.1173 1.9008, 2.5782 -3.118 1.8988, 2.5756 -3.1173 1.9008, 2.5477 -3.3087 1.9374, 2.5392 -3.3071 1.9342, 2.5474 -3.3086 1.9373, 2.5615 -3.213 1.9191, 2.5765 -3.2141 1.9208, 2.565 -3.1888 1.9145, 2.5778 -3.19 1.9146, 2.5686 -3.1646 1.9098, 2.5791 -3.166 1.9084, 2.5804 -3.1419 1.9021, 2.5721 -3.1404 1.9052, 2.9918 -3.481 1.3714, 2.977 -3.4848 1.3437, 2.9855 -3.4379 1.3359, 2.9918 -3.481 1.3714, 2.9951 -3.4342 1.3598, 2.9985 -3.3862 1.348, 2.9941 -3.3898 1.3279, 3.0002 -3.3622 1.3421, 2.9984 -3.3658 1.3239, 3.002 -3.3383 1.3362, 3.0027 -3.3417 1.3199, 3.0037 -3.3143 1.3303, 3.0071 -3.3177 1.3159, 3.0092 -3.3056 1.3139, 3.0114 -3.2936 1.3119, 3.0074 -3.2914 1.3202, 3.0054 -3.2903 1.3243, 3.0066 -3.292 1.3155, 2.9497 -3.4797 1.3334, 2.9234 -3.4711 1.3227, 2.96 -3.3804 1.3227, 2.9971 -3.2886 1.3227, 3.0042 -3.2913 1.3173, 2.9925 -3.3 1.3227, 3.0008 -3.3031 1.3183, 2.9878 -3.3115 1.3227, 2.9973 -3.315 1.3193, 2.9785 -3.3345 1.3227, 2.9905 -3.3387 1.3214, 2.9693 -3.3574 1.3227, 2.9836 -3.3624 1.3234, 2.9768 -3.3861 1.3254, 2.9497 -3.4797 1.3334, 2.5526 -3.1355 1.9123, 2.5569 -3.124 1.912, 2.5441 -3.1586 1.9129, 2.5356 -3.1817 1.9135, 2.5325 -3.2066 1.9149, 2.5271 -3.2047 1.9142, 2.5101 -3.2509 1.9154, 2.4931 -3.2971 1.9166, 2.4933 -3.2971 1.9167, 2.5611 -3.1124 1.9117, 2.5587 -3.1115 1.9137, 2.5541 -3.1229 1.9137, 2.5495 -3.1343 1.9137, 2.5403 -3.1571 1.9137, 2.5311 -3.1799 1.9137, 2.5219 -3.2027 1.9137, 2.5034 -3.2483 1.9137, 2.485 -3.294 1.9137, 2.5793 -3.1417 2.6899, 2.587 -3.1427 2.687, 2.5867 -3.1309 2.6833, 2.5883 -3.214 2.7094, 2.5756 -3.1173 2.6882, 2.5752 -3.1172 2.6885, 2.5735 -3.1282 2.6905, 2.5686 -3.115 2.6935, 2.5635 -3.1133 2.6973, 2.5599 -3.124 2.6979, 2.5782 -3.118 2.6862, 2.5607 -3.2129 2.7064, 2.5477 -3.3087 2.7248, 2.5745 -3.214 2.708, 2.5577 -3.3084 2.7281, 2.5902 -3.3074 2.7387, 2.5325 -3.2066 2.7023, 2.5016 -3.2999 2.7073, 2.5465 -3.2104 2.7044, 2.521 -3.3036 2.7147, 2.5462 -3.3084 2.7243, 2.5879 -3.1902 2.7019, 2.5717 -3.1403 2.6928, 2.5865 -3.1201 2.6799, 2.5522 -3.1864 2.7015, 2.5404 -3.183 2.701, 2.5403 -3.1833 2.7011, 2.5761 -3.1899 2.702, 2.5644 -3.1887 2.7018, 2.5557 -3.1366 2.6985, 2.5482 -3.1594 2.6998, 2.558 -3.1623 2.6986, 2.548 -3.16 2.6998, 2.5596 -3.125 2.6979, 2.556 -3.1358 2.6985, 2.5638 -3.1383 2.6957, 2.5874 -3.1665 2.6945, 2.5777 -3.1658 2.696, 2.568 -3.1645 2.6973, 3.0066 -3.292 2.1029, 3.0114 -3.2936 2.0993, 3.0092 -3.3056 2.1013, 2.9497 -3.4797 2.1208, 2.9234 -3.4711 2.1101, 2.96 -3.3804 2.1101, 2.9971 -3.2886 2.1101, 3.0042 -3.2913 2.1047, 2.9925 -3.3 2.1101, 3.0008 -3.3031 2.1057, 2.9878 -3.3115 2.1101, 2.9973 -3.315 2.1067, 2.9785 -3.3345 2.1101, 2.9905 -3.3387 2.1088, 2.9693 -3.3574 2.1101, 2.9836 -3.3624 2.1108, 2.9768 -3.3861 2.1128, 2.9497 -3.4797 2.1208, 3.0071 -3.3177 2.1033, 3.0027 -3.3417 2.1073, 2.9984 -3.3658 2.1113, 2.9941 -3.3898 2.1153, 2.9855 -3.4379 2.1233, 2.9588 -3.4814 2.1242, 2.977 -3.4848 2.1311, 2.9869 -3.4822 2.1496, 2.9951 -3.4342 2.1472, 2.9918 -3.481 2.1588, 2.9918 -3.481 2.1588, 2.9985 -3.3862 2.1354, 3.0002 -3.3622 2.1295, 3.002 -3.3383 2.1236, 3.0037 -3.3143 2.1177, 3.0074 -3.2914 2.1076, 3.0054 -3.2903 2.1117, 2.5611 -3.1124 2.6992, 2.5587 -3.1115 2.7011, 2.5541 -3.1229 2.7011, 2.5526 -3.1355 2.6997, 2.5569 -3.124 2.6994, 2.5441 -3.1586 2.7003, 2.5356 -3.1817 2.701, 2.5325 -3.2066 2.7023, 2.5271 -3.2047 2.7016, 2.5101 -3.2509 2.7028, 2.4931 -3.2971 2.704, 2.4933 -3.2971 2.7041, 2.5611 -3.1124 2.6991, 2.5495 -3.1343 2.7011, 2.5403 -3.1571 2.7011, 2.5311 -3.1799 2.7011, 2.5219 -3.2027 2.7011, 2.5034 -3.2483 2.7011, 2.485 -3.294 2.7011, 2.5686 -3.115 3.4809, 2.5635 -3.1133 3.4847, 2.5599 -3.124 3.4853, 2.521 -3.3036 3.5021, 2.5474 -3.3086 3.5121, 2.5615 -3.213 3.4939, 2.5524 -3.1864 3.4889, 2.5403 -3.1833 3.4885, 2.5467 -3.2104 3.4919, 2.5325 -3.2066 3.4897, 2.5016 -3.2999 3.4947, 2.5557 -3.1366 3.4859, 2.5482 -3.1594 3.4872, 2.5582 -3.1623 3.486, 2.548 -3.16 3.4872, 2.5404 -3.183 3.4884, 2.5639 -3.1383 3.483, 2.556 -3.1358 3.4859, 2.5739 -3.1282 3.4777, 2.5596 -3.125 3.4853, 2.5755 -3.1173 3.4756, 2.5782 -3.118 3.4736, 2.5756 -3.1173 3.4756, 2.5577 -3.3084 3.5155, 2.5477 -3.3087 3.5122, 2.5765 -3.2141 3.4956, 2.565 -3.1888 3.4893, 2.5778 -3.19 3.4894, 2.5686 -3.1646 3.4846, 2.5791 -3.166 3.4832, 2.5804 -3.1419 3.4769, 2.5721 -3.1404 3.48, 3.0066 -3.292 2.8903, 3.0114 -3.2936 2.8867, 3.0092 -3.3056 2.8887, 2.9497 -3.4797 2.9082, 2.9234 -3.4711 2.8975, 2.96 -3.3804 2.8975, 2.9971 -3.2886 2.8975, 3.0042 -3.2913 2.8921, 2.9925 -3.3 2.8975, 3.0008 -3.3031 2.8931, 2.9878 -3.3115 2.8975, 2.9973 -3.315 2.8941, 2.9785 -3.3345 2.8975, 2.9905 -3.3387 2.8962, 2.9693 -3.3574 2.8975, 2.9836 -3.3624 2.8982, 2.9768 -3.3861 2.9002, 2.9497 -3.4797 2.9082, 3.0071 -3.3177 2.8907, 3.0027 -3.3417 2.8947, 2.9984 -3.3658 2.8987, 2.9941 -3.3898 2.9027, 2.9855 -3.4379 2.9107, 2.9588 -3.4814 2.9116, 2.977 -3.4848 2.9185, 2.9869 -3.4822 2.937, 2.9951 -3.4342 2.9346, 2.9918 -3.481 2.9462, 2.9918 -3.481 2.9462, 2.9985 -3.3862 2.9228, 3.0002 -3.3622 2.9169, 3.002 -3.3383 2.911, 3.0037 -3.3143 2.9051, 3.0074 -3.2914 2.895, 3.0054 -3.2903 2.8991, 2.5611 -3.1124 3.4866, 2.5587 -3.1115 3.4885, 2.5541 -3.1229 3.4885, 2.5526 -3.1355 3.4871, 2.5569 -3.124 3.4868, 2.5441 -3.1586 3.4877, 2.5356 -3.1817 3.4884, 2.5325 -3.2066 3.4897, 2.5271 -3.2047 3.489, 2.5101 -3.2509 3.4902, 2.4931 -3.2971 3.4914, 2.4933 -3.2971 3.4915, 2.5611 -3.1124 3.4865, 2.5495 -3.1343 3.4885, 2.5403 -3.1571 3.4885, 2.5311 -3.1799 3.4885, 2.5219 -3.2027 3.4885, 2.5034 -3.2483 3.4885, 2.485 -3.294 3.4885, 2.5477 -3.3087 3.5122, 2.5477 -3.3087 2.7248, 2.5477 -3.3087 1.9374, -1.432 -3.1173 3.4756, -1.8606 -3.2913 2.8921, -1.35 -3.2974 2.8975, -1.4237 -3.1149 2.8975, -1.3286 -3.2888 3.4908, -1.3305 -3.2842 3.4908, -1.4024 -3.1063 3.4908, -1.3655 -3.1976 3.4908, -1.3469 -3.2437 3.4908, -1.3375 -3.2668 3.4908, -1.3329 -3.2784 3.4908, -1.4024 -3.1063 2.8948, -1.3655 -3.1976 2.8948, -1.3469 -3.2437 2.8948, -1.3375 -3.2668 2.8948, -1.3329 -3.2784 2.8948, -1.3305 -3.2842 2.8948, -1.3286 -3.2888 2.8948, -1.8606 -3.2913 2.1047, -1.4237 -3.1149 2.1101, -1.35 -3.2974 2.1101, -1.4024 -3.1063 2.7034, -1.3286 -3.2888 2.7034, -1.3305 -3.2842 2.7034, -1.3655 -3.1976 2.7034, -1.3469 -3.2437 2.7034, -1.3375 -3.2668 2.7034, -1.3329 -3.2784 2.7034, -1.4024 -3.1063 2.1074, -1.3655 -3.1976 2.1074, -1.3469 -3.2437 2.1074, -1.3375 -3.2668 2.1074, -1.3329 -3.2784 2.1074, -1.3305 -3.2842 2.1074, -1.3286 -3.2888 2.1074, -1.8606 -3.2913 1.3173, -1.3286 -3.2888 1.916, -1.3305 -3.2842 1.916, -1.4024 -3.1063 1.916, -1.3655 -3.1976 1.916, -1.3469 -3.2437 1.916, -1.3375 -3.2668 1.916, -1.3329 -3.2784 1.916, -1.4024 -3.1063 1.3227, -1.3286 -3.2888 1.3227, 2.546 -3.1063 1.3227, 2.4723 -3.2888 1.3227, 2.4741 -3.2842 1.916, 2.4723 -3.2888 1.916, 2.546 -3.1063 1.916, 2.5091 -3.1976 1.916, 2.4765 -3.2784 1.916, 2.4905 -3.2437 1.916, 2.4811 -3.2668 1.916, 2.5673 -3.1149 2.1101, 2.4936 -3.2974 2.1101, 2.4723 -3.2888 2.1074, 2.4741 -3.2842 2.1074, 2.4765 -3.2784 2.1074, 2.4811 -3.2668 2.1074, 2.4905 -3.2437 2.1074, 2.5091 -3.1976 2.1074, 2.546 -3.1063 2.1074, 2.546 -3.1063 2.7034, 2.4741 -3.2842 2.7034, 2.4723 -3.2888 2.7034, 2.5091 -3.1976 2.7034, 2.4765 -3.2784 2.7034, 2.4905 -3.2437 2.7034, 2.4811 -3.2668 2.7034, 2.5673 -3.1149 2.8975, 2.4936 -3.2974 2.8975, 2.4723 -3.2888 2.8948, 2.4741 -3.2842 2.8948, 2.4765 -3.2784 2.8948, 2.4811 -3.2668 2.8948, 2.4905 -3.2437 2.8948, 2.5091 -3.1976 2.8948, 2.546 -3.1063 2.8948, 2.546 -3.1063 3.4908, 2.5091 -3.1976 3.4908, 2.4723 -3.2888 3.4908, 2.4741 -3.2842 3.4908, 2.4765 -3.2784 3.4908, 2.4905 -3.2437 3.4908, 2.4811 -3.2668 3.4908, -1.3256 -3.2514 3.5011, -1.3266 -3.239 3.5011, -1.3316 -3.2396 3.4978, -1.3232 -3.2824 3.5011, -1.323 -3.2876 3.5012, -1.3222 -3.2875 3.5032, -1.3225 -3.2762 3.5032, -1.3213 -3.2874 3.5053, -1.3268 -3.283 3.495, -1.3257 -3.2879 3.495, -1.325 -3.2878 3.4966, -1.3296 -3.2838 3.4916, -1.328 -3.2886 3.4917, -1.3273 -3.2884 3.4927, -1.3382 -3.0922 3.5016, -1.3623 -3.0945 3.4963, -1.3391 -3.1903 3.4978, -1.3626 -3.0946 3.4963, -1.3479 -3.192 3.495, -1.3699 -3.0967 3.4953, -1.386 -3.1015 3.493, -1.3305 -3.1893 3.5011, -1.3213 -3.189 3.5053, -1.3213 -3.0906 3.5053, -1.3237 -3.2762 3.5011, -1.3247 -3.2638 3.5011, -1.3213 -3.2388 3.5053, -1.3213 -3.2512 3.5053, -1.3213 -3.2637 3.5053, -1.3278 -3.2642 3.4978, -1.331 -3.2648 3.495, -1.3269 -3.2703 3.4978, -1.3296 -3.2709 3.495, -1.3259 -3.2765 3.4978, -1.3423 -3.2163 3.495, -1.3353 -3.2149 3.4978, -1.3286 -3.2142 3.5011, -1.3213 -3.2139 3.5053, -1.3213 -3.2761 3.5053, -1.3297 -3.2519 3.4978, -1.3366 -3.2405 3.495, -1.3567 -3.1944 3.4926, -1.3443 -3.2428 3.4916, -1.3418 -3.2419 3.4926, -1.3359 -3.2662 3.4916, -1.3343 -3.2657 3.4926, -1.3317 -3.2779 3.4916, -1.3305 -3.2776 3.4926, -1.3287 -3.2835 3.4926, -1.3327 -3.2652 3.4938, -1.3294 -3.2772 3.4938, -1.3282 -3.2769 3.495, -1.325 -3.2826 3.4978, -1.3244 -3.2878 3.4979, -1.3338 -3.2527 3.495, -1.3392 -3.2412 3.4938, -1.3288 -3.2835 2.893, -1.3307 -3.2776 2.893, -1.3283 -3.2769 2.8906, -1.3623 -3.0945 2.8892, -1.3535 -3.0936 2.8873, -1.3388 -3.1903 2.8876, -1.325 -3.2878 2.8889, -1.3257 -3.2879 2.8905, -1.3269 -3.283 2.8906, -1.3274 -3.2884 2.8929, -1.3249 -3.2826 2.8876, -1.3244 -3.2878 2.8875, -1.3213 -3.2761 2.8802, -1.3213 -3.2874 2.8802, -1.3231 -3.2824 2.8841, -1.3229 -3.2876 2.884, -1.328 -3.2886 2.8939, -1.3297 -3.2838 2.8939, -1.3318 -3.278 2.8939, -1.3383 -3.2539 2.893, -1.3345 -3.2657 2.893, -1.336 -3.2663 2.8939, -1.3326 -3.2717 2.893, -1.3871 -3.1018 2.8927, -1.3573 -3.1946 2.893, -1.3421 -3.242 2.893, -1.3626 -3.0946 2.8893, -1.348 -3.192 2.8906, -1.3424 -3.2163 2.8906, -1.3351 -3.2149 2.8876, -1.3367 -3.2405 2.8906, -1.3314 -3.2395 2.8876, -1.3339 -3.2527 2.8906, -1.3296 -3.2518 2.8876, -1.3311 -3.2648 2.8906, -1.3277 -3.2642 2.8876, -1.3297 -3.2709 2.8906, -1.3268 -3.2703 2.8876, -1.3235 -3.2762 2.8841, -1.3259 -3.2765 2.8876, -1.3244 -3.2638 2.8841, -1.3371 -3.0921 2.8837, -1.3213 -3.0906 2.8802, -1.3299 -3.1893 2.8841, -1.3213 -3.189 2.8802, -1.3281 -3.2141 2.8841, -1.3213 -3.2139 2.8802, -1.3262 -3.239 2.8841, -1.3213 -3.2388 2.8802, -1.3253 -3.2514 2.8841, -1.3213 -3.2512 2.8802, -1.3213 -3.2637 2.8802, -1.3327 -3.2652 2.7064, -1.3343 -3.2657 2.7052, -1.3306 -3.2776 2.7052, -1.3359 -3.2662 2.7042, -1.3418 -3.2419 2.7052, -1.3297 -3.2519 2.7104, -1.3278 -3.2642 2.7104, -1.3247 -3.2638 2.7137, -1.323 -3.2875 2.7132, -1.3228 -3.2875 2.7137, -1.3232 -3.2824 2.7137, -1.3221 -3.2874 2.7158, -1.3243 -3.2877 2.7105, -1.325 -3.2826 2.7104, -1.325 -3.2878 2.709, -1.3268 -3.283 2.7076, -1.3257 -3.2879 2.7076, -1.3287 -3.2835 2.7052, -1.3273 -3.2884 2.7053, -1.3296 -3.2838 2.7042, -1.328 -3.2886 2.7043, -1.3567 -3.1944 2.7052, -1.386 -3.1015 2.7056, -1.3479 -3.192 2.7076, -1.3699 -3.0967 2.7078, -1.3626 -3.0946 2.7089, -1.3383 -3.0922 2.7142, -1.3623 -3.0945 2.7089, -1.3391 -3.1903 2.7104, -1.3213 -3.189 2.7179, -1.3213 -3.0906 2.7179, -1.3306 -3.1893 2.7137, -1.3213 -3.2139 2.7179, -1.3286 -3.2142 2.7137, -1.3213 -3.2388 2.7179, -1.3266 -3.239 2.7137, -1.3213 -3.2512 2.7179, -1.3257 -3.2514 2.7137, -1.3213 -3.2637 2.7179, -1.3296 -3.2709 2.7076, -1.331 -3.2648 2.7076, -1.3269 -3.2703 2.7104, -1.3339 -3.2527 2.7076, -1.3367 -3.2405 2.7076, -1.3392 -3.2412 2.7064, -1.3354 -3.2149 2.7104, -1.3316 -3.2396 2.7104, -1.3317 -3.2779 2.7042, -1.3443 -3.2428 2.7042, -1.3237 -3.2762 2.7137, -1.3259 -3.2765 2.7104, -1.3282 -3.2769 2.7076, -1.3294 -3.2772 2.7064, -1.3225 -3.2762 2.7158, -1.3213 -3.2874 2.7179, -1.3213 -3.2761 2.7179, -1.3288 -3.2835 2.1056, -1.3307 -3.2776 2.1056, -1.3283 -3.2769 2.1032, -1.3623 -3.0945 2.1018, -1.3535 -3.0936 2.0999, -1.3389 -3.1903 2.1002, -1.325 -3.2878 2.1015, -1.3257 -3.2879 2.1031, -1.3269 -3.283 2.1032, -1.3274 -3.2884 2.1055, -1.3249 -3.2826 2.1002, -1.3244 -3.2878 2.1001, -1.3213 -3.2761 2.0928, -1.3213 -3.2874 2.0928, -1.3231 -3.2824 2.0967, -1.3229 -3.2876 2.0966, -1.328 -3.2886 2.1065, -1.3297 -3.2838 2.1066, -1.3318 -3.278 2.1066, -1.3383 -3.2539 2.1056, -1.3345 -3.2658 2.1056, -1.336 -3.2663 2.1066, -1.3326 -3.2717 2.1056, -1.3872 -3.1018 2.1053, -1.3573 -3.1946 2.1056, -1.3421 -3.242 2.1056, -1.3626 -3.0946 2.1019, -1.348 -3.192 2.1032, -1.3424 -3.2163 2.1032, -1.3351 -3.2149 2.1002, -1.3368 -3.2406 2.1032, -1.3314 -3.2395 2.1002, -1.3339 -3.2527 2.1032, -1.3296 -3.2519 2.1002, -1.3311 -3.2648 2.1032, -1.3277 -3.2642 2.1002, -1.3297 -3.2709 2.1032, -1.3268 -3.2703 2.1002, -1.3235 -3.2762 2.0967, -1.3259 -3.2765 2.1002, -1.3244 -3.2638 2.0967, -1.3371 -3.0921 2.0963, -1.3213 -3.0906 2.0928, -1.3299 -3.1893 2.0967, -1.3213 -3.189 2.0928, -1.3281 -3.2141 2.0967, -1.3213 -3.2139 2.0928, -1.3263 -3.239 2.0967, -1.3213 -3.2388 2.0928, -1.3253 -3.2514 2.0967, -1.3213 -3.2512 2.0928, -1.3213 -3.2637 2.0928, -1.3327 -3.2652 1.919, -1.3343 -3.2657 1.9178, -1.3306 -3.2776 1.9178, -1.3359 -3.2662 1.9168, -1.3418 -3.2419 1.9178, -1.3297 -3.2519 1.923, -1.3278 -3.2642 1.923, -1.3247 -3.2638 1.9263, -1.323 -3.2875 1.9258, -1.3228 -3.2875 1.9263, -1.3232 -3.2824 1.9263, -1.3221 -3.2874 1.9284, -1.3243 -3.2877 1.9231, -1.325 -3.2826 1.923, -1.325 -3.2878 1.9216, -1.3268 -3.283 1.9202, -1.3257 -3.2879 1.9202, -1.3287 -3.2835 1.9178, -1.3273 -3.2884 1.9179, -1.3296 -3.2838 1.9168, -1.328 -3.2886 1.9169, -1.3567 -3.1944 1.9178, -1.386 -3.1015 1.9182, -1.3479 -3.192 1.9202, -1.3699 -3.0967 1.9204, -1.3626 -3.0946 1.9215, -1.3383 -3.0922 1.9268, -1.3623 -3.0945 1.9215, -1.3391 -3.1903 1.923, -1.3213 -3.189 1.9305, -1.3213 -3.0906 1.9305, -1.3306 -3.1893 1.9263, -1.3213 -3.2139 1.9305, -1.3286 -3.2142 1.9263, -1.3213 -3.2388 1.9305, -1.3266 -3.239 1.9263, -1.3213 -3.2512 1.9305, -1.3257 -3.2514 1.9263, -1.3213 -3.2637 1.9305, -1.3296 -3.2709 1.9202, -1.331 -3.2648 1.9202, -1.3269 -3.2703 1.923, -1.3339 -3.2527 1.9202, -1.3367 -3.2405 1.9202, -1.3392 -3.2412 1.919, -1.3354 -3.2149 1.923, -1.3316 -3.2396 1.923, -1.3317 -3.2779 1.9168, -1.3443 -3.2428 1.9168, -1.3237 -3.2762 1.9263, -1.3259 -3.2765 1.923, -1.3282 -3.2769 1.9202, -1.3294 -3.2772 1.919, -1.3225 -3.2762 1.9284, -1.3213 -3.2874 1.9305, -1.3213 -3.2761 1.9305, -1.325 -3.2878 1.3227, -1.3626 -3.0945 1.3227, -1.3213 -3.2874 1.3227, -1.3213 -3.0906 1.3227, 2.4649 -3.2874 1.3227, 2.4649 -3.0906 1.3227, 2.4686 -3.2878 1.3227, 2.5062 -3.0945 1.3227, 2.4724 -3.2835 1.9177, 2.4743 -3.2776 1.9177, 2.4719 -3.2769 1.9201, 2.5059 -3.0945 1.9215, 2.4971 -3.0936 1.9234, 2.4825 -3.1903 1.9231, 2.4686 -3.2878 1.9218, 2.4693 -3.2879 1.9203, 2.4705 -3.283 1.9201, 2.471 -3.2884 1.9178, 2.4686 -3.2826 1.9231, 2.468 -3.2878 1.9232, 2.4649 -3.2761 1.9305, 2.4649 -3.2874 1.9305, 2.4667 -3.2824 1.9266, 2.4665 -3.2876 1.9267, 2.4717 -3.2886 1.9168, 2.4733 -3.2838 1.9168, 2.4754 -3.278 1.9168, 2.4819 -3.2539 1.9177, 2.4781 -3.2658 1.9177, 2.4796 -3.2663 1.9168, 2.4762 -3.2717 1.9177, 2.5308 -3.1018 1.9181, 2.501 -3.1946 1.9177, 2.4858 -3.242 1.9177, 2.5062 -3.0946 1.9215, 2.4917 -3.192 1.9201, 2.486 -3.2163 1.9201, 2.4788 -3.2149 1.9231, 2.4804 -3.2406 1.9201, 2.4751 -3.2395 1.9231, 2.4776 -3.2527 1.9201, 2.4732 -3.2519 1.9231, 2.4747 -3.2648 1.9201, 2.4714 -3.2642 1.9231, 2.4733 -3.2709 1.9201, 2.4704 -3.2703 1.9231, 2.4671 -3.2762 1.9266, 2.4695 -3.2765 1.9231, 2.4681 -3.2638 1.9266, 2.4807 -3.0921 1.9271, 2.4649 -3.0906 1.9305, 2.4735 -3.1893 1.9266, 2.4649 -3.189 1.9305, 2.4717 -3.2141 1.9266, 2.4649 -3.2139 1.9305, 2.4699 -3.239 1.9266, 2.4649 -3.2388 1.9305, 2.469 -3.2514 1.9266, 2.4649 -3.2512 1.9305, 2.4649 -3.2637 1.9305, 2.4693 -3.2514 2.097, 2.4702 -3.239 2.097, 2.4752 -3.2396 2.1003, 2.4661 -3.2762 2.095, 2.4657 -3.2874 2.0949, 2.4649 -3.2874 2.0928, 2.4679 -3.2877 2.1002, 2.4666 -3.2875 2.0975, 2.4668 -3.2824 2.097, 2.4705 -3.283 2.1031, 2.4693 -3.2879 2.1032, 2.4686 -3.2878 2.1017, 2.4732 -3.2838 2.1065, 2.4716 -3.2886 2.1064, 2.4709 -3.2884 2.1054, 2.4819 -3.0922 2.0965, 2.5059 -3.0945 2.1018, 2.4827 -3.1903 2.1003, 2.5062 -3.0946 2.1019, 2.4915 -3.192 2.1031, 2.5135 -3.0967 2.1029, 2.5296 -3.1015 2.1051, 2.4741 -3.1893 2.097, 2.4649 -3.189 2.0928, 2.4649 -3.0906 2.0928, 2.4664 -3.2875 2.097, 2.4673 -3.2762 2.097, 2.4683 -3.2638 2.097, 2.4649 -3.2388 2.0928, 2.4649 -3.2512 2.0928, 2.4649 -3.2637 2.0928, 2.4714 -3.2642 2.1003, 2.4747 -3.2648 2.1031, 2.4705 -3.2703 2.1003, 2.4733 -3.2709 2.1031, 2.4696 -3.2765 2.1003, 2.4859 -3.2163 2.1031, 2.479 -3.2149 2.1003, 2.4722 -3.2142 2.097, 2.4649 -3.2139 2.0928, 2.4649 -3.2761 2.0928, 2.4733 -3.2519 2.1003, 2.4803 -3.2405 2.1031, 2.5003 -3.1944 2.1055, 2.4879 -3.2428 2.1065, 2.4854 -3.2419 2.1055, 2.4795 -3.2662 2.1065, 2.4779 -3.2657 2.1055, 2.4753 -3.2779 2.1065, 2.4742 -3.2776 2.1055, 2.4723 -3.2835 2.1055, 2.4686 -3.2826 2.1003, 2.4719 -3.2769 2.1031, 2.473 -3.2772 2.1044, 2.4763 -3.2652 2.1044, 2.4775 -3.2527 2.1031, 2.4828 -3.2412 2.1044, 2.4724 -3.2835 2.7051, 2.4743 -3.2776 2.7051, 2.4719 -3.2769 2.7076, 2.5059 -3.0945 2.7089, 2.4971 -3.0936 2.7109, 2.4824 -3.1903 2.7105, 2.4686 -3.2878 2.7092, 2.4693 -3.2879 2.7077, 2.4705 -3.283 2.7076, 2.471 -3.2884 2.7052, 2.4686 -3.2826 2.7105, 2.468 -3.2878 2.7106, 2.4649 -3.2761 2.7179, 2.4649 -3.2874 2.7179, 2.4667 -3.2824 2.714, 2.4665 -3.2876 2.7141, 2.4716 -3.2886 2.7042, 2.4733 -3.2838 2.7042, 2.4754 -3.278 2.7042, 2.4819 -3.2539 2.7051, 2.4781 -3.2657 2.7051, 2.4796 -3.2663 2.7042, 2.4762 -3.2717 2.7051, 2.5307 -3.1018 2.7055, 2.5009 -3.1946 2.7051, 2.4857 -3.242 2.7051, 2.5062 -3.0946 2.7089, 2.4916 -3.192 2.7076, 2.486 -3.2163 2.7076, 2.4787 -3.2149 2.7105, 2.4804 -3.2405 2.7076, 2.475 -3.2395 2.7105, 2.4775 -3.2527 2.7076, 2.4732 -3.2518 2.7105, 2.4747 -3.2648 2.7076, 2.4713 -3.2642 2.7105, 2.4733 -3.2709 2.7076, 2.4704 -3.2703 2.7105, 2.4671 -3.2762 2.714, 2.4695 -3.2765 2.7105, 2.468 -3.2638 2.714, 2.4807 -3.0921 2.7145, 2.4649 -3.0906 2.7179, 2.4735 -3.1893 2.714, 2.4649 -3.189 2.7179, 2.4717 -3.2141 2.714, 2.4649 -3.2139 2.7179, 2.4699 -3.239 2.714, 2.4649 -3.2388 2.7179, 2.469 -3.2514 2.714, 2.4649 -3.2512 2.7179, 2.4649 -3.2637 2.7179, 2.4763 -3.2652 2.8918, 2.4779 -3.2657 2.8929, 2.4742 -3.2776 2.8929, 2.4795 -3.2662 2.8939, 2.4854 -3.2419 2.8929, 2.4733 -3.2519 2.8877, 2.4714 -3.2642 2.8877, 2.4683 -3.2638 2.8844, 2.4658 -3.2875 2.8823, 2.4668 -3.2824 2.8844, 2.4666 -3.2876 2.8843, 2.4686 -3.2826 2.8877, 2.4681 -3.2878 2.8876, 2.4686 -3.2878 2.8889, 2.4705 -3.283 2.8905, 2.4693 -3.2879 2.8906, 2.4723 -3.2835 2.8929, 2.4709 -3.2884 2.8928, 2.4732 -3.2838 2.8939, 2.4716 -3.2886 2.8938, 2.5003 -3.1944 2.8929, 2.5296 -3.1015 2.8925, 2.4915 -3.192 2.8905, 2.5135 -3.0967 2.8903, 2.5062 -3.0946 2.8893, 2.4819 -3.0922 2.8839, 2.5059 -3.0945 2.8892, 2.4827 -3.1903 2.8877, 2.4649 -3.189 2.8802, 2.4649 -3.0906 2.8802, 2.4741 -3.1893 2.8844, 2.4649 -3.2139 2.8802, 2.4722 -3.2142 2.8844, 2.4649 -3.2388 2.8802, 2.4702 -3.239 2.8844, 2.4649 -3.2512 2.8802, 2.4693 -3.2514 2.8844, 2.4649 -3.2637 2.8802, 2.4733 -3.2709 2.8905, 2.4747 -3.2648 2.8905, 2.4705 -3.2703 2.8877, 2.4775 -3.2527 2.8905, 2.4803 -3.2405 2.8905, 2.4828 -3.2412 2.8918, 2.479 -3.2149 2.8877, 2.4752 -3.2396 2.8877, 2.4753 -3.2779 2.8939, 2.4879 -3.2428 2.8939, 2.4673 -3.2762 2.8844, 2.4696 -3.2765 2.8877, 2.4719 -3.2769 2.8905, 2.473 -3.2772 2.8918, 2.4661 -3.2762 2.8824, 2.4649 -3.2874 2.8802, 2.4649 -3.2761 2.8802, 2.4724 -3.2835 3.4925, 2.4743 -3.2776 3.4925, 2.4719 -3.2769 3.495, 2.5059 -3.0945 3.4963, 2.4971 -3.0936 3.4983, 2.4824 -3.1903 3.4979, 2.4686 -3.2878 3.4966, 2.4693 -3.2879 3.4951, 2.4705 -3.283 3.495, 2.471 -3.2884 3.4926, 2.4686 -3.2826 3.4979, 2.468 -3.2878 3.498, 2.4649 -3.2761 3.5053, 2.4649 -3.2874 3.5053, 2.4667 -3.2824 3.5014, 2.4665 -3.2876 3.5015, 2.4716 -3.2886 3.4916, 2.4733 -3.2838 3.4916, 2.4754 -3.278 3.4916, 2.4819 -3.2539 3.4925, 2.4781 -3.2657 3.4925, 2.4796 -3.2663 3.4916, 2.4762 -3.2717 3.4925, 2.5307 -3.1018 3.4929, 2.5009 -3.1946 3.4925, 2.4857 -3.242 3.4925, 2.5062 -3.0946 3.4963, 2.4916 -3.192 3.495, 2.486 -3.2163 3.495, 2.4787 -3.2149 3.4979, 2.4804 -3.2405 3.495, 2.475 -3.2395 3.4979, 2.4775 -3.2527 3.495, 2.4732 -3.2518 3.4979, 2.4747 -3.2648 3.495, 2.4713 -3.2642 3.4979, 2.4733 -3.2709 3.495, 2.4704 -3.2703 3.4979, 2.4671 -3.2762 3.5014, 2.4695 -3.2765 3.4979, 2.468 -3.2638 3.5014, 2.4807 -3.0921 3.5019, 2.4649 -3.0906 3.5053, 2.4735 -3.1893 3.5014, 2.4649 -3.189 3.5053, 2.4717 -3.2141 3.5014, 2.4649 -3.2139 3.5053, 2.4699 -3.239 3.5014, 2.4649 -3.2388 3.5053, 2.469 -3.2514 3.5014, 2.4649 -3.2512 3.5053, 2.4649 -3.2637 3.5053, 2.4693 -3.2879 3.4951, 2.4693 -3.2879 2.7077, -1.3257 -3.2879 2.8905, -1.3213 -3.189 3.6676, -1.3213 -3.0906 3.6676, -1.3034 -3.0906 3.6518, -1.3213 -3.2874 3.6676, -1.3213 -3.2761 3.6676, -1.3034 -3.2874 3.6518, -1.3213 -3.2637 3.6676, -1.3213 -3.2512 3.6676, -1.3213 -3.2388 3.6676, -1.3213 -3.2139 3.6676, -1.2786 -3.0906 3.5865, -1.2786 -3.2874 3.5865, -1.2815 -3.0906 3.6101, -1.2815 -3.2874 3.6101, -1.2899 -3.0906 3.6323, -1.2899 -3.2874 3.6323, -1.3034 -3.2874 3.5211, -1.3034 -3.0906 3.5211, -1.2899 -3.0906 3.5406, -1.2899 -3.2874 3.5406, -1.2815 -3.0906 3.5629, -1.2815 -3.2874 3.5629, -1.3623 -3.0945 2.8892, -1.3034 -3.0906 2.8644, -1.3034 -3.2874 2.8644, -1.2786 -3.0906 2.7991, -1.2786 -3.2874 2.7991, -1.2815 -3.0906 2.8227, -1.2815 -3.2874 2.8227, -1.2899 -3.0906 2.8449, -1.2899 -3.2874 2.8449, -1.3034 -3.2874 2.7337, -1.3034 -3.0906 2.7337, -1.2899 -3.0906 2.7532, -1.2899 -3.2874 2.7532, -1.2815 -3.0906 2.7755, -1.2815 -3.2874 2.7755, -1.3623 -3.0945 2.1018, -1.3034 -3.0906 2.077, -1.3034 -3.2874 2.077, -1.2786 -3.0906 2.0117, -1.2786 -3.2874 2.0117, -1.2815 -3.0906 2.0353, -1.2815 -3.2874 2.0353, -1.2899 -3.0906 2.0575, -1.2899 -3.2874 2.0575, -1.3034 -3.2874 1.9463, -1.3034 -3.0906 1.9463, -1.2899 -3.0906 1.9658, -1.2899 -3.2874 1.9658, -1.2815 -3.0906 1.9881, -1.2815 -3.2874 1.9881, -1.1037 -3.0906 1.3227, -1.1037 -3.2874 1.3227, -0.9692 -3.0906 1.4306, -0.9692 -3.2874 1.4306, -0.9793 -3.2874 1.4013, -0.9793 -3.0906 1.4013, -0.9956 -3.2874 1.375, -0.9956 -3.0906 1.375, -1.0175 -3.2874 1.353, -1.0175 -3.0906 1.353, -1.0437 -3.2874 1.3365, -1.0437 -3.0906 1.3365, -1.0729 -3.2874 1.3262, -1.0729 -3.0906 1.3262, -0.8352 -3.0906 2.0346, -0.8352 -3.2874 2.0346, -0.8258 -3.2874 2.1199, -0.8258 -3.0906 2.1199, -0.8357 -3.2874 2.2074, -0.8357 -3.0906 2.2074, -0.9144 -3.0906 2.553, -0.9144 -3.2874 2.553, 2.058 -3.0906 2.553, 2.058 -3.2874 2.553, 2.0442 -3.0906 2.7554, 2.0442 -3.2874 2.7554, 2.0029 -3.0906 2.954, 2.0029 -3.2874 2.954, 1.935 -3.0906 3.1451, 1.935 -3.2874 3.1451, 1.8417 -3.0906 3.3252, 1.8417 -3.2874 3.3252, 1.7247 -3.0906 3.4909, 1.7247 -3.2874 3.4909, 1.5862 -3.0906 3.6392, 1.5862 -3.2874 3.6392, 1.4289 -3.0906 3.7672, 1.4289 -3.2874 3.7672, 1.2556 -3.0906 3.8726, 1.2556 -3.2874 3.8726, 1.0695 -3.0906 3.9534, 1.0695 -3.2874 3.9534, 0.8742 -3.0906 4.0081, 0.8742 -3.2874 4.0081, 0.6732 -3.0906 4.0358, 0.6732 -3.2874 4.0358, 0.4704 -3.0906 4.0358, 0.4704 -3.2874 4.0358, 0.2694 -3.0906 4.0081, 0.2694 -3.2874 4.0081, 0.0741 -3.0906 3.9534, 0.0741 -3.2874 3.9534, -0.1119 -3.0906 3.8726, -0.1119 -3.2874 3.8726, -0.2853 -3.0906 3.7672, -0.2853 -3.2874 3.7672, -0.4426 -3.0906 3.6392, -0.4426 -3.2874 3.6392, -0.5811 -3.0906 3.4909, -0.5811 -3.2874 3.4909, -0.698 -3.0906 3.3252, -0.698 -3.2874 3.3252, -0.7914 -3.0906 3.1451, -0.7914 -3.2874 3.1451, -0.8593 -3.0906 2.954, -0.8593 -3.2874 2.954, -0.9006 -3.0906 2.7554, -0.9006 -3.2874 2.7554, 1.9793 -3.0906 2.2074, 1.9793 -3.2874 2.2074, 1.9694 -3.2874 2.1199, 1.9694 -3.0906 2.1199, 1.9788 -3.2874 2.0346, 1.9788 -3.0906 2.0346, 2.1128 -3.0906 1.4306, 2.1128 -3.2874 1.4306, 2.2473 -3.0906 1.3227, 2.2473 -3.2874 1.3227, 2.2165 -3.2874 1.3262, 2.2165 -3.0906 1.3262, 2.1873 -3.2874 1.3365, 2.1873 -3.0906 1.3365, 2.1611 -3.2874 1.353, 2.1611 -3.0906 1.353, 2.1393 -3.2874 1.375, 2.1393 -3.0906 1.375, 2.1229 -3.2874 1.4013, 2.1229 -3.0906 1.4013, 2.5059 -3.0945 1.9215, 2.4471 -3.0906 1.9463, 2.4471 -3.2874 1.9463, 2.4222 -3.0906 2.0117, 2.4222 -3.2874 2.0117, 2.4251 -3.0906 1.9881, 2.4251 -3.2874 1.9881, 2.4335 -3.0906 1.9658, 2.4335 -3.2874 1.9658, 2.4471 -3.2874 2.077, 2.4471 -3.0906 2.077, 2.4335 -3.0906 2.0575, 2.4335 -3.2874 2.0575, 2.4251 -3.0906 2.0353, 2.4251 -3.2874 2.0353, 2.5059 -3.0945 2.7089, 2.4471 -3.0906 2.7337, 2.4471 -3.2874 2.7337, 2.4222 -3.0906 2.7991, 2.4222 -3.2874 2.7991, 2.4251 -3.0906 2.7755, 2.4251 -3.2874 2.7755, 2.4335 -3.0906 2.7532, 2.4335 -3.2874 2.7532, 2.4471 -3.2874 2.8644, 2.4471 -3.0906 2.8644, 2.4335 -3.0906 2.8449, 2.4335 -3.2874 2.8449, 2.4251 -3.0906 2.8227, 2.4251 -3.2874 2.8227, 2.5059 -3.0945 3.4963, 2.4471 -3.0906 3.5211, 2.4471 -3.2874 3.5211, 2.4222 -3.0906 3.5865, 2.4222 -3.2874 3.5865, 2.4251 -3.0906 3.5629, 2.4251 -3.2874 3.5629, 2.4335 -3.0906 3.5406, 2.4335 -3.2874 3.5406, 2.4649 -3.189 3.6676, 2.4649 -3.2139 3.6676, 2.4471 -3.2874 3.6518, 2.4649 -3.2388 3.6676, 2.4649 -3.2512 3.6676, 2.4649 -3.2637 3.6676, 2.4649 -3.2761 3.6676, 2.4649 -3.2874 3.6676, 2.4649 -3.0906 3.6676, 2.4471 -3.0906 3.6518, 2.4335 -3.0906 3.6323, 2.4335 -3.2874 3.6323, 2.4251 -3.0906 3.6101, 2.4251 -3.2874 3.6101, 2.4763 -3.2652 3.6792, 2.4779 -3.2657 3.6803, 2.4742 -3.2776 3.6803, 2.4795 -3.2662 3.6813, 2.4854 -3.2419 3.6803, 2.4733 -3.2519 3.6751, 2.4715 -3.2642 3.6751, 2.4683 -3.2638 3.6718, 2.4658 -3.2875 3.6697, 2.4668 -3.2824 3.6718, 2.4667 -3.2876 3.6717, 2.4686 -3.2826 3.6751, 2.4681 -3.2878 3.675, 2.4686 -3.2878 3.6763, 2.4705 -3.283 3.6779, 2.4693 -3.2879 3.678, 2.4723 -3.2835 3.6803, 2.4709 -3.2884 3.6802, 2.4732 -3.2838 3.6813, 2.4716 -3.2886 3.6812, 2.4741 -3.2842 3.6822, 2.4723 -3.2888 3.6822, 2.546 -3.1063 3.6822, 2.5003 -3.1944 3.6803, 2.5296 -3.1015 3.6799, 2.4915 -3.192 3.6779, 2.5136 -3.0967 3.6777, 2.5062 -3.0946 3.6767, 2.4819 -3.0922 3.6713, 2.5059 -3.0945 3.6766, 2.4828 -3.1903 3.6751, 2.4742 -3.1893 3.6718, 2.4722 -3.2142 3.6718, 2.4703 -3.239 3.6718, 2.4693 -3.2514 3.6718, 2.4733 -3.2709 3.6779, 2.4747 -3.2648 3.6779, 2.4705 -3.2703 3.6751, 2.4775 -3.2527 3.6779, 2.4803 -3.2405 3.6779, 2.4828 -3.2412 3.6792, 2.479 -3.2149 3.6751, 2.4752 -3.2396 3.6751, 2.4753 -3.2779 3.6813, 2.4765 -3.2784 3.6822, 2.4811 -3.2668 3.6822, 2.4879 -3.2428 3.6813, 2.4905 -3.2437 3.6822, 2.5091 -3.1976 3.6822, 2.4673 -3.2762 3.6718, 2.4696 -3.2765 3.6751, 2.4719 -3.2769 3.6779, 2.473 -3.2772 3.6792, 2.4661 -3.2762 3.6698, 2.9855 -3.4379 3.6981, 2.9951 -3.4342 3.7221, 2.9985 -3.3862 3.7102, 2.9941 -3.3898 3.6901, 3.0002 -3.3622 3.7043, 2.9984 -3.3658 3.6861, 3.002 -3.3383 3.6984, 3.0027 -3.3417 3.6821, 3.0037 -3.3143 3.6925, 3.0114 -3.2936 3.6741, 3.0054 -3.2903 3.6865, 3.0092 -3.3056 3.6761, 3.0071 -3.3177 3.6781, 2.96 -3.3804 3.6849, 2.9971 -3.2886 3.6849, 3.0042 -3.2913 3.6795, 2.9925 -3.3 3.6849, 3.0008 -3.3031 3.6805, 2.9878 -3.3115 3.6849, 2.9973 -3.315 3.6815, 2.9785 -3.3345 3.6849, 2.9905 -3.3387 3.6836, 2.9693 -3.3574 3.6849, 2.9836 -3.3624 3.6856, 2.9768 -3.3861 3.6876, 2.5673 -3.1149 3.6849, 2.4936 -3.2974 3.6849, 2.5733 -3.1166 4.2647, -1.3288 -3.2835 3.6804, -1.3307 -3.2776 3.6804, -1.3283 -3.2769 3.678, -1.3623 -3.0945 3.6766, -1.3535 -3.0936 3.6747, -1.3389 -3.1903 3.675, -1.325 -3.2878 3.6763, -1.3257 -3.2879 3.6779, -1.3269 -3.283 3.678, -1.3274 -3.2884 3.6803, -1.3249 -3.2826 3.675, -1.3244 -3.2878 3.6749, -1.3231 -3.2824 3.6715, -1.3229 -3.2876 3.6714, -1.328 -3.2886 3.6813, -1.3286 -3.2888 3.6822, -1.3297 -3.2838 3.6814, -1.3305 -3.2842 3.6822, -1.3318 -3.278 3.6814, -1.3383 -3.2539 3.6804, -1.3345 -3.2658 3.6804, -1.336 -3.2663 3.6814, -1.3326 -3.2717 3.6804, -1.3329 -3.2784 3.6822, -1.3375 -3.2668 3.6822, -1.3469 -3.2437 3.6822, -1.4024 -3.1063 3.6822, -1.3872 -3.1018 3.6801, -1.3655 -3.1976 3.6822, -1.3573 -3.1946 3.6804, -1.3421 -3.242 3.6804, -1.3626 -3.0946 3.6767, -1.348 -3.192 3.678, -1.3424 -3.2163 3.678, -1.3351 -3.2149 3.675, -1.3368 -3.2406 3.678, -1.3314 -3.2395 3.675, -1.3339 -3.2527 3.678, -1.3296 -3.2519 3.675, -1.3311 -3.2648 3.678, -1.3277 -3.2642 3.675, -1.3297 -3.2709 3.678, -1.3268 -3.2703 3.675, -1.3235 -3.2762 3.6715, -1.3259 -3.2765 3.675, -1.3244 -3.2638 3.6715, -1.3371 -3.0921 3.6711, -1.3299 -3.1893 3.6715, -1.3281 -3.2141 3.6715, -1.3263 -3.239 3.6715, -1.3253 -3.2514 3.6715, -1.8418 -3.4379 3.6981, -1.8656 -3.3056 3.6761, -1.8571 -3.3031 3.6805, -1.8634 -3.3177 3.6781, -1.8537 -3.315 3.6815, -1.8591 -3.3417 3.6821, -1.8469 -3.3387 3.6836, -1.8548 -3.3658 3.6861, -1.84 -3.3624 3.6856, -1.8505 -3.3898 3.6901, -1.8331 -3.3861 3.6876, -1.8678 -3.2936 3.6741, -1.863 -3.292 3.6777, -1.8606 -3.2913 3.6795, -1.8535 -3.2886 3.6849, -1.8488 -3.3 3.6849, -1.8442 -3.3115 3.6849, -1.8349 -3.3345 3.6849, -1.8257 -3.3574 3.6849, -1.8164 -3.3804 3.6849, -1.8515 -3.4342 3.7221, -1.86 -3.3143 3.6925, -1.8583 -3.3383 3.6984, -1.8566 -3.3622 3.7043, -1.8549 -3.3862 3.7102, -1.8638 -3.2914 3.6824, -1.8617 -3.2903 3.6865, -1.4297 -3.1166 4.2647, -1.8606 -3.2913 3.6795, -1.4237 -3.1149 3.6849, -1.35 -3.2974 3.6849, -1.3623 -3.0945 3.6766, -0.3232 -3.0906 1.658, -0.5291 -3.0906 1.5991, -0.4522 -3.0906 1.809, -0.6536 -3.0906 1.7655, -0.556 -3.0906 1.9784, -0.7532 -3.0906 1.9479, -0.632 -3.0906 2.1619, -0.8259 -3.0906 2.1426, -0.6784 -3.0906 2.355, -0.8701 -3.0906 2.3457, -0.6939 -3.0906 2.553, -0.8849 -3.0906 2.553, -0.6784 -3.0906 2.751, -0.8701 -3.0906 2.7603, -0.632 -3.0906 2.9441, -0.8259 -3.0906 2.9634, -0.556 -3.0906 3.1276, -0.7532 -3.0906 3.1581, -0.4522 -3.0906 3.297, -0.6536 -3.0906 3.3405, -0.3232 -3.0906 3.448, 1.5958 -3.0906 1.809, 1.6727 -3.0906 1.5991, 1.4668 -3.0906 1.658, 1.5257 -3.0906 1.4521, 1.3158 -3.0906 1.529, 1.3594 -3.0906 1.3276, 1.1464 -3.0906 1.4252, 1.1769 -3.0906 1.2279, 0.9629 -3.0906 1.3492, 0.9822 -3.0906 1.1553, 0.7698 -3.0906 1.3028, 0.7791 -3.0906 1.1111, 0.5718 -3.0906 1.2873, 0.5718 -3.0906 1.0963, 0.3738 -3.0906 1.3028, 0.3645 -3.0906 1.1111, 0.1807 -3.0906 1.3492, 0.1614 -3.0906 1.1553, -0.0028 -3.0906 1.4252, -0.0333 -3.0906 1.2279, -0.1722 -3.0906 1.529, -0.2157 -3.0906 1.3276, -0.3821 -3.0906 1.4521, 1.3158 -3.0906 3.577, 1.5257 -3.0906 3.6539, 1.4668 -3.0906 3.448, 1.6727 -3.0906 3.5069, 1.5958 -3.0906 3.297, 1.7973 -3.0906 3.3405, 1.6996 -3.0906 3.1276, 1.8969 -3.0906 3.1581, 1.7756 -3.0906 2.9441, 1.9695 -3.0906 2.9634, 1.822 -3.0906 2.751, 2.0137 -3.0906 2.7603, 1.8376 -3.0906 2.553, 2.0285 -3.0906 2.553, 1.822 -3.0906 2.355, 2.0137 -3.0906 2.3457, 1.7756 -3.0906 2.1619, 1.9695 -3.0906 2.1426, 1.6996 -3.0906 1.9784, 1.8969 -3.0906 1.9479, 1.7973 -3.0906 1.7655, -0.5291 -3.0906 3.5069, -0.3821 -3.0906 3.6539, -0.1722 -3.0906 3.577, -0.2157 -3.0906 3.7784, -0.0028 -3.0906 3.6808, -0.0333 -3.0906 3.8781, 0.1807 -3.0906 3.7568, 0.1614 -3.0906 3.9507, 0.3738 -3.0906 3.8032, 0.3645 -3.0906 3.9949, 0.5718 -3.0906 3.8187, 0.5718 -3.0906 4.0097, 0.7698 -3.0906 3.8032, 0.7791 -3.0906 3.9949, 0.9629 -3.0906 3.7568, 0.9822 -3.0906 3.9507, 1.1464 -3.0906 3.6808, 1.1769 -3.0906 3.8781, 1.3594 -3.0906 3.7784, -1.0744 -6.0433 2.6656, -1.0676 -6.0433 2.7688, -1.1048 -6.0074 2.7602, -1.0528 -6.0169 2.1267, -1.0509 -6.0169 2.1182, -1.0254 -6.0433 2.125, -0.061 -6.0433 1.0253, -0.061 -6.0169 0.9975, 0.1261 -6.0433 0.9618, 0.1196 -6.0169 0.9362, 0.1438 -6.0433 0.9558, 0.137 -6.0169 0.9303, 0.3468 -6.0433 0.9154, 0.3069 -6.0169 0.8965, 0.356 -6.0433 0.9136, 0.3525 -6.0169 0.8875, 0.5718 -6.0433 0.8995, 0.4971 -6.0169 0.878, 0.5718 -6.0169 0.8731, -0.5974 -6.0433 1.3838, -0.5689 -6.0169 1.3238, -0.4701 -6.0433 1.2721, -0.4509 -6.0169 1.2202, -0.4348 -6.0433 1.2412, -0.4261 -6.0169 1.2037, -0.2862 -6.0433 1.1419, -0.2696 -6.0169 1.0991, -0.255 -6.0433 1.121, -0.2681 -6.0169 1.0981, -0.0863 -6.0433 1.0378, -0.0998 -6.0169 1.0151, -0.0711 -6.0169 1.001, -0.9831 -6.0433 2.0003, -0.9927 -6.0169 1.947, -0.9559 -6.0433 1.9202, -0.9802 -6.0169 1.9101, -0.8935 -6.0433 1.7937, -0.9132 -6.0169 1.7743, -0.8602 -6.0433 1.7262, -0.883 -6.0169 1.713, -0.7766 -6.0433 1.6011, -0.8147 -6.0169 1.6107, -0.74 -6.0433 1.5464, -0.761 -6.0169 1.5303, -0.6346 -6.0433 1.4262, -0.6981 -6.0169 1.4586, -0.6161 -6.0169 1.3651, -1.0795 -6.0169 2.2446, -1.0437 -6.0433 2.2173, -1.0897 -6.0159 2.2982, -1.0676 -6.0433 2.3372, -1.0935 -6.0154 2.3253, -1.0744 -6.0433 2.4404, -1.1042 -6.014 2.4008, -1.0947 -6.0152 2.3336, -1.0817 -6.0433 2.553, -1.1119 -6.0122 2.4991, -1.1051 -6.0138 2.4122, -1.1046 -6.0073 2.7629, -1.1139 -6.0111 2.5556, -1.1138 -6.0112 2.553, -1.1123 -6.0121 2.5043, -1.1114 -6.009 2.6726, -1.1124 -6.0093 2.6594, -1.1135 -6.0106 2.5855, -1.0764 -6.0041 2.9357, -1.0904 -6.0054 2.866, -1.0437 -6.0433 2.8887, -1.0929 -6.0057 2.848, -1.1031 -6.0071 2.7735, -1.0699 -6.0034 2.9685, -1.0254 -6.0433 2.981, -1.0638 -6.003 2.9913, -1.026 -6.0003 3.1231, -1.0304 -6.0006 3.1093, -0.9831 -6.0433 3.1057, -1.0428 -6.0014 3.0702, -1.0554 -6.0023 3.0228, -0.9997 -5.9989 3.1942, -0.9559 -6.0433 3.1858, -0.9966 -5.9987 3.2027, -0.8935 -6.0433 3.3123, -0.9649 -5.9971 3.2776, -0.9899 -5.9983 3.2209, -0.8602 -6.0433 3.3798, -0.9257 -5.9954 3.359, -0.9479 -5.9963 3.3161, -0.8825 -5.9937 3.4381, -0.8463 -5.9924 3.4985, -0.7766 -6.0433 3.5049, -0.9 -5.9944 3.4087, -0.9024 -5.9945 3.4041, -0.782 -5.9903 3.5918, -0.7846 -5.9904 3.5884, -0.74 -6.0433 3.5596, -0.7868 -5.9904 3.5855, -0.8353 -5.992 3.5146, -0.6346 -6.0433 3.6798, -0.7296 -5.9887 3.6583, -0.7517 -5.9893 3.6319, -0.5974 -6.0433 3.7222, -0.672 -5.9871 3.7254, -0.6848 -5.9875 3.7118, -0.4701 -6.0433 3.8339, -0.5471 -5.984 3.8494, -0.6116 -5.9856 3.789, -0.6133 -5.9856 3.7874, -0.6373 -5.9862 3.7621, -0.4564 -5.9818 3.9256, -0.4717 -5.9822 3.913, -0.4348 -6.0433 3.8648, -0.4789 -5.9824 3.907, -0.5372 -5.9837 3.8587, -0.3253 -5.9788 4.0182, -0.333 -5.979 4.0131, -0.2862 -6.0433 3.9641, -0.371 -5.9799 3.988, -0.4073 -5.9807 3.9614, -0.2872 -5.978 4.0409, -0.255 -6.0433 3.985, -0.255 -5.9773 4.0601, -0.0863 -6.0433 4.0682, -0.1745 -5.9756 4.1032, -0.2351 -5.9769 4.072, -0.061 -6.0433 4.0807, -0.0917 -5.9738 4.1423, -0.142 -5.9749 4.1201, -0.0068 -5.9721 4.177, 0.0529 -5.9709 4.1991, 0.1261 -6.0433 4.1442, -0.0459 -5.9729 4.1625, -0.0873 -5.9738 4.1442, 0.1675 -5.9687 4.2329, 0.1438 -6.0433 4.1502, 0.2563 -5.967 4.2538, 0.3468 -6.0433 4.1906, 0.2583 -5.9669 4.2543, 0.1546 -5.9689 4.2298, 0.1249 -5.9695 4.2209, 0.0797 -5.9704 4.2072, 0.4354 -5.9637 4.2801, 0.356 -6.0433 4.1924, 0.4663 -5.9631 4.2835, 0.5718 -6.0433 4.2065, 0.5248 -5.9621 4.2863, 0.5718 -5.9613 4.2886, 0.3618 -5.965 4.272, 0.3459 -5.9653 4.2693, 0.3458 -5.9653 4.2693, 1.9202 -6.0433 1.6011, 1.8837 -6.0433 1.5464, 2.0046 -5.8904 1.4536, 2.3575 -5.9106 2.5102, 2.357 -5.9114 2.553, 2.2254 -6.0433 2.553, 2.3229 -5.9169 2.8688, 2.3175 -5.9174 2.898, 2.1874 -6.0433 2.8887, 0.5979 -5.9608 4.2888, 0.7937 -5.9573 4.2779, 0.7038 -5.9589 4.2859, 0.7876 -6.0433 4.1924, 0.7035 -5.959 4.2859, 0.6138 -5.9605 4.2884, 0.7969 -6.0433 4.1906, 0.8092 -5.957 4.2765, 0.7989 -5.9572 4.2775, 0.9749 -5.954 4.2486, 0.9744 -5.954 4.2487, 0.9998 -6.0433 4.1502, 0.9142 -5.9551 4.2608, 0.8841 -5.9557 4.2653, 1.1527 -5.9505 4.1992, 1.0176 -6.0433 4.1442, 1.1781 -5.95 4.1912, 1.24 -5.9488 4.1675, 1.0774 -5.952 4.223, 1.0641 -5.9523 4.2263, 1.0229 -5.953 4.2366, 1.2405 -5.9488 4.1673, 1.2046 -6.0433 4.0807, 1.2769 -5.9481 4.1534, 1.2299 -6.0433 4.0682, 1.3257 -5.9471 4.1312, 1.3735 -5.9461 4.1094, 1.3986 -6.0433 3.985, 1.4092 -5.9453 4.0905, 1.4298 -6.0433 3.9641, 1.468 -5.9441 4.0593, 1.4477 -5.9445 4.0701, 1.5784 -6.0433 3.8648, 1.6407 -5.9404 3.946, 1.6144 -5.9409 3.9659, 1.5687 -5.9419 3.9963, 1.5264 -5.9429 4.0245, 1.4906 -5.9436 4.0458, 1.6441 -5.9403 3.9434, 1.6138 -6.0433 3.8339, 1.6986 -5.9391 3.9022, 1.8161 -5.9363 3.7973, 1.7849 -5.9371 3.8276, 1.741 -6.0433 3.7222, 1.7789 -5.9372 3.8334, 1.7162 -5.9387 3.8871, 1.8498 -5.9355 3.7647, 1.7782 -6.0433 3.6798, 1.8552 -5.9354 3.7595, 1.9711 -5.9323 3.6278, 1.9685 -5.9324 3.6313, 1.8837 -6.0433 3.5596, 1.9275 -5.9335 3.6806, 1.9116 -5.9339 3.6979, 2.0038 -6.0433 3.3798, 2.1031 -5.9281 3.4371, 2.0913 -5.9285 3.4576, 2.0788 -5.9289 3.4764, 2.0325 -5.9305 3.5462, 1.9202 -6.0433 3.5049, 2.0268 -5.9306 3.5538, 1.9716 -5.9323 3.6271, 2.1269 -5.9272 3.3961, 2.0371 -6.0433 3.3123, 2.1447 -5.9266 3.3654, 2.2107 -5.9238 3.2276, 2.2092 -5.9238 3.2312, 2.0995 -6.0433 3.1858, 2.1926 -5.9246 3.2698, 2.171 -5.9255 3.313, 2.235 -5.9226 3.1708, 2.1267 -6.0433 3.1057, 2.2463 -5.922 3.1402, 2.2601 -5.9213 3.1028, 2.169 -6.0433 2.981, 2.2764 -5.9203 3.0508, 2.302 -5.9186 2.9603, 2.2919 -5.9194 3.0012, 2.2882 -5.9196 3.0129, 2.3369 -5.9155 2.7933, 2.2112 -6.0433 2.7688, 2.3378 -5.9154 2.7855, 2.218 -6.0433 2.6656, 2.35 -5.9137 2.6871, 2.3389 -5.9152 2.7769, 2.3567 -5.9118 2.5796, 2.3558 -5.912 2.5928, 2.3501 -5.9136 2.6847, 2.3452 -5.9072 2.316, 2.3455 -5.9073 2.3195, 2.2112 -6.0433 2.3372, 2.3536 -5.9088 2.4033, 2.218 -6.0433 2.4404, 2.3538 -5.9089 2.4088, 2.3572 -5.9105 2.5012, 2.3433 -5.9069 2.2968, 2.1874 -6.0433 2.2173, 2.3317 -5.9056 2.223, 2.169 -6.0433 2.125, 2.3134 -5.9039 2.1303, 2.3267 -5.905 2.191, 2.2902 -5.9022 2.0381, 2.2742 -5.9011 1.9815, 2.1267 -6.0433 2.0003, 2.3037 -5.9031 2.0858, 2.3043 -5.9031 2.0888, 2.229 -5.8987 1.8573, 2.2322 -5.8989 1.8652, 2.0995 -6.0433 1.9202, 2.2503 -5.8998 1.911, 2.2625 -5.9005 1.9469, 2.2109 -5.8978 1.8114, 2.0371 -6.0433 1.7937, 2.1913 -5.897 1.7694, 2.1145 -5.894 1.62, 2.132 -5.8946 1.6522, 2.0038 -6.0433 1.7262, 2.149 -5.8953 1.6837, 2.1656 -5.8959 1.7143, 2.0516 -5.8919 1.52, 2.0577 -5.892 1.5285, 2.1024 -5.8935 1.6004, 1.9382 -5.8886 1.3692, 1.9476 -5.8888 1.3799, 1.7782 -6.0433 1.4262, 1.995 -5.8901 1.44, 1.9969 -5.8902 1.4427, 1.8115 -5.8854 1.2327, 1.8515 -5.8864 1.2733, 1.741 -6.0433 1.3838, 1.8767 -5.887 1.2989, 1.877 -5.887 1.2992, 1.8018 -5.8852 1.2229, 1.6138 -6.0433 1.2721, 1.7424 -5.8838 1.1694, 1.5784 -6.0433 1.2412, 1.6759 -5.8823 1.1141, 1.7221 -5.8834 1.151, 1.5489 -5.8796 1.0208, 1.5933 -5.8805 1.0521, 1.4298 -6.0433 1.1419, 1.6377 -5.8815 1.0835, 1.6696 -5.8822 1.1091, 1.4307 -5.8771 0.9496, 1.4811 -5.8782 0.9781, 1.3986 -6.0433 1.121, 1.4869 -5.8783 0.9814, 1.5138 -5.8789 0.9985, 1.3929 -5.8764 0.9282, 1.2299 -6.0433 1.0378, 1.3451 -5.8754 0.9047, 1.2046 -6.0433 1.0253, 1.2692 -5.8739 0.8694, 1.2961 -5.8744 0.8807, 1.0176 -6.0433 0.9618, 1.075 -5.8702 0.7975, 1.0942 -5.8706 0.803, 1.1668 -5.8719 0.8285, 1.1965 -5.8725 0.839, 1.257 -5.8737 0.8643, 1.0445 -5.8697 0.7888, 0.9998 -6.0433 0.9558, 0.9892 -5.8686 0.7731, 0.8802 -6.0169 0.9016, 0.8001 -6.0112 0.8834, 0.8108 -5.8655 0.7378, 0.8877 -5.8668 0.7506, 0.8944 -5.8669 0.7518, 0.9818 -5.8685 0.7714, 0.7918 -6.0106 0.8815, 0.7797 -6.0097 0.8787, 0.793 -5.8652 0.7349, 0.7132 -6.0051 0.8679, 0.7878 -5.8651 0.734, 0.6982 -5.8635 0.7245, 0.6781 -6.0026 0.8621, 0.6803 -5.8632 0.7226, 0.6261 -5.9991 0.857, 0.6038 -5.862 0.7191, 0.5718 -5.9955 0.8516, 0.5718 -5.8614 0.7176, 0.7876 -6.0433 0.9136, 0.869 -6.0169 0.8999, 0.7969 -6.0433 0.9154, 0.7911 -6.0169 0.8875, 0.683 -6.0169 0.8804, 0.5718 -6.5157 0.8995, 0.3467 -6.5157 0.9149, 0.1257 -6.5157 0.9608, -0.087 -6.5157 1.0364, -0.2873 -6.5157 1.1402, -0.4717 -6.5157 1.2703, -0.6367 -6.5157 1.4244, -0.7791 -6.5157 1.5994, -0.8963 -6.5157 1.7923, -0.9863 -6.5157 1.9993, -1.0471 -6.5157 2.2166, -1.0779 -6.5157 2.4402, -1.0779 -6.5157 2.6658, -1.0471 -6.5157 2.8894, -0.9863 -6.5157 3.1067, -0.8963 -6.5157 3.3137, -0.7791 -6.5157 3.5066, -0.6367 -6.5157 3.6816, -0.4717 -6.5157 3.8357, -0.2873 -6.5157 3.9658, -0.087 -6.5157 4.0696, 0.1257 -6.5157 4.1452, 0.3467 -6.5157 4.1911, 0.5718 -6.5157 4.2065, 0.797 -6.5157 4.1911, 1.0179 -6.5157 4.1452, 1.2306 -6.5157 4.0696, 1.431 -6.5157 3.9658, 1.6153 -6.5157 3.8357, 1.7803 -6.5157 3.6816, 1.9227 -6.5157 3.5066, 2.04 -6.5157 3.3137, 2.1299 -6.5157 3.1067, 2.1908 -6.5157 2.8894, 2.2215 -6.5157 2.6658, 2.2215 -6.5157 2.4402, 2.1908 -6.5157 2.2166, 2.1299 -6.5157 1.9993, 2.04 -6.5157 1.7923, 1.9227 -6.5157 1.5994, 1.7803 -6.5157 1.4244, 1.6153 -6.5157 1.2703, 1.431 -6.5157 1.1402, 1.2306 -6.5157 1.0364, 1.0179 -6.5157 0.9608, 0.797 -6.5157 0.9149, 1.995 -6.5157 2.553, 1.9806 -6.5157 2.7555, 1.9374 -6.5157 2.954, 1.8664 -6.5157 3.1442, 1.7691 -6.5157 3.3225, 1.6474 -6.5157 3.485, 1.5038 -6.5157 3.6286, 1.3413 -6.5157 3.7503, 1.163 -6.5157 3.8476, 0.9728 -6.5157 3.9186, 0.7744 -6.5157 3.9617, 0.5718 -6.5157 3.9762, 0.3693 -6.5157 3.9617, 0.1708 -6.5157 3.9186, -0.0194 -6.5157 3.8476, -0.1976 -6.5157 3.7503, -0.3602 -6.5157 3.6286, -0.5038 -6.5157 3.485, -0.6255 -6.5157 3.3225, -0.7228 -6.5157 3.1442, -0.7938 -6.5157 2.954, -0.8369 -6.5157 2.7555, -0.8514 -6.5157 2.553, -0.8369 -6.5157 2.3505, -0.7938 -6.5157 2.152, -0.7228 -6.5157 1.9618, -0.6255 -6.5157 1.7835, -0.5038 -6.5157 1.621, -0.3602 -6.5157 1.4774, -0.1976 -6.5157 1.3557, -0.0194 -6.5157 1.2584, 0.1708 -6.5157 1.1874, 0.3693 -6.5157 1.1443, 0.5718 -6.5157 1.1298, 0.7744 -6.5157 1.1443, 0.9728 -6.5157 1.1874, 1.163 -6.5157 1.2584, 1.3413 -6.5157 1.3557, 1.5038 -6.5157 1.4774, 1.6474 -6.5157 1.621, 1.7691 -6.5157 1.7835, 1.8664 -6.5157 1.9618, 1.9374 -6.5157 2.152, 1.9806 -6.5157 2.3505, 0.5718 -6.3583 3.8187, 0.7519 -6.3583 3.8059, 0.7696 -6.3583 3.802, 0.9284 -6.3583 3.7675, 0.9622 -6.3583 3.7549, 1.0976 -6.3583 3.7044, 1.1452 -6.3583 3.6784, 1.2561 -6.3583 3.6178, 1.3139 -6.3583 3.5745, 1.4007 -6.3583 3.5096, 1.4646 -6.3583 3.4457, 1.5284 -6.3583 3.3819, 1.5933 -6.3583 3.2951, 1.6366 -6.3583 3.2373, 1.6972 -6.3583 3.1263, 1.7232 -6.3583 3.0788, 1.7737 -6.3583 2.9434, 1.7863 -6.3583 2.9096, 1.8208 -6.3583 2.7508, 1.8247 -6.3583 2.7331, 1.8376 -6.3583 2.553, 1.8247 -6.3583 2.3729, 1.8208 -6.3583 2.3552, 1.7863 -6.3583 2.1964, 1.7737 -6.3583 2.1626, 1.7232 -6.3583 2.0272, 1.6972 -6.3583 1.9797, 1.6366 -6.3583 1.8687, 1.5933 -6.3583 1.8109, 1.5284 -6.3583 1.7241, 1.4646 -6.3583 1.6603, 1.4007 -6.3583 1.5964, 1.3139 -6.3583 1.5315, 1.2561 -6.3583 1.4882, 1.1452 -6.3583 1.4276, 1.0976 -6.3583 1.4016, 0.9622 -6.3583 1.3511, 0.5718 -6.3583 1.2873, 0.7519 -6.3583 1.3001, 0.7696 -6.3583 1.304, 0.9284 -6.3583 1.3385, 0.3917 -6.3583 1.3001, 0.3741 -6.3583 1.304, 0.2152 -6.3583 1.3385, 0.1814 -6.3583 1.3511, 0.046 -6.3583 1.4016, -0.0015 -6.3583 1.4276, -0.1125 -6.3583 1.4882, -0.1703 -6.3583 1.5315, -0.2571 -6.3583 1.5964, -0.3209 -6.3583 1.6603, -0.3848 -6.3583 1.7241, -0.4497 -6.3583 1.8109, -0.493 -6.3583 1.8687, -0.5536 -6.3583 1.9797, -0.5796 -6.3583 2.0272, -0.6301 -6.3583 2.1626, -0.6427 -6.3583 2.1964, -0.6772 -6.3583 2.3552, -0.6811 -6.3583 2.3729, -0.6939 -6.3583 2.553, -0.6811 -6.3583 2.7331, -0.6772 -6.3583 2.7508, -0.6427 -6.3583 2.9096, -0.6301 -6.3583 2.9434, -0.5796 -6.3583 3.0788, -0.5536 -6.3583 3.1263, -0.493 -6.3583 3.2373, -0.4497 -6.3583 3.2951, -0.3848 -6.3583 3.3819, -0.3209 -6.3583 3.4457, -0.2571 -6.3583 3.5096, -0.1703 -6.3583 3.5745, -0.1125 -6.3583 3.6178, -0.0015 -6.3583 3.6784, 0.046 -6.3583 3.7044, 0.1814 -6.3583 3.7549, 0.3917 -6.3583 3.8059, 0.3741 -6.3583 3.802, 0.2152 -6.3583 3.7675, 0.4147 -5.8588 0.7224, 0.4558 -5.8595 0.7193, 0.4656 -5.9884 0.8479, 0.5096 -5.8604 0.7185, 0.5389 -5.9933 0.8505, 0.4507 -5.9874 0.8482, 0.3614 -5.9814 0.8505, 0.3474 -5.8577 0.7276, 0.3598 -5.9812 0.8505, 0.3403 -5.8575 0.7285, 0.3558 -5.981 0.8509, 0.3192 -5.8572 0.7314, 0.2714 -5.9752 0.8582, 0.2394 -5.8558 0.7422, 0.2546 -5.974 0.8596, 0.2236 -5.8555 0.7453, 0.1811 -5.9689 0.8704, 0.1321 -5.8539 0.7633, 0.1521 -5.9668 0.8747, 0.1282 -5.8538 0.7643, 0.1395 -5.9659 0.8773, 0.1115 -5.8535 0.7685, 0.0909 -5.9625 0.8875, 0.0402 -5.8522 0.7866, 0.0475 -5.9594 0.8965, 0.0335 -5.8521 0.7887, 0.001 -5.956 0.9093, -0.06 -5.8504 0.8181, -0.0548 -5.952 0.9245, -0.0636 -5.8503 0.8192, -0.1109 -5.8494 0.8372, -0.0736 -5.9506 0.9309, -0.088 -5.9496 0.9359, -0.152 -5.8486 0.8528, -0.1548 -5.9447 0.9586, -0.1654 -5.8484 0.8579, -0.242 -5.8469 0.8923, -0.1759 -5.9431 0.9672, -0.2651 -5.8465 0.9027, -0.28 -5.9353 1.0118, -0.3233 -5.8465 0.9335, -0.2622 -5.9367 1.0033, -0.2524 -5.9374 0.9985, -1.1064 -5.8465 1.7736, -1.0929 -5.8609 1.7799, -1.104 -5.8594 1.7994, -1.1261 -5.8561 1.8442, -1.152 -5.8523 1.8965, -1.1643 -5.8465 1.9205, -1.1678 -5.8496 1.9332, -1.1869 -5.8465 1.9778, -0.976 -5.8754 1.5939, -0.9912 -5.8737 1.6145, -0.995 -5.8465 1.5685, -1.0688 -5.8465 1.7043, -1.0301 -5.869 1.6742, -1.0504 -5.8666 1.7054, -1.0802 -5.8626 1.7577, -0.824 -5.8911 1.4075, -0.8562 -5.888 1.4427, -0.8586 -5.8465 1.3791, -0.8573 -5.8879 1.444, -0.9469 -5.8465 1.5018, -0.9183 -5.8817 1.5171, -0.9265 -5.8809 1.5269, -0.9692 -5.8762 1.5848, -0.6994 -5.8465 1.2084, -0.6635 -5.9051 1.2552, -0.8003 -5.8465 1.3166, -0.7258 -5.8999 1.3107, -0.7438 -5.8984 1.3267, -0.7925 -5.894 1.3756, -0.8203 -5.8915 1.4035, -0.5797 -5.912 1.1893, -0.6311 -5.8465 1.1516, -0.5074 -5.9177 1.1392, -0.52 -5.8465 1.0591, -0.492 -5.919 1.1285, -0.5838 -5.9116 1.1924, -0.6566 -5.9057 1.2498, -0.6587 -5.9055 1.2514, -0.3466 -5.9303 1.0439, -0.3475 -5.9302 1.0444, -0.4424 -5.8465 1.0095, -0.4003 -5.9261 1.073, -0.4281 -5.9239 1.0898, -0.4763 -5.9202 1.119, -0.6451 -5.8339 1.1621, -0.6321 -5.8344 1.1503, -0.3283 -5.8444 0.9391, -0.4131 -5.8417 0.988, -0.4373 -5.841 1.002, -0.5964 -5.8357 1.118, -0.5718 -5.8365 1.1001, -0.4935 -5.8391 1.0429, -0.444 -5.8408 1.0069, -0.7158 -5.8314 1.2262, -0.7414 -5.8305 1.2493, -0.7816 -5.8289 1.2945, -0.9476 -5.8219 1.5013, -0.9049 -5.8239 1.4416, -0.8735 -5.8253 1.3976, -0.8453 -5.8264 1.366, -0.8008 -5.8282 1.316, -1.0618 -5.8158 1.6885, -1.0138 -5.8186 1.603, -0.9906 -5.8199 1.5615, -0.9614 -5.8212 1.5207, -1.155 -5.8097 1.8882, -1.1455 -5.8104 1.8663, -1.106 -5.8131 1.7761, -1.0887 -5.8143 1.7364, -1.0702 -5.8154 1.7035, -1.2607 -5.8371 2.3117, -1.2689 -5.8357 2.3644, -1.268 -5.7959 2.3807, -1.2638 -5.797 2.3388, -1.2569 -5.7988 2.2708, -1.2457 -5.8397 2.2158, -1.2511 -5.7996 2.2429, -1.2385 -5.841 2.1698, -1.2311 -5.8023 2.1475, -1.2323 -5.8416 2.1469, -1.231 -5.8023 2.1471, -1.2252 -5.8424 2.1205, -1.2164 -5.8042 2.0774, -1.1998 -5.8451 2.0259, -1.2083 -5.8049 2.0525, -1.178 -5.8077 1.959, -1.1653 -5.8088 1.92, -1.2697 -5.8352 2.3805, -1.2711 -5.8345 2.4074, -1.2734 -5.7944 2.4345, -1.2765 -5.7936 2.4661, -1.2758 -5.832 2.5029, -1.2762 -5.7919 2.5297, -1.2786 -5.8305 2.5597, -1.2756 -5.7897 2.617, -1.2764 -5.8295 2.5976, -1.2753 -5.829 2.6169, -1.1616 -5.7736 3.1943, -1.1935 -5.7764 3.1012, -1.1986 -5.8163 3.0826, -1.1998 -5.7769 3.0829, -1.2009 -5.8165 3.0745, -1.2087 -5.7777 3.0567, -1.2274 -5.8192 2.9802, -1.2199 -5.7791 3.007, -1.234 -5.8199 2.9567, -1.2414 -5.7817 2.9116, -1.2461 -5.8218 2.8845, -1.2525 -5.7831 2.8623, -1.2515 -5.8227 2.8522, -1.2537 -5.7834 2.8525, -1.262 -5.8245 2.7888, -1.2578 -5.7844 2.816, -1.2672 -5.8253 2.758, -1.2688 -5.7869 2.7201, -1.2709 -5.827 2.693, -1.2754 -5.7885 2.6622, -1.2756 -5.7895 2.6247, -1.1797 -5.8143 3.1497, -1.1722 -5.8138 3.1684, -1.1439 -5.7721 3.246, -1.1355 -5.811 3.2597, -1.1254 -5.7709 3.2856, -1.1174 -5.8097 3.3047, -1.1166 -5.7703 3.3043, -1.1052 -5.8088 3.335, -1.0837 -5.7682 3.3747, -1.0971 -5.8083 3.3501, -1.0595 -5.7666 3.4264, -1.0509 -5.8056 3.4368, -1.0382 -5.7654 3.4615, -1.0066 -5.7638 3.5136, -1.0117 -5.8033 3.5104, -1.0087 -5.8031 3.5148, -1.0034 -5.8029 3.5225, -0.8748 -5.7575 3.7032, -0.9336 -5.7601 3.6262, -0.9485 -5.8002 3.6031, -0.9567 -5.7611 3.5958, -0.9874 -5.7628 3.5452, -0.8999 -5.7979 3.6746, -0.8931 -5.7976 3.6827, -0.8715 -5.7574 3.7076, -0.8718 -5.7967 3.7077, -0.8374 -5.7558 3.7522, -0.8307 -5.795 3.7561, -0.8137 -5.7549 3.7772, -0.7482 -5.7525 3.8465, -0.6996 -5.79 3.8939, -0.6304 -5.7876 3.9596, -0.6078 -5.7474 3.9754, -0.6303 -5.7876 3.9597, -0.5518 -5.7455 4.0232, -0.5537 -5.785 4.0183, -0.5329 -5.7449 4.0361, -0.7731 -5.7927 3.8239, -0.7683 -5.7925 3.8284, -0.7132 -5.7511 3.8834, -0.712 -5.7905 3.882, -0.703 -5.7508 3.8942, -0.6807 -5.75 3.9132, -0.3338 -5.7384 4.1641, -0.3709 -5.7396 4.1443, -0.3936 -5.7797 4.1284, -0.3855 -5.74 4.1365, -0.4703 -5.7822 4.082, -0.4525 -5.7422 4.0908, -0.5327 -5.7449 4.0362, -0.5318 -5.7842 4.035, -0.4766 -5.7824 4.0772, -0.1205 -5.7318 4.2661, -0.197 -5.7341 4.2354, -0.2214 -5.7743 4.2218, -0.2086 -5.7345 4.2308, -0.2985 -5.7766 4.1859, -0.2843 -5.7369 4.1904, -0.3098 -5.777 4.1791, -0.3339 -5.7778 4.1645, -0.1321 -5.7715 4.2634, -0.1214 -5.7712 4.2684, -0.1173 -5.7711 4.2703, 0.0805 -5.726 4.3342, -0.014 -5.7287 4.3077, -0.0397 -5.7688 4.2967, -0.0235 -5.7289 4.305, -0.1056 -5.7314 4.2721, 0.0534 -5.7661 4.3283, 0.0712 -5.7656 4.3344, 0.1039 -5.7253 4.3408, 0.1035 -5.7647 4.3416, 0.1677 -5.7235 4.3587, 0.1484 -5.7634 4.3517, 0.1749 -5.7233 4.3599, 0.271 -5.7206 4.3761, 0.2436 -5.7607 4.373, 0.2642 -5.7601 4.3777, 0.3358 -5.7188 4.387, 0.3359 -5.7582 4.3858, 0.362 -5.7181 4.3915, 0.3395 -5.7581 4.3863, 0.3665 -5.718 4.3917, 0.4624 -5.7155 4.3978, 0.4353 -5.7555 4.3972, 0.4594 -5.7549 4.4, 0.5498 -5.7132 4.4033, 0.5306 -5.753 4.4021, 0.5575 -5.713 4.4033, 0.5718 -5.752 4.4034, 0.5718 -5.7126 4.4034, 0.6524 -5.7105 4.399, 0.6254 -5.7506 4.4005, 0.7481 -5.708 4.3939, 0.7209 -5.7481 4.3954, 0.7708 -5.7074 4.3927, 0.7708 -5.7467 4.3927, 0.813 -5.7062 4.3858, 0.813 -5.7456 4.3858, 0.8166 -5.7455 4.3852, 0.8437 -5.7054 4.3807, 1.3131 -5.6919 4.2466, 1.279 -5.6929 4.2602, 1.2871 -5.732 4.2569, 0.9397 -5.7027 4.365, 0.9124 -5.7429 4.3695, 0.9697 -5.7019 4.3601, 0.9697 -5.7413 4.3601, 1.0345 -5.7001 4.3421, 1.0078 -5.7402 4.3495, 1.05 -5.6996 4.3378, 1.05 -5.739 4.3378, 1.1291 -5.6974 4.3158, 1.1023 -5.7375 4.3233, 1.1629 -5.6964 4.3064, 1.1629 -5.7358 4.3064, 1.2216 -5.6946 4.2831, 1.1957 -5.7348 4.2934, 1.279 -5.7323 4.2602, 1.5717 -5.6838 4.1074, 1.5241 -5.6853 4.1395, 1.5488 -5.7239 4.1229, 1.3484 -5.6908 4.2325, 1.3484 -5.7302 4.2325, 1.4017 -5.6892 4.2043, 1.377 -5.7293 4.2174, 1.4885 -5.6864 4.1584, 1.4639 -5.7266 4.1714, 1.4963 -5.6862 4.1542, 1.4963 -5.7256 4.1542, 1.5241 -5.7247 4.1395, 1.6525 -5.6811 4.0529, 1.6296 -5.7212 4.0683, 1.6878 -5.68 4.029, 1.6878 -5.7193 4.029, 1.6978 -5.6796 4.0205, 1.6978 -5.719 4.0205, 1.7082 -5.7186 4.0117, 1.7292 -5.6785 3.9941, 1.8026 -5.676 3.9322, 1.7819 -5.7161 3.9497, 1.8377 -5.6748 3.9027, 1.8377 -5.7141 3.9027, 1.8532 -5.7135 3.8864, 1.8718 -5.6735 3.867, 1.8786 -5.7126 3.8599, 1.8786 -5.6732 3.8599, 2.1156 -5.6632 3.5703, 2.0984 -5.6642 3.5988, 2.1013 -5.7034 3.5939, 2.1664 -5.6606 3.4868, 1.9376 -5.671 3.7983, 1.9189 -5.7111 3.8178, 1.9756 -5.6696 3.7586, 1.9756 -5.7089 3.7586, 2.0005 -5.6685 3.7261, 1.9839 -5.7086 3.7478, 2.0377 -5.6668 3.6778, 2.0377 -5.7062 3.6778, 2.0594 -5.6659 3.6495, 2.0426 -5.706 3.6713, 2.0984 -5.7035 3.5988, 2.2806 -5.6535 3.2608, 2.2564 -5.6551 3.3125, 2.2446 -5.6953 3.3377, 2.2029 -5.698 3.4267, 2.2147 -5.6579 3.4015, 2.2027 -5.6586 3.4272, 2.2027 -5.698 3.4272, 2.1724 -5.6602 3.477, 2.1724 -5.6996 3.477, 2.152 -5.7007 3.5105, 2.2806 -5.6929 3.2608, 2.2863 -5.6925 3.2486, 2.2875 -5.6531 3.2461, 2.2875 -5.6925 3.2461, 2.2956 -5.6524 3.2224, 2.3275 -5.6497 3.1293, 2.3185 -5.6898 3.1557, 2.352 -5.6476 3.0578, 2.3503 -5.6871 3.0628, 2.352 -5.6869 3.0578, 2.357 -5.647 3.0358, 2.3579 -5.6862 3.0316, 2.3579 -5.6468 3.0316, 2.3786 -5.6443 2.9404, 2.3725 -5.6844 2.9674, 2.3957 -5.6421 2.8648, 2.394 -5.6817 2.8723, 2.3957 -5.6815 2.8648, 2.398 -5.6416 2.8451, 2.404 -5.6796 2.7942, 2.404 -5.6402 2.7942, 2.4093 -5.639 2.749, 2.4061 -5.6791 2.7762, 2.4185 -5.6369 2.6697, 2.4173 -5.6766 2.6806, 2.4185 -5.6763 2.6697, 2.4187 -5.6365 2.6535, 2.4196 -5.634 2.5583, 2.4204 -5.6711 2.4712, 2.4129 -5.6691 2.395, 2.4102 -5.629 2.3678, 2.4046 -5.6275 2.3116, 2.4196 -5.6315 2.4633, 2.4204 -5.6317 2.4712, 2.4202 -5.6716 2.4903, 2.4196 -5.6339 2.553, 2.4196 -5.6732 2.553, 2.4193 -5.6741 2.5852, 2.4006 -5.6658 2.2712, 2.3864 -5.6639 2.2035, 2.3807 -5.6237 2.1764, 2.3606 -5.6211 2.0807, 2.3663 -5.6612 2.1079, 2.3593 -5.6209 2.0745, 2.3593 -5.6603 2.0745, 2.3591 -5.6603 2.0741, 2.4046 -5.6668 2.3116, 2.4034 -5.6665 2.2989, 2.4007 -5.6264 2.2716, 2.4006 -5.6264 2.2712, 2.2797 -5.6142 1.8456, 2.2971 -5.6153 1.8842, 2.2971 -5.6547 1.8842, 2.3089 -5.6558 1.9203, 2.3002 -5.6156 1.8938, 2.3394 -5.6585 2.0138, 2.3308 -5.6184 1.9873, 2.3591 -5.6209 2.0741, 2.2797 -5.6535 1.8456, 2.2723 -5.653 1.8291, 2.2608 -5.6129 1.8037, 2.2204 -5.6102 1.7141, 2.2318 -5.6503 1.7394, 2.2151 -5.6098 1.7025, 2.2151 -5.6492 1.7025, 2.1721 -5.6075 1.6291, 2.186 -5.6476 1.6528, 2.1721 -5.6468 1.6291, 2.1719 -5.6075 1.6288, 2.1223 -5.6048 1.5445, 2.1363 -5.6449 1.5683, 2.1147 -5.6044 1.5315, 2.1147 -5.6437 1.5315, 2.0657 -5.6021 1.4654, 2.0821 -5.6422 1.4876, 2.0379 -5.6009 1.428, 2.0379 -5.6402 1.428, 2.0244 -5.6396 1.4097, 2.0081 -5.5995 1.3877, 1.9974 -5.6384 1.3734, 1.9974 -5.599 1.3734, 1.7324 -5.6287 1.1118, 1.7324 -5.5893 1.1118, 1.7387 -5.5895 1.1175, 1.9449 -5.597 1.3156, 1.9631 -5.6371 1.3357, 1.8808 -5.5945 1.2452, 1.8989 -5.6346 1.2651, 1.8802 -5.5945 1.2446, 1.8802 -5.6339 1.2446, 1.8101 -5.592 1.1816, 1.8303 -5.6321 1.1997, 1.759 -5.6296 1.1357, 1.5218 -5.6217 0.9676, 1.4957 -5.6209 0.9528, 1.4976 -5.5816 0.9539, 1.4957 -5.5815 0.9528, 1.5689 -5.6232 0.9942, 1.5689 -5.5838 0.9942, 1.5818 -5.5843 1.0035, 1.6972 -5.5881 1.0865, 1.6972 -5.6275 1.0865, 1.6608 -5.5869 1.0603, 1.6831 -5.627 1.0764, 1.6042 -5.6244 1.0196, 1.2789 -5.5748 0.8458, 1.3228 -5.5761 0.8647, 1.3485 -5.6163 0.8757, 1.3943 -5.6177 0.8955, 1.3943 -5.5783 0.8955, 1.4122 -5.5789 0.9056, 1.4364 -5.619 0.9193, 1.2789 -5.6142 0.8458, 1.2581 -5.6135 0.8368, 1.2324 -5.5734 0.8257, 1.2109 -5.6121 0.8165, 1.2109 -5.5727 0.8165, 1.1394 -5.5707 0.7944, 1.166 -5.6108 0.8026, 1.0503 -5.5681 0.767, 1.0721 -5.6081 0.7737, 1.0503 -5.6075 0.767, 1.0456 -5.568 0.7655, 1.0209 -5.6066 0.7579, 1.0209 -5.5672 0.7579, 0.8271 -5.6012 0.7203, 0.8271 -5.5619 0.7203, 0.8547 -5.5626 0.7257, 0.9503 -5.5653 0.7442, 0.9774 -5.6054 0.7495, 0.8817 -5.6027 0.7309, 0.8133 -5.5615 0.7191, 0.8133 -5.6009 0.7191, 0.7588 -5.56 0.7145, 0.7861 -5.6001 0.7168, 0.6632 -5.5575 0.7063, 0.6902 -5.5976 0.7086, 0.6317 -5.5567 0.7036, 0.6317 -5.596 0.7036, 0.5718 -5.5551 0.7026, 0.5951 -5.5951 0.703, 0.5718 -5.5945 0.7026, -0.724 -5.4366 3.8728, -0.7366 -5.437 3.8614, -0.7366 -5.4764 3.8614, -0.9691 -5.4468 3.5772, -0.9711 -5.4469 3.5745, -0.9711 -5.4862 3.5745, -1.2565 -5.4836 2.2791, -1.2521 -5.4847 2.2412, -1.2534 -5.5238 2.2518, 0.5682 -5.555 0.7028, 0.118 -5.5822 0.7614, 0.0936 -5.5815 0.7682, 0.0936 -5.5421 0.7682, 0.4732 -5.5525 0.7079, 0.5002 -5.5926 0.7065, 0.3773 -5.55 0.7131, 0.4046 -5.5901 0.7116, 0.3728 -5.5499 0.7133, 0.3728 -5.5893 0.7133, 0.3306 -5.5487 0.7202, 0.3306 -5.5881 0.7202, 0.3089 -5.5875 0.7238, 0.174 -5.5838 0.7459, 0.174 -5.5444 0.7459, 0.213 -5.5849 0.7395, 0.1857 -5.5448 0.744, 0.2818 -5.5474 0.7282, -0.1354 -5.5354 0.8458, -0.0953 -5.5366 0.8298, -0.0694 -5.5768 0.8195, -0.0193 -5.5783 0.7996, -0.0193 -5.5389 0.7996, 0.0235 -5.5795 0.7877, -0.0034 -5.5394 0.7951, 0.0912 -5.5421 0.7689, -0.1354 -5.5748 0.8458, -0.1608 -5.574 0.8559, -0.1867 -5.5339 0.8663, -0.2048 -5.5727 0.8735, -0.2048 -5.5334 0.8735, -0.2745 -5.5312 0.9103, -0.2498 -5.5713 0.8973, -0.3527 -5.5287 0.9518, -0.3367 -5.5686 0.9433, -0.3527 -5.5681 0.9518, -0.3612 -5.5285 0.9563, -0.3805 -5.5672 0.9665, -0.3805 -5.5279 0.9665, -0.5441 -5.5618 1.077, -0.5441 -5.5225 1.077, -0.524 -5.5231 1.0634, -0.4434 -5.5258 1.009, -0.4205 -5.5659 0.9935, -0.5012 -5.5633 1.048, -0.5542 -5.5221 1.0855, -0.5542 -5.5615 1.0855, -0.5995 -5.5206 1.1236, -0.5786 -5.5607 1.106, -0.6728 -5.518 1.1855, -0.6521 -5.5581 1.168, -0.694 -5.5567 1.2033, -0.694 -5.5173 1.2033, -0.722 -5.5556 1.2326, -0.735 -5.5157 1.2461, -0.735 -5.5551 1.2461, -0.7406 -5.5155 1.252, -1.0288 -5.5028 1.629, -0.9816 -5.5053 1.5514, -0.9672 -5.5454 1.5278, -0.9547 -5.5067 1.5072, -0.9547 -5.5461 1.5072, -0.8064 -5.5131 1.3208, -0.7877 -5.5531 1.3012, -0.8319 -5.5121 1.3474, -0.8319 -5.5515 1.3474, -0.868 -5.5105 1.3943, -0.8513 -5.5506 1.3726, -0.894 -5.5094 1.4282, -0.894 -5.5487 1.4282, -0.9102 -5.548 1.4492, -0.9269 -5.5079 1.4711, -1.018 -5.5427 1.6113, -1.0288 -5.5421 1.629, -1.0324 -5.5026 1.635, -1.0591 -5.5405 1.6788, -1.0591 -5.5012 1.6788, -1.0789 -5.4999 1.7213, -1.0671 -5.54 1.6961, -1.1207 -5.4971 1.8104, -1.1088 -5.5373 1.7851, -1.137 -5.4961 1.8452, -1.137 -5.5354 1.8452, -1.1439 -5.4956 1.8599, -1.1439 -5.535 1.8599, -1.158 -5.4944 1.9012, -1.149 -5.5345 1.8748, -1.1899 -5.4917 1.9943, -1.1809 -5.5318 1.9679, -1.2084 -5.4901 2.0482, -1.2084 -5.5295 2.0482, -1.2113 -5.5291 2.0612, -1.2143 -5.4894 2.0744, -1.2143 -5.5287 2.0744, -1.2175 -5.489 2.0882, -1.2391 -5.4863 2.1836, -1.233 -5.5264 2.1566, -1.2521 -5.524 2.2412, -1.2604 -5.4828 2.3118, -1.2604 -5.5221 2.3118, -1.2678 -5.4811 2.3751, -1.2646 -5.5212 2.3479, -1.2749 -5.4794 2.4363, -1.2749 -5.5188 2.4363, -1.275 -5.5186 2.4434, -1.2752 -5.4785 2.4705, -1.276 -5.4764 2.553, -1.261 -5.47 2.7944, -1.2648 -5.471 2.7563, -1.2674 -5.5111 2.7291, -1.2768 -5.5136 2.6348, -1.2759 -5.5161 2.5387, -1.276 -5.5158 2.553, -1.2761 -5.4761 2.5656, -1.2768 -5.5137 2.6337, -1.2768 -5.4743 2.6348, -1.2742 -5.4736 2.6607, -1.2119 -5.4631 3.043, -1.2155 -5.4634 3.0319, -1.2155 -5.5028 3.0319, -1.2156 -5.4634 3.0315, -1.2156 -5.5028 3.0315, -1.2189 -5.5032 3.0162, -1.239 -5.5059 2.9206, -1.2333 -5.4658 2.9476, -1.257 -5.5083 2.8348, -1.2533 -5.4684 2.8523, -1.257 -5.4689 2.8348, -1.2579 -5.5085 2.8253, -1.261 -5.5094 2.7944, -1.1535 -5.4579 3.2218, -1.1535 -5.4972 3.2218, -1.15 -5.4576 3.2295, -1.1361 -5.4961 3.2604, -1.1361 -5.4567 3.2604, -1.1814 -5.4604 3.1364, -1.19 -5.5005 3.1099, -1.1595 -5.4978 3.2034, -1.1095 -5.4549 3.3192, -1.121 -5.495 3.2938, -1.0715 -5.4523 3.4035, -1.0806 -5.4923 3.3835, -1.0715 -5.4917 3.4035, -1.0686 -5.4522 3.4086, -1.0329 -5.4896 3.4692, -1.0284 -5.45 3.4769, -1.0284 -5.4894 3.4769, -1.0189 -5.4495 3.4931, -0.9834 -5.4869 3.5536, -0.8943 -5.4828 3.678, -0.8943 -5.4434 3.678, -0.9112 -5.4442 3.6553, -0.9276 -5.4843 3.6332, -0.8538 -5.4416 3.7326, -0.8699 -5.4817 3.711, -0.8538 -5.4809 3.7326, -0.7432 -5.4766 3.8542, -0.8073 -5.4791 3.7837, -0.7891 -5.439 3.8038, -0.8536 -5.4416 3.7329, -0.5888 -5.4318 3.9941, -0.5888 -5.4712 3.9941, -0.5809 -5.4315 3.9999, -0.5536 -5.47 4.0195, -0.5536 -5.4306 4.0195, -0.653 -5.4341 3.9365, -0.6732 -5.4741 3.9184, -0.6018 -5.4716 3.9824, -0.5023 -5.4289 4.0564, -0.5246 -5.469 4.0403, -0.4253 -5.4263 4.1118, -0.4456 -5.4664 4.0971, -0.4253 -5.4657 4.1118, -0.423 -5.4263 4.113, -0.362 -5.4637 4.1476, -0.3521 -5.424 4.1532, -0.3521 -5.4634 4.1532, -0.3378 -5.4236 4.1612, -0.2524 -5.4209 4.2096, -0.2766 -5.461 4.1959, -0.2507 -5.4208 4.2105, -0.2507 -5.4602 4.2105, -0.1621 -5.4181 4.2487, -0.1878 -5.4583 4.2376, -0.1353 -5.4173 4.2602, -0.1353 -5.4567 4.2602, -0.0718 -5.4154 4.2876, -0.0974 -5.4555 4.2766, -0.0673 -5.4153 4.2895, -0.0673 -5.4546 4.2895, 0.022 -5.4127 4.317, -0.0046 -5.4528 4.3088, 0.0933 -5.4106 4.339, 0.0892 -5.4501 4.3377, 0.0933 -5.45 4.339, 0.1157 -5.41 4.3459, 0.1227 -5.4491 4.3481, 0.1227 -5.4098 4.3481, 0.2114 -5.4073 4.3653, 0.1843 -5.4474 4.36, 0.3069 -5.4047 4.3838, 0.2799 -5.4448 4.3786, 0.3165 -5.4044 4.3857, 0.3165 -5.4438 4.3857, 0.3303 -5.404 4.3869, 0.3303 -5.4434 4.3869, 0.4029 -5.4021 4.3931, 0.3757 -5.4422 4.3908, 0.4984 -5.3995 4.4013, 0.4714 -5.4396 4.399, 0.5119 -5.3992 4.4024, 0.5718 -5.437 4.4034, 0.5718 -5.3976 4.4034, 0.5665 -5.4371 4.4033, 0.5119 -5.4386 4.4024, 2.1857 -5.3446 3.4551, 2.1724 -5.3453 3.477, 2.1724 -5.3847 3.477, 0.7572 -5.4321 4.3934, 0.7708 -5.4318 4.3927, 0.7708 -5.3924 4.3927, 0.7843 -5.392 4.3905, 0.813 -5.4306 4.3858, 0.813 -5.3913 4.3858, 0.6614 -5.4347 4.3986, 0.6885 -5.3946 4.3971, 0.5933 -5.3971 4.4022, 0.8799 -5.3894 4.3748, 0.8528 -5.4295 4.3793, 0.9697 -5.387 4.3601, 1.05 -5.424 4.3378, 1.138 -5.4215 4.3134, 1.1629 -5.3814 4.3064, 1.1629 -5.4208 4.3064, 1.1648 -5.3814 4.3057, 0.9488 -5.4269 4.3635, 0.9697 -5.4263 4.3601, 0.9759 -5.3868 4.3584, 1.0435 -5.4242 4.3396, 1.05 -5.3847 4.3378, 1.0702 -5.3841 4.3322, 1.2562 -5.3786 4.2693, 1.2303 -5.4188 4.2796, 1.279 -5.378 4.2602, 1.279 -5.4173 4.2602, 1.3476 -5.3759 4.2329, 1.3217 -5.416 4.2432, 1.3484 -5.4152 4.2325, 1.3484 -5.3759 4.2325, 1.4345 -5.3732 4.187, 1.4099 -5.4133 4.2, 1.4963 -5.3712 4.1542, 1.4963 -5.4106 4.1542, 1.4966 -5.4106 4.1541, 1.5212 -5.3705 4.1411, 1.5241 -5.4097 4.1395, 1.6601 -5.4053 4.0477, 1.6878 -5.4044 4.029, 1.6828 -5.3652 4.0323, 1.6878 -5.365 4.029, 1.5794 -5.4079 4.1022, 1.6023 -5.3678 4.0867, 1.5241 -5.3704 4.1395, 1.6978 -5.3646 4.0205, 1.6978 -5.404 4.0205, 1.757 -5.3626 3.9706, 1.7361 -5.4027 3.9882, 1.8302 -5.3601 3.9089, 1.8096 -5.4001 3.9264, 1.8377 -5.3598 3.9027, 1.8377 -5.3992 3.9027, 1.878 -5.3977 3.8605, 1.8786 -5.3583 3.8599, 1.8786 -5.3976 3.8599, 1.8966 -5.3576 3.8411, 2.006 -5.3926 3.7189, 2.0377 -5.3912 3.6778, 2.0227 -5.3525 3.6972, 1.9756 -5.394 3.7586, 1.9756 -5.3546 3.7586, 1.9626 -5.3551 3.7722, 1.9438 -5.3952 3.7918, 2.1713 -5.3847 3.4789, 2.1204 -5.3874 3.5625, 2.1348 -5.3473 3.5388, 2.0984 -5.3886 3.5988, 2.0984 -5.3492 3.5988, 2.065 -5.39 3.6422, 2.0817 -5.3499 3.6204, 2.0377 -5.3519 3.6778, 2.2027 -5.3437 3.4272, 2.2027 -5.3831 3.4272, 2.2304 -5.3419 3.3679, 2.2186 -5.382 3.3931, 2.2722 -5.3391 3.2788, 2.2604 -5.3793 3.3041, 2.2806 -5.3386 3.2608, 2.2806 -5.378 3.2608, 2.2875 -5.3381 3.2461, 2.2875 -5.3775 3.2461, 2.3077 -5.3364 3.1872, 2.2986 -5.3765 3.2136, 2.3396 -5.3337 3.0942, 2.3305 -5.3738 3.1205, 2.352 -5.3326 3.0578, 2.352 -5.372 3.0578, 2.3579 -5.3319 3.0316, 2.3579 -5.3712 3.0316, 2.3652 -5.331 2.9997, 2.359 -5.3711 3.0268, 2.3868 -5.3283 2.9044, 2.3807 -5.3684 2.9314, 2.3957 -5.3272 2.8648, 2.3957 -5.3666 2.8648, 2.3991 -5.3658 2.836, 2.4023 -5.3257 2.8087, 2.404 -5.3647 2.7942, 2.404 -5.3253 2.7942, 2.3932 -5.3104 2.2357, 2.4006 -5.3114 2.2712, 2.3988 -5.3506 2.2627, 2.3731 -5.3078 2.1403, 2.3788 -5.3479 2.1674, 2.3593 -5.3059 2.0745, 2.4135 -5.3231 2.7128, 2.4103 -5.3632 2.7399, 2.4185 -5.3219 2.6697, 2.4185 -5.3613 2.6697, 2.419 -5.3206 2.6175, 2.4188 -5.3606 2.6445, 2.4196 -5.3189 2.553, 2.4196 -5.3583 2.553, 2.4199 -5.3181 2.5225, 2.4197 -5.3582 2.5494, 2.4204 -5.3168 2.4712, 2.4204 -5.3561 2.4712, 2.4161 -5.3156 2.4273, 2.4187 -5.3557 2.4543, 2.4066 -5.313 2.3315, 2.4093 -5.3531 2.3588, 2.4046 -5.3125 2.3116, 2.4046 -5.3519 2.3116, 2.4006 -5.3508 2.2712, 2.2971 -5.3004 1.8842, 2.2971 -5.3398 1.8842, 2.286 -5.2996 1.8595, 2.2797 -5.3386 1.8456, 2.2797 -5.2992 1.8456, 2.3593 -5.3453 2.0745, 2.3591 -5.3453 2.0741, 2.3591 -5.3059 2.0741, 2.3584 -5.3452 2.0718, 2.3497 -5.3051 2.0454, 2.3192 -5.3024 1.952, 2.3279 -5.3425 1.9785, 2.2974 -5.3398 1.885, 2.2455 -5.2969 1.7698, 2.257 -5.337 1.7952, 2.2151 -5.2949 1.7025, 2.2166 -5.3343 1.7056, 2.2151 -5.3342 1.7025, 2.2028 -5.2942 1.6814, 2.1721 -5.2925 1.6291, 2.1721 -5.3319 1.6291, 2.1672 -5.3316 1.6208, 2.1531 -5.2915 1.5969, 2.1147 -5.2894 1.5315, 2.1177 -5.3289 1.5365, 2.1147 -5.3288 1.5315, 2.1017 -5.2888 1.514, 2.0439 -5.2862 1.436, 2.0602 -5.3263 1.4581, 2.0379 -5.3253 1.428, 2.0379 -5.2859 1.428, 2.0027 -5.3237 1.3804, 1.9974 -5.2841 1.3734, 1.9974 -5.3235 1.3734, 1.985 -5.2836 1.3597, 1.7324 -5.2743 1.1118, 1.7319 -5.3137 1.1115, 1.7097 -5.2736 1.0955, 1.6972 -5.3125 1.0865, 1.6972 -5.2731 1.0865, 1.9206 -5.2811 1.2889, 1.9388 -5.3212 1.3089, 1.8802 -5.2795 1.2446, 1.8802 -5.3189 1.2446, 1.8542 -5.2786 1.2212, 1.8742 -5.3187 1.2392, 1.7832 -5.2761 1.1574, 1.8034 -5.3162 1.1756, 1.7324 -5.3137 1.1118, 1.631 -5.2709 1.0389, 1.6533 -5.3111 1.055, 1.5689 -5.2689 0.9942, 1.2887 -5.2601 0.85, 1.3791 -5.2629 0.8889, 1.3943 -5.3027 0.8955, 1.3943 -5.2633 0.8955, 1.4041 -5.303 0.901, 1.4895 -5.3057 0.9493, 1.5743 -5.3084 0.9981, 1.5689 -5.3082 0.9942, 1.5506 -5.2683 0.9839, 1.4957 -5.3059 0.9528, 1.4957 -5.2665 0.9528, 1.4653 -5.2656 0.9356, 1.3143 -5.3003 0.861, 1.2789 -5.2992 0.8458, 1.2789 -5.2598 0.8458, 1.2239 -5.2975 0.8221, 1.2109 -5.2578 0.8165, 1.2109 -5.2972 0.8165, 1.1978 -5.2574 0.8124, 1.1039 -5.2547 0.7835, 1.1305 -5.2948 0.7917, 1.0503 -5.2531 0.767, 1.0503 -5.2925 0.767, 1.0367 -5.2921 0.7628, 1.0209 -5.2523 0.7579, 1.0209 -5.2917 0.7579, 1.0099 -5.252 0.7558, 0.9141 -5.2493 0.7372, 0.9412 -5.2894 0.7425, 0.8271 -5.2469 0.7203, 0.8457 -5.2868 0.7239, 0.8271 -5.2863 0.7203, 0.8187 -5.2467 0.7196, 0.8133 -5.2859 0.7191, 0.8133 -5.2465 0.7191, 0.7226 -5.2441 0.7114, 0.7498 -5.2842 0.7137, 0.6317 -5.2417 0.7036, 0.6542 -5.2817 0.7055, 0.6317 -5.2811 0.7036, 0.6273 -5.2416 0.7035, 0.5718 -5.2795 0.7026, 0.5718 -5.2402 0.7026, -0.5512 -5.1156 4.0212, -0.5536 -5.1157 4.0195, -0.5536 -5.155 4.0195, 0.3728 -5.2349 0.7133, 0.3683 -5.2742 0.7141, 0.3413 -5.2341 0.7185, 0.3306 -5.2731 0.7202, 0.3306 -5.2338 0.7202, 0.5324 -5.2391 0.7047, 0.5593 -5.2792 0.7033, 0.437 -5.2366 0.7099, 0.4642 -5.2767 0.7084, 0.3728 -5.2743 0.7133, 0.1499 -5.2288 0.7526, 0.174 -5.2295 0.7459, 0.174 -5.2688 0.7459, 0.2456 -5.2314 0.7342, 0.2728 -5.2716 0.7297, 0.1766 -5.2689 0.7454, -0.0384 -5.2234 0.8072, -0.0193 -5.2239 0.7996, -0.0193 -5.2633 0.7996, -0.1298 -5.2206 0.8436, -0.1039 -5.2608 0.8333, -0.1354 -5.2205 0.8458, 0.0936 -5.2272 0.7682, 0.0936 -5.2665 0.7682, 0.0555 -5.2261 0.7788, 0.0823 -5.2662 0.7713, -0.0123 -5.2635 0.7976, -0.1354 -5.2598 0.8458, -0.1953 -5.258 0.8697, -0.2048 -5.2184 0.8735, -0.2048 -5.2578 0.8735, -0.2204 -5.2179 0.8817, -0.3073 -5.2152 0.9277, -0.2827 -5.2553 0.9147, -0.3527 -5.2138 0.9518, -0.3527 -5.2531 0.9518, -0.3694 -5.2526 0.9606, -0.3805 -5.2129 0.9665, -0.3805 -5.2523 0.9665, -0.393 -5.2125 0.9749, -0.4739 -5.2098 1.0296, -0.451 -5.2499 1.0141, -0.5441 -5.2075 1.077, -0.5316 -5.2473 1.0685, -0.5441 -5.2469 1.077, -0.5536 -5.2072 1.0849, -0.5542 -5.2465 1.0855, -0.5542 -5.2072 1.0855, -0.6273 -5.2046 1.1471, -0.6064 -5.2447 1.1295, -0.694 -5.2023 1.2033, -0.6797 -5.2422 1.1913, -0.694 -5.2417 1.2033, -0.6998 -5.2021 1.2093, -0.735 -5.2401 1.2461, -0.735 -5.2008 1.2461, -0.7468 -5.2397 1.2584, -1.0288 -5.1878 1.629, -1.0008 -5.1893 1.583, -0.9864 -5.2294 1.5593, -0.9547 -5.2311 1.5072, -0.9547 -5.1917 1.5072, -0.9325 -5.2321 1.4783, -0.9493 -5.192 1.5002, -0.894 -5.2338 1.4282, -0.894 -5.1944 1.4282, -0.8735 -5.2347 1.4015, -0.8902 -5.1946 1.4232, -0.8319 -5.2365 1.3474, -0.8319 -5.1971 1.3474, -0.8127 -5.2372 1.3273, -0.8315 -5.1972 1.3469, -0.7654 -5.1996 1.2779, -1.0288 -5.2272 1.629, -1.0373 -5.2267 1.6429, -1.0517 -5.1866 1.6667, -1.0591 -5.2256 1.6788, -1.0591 -5.1862 1.6788, -1.0947 -5.1839 1.7549, -1.0829 -5.224 1.7297, -1.1364 -5.1811 1.844, -1.1246 -5.2213 1.8188, -1.137 -5.1811 1.8452, -1.137 -5.2205 1.8452, -1.1439 -5.1807 1.8599, -1.1439 -5.22 1.8599, -1.1701 -5.1784 1.9364, -1.161 -5.2186 1.91, -1.2019 -5.1757 2.0294, -1.1929 -5.2158 2.003, -1.2084 -5.1751 2.0482, -1.2084 -5.2145 2.0482, -1.2143 -5.1744 2.0744, -1.2143 -5.2138 2.0744, -1.2195 -5.2131 2.0973, -1.2256 -5.173 2.1243, -1.2472 -5.1703 2.2195, -1.2411 -5.2104 2.1926, -1.2521 -5.1697 2.2412, -1.2521 -5.2091 2.2412, -1.2604 -5.1678 2.3118, -1.2576 -5.2078 2.2882, -1.2604 -5.2072 2.3118, -1.2608 -5.1677 2.3154, -1.2639 -5.1952 2.7654, -1.261 -5.1944 2.7944, -1.2612 -5.1551 2.7926, -1.261 -5.155 2.7944, -1.272 -5.1651 2.4112, -1.2688 -5.2052 2.3841, -1.2749 -5.1645 2.4363, -1.2749 -5.2038 2.4363, -1.2756 -5.1626 2.5065, -1.2753 -5.2027 2.4795, -1.276 -5.1614 2.553, -1.276 -5.2008 2.553, -1.2762 -5.2002 2.5745, -1.2733 -5.1977 2.6697, -1.2707 -5.1576 2.6967, -1.2768 -5.1987 2.6348, -1.2768 -5.1593 2.6348, -1.2765 -5.1602 2.6015, -1.257 -5.154 2.8348, -1.257 -5.1933 2.8348, -1.2458 -5.1525 2.8883, -1.2514 -5.1926 2.8613, -1.2257 -5.1498 2.9838, -1.2314 -5.1899 2.9567, -1.2156 -5.1485 3.0315, -1.1535 -5.1429 3.2218, -1.1698 -5.1444 3.1717, -1.1785 -5.1845 3.1452, -1.209 -5.1872 3.0518, -1.2156 -5.1878 3.0315, -1.2155 -5.1878 3.0319, -1.2155 -5.1484 3.0319, -1.2004 -5.1471 3.0783, -1.1535 -5.1823 3.2218, -1.1462 -5.1818 3.238, -1.1361 -5.1417 3.2604, -1.1361 -5.1811 3.2604, -1.1347 -5.1416 3.2634, -1.0943 -5.1389 3.3531, -1.1057 -5.1791 3.3277, -1.0715 -5.1374 3.4035, -1.0715 -5.1767 3.4035, -1.0498 -5.1362 3.4405, -1.0639 -5.1763 3.4166, -1.0284 -5.135 3.4769, -1.0284 -5.1744 3.4769, -1.0001 -5.1335 3.525, -1.0142 -5.1736 3.5011, -0.9711 -5.1319 3.5745, -0.9711 -5.1713 3.5745, -0.9472 -5.1308 3.6068, -0.9636 -5.1709 3.5846, -0.8943 -5.1284 3.678, -0.9057 -5.1683 3.6627, -0.8943 -5.1678 3.678, -0.8894 -5.1282 3.6847, -0.8538 -5.166 3.7326, -0.8538 -5.1266 3.7326, -0.8475 -5.1657 3.7396, -0.8292 -5.1256 3.7597, -0.5735 -5.1557 4.0052, -0.5888 -5.1168 3.9941, -0.5888 -5.1562 3.9941, -0.7649 -5.1231 3.8304, -0.783 -5.1632 3.8104, -0.7366 -5.122 3.8614, -0.7366 -5.1614 3.8614, -0.7173 -5.1607 3.8788, -0.6463 -5.1582 3.9425, -0.6261 -5.1182 3.9607, -0.6972 -5.1207 3.8968, -0.4724 -5.113 4.0779, -0.4948 -5.1531 4.0618, -0.4253 -5.1114 4.1118, -0.4253 -5.1508 4.1118, -0.3909 -5.1103 4.1312, -0.415 -5.1504 4.1176, -0.3521 -5.1091 4.1532, -0.3521 -5.1484 4.1532, -0.3056 -5.1076 4.1795, -0.3298 -5.1477 4.1658, -0.2507 -5.1059 4.2105, -0.2507 -5.1452 4.2105, -0.2184 -5.1049 4.2245, -0.244 -5.145 4.2134, -0.1353 -5.1024 4.2602, -0.1536 -5.1423 4.2524, -0.1353 -5.1417 4.2602, -0.128 -5.1021 4.2634, -0.0673 -5.1397 4.2895, -0.0673 -5.1003 4.2895, -0.0631 -5.1396 4.2908, -0.0364 -5.0994 4.299, 0.0575 -5.0967 4.328, 0.0309 -5.1368 4.3198, 0.0933 -5.0957 4.339, 0.0933 -5.135 4.339, 0.1227 -5.0948 4.3481, 0.1227 -5.1342 4.3481, 0.1518 -5.094 4.3537, 0.1246 -5.1341 4.3484, 0.2476 -5.0913 4.3723, 0.2205 -5.1315 4.3671, 0.3165 -5.0894 4.3857, 0.5119 -5.0842 4.4024, 0.4391 -5.0862 4.3962, 0.412 -5.1263 4.3939, 0.3303 -5.1284 4.3869, 0.3158 -5.1288 4.3856, 0.3165 -5.1288 4.3857, 0.3303 -5.0891 4.3869, 0.3431 -5.0887 4.388, 0.5119 -5.1236 4.4024, 0.5718 -5.122 4.4034, 0.5718 -5.0827 4.4034, 0.5074 -5.1237 4.402, 0.5343 -5.0836 4.4028, 1.8558 -5.0442 3.8837, 1.8377 -5.0448 3.9027, 1.8377 -5.0842 3.9027, 0.813 -5.1157 4.3858, 0.813 -5.0763 4.3858, 0.7933 -5.1162 4.389, 0.7708 -5.0775 4.3927, 0.6291 -5.0812 4.4003, 0.6022 -5.1212 4.4018, 0.7247 -5.0787 4.3951, 0.6975 -5.1187 4.3966, 0.7708 -5.1168 4.3927, 0.9697 -5.072 4.3601, 0.9697 -5.1114 4.3601, 0.9848 -5.1109 4.3559, 0.889 -5.1136 4.3733, 0.9162 -5.0735 4.3689, 0.8204 -5.0761 4.3846, 1.279 -5.063 4.2602, 1.1993 -5.0654 4.2919, 1.1734 -5.1055 4.3023, 1.1629 -5.0665 4.3064, 1.1629 -5.1058 4.3064, 1.0792 -5.1082 4.3297, 1.106 -5.0681 4.3223, 1.05 -5.1091 4.3378, 1.05 -5.0697 4.3378, 1.0115 -5.0708 4.3485, 1.2648 -5.1028 4.2658, 1.279 -5.1024 4.2602, 1.2907 -5.0626 4.2555, 1.3484 -5.1003 4.2325, 1.3484 -5.0609 4.2325, 1.3805 -5.0599 4.2156, 1.3558 -5.1001 4.2286, 1.4673 -5.0572 4.1696, 1.4427 -5.0973 4.1826, 1.4963 -5.0563 4.1542, 1.4963 -5.0957 4.1542, 1.5241 -5.0554 4.1395, 1.5241 -5.0948 4.1395, 1.529 -5.0946 4.1362, 1.6878 -5.05 4.029, 1.6328 -5.0518 4.0661, 1.6099 -5.092 4.0816, 1.552 -5.0545 4.1207, 1.6878 -5.0894 4.029, 1.6902 -5.0893 4.027, 1.6978 -5.0497 4.0205, 1.6978 -5.0891 4.0205, 1.7112 -5.0492 4.0093, 1.7848 -5.0467 3.9472, 1.764 -5.0868 3.9648, 1.8371 -5.0842 3.9031, 1.8786 -5.0433 3.8599, 1.8786 -5.0827 3.8599, 1.9215 -5.0417 3.8151, 1.9028 -5.0818 3.8346, 1.9756 -5.0397 3.7586, 1.9688 -5.0793 3.7656, 1.9756 -5.079 3.7586, 1.9862 -5.0392 3.7448, 2.0283 -5.0767 3.69, 2.0377 -5.0369 3.6778, 2.0377 -5.0763 3.6778, 2.045 -5.0366 3.6683, 2.0873 -5.0741 3.6131, 2.0984 -5.0342 3.5988, 2.0984 -5.0736 3.5988, 2.1033 -5.034 3.5907, 2.2045 -5.0286 3.4232, 2.2027 -5.0287 3.4272, 2.2027 -5.0681 3.4272, 2.2462 -5.0259 3.3342, 2.2344 -5.066 3.3595, 2.2806 -5.0236 3.2608, 2.154 -5.0313 3.5072, 2.1396 -5.0714 3.5309, 2.1724 -5.0303 3.477, 2.1724 -5.0697 3.477, 2.1905 -5.0687 3.4472, 2.2761 -5.0633 3.2704, 2.2806 -5.063 3.2608, 2.2875 -5.0232 3.2461, 2.2875 -5.0625 3.2461, 2.2878 -5.0231 3.2451, 2.3197 -5.0204 3.152, 2.3107 -5.0606 3.1784, 2.3516 -5.0177 3.0591, 2.3426 -5.0578 3.0854, 2.352 -5.057 3.0578, 2.352 -5.0176 3.0578, 2.3579 -5.0563 3.0316, 2.3579 -5.0169 3.0316, 2.3733 -5.015 2.9637, 2.3672 -5.0551 2.9907, 2.3949 -5.0123 2.8686, 2.3888 -5.0525 2.8955, 2.3957 -5.0122 2.8648, 2.3957 -5.0516 2.8648, 2.4034 -5.0498 2.7996, 2.404 -5.0103 2.7942, 2.404 -5.0497 2.7942, 2.4065 -5.0097 2.7724, 2.4046 -4.9976 2.3116, 2.4125 -4.9997 2.3912, 2.4152 -5.0398 2.4183, 2.4204 -5.0412 2.4712, 2.4204 -5.0018 2.4712, 2.4203 -5.0022 2.4865, 2.4177 -5.0072 2.6768, 2.4145 -5.0473 2.7038, 2.4185 -5.007 2.6697, 2.4185 -5.0463 2.6697, 2.4194 -5.0047 2.5815, 2.4191 -5.0448 2.6085, 2.4196 -5.0039 2.553, 2.4196 -5.0433 2.553, 2.42 -5.0423 2.5135, 2.3591 -5.0303 2.0741, 2.3591 -4.991 2.0741, 2.3593 -4.991 2.0745, 2.3593 -5.0303 2.0745, 2.3712 -5.0319 2.1312, 2.3655 -4.9918 2.1041, 2.3913 -5.0346 2.2267, 2.3856 -4.9945 2.1997, 2.4006 -5.0358 2.2712, 2.4057 -5.0372 2.3224, 2.4046 -5.0369 2.3116, 2.403 -4.9971 2.2952, 2.4006 -4.9965 2.2712, 2.3382 -4.9891 2.0101, 2.3469 -5.0292 2.0365, 2.3077 -4.9864 1.9166, 2.3164 -5.0265 1.9431, 2.2971 -4.9854 1.8842, 2.2971 -5.0248 1.8842, 2.2822 -5.0238 1.8511, 2.2797 -4.9843 1.8456, 2.2797 -5.0236 1.8456, 2.2707 -4.9836 1.8256, 2.1721 -5.0169 1.6291, 2.1721 -4.9775 1.6291, 2.184 -4.9782 1.6495, 2.2302 -4.9809 1.7359, 2.2417 -5.0211 1.7613, 2.2151 -4.9799 1.7025, 2.2151 -5.0193 1.7025, 2.1981 -5.0183 1.6734, 2.1344 -4.9755 1.565, 2.1484 -5.0156 1.5889, 2.1147 -4.9744 1.5315, 2.1147 -5.0138 1.5315, 2.0798 -4.9729 1.4845, 2.0963 -5.013 1.5066, 2.0379 -4.971 1.428, 2.0384 -5.0103 1.4286, 2.0379 -5.0103 1.428, 2.0221 -4.9702 1.4066, 1.9974 -4.9691 1.3734, 1.9974 -5.0085 1.3734, 1.9789 -5.0078 1.353, 1.6972 -4.9976 1.0865, 1.6972 -4.9582 1.0865, 1.7023 -4.9977 1.0902, 1.7324 -4.9594 1.1118, 1.7324 -4.9987 1.1118, 1.7764 -5.0003 1.1514, 1.7562 -4.9602 1.1332, 1.8476 -5.0028 1.2152, 1.8275 -4.9627 1.1972, 1.8802 -5.0039 1.2446, 1.8802 -4.9646 1.2446, 1.9145 -5.0053 1.2823, 1.8964 -4.9652 1.2623, 1.9606 -4.9677 1.3329, 1.5426 -4.9924 0.9793, 1.4957 -4.991 0.9528, 1.5184 -4.9523 0.9657, 1.4957 -4.9516 0.9528, 1.5689 -4.9933 0.9942, 1.5689 -4.9539 0.9942, 1.6235 -4.9951 1.0335, 1.6011 -4.955 1.0174, 1.68 -4.9576 1.0741, 1.433 -4.9496 0.9174, 1.4573 -4.9897 0.9311, 1.3943 -4.9484 0.8955, 1.3943 -4.9877 0.8955, 1.3449 -4.9469 0.8742, 1.3705 -4.987 0.8852, 1.2789 -4.9449 0.8458, 1.2801 -4.9843 0.8463, 1.2789 -4.9843 0.8458, 1.2545 -4.9441 0.8353, 1.2109 -4.9428 0.8165, 1.2109 -4.9822 0.8165, 1.1889 -4.9816 0.8097, 1.1623 -4.9414 0.8015, 1.0684 -4.9387 0.7726, 1.095 -4.9788 0.7808, 1.0503 -4.9382 0.767, 1.0503 -4.9775 0.767, 1.0209 -4.9373 0.7579, 1.0209 -4.9767 0.7579, 1.0009 -4.9761 0.754, 0.9737 -4.936 0.7488, 0.878 -4.9334 0.7302, 0.9051 -4.9735 0.7354, 0.8271 -4.9319 0.7203, 0.8271 -4.9713 0.7203, 0.8133 -4.9316 0.7191, 0.8133 -4.9709 0.7191, 0.8096 -4.9708 0.7188, 0.6317 -4.9267 0.7036, 0.6865 -4.9282 0.7083, 0.7136 -4.9683 0.7106, 0.7823 -4.9308 0.7165, 0.6317 -4.9661 0.7036, 0.6183 -4.9658 0.7034, 0.5914 -4.9257 0.7029, 0.5718 -4.9646 0.7026, 0.5718 -4.9252 0.7026, -1.275 -4.8492 2.4472, -1.2749 -4.8495 2.4363, -1.2749 -4.8889 2.4363, 0.3306 -4.9582 0.7202, 0.3306 -4.9188 0.7202, 0.3323 -4.9582 0.72, 0.3728 -4.92 0.7133, 0.3728 -4.9593 0.7133, 0.4008 -4.9207 0.7118, 0.4965 -4.9232 0.7067, 0.5235 -4.9633 0.7052, 0.428 -4.9608 0.7104, 0.141 -4.9529 0.755, 0.0936 -4.9516 0.7682, 0.1143 -4.9128 0.7625, 0.174 -4.9539 0.7459, 0.174 -4.9145 0.7459, 0.2365 -4.9556 0.7357, 0.2092 -4.9155 0.7401, 0.3052 -4.9181 0.7244, -0.0729 -4.9074 0.8209, -0.0193 -4.909 0.7996, -0.047 -4.9475 0.8106, -0.0193 -4.9484 0.7996, 0.0466 -4.9502 0.7813, 0.0197 -4.9101 0.7887, 0.0936 -4.9122 0.7682, -0.1354 -4.9055 0.8458, -0.1354 -4.9449 0.8458, -0.1644 -4.9046 0.8574, -0.1385 -4.9448 0.847, -0.2048 -4.9034 0.8735, -0.2048 -4.9428 0.8735, -0.2533 -4.9019 0.8991, -0.2286 -4.9421 0.8861, -0.3401 -4.8992 0.9451, -0.3155 -4.9393 0.9321, -0.3527 -4.9382 0.9518, -0.3527 -4.8988 0.9518, -0.3805 -4.8979 0.9665, -0.3805 -4.9373 0.9665, -0.4007 -4.9366 0.9801, -0.4237 -4.8965 0.9956, -0.5044 -4.8939 1.0502, -0.4816 -4.934 1.0347, -0.5441 -4.8926 1.077, -0.5441 -4.9319 1.077, -0.5542 -4.8922 1.0855, -0.5542 -4.9316 1.0855, -0.5605 -4.9314 1.0908, -0.5815 -4.8913 1.1085, -0.655 -4.8887 1.1704, -0.6342 -4.9288 1.1529, -0.694 -4.8874 1.2033, -0.694 -4.9267 1.2033, -0.706 -4.9263 1.2158, -0.7246 -4.8862 1.2352, -0.735 -4.9252 1.2461, -0.735 -4.8858 1.2461, -0.9692 -4.876 1.5311, -0.9547 -4.8768 1.5072, -0.9549 -4.9161 1.5075, -1.02 -4.8733 1.6146, -0.7903 -4.8837 1.3039, -0.7716 -4.9238 1.2844, -0.8319 -4.8822 1.3474, -0.8319 -4.9215 1.3474, -0.8536 -4.8812 1.3756, -0.837 -4.9213 1.354, -0.894 -4.8794 1.4282, -0.894 -4.9188 1.4282, -0.9125 -4.8786 1.4523, -0.8958 -4.9187 1.4305, -0.9547 -4.9161 1.5072, -1.137 -4.8661 1.8452, -1.1105 -4.8679 1.7886, -1.0987 -4.908 1.7633, -1.0591 -4.9106 1.6788, -1.0688 -4.8706 1.6995, -1.0591 -4.8712 1.6788, -1.0565 -4.9107 1.6746, -1.0288 -4.8728 1.629, -1.0288 -4.9122 1.629, -1.0056 -4.9134 1.5909, -1.137 -4.9055 1.8452, -1.1404 -4.9053 1.8525, -1.1439 -4.8657 1.8599, -1.1439 -4.9051 1.8599, -1.1502 -4.8651 1.8785, -1.1821 -4.8624 1.9716, -1.1731 -4.9026 1.9452, -1.2084 -4.8602 2.0482, -1.2049 -4.8998 2.0381, -1.2084 -4.8995 2.0482, -1.2122 -4.8597 2.0649, -1.2143 -4.8988 2.0744, -1.2143 -4.8594 2.0744, -1.2338 -4.857 2.1604, -1.2277 -4.8971 2.1333, -1.2521 -4.8547 2.2412, -1.2492 -4.8945 2.2285, -1.2521 -4.8941 2.2412, -1.2538 -4.8544 2.2556, -1.2604 -4.8922 2.3118, -1.2604 -4.8528 2.3118, -1.2618 -4.8919 2.3245, -1.265 -4.8518 2.3517, -1.273 -4.8893 2.4202, -1.276 -4.8858 2.553, -1.276 -4.8465 2.553, -1.2759 -4.8467 2.5424, -1.2756 -4.8868 2.5155, -1.2765 -4.8443 2.6375, -1.2768 -4.8443 2.6348, -1.2768 -4.8837 2.6348, -1.2671 -4.8417 2.7329, -1.2698 -4.8818 2.7057, -1.261 -4.8401 2.7944, -1.2765 -4.8843 2.6105, -1.2155 -4.8729 3.0319, -1.2155 -4.8335 3.0319, -1.2156 -4.8335 3.0315, -1.257 -4.8784 2.8348, -1.2439 -4.8766 2.8973, -1.2382 -4.8365 2.9243, -1.2181 -4.8338 3.02, -1.2238 -4.8739 2.9928, -1.2156 -4.8729 3.0315, -1.257 -4.839 2.8348, -1.2576 -4.8391 2.8291, -1.2603 -4.8792 2.8017, -1.261 -4.8794 2.7944, -1.1194 -4.8256 3.2973, -1.1361 -4.8268 3.2604, -1.1309 -4.8658 3.2719, -1.1888 -4.8311 3.1136, -1.1975 -4.8712 3.0871, -1.1583 -4.8284 3.207, -1.167 -4.8685 3.1805, -1.1535 -4.8279 3.2218, -1.1535 -4.8673 3.2218, -1.1361 -4.8661 3.2604, -0.9711 -4.8563 3.5745, -0.9711 -4.817 3.5745, -0.9814 -4.8175 3.5569, -1.079 -4.8229 3.387, -1.0904 -4.8631 3.3616, -1.0715 -4.8224 3.4035, -1.0715 -4.8618 3.4035, -1.031 -4.8202 3.4725, -1.0451 -4.8603 3.4485, -1.0284 -4.8201 3.4769, -1.0284 -4.8594 3.4769, -0.9955 -4.8576 3.533, -0.9253 -4.8149 3.6363, -0.9417 -4.855 3.6141, -0.8943 -4.8135 3.678, -0.8943 -4.8528 3.678, -0.8839 -4.8524 3.692, -0.8676 -4.8123 3.714, -0.8538 -4.851 3.7326, -0.8538 -4.8116 3.7326, -0.7366 -4.8465 3.8614, -0.7366 -4.8071 3.8614, -0.7407 -4.8072 3.8569, -0.8048 -4.8097 3.7865, -0.8231 -4.8498 3.7664, -0.7588 -4.8473 3.837, -0.6704 -4.8048 3.9209, -0.6905 -4.8448 3.9028, -0.599 -4.8022 3.985, -0.6193 -4.8423 3.9668, -0.5888 -4.8412 3.9941, -0.1353 -4.7874 4.2602, -0.1842 -4.7889 4.2392, -0.2098 -4.829 4.2281, -0.2507 -4.8303 4.2105, -0.2507 -4.7909 4.2105, -0.2975 -4.8317 4.1841, -0.2733 -4.7916 4.1978, -0.3521 -4.8335 4.1532, -0.3521 -4.7941 4.1532, -0.3828 -4.8345 4.1358, -0.3587 -4.7943 4.1495, -0.4253 -4.8358 4.1118, -0.4253 -4.7964 4.1118, -0.4649 -4.8371 4.0832, -0.4425 -4.797 4.0994, -0.5438 -4.8397 4.0265, -0.5215 -4.7996 4.0426, -0.5536 -4.8401 4.0195, -0.5536 -4.8007 4.0195, -0.5888 -4.8019 3.9941, -0.1353 -4.8268 4.2602, -0.1194 -4.8263 4.2671, -0.0938 -4.7861 4.2781, -0.0673 -4.8247 4.2895, -0.0673 -4.7853 4.2895, 0.3795 -4.7728 4.3911, 0.3303 -4.7741 4.3869, 0.3522 -4.8129 4.3888, -0.0009 -4.7834 4.31, -0.0276 -4.8236 4.3018, 0.0929 -4.7807 4.3389, 0.0663 -4.8208 4.3307, 0.0933 -4.7807 4.339, 0.0933 -4.8201 4.339, 0.1227 -4.7798 4.3481, 0.1227 -4.8192 4.3481, 0.1881 -4.778 4.3608, 0.1609 -4.8182 4.3555, 0.2836 -4.7754 4.3793, 0.2566 -4.8155 4.3741, 0.3165 -4.7745 4.3857, 0.3165 -4.8138 4.3857, 0.3303 -4.8135 4.3869, 0.5718 -4.8071 4.4034, 0.5718 -4.7677 4.4034, 0.5702 -4.7678 4.4034, 0.4752 -4.7702 4.3993, 0.4481 -4.8103 4.397, 0.5119 -4.7693 4.4024, 0.5119 -4.8086 4.4024, 0.5433 -4.8078 4.4029, 0.7708 -4.8019 4.3927, 0.7708 -4.7625 4.3927, 0.761 -4.7627 4.3932, 0.6652 -4.7653 4.3984, 0.6381 -4.8053 4.3998, 0.7338 -4.8028 4.3947, 1.0204 -4.795 4.346, 1.05 -4.7941 4.3378, 1.0472 -4.7548 4.3386, 1.05 -4.7547 4.3378, 0.9697 -4.7964 4.3601, 0.9697 -4.757 4.3601, 0.9526 -4.7575 4.3629, 0.813 -4.7613 4.3858, 0.813 -4.8007 4.3858, 0.8565 -4.7601 4.3786, 0.8294 -4.8003 4.3831, 0.9253 -4.7976 4.3674, 1.279 -4.748 4.2602, 1.2338 -4.7494 4.2782, 1.2079 -4.7895 4.2885, 1.1629 -4.7909 4.3064, 1.1629 -4.7515 4.3064, 1.1418 -4.7521 4.3123, 1.1149 -4.7922 4.3198, 1.279 -4.7874 4.2602, 1.2994 -4.7868 4.2521, 1.3253 -4.7466 4.2417, 1.3484 -4.7853 4.2325, 1.3484 -4.746 4.2325, 1.4133 -4.7439 4.1982, 1.3887 -4.7841 4.2112, 1.4963 -4.7413 4.1542, 1.4755 -4.7813 4.1653, 1.4963 -4.7807 4.1542, 1.5001 -4.7412 4.1523, 1.5241 -4.7798 4.1395, 1.5241 -4.7405 4.1395, 1.5826 -4.7385 4.1001, 1.5596 -4.7787 4.1155, 1.6632 -4.7359 4.0456, 1.6404 -4.776 4.061, 1.6878 -4.7351 4.029, 1.6878 -4.7744 4.029, 1.6978 -4.7347 4.0205, 1.6978 -4.7741 4.0205, 1.739 -4.7333 3.9858, 1.7181 -4.7734 4.0034, 1.8124 -4.7308 3.9239, 1.7917 -4.7708 3.9414, 1.8377 -4.7299 3.9027, 1.8377 -4.7692 3.9027, 1.8786 -4.7283 3.8599, 1.862 -4.7683 3.8772, 1.8786 -4.7677 3.8599, 2.0083 -4.7232 3.7159, 1.9756 -4.7247 3.7586, 1.9917 -4.7633 3.7376, 1.9756 -4.7641 3.7586, 1.9277 -4.7659 3.8086, 1.9464 -4.7258 3.7891, 1.8806 -4.7283 3.8578, 2.0377 -4.722 3.6778, 2.0377 -4.7613 3.6778, 2.0673 -4.7206 3.6392, 2.0505 -4.7608 3.661, 2.0984 -4.7193 3.5988, 2.0984 -4.7586 3.5988, 2.1224 -4.718 3.5592, 2.1081 -4.7581 3.5828, 2.1724 -4.7154 3.477, 2.1588 -4.7555 3.4993, 2.1724 -4.7547 3.477, 2.1733 -4.7153 3.4756, 2.2027 -4.7531 3.4272, 2.2027 -4.7138 3.4272, 2.2203 -4.7126 3.3896, 2.2085 -4.7528 3.4149, 2.262 -4.7099 3.3005, 2.2502 -4.75 3.3258, 2.2806 -4.7087 3.2608, 2.2806 -4.748 3.2608, 2.2875 -4.7082 3.2461, 2.2875 -4.7476 3.2461, 2.2999 -4.7071 3.2099, 2.2909 -4.7473 3.2363, 2.3318 -4.7044 3.1169, 2.3227 -4.7446 3.1432, 2.352 -4.7027 3.0578, 2.352 -4.7421 3.0578, 2.3538 -4.7418 3.0501, 2.3579 -4.702 3.0316, 2.3579 -4.7413 3.0316, 2.3599 -4.7017 3.023, 2.3815 -4.699 2.9277, 2.3754 -4.7392 2.9547, 2.3957 -4.6973 2.8648, 2.3957 -4.7366 2.8648, 2.3995 -4.6964 2.8322, 2.3964 -4.7365 2.8595, 2.404 -4.6954 2.7942, 2.404 -4.7347 2.7942, 2.4108 -4.6938 2.7362, 2.4076 -4.7339 2.7633, 2.4185 -4.692 2.6697, 2.4185 -4.7314 2.6697, 2.4185 -4.7313 2.6678, 2.4188 -4.6913 2.6407, 2.4196 -4.689 2.553, 2.4204 -4.7262 2.4712, 2.4116 -4.7238 2.3822, 2.4089 -4.6837 2.355, 2.4046 -4.6826 2.3116, 2.4194 -4.7289 2.5725, 2.4196 -4.7284 2.553, 2.4197 -4.6888 2.5457, 2.4203 -4.7264 2.4775, 2.4204 -4.6869 2.4712, 2.4184 -4.6863 2.4506, 2.3636 -4.716 2.0951, 2.3593 -4.676 2.0745, 2.3837 -4.7186 2.1907, 2.378 -4.6785 2.1636, 2.4006 -4.7209 2.2712, 2.3572 -4.6758 2.0681, 2.3591 -4.676 2.0741, 2.3591 -4.7154 2.0741, 2.3593 -4.7154 2.0745, 2.398 -4.6812 2.2589, 2.4006 -4.6815 2.2712, 2.4021 -4.7213 2.286, 2.4046 -4.722 2.3116, 2.2971 -4.6705 1.8842, 2.2971 -4.7098 1.8842, 2.2959 -4.6704 1.8814, 2.2797 -4.7087 1.8456, 2.2797 -4.6693 1.8456, 2.3267 -4.6731 1.9748, 2.3353 -4.7133 2.0013, 2.3048 -4.7105 1.9078, 2.2554 -4.6676 1.7917, 2.2669 -4.7078 1.8171, 2.2151 -4.6649 1.7025, 2.2264 -4.7051 1.7275, 2.2151 -4.7043 1.7025, 2.2149 -4.6649 1.7021, 2.1793 -4.7024 1.6415, 2.1721 -4.6626 1.6291, 2.1721 -4.702 1.6291, 2.1652 -4.6622 1.6175, 2.1157 -4.6595 1.5332, 2.1297 -4.6997 1.5571, 2.1147 -4.6988 1.5315, 2.1147 -4.6595 1.5315, 2.058 -4.6569 1.455, 2.0744 -4.697 1.4771, 2.0379 -4.656 1.428, 2.0379 -4.6954 1.428, 2.0004 -4.6543 1.3774, 2.0167 -4.6944 1.3993, 1.9974 -4.6542 1.3734, 1.9974 -4.6935 1.3734, 1.9363 -4.6518 1.3061, 1.9545 -4.6919 1.3262, 1.8802 -4.6496 1.2446, 1.7324 -4.6444 1.1118, 1.7324 -4.6838 1.1118, 1.7288 -4.6443 1.1092, 1.6972 -4.6826 1.0865, 1.6972 -4.6432 1.0865, 1.8904 -4.6894 1.2557, 1.8802 -4.689 1.2446, 1.8715 -4.6493 1.2367, 1.8006 -4.6468 1.1731, 1.8208 -4.6869 1.1912, 1.7494 -4.6844 1.1271, 1.6502 -4.6417 1.0527, 1.6726 -4.6818 1.0688, 1.5712 -4.639 0.9959, 1.5936 -4.6791 1.012, 1.5689 -4.6389 0.9942, 1.5689 -4.6783 0.9942, 1.5104 -4.6765 0.9611, 1.4957 -4.6366 0.9528, 1.4957 -4.676 0.9528, 1.4862 -4.6363 0.9474, 1.4007 -4.6336 0.8991, 1.425 -4.6738 0.9128, 1.3943 -4.6334 0.8955, 1.3943 -4.6728 0.8955, 1.3108 -4.6309 0.8595, 1.3364 -4.671 0.8705, 1.2789 -4.6299 0.8458, 1.2789 -4.6693 0.8458, 1.2204 -4.6281 0.8205, 1.246 -4.6683 0.8316, 1.2109 -4.6279 0.8165, 1.2109 -4.6672 0.8165, 1.1268 -4.6254 0.7906, 1.1534 -4.6656 0.7988, 1.0503 -4.6232 0.767, 1.0596 -4.6628 0.7698, 1.0503 -4.6626 0.767, 1.033 -4.6227 0.7617, 1.0209 -4.6617 0.7579, 1.0209 -4.6224 0.7579, 0.9375 -4.62 0.7417, 0.9646 -4.6602 0.747, 0.842 -4.6174 0.7232, 0.869 -4.6575 0.7284, 0.8271 -4.617 0.7203, 0.8271 -4.6564 0.7203, 0.8133 -4.6166 0.7191, 0.8133 -4.656 0.7191, 0.746 -4.6148 0.7134, 0.7732 -4.6549 0.7157, 0.6505 -4.6123 0.7052, 0.6775 -4.6524 0.7075, 0.6317 -4.6118 0.7036, 0.5718 -4.6496 0.7026, 0.5718 -4.6102 0.7026, 0.5824 -4.6499 0.7028, 0.6317 -4.6512 0.7036, -0.9613 -4.5015 3.5877, -0.9711 -4.502 3.5745, -0.9711 -4.5414 3.5745, -0.7965 -4.6079 1.3104, -0.8319 -4.6066 1.3474, -0.8153 -4.5678 1.33, 0.5556 -4.6098 0.7035, 0.3728 -4.605 0.7133, 0.3728 -4.6444 0.7133, 0.3645 -4.6048 0.7147, 0.3306 -4.6432 0.7202, 0.3306 -4.6039 0.7202, 0.4604 -4.6073 0.7086, 0.4875 -4.6474 0.7072, 0.3917 -4.6449 0.7123, 0.269 -4.6022 0.7303, 0.2961 -4.6423 0.7259, 0.174 -4.5996 0.7459, 0.2001 -4.6396 0.7416, 0.174 -4.6389 0.7459, 0.1729 -4.5995 0.7462, 0.1054 -4.637 0.7649, 0.0936 -4.5973 0.7682, 0.0936 -4.6366 0.7682, 0.0786 -4.5968 0.7724, -0.016 -4.5941 0.7986, 0.0108 -4.6343 0.7912, -0.0193 -4.594 0.7996, -0.0193 -4.6334 0.7996, -0.1075 -4.5914 0.8347, -0.0816 -4.6315 0.8244, -0.1354 -4.5906 0.8458, -0.1354 -4.6299 0.8458, -0.1989 -4.5886 0.8711, -0.173 -4.6288 0.8608, -0.2048 -4.5885 0.8735, -0.2048 -4.6278 0.8735, -0.2861 -4.5859 0.9165, -0.2615 -4.6261 0.9035, -0.3527 -4.5838 0.9518, -0.3482 -4.6234 0.9494, -0.3527 -4.6232 0.9518, -0.3728 -4.5832 0.9624, -0.3805 -4.6223 0.9665, -0.3805 -4.583 0.9665, -0.5441 -4.617 1.077, -0.5441 -4.5776 1.077, -0.5348 -4.5779 1.0707, -0.4542 -4.5805 1.0163, -0.4313 -4.6207 1.0008, -0.512 -4.618 1.0553, -0.5542 -4.5772 1.0855, -0.5542 -4.6166 1.0855, -0.6093 -4.5753 1.1319, -0.5884 -4.6154 1.1143, -0.6826 -4.5728 1.1937, -0.6619 -4.6129 1.1763, -0.694 -4.5724 1.2033, -0.735 -4.6102 1.2461, -0.694 -4.6118 1.2033, -0.7308 -4.6104 1.2417, -0.735 -4.5709 1.2461, -0.7493 -4.5703 1.2611, -1.0288 -4.5579 1.629, -0.9884 -4.56 1.5626, -0.974 -4.6002 1.5389, -0.9547 -4.6012 1.5072, -0.9547 -4.5618 1.5072, -0.9181 -4.6028 1.4595, -0.9349 -4.5627 1.4814, -0.894 -4.6038 1.4282, -0.894 -4.5645 1.4282, -0.8592 -4.6054 1.3829, -0.8758 -4.5653 1.4045, -0.8319 -4.5672 1.3474, -1.0248 -4.5975 1.6225, -1.0288 -4.5973 1.629, -1.0393 -4.5573 1.6462, -1.0591 -4.5957 1.6788, -1.0591 -4.5563 1.6788, -1.0845 -4.5546 1.7332, -1.0727 -4.5948 1.708, -1.1263 -4.5519 1.8223, -1.1144 -4.592 1.797, -1.137 -4.5512 1.8452, -1.137 -4.5906 1.8452, -1.1439 -4.5507 1.8599, -1.1439 -4.5901 1.8599, -1.1533 -4.5893 1.8873, -1.2084 -4.5452 2.0482, -1.1942 -4.5464 2.0067, -1.1851 -4.5866 1.9804, -1.1623 -4.5492 1.9137, -1.2521 -4.5398 2.2412, -1.242 -4.541 2.1963, -1.2358 -4.5812 2.1694, -1.2143 -4.5838 2.0744, -1.2084 -4.5846 2.0482, -1.2142 -4.5839 2.0739, -1.2143 -4.5445 2.0744, -1.2204 -4.5437 2.101, -1.2521 -4.5792 2.2412, -1.2549 -4.5785 2.2647, -1.258 -4.5384 2.292, -1.2604 -4.5773 2.3118, -1.2604 -4.5379 2.3118, -1.2692 -4.5358 2.3879, -1.2661 -4.5759 2.3608, -1.2749 -4.5345 2.4363, -1.2749 -4.5739 2.4363, -1.2753 -4.5333 2.4833, -1.2751 -4.5734 2.4562, -1.276 -4.5315 2.553, -1.276 -4.5709 2.5514, -1.276 -4.5709 2.553, -1.2768 -4.5294 2.6348, -1.2768 -4.5687 2.6348, -1.2756 -4.5684 2.6464, -1.2662 -4.5659 2.7419, -1.261 -4.5645 2.7944, -1.2635 -4.5258 2.7692, -1.261 -4.5251 2.7944, -1.273 -4.5283 2.6734, -1.2762 -4.5308 2.5783, -1.2506 -4.5232 2.865, -1.257 -4.524 2.8348, -1.2563 -4.5633 2.8381, -1.2155 -4.5579 3.0319, -1.2155 -4.5185 3.0319, -1.2156 -4.5185 3.0315, -1.2156 -4.5579 3.0315, -1.2306 -4.5205 2.9604, -1.2363 -4.5606 2.9333, -1.2162 -4.558 3.029, -1.257 -4.5634 2.8348, -1.1361 -4.5512 3.2604, -1.1361 -4.5118 3.2604, -1.1446 -4.5124 3.2415, -1.1535 -4.5524 3.2218, -1.1535 -4.513 3.2218, -1.1554 -4.5525 3.2159, -1.186 -4.5553 3.1224, -1.1773 -4.5151 3.1489, -1.2078 -4.5178 3.0555, -1.1041 -4.5097 3.3313, -1.1156 -4.5498 3.3058, -1.0715 -4.5074 3.4035, -1.0752 -4.5471 3.3955, -1.0715 -4.5468 3.4035, -1.0619 -4.5069 3.4199, -1.0284 -4.5445 3.4769, -1.0284 -4.5051 3.4769, -1.0122 -4.5042 3.5044, -1.0263 -4.5444 3.4805, -0.9768 -4.5417 3.5648, -0.9034 -4.4989 3.6657, -0.9198 -4.539 3.6436, -0.8943 -4.4985 3.678, -0.8943 -4.5379 3.678, -0.8622 -4.5364 3.7213, -0.8538 -4.4967 3.7326, -0.8538 -4.5361 3.7326, -0.845 -4.4963 3.7424, -0.5888 -4.4869 3.9941, -0.5888 -4.5263 3.9941, -0.5704 -4.4863 4.0074, -0.5536 -4.5251 4.0195, -0.5536 -4.4857 4.0195, -0.7805 -4.4938 3.8132, -0.7987 -4.5339 3.7932, -0.7366 -4.4921 3.8614, -0.7366 -4.5315 3.8614, -0.7145 -4.4913 3.8813, -0.7345 -4.5314 3.8633, -0.6435 -4.4888 3.945, -0.6637 -4.5289 3.9269, -0.5923 -4.5264 3.9911, -0.4917 -4.4837 4.064, -0.5141 -4.5238 4.0479, -0.4253 -4.4815 4.1118, -0.2507 -4.5153 4.2105, -0.1757 -4.513 4.2428, -0.15 -4.4729 4.2539, -0.1353 -4.4724 4.2602, -0.2404 -4.4756 4.215, -0.2507 -4.4759 4.2105, -0.2652 -4.5158 4.2023, -0.3506 -4.5185 4.154, -0.435 -4.5212 4.1048, -0.4253 -4.5208 4.1118, -0.4117 -4.481 4.1195, -0.3521 -4.5185 4.1532, -0.3521 -4.4791 4.1532, -0.3264 -4.4783 4.1677, -0.1353 -4.5118 4.2602, -0.0853 -4.5103 4.2818, -0.0673 -4.4704 4.2895, -0.0673 -4.5098 4.2895, -0.0594 -4.4702 4.292, 0.0346 -4.4674 4.3209, 0.008 -4.5076 4.3127, 0.0933 -4.4657 4.339, 0.0933 -4.5051 4.339, 0.1017 -4.5049 4.3416, 0.1227 -4.4649 4.3481, 0.1227 -4.5042 4.3481, 0.1284 -4.4647 4.3492, 0.2243 -4.4621 4.3678, 0.1971 -4.5022 4.3625, 0.3165 -4.4595 4.3857, 0.2926 -4.4995 4.3811, 0.3165 -4.4989 4.3857, 0.3196 -4.4594 4.386, 0.3303 -4.4985 4.3869, 0.3303 -4.4591 4.3869, 0.4157 -4.4569 4.3942, 0.3886 -4.497 4.3919, 0.5111 -4.4543 4.4024, 0.4842 -4.4944 4.4, 0.5119 -4.4937 4.4024, 0.5119 -4.4543 4.4024, 0.5718 -4.4921 4.4034, 0.5718 -4.4528 4.4034, 0.7708 -4.4475 4.3927, 0.7708 -4.4869 4.3927, 0.7971 -4.4468 4.3884, 0.813 -4.4857 4.3858, 0.813 -4.4464 4.3858, 0.606 -4.4519 4.4016, 0.5791 -4.4919 4.403, 0.7013 -4.4494 4.3964, 0.6742 -4.4894 4.3979, 0.7701 -4.4869 4.3927, 0.9697 -4.4421 4.3601, 0.9697 -4.4814 4.3601, 0.9885 -4.4415 4.3549, 1.05 -4.4791 4.3378, 1.05 -4.4398 4.3378, 0.8928 -4.4442 4.3727, 0.8656 -4.4843 4.3772, 0.9617 -4.4817 4.3614, 1.177 -4.4361 4.3008, 1.1629 -4.4365 4.3064, 1.1629 -4.4759 4.3064, 1.2684 -4.4334 4.2644, 1.2425 -4.4735 4.2747, 1.279 -4.4331 4.2602, 1.0829 -4.4388 4.3287, 1.0561 -4.479 4.3361, 1.1507 -4.4763 4.3098, 1.279 -4.4724 4.2602, 1.3339 -4.4708 4.2383, 1.3484 -4.431 4.2325, 1.3484 -4.4704 4.2325, 1.3593 -4.4307 4.2268, 1.4461 -4.4279 4.1808, 1.4215 -4.4681 4.1938, 1.4963 -4.4264 4.1542, 1.4963 -4.4657 4.1542, 1.5082 -4.4654 4.1479, 1.5241 -4.4255 4.1395, 1.5241 -4.4649 4.1395, 1.5322 -4.4252 4.1341, 1.6131 -4.4226 4.0794, 1.5902 -4.4627 4.0949, 1.6878 -4.4201 4.029, 1.6708 -4.46 4.0405, 1.6878 -4.4595 4.029, 1.6931 -4.4199 4.0245, 1.6978 -4.4591 4.0205, 1.6978 -4.4198 4.0205, 1.7668 -4.4174 3.9623, 1.746 -4.4575 3.9799, 1.8377 -4.4149 3.9027, 1.8193 -4.4549 3.9181, 1.8377 -4.4543 3.9027, 1.8398 -4.4148 3.9005, 1.8786 -4.4527 3.8599, 2.1724 -4.4004 3.477, 2.1416 -4.402 3.5276, 2.1272 -4.4422 3.5513, 2.0984 -4.4437 3.5988, 2.0984 -4.4043 3.5988, 2.0729 -4.4448 3.6319, 2.0897 -4.4047 3.6101, 2.0377 -4.4464 3.6778, 2.0377 -4.407 3.6778, 2.0139 -4.4474 3.7087, 2.0306 -4.4073 3.687, 1.9756 -4.4491 3.7586, 1.9756 -4.4097 3.7586, 1.9527 -4.45 3.7825, 1.9714 -4.4099 3.7629, 1.8868 -4.4524 3.8513, 1.9054 -4.4124 3.8319, 1.8786 -4.4134 3.8599, 2.2027 -4.4382 3.4272, 2.2242 -4.4368 3.3812, 2.236 -4.3966 3.356, 2.2806 -4.4331 3.2608, 2.2806 -4.3937 3.2608, 2.2778 -4.3939 3.2669, 2.2659 -4.434 3.2921, 2.1724 -4.4398 3.477, 2.1781 -4.4395 3.4677, 2.1925 -4.3993 3.4439, 2.2027 -4.3988 3.4272, 2.2875 -4.3932 3.2461, 2.2875 -4.4326 3.2461, 2.3119 -4.3912 3.1747, 2.3029 -4.4313 3.2011, 2.3438 -4.3884 3.0818, 2.3348 -4.4286 3.1081, 2.352 -4.3877 3.0578, 2.352 -4.4271 3.0578, 2.3579 -4.387 3.0316, 2.3579 -4.4264 3.0316, 2.3619 -4.4259 3.014, 2.3681 -4.3857 2.9869, 2.4046 -4.407 2.3116, 2.4046 -4.3676 2.3116, 2.4053 -4.3678 2.3187, 2.3896 -4.3831 2.8917, 2.3835 -4.4232 2.9187, 2.3957 -4.3823 2.8648, 2.3957 -4.4217 2.8648, 2.4038 -4.3804 2.7959, 2.4006 -4.4206 2.8231, 2.404 -4.3804 2.7942, 2.404 -4.4198 2.7942, 2.415 -4.3779 2.7001, 2.4118 -4.418 2.7271, 2.4185 -4.3771 2.6697, 2.4185 -4.4164 2.6697, 2.4191 -4.3754 2.6047, 2.4189 -4.4154 2.6317, 2.4196 -4.374 2.553, 2.4196 -4.4134 2.553, 2.42 -4.3729 2.5098, 2.4198 -4.413 2.5367, 2.4204 -4.3719 2.4712, 2.4204 -4.4113 2.4712, 2.4148 -4.3704 2.4146, 2.4175 -4.4105 2.4416, 2.408 -4.4079 2.3459, 2.3905 -4.3652 2.223, 2.4006 -4.3666 2.2712, 2.3962 -4.4053 2.2499, 2.3704 -4.3625 2.1275, 2.3761 -4.4027 2.1546, 2.3593 -4.3611 2.0745, 2.4006 -4.4059 2.2712, 2.2797 -4.3937 1.8456, 2.2797 -4.3543 1.8456, 2.2806 -4.3544 1.8475, 2.292 -4.3945 1.8729, 2.2971 -4.3555 1.8842, 2.2971 -4.3949 1.8842, 2.3593 -4.4004 2.0745, 2.3591 -4.4004 2.0741, 2.3591 -4.361 2.0741, 2.3543 -4.4 2.0593, 2.3238 -4.3973 1.9659, 2.3152 -4.3571 1.9394, 2.3457 -4.3598 2.0329, 2.2401 -4.3517 1.7578, 2.2516 -4.3918 1.7832, 2.2151 -4.35 1.7025, 2.2151 -4.3893 1.7025, 2.1961 -4.3489 1.6701, 2.2102 -4.3891 1.6941, 2.1721 -4.3476 1.6291, 2.1721 -4.387 1.6291, 2.1465 -4.3462 1.5856, 2.1605 -4.3864 1.6095, 2.1147 -4.3445 1.5315, 2.1147 -4.3839 1.5315, 2.1104 -4.3837 1.5257, 2.094 -4.3436 1.5036, 2.0379 -4.341 1.428, 2.0525 -4.3811 1.4476, 2.0379 -4.3804 1.428, 2.0362 -4.341 1.4256, 1.9974 -4.3786 1.3734, 1.9974 -4.3392 1.3734, 1.7324 -4.3294 1.1118, 1.7324 -4.3688 1.1118, 1.7214 -4.3684 1.1039, 1.6992 -4.3283 1.0879, 1.6972 -4.3676 1.0865, 1.6972 -4.3283 1.0865, 1.9764 -4.3384 1.3502, 1.9947 -4.3785 1.3703, 1.912 -4.3359 1.2795, 1.9302 -4.376 1.2995, 1.8802 -4.3346 1.2446, 1.8802 -4.374 1.2446, 1.8648 -4.3735 1.2307, 1.7939 -4.371 1.167, 1.7736 -4.3309 1.1488, 1.8448 -4.3334 1.2127, 1.367 -4.3176 0.8837, 1.3943 -4.3185 0.8955, 1.3926 -4.3578 0.8947, 1.2789 -4.315 0.8458, 1.6204 -4.3257 1.0313, 1.6428 -4.3658 1.0474, 1.5689 -4.324 0.9942, 1.5689 -4.3634 0.9942, 1.5392 -4.323 0.9774, 1.5633 -4.3632 0.9911, 1.4957 -4.3217 0.9528, 1.4957 -4.361 0.9528, 1.4539 -4.3203 0.9292, 1.4781 -4.3605 0.9429, 1.3943 -4.3578 0.8955, 1.3022 -4.355 0.8558, 1.2789 -4.3543 0.8458, 1.2766 -4.3149 0.8448, 1.2118 -4.3523 0.8169, 1.2109 -4.3129 0.8165, 1.2109 -4.3523 0.8165, 1.1852 -4.3122 0.8086, 1.0913 -4.3094 0.7796, 1.1179 -4.3496 0.7878, 1.0503 -4.3083 0.767, 1.0503 -4.3476 0.767, 1.0242 -4.3469 0.7589, 1.0209 -4.3074 0.7579, 1.0209 -4.3468 0.7579, 0.9971 -4.3067 0.7533, 0.9013 -4.3041 0.7347, 0.9284 -4.3442 0.74, 0.8271 -4.302 0.7203, 0.833 -4.3416 0.7215, 0.8271 -4.3414 0.7203, 0.8133 -4.3017 0.7191, 0.8133 -4.341 0.7191, 0.8058 -4.3015 0.7185, 0.7098 -4.2989 0.7103, 0.7369 -4.339 0.7126, 0.6317 -4.2968 0.7036, 0.6415 -4.3365 0.7044, 0.6317 -4.3362 0.7036, 0.6146 -4.2964 0.7033, 0.5718 -4.3346 0.7026, 0.5718 -4.2953 0.7026, 0.3306 -4.3283 0.7202, 0.3306 -4.2889 0.7202, 0.3555 -4.3289 0.7162, 0.3728 -4.29 0.7133, 0.5197 -4.2939 0.7054, 0.5466 -4.334 0.704, 0.4242 -4.2914 0.7106, 0.4514 -4.3315 0.7091, 0.3728 -4.3294 0.7133, 0.1373 -4.2835 0.7561, 0.174 -4.2846 0.7459, 0.164 -4.3237 0.7487, 0.174 -4.324 0.7459, 0.2599 -4.3263 0.7318, 0.2327 -4.2862 0.7363, 0.3285 -4.2888 0.7206, -0.1354 -4.2756 0.8458, -0.0506 -4.2781 0.812, -0.0248 -4.3183 0.8017, -0.0193 -4.2791 0.7996, -0.0193 -4.3184 0.7996, 0.0936 -4.2823 0.7682, 0.0936 -4.3217 0.7682, 0.0697 -4.321 0.7749, 0.0428 -4.2808 0.7823, -0.1161 -4.3155 0.8381, -0.1354 -4.315 0.8458, -0.1421 -4.2754 0.8485, -0.2048 -4.3129 0.8735, -0.2048 -4.2735 0.8735, -0.2074 -4.3128 0.8749, -0.232 -4.2727 0.8879, -0.4039 -4.2672 0.9823, -0.3805 -4.268 0.9665, -0.3809 -4.3074 0.9668, -0.3189 -4.2699 0.9339, -0.2943 -4.3101 0.9208, -0.3527 -4.2689 0.9518, -0.3527 -4.3083 0.9518, -0.3805 -4.3074 0.9665, -0.4847 -4.2646 1.0369, -0.4619 -4.3047 1.0214, -0.5441 -4.2626 1.077, -0.5424 -4.3021 1.0758, -0.5441 -4.302 1.077, -0.5542 -4.2623 1.0855, -0.5542 -4.3017 1.0855, -0.5635 -4.262 1.0933, -0.6371 -4.2594 1.1553, -0.6163 -4.2995 1.1378, -0.694 -4.2574 1.2033, -0.6895 -4.297 1.1995, -0.694 -4.2968 1.2033, -0.7086 -4.2569 1.2185, -0.735 -4.2953 1.2461, -0.735 -4.2559 1.2461, -0.7742 -4.2544 1.2871, -0.7556 -4.2945 1.2676, -0.8319 -4.2523 1.3474, -0.9547 -4.2862 1.5072, -0.9932 -4.2842 1.5705, -1.0076 -4.244 1.5942, -1.0288 -4.2429 1.629, -0.9569 -4.2467 1.5107, -0.9547 -4.2468 1.5072, -0.9404 -4.2868 1.4886, -0.894 -4.2889 1.4282, -0.8215 -4.292 1.3365, -0.8319 -4.2916 1.3474, -0.8393 -4.2519 1.357, -0.8814 -4.2894 1.4118, -0.894 -4.2495 1.4282, -0.8981 -4.2493 1.4335, -1.137 -4.2362 1.8452, -1.1003 -4.2386 1.7668, -1.0885 -4.2788 1.7416, -1.0591 -4.2807 1.6788, -1.0288 -4.2823 1.629, -1.0441 -4.2815 1.6542, -1.0585 -4.2414 1.6779, -1.0591 -4.2413 1.6788, -1.1302 -4.276 1.8307, -1.137 -4.2756 1.8452, -1.142 -4.2359 1.856, -1.1439 -4.2751 1.8599, -1.1439 -4.2358 1.8599, -1.2084 -4.2696 2.0482, -1.2084 -4.2302 2.0482, -1.2062 -4.2304 2.0418, -1.1744 -4.2332 1.9489, -1.1653 -4.2733 1.9225, -1.1972 -4.2706 2.0155, -1.2143 -4.2295 2.0744, -1.2143 -4.2689 2.0744, -1.2285 -4.2278 2.1371, -1.2224 -4.2679 2.11, -1.2501 -4.2251 2.2322, -1.244 -4.2652 2.2053, -1.2521 -4.2248 2.2412, -1.2521 -4.2642 2.2412, -1.2591 -4.2626 2.3011, -1.2604 -4.2229 2.3118, -1.2604 -4.2623 2.3118, -1.2623 -4.2225 2.3283, -1.2735 -4.2199 2.4239, -1.2703 -4.26 2.3969, -1.2749 -4.2589 2.4363, -1.261 -4.2101 2.7944, -1.2694 -4.2124 2.7095, -1.2721 -4.2525 2.6824, -1.2768 -4.2538 2.6348, -1.2768 -4.2144 2.6348, -1.2763 -4.255 2.5872, -1.2766 -4.215 2.6142, -1.276 -4.2559 2.553, -1.276 -4.2165 2.553, -1.2754 -4.2575 2.4923, -1.2757 -4.2174 2.5193, -1.2749 -4.2196 2.4363, -1.2156 -4.2429 3.0315, -1.2155 -4.2429 3.0319, -1.2156 -4.2036 3.0315, -1.2287 -4.2447 2.9695, -1.223 -4.2046 2.9966, -1.2487 -4.2473 2.874, -1.2431 -4.2072 2.901, -1.257 -4.2484 2.8348, -1.2626 -4.25 2.7783, -1.261 -4.2495 2.7944, -1.2599 -4.2099 2.8055, -1.257 -4.2091 2.8348, -1.1535 -4.198 3.2218, -1.1658 -4.1991 3.1842, -1.1744 -4.2393 3.1577, -1.2049 -4.242 3.0643, -1.1963 -4.2018 3.0908, -1.2155 -4.2036 3.0319, -1.1535 -4.2374 3.2218, -1.1408 -4.2365 3.25, -1.1361 -4.1969 3.2604, -1.1361 -4.2362 3.2604, -1.1293 -4.1964 3.2754, -1.0888 -4.1937 3.3651, -1.1003 -4.2338 3.3397, -1.0715 -4.1925 3.4035, -1.0715 -4.2319 3.4035, -1.0572 -4.2311 3.4279, -1.0431 -4.1909 3.4519, -1.0284 -4.2295 3.4769, -1.0284 -4.1901 3.4769, -0.9935 -4.1882 3.5363, -1.0075 -4.2284 3.5124, -0.9711 -4.187 3.5745, -0.9711 -4.2264 3.5745, -0.9394 -4.1856 3.6172, -0.9558 -4.2257 3.5951, -0.8943 -4.1836 3.678, -0.898 -4.2231 3.6731, -0.8943 -4.2229 3.678, -0.8817 -4.183 3.6951, -0.8538 -4.2211 3.7326, -0.8538 -4.1817 3.7326, -0.8388 -4.2205 3.7491, -0.8205 -4.1804 3.7692, -0.5536 -4.2102 4.0195, -0.5536 -4.1708 4.0195, -0.563 -4.2105 4.0127, -0.5888 -4.172 3.9941, -0.7563 -4.1779 3.8398, -0.7744 -4.218 3.8199, -0.7366 -4.1772 3.8614, -0.7366 -4.2165 3.8614, -0.6878 -4.1754 3.9053, -0.7078 -4.2155 3.8873, -0.6165 -4.1729 3.9693, -0.6368 -4.213 3.9511, -0.5888 -4.2113 3.9941, -0.1353 -4.1575 4.2602, -0.2063 -4.1596 4.2297, -0.2319 -4.1998 4.2186, -0.2507 -4.161 4.2105, -0.2507 -4.2003 4.2105, -0.3183 -4.2025 4.1723, -0.2941 -4.1623 4.186, -0.3521 -4.2036 4.1532, -0.3521 -4.1642 4.1532, -0.4036 -4.2052 4.124, -0.3795 -4.1651 4.1377, -0.4253 -4.2059 4.1118, -0.4253 -4.1665 4.1118, -0.4842 -4.2078 4.0694, -0.4618 -4.1677 4.0855, -0.5407 -4.1704 4.0287, -0.1415 -4.197 4.2576, -0.1353 -4.1968 4.2602, -0.1159 -4.1569 4.2686, -0.0673 -4.1948 4.2895, -0.0673 -4.1554 4.2895, 0.0933 -4.1901 4.339, 0.0933 -4.1508 4.339, 0.07 -4.1514 4.3318, -0.0239 -4.1542 4.3029, -0.0505 -4.1943 4.2947, 0.0434 -4.1916 4.3236, 0.1227 -4.1499 4.3481, 0.1227 -4.1893 4.3481, 0.1647 -4.1488 4.3562, 0.1375 -4.1889 4.3509, 0.2604 -4.1461 4.3748, 0.2333 -4.1862 4.3695, 0.3165 -4.1445 4.3857, 0.3165 -4.1839 4.3857, 0.3287 -4.1836 4.3867, 0.3303 -4.1442 4.3869, 0.3303 -4.1835 4.3869, 0.356 -4.1435 4.3891, 0.4519 -4.1409 4.3973, 0.4248 -4.181 4.395, 0.5119 -4.1393 4.4024, 0.5119 -4.1787 4.4024, 0.5201 -4.1785 4.4026, 0.547 -4.1384 4.403, 0.5718 -4.1772 4.4034, 0.5718 -4.1378 4.4034, 1.6129 -4.0499 1.0259, 1.5689 -4.0484 0.9942, 1.5905 -4.0097 1.0098, 2.0529 -4.0914 3.658, 2.0377 -4.092 3.6778, 2.0377 -4.1314 3.6778, 0.7708 -4.1326 4.3927, 0.8061 -4.171 4.3869, 0.813 -4.1314 4.3858, 0.813 -4.1708 4.3858, 0.8332 -4.1309 4.3825, 0.6419 -4.136 4.3996, 0.6149 -4.176 4.4011, 0.7375 -4.1334 4.3945, 0.7103 -4.1735 4.3959, 0.7708 -4.1719 4.3927, 0.9697 -4.1271 4.3601, 0.9974 -4.1657 4.3524, 1.0241 -4.1256 4.345, 1.05 -4.1642 4.3378, 1.05 -4.1248 4.3378, 0.9291 -4.1282 4.3668, 0.9018 -4.1683 4.3712, 0.9697 -4.1665 4.3601, 1.1187 -4.1228 4.3187, 1.0918 -4.163 4.3262, 1.1629 -4.1216 4.3064, 1.1629 -4.161 4.3064, 1.2115 -4.1201 4.2871, 1.1856 -4.1603 4.2974, 1.279 -4.1181 4.2602, 1.2771 -4.1575 4.261, 1.279 -4.1575 4.2602, 1.303 -4.1174 4.2506, 1.3484 -4.116 4.2325, 1.3484 -4.1554 4.2325, 1.3921 -4.1147 4.2094, 1.3675 -4.1548 4.2225, 1.4789 -4.1119 4.1635, 1.4543 -4.1521 4.1765, 1.4963 -4.1114 4.1542, 1.4963 -4.1508 4.1542, 1.5241 -4.1105 4.1395, 1.5241 -4.1499 4.1395, 1.5628 -4.1093 4.1134, 1.5399 -4.1494 4.1289, 1.6436 -4.1066 4.0588, 1.6207 -4.1467 4.0743, 1.6878 -4.1052 4.029, 1.6878 -4.1445 4.029, 1.6978 -4.1048 4.0205, 1.6978 -4.1442 4.0205, 1.721 -4.104 4.001, 1.7001 -4.1441 4.0186, 1.7946 -4.1015 3.939, 1.7738 -4.1415 3.9565, 1.8377 -4.1 3.9027, 1.8377 -4.1393 3.9027, 1.846 -4.139 3.894, 1.8646 -4.0989 3.8745, 1.8786 -4.1378 3.8599, 1.8786 -4.0984 3.8599, 1.994 -4.094 3.7346, 1.9756 -4.0948 3.7586, 1.9774 -4.1341 3.7562, 2.0361 -4.1315 3.6797, 1.9303 -4.0965 3.8059, 1.9116 -4.1365 3.8254, 1.9756 -4.1341 3.7586, 2.11 -4.0887 3.5795, 2.0984 -4.0894 3.5988, 2.0984 -4.1287 3.5988, 2.1608 -4.0861 3.496, 2.1464 -4.1262 3.5197, 2.1724 -4.0854 3.477, 2.0953 -4.1289 3.6028, 2.2027 -4.1232 3.4272, 2.24 -4.1208 3.3476, 2.2518 -4.0806 3.3223, 2.2806 -4.0787 3.2608, 2.2101 -4.0834 3.4114, 2.2027 -4.0838 3.4272, 2.1973 -4.1235 3.436, 2.1724 -4.1248 3.477, 2.352 -4.0728 3.0578, 2.324 -4.0752 3.1396, 2.315 -4.1153 3.1659, 2.2875 -4.1177 3.2461, 2.2806 -4.1181 3.2608, 2.2817 -4.118 3.2585, 2.2875 -4.0783 3.2461, 2.2921 -4.0779 3.2326, 2.3468 -4.1126 3.073, 2.352 -4.1121 3.0578, 2.3546 -4.0724 3.0464, 2.3579 -4.1114 3.0316, 2.3579 -4.072 3.0316, 2.3762 -4.0698 2.9509, 2.3701 -4.1099 2.9779, 2.3957 -4.0673 2.8648, 2.416 -4.102 2.6911, 2.4185 -4.1015 2.6697, 2.4185 -4.0621 2.6697, 2.4049 -4.1046 2.7868, 2.3917 -4.1072 2.8828, 2.3957 -4.1067 2.8648, 2.3968 -4.0671 2.8558, 2.404 -4.1048 2.7942, 2.404 -4.0654 2.7942, 2.408 -4.0645 2.7596, 2.4192 -4.0995 2.5957, 2.4196 -4.0984 2.553, 2.4195 -4.0595 2.5688, 2.4196 -4.0591 2.553, 2.4186 -4.0619 2.6641, 2.4046 -4.0527 2.3116, 2.4112 -4.0545 2.3784, 2.4139 -4.0945 2.4055, 2.4204 -4.0963 2.4712, 2.4204 -4.0569 2.4712, 2.4204 -4.057 2.4738, 2.4201 -4.0971 2.5008, 2.4006 -4.091 2.2712, 2.3886 -4.0894 2.214, 2.3829 -4.0492 2.1869, 2.3628 -4.0466 2.0913, 2.3685 -4.0867 2.1184, 2.3593 -4.0855 2.0745, 2.3593 -4.0461 2.0745, 2.3591 -4.0855 2.0741, 2.3591 -4.0461 2.0741, 2.4006 -4.0516 2.2712, 2.4017 -4.0519 2.2823, 2.4044 -4.092 2.3096, 2.4046 -4.092 2.3116, 2.3341 -4.0439 1.9976, 2.3428 -4.084 2.0241, 2.3036 -4.0411 1.9041, 2.3123 -4.0813 1.9306, 2.2971 -4.0405 1.8842, 2.2971 -4.0799 1.8842, 2.2797 -4.0394 1.8456, 2.2797 -4.0787 1.8456, 2.2767 -4.0785 1.839, 2.2363 -4.0758 1.7493, 2.2151 -4.0744 1.7025, 2.2248 -4.0357 1.7239, 2.2151 -4.035 1.7025, 2.2653 -4.0384 1.8136, 2.1774 -4.033 1.6381, 2.1914 -4.0731 1.6621, 2.1721 -4.0327 1.6291, 2.1721 -4.072 1.6291, 2.1278 -4.0303 1.5538, 2.1418 -4.0704 1.5776, 2.1147 -4.0295 1.5315, 2.1147 -4.0689 1.5315, 2.0721 -4.0276 1.474, 2.0885 -4.0677 1.4962, 2.0379 -4.0261 1.428, 2.0379 -4.0654 1.428, 2.0307 -4.0651 1.4183, 2.0144 -4.025 1.3963, 1.9974 -4.0636 1.3734, 1.9974 -4.0242 1.3734, 1.5312 -4.0472 0.9729, 1.4957 -4.0461 0.9528, 1.507 -4.0071 0.9592, 1.4957 -4.0067 0.9528, 1.952 -4.0225 1.3234, 1.9703 -4.0626 1.3435, 1.8879 -4.02 1.2529, 1.906 -4.0601 1.2728, 1.8802 -4.0197 1.2446, 1.8802 -4.0591 1.2446, 1.818 -4.0175 1.1887, 1.8381 -4.0576 1.2067, 1.7466 -4.015 1.1246, 1.7669 -4.0551 1.1428, 1.7324 -4.0145 1.1118, 1.7324 -4.0538 1.1118, 1.6972 -4.0133 1.0865, 1.6972 -4.0527 1.0865, 1.6918 -4.0525 1.0826, 1.5689 -4.009 0.9942, 1.6695 -4.0124 1.0666, 1.2424 -3.9989 0.83, 1.2789 -4.0 0.8458, 1.268 -4.039 0.8411, 1.4216 -4.0044 0.9109, 1.4458 -4.0445 0.9246, 1.3943 -4.0035 0.8955, 1.3943 -4.0429 0.8955, 1.3328 -4.0016 0.869, 1.3584 -4.0418 0.88, 1.2789 -4.0394 0.8458, 1.2109 -3.9979 0.8165, 1.2109 -4.0373 0.8165, 1.1497 -3.9962 0.7976, 1.1764 -4.0363 0.8058, 1.0559 -3.9935 0.7687, 1.0825 -4.0336 0.7769, 1.0503 -3.9933 0.767, 1.0503 -4.0327 0.767, 1.0209 -3.9924 0.7579, 1.0209 -4.0318 0.7579, 0.9608 -3.9908 0.7463, 0.988 -4.0309 0.7515, 0.8652 -3.9881 0.7277, 0.8923 -4.0282 0.733, 0.8271 -3.9871 0.7203, 0.8271 -4.0264 0.7203, 0.8133 -3.9867 0.7191, 0.8133 -4.0261 0.7191, 0.7694 -3.9855 0.7154, 0.7967 -4.0256 0.7177, 0.6737 -3.983 0.7072, 0.7008 -4.0231 0.7095, 0.6317 -3.9819 0.7036, 0.6317 -4.0212 0.7036, 0.6056 -4.0206 0.7032, 0.5787 -3.9805 0.7027, 0.5718 -4.0197 0.7026, 0.5718 -3.9803 0.7026, -0.7317 -3.862 3.8658, -0.7366 -3.8622 3.8614, -0.7366 -3.9016 3.8614, 0.2924 -3.9729 0.7265, 0.3306 -3.9739 0.7202, 0.3195 -4.013 0.7221, 0.3728 -4.0145 0.7133, 0.3728 -3.9751 0.7133, 0.3879 -3.9755 0.7125, 0.4837 -3.978 0.7074, 0.5107 -4.0181 0.7059, 0.4152 -4.0156 0.7111, 0.3306 -4.0133 0.7202, -0.1766 -3.9594 0.8622, -0.1354 -3.9606 0.8458, -0.1507 -3.9995 0.8519, 0.1964 -3.9703 0.7422, 0.2236 -4.0104 0.7378, 0.174 -3.9696 0.7459, 0.174 -4.009 0.7459, 0.1016 -3.9676 0.766, 0.1284 -4.0077 0.7585, 0.0936 -3.9673 0.7682, 0.0936 -4.0067 0.7682, 0.0071 -3.9649 0.7922, 0.0339 -4.005 0.7848, -0.0193 -3.9641 0.7996, -0.0193 -4.0035 0.7996, -0.0852 -3.9621 0.8258, -0.0593 -4.0023 0.8155, -0.1354 -4.0 0.8458, -0.3527 -3.9933 0.9518, -0.3527 -3.9539 0.9518, -0.3517 -3.954 0.9512, -0.2048 -3.9586 0.8735, -0.2048 -3.9979 0.8735, -0.2649 -3.9567 0.9053, -0.2403 -3.9968 0.8922, -0.3271 -3.9941 0.9382, -0.3805 -3.953 0.9665, -0.3805 -3.9924 0.9665, -0.4345 -3.9513 1.0029, -0.4115 -3.9914 0.9874, -0.5152 -3.9486 1.0574, -0.4923 -3.9887 1.042, -0.5441 -3.9477 1.077, -0.5441 -3.987 1.077, -0.5542 -3.9473 1.0855, -0.5542 -3.9867 1.0855, -0.5704 -3.9861 1.0992, -0.5913 -3.946 1.1168, -1.0288 -3.9673 1.629, -1.0288 -3.928 1.629, -1.0268 -3.9281 1.6258, -0.976 -3.9308 1.5422, -0.9547 -3.9319 1.5072, -0.9616 -3.9709 1.5186, -0.9547 -3.9712 1.5072, -1.0124 -3.9682 1.6021, -0.6648 -3.9435 1.1787, -0.644 -3.9836 1.1612, -0.694 -3.9425 1.2033, -0.694 -3.9818 1.2033, -0.7333 -3.941 1.2444, -0.7148 -3.9811 1.225, -0.735 -3.9409 1.2461, -0.735 -3.9803 1.2461, -0.7991 -3.9385 1.3131, -0.7804 -3.9786 1.2936, -0.8319 -3.9373 1.3474, -0.8319 -3.9767 1.3474, -0.8615 -3.936 1.3859, -0.8449 -3.9761 1.3642, -0.894 -3.9346 1.4282, -0.894 -3.9739 1.4282, -0.9037 -3.9735 1.4408, -0.9204 -3.9334 1.4626, -1.0591 -3.9264 1.6788, -1.0591 -3.9657 1.6788, -1.0743 -3.9254 1.7114, -1.0625 -3.9655 1.6862, -1.1161 -3.9226 1.8005, -1.1042 -3.9628 1.7753, -1.137 -3.9213 1.8452, -1.137 -3.9606 1.8452, -1.1439 -3.9208 1.8599, -1.1439 -3.9602 1.8599, -1.1455 -3.96 1.8646, -1.2084 -3.9153 2.0482, -1.1864 -3.9172 1.984, -1.1774 -3.9573 1.9576, -1.1545 -3.9199 1.891, -1.2084 -3.9547 2.0482, -1.2089 -3.9546 2.0506, -1.2143 -3.9146 2.0744, -1.2143 -3.9539 2.0744, -1.2151 -3.9145 2.0777, -1.2367 -3.9118 2.1731, -1.2306 -3.9519 2.1461, -1.2521 -3.9099 2.2412, -1.2521 -3.9492 2.2411, -1.2521 -3.9492 2.2412, -1.2553 -3.9091 2.2685, -1.2604 -3.908 2.3118, -1.2604 -3.9473 2.3118, -1.2633 -3.9466 2.3374, -1.2665 -3.9065 2.3645, -1.2749 -3.9046 2.4363, -1.2745 -3.9441 2.4329, -1.2749 -3.944 2.4363, -1.2751 -3.904 2.46, -1.276 -3.9016 2.553, -1.261 -3.8952 2.7944, -1.2658 -3.8965 2.7457, -1.2685 -3.9366 2.7185, -1.2768 -3.9388 2.6348, -1.2753 -3.899 2.6502, -1.2768 -3.8995 2.6348, -1.2767 -3.9391 2.6232, -1.276 -3.9015 2.5551, -1.276 -3.9409 2.553, -1.2758 -3.9416 2.5282, -1.2211 -3.9287 3.0057, -1.2156 -3.8886 3.0315, -1.2412 -3.9314 2.91, -1.2355 -3.8913 2.9371, -1.257 -3.9335 2.8348, -1.2152 -3.8886 3.0328, -1.2155 -3.8886 3.0319, -1.2155 -3.928 3.0319, -1.2156 -3.928 3.0315, -1.2555 -3.8939 2.8418, -1.257 -3.8941 2.8348, -1.259 -3.934 2.8146, -1.261 -3.9346 2.7944, -1.1535 -3.9224 3.2218, -1.1535 -3.8831 3.2218, -1.1542 -3.8831 3.2196, -1.1848 -3.8859 3.1261, -1.1934 -3.926 3.0996, -1.1629 -3.9233 3.1931, -1.1361 -3.8819 3.2604, -1.1361 -3.9213 3.2604, -1.114 -3.8804 3.3093, -1.1255 -3.9205 3.2839, -1.0736 -3.8777 3.399, -1.085 -3.9178 3.3736, -1.0715 -3.8775 3.4035, -1.0715 -3.9169 3.4035, -1.0384 -3.9151 3.4599, -1.0284 -3.8752 3.4769, -1.0284 -3.9146 3.4769, -1.0243 -3.875 3.4838, -0.9711 -3.9114 3.5745, -0.9711 -3.8721 3.5745, -0.9748 -3.8723 3.5681, -0.9888 -3.9124 3.5443, -0.9175 -3.8696 3.6467, -0.9339 -3.9098 3.6246, -0.8943 -3.8686 3.678, -0.8943 -3.908 3.678, -0.86 -3.867 3.7244, -0.8762 -3.9071 3.7024, -0.8538 -3.8668 3.7326, -0.8538 -3.9061 3.7326, -0.7962 -3.8645 3.796, -0.8144 -3.9046 3.7759, -0.7503 -3.9021 3.8464, -0.3521 -3.8492 4.1532, -0.4253 -3.8515 4.1118, -0.4253 -3.8909 4.1118, -0.6609 -3.8595 3.9294, -0.6811 -3.8996 3.9113, -0.5894 -3.857 3.9936, -0.6097 -3.8971 3.9754, -0.5888 -3.857 3.9941, -0.5888 -3.8964 3.9941, -0.5536 -3.8558 4.0195, -0.5536 -3.8952 4.0195, -0.5333 -3.8945 4.0341, -0.4543 -3.8919 4.0909, -0.4319 -3.8518 4.107, -0.511 -3.8544 4.0501, -0.3714 -3.8892 4.1422, -0.3521 -3.8886 4.1532, -0.3473 -3.8491 4.1559, -0.2618 -3.8464 4.2042, -0.286 -3.8865 4.1905, -0.2507 -3.846 4.2105, -0.2507 -3.8854 4.2105, -0.1721 -3.8436 4.2444, -0.1977 -3.8838 4.2333, -0.1353 -3.8425 4.2602, -0.1353 -3.8819 4.2602, -0.0817 -3.8409 4.2833, -0.1073 -3.881 4.2723, -0.0673 -3.8405 4.2895, -0.0673 -3.8798 4.2895, 0.0116 -3.8382 4.3138, -0.015 -3.8783 4.3056, 0.0933 -3.8358 4.339, 0.0789 -3.8756 4.3346, 0.0933 -3.8752 4.339, 0.1054 -3.8355 4.3427, 0.1227 -3.8743 4.3481, 0.1227 -3.835 4.3481, 0.2009 -3.8328 4.3632, 0.1737 -3.8729 4.358, 0.2964 -3.8301 4.3818, 0.2694 -3.8703 4.3765, 0.3165 -3.8296 4.3857, 0.3165 -3.8689 4.3857, 0.3303 -3.8292 4.3869, 0.3303 -3.8686 4.3869, 0.3923 -3.8276 4.3922, 0.3651 -3.8677 4.3899, 0.4879 -3.825 4.4004, 0.4609 -3.8651 4.3981, 0.5119 -3.8244 4.4024, 0.5718 -3.8622 4.4034, 0.5718 -3.8228 4.4034, 0.556 -3.8626 4.4031, 0.5119 -3.8638 4.4024, 0.6317 -3.7063 0.7036, 0.5718 -3.7047 0.7026, 0.5718 -3.6654 0.7026, 1.2082 -3.6829 0.8156, 1.2109 -3.683 0.8165, 1.2109 -3.7223 0.8165, 1.583 -3.7339 1.0044, 1.5689 -3.7334 0.9942, 1.5689 -3.6941 0.9942, 1.8818 -3.7442 1.2463, 1.8802 -3.7441 1.2446, 1.8802 -3.7047 1.2446, 0.813 -3.8558 4.3858, 0.813 -3.8165 4.3858, 0.7738 -3.8175 4.3922, 0.7708 -3.857 4.3927, 0.7708 -3.8176 4.3927, 0.7466 -3.8576 4.394, 0.6509 -3.8601 4.3991, 0.6779 -3.82 4.3977, 0.5828 -3.8225 4.4028, 0.9655 -3.8123 4.3608, 0.9697 -3.8515 4.3601, 0.9697 -3.8122 4.3601, 1.0331 -3.8497 4.3425, 1.05 -3.8099 4.3378, 1.05 -3.8492 4.3378, 1.0598 -3.8096 4.3351, 0.8694 -3.8149 4.3765, 0.8422 -3.855 4.381, 0.9382 -3.8524 4.3653, 1.1629 -3.846 4.3064, 1.1629 -3.8066 4.3064, 1.1544 -3.8069 4.3088, 1.1276 -3.847 4.3163, 1.3484 -3.8404 4.2325, 1.3484 -3.8011 4.2325, 1.3375 -3.8014 4.2369, 1.2461 -3.8041 4.2733, 1.2202 -3.8443 4.2836, 1.279 -3.8031 4.2602, 1.279 -3.8425 4.2602, 1.3116 -3.8415 4.2472, 1.4249 -3.7987 4.192, 1.4003 -3.8388 4.2051, 1.4963 -3.7964 4.1542, 1.4871 -3.8361 4.1591, 1.4963 -3.8358 4.1542, 1.5116 -3.796 4.1461, 1.5241 -3.8349 4.1395, 1.5241 -3.7956 4.1395, 1.6878 -3.8296 4.029, 1.6878 -3.7902 4.029, 1.674 -3.7906 4.0383, 1.5934 -3.7933 4.0927, 1.5705 -3.8334 4.1082, 1.6512 -3.8308 4.0537, 1.6978 -3.7898 4.0205, 1.6978 -3.8292 4.0205, 1.7489 -3.7881 3.9775, 1.728 -3.8282 3.9951, 1.8222 -3.7855 3.9157, 1.8786 -3.8228 3.8599, 1.8786 -3.7835 3.8599, 1.8708 -3.8231 3.8681, 1.8377 -3.785 3.9027, 1.8377 -3.8244 3.9027, 1.8015 -3.8256 3.9331, 2.1724 -3.7705 3.477, 2.1292 -3.7728 3.548, 2.1148 -3.8129 3.5717, 2.0984 -3.8138 3.5988, 2.0984 -3.7744 3.5988, 2.0584 -3.8155 3.6507, 2.0752 -3.7754 3.6289, 2.0377 -3.8164 3.6778, 2.0377 -3.7771 3.6778, 1.9996 -3.8181 3.7274, 2.0162 -3.778 3.7057, 1.9756 -3.8192 3.7586, 1.9756 -3.7798 3.7586, 1.9365 -3.8206 3.7994, 1.9553 -3.7806 3.7798, 1.8894 -3.7831 3.8487, 2.1656 -3.8102 3.4881, 2.1724 -3.8099 3.477, 2.1801 -3.7701 3.4644, 2.2027 -3.8083 3.4272, 2.2027 -3.7689 3.4272, 2.214 -3.8075 3.403, 2.2258 -3.7674 3.3777, 2.2676 -3.7646 3.2886, 2.2557 -3.8048 3.3139, 2.2806 -3.7638 3.2608, 2.2806 -3.8031 3.2608, 2.2875 -3.7633 3.2461, 2.2875 -3.8027 3.2461, 2.3042 -3.7619 3.1975, 2.2951 -3.802 3.2238, 2.336 -3.7592 3.1044, 2.327 -3.7993 3.1308, 2.352 -3.7578 3.0578, 2.352 -3.7972 3.0578, 2.3567 -3.7966 3.0373, 2.3579 -3.7571 3.0316, 2.3579 -3.7964 3.0316, 2.3628 -3.7565 3.0103, 2.3844 -3.7538 2.9149, 2.3783 -3.7939 2.9419, 2.3957 -3.7524 2.8648, 2.3957 -3.7918 2.8648, 2.3979 -3.7913 2.8466, 2.4011 -3.7512 2.8193, 2.404 -3.7899 2.7942, 2.404 -3.7505 2.7942, 2.4123 -3.7486 2.7234, 2.4091 -3.7887 2.7505, 2.4185 -3.7471 2.6697, 2.4185 -3.7865 2.6697, 2.4187 -3.7861 2.655, 2.4189 -3.746 2.628, 2.4196 -3.7441 2.553, 2.4046 -3.7377 2.3116, 2.4076 -3.7385 2.3421, 2.4103 -3.7786 2.3693, 2.4198 -3.7812 2.4648, 2.4171 -3.7411 2.4378, 2.4204 -3.7813 2.4712, 2.4196 -3.7836 2.5598, 2.4196 -3.7835 2.553, 2.4198 -3.7436 2.533, 2.4204 -3.742 2.4712, 2.3609 -3.7707 2.0822, 2.3593 -3.7311 2.0745, 2.381 -3.7734 2.1779, 2.3753 -3.7333 2.1508, 2.4006 -3.776 2.2712, 2.3954 -3.7359 2.2462, 2.4006 -3.7366 2.2712, 2.4008 -3.776 2.2731, 2.4046 -3.7771 2.3116, 2.2971 -3.7256 1.8842, 2.2971 -3.765 1.8842, 2.2904 -3.7251 1.8694, 2.2797 -3.7638 1.8456, 2.2797 -3.7244 1.8456, 2.3593 -3.7705 2.0745, 2.3591 -3.7705 2.0741, 2.3591 -3.7311 2.0741, 2.3531 -3.7306 2.0556, 2.3226 -3.7279 1.9623, 2.3313 -3.768 1.9888, 2.3007 -3.7653 1.8953, 2.25 -3.7224 1.7797, 2.2615 -3.7625 1.8051, 2.2151 -3.72 1.7025, 2.221 -3.7598 1.7155, 2.2151 -3.7594 1.7025, 2.2083 -3.7197 1.6908, 2.1727 -3.7571 1.6302, 2.1721 -3.7177 1.6291, 2.1721 -3.7571 1.6291, 2.1586 -3.717 1.6062, 2.1147 -3.7146 1.5315, 2.1231 -3.7544 1.5458, 2.1147 -3.754 1.5315, 2.1081 -3.7143 1.5227, 2.0502 -3.7117 1.4446, 1.9974 -3.7486 1.3734, 1.9974 -3.7093 1.3734, 2.009 -3.7492 1.389, 2.0379 -3.7111 1.428, 2.0379 -3.7505 1.428, 2.0666 -3.7518 1.4667, 1.9459 -3.7466 1.3167, 1.9277 -3.7066 1.2967, 1.9921 -3.7091 1.3675, 1.6972 -3.7377 1.0865, 1.7183 -3.699 1.1017, 1.7324 -3.7389 1.1118, 1.7324 -3.6995 1.1118, 1.7398 -3.7391 1.1185, 1.8112 -3.7417 1.1826, 1.7911 -3.7016 1.1645, 1.862 -3.7041 1.2282, 1.56 -3.6938 0.9892, 1.4989 -3.7312 0.9547, 1.4957 -3.6917 0.9528, 1.4957 -3.7311 0.9528, 1.4747 -3.6911 0.941, 1.662 -3.7365 1.0612, 1.6397 -3.6964 1.0451, 1.6972 -3.6983 1.0865, 1.389 -3.6884 0.8932, 1.3943 -3.6885 0.8955, 1.3943 -3.7279 0.8955, 1.2789 -3.7244 0.8458, 1.2789 -3.685 0.8458, 1.2986 -3.6856 0.8543, 1.3243 -3.7258 0.8653, 1.4135 -3.7285 0.9063, 1.2339 -3.723 0.8264, 1.1142 -3.6802 0.7867, 1.1409 -3.7203 0.7949, 1.0503 -3.6783 0.767, 1.0209 -3.7168 0.7579, 1.0209 -3.6775 0.7579, 1.047 -3.7176 0.766, 1.0503 -3.7177 0.767, 0.8562 -3.7123 0.726, 0.8271 -3.7115 0.7203, 0.8293 -3.6722 0.7207, 0.8271 -3.6721 0.7203, 0.9518 -3.7149 0.7445, 0.9246 -3.6748 0.7392, 1.0205 -3.6775 0.7579, 0.8133 -3.6717 0.7191, 0.8133 -3.7111 0.7191, 0.7332 -3.6696 0.7123, 0.7604 -3.7097 0.7146, 0.6378 -3.6671 0.7041, 0.6647 -3.7072 0.7064, 0.6317 -3.6669 0.7036, 0.3165 -3.554 4.3857, 0.3303 -3.5536 4.3869, 0.3306 -3.5236 4.3857, 0.1873 -3.6944 0.7437, 0.174 -3.694 0.7459, 0.174 -3.6547 0.7459, 0.3728 -3.6601 0.7133, 0.3728 -3.6995 0.7133, 0.3518 -3.6596 0.7168, 0.3306 -3.6983 0.7202, 0.5697 -3.7047 0.7027, 0.5429 -3.6646 0.7042, 0.4476 -3.6621 0.7093, 0.4747 -3.7022 0.7078, 0.3788 -3.6997 0.713, 0.1603 -3.6543 0.7497, 0.0936 -3.6917 0.7682, 0.0936 -3.6524 0.7682, 0.2833 -3.697 0.728, 0.2561 -3.6569 0.7324, 0.3306 -3.659 0.7202, -0.0283 -3.6489 0.8032, -0.0193 -3.6491 0.7996, -0.0193 -3.6885 0.7996, -0.1197 -3.6461 0.8396, 0.0659 -3.6516 0.7759, 0.0927 -3.6917 0.7684, -0.0019 -3.689 0.7947, -0.0938 -3.6863 0.8293, -0.1354 -3.685 0.8458, -0.1354 -3.6457 0.8458, -0.1853 -3.6835 0.8657, -0.2048 -3.6436 0.8735, -0.2048 -3.683 0.8735, -0.2108 -3.6434 0.8767, -0.2977 -3.6407 0.9227, -0.2731 -3.6808 0.9096, -0.3527 -3.639 0.9518, -0.3527 -3.6783 0.9518, -0.3598 -3.6781 0.9555, -0.3805 -3.6381 0.9665, -0.3805 -3.6775 0.9665, -0.3841 -3.638 0.9689, -0.465 -3.6353 1.0236, -0.4421 -3.6754 1.0081, -0.5441 -3.6327 1.077, -0.5228 -3.6728 1.0626, -0.5441 -3.6721 1.077, -0.5454 -3.6327 1.0781, -0.5542 -3.6717 1.0855, -0.5542 -3.6324 1.0855, -0.6191 -3.6301 1.1403, -0.5983 -3.6702 1.1226, -0.6923 -3.6276 1.202, -0.867 -3.6602 1.3931, -0.894 -3.659 1.4282, -0.8837 -3.62 1.4148, -0.6717 -3.6677 1.1845, -0.694 -3.6669 1.2033, -0.6955 -3.6275 1.2047, -0.735 -3.6653 1.2461, -0.7351 -3.626 1.2461, -0.7395 -3.6652 1.2509, -0.7582 -3.6251 1.2703, -0.8319 -3.6617 1.3474, -0.8315 -3.6223 1.3468, -0.8242 -3.6226 1.3392, -0.8054 -3.6627 1.3197, -1.0288 -3.613 1.629, -0.9952 -3.6148 1.5738, -0.9808 -3.6549 1.5501, -0.9547 -3.6563 1.5072, -0.9543 -3.6169 1.5066, -0.926 -3.6576 1.4698, -0.9428 -3.6174 1.4917, -0.894 -3.6196 1.4282, -1.0591 -3.6508 1.6788, -1.0461 -3.6121 1.6574, -1.0316 -3.6522 1.6337, -1.0288 -3.6524 1.629, -1.27 -3.5906 2.4006, -1.2659 -3.5923 2.3366, -1.2604 -3.6324 2.3118, -1.2623 -3.593 2.3115, -1.2564 -3.6333 2.2776, -1.2613 -3.5932 2.3047, -1.2521 -3.6343 2.2412, -1.252 -3.5949 2.2405, -1.2387 -3.6359 2.1821, -1.2449 -3.5958 2.209, -1.2171 -3.6386 2.0867, -1.2232 -3.5985 2.1138, -1.2143 -3.639 2.0744, -1.2143 -3.5996 2.0744, -1.2084 -3.6397 2.0482, -1.2082 -3.6003 2.0475, -1.1894 -3.6413 1.9928, -1.1985 -3.6012 2.0191, -1.1575 -3.644 1.8997, -1.1666 -3.6039 1.9261, -1.1439 -3.6452 1.8599, -1.1436 -3.6059 1.8592, -1.137 -3.6457 1.8452, -1.137 -3.6063 1.8452, -1.12 -3.6468 1.809, -1.1319 -3.6066 1.8342, -1.0783 -3.6495 1.7199, -1.0901 -3.6094 1.7451, -1.0587 -3.6114 1.6782, -1.2129 -3.5736 3.0312, -1.2283 -3.5753 2.9732, -1.2336 -3.6154 2.9461, -1.2399 -3.5765 2.9295, -1.2536 -3.6181 2.8508, -1.2477 -3.5779 2.8778, -1.257 -3.6185 2.8348, -1.2604 -3.5802 2.7942, -1.261 -3.6196 2.7944, -1.2622 -3.5806 2.7819, -1.2649 -3.6207 2.7548, -1.2701 -3.582 2.7303, -1.2744 -3.6232 2.6592, -1.2719 -3.5831 2.6863, -1.2768 -3.6239 2.6348, -1.276 -3.5856 2.5909, -1.2761 -3.6257 2.5641, -1.2776 -3.5866 2.553, -1.276 -3.626 2.553, -1.2785 -3.5871 2.5327, -1.2752 -3.6282 2.469, -1.2761 -3.5881 2.4961, -1.2749 -3.629 2.4363, -1.2676 -3.6307 2.3736, -1.1819 -3.61 3.1349, -1.1535 -3.6075 3.2218, -1.1385 -3.5671 3.2533, -1.1506 -3.6073 3.2281, -1.1361 -3.6063 3.2604, -1.2156 -3.613 3.0315, -1.2155 -3.613 3.0319, -1.2032 -3.5726 3.0679, -1.2124 -3.6127 3.0416, -1.1884 -3.571 3.1235, -1.1738 -3.5699 3.1615, -1.0544 -3.5617 3.4309, -1.0994 -3.5644 3.3435, -1.1102 -3.6045 3.3178, -1.1167 -3.5655 3.3099, -1.1358 -3.5669 3.2604, -1.0715 -3.6019 3.4035, -1.0694 -3.6018 3.4072, -1.0302 -3.5602 3.478, -1.0284 -3.5996 3.4769, -1.0257 -3.5599 3.4868, -1.0197 -3.5991 3.4918, -1.0067 -3.559 3.5164, -0.9447 -3.5558 3.6133, -0.9541 -3.5563 3.5986, -0.97 -3.5964 3.576, -0.9711 -3.5965 3.5745, -0.8957 -3.5537 3.676, -0.9121 -3.5938 3.6541, -0.8942 -3.5536 3.6779, -0.8943 -3.593 3.678, -0.8363 -3.5511 3.752, -0.8545 -3.5912 3.7317, -0.8538 -3.5912 3.7326, -0.8235 -3.5506 3.7684, -0.7901 -3.5887 3.8026, -0.5332 -3.5401 4.0372, -0.5538 -3.5409 4.02, -0.5536 -3.5802 4.0195, -0.5598 -3.5411 4.0151, -0.6542 -3.5837 3.9355, -0.5888 -3.5814 3.9941, -0.5821 -3.5812 3.999, -0.6339 -3.5436 3.9534, -0.6874 -3.5455 3.9089, -0.7251 -3.5862 3.8718, -0.7054 -3.5461 3.8903, -0.7366 -3.5866 3.8614, -0.7349 -3.5473 3.8598, -0.7714 -3.5486 3.8221, -0.4813 -3.5384 4.0717, -0.5035 -3.5786 4.0555, -0.3999 -3.5358 4.1256, -0.4253 -3.576 4.1118, -0.4244 -3.5759 4.1123, -0.3656 -3.5347 4.1484, -0.3521 -3.5736 4.1532, -0.3531 -3.5343 4.1549, -0.3392 -3.5732 4.1605, -0.3152 -3.5331 4.1744, -0.2279 -3.5304 4.2195, -0.2537 -3.5705 4.2088, -0.2507 -3.5704 4.2105, -0.1877 -3.5291 4.2403, -0.1636 -3.5678 4.2481, -0.1382 -3.5276 4.2595, -0.1353 -3.5669 4.2602, -0.1355 -3.5276 4.2605, -0.0464 -3.5249 4.2951, 0.0933 -3.5602 4.339, 0.0935 -3.5236 4.3379, 0.0205 -3.5623 4.3166, -0.0034 -3.5236 4.3117, -0.0673 -3.5649 4.2895, -0.0732 -3.565 4.287, 0.376 -3.5236 4.393, 0.4014 -3.5517 4.393, 0.4969 -3.5492 4.4011, 0.5718 -3.5236 4.4034, 0.5119 -3.5488 4.4024, 0.5718 -3.5472 4.4034, 0.1143 -3.5596 4.3455, 0.1227 -3.5594 4.3481, 0.1825 -3.5236 4.362, 0.2099 -3.5569 4.365, 0.3054 -3.5543 4.3835, 1.4087 -3.5236 4.2033, 1.2799 -3.5236 4.2625, 1.3484 -3.5255 4.2325, 1.3461 -3.5255 4.2334, 1.2547 -3.5283 4.2699, 1.2124 -3.5236 4.2855, 1.2126 -3.5295 4.2866, 1.0507 -3.5236 4.3403, 1.1629 -3.531 4.3064, 1.1633 -3.531 4.3063, 0.9697 -3.5366 4.3601, 0.9744 -3.5364 4.3588, 1.0041 -3.5236 4.3496, 1.0041 -3.5356 4.3505, 1.0688 -3.5337 4.3326, 0.8784 -3.5391 4.3751, 0.8133 -3.5236 4.3876, 0.7896 -3.5415 4.3896, 0.7896 -3.5236 4.3891, 0.7828 -3.5417 4.3907, 0.5918 -3.5467 4.4023, 0.687 -3.5442 4.3972, 0.7708 -3.542 4.3927, 0.0452 -3.5204 4.3235, 0.1852 -3.5111 4.3492, 0.1523 -3.5132 4.3445, 0.1434 -3.5138 4.3428, 0.0474 -3.5202 4.3239, 0.3787 -3.4985 4.3675, 0.3532 -3.5002 4.3668, 0.3354 -3.5013 4.3653, 0.2446 -3.5072 4.3575, 0.2395 -3.5075 4.3568, 0.5718 -3.4864 4.3661, 0.5247 -3.4893 4.3677, 0.4623 -3.4932 4.3697, 0.4306 -3.4952 4.3688, -1.0883 -5.6859 2.7916, 2.1389 -5.5172 1.9553, -0.9688 -4.4535 1.89, 2.1959 -3.9481 2.1343, -0.9963 -3.8215 1.9503, 2.1935 -5.5226 2.1248, -1.0542 -5.3905 2.1308, -1.0542 -5.3905 2.1307, 2.2024 -5.2325 2.9571, 2.2018 -5.2325 2.959, 2.1858 -4.9193 3.0119, 2.1589 -4.922 3.0969, 2.1019 -4.8841 1.8595, 2.1146 -4.8852 1.8923, 2.1963 -4.6033 2.98, -0.9728 -4.098 3.2091, 2.0661 -3.9845 3.3206, 2.0593 -3.9849 3.3322, -0.9928 -3.7847 3.1572, -0.8716 -3.7761 3.4125, -0.8787 -3.7765 3.3989, 2.2024 -3.6577 2.9571, 2.1989 -3.658 2.9683, -0.5251 -5.965 3.8241, -0.5881 -5.9674 3.7645, -0.2352 -5.9544 4.024, 2.1233 -5.87 3.1916, 2.1792 -5.8359 2.0713, -0.0856 -5.7515 1.0089, -0.1197 -5.7503 1.022, -0.1665 -5.7487 1.0464, -0.0022 -5.7542 0.9768, 0.058 -5.7562 0.9536, 0.0819 -5.7569 0.9474, 0.1681 -5.7596 0.925, 0.2432 -5.762 0.9055, 0.2541 -5.7623 0.904, 0.3414 -5.7649 0.8917, 0.515 -5.77 0.8767, 0.4334 -5.7677 0.8788, 0.4282 -5.7675 0.8795, 0.6875 -5.775 0.8794, 0.6235 -5.7731 0.8739, 0.6011 -5.7725 0.8745, 0.7746 -5.7776 0.887, 0.9482 -5.7828 0.9178, 0.8614 -5.7802 0.9004, 0.8095 -5.7786 0.89, 0.994 -5.7842 0.927, 1.1191 -5.7882 0.9671, 1.0341 -5.7855 0.9399, 1.2028 -5.791 0.9977, 1.1745 -5.79 0.9849, 1.2843 -5.7937 1.0344, 1.441 -5.7991 1.1186, 1.3646 -5.7964 1.073, 1.3481 -5.7958 1.0632, 1.5125 -5.8016 1.1611, 1.5168 -5.8018 1.1644, 1.5869 -5.8044 1.2179, 1.72 -5.8095 1.3302, 1.6652 -5.8073 1.2776, 1.6565 -5.807 1.271, 1.7822 -5.812 1.3898, 1.8397 -5.8145 1.4545, 1.8004 -5.8127 1.4072, 1.8957 -5.817 1.5216, 1.9972 -5.8223 1.6659, 1.9479 -5.8197 1.5923, 1.92 -5.8182 1.5508, 2.0409 -5.825 1.7432, 2.0106 -5.823 1.6857, 2.0826 -5.8277 1.8221, 2.1187 -5.8305 1.9036, 2.099 -5.8288 1.8532, 2.1513 -5.8332 1.9868, 2.1684 -5.8346 2.0305, 2.2343 -5.8439 2.3308, 2.2216 -5.8413 2.2436, 2.2174 -5.8404 2.2154, 2.2021 -5.8386 2.1574, 2.2452 -5.8461 2.4055, 2.2456 -5.8465 2.4175, 2.2484 -5.849 2.5043, 2.2512 -5.8515 2.5904, 2.2376 -5.8565 2.7641, 2.2446 -5.854 2.6769, 2.2512 -5.8515 2.5931, 2.2364 -5.857 2.7791, 2.2058 -5.8618 2.9377, 2.2226 -5.8592 2.8507, 2.1821 -5.8645 3.0233, 2.2007 -5.8626 2.9638, 2.1554 -5.8672 3.1084, 2.1441 -5.8684 3.1446, 2.0872 -5.8727 3.2733, 2.0674 -5.8742 3.3181, 2.0471 -5.8754 3.3528, 2.0021 -5.8781 3.4295, 1.9019 -5.8834 3.5748, 1.9549 -5.8808 3.5043, 1.9707 -5.88 3.4832, 1.8553 -5.8857 3.6368, 1.789 -5.8885 3.7071, 1.8486 -5.886 3.644, 1.6639 -5.8935 3.8261, 1.7265 -5.8911 3.7731, 1.7298 -5.8909 3.7697, 1.5971 -5.896 3.8826, 1.5252 -5.8987 3.9332, 1.584 -5.8965 3.8937, 1.4516 -5.9013 3.9825, 1.3743 -5.904 4.0262, 1.4278 -5.9022 3.9985, 1.2951 -5.9067 4.0673, 1.2135 -5.9095 4.1033, 1.2595 -5.908 4.0857, 1.13 -5.9122 4.1352, 1.0455 -5.9149 4.163, 1.0817 -5.9138 4.1537, 0.9593 -5.9176 4.1851, 0.7858 -5.9229 4.217, 0.873 -5.9203 4.2046, 0.8964 -5.9196 4.2013, 0.7207 -5.9248 4.2263, 0.699 -5.9255 4.227, 0.6123 -5.928 4.2299, 0.4397 -5.933 4.2251, 0.5262 -5.9304 4.2319, 0.5331 -5.9302 4.2325, 0.3525 -5.9355 4.2182, 0.347 -5.9357 4.2178, 0.2659 -5.9381 4.2022, 0.1789 -5.9408 4.1854, 0.0935 -5.9435 4.1608, 0.1623 -5.9413 4.1822, 0.0083 -5.9462 4.1342, -0.0745 -5.949 4.1011, -0.0185 -5.9471 4.1258, -0.1562 -5.9517 4.065, -0.1927 -5.9529 4.0489, -0.312 -5.9571 3.9791, -0.3578 -5.9587 3.9523, -0.3861 -5.9598 3.931, -0.4566 -5.9624 3.8782, -0.5115 -5.9644 3.837, -0.6497 -5.9699 3.7063, -0.6506 -5.9699 3.7052, -0.7066 -5.9725 3.6388, -0.7631 -5.975 3.5719, -0.8623 -5.9803 3.4257, -0.813 -5.9776 3.4994, -0.7701 -5.9753 3.5636, -0.8747 -5.981 3.4072, -0.9463 -5.9857 3.2687, -0.9053 -5.983 3.348, -0.9815 -5.9885 3.1868, -0.9617 -5.9868 3.2389, -1.0133 -5.9912 3.1033, -1.0403 -5.9939 3.0185, -1.0295 -5.9926 3.0609, -1.0623 -5.9966 2.9323, -1.0928 -6.0019 2.7587, -1.0809 -5.9993 2.846, -1.0768 -5.9984 2.8755, -1.1029 -6.0041 2.6852, -1.1032 -6.0045 2.672, -1.1052 -6.0069 2.5854, -1.1072 -6.0094 2.4992, -1.0996 -6.0119 2.4127, -1.1072 -6.0094 2.4979, -1.0907 -6.0149 2.3119, -1.0919 -6.0145 2.3255, 2.0484 -3.3557 3.3511, 2.0544 -3.3591 3.3545, 2.0642 -3.3547 3.3243, 2.0873 -3.3531 3.278, 2.0031 -3.3584 3.4277, 2.0152 -3.3655 3.4351, 2.0342 -3.3625 3.3974, 2.0463 -3.3606 3.3735, 1.9996 -3.368 3.466, 1.9668 -3.3605 3.489, 1.9718 -3.3718 3.5135, 1.9564 -3.361 3.5028, 1.9474 -3.3752 3.5552, 1.9034 -3.3637 3.5733, 1.9244 -3.378 3.5894, 1.9237 -3.3781 3.5904, 1.858 -3.3659 3.6337, 1.8855 -3.3828 3.647, 1.8735 -3.3841 3.6626, 1.8498 -3.3662 3.6424, 1.8206 -3.3899 3.7309, 1.7904 -3.3687 3.7056, 1.819 -3.3901 3.7327, 1.7874 -3.3932 3.7687, 1.7313 -3.3712 3.7684, 1.7606 -3.3959 3.7991, 1.7295 -3.3713 3.7704, 1.7506 -3.3969 3.8106, 1.6655 -3.3737 3.8248, 1.6984 -3.4018 3.8631, 1.5269 -3.3789 3.932, 1.5966 -3.4111 3.9565, 1.5873 -3.3767 3.8913, 1.6275 -3.4083 3.9289, 1.5988 -3.3763 3.8814, 1.6323 -3.4079 3.9247, 1.6757 -3.4039 3.8859, 1.4534 -3.3816 3.9815, 1.5133 -3.4183 4.0224, 1.5625 -3.4141 3.9835, 1.3761 -3.3843 4.0252, 1.4468 -3.4239 4.0686, 1.4313 -3.3824 3.9964, 1.4699 -3.422 4.0535, 1.4893 -3.4204 4.0396, 1.297 -3.387 4.0664, 1.38 -3.4294 4.1122, 1.4121 -3.4268 4.0912, 1.2154 -3.3897 4.1024, 1.249 -3.4397 4.1836, 1.2633 -3.3881 4.084, 1.2873 -3.4367 4.1649, 1.332 -3.4332 4.1395, 1.132 -3.3924 4.1345, 1.192 -3.444 4.2117, 1.2475 -3.4398 4.1844, 0.9865 -3.459 4.2898, 0.9939 -3.4585 4.2876, 0.9613 -3.3979 4.1847, 1.0329 -3.4557 4.274, 1.0475 -3.3952 4.1623, 1.0759 -3.4526 4.259, 1.0856 -3.394 4.1524, 1.0941 -3.4513 4.2526, 1.1636 -3.4461 4.2235, 0.9417 -3.4621 4.3032, 0.9004 -3.3998 4.2005, 0.8953 -3.4653 4.3148, 0.875 -3.4005 4.204, 0.8382 -3.4692 4.3291, 0.7878 -3.4031 4.2163, 0.8064 -3.4713 4.335, 0.6144 -3.4082 4.2297, 0.6281 -3.4828 4.3617, 0.7011 -3.4057 4.2274, 0.7106 -3.4776 4.3514, 0.7102 -3.4055 4.2272, 0.7336 -3.4761 4.3486, 0.8033 -3.4715 4.3356, 0.4418 -3.4132 4.2253, 0.5201 -3.4109 4.2321, 0.5282 -3.4107 4.2319, 0.6177 -3.4835 4.3625, 0.3546 -3.4158 4.2178, 0.2679 -3.4184 4.2027, 0.3341 -3.4164 4.216, 0.181 -3.4211 4.1853, 0.0955 -3.4238 4.1616, 0.1496 -3.422 4.179, -0.0727 -3.4292 4.1022, -0.0309 -3.4278 4.1211, 0.0105 -3.4265 4.1344, -0.31 -3.4374 3.9799, -0.4548 -3.4426 3.8793, -0.3848 -3.44 3.9327, -0.3689 -3.4394 3.9448, -0.7053 -3.4527 3.6405, -0.6568 -3.4505 3.6988, -0.6489 -3.4502 3.7063, -0.5867 -3.4477 3.7659, -0.8124 -3.4579 3.5015, -0.8618 -3.4606 3.4279, -0.8669 -3.4608 3.4203, -1.0928 -3.4821 2.7608, -1.0801 -3.4795 2.8479, -1.0738 -3.4782 2.8906, -1.0622 -3.4769 2.9344, -1.0929 -3.4947 2.3275, -1.0998 -3.4922 2.4147, -1.1067 -3.4897 2.5013, -1.1076 -3.4893 2.5129, -1.0341 -3.5028 2.0687, -1.0571 -3.5004 2.1422, -0.896 -3.5137 1.7405, -0.8511 -3.5164 1.6638, -0.9737 -3.5082 1.9009, -0.9376 -3.5109 1.8192, -0.9238 -3.512 1.7879, -0.0561 -3.5477 0.9974, -0.1159 -3.5457 1.0203, -0.1383 -3.545 1.0319, -0.2176 -3.5423 1.073, 0.614 -3.5681 0.8736, 0.5456 -3.5662 0.8757, 0.459 -3.5637 0.8784, 0.4265 -3.5627 0.8794, 0.3722 -3.5611 0.8871, 1.2316 -3.5872 1.0108, 1.1654 -3.585 0.9815, 1.1493 -3.5845 0.9764, 1.0642 -3.5818 0.9496, 1.6118 -3.6006 1.2366, 1.5415 -3.598 1.1837, 1.5044 -3.5966 1.1557, 1.4682 -3.5954 1.1344, 2.0557 -3.6213 1.7711, 2.0201 -3.6189 1.7018, 2.014 -3.6185 1.6926, 1.9648 -3.6159 1.6187, 1.9159 -3.6132 1.5453, 1.9158 -3.6132 1.5452, 2.1877 -3.6322 2.1017, 2.1742 -3.6305 2.0485, 2.1621 -3.6294 2.0165, 2.1305 -3.6267 1.933, 2.2384 -3.6401 2.3617, 2.2095 -3.6348 2.1879, 2.2212 -3.6363 2.234, 2.2266 -3.6375 2.2745, 2.242 -3.6502 2.7077, 2.2498 -3.6476 2.621, 2.2507 -3.6473 2.6116, 2.2491 -3.6451 2.5349, 2.2173 -3.6554 2.8816, 2.1727 -3.6608 3.0534, 2.1105 -3.6662 3.2205, 2.0747 -3.6689 3.3023, 2.0703 -3.6693 3.3125, 2.0311 -3.6716 3.38, 1.936 -3.677 3.5292, 1.8834 -3.6796 3.5998, 1.5723 -3.6922 3.9013, 1.589 -3.6916 3.8899, 1.6404 -3.6896 3.8462, 1.7066 -3.6871 3.7897, 1.731 -3.6862 3.7689, 1.1839 -3.7057 4.1146, 1.2653 -3.703 4.0831, 1.2671 -3.703 4.0821, 1.3462 -3.7003 4.0408, 0.5256 -3.7257 4.2323, 0.5818 -3.7241 4.2307, 0.6682 -3.7216 4.2282, 0.713 -3.7203 4.227, 0.755 -3.7191 4.221, -0.1034 -3.7452 4.0883, -0.0257 -3.7426 4.1231, -0.0217 -3.7425 4.1243, 0.0634 -3.7397 4.1513, -0.4816 -3.7586 3.8597, -0.4114 -3.756 3.9125, -0.3642 -3.7542 3.948, -0.3389 -3.7533 3.9629, -0.2625 -3.7506 4.0081, -0.8305 -3.7739 3.4734, -1.0481 -3.7901 2.9879, -1.0276 -3.7877 3.0668, -1.0249 -3.7874 3.0739, -1.085 -3.7955 2.815, -1.097 -3.8081 2.3819, -1.1045 -3.8056 2.4687, -1.1073 -3.8046 2.5013, -1.1059 -3.8031 2.5548, -1.0697 -3.8134 2.2081, -1.0542 -3.8157 2.1308, -1.0512 -3.816 2.1214, -1.0239 -3.8187 2.0365, -0.9234 -3.8269 1.7887, -0.918 -3.8273 1.7767, -0.8791 -3.8296 1.7115, -0.613 -3.8426 1.3651, -0.6727 -3.8401 1.4275, -0.7035 -3.8388 1.4596, -0.7294 -3.8376 1.4934, -0.0245 -3.8637 0.9853, -0.1077 -3.861 1.0179, -0.128 -3.8603 1.0258, -0.1877 -3.8582 1.0573, -0.2665 -3.8555 1.099, 0.3181 -3.8745 0.8951, 0.2342 -3.8719 0.9074, 0.2308 -3.8718 0.9082, 0.145 -3.8691 0.931, 1.0113 -3.895 0.9331, 0.9826 -3.8941 0.9241, 0.925 -3.8923 0.9129, 0.8382 -3.8897 0.8962, 1.5681 -3.9139 1.2037, 1.502 -3.9115 1.1541, 1.4972 -3.9113 1.1513, 1.4206 -3.9086 1.1064, 2.0712 -3.9372 1.8011, 2.0302 -3.9345 1.7219, 2.0173 -3.9337 1.697, 1.9835 -3.9318 1.6466, 2.1425 -3.9427 1.9646, 2.1106 -3.94 1.8811, 2.1738 -3.9454 2.0481, 2.1725 -3.9453 2.0431, 2.2477 -3.9586 2.4812, 2.2454 -3.9564 2.4077, 2.2435 -3.956 2.3943, 2.2313 -3.9534 2.3075, 2.1625 -3.9767 3.0856, 2.1433 -3.9787 3.1466, 2.1331 -3.9795 3.1697, 2.1893 -3.974 3.0005, 2.2002 -3.9729 2.9659, 2.2102 -3.9713 2.9144, 2.0141 -3.9876 3.409, 1.8049 -3.998 3.6902, 1.7455 -4.0005 3.7528, 1.1524 -4.0217 4.1266, 1.2359 -4.019 4.095, 1.2545 -4.0184 4.088, 1.3162 -4.0162 4.0562, 1.3955 -4.0135 4.0154, 0.8091 -4.0324 4.2134, 0.8908 -4.03 4.2023, 0.8964 -4.0298 4.2009, 0.9823 -4.0271 4.1792, 0.1163 -4.053 4.1677, 0.1677 -4.0514 4.1836, 0.2021 -4.0503 4.1904, 0.289 -4.0477 4.2075, 0.3271 -4.0465 4.215, -0.4378 -4.0719 3.8923, -0.3671 -4.0693 3.945, -0.3531 -4.0688 3.9554, -0.2915 -4.0666 3.9911, -0.9355 -4.0952 3.29, -0.8942 -4.0925 3.3691, -0.8705 -4.091 3.4144, -0.8493 -4.0898 3.4456, -1.034 -4.1034 3.0415, -1.0565 -4.1061 2.9554, -1.005 -4.1007 3.1257, -1.0267 -4.1025 3.0695, -1.1046 -4.1165 2.6085, -1.1022 -4.114 2.6942, -1.102 -4.114 2.6953, -1.0897 -4.1114 2.782, -1.0804 -4.1267 2.2621, -1.092 -4.1249 2.3207, -1.0943 -4.124 2.3488, -1.1016 -4.1215 2.436, -0.8619 -4.1456 1.6825, -0.9072 -4.1429 1.7592, -0.9206 -4.1421 1.7817, -0.9463 -4.1402 1.8392, -0.65 -4.156 1.4039, -0.7095 -4.1535 1.4671, -0.7144 -4.1533 1.4723, -0.7627 -4.1509 1.5366, -0.4437 -4.1641 1.2147, -0.4589 -4.1635 1.2277, -0.5255 -4.161 1.2843, 0.007 -4.1797 0.9732, -0.0764 -4.177 1.0053, -0.1197 -4.1755 1.022, -0.1577 -4.1742 1.0418, -0.2368 -4.1715 1.0831, 0.351 -4.1904 0.8904, 0.2638 -4.1878 0.9026, 0.2432 -4.1872 0.9055, 0.1776 -4.1851 0.9226, 1.0435 -4.211 0.9429, 0.994 -4.2094 0.927, 0.9578 -4.2083 0.9197, 0.8709 -4.2057 0.9023, 0.8095 -4.2038 0.89, 1.5946 -4.2299 1.2238, 1.5246 -4.2273 1.1703, 1.5125 -4.2268 1.1612, 1.4494 -4.2246 1.1236, 2.2046 -4.2641 2.1668, 2.1818 -4.2614 2.0808, 2.1684 -4.2598 2.0305, 2.1549 -4.2587 1.996, 2.1223 -4.256 1.9128, 2.2357 -4.2694 2.3404, 2.2487 -4.2745 2.5139, 2.2459 -4.272 2.4271, 2.2452 -4.2713 2.4054, 2.2207 -4.2846 2.8603, 2.2364 -4.2822 2.7791, 2.2369 -4.282 2.7737, 2.2438 -4.2795 2.6865, 2.1792 -4.29 3.0326, 2.2007 -4.2878 2.9638, 2.1525 -4.2927 3.1178, 2.1441 -4.2936 3.1446, 2.1194 -4.2955 3.2006, 1.6566 -4.3189 3.8323, 1.5898 -4.3215 3.8889, 1.2043 -4.335 4.1068, 1.2595 -4.3332 4.0857, 1.2863 -4.3322 4.0718, 1.3655 -4.3295 4.0307, 0.7762 -4.3484 4.2183, 0.8634 -4.3458 4.2059, 0.8964 -4.3448 4.2013, 0.9498 -4.3431 4.1875, 0.0841 -4.369 4.1579, 0.1589 -4.3666 4.1814, 0.1693 -4.3663 4.1834, 0.2563 -4.3636 4.2004, -0.4643 -4.3879 3.8723, -0.394 -4.3853 3.9253, -0.3608 -4.384 3.9503, -0.3204 -4.3826 3.974, -1.0428 -4.4194 3.009, -1.0306 -4.4179 3.0575, -1.0167 -4.4167 3.0941, -0.9851 -4.414 3.1776, -1.0941 -4.4274 2.7491, -1.1054 -4.4324 2.5759, -1.1036 -4.4299 2.6625, -1.1032 -4.4294 2.6816, -1.0746 -4.4426 2.2292, -1.0902 -4.4402 2.3083, -1.0909 -4.44 2.3158, -1.0988 -4.4374 2.4031, -1.0305 -4.448 2.0573, -1.0568 -4.4453 2.1423, -1.0029 -4.4509 1.9679, -1.0042 -4.4507 1.972, -0.7952 -4.4642 1.5807, -0.8306 -4.4625 1.6281, -0.8453 -4.4616 1.6534, -0.8899 -4.4589 1.7303, -0.5874 -4.4736 1.3371, -0.6277 -4.4719 1.3801, -0.6869 -4.4694 1.4432, -0.7158 -4.4682 1.4741, -0.7427 -4.4669 1.5101, -0.0449 -4.493 0.9932, -0.1217 -4.4904 1.0229, -0.1279 -4.4902 1.0261, -0.2069 -4.4875 1.0675, 0.3839 -4.5063 0.8857, 0.2968 -4.5037 0.8981, 0.2404 -4.502 0.9061, 0.21 -4.5011 0.914, 1.4019 -4.5379 1.0954, 1.3431 -4.5358 1.0606, 1.3241 -4.5352 1.0521, 1.2426 -4.5325 1.0157, 2.0612 -4.5665 1.7817, 2.1025 -4.5692 1.8609, 1.9714 -4.5611 1.6286, 2.0152 -4.5635 1.6935, 2.02 -4.5638 1.7027, 2.2494 -4.5904 2.5464, 2.2472 -4.5879 2.46, 2.246 -4.5866 2.4146, 2.2402 -4.5853 2.3733, 2.2143 -4.6006 2.8931, 2.2317 -4.598 2.8065, 2.2348 -4.5975 2.7907, 2.241 -4.5954 2.7193, 2.1399 -4.6089 3.1557, 2.1691 -4.606 3.0648, 2.1418 -4.6087 3.1498, 2.0616 -4.6147 3.3293, 2.0252 -4.6169 3.3903, 1.9798 -4.6196 3.4666, 1.7176 -4.6316 3.7816, 1.7599 -4.6298 3.7375, 1.8197 -4.6274 3.6751, 1.8472 -4.6262 3.6464, 1.8759 -4.6248 3.6087, 1.1727 -4.651 4.1189, 1.256 -4.6482 4.0863, 1.2716 -4.6477 4.0802, 1.3357 -4.6455 4.0464, 0.7434 -4.6643 4.2229, 0.8303 -4.6617 4.2102, 0.9095 -4.6593 4.1986, 0.9175 -4.6591 4.1965, 1.0033 -4.6564 4.1737, 0.1611 -4.6815 4.1819, 0.2235 -4.6796 4.194, 0.3102 -4.677 4.2108, -0.2727 -4.6959 4.002, -0.1959 -4.6932 4.0471, -0.1933 -4.6931 4.0486, -0.1144 -4.6905 4.0835, -0.9253 -4.7245 3.3093, -0.8843 -4.7218 3.3884, -0.8737 -4.7211 3.409, -0.8371 -4.7191 3.4635, -1.0511 -4.7354 2.9764, -0.9971 -4.73 3.146, -1.0289 -4.7327 3.0629, -1.0289 -4.7327 3.0627, -1.1066 -4.7483 2.5433, -1.1039 -4.7458 2.6296, -1.1018 -4.7438 2.6983, -1.0992 -4.7433 2.7164, -1.087 -4.7407 2.8033, -1.0675 -4.7586 2.1964, -1.0844 -4.7559 2.2832, -1.0925 -4.7547 2.3247, -1.0962 -4.7533 2.3701, -0.9915 -4.7667 1.9408, -0.9997 -4.7661 1.9594, -1.0204 -4.764 2.0251, -0.8255 -4.7777 1.6204, -0.7754 -4.7802 1.5539, -0.9181 -4.7722 1.778, -0.873 -4.7749 1.7012, -0.828 -4.7776 1.6247, -0.6051 -4.7878 1.3567, -0.6645 -4.7853 1.4192, -0.7099 -4.7834 1.467, -0.7226 -4.7828 1.4839, -0.2563 -4.8008 1.0928, -0.2794 -4.8 1.1047, -0.3317 -4.7981 1.1395, -0.4053 -4.7954 1.1885, -0.436 -4.7943 1.209, 0.3297 -4.8197 0.8933, 0.2528 -4.8174 0.9037, 0.2425 -4.8171 0.9063, 0.1565 -4.8144 0.928, 1.0226 -4.8403 0.9368, 0.9759 -4.8388 0.9224, 0.9367 -4.8376 0.9147, 0.8499 -4.8349 0.8976, 0.8165 -4.8339 0.891, 1.4309 -4.8539 1.1124, 1.3539 -4.8512 1.0677, 1.3313 -4.8504 1.0546, 1.2735 -4.8485 1.0293, 2.0768 -4.8825 1.8116, 2.0355 -4.8798 1.7326, 2.0141 -4.8784 1.6916, 1.9902 -4.8771 1.6563, 2.1989 -4.8934 2.1459, 2.1468 -4.888 1.9757, 2.1704 -4.8899 2.0365, 2.1764 -4.8907 2.0597, 2.2481 -4.9038 2.4927, 2.2458 -4.9014 2.4118, 2.2449 -4.9013 2.4059, 2.2326 -4.8987 2.3192, 2.225 -4.9139 2.8391, 2.2356 -4.9123 2.7853, 2.2383 -4.9113 2.7523, 2.2456 -4.9088 2.6653, 2.1284 -4.9247 3.1807, 2.1419 -4.9237 3.1505, 1.9623 -4.9356 3.4951, 1.9092 -4.9382 3.5655, 2.0534 -4.9302 3.3426, 2.0081 -4.9329 3.4192, 1.9668 -4.9353 3.489, 1.6728 -4.9482 3.8185, 1.7295 -4.9461 3.7704, 1.7378 -4.9457 3.7614, 1.7969 -4.9433 3.6987, 1.3848 -4.9588 4.0206, 1.4313 -4.9572 3.9964, 1.4615 -4.9561 3.976, 1.5349 -4.9534 3.9265, 1.5873 -4.9515 3.8913, 0.7107 -4.9803 4.2271, 0.7974 -4.9777 4.2149, 0.8847 -4.975 4.2027, 0.9004 -4.9746 4.2005, 0.9708 -4.9724 4.1822, 0.6239 -4.9827 4.2294, 0.5377 -4.9852 4.2317, 0.1048 -4.9983 4.1646, 0.1496 -4.9968 4.179, 0.1906 -4.9956 4.1872, 0.2775 -4.9929 4.2047, 0.3341 -4.9912 4.216, -0.3016 -5.0119 3.9849, -0.2252 -5.0092 4.0305, -0.2045 -5.0084 4.0428, -0.1451 -5.0064 4.0696, -0.9769 -5.0432 3.1978, -0.9554 -5.0414 3.2528, -0.9413 -5.0405 3.2796, -0.8996 -5.0378 3.3584, -1.0597 -5.0514 2.9439, -1.0914 -5.0566 2.7704, -1.1016 -5.0587 2.7006, -1.1022 -5.0592 2.6837, -1.1049 -5.0617 2.5969, -1.078 -5.0719 2.2505, -1.0928 -5.0696 2.3269, -1.0936 -5.0693 2.3371, -1.1006 -5.0667 2.4243, -1.037 -5.0773 2.0781, -1.0104 -5.08 1.9929, -1.0005 -5.081 1.9614, -0.9777 -5.0827 1.9099, -0.7554 -5.0961 1.5274, -0.8083 -5.0935 1.5978, -0.8271 -5.0926 1.6228, -0.856 -5.0909 1.6722, -0.5166 -5.1062 1.2768, 0.3626 -5.1356 0.8884, 0.2754 -5.133 0.9008, 0.2472 -5.1322 0.9047, 0.1891 -5.1304 0.9197, 1.0548 -5.1563 0.9467, 0.9847 -5.154 0.9246, 0.9695 -5.1536 0.9217, 0.8825 -5.1509 0.9047, 1.4598 -5.1699 1.1295, 1.3831 -5.1672 1.0844, 1.3395 -5.1656 1.0587, 1.3043 -5.1644 1.0431, 1.2226 -5.1617 1.0068, 2.127 -5.2012 1.9237, 2.1068 -5.1995 1.8704, 2.092 -5.1985 1.8417, 2.0512 -5.1958 1.7623, 2.0201 -5.1937 1.7018, 2.0085 -5.1931 1.6844, 2.2071 -5.2094 2.1784, 2.1853 -5.2067 2.0922, 2.2489 -5.2197 2.5254, 2.2507 -5.2221 2.6115, 2.2371 -5.2146 2.3521, 2.2468 -5.2168 2.4244, 2.2471 -5.2172 2.4388, 2.2192 -5.2299 2.872, 2.1144 -5.2407 3.2115, 2.1756 -5.2353 3.044, 2.1493 -5.238 3.1293, 2.1465 -5.2383 3.1381, 1.9418 -5.2515 3.5214, 1.8892 -5.2541 3.592, 1.9742 -5.2499 3.4779, 1.9913 -5.2489 3.4484, 2.036 -5.2462 3.3715, 1.4338 -5.272 3.9949, 1.5072 -5.2694 3.9452, 1.5803 -5.2667 3.8958, 0.7645 -5.2936 4.2196, 0.8516 -5.291 4.2072, 0.9032 -5.2895 4.1999, 0.9384 -5.2883 4.1907, 0.3395 -5.306 4.2168, 0.4185 -5.3037 4.2234, 0.5052 -5.3011 4.2306, 0.5256 -5.3005 4.2323, -0.3305 -5.3278 3.9679, -0.254 -5.3252 4.0131, -0.1995 -5.3232 4.0454, -0.176 -5.3224 4.0559, -0.0944 -5.3197 4.0923, -0.9893 -5.3592 3.1664, -0.9592 -5.3566 3.2445, -0.9566 -5.3565 3.2495, -0.9153 -5.3538 3.3286, -1.0959 -5.3726 2.7375, -1.1024 -5.374 2.6914, -1.1034 -5.3751 2.6508, -1.1057 -5.3776 2.5643, -1.0716 -5.3879 2.2177, -1.089 -5.3852 2.3043, -1.0912 -5.3849 2.3153, -1.0978 -5.3826 2.3915, -0.9963 -5.3963 1.9503, -0.9641 -5.3987 1.879, -1.0269 -5.3932 2.0459, -0.9997 -5.396 1.9609, -0.8841 -5.4041 1.7199, -0.8387 -5.4068 1.6436, -0.7352 -5.4121 1.5011, -0.7885 -5.4095 1.571, -0.82 -5.4079 1.6123, 0.1356 -5.4436 0.9335, 0.0494 -5.4409 0.9564, 0.0493 -5.4409 0.9564, -0.0337 -5.4382 0.9889, 0.8286 -5.4642 0.8943, 0.7979 -5.4633 0.8884, 0.7416 -5.4616 0.8839, 0.6547 -5.4591 0.877, 0.6119 -5.4578 0.8736, 1.4121 -5.4831 1.1015, 1.3369 -5.4805 1.0574, 1.3351 -5.4804 1.0566, 1.2535 -5.4777 1.0205, 1.978 -5.5064 1.6384, 1.9288 -5.5037 1.565, 1.9125 -5.5028 1.5408, 1.8747 -5.5011 1.4961, 2.0667 -5.5117 1.7923, 2.0257 -5.509 1.7132, 2.107 -5.5145 1.8719, 2.1045 -5.5143 1.8653, 2.2299 -5.528 2.2979, 2.2201 -5.5259 2.2284, 2.2156 -5.5253 2.2108, 2.2121 -5.5458 2.9048, 2.229 -5.5432 2.818, 2.2361 -5.5421 2.7813, 2.2402 -5.5406 2.731, 2.1371 -5.554 3.1607, 2.1008 -5.5567 3.2424, 2.1655 -5.5512 3.0762, 2.1433 -5.5535 3.1466, 1.9219 -5.5675 3.5482, 1.8691 -5.5701 3.6183, 2.0191 -5.5621 3.4006, 1.9741 -5.5648 3.4771, 1.9691 -5.5651 3.4856, 1.4043 -5.588 4.0109, 1.423 -5.5874 4.0013, 1.4794 -5.5853 3.9638, 1.553 -5.5827 3.9148, 1.5796 -5.5817 3.897, 0.9918 -5.6016 4.1768, 1.0763 -5.599 4.1554, 1.0781 -5.5989 4.1547, 1.1616 -5.5962 4.1231, 0.3271 -5.6213 4.215, 0.3856 -5.6196 4.2203, 0.4725 -5.617 4.2282, 0.5133 -5.6158 4.2319, 0.5588 -5.6145 4.2309, -0.3592 -5.6438 3.9508, -0.3531 -5.6436 3.9554, -0.283 -5.6411 3.9961, -0.206 -5.6384 4.0408, -0.1877 -5.6378 4.0514, -0.1254 -5.6357 4.0787, -0.5644 -5.6515 3.7869, -0.8439 -5.6643 3.4537, -0.7943 -5.6617 3.527, -0.7651 -5.6601 3.5702, -0.7419 -5.6591 3.5974, -1.0014 -5.6752 3.1349, -0.9692 -5.6725 3.2183, -0.9583 -5.6715 3.2465, -0.9309 -5.6697 3.2988, -1.0541 -5.6806 2.9649, -1.0316 -5.6779 3.051, -1.0759 -5.6833 2.879, -1.0751 -5.6832 2.8844, -1.1024 -5.696 2.4455, -1.1075 -5.6942 2.5067, -1.1068 -5.6935 2.5318, -1.1043 -5.691 2.618, -1.0652 -5.7038 2.1848, -1.0823 -5.7012 2.2716, -1.092 -5.6997 2.3207, -1.0951 -5.6986 2.3585, -0.9206 -5.7169 1.7817, -0.9503 -5.7147 1.8482, -0.9868 -5.712 1.9298, -0.9983 -5.7111 1.9555, -0.5328 -5.7355 1.2906, -0.5858 -5.7335 1.3356, -0.5975 -5.733 1.348, -0.6565 -5.7305 1.4108, -0.2455 -5.746 1.0876, -0.2877 -5.7446 1.1096, -0.3219 -5.7433 1.1327, -0.1541 -3.4319 4.0655, -0.2336 -3.4347 4.0254, -0.2045 -3.4336 4.0428, -0.5241 -3.4452 3.826, -0.5216 -3.4451 3.8284, -0.7764 -3.456 3.5552, -0.7614 -3.4553 3.5732, -0.9805 -3.4687 3.1887, -0.9554 -3.4666 3.2528, -0.9459 -3.466 3.2709, -0.9042 -3.4633 3.3498, -1.0394 -3.4742 3.0204, -1.0248 -3.4724 3.0755, -1.0131 -3.4714 3.1055, -1.1052 -3.4872 2.5874, -1.1025 -3.4847 2.6741, -1.1016 -3.4839 2.7006, -1.0928 -3.4948 2.3269, -1.0762 -3.4974 2.2409, -1.0594 -3.5001 2.1539, -1.0074 -3.5055 1.9835, -1.0005 -3.5062 1.9614, -0.7496 -3.5216 1.5196, -0.8025 -3.519 1.59, -0.8271 -3.5178 1.6228, -0.5829 -3.5289 1.3329, -0.6355 -3.5267 1.3885, -0.6951 -3.5242 1.4515, -0.7117 -3.5235 1.4692, -0.3694 -3.5369 1.1647, -0.4404 -3.5343 1.2123, -0.4424 -3.5342 1.214, -0.5093 -3.5317 1.2706, -0.5756 -3.5292 1.3267, -0.2841 -3.54 1.1075, -0.2958 -3.5395 1.1153, 0.1986 -3.5559 0.9172, 0.1124 -3.5532 0.9394, 0.0619 -3.5516 0.9523, 0.0274 -3.5504 0.9655, 0.2851 -3.5585 0.8994, 0.2472 -3.5574 0.9047, 0.8001 -3.5736 0.8887, 0.7183 -3.5712 0.882, 0.6316 -3.5686 0.875, 0.9847 -3.5792 0.9246, 0.9791 -3.579 0.9235, 0.8921 -3.5764 0.9066, 0.8055 -3.5737 0.8897, 1.3916 -3.5927 1.0894, 1.3395 -3.5908 1.0587, 1.3133 -3.5899 1.0471, 1.8595 -3.6107 1.4782, 1.8036 -3.6081 1.4116, 1.7957 -3.6078 1.4022, 1.7421 -3.6057 1.3514, 1.6793 -3.6032 1.2917, 1.6578 -3.6023 1.2713, 2.1068 -3.6247 1.8704, 2.0966 -3.624 1.8505, 2.2468 -3.642 2.4244, 2.2473 -3.6427 2.4483, 2.2338 -3.6528 2.7977, 2.2341 -3.6527 2.795, 2.1465 -3.6635 3.1381, 2.1463 -3.6635 3.1387, 1.9742 -3.6751 3.4779, 1.9864 -3.6743 3.4568, 1.768 -3.6846 3.7294, 1.8272 -3.6821 3.6663, 1.8594 -3.6808 3.6319, 1.4251 -3.6975 3.9995, 1.4332 -3.6973 3.9953, 1.4991 -3.6949 3.9507, 1.0149 -3.7111 4.1707, 1.0883 -3.7088 4.1515, 1.1006 -3.7084 4.1468, 0.842 -3.7165 4.2086, 0.9032 -3.7146 4.1999, 0.9289 -3.7138 4.1932, 0.3395 -3.7312 4.2168, 0.4089 -3.7291 4.2226, 0.4957 -3.7266 4.2298, 0.1483 -3.737 4.1783, 0.1549 -3.7368 4.1804, 0.2351 -3.7344 4.1962, 0.3218 -3.7317 4.2133, -0.1995 -3.7484 4.0454, -0.185 -3.7479 4.0519, -0.7267 -3.7686 3.6152, -0.6702 -3.7661 3.6816, -0.6456 -3.765 3.7106, -0.6105 -3.7636 3.7436, -0.5475 -3.7611 3.8029, -0.5088 -3.7596 3.8392, -0.7812 -3.7712 3.5466, -0.7665 -3.7704 3.5685, -0.9199 -3.7792 3.3199, -0.9607 -3.782 3.2406, -0.9592 -3.7818 3.2445, -1.0757 -3.7935 2.8816, -1.0704 -3.7928 2.902, -1.0973 -3.7981 2.728, -1.1024 -3.7992 2.6914, -1.1037 -3.8006 2.6412, -1.0871 -3.8107 2.2947, -1.0912 -3.8101 2.3153, -0.9967 -3.8215 1.9515, -0.9601 -3.8242 1.87, -0.7826 -3.835 1.5633, -0.82 -3.8331 1.6123, -0.8336 -3.8323 1.6352, -0.4304 -3.8497 1.2048, -0.4839 -3.8476 1.2494, -0.5509 -3.8451 1.3052, -0.5739 -3.8442 1.3244, -0.2955 -3.8545 1.1143, -0.342 -3.8528 1.1455, -0.4154 -3.8502 1.1947, 0.0589 -3.8664 0.9539, 0.0493 -3.8661 0.9564, 0.5781 -3.8821 0.8746, 0.4918 -3.8796 0.8774, 0.4243 -3.8776 0.8796, 0.405 -3.8771 0.8824, 0.7979 -3.8885 0.8884, 0.7512 -3.8871 0.8847, 0.6643 -3.8846 0.8777, 0.6119 -3.883 0.8736, 1.2625 -3.9032 1.0245, 1.1808 -3.9005 0.9884, 1.1634 -3.8999 0.9807, 1.0964 -3.8977 0.9597, 1.3437 -3.9059 1.0614, 1.3369 -3.9057 1.0574, 1.8809 -3.9266 1.5034, 1.8246 -3.924 1.4368, 1.7919 -3.9226 1.3983, 1.7658 -3.9215 1.3736, 1.7031 -3.9191 1.3143, 1.6556 -3.9172 1.2695, 1.6383 -3.9166 1.2564, 1.9342 -3.9292 1.5731, 1.9125 -3.928 1.5408, 2.1045 -3.9394 1.8653, 2.2201 -3.9511 2.2284, 2.218 -3.9508 2.2203, 2.2394 -3.9661 2.7407, 2.2465 -3.9635 2.6537, 2.2512 -3.9618 2.5952, 2.2503 -3.961 2.5674, 2.2271 -3.9687 2.8275, 2.2361 -3.9673 2.7813, 2.0968 -3.9822 3.2514, 1.8535 -3.996 3.639, 1.8633 -3.9955 3.626, 1.9161 -3.9929 3.5559, 1.9691 -3.9903 3.4856, 1.9692 -3.9903 3.4855, 1.5796 -4.0069 3.897, 1.615 -4.0056 3.8673, 1.6818 -4.003 3.8111, 1.7226 -4.0015 3.7769, 1.423 -4.0126 4.0013, 1.4712 -4.0108 3.9692, 1.5449 -4.0082 3.9202, 1.0686 -4.0244 4.1573, 1.0763 -4.0242 4.1554, 0.5493 -4.04 4.2311, 0.6355 -4.0375 4.2293, 0.7005 -4.0357 4.228, 0.7222 -4.035 4.2251, 0.376 -4.0451 4.2194, 0.463 -4.0425 4.2273, 0.5133 -4.041 4.2319, -0.1344 -4.0612 4.0747, -0.0525 -4.0585 4.1106, -0.0133 -4.0572 4.1277, 0.0311 -4.0557 4.1414, -0.2145 -4.0639 4.0359, -0.1877 -4.063 4.0514, -0.7482 -4.0846 3.5901, -0.6915 -4.082 3.6566, -0.6441 -4.0799 3.7122, -0.6342 -4.0795 3.7214, -0.5714 -4.077 3.7804, -0.508 -4.0745 3.8399, -0.5071 -4.0745 3.8406, -0.7998 -4.0872 3.519, -0.7651 -4.0853 3.5702, -0.9583 -4.0967 3.2465, -1.0772 -4.1088 2.8693, -1.0751 -4.1083 2.8844, -1.1075 -4.1194 2.5067, -1.107 -4.119 2.5223, -1.0407 -4.132 2.0894, -1.0556 -4.1305 2.1361, -1.0633 -4.1293 2.1752, -0.9827 -4.1375 1.9208, -0.9983 -4.1363 1.9555, -1.0138 -4.1347 2.0044, -0.8232 -4.1479 1.617, -0.8157 -4.1483 1.607, -0.5858 -4.1587 1.3356, -0.591 -4.1585 1.3411, -0.2877 -4.1698 1.1096, -0.3138 -4.1688 1.1272, -0.3873 -4.1662 1.1767, 0.0914 -4.1824 0.9449, 0.058 -4.1814 0.9536, 0.6106 -4.198 0.8742, 0.5245 -4.1955 0.8764, 0.4377 -4.193 0.8787, 0.4334 -4.1929 0.8788, 0.7842 -4.203 0.8878, 0.6971 -4.2005 0.8802, 0.6235 -4.1983 0.8739, 1.2932 -4.2192 1.0385, 1.2118 -4.2165 1.0017, 1.1745 -4.2152 0.9849, 1.1284 -4.2137 0.9701, 1.373 -4.2219 1.078, 1.3481 -4.221 1.0632, 1.9019 -4.2425 1.5291, 1.8459 -4.24 1.4618, 1.8004 -4.2379 1.4072, 1.7891 -4.2374 1.3964, 1.7269 -4.235 1.3368, 1.6652 -4.2325 1.2776, 1.6642 -4.2325 1.2768, 2.0455 -4.2505 1.7519, 2.0105 -4.2482 1.6857, 2.0027 -4.2478 1.674, 1.9533 -4.2451 1.6004, 1.9201 -4.2434 1.5508, 2.099 -4.254 1.8532, 2.0872 -4.2532 1.8308, 2.223 -4.2668 2.2533, 2.2174 -4.2656 2.2154, 2.2507 -4.2769 2.5999, 2.2513 -4.2767 2.5931, 2.2039 -4.2873 2.9473, 1.9972 -4.3036 3.438, 2.0421 -4.3009 3.3612, 2.0674 -4.2994 3.3181, 2.0832 -4.2982 3.2823, 1.8961 -4.3089 3.5825, 1.949 -4.3063 3.5121, 1.9707 -4.3052 3.4832, 1.7229 -4.3164 3.7762, 1.7265 -4.3163 3.7731, 1.7824 -4.3139 3.714, 1.842 -4.3115 3.651, 1.8553 -4.3109 3.6368, 1.4278 -4.3274 3.9985, 1.4434 -4.3268 3.988, 1.5171 -4.3241 3.9386, 1.584 -4.3217 3.8937, 1.036 -4.3404 4.1654, 1.0817 -4.339 4.1537, 1.1208 -4.3377 4.1387, 0.5296 -4.3555 4.2324, 0.6028 -4.3534 4.2301, 0.6894 -4.3509 4.2275, 0.7171 -4.3501 4.2266, 0.3429 -4.361 4.2172, 0.3436 -4.361 4.2173, 0.4301 -4.3584 4.2243, 0.5167 -4.3559 4.2313, -0.0835 -4.3745 4.0972, -0.0218 -4.3724 4.1245, -0.001 -4.3717 4.1311, -0.2437 -4.3799 4.0191, -0.1958 -4.3782 4.0473, -0.1651 -4.3772 4.0609, -0.7692 -4.4005 3.5644, -0.7128 -4.3979 3.6315, -0.6569 -4.3954 3.698, -0.6521 -4.3952 3.7038, -0.595 -4.3929 3.7579, -0.5322 -4.3904 3.8176, -0.5142 -4.3897 3.8347, -0.9099 -4.4085 3.3393, -0.8765 -4.4063 3.4042, -0.8676 -4.4058 3.4175, -0.8185 -4.4031 3.4913, -0.7722 -4.4006 3.5608, -0.9632 -4.4121 3.2356, -0.9507 -4.4112 3.2599, -1.0647 -4.4221 2.9228, -1.0823 -4.4248 2.8363, -1.0775 -4.4237 2.872, -1.1067 -4.4349 2.4897, -1.1071 -4.4347 2.4944, -1.0588 -4.4451 2.1489, -0.9266 -4.4567 1.7935, -0.933 -4.4562 1.8082, -0.4327 -4.4795 1.2075, -0.4454 -4.479 1.2161, -0.5004 -4.4769 1.263, -0.5666 -4.4744 1.3194, -0.2858 -4.4848 1.1088, -0.2896 -4.4847 1.1107, -0.3596 -4.4821 1.158, 0.124 -4.4984 0.9365, 0.0553 -4.4962 0.9545, 0.0384 -4.4957 0.961, 0.6181 -4.5131 0.8737, 0.5571 -4.5114 0.8754, 0.4706 -4.5089 0.8779, 0.4306 -4.5077 0.879, 0.8041 -4.5186 0.8892, 0.7299 -4.5164 0.883, 0.6432 -4.5139 0.8758, 1.0756 -4.527 0.9532, 0.9907 -4.5243 0.9263, 0.9887 -4.5242 0.9256, 0.9037 -4.5216 0.9089, 0.8171 -4.519 0.8918, 1.1693 -4.53 0.9829, 1.1606 -4.5297 0.9802, 1.6214 -4.5458 1.2434, 1.5511 -4.5432 1.1906, 1.5078 -4.5416 1.158, 1.4784 -4.5406 1.1406, 1.8672 -4.5559 1.4871, 1.8108 -4.5534 1.4208, 1.7892 -4.5524 1.3954, 1.7506 -4.5509 1.3591, 1.6876 -4.5484 1.2999, 1.6525 -4.547 1.2668, 1.9221 -4.5585 1.5553, 1.9101 -4.5578 1.5375, 2.1905 -4.5774 2.1133, 2.1712 -4.5751 2.0392, 2.1667 -4.5747 2.0275, 2.1346 -4.572 1.9442, 2.1028 -4.5692 1.8615, 2.228 -4.5827 2.2862, 2.2193 -4.5809 2.2244, 2.2128 -4.5801 2.1993, 2.2485 -4.5928 2.6326, 2.2509 -4.592 2.6047, 2.1978 -4.6031 2.9752, 2.1057 -4.6115 3.2315, 2.069 -4.6142 3.3129, 1.9292 -4.6222 3.5389, 1.9637 -4.6205 3.4937, 1.574 -4.6371 3.9012, 1.6313 -4.6349 3.8535, 1.6982 -4.6323 3.7977, 1.4144 -4.6428 4.0048, 1.4391 -4.6419 3.9917, 1.4896 -4.6401 3.9578, 1.563 -4.6375 3.9086, 1.0894 -4.6537 4.1509, 1.0943 -4.6535 4.1496, 0.5703 -4.6693 4.2312, 0.6566 -4.6668 4.2284, 0.7194 -4.665 4.2264, 0.3457 -4.6759 4.2176, 0.3972 -4.6744 4.2217, 0.4841 -4.6718 4.2286, 0.5318 -4.6704 4.2324, -0.0327 -4.6877 4.1196, -0.0197 -4.6873 4.1253, 0.052 -4.685 4.1478, 0.137 -4.6823 4.1744, -0.4908 -4.7038 3.8525, -0.4206 -4.7012 3.9052, -0.3584 -4.6989 3.9519, -0.3493 -4.6986 3.9572, -0.7342 -4.7139 3.6063, -0.6778 -4.7113 3.6728, -0.6483 -4.71 3.7077, -0.6188 -4.7088 3.7357, -0.556 -4.7063 3.795, -0.512 -4.7046 3.8365, -0.7879 -4.7164 3.5369, -0.7689 -4.7154 3.5652, -0.9609 -4.7269 3.2407, -0.9652 -4.7272 3.2295, -1.0731 -4.7381 2.8904, -1.0764 -4.7385 2.8776, -1.1032 -4.7508 2.4571, -1.1076 -4.7492 2.5108, -1.0472 -4.7613 2.1102, -1.0566 -4.7603 2.1401, -0.9552 -4.7695 1.8591, -0.9225 -4.7719 1.7854, -0.475 -4.7928 1.2418, -0.5418 -4.7903 1.2979, -0.5789 -4.7889 1.3291, -0.0133 -4.809 0.9811, -0.0969 -4.8062 1.0128, -0.1108 -4.8058 1.018, -0.177 -4.8035 1.052, 0.0702 -4.8117 0.9499, 0.0673 -4.8116 0.9506, 0.5896 -4.8273 0.875, 0.5034 -4.8248 0.8768, 0.4432 -4.8231 0.878, 0.4167 -4.8223 0.8816, 0.7629 -4.8323 0.8861, 0.6759 -4.8298 0.8782, 0.6304 -4.8284 0.8741, 1.1916 -4.8457 0.9935, 1.1569 -4.8446 0.9783, 1.1078 -4.843 0.9631, 1.5775 -4.8592 1.2108, 1.5068 -4.8566 1.1581, 1.4967 -4.8562 1.1506, 1.8887 -4.8718 1.5122, 1.832 -4.8693 1.4458, 1.7877 -4.8673 1.3938, 1.7744 -4.8668 1.3813, 1.7115 -4.8643 1.3223, 1.6508 -4.8619 1.2654, 1.6478 -4.8618 1.2632, 1.9407 -4.8744 1.583, 1.9088 -4.8727 1.5358, 2.2187 -4.8957 2.2216, 2.2202 -4.8961 2.2319, 2.2511 -4.9068 2.5993, 2.2505 -4.9062 2.5789, 2.1992 -4.9179 2.9699, 2.2078 -4.9166 2.926, 2.0919 -4.9274 3.2623, 2.0642 -4.9295 3.3243, 1.8564 -4.9408 3.6354, 1.858 -4.9407 3.6337, 1.6062 -4.9508 3.8752, 1.1412 -4.9669 4.131, 1.2246 -4.9642 4.0989, 1.2633 -4.9629 4.084, 1.3057 -4.9615 4.0619, 1.057 -4.9697 4.1598, 1.0856 -4.9688 4.1524, 0.7102 -4.9803 4.2272, 0.3642 -4.9903 4.2186, 0.4514 -4.9877 4.2262, 0.5201 -4.9857 4.2321, -0.0637 -5.0037 4.1063, -0.0309 -5.0026 4.1211, 0.0199 -5.001 4.1374, -0.4471 -5.0172 3.8852, -0.3771 -5.0145 3.9386, -0.3689 -5.0142 3.9448, -0.7552 -5.0298 3.5807, -0.6992 -5.0272 3.6478, -0.6568 -5.0253 3.6988, -0.642 -5.0247 3.7129, -0.5798 -5.0222 3.7725, -0.5216 -5.0199 3.8284, -0.5167 -5.0197 3.8321, -0.8669 -5.0356 3.4203, -0.8563 -5.0351 3.436, -0.807 -5.0324 3.5096, -0.7764 -5.0308 3.5552, -1.0369 -5.0487 3.0299, -1.0248 -5.0472 3.0755, -1.0095 -5.0459 3.1146, -1.0738 -5.053 2.8906, -1.0787 -5.054 2.8576, -1.1075 -5.0642 2.5108, -1.1076 -5.0641 2.5129, -1.0612 -5.0746 2.1635, -1.0571 -5.0752 2.1422, -0.901 -5.0882 1.749, -0.9238 -5.0868 1.7879, -0.9416 -5.0854 1.8282, -0.5829 -5.1037 1.3328, -0.5829 -5.1037 1.3329, -0.6421 -5.1012 1.3955, -0.7016 -5.0987 1.4585, -0.7117 -5.0983 1.4692, -0.2263 -5.1168 1.0775, -0.2841 -5.1148 1.1075, -0.3039 -5.1141 1.1207, -0.3775 -5.1114 1.1701, -0.4404 -5.1091 1.2123, -0.4498 -5.1088 1.2202, -0.0653 -5.1222 1.001, -0.1159 -5.1206 1.0203, -0.1471 -5.1195 1.0364, 0.1029 -5.1277 0.9418, 0.0619 -5.1264 0.9523, 0.0182 -5.1249 0.9691, 0.7087 -5.1457 0.8813, 0.6221 -5.1432 0.8743, 0.614 -5.1429 0.8736, 0.5361 -5.1407 0.876, 0.4494 -5.1382 0.8787, 0.4265 -5.1375 0.8794, 0.8001 -5.1484 0.8887, 0.796 -5.1483 0.8883, 1.1654 -5.1598 0.9815, 1.1399 -5.159 0.9734, 1.604 -5.1751 1.2308, 1.5337 -5.1725 1.1778, 1.5044 -5.1714 1.1557, 1.9097 -5.1877 1.5379, 1.8533 -5.1852 1.4708, 1.7975 -5.1827 1.4043, 1.7957 -5.1826 1.4022, 1.7352 -5.1802 1.3448, 1.6723 -5.1777 1.2851, 1.6578 -5.1771 1.2713, 1.9594 -5.1904 1.6106, 1.9158 -5.188 1.5452, 2.1742 -5.2053 2.0485, 2.1586 -5.2039 2.0073, 2.2212 -5.2111 2.234, 2.2253 -5.212 2.2648, 2.2338 -5.2276 2.7977, 2.2349 -5.2272 2.7853, 2.2429 -5.2247 2.6981, 2.2507 -5.2221 2.6116, 2.0786 -5.2434 3.2933, 2.0703 -5.2441 3.3125, 1.731 -5.261 3.7689, 1.7746 -5.2592 3.7225, 1.8338 -5.2567 3.6593, 1.8594 -5.2556 3.6319, 1.589 -5.2664 3.8899, 1.6477 -5.2642 3.8399, 1.7139 -5.2616 3.7835, 1.1931 -5.2802 4.111, 1.2653 -5.2778 4.0831, 1.2758 -5.2775 4.0776, 1.3549 -5.2748 4.0362, 1.4332 -5.2721 3.9953, 1.0244 -5.2857 4.1683, 1.0883 -5.2836 4.1515, 1.1098 -5.2829 4.1432, 0.5913 -5.2986 4.2304, 0.6778 -5.2962 4.228, 0.713 -5.2951 4.227, 0.0728 -5.3143 4.1543, 0.1549 -5.3116 4.1804, 0.1577 -5.3115 4.1809, 0.2447 -5.3089 4.1981, 0.3313 -5.3062 4.2152, -0.0257 -5.3174 4.1231, -0.0123 -5.317 4.1273, -0.4739 -5.3331 3.8655, -0.4036 -5.3305 3.9184, -0.3642 -5.329 3.948, -0.7665 -5.3452 3.5685, -0.7204 -5.3432 3.6226, -0.6641 -5.3406 3.6889, -0.6456 -5.3398 3.7106, -0.6036 -5.3381 3.7501, -0.5405 -5.3356 3.8094, -0.5088 -5.3344 3.8392, -0.8741 -5.351 3.4076, -0.8716 -5.3509 3.4125, -0.8251 -5.3484 3.4815, -0.7757 -5.3457 3.5547, -1.0456 -5.3646 2.9974, -1.0276 -5.3625 3.0668, -1.0213 -5.3619 3.0831, -1.0837 -5.37 2.8246, -1.0757 -5.3683 2.8816, -1.0679 -5.3673 2.9114, -1.1053 -5.3801 2.4782, -1.1073 -5.3794 2.5013, -0.9274 -5.4014 1.7976, -0.918 -5.4021 1.7767, -0.5739 -5.419 1.3244, -0.6195 -5.4171 1.372, -0.6794 -5.4146 1.4344, -0.7035 -5.4136 1.4596, -0.4304 -5.4245 1.2048, -0.4914 -5.4221 1.2556, -0.5583 -5.4196 1.3114, -0.1964 -5.4327 1.0619, -0.2752 -5.43 1.1035, -0.2955 -5.4293 1.1143, -0.3501 -5.4274 1.1509, -0.4234 -5.4247 1.2001, -0.1169 -5.4355 1.0214, -0.128 -5.4351 1.0258, 0.3954 -5.4516 0.8838, 0.3085 -5.449 0.8965, 0.2342 -5.4467 0.9074, 0.2214 -5.4463 0.9108, 0.5686 -5.4566 0.8749, 0.4822 -5.4541 0.8777, 0.4243 -5.4524 0.8796, 1.087 -5.4722 0.9568, 1.0019 -5.4695 0.9301, 0.9826 -5.4689 0.9241, 0.9154 -5.4669 0.9111, 1.1718 -5.475 0.9844, 1.1634 -5.4747 0.9807, 1.6306 -5.4911 1.2506, 1.5603 -5.4885 1.1979, 1.502 -5.4863 1.1541, 1.4887 -5.4858 1.1463, 1.8184 -5.4986 1.4295, 1.7919 -5.4974 1.3983, 1.7589 -5.4961 1.3671, 1.6961 -5.4936 1.3077, 1.6556 -5.492 1.2695, 2.0173 -5.5085 1.697, 2.1725 -5.5201 2.0431, 2.1708 -5.5199 2.0387, 2.25 -5.5356 2.5579, 2.2474 -5.5331 2.4716, 2.2454 -5.5312 2.4077, 2.2422 -5.5306 2.3848, 2.2472 -5.5381 2.6441, 2.2512 -5.5366 2.5952, 2.1922 -5.5485 2.9912, 2.2002 -5.5477 2.9659, 2.0661 -5.5593 3.3206, 2.0642 -5.5594 3.3238, 1.752 -5.575 3.7459, 1.8114 -5.5726 3.6833, 1.8535 -5.5708 3.639, 1.6224 -5.5801 3.8611, 1.6891 -5.5775 3.805, 1.7226 -5.5763 3.7769, 1.2451 -5.5935 4.0915, 1.2545 -5.5932 4.088, 1.325 -5.5907 4.0517, 0.8187 -5.6069 4.2121, 0.8908 -5.6048 4.2023, 0.9058 -5.6043 4.1986, 0.645 -5.6121 4.2291, 0.7005 -5.6105 4.228, 0.7317 -5.6095 4.2238, 0.1677 -5.6262 4.1836, 0.2117 -5.6248 4.1923, 0.2985 -5.6222 4.2094, -0.0435 -5.633 4.1145, -0.0133 -5.632 4.1277, 0.0405 -5.6302 4.1443, 0.1257 -5.6275 4.1706, -0.5071 -5.6493 3.8406, -0.5003 -5.649 3.8457, -0.43 -5.6464 3.8981, -0.6853 -5.6565 3.6639, -0.6441 -5.6547 3.7122, -0.6273 -5.654 3.7279, -0.8896 -5.667 3.3778, -0.8705 -5.6658 3.4144, -1.0267 -5.6773 3.0695, -1.1022 -5.6888 2.6942, -1.1006 -5.6885 2.7048, -1.0167 -5.7092 2.0138, -1.0437 -5.7065 2.0988, -1.0556 -5.7053 2.1361, -0.7685 -5.7254 1.5443, -0.8216 -5.7228 1.6148, -0.8232 -5.7227 1.617, -0.8669 -5.7201 1.691, -0.9122 -5.7174 1.7676, -0.7144 -5.7281 1.4724, -0.7159 -5.728 1.4743, -0.3953 -5.7407 1.1822, -0.4437 -5.7389 1.2147, -0.4663 -5.7381 1.234, 0.7911 -3.3531 4.2185, 0.71 -3.3531 4.2239, -1.0776 -5.9381 2.2471, -1.0599 -5.9408 2.1602, -1.0531 -5.9418 2.1266, -1.0363 -5.9435 2.0746, -1.0088 -5.9462 1.9897, -0.9947 -5.9476 1.9463, -0.9767 -5.949 1.9066, -0.854 -5.9571 1.6694, -0.9397 -5.9517 1.8252, -0.916 -5.9535 1.7729, -0.8997 -5.9544 1.7457, -0.8176 -5.9593 1.6087, -0.8068 -5.9598 1.5946, -0.7532 -5.9624 1.5247, -0.5799 -5.9699 1.331, -0.6397 -5.9674 1.393, -0.6999 -5.965 1.4554, -0.7007 -5.9649 1.4563, -0.5708 -5.9703 1.3215, -0.5141 -5.9725 1.2745, -0.4467 -5.975 1.2186, -0.4271 -5.9758 1.2023, -0.3747 -5.9776 1.168, -0.3006 -5.9803 1.1193, -0.2696 -5.9814 1.099, -0.2234 -5.983 1.0756, -0.1437 -5.9857 1.0353, -0.1006 -5.9872 1.0135, -0.0628 -5.9885 0.9976, -0.0612 -5.9885 0.9969, 0.0217 -5.9912 0.9686, 0.1061 -5.9939 0.9397, 0.1193 -5.9943 0.9352, 0.1925 -5.9966 0.9192, 0.453 -6.0044 0.8792, 0.279 -5.9993 0.9002, 0.3065 -6.0001 0.8942, 0.366 -6.0019 0.8881, 0.4969 -6.0057 0.8748, 0.5394 -6.007 0.8752, 0.6256 -6.0094 0.8762, 0.6833 -6.0111 0.8768, 0.7122 -6.0119 0.8803, 0.7991 -6.0145 0.891, 0.8691 -6.0166 0.8996, -0.0301 -3.3531 4.1189, 0.137 -3.3531 4.1757, 0.1497 -3.3531 4.1782, 0.3343 -3.3531 4.2149, 0.3525 -3.3531 4.2185, 0.5203 -3.3531 4.2295, 0.5718 -3.3531 4.2329, 1.0845 -3.3531 4.1492, 1.0066 -3.3531 4.1757, 0.8997 -3.3531 4.1969, 1.2147 -3.3531 4.105, 1.2621 -3.3531 4.0816, 1.4306 -3.3531 3.9953, 1.4118 -3.3531 4.0078, 1.587 -3.3531 3.8908, 1.5945 -3.3531 3.8858, 1.8556 -3.3531 3.6315, 1.7597 -3.3531 3.7409, 1.728 -3.3531 3.7687, 1.9638 -3.3531 3.487, 1.9046 -3.3531 3.5757, 2.0267 -3.3531 3.393, 2.0631 -3.3531 3.3238, -0.0711 -3.3531 4.105, -0.1531 -3.3531 4.0684, -0.2045 -3.3549 4.0428, -0.2264 -3.3557 4.0298, -0.3028 -3.3584 3.9842, -0.3689 -3.3607 3.9448, -0.3782 -3.361 3.9378, -0.4482 -3.3636 3.8843, -0.5178 -3.3662 3.8313, -0.5216 -3.3664 3.8284, -0.5808 -3.3687 3.7716, -0.643 -3.3712 3.7119, -0.6568 -3.3717 3.6988, -0.7001 -3.3737 3.6468, -0.7561 -3.3763 3.5796, -0.7764 -3.3772 3.5552, -0.8078 -3.3789 3.5084, -0.8571 -3.3816 3.4349, -0.8669 -3.3821 3.4203, -0.9002 -3.3843 3.3572, -0.9419 -3.387 3.2783, -0.9554 -3.3879 3.2528, -0.9774 -3.3897 3.1965, -1.01 -3.3924 3.1133, -1.0248 -3.3937 3.0755, -1.0372 -3.3952 3.0286, -1.0601 -3.3979 2.9426, -1.0738 -3.3995 2.8906, -1.0789 -3.4005 2.8562, -1.0916 -3.4031 2.769, -1.1016 -3.4052 2.7006, -1.1022 -3.4057 2.6823, -1.105 -3.4082 2.5955, -1.1076 -3.4106 2.5129, -1.1073 -3.4107 2.5094, -1.1005 -3.4132 2.423, -1.0935 -3.4158 2.3357, -1.0928 -3.416 2.3269, -1.0778 -3.4184 2.2491, -1.061 -3.4211 2.1621, -1.0571 -3.4217 2.1422, -1.0366 -3.4238 2.0767, -1.0099 -3.4265 1.9916, -1.0005 -3.4274 1.9614, -0.9772 -3.4292 1.9086, -0.941 -3.4319 1.8269, -0.9238 -3.4333 1.7879, -0.9003 -3.4347 1.7478, -0.8553 -3.4374 1.671, -0.8271 -3.4391 1.6228, -0.8075 -3.44 1.5967, -0.7546 -3.4426 1.5263, -0.7117 -3.4448 1.4692, -0.7007 -3.4452 1.4575, -0.6411 -3.4477 1.3945, -0.5829 -3.4501 1.3329, -0.5818 -3.4502 1.332, -0.5156 -3.4527 1.2759, -0.4488 -3.4553 1.2194, -0.4404 -3.4556 1.2123, -0.3763 -3.4579 1.1693, -0.3027 -3.4606 1.12, -0.2841 -3.4612 1.1075, -0.225 -3.4633 1.0769, -0.1458 -3.466 1.0358, -0.1159 -3.467 1.0203, -0.064 -3.4687 1.0004, 0.0195 -3.4714 0.9685, 0.0619 -3.4728 0.9523, 0.1043 -3.4742 0.9415, 0.1904 -3.4769 0.9193, 0.2472 -3.4786 0.9047, 0.2768 -3.4795 0.9006, 0.364 -3.4821 0.8882, 0.4265 -3.484 0.8794, 0.4508 -3.4847 0.8786, 0.5374 -3.4872 0.876, 0.614 -3.4894 0.8736, 0.6235 -3.4897 0.8744, 0.7101 -3.4922 0.8814, 0.7973 -3.4947 0.8884, 0.8001 -3.4948 0.8887, 0.8839 -3.4974 0.905, 0.9709 -3.5001 0.9219, 0.9847 -3.5005 0.9246, 1.0561 -3.5028 0.9471, 1.1413 -3.5055 0.9739, 1.1654 -3.5063 0.9815, 1.2239 -3.5082 1.0074, 1.3056 -3.5109 1.0437, 1.3395 -3.5121 1.0587, 1.3843 -3.5137 1.0851, 1.461 -3.5164 1.1302, 1.5044 -3.5179 1.1557, 1.5348 -3.519 1.1787, 1.6052 -3.5216 1.2316, 1.6578 -3.5236 1.2713, 1.6733 -3.5242 1.2861, 1.7362 -3.5267 1.3457, 1.7957 -3.529 1.4022, 1.7983 -3.5292 1.4054, 1.8542 -3.5317 1.4719, 1.9106 -3.5342 1.5389, 1.9158 -3.5345 1.5452, 1.9602 -3.5369 1.6118, 2.0093 -3.5395 1.6856, 2.0201 -3.5401 1.7018, 2.0519 -3.5423 1.7636, 2.0927 -3.545 1.843, 2.1068 -3.5459 1.8704, 2.1275 -3.5477 1.9251, 2.1591 -3.5504 2.0086, 2.1742 -3.5517 2.0485, 2.1856 -3.5532 2.0936, 2.2074 -3.5559 2.1798, 2.2212 -3.5575 2.234, 2.2255 -3.5585 2.2662, 2.2372 -3.5611 2.3535, 2.2468 -3.5632 2.4244, 2.2471 -3.5637 2.4401, 2.2489 -3.5662 2.5267, 2.2507 -3.5686 2.6116, 2.2506 -3.5686 2.6129, 2.2427 -3.5712 2.6995, 2.2348 -3.5737 2.7867, 2.2338 -3.5741 2.7977, 2.2189 -3.5764 2.8734, 2.2024 -3.5789 2.9571, 2.2014 -3.579 2.9603, 2.1752 -3.5818 3.0454, 2.1488 -3.5845 3.1306, 2.1465 -3.5847 3.1381, 2.1139 -3.5872 3.2128, 2.0781 -3.5899 3.2946, 2.0703 -3.5905 3.3125, 2.0353 -3.5927 3.3727, 1.9906 -3.5954 3.4496, 1.9742 -3.5963 3.4779, 1.9409 -3.598 3.5226, 1.8884 -3.6006 3.5931, 1.8594 -3.602 3.6319, 1.8329 -3.6032 3.6603, 1.7736 -3.6057 3.7235, 1.731 -3.6074 3.7689, 1.7128 -3.6081 3.7844, 1.6466 -3.6107 3.8408, 1.589 -3.6129 3.8899, 1.5792 -3.6132 3.8966, 1.5061 -3.6159 3.946, 1.4332 -3.6185 3.9953, 1.4326 -3.6185 3.9956, 1.3537 -3.6213 4.0369, 1.2746 -3.624 4.0782, 1.2653 -3.6243 4.0831, 1.1918 -3.6267 4.1115, 1.1085 -3.6294 4.1438, 1.0883 -3.6301 4.1515, 1.023 -3.6322 4.1686, 0.937 -3.6348 4.1911, 0.9032 -3.6359 4.1999, 0.8503 -3.6375 4.2074, 0.7632 -3.6401 4.2198, 0.713 -3.6416 4.227, 0.6764 -3.6427 4.228, 0.5899 -3.6451 4.2305, 0.5256 -3.647 4.2323, 0.5038 -3.6476 4.2305, 0.4171 -3.6502 4.2232, 0.3395 -3.6524 4.2168, 0.3299 -3.6527 4.2149, 0.2433 -3.6554 4.1978, 0.1563 -3.658 4.1806, 0.1549 -3.6581 4.1804, 0.0714 -3.6608 4.1539, -0.0137 -3.6635 4.1269, -0.0257 -3.6639 4.1231, -0.0957 -3.6662 4.0918, -0.1773 -3.6689 4.0553, -0.1995 -3.6697 4.0454, -0.2552 -3.6716 4.0124, -0.3317 -3.6743 3.9672, -0.3642 -3.6755 3.948, -0.4047 -3.677 3.9175, -0.475 -3.6796 3.8647, -0.5088 -3.6809 3.8392, -0.5415 -3.6821 3.8085, -0.6045 -3.6846 3.7492, -0.6456 -3.6862 3.7106, -0.6649 -3.6871 3.6878, -0.7213 -3.6896 3.6215, -0.7665 -3.6917 3.5685, -0.7765 -3.6922 3.5535, -0.8259 -3.6949 3.4803, -0.8716 -3.6973 3.4125, -0.8748 -3.6975 3.4064, -0.916 -3.7003 3.3274, -0.9572 -3.703 3.2483, -0.9592 -3.7031 3.2445, -0.9898 -3.7057 3.1651, -1.0218 -3.7084 3.0817, -1.0276 -3.7089 3.0668, -1.046 -3.7111 2.9961, -1.0683 -3.7138 2.9101, -1.0757 -3.7147 2.8816, -1.0839 -3.7165 2.8232, -1.0961 -3.7191 2.7362, -1.1024 -3.7204 2.6914, -1.1035 -3.7216 2.6494, -1.1057 -3.7241 2.563, -1.1073 -3.7259 2.5013, -1.1052 -3.7266 2.4768, -1.0977 -3.7291 2.3901, -1.0912 -3.7313 2.3153, -1.0887 -3.7317 2.3029, -1.0713 -3.7344 2.2163, -1.0542 -3.737 2.1308, -1.0537 -3.737 2.1294, -1.0265 -3.7397 2.0446, -0.9992 -3.7425 1.9596, -0.9963 -3.7428 1.9503, -0.9635 -3.7452 1.8777, -0.9268 -3.7479 1.7963, -0.918 -3.7486 1.7767, -0.8834 -3.7506 1.7187, -0.8379 -3.7533 1.6424, -0.82 -3.7544 1.6123, -0.7877 -3.756 1.5699, -0.7344 -3.7586 1.5, -0.7035 -3.7601 1.4596, -0.6784 -3.7611 1.4334, -0.6186 -3.7636 1.371, -0.5739 -3.7654 1.3244, -0.5572 -3.7661 1.3105, -0.4903 -3.7686 1.2547, -0.4304 -3.7709 1.2048, -0.4223 -3.7712 1.1993, -0.3489 -3.7739 1.1501, -0.2955 -3.7758 1.1143, -0.2739 -3.7765 1.1029, -0.1951 -3.7792 1.0613, -0.128 -3.7816 1.0258, -0.1156 -3.782 1.0209, -0.0324 -3.7847 0.9884, 0.0493 -3.7874 0.9564, 0.0508 -3.7874 0.956, 0.1369 -3.7901 0.9332, 0.2227 -3.7928 0.9104, 0.2342 -3.7932 0.9074, 0.3099 -3.7955 0.8963, 0.3968 -3.7981 0.8836, 0.4243 -3.7989 0.8796, 0.4836 -3.8006 0.8777, 0.57 -3.8031 0.8749, 0.6119 -3.8043 0.8736, 0.6561 -3.8056 0.8771, 0.743 -3.8081 0.884, 0.7979 -3.8097 0.8884, 0.83 -3.8107 0.8946, 0.9167 -3.8134 0.9113, 0.9826 -3.8154 0.9241, 1.0033 -3.816 0.9306, 1.0883 -3.8187 0.9572, 1.1634 -3.8211 0.9807, 1.1731 -3.8215 0.985, 1.2548 -3.8242 1.0211, 1.3364 -3.8269 1.0572, 1.3369 -3.827 1.0574, 1.4133 -3.8296 1.1022, 1.4899 -3.8323 1.1471, 1.502 -3.8328 1.1541, 1.5614 -3.835 1.1987, 1.6317 -3.8376 1.2515, 1.6556 -3.8385 1.2695, 1.6971 -3.8401 1.3087, 1.7599 -3.8426 1.368, 1.7919 -3.8438 1.3983, 1.8193 -3.8451 1.4306, 1.8756 -3.8476 1.4971, 1.9125 -3.8493 1.5408, 1.9296 -3.8502 1.5662, 1.9788 -3.8529 1.6396, 2.0173 -3.8549 1.697, 2.0263 -3.8555 1.7144, 2.0673 -3.8582 1.7936, 2.1045 -3.8607 1.8653, 2.1075 -3.861 1.8732, 2.1394 -3.8637 1.9567, 2.1713 -3.8664 2.0401, 2.1725 -3.8665 2.0431, 2.1938 -3.8691 2.1262, 2.2159 -3.8718 2.2122, 2.2201 -3.8723 2.2284, 2.2301 -3.8745 2.2992, 2.2424 -3.8771 2.3862, 2.2454 -3.8777 2.4077, 2.2474 -3.8796 2.473, 2.2501 -3.8821 2.5593, 2.2512 -3.8831 2.5952, 2.2471 -3.8846 2.6455, 2.2401 -3.8871 2.7324, 2.2361 -3.8885 2.7813, 2.2287 -3.8897 2.8194, 2.2118 -3.8923 2.9061, 2.2002 -3.8942 2.9659, 2.1918 -3.895 2.9925, 2.1651 -3.8977 3.0775, 2.1433 -3.9 3.1466, 2.1365 -3.9005 3.162, 2.1003 -3.9032 3.2437, 2.0661 -3.9058 3.3206, 2.0635 -3.9059 3.325, 2.0184 -3.9086 3.4018, 1.9734 -3.9113 3.4783, 1.9691 -3.9116 3.4856, 1.9211 -3.9139 3.5493, 1.8683 -3.9166 3.6194, 1.8535 -3.9173 3.639, 1.8105 -3.9191 3.6843, 1.7511 -3.9215 3.7469, 1.7226 -3.9227 3.7769, 1.6881 -3.924 3.8059, 1.6213 -3.9266 3.862, 1.5796 -3.9282 3.897, 1.5518 -3.9292 3.9155, 1.4782 -3.9318 3.9646, 1.423 -3.9338 4.0013, 1.403 -3.9345 4.0116, 1.3237 -3.9372 4.0523, 1.2545 -3.9396 4.088, 1.2438 -3.94 4.092, 1.1603 -3.9427 4.1236, 1.0768 -3.9454 4.1552, 1.0763 -3.9454 4.1554, 0.9905 -3.9481 4.1771, 0.9045 -3.9508 4.1989, 0.8908 -3.9512 4.2023, 0.8173 -3.9534 4.2122, 0.7304 -3.956 4.224, 0.7005 -3.9569 4.228, 0.6437 -3.9586 4.2292, 0.5574 -3.961 4.231, 0.5133 -3.9623 4.2319, 0.4711 -3.9635 4.2281, 0.3842 -3.9661 4.2202, 0.3271 -3.9678 4.215, 0.2971 -3.9687 4.2091, 0.2103 -3.9713 4.192, 0.1677 -3.9726 4.1836, 0.1244 -3.974 4.1702, 0.0392 -3.9767 4.1439, -0.0133 -3.9784 4.1277, -0.0448 -3.9795 4.114, -0.1267 -3.9822 4.0781, -0.1877 -3.9842 4.0514, -0.2072 -3.9849 4.0401, -0.2842 -3.9876 3.9954, -0.3531 -3.99 3.9554, -0.3604 -3.9903 3.95, -0.4311 -3.9929 3.8972, -0.5014 -3.9955 3.8449, -0.5071 -3.9957 3.8406, -0.5654 -3.998 3.786, -0.6283 -4.0005 3.727, -0.6441 -4.0011 3.7122, -0.6862 -4.003 3.6628, -0.7428 -4.0056 3.5964, -0.7651 -4.0066 3.5702, -0.7951 -4.0082 3.5259, -0.8446 -4.0108 3.4526, -0.8705 -4.0122 3.4144, -0.8903 -4.0135 3.3765, -0.9316 -4.0162 3.2975, -0.9583 -4.018 3.2465, -0.9697 -4.019 3.2169, -1.0019 -4.0217 3.1336, -1.0267 -4.0238 3.0695, -1.0319 -4.0244 3.0497, -1.0544 -4.0271 2.9635, -1.0751 -4.0296 2.8844, -1.0761 -4.0298 2.8776, -1.0885 -4.0324 2.7902, -1.1008 -4.035 2.7035, -1.1022 -4.0353 2.6942, -1.1044 -4.0375 2.6167, -1.1068 -4.04 2.5305, -1.1075 -4.0407 2.5067, -1.1023 -4.0425 2.4441, -1.095 -4.0451 2.3571, -1.092 -4.0461 2.3207, -1.082 -4.0477 2.2703, -1.0649 -4.0503 2.1834, -1.0556 -4.0518 2.1361, -1.0433 -4.053 2.0974, -1.0163 -4.0557 2.0124, -0.9983 -4.0576 1.9555, -0.9862 -4.0585 1.9285, -0.9497 -4.0612 1.8469, -0.9206 -4.0634 1.7817, -0.9115 -4.0639 1.7664, -0.8662 -4.0666 1.6898, -0.8232 -4.0692 1.617, -0.8207 -4.0693 1.6137, -0.7677 -4.0719 1.5432, -0.715 -4.0745 1.4732, -0.7144 -4.0746 1.4723, -0.6556 -4.077 1.4098, -0.5965 -4.0795 1.347, -0.5858 -4.0799 1.3356, -0.5318 -4.082 1.2897, -0.4652 -4.0846 1.2331, -0.4437 -4.0854 1.2147, -0.3942 -4.0872 1.1814, -0.3208 -4.0898 1.1319, -0.2877 -4.091 1.1096, -0.2443 -4.0925 1.087, -0.1652 -4.0952 1.0457, -0.1197 -4.0968 1.022, -0.0843 -4.098 1.0084, -0.0009 -4.1007 0.9763, 0.058 -4.1026 0.9536, 0.0833 -4.1034 0.947, 0.1694 -4.1061 0.9247, 0.2432 -4.1084 0.9055, 0.2555 -4.1088 0.9038, 0.3428 -4.1114 0.8915, 0.4295 -4.114 0.8793, 0.4334 -4.1141 0.8788, 0.5163 -4.1165 0.8767, 0.6025 -4.119 0.8744, 0.6235 -4.1196 0.8739, 0.6889 -4.1215 0.8795, 0.7759 -4.124 0.8871, 0.8095 -4.125 0.89, 0.8627 -4.1267 0.9007, 0.9496 -4.1293 0.9181, 0.994 -4.1307 0.927, 1.0355 -4.132 0.9403, 1.1204 -4.1347 0.9676, 1.1745 -4.1365 0.9849, 1.2041 -4.1375 0.9983, 1.2856 -4.1402 1.035, 1.3481 -4.1423 1.0632, 1.3658 -4.1429 1.0737, 1.4422 -4.1456 1.1193, 1.5125 -4.1481 1.1612, 1.5179 -4.1483 1.1653, 1.588 -4.1509 1.2187, 1.6576 -4.1535 1.2718, 1.6652 -4.1538 1.2776, 1.721 -4.156 1.3311, 1.7832 -4.1585 1.3908, 1.8004 -4.1591 1.4072, 1.8406 -4.161 1.4555, 1.8966 -4.1635 1.5227, 1.9201 -4.1646 1.5508, 1.9487 -4.1662 1.5935, 1.998 -4.1688 1.6671, 2.0105 -4.1695 1.6857, 2.0416 -4.1715 1.7445, 2.0833 -4.1742 1.8233, 2.099 -4.1753 1.8532, 2.1193 -4.177 1.9049, 2.1518 -4.1797 1.9881, 2.1684 -4.1811 2.0305, 2.1796 -4.1824 2.0727, 2.2024 -4.1851 2.1587, 2.2174 -4.1869 2.2154, 2.2218 -4.1878 2.245, 2.2345 -4.1904 2.3322, 2.2452 -4.1926 2.4054, 2.2457 -4.193 2.4189, 2.2484 -4.1955 2.5057, 2.2512 -4.198 2.5918, 2.2513 -4.198 2.5931, 2.2445 -4.2005 2.6783, 2.2375 -4.203 2.7654, 2.2364 -4.2034 2.7791, 2.2223 -4.2057 2.8521, 2.2055 -4.2083 2.9391, 2.2007 -4.2091 2.9638, 2.1817 -4.211 3.0246, 2.155 -4.2137 3.1097, 2.1441 -4.2148 3.1446, 2.1228 -4.2165 3.1929, 2.0866 -4.2192 3.2746, 2.0674 -4.2207 3.3181, 2.0464 -4.2219 3.354, 2.0014 -4.2246 3.4308, 1.9707 -4.2265 3.4832, 1.954 -4.2273 3.5054, 1.9011 -4.2299 3.5759, 1.8553 -4.2322 3.6368, 1.8476 -4.2325 3.645, 1.788 -4.235 3.7081, 1.7288 -4.2374 3.7707, 1.7265 -4.2375 3.7731, 1.6629 -4.24 3.827, 1.5961 -4.2425 3.8835, 1.584 -4.243 3.8937, 1.524 -4.2452 3.934, 1.4504 -4.2478 3.9833, 1.4278 -4.2486 3.9985, 1.373 -4.2505 4.0269, 1.2938 -4.2532 4.0679, 1.2595 -4.2544 4.0857, 1.2122 -4.256 4.1038, 1.1287 -4.2587 4.1357, 1.0817 -4.2602 4.1537, 1.0441 -4.2614 4.1633, 0.9579 -4.2641 4.1855, 0.8964 -4.266 4.2013, 0.8716 -4.2668 4.2048, 0.7844 -4.2694 4.2171, 0.7171 -4.2714 4.2266, 0.6977 -4.272 4.2272, 0.611 -4.2745 4.2299, 0.5296 -4.2768 4.2324, 0.5249 -4.2769 4.232, 0.4383 -4.2795 4.225, 0.3511 -4.282 4.2179, 0.3436 -4.2822 4.2173, 0.2645 -4.2846 4.2019, 0.1775 -4.2873 4.185, 0.1589 -4.2879 4.1814, 0.0922 -4.29 4.1604, 0.007 -4.2927 4.1336, -0.0218 -4.2937 4.1245, -0.0758 -4.2955 4.1006, -0.1574 -4.2982 4.0643, -0.1958 -4.2995 4.0473, -0.2365 -4.3009 4.0234, -0.3131 -4.3036 3.9783, -0.3608 -4.3053 3.9503, -0.3873 -4.3063 3.9303, -0.4577 -4.3089 3.8773, -0.5142 -4.311 3.8347, -0.5262 -4.3115 3.8232, -0.5891 -4.3139 3.7635, -0.6516 -4.3164 3.7042, -0.6521 -4.3164 3.7038, -0.7075 -4.3189 3.6378, -0.7639 -4.3215 3.5708, -0.7722 -4.3219 3.5608, -0.8138 -4.3241 3.4983, -0.863 -4.3268 3.4245, -0.8765 -4.3275 3.4042, -0.906 -4.3295 3.3468, -0.9468 -4.3322 3.2674, -0.9632 -4.3333 3.2356, -0.9821 -4.335 3.1855, -1.0137 -4.3377 3.102, -1.0306 -4.3391 3.0575, -1.0408 -4.3404 3.0172, -1.0626 -4.3431 2.931, -1.0775 -4.3449 2.872, -1.0812 -4.3458 2.8446, -1.093 -4.3484 2.7573, -1.1032 -4.3506 2.6816, -1.1034 -4.3509 2.6707, -1.1052 -4.3534 2.584, -1.107 -4.3559 2.4979, -1.1071 -4.356 2.4944, -1.0995 -4.3584 2.4113, -1.0916 -4.361 2.3241, -1.0902 -4.3615 2.3083, -1.0762 -4.3636 2.2374, -1.0591 -4.3663 2.1504, -1.0588 -4.3663 2.1489, -1.033 -4.369 2.0653, -1.0067 -4.3717 1.9801, -1.0029 -4.3721 1.9679, -0.9722 -4.3745 1.8977, -0.9364 -4.3772 1.8159, -0.9266 -4.3779 1.7935, -0.8941 -4.3799 1.7376, -0.8495 -4.3826 1.6607, -0.8306 -4.3837 1.6281, -0.8002 -4.3853 1.5874, -0.7476 -4.3879 1.5168, -0.7158 -4.3895 1.4741, -0.6925 -4.3904 1.4492, -0.6332 -4.3929 1.386, -0.5874 -4.3948 1.3371, -0.5728 -4.3954 1.3247, -0.5067 -4.3979 1.2683, -0.4454 -4.4003 1.2161, -0.4396 -4.4005 1.2121, -0.3665 -4.4031 1.1627, -0.293 -4.4058 1.1131, -0.2896 -4.4059 1.1107, -0.2144 -4.4085 1.0714, -0.1353 -4.4112 1.03, -0.1217 -4.4117 1.0229, -0.0527 -4.414 0.9962, 0.0306 -4.4167 0.964, 0.0553 -4.4175 0.9545, 0.1159 -4.4194 0.9386, 0.2019 -4.4221 0.9162, 0.2404 -4.4233 0.9061, 0.2885 -4.4248 0.8992, 0.3757 -4.4274 0.8868, 0.4306 -4.429 0.879, 0.4624 -4.4299 0.8781, 0.549 -4.4324 0.8757, 0.6181 -4.4344 0.8737, 0.635 -4.4349 0.8751, 0.7217 -4.4374 0.8824, 0.8041 -4.4398 0.8892, 0.809 -4.44 0.8902, 0.8955 -4.4426 0.9072, 0.9825 -4.4453 0.9244, 0.9887 -4.4455 0.9256, 1.0675 -4.448 0.9506, 1.1526 -4.4507 0.9776, 1.1693 -4.4513 0.9829, 1.2348 -4.4535 1.0122, 1.3164 -4.4562 1.0487, 1.3431 -4.4571 1.0606, 1.3946 -4.4589 1.0911, 1.4712 -4.4616 1.1363, 1.5078 -4.4629 1.158, 1.5444 -4.4642 1.1855, 1.6147 -4.4669 1.2384, 1.6525 -4.4683 1.2668, 1.6816 -4.4694 1.2942, 1.7447 -4.4719 1.3535, 1.7892 -4.4736 1.3954, 1.8055 -4.4744 1.4145, 1.8618 -4.4769 1.4808, 1.9101 -4.4791 1.5375, 1.9174 -4.4795 1.5485, 1.9668 -4.4821 1.6216, 2.0152 -4.4847 1.6935, 2.0161 -4.4848 1.6953, 2.0573 -4.4875 1.7742, 2.0986 -4.4902 1.8534, 2.1028 -4.4905 1.8615, 2.1316 -4.493 1.9363, 2.1637 -4.4957 2.0197, 2.1712 -4.4963 2.0392, 2.1883 -4.4984 2.1052, 2.2107 -4.5011 2.1912, 2.2193 -4.5021 2.2244, 2.2268 -4.5037 2.278, 2.2391 -4.5063 2.3651, 2.246 -4.5078 2.4146, 2.247 -4.5089 2.4518, 2.2492 -4.5114 2.5383, 2.2509 -4.5133 2.6047, 2.2492 -4.5139 2.6244, 2.2417 -4.5164 2.7111, 2.2348 -4.5187 2.7907, 2.2333 -4.519 2.7983, 2.2159 -4.5216 2.8849, 2.1985 -4.5243 2.9719, 2.1978 -4.5244 2.9752, 2.1716 -4.527 3.0567, 2.1444 -4.5297 3.1418, 2.1399 -4.5302 3.1557, 2.1092 -4.5325 3.2238, 2.0725 -4.5352 3.3052, 2.0616 -4.536 3.3293, 2.0295 -4.5379 3.3831, 1.9841 -4.5406 3.4594, 1.9637 -4.5418 3.4937, 1.9342 -4.5432 3.5323, 1.8809 -4.5458 3.6022, 1.8472 -4.5475 3.6464, 1.8254 -4.5484 3.6692, 1.7655 -4.5509 3.7316, 1.7176 -4.5528 3.7816, 1.7045 -4.5533 3.7925, 1.6376 -4.5559 3.8482, 1.574 -4.5583 3.9012, 1.5699 -4.5585 3.904, 1.4966 -4.5611 3.9532, 1.4391 -4.5632 3.9917, 1.4219 -4.5638 4.0008, 1.3431 -4.5665 4.0424, 1.2716 -4.569 4.0802, 1.2638 -4.5692 4.0833, 1.1806 -4.572 4.1158, 1.0975 -4.5747 4.1484, 1.0943 -4.5748 4.1496, 1.0115 -4.5774 4.1716, 0.9256 -4.5801 4.1944, 0.9095 -4.5806 4.1986, 0.8385 -4.5827 4.209, 0.7516 -4.5853 4.2217, 0.7194 -4.5863 4.2264, 0.6648 -4.5879 4.2282, 0.5784 -4.5903 4.2309, 0.5318 -4.5917 4.2324, 0.4923 -4.5928 4.2293, 0.4054 -4.5954 4.2224, 0.3457 -4.5971 4.2176, 0.3184 -4.598 4.2124, 0.2317 -4.6006 4.1956, 0.1611 -4.6028 4.1819, 0.145 -4.6033 4.1769, 0.06 -4.606 4.1503, -0.0197 -4.6085 4.1253, -0.0249 -4.6087 4.123, -0.1067 -4.6115 4.0869, -0.1883 -4.6142 4.0508, -0.1933 -4.6144 4.0486, -0.2655 -4.6169 4.0063, -0.3421 -4.6196 3.9614, -0.3584 -4.6202 3.9519, -0.4139 -4.6222 3.9102, -0.4842 -4.6248 3.8574, -0.512 -4.6259 3.8365, -0.55 -4.6274 3.8006, -0.6129 -4.6298 3.7412, -0.6483 -4.6312 3.7077, -0.6726 -4.6323 3.6791, -0.7288 -4.6349 3.6126, -0.7689 -4.6367 3.5652, -0.7832 -4.6375 3.5439, -0.8324 -4.6401 3.4705, -0.8737 -4.6423 3.409, -0.8804 -4.6428 3.3959, -0.9214 -4.6455 3.3168, -0.9609 -4.6481 3.2407, -0.9622 -4.6482 3.2374, -0.9941 -4.651 3.1539, -1.0259 -4.6537 3.0705, -1.0289 -4.6539 3.0629, -1.049 -4.6564 2.9845, -1.0711 -4.6591 2.8985, -1.0764 -4.6597 2.8776, -1.0858 -4.6617 2.8116, -1.0981 -4.6643 2.7246, -1.1018 -4.6651 2.6983, -1.1037 -4.6668 2.6378, -1.1063 -4.6693 2.5515, -1.1076 -4.6705 2.5108, -1.1039 -4.6718 2.4653, -1.0969 -4.6744 2.3784, -1.0925 -4.6759 2.3247, -1.086 -4.6769 2.2914, -1.0691 -4.6796 2.2047, -1.0566 -4.6816 2.1401, -1.0497 -4.6823 2.1182, -1.0229 -4.685 2.0332, -0.9997 -4.6874 1.9594, -0.9949 -4.6877 1.9485, -0.9586 -4.6905 1.8668, -0.9225 -4.6932 1.7854, -0.9224 -4.6932 1.7852, -0.8772 -4.6959 1.7085, -0.8323 -4.6986 1.6319, -0.8255 -4.699 1.6204, -0.7804 -4.7012 1.5606, -0.7276 -4.7038 1.4905, -0.7099 -4.7047 1.467, -0.6702 -4.7063 1.4252, -0.6107 -4.7088 1.3626, -0.5789 -4.7101 1.3291, -0.5481 -4.7113 1.3032, -0.4814 -4.7139 1.2471, -0.436 -4.7156 1.209, -0.4122 -4.7164 1.1931, -0.3387 -4.7191 1.1442, -0.2794 -4.7212 1.1047, -0.2638 -4.7218 1.0967, -0.1845 -4.7245 1.0559, -0.1108 -4.727 1.018, -0.1048 -4.7272 1.0158, -0.0212 -4.73 0.9841, 0.0623 -4.7327 0.9525, 0.0673 -4.7329 0.9506, 0.1484 -4.7354 0.9301, 0.2344 -4.7381 0.9083, 0.2528 -4.7386 0.9037, 0.3215 -4.7407 0.8944, 0.4085 -4.7433 0.8827, 0.4432 -4.7443 0.878, 0.4952 -4.7458 0.8769, 0.5815 -4.7483 0.8751, 0.6304 -4.7497 0.8741, 0.6677 -4.7508 0.8775, 0.7546 -4.7533 0.8854, 0.8165 -4.7552 0.891, 0.8417 -4.7559 0.896, 0.9285 -4.7586 0.9131, 0.9759 -4.76 0.9224, 1.0146 -4.7613 0.9343, 1.0998 -4.764 0.9606, 1.1569 -4.7658 0.9783, 1.1839 -4.7667 0.9901, 1.2658 -4.7695 1.0259, 1.3313 -4.7716 1.0546, 1.3466 -4.7722 1.0635, 1.4236 -4.7749 1.1082, 1.4967 -4.7774 1.1506, 1.5001 -4.7776 1.1531, 1.5709 -4.7802 1.2059, 1.6412 -4.7828 1.2583, 1.6508 -4.7832 1.2654, 1.7055 -4.7853 1.3167, 1.7685 -4.7878 1.3758, 1.7877 -4.7885 1.3938, 1.8267 -4.7903 1.4395, 1.8833 -4.7928 1.5059, 1.9088 -4.794 1.5358, 1.936 -4.7954 1.5761, 1.9855 -4.7981 1.6494, 2.0141 -4.7996 1.6916, 2.0316 -4.8008 1.7251, 2.0729 -4.8035 1.8041, 2.1019 -4.8054 1.8595, 2.1116 -4.8062 1.8845, 2.1438 -4.809 1.9678, 2.1704 -4.8112 2.0365, 2.1743 -4.8117 2.0516, 2.1968 -4.8144 2.1377, 2.2187 -4.817 2.2216, 2.219 -4.8171 2.2236, 2.2314 -4.8197 2.311, 2.2438 -4.8223 2.3978, 2.2458 -4.8227 2.4118, 2.2478 -4.8248 2.4846, 2.2503 -4.8273 2.5708, 2.2511 -4.8281 2.5993, 2.2463 -4.8298 2.6571, 2.239 -4.8323 2.7441, 2.2356 -4.8335 2.7853, 2.2266 -4.8349 2.8309, 2.2095 -4.8376 2.9178, 2.1992 -4.8392 2.9699, 2.1884 -4.8403 3.0039, 2.1614 -4.843 3.0889, 2.1419 -4.845 3.1505, 2.1318 -4.8457 3.173, 2.0954 -4.8485 3.2546, 2.0642 -4.8508 3.3243, 2.0577 -4.8512 3.3354, 2.0123 -4.8539 3.412, 1.9672 -4.8566 3.4883, 1.9668 -4.8566 3.489, 1.9142 -4.8592 3.5589, 1.8616 -4.8618 3.6289, 1.858 -4.862 3.6337, 1.8025 -4.8643 3.6927, 1.7434 -4.8668 3.7555, 1.7295 -4.8673 3.7704, 1.6791 -4.8693 3.8132, 1.6125 -4.8718 3.8698, 1.5873 -4.8728 3.8913, 1.5419 -4.8744 3.9219, 1.4685 -4.8771 3.9714, 1.4313 -4.8784 3.9964, 1.3923 -4.8798 4.0168, 1.3132 -4.8825 4.058, 1.2633 -4.8842 4.084, 1.2325 -4.8852 4.0959, 1.1491 -4.888 4.128, 1.0856 -4.89 4.1524, 1.0651 -4.8907 4.1577, 0.9789 -4.8934 4.1801, 0.9004 -4.8958 4.2005, 0.893 -4.8961 4.2015, 0.8056 -4.8987 4.2138, 0.7189 -4.9013 4.226, 0.7102 -4.9015 4.2272, 0.6321 -4.9038 4.2292, 0.5459 -4.9062 4.2315, 0.5201 -4.907 4.2321, 0.4595 -4.9088 4.2269, 0.3725 -4.9113 4.2193, 0.3341 -4.9124 4.216, 0.2857 -4.9139 4.2063, 0.1989 -4.9166 4.1889, 0.1496 -4.9181 4.179, 0.1128 -4.9193 4.1672, 0.0279 -4.922 4.1399, -0.0309 -4.9239 4.1211, -0.056 -4.9247 4.1098, -0.1374 -4.9274 4.073, -0.2045 -4.9297 4.0428, -0.2179 -4.9302 4.0348, -0.2944 -4.9329 3.9892, -0.3689 -4.9355 3.9448, -0.3704 -4.9356 3.9437, -0.4405 -4.9382 3.8902, -0.5102 -4.9408 3.8371, -0.5216 -4.9412 3.8284, -0.5739 -4.9433 3.7782, -0.6361 -4.9457 3.7185, -0.6568 -4.9466 3.6988, -0.6939 -4.9482 3.6542, -0.7499 -4.9508 3.587, -0.7764 -4.952 3.5552, -0.8023 -4.9534 3.5165, -0.8517 -4.9561 3.443, -0.8669 -4.9569 3.4203, -0.8957 -4.9588 3.3659, -0.9373 -4.9615 3.287, -0.9554 -4.9627 3.2528, -0.9738 -4.9642 3.2057, -1.0064 -4.967 3.1225, -1.0248 -4.9685 3.0755, -1.0347 -4.9697 3.0381, -1.0575 -4.9724 2.952, -1.0738 -4.9743 2.8906, -1.0775 -4.975 2.8658, -1.0902 -4.9777 2.7786, -1.1016 -4.98 2.7006, -1.1019 -4.9803 2.6919, -1.1047 -4.9827 2.6051, -1.1074 -4.9852 2.5189, -1.1076 -4.9854 2.5129, -1.1012 -4.9877 2.4325, -1.0943 -4.9903 2.3454, -1.0928 -4.9908 2.3269, -1.0796 -4.9929 2.2587, -1.0628 -4.9956 2.1717, -1.0571 -4.9965 2.1422, -1.0395 -4.9983 2.0861, -1.0129 -5.001 2.001, -1.0005 -5.0022 1.9614, -0.9811 -5.0037 1.9177, -0.945 -5.0064 1.8359, -0.9238 -5.0081 1.7879, -0.9052 -5.0092 1.7563, -0.8603 -5.0119 1.6795, -0.8271 -5.0139 1.6228, -0.8133 -5.0145 1.6045, -0.7604 -5.0172 1.534, -0.7117 -5.0196 1.4692, -0.7073 -5.0197 1.4645, -0.6477 -5.0222 1.4014, -0.5885 -5.0247 1.3388, -0.5829 -5.0249 1.3329, -0.5229 -5.0272 1.2821, -0.4562 -5.0298 1.2256, -0.4404 -5.0304 1.2123, -0.3844 -5.0324 1.1747, -0.3108 -5.0351 1.1254, -0.2841 -5.036 1.1075, -0.2338 -5.0378 1.0814, -0.1545 -5.0405 1.0403, -0.1159 -5.0418 1.0203, -0.0732 -5.0432 1.004, 0.0103 -5.0459 0.9721, 0.0619 -5.0476 0.9523, 0.0948 -5.0487 0.9439, 0.181 -5.0514 0.9218, 0.2472 -5.0534 0.9047, 0.2672 -5.054 0.9019, 0.3544 -5.0566 0.8896, 0.4265 -5.0588 0.8794, 0.4412 -5.0592 0.8789, 0.5279 -5.0617 0.8763, 0.614 -5.0642 0.8736, 0.614 -5.0642 0.8736, 0.7005 -5.0667 0.8806, 0.7877 -5.0693 0.8877, 0.8001 -5.0696 0.8887, 0.8743 -5.0719 0.9031, 0.9613 -5.0746 0.9201, 0.9847 -5.0753 0.9246, 1.0468 -5.0773 0.9441, 1.1319 -5.08 0.9709, 1.1654 -5.0811 0.9815, 1.2149 -5.0827 1.0034, 1.2966 -5.0854 1.0397, 1.3395 -5.0869 1.0587, 1.3758 -5.0882 1.0801, 1.4525 -5.0909 1.1252, 1.5044 -5.0927 1.1557, 1.5271 -5.0935 1.1728, 1.5974 -5.0961 1.2258, 1.6578 -5.0984 1.2713, 1.6664 -5.0987 1.2795, 1.7293 -5.1012 1.3392, 1.7918 -5.1037 1.3985, 1.7957 -5.1038 1.4022, 1.848 -5.1062 1.4645, 1.9044 -5.1088 1.5315, 1.9158 -5.1093 1.5452, 1.9548 -5.1114 1.6037, 2.0039 -5.1141 1.6774, 2.0201 -5.1149 1.7018, 2.0474 -5.1168 1.7548, 2.0882 -5.1195 1.8342, 2.1068 -5.1207 1.8704, 2.124 -5.1222 1.9159, 2.1556 -5.1249 1.9994, 2.1742 -5.1266 2.0485, 2.1832 -5.1277 2.084, 2.205 -5.1304 2.1703, 2.2212 -5.1323 2.234, 2.2242 -5.133 2.2566, 2.236 -5.1356 2.3439, 2.2468 -5.138 2.4244, 2.2469 -5.1382 2.4305, 2.2487 -5.1407 2.5172, 2.2505 -5.1432 2.6034, 2.2507 -5.1434 2.6116, 2.2436 -5.1457 2.6899, 2.2357 -5.1483 2.7771, 2.2338 -5.1489 2.7977, 2.2208 -5.1509 2.8638, 2.2036 -5.1535 2.9508, 2.2024 -5.1537 2.9571, 2.1781 -5.1563 3.036, 2.1517 -5.159 3.1212, 2.1465 -5.1595 3.1381, 2.1178 -5.1617 3.2037, 2.082 -5.1644 3.2856, 2.0703 -5.1653 3.3125, 2.0402 -5.1672 3.3642, 1.9956 -5.1699 3.4411, 1.9742 -5.1711 3.4779, 1.9468 -5.1725 3.5147, 1.8941 -5.1751 3.5854, 1.8594 -5.1769 3.6319, 1.8394 -5.1777 3.6533, 1.7801 -5.1802 3.7165, 1.731 -5.1822 3.7689, 1.7201 -5.1827 3.7782, 1.654 -5.1852 3.8346, 1.589 -5.1877 3.8899, 1.5872 -5.1877 3.8912, 1.5142 -5.1904 3.9405, 1.4407 -5.193 3.9902, 1.4332 -5.1933 3.9953, 1.3624 -5.1958 4.0323, 1.2833 -5.1985 4.0737, 1.2653 -5.1991 4.0831, 1.201 -5.2012 4.108, 1.1176 -5.2039 4.1402, 1.0883 -5.2049 4.1515, 1.0325 -5.2067 4.1661, 0.9465 -5.2094 4.1886, 0.9032 -5.2107 4.1999, 0.8599 -5.212 4.2061, 0.7727 -5.2146 4.2185, 0.713 -5.2164 4.227, 0.686 -5.2172 4.2277, 0.5994 -5.2197 4.2302, 0.5256 -5.2218 4.2323, 0.5133 -5.2221 4.2313, 0.4267 -5.2247 4.224, 0.3395 -5.2272 4.2168, 0.3394 -5.2272 4.2168, 0.2529 -5.2299 4.1997, 0.1659 -5.2325 4.1825, 0.1549 -5.2329 4.1804, 0.0808 -5.2353 4.1568, -0.0043 -5.238 4.1299, -0.0257 -5.2387 4.1231, -0.0867 -5.2407 4.0958, -0.1683 -5.2434 4.0593, -0.1995 -5.2445 4.0454, -0.2468 -5.2462 4.0174, -0.3233 -5.2489 3.9722, -0.3642 -5.2503 3.948, -0.3969 -5.2515 3.9234, -0.4672 -5.2541 3.8705, -0.5088 -5.2557 3.8392, -0.5345 -5.2567 3.8151, -0.5976 -5.2592 3.7557, -0.6456 -5.261 3.7106, -0.6588 -5.2616 3.6951, -0.7151 -5.2642 3.6289, -0.7665 -5.2665 3.5685, -0.7711 -5.2667 3.5616, -0.8204 -5.2694 3.4884, -0.87 -5.272 3.4149, -0.8716 -5.2721 3.4125, -0.9114 -5.2748 3.3361, -0.9527 -5.2775 3.257, -0.9592 -5.2779 3.2445, -0.9862 -5.2802 3.1743, -1.0183 -5.2829 3.0909, -1.0276 -5.2837 3.0668, -1.0435 -5.2857 3.0056, -1.0658 -5.2883 2.9195, -1.0757 -5.2895 2.8816, -1.0825 -5.291 2.8328, -1.0948 -5.2936 2.7457, -1.1024 -5.2952 2.6914, -1.1032 -5.2962 2.659, -1.1055 -5.2986 2.5725, -1.1073 -5.3007 2.5013, -1.106 -5.3011 2.4864, -1.0985 -5.3037 2.3997, -1.0912 -5.3061 2.3153, -1.0906 -5.3062 2.3124, -1.0733 -5.3089 2.2259, -1.0558 -5.3115 2.1389, -1.0542 -5.3118 2.1308, -1.0295 -5.3143 2.0539, -1.0022 -5.317 1.9689, -0.9963 -5.3176 1.9503, -0.4303 -5.3457 1.2047, -0.4304 -5.3457 1.2048, -0.4977 -5.3432 1.2609, -0.5645 -5.3406 1.3166, -0.5739 -5.3403 1.3244, -0.6252 -5.3381 1.3778, -0.685 -5.3357 1.4403, -0.7035 -5.3349 1.4596, -0.7402 -5.3331 1.5077, -0.7936 -5.3305 1.5776, -0.82 -5.3292 1.6123, -0.8429 -5.3278 1.6508, -0.8884 -5.3252 1.7271, -0.918 -5.3234 1.7767, -0.9309 -5.3224 1.8053, -0.9676 -5.3197 1.8867, -0.357 -5.3484 1.1556, -0.2955 -5.3506 1.1143, -0.2826 -5.351 1.1075, -0.2038 -5.3538 1.0659, -0.128 -5.3564 1.0258, -0.1248 -5.3565 1.0245, -0.0416 -5.3592 0.992, 0.0416 -5.3619 0.9594, 0.0493 -5.3622 0.9564, 0.1274 -5.3646 0.9357, 1.3369 -5.4018 1.0574, 0.2133 -5.3673 0.9129, 0.2342 -5.368 0.9074, 0.3003 -5.37 0.8977, 0.3872 -5.3726 0.885, 0.4243 -5.3737 0.8796, 0.474 -5.3751 0.878, 0.5605 -5.3776 0.8752, 0.6119 -5.3791 0.8736, 0.6466 -5.3801 0.8763, 0.7334 -5.3826 0.8832, 0.7979 -5.3845 0.8884, 0.8204 -5.3852 0.8927, 0.9071 -5.3879 0.9095, 0.9826 -5.3902 0.9241, 0.9939 -5.3905 0.9276, 1.0789 -5.3932 0.9542, 1.1634 -5.3959 0.9807, 1.1641 -5.396 0.981, 1.2458 -5.3987 1.0171, 1.3274 -5.4014 1.0532, 1.4049 -5.4041 1.0972, 1.4815 -5.4068 1.1421, 1.502 -5.4076 1.1541, 1.5537 -5.4095 1.1929, 1.6239 -5.4121 1.2457, 1.6556 -5.4133 1.2695, 1.6902 -5.4146 1.3021, 1.753 -5.4171 1.3615, 1.7919 -5.4186 1.3983, 1.8131 -5.4196 1.4233, 1.8694 -5.4221 1.4897, 1.9125 -5.4241 1.5408, 1.9242 -5.4247 1.5581, 1.9733 -5.4274 1.6315, 2.0173 -5.4297 1.697, 2.0218 -5.43 1.7057, 2.0628 -5.4327 1.7848, 2.1039 -5.4355 1.8641, 2.1045 -5.4355 1.8653, 2.1359 -5.4382 1.9475, 2.1678 -5.4409 2.0309, 2.1725 -5.4413 2.0431, 2.1914 -5.4436 2.1167, 2.2135 -5.4463 2.2027, 2.2201 -5.4471 2.2284, 2.2287 -5.449 2.2896, 2.241 -5.4516 2.3766, 2.2454 -5.4525 2.4077, 2.2471 -5.4541 2.4634, 2.2498 -5.4566 2.5498, 2.2512 -5.4579 2.5952, 2.2479 -5.4591 2.6359, 2.2409 -5.4616 2.7228, 2.2361 -5.4633 2.7813, 2.2306 -5.4642 2.8098, 2.2137 -5.4669 2.8965, 2.2002 -5.469 2.9659, 2.1948 -5.4695 2.9831, 2.168 -5.4722 3.0681, 2.1433 -5.4748 3.1466, 2.1405 -5.475 3.153, 2.1043 -5.4777 3.2347, 2.068 -5.4804 3.3163, 2.0661 -5.4806 3.3206, 2.0234 -5.4831 3.3933, 1.9784 -5.4858 3.4698, 1.9691 -5.4864 3.4856, 1.9269 -5.4885 3.5415, 1.8741 -5.4911 3.6117, 1.8535 -5.4921 3.639, 1.8171 -5.4936 3.6773, 1.7576 -5.4961 3.74, 1.7226 -5.4975 3.7769, 1.6954 -5.4986 3.7997, 1.6287 -5.5011 3.8558, 1.5796 -5.503 3.897, 1.5599 -5.5037 3.9102, 1.4863 -5.5064 3.9591, 1.423 -5.5086 4.0013, 1.4117 -5.509 4.0071, 1.3325 -5.5117 4.0478, 1.2545 -5.5144 4.088, 1.253 -5.5145 4.0885, 1.1695 -5.5172 4.1201, 1.086 -5.5199 4.1517, 1.0763 -5.5203 4.1554, 1.0 -5.5226 4.1747, 0.9139 -5.5253 4.1965, 0.8908 -5.526 4.2023, 0.8269 -5.528 4.211, 0.7399 -5.5306 4.2227, 0.7005 -5.5317 4.228, 0.6532 -5.5331 4.229, 0.5669 -5.5356 4.2308, 0.5133 -5.5371 4.2319, 0.4807 -5.5381 4.2289, 0.3938 -5.5406 4.2211, 0.3271 -5.5426 4.215, 0.3067 -5.5432 4.211, 0.2199 -5.5458 4.1939, 0.1677 -5.5474 4.1836, 0.1337 -5.5485 4.1731, 0.0486 -5.5512 4.1468, -0.0133 -5.5532 4.1277, -0.0358 -5.554 4.1179, -0.1176 -5.5567 4.0821, -0.1877 -5.559 4.0514, -0.1987 -5.5594 4.045, -0.2758 -5.5621 4.0003, -0.3525 -5.5648 3.9557, -0.3531 -5.5648 3.9554, -0.4233 -5.5675 3.903, -0.4937 -5.5701 3.8506, -0.5071 -5.5706 3.8406, -0.5584 -5.5726 3.7925, -0.6214 -5.575 3.7335, -0.6441 -5.5759 3.7122, -0.6799 -5.5776 3.6701, -0.7365 -5.5801 3.6037, -0.7651 -5.5814 3.5702, -0.7896 -5.5827 3.5339, -0.8392 -5.5853 3.4607, -0.8705 -5.587 3.4144, -0.8857 -5.588 3.3852, -0.927 -5.5907 3.3062, -0.9583 -5.5928 3.2465, -0.9662 -5.5935 3.2261, -0.9984 -5.5962 3.1428, -1.0267 -5.5986 3.0695, -1.0294 -5.5989 3.0592, -1.0519 -5.6016 2.973, -1.0744 -5.6043 2.8872, -1.0751 -5.6044 2.8844, -1.0871 -5.6069 2.7998, -1.0995 -5.6095 2.713, -1.1022 -5.6101 2.6942, -1.1041 -5.6121 2.6262, -1.1065 -5.6145 2.54, -1.1075 -5.6155 2.5067, -1.103 -5.617 2.4537, -1.0958 -5.6196 2.3667, -1.092 -5.6209 2.3207, -1.0839 -5.6222 2.2798, -1.0668 -5.6248 2.193, -1.0556 -5.6266 2.1361, -1.0462 -5.6275 2.1068, -1.0193 -5.6302 2.0218, -0.9983 -5.6324 1.9555, -0.9902 -5.633 1.9375, -0.9537 -5.6357 1.8559, -0.9206 -5.6382 1.7817, -0.9165 -5.6384 1.7749, -0.8712 -5.6411 1.6982, -0.8261 -5.6438 1.6219, -0.8232 -5.644 1.617, -0.7735 -5.6464 1.551, -0.7208 -5.649 1.4809, -0.7144 -5.6494 1.4724, -0.6621 -5.6515 1.4168, -0.6031 -5.654 1.3539, -0.5858 -5.6547 1.3356, -0.5391 -5.6565 1.2959, -0.4726 -5.6591 1.2393, -0.4437 -5.6602 1.2147, -0.4023 -5.6617 1.1868, -0.3289 -5.6643 1.1374, -0.2877 -5.6658 1.1096, -0.253 -5.667 1.0915, -0.1739 -5.6697 1.0503, -0.1197 -5.6716 1.022, -0.0935 -5.6725 1.0119, -0.0101 -5.6752 0.9798, 0.058 -5.6774 0.9536, 0.0737 -5.6779 0.9495, 0.1599 -5.6806 0.9271, 0.2432 -5.6832 0.9055, 0.2458 -5.6833 0.9052, 0.3332 -5.6859 0.8929, 0.42 -5.6885 0.8807, 0.4334 -5.6889 0.8788, 0.5068 -5.691 0.8769, 0.593 -5.6935 0.8747, 0.6235 -5.6944 0.8739, 0.6793 -5.696 0.8787, 0.7663 -5.6986 0.8862, 0.8095 -5.6998 0.89, 0.8532 -5.7012 0.8987, 0.94 -5.7038 0.9162, 0.994 -5.7055 0.927, 1.0261 -5.7065 0.9373, 1.111 -5.7092 0.9645, 1.1745 -5.7113 0.9849, 1.1951 -5.712 0.9942, 1.2766 -5.7147 1.0309, 1.3481 -5.7171 1.0632, 1.3573 -5.7174 1.0687, 1.4338 -5.7201 1.1143, 1.51 -5.7228 1.1597, 1.5125 -5.7229 1.1611, 1.5803 -5.7254 1.2129, 1.65 -5.728 1.266, 1.6652 -5.7286 1.2776, 1.7141 -5.7305 1.3245, 1.7763 -5.733 1.3842, 1.8004 -5.734 1.4072, 1.8345 -5.7355 1.4481, 1.8904 -5.7381 1.5153, 1.92 -5.7394 1.5508, 1.9433 -5.7407 1.5854, 1.9926 -5.7433 1.6589, 2.0106 -5.7443 1.6857, 2.037 -5.746 1.7358, 2.0787 -5.7487 1.8146, 2.099 -5.7501 1.8532, 2.1157 -5.7515 1.8957, 2.1482 -5.7542 1.9789, 2.1684 -5.7559 2.0305, 2.1771 -5.7569 2.0632, 2.1999 -5.7596 2.1492, 2.2174 -5.7617 2.2154, 2.2204 -5.7623 2.2354, 2.2331 -5.7649 2.3226, 2.2452 -5.7674 2.4055, 2.2454 -5.7675 2.4093, 2.2481 -5.77 2.4962, 2.2509 -5.7725 2.5823, 2.2512 -5.7728 2.5931, 2.2452 -5.775 2.6687, 2.2383 -5.7775 2.7558, 2.2364 -5.7782 2.7791, 2.2242 -5.7802 2.8425, 2.2074 -5.7828 2.9295, 2.2007 -5.7839 2.9638, 2.1846 -5.7855 3.0152, 2.158 -5.7882 3.1003, 2.1441 -5.7896 3.1446, 2.1268 -5.791 3.1838, 2.0906 -5.7937 3.2656, 2.0674 -5.7955 3.3181, 2.0513 -5.7964 3.3455, 2.0064 -5.7991 3.4223, 1.9707 -5.8013 3.4832, 1.9599 -5.8018 3.4976, 1.9069 -5.8044 3.5681, 1.8553 -5.807 3.6368, 1.8542 -5.807 3.638, 1.7946 -5.8095 3.7011, 1.7354 -5.812 3.7638, 1.7265 -5.8123 3.7731, 1.6702 -5.8145 3.8208, 1.6035 -5.817 3.8773, 1.584 -5.8178 3.8937, 1.5321 -5.8197 3.9285, 1.4585 -5.8223 3.9779, 1.4278 -5.8234 3.9985, 1.3818 -5.825 4.0223, 1.3025 -5.8277 4.0634, 1.2595 -5.8292 4.0857, 1.2214 -5.8305 4.1003, 1.1379 -5.8332 4.1322, 1.0817 -5.835 4.1537, 1.0536 -5.8359 4.1609, 0.9674 -5.8386 4.183, 0.8964 -5.8408 4.2013, 0.8813 -5.8413 4.2034, 0.794 -5.8439 4.2159, 0.7207 -5.8461 4.2263, 0.7073 -5.8465 4.2267, 0.6205 -5.849 4.2296, 0.5344 -5.8515 4.2324, 0.5331 -5.8515 4.2325, 0.4479 -5.854 4.2258, 0.3607 -5.8565 4.2189, 0.347 -5.8569 4.2178, 0.2741 -5.8592 4.2038, 0.1871 -5.8618 4.187, 0.1623 -5.8626 4.1822, 0.1016 -5.8645 4.1633, 0.0164 -5.8672 4.1367, -0.0185 -5.8683 4.1258, -0.0667 -5.87 4.1045, -0.1485 -5.8727 4.0684, -0.1927 -5.8742 4.0489, -0.2279 -5.8754 4.0283, -0.3047 -5.8781 3.9833, -0.3578 -5.88 3.9523, -0.3795 -5.8808 3.936, -0.45 -5.8834 3.8831, -0.5115 -5.8857 3.837, -0.5192 -5.886 3.8297, -0.5822 -5.8885 3.7701, -0.6448 -5.8909 3.7109, -0.6497 -5.8911 3.7063, -0.7013 -5.8935 3.6451, -1.0907 -5.9362 2.3119, -1.0927 -5.9355 2.3337, -1.1004 -5.933 2.4209, -1.1072 -5.9307 2.4979, -1.107 -5.9304 2.5074, -1.105 -5.928 2.5935, -1.103 -5.9255 2.6803, -1.1029 -5.9253 2.6852, -1.0917 -5.9229 2.7669, -1.0798 -5.9203 2.8542, -1.0768 -5.9196 2.8755, -1.0603 -5.9176 2.9405, -1.0382 -5.9149 3.0267, -1.0295 -5.9138 3.0609, -1.0103 -5.9122 3.1112, -0.9785 -5.9095 3.1947, -0.9617 -5.908 3.2389, -0.9424 -5.9067 3.2762, -0.9014 -5.904 3.3555, -0.8747 -5.9022 3.4072, -0.8577 -5.9013 3.4327, -0.8084 -5.8987 3.5064, -0.7701 -5.8966 3.5636, -0.7577 -5.896 3.5783, -0.6476 -3.3645 3.7249, -0.6518 -3.3646 3.7204, -0.7525 -3.3673 3.6095, -0.7683 -3.3678 3.5891, -1.055 -3.3996 1.9756, 2.0282 -3.5096 3.6705, 2.0125 -3.51 3.6911, 1.4338 -3.5231 4.1891, 1.496 -3.5219 4.1537, 1.5039 -3.5217 4.1493, 1.5185 -3.5214 4.1398, 1.5954 -3.5198 4.0899, 1.6002 -3.5197 4.0864, 1.6944 -3.5177 4.0161, 1.6831 -3.5179 4.0254, 1.6783 -3.518 4.0289, 1.7559 -3.5163 3.9654, 1.7528 -3.5164 3.968, 1.8726 -3.5136 3.8538, 1.8364 -3.5145 3.8913, 1.8231 -3.5148 3.9035, 1.9119 -3.5127 3.8131, 1.8895 -3.5132 3.8363, 1.9823 -3.5109 3.731, 1.9526 -3.5117 3.7656, 2.0475 -3.509 3.645, 2.0688 -3.5084 3.6132, 2.1077 -3.5072 3.5552, 2.1215 -3.5067 3.5322, 2.1475 -3.5058 3.4886, 2.1581 -3.5054 3.4688, 2.244 -3.5019 3.2933, 2.213 -3.5033 3.361, 2.1989 -3.5039 3.392, 2.1692 -3.505 3.4478, 2.2599 -3.5012 3.2522, 2.2522 -3.5015 3.272, 2.316 -3.4981 3.0896, 2.2867 -3.4998 3.1811, 2.283 -3.5 3.1924, 2.3403 -3.4964 2.995, 2.3326 -3.4969 3.0248, 2.3162 -3.4981 3.0887, 2.3738 -3.493 2.8062, 2.3595 -3.4947 2.9008, 2.3581 -3.4948 2.9097, 2.3429 -3.4962 2.9849, 2.3744 -3.4929 2.802, 2.3754 -3.4927 2.7905, 2.3826 -3.4914 2.7117, 2.3841 -3.4911 2.6944, 2.3865 -3.4898 2.6178, 2.3875 -3.4892 2.587, 2.3866 -3.4887 2.553, 2.3674 -3.4846 2.3166, 2.3703 -3.485 2.3375, 2.3752 -3.4856 2.3728, 2.3803 -3.4866 2.4312, 2.3846 -3.4875 2.4798, 2.3858 -3.4882 2.5246, 2.3645 -3.4843 2.2959, 2.3545 -3.4833 2.2439, 2.344 -3.4824 2.1892, 2.3342 -3.4817 2.1508, 2.3174 -3.4805 2.0853, 2.3173 -3.4804 2.0847, 2.2458 -3.4766 1.8824, 2.2788 -3.4782 1.9675, 2.2846 -3.4785 1.9824, 2.3089 -3.48 2.0585, 2.204 -3.4748 1.7909, 2.2371 -3.4762 1.8632, 2.2439 -3.4765 1.8781, 2.1667 -3.4733 1.7184, 2.2012 -3.4746 1.7848, 2.1113 -3.4713 1.624, 2.1118 -3.4713 1.6248, 2.1289 -3.4719 1.654, 2.1596 -3.473 1.7062, 2.002 -3.468 1.4697, 2.0519 -3.4694 1.5354, 2.0585 -3.4696 1.5452, 1.9871 -3.4675 1.45, 1.9952 -3.4678 1.4608, 1.8142 -3.4632 1.2649, 1.8378 -3.4637 1.287, 1.8431 -3.4638 1.292, 1.8794 -3.4647 1.3296, 1.9174 -3.4657 1.3689, 1.9422 -3.4663 1.3978, 1.7913 -3.4626 1.2435, 1.7447 -3.4616 1.2041, 1.7089 -3.4608 1.1738, 1.672 -3.46 1.1461, 1.6231 -3.4589 1.1096, 1.6589 -3.4597 1.1363, 1.4346 -3.4549 0.9944, 1.4417 -3.4551 0.9979, 1.4627 -3.4555 1.01, 1.5167 -3.4566 1.041, 1.534 -3.457 1.051, 1.5959 -3.4583 1.0917, 1.3499 -3.4532 0.9523, 1.2795 -3.4518 0.9213, 1.3463 -3.4531 0.9504, 1.1744 -3.4497 0.882, 1.1786 -3.4498 0.8833, 1.252 -3.4512 0.9109, 1.2629 -3.4515 0.9151, 1.0842 -3.448 0.8541, 1.0762 -3.4478 0.8516, 1.0307 -3.447 0.8405, 0.993 -3.4463 0.8312, 0.9726 -3.4459 0.8262, 0.9013 -3.4446 0.8133, 0.8679 -3.444 0.8072, 0.8093 -3.4429 0.8001, 0.8027 -3.4428 0.7993, 0.762 -3.4421 0.7944, 0.7175 -3.4413 0.7912, 0.6972 -3.4409 0.7898, 0.6262 -3.4397 0.7881, 0.5904 -3.4391 0.7872, 0.5718 -3.4388 0.7875, 0.5356 -3.4381 0.7892, 0.4654 -3.4369 0.7925, 0.4448 -3.4366 0.7948, 0.36 -3.435 0.804, 0.3536 -3.4349 0.8051, 0.342 -3.4347 0.807, 0.2626 -3.4333 0.8205, 0.2555 -3.4331 0.8217, 0.1721 -3.4316 0.8411, 0.1545 -3.4313 0.8452, 0.1172 -3.4305 0.8563, -0.0481 -3.4273 0.9121, -0.0056 -3.4281 0.8966, 0.0519 -3.4293 0.8757, 0.0826 -3.4299 0.8666, -0.0987 -3.4263 0.9341, -0.0922 -3.4264 0.9313, -0.2394 -3.4234 1.0022, -0.1768 -3.4247 0.9704, -0.1452 -3.4253 0.9543, -0.3022 -3.422 1.0391, -0.259 -3.423 1.0137, -0.3813 -3.4203 1.0888, -0.3387 -3.4212 1.061, -0.3308 -3.4214 1.0558, -0.4881 -3.4179 1.168, -0.4677 -3.4184 1.1513, -0.4148 -3.4195 1.113, -0.686 -3.4131 1.3516, -0.6584 -3.4138 1.3228, -0.6268 -3.4146 1.2898, -0.6241 -3.4147 1.2873, -0.558 -3.4163 1.2261, -0.5496 -3.4165 1.2183, -0.4898 -3.4178 1.1694, -0.6995 -3.4128 1.3657, -0.745 -3.4115 1.4193, -0.7675 -3.4109 1.4458, -0.8014 -3.4099 1.4901, -0.8062 -3.4098 1.4963, -0.8059 -3.4098 1.4959, -0.9281 -3.4056 1.687, -0.9213 -3.4058 1.6741, -0.902 -3.4065 1.6422, -0.8667 -3.4078 1.5837, -0.8535 -3.4082 1.5647, -1.0132 -3.4019 1.863, -0.9871 -3.4031 1.8049, -0.9702 -3.4039 1.7672, -0.9466 -3.4048 1.7223, -1.0503 -3.3999 1.9613, -1.0241 -3.4013 1.8919, -1.0232 -3.4014 1.8894, -1.0929 -3.3971 2.1069, -1.0811 -3.3979 2.0635, -1.0692 -3.3988 2.0195, -1.1183 -3.3948 2.2253, -1.1032 -3.3962 2.152, -1.097 -3.3968 2.122, -1.1333 -3.3928 2.3306, -1.1332 -3.3929 2.3292, -1.1331 -3.3929 2.3285, -1.1206 -3.3945 2.2412, -1.1436 -3.3888 2.553, -1.1425 -3.3881 2.5951, -1.1424 -3.3881 2.5965, -1.144 -3.3891 2.5384, -1.1434 -3.3896 2.5085, -1.1418 -3.391 2.4336, -1.1406 -3.3912 2.4198, -1.1207 -3.3843 2.8043, -1.1245 -3.3848 2.7763, -1.1249 -3.3849 2.7733, -1.1348 -3.3862 2.7004, -1.136 -3.3865 2.6848, -1.1093 -3.3832 2.8617, -1.1003 -3.3823 2.9066, -1.089 -3.3815 2.9495, -1.0771 -3.3806 2.9948, -1.0737 -3.3804 3.0074, -1.0009 -3.3764 3.2044, -1.0197 -3.3773 3.1618, -1.035 -3.3781 3.1222, -1.041 -3.3784 3.1065, -1.0642 -3.3798 3.0364, -0.929 -3.3732 3.3515, -0.9619 -3.3746 3.2879, -0.9771 -3.3752 3.2584, -1.0003 -3.3763 3.2059, -0.873 -3.3712 3.4447, -0.8754 -3.3712 3.4411, -0.8988 -3.3721 3.402, -0.9194 -3.3729 3.3676, -0.8224 -3.3695 3.5186, -0.7721 -3.3679 3.5842, -0.8166 -3.3693 3.5271, -0.7193 -3.3664 3.6484, -0.7116 -3.3662 3.6566, -0.5229 -3.3614 3.8372, -0.5719 -3.3626 3.7964, -0.589 -3.363 3.7802, -0.6232 -3.3639 3.748, -0.4535 -3.3598 3.8912, -0.4545 -3.3598 3.8904, -0.4923 -3.3607 3.8627, -0.4089 -3.3588 3.9239, -0.381 -3.3582 3.9418, -0.3218 -3.3568 3.9799, -0.3058 -3.3565 3.9891, -0.1818 -3.3538 4.0551, -0.2274 -3.3547 4.0315, -0.2693 -3.3557 4.0099, -0.274 -3.3558 4.0075, 1.5784 -3.3268 3.8648, 2.2112 -3.3268 2.7688, 1.741 -3.3268 1.3838, 0.9998 -3.3268 0.9558, 0.5718 -3.3268 0.8995, 0.7876 -3.3268 0.9136, 1.2046 -3.3268 1.0253, 1.3986 -3.3268 1.121, 1.5784 -3.3268 1.2412, 1.8837 -3.3268 1.5464, 2.0038 -3.3268 1.7262, 2.0995 -3.3268 1.9202, 2.169 -3.3268 2.125, 2.2112 -3.3268 2.3372, 2.2254 -3.3268 2.553, 2.169 -3.3268 2.981, 2.0995 -3.3268 3.1858, 2.0038 -3.3268 3.3798, 1.8837 -3.3268 3.5596, 1.741 -3.3268 3.7222, 1.3986 -3.3268 3.985, 1.2046 -3.3268 4.0807, 0.9998 -3.3268 4.1502, 0.7876 -3.3268 4.1924, 0.5718 -3.3268 4.2065, 0.1438 -3.3268 0.9558, -0.5974 -3.3268 1.3838, -0.8602 -3.3268 1.7262, -1.0254 -3.3268 2.125, -1.0817 -3.3268 2.553, -1.0254 -3.3268 2.981, -0.8602 -3.3268 3.3798, -0.5974 -3.3268 3.7222, 0.356 -3.3268 4.1924, 0.1438 -3.3268 4.1502, -0.061 -3.3268 4.0807, -0.255 -3.3268 3.985, -0.4348 -3.3268 3.8648, -0.74 -3.3268 3.5596, -0.9559 -3.3268 3.1858, -1.0676 -3.3268 2.7688, -1.0676 -3.3268 2.3372, -0.9559 -3.3268 1.9202, -0.74 -3.3268 1.5464, -0.4348 -3.3268 1.2412, -0.255 -3.3268 1.121, -0.061 -3.3268 1.0253, 0.356 -3.3268 0.9136, 1.6727 -3.3268 1.5991, 1.5257 -3.3268 1.4521, 1.3594 -3.3268 1.3276, 1.1769 -3.3268 1.2279, 0.9822 -3.3268 1.1553, 0.7791 -3.3268 1.1111, 0.5718 -3.3268 1.0963, 0.3645 -3.3268 1.1111, 0.1614 -3.3268 1.1553, -0.0333 -3.3268 1.2279, -0.2157 -3.3268 1.3276, -0.3821 -3.3268 1.4521, -0.5291 -3.3268 1.5991, -0.6536 -3.3268 1.7655, -0.7532 -3.3268 1.9479, -0.8259 -3.3268 2.1426, -0.8701 -3.3268 2.3457, -0.8849 -3.3268 2.553, -0.8701 -3.3268 2.7603, -0.8259 -3.3268 2.9634, -0.7532 -3.3268 3.1581, -0.6536 -3.3268 3.3405, -0.5291 -3.3268 3.5069, 1.5257 -3.3268 3.6539, 1.6727 -3.3268 3.5069, 1.7973 -3.3268 3.3405, 1.8969 -3.3268 3.1581, 1.9695 -3.3268 2.9634, 2.0137 -3.3268 2.7603, 2.0285 -3.3268 2.553, 2.0137 -3.3268 2.3457, 1.9695 -3.3268 2.1426, 1.8969 -3.3268 1.9479, 1.7973 -3.3268 1.7655, -0.3821 -3.3268 3.6539, -0.2157 -3.3268 3.7784, -0.0333 -3.3268 3.8781, 0.1614 -3.3268 3.9507, 0.3645 -3.3268 3.9949, 0.5718 -3.3268 4.0097, 0.7791 -3.3268 3.9949, 0.9822 -3.3268 3.9507, 1.1769 -3.3268 3.8781, 1.3594 -3.3268 3.7784, -1.1605 1.6692 2.559, -1.003 1.6692 2.559, -1.1605 1.6285 2.5537, -1.003 1.6285 2.5537, -1.1605 1.5905 2.5379, -1.003 1.5905 2.5379, -1.1605 1.5579 2.5129, -1.003 1.5579 2.5129, -1.1605 1.5329 2.4803, -1.003 1.5329 2.4803, -1.1605 1.5172 2.4423, -1.003 1.5172 2.4423, -1.1605 1.5118 2.4016, -1.003 1.5118 2.4016, -1.003 1.4119 -0.6868, -1.003 1.4134 -0.7087, -1.1605 1.4119 -0.6868, -1.1605 1.4134 -0.7087, -1.003 0.8228 -0.7087, -1.003 0.8244 -0.6868, -1.1605 0.8228 -0.7087, -1.1605 0.8244 -0.6868, -1.1605 0.7244 2.4016, -1.003 0.7244 2.4016, -1.1605 0.719 2.4423, -1.003 0.719 2.4423, -1.1605 0.7033 2.4803, -1.003 0.7033 2.4803, -1.1605 0.6783 2.5129, -1.003 0.6783 2.5129, -1.1605 0.6457 2.5379, -1.003 0.6457 2.5379, -1.1605 0.6077 2.5537, -1.003 0.6077 2.5537, -1.1605 0.567 2.559, -1.003 0.567 2.559, -1.0818 0.9577 0.7646, -1.1605 0.9577 0.7646, -1.1605 0.9498 0.7449, -1.003 0.9577 0.7646, -1.003 0.9498 0.7449, -1.003 0.9375 0.7277, -1.1605 0.9375 0.7277, -1.003 0.9214 0.7138, -1.1605 0.9214 0.7138, -1.003 0.9025 0.7042, -1.1605 0.9025 0.7042, -1.003 0.8818 0.6993, -1.1605 0.8818 0.6993, -1.003 0.8606 0.6996, -1.1605 0.8606 0.6996, -1.003 0.84 0.7048, -1.1605 0.84 0.7048, -1.003 0.8213 0.7148, -1.1605 0.8213 0.7148, -1.003 0.8055 0.7289, -1.1605 0.8055 0.7289, -1.003 0.7935 0.7465, -1.1605 0.7935 0.7465, -1.003 0.786 0.7663, -1.1605 0.786 0.7663, -1.003 0.7835 0.7874, -1.1605 0.7835 0.7874, -1.0818 1.2786 0.7646, -1.003 1.2786 0.7646, -1.003 1.2864 0.7449, -1.1605 1.2786 0.7646, -1.1605 1.2864 0.7449, -1.1605 1.2988 0.7277, -1.003 1.2988 0.7277, -1.1605 1.3148 0.7138, -1.003 1.3148 0.7138, -1.1605 1.3338 0.7042, -1.003 1.3338 0.7042, -1.1605 1.3544 0.6993, -1.003 1.3544 0.6993, -1.1605 1.3756 0.6996, -1.003 1.3756 0.6996, -1.1605 1.3962 0.7048, -1.003 1.3962 0.7048, -1.1605 1.4149 0.7148, -1.003 1.4149 0.7148, -1.1605 1.4307 0.7289, -1.003 1.4307 0.7289, -1.1605 1.4427 0.7465, -1.003 1.4427 0.7465, -1.1605 1.4502 0.7663, -1.003 1.4502 0.7663, -1.1605 1.4528 0.7874, -1.003 1.4528 0.7874, -1.1605 1.6102 3.0315, -1.1605 0.626 3.0315, -1.1605 0.567 3.2281, -1.1605 0.8031 0.1968, -1.1605 0.5276 0.1968, -1.1605 0.3307 0.5905, -1.1605 1.9055 2.0472, -1.1605 1.4507 1.6294, -1.1605 1.4448 1.6437, -1.1605 1.4528 1.6142, -1.1605 1.6693 2.2441, -1.1605 1.9055 2.2441, -1.1605 1.6342 2.248, -1.1605 1.4232 1.6653, -1.1605 1.601 2.2597, -1.1605 1.409 1.6712, -1.1605 1.5711 2.2784, -1.1605 1.6692 3.2281, -1.1605 1.5158 2.3665, -1.1605 0.6457 2.2652, -1.1605 0.6783 2.2902, -1.1605 1.3937 1.6732, -1.1605 0.3307 2.0472, -1.1605 0.7835 1.6142, -1.1605 0.7855 1.6294, -1.1605 1.4355 1.6559, -1.1605 0.8713 0.1575, -1.1605 1.3649 0.1575, -1.1605 1.357 0.1385, -1.1605 0.7033 2.3228, -1.1605 0.719 2.3608, -1.1605 0.813 1.6653, -1.1605 0.8008 1.6559, -1.1605 0.7914 1.6437, -1.1605 1.5274 2.3332, -1.1605 1.5462 2.3034, -1.1605 1.4127 0.1942, -1.1605 1.3937 0.1863, -1.1605 0.8588 0.1738, -1.1605 0.8425 0.1863, -1.1605 0.8235 0.1942, -1.1605 1.9449 2.0079, -1.1605 1.9449 1.9291, -1.1605 1.9055 1.7716, -1.1605 1.9055 1.5354, -1.1605 1.9449 1.4961, -1.1605 0.3307 1.2598, -1.1605 0.2913 1.4173, -1.1605 0.2913 1.4961, -1.1605 0.3307 1.5354, -1.1605 0.3307 1.7716, -1.1605 0.2913 1.9291, -1.1605 0.2913 2.0079, -1.1605 0.8425 1.6732, -1.1605 0.8272 1.6712, -1.1605 0.6077 2.2495, -1.1605 0.5669 2.2441, -1.1605 0.3307 2.2441, -1.1605 1.3774 0.1738, -1.1605 1.7087 0.1968, -1.1605 1.9449 1.4173, -1.1605 1.9055 1.2598, -1.1605 1.9055 0.5905, -1.1605 0.8242 -0.7296, -1.1605 0.8284 -0.7502, -1.1605 1.3543 -0.2756, -1.1605 0.8819 -0.2756, -1.1605 1.3543 0.1181, -1.1605 0.8819 0.1181, -1.1605 0.8792 0.1385, -1.1605 1.412 -0.7296, -1.1605 1.4078 -0.7502, -1.1605 0.9282 -1.115, -1.1605 1.3091 -1.1106, -1.1605 0.9351 -1.1354, -1.1605 1.3028 -1.1312, -1.1605 1.2811 -1.1733, -1.1605 1.4331 0.1968, -1.1605 1.0733 -1.2547, -1.1605 1.0288 -1.2384, -1.1605 0.9895 -1.212, -1.1605 1.2501 -1.2091, -1.1605 1.2114 -1.2363, -1.1605 1.1673 -1.2536, -1.1605 1.1204 -1.2598, -1.1605 0.9577 -1.177, -1.003 0.626 3.0315, -1.003 0.567 3.2281, -1.003 1.6692 3.2281, -1.003 1.6102 3.0315, -1.003 0.8425 1.6732, -1.003 1.9055 1.7716, -1.003 1.9449 1.9291, -1.003 1.4232 1.6653, -1.003 1.9055 1.5354, -1.003 1.409 1.6712, -1.003 1.3937 1.6732, -1.003 1.9055 2.0472, -1.003 0.719 2.3608, -1.003 0.7033 2.3228, -1.003 0.8272 1.6712, -1.003 0.6783 2.2902, -1.003 0.6457 2.2652, -1.003 0.8588 0.1738, -1.003 0.8713 0.1575, -1.003 0.8792 0.1385, -1.003 1.357 0.1385, -1.003 1.3649 0.1575, -1.003 1.3774 0.1738, -1.003 1.9449 2.0079, -1.003 1.1204 -1.2598, -1.003 1.3543 -0.2756, -1.003 1.3543 0.1181, -1.003 1.4355 1.6559, -1.003 1.9449 1.4173, -1.003 1.9449 1.4961, -1.003 0.8235 0.1942, -1.003 0.8425 0.1863, -1.003 0.3307 2.2441, -1.003 0.3307 2.0472, -1.003 0.5669 2.2441, -1.003 0.6077 2.2495, -1.003 0.3307 1.7716, -1.003 0.3307 1.5354, -1.003 0.2913 1.4961, -1.003 1.5462 2.3034, -1.003 1.5274 2.3332, -1.003 1.5158 2.3665, -1.003 1.9055 2.2441, -1.003 1.6693 2.2441, -1.003 1.6342 2.248, -1.003 1.601 2.2597, -1.003 1.5711 2.2784, -1.003 0.7835 1.6142, -1.003 0.7855 1.6294, -1.003 0.2913 1.9291, -1.003 0.7914 1.6437, -1.003 0.2913 2.0079, -1.003 0.8008 1.6559, -1.003 0.813 1.6653, -1.003 0.8819 0.1181, -1.003 0.8819 -0.2756, -1.003 0.8284 -0.7502, -1.003 0.9895 -1.212, -1.003 1.0288 -1.2384, -1.003 1.0733 -1.2547, -1.003 1.2501 -1.2091, -1.003 1.2811 -1.1733, -1.003 1.2114 -1.2363, -1.003 1.3028 -1.1312, -1.003 1.1673 -1.2536, -1.003 1.3091 -1.1106, -1.003 1.4078 -0.7502, -1.003 1.412 -0.7296, -1.003 0.5276 0.1968, -1.003 0.2913 1.4173, -1.003 0.3307 1.2598, -1.003 0.3307 0.5905, -1.003 0.8242 -0.7296, -1.003 0.9282 -1.115, -1.003 0.9351 -1.1354, -1.003 0.9577 -1.177, -1.003 1.4448 1.6437, -1.003 1.4507 1.6294, -1.003 1.9055 1.2598, -1.003 1.4528 1.6142, -1.003 1.9055 0.5905, -1.003 0.8031 0.1968, -1.003 1.7087 0.1968, -1.003 1.3937 0.1863, -1.003 1.4127 0.1942, -1.003 1.4331 0.1968, -1.0818 0.567 3.2281, -1.0818 1.6692 3.2281, -1.2392 1.9054 3.2283, -1.2392 1.748 3.2283, -1.1867 1.8995 3.2283, -1.2189 1.7453 3.2283, -1.1367 1.882 3.2283, -1.1999 1.7374 3.2283, -1.092 1.8539 3.2283, -1.1836 1.7249 3.2283, -1.0546 1.8165 3.2283, -1.171 1.7086 3.2283, -1.1632 1.6896 3.2283, -1.0089 1.7218 3.2283, -1.0264 1.7717 3.2283, -1.1605 1.6693 3.2283, -1.0818 1.6693 3.2283, -1.003 1.6694 3.2283, -1.08 1.6693 2.559, -1.1605 1.6693 2.559, -1.1632 1.6896 2.559, -1.2392 1.748 2.559, -1.2392 1.9054 2.559, -1.2189 1.7453 2.559, -1.1867 1.8995 2.559, -1.1999 1.7374 2.559, -1.1367 1.882 2.559, -1.1836 1.7249 2.559, -1.003 1.6694 2.559, -1.0089 1.7218 2.559, -1.0264 1.7717 2.559, -1.171 1.7086 2.559, -1.0546 1.8165 2.559, -1.092 1.8539 2.559, -1.1605 1.6692 3.2282, -1.5147 1.748 2.559, -1.5147 1.9054 2.559, -1.5351 1.9054 3.2257, -1.5147 1.9054 3.2283, -1.5935 1.9054 3.1496, -1.5935 1.9054 2.6378, -1.5915 1.9054 2.6203, -1.5323 1.9054 2.561, -1.5489 1.9054 2.5668, -1.5638 1.9054 2.5762, -1.5857 1.9054 2.6036, -1.5763 1.9054 2.5887, -1.5908 1.9054 3.17, -1.5829 1.9054 3.189, -1.5704 1.9054 3.2053, -1.5541 1.9054 3.2178, -1.5323 1.748 2.561, -1.5915 1.748 2.6203, -1.5147 1.748 3.2283, -1.5935 1.748 3.1496, -1.5935 1.748 2.6378, -1.5763 1.748 2.5887, -1.5638 1.748 2.5762, -1.5489 1.748 2.5668, -1.5541 1.748 3.2178, -1.5704 1.748 3.2053, -1.5829 1.748 3.189, -1.5857 1.748 2.6036, -1.5351 1.748 3.2257, -1.5908 1.748 3.17, -1.1632 0.5466 3.2283, -1.1605 0.567 3.2283, -1.2392 0.4883 2.559, -1.2392 0.4883 3.2283, -1.2189 0.4909 2.559, -1.2189 0.4909 3.2283, -1.1999 0.4988 2.559, -1.1999 0.4988 3.2283, -1.1836 0.5113 2.559, -1.1836 0.5113 3.2283, -1.171 0.5276 2.559, -1.171 0.5276 3.2283, -1.1632 0.5466 2.559, -1.1605 0.5669 2.559, -1.003 0.5669 2.559, -1.003 0.5669 3.2283, -1.0111 0.5059 2.559, -1.0111 0.5059 3.2283, -1.0347 0.4489 3.2283, -1.0347 0.4489 2.559, -1.0722 0.4 3.2283, -1.0722 0.4 2.559, -1.1211 0.3624 3.2283, -1.1211 0.3624 2.559, -1.1781 0.3388 3.2283, -1.1781 0.3388 2.559, -1.2392 0.3308 3.2283, -1.2392 0.3308 2.559, -1.0818 0.5669 3.2283, -1.08 0.5669 2.559, -1.5935 0.4883 3.1496, -1.5935 0.3308 3.1496, -1.5915 0.3308 3.1671, -1.5915 0.4883 3.1671, -1.5857 0.3308 3.1838, -1.5857 0.4883 3.1838, -1.5763 0.3308 3.1987, -1.5763 0.4883 3.1987, -1.5638 0.3308 3.2112, -1.5638 0.4883 3.2112, -1.5489 0.3308 3.2205, -1.5489 0.4883 3.2205, -1.5323 0.3308 3.2264, -1.5323 0.4883 3.2264, -1.5147 0.3308 3.2283, -1.5147 0.4883 3.2283, -1.5935 0.4883 2.6378, -1.5935 0.3308 2.6378, -1.5147 0.4883 2.559, -1.5147 0.3308 2.559, -1.5323 0.3308 2.561, -1.5323 0.4883 2.561, -1.5489 0.3308 2.5668, -1.5489 0.4883 2.5668, -1.5638 0.3308 2.5762, -1.5638 0.4883 2.5762, -1.5763 0.3308 2.5887, -1.5763 0.4883 2.5887, -1.5857 0.3308 2.6036, -1.5857 0.4883 2.6036, -1.5915 0.3308 2.6203, -1.5915 0.4883 2.6203, -1.0066 1.2756 0.8054, -1.1617 1.2756 0.7782, -1.0171 1.2756 0.8449, -1.1652 1.2756 0.7914, -1.1617 0.9606 0.7782, -1.0066 0.9606 0.8054, -1.1652 0.9606 0.7914, -1.0171 0.9606 0.8449, -1.0823 0.9599 0.7782, -1.1607 0.9588 0.7681, -1.0819 0.959 0.7714, -1.0039 0.9599 0.785, -1.1608 0.96 0.7719, -1.1608 0.9598 0.7714, -1.0039 0.9599 0.7849, -1.0819 1.2773 0.7714, -1.0039 1.2763 0.7849, -1.0823 1.2763 0.7782, -1.0039 1.2763 0.785, -1.1606 1.2774 0.7681, -1.1608 1.2764 0.7713, -1.1608 1.2763 0.7714, -1.3983 1.2756 1.4365, -1.3983 0.9606 1.4365, -1.2502 1.2756 1.49, -1.2502 0.9606 1.49, -1.1605 -0.8505 2.559, -1.003 -0.8505 2.559, -1.1605 -0.8912 2.5537, -1.003 -0.8912 2.5537, -1.1605 -0.9292 2.5379, -1.003 -0.9292 2.5379, -1.1605 -0.9618 2.5129, -1.003 -0.9618 2.5129, -1.1605 -0.9868 2.4803, -1.003 -0.9868 2.4803, -1.1605 -1.0025 2.4423, -1.003 -1.0025 2.4423, -1.1605 -1.0079 2.4016, -1.003 -1.0079 2.4016, -1.003 -1.1078 -0.6868, -1.003 -1.1063 -0.7087, -1.1605 -1.1078 -0.6868, -1.1605 -1.1063 -0.7087, -1.003 -1.6969 -0.7087, -1.003 -1.6953 -0.6868, -1.1605 -1.6969 -0.7087, -1.1605 -1.6953 -0.6868, -1.1605 -1.7953 2.4016, -1.003 -1.7953 2.4016, -1.1605 -1.8006 2.4423, -1.003 -1.8006 2.4423, -1.1605 -1.8164 2.4803, -1.003 -1.8164 2.4803, -1.1605 -1.8414 2.5129, -1.003 -1.8414 2.5129, -1.1605 -1.874 2.5379, -1.003 -1.874 2.5379, -1.1605 -1.9119 2.5537, -1.003 -1.9119 2.5537, -1.1605 -1.9527 2.559, -1.003 -1.9527 2.559, -1.0818 -1.562 0.7646, -1.1605 -1.562 0.7646, -1.1605 -1.5699 0.7449, -1.003 -1.562 0.7646, -1.003 -1.5699 0.7449, -1.003 -1.5822 0.7277, -1.1605 -1.5822 0.7277, -1.003 -1.5983 0.7138, -1.1605 -1.5983 0.7138, -1.003 -1.6172 0.7042, -1.1605 -1.6172 0.7042, -1.003 -1.6379 0.6993, -1.1605 -1.6379 0.6993, -1.003 -1.6591 0.6996, -1.1605 -1.6591 0.6996, -1.003 -1.6797 0.7048, -1.1605 -1.6797 0.7048, -1.003 -1.6984 0.7148, -1.1605 -1.6984 0.7148, -1.003 -1.7142 0.7289, -1.1605 -1.7142 0.7289, -1.003 -1.7262 0.7465, -1.1605 -1.7262 0.7465, -1.003 -1.7337 0.7663, -1.1605 -1.7337 0.7663, -1.003 -1.7362 0.7874, -1.1605 -1.7362 0.7874, -1.0818 -1.2411 0.7646, -1.003 -1.2411 0.7646, -1.003 -1.2333 0.7449, -1.1605 -1.2411 0.7646, -1.1605 -1.2333 0.7449, -1.1605 -1.2209 0.7277, -1.003 -1.2209 0.7277, -1.1605 -1.2048 0.7138, -1.003 -1.2048 0.7138, -1.1605 -1.1859 0.7042, -1.003 -1.1859 0.7042, -1.1605 -1.1653 0.6993, -1.003 -1.1653 0.6993, -1.1605 -1.144 0.6996, -1.003 -1.144 0.6996, -1.1605 -1.1235 0.7048, -1.003 -1.1235 0.7048, -1.1605 -1.1048 0.7148, -1.003 -1.1048 0.7148, -1.1605 -1.0889 0.7289, -1.003 -1.0889 0.7289, -1.1605 -1.077 0.7465, -1.003 -1.077 0.7465, -1.1605 -1.0695 0.7663, -1.003 -1.0695 0.7663, -1.1605 -1.0669 0.7874, -1.003 -1.0669 0.7874, -1.1605 -1.9527 3.2281, -1.1605 -1.8937 3.0315, -1.1605 -0.6142 2.0472, -1.1605 -1.0669 1.6142, -1.1605 -1.0689 1.6294, -1.1605 -1.0748 1.6437, -1.1605 -1.0842 1.6559, -1.1605 -1.0965 1.6653, -1.1605 -1.8164 2.3228, -1.1605 -1.8006 2.3608, -1.1605 -1.126 1.6732, -1.1605 -0.9094 3.0315, -1.1605 -2.2283 2.0079, -1.1605 -2.189 2.0472, -1.1605 -2.2283 1.9291, -1.1605 -2.189 1.7716, -1.1605 -2.189 2.2441, -1.1605 -1.9528 2.2441, -1.1605 -1.1107 1.6712, -1.1605 -0.9187 2.2597, -1.1605 -0.8505 3.2281, -1.1605 -1.7067 1.6653, -1.1605 -1.7189 1.6559, -1.1605 -1.7283 1.6437, -1.1605 -1.7342 1.6294, -1.1605 -2.189 1.5354, -1.1605 -1.7362 1.6142, -1.1605 -0.6142 2.2441, -1.1605 -0.8504 2.2441, -1.1605 -0.8854 2.248, -1.1605 -1.6483 0.1575, -1.1605 -1.6609 0.1738, -1.1605 -1.1627 0.1385, -1.1605 -1.6772 0.1863, -1.1605 -1.9921 0.1968, -1.1605 -2.189 0.5905, -1.1605 -1.7165 0.1968, -1.1605 -1.6962 0.1942, -1.1605 -1.912 2.2495, -1.1605 -1.6924 1.6712, -1.1605 -1.874 2.2652, -1.1605 -1.6772 1.6732, -1.1605 -1.8414 2.2902, -1.1605 -1.0039 2.3665, -1.1605 -0.9923 2.3332, -1.1605 -0.9735 2.3034, -1.1605 -0.9486 2.2784, -1.1605 -0.5748 2.0079, -1.1605 -0.5748 1.9291, -1.1605 -0.6142 1.7716, -1.1605 -0.6142 1.5354, -1.1605 -0.5748 1.4961, -1.1605 -2.2283 1.4961, -1.1605 -2.2283 1.4173, -1.1605 -2.189 1.2598, -1.1605 -0.811 0.1968, -1.1605 -1.126 0.1863, -1.1605 -1.1548 0.1575, -1.1605 -1.1423 0.1738, -1.1605 -0.5748 1.4173, -1.1605 -0.6142 1.2598, -1.1605 -0.6142 0.5905, -1.1605 -1.107 0.1942, -1.1605 -1.0866 0.1968, -1.1605 -1.6954 -0.7296, -1.1605 -1.6913 -0.7502, -1.1605 -1.1654 -0.2756, -1.1605 -1.6378 -0.2756, -1.1605 -1.1654 0.1181, -1.1605 -1.6378 0.1181, -1.1605 -1.6405 0.1385, -1.1605 -1.1077 -0.7296, -1.1605 -1.1119 -0.7502, -1.1605 -1.5914 -1.115, -1.1605 -1.2106 -1.1106, -1.1605 -1.5846 -1.1354, -1.1605 -1.2169 -1.1312, -1.1605 -1.2385 -1.1733, -1.1605 -1.4464 -1.2547, -1.1605 -1.4909 -1.2384, -1.1605 -1.5302 -1.212, -1.1605 -1.2696 -1.2091, -1.1605 -1.3083 -1.2363, -1.1605 -1.3524 -1.2536, -1.1605 -1.3993 -1.2598, -1.1605 -1.562 -1.177, -1.003 -1.8937 3.0315, -1.003 -1.9527 3.2281, -1.003 -0.9094 3.0315, -1.003 -0.8505 3.2281, -1.003 -1.6772 1.6732, -1.003 -0.6142 1.7716, -1.003 -0.5748 1.9291, -1.003 -1.8414 2.2902, -1.003 -1.874 2.2652, -1.003 -1.6924 1.6712, -1.003 -0.6142 1.5354, -1.003 -1.0842 1.6559, -1.003 -1.0748 1.6437, -1.003 -1.126 1.6732, -1.003 -1.1107 1.6712, -1.003 -1.0965 1.6653, -1.003 -1.3993 -1.2598, -1.003 -1.1654 -0.2756, -1.003 -1.1654 0.1181, -1.003 -1.1423 0.1738, -1.003 -1.1548 0.1575, -1.003 -1.1627 0.1385, -1.003 -0.5748 2.0079, -1.003 -0.6142 2.0472, -1.003 -1.6609 0.1738, -1.003 -1.6483 0.1575, -1.003 -1.6405 0.1385, -1.003 -2.189 2.2441, -1.003 -2.189 2.0472, -1.003 -1.9528 2.2441, -1.003 -1.912 2.2495, -1.003 -2.189 1.7716, -1.003 -2.189 1.5354, -1.003 -2.2283 1.4961, -1.003 -0.6142 2.2441, -1.003 -0.8504 2.2441, -1.003 -0.8854 2.248, -1.003 -0.9187 2.2597, -1.003 -0.9486 2.2784, -1.003 -0.9735 2.3034, -1.003 -1.8006 2.3608, -1.003 -1.9921 0.1968, -1.003 -1.2696 -1.2091, -1.003 -1.2385 -1.1733, -1.003 -1.3083 -1.2363, -1.003 -1.2169 -1.1312, -1.003 -1.3524 -1.2536, -1.003 -1.2106 -1.1106, -1.003 -1.1119 -0.7502, -1.003 -1.1077 -0.7296, -1.003 -0.9923 2.3332, -1.003 -1.0039 2.3665, -1.003 -1.8164 2.3228, -1.003 -1.7362 1.6142, -1.003 -1.7342 1.6294, -1.003 -2.2283 1.9291, -1.003 -1.7283 1.6437, -1.003 -2.2283 2.0079, -1.003 -1.7189 1.6559, -1.003 -1.7067 1.6653, -1.003 -1.6962 0.1942, -1.003 -2.2283 1.4173, -1.003 -2.189 1.2598, -1.003 -2.189 0.5905, -1.003 -0.5748 1.4173, -1.003 -0.5748 1.4961, -1.003 -1.6772 0.1863, -1.003 -1.6378 0.1181, -1.003 -1.6378 -0.2756, -1.003 -1.6913 -0.7502, -1.003 -1.5302 -1.212, -1.003 -1.4909 -1.2384, -1.003 -1.4464 -1.2547, -1.003 -0.6142 1.2598, -1.003 -1.0669 1.6142, -1.003 -0.6142 0.5905, -1.003 -1.0689 1.6294, -1.003 -1.7165 0.1968, -1.003 -1.6954 -0.7296, -1.003 -1.5914 -1.115, -1.003 -1.5846 -1.1354, -1.003 -1.562 -1.177, -1.003 -0.811 0.1968, -1.003 -1.126 0.1863, -1.003 -1.107 0.1942, -1.003 -1.0866 0.1968, -1.0818 -1.9527 3.2281, -1.0818 -0.8505 3.2281, -1.2392 -0.6142 3.2283, -1.2392 -0.7717 3.2283, -1.1867 -0.6202 3.2283, -1.2189 -0.7744 3.2283, -1.1367 -0.6376 3.2283, -1.1999 -0.7823 3.2283, -1.092 -0.6658 3.2283, -1.1836 -0.7948 3.2283, -1.0546 -0.7032 3.2283, -1.171 -0.8111 3.2283, -1.1632 -0.8301 3.2283, -1.0089 -0.7979 3.2283, -1.0264 -0.748 3.2283, -1.1605 -0.8504 3.2283, -1.0818 -0.8504 3.2283, -1.003 -0.8503 3.2283, -1.2392 -0.7717 2.559, -1.2392 -0.6142 2.559, -1.2189 -0.7744 2.559, -1.1867 -0.6202 2.559, -1.1999 -0.7823 2.559, -1.1367 -0.6376 2.559, -1.1836 -0.7948 2.559, -1.08 -0.8504 2.559, -1.1605 -0.8504 2.559, -1.1632 -0.8301 2.559, -1.003 -0.8503 2.559, -1.0089 -0.7979 2.559, -1.0264 -0.748 2.559, -1.171 -0.8111 2.559, -1.0546 -0.7032 2.559, -1.092 -0.6658 2.559, -1.1605 -0.8504 3.2282, -1.5147 -0.7717 2.559, -1.5147 -0.6142 2.559, -1.5351 -0.6142 3.2257, -1.5147 -0.6142 3.2283, -1.5935 -0.6142 3.1496, -1.5935 -0.6142 2.6378, -1.5915 -0.6142 2.6203, -1.5323 -0.6142 2.561, -1.5489 -0.6142 2.5668, -1.5908 -0.6142 3.17, -1.5829 -0.6142 3.189, -1.5638 -0.6142 2.5762, -1.5763 -0.6142 2.5887, -1.5857 -0.6142 2.6036, -1.5704 -0.6142 3.2053, -1.5541 -0.6142 3.2178, -1.5147 -0.7717 3.2283, -1.5935 -0.7717 3.1496, -1.5351 -0.7717 3.2257, -1.5541 -0.7717 3.2178, -1.5935 -0.7717 2.6378, -1.5915 -0.7717 2.6203, -1.5857 -0.7717 2.6036, -1.5489 -0.7717 2.5668, -1.5323 -0.7717 2.561, -1.5638 -0.7717 2.5762, -1.5763 -0.7717 2.5887, -1.5704 -0.7717 3.2053, -1.5829 -0.7717 3.189, -1.5908 -0.7717 3.17, -1.1632 -1.9731 3.2283, -1.1605 -1.9527 3.2283, -1.2392 -2.0314 2.559, -1.2392 -2.0314 3.2283, -1.2189 -2.0287 2.559, -1.2189 -2.0287 3.2283, -1.1999 -2.0209 2.559, -1.1999 -2.0209 3.2283, -1.1836 -2.0084 2.559, -1.1836 -2.0084 3.2283, -1.171 -1.992 2.559, -1.171 -1.992 3.2283, -1.1632 -1.9731 2.559, -1.1605 -1.9528 2.559, -1.003 -1.9528 2.559, -1.003 -1.9528 3.2283, -1.0111 -2.0138 2.559, -1.0111 -2.0138 3.2283, -1.0347 -2.0708 3.2283, -1.0347 -2.0708 2.559, -1.0722 -2.1197 3.2283, -1.0722 -2.1197 2.559, -1.1211 -2.1573 3.2283, -1.1211 -2.1573 2.559, -1.1781 -2.1809 3.2283, -1.1781 -2.1809 2.559, -1.2392 -2.1889 3.2283, -1.2392 -2.1889 2.559, -1.0818 -1.9528 3.2283, -1.08 -1.9528 2.559, -1.5935 -2.0314 3.1496, -1.5935 -2.1889 3.1496, -1.5915 -2.1889 3.1671, -1.5915 -2.0314 3.1671, -1.5857 -2.1889 3.1838, -1.5857 -2.0314 3.1838, -1.5763 -2.1889 3.1987, -1.5763 -2.0314 3.1987, -1.5638 -2.1889 3.2112, -1.5638 -2.0314 3.2112, -1.5489 -2.1889 3.2205, -1.5489 -2.0314 3.2205, -1.5323 -2.1889 3.2264, -1.5323 -2.0314 3.2264, -1.5147 -2.1889 3.2283, -1.5147 -2.0314 3.2283, -1.5935 -2.0314 2.6378, -1.5935 -2.1889 2.6378, -1.5147 -2.0314 2.559, -1.5147 -2.1889 2.559, -1.5323 -2.1889 2.561, -1.5323 -2.0314 2.561, -1.5489 -2.1889 2.5668, -1.5489 -2.0314 2.5668, -1.5638 -2.1889 2.5762, -1.5638 -2.0314 2.5762, -1.5763 -2.1889 2.5887, -1.5763 -2.0314 2.5887, -1.5857 -2.1889 2.6036, -1.5857 -2.0314 2.6036, -1.5915 -2.1889 2.6203, -1.5915 -2.0314 2.6203, -1.0066 -1.2441 0.8054, -1.1617 -1.2441 0.7782, -1.0171 -1.2441 0.8449, -1.1652 -1.2441 0.7914, -1.1617 -1.5591 0.7782, -1.0066 -1.5591 0.8054, -1.1652 -1.5591 0.7914, -1.0171 -1.5591 0.8449, -1.0823 -1.5598 0.7782, -1.1607 -1.5609 0.7681, -1.0819 -1.5607 0.7714, -1.0039 -1.5598 0.785, -1.1608 -1.5597 0.7719, -1.1608 -1.5598 0.7714, -1.0039 -1.5598 0.7849, -1.0819 -1.2424 0.7714, -1.0039 -1.2433 0.7849, -1.0823 -1.2433 0.7782, -1.0039 -1.2434 0.785, -1.1606 -1.2423 0.7681, -1.1608 -1.2433 0.7713, -1.1608 -1.2433 0.7714, -1.3983 -1.2441 1.4365, -1.3983 -1.5591 1.4365, -1.2502 -1.2441 1.49, -1.2502 -1.5591 1.49, 3.249 1.1181 -1.2523, 3.4065 1.1181 -1.2523, 3.4065 1.0835 -1.2492, 3.249 1.0835 -1.2492, 3.4065 1.0378 -1.2351, 3.249 1.0378 -1.2351, 3.4065 0.9969 -1.2105, 3.249 0.9969 -1.2105, 3.4065 0.9631 -1.1768, 3.249 0.9631 -1.1768, 3.4065 0.9385 -1.1359, 3.249 0.9385 -1.1359, 3.4065 0.9272 -1.103, 3.249 0.9272 -1.103, 3.4065 0.7835 3.2753, 3.249 0.7835 3.2753, 3.4065 0.7865 3.2982, 3.249 0.7865 3.2982, 3.4065 0.7953 3.3196, 3.249 0.7953 3.3196, 3.4065 0.8094 3.3379, 3.249 0.8094 3.3379, 3.4065 0.8278 3.352, 3.249 0.8278 3.352, 3.4065 0.8491 3.3609, 3.249 0.8491 3.3609, 3.4065 0.872 3.3639, 3.249 0.872 3.3639, 3.3277 1.2786 3.2981, 3.249 1.2786 3.2981, 3.249 1.2855 3.3161, 3.4065 1.2786 3.2981, 3.4065 1.2855 3.3161, 3.4065 1.2962 3.3321, 3.249 1.2962 3.3321, 3.4065 1.3102 3.3455, 3.249 1.3102 3.3455, 3.4065 1.3267 3.3556, 3.249 1.3267 3.3556, 3.4065 1.345 3.3618, 3.249 1.345 3.3618, 3.4065 1.3642 3.3639, 3.249 1.3642 3.3639, 3.4065 0.872 0.7064, 3.249 0.872 0.7064, 3.4065 0.8491 0.7094, 3.249 0.8491 0.7094, 3.4065 0.8278 0.7183, 3.249 0.8278 0.7183, 3.4065 0.8094 0.7323, 3.249 0.8094 0.7323, 3.4065 0.7953 0.7507, 3.249 0.7953 0.7507, 3.4065 0.7865 0.7721, 3.249 0.7865 0.7721, 3.4065 0.7835 0.795, 3.249 0.7835 0.795, 3.3277 1.2786 0.7722, 3.4065 1.2786 0.7722, 3.4065 1.2855 0.7542, 3.249 1.2786 0.7722, 3.249 1.2855 0.7542, 3.249 1.2962 0.7381, 3.4065 1.2962 0.7381, 3.249 1.3102 0.7248, 3.4065 1.3102 0.7248, 3.249 1.3267 0.7147, 3.4065 1.3267 0.7147, 3.249 1.345 0.7085, 3.4065 1.345 0.7085, 3.249 1.3642 0.7064, 3.4065 1.3642 0.7064, 3.4065 1.3871 0.7094, 3.4065 1.3649 0.1651, 3.4065 1.357 0.1461, 3.4065 1.4507 2.4332, 3.4065 1.4448 2.419, 3.4065 1.9055 1.543, 3.4065 1.9055 0.5981, 3.4065 1.3774 0.1814, 3.4065 1.3937 0.1939, 3.4065 1.4127 0.2018, 3.4065 1.4331 0.2044, 3.4065 1.7087 0.2044, 3.4065 1.9449 1.9367, 3.4065 1.9449 2.0155, 3.4065 1.9055 2.0548, 3.4065 1.4497 3.2982, 3.4065 1.9055 1.7792, 3.4065 1.409 1.6788, 3.4065 1.4232 1.6729, 3.4065 1.3937 2.3895, 3.4065 0.8425 0.1939, 3.4065 0.5276 0.2044, 3.4065 0.3307 0.5981, 3.4065 1.9449 1.5036, 3.4065 1.9449 1.4249, 3.4065 1.9055 1.2674, 3.4065 1.4528 3.2753, 3.4065 1.4528 2.4485, 3.4065 1.4409 0.7507, 3.4065 1.4268 0.7323, 3.4065 1.4085 0.7183, 3.4065 1.3937 1.6808, 3.4065 0.2913 1.5036, 3.4065 0.2913 1.4249, 3.4065 0.3307 1.2674, 3.4065 1.4355 1.6635, 3.4065 1.4448 1.6513, 3.4065 1.409 2.3915, 3.4065 0.7914 2.419, 3.4065 0.3307 2.0548, 3.4065 0.8008 2.4068, 3.4065 0.813 2.3974, 3.4065 0.3307 1.543, 3.4065 0.3307 1.7792, 3.4065 1.4497 0.7721, 3.4065 0.8425 2.3895, 3.4065 0.8272 2.3915, 3.4065 0.3307 4.3385, 3.4065 1.9055 4.3385, 3.4065 1.3871 3.3609, 3.4065 1.4085 3.352, 3.4065 1.4268 3.3379, 3.4065 1.4409 3.3196, 3.4065 0.2913 1.9367, 3.4065 0.2913 2.0155, 3.4065 0.7835 1.6218, 3.4065 0.7849 1.6349, 3.4065 0.8588 0.1814, 3.4065 0.8713 0.1651, 3.4065 0.8792 0.1461, 3.4065 0.8819 0.1257, 3.4065 1.4355 2.4068, 3.4065 1.4232 2.3974, 3.4065 0.7855 2.4332, 3.4065 0.7835 2.4485, 3.4065 0.9507 0.7542, 3.4065 0.94 0.7381, 3.4065 0.8235 0.2018, 3.4065 0.926 0.7248, 3.4065 0.9095 0.7147, 3.4065 1.4507 1.637, 3.4065 1.4528 1.6218, 3.4065 1.4528 0.795, 3.4065 0.7893 1.6474, 3.4065 0.7963 1.6586, 3.4065 0.8057 1.6679, 3.4065 0.9577 0.7722, 3.4065 0.8913 0.7085, 3.4065 0.8031 0.2044, 3.4065 1.4078 -0.7427, 3.4065 1.4131 -0.7112, 3.4065 0.8244 -0.6793, 3.4065 1.4119 -0.6793, 3.4065 0.8819 -0.268, 3.4065 1.3543 -0.268, 3.4065 1.3543 0.1257, 3.4065 0.8232 -0.7112, 3.4065 0.8284 -0.7427, 3.4065 1.308 -1.1074, 3.4065 0.926 3.3455, 3.4065 0.94 3.3321, 3.4065 0.9095 3.3556, 3.4065 0.8169 1.675, 3.4065 0.8294 1.6793, 3.4065 0.8425 1.6808, 3.4065 1.2882 -1.1546, 3.4065 1.1689 -1.2456, 3.4065 1.2569 -1.195, 3.4065 1.2162 -1.2261, 3.4065 0.8913 3.3618, 3.4065 0.9507 3.3161, 3.4065 0.9577 3.2981, 3.249 1.4409 3.3196, 3.249 1.4268 3.3379, 3.249 1.9055 4.3385, 3.249 1.4497 3.2982, 3.249 1.4355 2.4068, 3.249 1.4448 2.419, 3.249 1.3937 1.6808, 3.249 1.9055 2.0548, 3.249 1.409 1.6788, 3.249 1.4085 3.352, 3.249 1.3871 3.3609, 3.249 0.2913 1.5036, 3.249 0.3307 1.543, 3.249 0.2913 1.4249, 3.249 0.3307 1.2674, 3.249 0.8792 0.1461, 3.249 0.8713 0.1651, 3.249 1.357 0.1461, 3.249 1.3649 0.1651, 3.249 1.4528 0.795, 3.249 1.4528 1.6218, 3.249 1.9055 1.7792, 3.249 1.4507 1.637, 3.249 1.9449 1.9367, 3.249 1.4448 1.6513, 3.249 1.9449 2.0155, 3.249 1.4355 1.6635, 3.249 1.4232 1.6729, 3.249 0.3307 0.5981, 3.249 1.9449 1.4249, 3.249 1.9055 1.2674, 3.249 1.4409 0.7507, 3.249 0.2913 2.0155, 3.249 0.3307 2.0548, 3.249 0.2913 1.9367, 3.249 0.3307 1.7792, 3.249 0.8425 1.6808, 3.249 0.8294 1.6793, 3.249 0.8169 1.675, 3.249 0.8057 1.6679, 3.249 0.7963 1.6586, 3.249 0.94 3.3321, 3.249 0.926 3.3455, 3.249 1.9055 0.5981, 3.249 1.7087 0.2044, 3.249 1.4268 0.7323, 3.249 0.8588 0.1814, 3.249 0.8425 0.1939, 3.249 0.8235 0.2018, 3.249 0.5276 0.2044, 3.249 0.8031 0.2044, 3.249 0.7893 1.6474, 3.249 0.7849 1.6349, 3.249 0.7835 1.6218, 3.249 0.3307 4.3385, 3.249 0.7835 2.4485, 3.249 1.4507 2.4332, 3.249 1.4528 2.4485, 3.249 1.4528 3.2753, 3.249 0.9095 3.3556, 3.249 0.8913 3.3618, 3.249 1.4497 0.7721, 3.249 1.9055 1.543, 3.249 1.9449 1.5036, 3.249 0.7855 2.4332, 3.249 0.7914 2.419, 3.249 0.8008 2.4068, 3.249 1.3937 2.3895, 3.249 1.409 2.3915, 3.249 1.4232 2.3974, 3.249 0.9577 3.2981, 3.249 0.9507 3.3161, 3.249 1.3774 0.1814, 3.249 0.8913 0.7085, 3.249 0.9095 0.7147, 3.249 0.926 0.7248, 3.249 1.3937 0.1939, 3.249 0.94 0.7381, 3.249 1.308 -1.1074, 3.249 1.4078 -0.7427, 3.249 0.8284 -0.7427, 3.249 0.8232 -0.7112, 3.249 0.8244 -0.6793, 3.249 1.4131 -0.7112, 3.249 0.8819 0.1257, 3.249 1.3543 0.1257, 3.249 0.8819 -0.268, 3.249 1.3543 -0.268, 3.249 1.4119 -0.6793, 3.249 0.9507 0.7542, 3.249 0.9577 0.7722, 3.249 1.4127 0.2018, 3.249 0.813 2.3974, 3.249 0.8272 2.3915, 3.249 0.8425 2.3895, 3.249 1.4331 0.2044, 3.249 1.3871 0.7094, 3.249 1.4085 0.7183, 3.249 1.2882 -1.1546, 3.249 1.1689 -1.2456, 3.249 1.2569 -1.195, 3.249 1.2162 -1.2261, 3.3277 0.9577 0.7722, 3.3277 0.9577 3.2981, 3.3864 1.9055 4.4913, 3.3864 0.3307 4.4913, 3.3274 1.9055 4.6338, 3.3274 0.3307 4.6338, 3.2335 1.9055 4.7561, 3.2335 0.3307 4.7561, 3.1112 1.9055 4.8499, 3.1112 0.3307 4.8499, 2.9688 1.9055 4.9089, 2.9688 0.3307 4.9089, 2.8159 1.9055 4.929, 2.8159 0.3307 4.929, 3.2342 0.3307 4.4506, 3.191 0.3307 4.555, 3.1222 0.3307 4.6447, 3.0325 0.3307 4.7135, 2.928 0.3307 4.7568, 2.8159 0.3307 4.7715, 2.706 0.3307 4.7574, 2.6661 0.3307 4.9097, 2.6033 0.3307 4.7158, 2.526 0.3307 4.853, 2.5145 0.3307 4.6495, 2.405 0.3307 4.7626, 2.4455 0.3307 4.5628, 2.3108 0.3307 4.6444, 2.4007 0.3307 4.4615, 2.2497 0.3307 4.5062, 2.4007 1.9055 4.4615, 2.2497 1.9055 4.5062, 2.4455 1.9055 4.5628, 2.3108 1.9055 4.6444, 2.5145 1.9055 4.6495, 2.405 1.9055 4.7626, 2.6033 1.9055 4.7158, 2.526 1.9055 4.853, 2.706 1.9055 4.7574, 2.6661 1.9055 4.9097, 2.8159 1.9055 4.7715, 2.928 1.9055 4.7568, 3.0325 1.9055 4.7135, 3.1222 1.9055 4.6447, 3.191 1.9055 4.555, 3.2342 1.9055 4.4506, 2.3648 0.3307 4.3402, 2.3648 1.9055 4.3402, 2.2138 1.9055 4.3849, 2.2138 0.3307 4.3849, 2.1783 1.9055 4.3018, 2.3152 1.9055 4.2238, 2.1249 1.9055 4.229, 2.2404 1.9055 4.1219, 2.0563 1.9055 4.1702, 2.1443 1.9055 4.0396, 1.9761 1.9055 4.1287, 2.032 1.9055 3.9815, 1.9761 0.3307 4.1287, 2.0563 0.3307 4.1702, 2.1249 0.3307 4.229, 2.1783 0.3307 4.3018, 2.032 0.3307 3.9815, 2.1443 0.3307 4.0396, 2.2404 0.3307 4.1219, 2.3152 0.3307 4.2238, 0.437 1.9055 3.3756, 0.437 1.6693 3.3756, -0.3445 1.6693 3.0787, -0.3445 0.3307 3.0787, 0.3811 1.9055 3.5228, -0.4004 0.3307 3.2259, -0.4004 1.6693 3.2259, 0.3811 1.6693 3.5228, -0.4256 0.3307 3.2209, -0.4202 0.3307 3.0635, -0.4128 0.3307 3.2224, -0.3817 0.3307 3.068, -0.4128 1.6693 3.2224, -0.3817 1.6693 3.068, -0.4256 1.6693 3.2209, -0.4202 1.6693 3.0635, -0.8008 0.3307 3.0502, -0.8008 0.7244 3.0502, -0.8008 1.6693 3.0502, -0.8008 1.5118 3.0502, -1.7844 1.5118 3.016, -1.7844 0.7244 3.016, -0.8062 1.6693 3.2076, -0.8062 0.3307 3.2076, -0.8062 0.7244 3.2076, -0.8062 1.5118 3.2076, -1.7899 1.5118 3.1734, -1.7899 0.7244 3.1734, 3.4112 0.9606 3.2713, 3.4077 0.9606 3.2845, 3.2631 0.9606 3.2178, 3.2525 0.9606 3.2573, 3.2631 1.2756 3.2178, 3.2525 1.2756 3.2573, 3.4112 1.2756 3.2713, 3.4077 1.2756 3.2845, 3.3283 1.2763 3.2845, 3.4066 1.2774 3.2946, 3.4067 1.2765 3.2919, 3.4068 1.2764 3.2913, 3.3279 1.2773 3.2913, 3.2499 1.2763 3.2776, 3.2499 1.2763 3.2778, 3.2499 0.9599 3.2776, 3.4068 0.96 3.2908, 3.3283 0.9599 3.2844, 3.2499 0.9599 3.2777, 3.3279 0.959 3.2913, 3.4068 0.9599 3.2912, 3.4066 0.9588 3.2946, 3.6443 1.2756 2.6262, 3.6443 0.9606 2.6262, 3.4962 1.2756 2.5727, 3.4962 0.9606 2.5727, 3.4112 1.2756 0.799, 3.4077 1.2756 0.7858, 3.2631 1.2756 0.8525, 3.2525 1.2756 0.813, 3.2631 0.9606 0.8525, 3.2525 0.9606 0.813, 3.4112 0.9606 0.799, 3.4077 0.9606 0.7858, 3.3283 0.9599 0.7858, 3.4066 0.9588 0.7756, 3.4067 0.9598 0.7784, 3.4068 0.9598 0.779, 3.3279 0.959 0.779, 3.2499 0.9599 0.7926, 3.2499 0.9599 0.7925, 3.2499 1.2763 0.7926, 3.4068 1.2762 0.7795, 3.3283 1.2763 0.7858, 3.2499 1.2763 0.7925, 3.3279 1.2773 0.779, 3.4068 1.2764 0.779, 3.4066 1.2775 0.7757, 3.6443 0.9606 1.4441, 3.6443 1.2756 1.4441, 3.4962 0.9606 1.4976, 3.4962 1.2756 1.4976, 3.249 -1.4016 -1.2523, 3.4065 -1.4016 -1.2523, 3.4065 -1.4362 -1.2492, 3.249 -1.4362 -1.2492, 3.4065 -1.4819 -1.2351, 3.249 -1.4819 -1.2351, 3.4065 -1.5228 -1.2105, 3.249 -1.5228 -1.2105, 3.4065 -1.5566 -1.1768, 3.249 -1.5566 -1.1768, 3.4065 -1.5812 -1.1359, 3.249 -1.5812 -1.1359, 3.4065 -1.5925 -1.103, 3.249 -1.5925 -1.103, 3.4065 -1.7362 3.2753, 3.249 -1.7362 3.2753, 3.4065 -1.7332 3.2982, 3.249 -1.7332 3.2982, 3.4065 -1.7244 3.3196, 3.249 -1.7244 3.3196, 3.4065 -1.7103 3.3379, 3.249 -1.7103 3.3379, 3.4065 -1.6919 3.352, 3.249 -1.6919 3.352, 3.4065 -1.6706 3.3609, 3.249 -1.6706 3.3609, 3.4065 -1.6476 3.3639, 3.249 -1.6476 3.3639, 3.3277 -1.2411 3.2981, 3.249 -1.2411 3.2981, 3.249 -1.2342 3.3161, 3.4065 -1.2411 3.2981, 3.4065 -1.2342 3.3161, 3.4065 -1.2234 3.3321, 3.249 -1.2234 3.3321, 3.4065 -1.2095 3.3455, 3.249 -1.2095 3.3455, 3.4065 -1.193 3.3556, 3.249 -1.193 3.3556, 3.4065 -1.1747 3.3618, 3.249 -1.1747 3.3618, 3.4065 -1.1555 3.3639, 3.249 -1.1555 3.3639, 3.4065 -1.6476 0.7064, 3.249 -1.6476 0.7064, 3.4065 -1.6706 0.7094, 3.249 -1.6706 0.7094, 3.4065 -1.6919 0.7183, 3.249 -1.6919 0.7183, 3.4065 -1.7103 0.7323, 3.249 -1.7103 0.7323, 3.4065 -1.7244 0.7507, 3.249 -1.7244 0.7507, 3.4065 -1.7332 0.7721, 3.249 -1.7332 0.7721, 3.4065 -1.7362 0.795, 3.249 -1.7362 0.795, 3.3277 -1.2411 0.7722, 3.4065 -1.2411 0.7722, 3.4065 -1.2342 0.7542, 3.249 -1.2411 0.7722, 3.249 -1.2342 0.7542, 3.249 -1.2234 0.7381, 3.4065 -1.2234 0.7381, 3.249 -1.2095 0.7248, 3.4065 -1.2095 0.7248, 3.249 -1.193 0.7147, 3.4065 -1.193 0.7147, 3.249 -1.1747 0.7085, 3.4065 -1.1747 0.7085, 3.249 -1.1555 0.7064, 3.4065 -1.1555 0.7064, 3.4065 -0.6142 0.5981, 3.4065 -1.1423 0.1814, 3.4065 -1.126 0.1939, 3.4065 -1.107 0.2018, 3.4065 -1.0866 0.2044, 3.4065 -0.811 0.2044, 3.4065 -1.0689 2.4332, 3.4065 -1.0748 2.419, 3.4065 -0.6142 1.543, 3.4065 -1.0842 2.4068, 3.4065 -1.0965 2.3974, 3.4065 -0.5748 1.9367, 3.4065 -0.5748 2.0155, 3.4065 -0.6142 2.0548, 3.4065 -1.1112 0.7183, 3.4065 -1.1548 0.1651, 3.4065 -1.0929 0.7323, 3.4065 -1.0788 0.7507, 3.4065 -1.0699 3.2982, 3.4065 -0.6142 1.7792, 3.4065 -1.1107 1.6788, 3.4065 -1.0965 1.6729, 3.4065 -1.126 2.3895, 3.4065 -1.9921 0.2044, 3.4065 -1.7165 0.2044, 3.4065 -2.189 0.5981, 3.4065 -0.5748 1.5036, 3.4065 -0.5748 1.4249, 3.4065 -0.6142 1.2674, 3.4065 -1.0669 3.2753, 3.4065 -1.0669 2.4485, 3.4065 -1.0669 0.795, 3.4065 -1.0699 0.7721, 3.4065 -1.7067 2.3974, 3.4065 -1.7189 2.4068, 3.4065 -2.189 2.0548, 3.4065 -1.7283 2.419, 3.4065 -1.126 1.6808, 3.4065 -1.6962 0.2018, 3.4065 -1.1627 0.1461, 3.4065 -1.6772 0.1939, 3.4065 -1.6609 0.1814, 3.4065 -2.2283 1.5036, 3.4065 -2.2283 1.4249, 3.4065 -2.189 1.2674, 3.4065 -1.0842 1.6635, 3.4065 -1.0748 1.6513, 3.4065 -1.1107 2.3915, 3.4065 -1.0689 1.637, 3.4065 -2.189 4.3385, 3.4065 -2.189 1.543, 3.4065 -2.189 1.7792, 3.4065 -1.5797 0.7381, 3.4065 -1.5936 0.7248, 3.4065 -1.0669 1.6218, 3.4065 -1.6772 2.3895, 3.4065 -1.6924 2.3915, 3.4065 -0.6142 4.3385, 3.4065 -1.1326 3.3609, 3.4065 -1.1112 3.352, 3.4065 -1.0929 3.3379, 3.4065 -2.2283 1.9367, 3.4065 -2.2283 2.0155, 3.4065 -1.7362 1.6218, 3.4065 -1.7347 1.6349, 3.4065 -1.6483 0.1651, 3.4065 -1.6405 0.1461, 3.4065 -1.6378 0.1257, 3.4065 -1.6101 0.7147, 3.4065 -1.6284 0.7085, 3.4065 -1.7342 2.4332, 3.4065 -1.7362 2.4485, 3.4065 -1.0788 3.3196, 3.4065 -1.1326 0.7094, 3.4065 -1.562 0.7722, 3.4065 -1.569 0.7542, 3.4065 -1.7304 1.6474, 3.4065 -1.7233 1.6586, 3.4065 -1.714 1.6679, 3.4065 -1.1119 -0.7427, 3.4065 -1.1066 -0.7112, 3.4065 -1.6953 -0.6793, 3.4065 -1.1078 -0.6793, 3.4065 -1.6378 -0.268, 3.4065 -1.1654 -0.268, 3.4065 -1.1654 0.1257, 3.4065 -1.6965 -0.7112, 3.4065 -1.6913 -0.7427, 3.4065 -1.2117 -1.1074, 3.4065 -1.3035 -1.2261, 3.4065 -1.2628 -1.195, 3.4065 -1.2315 -1.1546, 3.4065 -1.6284 3.3618, 3.4065 -1.7028 1.675, 3.4065 -1.6903 1.6793, 3.4065 -1.6772 1.6808, 3.4065 -1.6101 3.3556, 3.4065 -1.5936 3.3455, 3.4065 -1.5797 3.3321, 3.4065 -1.3508 -1.2456, 3.4065 -1.569 3.3161, 3.4065 -1.562 3.2981, 3.249 -1.1107 1.6788, 3.249 -1.126 1.6808, 3.249 -0.6142 2.0548, 3.249 -1.1112 3.352, 3.249 -1.1326 3.3609, 3.249 -0.6142 4.3385, 3.249 -1.0699 3.2982, 3.249 -1.0788 3.3196, 3.249 -1.0929 3.3379, 3.249 -2.2283 1.5036, 3.249 -2.189 1.543, 3.249 -2.2283 1.4249, 3.249 -2.189 1.2674, 3.249 -2.189 0.5981, 3.249 -1.1326 0.7094, 3.249 -1.1112 0.7183, 3.249 -0.811 0.2044, 3.249 -1.0669 0.795, 3.249 -1.0669 1.6218, 3.249 -0.6142 1.7792, 3.249 -1.0689 1.637, 3.249 -0.5748 1.9367, 3.249 -1.0748 1.6513, 3.249 -0.5748 2.0155, 3.249 -1.0842 1.6635, 3.249 -1.0965 1.6729, 3.249 -1.0866 0.2044, 3.249 -1.107 0.2018, 3.249 -1.6483 0.1651, 3.249 -1.6609 0.1814, 3.249 -1.1627 0.1461, 3.249 -2.2283 2.0155, 3.249 -2.189 2.0548, 3.249 -2.2283 1.9367, 3.249 -2.189 1.7792, 3.249 -1.6772 1.6808, 3.249 -1.6903 1.6793, 3.249 -2.189 4.3385, 3.249 -1.1107 2.3915, 3.249 -1.0965 2.3974, 3.249 -1.6284 3.3618, 3.249 -0.5748 1.4249, 3.249 -0.6142 1.2674, 3.249 -1.0788 0.7507, 3.249 -1.6405 0.1461, 3.249 -1.7028 1.675, 3.249 -1.714 1.6679, 3.249 -1.7233 1.6586, 3.249 -1.7304 1.6474, 3.249 -1.7347 1.6349, 3.249 -1.7362 1.6218, 3.249 -1.7362 2.4485, 3.249 -1.7342 2.4332, 3.249 -1.7283 2.419, 3.249 -1.7189 2.4068, 3.249 -1.126 2.3895, 3.249 -1.0842 2.4068, 3.249 -1.0748 2.419, 3.249 -1.5797 3.3321, 3.249 -1.5936 3.3455, 3.249 -1.6101 3.3556, 3.249 -0.6142 0.5981, 3.249 -1.0929 0.7323, 3.249 -1.1548 0.1651, 3.249 -1.1423 0.1814, 3.249 -1.126 0.1939, 3.249 -1.0689 2.4332, 3.249 -1.0669 2.4485, 3.249 -1.0669 3.2753, 3.249 -1.0699 0.7721, 3.249 -0.6142 1.543, 3.249 -0.5748 1.5036, 3.249 -1.6772 0.1939, 3.249 -1.6962 0.2018, 3.249 -1.7165 0.2044, 3.249 -1.9921 0.2044, 3.249 -1.7067 2.3974, 3.249 -1.6924 2.3915, 3.249 -1.6772 2.3895, 3.249 -1.562 3.2981, 3.249 -1.569 3.3161, 3.249 -1.562 0.7722, 3.249 -1.569 0.7542, 3.249 -1.5797 0.7381, 3.249 -1.5936 0.7248, 3.249 -1.2117 -1.1074, 3.249 -1.1119 -0.7427, 3.249 -1.6913 -0.7427, 3.249 -1.6965 -0.7112, 3.249 -1.6953 -0.6793, 3.249 -1.1066 -0.7112, 3.249 -1.6378 0.1257, 3.249 -1.1654 0.1257, 3.249 -1.6378 -0.268, 3.249 -1.1654 -0.268, 3.249 -1.1078 -0.6793, 3.249 -1.6284 0.7085, 3.249 -1.6101 0.7147, 3.249 -1.2315 -1.1546, 3.249 -1.2628 -1.195, 3.249 -1.3035 -1.2261, 3.249 -1.3508 -1.2456, 3.3277 -1.562 0.7722, 3.3277 -1.562 3.2981, 3.3864 -0.6142 4.4913, 3.3864 -2.189 4.4913, 3.3274 -0.6142 4.6338, 3.3274 -2.189 4.6338, 3.2335 -0.6142 4.7561, 3.2335 -2.189 4.7561, 3.1112 -0.6142 4.8499, 3.1112 -2.189 4.8499, 2.9688 -0.6142 4.9089, 2.9688 -2.189 4.9089, 2.8159 -0.6142 4.929, 2.8159 -2.189 4.929, 3.2342 -2.189 4.4506, 3.191 -2.189 4.555, 3.1222 -2.189 4.6447, 3.0325 -2.189 4.7135, 2.928 -2.189 4.7568, 2.8159 -2.189 4.7715, 2.706 -2.189 4.7574, 2.6661 -2.189 4.9097, 2.6033 -2.189 4.7158, 2.526 -2.189 4.853, 2.5145 -2.189 4.6495, 2.405 -2.189 4.7626, 2.4455 -2.189 4.5628, 2.3108 -2.189 4.6444, 2.4007 -2.189 4.4615, 2.2497 -2.189 4.5062, 2.4007 -0.6142 4.4615, 2.2497 -0.6142 4.5062, 2.4455 -0.6142 4.5628, 2.3108 -0.6142 4.6444, 2.5145 -0.6142 4.6495, 2.405 -0.6142 4.7626, 2.6033 -0.6142 4.7158, 2.526 -0.6142 4.853, 2.706 -0.6142 4.7574, 2.6661 -0.6142 4.9097, 2.8159 -0.6142 4.7715, 2.928 -0.6142 4.7568, 3.0325 -0.6142 4.7135, 3.1222 -0.6142 4.6447, 3.191 -0.6142 4.555, 3.2342 -0.6142 4.4506, 2.3648 -2.189 4.3402, 2.3648 -0.6142 4.3402, 2.2138 -0.6142 4.3849, 2.2138 -2.189 4.3849, 2.1783 -0.6142 4.3018, 2.3152 -0.6142 4.2238, 2.1249 -0.6142 4.229, 2.2404 -0.6142 4.1219, 2.0563 -0.6142 4.1702, 2.1443 -0.6142 4.0396, 1.9761 -0.6142 4.1287, 2.032 -0.6142 3.9815, 1.9761 -2.189 4.1287, 2.0563 -2.189 4.1702, 2.1249 -2.189 4.229, 2.1783 -2.189 4.3018, 2.032 -2.189 3.9815, 2.1443 -2.189 4.0396, 2.2404 -2.189 4.1219, 2.3152 -2.189 4.2238, 0.437 -0.6142 3.3756, 0.437 -0.8504 3.3756, -0.3445 -0.8504 3.0787, -0.3445 -2.189 3.0787, 0.3811 -0.6142 3.5228, -0.4004 -2.189 3.2259, -0.4004 -0.8504 3.2259, 0.3811 -0.8504 3.5228, -0.4256 -2.189 3.2209, -0.4202 -2.189 3.0635, -0.4128 -2.189 3.2224, -0.3817 -2.189 3.068, -0.4128 -0.8504 3.2224, -0.3817 -0.8504 3.068, -0.4256 -0.8504 3.2209, -0.4202 -0.8504 3.0635, -0.8008 -2.189 3.0502, -0.8008 -1.7953 3.0502, -0.8008 -0.8504 3.0502, -0.8008 -1.0079 3.0502, -1.7844 -1.0079 3.016, -1.7844 -1.7953 3.016, -0.8062 -0.8504 3.2076, -0.8062 -2.189 3.2076, -0.8062 -1.7953 3.2076, -0.8062 -1.0079 3.2076, -1.7899 -1.0079 3.1734, -1.7899 -1.7953 3.1734, 3.4112 -1.5591 3.2713, 3.4077 -1.5591 3.2845, 3.2631 -1.5591 3.2178, 3.2525 -1.5591 3.2573, 3.2631 -1.2441 3.2178, 3.2525 -1.2441 3.2573, 3.4112 -1.2441 3.2713, 3.4077 -1.2441 3.2845, 3.3283 -1.2433 3.2845, 3.4066 -1.2423 3.2946, 3.4067 -1.2432 3.2919, 3.4068 -1.2433 3.2913, 3.3279 -1.2424 3.2913, 3.2499 -1.2434 3.2776, 3.2499 -1.2433 3.2778, 3.2499 -1.5598 3.2776, 3.4068 -1.5597 3.2908, 3.3283 -1.5598 3.2844, 3.2499 -1.5598 3.2777, 3.3279 -1.5607 3.2913, 3.4068 -1.5598 3.2912, 3.4066 -1.5609 3.2946, 3.6443 -1.2441 2.6262, 3.6443 -1.5591 2.6262, 3.4962 -1.2441 2.5727, 3.4962 -1.5591 2.5727, 3.4112 -1.2441 0.799, 3.4077 -1.2441 0.7858, 3.2631 -1.2441 0.8525, 3.2525 -1.2441 0.813, 3.2631 -1.5591 0.8525, 3.2525 -1.5591 0.813, 3.4112 -1.5591 0.799, 3.4077 -1.5591 0.7858, 3.3283 -1.5598 0.7858, 3.4066 -1.5609 0.7756, 3.4067 -1.5599 0.7784, 3.4068 -1.5599 0.779, 3.3279 -1.5607 0.779, 3.2499 -1.5598 0.7926, 3.2499 -1.5598 0.7925, 3.2499 -1.2434 0.7926, 3.4068 -1.2434 0.7795, 3.3283 -1.2433 0.7858, 3.2499 -1.2433 0.7925, 3.3279 -1.2424 0.779, 3.4068 -1.2433 0.779, 3.4066 -1.2422 0.7757, 3.6443 -1.5591 1.4441, 3.6443 -1.2441 1.4441, 3.4962 -1.5591 1.4976, 3.4962 -1.2441 1.4976, 3.249 3.6378 -1.2523, 3.4065 3.6378 -1.2523, 3.4065 3.6032 -1.2492, 3.249 3.6032 -1.2492, 3.4065 3.5575 -1.2351, 3.249 3.5575 -1.2351, 3.4065 3.5166 -1.2105, 3.249 3.5166 -1.2105, 3.4065 3.4828 -1.1768, 3.249 3.4828 -1.1768, 3.4065 3.4581 -1.1359, 3.249 3.4581 -1.1359, 3.4065 3.4468 -1.103, 3.249 3.4468 -1.103, 3.4065 3.3032 3.2753, 3.249 3.3032 3.2753, 3.4065 3.3062 3.2982, 3.249 3.3062 3.2982, 3.4065 3.315 3.3196, 3.249 3.315 3.3196, 3.4065 3.3291 3.3379, 3.249 3.3291 3.3379, 3.4065 3.3474 3.352, 3.249 3.3474 3.352, 3.4065 3.3688 3.3609, 3.249 3.3688 3.3609, 3.4065 3.3917 3.3639, 3.249 3.3917 3.3639, 3.3277 3.7982 3.2981, 3.249 3.7982 3.2981, 3.249 3.8052 3.3161, 3.4065 3.7982 3.2981, 3.4065 3.8052 3.3161, 3.4065 3.8159 3.3321, 3.249 3.8159 3.3321, 3.4065 3.8299 3.3455, 3.249 3.8299 3.3455, 3.4065 3.8464 3.3556, 3.249 3.8464 3.3556, 3.4065 3.8647 3.3618, 3.249 3.8647 3.3618, 3.4065 3.8839 3.3639, 3.249 3.8839 3.3639, 3.4065 3.3917 0.7064, 3.249 3.3917 0.7064, 3.4065 3.3688 0.7094, 3.249 3.3688 0.7094, 3.4065 3.3474 0.7183, 3.249 3.3474 0.7183, 3.4065 3.3291 0.7323, 3.249 3.3291 0.7323, 3.4065 3.315 0.7507, 3.249 3.315 0.7507, 3.4065 3.3062 0.7721, 3.249 3.3062 0.7721, 3.4065 3.3032 0.795, 3.249 3.3032 0.795, 3.3277 3.7982 0.7722, 3.4065 3.7982 0.7722, 3.4065 3.8052 0.7542, 3.249 3.7982 0.7722, 3.249 3.8052 0.7542, 3.249 3.8159 0.7381, 3.4065 3.8159 0.7381, 3.249 3.8299 0.7248, 3.4065 3.8299 0.7248, 3.249 3.8464 0.7147, 3.4065 3.8464 0.7147, 3.249 3.8647 0.7085, 3.4065 3.8647 0.7085, 3.249 3.8839 0.7064, 3.4065 3.8839 0.7064, 3.4065 3.8767 0.1461, 3.4065 3.8846 0.1651, 3.4065 4.4252 1.543, 3.4065 3.8971 0.1814, 3.4065 3.9134 0.1939, 3.4065 3.9324 0.2018, 3.4065 4.4252 0.5981, 3.4065 3.9528 0.2044, 3.4065 4.2283 0.2044, 3.4065 3.9531 0.7398, 3.4065 3.9391 0.7257, 3.4065 4.4646 1.9367, 3.4065 4.4646 2.0155, 3.4065 4.4252 2.0548, 3.4065 2.811 1.4249, 3.4065 2.8504 1.2674, 3.4065 3.9704 2.4332, 3.4065 3.9645 2.419, 3.4065 3.9704 1.637, 3.4065 3.9724 1.6218, 3.4065 3.9694 3.2982, 3.4065 4.4252 1.7792, 3.4065 2.8504 0.5981, 3.4065 3.0472 0.2044, 3.4065 4.4252 1.2674, 3.4065 4.4646 1.4249, 3.4065 4.4646 1.5036, 3.4065 3.9724 3.2753, 3.4065 3.9724 2.4485, 3.4065 3.9551 2.4068, 3.4065 3.9429 2.3974, 3.4065 3.9287 2.3915, 3.4065 3.9645 1.6513, 3.4065 3.9134 2.3895, 3.4065 3.9551 1.6635, 3.4065 3.9724 0.795, 3.4065 3.9702 0.7753, 3.4065 3.9637 0.7566, 3.4065 3.9223 0.7152, 3.4065 3.9036 0.7086, 3.4065 3.3327 2.3974, 3.4065 3.3204 2.4068, 3.4065 2.8504 2.0548, 3.4065 3.3111 2.419, 3.4065 2.8504 4.3385, 3.4065 2.8504 1.7792, 3.4065 2.8504 1.543, 3.4065 2.811 1.5036, 3.4065 3.3622 2.3895, 3.4065 3.3469 2.3915, 3.4065 3.3032 1.6218, 3.4065 3.3052 1.637, 3.4065 2.811 1.9367, 3.4065 3.3111 1.6513, 3.4065 2.811 2.0155, 3.4065 3.3204 1.6635, 3.4065 3.391 0.1651, 3.4065 3.3989 0.1461, 3.4065 3.4016 0.1257, 3.4065 3.9134 1.6808, 3.4065 3.9287 1.6788, 3.4065 3.9429 1.6729, 3.4065 3.8078 -1.1546, 3.4065 3.8277 -1.1074, 3.4065 3.9465 3.3379, 3.4065 4.4252 4.3385, 3.4065 3.9281 3.352, 3.4065 3.9068 3.3609, 3.4065 3.9606 3.3196, 3.4065 3.4704 0.7542, 3.4065 3.4597 0.7381, 3.4065 3.3432 0.2018, 3.4065 3.4457 0.7248, 3.4065 3.4292 0.7147, 3.4065 3.3785 0.1814, 3.4065 3.3622 0.1939, 3.4065 3.9275 -0.7427, 3.4065 3.9327 -0.7112, 3.4065 3.344 -0.6793, 3.4065 3.9316 -0.6793, 3.4065 3.4016 -0.268, 3.4065 3.874 -0.268, 3.4065 3.874 0.1257, 3.4065 3.3428 -0.7112, 3.4065 3.3481 -0.7427, 3.4065 3.3052 2.4332, 3.4065 3.3032 2.4485, 3.4065 3.3327 1.6729, 3.4065 3.3469 1.6788, 3.4065 3.3622 1.6808, 3.4065 3.4773 0.7722, 3.4065 3.4109 0.7085, 3.4065 3.3228 0.2044, 3.4065 3.6885 -1.2456, 3.4065 3.7359 -1.2261, 3.4065 3.7765 -1.195, 3.4065 3.4457 3.3455, 3.4065 3.4292 3.3556, 3.4065 3.4109 3.3618, 3.4065 3.4773 3.2981, 3.4065 3.4704 3.3161, 3.4065 3.4597 3.3321, 3.249 3.4109 3.3618, 3.249 2.8504 4.3385, 3.249 3.9287 1.6788, 3.249 3.9134 1.6808, 3.249 4.4252 2.0548, 3.249 3.9645 2.419, 3.249 3.3032 1.6218, 3.249 2.8504 1.543, 3.249 3.9724 1.6218, 3.249 3.9704 1.637, 3.249 4.4252 1.7792, 3.249 3.9694 3.2982, 3.249 3.9606 3.3196, 3.249 4.4252 4.3385, 3.249 3.9465 3.3379, 3.249 3.9281 3.352, 3.249 3.8971 0.1814, 3.249 3.3785 0.1814, 3.249 3.9134 0.1939, 3.249 3.9036 0.7086, 3.249 3.9324 0.2018, 3.249 3.8846 0.1651, 3.249 3.8767 0.1461, 3.249 3.391 0.1651, 3.249 3.3989 0.1461, 3.249 2.8504 0.5981, 3.249 3.0472 0.2044, 3.249 3.3204 2.4068, 3.249 2.8504 2.0548, 3.249 3.3111 2.419, 3.249 3.3052 2.4332, 3.249 4.4646 1.9367, 3.249 3.9645 1.6513, 3.249 4.4646 2.0155, 3.249 3.9551 1.6635, 3.249 3.9429 1.6729, 3.249 3.9327 -0.7112, 3.249 3.9275 -0.7427, 3.249 3.344 -0.6793, 3.249 3.3469 1.6788, 3.249 3.3622 1.6808, 3.249 3.3327 1.6729, 3.249 3.3204 1.6635, 3.249 2.811 2.0155, 3.249 3.3111 1.6513, 3.249 3.3052 1.637, 3.249 2.8504 1.7792, 3.249 2.811 1.9367, 3.249 3.9134 2.3895, 3.249 3.9287 2.3915, 3.249 4.4646 1.5036, 3.249 3.9637 0.7566, 3.249 4.4252 1.543, 3.249 3.9702 0.7753, 3.249 3.9724 0.795, 3.249 2.811 1.5036, 3.249 2.811 1.4249, 3.249 2.8504 1.2674, 3.249 3.9429 2.3974, 3.249 3.9551 2.4068, 3.249 3.9704 2.4332, 3.249 3.9724 2.4485, 3.249 3.9724 3.2753, 3.249 3.8277 -1.1074, 3.249 3.3327 2.3974, 3.249 3.3469 2.3915, 3.249 3.3622 2.3895, 3.249 3.9068 3.3609, 3.249 4.4646 1.4249, 3.249 4.4252 1.2674, 3.249 3.9531 0.7398, 3.249 4.4252 0.5981, 3.249 4.2283 0.2044, 3.249 3.3428 -0.7112, 3.249 3.4773 3.2981, 3.249 3.4704 3.3161, 3.249 3.4597 3.3321, 3.249 3.4457 3.3455, 3.249 3.4292 3.3556, 3.249 3.9528 0.2044, 3.249 3.9223 0.7152, 3.249 3.9391 0.7257, 3.249 3.3032 2.4485, 3.249 3.3481 -0.7427, 3.249 3.4016 0.1257, 3.249 3.874 0.1257, 3.249 3.4016 -0.268, 3.249 3.874 -0.268, 3.249 3.9316 -0.6793, 3.249 3.4109 0.7085, 3.249 3.4292 0.7147, 3.249 3.3432 0.2018, 3.249 3.4457 0.7248, 3.249 3.4597 0.7381, 3.249 3.8078 -1.1546, 3.249 3.3622 0.1939, 3.249 3.3228 0.2044, 3.249 3.4704 0.7542, 3.249 3.4773 0.7722, 3.249 3.7765 -1.195, 3.249 3.7359 -1.2261, 3.249 3.6885 -1.2456, 3.3277 3.4773 0.7722, 3.3277 3.4773 3.2981, 3.3864 4.4252 4.4913, 3.3864 2.8504 4.4913, 3.3274 4.4252 4.6338, 3.3274 2.8504 4.6338, 3.2335 4.4252 4.7561, 3.2335 2.8504 4.7561, 3.1112 4.4252 4.8499, 3.1112 2.8504 4.8499, 2.9688 4.4252 4.9089, 2.9688 2.8504 4.9089, 2.8159 4.4252 4.929, 2.8159 2.8504 4.929, 3.2342 2.8504 4.4506, 3.191 2.8504 4.555, 3.1222 2.8504 4.6447, 3.0325 2.8504 4.7135, 2.928 2.8504 4.7568, 2.8159 2.8504 4.7715, 2.706 2.8504 4.7574, 2.6661 2.8504 4.9097, 2.6033 2.8504 4.7158, 2.526 2.8504 4.853, 2.5145 2.8504 4.6495, 2.405 2.8504 4.7626, 2.4455 2.8504 4.5628, 2.3108 2.8504 4.6444, 2.4007 2.8504 4.4615, 2.2497 2.8504 4.5062, 2.4007 4.4252 4.4615, 2.2497 4.4252 4.5062, 2.4455 4.4252 4.5628, 2.3108 4.4252 4.6444, 2.5145 4.4252 4.6495, 2.405 4.4252 4.7626, 2.6033 4.4252 4.7158, 2.526 4.4252 4.853, 2.706 4.4252 4.7574, 2.6661 4.4252 4.9097, 2.8159 4.4252 4.7715, 2.928 4.4252 4.7568, 3.0325 4.4252 4.7135, 3.1222 4.4252 4.6447, 3.191 4.4252 4.555, 3.2342 4.4252 4.4506, 2.3648 2.8504 4.3402, 2.3648 4.4252 4.3402, 2.2138 4.4252 4.3849, 2.2138 2.8504 4.3849, 2.1783 4.4252 4.3018, 2.3152 4.4252 4.2238, 2.1249 4.4252 4.229, 2.2404 4.4252 4.1219, 2.0563 4.4252 4.1702, 2.1443 4.4252 4.0396, 1.9761 4.4252 4.1287, 2.032 4.4252 3.9815, 1.9761 2.8504 4.1287, 2.0563 2.8504 4.1702, 2.1249 2.8504 4.229, 2.1783 2.8504 4.3018, 2.032 2.8504 3.9815, 2.1443 2.8504 4.0396, 2.2404 2.8504 4.1219, 2.3152 2.8504 4.2238, 0.437 4.4252 3.3756, 0.437 4.189 3.3756, -0.3445 4.189 3.0787, -0.3445 2.8504 3.0787, 0.3811 4.4252 3.5228, -0.4004 2.8504 3.2259, -0.4004 4.189 3.2259, 0.3811 4.189 3.5228, -0.4256 2.8504 3.2209, -0.4202 2.8504 3.0635, -0.4128 2.8504 3.2224, -0.3817 2.8504 3.068, -0.4128 4.189 3.2224, -0.3817 4.189 3.068, -0.4256 4.189 3.2209, -0.4202 4.189 3.0635, -0.8008 2.8504 3.0502, -0.8008 3.2441 3.0502, -0.8008 4.189 3.0502, -0.8008 4.0315 3.0502, -1.7844 4.0315 3.016, -1.7844 3.2441 3.016, -0.8062 4.189 3.2076, -0.8062 2.8504 3.2076, -0.8062 3.2441 3.2076, -0.8062 4.0315 3.2076, -1.7899 4.0315 3.1734, -1.7899 3.2441 3.1734, 3.4112 3.4803 3.2713, 3.4077 3.4803 3.2845, 3.2631 3.4803 3.2178, 3.2525 3.4803 3.2573, 3.2631 3.7953 3.2178, 3.2525 3.7953 3.2573, 3.4112 3.7953 3.2713, 3.4077 3.7953 3.2845, 3.3283 3.796 3.2845, 3.4066 3.7971 3.2946, 3.4067 3.7962 3.2919, 3.4068 3.7961 3.2913, 3.3279 3.797 3.2913, 3.2499 3.796 3.2776, 3.2499 3.796 3.2778, 3.2499 3.4796 3.2776, 3.4068 3.4797 3.2908, 3.3283 3.4796 3.2844, 3.2499 3.4796 3.2777, 3.3279 3.4786 3.2913, 3.4068 3.4795 3.2912, 3.4066 3.4785 3.2946, 3.6443 3.7953 2.6262, 3.6443 3.4803 2.6262, 3.4962 3.7953 2.5727, 3.4962 3.4803 2.5727, 3.4112 3.7953 0.799, 3.4077 3.7953 0.7858, 3.2631 3.7953 0.8525, 3.2525 3.7953 0.813, 3.2631 3.4803 0.8525, 3.2525 3.4803 0.813, 3.4112 3.4803 0.799, 3.4077 3.4803 0.7858, 3.3283 3.4796 0.7858, 3.4066 3.4785 0.7756, 3.4067 3.4794 0.7784, 3.4068 3.4795 0.779, 3.3279 3.4786 0.779, 3.2499 3.4796 0.7926, 3.2499 3.4796 0.7925, 3.2499 3.796 0.7926, 3.4068 3.7959 0.7795, 3.3283 3.796 0.7858, 3.2499 3.796 0.7925, 3.3279 3.797 0.779, 3.4068 3.7961 0.779, 3.4066 3.7971 0.7757, 3.6443 3.4803 1.4441, 3.6443 3.7953 1.4441, 3.4962 3.4803 1.4976, 3.4962 3.7953 1.4976, -1.1605 4.1889 2.559, -1.003 4.1889 2.559, -1.1605 4.1482 2.5537, -1.003 4.1482 2.5537, -1.1605 4.1102 2.5379, -1.003 4.1102 2.5379, -1.1605 4.0776 2.5129, -1.003 4.0776 2.5129, -1.1605 4.0526 2.4803, -1.003 4.0526 2.4803, -1.1605 4.0369 2.4423, -1.003 4.0369 2.4423, -1.1605 4.0315 2.4016, -1.003 4.0315 2.4016, -1.003 3.9316 -0.6868, -1.003 3.9331 -0.7087, -1.1605 3.9316 -0.6868, -1.1605 3.9331 -0.7087, -1.003 3.3425 -0.7087, -1.003 3.344 -0.6868, -1.1605 3.3425 -0.7087, -1.1605 3.344 -0.6868, -1.1605 3.2441 2.4016, -1.003 3.2441 2.4016, -1.1605 3.2387 2.4423, -1.003 3.2387 2.4423, -1.1605 3.223 2.4803, -1.003 3.223 2.4803, -1.1605 3.198 2.5129, -1.003 3.198 2.5129, -1.1605 3.1654 2.5379, -1.003 3.1654 2.5379, -1.1605 3.1274 2.5537, -1.003 3.1274 2.5537, -1.1605 3.0867 2.559, -1.003 3.0867 2.559, -1.0818 3.4773 0.7646, -1.1605 3.4773 0.7646, -1.1605 3.4695 0.7449, -1.003 3.4773 0.7646, -1.003 3.4695 0.7449, -1.003 3.4571 0.7277, -1.1605 3.4571 0.7277, -1.003 3.4411 0.7138, -1.1605 3.4411 0.7138, -1.003 3.4221 0.7042, -1.1605 3.4221 0.7042, -1.003 3.4015 0.6993, -1.1605 3.4015 0.6993, -1.003 3.3803 0.6996, -1.1605 3.3803 0.6996, -1.003 3.3597 0.7048, -1.1605 3.3597 0.7048, -1.003 3.341 0.7148, -1.1605 3.341 0.7148, -1.003 3.3252 0.7289, -1.1605 3.3252 0.7289, -1.003 3.3132 0.7465, -1.1605 3.3132 0.7465, -1.003 3.3057 0.7663, -1.1605 3.3057 0.7663, -1.003 3.3032 0.7874, -1.1605 3.3032 0.7874, -1.0818 3.7982 0.7646, -1.003 3.7982 0.7646, -1.003 3.8061 0.7449, -1.1605 3.7982 0.7646, -1.1605 3.8061 0.7449, -1.1605 3.8184 0.7277, -1.003 3.8184 0.7277, -1.1605 3.8345 0.7138, -1.003 3.8345 0.7138, -1.1605 3.8534 0.7042, -1.003 3.8534 0.7042, -1.1605 3.8741 0.6993, -1.003 3.8741 0.6993, -1.1605 3.8953 0.6996, -1.003 3.8953 0.6996, -1.1605 3.9159 0.7048, -1.003 3.9159 0.7048, -1.1605 3.9346 0.7148, -1.003 3.9346 0.7148, -1.1605 3.9504 0.7289, -1.003 3.9504 0.7289, -1.1605 3.9624 0.7465, -1.003 3.9624 0.7465, -1.1605 3.9699 0.7663, -1.003 3.9699 0.7663, -1.1605 3.9724 0.7874, -1.003 3.9724 0.7874, -1.1605 3.0867 3.2281, -1.1605 3.1457 3.0315, -1.1605 3.3228 0.1968, -1.1605 3.0472 0.1968, -1.1605 2.8504 0.5905, -1.1605 3.9724 1.6142, -1.1605 4.4252 2.0472, -1.1605 3.9704 1.6294, -1.1605 3.9645 1.6437, -1.1605 3.9551 1.6559, -1.1605 2.8504 1.5354, -1.1605 2.8504 1.7716, -1.1605 2.8504 2.0472, -1.1605 3.3032 1.6142, -1.1605 3.3052 1.6294, -1.1605 4.0369 2.3608, -1.1605 4.0526 2.3228, -1.1605 3.9134 1.6732, -1.1605 4.0776 2.2902, -1.1605 4.1102 2.2652, -1.1605 2.811 1.9291, -1.1605 2.811 2.0079, -1.1605 4.1299 3.0315, -1.1605 3.2387 2.3608, -1.1605 4.1889 3.2281, -1.1605 3.3327 1.6653, -1.1605 3.3204 1.6559, -1.1605 3.3111 1.6437, -1.1605 3.1654 2.2652, -1.1605 3.198 2.2902, -1.1605 3.223 2.3228, -1.1605 4.4252 2.2441, -1.1605 4.189 2.2441, -1.1605 4.1482 2.2495, -1.1605 3.9429 1.6653, -1.1605 3.9287 1.6712, -1.1605 3.391 0.1575, -1.1605 3.8846 0.1575, -1.1605 3.8767 0.1385, -1.1605 4.4646 2.0079, -1.1605 4.4646 1.9291, -1.1605 4.4252 1.7716, -1.1605 4.4252 1.5354, -1.1605 4.4646 1.4961, -1.1605 2.811 1.4961, -1.1605 2.811 1.4173, -1.1605 2.8504 1.2598, -1.1605 3.3622 1.6732, -1.1605 3.3469 1.6712, -1.1605 3.1274 2.2495, -1.1605 3.0866 2.2441, -1.1605 2.8504 2.2441, -1.1605 3.9134 0.1863, -1.1605 3.3785 0.1738, -1.1605 3.3622 0.1863, -1.1605 3.3432 0.1942, -1.1605 3.8971 0.1738, -1.1605 3.9324 0.1942, -1.1605 4.2283 0.1968, -1.1605 3.9528 0.1968, -1.1605 4.4646 1.4173, -1.1605 4.4252 1.2598, -1.1605 4.4252 0.5905, -1.1605 3.3439 -0.7296, -1.1605 3.3481 -0.7502, -1.1605 3.874 -0.2756, -1.1605 3.4016 -0.2756, -1.1605 3.874 0.1181, -1.1605 3.4016 0.1181, -1.1605 3.3989 0.1385, -1.1605 3.8008 -1.1733, -1.1605 3.7698 -1.2091, -1.1605 3.4547 -1.1354, -1.1605 3.9317 -0.7296, -1.1605 3.9275 -0.7502, -1.1605 3.4479 -1.115, -1.1605 3.8288 -1.1106, -1.1605 3.8225 -1.1312, -1.1605 3.6401 -1.2598, -1.1605 3.593 -1.2547, -1.1605 3.5485 -1.2384, -1.1605 3.7311 -1.2363, -1.1605 3.687 -1.2536, -1.1605 3.5092 -1.212, -1.1605 3.4773 -1.177, -1.003 3.1457 3.0315, -1.003 3.0867 3.2281, -1.003 4.1889 3.2281, -1.003 4.1299 3.0315, -1.003 3.8846 0.1575, -1.003 3.8971 0.1738, -1.003 3.3622 1.6732, -1.003 4.4252 1.7716, -1.003 4.4646 1.9291, -1.003 4.1482 2.2495, -1.003 4.1102 2.2652, -1.003 3.223 2.3228, -1.003 4.4252 1.5354, -1.003 3.9551 1.6559, -1.003 3.9645 1.6437, -1.003 3.8767 0.1385, -1.003 3.9134 1.6732, -1.003 3.9287 1.6712, -1.003 3.9429 1.6653, -1.003 3.3785 0.1738, -1.003 3.391 0.1575, -1.003 3.3989 0.1385, -1.003 4.4646 2.0079, -1.003 4.4252 2.0472, -1.003 3.3469 1.6712, -1.003 4.4252 2.2441, -1.003 4.189 2.2441, -1.003 4.0776 2.2902, -1.003 4.0526 2.3228, -1.003 4.0369 2.3608, -1.003 3.198 2.2902, -1.003 3.1654 2.2652, -1.003 3.3032 1.6142, -1.003 3.3052 1.6294, -1.003 2.8504 1.7716, -1.003 2.8504 2.2441, -1.003 2.8504 2.0472, -1.003 3.0866 2.2441, -1.003 3.1274 2.2495, -1.003 3.6401 -1.2598, -1.003 3.874 -0.2756, -1.003 3.874 0.1181, -1.003 2.811 1.9291, -1.003 3.3111 1.6437, -1.003 2.811 2.0079, -1.003 3.3204 1.6559, -1.003 3.3327 1.6653, -1.003 2.811 1.4961, -1.003 2.8504 1.5354, -1.003 4.4646 1.4173, -1.003 4.4646 1.4961, -1.003 3.0472 0.1968, -1.003 3.4016 0.1181, -1.003 3.4016 -0.2756, -1.003 3.3481 -0.7502, -1.003 3.4479 -1.115, -1.003 3.4547 -1.1354, -1.003 3.4773 -1.177, -1.003 4.4252 0.5905, -1.003 4.4252 1.2598, -1.003 3.9724 1.6142, -1.003 3.9704 1.6294, -1.003 3.3432 0.1942, -1.003 2.811 1.4173, -1.003 2.8504 1.2598, -1.003 2.8504 0.5905, -1.003 3.3622 0.1863, -1.003 3.8008 -1.1733, -1.003 3.7698 -1.2091, -1.003 3.687 -1.2536, -1.003 3.7311 -1.2363, -1.003 3.8225 -1.1312, -1.003 3.8288 -1.1106, -1.003 3.9275 -0.7502, -1.003 3.9317 -0.7296, -1.003 3.9134 0.1863, -1.003 3.9324 0.1942, -1.003 3.9528 0.1968, -1.003 4.2283 0.1968, -1.003 3.3439 -0.7296, -1.003 3.5092 -1.212, -1.003 3.5485 -1.2384, -1.003 3.593 -1.2547, -1.003 3.2387 2.3608, -1.003 3.3228 0.1968, -1.0818 3.0867 3.2281, -1.0818 4.1889 3.2281, -1.2392 4.4251 3.2283, -1.2392 4.2676 3.2283, -1.1867 4.4192 3.2283, -1.2189 4.265 3.2283, -1.1367 4.4017 3.2283, -1.1999 4.2571 3.2283, -1.092 4.3736 3.2283, -1.1836 4.2446 3.2283, -1.0546 4.3362 3.2283, -1.171 4.2283 3.2283, -1.1632 4.2093 3.2283, -1.0089 4.2415 3.2283, -1.0264 4.2914 3.2283, -1.1605 4.1889 3.2283, -1.0818 4.189 3.2283, -1.003 4.189 3.2283, -1.08 4.189 2.559, -1.1605 4.189 2.559, -1.1632 4.2093 2.559, -1.2392 4.2676 2.559, -1.2392 4.4251 2.559, -1.2189 4.265 2.559, -1.1867 4.4192 2.559, -1.1999 4.2571 2.559, -1.1367 4.4017 2.559, -1.1836 4.2446 2.559, -1.003 4.189 2.559, -1.0089 4.2415 2.559, -1.0264 4.2914 2.559, -1.171 4.2283 2.559, -1.0546 4.3362 2.559, -1.092 4.3736 2.559, -1.1605 4.1889 3.2282, -1.5147 4.2676 2.559, -1.5147 4.4251 2.559, -1.5915 4.4251 2.6203, -1.5935 4.4251 2.6378, -1.5351 4.4251 3.2257, -1.5147 4.4251 3.2283, -1.5935 4.4251 3.1496, -1.5489 4.4251 2.5668, -1.5638 4.4251 2.5762, -1.5763 4.4251 2.5887, -1.5908 4.4251 3.17, -1.5829 4.4251 3.189, -1.5323 4.4251 2.561, -1.5857 4.4251 2.6036, -1.5704 4.4251 3.2053, -1.5541 4.4251 3.2178, -1.5147 4.2676 3.2283, -1.5935 4.2676 3.1496, -1.5935 4.2676 2.6378, -1.5915 4.2676 2.6203, -1.5541 4.2676 3.2178, -1.5704 4.2676 3.2053, -1.5829 4.2676 3.189, -1.5857 4.2676 2.6036, -1.5763 4.2676 2.5887, -1.5323 4.2676 2.561, -1.5638 4.2676 2.5762, -1.5489 4.2676 2.5668, -1.5351 4.2676 3.2257, -1.5908 4.2676 3.17, -1.1632 3.0663 3.2283, -1.1605 3.0866 3.2283, -1.2392 3.008 2.559, -1.2392 3.008 3.2283, -1.2189 3.0106 2.559, -1.2189 3.0106 3.2283, -1.1999 3.0185 2.559, -1.1999 3.0185 3.2283, -1.1836 3.031 2.559, -1.1836 3.031 3.2283, -1.171 3.0473 2.559, -1.171 3.0473 3.2283, -1.1632 3.0663 2.559, -1.1605 3.0866 2.559, -1.003 3.0866 2.559, -1.003 3.0866 3.2283, -1.0111 3.0256 2.559, -1.0111 3.0256 3.2283, -1.0347 2.9686 3.2283, -1.0347 2.9686 2.559, -1.0722 2.9197 3.2283, -1.0722 2.9197 2.559, -1.1211 2.8821 3.2283, -1.1211 2.8821 2.559, -1.1781 2.8585 3.2283, -1.1781 2.8585 2.559, -1.2392 2.8505 3.2283, -1.2392 2.8505 2.559, -1.0818 3.0866 3.2283, -1.08 3.0866 2.559, -1.5935 3.008 3.1496, -1.5935 2.8505 3.1496, -1.5915 2.8505 3.1671, -1.5915 3.008 3.1671, -1.5857 2.8505 3.1838, -1.5857 3.008 3.1838, -1.5763 2.8505 3.1987, -1.5763 3.008 3.1987, -1.5638 2.8505 3.2112, -1.5638 3.008 3.2112, -1.5489 2.8505 3.2205, -1.5489 3.008 3.2205, -1.5323 2.8505 3.2264, -1.5323 3.008 3.2264, -1.5147 2.8505 3.2283, -1.5147 3.008 3.2283, -1.5935 3.008 2.6378, -1.5935 2.8505 2.6378, -1.5147 3.008 2.559, -1.5147 2.8505 2.559, -1.5323 2.8505 2.561, -1.5323 3.008 2.561, -1.5489 2.8505 2.5668, -1.5489 3.008 2.5668, -1.5638 2.8505 2.5762, -1.5638 3.008 2.5762, -1.5763 2.8505 2.5887, -1.5763 3.008 2.5887, -1.5857 2.8505 2.6036, -1.5857 3.008 2.6036, -1.5915 2.8505 2.6203, -1.5915 3.008 2.6203, -1.0066 3.7953 0.8054, -1.1617 3.7953 0.7782, -1.0171 3.7953 0.8449, -1.1652 3.7953 0.7914, -1.1617 3.4803 0.7782, -1.0066 3.4803 0.8054, -1.1652 3.4803 0.7914, -1.0171 3.4803 0.8449, -1.0823 3.4796 0.7782, -1.1607 3.4784 0.7681, -1.0819 3.4786 0.7714, -1.0039 3.4796 0.785, -1.1608 3.4797 0.7719, -1.1608 3.4795 0.7714, -1.0039 3.4796 0.7849, -1.0819 3.797 0.7714, -1.0039 3.796 0.7849, -1.0823 3.796 0.7782, -1.0039 3.796 0.785, -1.1606 3.7971 0.7681, -1.1608 3.796 0.7713, -1.1608 3.796 0.7714, -1.3983 3.7953 1.4365, -1.3983 3.4803 1.4365, -1.2502 3.7953 1.49, -1.2502 3.4803 1.49
            ]
        }
        coordIndex [
            0,1,2,-1,3,4,5,-1,5,6,3,-1,3,6,7,-1,3,7,2,-1,2,7,8,-1,2,8,0,-1,4,3,9,-1,10,2,11,-1,11,2,12,-1,10,13,2,-1,2,13,14,-1,2,14,3,-1,3,14,15,-1,3,15,9,-1,16,17,9,-1,9,17,18,-1,9,18,4,-1,16,19,17,-1,17,19,20,-1,17,20,21,-1,21,20,22,-1,21,22,23,-1,23,22,24,-1,24,22,25,-1,24,25,26,-1,26,25,27,-1,26,27,28,-1,29,30,31,-1,32,33,28,-1,16,9,15,-1,20,19,34,-1,27,25,35,-1,29,31,36,-1,10,11,37,-1,13,38,14,-1,14,38,39,-1,14,39,15,-1,15,39,34,-1,15,34,16,-1,16,34,19,-1,25,22,35,-1,35,22,40,-1,35,40,41,-1,41,40,42,-1,41,42,43,-1,43,42,44,-1,43,44,45,-1,45,44,46,-1,13,46,38,-1,38,46,44,-1,38,44,39,-1,39,44,42,-1,39,42,34,-1,34,42,40,-1,34,40,20,-1,20,40,22,-1,30,47,31,-1,31,47,48,-1,31,48,49,-1,49,48,50,-1,49,50,51,-1,33,32,52,-1,52,32,53,-1,52,53,51,-1,51,53,54,-1,51,54,49,-1,49,54,55,-1,49,55,31,-1,31,55,37,-1,31,37,36,-1,36,37,11,-1,36,11,12,-1,13,10,46,-1,46,10,37,-1,46,37,45,-1,45,37,55,-1,45,55,43,-1,43,55,54,-1,43,54,41,-1,41,54,53,-1,41,53,35,-1,35,53,32,-1,35,32,27,-1,27,32,28,-1,56,57,58,-1,59,60,61,-1,61,62,59,-1,59,62,63,-1,59,63,58,-1,58,63,64,-1,58,64,56,-1,57,65,58,-1,66,65,57,-1,66,57,67,-1,67,57,68,-1,67,68,69,-1,70,71,72,-1,72,71,67,-1,72,67,73,-1,73,67,69,-1,74,75,76,-1,76,77,74,-1,74,77,78,-1,74,78,79,-1,79,78,80,-1,79,80,70,-1,70,80,81,-1,70,81,71,-1,58,65,82,-1,83,84,59,-1,59,84,85,-1,59,85,86,-1,58,82,59,-1,59,82,87,-1,59,87,83,-1,88,89,90,-1,91,86,85,-1,77,76,92,-1,80,78,93,-1,71,81,94,-1,65,66,95,-1,88,90,96,-1,97,98,99,-1,99,98,100,-1,99,100,101,-1,102,103,104,-1,104,103,105,-1,104,105,92,-1,92,105,93,-1,92,93,77,-1,77,93,78,-1,67,71,106,-1,106,71,94,-1,106,94,107,-1,107,94,108,-1,107,108,109,-1,109,108,110,-1,109,110,111,-1,111,110,112,-1,102,112,103,-1,103,112,110,-1,103,110,105,-1,105,110,108,-1,105,108,93,-1,93,108,94,-1,93,94,80,-1,80,94,81,-1,89,91,90,-1,90,91,85,-1,90,85,113,-1,113,85,84,-1,113,84,83,-1,98,96,100,-1,100,96,90,-1,100,90,114,-1,114,90,113,-1,114,113,115,-1,115,113,83,-1,115,83,116,-1,116,83,87,-1,116,87,95,-1,95,87,82,-1,95,82,65,-1,102,101,112,-1,112,101,100,-1,112,100,111,-1,111,100,114,-1,111,114,109,-1,109,114,115,-1,109,115,107,-1,107,115,116,-1,107,116,106,-1,106,116,95,-1,106,95,67,-1,67,95,66,-1,48,47,117,-1,92,76,118,-1,33,52,117,-1,119,97,99,-1,99,101,119,-1,119,101,102,-1,119,102,104,-1,52,51,117,-1,117,51,50,-1,117,50,48,-1,28,33,120,-1,120,33,117,-1,120,117,121,-1,121,117,122,-1,121,122,123,-1,123,122,124,-1,123,124,125,-1,125,124,126,-1,125,126,127,-1,127,126,128,-1,127,128,118,-1,118,128,119,-1,118,119,92,-1,92,119,104,-1,129,130,131,-1,131,130,132,-1,129,133,130,-1,130,133,134,-1,130,134,135,-1,135,134,136,-1,135,136,137,-1,135,138,139,-1,140,141,130,-1,130,141,142,-1,130,142,143,-1,135,139,130,-1,130,139,144,-1,130,144,140,-1,145,146,147,-1,147,146,148,-1,148,149,147,-1,147,149,150,-1,147,150,151,-1,151,150,152,-1,151,152,153,-1,154,155,147,-1,156,157,147,-1,147,157,158,-1,147,158,154,-1,156,147,159,-1,159,147,151,-1,159,151,160,-1,161,162,163,-1,164,165,166,-1,166,167,164,-1,164,167,168,-1,164,168,163,-1,163,168,169,-1,163,169,161,-1,170,164,171,-1,171,164,172,-1,173,174,163,-1,163,174,175,-1,163,175,164,-1,164,175,176,-1,164,176,172,-1,177,178,179,-1,179,178,180,-1,179,180,181,-1,182,183,184,-1,184,183,179,-1,184,179,185,-1,185,179,181,-1,186,187,179,-1,183,188,189,-1,189,190,183,-1,183,190,191,-1,183,191,179,-1,179,191,192,-1,179,192,186,-1,193,194,195,-1,195,194,196,-1,197,198,199,-1,199,198,195,-1,199,195,200,-1,200,195,196,-1,201,202,195,-1,198,203,204,-1,204,205,198,-1,198,205,206,-1,198,206,195,-1,195,206,207,-1,195,207,201,-1,208,209,210,-1,210,209,211,-1,212,213,214,-1,214,213,210,-1,211,215,210,-1,210,215,216,-1,210,216,214,-1,217,218,210,-1,217,210,219,-1,220,221,213,-1,213,221,222,-1,213,222,210,-1,210,222,223,-1,210,223,219,-1,220,213,212,-1,203,198,197,-1,188,183,182,-1,173,163,162,-1,160,151,153,-1,138,135,137,-1,224,225,226,-1,227,137,136,-1,131,228,129,-1,129,228,229,-1,129,229,133,-1,133,229,230,-1,133,230,134,-1,134,230,231,-1,134,231,136,-1,136,231,226,-1,136,226,227,-1,227,226,225,-1,232,228,233,-1,233,228,131,-1,233,131,132,-1,234,224,235,-1,235,224,226,-1,235,226,236,-1,236,226,231,-1,236,231,237,-1,237,231,230,-1,237,230,238,-1,238,230,229,-1,238,229,239,-1,239,229,228,-1,239,228,240,-1,240,228,232,-1,241,242,243,-1,244,245,246,-1,246,245,247,-1,246,247,248,-1,248,247,249,-1,248,249,250,-1,251,250,252,-1,252,250,249,-1,252,249,253,-1,254,255,256,-1,139,138,257,-1,257,138,258,-1,259,260,261,-1,261,260,262,-1,261,262,263,-1,255,241,256,-1,256,241,243,-1,256,243,264,-1,264,243,265,-1,264,265,266,-1,266,265,267,-1,266,267,268,-1,268,267,269,-1,268,269,270,-1,270,269,271,-1,270,271,272,-1,242,253,243,-1,243,253,249,-1,243,249,265,-1,265,249,247,-1,265,247,267,-1,267,247,245,-1,267,245,269,-1,269,245,244,-1,269,244,271,-1,263,143,261,-1,261,143,142,-1,261,142,273,-1,273,142,141,-1,273,141,140,-1,139,257,144,-1,144,257,274,-1,144,274,140,-1,140,274,275,-1,140,275,273,-1,273,275,276,-1,273,276,261,-1,272,259,270,-1,270,259,261,-1,270,261,268,-1,268,261,276,-1,268,276,266,-1,266,276,275,-1,266,275,264,-1,264,275,274,-1,264,274,256,-1,256,274,257,-1,256,257,254,-1,254,257,258,-1,143,132,130,-1,277,234,235,-1,277,235,278,-1,232,279,240,-1,240,279,280,-1,240,280,239,-1,239,280,281,-1,239,281,238,-1,238,281,282,-1,238,282,237,-1,237,282,283,-1,237,283,236,-1,236,283,284,-1,236,284,235,-1,235,284,285,-1,235,285,278,-1,279,286,280,-1,280,286,287,-1,280,287,281,-1,281,287,288,-1,281,288,282,-1,282,288,289,-1,282,289,283,-1,283,289,290,-1,283,290,284,-1,284,290,291,-1,284,291,285,-1,285,291,292,-1,293,294,295,-1,251,296,250,-1,250,296,297,-1,250,297,248,-1,248,297,298,-1,248,298,299,-1,298,300,299,-1,299,300,301,-1,299,301,244,-1,244,301,295,-1,244,295,271,-1,271,295,294,-1,271,294,272,-1,302,303,304,-1,305,306,307,-1,307,306,308,-1,307,308,309,-1,309,308,310,-1,309,310,311,-1,311,310,312,-1,311,312,313,-1,313,312,314,-1,313,314,315,-1,315,314,316,-1,315,316,317,-1,317,316,304,-1,317,304,318,-1,318,304,303,-1,306,293,308,-1,308,293,295,-1,308,295,310,-1,310,295,301,-1,310,301,312,-1,312,301,300,-1,312,300,314,-1,314,300,298,-1,314,298,316,-1,316,298,297,-1,316,297,304,-1,304,297,296,-1,304,296,302,-1,319,320,321,-1,322,153,152,-1,146,323,148,-1,148,323,324,-1,148,324,149,-1,149,324,325,-1,149,325,150,-1,150,325,326,-1,150,326,152,-1,152,326,321,-1,152,321,322,-1,322,321,320,-1,327,323,328,-1,328,323,146,-1,328,146,145,-1,329,319,330,-1,330,319,321,-1,330,321,331,-1,331,321,326,-1,331,326,332,-1,332,326,325,-1,332,325,333,-1,333,325,324,-1,333,324,334,-1,334,324,323,-1,334,323,335,-1,335,323,327,-1,335,327,336,-1,337,338,339,-1,340,155,154,-1,341,342,343,-1,344,345,346,-1,346,345,347,-1,346,347,348,-1,349,350,351,-1,352,353,354,-1,355,352,356,-1,356,352,354,-1,356,354,357,-1,357,354,358,-1,357,358,349,-1,349,358,359,-1,349,359,350,-1,360,361,362,-1,159,160,363,-1,363,160,364,-1,337,339,365,-1,361,341,362,-1,362,341,343,-1,362,343,366,-1,366,343,367,-1,366,367,368,-1,368,367,369,-1,368,369,370,-1,370,369,371,-1,370,371,346,-1,346,371,372,-1,346,372,344,-1,342,355,343,-1,343,355,356,-1,343,356,367,-1,367,356,357,-1,367,357,369,-1,369,357,349,-1,369,349,371,-1,371,349,351,-1,371,351,372,-1,338,340,339,-1,339,340,154,-1,339,154,373,-1,373,154,158,-1,373,158,157,-1,159,363,156,-1,156,363,374,-1,156,374,157,-1,157,374,375,-1,157,375,373,-1,373,375,376,-1,373,376,339,-1,348,365,346,-1,346,365,339,-1,346,339,370,-1,370,339,376,-1,370,376,368,-1,368,376,375,-1,368,375,366,-1,366,375,374,-1,366,374,362,-1,362,374,363,-1,362,363,360,-1,360,363,364,-1,155,145,147,-1,377,329,330,-1,377,330,378,-1,335,379,334,-1,334,379,380,-1,334,380,333,-1,333,380,381,-1,333,381,332,-1,332,381,382,-1,332,382,331,-1,331,382,383,-1,331,383,330,-1,330,383,384,-1,330,384,378,-1,335,336,379,-1,379,336,385,-1,379,385,386,-1,386,387,379,-1,379,387,388,-1,379,388,380,-1,380,388,389,-1,380,389,381,-1,381,389,390,-1,381,390,382,-1,382,390,391,-1,382,391,383,-1,383,391,392,-1,383,392,384,-1,384,392,393,-1,345,344,394,-1,394,344,372,-1,394,372,395,-1,396,397,398,-1,372,351,395,-1,395,351,350,-1,395,350,399,-1,399,350,359,-1,399,359,400,-1,400,359,358,-1,400,358,401,-1,401,358,402,-1,401,402,398,-1,398,402,353,-1,398,353,396,-1,397,403,398,-1,398,403,404,-1,398,404,401,-1,401,404,405,-1,401,405,400,-1,400,405,406,-1,400,406,399,-1,399,406,407,-1,399,407,395,-1,395,407,408,-1,395,408,394,-1,394,408,409,-1,394,409,410,-1,347,345,411,-1,411,345,394,-1,411,394,412,-1,412,394,410,-1,413,414,415,-1,416,162,161,-1,166,417,167,-1,167,417,418,-1,167,418,168,-1,168,418,419,-1,168,419,169,-1,169,419,420,-1,169,420,161,-1,161,420,415,-1,161,415,416,-1,416,415,414,-1,421,417,422,-1,422,417,166,-1,422,166,165,-1,423,413,424,-1,424,413,415,-1,424,415,425,-1,425,415,420,-1,425,420,426,-1,426,420,419,-1,426,419,427,-1,427,419,418,-1,427,418,428,-1,428,418,417,-1,428,417,429,-1,429,417,421,-1,429,421,430,-1,431,432,433,-1,434,170,171,-1,435,436,437,-1,438,439,440,-1,440,439,441,-1,440,441,442,-1,443,444,445,-1,444,443,446,-1,446,443,447,-1,446,447,448,-1,448,447,449,-1,448,449,450,-1,451,450,452,-1,452,450,449,-1,452,449,453,-1,454,455,456,-1,174,173,457,-1,457,173,458,-1,431,433,459,-1,455,435,456,-1,456,435,437,-1,456,437,460,-1,460,437,461,-1,460,461,462,-1,462,461,463,-1,462,463,464,-1,464,463,465,-1,464,465,440,-1,440,465,466,-1,440,466,438,-1,436,453,437,-1,437,453,449,-1,437,449,461,-1,461,449,447,-1,461,447,463,-1,463,447,443,-1,463,443,465,-1,465,443,445,-1,465,445,466,-1,432,434,433,-1,433,434,171,-1,433,171,467,-1,467,171,172,-1,467,172,176,-1,174,457,175,-1,175,457,468,-1,175,468,176,-1,176,468,469,-1,176,469,467,-1,467,469,470,-1,467,470,433,-1,442,459,440,-1,440,459,433,-1,440,433,464,-1,464,433,470,-1,464,470,462,-1,462,470,469,-1,462,469,460,-1,460,469,468,-1,460,468,456,-1,456,468,457,-1,456,457,454,-1,454,457,458,-1,170,165,164,-1,471,472,473,-1,451,474,450,-1,450,474,475,-1,450,475,448,-1,448,475,476,-1,448,476,446,-1,446,476,477,-1,446,477,444,-1,444,477,478,-1,444,478,445,-1,445,478,466,-1,466,478,479,-1,466,479,438,-1,438,479,439,-1,439,479,480,-1,439,480,441,-1,481,482,483,-1,483,482,484,-1,483,484,485,-1,485,484,486,-1,485,486,487,-1,487,486,488,-1,487,488,489,-1,489,488,490,-1,489,490,491,-1,492,493,481,-1,481,493,494,-1,481,494,482,-1,491,479,489,-1,489,479,478,-1,489,478,487,-1,487,478,477,-1,487,477,485,-1,485,477,476,-1,485,476,483,-1,483,476,475,-1,483,475,481,-1,481,475,474,-1,481,474,492,-1,490,471,491,-1,491,471,473,-1,491,473,479,-1,479,473,495,-1,479,495,480,-1,496,423,424,-1,496,424,497,-1,429,498,428,-1,428,498,499,-1,428,499,427,-1,427,499,500,-1,427,500,426,-1,426,500,501,-1,426,501,425,-1,425,501,502,-1,425,502,424,-1,424,502,503,-1,424,503,497,-1,429,430,498,-1,498,430,504,-1,498,504,505,-1,505,506,498,-1,498,506,507,-1,498,507,499,-1,499,507,508,-1,499,508,500,-1,500,508,509,-1,500,509,501,-1,501,509,510,-1,501,510,502,-1,502,510,511,-1,502,511,503,-1,503,511,512,-1,513,514,515,-1,516,517,518,-1,518,517,519,-1,518,519,520,-1,521,522,523,-1,523,522,524,-1,523,524,516,-1,516,524,525,-1,516,525,517,-1,521,526,527,-1,527,526,528,-1,527,528,529,-1,529,528,515,-1,515,528,530,-1,515,530,513,-1,177,531,528,-1,528,531,532,-1,528,532,530,-1,533,182,184,-1,534,535,536,-1,536,535,537,-1,536,537,538,-1,538,537,539,-1,538,539,540,-1,540,539,541,-1,540,541,542,-1,542,541,180,-1,535,533,537,-1,537,533,184,-1,537,184,539,-1,539,184,185,-1,539,185,541,-1,541,185,181,-1,541,181,180,-1,521,523,526,-1,526,523,543,-1,526,543,528,-1,528,543,178,-1,528,178,177,-1,180,178,542,-1,542,178,543,-1,542,543,540,-1,540,543,523,-1,540,523,538,-1,538,523,516,-1,538,516,536,-1,536,516,518,-1,536,518,534,-1,534,518,520,-1,544,545,546,-1,547,544,548,-1,548,544,546,-1,548,546,549,-1,549,546,550,-1,549,550,551,-1,551,550,552,-1,551,552,553,-1,553,552,554,-1,553,554,555,-1,555,554,556,-1,555,556,557,-1,557,558,555,-1,555,558,559,-1,555,559,560,-1,560,187,555,-1,555,187,186,-1,555,186,553,-1,553,186,192,-1,553,192,551,-1,551,192,191,-1,551,191,549,-1,549,191,190,-1,549,190,548,-1,548,190,189,-1,548,189,547,-1,547,189,188,-1,187,177,179,-1,561,558,557,-1,562,563,564,-1,565,566,567,-1,567,566,568,-1,567,568,569,-1,569,568,570,-1,569,570,571,-1,571,570,572,-1,571,572,573,-1,573,572,574,-1,573,574,564,-1,564,574,575,-1,564,575,562,-1,562,575,576,-1,566,561,568,-1,568,561,557,-1,568,557,570,-1,570,557,556,-1,570,556,572,-1,572,556,554,-1,572,554,574,-1,574,554,552,-1,574,552,575,-1,575,552,550,-1,575,550,576,-1,576,550,546,-1,576,546,545,-1,577,521,527,-1,577,527,578,-1,521,577,522,-1,522,577,579,-1,522,579,524,-1,524,579,525,-1,525,579,580,-1,525,580,517,-1,517,580,581,-1,581,580,582,-1,581,582,583,-1,584,585,583,-1,583,585,520,-1,583,520,581,-1,514,586,515,-1,515,586,578,-1,515,578,529,-1,529,578,527,-1,586,587,578,-1,578,587,588,-1,578,588,577,-1,577,588,589,-1,577,589,579,-1,579,589,590,-1,579,590,580,-1,580,590,591,-1,580,591,582,-1,582,591,592,-1,582,592,583,-1,583,592,593,-1,583,593,584,-1,584,593,594,-1,595,596,597,-1,197,199,598,-1,599,600,601,-1,602,603,604,-1,599,601,605,-1,606,607,608,-1,608,607,609,-1,608,609,598,-1,598,609,610,-1,598,610,197,-1,611,612,613,-1,613,612,614,-1,613,614,606,-1,606,614,615,-1,606,615,607,-1,616,199,200,-1,617,595,601,-1,601,595,597,-1,601,597,605,-1,605,597,618,-1,619,620,621,-1,199,616,598,-1,598,616,622,-1,598,622,608,-1,608,622,623,-1,608,623,606,-1,606,623,619,-1,606,619,613,-1,613,619,621,-1,613,621,611,-1,624,625,626,-1,626,625,627,-1,628,601,604,-1,604,601,600,-1,604,600,602,-1,628,629,601,-1,601,629,630,-1,601,630,617,-1,631,596,632,-1,632,596,595,-1,632,595,633,-1,633,595,617,-1,633,617,626,-1,626,617,630,-1,626,630,624,-1,624,630,629,-1,193,618,194,-1,194,618,597,-1,194,597,196,-1,196,597,596,-1,196,596,200,-1,200,596,631,-1,200,631,616,-1,616,631,632,-1,616,632,622,-1,622,632,633,-1,622,633,623,-1,623,633,626,-1,623,626,619,-1,619,626,627,-1,619,627,620,-1,634,635,636,-1,637,638,639,-1,640,641,642,-1,642,641,643,-1,642,643,644,-1,644,643,645,-1,644,645,646,-1,646,645,647,-1,646,647,648,-1,648,647,649,-1,648,649,639,-1,639,649,650,-1,639,650,637,-1,637,650,651,-1,641,634,643,-1,643,634,636,-1,643,636,645,-1,645,636,652,-1,645,652,647,-1,647,652,653,-1,647,653,649,-1,649,653,654,-1,649,654,650,-1,650,654,655,-1,650,655,651,-1,651,655,656,-1,651,656,657,-1,657,656,658,-1,659,658,656,-1,660,661,662,-1,662,659,660,-1,660,659,656,-1,660,656,663,-1,663,656,655,-1,663,655,664,-1,664,655,654,-1,664,654,665,-1,665,654,653,-1,665,653,666,-1,666,653,652,-1,666,652,636,-1,636,635,666,-1,666,635,667,-1,666,667,668,-1,668,202,666,-1,666,202,201,-1,666,201,665,-1,665,201,207,-1,665,207,664,-1,664,207,206,-1,664,206,663,-1,663,206,205,-1,663,205,660,-1,660,205,204,-1,660,204,661,-1,661,204,203,-1,202,193,195,-1,669,670,671,-1,672,624,629,-1,672,629,673,-1,624,672,625,-1,625,672,674,-1,625,674,627,-1,627,674,620,-1,620,674,675,-1,620,675,621,-1,621,675,676,-1,676,675,677,-1,676,677,678,-1,679,680,678,-1,678,680,612,-1,678,612,676,-1,603,681,604,-1,604,681,673,-1,604,673,628,-1,628,673,629,-1,681,669,673,-1,673,669,671,-1,673,671,672,-1,672,671,682,-1,672,682,674,-1,674,682,683,-1,674,683,675,-1,675,683,684,-1,675,684,677,-1,677,684,685,-1,677,685,678,-1,678,685,686,-1,678,686,679,-1,679,686,687,-1,688,689,690,-1,691,692,693,-1,694,695,696,-1,696,695,697,-1,696,697,698,-1,699,700,701,-1,701,700,702,-1,701,702,694,-1,694,702,703,-1,694,703,695,-1,699,704,705,-1,705,704,706,-1,705,706,707,-1,707,706,690,-1,690,706,708,-1,690,708,688,-1,208,709,706,-1,706,709,710,-1,706,710,708,-1,711,212,214,-1,692,712,693,-1,693,712,713,-1,693,713,714,-1,714,713,715,-1,714,715,716,-1,716,715,717,-1,716,717,718,-1,718,717,211,-1,712,711,713,-1,713,711,214,-1,713,214,715,-1,715,214,216,-1,715,216,717,-1,717,216,215,-1,717,215,211,-1,699,701,704,-1,704,701,719,-1,704,719,706,-1,706,719,209,-1,706,209,208,-1,211,209,718,-1,718,209,719,-1,718,719,716,-1,716,719,701,-1,716,701,714,-1,714,701,694,-1,714,694,693,-1,693,694,696,-1,693,696,691,-1,691,696,698,-1,720,721,722,-1,723,724,725,-1,726,727,728,-1,728,727,729,-1,728,729,730,-1,730,729,731,-1,730,731,732,-1,732,731,733,-1,732,733,734,-1,734,733,735,-1,734,735,725,-1,725,735,736,-1,725,736,723,-1,723,736,737,-1,727,720,729,-1,729,720,722,-1,729,722,731,-1,731,722,738,-1,731,738,733,-1,733,738,739,-1,733,739,735,-1,735,739,740,-1,735,740,736,-1,736,740,741,-1,736,741,737,-1,737,741,742,-1,737,742,743,-1,743,742,744,-1,745,744,742,-1,746,747,748,-1,748,745,746,-1,746,745,742,-1,746,742,749,-1,749,742,741,-1,749,741,750,-1,750,741,740,-1,750,740,751,-1,751,740,739,-1,751,739,752,-1,752,739,738,-1,752,738,722,-1,722,721,752,-1,752,721,753,-1,752,753,754,-1,754,218,752,-1,752,218,217,-1,752,217,751,-1,751,217,219,-1,751,219,750,-1,750,219,223,-1,750,223,749,-1,749,223,222,-1,749,222,746,-1,746,222,221,-1,746,221,747,-1,747,221,220,-1,218,208,210,-1,755,756,757,-1,758,699,705,-1,758,705,759,-1,699,758,700,-1,700,758,760,-1,700,760,702,-1,702,760,703,-1,703,760,761,-1,703,761,695,-1,695,761,762,-1,762,761,763,-1,762,763,764,-1,765,766,764,-1,764,766,698,-1,764,698,762,-1,689,767,690,-1,690,767,759,-1,690,759,707,-1,707,759,705,-1,767,755,759,-1,759,755,757,-1,759,757,758,-1,758,757,768,-1,758,768,760,-1,760,768,769,-1,760,769,761,-1,761,769,770,-1,761,770,763,-1,763,770,771,-1,763,771,764,-1,764,771,772,-1,764,772,765,-1,765,772,773,-1,774,743,744,-1,774,744,711,-1,698,724,691,-1,691,724,723,-1,774,692,743,-1,743,692,691,-1,743,691,737,-1,737,691,723,-1,698,766,724,-1,724,766,765,-1,724,765,773,-1,744,745,711,-1,711,745,748,-1,711,748,212,-1,212,748,747,-1,212,747,220,-1,610,609,662,-1,612,638,614,-1,614,638,637,-1,637,651,614,-1,614,651,657,-1,614,657,615,-1,612,680,638,-1,638,680,679,-1,638,679,687,-1,615,657,775,-1,775,657,658,-1,775,658,609,-1,609,658,659,-1,609,659,662,-1,610,662,197,-1,197,662,661,-1,197,661,203,-1,584,594,563,-1,576,545,534,-1,576,534,562,-1,562,534,520,-1,562,520,563,-1,563,520,585,-1,563,585,584,-1,547,188,182,-1,547,182,544,-1,544,182,776,-1,544,776,545,-1,545,776,535,-1,545,535,534,-1,492,512,493,-1,493,512,494,-1,492,474,512,-1,512,474,451,-1,512,451,503,-1,451,452,503,-1,503,452,453,-1,503,453,497,-1,497,453,436,-1,497,436,496,-1,436,435,496,-1,496,435,455,-1,496,455,423,-1,423,455,454,-1,423,454,413,-1,173,162,458,-1,458,162,416,-1,458,416,454,-1,454,416,414,-1,454,414,413,-1,393,403,397,-1,397,396,393,-1,393,396,353,-1,393,353,384,-1,353,352,384,-1,384,352,355,-1,384,355,378,-1,378,355,342,-1,378,342,377,-1,342,341,377,-1,377,341,361,-1,377,361,329,-1,329,361,360,-1,329,360,319,-1,160,153,364,-1,364,153,322,-1,364,322,360,-1,360,322,320,-1,360,320,319,-1,302,292,303,-1,303,292,318,-1,302,296,292,-1,292,296,251,-1,292,251,285,-1,251,252,285,-1,285,252,253,-1,285,253,278,-1,278,253,242,-1,278,242,277,-1,242,241,277,-1,277,241,255,-1,277,255,234,-1,234,255,254,-1,234,254,224,-1,138,137,258,-1,258,137,227,-1,258,227,254,-1,254,227,225,-1,254,225,224,-1,132,143,233,-1,233,143,263,-1,233,263,232,-1,263,777,232,-1,232,777,260,-1,232,260,778,-1,778,260,286,-1,260,259,286,-1,286,259,272,-1,286,272,294,-1,294,293,286,-1,286,293,306,-1,286,306,305,-1,779,292,291,-1,779,291,780,-1,780,291,290,-1,780,290,289,-1,289,288,780,-1,780,288,287,-1,780,287,286,-1,318,781,782,-1,783,305,307,-1,307,309,783,-1,783,309,311,-1,783,311,784,-1,311,313,784,-1,784,313,315,-1,784,315,785,-1,785,315,317,-1,785,317,786,-1,786,317,318,-1,786,318,787,-1,787,318,782,-1,780,788,789,-1,780,789,779,-1,779,789,790,-1,779,790,791,-1,791,792,779,-1,779,792,793,-1,779,793,794,-1,337,365,385,-1,145,155,328,-1,328,155,340,-1,328,340,327,-1,385,336,327,-1,327,340,385,-1,385,340,338,-1,385,338,337,-1,348,347,387,-1,348,387,365,-1,365,387,795,-1,365,795,385,-1,347,411,387,-1,387,411,412,-1,387,412,410,-1,391,390,796,-1,390,389,796,-1,796,389,388,-1,796,388,387,-1,391,796,392,-1,392,796,797,-1,392,797,393,-1,798,410,409,-1,403,799,800,-1,409,408,798,-1,798,408,407,-1,798,407,801,-1,407,406,801,-1,801,406,405,-1,801,405,802,-1,802,405,404,-1,802,404,803,-1,803,404,403,-1,803,403,804,-1,804,403,800,-1,796,805,806,-1,796,806,797,-1,797,806,807,-1,797,807,808,-1,808,809,797,-1,797,809,810,-1,797,810,811,-1,434,432,504,-1,165,170,422,-1,422,170,434,-1,422,434,421,-1,421,434,504,-1,421,504,430,-1,432,431,504,-1,504,431,459,-1,504,459,812,-1,812,459,506,-1,459,442,506,-1,506,442,441,-1,506,441,480,-1,480,495,506,-1,506,495,473,-1,506,473,472,-1,494,813,814,-1,815,472,471,-1,816,484,817,-1,817,484,482,-1,817,482,818,-1,818,482,494,-1,818,494,819,-1,819,494,814,-1,471,490,815,-1,815,490,488,-1,815,488,816,-1,816,488,486,-1,816,486,484,-1,510,509,820,-1,509,508,820,-1,820,508,507,-1,820,507,506,-1,510,820,511,-1,511,820,821,-1,511,821,512,-1,559,558,561,-1,560,531,187,-1,187,531,177,-1,561,513,530,-1,530,532,561,-1,561,532,531,-1,561,531,559,-1,559,531,560,-1,565,587,566,-1,566,587,586,-1,566,586,561,-1,561,586,514,-1,561,514,513,-1,565,567,822,-1,822,567,569,-1,822,569,571,-1,563,823,564,-1,564,823,822,-1,564,822,573,-1,573,822,571,-1,824,825,594,-1,588,587,826,-1,592,591,827,-1,827,591,590,-1,827,590,826,-1,826,590,589,-1,826,589,588,-1,824,594,828,-1,592,827,593,-1,593,827,829,-1,593,829,594,-1,594,829,830,-1,594,830,828,-1,831,640,642,-1,638,832,639,-1,639,832,831,-1,639,831,648,-1,642,644,831,-1,831,644,646,-1,831,646,648,-1,667,605,668,-1,668,605,618,-1,668,618,202,-1,202,618,193,-1,599,605,634,-1,634,605,667,-1,634,667,635,-1,603,602,634,-1,634,602,600,-1,634,600,599,-1,640,670,641,-1,641,670,669,-1,641,669,634,-1,634,669,681,-1,634,681,603,-1,833,834,832,-1,832,834,835,-1,832,835,836,-1,836,837,832,-1,832,837,838,-1,832,838,831,-1,831,838,839,-1,671,670,840,-1,841,842,687,-1,685,684,843,-1,843,684,683,-1,843,683,840,-1,840,683,682,-1,840,682,671,-1,841,687,844,-1,685,843,686,-1,686,843,845,-1,686,845,687,-1,687,845,846,-1,687,846,844,-1,726,728,847,-1,847,728,730,-1,847,730,732,-1,724,848,725,-1,725,848,847,-1,725,847,734,-1,734,847,732,-1,208,218,709,-1,709,218,754,-1,709,754,753,-1,710,709,720,-1,720,709,753,-1,720,753,721,-1,689,688,720,-1,720,688,708,-1,720,708,710,-1,726,756,727,-1,727,756,755,-1,727,755,720,-1,720,755,767,-1,720,767,689,-1,849,850,848,-1,848,850,851,-1,848,851,852,-1,852,853,848,-1,848,853,854,-1,848,854,847,-1,847,854,855,-1,757,756,856,-1,771,770,857,-1,857,770,769,-1,857,769,856,-1,856,769,768,-1,856,768,757,-1,858,773,859,-1,859,773,860,-1,771,857,772,-1,772,857,861,-1,772,861,773,-1,773,861,862,-1,773,862,860,-1,724,773,848,-1,848,773,858,-1,848,858,849,-1,638,687,832,-1,832,687,842,-1,832,842,833,-1,563,594,823,-1,823,594,825,-1,494,512,813,-1,813,512,821,-1,403,393,799,-1,799,393,797,-1,799,797,811,-1,318,292,781,-1,781,292,779,-1,781,779,794,-1,863,864,865,-1,866,867,868,-1,869,868,870,-1,871,872,873,-1,874,875,876,-1,877,878,879,-1,879,878,880,-1,879,880,881,-1,881,880,882,-1,881,882,883,-1,879,884,877,-1,877,884,885,-1,877,885,886,-1,866,868,887,-1,887,868,869,-1,887,869,888,-1,889,864,890,-1,890,864,863,-1,890,863,891,-1,892,893,894,-1,894,893,895,-1,894,895,896,-1,897,865,898,-1,898,865,864,-1,898,864,899,-1,899,864,889,-1,899,889,900,-1,870,901,869,-1,869,901,891,-1,869,891,888,-1,888,891,863,-1,888,863,902,-1,902,863,865,-1,902,865,903,-1,903,865,897,-1,781,875,782,-1,782,875,874,-1,782,874,787,-1,904,905,906,-1,906,905,907,-1,906,907,908,-1,908,907,909,-1,908,909,910,-1,910,909,911,-1,783,784,904,-1,904,784,785,-1,904,785,905,-1,905,785,786,-1,905,786,907,-1,907,786,787,-1,907,787,909,-1,909,787,874,-1,909,874,911,-1,911,874,876,-1,911,876,872,-1,912,913,914,-1,914,913,871,-1,914,871,915,-1,915,871,873,-1,915,873,916,-1,917,918,912,-1,892,917,893,-1,893,917,912,-1,893,912,895,-1,895,912,914,-1,895,914,896,-1,896,914,915,-1,872,871,911,-1,911,871,913,-1,911,913,910,-1,910,913,912,-1,910,912,908,-1,908,912,918,-1,908,918,906,-1,906,918,881,-1,906,881,904,-1,904,881,883,-1,904,883,783,-1,916,867,915,-1,915,867,866,-1,915,866,896,-1,896,866,887,-1,896,887,894,-1,894,887,888,-1,894,888,892,-1,892,888,902,-1,892,902,917,-1,917,902,903,-1,917,903,918,-1,918,903,897,-1,918,897,881,-1,881,897,898,-1,881,898,879,-1,879,898,899,-1,879,899,884,-1,884,899,900,-1,884,900,885,-1,286,305,780,-1,780,305,783,-1,780,783,788,-1,919,920,921,-1,922,923,924,-1,925,926,927,-1,927,926,928,-1,929,930,925,-1,931,932,933,-1,933,932,934,-1,933,934,930,-1,935,794,936,-1,936,794,793,-1,936,793,937,-1,938,939,940,-1,940,939,941,-1,940,941,937,-1,937,941,920,-1,937,920,936,-1,936,920,919,-1,936,919,935,-1,793,792,937,-1,937,792,791,-1,937,791,940,-1,940,791,790,-1,940,790,938,-1,788,942,789,-1,789,942,943,-1,789,943,790,-1,790,943,944,-1,790,944,938,-1,945,922,946,-1,946,922,924,-1,946,924,947,-1,947,924,948,-1,947,948,949,-1,949,948,950,-1,949,950,951,-1,951,950,952,-1,951,952,953,-1,953,952,954,-1,953,954,955,-1,955,954,956,-1,955,956,921,-1,921,920,955,-1,955,920,941,-1,955,941,953,-1,953,941,939,-1,953,939,951,-1,951,939,938,-1,951,938,949,-1,949,938,944,-1,949,944,947,-1,947,944,943,-1,947,943,946,-1,946,943,942,-1,946,942,945,-1,930,929,933,-1,933,929,957,-1,933,957,931,-1,925,927,929,-1,929,927,958,-1,929,958,957,-1,957,958,959,-1,957,959,931,-1,960,961,962,-1,962,961,963,-1,962,963,964,-1,964,963,965,-1,964,965,966,-1,966,965,967,-1,966,967,968,-1,968,967,969,-1,968,969,959,-1,959,969,970,-1,959,970,931,-1,923,960,924,-1,924,960,962,-1,924,962,948,-1,948,962,964,-1,948,964,950,-1,950,964,966,-1,950,966,952,-1,952,966,968,-1,952,968,954,-1,954,968,959,-1,954,959,956,-1,956,959,958,-1,956,958,921,-1,921,958,927,-1,921,927,919,-1,919,927,928,-1,919,928,935,-1,971,972,973,-1,974,972,975,-1,976,977,978,-1,979,980,981,-1,981,980,982,-1,979,981,983,-1,983,981,984,-1,983,984,985,-1,985,984,986,-1,985,986,987,-1,987,986,988,-1,987,988,989,-1,989,988,990,-1,989,990,991,-1,991,990,800,-1,991,800,799,-1,798,992,993,-1,993,992,994,-1,993,994,995,-1,995,994,996,-1,997,998,999,-1,1000,1001,997,-1,1000,1002,1003,-1,1003,1002,1004,-1,1003,1004,1005,-1,1005,1004,1006,-1,1005,1006,1007,-1,1007,1006,1008,-1,1007,1008,1009,-1,971,1010,1011,-1,1011,1010,1012,-1,977,976,1013,-1,1013,976,1014,-1,1013,1014,1015,-1,998,996,999,-1,999,996,994,-1,999,994,1016,-1,1016,994,1017,-1,1000,997,1002,-1,1002,997,999,-1,1002,999,1004,-1,1004,999,1016,-1,1004,1016,1006,-1,1006,1016,1017,-1,1006,1017,1008,-1,973,972,1018,-1,1018,972,974,-1,1018,974,804,-1,803,1019,802,-1,802,1019,992,-1,802,992,801,-1,801,992,798,-1,982,1020,981,-1,981,1020,1021,-1,981,1021,984,-1,984,1021,1022,-1,984,1022,986,-1,986,1022,1023,-1,986,1023,988,-1,1020,1012,1021,-1,1021,1012,1010,-1,1021,1010,1022,-1,1022,1010,971,-1,1022,971,1023,-1,1023,971,973,-1,1023,973,988,-1,988,973,1018,-1,988,1018,990,-1,990,1018,804,-1,990,804,800,-1,975,972,1015,-1,1015,972,971,-1,1015,971,1013,-1,1013,971,1011,-1,1013,1011,977,-1,977,1011,1012,-1,977,1012,978,-1,978,1012,1020,-1,978,1020,1024,-1,1024,1020,982,-1,1024,982,1025,-1,1025,1026,1024,-1,1024,1026,1009,-1,1024,1009,978,-1,978,1009,1008,-1,978,1008,976,-1,976,1008,1017,-1,976,1017,1014,-1,1014,1017,994,-1,1014,994,1015,-1,1015,994,992,-1,1015,992,975,-1,975,992,1019,-1,975,1019,974,-1,974,1019,803,-1,974,803,804,-1,387,410,796,-1,796,410,798,-1,796,798,805,-1,1027,1028,1029,-1,1030,1031,1032,-1,1033,1034,1035,-1,1035,1034,1036,-1,1037,1038,1033,-1,1039,1040,1041,-1,1041,1040,1042,-1,1041,1042,1038,-1,1043,811,1044,-1,1044,811,810,-1,1044,810,1045,-1,1046,1047,1048,-1,1048,1047,1049,-1,1048,1049,1045,-1,1045,1049,1028,-1,1045,1028,1044,-1,1044,1028,1027,-1,1044,1027,1043,-1,810,809,1045,-1,1045,809,808,-1,1045,808,1048,-1,1048,808,807,-1,1048,807,1046,-1,805,1050,806,-1,806,1050,1051,-1,806,1051,807,-1,807,1051,1052,-1,807,1052,1046,-1,1053,1030,1054,-1,1054,1030,1032,-1,1054,1032,1055,-1,1055,1032,1056,-1,1055,1056,1057,-1,1057,1056,1058,-1,1057,1058,1059,-1,1059,1058,1060,-1,1059,1060,1061,-1,1061,1060,1062,-1,1061,1062,1063,-1,1063,1062,1064,-1,1063,1064,1029,-1,1029,1028,1063,-1,1063,1028,1049,-1,1063,1049,1061,-1,1061,1049,1047,-1,1061,1047,1059,-1,1059,1047,1046,-1,1059,1046,1057,-1,1057,1046,1052,-1,1057,1052,1055,-1,1055,1052,1051,-1,1055,1051,1054,-1,1054,1051,1050,-1,1054,1050,1053,-1,1038,1037,1041,-1,1041,1037,1065,-1,1041,1065,1039,-1,1033,1035,1037,-1,1037,1035,1066,-1,1037,1066,1065,-1,1065,1066,1067,-1,1065,1067,1039,-1,1068,1069,1070,-1,1070,1069,1071,-1,1070,1071,1072,-1,1072,1071,1073,-1,1072,1073,1074,-1,1074,1073,1075,-1,1074,1075,1076,-1,1076,1075,1077,-1,1076,1077,1067,-1,1067,1077,1078,-1,1067,1078,1039,-1,1031,1068,1032,-1,1032,1068,1070,-1,1032,1070,1056,-1,1056,1070,1072,-1,1056,1072,1058,-1,1058,1072,1074,-1,1058,1074,1060,-1,1060,1074,1076,-1,1060,1076,1062,-1,1062,1076,1067,-1,1062,1067,1064,-1,1064,1067,1066,-1,1064,1066,1029,-1,1029,1066,1035,-1,1029,1035,1027,-1,1027,1035,1036,-1,1027,1036,1043,-1,1079,1080,1081,-1,1082,1080,1083,-1,1084,1085,1086,-1,1087,1088,1089,-1,1089,1088,1090,-1,1087,1089,1091,-1,1091,1089,1092,-1,1091,1092,1093,-1,1093,1092,1094,-1,1093,1094,1095,-1,1095,1094,1096,-1,1095,1096,1097,-1,1097,1096,1098,-1,1097,1098,1099,-1,1099,1098,814,-1,1099,814,813,-1,815,1100,1101,-1,1101,1100,1102,-1,1101,1102,1103,-1,1103,1102,1104,-1,1105,1106,1107,-1,1108,1109,1105,-1,1108,1110,1111,-1,1111,1110,1112,-1,1111,1112,1113,-1,1113,1112,1114,-1,1113,1114,1115,-1,1115,1114,1116,-1,1115,1116,1117,-1,1079,1118,1119,-1,1119,1118,1120,-1,1085,1084,1121,-1,1121,1084,1122,-1,1121,1122,1123,-1,1106,1104,1107,-1,1107,1104,1102,-1,1107,1102,1124,-1,1124,1102,1125,-1,1108,1105,1110,-1,1110,1105,1107,-1,1110,1107,1112,-1,1112,1107,1124,-1,1112,1124,1114,-1,1114,1124,1125,-1,1114,1125,1116,-1,1081,1080,1126,-1,1126,1080,1082,-1,1126,1082,819,-1,818,1127,817,-1,817,1127,1100,-1,817,1100,816,-1,816,1100,815,-1,1090,1128,1089,-1,1089,1128,1129,-1,1089,1129,1092,-1,1092,1129,1130,-1,1092,1130,1094,-1,1094,1130,1131,-1,1094,1131,1096,-1,1128,1120,1129,-1,1129,1120,1118,-1,1129,1118,1130,-1,1130,1118,1079,-1,1130,1079,1131,-1,1131,1079,1081,-1,1131,1081,1096,-1,1096,1081,1126,-1,1096,1126,1098,-1,1098,1126,819,-1,1098,819,814,-1,1083,1080,1123,-1,1123,1080,1079,-1,1123,1079,1121,-1,1121,1079,1119,-1,1121,1119,1085,-1,1085,1119,1120,-1,1085,1120,1086,-1,1086,1120,1128,-1,1086,1128,1132,-1,1132,1128,1090,-1,1132,1090,1133,-1,1133,1134,1132,-1,1132,1134,1117,-1,1132,1117,1086,-1,1086,1117,1116,-1,1086,1116,1084,-1,1084,1116,1125,-1,1084,1125,1122,-1,1122,1125,1102,-1,1122,1102,1123,-1,1123,1102,1100,-1,1123,1100,1083,-1,1083,1100,1127,-1,1083,1127,1082,-1,1082,1127,818,-1,1082,818,819,-1,820,506,815,-1,815,506,472,-1,821,820,1135,-1,1135,820,1136,-1,1135,1136,1137,-1,1137,1136,1138,-1,1139,1140,1141,-1,1141,1140,1142,-1,1141,1142,823,-1,823,1142,822,-1,826,587,822,-1,822,587,565,-1,1143,1144,1145,-1,1146,1147,1148,-1,1149,1150,1151,-1,1151,1150,1152,-1,1153,1154,1149,-1,1155,1156,1157,-1,1157,1156,1158,-1,1157,1158,1154,-1,1159,825,1160,-1,1160,825,824,-1,1160,824,1161,-1,1162,1163,1164,-1,1164,1163,1165,-1,1164,1165,1161,-1,1161,1165,1144,-1,1161,1144,1160,-1,1160,1144,1143,-1,1160,1143,1159,-1,824,828,1161,-1,1161,828,830,-1,1161,830,1164,-1,1164,830,829,-1,1164,829,1162,-1,826,1166,827,-1,827,1166,1167,-1,827,1167,829,-1,829,1167,1168,-1,829,1168,1162,-1,1169,1146,1170,-1,1170,1146,1148,-1,1170,1148,1171,-1,1171,1148,1172,-1,1171,1172,1173,-1,1173,1172,1174,-1,1173,1174,1175,-1,1175,1174,1176,-1,1175,1176,1177,-1,1177,1176,1178,-1,1177,1178,1179,-1,1179,1178,1180,-1,1179,1180,1145,-1,1145,1144,1179,-1,1179,1144,1165,-1,1179,1165,1177,-1,1177,1165,1163,-1,1177,1163,1175,-1,1175,1163,1162,-1,1175,1162,1173,-1,1173,1162,1168,-1,1173,1168,1171,-1,1171,1168,1167,-1,1171,1167,1170,-1,1170,1167,1166,-1,1170,1166,1169,-1,1154,1153,1157,-1,1157,1153,1181,-1,1157,1181,1155,-1,1149,1151,1153,-1,1153,1151,1182,-1,1153,1182,1181,-1,1181,1182,1183,-1,1181,1183,1155,-1,1184,1185,1186,-1,1186,1185,1187,-1,1186,1187,1188,-1,1188,1187,1189,-1,1188,1189,1190,-1,1190,1189,1191,-1,1190,1191,1192,-1,1192,1191,1193,-1,1192,1193,1183,-1,1183,1193,1194,-1,1183,1194,1155,-1,1147,1184,1148,-1,1148,1184,1186,-1,1148,1186,1172,-1,1172,1186,1188,-1,1172,1188,1174,-1,1174,1188,1190,-1,1174,1190,1176,-1,1176,1190,1192,-1,1176,1192,1178,-1,1178,1192,1183,-1,1178,1183,1180,-1,1180,1183,1182,-1,1180,1182,1145,-1,1145,1182,1151,-1,1145,1151,1143,-1,1143,1151,1152,-1,1143,1152,1159,-1,1195,1196,1197,-1,1198,1199,1200,-1,1201,1202,1203,-1,1204,1205,1206,-1,1207,1208,1209,-1,1210,1211,1212,-1,1212,1211,1213,-1,1212,1213,1214,-1,1214,1213,1215,-1,1214,1215,1216,-1,1212,1217,1210,-1,1210,1217,1218,-1,1210,1218,1219,-1,1202,1220,1203,-1,1203,1220,1199,-1,1203,1199,1221,-1,1221,1199,1198,-1,1221,1198,1222,-1,1223,1196,1224,-1,1224,1196,1195,-1,1224,1195,1225,-1,1226,1227,1228,-1,1228,1227,1229,-1,1228,1229,1230,-1,1231,1197,1232,-1,1232,1197,1196,-1,1232,1196,1233,-1,1233,1196,1223,-1,1233,1223,1234,-1,1200,1235,1198,-1,1198,1235,1225,-1,1198,1225,1222,-1,1222,1225,1195,-1,1222,1195,1236,-1,1236,1195,1197,-1,1236,1197,1237,-1,1237,1197,1231,-1,833,1208,834,-1,834,1208,1207,-1,834,1207,835,-1,1238,1239,1240,-1,1240,1239,1241,-1,1240,1241,1242,-1,1242,1241,1243,-1,1242,1243,1244,-1,1244,1243,1245,-1,839,838,1238,-1,1238,838,837,-1,1238,837,1239,-1,1239,837,836,-1,1239,836,1241,-1,1241,836,835,-1,1241,835,1243,-1,1243,835,1207,-1,1243,1207,1245,-1,1245,1207,1209,-1,1245,1209,1205,-1,1206,1246,1204,-1,1204,1246,1247,-1,1204,1247,1248,-1,1248,1247,1249,-1,1250,1251,1249,-1,1226,1250,1227,-1,1227,1250,1249,-1,1227,1249,1229,-1,1229,1249,1247,-1,1229,1247,1230,-1,1230,1247,1246,-1,1205,1204,1245,-1,1245,1204,1248,-1,1245,1248,1244,-1,1244,1248,1249,-1,1244,1249,1242,-1,1242,1249,1251,-1,1242,1251,1240,-1,1240,1251,1214,-1,1240,1214,1238,-1,1238,1214,1216,-1,1238,1216,839,-1,1206,1201,1246,-1,1246,1201,1203,-1,1246,1203,1230,-1,1230,1203,1221,-1,1230,1221,1228,-1,1228,1221,1222,-1,1228,1222,1226,-1,1226,1222,1236,-1,1226,1236,1250,-1,1250,1236,1237,-1,1250,1237,1251,-1,1251,1237,1231,-1,1251,1231,1214,-1,1214,1231,1232,-1,1214,1232,1212,-1,1212,1232,1233,-1,1212,1233,1217,-1,1217,1233,1234,-1,1217,1234,1218,-1,670,640,840,-1,840,640,831,-1,840,831,839,-1,1252,1253,1254,-1,1255,1256,1257,-1,1258,1259,1260,-1,1260,1259,1261,-1,1262,1263,1258,-1,1264,1265,1266,-1,1266,1265,1267,-1,1266,1267,1263,-1,1268,842,1269,-1,1269,842,841,-1,1269,841,1270,-1,1271,1272,1273,-1,1273,1272,1274,-1,1273,1274,1270,-1,1270,1274,1253,-1,1270,1253,1269,-1,1269,1253,1252,-1,1269,1252,1268,-1,841,844,1270,-1,1270,844,846,-1,1270,846,1273,-1,1273,846,845,-1,1273,845,1271,-1,840,1275,843,-1,843,1275,1276,-1,843,1276,845,-1,845,1276,1277,-1,845,1277,1271,-1,1278,1255,1279,-1,1279,1255,1257,-1,1279,1257,1280,-1,1280,1257,1281,-1,1280,1281,1282,-1,1282,1281,1283,-1,1282,1283,1284,-1,1284,1283,1285,-1,1284,1285,1286,-1,1286,1285,1287,-1,1286,1287,1288,-1,1288,1287,1289,-1,1288,1289,1254,-1,1254,1253,1288,-1,1288,1253,1274,-1,1288,1274,1286,-1,1286,1274,1272,-1,1286,1272,1284,-1,1284,1272,1271,-1,1284,1271,1282,-1,1282,1271,1277,-1,1282,1277,1280,-1,1280,1277,1276,-1,1280,1276,1279,-1,1279,1276,1275,-1,1279,1275,1278,-1,1263,1262,1266,-1,1266,1262,1290,-1,1266,1290,1264,-1,1258,1260,1262,-1,1262,1260,1291,-1,1262,1291,1290,-1,1290,1291,1292,-1,1290,1292,1264,-1,1293,1294,1295,-1,1295,1294,1296,-1,1295,1296,1297,-1,1297,1296,1298,-1,1297,1298,1299,-1,1299,1298,1300,-1,1299,1300,1301,-1,1301,1300,1302,-1,1301,1302,1292,-1,1292,1302,1303,-1,1292,1303,1264,-1,1256,1293,1257,-1,1257,1293,1295,-1,1257,1295,1281,-1,1281,1295,1297,-1,1281,1297,1283,-1,1283,1297,1299,-1,1283,1299,1285,-1,1285,1299,1301,-1,1285,1301,1287,-1,1287,1301,1292,-1,1287,1292,1289,-1,1289,1292,1291,-1,1289,1291,1254,-1,1254,1291,1260,-1,1254,1260,1252,-1,1252,1260,1261,-1,1252,1261,1268,-1,1304,1305,1306,-1,1307,1305,1308,-1,1309,1310,1311,-1,1312,1313,1314,-1,1314,1313,1315,-1,1314,1315,1316,-1,1316,1315,1317,-1,1317,1315,1318,-1,1317,1318,1319,-1,1319,1318,1320,-1,1319,1320,1321,-1,1321,1320,1322,-1,1321,1322,1323,-1,1323,1322,850,-1,1323,850,849,-1,855,1324,1325,-1,1325,1324,1326,-1,1325,1326,1327,-1,1327,1326,1328,-1,1329,1330,1331,-1,1332,1333,1329,-1,1332,1334,1335,-1,1335,1334,1336,-1,1335,1336,1337,-1,1337,1336,1338,-1,1337,1338,1339,-1,1339,1338,1340,-1,1339,1340,1341,-1,1304,1342,1343,-1,1343,1342,1344,-1,1310,1309,1345,-1,1345,1309,1346,-1,1345,1346,1347,-1,1330,1328,1331,-1,1331,1328,1326,-1,1331,1326,1348,-1,1348,1326,1349,-1,1332,1329,1334,-1,1334,1329,1331,-1,1334,1331,1336,-1,1336,1331,1348,-1,1336,1348,1338,-1,1338,1348,1349,-1,1338,1349,1340,-1,1306,1305,1350,-1,1350,1305,1307,-1,1350,1307,851,-1,852,1351,853,-1,853,1351,1324,-1,853,1324,854,-1,854,1324,855,-1,1312,1352,1313,-1,1313,1352,1353,-1,1313,1353,1315,-1,1315,1353,1354,-1,1315,1354,1318,-1,1318,1354,1355,-1,1318,1355,1320,-1,1352,1344,1353,-1,1353,1344,1342,-1,1353,1342,1354,-1,1354,1342,1304,-1,1354,1304,1355,-1,1355,1304,1306,-1,1355,1306,1320,-1,1320,1306,1350,-1,1320,1350,1322,-1,1322,1350,851,-1,1322,851,850,-1,1308,1305,1347,-1,1347,1305,1304,-1,1347,1304,1345,-1,1345,1304,1343,-1,1345,1343,1310,-1,1310,1343,1344,-1,1310,1344,1311,-1,1311,1344,1352,-1,1311,1352,1356,-1,1356,1352,1312,-1,1356,1312,1357,-1,1357,1358,1356,-1,1356,1358,1341,-1,1356,1341,1311,-1,1311,1341,1340,-1,1311,1340,1309,-1,1309,1340,1349,-1,1309,1349,1346,-1,1346,1349,1326,-1,1346,1326,1347,-1,1347,1326,1324,-1,1347,1324,1308,-1,1308,1324,1351,-1,1308,1351,1307,-1,1307,1351,852,-1,1307,852,851,-1,756,726,856,-1,856,726,847,-1,856,847,855,-1,1359,1360,1361,-1,1362,1363,1364,-1,1365,1366,1367,-1,1367,1366,1368,-1,1369,1370,1365,-1,1371,1372,1373,-1,1373,1372,1374,-1,1373,1374,1370,-1,1375,858,1376,-1,1376,858,859,-1,1376,859,1377,-1,1378,1379,1380,-1,1380,1379,1381,-1,1380,1381,1377,-1,1377,1381,1360,-1,1377,1360,1376,-1,1376,1360,1359,-1,1376,1359,1375,-1,859,860,1377,-1,1377,860,862,-1,1377,862,1380,-1,1380,862,861,-1,1380,861,1378,-1,856,1382,857,-1,857,1382,1383,-1,857,1383,861,-1,861,1383,1384,-1,861,1384,1378,-1,1385,1362,1386,-1,1386,1362,1364,-1,1386,1364,1387,-1,1387,1364,1388,-1,1387,1388,1389,-1,1389,1388,1390,-1,1389,1390,1391,-1,1391,1390,1392,-1,1391,1392,1393,-1,1393,1392,1394,-1,1393,1394,1395,-1,1395,1394,1396,-1,1395,1396,1361,-1,1361,1360,1395,-1,1395,1360,1381,-1,1395,1381,1393,-1,1393,1381,1379,-1,1393,1379,1391,-1,1391,1379,1378,-1,1391,1378,1389,-1,1389,1378,1384,-1,1389,1384,1387,-1,1387,1384,1383,-1,1387,1383,1386,-1,1386,1383,1382,-1,1386,1382,1385,-1,1370,1369,1373,-1,1373,1369,1397,-1,1373,1397,1371,-1,1365,1367,1369,-1,1369,1367,1398,-1,1369,1398,1397,-1,1397,1398,1399,-1,1397,1399,1371,-1,1400,1401,1402,-1,1402,1401,1403,-1,1402,1403,1404,-1,1404,1403,1405,-1,1404,1405,1406,-1,1406,1405,1407,-1,1406,1407,1408,-1,1408,1407,1409,-1,1408,1409,1399,-1,1399,1409,1410,-1,1399,1410,1371,-1,1363,1400,1364,-1,1364,1400,1402,-1,1364,1402,1388,-1,1388,1402,1404,-1,1388,1404,1390,-1,1390,1404,1406,-1,1390,1406,1392,-1,1392,1406,1408,-1,1392,1408,1394,-1,1394,1408,1399,-1,1394,1399,1396,-1,1396,1399,1398,-1,1396,1398,1361,-1,1361,1398,1367,-1,1361,1367,1359,-1,1359,1367,1368,-1,1359,1368,1375,-1,1372,1357,1312,-1,1312,1314,1372,-1,1372,1314,1316,-1,1372,1316,1374,-1,1317,1365,1316,-1,1316,1365,1370,-1,1316,1370,1374,-1,1375,1368,1317,-1,1317,1368,1411,-1,1317,1411,1365,-1,1323,849,858,-1,1323,858,1321,-1,1375,1317,858,-1,858,1317,1319,-1,858,1319,1321,-1,1267,1265,1200,-1,1267,1200,1263,-1,1263,1200,1258,-1,1258,1200,1199,-1,1258,1199,1220,-1,1220,1202,1258,-1,1258,1202,1201,-1,1258,1201,1206,-1,1268,1261,1206,-1,1206,1261,1412,-1,1206,1412,1258,-1,1208,833,842,-1,1208,842,1209,-1,1268,1206,842,-1,842,1206,1205,-1,842,1205,1209,-1,1158,1156,1139,-1,1141,1149,1139,-1,1139,1149,1154,-1,1139,1154,1158,-1,823,825,1141,-1,1141,825,1159,-1,1159,1152,1141,-1,1141,1152,1150,-1,1141,1150,1149,-1,813,821,1099,-1,1099,821,1097,-1,1088,1087,1135,-1,1137,1133,1135,-1,1135,1133,1090,-1,1135,1090,1088,-1,1087,1091,1135,-1,1135,1091,1093,-1,1135,1093,821,-1,821,1093,1095,-1,821,1095,1097,-1,1042,1040,1025,-1,1042,1025,1038,-1,1038,1025,1033,-1,1033,1025,982,-1,1033,982,980,-1,980,979,1033,-1,1033,979,983,-1,1033,983,985,-1,987,811,985,-1,985,811,1043,-1,1043,1036,985,-1,985,1036,1034,-1,985,1034,1033,-1,987,989,811,-1,811,989,991,-1,811,991,799,-1,934,932,870,-1,868,925,870,-1,870,925,930,-1,870,930,934,-1,868,867,925,-1,925,867,916,-1,925,916,873,-1,935,928,873,-1,873,928,1413,-1,873,1413,925,-1,875,781,794,-1,875,794,876,-1,935,873,794,-1,794,873,872,-1,794,872,876,-1,1414,1415,1416,-1,1417,1418,1419,-1,1419,1418,1420,-1,1420,1421,1419,-1,1419,1421,1422,-1,1419,1422,1423,-1,1424,1425,1426,-1,1426,1425,1427,-1,1426,1427,1428,-1,1428,1427,1429,-1,1428,1429,1416,-1,1416,1429,1419,-1,1416,1419,1414,-1,1414,1419,1423,-1,885,900,1430,-1,1430,900,889,-1,1430,889,890,-1,890,891,1430,-1,1430,891,901,-1,1430,901,870,-1,886,885,1431,-1,1431,885,1430,-1,1431,1430,1432,-1,1432,1430,1433,-1,1432,1433,1434,-1,1434,1433,1435,-1,1434,1435,1424,-1,1424,1435,1425,-1,942,788,783,-1,783,883,942,-1,942,883,882,-1,942,882,880,-1,960,923,878,-1,878,923,1436,-1,878,1436,880,-1,880,1436,945,-1,880,945,942,-1,960,878,961,-1,961,878,877,-1,961,877,886,-1,963,961,1437,-1,932,931,1438,-1,1438,931,970,-1,970,969,1438,-1,1438,969,967,-1,1438,967,965,-1,1439,1440,1441,-1,1441,1440,1442,-1,1441,1442,1443,-1,1443,1442,1444,-1,1443,1444,1437,-1,1437,1444,1438,-1,1437,1438,963,-1,963,1438,965,-1,1000,1003,1445,-1,1445,1003,1005,-1,1445,1005,1007,-1,1007,1009,1445,-1,1445,1009,1026,-1,1445,1026,1025,-1,1001,1000,1446,-1,1446,1000,1445,-1,1446,1445,1447,-1,1447,1445,1448,-1,1447,1448,1449,-1,1449,1448,1450,-1,1449,1450,1439,-1,1439,1450,1440,-1,805,798,1050,-1,1050,798,993,-1,1050,993,1053,-1,1001,1069,1068,-1,1068,1031,1001,-1,1001,1031,1451,-1,1001,1451,997,-1,993,995,1053,-1,1053,995,996,-1,1053,996,1451,-1,1451,996,998,-1,1451,998,997,-1,1071,1069,1452,-1,1040,1039,1453,-1,1453,1039,1078,-1,1078,1077,1453,-1,1453,1077,1075,-1,1453,1075,1073,-1,1454,1455,1456,-1,1456,1455,1457,-1,1456,1457,1458,-1,1458,1457,1459,-1,1458,1459,1452,-1,1452,1459,1453,-1,1452,1453,1071,-1,1071,1453,1073,-1,1134,1133,1460,-1,1108,1111,1460,-1,1460,1111,1113,-1,1113,1115,1460,-1,1460,1115,1117,-1,1460,1117,1134,-1,1109,1108,1461,-1,1461,1108,1460,-1,1461,1460,1462,-1,1462,1460,1463,-1,1462,1463,1464,-1,1464,1463,1465,-1,1464,1465,1454,-1,1454,1465,1455,-1,1105,1109,1138,-1,820,815,1136,-1,1136,815,1101,-1,1101,1103,1136,-1,1136,1103,1104,-1,1136,1104,1138,-1,1138,1104,1106,-1,1138,1106,1105,-1,1466,1467,1138,-1,1138,1467,1137,-1,1468,1469,1470,-1,1468,1470,1471,-1,1471,1470,1472,-1,1471,1472,1473,-1,1473,1472,1474,-1,1473,1474,1475,-1,1475,1474,1476,-1,1475,1476,1477,-1,1477,1476,1478,-1,1477,1478,1479,-1,1479,1478,1467,-1,1479,1467,1466,-1,1468,1480,1469,-1,1469,1480,1481,-1,1482,1481,1483,-1,1483,1481,1480,-1,1484,1482,1485,-1,1485,1482,1483,-1,1485,1486,1484,-1,1484,1486,1487,-1,1488,1489,1490,-1,1490,1489,1491,-1,1490,1491,1492,-1,1492,1491,1493,-1,1492,1493,1494,-1,1494,1493,1495,-1,1494,1495,1496,-1,1496,1495,1497,-1,1496,1497,1498,-1,1498,1497,1499,-1,1498,1499,1500,-1,1500,1499,1501,-1,1500,1501,1502,-1,1502,1501,1503,-1,1502,1503,1504,-1,1504,1503,1505,-1,1504,1505,1506,-1,1506,1505,1507,-1,1506,1507,1508,-1,1508,1507,1509,-1,1508,1509,1510,-1,1510,1509,1511,-1,1510,1511,1512,-1,1512,1511,1513,-1,1512,1513,1514,-1,1514,1513,1515,-1,1514,1515,1516,-1,1516,1515,1517,-1,1516,1517,1518,-1,1518,1517,1519,-1,1518,1519,1520,-1,1520,1519,1521,-1,1520,1521,1522,-1,1522,1521,1523,-1,1522,1523,1524,-1,1524,1523,1525,-1,1524,1525,1526,-1,1526,1525,1527,-1,1526,1527,1528,-1,1528,1527,1529,-1,1528,1529,1530,-1,1530,1529,1531,-1,1530,1531,1532,-1,1532,1531,1533,-1,1532,1533,1486,-1,1486,1533,1487,-1,1488,1534,1489,-1,1489,1534,1535,-1,1536,1535,1537,-1,1537,1535,1534,-1,1538,1536,1539,-1,1539,1536,1537,-1,1539,1540,1538,-1,1538,1540,1541,-1,1542,1543,1544,-1,1542,1544,1545,-1,1545,1544,1546,-1,1545,1546,1547,-1,1547,1546,1548,-1,1547,1548,1549,-1,1549,1548,1550,-1,1549,1550,1551,-1,1551,1550,1552,-1,1551,1552,1553,-1,1553,1552,1541,-1,1553,1541,1540,-1,1543,1542,1139,-1,1139,1542,1140,-1,826,822,1166,-1,1166,822,1142,-1,1140,1185,1184,-1,1184,1147,1140,-1,1140,1147,1554,-1,1140,1554,1142,-1,1142,1554,1169,-1,1142,1169,1166,-1,1187,1185,1555,-1,1156,1155,1556,-1,1556,1155,1194,-1,1194,1193,1556,-1,1556,1193,1191,-1,1556,1191,1189,-1,1557,1558,1559,-1,1559,1558,1560,-1,1559,1560,1561,-1,1561,1560,1562,-1,1561,1562,1555,-1,1555,1562,1556,-1,1555,1556,1187,-1,1187,1556,1189,-1,1218,1234,1563,-1,1563,1234,1223,-1,1563,1223,1224,-1,1224,1225,1563,-1,1563,1225,1235,-1,1563,1235,1200,-1,1219,1218,1564,-1,1564,1218,1563,-1,1564,1563,1565,-1,1565,1563,1566,-1,1565,1566,1567,-1,1567,1566,1568,-1,1567,1568,1557,-1,1557,1568,1558,-1,1275,840,839,-1,839,1216,1275,-1,1275,1216,1215,-1,1275,1215,1213,-1,1293,1256,1211,-1,1211,1256,1569,-1,1211,1569,1213,-1,1213,1569,1278,-1,1213,1278,1275,-1,1293,1211,1294,-1,1294,1211,1210,-1,1294,1210,1219,-1,1296,1294,1570,-1,1303,1571,1264,-1,1264,1571,1265,-1,1303,1302,1571,-1,1571,1302,1300,-1,1571,1300,1298,-1,1572,1573,1574,-1,1574,1573,1575,-1,1574,1575,1576,-1,1576,1575,1577,-1,1576,1577,1570,-1,1570,1577,1571,-1,1570,1571,1296,-1,1296,1571,1298,-1,1332,1335,1578,-1,1578,1335,1337,-1,1578,1337,1339,-1,1339,1341,1578,-1,1578,1341,1358,-1,1578,1358,1357,-1,1333,1332,1579,-1,1579,1332,1578,-1,1579,1578,1580,-1,1580,1578,1581,-1,1580,1581,1582,-1,1582,1581,1583,-1,1582,1583,1572,-1,1572,1583,1573,-1,1382,856,855,-1,855,1325,1382,-1,1382,1325,1327,-1,1382,1327,1328,-1,1400,1363,1330,-1,1330,1363,1584,-1,1330,1584,1328,-1,1328,1584,1385,-1,1328,1385,1382,-1,1400,1330,1401,-1,1401,1330,1329,-1,1401,1329,1333,-1,1403,1401,1585,-1,1410,1586,1371,-1,1371,1586,1372,-1,1410,1409,1586,-1,1586,1409,1407,-1,1586,1407,1405,-1,1587,1588,1589,-1,1589,1588,1590,-1,1589,1590,1591,-1,1591,1590,1592,-1,1591,1592,1585,-1,1585,1592,1586,-1,1585,1586,1403,-1,1403,1586,1405,-1,1593,1594,1595,-1,1595,1594,1596,-1,1595,1596,1597,-1,1597,1598,1595,-1,1595,1598,1599,-1,1595,1599,1600,-1,1601,1593,1602,-1,1602,1593,1595,-1,1602,1595,1603,-1,1603,1595,1604,-1,1603,1604,1605,-1,1605,1604,1606,-1,1605,1606,1587,-1,1587,1606,1588,-1,1445,1025,1487,-1,1025,1040,1487,-1,1487,1040,1453,-1,1487,1453,1484,-1,1484,1453,1459,-1,1484,1459,1482,-1,1482,1459,1457,-1,1482,1457,1481,-1,1457,1455,1481,-1,1481,1455,1465,-1,1481,1465,1469,-1,1525,1427,1425,-1,1133,1137,1460,-1,1460,1137,1467,-1,1460,1474,1472,-1,1429,1521,1519,-1,1425,1435,1525,-1,1525,1435,1433,-1,1525,1433,1430,-1,1552,1556,1541,-1,1541,1556,1562,-1,1541,1562,1538,-1,1200,1265,1563,-1,1563,1265,1489,-1,1563,1489,1566,-1,1566,1489,1535,-1,1566,1535,1568,-1,1568,1535,1536,-1,1568,1536,1558,-1,1558,1536,1538,-1,1558,1538,1560,-1,1560,1538,1562,-1,1467,1478,1460,-1,1460,1478,1476,-1,1460,1476,1474,-1,1465,1463,1469,-1,1469,1463,1460,-1,1469,1460,1470,-1,1470,1460,1472,-1,1427,1525,1429,-1,1429,1525,1523,-1,1429,1523,1521,-1,1519,1517,1429,-1,1429,1517,1515,-1,1429,1515,1419,-1,870,932,1430,-1,1430,932,1438,-1,1430,1438,1525,-1,1525,1438,1527,-1,1527,1438,1529,-1,1529,1438,1444,-1,1529,1444,1531,-1,1531,1444,1442,-1,1531,1442,1533,-1,125,1417,1419,-1,1552,1550,1556,-1,1556,1550,1548,-1,1556,1548,1546,-1,1139,1156,1543,-1,1543,1156,1556,-1,1543,1556,1544,-1,1544,1556,1546,-1,1419,1515,125,-1,125,1515,1513,-1,125,1513,123,-1,1265,1571,1489,-1,1489,1571,1577,-1,1489,1577,1491,-1,1577,1575,1491,-1,1491,1575,1573,-1,1491,1573,1493,-1,1493,1573,1583,-1,1493,1583,1495,-1,1495,1583,1581,-1,1495,1581,1497,-1,1497,1581,1578,-1,1497,1578,1499,-1,1499,1578,1501,-1,1595,1600,1509,-1,1509,1600,123,-1,1509,123,1511,-1,1511,123,1513,-1,1442,1440,1533,-1,1533,1440,1450,-1,1533,1450,1487,-1,1487,1450,1448,-1,1487,1448,1445,-1,1357,1372,1578,-1,1578,1372,1586,-1,1578,1586,1501,-1,1501,1586,1592,-1,1507,1606,1509,-1,1509,1606,1604,-1,1509,1604,1595,-1,1592,1590,1501,-1,1501,1590,1588,-1,1501,1588,1503,-1,1503,1588,1606,-1,1503,1606,1505,-1,1505,1606,1507,-1,1570,1294,1488,-1,1553,1540,1555,-1,1428,1416,1514,-1,1579,1580,1587,-1,1069,1001,1452,-1,1452,1001,1486,-1,1452,1486,1458,-1,1458,1486,1485,-1,1458,1485,1456,-1,1456,1485,1483,-1,1456,1483,1454,-1,1454,1483,1480,-1,1454,1480,1464,-1,1294,1219,1488,-1,1488,1219,1564,-1,1488,1564,1534,-1,1534,1564,1565,-1,1534,1565,1537,-1,1537,1565,1567,-1,1537,1567,1539,-1,1555,1185,1140,-1,1504,1506,1605,-1,1138,1109,1466,-1,1466,1109,1461,-1,1466,1461,1479,-1,1490,1492,1582,-1,1567,1557,1539,-1,1539,1557,1559,-1,1539,1559,1540,-1,1540,1559,1561,-1,1540,1561,1555,-1,1001,1446,1486,-1,1486,1446,1447,-1,1486,1447,1532,-1,1524,1434,1522,-1,1522,1434,1424,-1,1522,1424,1520,-1,1520,1424,1426,-1,1520,1426,1518,-1,1401,1333,1585,-1,1585,1333,1579,-1,1464,1480,1462,-1,1462,1480,1468,-1,1462,1468,1461,-1,1461,1468,1471,-1,1461,1471,1473,-1,1473,1475,1461,-1,1461,1475,1477,-1,1461,1477,1479,-1,1447,1449,1532,-1,1532,1449,1439,-1,1532,1439,1530,-1,1530,1439,1441,-1,1530,1441,1528,-1,1528,1441,1443,-1,1528,1443,1526,-1,1526,1443,1437,-1,1526,1437,1524,-1,961,886,1437,-1,1437,886,1431,-1,1437,1431,1524,-1,1524,1431,1432,-1,1524,1432,1434,-1,1428,1514,1426,-1,1426,1514,1516,-1,1426,1516,1518,-1,1587,1589,1579,-1,1579,1589,1591,-1,1579,1591,1585,-1,1140,1542,1555,-1,1555,1542,1545,-1,1555,1545,1547,-1,1547,1549,1555,-1,1555,1549,1551,-1,1555,1551,1553,-1,1416,1415,1514,-1,1514,1415,126,-1,1514,126,1512,-1,1512,126,124,-1,1512,124,1510,-1,1510,124,1508,-1,1582,1492,1580,-1,1605,1506,1603,-1,1603,1506,1508,-1,1603,1508,1602,-1,1602,1508,124,-1,1602,124,1601,-1,1582,1572,1490,-1,1490,1572,1574,-1,1490,1574,1488,-1,1488,1574,1576,-1,1488,1576,1570,-1,1580,1492,1587,-1,1587,1492,1494,-1,1587,1494,1605,-1,1605,1494,1496,-1,1605,1496,1498,-1,1498,1500,1605,-1,1605,1500,1502,-1,1605,1502,1504,-1,1607,1608,1609,-1,1610,1608,1611,-1,1612,1613,1614,-1,1615,1616,1617,-1,1617,1616,1618,-1,1617,1618,1619,-1,1619,1618,1620,-1,1620,1618,1621,-1,1620,1621,1622,-1,1622,1621,1623,-1,1622,1623,1624,-1,1624,1623,1625,-1,1624,1625,1626,-1,1626,1625,1627,-1,1626,1627,1628,-1,1629,1630,1631,-1,1631,1630,1632,-1,1631,1632,1633,-1,1633,1632,1634,-1,1635,1636,1637,-1,1593,1601,1635,-1,1593,1638,1594,-1,1594,1638,1639,-1,1594,1639,1596,-1,1596,1639,1640,-1,1596,1640,1597,-1,1597,1640,1641,-1,1597,1641,1598,-1,1607,1642,1643,-1,1643,1642,1644,-1,1613,1612,1645,-1,1645,1612,1646,-1,1645,1646,1647,-1,1636,1634,1637,-1,1637,1634,1632,-1,1637,1632,1648,-1,1648,1632,1649,-1,1593,1635,1638,-1,1638,1635,1637,-1,1638,1637,1639,-1,1639,1637,1648,-1,1639,1648,1640,-1,1640,1648,1649,-1,1640,1649,1641,-1,1609,1608,1650,-1,1650,1608,1610,-1,1650,1610,1651,-1,1652,1653,1654,-1,1654,1653,1630,-1,1654,1630,1655,-1,1655,1630,1629,-1,1615,1656,1616,-1,1616,1656,1657,-1,1616,1657,1618,-1,1618,1657,1658,-1,1618,1658,1621,-1,1621,1658,1659,-1,1621,1659,1623,-1,1656,1644,1657,-1,1657,1644,1642,-1,1657,1642,1658,-1,1658,1642,1607,-1,1658,1607,1659,-1,1659,1607,1609,-1,1659,1609,1623,-1,1623,1609,1650,-1,1623,1650,1625,-1,1625,1650,1651,-1,1625,1651,1627,-1,1611,1608,1647,-1,1647,1608,1607,-1,1647,1607,1645,-1,1645,1607,1643,-1,1645,1643,1613,-1,1613,1643,1644,-1,1613,1644,1614,-1,1614,1644,1656,-1,1614,1656,1660,-1,1660,1656,1615,-1,1660,1615,1600,-1,1600,1599,1660,-1,1660,1599,1598,-1,1660,1598,1614,-1,1614,1598,1641,-1,1614,1641,1612,-1,1612,1641,1649,-1,1612,1649,1646,-1,1646,1649,1632,-1,1646,1632,1647,-1,1647,1632,1630,-1,1647,1630,1611,-1,1611,1630,1653,-1,1611,1653,1610,-1,1610,1653,1652,-1,1610,1652,1651,-1,1,12,2,-1,17,21,1661,-1,18,17,1662,-1,1662,17,1661,-1,1662,1661,1663,-1,1663,1661,1664,-1,1663,1664,1665,-1,1665,1664,1666,-1,1665,1666,1667,-1,1667,1666,1668,-1,1667,1668,1669,-1,1670,1671,1672,-1,1672,1671,1669,-1,1672,1669,1673,-1,1673,1669,1668,-1,1671,1,1669,-1,1669,1,0,-1,1669,0,1667,-1,1667,0,8,-1,1667,8,1665,-1,1665,8,7,-1,1665,7,1663,-1,1663,7,6,-1,1663,6,1662,-1,1662,6,5,-1,1662,5,18,-1,18,5,4,-1,24,26,1674,-1,1675,1676,1677,-1,1677,1676,1678,-1,1677,1678,1679,-1,1679,1678,1680,-1,1679,1680,1681,-1,1681,1680,1682,-1,1681,1682,1683,-1,1683,1682,1684,-1,1683,1684,1674,-1,1674,1684,1685,-1,1674,1685,24,-1,24,1685,23,-1,1676,1670,1678,-1,1678,1670,1672,-1,1678,1672,1680,-1,1680,1672,1673,-1,1680,1673,1682,-1,1682,1673,1668,-1,1682,1668,1684,-1,1684,1668,1666,-1,1684,1666,1685,-1,1685,1666,1664,-1,1685,1664,23,-1,23,1664,1661,-1,23,1661,21,-1,1679,1686,1677,-1,1677,1686,1675,-1,1679,1681,1686,-1,1686,1681,1683,-1,1686,1683,1687,-1,1687,1683,1674,-1,1687,1674,26,-1,1670,1688,1671,-1,1671,1688,36,-1,1671,36,1,-1,1,36,12,-1,47,30,1675,-1,1675,30,1688,-1,1675,1688,1676,-1,1676,1688,1670,-1,1635,1601,124,-1,117,1629,122,-1,122,1629,1631,-1,1631,1633,122,-1,122,1633,1634,-1,122,1634,124,-1,124,1634,1636,-1,124,1636,1635,-1,1628,1627,1687,-1,1687,1627,1651,-1,1687,1651,1652,-1,1652,1654,1687,-1,1687,1654,1655,-1,1687,1655,1686,-1,1686,1655,1629,-1,47,1675,117,-1,117,1675,1686,-1,117,1686,1629,-1,1626,1628,120,-1,1626,120,1624,-1,123,1600,121,-1,121,1600,1615,-1,121,1615,1617,-1,1617,1619,121,-1,121,1619,1620,-1,121,1620,120,-1,120,1620,1622,-1,120,1622,1624,-1,26,28,1687,-1,1687,28,120,-1,1687,120,1628,-1,1689,1690,1691,-1,1692,1693,1694,-1,1695,1696,1697,-1,1697,1696,1698,-1,1699,1700,1695,-1,1418,1417,1701,-1,1701,1417,1702,-1,1701,1702,1700,-1,1703,1704,1705,-1,1705,1704,1706,-1,1705,1706,1707,-1,1708,1709,1710,-1,1710,1709,1711,-1,1710,1711,1707,-1,1707,1711,1690,-1,1707,1690,1705,-1,1705,1690,1689,-1,1705,1689,1703,-1,1706,1712,1707,-1,1707,1712,1713,-1,1707,1713,1710,-1,1710,1713,1714,-1,1710,1714,1708,-1,1715,1716,1717,-1,1717,1716,1718,-1,1717,1718,1714,-1,1714,1718,1719,-1,1714,1719,1708,-1,1720,1692,1721,-1,1721,1692,1694,-1,1721,1694,1722,-1,1722,1694,1723,-1,1722,1723,1724,-1,1724,1723,1725,-1,1724,1725,1726,-1,1726,1725,1727,-1,1726,1727,1728,-1,1728,1727,1729,-1,1728,1729,1730,-1,1730,1729,1731,-1,1730,1731,1691,-1,1691,1690,1730,-1,1730,1690,1711,-1,1730,1711,1728,-1,1728,1711,1709,-1,1728,1709,1726,-1,1726,1709,1708,-1,1726,1708,1724,-1,1724,1708,1719,-1,1724,1719,1722,-1,1722,1719,1718,-1,1722,1718,1721,-1,1721,1718,1716,-1,1721,1716,1720,-1,1700,1699,1701,-1,1701,1699,1732,-1,1701,1732,1418,-1,1695,1697,1699,-1,1699,1697,1733,-1,1699,1733,1732,-1,1732,1733,1734,-1,1732,1734,1418,-1,1735,1415,1736,-1,1736,1415,1414,-1,1736,1414,1737,-1,1737,1414,1423,-1,1737,1423,1738,-1,1738,1423,1422,-1,1738,1422,1739,-1,1739,1422,1421,-1,1739,1421,1734,-1,1734,1421,1420,-1,1734,1420,1418,-1,1693,1735,1694,-1,1694,1735,1736,-1,1694,1736,1723,-1,1723,1736,1737,-1,1723,1737,1725,-1,1725,1737,1738,-1,1725,1738,1727,-1,1727,1738,1739,-1,1727,1739,1729,-1,1729,1739,1734,-1,1729,1734,1731,-1,1731,1734,1733,-1,1731,1733,1691,-1,1691,1733,1697,-1,1691,1697,1689,-1,1689,1697,1698,-1,1689,1698,1703,-1,86,60,59,-1,70,72,1740,-1,70,1740,79,-1,1741,1742,1743,-1,1743,1742,1744,-1,1743,1744,1745,-1,1745,1744,1746,-1,1745,1746,1747,-1,1747,1746,1748,-1,1747,1748,1749,-1,1749,1748,1750,-1,1749,1750,1740,-1,1740,1750,74,-1,1740,74,79,-1,1741,1751,1742,-1,1742,1751,1752,-1,1742,1752,1753,-1,1753,1754,1742,-1,1742,1754,1755,-1,1742,1755,1744,-1,1744,1755,1756,-1,1744,1756,1746,-1,1746,1756,1757,-1,1746,1757,1748,-1,1748,1757,1758,-1,1748,1758,1750,-1,1750,1758,1759,-1,1750,1759,74,-1,74,1759,75,-1,73,69,1760,-1,68,57,56,-1,61,1761,62,-1,62,1761,1762,-1,62,1762,63,-1,63,1762,1763,-1,63,1763,64,-1,64,1763,1764,-1,64,1764,56,-1,56,1764,1760,-1,56,1760,68,-1,68,1760,69,-1,1765,1761,1766,-1,1766,1761,61,-1,1766,61,60,-1,72,73,1740,-1,1740,73,1760,-1,1740,1760,1749,-1,1749,1760,1764,-1,1749,1764,1747,-1,1747,1764,1763,-1,1747,1763,1745,-1,1745,1763,1762,-1,1745,1762,1743,-1,1743,1762,1761,-1,1743,1761,1741,-1,1741,1761,1765,-1,1741,1765,1751,-1,91,89,1752,-1,1752,89,1767,-1,1752,1767,96,-1,60,86,1766,-1,1766,86,91,-1,1766,91,1765,-1,1765,91,1752,-1,1765,1752,1751,-1,98,97,1754,-1,98,1754,96,-1,96,1754,1768,-1,96,1768,1752,-1,1754,1769,1755,-1,1755,1769,1756,-1,75,1759,1770,-1,1770,1759,1758,-1,1770,1758,1769,-1,1769,1758,1757,-1,1769,1757,1756,-1,1769,1715,1717,-1,1713,1712,1770,-1,1770,1712,1706,-1,1770,1706,1704,-1,1769,1717,1770,-1,1770,1717,1714,-1,1770,1714,1713,-1,1715,119,1716,-1,1716,119,128,-1,126,1415,1735,-1,1735,1693,126,-1,126,1693,1771,-1,126,1771,128,-1,128,1771,1720,-1,128,1720,1716,-1,1754,97,1769,-1,1769,97,119,-1,1769,119,1715,-1,1702,1417,125,-1,127,1695,125,-1,125,1695,1700,-1,125,1700,1702,-1,118,1704,127,-1,127,1704,1703,-1,1703,1698,127,-1,127,1698,1696,-1,127,1696,1695,-1,76,75,118,-1,118,75,1770,-1,118,1770,1704,-1,1772,1773,1774,-1,1774,1773,1775,-1,1774,1775,1776,-1,1776,1775,1777,-1,1776,1777,1778,-1,1778,1777,1779,-1,1778,1779,1780,-1,1780,1779,1781,-1,1780,1781,1782,-1,1782,1781,1783,-1,1782,1783,1784,-1,1784,1783,1785,-1,1784,1785,1786,-1,1786,1785,1787,-1,1786,1787,1788,-1,1788,1787,1789,-1,1788,1789,1790,-1,1790,1789,1791,-1,1790,1791,1792,-1,1793,1794,1795,-1,1795,1794,1796,-1,1795,1796,1797,-1,1797,1796,1798,-1,1797,1798,1799,-1,1799,1798,1800,-1,1799,1800,1801,-1,1801,1800,1802,-1,1801,1802,1803,-1,1803,1802,1804,-1,1803,1804,1805,-1,1805,1804,1806,-1,1805,1806,1807,-1,1807,1806,1808,-1,1807,1808,1809,-1,1809,1808,1810,-1,1809,1810,1811,-1,1811,1810,1812,-1,1811,1812,1813,-1,1813,1812,1814,-1,1813,1814,1772,-1,1772,1814,1815,-1,1772,1815,1773,-1,1816,1817,1818,-1,1818,1817,1819,-1,1818,1819,1820,-1,1820,1819,1821,-1,1820,1821,1822,-1,1822,1821,1823,-1,1822,1823,1824,-1,1824,1823,1825,-1,1824,1825,1826,-1,1826,1825,1827,-1,1826,1827,1828,-1,1828,1827,1829,-1,1828,1829,1830,-1,1830,1829,1831,-1,1830,1831,1832,-1,1832,1831,1833,-1,1832,1833,1834,-1,1834,1833,1835,-1,1834,1835,1793,-1,1793,1835,1836,-1,1793,1836,1794,-1,1791,1837,1792,-1,1792,1837,1838,-1,1792,1838,1839,-1,1839,1838,1840,-1,1839,1840,1841,-1,1841,1840,1842,-1,1841,1842,1843,-1,1843,1842,1844,-1,1843,1844,1845,-1,1845,1844,1846,-1,1845,1846,1847,-1,1847,1846,1848,-1,1847,1848,1849,-1,1849,1848,1850,-1,1849,1850,1851,-1,1851,1850,1852,-1,1851,1852,1853,-1,1853,1852,1854,-1,1853,1854,1816,-1,1816,1854,1855,-1,1816,1855,1817,-1,1856,1857,1858,-1,1859,1860,1861,-1,1862,1863,1864,-1,1864,1863,1865,-1,1864,1865,1866,-1,1866,1865,1867,-1,1866,1867,1868,-1,1868,1867,1869,-1,1868,1869,1870,-1,1870,1869,1871,-1,1870,1871,1872,-1,1872,1871,1873,-1,1872,1873,1874,-1,1875,1876,1877,-1,1877,1876,1878,-1,1877,1878,1879,-1,1879,1878,1880,-1,1879,1880,1881,-1,1881,1880,1882,-1,1881,1882,1883,-1,1883,1882,1884,-1,1883,1884,1885,-1,1885,1884,1886,-1,1885,1886,1862,-1,1862,1886,1887,-1,1862,1887,1863,-1,1861,1860,1888,-1,1888,1860,1889,-1,1888,1889,1890,-1,1890,1889,1891,-1,1890,1891,1892,-1,1892,1891,1893,-1,1892,1893,1894,-1,1894,1893,1895,-1,1894,1895,1896,-1,1896,1895,1897,-1,1896,1897,1898,-1,1898,1897,1899,-1,1898,1899,1900,-1,1900,1899,1901,-1,1900,1901,1875,-1,1875,1901,1902,-1,1875,1902,1876,-1,1859,1861,1903,-1,1903,1861,1904,-1,1903,1904,1905,-1,1905,1904,1906,-1,1905,1906,1907,-1,1908,1909,1906,-1,1906,1909,1910,-1,1906,1910,1907,-1,1911,1912,1908,-1,1908,1912,1913,-1,1908,1913,1909,-1,1858,1857,1914,-1,1915,1916,1911,-1,1911,1916,1917,-1,1911,1917,1912,-1,1858,1918,1856,-1,1856,1918,1919,-1,1856,1919,1911,-1,1911,1919,1920,-1,1911,1920,1915,-1,1921,1922,1923,-1,1923,1922,1924,-1,1923,1924,1857,-1,1857,1924,1925,-1,1857,1925,1914,-1,1921,1923,1926,-1,1926,1923,1927,-1,1926,1927,1928,-1,1929,1930,1931,-1,1931,1930,1932,-1,1931,1932,1927,-1,1927,1932,1933,-1,1927,1933,1928,-1,1929,1931,1934,-1,1934,1931,1935,-1,1934,1935,1936,-1,1937,1938,1935,-1,1935,1938,1939,-1,1935,1939,1936,-1,1940,1941,1937,-1,1937,1941,1942,-1,1937,1942,1938,-1,1943,1940,1944,-1,1944,1940,1945,-1,1943,1946,1940,-1,1940,1946,1947,-1,1940,1947,1941,-1,1948,1949,1950,-1,1950,1949,1951,-1,1950,1951,1945,-1,1945,1951,1952,-1,1945,1952,1944,-1,1953,1954,1950,-1,1950,1954,1955,-1,1950,1955,1948,-1,1956,1957,1953,-1,1953,1957,1958,-1,1953,1958,1954,-1,1959,1960,1956,-1,1956,1960,1961,-1,1961,1962,1956,-1,1956,1962,1963,-1,1956,1963,1957,-1,1964,1965,1966,-1,1966,1965,1967,-1,1966,1967,1959,-1,1959,1967,1968,-1,1959,1968,1960,-1,1969,1970,1971,-1,1971,1970,1972,-1,1971,1972,1966,-1,1966,1972,1973,-1,1966,1973,1964,-1,1969,1971,1974,-1,1974,1971,1975,-1,1974,1975,1976,-1,1977,1978,1975,-1,1975,1978,1979,-1,1975,1979,1976,-1,1980,1981,1977,-1,1977,1981,1982,-1,1977,1982,1978,-1,1983,1980,1984,-1,1984,1980,1985,-1,1983,1986,1980,-1,1980,1986,1987,-1,1980,1987,1981,-1,1988,1989,1990,-1,1990,1989,1991,-1,1990,1991,1992,-1,1988,1993,1989,-1,1989,1993,1994,-1,1989,1994,1985,-1,1985,1994,1995,-1,1985,1995,1984,-1,1996,1997,1998,-1,1998,1997,1999,-1,1998,1999,2000,-1,2000,1999,2001,-1,1996,2002,1997,-1,1997,2002,2003,-1,1997,2003,1991,-1,1991,2003,2004,-1,1991,2004,1992,-1,2005,2006,2007,-1,2008,2009,2010,-1,2011,2012,2013,-1,2014,2001,1999,-1,2015,2016,2017,-1,2017,2016,2018,-1,2017,2018,1999,-1,1999,2018,2019,-1,1999,2019,2014,-1,2020,2021,2017,-1,2017,2021,2022,-1,2017,2022,2015,-1,2023,2024,2025,-1,2025,2024,2026,-1,2025,2026,2020,-1,2020,2026,2027,-1,2020,2027,2021,-1,2028,2029,2030,-1,2030,2029,2031,-1,2028,2032,2029,-1,2029,2032,2033,-1,2029,2033,2025,-1,2025,2033,2034,-1,2025,2034,2023,-1,2031,2029,2035,-1,2035,2029,2036,-1,2035,2036,2037,-1,2037,2036,2038,-1,2037,2038,2039,-1,2039,2038,2040,-1,2040,2038,2041,-1,2040,2041,2042,-1,2043,2044,2041,-1,2041,2044,2045,-1,2041,2045,2042,-1,2046,2047,2048,-1,2048,2049,2046,-1,2046,2049,2050,-1,2046,2050,2043,-1,2043,2050,2051,-1,2043,2051,2044,-1,2047,2046,2052,-1,2052,2046,2053,-1,2052,2053,2054,-1,2055,2056,2057,-1,2057,2056,2058,-1,2057,2058,2053,-1,2053,2058,2059,-1,2053,2059,2054,-1,2055,2057,2060,-1,2060,2057,2061,-1,2060,2061,2062,-1,2063,2064,2065,-1,2065,2064,2066,-1,2065,2066,2061,-1,2061,2066,2067,-1,2061,2067,2062,-1,2068,2069,2070,-1,2070,2071,2068,-1,2068,2071,2072,-1,2068,2072,2073,-1,2073,2072,2074,-1,2073,2074,2065,-1,2065,2074,2075,-1,2065,2075,2063,-1,2069,2068,2076,-1,2076,2068,2077,-1,2076,2077,2078,-1,2079,2080,2081,-1,2081,2080,2082,-1,2081,2082,2077,-1,2077,2082,2083,-1,2077,2083,2078,-1,2079,2081,2084,-1,2084,2081,2085,-1,2084,2085,2086,-1,2086,2085,2087,-1,2087,2085,2088,-1,2087,2088,2089,-1,2012,2090,2013,-1,2013,2090,2091,-1,2013,2091,2088,-1,2088,2091,2092,-1,2088,2092,2089,-1,2011,2013,2093,-1,2093,2013,2094,-1,2093,2094,2095,-1,2096,2097,2094,-1,2094,2097,2098,-1,2094,2098,2095,-1,2009,2099,2010,-1,2010,2099,2100,-1,2010,2100,2096,-1,2096,2100,2101,-1,2096,2101,2097,-1,2102,2103,2104,-1,2104,2103,2105,-1,2104,2105,2106,-1,2106,2105,2107,-1,2106,2107,2010,-1,2010,2107,2108,-1,2010,2108,2008,-1,2102,2104,2109,-1,2109,2104,2110,-1,2109,2110,2111,-1,2112,2113,2110,-1,2110,2113,2114,-1,2110,2114,2111,-1,2115,2112,2116,-1,2116,2112,2117,-1,2115,2118,2112,-1,2112,2118,2119,-1,2112,2119,2113,-1,2120,2121,2122,-1,2122,2121,2123,-1,2122,2123,2117,-1,2117,2123,2124,-1,2117,2124,2116,-1,2120,2122,2125,-1,2125,2122,2126,-1,2125,2126,2127,-1,2128,2129,2130,-1,2130,2129,2131,-1,2130,2131,2126,-1,2126,2131,2132,-1,2126,2132,2127,-1,2007,2133,2005,-1,2005,2133,2134,-1,2005,2134,2130,-1,2130,2134,2135,-1,2130,2135,2128,-1,2136,2137,2138,-1,2138,2137,2139,-1,2138,2139,2006,-1,2006,2139,2140,-1,2006,2140,2007,-1,2141,2142,2143,-1,2143,2142,2144,-1,2143,2144,2138,-1,2138,2144,2145,-1,2138,2145,2136,-1,2141,2143,2146,-1,2146,2143,2147,-1,2146,2147,2148,-1,2149,2150,2147,-1,2147,2150,2151,-1,2147,2151,2148,-1,2152,2153,2154,-1,2154,2153,2155,-1,2154,2155,2149,-1,2149,2155,2156,-1,2149,2156,2150,-1,2157,2158,2159,-1,2159,2158,2160,-1,2159,2160,2154,-1,2154,2160,2161,-1,2154,2161,2152,-1,2157,2159,2162,-1,2162,2159,2163,-1,2162,2163,2164,-1,2165,2166,2163,-1,2163,2166,2167,-1,2163,2167,2164,-1,2168,2169,2170,-1,2170,2171,2168,-1,2168,2171,2172,-1,2168,2172,2165,-1,2165,2172,2173,-1,2165,2173,2166,-1,2169,2168,2174,-1,2174,2168,2175,-1,2174,2175,2176,-1,2177,2178,2179,-1,2179,2180,2177,-1,2177,2180,2181,-1,2177,2181,2182,-1,2178,2183,2179,-1,2179,2183,2184,-1,2179,2184,2185,-1,2185,2184,2186,-1,2185,2186,2187,-1,2187,2186,2188,-1,2188,2186,2189,-1,2188,2189,2190,-1,2190,2189,2191,-1,2190,2191,2192,-1,2192,2191,2193,-1,2192,2193,2194,-1,2195,1872,1874,-1,2182,2176,2177,-1,2177,2176,2175,-1,2177,2175,2196,-1,2196,2175,2197,-1,2196,2197,2198,-1,2198,2197,2195,-1,2198,2195,2199,-1,2199,2195,1874,-1,1872,2200,1870,-1,1870,2200,2201,-1,1870,2201,1868,-1,1868,2201,1866,-1,1866,2201,2202,-1,1866,2202,1864,-1,1864,2202,1862,-1,1862,2202,2203,-1,1862,2203,1885,-1,1885,2203,1883,-1,1883,2203,2204,-1,1883,2204,1881,-1,1881,2204,1879,-1,1879,2204,2205,-1,1879,2205,1877,-1,1877,2205,1875,-1,1875,2205,2206,-1,1875,2206,1900,-1,1900,2206,1898,-1,1898,2206,2207,-1,1898,2207,1896,-1,1896,2207,1894,-1,1894,2207,2208,-1,1894,2208,1892,-1,1892,2208,1890,-1,1890,2208,2209,-1,1890,2209,1888,-1,1888,2209,1861,-1,1861,2209,2210,-1,1861,2210,1904,-1,1904,2210,1906,-1,1906,2210,2211,-1,1906,2211,1908,-1,1908,2211,1911,-1,1911,2211,2212,-1,1911,2212,1856,-1,1856,2212,1857,-1,1857,2212,2213,-1,1857,2213,1923,-1,1923,2213,1927,-1,1927,2213,2214,-1,1927,2214,1931,-1,1931,2214,1935,-1,1935,2214,2215,-1,1935,2215,1937,-1,1937,2215,1940,-1,1940,2215,2216,-1,1940,2216,1945,-1,1945,2216,1950,-1,1950,2216,2217,-1,1950,2217,1953,-1,1953,2217,1956,-1,1956,2217,2218,-1,1956,2218,1959,-1,1959,2218,1966,-1,1966,2218,2219,-1,1966,2219,1971,-1,1971,2219,1975,-1,1975,2219,2220,-1,1975,2220,1977,-1,1977,2220,1980,-1,1980,2220,2221,-1,1980,2221,1985,-1,1985,2221,1989,-1,1989,2221,2222,-1,1989,2222,1991,-1,1991,2222,1997,-1,1997,2222,2223,-1,1997,2223,1999,-1,1999,2223,2017,-1,2017,2223,2224,-1,2017,2224,2020,-1,2020,2224,2025,-1,2025,2224,2225,-1,2025,2225,2029,-1,2029,2225,2036,-1,2036,2225,2226,-1,2036,2226,2038,-1,2038,2226,2041,-1,2041,2226,2227,-1,2041,2227,2043,-1,2043,2227,2046,-1,2046,2227,2228,-1,2046,2228,2053,-1,2053,2228,2057,-1,2057,2228,2229,-1,2057,2229,2061,-1,2061,2229,2065,-1,2065,2229,2230,-1,2065,2230,2073,-1,2073,2230,2068,-1,2068,2230,2231,-1,2068,2231,2077,-1,2077,2231,2081,-1,2081,2231,2232,-1,2081,2232,2085,-1,2085,2232,2088,-1,2088,2232,2233,-1,2088,2233,2013,-1,2013,2233,2094,-1,2094,2233,2234,-1,2094,2234,2096,-1,2096,2234,2010,-1,2010,2234,2235,-1,2010,2235,2106,-1,2106,2235,2104,-1,2104,2235,2236,-1,2104,2236,2110,-1,2110,2236,2112,-1,2112,2236,2237,-1,2112,2237,2117,-1,2117,2237,2122,-1,2122,2237,2238,-1,2122,2238,2126,-1,2126,2238,2130,-1,2130,2238,2239,-1,2130,2239,2005,-1,2005,2239,2006,-1,2006,2239,2240,-1,2006,2240,2138,-1,2138,2240,2143,-1,2143,2240,2241,-1,2143,2241,2147,-1,2147,2241,2149,-1,2149,2241,2242,-1,2149,2242,2154,-1,2154,2242,2159,-1,2159,2242,2243,-1,2159,2243,2163,-1,2163,2243,2165,-1,2165,2243,2244,-1,2165,2244,2168,-1,2168,2244,2175,-1,2175,2244,2245,-1,2175,2245,2197,-1,2197,2245,2195,-1,2195,2245,2200,-1,2195,2200,1872,-1,2246,2234,2247,-1,2247,2234,2233,-1,2247,2233,2248,-1,2248,2233,2232,-1,2248,2232,2249,-1,2249,2232,2231,-1,2249,2231,2250,-1,2250,2231,2230,-1,2250,2230,2251,-1,2251,2230,2229,-1,2251,2229,2252,-1,2252,2229,2228,-1,2252,2228,2253,-1,2253,2228,2227,-1,2253,2227,2254,-1,2254,2227,2226,-1,2254,2226,2255,-1,2255,2226,2225,-1,2255,2225,2256,-1,2256,2225,2224,-1,2256,2224,2257,-1,2257,2224,2223,-1,2257,2223,2258,-1,2258,2223,2222,-1,2258,2222,2259,-1,2259,2222,2221,-1,2259,2221,2260,-1,2260,2221,2220,-1,2260,2220,2261,-1,2261,2220,2219,-1,2261,2219,2262,-1,2262,2219,2218,-1,2262,2218,2263,-1,2263,2218,2217,-1,2263,2217,2264,-1,2264,2217,2216,-1,2264,2216,2265,-1,2265,2216,2215,-1,2265,2215,2266,-1,2266,2215,2214,-1,2266,2214,2267,-1,2267,2214,2213,-1,2267,2213,2268,-1,2213,2212,2268,-1,2268,2212,2211,-1,2268,2211,2269,-1,2269,2211,2210,-1,2269,2210,2270,-1,2270,2210,2209,-1,2270,2209,2271,-1,2271,2209,2208,-1,2271,2208,2272,-1,2272,2208,2207,-1,2272,2207,2273,-1,2273,2207,2206,-1,2273,2206,2274,-1,2274,2206,2205,-1,2274,2205,2275,-1,2275,2205,2204,-1,2275,2204,2276,-1,2276,2204,2203,-1,2276,2203,2277,-1,2277,2203,2202,-1,2277,2202,2278,-1,2278,2202,2201,-1,2278,2201,2279,-1,2279,2201,2200,-1,2279,2200,2280,-1,2280,2200,2245,-1,2280,2245,2281,-1,2281,2245,2244,-1,2281,2244,2282,-1,2282,2244,2243,-1,2282,2243,2283,-1,2283,2243,2242,-1,2283,2242,2284,-1,2284,2242,2241,-1,2284,2241,2285,-1,2285,2241,2240,-1,2285,2240,2286,-1,2286,2240,2239,-1,2286,2239,2287,-1,2287,2239,2238,-1,2287,2238,2288,-1,2288,2238,2237,-1,2288,2237,2289,-1,2289,2237,2236,-1,2289,2236,2246,-1,2246,2236,2235,-1,2246,2235,2234,-1,2256,2257,2290,-1,2290,2291,2256,-1,2256,2291,2292,-1,2256,2292,2255,-1,2292,2293,2255,-1,2255,2293,2294,-1,2255,2294,2254,-1,2294,2295,2254,-1,2254,2295,2296,-1,2254,2296,2253,-1,2296,2297,2253,-1,2253,2297,2298,-1,2253,2298,2252,-1,2298,2299,2252,-1,2252,2299,2300,-1,2252,2300,2251,-1,2300,2301,2251,-1,2251,2301,2302,-1,2251,2302,2250,-1,2302,2303,2250,-1,2250,2303,2304,-1,2250,2304,2249,-1,2304,2305,2249,-1,2249,2305,2306,-1,2249,2306,2248,-1,2306,2307,2248,-1,2248,2307,2308,-1,2248,2308,2247,-1,2247,2308,2309,-1,2247,2309,2246,-1,2246,2309,2310,-1,2246,2310,2289,-1,2310,2311,2289,-1,2289,2311,2312,-1,2289,2312,2288,-1,2312,2313,2288,-1,2288,2313,2314,-1,2288,2314,2287,-1,2314,2315,2287,-1,2287,2315,2316,-1,2287,2316,2286,-1,2316,2317,2286,-1,2286,2317,2318,-1,2286,2318,2285,-1,2318,2319,2285,-1,2285,2319,2320,-1,2285,2320,2284,-1,2320,2321,2284,-1,2284,2321,2322,-1,2284,2322,2283,-1,2322,2323,2283,-1,2283,2323,2324,-1,2283,2324,2282,-1,2324,2325,2282,-1,2282,2325,2326,-1,2282,2326,2281,-1,2327,2279,2328,-1,2328,2279,2280,-1,2328,2280,2329,-1,2329,2280,2281,-1,2329,2281,2330,-1,2330,2281,2326,-1,2278,2279,2327,-1,2327,2331,2278,-1,2278,2331,2332,-1,2278,2332,2277,-1,2332,2333,2277,-1,2277,2333,2334,-1,2277,2334,2276,-1,2334,2335,2276,-1,2276,2335,2336,-1,2276,2336,2275,-1,2336,2337,2275,-1,2275,2337,2338,-1,2275,2338,2274,-1,2338,2339,2274,-1,2274,2339,2340,-1,2274,2340,2273,-1,2340,2341,2273,-1,2273,2341,2342,-1,2273,2342,2272,-1,2342,2343,2272,-1,2272,2343,2344,-1,2272,2344,2271,-1,2344,2345,2271,-1,2271,2345,2346,-1,2271,2346,2270,-1,2346,2347,2270,-1,2270,2347,2348,-1,2270,2348,2269,-1,2269,2348,2349,-1,2269,2349,2268,-1,2268,2349,2350,-1,2268,2350,2267,-1,2350,2351,2267,-1,2267,2351,2352,-1,2267,2352,2266,-1,2352,2353,2266,-1,2266,2353,2354,-1,2266,2354,2265,-1,2354,2355,2265,-1,2265,2355,2356,-1,2265,2356,2264,-1,2356,2357,2264,-1,2264,2357,2358,-1,2264,2358,2263,-1,2358,2359,2263,-1,2263,2359,2360,-1,2263,2360,2262,-1,2360,2361,2262,-1,2262,2361,2362,-1,2262,2362,2261,-1,2362,2363,2261,-1,2261,2363,2364,-1,2261,2364,2260,-1,2364,2365,2260,-1,2260,2365,2366,-1,2260,2366,2259,-1,2290,2257,2367,-1,2367,2257,2258,-1,2367,2258,2368,-1,2368,2258,2259,-1,2368,2259,2369,-1,2369,2259,2366,-1,2290,1847,2291,-1,2291,1847,1849,-1,2291,1849,2292,-1,2292,1849,2293,-1,2293,1849,1851,-1,2293,1851,2294,-1,2294,1851,2295,-1,2295,1851,1853,-1,2295,1853,2296,-1,2296,1853,2297,-1,2297,1853,1816,-1,2297,1816,2298,-1,2298,1816,2299,-1,2299,1816,1818,-1,2299,1818,2300,-1,2300,1818,2301,-1,2301,1818,1820,-1,2301,1820,2302,-1,2302,1820,2303,-1,2303,1820,1822,-1,2303,1822,2304,-1,2304,1822,2305,-1,2305,1822,1824,-1,2305,1824,2306,-1,2306,1824,2307,-1,2307,1824,1826,-1,2307,1826,2308,-1,2308,1826,2309,-1,2309,1826,1828,-1,2309,1828,2310,-1,2310,1828,2311,-1,2311,1828,1830,-1,2311,1830,2312,-1,2312,1830,2313,-1,2313,1830,1832,-1,2313,1832,2314,-1,2314,1832,2315,-1,2315,1832,1834,-1,2315,1834,2316,-1,2316,1834,2317,-1,2317,1834,1793,-1,2317,1793,2318,-1,2318,1793,2319,-1,2319,1793,1795,-1,2319,1795,2320,-1,2320,1795,2321,-1,2321,1795,1797,-1,2321,1797,2322,-1,2322,1797,2323,-1,2323,1797,1799,-1,2323,1799,2324,-1,2324,1799,2325,-1,2325,1799,1801,-1,2325,1801,2326,-1,2326,1801,2330,-1,2330,1801,1803,-1,2330,1803,2329,-1,2329,1803,2328,-1,2328,1803,1805,-1,2328,1805,2327,-1,2327,1805,2331,-1,2331,1805,1807,-1,2331,1807,2332,-1,2332,1807,2333,-1,2333,1807,1809,-1,2333,1809,2334,-1,2334,1809,2335,-1,2335,1809,1811,-1,2335,1811,2336,-1,2336,1811,2337,-1,2337,1811,1813,-1,2337,1813,2338,-1,2338,1813,2339,-1,2339,1813,1772,-1,2339,1772,2340,-1,2340,1772,2341,-1,2341,1772,1774,-1,2341,1774,2342,-1,2342,1774,2343,-1,2343,1774,1776,-1,2343,1776,2344,-1,2344,1776,2345,-1,2345,1776,1778,-1,2345,1778,2346,-1,2346,1778,2347,-1,2347,1778,1780,-1,2347,1780,2348,-1,2348,1780,2349,-1,2349,1780,1782,-1,2349,1782,2350,-1,2350,1782,2351,-1,2351,1782,1784,-1,2351,1784,2352,-1,2352,1784,2353,-1,2353,1784,1786,-1,2353,1786,2354,-1,2354,1786,2355,-1,2355,1786,1788,-1,2355,1788,2356,-1,2356,1788,2357,-1,2357,1788,1790,-1,2357,1790,2358,-1,2358,1790,2359,-1,2359,1790,1792,-1,2359,1792,2360,-1,2360,1792,2361,-1,2361,1792,1839,-1,2361,1839,2362,-1,2362,1839,2363,-1,2363,1839,1841,-1,2363,1841,2364,-1,2364,1841,2365,-1,2365,1841,1843,-1,2365,1843,2366,-1,2366,1843,2369,-1,2369,1843,1845,-1,2369,1845,2368,-1,2368,1845,2367,-1,2367,1845,1847,-1,2367,1847,2290,-1,2370,2371,2372,-1,2372,2371,2373,-1,2372,2373,2374,-1,2374,2373,2194,-1,2374,2194,2193,-1,2372,2375,2370,-1,2370,2375,2376,-1,2370,2376,2377,-1,2377,2376,2378,-1,2377,2378,2379,-1,2379,2378,2380,-1,2379,2380,2381,-1,2381,2380,2382,-1,2381,2382,2383,-1,2383,2382,2384,-1,2383,2384,2385,-1,2385,2384,2386,-1,2385,2386,2387,-1,2387,2386,2388,-1,2387,2388,2389,-1,2389,2388,2390,-1,2389,2390,2391,-1,2391,2390,2392,-1,2391,2392,2393,-1,2393,2392,2394,-1,2393,2394,2395,-1,2395,2394,2396,-1,2395,2396,2397,-1,2397,2396,2398,-1,2397,2398,2399,-1,2399,2398,2400,-1,2398,2401,2400,-1,2400,2401,2402,-1,2400,2402,2403,-1,2403,2402,2404,-1,2403,2404,2405,-1,2405,2404,2406,-1,2406,2404,2407,-1,2406,2407,2408,-1,2409,2410,2411,-1,2411,2410,2408,-1,2411,2408,2412,-1,2412,2408,2407,-1,2413,2414,2415,-1,2415,2416,2413,-1,2413,2416,2417,-1,2413,2417,2418,-1,2418,2417,2419,-1,2418,2419,2420,-1,2421,2422,2423,-1,2423,2422,2424,-1,2422,2425,2424,-1,2424,2425,2426,-1,2424,2426,2413,-1,2413,2426,2427,-1,2413,2427,2414,-1,2428,2429,2430,-1,2430,2429,2431,-1,2430,2431,2432,-1,2431,2433,2432,-1,2432,2433,2434,-1,2432,2434,2423,-1,2423,2434,2435,-1,2423,2435,2421,-1,2436,2437,2438,-1,2438,2437,2439,-1,2439,2440,2438,-1,2438,2440,2441,-1,2438,2441,2430,-1,2430,2441,2442,-1,2430,2442,2428,-1,2443,2444,2445,-1,2445,2444,2446,-1,2445,2446,2447,-1,2443,2448,2444,-1,2444,2448,2449,-1,2444,2449,2436,-1,2436,2449,2450,-1,2436,2450,2437,-1,2409,2451,2410,-1,2410,2451,2452,-1,2410,2452,2453,-1,2452,2454,2453,-1,2453,2454,2455,-1,2453,2455,2446,-1,2446,2455,2456,-1,2446,2456,2447,-1,2457,2458,2444,-1,2459,2408,2410,-1,2459,2410,2460,-1,2460,2410,2453,-1,2460,2453,2461,-1,2458,2462,2444,-1,2444,2462,2463,-1,2444,2463,2446,-1,2446,2463,2464,-1,2446,2464,2453,-1,2453,2464,2465,-1,2453,2465,2461,-1,2457,2444,2466,-1,2466,2444,2436,-1,2466,2436,2467,-1,2467,2436,2438,-1,2467,2438,2468,-1,2432,2469,2470,-1,2432,2470,2430,-1,2470,2471,2430,-1,2430,2471,2472,-1,2430,2472,2438,-1,2438,2472,2473,-1,2438,2473,2468,-1,2423,2424,2474,-1,2474,2475,2423,-1,2423,2475,2476,-1,2423,2476,2432,-1,2432,2476,2477,-1,2432,2477,2469,-1,2418,2478,2479,-1,2418,2479,2413,-1,2479,2480,2413,-1,2413,2480,2481,-1,2413,2481,2424,-1,2424,2481,2482,-1,2424,2482,2474,-1,2483,2484,2485,-1,2485,2486,2483,-1,2483,2486,2487,-1,2483,2487,2488,-1,2488,2487,2489,-1,2488,2489,2490,-1,2490,2489,2491,-1,2490,2491,2492,-1,2492,2491,2493,-1,2492,2493,2494,-1,2494,2493,2495,-1,2494,2495,2496,-1,2496,2495,2497,-1,2496,2497,2420,-1,2420,2497,2498,-1,2420,2498,2418,-1,2418,2498,2499,-1,2418,2499,2478,-1,2484,2500,2485,-1,2485,2500,2501,-1,2485,2501,2502,-1,2502,2501,2503,-1,2503,2501,2504,-1,2503,2504,2505,-1,2505,2504,2506,-1,2505,2506,2507,-1,2507,2506,2508,-1,2507,2508,2509,-1,2510,2511,2512,-1,2512,2511,2513,-1,2512,2513,2514,-1,2514,2513,2515,-1,2514,2515,2516,-1,2516,2515,2517,-1,2516,2517,2518,-1,2518,2517,2519,-1,2518,2519,2520,-1,2520,2519,2521,-1,2520,2521,2522,-1,2522,2521,2523,-1,2522,2523,2524,-1,2524,2523,2525,-1,2524,2525,2526,-1,2526,2525,2527,-1,2526,2527,2528,-1,2528,2527,2529,-1,2528,2529,2509,-1,2509,2529,2530,-1,2509,2530,2507,-1,2512,2531,2510,-1,2510,2531,2532,-1,2510,2532,2533,-1,2533,2532,2534,-1,2533,2534,2535,-1,2535,2534,2536,-1,2535,2536,2537,-1,2537,2536,2538,-1,2537,2538,2539,-1,2539,2538,2540,-1,2539,2540,2541,-1,2541,2540,2542,-1,2541,2542,2543,-1,2543,2542,2544,-1,2542,2545,2544,-1,2544,2545,2546,-1,2544,2546,2547,-1,2548,2549,2550,-1,2550,2549,2551,-1,2550,2551,2547,-1,2547,2551,2552,-1,2547,2552,2544,-1,2550,2553,2548,-1,2548,2553,2554,-1,2548,2554,2555,-1,2555,2554,2556,-1,2555,2556,2557,-1,2557,2556,2558,-1,2557,2558,2559,-1,2559,2558,2560,-1,2561,2562,2563,-1,2563,2562,2564,-1,2563,2564,2565,-1,2565,2564,2566,-1,2565,2566,2567,-1,2558,2568,2560,-1,2560,2568,2569,-1,2560,2569,2570,-1,2570,2569,2571,-1,2570,2571,2572,-1,2572,2571,2561,-1,2572,2561,2573,-1,2573,2561,2563,-1,2574,2575,2576,-1,2576,2575,2577,-1,2576,2577,2578,-1,2578,2577,2579,-1,2567,2566,2580,-1,2580,2566,2581,-1,2580,2581,2579,-1,2579,2581,2582,-1,2579,2582,2578,-1,2583,2584,2585,-1,2585,2584,2586,-1,2585,2586,2587,-1,2587,2586,2588,-1,2587,2588,2589,-1,2589,2588,2574,-1,2589,2574,2590,-1,2590,2574,2576,-1,2585,2591,2583,-1,2583,2591,2592,-1,2583,2592,2593,-1,2594,2595,2596,-1,2596,2595,2597,-1,2596,2597,2593,-1,2593,2597,2598,-1,2593,2598,2583,-1,2596,2599,2594,-1,2594,2599,2600,-1,2594,2600,2601,-1,2601,2600,2602,-1,2601,2602,2603,-1,2603,2602,2604,-1,2603,2604,2605,-1,2605,2604,2606,-1,2604,2607,2606,-1,2606,2607,2608,-1,2606,2608,2609,-1,2609,2608,2610,-1,2609,2610,2611,-1,2611,2610,2612,-1,2611,2612,2613,-1,2613,2612,2614,-1,2612,2615,2614,-1,2614,2615,2616,-1,2614,2616,2617,-1,2617,2616,2618,-1,2617,2618,2619,-1,2619,2618,2620,-1,2619,2620,2621,-1,2621,2620,2622,-1,2622,2620,2623,-1,2622,2623,2624,-1,2624,2623,2625,-1,2624,2625,2626,-1,2626,2625,2627,-1,2626,2627,2628,-1,2627,2629,2628,-1,2628,2629,2630,-1,2628,2630,2631,-1,2632,2633,2634,-1,2631,2630,2635,-1,2635,2630,2636,-1,2635,2636,2637,-1,2637,2636,2638,-1,2637,2638,2639,-1,2639,2638,2640,-1,2639,2640,2641,-1,2641,2640,2642,-1,2641,2642,2643,-1,2643,2642,2644,-1,2643,2644,2645,-1,2645,2644,2646,-1,2645,2646,2647,-1,2647,2646,2648,-1,2647,2648,2633,-1,2633,2648,2649,-1,2633,2649,2634,-1,2650,2651,2652,-1,2632,2634,2653,-1,2653,2634,2654,-1,2653,2654,2655,-1,2655,2654,2656,-1,2655,2656,2657,-1,2657,2656,2658,-1,2657,2658,2659,-1,2659,2658,2660,-1,2659,2660,2651,-1,2651,2660,2661,-1,2651,2661,2652,-1,2650,2652,2662,-1,2662,2652,2663,-1,2662,2663,2664,-1,2664,2663,2665,-1,2664,2665,2666,-1,2665,2667,2666,-1,2666,2667,2668,-1,2666,2668,2669,-1,2669,2668,2670,-1,2670,2668,2671,-1,2670,2671,2672,-1,2671,2673,2672,-1,2672,2673,2674,-1,2672,2674,2675,-1,2675,2674,2676,-1,2675,2676,2677,-1,2678,2679,2680,-1,2678,2680,2681,-1,2677,2676,2682,-1,2682,2676,2683,-1,2682,2683,2684,-1,2684,2683,2685,-1,2684,2685,2686,-1,2686,2685,2687,-1,2686,2687,2688,-1,2688,2687,2689,-1,2688,2689,2690,-1,2690,2689,2691,-1,2690,2691,2679,-1,2679,2691,2692,-1,2679,2692,2680,-1,2693,2694,2695,-1,2695,2694,2696,-1,2694,2697,2696,-1,2696,2697,2698,-1,2696,2698,2699,-1,2699,2698,2700,-1,2699,2700,2701,-1,2701,2700,2681,-1,2701,2681,2702,-1,2702,2681,2680,-1,2695,2703,2693,-1,2693,2703,2704,-1,2693,2704,2705,-1,2705,2704,2706,-1,2705,2706,2707,-1,2707,2706,2708,-1,2708,2706,2709,-1,2708,2709,2710,-1,2709,2711,2710,-1,2710,2711,2712,-1,2710,2712,2713,-1,2713,2712,2714,-1,2713,2714,2715,-1,2715,2714,2716,-1,2716,2714,2717,-1,2716,2717,2718,-1,2717,2719,2718,-1,2718,2719,2720,-1,2718,2720,2721,-1,2721,2720,2722,-1,2721,2722,2723,-1,2723,2722,2724,-1,2724,2722,2725,-1,2724,2725,2726,-1,2725,2727,2726,-1,2726,2727,2728,-1,2726,2728,2729,-1,2729,2728,2730,-1,2731,2732,2733,-1,2733,2732,2734,-1,2733,2735,2731,-1,2731,2735,2736,-1,2731,2736,2737,-1,2737,2736,2738,-1,2737,2738,2739,-1,2739,2738,2730,-1,2739,2730,2740,-1,2740,2730,2728,-1,2741,2742,2743,-1,2743,2742,2744,-1,2744,2742,2745,-1,2744,2745,2746,-1,2746,2745,2747,-1,2746,2747,2748,-1,2732,2749,2734,-1,2734,2749,2750,-1,2734,2750,2751,-1,2751,2750,2741,-1,2751,2741,2752,-1,2752,2741,2743,-1,2753,2754,2755,-1,2755,2754,2756,-1,2756,2754,2757,-1,2756,2757,2758,-1,2758,2757,2759,-1,2758,2759,2748,-1,2748,2759,2760,-1,2748,2760,2746,-1,2755,2761,2753,-1,2753,2761,2762,-1,2753,2762,2763,-1,2763,2762,2764,-1,2764,2762,2765,-1,2764,2765,2766,-1,2766,2765,2767,-1,2766,2767,2768,-1,2767,2769,2768,-1,2768,2769,2770,-1,2768,2770,2771,-1,2771,2770,2772,-1,2772,2770,2773,-1,2772,2773,2774,-1,2774,2773,2775,-1,2774,2775,2776,-1,2776,2775,2777,-1,2776,2777,2778,-1,2777,2779,2778,-1,2778,2779,2780,-1,2778,2780,2781,-1,2781,2780,2782,-1,2781,2782,2783,-1,2784,2785,2786,-1,2783,2782,2787,-1,2787,2782,2788,-1,2787,2788,2789,-1,2789,2788,2790,-1,2789,2790,2791,-1,2791,2790,2792,-1,2791,2792,2793,-1,2793,2792,2794,-1,2793,2794,2786,-1,2786,2794,2795,-1,2786,2795,2784,-1,2796,2797,2798,-1,2798,2797,2799,-1,2796,2798,2800,-1,2800,2798,2801,-1,2800,2801,2802,-1,2785,2784,2803,-1,2803,2784,2804,-1,2803,2804,2805,-1,2805,2804,2806,-1,2805,2806,2802,-1,2802,2806,2807,-1,2802,2807,2800,-1,2808,2809,2810,-1,2810,2809,2811,-1,2811,2809,2812,-1,2811,2812,2813,-1,2799,2797,2813,-1,2813,2797,2814,-1,2813,2814,2811,-1,2810,2815,2808,-1,2808,2815,2816,-1,2808,2816,2817,-1,2817,2816,2818,-1,2817,2818,2819,-1,2819,2818,2820,-1,2820,2818,2821,-1,2820,2821,2822,-1,2821,2823,2822,-1,2822,2823,2824,-1,2822,2824,2825,-1,2825,2824,2826,-1,2825,2826,2827,-1,2828,2829,2830,-1,2827,2826,2831,-1,2831,2826,2832,-1,2831,2832,2830,-1,2830,2832,2833,-1,2830,2833,2828,-1,2829,2828,2834,-1,2834,2828,2835,-1,2834,2835,2836,-1,2836,2835,2837,-1,2836,2837,2838,-1,2838,2837,2839,-1,2838,2839,2840,-1,2840,2839,2841,-1,2840,2841,2842,-1,2842,2841,2843,-1,2842,2843,2844,-1,2845,2846,2847,-1,2848,2849,2850,-1,2851,2852,2853,-1,2854,2842,2844,-1,2855,2856,2857,-1,2854,2844,2858,-1,2858,2844,2859,-1,2858,2859,2860,-1,2860,2859,2861,-1,2860,2861,2862,-1,2862,2861,2863,-1,2862,2863,2864,-1,2864,2863,2865,-1,2864,2865,2866,-1,2855,2857,2867,-1,2867,2857,2868,-1,2867,2868,2869,-1,2869,2868,2870,-1,2869,2870,2866,-1,2866,2870,2871,-1,2866,2871,2864,-1,2872,2873,2874,-1,2874,2873,2875,-1,2875,2873,2876,-1,2875,2876,2877,-1,2877,2876,2878,-1,2877,2878,2856,-1,2856,2878,2879,-1,2856,2879,2857,-1,2874,2880,2872,-1,2872,2880,2881,-1,2872,2881,2882,-1,2882,2881,2883,-1,2882,2883,2884,-1,2884,2883,2885,-1,2885,2883,2886,-1,2885,2886,2887,-1,2886,2888,2887,-1,2887,2888,2889,-1,2887,2889,2890,-1,2890,2889,2891,-1,2890,2891,2892,-1,2893,2894,2895,-1,2892,2891,2896,-1,2896,2891,2897,-1,2896,2897,2895,-1,2895,2897,2898,-1,2895,2898,2893,-1,2894,2893,2899,-1,2899,2893,2900,-1,2899,2900,2901,-1,2901,2900,2902,-1,2901,2902,2903,-1,2902,2904,2903,-1,2903,2904,2905,-1,2903,2905,2906,-1,2906,2905,2907,-1,2906,2907,2908,-1,2908,2907,2909,-1,2908,2909,2910,-1,2911,2912,2913,-1,2913,2912,2914,-1,2913,2914,2915,-1,2910,2909,2916,-1,2916,2909,2917,-1,2916,2917,2918,-1,2918,2917,2919,-1,2918,2919,2920,-1,2920,2919,2921,-1,2920,2921,2922,-1,2922,2921,2923,-1,2922,2923,2924,-1,2915,2914,2924,-1,2924,2914,2925,-1,2924,2925,2922,-1,2913,2926,2911,-1,2911,2926,2927,-1,2911,2927,2928,-1,2928,2927,2929,-1,2928,2929,2930,-1,2930,2929,2931,-1,2931,2929,2932,-1,2931,2932,2933,-1,2933,2932,2934,-1,2933,2934,2935,-1,2935,2934,2936,-1,2935,2936,2937,-1,2937,2936,2938,-1,2937,2938,2939,-1,2939,2938,2940,-1,2939,2940,2941,-1,2941,2940,2942,-1,2941,2942,2943,-1,2942,2944,2943,-1,2943,2944,2945,-1,2943,2945,2946,-1,2946,2945,2947,-1,2946,2947,2948,-1,2948,2947,2949,-1,2949,2947,2950,-1,2949,2950,2852,-1,2852,2950,2951,-1,2852,2951,2853,-1,2851,2853,2952,-1,2952,2853,2953,-1,2952,2953,2954,-1,2954,2953,2955,-1,2954,2955,2956,-1,2955,2957,2956,-1,2956,2957,2958,-1,2956,2958,2959,-1,2959,2958,2960,-1,2961,2962,2963,-1,2963,2962,2964,-1,2958,2965,2960,-1,2960,2965,2966,-1,2960,2966,2967,-1,2967,2966,2968,-1,2967,2968,2969,-1,2969,2968,2964,-1,2969,2964,2970,-1,2970,2964,2962,-1,2971,2972,2973,-1,2973,2972,2974,-1,2973,2974,2975,-1,2975,2974,2976,-1,2976,2974,2977,-1,2977,2974,2978,-1,2977,2978,2979,-1,2978,2980,2979,-1,2979,2980,2981,-1,2979,2981,2982,-1,2982,2981,2961,-1,2982,2961,2983,-1,2983,2961,2963,-1,2984,2985,2986,-1,2986,2985,2987,-1,2986,2987,2988,-1,2971,2973,2989,-1,2989,2973,2990,-1,2989,2990,2984,-1,2984,2990,2991,-1,2984,2991,2985,-1,2988,2987,2992,-1,2992,2987,2993,-1,2992,2993,2994,-1,2993,2995,2994,-1,2994,2995,2996,-1,2994,2996,2997,-1,2997,2996,2998,-1,2997,2998,2999,-1,2999,2998,3000,-1,2999,3000,3001,-1,3001,3000,2849,-1,2849,3000,3002,-1,2849,3002,2850,-1,3003,3004,3005,-1,2848,2850,3005,-1,3005,2850,3006,-1,3005,3006,3003,-1,3004,3003,3007,-1,3007,3003,3008,-1,3007,3008,3009,-1,2847,2846,3010,-1,3010,2846,3011,-1,3011,2846,3012,-1,3011,3012,3009,-1,3009,3012,3013,-1,3009,3013,3007,-1,3014,3015,3016,-1,3016,3015,3017,-1,3016,3017,3018,-1,2845,2847,3019,-1,3019,2847,3020,-1,3019,3020,3014,-1,3014,3020,3021,-1,3014,3021,3015,-1,3018,3017,3022,-1,3022,3017,3023,-1,3022,3023,3024,-1,3023,3025,3024,-1,3024,3025,3026,-1,3024,3026,3027,-1,3027,3026,3028,-1,3027,3028,3029,-1,3029,3028,3030,-1,3029,3030,3031,-1,3031,3030,3032,-1,3032,3030,3033,-1,3032,3033,3034,-1,3034,3033,3035,-1,3034,3035,3036,-1,3036,3035,3037,-1,3036,3037,3038,-1,3038,3037,3039,-1,3038,3039,3040,-1,3040,3039,3041,-1,3040,3041,3042,-1,3042,3041,3043,-1,3042,3043,3044,-1,3044,3043,3045,-1,3044,3045,3046,-1,3045,3047,3046,-1,3046,3047,3048,-1,3046,3048,3049,-1,3049,3048,3050,-1,3049,3050,3051,-1,3051,3050,3052,-1,3052,3050,3053,-1,3052,3053,3054,-1,3054,3053,3055,-1,3054,3055,3056,-1,3056,3055,3057,-1,3056,3057,3058,-1,3058,3057,3059,-1,3058,3059,3060,-1,3060,3059,3061,-1,3060,3061,3062,-1,3062,3061,3063,-1,3062,3063,3064,-1,3065,3066,3067,-1,3067,3066,3064,-1,3067,3064,3068,-1,3068,3064,3063,-1,3069,3070,3071,-1,3072,3073,3074,-1,3074,3073,3075,-1,3075,3073,3076,-1,3075,3076,3077,-1,3072,3074,3078,-1,3078,3074,3079,-1,3078,3079,3065,-1,3065,3079,3080,-1,3065,3080,3066,-1,3077,3076,3081,-1,3081,3076,3082,-1,3081,3082,3083,-1,3084,3085,3086,-1,3086,3085,3087,-1,3086,3087,3088,-1,3082,3089,3083,-1,3083,3089,3090,-1,3083,3090,3091,-1,3091,3090,3092,-1,3091,3092,3093,-1,3093,3092,3084,-1,3093,3084,3094,-1,3094,3084,3086,-1,3088,3087,3095,-1,3095,3087,3096,-1,3095,3096,3097,-1,3097,3096,3098,-1,3097,3098,3099,-1,3098,3100,3099,-1,3099,3100,3101,-1,3099,3101,3102,-1,3102,3101,3103,-1,3103,3101,3104,-1,3103,3104,3105,-1,3104,3106,3105,-1,3105,3106,3107,-1,3105,3107,3108,-1,3108,3107,3109,-1,3110,3111,3112,-1,3112,3111,3113,-1,3110,3112,3114,-1,3114,3112,3115,-1,3114,3115,3109,-1,3109,3115,3116,-1,3109,3116,3108,-1,3113,3111,3117,-1,3117,3111,3118,-1,3117,3118,3119,-1,3119,3118,3120,-1,3119,3120,3121,-1,3121,3120,3122,-1,3121,3122,3123,-1,3122,3124,3123,-1,3123,3124,3125,-1,3123,3125,3126,-1,3126,3125,3127,-1,3126,3127,3128,-1,3129,3130,3131,-1,3129,3131,3132,-1,3132,3131,3133,-1,3132,3133,3134,-1,3128,3127,3134,-1,3134,3127,3135,-1,3134,3135,3132,-1,3071,3070,3136,-1,3136,3070,3137,-1,3137,3070,3138,-1,3137,3138,3139,-1,3139,3138,3140,-1,3139,3140,3141,-1,3141,3140,3142,-1,3141,3142,3130,-1,3130,3142,3143,-1,3130,3143,3131,-1,3069,3071,3144,-1,3144,3071,3145,-1,3144,3145,3146,-1,3146,3145,3147,-1,3146,3147,3148,-1,3148,3147,3149,-1,3148,3149,3150,-1,3150,3149,3151,-1,3150,3151,3152,-1,3152,3151,3153,-1,3152,3153,3154,-1,3154,3153,3155,-1,3154,3155,3156,-1,3156,3155,3157,-1,3156,3157,3158,-1,3158,3157,3159,-1,3158,3159,3160,-1,3160,3159,3161,-1,3160,3161,3162,-1,3162,3161,3163,-1,3162,3163,3164,-1,3164,3163,3165,-1,3164,3165,3166,-1,3165,3167,3166,-1,3166,3167,3168,-1,3166,3168,3169,-1,3169,3168,3170,-1,3169,3170,3171,-1,3172,3173,3174,-1,3172,3174,3175,-1,3175,3174,3176,-1,3175,3176,3177,-1,3171,3170,3178,-1,3178,3170,3179,-1,3178,3179,3180,-1,3180,3179,3181,-1,3180,3181,3182,-1,3182,3181,3183,-1,3182,3183,3184,-1,3184,3183,3185,-1,3184,3185,3186,-1,3186,3185,3187,-1,3186,3187,3188,-1,3188,3187,3189,-1,3188,3189,3190,-1,3190,3189,3191,-1,3190,3191,3192,-1,3192,3191,3193,-1,3192,3193,3194,-1,3194,3193,3195,-1,3194,3195,3173,-1,3173,3195,3196,-1,3173,3196,3174,-1,3197,3198,3199,-1,3199,3198,3200,-1,3199,3200,3201,-1,3176,3202,3177,-1,3177,3202,3203,-1,3177,3203,3204,-1,3204,3203,3205,-1,3204,3205,3206,-1,3206,3205,3207,-1,3207,3205,3208,-1,3207,3208,3197,-1,3197,3208,3209,-1,3197,3209,3198,-1,3201,3200,3210,-1,3210,3200,3211,-1,3210,3211,3212,-1,3211,3213,3212,-1,3212,3213,3214,-1,3212,3214,3215,-1,3215,3214,3216,-1,3214,3217,3216,-1,3216,3217,3218,-1,3216,3218,3219,-1,3219,3218,3220,-1,3218,3221,3220,-1,3220,3221,3222,-1,3220,3222,3223,-1,3223,3222,3224,-1,3222,3225,3224,-1,3224,3225,3226,-1,3224,3226,3227,-1,3227,3226,3228,-1,3227,3228,3229,-1,3229,3228,3230,-1,3229,3230,3231,-1,3232,3233,3234,-1,3234,3233,3235,-1,3234,3235,3236,-1,3231,3230,3237,-1,3237,3230,3238,-1,3237,3238,3239,-1,3239,3238,3240,-1,3239,3240,3241,-1,3241,3240,3242,-1,3241,3242,3243,-1,3243,3242,3244,-1,3243,3244,3232,-1,3232,3244,3245,-1,3232,3245,3233,-1,3236,3235,3246,-1,3246,3235,3247,-1,3246,3247,3248,-1,3249,3250,3251,-1,3251,3250,3252,-1,3251,3252,3253,-1,3253,3252,3254,-1,3247,3255,3248,-1,3248,3255,3256,-1,3248,3256,3257,-1,3257,3256,3258,-1,3257,3258,3259,-1,3259,3258,3254,-1,3259,3254,3260,-1,3260,3254,3252,-1,3251,3261,3249,-1,3249,3261,3262,-1,3249,3262,3263,-1,3263,3262,3264,-1,3263,3264,3265,-1,3265,3264,3266,-1,3265,3266,3267,-1,3267,3266,3268,-1,3268,3266,3269,-1,3268,3269,3270,-1,3269,3271,3270,-1,3270,3271,3272,-1,3270,3272,3273,-1,3273,3272,3274,-1,3273,3274,3275,-1,3275,3274,3276,-1,3276,3274,3277,-1,3276,3277,3278,-1,3277,3279,3278,-1,3278,3279,3280,-1,3278,3280,3281,-1,3281,3280,3282,-1,3281,3282,3283,-1,3283,3282,3284,-1,3284,3282,3285,-1,3284,3285,3286,-1,3285,3287,3286,-1,3286,3287,3288,-1,3286,3288,3289,-1,3289,3288,3290,-1,3289,3290,3291,-1,3292,3293,3294,-1,3295,3296,3297,-1,3297,3296,3298,-1,3297,3298,3299,-1,3291,3290,3300,-1,3300,3290,3301,-1,3300,3301,3302,-1,3302,3301,3303,-1,3302,3303,3295,-1,3295,3303,3304,-1,3295,3304,3296,-1,3305,3306,3307,-1,3299,3298,3308,-1,3308,3298,3309,-1,3308,3309,3306,-1,3306,3309,3310,-1,3306,3310,3307,-1,3311,3312,3313,-1,3311,3313,3314,-1,3314,3313,3315,-1,3314,3315,3316,-1,3305,3307,3317,-1,3317,3307,3318,-1,3317,3318,3319,-1,3319,3318,3320,-1,3319,3320,3312,-1,3312,3320,3321,-1,3312,3321,3313,-1,3315,3322,3316,-1,3316,3322,3323,-1,3316,3323,3324,-1,3324,3323,3325,-1,3324,3325,3326,-1,3326,3325,3327,-1,3327,3325,3328,-1,3327,3328,3329,-1,3328,3330,3329,-1,3329,3330,3331,-1,3329,3331,3332,-1,3332,3331,3333,-1,3332,3333,3334,-1,3334,3333,3335,-1,3335,3333,3336,-1,3335,3336,3337,-1,3336,3338,3337,-1,3337,3338,3339,-1,3337,3339,3340,-1,3340,3339,3341,-1,3340,3341,3342,-1,3342,3341,3343,-1,3343,3341,3344,-1,3343,3344,3345,-1,3344,3346,3345,-1,3345,3346,3347,-1,3345,3347,3348,-1,3348,3347,3349,-1,3348,3349,3350,-1,3350,3349,3351,-1,3352,3353,3354,-1,3354,3353,3355,-1,3355,3353,3356,-1,3355,3356,3357,-1,3357,3356,3358,-1,3357,3358,3359,-1,3359,3358,3360,-1,3359,3360,3361,-1,3361,3360,3362,-1,3361,3362,3363,-1,3363,3362,3364,-1,3363,3364,3365,-1,3365,3364,3366,-1,3365,3366,3351,-1,3351,3366,3367,-1,3351,3367,3350,-1,3354,3368,3352,-1,3352,3368,3369,-1,3352,3369,3370,-1,3370,3369,3371,-1,3370,3371,3372,-1,3372,3371,3373,-1,3373,3371,3374,-1,3373,3374,3375,-1,3375,3374,3376,-1,3375,3376,3377,-1,3377,3376,3378,-1,3377,3378,3379,-1,3379,3378,3380,-1,3379,3380,3381,-1,3381,3380,3382,-1,3381,3382,3383,-1,3383,3382,3384,-1,3383,3384,3385,-1,3385,3384,3386,-1,3385,3386,3387,-1,3386,3388,3387,-1,3387,3388,3389,-1,3387,3389,3390,-1,3390,3389,3391,-1,3391,3389,3392,-1,3391,3392,3393,-1,3393,3392,3394,-1,3393,3394,3395,-1,3394,3396,3395,-1,3395,3396,3397,-1,3395,3397,3398,-1,3399,3400,3401,-1,3401,3400,3402,-1,3398,3397,3403,-1,3403,3397,3404,-1,3403,3404,3405,-1,3405,3404,3406,-1,3405,3406,3407,-1,3407,3406,3408,-1,3407,3408,3409,-1,3409,3408,3410,-1,3409,3410,3411,-1,3399,3401,3412,-1,3412,3401,3413,-1,3412,3413,3414,-1,3414,3413,3415,-1,3414,3415,3411,-1,3411,3415,3416,-1,3411,3416,3409,-1,3402,3400,3417,-1,3417,3400,3418,-1,3417,3418,3419,-1,3419,3418,3420,-1,3419,3420,3421,-1,3421,3420,3422,-1,3421,3422,3423,-1,3424,3425,3426,-1,3426,3425,3427,-1,3422,3428,3423,-1,3423,3428,3429,-1,3423,3429,3430,-1,3430,3429,3427,-1,3430,3427,3431,-1,3431,3427,3425,-1,3426,3432,3424,-1,3424,3432,3433,-1,3424,3433,3434,-1,3434,3433,3435,-1,3434,3435,3436,-1,3436,3435,3437,-1,3437,3435,3438,-1,3437,3438,3439,-1,3439,3438,3440,-1,3439,3440,3441,-1,3441,3440,3442,-1,3441,3442,3443,-1,3443,3442,3444,-1,3443,3444,3445,-1,3445,3444,3446,-1,3445,3446,3447,-1,3447,3446,3448,-1,3447,3448,3449,-1,3449,3448,3450,-1,3449,3450,3451,-1,3450,3452,3451,-1,3451,3452,3453,-1,3451,3453,3454,-1,3454,3453,3455,-1,3454,3455,3456,-1,3456,3455,3457,-1,3456,3457,3458,-1,3294,3293,3459,-1,3459,3293,3460,-1,3459,3460,3461,-1,3458,3457,3462,-1,3462,3457,3463,-1,3462,3463,3464,-1,3464,3463,3465,-1,3464,3465,3466,-1,3461,3460,3467,-1,3467,3460,3468,-1,3467,3468,3466,-1,3466,3468,3469,-1,3466,3469,3464,-1,3292,3294,3470,-1,3470,3294,3471,-1,3470,3471,3472,-1,3472,3471,3473,-1,3472,3473,3474,-1,3474,3473,3475,-1,3474,3475,3476,-1,3476,3475,3477,-1,3476,3477,3478,-1,3478,3477,3479,-1,3478,3479,3480,-1,3480,3479,3481,-1,3480,3481,3482,-1,3482,3481,3483,-1,3482,3483,3484,-1,3483,3485,3484,-1,3484,3485,3486,-1,3484,3486,3487,-1,3487,3486,3488,-1,3487,3488,3489,-1,3489,3488,3490,-1,3489,3490,3491,-1,3491,3490,3492,-1,3492,3490,3493,-1,3492,3493,3494,-1,3494,3493,3495,-1,3494,3495,3496,-1,3496,3495,3497,-1,3496,3497,3498,-1,3498,3497,3499,-1,3498,3499,3500,-1,3500,3499,3501,-1,3500,3501,3502,-1,3503,3504,3505,-1,3505,3504,3506,-1,3501,3507,3502,-1,3502,3507,3508,-1,3502,3508,3509,-1,3509,3508,3506,-1,3509,3506,3510,-1,3510,3506,3504,-1,3511,3512,3513,-1,3505,3514,3503,-1,3503,3514,3511,-1,3503,3511,3515,-1,3515,3511,3513,-1,3516,3517,3518,-1,3519,3520,3521,-1,3521,3520,3522,-1,3513,3512,3523,-1,3523,3512,3524,-1,3523,3524,3525,-1,3525,3524,3526,-1,3525,3526,3522,-1,3522,3526,3527,-1,3522,3527,3521,-1,3528,3529,3530,-1,3529,3528,3531,-1,3531,3528,3532,-1,3531,3532,3519,-1,3519,3532,3533,-1,3519,3533,3520,-1,3534,3535,3536,-1,3536,3535,3537,-1,3536,3537,3538,-1,3538,3537,3539,-1,3539,3537,3540,-1,3539,3540,3541,-1,3541,3540,3542,-1,3541,3542,3530,-1,3530,3542,3543,-1,3530,3543,3528,-1,3536,3544,3534,-1,3534,3544,3545,-1,3534,3545,3546,-1,3546,3545,3547,-1,3546,3547,3548,-1,3548,3547,3549,-1,3549,3547,3550,-1,3549,3550,3551,-1,3551,3550,3552,-1,3551,3552,3553,-1,3553,3552,3554,-1,3553,3554,3555,-1,3555,3554,3556,-1,3555,3556,3557,-1,3558,3559,3560,-1,3560,3559,3557,-1,3557,3559,3561,-1,3557,3561,3555,-1,3560,3562,3558,-1,3558,3562,3563,-1,3558,3563,3564,-1,3564,3563,3565,-1,3564,3565,3566,-1,3566,3565,3567,-1,3567,3565,3568,-1,3567,3568,3517,-1,3517,3568,3569,-1,3517,3569,3518,-1,3516,3518,3570,-1,3570,3518,3571,-1,3570,3571,3572,-1,3572,3571,3573,-1,3572,3573,3574,-1,3573,3575,3574,-1,3574,3575,3576,-1,3574,3576,3577,-1,3577,3576,3578,-1,3577,3578,3579,-1,3579,3578,3580,-1,3579,3580,3581,-1,3581,3580,3582,-1,3581,3582,3583,-1,3583,3582,3584,-1,3583,3584,3585,-1,3586,3587,3588,-1,3586,3588,3589,-1,3589,3588,3590,-1,3589,3590,3591,-1,3585,3584,3592,-1,3592,3584,3593,-1,3592,3593,3594,-1,3594,3593,3595,-1,3594,3595,3587,-1,3587,3595,3596,-1,3587,3596,3588,-1,3590,3597,3591,-1,3591,3597,3598,-1,3591,3598,3599,-1,3599,3598,3600,-1,3599,3600,3601,-1,3601,3600,3602,-1,3602,3600,3603,-1,3602,3603,3604,-1,3603,3605,3604,-1,3604,3605,3606,-1,3604,3606,3607,-1,3607,3606,3608,-1,3607,3608,3609,-1,3609,3608,3610,-1,3610,3608,3611,-1,3610,3611,3612,-1,3612,3611,3613,-1,3612,3613,3614,-1,3613,3615,3614,-1,3614,3615,3616,-1,3614,3616,3617,-1,3617,3616,3618,-1,3617,3618,3619,-1,3620,3621,3622,-1,3622,3621,3623,-1,3623,3621,3624,-1,3623,3624,3625,-1,3619,3618,3626,-1,3626,3618,3627,-1,3626,3627,3628,-1,3628,3627,3629,-1,3628,3629,3630,-1,3630,3629,3631,-1,3630,3631,3632,-1,3632,3631,3633,-1,3632,3633,3625,-1,3625,3633,3634,-1,3625,3634,3623,-1,3635,3636,3637,-1,3635,3637,3638,-1,3638,3637,3639,-1,3639,3637,3640,-1,3639,3640,3641,-1,3641,3640,3642,-1,3641,3642,3643,-1,3622,3644,3620,-1,3620,3644,3645,-1,3620,3645,3646,-1,3646,3645,3643,-1,3646,3643,3647,-1,3647,3643,3642,-1,3636,3635,3648,-1,3648,3635,3649,-1,3648,3649,3650,-1,3650,3649,3651,-1,3650,3651,3652,-1,3651,3653,3652,-1,3652,3653,3654,-1,3652,3654,3655,-1,3655,3654,3656,-1,3655,3656,3657,-1,3658,3659,3660,-1,3657,3656,3661,-1,3661,3656,3662,-1,3661,3662,3663,-1,3663,3662,3664,-1,3663,3664,3660,-1,3660,3664,3665,-1,3660,3665,3658,-1,3659,3658,3666,-1,3666,3658,3667,-1,3666,3667,3668,-1,3668,3667,3669,-1,3668,3669,3670,-1,3670,3669,3671,-1,3670,3671,3672,-1,3671,3673,3672,-1,3672,3673,3674,-1,3672,3674,3675,-1,3675,3674,3676,-1,3676,3674,3677,-1,3676,3677,3678,-1,3679,3680,3681,-1,3681,3680,3682,-1,3681,3682,3683,-1,3683,3682,3684,-1,3684,3682,3685,-1,3684,3685,3686,-1,3686,3685,3687,-1,3686,3687,3688,-1,3688,3687,3689,-1,3688,3689,3690,-1,3690,3689,3691,-1,3690,3691,3678,-1,3678,3691,3692,-1,3678,3692,3676,-1,3693,3694,3695,-1,3695,3694,3696,-1,3693,3695,3697,-1,3697,3695,3698,-1,3697,3698,3699,-1,3699,3698,3700,-1,3699,3700,3679,-1,3679,3700,3701,-1,3679,3701,3680,-1,3696,3694,3702,-1,3702,3694,3703,-1,3702,3703,3704,-1,3704,3703,3705,-1,3704,3705,3706,-1,3706,3705,3707,-1,3706,3707,3708,-1,3707,3709,3708,-1,3708,3709,3710,-1,3708,3710,3711,-1,3711,3710,3712,-1,3710,3713,3712,-1,3712,3713,3714,-1,3712,3714,3715,-1,3715,3714,3716,-1,3716,3714,3717,-1,3716,3717,3718,-1,3718,3717,3719,-1,3718,3719,3720,-1,3719,3721,3720,-1,3720,3721,3722,-1,3720,3722,3723,-1,3723,3722,3724,-1,3724,3722,3725,-1,3724,3725,3726,-1,3726,3725,3727,-1,3726,3727,3728,-1,3728,3727,3729,-1,3728,3729,3730,-1,3731,3732,3733,-1,3733,3732,3730,-1,3730,3732,3734,-1,3730,3734,3728,-1,3733,3735,3731,-1,3731,3735,3736,-1,3731,3736,3737,-1,3737,3736,3738,-1,3737,3738,3739,-1,3740,3741,3742,-1,3743,3744,3745,-1,3745,3744,3746,-1,3745,3746,3747,-1,3747,3746,3748,-1,3739,3738,3749,-1,3749,3738,3750,-1,3749,3750,3748,-1,3748,3750,3751,-1,3748,3751,3747,-1,3752,3753,3754,-1,3752,3754,3755,-1,3755,3754,3756,-1,3755,3756,3757,-1,3757,3756,3758,-1,3757,3758,3743,-1,3743,3758,3759,-1,3743,3759,3744,-1,3760,3761,3762,-1,3762,3761,3763,-1,3763,3761,3764,-1,3764,3761,3765,-1,3764,3765,3753,-1,3753,3765,3766,-1,3753,3766,3754,-1,3760,3762,3767,-1,3767,3762,3768,-1,3767,3768,3769,-1,3769,3768,3770,-1,3769,3770,3771,-1,3771,3770,3772,-1,3771,3772,3773,-1,3773,3772,3774,-1,3773,3774,3775,-1,3774,3776,3775,-1,3775,3776,3777,-1,3775,3777,3778,-1,3778,3777,3779,-1,3777,3780,3779,-1,3779,3780,3781,-1,3779,3781,3782,-1,3782,3781,3783,-1,3783,3781,3784,-1,3783,3784,3785,-1,3785,3784,3786,-1,3785,3786,3787,-1,3786,3788,3787,-1,3787,3788,3789,-1,3787,3789,3790,-1,3790,3789,3791,-1,3791,3789,3792,-1,3791,3792,3793,-1,3792,3794,3793,-1,3793,3794,3795,-1,3793,3795,3796,-1,3796,3795,3797,-1,3796,3797,3798,-1,3799,3800,3801,-1,3799,3801,3802,-1,3798,3797,3803,-1,3803,3797,3804,-1,3803,3804,3805,-1,3805,3804,3806,-1,3805,3806,3807,-1,3807,3806,3808,-1,3807,3808,3809,-1,3809,3808,3810,-1,3809,3810,3811,-1,3811,3810,3812,-1,3811,3812,3800,-1,3800,3812,3813,-1,3800,3813,3801,-1,3814,3815,3816,-1,3816,3815,3817,-1,3815,3818,3817,-1,3817,3818,3819,-1,3817,3819,3820,-1,3820,3819,3821,-1,3820,3821,3822,-1,3822,3821,3802,-1,3822,3802,3823,-1,3823,3802,3801,-1,3816,3824,3814,-1,3814,3824,3825,-1,3814,3825,3826,-1,3826,3825,3827,-1,3826,3827,3828,-1,3828,3827,3829,-1,3829,3827,3830,-1,3829,3830,3831,-1,3830,3832,3831,-1,3831,3832,3833,-1,3831,3833,3834,-1,3834,3833,3835,-1,3834,3835,3836,-1,3836,3835,3837,-1,3837,3835,3838,-1,3837,3838,3839,-1,3838,3840,3839,-1,3839,3840,3841,-1,3839,3841,3842,-1,3842,3841,3843,-1,3842,3843,3844,-1,3844,3843,3845,-1,3844,3845,3846,-1,3846,3845,3741,-1,3741,3845,3847,-1,3741,3847,3742,-1,3848,3849,3850,-1,3740,3742,3850,-1,3850,3742,3851,-1,3850,3851,3848,-1,3852,3853,3854,-1,3852,3854,3855,-1,3855,3854,3856,-1,3855,3856,3857,-1,3849,3848,3853,-1,3853,3848,3858,-1,3853,3858,3854,-1,3859,3860,3861,-1,3862,3863,3864,-1,3864,3863,3865,-1,3865,3863,3866,-1,3865,3866,3861,-1,3861,3866,3867,-1,3861,3867,3859,-1,3864,3868,3862,-1,3862,3868,3869,-1,3862,3869,3870,-1,3870,3869,3857,-1,3870,3857,3871,-1,3871,3857,3856,-1,3872,3873,3874,-1,3860,3859,3875,-1,3875,3859,3876,-1,3875,3876,3877,-1,3877,3876,3878,-1,3877,3878,3879,-1,3879,3878,3880,-1,3879,3880,3873,-1,3873,3880,3881,-1,3873,3881,3874,-1,3882,3883,3884,-1,3872,3874,3885,-1,3885,3874,3886,-1,3885,3886,3887,-1,3887,3886,3888,-1,3887,3888,3889,-1,3889,3888,3890,-1,3889,3890,3891,-1,3891,3890,3892,-1,3891,3892,3884,-1,3884,3892,3893,-1,3884,3893,3882,-1,3883,3882,3894,-1,3894,3882,3895,-1,3894,3895,3896,-1,3895,3897,3896,-1,3896,3897,3898,-1,3896,3898,3899,-1,3899,3898,3900,-1,3899,3900,3901,-1,3902,3903,3904,-1,3901,3900,3905,-1,3905,3900,3906,-1,3905,3906,3904,-1,3904,3906,3907,-1,3904,3907,3902,-1,3903,3902,3908,-1,3908,3902,3909,-1,3908,3909,3910,-1,3910,3909,3911,-1,3910,3911,3912,-1,3913,3914,3915,-1,3915,3914,3916,-1,3916,3914,3917,-1,3916,3917,3918,-1,3918,3917,3919,-1,3918,3919,3920,-1,3920,3919,3921,-1,3920,3921,3922,-1,3922,3921,3923,-1,3922,3923,3924,-1,3924,3923,3925,-1,3924,3925,3926,-1,3926,3925,3927,-1,3926,3927,3928,-1,3928,3927,3929,-1,3928,3929,3930,-1,3930,3929,3931,-1,3930,3931,3912,-1,3912,3931,3932,-1,3912,3932,3910,-1,3915,3933,3913,-1,3913,3933,3934,-1,3913,3934,3935,-1,3935,3934,3936,-1,3935,3936,3937,-1,3938,3939,3940,-1,3937,3936,3941,-1,3941,3936,3942,-1,3941,3942,3943,-1,3943,3942,3944,-1,3943,3944,3945,-1,3945,3944,3946,-1,3945,3946,3947,-1,3947,3946,3948,-1,3947,3948,3949,-1,3949,3948,3950,-1,3949,3950,3951,-1,3951,3950,3952,-1,3951,3952,3953,-1,3953,3952,3954,-1,3953,3954,3939,-1,3939,3954,3955,-1,3939,3955,3940,-1,3956,3957,3958,-1,3938,3940,3959,-1,3959,3940,3960,-1,3959,3960,3961,-1,3961,3960,3962,-1,3961,3962,3958,-1,3958,3962,3963,-1,3958,3963,3956,-1,3964,3965,3966,-1,3957,3956,3967,-1,3967,3956,3968,-1,3967,3968,3966,-1,3966,3968,3969,-1,3966,3969,3964,-1,3970,3971,3972,-1,3972,3971,3973,-1,3970,3972,3974,-1,3974,3972,3975,-1,3974,3975,3976,-1,3965,3964,3977,-1,3977,3964,3978,-1,3977,3978,3979,-1,3979,3978,3980,-1,3979,3980,3976,-1,3976,3980,3981,-1,3976,3981,3974,-1,3982,3983,3984,-1,3984,3983,3985,-1,3985,3983,3986,-1,3985,3986,3987,-1,3973,3971,3987,-1,3987,3971,3988,-1,3987,3988,3985,-1,3984,3989,3982,-1,3982,3989,3990,-1,3982,3990,3991,-1,3991,3990,3992,-1,3991,3992,3993,-1,3993,3992,3994,-1,3994,3992,3995,-1,3994,3995,3996,-1,3995,3997,3996,-1,3996,3997,3998,-1,3996,3998,3999,-1,3999,3998,4000,-1,3999,4000,4001,-1,4001,4000,4002,-1,4002,4000,4003,-1,4002,4003,4004,-1,4004,4003,4005,-1,4004,4005,4006,-1,4006,4005,4007,-1,4006,4007,4008,-1,4008,4007,4009,-1,4008,4009,4010,-1,4010,4009,4011,-1,4010,4011,4012,-1,4012,4011,4013,-1,4012,4013,4014,-1,4014,4013,4015,-1,4014,4015,4016,-1,4016,4015,4017,-1,4016,4017,4018,-1,4019,4020,4021,-1,4021,4020,4022,-1,4022,4020,4023,-1,4023,4020,4024,-1,4023,4024,4018,-1,4018,4024,4025,-1,4018,4025,4016,-1,4019,4021,4026,-1,4026,4021,4027,-1,4026,4027,4028,-1,4028,4027,4029,-1,4028,4029,4030,-1,4030,4029,4031,-1,4030,4031,4032,-1,4032,4031,4033,-1,4032,4033,4034,-1,4033,4035,4034,-1,4034,4035,4036,-1,4034,4036,4037,-1,4037,4036,4038,-1,4037,4038,4039,-1,4039,4038,4040,-1,4040,4038,4041,-1,4040,4041,4042,-1,4042,4041,4043,-1,4042,4043,4044,-1,4044,4043,4045,-1,4044,4045,4046,-1,4046,4045,4047,-1,4046,4047,4048,-1,4048,4047,4049,-1,4048,4049,4050,-1,4050,4049,4051,-1,4050,4051,4052,-1,4051,4053,4052,-1,4052,4053,4054,-1,4052,4054,4055,-1,4055,4054,4056,-1,4055,4056,4057,-1,4057,4056,4058,-1,4058,4056,4059,-1,4058,4059,4060,-1,4060,4059,4061,-1,4060,4061,4062,-1,4062,4061,4063,-1,4062,4063,4064,-1,4064,4063,4065,-1,4064,4065,4066,-1,4066,4065,4067,-1,4066,4067,4068,-1,4067,4069,4068,-1,4068,4069,4070,-1,4068,4070,4071,-1,4071,4070,4072,-1,4073,4074,4075,-1,4075,4074,4076,-1,4070,4077,4072,-1,4072,4077,4078,-1,4072,4078,4079,-1,4079,4078,4080,-1,4079,4080,4081,-1,4081,4080,4073,-1,4081,4073,4082,-1,4082,4073,4075,-1,4083,4084,4085,-1,4085,4084,4086,-1,4085,4086,4087,-1,4088,4089,4090,-1,4090,4089,4084,-1,4090,4084,4091,-1,4091,4084,4083,-1,4086,4092,4087,-1,4087,4092,4093,-1,4087,4093,4094,-1,4094,4093,4076,-1,4094,4076,4095,-1,4095,4076,4074,-1,4096,4097,4098,-1,4098,4097,4099,-1,4098,4099,4100,-1,4088,4090,4101,-1,4101,4090,4102,-1,4101,4102,4096,-1,4096,4102,4103,-1,4096,4103,4097,-1,4100,4099,4104,-1,4104,4099,4105,-1,4104,4105,4106,-1,4105,4107,4106,-1,4106,4107,4108,-1,4106,4108,4109,-1,4109,4108,4110,-1,4109,4110,4111,-1,4111,4110,4112,-1,4111,4112,4113,-1,4113,4112,4114,-1,4112,4115,4114,-1,4114,4115,4116,-1,4114,4116,4117,-1,4117,4116,4118,-1,4118,4116,4119,-1,4118,4119,4120,-1,4120,4119,4121,-1,4120,4121,4122,-1,4122,4121,4123,-1,4122,4123,4124,-1,4124,4123,4125,-1,4124,4125,4126,-1,4126,4125,4127,-1,4126,4127,4128,-1,4129,4130,4131,-1,4131,4130,4132,-1,4131,4132,4133,-1,4127,4134,4128,-1,4128,4134,4135,-1,4128,4135,4136,-1,4136,4135,4137,-1,4137,4135,4138,-1,4137,4138,4129,-1,4129,4138,4139,-1,4129,4139,4130,-1,4133,4132,4140,-1,4140,4132,4141,-1,4140,4141,4142,-1,4142,4141,4143,-1,4142,4143,4144,-1,4143,4145,4144,-1,4144,4145,4146,-1,4144,4146,4147,-1,4147,4146,4148,-1,4147,4148,4149,-1,4149,4148,4150,-1,4150,4148,4151,-1,4150,4151,4152,-1,4152,4151,4153,-1,4152,4153,4154,-1,4154,4153,4155,-1,4154,4155,4156,-1,4156,4155,4157,-1,4156,4157,4158,-1,4158,4157,4159,-1,4158,4159,4160,-1,4160,4159,4161,-1,4160,4161,4162,-1,4162,4161,4163,-1,4162,4163,4164,-1,4163,4165,4164,-1,4164,4165,4166,-1,4164,4166,4167,-1,4167,4166,4168,-1,4167,4168,4169,-1,4169,4168,4170,-1,4170,4168,4171,-1,4170,4171,4172,-1,4172,4171,4173,-1,4172,4173,4174,-1,4174,4173,4175,-1,4174,4175,4176,-1,4176,4175,4177,-1,4176,4177,4178,-1,4178,4177,4179,-1,4178,4179,4180,-1,4180,4179,4181,-1,4180,4181,4182,-1,4183,4184,4185,-1,4185,4184,4182,-1,4185,4182,4186,-1,4186,4182,4181,-1,4187,4188,4189,-1,4190,4191,4192,-1,4193,4184,4183,-1,4194,4195,4196,-1,4196,4195,4197,-1,4196,4197,4198,-1,4193,4183,4199,-1,4199,4183,4200,-1,4199,4200,4194,-1,4194,4200,4201,-1,4194,4201,4195,-1,4198,4197,4202,-1,4202,4197,4203,-1,4202,4203,4204,-1,4203,4205,4204,-1,4204,4205,4206,-1,4204,4206,4207,-1,4207,4206,4208,-1,4207,4208,4209,-1,4209,4208,4210,-1,4209,4210,4211,-1,4211,4210,4212,-1,4212,4210,4213,-1,4212,4213,4214,-1,4214,4213,4215,-1,4214,4215,4216,-1,4216,4215,4217,-1,4216,4217,4218,-1,4218,4217,4219,-1,4218,4219,4220,-1,4220,4219,4221,-1,4220,4221,4222,-1,4222,4221,4223,-1,4222,4223,4224,-1,4224,4223,4225,-1,4224,4225,4226,-1,4225,4227,4226,-1,4226,4227,4228,-1,4226,4228,4229,-1,4229,4228,4230,-1,4229,4230,4231,-1,4232,4233,4234,-1,4231,4230,4235,-1,4235,4230,4236,-1,4235,4236,4234,-1,4234,4236,4237,-1,4234,4237,4232,-1,4233,4232,4238,-1,4238,4232,4239,-1,4238,4239,4240,-1,4240,4239,4241,-1,4240,4241,4242,-1,4242,4241,4243,-1,4242,4243,4244,-1,4190,4192,4245,-1,4243,4246,4244,-1,4244,4246,4247,-1,4244,4247,4248,-1,4248,4247,4245,-1,4248,4245,4249,-1,4249,4245,4192,-1,4250,4251,4252,-1,4252,4251,4253,-1,4253,4251,4254,-1,4253,4254,4255,-1,4255,4254,4256,-1,4255,4256,4257,-1,4257,4256,4258,-1,4257,4258,4259,-1,4259,4258,4260,-1,4259,4260,4191,-1,4191,4260,4261,-1,4191,4261,4192,-1,4252,4262,4250,-1,4250,4262,4263,-1,4250,4263,4264,-1,4264,4263,4265,-1,4264,4265,4266,-1,4266,4265,4267,-1,4267,4265,4268,-1,4267,4268,4269,-1,4269,4268,4270,-1,4269,4270,4271,-1,4271,4270,4272,-1,4271,4272,4273,-1,4273,4272,4274,-1,4273,4274,4275,-1,4276,4277,4278,-1,4278,4277,4275,-1,4275,4277,4279,-1,4275,4279,4273,-1,4280,4281,4282,-1,4282,4281,4283,-1,4278,4284,4276,-1,4276,4284,4285,-1,4276,4285,4286,-1,4286,4285,4283,-1,4286,4283,4287,-1,4287,4283,4281,-1,4282,4288,4280,-1,4280,4288,4289,-1,4280,4289,4290,-1,4290,4289,4291,-1,4290,4291,4292,-1,4292,4291,4293,-1,4293,4291,4294,-1,4293,4294,4295,-1,4295,4294,4296,-1,4295,4296,4297,-1,4297,4296,4298,-1,4297,4298,4299,-1,4299,4298,4300,-1,4299,4300,4301,-1,4302,4303,4304,-1,4305,4306,4307,-1,4307,4306,4308,-1,4305,4307,4304,-1,4304,4307,4309,-1,4304,4309,4302,-1,4303,4302,4301,-1,4301,4302,4310,-1,4301,4310,4299,-1,4311,4312,4313,-1,4314,4315,4316,-1,4314,4316,4317,-1,4311,4313,4318,-1,4318,4313,4319,-1,4318,4319,4316,-1,4316,4319,4320,-1,4316,4320,4317,-1,4308,4306,4312,-1,4312,4306,4321,-1,4312,4321,4313,-1,4322,4323,4324,-1,4322,4324,4325,-1,4325,4324,4326,-1,4325,4326,4327,-1,4327,4326,4328,-1,4328,4326,4329,-1,4328,4329,4314,-1,4314,4329,4330,-1,4314,4330,4315,-1,4323,4322,4331,-1,4331,4322,4332,-1,4331,4332,4333,-1,4332,4334,4333,-1,4333,4334,4335,-1,4333,4335,4336,-1,4336,4335,4337,-1,4336,4337,4338,-1,4338,4337,4339,-1,4339,4337,4340,-1,4339,4340,4188,-1,4188,4340,4341,-1,4188,4341,4189,-1,4187,4189,4342,-1,4342,4189,4343,-1,4342,4343,4344,-1,4343,4345,4344,-1,4344,4345,4346,-1,4344,4346,4347,-1,4347,4346,4348,-1,4347,4348,4349,-1,4350,4351,4352,-1,4352,4351,4353,-1,4352,4353,4354,-1,4349,4348,4355,-1,4355,4348,4356,-1,4355,4356,4357,-1,4357,4356,4358,-1,4357,4358,4359,-1,4359,4358,4360,-1,4359,4360,4361,-1,4361,4360,4362,-1,4361,4362,4350,-1,4350,4362,4363,-1,4350,4363,4351,-1,4354,4353,4364,-1,4364,4353,4365,-1,4364,4365,4366,-1,4367,4368,4369,-1,4369,4368,4370,-1,4369,4371,4367,-1,4367,4371,4372,-1,4367,4372,4373,-1,4373,4372,4374,-1,4365,4375,4366,-1,4366,4375,4376,-1,4366,4376,4377,-1,4377,4376,4378,-1,4377,4378,4379,-1,4379,4378,4374,-1,4379,4374,4380,-1,4380,4374,4372,-1,4368,4381,4370,-1,4370,4381,4382,-1,4370,4382,4383,-1,4383,4382,4384,-1,4383,4384,4385,-1,4385,4384,4386,-1,4386,4384,4387,-1,4386,4387,4388,-1,4387,4389,4388,-1,4388,4389,4390,-1,4388,4390,4391,-1,4391,4390,4392,-1,4391,4392,4393,-1,4393,4392,4394,-1,4394,4392,4395,-1,4394,4395,4396,-1,4395,4397,4396,-1,4396,4397,4398,-1,4396,4398,4399,-1,4399,4398,4400,-1,4399,4400,4401,-1,4401,4400,4402,-1,4402,4400,4403,-1,4402,4403,4404,-1,4403,4405,4404,-1,4404,4405,4406,-1,4404,4406,4407,-1,4407,4406,4408,-1,4407,4408,4409,-1,4410,4411,4412,-1,4412,4411,4413,-1,4412,4413,4414,-1,4409,4408,4415,-1,4415,4408,4416,-1,4415,4416,4417,-1,4417,4416,4418,-1,4417,4418,4410,-1,4410,4418,4419,-1,4410,4419,4411,-1,4420,4421,4422,-1,4422,4421,4423,-1,4422,4423,4424,-1,4414,4413,4425,-1,4425,4413,4426,-1,4425,4426,4420,-1,4420,4426,4427,-1,4420,4427,4421,-1,4428,4429,4430,-1,4428,4430,4431,-1,4431,4430,4432,-1,4431,4432,4433,-1,4424,4423,4434,-1,4434,4423,4435,-1,4434,4435,4429,-1,4429,4435,4436,-1,4429,4436,4430,-1,4432,4437,4433,-1,4433,4437,4438,-1,4433,4438,4439,-1,4439,4438,4440,-1,4439,4440,4441,-1,4441,4440,4442,-1,4442,4440,4443,-1,4442,4443,4444,-1,4443,4445,4444,-1,4444,4445,4446,-1,4444,4446,4447,-1,4447,4446,4448,-1,4447,4448,4449,-1,4449,4448,4450,-1,4450,4448,4451,-1,4450,4451,4452,-1,4451,4453,4452,-1,4452,4453,4454,-1,4452,4454,4455,-1,4455,4454,4456,-1,4455,4456,4457,-1,4457,4456,4458,-1,4458,4456,4459,-1,4458,4459,4460,-1,4459,4461,4460,-1,4460,4461,4462,-1,4460,4462,4463,-1,4463,4462,4464,-1,4465,4466,4467,-1,4467,4466,4468,-1,4468,4466,4469,-1,4468,4469,4470,-1,4470,4469,4471,-1,4470,4471,4472,-1,4472,4471,4473,-1,4472,4473,4474,-1,4474,4473,4475,-1,4474,4475,4476,-1,4476,4475,4477,-1,4476,4477,4478,-1,4478,4477,4479,-1,4478,4479,4480,-1,4480,4479,4481,-1,4480,4481,4464,-1,4464,4481,4482,-1,4464,4482,4463,-1,4483,4484,4485,-1,4486,4487,4488,-1,4485,4484,4488,-1,4488,4484,4489,-1,4488,4489,4486,-1,4467,4490,4465,-1,4465,4490,4491,-1,4465,4491,4492,-1,4492,4491,4483,-1,4492,4483,4493,-1,4493,4483,4485,-1,4487,4486,4494,-1,4494,4486,4495,-1,4494,4495,4496,-1,4496,4495,4497,-1,4496,4497,4498,-1,4498,4497,4499,-1,4498,4499,4500,-1,4500,4499,4501,-1,4500,4501,4502,-1,4501,4503,4502,-1,4502,4503,4504,-1,4502,4504,4505,-1,4506,4507,4508,-1,4505,4504,4509,-1,4509,4504,4510,-1,4509,4510,4511,-1,4511,4510,4512,-1,4511,4512,4513,-1,4513,4512,4514,-1,4513,4514,4515,-1,4515,4514,4516,-1,4515,4516,4517,-1,4517,4516,4518,-1,4517,4518,4519,-1,4519,4518,4520,-1,4519,4520,4521,-1,4521,4520,4522,-1,4521,4522,4523,-1,4523,4522,4524,-1,4523,4524,4525,-1,4525,4524,4526,-1,4525,4526,4527,-1,4527,4526,4528,-1,4527,4528,4529,-1,4529,4528,4530,-1,4529,4530,4508,-1,4508,4530,4531,-1,4508,4531,4506,-1,4532,4533,4534,-1,4532,4534,4535,-1,4535,4534,4536,-1,4535,4536,4537,-1,4507,4506,4533,-1,4533,4506,4538,-1,4533,4538,4534,-1,4539,4540,4541,-1,4539,4541,4542,-1,4542,4541,4543,-1,4542,4543,4544,-1,4536,4545,4537,-1,4537,4545,4546,-1,4537,4546,4547,-1,4547,4546,4548,-1,4544,4543,4549,-1,4549,4543,4550,-1,4549,4550,4548,-1,4548,4550,4551,-1,4548,4551,4547,-1,4540,4539,4552,-1,4552,4539,4553,-1,4552,4553,4554,-1,4554,4553,4555,-1,4554,4555,4556,-1,4556,4555,4557,-1,4556,4557,4558,-1,4558,4557,4559,-1,4558,4559,4560,-1,4560,4559,4561,-1,4560,4561,4562,-1,4561,4563,4562,-1,4562,4563,4564,-1,4562,4564,4565,-1,4565,4564,4566,-1,4564,4567,4566,-1,4566,4567,4568,-1,4566,4568,4569,-1,4569,4568,4570,-1,4569,4570,4571,-1,4572,4573,4574,-1,4572,4574,4575,-1,4575,4574,4576,-1,4575,4576,4577,-1,4571,4570,4578,-1,4578,4570,4579,-1,4578,4579,4580,-1,4580,4579,4581,-1,4580,4581,4582,-1,4582,4581,4583,-1,4582,4583,4584,-1,4573,4572,4585,-1,4585,4572,4586,-1,4585,4586,4584,-1,4584,4586,4587,-1,4584,4587,4582,-1,4588,4589,4590,-1,4588,4590,4591,-1,4577,4576,4592,-1,4592,4576,4593,-1,4592,4593,4594,-1,4594,4593,4595,-1,4594,4595,4596,-1,4596,4595,4597,-1,4596,4597,4598,-1,4598,4597,4599,-1,4598,4599,4600,-1,4600,4599,4601,-1,4600,4601,4589,-1,4589,4601,4602,-1,4589,4602,4590,-1,4590,4603,4591,-1,4591,4603,4604,-1,4591,4604,4605,-1,4605,4604,4606,-1,4605,4606,4607,-1,4607,4606,4608,-1,4607,4608,4609,-1,4609,4608,4610,-1,4610,4608,4611,-1,4610,4611,4612,-1,4611,4613,4612,-1,4612,4613,4614,-1,4612,4614,4615,-1,4615,4614,4616,-1,4615,4616,4617,-1,4617,4616,4618,-1,4618,4616,4619,-1,4618,4619,4620,-1,4619,4621,4620,-1,4620,4621,4622,-1,4620,4622,4623,-1,4623,4622,4624,-1,4623,4624,4625,-1,4625,4624,4626,-1,4626,4624,4627,-1,4626,4627,4628,-1,4627,4629,4628,-1,4628,4629,4630,-1,4628,4630,4631,-1,4631,4630,4632,-1,4631,4632,4633,-1,4634,4635,4636,-1,4636,4635,4637,-1,4633,4632,4638,-1,4638,4632,4639,-1,4638,4639,4640,-1,4640,4639,4641,-1,4640,4641,4637,-1,4637,4641,4642,-1,4637,4642,4636,-1,4643,4644,4645,-1,4645,4644,4646,-1,4646,4644,4647,-1,4647,4644,4648,-1,4647,4648,4634,-1,4634,4648,4649,-1,4634,4649,4635,-1,4650,4651,4652,-1,4652,4651,4653,-1,4652,4653,4654,-1,4643,4645,4655,-1,4655,4645,4656,-1,4655,4656,4657,-1,4654,4653,4657,-1,4657,4653,4658,-1,4657,4658,4655,-1,4652,4659,4650,-1,4650,4659,4660,-1,4650,4660,4661,-1,4661,4660,4662,-1,4661,4662,4663,-1,4663,4662,4664,-1,4663,4664,4665,-1,4666,4667,4668,-1,4665,4664,4669,-1,4669,4664,4670,-1,4669,4670,4671,-1,4671,4670,4672,-1,4671,4672,4667,-1,4667,4672,4673,-1,4667,4673,4668,-1,4666,4668,4674,-1,4674,4668,4675,-1,4674,4675,4676,-1,4675,4677,4676,-1,4676,4677,4678,-1,4676,4678,4679,-1,4679,4678,4680,-1,4679,4680,4681,-1,4681,4680,4682,-1,4682,4680,4683,-1,4682,4683,4684,-1,4683,4685,4684,-1,4684,4685,4686,-1,4684,4686,4687,-1,4687,4686,4688,-1,4687,4688,4689,-1,4689,4688,4690,-1,4690,4688,4691,-1,4690,4691,4692,-1,4693,4694,4695,-1,4695,4694,4696,-1,4695,4697,4693,-1,4693,4697,4698,-1,4693,4698,4699,-1,4699,4698,4700,-1,4691,4701,4692,-1,4692,4701,4702,-1,4692,4702,4703,-1,4703,4702,4704,-1,4703,4704,4705,-1,4705,4704,4700,-1,4705,4700,4706,-1,4706,4700,4698,-1,4707,4708,4709,-1,4709,4708,4710,-1,4694,4711,4696,-1,4696,4711,4712,-1,4696,4712,4713,-1,4713,4712,4710,-1,4713,4710,4714,-1,4714,4710,4708,-1,4709,4715,4707,-1,4707,4715,4716,-1,4707,4716,4717,-1,4717,4716,4718,-1,4717,4718,4719,-1,4720,4721,4722,-1,4719,4718,4723,-1,4723,4718,4724,-1,4723,4724,4722,-1,4722,4724,4725,-1,4722,4725,4720,-1,4721,4720,4726,-1,4726,4720,4727,-1,4726,4727,4728,-1,4728,4727,4729,-1,4728,4729,4730,-1,4730,4729,4731,-1,4730,4731,4732,-1,4731,4733,4732,-1,4732,4733,4734,-1,4732,4734,4735,-1,4735,4734,4736,-1,4735,4736,4737,-1,4737,4736,4738,-1,4738,4736,4739,-1,4738,4739,4740,-1,4741,4742,4743,-1,4743,4742,4744,-1,4744,4742,4745,-1,4744,4745,4746,-1,4746,4745,4747,-1,4746,4747,4748,-1,4748,4747,4749,-1,4748,4749,4750,-1,4750,4749,4751,-1,4750,4751,4740,-1,4740,4751,4752,-1,4740,4752,4738,-1,4753,4754,4755,-1,4753,4755,4756,-1,4756,4755,4757,-1,4756,4757,4758,-1,4758,4757,4759,-1,4758,4759,4760,-1,4743,4761,4741,-1,4741,4761,4762,-1,4741,4762,4763,-1,4763,4762,4760,-1,4763,4760,4764,-1,4764,4760,4759,-1,4765,4766,4767,-1,4767,4766,4768,-1,4768,4766,4769,-1,4768,4769,4754,-1,4754,4769,4770,-1,4754,4770,4755,-1,4767,4771,4765,-1,4765,4771,4772,-1,4765,4772,4773,-1,4773,4772,4774,-1,4773,4774,4775,-1,4775,4774,4776,-1,4776,4774,4777,-1,4776,4777,4778,-1,4777,4779,4778,-1,4778,4779,4780,-1,4778,4780,4781,-1,4781,4780,4782,-1,4781,4782,4783,-1,4783,4782,4784,-1,4784,4782,4785,-1,4784,4785,4786,-1,4786,4785,4787,-1,4786,4787,4788,-1,4788,4787,4789,-1,4788,4789,4790,-1,4789,4791,4790,-1,4790,4791,4792,-1,4790,4792,4793,-1,4793,4792,4794,-1,4793,4794,4795,-1,4795,4794,4796,-1,4795,4796,4797,-1,4798,4799,4800,-1,4800,4799,4801,-1,4797,4796,4802,-1,4802,4796,4803,-1,4802,4803,4804,-1,4804,4803,4805,-1,4804,4805,4806,-1,4806,4805,4807,-1,4806,4807,4808,-1,4808,4807,4809,-1,4808,4809,4801,-1,4801,4809,4810,-1,4801,4810,4800,-1,4811,4812,4813,-1,4813,4812,4814,-1,4813,4814,4815,-1,4815,4814,4816,-1,4816,4814,4817,-1,4816,4817,4818,-1,4818,4817,4819,-1,4818,4819,4820,-1,4820,4819,4821,-1,4820,4821,4822,-1,4822,4821,4823,-1,4822,4823,4824,-1,4824,4823,4825,-1,4824,4825,4798,-1,4798,4825,4826,-1,4798,4826,4799,-1,4813,4827,4811,-1,4811,4827,4828,-1,4811,4828,4829,-1,4829,4828,4830,-1,4829,4830,4831,-1,4832,4833,4834,-1,4831,4830,4835,-1,4835,4830,4836,-1,4835,4836,4834,-1,4834,4836,4837,-1,4834,4837,4832,-1,4833,4832,4838,-1,4838,4832,4839,-1,4838,4839,4840,-1,4840,4839,4841,-1,4840,4841,4842,-1,4842,4841,4843,-1,4842,4843,4844,-1,4843,4845,4844,-1,4844,4845,4846,-1,4844,4846,4847,-1,4847,4846,4848,-1,4847,4848,4849,-1,4849,4848,4850,-1,4850,4848,4851,-1,4850,4851,4852,-1,4851,4853,4852,-1,4852,4853,4854,-1,4852,4854,4855,-1,4855,4854,4856,-1,4855,4856,4857,-1,4858,4859,4860,-1,4861,4862,4863,-1,4864,4865,4866,-1,4866,4865,4867,-1,4866,4867,4868,-1,4857,4856,4869,-1,4869,4856,4870,-1,4869,4870,4871,-1,4871,4870,4872,-1,4871,4872,4864,-1,4864,4872,4873,-1,4864,4873,4865,-1,4874,4875,4876,-1,4876,4875,4877,-1,4876,4877,4878,-1,4868,4867,4879,-1,4879,4867,4880,-1,4879,4880,4874,-1,4874,4880,4881,-1,4874,4881,4875,-1,4878,4877,4882,-1,4882,4877,4883,-1,4882,4883,4884,-1,4884,4883,4885,-1,4884,4885,4886,-1,4886,4885,4887,-1,4886,4887,4888,-1,4887,4889,4888,-1,4888,4889,4890,-1,4888,4890,4891,-1,4891,4890,4892,-1,4892,4890,4893,-1,4892,4893,4894,-1,4894,4893,4895,-1,4894,4895,4896,-1,4896,4895,4897,-1,4896,4897,4898,-1,4898,4897,4899,-1,4898,4899,4900,-1,4900,4899,4901,-1,4900,4901,4902,-1,4902,4901,4903,-1,4902,4903,4904,-1,4904,4903,4905,-1,4904,4905,4906,-1,4906,4905,4907,-1,4906,4907,4908,-1,4908,4907,4909,-1,4908,4909,4910,-1,4910,4909,4911,-1,4910,4911,4912,-1,4912,4911,4913,-1,4912,4913,4914,-1,4913,4915,4914,-1,4914,4915,4916,-1,4914,4916,4917,-1,4917,4916,4918,-1,4917,4918,4919,-1,4920,4921,4922,-1,4920,4922,4862,-1,4862,4922,4923,-1,4862,4923,4863,-1,4919,4918,4924,-1,4924,4918,4925,-1,4924,4925,4921,-1,4921,4925,4926,-1,4921,4926,4922,-1,4927,4928,4929,-1,4927,4929,4930,-1,4930,4929,4931,-1,4930,4931,4932,-1,4861,4863,4928,-1,4928,4863,4933,-1,4928,4933,4929,-1,4934,4935,4936,-1,4936,4935,4937,-1,4936,4938,4934,-1,4934,4938,4939,-1,4934,4939,4940,-1,4940,4939,4932,-1,4940,4932,4941,-1,4941,4932,4931,-1,4942,4943,4944,-1,4944,4943,4945,-1,4935,4946,4937,-1,4937,4946,4947,-1,4937,4947,4948,-1,4948,4947,4945,-1,4948,4945,4949,-1,4949,4945,4943,-1,4944,4950,4942,-1,4942,4950,4951,-1,4942,4951,4952,-1,4952,4951,4953,-1,4952,4953,4954,-1,4954,4953,4955,-1,4955,4953,4956,-1,4955,4956,4957,-1,4958,4959,4960,-1,4958,4960,4961,-1,4956,4962,4957,-1,4957,4962,4963,-1,4957,4963,4964,-1,4964,4963,4965,-1,4964,4965,4966,-1,4966,4965,4961,-1,4966,4961,4967,-1,4967,4961,4960,-1,4968,4969,4970,-1,4970,4969,4971,-1,4968,4970,4959,-1,4959,4970,4972,-1,4959,4972,4960,-1,4973,4974,4975,-1,4975,4974,4976,-1,4976,4974,4977,-1,4976,4977,4978,-1,4971,4969,4978,-1,4978,4969,4979,-1,4978,4979,4976,-1,4980,4981,4982,-1,4982,4981,4983,-1,4981,4984,4983,-1,4983,4984,4985,-1,4983,4985,4986,-1,4986,4985,4987,-1,4986,4987,4988,-1,4982,4989,4980,-1,4980,4989,4990,-1,4980,4990,4991,-1,4991,4990,4973,-1,4991,4973,4992,-1,4992,4973,4975,-1,4988,4987,4993,-1,4993,4987,4994,-1,4993,4994,4995,-1,4995,4994,4996,-1,4995,4996,4997,-1,4997,4996,4998,-1,4997,4998,4999,-1,4999,4998,5000,-1,4999,5000,5001,-1,5002,5003,5004,-1,5004,5003,5005,-1,5002,5004,5001,-1,5001,5004,5006,-1,5001,5006,4999,-1,5005,5003,5007,-1,5007,5003,5008,-1,5007,5008,5009,-1,5009,5008,5010,-1,5009,5010,5011,-1,5011,5010,5012,-1,5011,5012,5013,-1,5013,5012,5014,-1,5013,5014,5015,-1,5015,5014,5016,-1,5015,5016,5017,-1,5016,5018,5017,-1,5017,5018,5019,-1,5017,5019,5020,-1,5020,5019,5021,-1,5020,5021,5022,-1,5023,5024,5025,-1,5025,5024,5026,-1,5022,5021,5027,-1,5027,5021,5028,-1,5027,5028,5029,-1,5029,5028,5030,-1,5029,5030,5031,-1,5031,5030,5032,-1,5031,5032,5033,-1,5033,5032,5034,-1,5033,5034,5035,-1,5035,5034,5036,-1,5035,5036,5037,-1,5037,5036,5038,-1,5037,5038,5039,-1,5039,5038,5040,-1,5039,5040,5041,-1,5023,5025,4859,-1,4859,5025,5042,-1,4859,5042,4860,-1,4858,4860,5041,-1,5041,4860,5043,-1,5041,5043,5039,-1,5044,5045,5046,-1,5026,5024,5047,-1,5047,5024,5048,-1,5047,5048,5049,-1,5049,5048,5050,-1,5049,5050,5051,-1,5051,5050,5052,-1,5051,5052,5045,-1,5045,5052,5053,-1,5045,5053,5046,-1,5044,5046,5054,-1,5054,5046,5055,-1,5054,5055,5056,-1,5056,5055,5057,-1,5056,5057,5058,-1,5058,5057,5059,-1,5058,5059,5060,-1,5060,5059,5061,-1,5060,5061,5062,-1,5062,5061,5063,-1,5062,5063,5064,-1,5064,5063,5065,-1,5064,5065,5066,-1,5066,5065,5067,-1,5066,5067,5068,-1,5068,5067,5069,-1,5068,5069,5070,-1,5070,5069,5071,-1,5070,5071,5072,-1,5072,5071,5073,-1,5072,5073,5074,-1,5074,5073,5075,-1,5074,5075,5076,-1,5075,5077,5076,-1,5076,5077,5078,-1,5076,5078,5079,-1,5079,5078,5080,-1,5079,5080,5081,-1,5082,5083,5084,-1,5085,5086,5087,-1,5088,5089,5090,-1,5081,5080,5091,-1,5091,5080,5092,-1,5091,5092,5090,-1,5090,5092,5093,-1,5090,5093,5088,-1,5089,5088,5086,-1,5086,5088,5094,-1,5086,5094,5087,-1,5095,5096,5097,-1,5085,5087,5098,-1,5098,5087,5099,-1,5098,5099,5100,-1,5100,5099,5101,-1,5100,5101,5102,-1,5102,5101,5103,-1,5102,5103,5104,-1,5104,5103,5105,-1,5104,5105,5106,-1,5106,5105,5107,-1,5106,5107,5108,-1,5108,5107,5109,-1,5108,5109,5110,-1,5110,5109,5111,-1,5110,5111,5096,-1,5096,5111,5112,-1,5096,5112,5097,-1,5113,5114,5115,-1,5095,5097,5116,-1,5116,5097,5117,-1,5116,5117,5118,-1,5118,5117,5119,-1,5118,5119,5115,-1,5115,5119,5120,-1,5115,5120,5113,-1,5114,5113,5121,-1,5121,5113,5122,-1,5121,5122,5123,-1,5123,5122,5124,-1,5123,5124,5125,-1,5125,5124,5126,-1,5125,5126,5127,-1,5127,5126,5128,-1,5127,5128,5129,-1,5128,5130,5129,-1,5129,5130,5131,-1,5129,5131,5132,-1,5133,5134,5135,-1,5136,5137,5138,-1,5138,5137,5139,-1,5136,5138,5135,-1,5135,5138,5140,-1,5135,5140,5133,-1,5132,5131,5141,-1,5141,5131,5142,-1,5141,5142,5143,-1,5143,5142,5144,-1,5143,5144,5145,-1,5145,5144,5146,-1,5145,5146,5147,-1,5147,5146,5148,-1,5147,5148,5149,-1,5149,5148,5150,-1,5149,5150,5151,-1,5151,5150,5152,-1,5151,5152,5153,-1,5153,5152,5154,-1,5153,5154,5155,-1,5155,5154,5156,-1,5155,5156,5157,-1,5139,5137,5157,-1,5157,5137,5158,-1,5157,5158,5155,-1,5134,5133,5159,-1,5159,5133,5160,-1,5159,5160,5161,-1,5161,5160,5162,-1,5161,5162,5163,-1,5163,5162,5164,-1,5163,5164,5165,-1,5165,5164,5166,-1,5165,5166,5167,-1,5167,5166,5168,-1,5167,5168,5169,-1,5170,5171,5172,-1,5172,5171,5169,-1,5169,5171,5173,-1,5169,5173,5167,-1,5172,5174,5170,-1,5170,5174,5175,-1,5170,5175,5176,-1,5176,5175,5177,-1,5176,5177,5178,-1,5178,5177,5179,-1,5179,5177,5180,-1,5179,5180,5181,-1,5180,5182,5181,-1,5181,5182,5183,-1,5181,5183,5184,-1,5184,5183,5185,-1,5183,5186,5185,-1,5185,5186,5187,-1,5185,5187,5188,-1,5188,5187,5189,-1,5187,5190,5189,-1,5189,5190,5191,-1,5189,5191,5192,-1,5192,5191,5193,-1,5194,5195,5196,-1,5196,5195,5197,-1,5195,5198,5197,-1,5197,5198,5199,-1,5197,5199,5200,-1,5200,5199,5201,-1,5200,5201,5202,-1,5202,5201,5193,-1,5202,5193,5203,-1,5203,5193,5191,-1,5204,5205,5206,-1,5206,5205,5207,-1,5206,5207,5208,-1,5209,5210,5211,-1,5211,5210,5205,-1,5211,5205,5212,-1,5212,5205,5204,-1,5207,5213,5208,-1,5208,5213,5214,-1,5208,5214,5215,-1,5215,5214,5194,-1,5215,5194,5216,-1,5216,5194,5196,-1,5217,5218,5219,-1,5209,5211,5220,-1,5220,5211,5221,-1,5220,5221,5219,-1,5219,5221,5222,-1,5219,5222,5217,-1,5218,5217,5223,-1,5223,5217,5224,-1,5223,5224,5225,-1,5225,5224,5226,-1,5225,5226,5227,-1,5227,5226,5228,-1,5227,5228,5229,-1,5228,5230,5229,-1,5229,5230,5231,-1,5229,5231,5232,-1,5232,5231,5233,-1,5232,5233,5234,-1,5235,5236,5237,-1,5234,5233,5237,-1,5237,5233,5238,-1,5237,5238,5235,-1,5236,5235,5239,-1,5239,5235,5240,-1,5239,5240,5241,-1,5241,5240,5242,-1,5241,5242,5243,-1,5243,5242,5244,-1,5243,5244,5245,-1,5245,5244,5246,-1,5245,5246,5247,-1,5247,5246,5248,-1,5247,5248,5083,-1,5083,5248,5249,-1,5083,5249,5084,-1,5250,5251,5252,-1,5082,5084,5253,-1,5253,5084,5254,-1,5253,5254,5255,-1,5255,5254,5256,-1,5255,5256,5257,-1,5257,5256,5258,-1,5257,5258,5259,-1,5259,5258,5260,-1,5259,5260,5261,-1,5252,5251,5262,-1,5262,5251,5263,-1,5262,5263,5261,-1,5261,5263,5264,-1,5261,5264,5259,-1,5252,5265,5250,-1,5250,5265,5266,-1,5250,5266,5267,-1,5267,5266,5268,-1,5268,5266,5269,-1,5268,5269,5270,-1,5270,5269,5271,-1,5270,5271,5272,-1,5272,5271,5273,-1,5272,5273,5274,-1,5274,5273,5275,-1,5274,5275,5276,-1,5276,5275,5277,-1,5276,5277,5278,-1,5278,5277,5279,-1,5278,5279,5280,-1,5280,5279,5281,-1,5280,5281,5282,-1,5281,5283,5282,-1,5282,5283,5284,-1,5282,5284,5285,-1,5285,5284,5286,-1,5285,5286,5287,-1,5287,5286,5288,-1,5288,5286,5289,-1,5288,5289,5290,-1,5290,5289,5291,-1,5290,5291,5292,-1,5292,5291,5293,-1,5292,5293,5294,-1,5294,5293,5295,-1,5294,5295,5296,-1,5296,5295,5297,-1,5296,5297,5298,-1,5298,5297,5299,-1,5298,5299,5300,-1,5301,5302,5303,-1,5303,5302,5300,-1,5303,5300,5304,-1,5304,5300,5299,-1,5305,5306,5307,-1,5308,5309,5310,-1,5311,5312,5313,-1,5314,5315,5316,-1,5317,5318,5319,-1,5317,5319,5320,-1,5320,5319,5321,-1,5320,5321,5322,-1,5322,5321,5323,-1,5323,5321,5324,-1,5323,5324,5301,-1,5301,5324,5325,-1,5301,5325,5302,-1,5326,5327,5328,-1,5328,5327,5329,-1,5328,5329,5330,-1,5330,5329,5331,-1,5330,5331,5332,-1,5318,5317,5333,-1,5333,5317,5334,-1,5333,5334,5326,-1,5326,5334,5335,-1,5326,5335,5327,-1,5336,5337,5338,-1,5332,5331,5338,-1,5338,5331,5339,-1,5338,5339,5336,-1,5340,5341,5342,-1,5337,5336,5343,-1,5343,5336,5344,-1,5343,5344,5345,-1,5345,5344,5346,-1,5345,5346,5342,-1,5342,5346,5347,-1,5342,5347,5340,-1,5341,5340,5348,-1,5348,5340,5349,-1,5348,5349,5350,-1,5349,5351,5350,-1,5350,5351,5352,-1,5350,5352,5353,-1,5353,5352,5354,-1,5353,5354,5355,-1,5356,5357,5358,-1,5355,5354,5359,-1,5359,5354,5360,-1,5359,5360,5358,-1,5358,5360,5361,-1,5358,5361,5356,-1,5357,5356,5362,-1,5362,5356,5363,-1,5362,5363,5364,-1,5364,5363,5365,-1,5364,5365,5366,-1,5367,5368,5369,-1,5369,5368,5370,-1,5369,5370,5371,-1,5371,5370,5366,-1,5371,5366,5372,-1,5372,5366,5365,-1,5373,5374,5375,-1,5375,5374,5376,-1,5376,5374,5377,-1,5376,5377,5378,-1,5378,5377,5379,-1,5378,5379,5380,-1,5380,5379,5381,-1,5380,5381,5382,-1,5382,5381,5383,-1,5382,5383,5384,-1,5384,5383,5385,-1,5384,5385,5386,-1,5386,5385,5387,-1,5386,5387,5367,-1,5367,5387,5388,-1,5367,5388,5368,-1,5375,5389,5373,-1,5373,5389,5390,-1,5373,5390,5391,-1,5391,5390,5392,-1,5391,5392,5393,-1,5393,5392,5394,-1,5393,5394,5395,-1,5395,5394,5396,-1,5396,5394,5397,-1,5396,5397,5398,-1,5398,5397,5399,-1,5398,5399,5400,-1,5400,5399,5401,-1,5400,5401,5402,-1,5402,5401,5403,-1,5402,5403,5404,-1,5404,5403,5405,-1,5404,5405,5406,-1,5405,5407,5406,-1,5406,5407,5408,-1,5406,5408,5409,-1,5409,5408,5410,-1,5409,5410,5411,-1,5411,5410,5412,-1,5412,5410,5413,-1,5412,5413,5414,-1,5413,5415,5414,-1,5414,5415,5416,-1,5414,5416,5417,-1,5417,5416,5418,-1,5417,5418,5419,-1,5419,5418,5420,-1,5420,5418,5421,-1,5420,5421,5422,-1,5421,5423,5422,-1,5422,5423,5424,-1,5422,5424,5425,-1,5425,5424,5426,-1,5427,5428,5429,-1,5429,5428,5430,-1,5430,5428,5431,-1,5430,5431,5432,-1,5424,5433,5426,-1,5426,5433,5434,-1,5426,5434,5435,-1,5435,5434,5432,-1,5435,5432,5436,-1,5436,5432,5431,-1,5437,5438,5439,-1,5439,5438,5440,-1,5439,5440,5441,-1,5440,5442,5441,-1,5441,5442,5443,-1,5441,5443,5444,-1,5444,5443,5427,-1,5444,5427,5445,-1,5445,5427,5429,-1,5446,5447,5448,-1,5448,5447,5449,-1,5448,5449,5450,-1,5437,5451,5438,-1,5438,5451,5452,-1,5438,5452,5453,-1,5453,5452,5454,-1,5454,5452,5455,-1,5455,5452,5456,-1,5455,5456,5446,-1,5446,5456,5457,-1,5446,5457,5447,-1,5450,5449,5458,-1,5458,5449,5459,-1,5458,5459,5460,-1,5459,5461,5460,-1,5460,5461,5462,-1,5460,5462,5463,-1,5463,5462,5464,-1,5463,5464,5465,-1,5465,5464,5466,-1,5465,5466,5467,-1,5467,5466,5468,-1,5466,5469,5468,-1,5468,5469,5470,-1,5468,5470,5471,-1,5471,5470,5472,-1,5473,5474,5475,-1,5475,5474,5476,-1,5475,5476,5477,-1,5477,5476,5472,-1,5477,5472,5478,-1,5478,5472,5470,-1,5314,5316,5479,-1,5479,5316,5480,-1,5479,5480,5473,-1,5473,5480,5481,-1,5473,5481,5474,-1,5482,5483,5484,-1,5484,5483,5485,-1,5484,5485,5486,-1,5486,5485,5487,-1,5487,5485,5488,-1,5487,5488,5315,-1,5315,5488,5489,-1,5315,5489,5316,-1,5313,5312,5490,-1,5490,5312,5491,-1,5490,5491,5492,-1,5492,5491,5493,-1,5492,5493,5494,-1,5311,5313,5495,-1,5495,5313,5496,-1,5495,5496,5482,-1,5482,5496,5497,-1,5482,5497,5483,-1,5498,5499,5500,-1,5501,5502,5503,-1,5498,5500,5503,-1,5503,5500,5504,-1,5503,5504,5501,-1,5494,5493,5499,-1,5499,5493,5505,-1,5499,5505,5500,-1,5502,5501,5309,-1,5309,5501,5506,-1,5309,5506,5310,-1,5308,5310,5507,-1,5507,5310,5508,-1,5507,5508,5509,-1,5510,5511,5512,-1,5512,5511,5509,-1,5512,5509,5513,-1,5513,5509,5508,-1,5514,5515,5516,-1,5516,5515,5517,-1,5514,5516,5518,-1,5518,5516,5519,-1,5518,5519,5510,-1,5510,5519,5520,-1,5510,5520,5511,-1,5517,5515,5521,-1,5521,5515,5522,-1,5521,5522,5523,-1,5523,5522,5524,-1,5523,5524,5525,-1,5524,5526,5525,-1,5525,5526,5305,-1,5525,5305,5527,-1,5527,5305,5307,-1,5528,5529,5530,-1,5531,5532,5533,-1,5534,5535,5536,-1,5536,5535,5537,-1,5307,5306,5538,-1,5307,5538,5539,-1,5539,5538,5540,-1,5540,5538,5541,-1,5540,5541,5534,-1,5534,5541,5542,-1,5534,5542,5535,-1,5533,5532,5543,-1,5543,5532,5544,-1,5543,5544,5545,-1,5531,5533,5546,-1,5546,5533,5547,-1,5546,5547,5537,-1,5537,5547,5548,-1,5537,5548,5536,-1,5549,5550,5551,-1,5549,5551,5552,-1,5545,5544,5553,-1,5553,5544,5554,-1,5553,5554,5550,-1,5550,5554,5555,-1,5550,5555,5551,-1,5551,5556,5552,-1,5552,5556,5557,-1,5552,5557,5558,-1,5558,5557,5559,-1,5558,5559,5560,-1,5560,5559,5561,-1,5560,5561,5562,-1,5562,5561,5563,-1,5563,5561,5564,-1,5563,5564,5565,-1,5564,5566,5565,-1,5565,5566,5567,-1,5565,5567,5568,-1,5568,5567,5569,-1,5568,5569,5570,-1,5570,5569,5571,-1,5571,5569,5572,-1,5571,5572,5573,-1,5572,5574,5573,-1,5573,5574,5575,-1,5573,5575,5576,-1,5576,5575,5577,-1,5576,5577,5578,-1,5578,5577,5579,-1,5579,5577,5580,-1,5579,5580,5581,-1,5582,5583,5584,-1,5580,5585,5581,-1,5581,5585,5586,-1,5581,5586,5587,-1,5587,5586,5588,-1,5587,5588,5589,-1,5589,5588,5590,-1,5589,5590,5591,-1,5582,5584,5592,-1,5592,5584,5593,-1,5592,5593,5594,-1,5591,5590,5594,-1,5594,5590,5595,-1,5594,5595,5592,-1,5596,5597,5598,-1,5598,5597,5599,-1,5599,5597,5600,-1,5599,5600,5601,-1,5601,5600,5602,-1,5601,5602,5583,-1,5583,5602,5603,-1,5583,5603,5584,-1,5604,5605,5606,-1,5606,5605,5596,-1,5606,5596,5607,-1,5607,5596,5598,-1,5608,5609,5610,-1,5610,5609,5611,-1,5610,5611,5612,-1,5612,5611,5613,-1,5612,5613,5614,-1,5614,5613,5615,-1,5614,5615,5616,-1,5616,5615,5617,-1,5616,5617,5618,-1,5618,5617,5619,-1,5618,5619,5620,-1,5620,5619,5621,-1,5620,5621,5622,-1,5622,5621,5623,-1,5622,5623,5624,-1,5624,5623,5625,-1,5624,5625,5626,-1,5626,5625,5627,-1,5626,5627,5628,-1,5628,5627,5629,-1,5628,5629,5630,-1,5630,5629,5631,-1,5630,5631,5632,-1,5632,5631,5633,-1,5632,5633,5634,-1,5634,5633,5635,-1,5634,5635,5604,-1,5604,5635,5636,-1,5604,5636,5605,-1,5637,5638,5639,-1,5639,5638,5640,-1,5639,5640,5641,-1,5641,5640,5642,-1,5641,5642,5643,-1,5643,5642,5644,-1,5643,5644,5645,-1,5645,5644,5646,-1,5645,5646,5647,-1,5647,5646,5648,-1,5647,5648,5649,-1,5649,5648,5650,-1,5649,5650,5651,-1,5651,5650,5652,-1,5651,5652,5653,-1,5653,5652,5654,-1,5653,5654,5655,-1,5655,5654,5656,-1,5655,5656,5657,-1,5657,5656,5658,-1,5657,5658,5659,-1,5659,5658,5608,-1,5659,5608,5660,-1,5660,5608,5610,-1,5661,5662,5663,-1,5663,5662,5664,-1,5663,5664,5665,-1,5639,5666,5637,-1,5637,5666,5667,-1,5637,5667,5668,-1,5668,5667,5669,-1,5668,5669,5670,-1,5670,5669,5661,-1,5670,5661,5671,-1,5671,5661,5663,-1,5672,5673,5674,-1,5674,5673,5675,-1,5674,5675,5665,-1,5665,5675,5676,-1,5665,5676,5663,-1,5674,5677,5672,-1,5672,5677,5678,-1,5672,5678,5679,-1,5679,5678,5680,-1,5679,5680,5681,-1,5681,5680,5682,-1,5681,5682,5683,-1,5684,5685,5686,-1,5683,5682,5685,-1,5685,5682,5687,-1,5685,5687,5686,-1,5684,5686,5688,-1,5688,5686,5689,-1,5688,5689,5690,-1,5690,5689,5691,-1,5690,5691,5692,-1,5691,5693,5692,-1,5692,5693,5694,-1,5692,5694,5695,-1,5695,5694,5696,-1,5697,5698,5699,-1,5699,5698,5700,-1,5701,5702,5700,-1,5700,5702,5703,-1,5700,5703,5699,-1,5700,5704,5701,-1,5701,5704,5705,-1,5701,5705,5706,-1,5706,5705,5707,-1,5706,5707,5708,-1,5708,5707,5709,-1,5708,5709,5696,-1,5696,5709,5710,-1,5696,5710,5695,-1,5697,5699,5711,-1,5711,5699,5712,-1,5711,5712,5713,-1,5712,5714,5713,-1,5713,5714,5715,-1,5713,5715,5716,-1,5716,5715,5717,-1,5716,5717,5718,-1,5718,5717,5719,-1,5718,5719,5720,-1,5720,5719,5721,-1,5719,5722,5721,-1,5721,5722,5723,-1,5721,5723,5724,-1,5724,5723,5725,-1,5724,5725,5726,-1,5726,5725,5727,-1,5726,5727,5728,-1,5728,5727,5729,-1,5730,5731,5732,-1,5732,5731,5733,-1,5732,5733,5734,-1,5734,5733,5729,-1,5734,5729,5735,-1,5735,5729,5727,-1,5530,5529,5736,-1,5529,5737,5736,-1,5736,5737,5738,-1,5736,5738,5739,-1,5739,5738,5740,-1,5739,5740,5741,-1,5730,5742,5731,-1,5731,5742,5743,-1,5731,5743,5744,-1,5744,5743,5745,-1,5744,5745,5530,-1,5530,5745,5746,-1,5530,5746,5528,-1,5747,5748,5749,-1,5749,5748,5750,-1,5750,5748,5751,-1,5751,5748,5752,-1,5751,5752,5753,-1,5754,5755,5752,-1,5752,5755,5756,-1,5752,5756,5753,-1,5757,5758,5759,-1,5759,5758,5760,-1,5759,5760,5754,-1,5754,5760,5761,-1,5754,5761,5755,-1,5757,5759,5762,-1,5762,5759,5763,-1,5762,5763,5764,-1,5764,5763,5765,-1,5764,5765,5766,-1,5741,5767,5739,-1,5739,5767,5768,-1,5739,5768,5765,-1,5765,5768,5769,-1,5765,5769,5766,-1,5770,5733,5731,-1,5771,5772,5744,-1,5744,5772,5773,-1,5744,5773,5731,-1,5731,5773,5774,-1,5731,5774,5770,-1,5736,5775,5776,-1,5736,5776,5530,-1,5776,5777,5530,-1,5530,5777,5778,-1,5530,5778,5744,-1,5744,5778,5779,-1,5744,5779,5771,-1,5780,5781,5739,-1,5739,5781,5782,-1,5739,5782,5736,-1,5736,5782,5783,-1,5736,5783,5775,-1,2527,2525,5784,-1,2759,2757,5785,-1,4267,4269,5786,-1,4982,4983,5787,-1,5167,5173,5788,-1,2743,2744,5789,-1,5790,5791,2948,-1,5792,5793,3162,-1,5794,5795,3602,-1,5796,5797,3657,-1,4055,4057,5798,-1,4773,4775,5799,-1,5800,5801,4938,-1,5220,5219,5802,-1,5803,5804,5234,-1,5805,5806,5411,-1,1960,5807,5808,-1,1974,1976,5809,-1,2080,2079,5810,-1,2118,2115,5811,-1,5812,2403,5813,-1,5813,2403,2405,-1,5813,2405,5814,-1,2395,2397,5815,-1,5815,2397,2399,-1,5815,2399,5812,-1,5812,2399,2400,-1,5812,2400,2403,-1,5815,5816,2395,-1,2395,5816,5817,-1,2395,5817,2393,-1,2393,5817,5818,-1,2393,5818,2391,-1,2391,5818,2389,-1,2389,5818,2387,-1,2387,5818,5819,-1,2387,5819,2385,-1,2385,5819,5820,-1,2385,5820,2383,-1,2383,5820,5821,-1,2383,5821,2381,-1,5822,2371,5823,-1,5823,2371,2370,-1,5823,2370,5824,-1,5824,2370,2377,-1,5824,2377,5821,-1,5821,2377,2379,-1,5821,2379,2381,-1,5825,2190,5826,-1,5826,2190,2192,-1,5826,2192,5827,-1,5827,2192,2194,-1,5827,2194,5822,-1,5822,2194,2373,-1,5822,2373,2371,-1,5828,2187,5825,-1,5825,2187,2188,-1,5825,2188,2190,-1,5829,2181,5830,-1,5830,2181,2180,-1,5830,2180,5831,-1,5831,2180,2179,-1,5831,2179,5828,-1,5828,2179,2185,-1,5828,2185,2187,-1,5832,2176,5829,-1,5829,2176,2182,-1,5829,2182,2181,-1,5833,2170,5834,-1,5834,2170,2169,-1,5834,2169,5832,-1,5832,2169,2174,-1,5832,2174,2176,-1,5835,2173,5836,-1,5836,2173,2172,-1,5836,2172,5833,-1,5833,2172,2171,-1,5833,2171,2170,-1,5837,2167,5835,-1,5835,2167,2166,-1,5835,2166,2173,-1,2161,2160,5838,-1,5838,2160,2158,-1,5838,2158,5839,-1,5839,2158,2157,-1,5839,2157,5840,-1,5840,2157,2162,-1,5840,2162,5837,-1,5837,2162,2164,-1,5837,2164,2167,-1,2161,5838,2152,-1,2152,5838,5841,-1,2152,5841,2153,-1,2153,5841,5842,-1,2153,5842,2155,-1,2155,5842,5843,-1,2155,5843,2156,-1,5844,2146,5845,-1,5845,2146,2148,-1,5845,2148,5846,-1,5846,2148,2151,-1,5846,2151,5843,-1,5843,2151,2150,-1,5843,2150,2156,-1,5847,2142,5844,-1,5844,2142,2141,-1,5844,2141,2146,-1,5848,2136,5849,-1,5849,2136,2145,-1,5849,2145,5847,-1,5847,2145,2144,-1,5847,2144,2142,-1,5850,2139,5848,-1,5848,2139,2137,-1,5848,2137,2136,-1,5851,2134,5852,-1,5852,2134,2133,-1,5852,2133,5853,-1,5853,2133,2007,-1,5853,2007,5850,-1,5850,2007,2140,-1,5850,2140,2139,-1,5854,2129,5855,-1,5855,2129,2128,-1,5855,2128,5851,-1,5851,2128,2135,-1,5851,2135,2134,-1,5856,2132,5854,-1,5854,2132,2131,-1,5854,2131,2129,-1,5857,2120,5858,-1,5858,2120,2125,-1,5858,2125,5856,-1,5856,2125,2127,-1,5856,2127,2132,-1,5859,2123,5857,-1,5857,2123,2121,-1,5857,2121,2120,-1,5811,2115,5860,-1,5860,2115,2116,-1,5860,2116,5859,-1,5859,2116,2124,-1,5859,2124,2123,-1,5861,2109,5862,-1,5862,2109,2111,-1,5862,2111,5863,-1,5863,2111,2114,-1,5863,2114,5864,-1,5864,2114,2113,-1,5864,2113,5811,-1,5811,2113,2119,-1,5811,2119,2118,-1,2107,2105,5865,-1,5865,2105,2103,-1,5865,2103,5861,-1,5861,2103,2102,-1,5861,2102,2109,-1,5865,5866,2107,-1,2107,5866,5867,-1,2107,5867,2108,-1,2108,5867,2008,-1,2008,5867,5868,-1,2008,5868,2009,-1,5869,2097,5870,-1,5870,2097,2101,-1,5870,2101,5871,-1,5871,2101,2100,-1,5871,2100,5868,-1,5868,2100,2099,-1,5868,2099,2009,-1,5872,2095,5869,-1,5869,2095,2098,-1,5869,2098,2097,-1,5873,2012,5874,-1,5874,2012,2011,-1,5874,2011,5872,-1,5872,2011,2093,-1,5872,2093,2095,-1,5875,2092,5876,-1,5876,2092,2091,-1,5876,2091,5873,-1,5873,2091,2090,-1,5873,2090,2012,-1,5877,2087,5875,-1,5875,2087,2089,-1,5875,2089,2092,-1,5810,2079,5878,-1,5878,2079,2084,-1,5878,2084,5877,-1,5877,2084,2086,-1,5877,2086,2087,-1,2080,5810,2082,-1,2082,5810,5879,-1,2082,5879,2083,-1,2083,5879,2078,-1,2078,5879,5880,-1,2078,5880,2076,-1,2076,5880,5881,-1,2076,5881,2069,-1,2069,5881,5882,-1,2069,5882,2070,-1,5883,2075,5884,-1,5884,2075,2074,-1,5884,2074,5885,-1,5885,2074,2072,-1,5885,2072,5882,-1,5882,2072,2071,-1,5882,2071,2070,-1,5886,2064,5883,-1,5883,2064,2063,-1,5883,2063,2075,-1,5887,2062,5888,-1,5888,2062,2067,-1,5888,2067,5886,-1,5886,2067,2066,-1,5886,2066,2064,-1,5889,2058,5890,-1,5890,2058,2056,-1,5890,2056,5891,-1,5891,2056,2055,-1,5891,2055,5887,-1,5887,2055,2060,-1,5887,2060,2062,-1,5892,2054,5889,-1,5889,2054,2059,-1,5889,2059,2058,-1,5893,2048,5894,-1,5894,2048,2047,-1,5894,2047,5892,-1,5892,2047,2052,-1,5892,2052,2054,-1,5895,2050,5893,-1,5893,2050,2049,-1,5893,2049,2048,-1,5896,2045,5897,-1,5897,2045,2044,-1,5897,2044,5895,-1,5895,2044,2051,-1,5895,2051,2050,-1,5898,2040,5896,-1,5896,2040,2042,-1,5896,2042,2045,-1,5899,2035,5900,-1,5900,2035,2037,-1,5900,2037,5898,-1,5898,2037,2039,-1,5898,2039,2040,-1,5901,2030,5899,-1,5899,2030,2031,-1,5899,2031,2035,-1,5902,2033,5903,-1,5903,2033,2032,-1,5903,2032,5901,-1,5901,2032,2028,-1,5901,2028,2030,-1,5904,2023,5902,-1,5902,2023,2034,-1,5902,2034,2033,-1,2015,2022,5905,-1,5905,2022,2021,-1,5905,2021,5906,-1,5906,2021,2027,-1,5906,2027,5907,-1,5907,2027,2026,-1,5907,2026,5904,-1,5904,2026,2024,-1,5904,2024,2023,-1,2015,5905,2016,-1,2016,5905,5908,-1,2016,5908,2018,-1,5908,5909,2018,-1,2018,5909,5910,-1,2018,5910,2019,-1,5911,1998,5912,-1,5912,1998,2000,-1,5912,2000,5913,-1,5913,2000,2001,-1,5913,2001,5910,-1,5910,2001,2014,-1,5910,2014,2019,-1,2004,2003,5911,-1,2003,2002,5911,-1,5911,2002,1996,-1,5911,1996,1998,-1,5911,5914,2004,-1,2004,5914,5915,-1,2004,5915,1992,-1,1992,5915,5916,-1,1992,5916,1990,-1,1990,5916,5917,-1,5918,1994,5919,-1,5919,1994,1993,-1,5919,1993,5917,-1,5917,1993,1988,-1,5917,1988,1990,-1,5920,1984,5918,-1,5918,1984,1995,-1,5918,1995,1994,-1,5921,1987,5922,-1,5922,1987,1986,-1,5922,1986,5920,-1,5920,1986,1983,-1,5920,1983,1984,-1,5923,1982,5921,-1,5921,1982,1981,-1,5921,1981,1987,-1,5809,1976,5924,-1,5924,1976,1979,-1,5924,1979,5923,-1,5923,1979,1978,-1,5923,1978,1982,-1,1974,5809,1969,-1,1969,5809,5925,-1,1969,5925,1970,-1,1970,5925,1972,-1,1972,5925,5926,-1,1972,5926,1973,-1,1973,5926,5927,-1,1973,5927,1964,-1,1964,5927,5928,-1,1964,5928,1965,-1,5807,1960,5929,-1,5929,1960,1968,-1,5929,1968,5928,-1,5928,1968,1967,-1,5928,1967,1965,-1,1957,1963,5808,-1,1963,1962,5808,-1,5808,1962,1961,-1,5808,1961,1960,-1,5808,5930,1957,-1,1957,5930,5931,-1,1957,5931,1958,-1,1958,5931,5932,-1,1958,5932,1954,-1,5933,1948,5932,-1,5932,1948,1955,-1,5932,1955,1954,-1,5934,1944,5935,-1,5935,1944,1952,-1,5935,1952,5936,-1,5936,1952,1951,-1,5936,1951,5933,-1,5933,1951,1949,-1,5933,1949,1948,-1,5937,1946,5934,-1,5934,1946,1943,-1,5934,1943,1944,-1,5938,1942,5939,-1,5939,1942,1941,-1,5939,1941,5937,-1,5937,1941,1947,-1,5937,1947,1946,-1,5940,1936,5941,-1,5941,1936,1939,-1,5941,1939,5938,-1,5938,1939,1938,-1,5938,1938,1942,-1,5942,1929,5940,-1,5940,1929,1934,-1,5940,1934,1936,-1,5943,1933,5944,-1,5944,1933,1932,-1,5944,1932,5942,-1,5942,1932,1930,-1,5942,1930,1929,-1,5945,1926,5943,-1,5943,1926,1928,-1,5943,1928,1933,-1,1858,1914,5946,-1,5946,1914,1925,-1,5946,1925,5947,-1,5947,1925,1924,-1,5947,1924,5948,-1,5948,1924,1922,-1,5948,1922,5945,-1,5945,1922,1921,-1,5945,1921,1926,-1,1858,5946,1918,-1,1918,5946,5949,-1,1918,5949,5950,-1,1916,5951,5952,-1,1916,1915,5951,-1,5951,1915,1920,-1,5951,1920,5950,-1,5950,1920,1919,-1,5950,1919,1918,-1,5953,1913,5954,-1,5954,1913,1912,-1,5954,1912,5952,-1,5952,1912,1917,-1,5952,1917,1916,-1,1903,1905,5955,-1,5955,1905,1907,-1,5955,1907,5956,-1,5956,1907,1910,-1,5956,1910,5953,-1,5953,1910,1909,-1,5953,1909,1913,-1,5957,5958,5959,-1,5959,5958,5960,-1,5961,5962,5963,-1,5961,5963,5957,-1,5957,5963,5964,-1,5957,5964,5958,-1,5962,5961,5965,-1,5965,5961,5966,-1,5965,5966,5967,-1,5967,5966,5968,-1,5967,5968,5969,-1,5969,5968,5970,-1,5969,5970,5971,-1,5971,5970,5972,-1,5972,5970,5973,-1,5972,5973,5974,-1,5974,5973,5975,-1,5975,5973,5976,-1,5975,5976,5977,-1,5977,5976,5978,-1,5977,5978,5979,-1,5979,5978,5980,-1,5980,5978,5981,-1,5980,5981,5982,-1,5982,5981,5983,-1,5982,5983,5984,-1,5984,5983,5985,-1,5984,5985,5986,-1,5987,5988,5989,-1,5989,5988,5990,-1,5989,5990,5991,-1,5991,5990,5992,-1,5991,5992,5985,-1,5985,5992,5993,-1,5985,5993,5986,-1,5994,5995,5987,-1,5987,5995,5996,-1,5987,5996,5988,-1,5997,5998,5999,-1,5999,5998,6000,-1,5999,6000,5994,-1,5994,6000,6001,-1,5994,6001,5995,-1,6002,6003,5997,-1,5997,6003,6004,-1,5997,6004,5998,-1,6005,6006,6007,-1,6007,6006,6008,-1,6007,6008,6002,-1,6002,6008,6009,-1,6002,6009,6003,-1,6010,6011,6005,-1,6005,6011,6012,-1,6005,6012,6006,-1,6013,6014,6015,-1,6015,6014,6016,-1,6015,6016,6017,-1,6017,6016,6018,-1,6017,6018,6019,-1,6019,6018,6020,-1,6019,6020,6010,-1,6010,6020,6021,-1,6010,6021,6011,-1,6013,6015,6022,-1,6022,6015,6023,-1,6022,6023,6024,-1,6024,6023,6025,-1,6024,6025,6026,-1,6026,6025,6027,-1,6026,6027,6028,-1,6029,6030,6031,-1,6031,6030,6032,-1,6031,6032,6033,-1,6033,6032,6034,-1,6033,6034,6027,-1,6027,6034,6035,-1,6027,6035,6028,-1,6036,5782,6037,-1,6037,5782,5781,-1,6037,5781,6038,-1,6038,5781,5780,-1,6038,5780,6029,-1,6029,5780,6039,-1,6029,6039,6030,-1,6040,5775,6036,-1,6036,5775,5783,-1,6036,5783,5782,-1,6041,5778,6042,-1,6042,5778,5777,-1,6042,5777,6040,-1,6040,5777,5776,-1,6040,5776,5775,-1,6043,5771,6041,-1,6041,5771,5779,-1,6041,5779,5778,-1,6044,5774,6045,-1,6045,5774,5773,-1,6045,5773,6043,-1,6043,5773,5772,-1,6043,5772,5771,-1,6046,5728,6047,-1,6047,5728,5729,-1,6047,5729,6048,-1,6048,5729,5733,-1,6048,5733,6044,-1,6044,5733,5770,-1,6044,5770,5774,-1,5711,5713,6049,-1,6050,5697,6051,-1,6051,5697,5711,-1,6051,5711,6052,-1,6052,5711,6049,-1,6053,5695,6054,-1,6054,5695,5710,-1,6054,5710,6055,-1,6055,5710,5709,-1,6055,5709,6056,-1,6057,6058,5683,-1,5683,6058,6059,-1,5683,6059,5681,-1,6060,5644,6061,-1,6061,5644,5642,-1,6061,5642,6062,-1,6062,5642,5640,-1,6062,5640,6063,-1,5613,5611,6064,-1,6064,5611,5609,-1,6064,5609,6065,-1,6065,5609,5608,-1,6065,5608,6066,-1,6066,5608,5658,-1,6066,5658,6067,-1,5627,5625,6068,-1,6068,5625,5623,-1,6068,5623,6069,-1,6069,5623,5621,-1,6069,5621,5619,-1,5596,6070,6071,-1,5635,5633,6072,-1,6072,6073,5635,-1,5635,6073,6074,-1,5635,6074,5636,-1,5636,6074,6070,-1,5636,6070,5605,-1,5605,6070,5596,-1,6075,5558,6076,-1,6076,5558,5560,-1,6076,5560,6077,-1,6077,5560,5562,-1,6077,5562,6078,-1,6079,5307,6080,-1,6080,5307,5539,-1,6080,5539,6081,-1,6081,5539,5540,-1,6081,5540,6082,-1,6082,5540,5534,-1,6082,5534,6083,-1,6084,5502,6085,-1,6085,5502,5309,-1,6085,5309,6086,-1,6086,5309,5308,-1,6086,5308,6087,-1,6088,5497,6089,-1,6089,5497,5496,-1,6089,5496,6090,-1,6090,5496,5313,-1,6090,5313,6091,-1,6092,5465,6093,-1,6093,5465,5467,-1,6093,5467,6094,-1,6094,5467,5468,-1,6094,5468,6095,-1,6095,5468,5471,-1,6095,5471,6096,-1,6096,5471,5472,-1,6096,5472,6097,-1,6098,5454,6099,-1,6099,5454,5455,-1,6099,5455,6100,-1,6100,5455,5446,-1,6100,5446,6101,-1,5431,5428,6102,-1,6103,6104,5442,-1,5442,6104,6105,-1,5442,6105,5443,-1,5443,6105,6102,-1,5443,6102,5427,-1,5427,6102,5428,-1,6106,5422,6107,-1,6107,5422,5425,-1,6107,5425,6108,-1,6108,5425,5426,-1,6108,5426,6109,-1,5805,5411,6110,-1,5402,5404,6111,-1,6111,5404,5406,-1,6111,5406,5806,-1,5806,5406,5409,-1,5806,5409,5411,-1,5395,5396,6112,-1,6112,6113,5395,-1,5395,6113,6114,-1,5395,6114,5393,-1,5393,6114,6115,-1,6116,6117,5381,-1,6118,5357,6119,-1,6119,5357,5362,-1,6119,5362,6120,-1,6120,5362,5364,-1,6120,5364,6121,-1,6121,5364,5366,-1,6121,5366,6122,-1,6123,5345,6124,-1,6124,5345,5342,-1,6124,5342,6125,-1,6125,5342,5341,-1,6125,5341,6126,-1,6127,5302,6128,-1,6128,5302,5325,-1,6128,5325,6129,-1,6129,5325,5324,-1,6129,5324,6130,-1,6130,5324,5321,-1,6130,5321,6131,-1,6132,5274,6133,-1,6133,5274,5276,-1,6133,5276,6134,-1,6134,5276,5278,-1,6134,5278,6135,-1,6136,5259,6137,-1,6137,5259,5264,-1,6137,5264,6138,-1,6138,5264,5263,-1,6138,5263,6139,-1,6139,5263,5251,-1,6139,5251,6140,-1,5803,5234,6141,-1,6142,5209,6143,-1,6143,5209,5220,-1,6143,5220,6144,-1,6144,5220,5802,-1,5195,5194,6145,-1,6146,5189,6147,-1,6147,5189,5192,-1,6147,5192,6148,-1,6148,5192,5193,-1,6148,5193,6149,-1,6150,6151,5178,-1,5178,6151,6152,-1,5178,6152,5176,-1,5176,6152,5170,-1,5170,6152,6153,-1,5170,6153,5171,-1,5161,6154,6155,-1,5161,6155,5159,-1,5159,6155,6156,-1,5159,6156,5134,-1,6157,5147,6158,-1,6158,5147,5149,-1,6158,5149,6159,-1,6159,5149,5151,-1,6159,5151,6160,-1,6161,5096,6162,-1,6162,5096,5095,-1,6162,5095,6163,-1,6163,5095,5116,-1,6163,5116,6164,-1,6164,5116,5118,-1,6164,5118,6165,-1,6166,5085,6167,-1,6167,5085,5098,-1,6167,5098,6168,-1,6168,5098,5100,-1,6168,5100,6169,-1,6170,5060,6171,-1,6171,5060,5062,-1,6171,5062,6172,-1,6172,5062,5064,-1,6172,5064,6173,-1,6174,5043,6175,-1,6175,5043,4860,-1,6175,4860,6176,-1,6176,4860,5042,-1,6176,5042,6177,-1,6178,5004,5005,-1,6178,5005,6179,-1,6179,5005,5007,-1,6179,5007,6180,-1,6180,5007,5009,-1,6180,5009,6181,-1,4993,4995,6182,-1,6182,4995,4997,-1,6182,4997,6183,-1,6183,4997,4999,-1,6183,4999,5006,-1,4983,4986,5787,-1,5787,4986,4988,-1,5787,4988,6184,-1,6184,4988,4993,-1,6184,4993,6185,-1,6185,4993,6182,-1,6186,4977,6187,-1,6187,4977,4974,-1,6187,4974,6188,-1,6188,4974,4973,-1,6188,4973,6189,-1,6190,6191,4949,-1,4949,6191,6192,-1,4949,6192,4948,-1,4949,4943,6190,-1,6190,4943,4942,-1,6190,4942,6193,-1,6193,4942,4952,-1,6193,4952,6194,-1,6194,4952,4954,-1,6194,4954,6195,-1,4938,5801,4939,-1,4939,5801,6196,-1,4939,6196,4932,-1,6197,6198,4919,-1,6199,4888,6200,-1,6200,4888,4891,-1,6200,4891,6201,-1,6201,4891,4892,-1,6201,4892,6202,-1,6202,4892,4894,-1,6202,4894,6203,-1,6204,4868,6205,-1,6205,4868,4879,-1,6205,4879,6206,-1,6206,4879,4874,-1,6206,4874,6207,-1,6208,4833,6209,-1,6209,4833,4838,-1,6209,4838,6210,-1,6210,4838,4840,-1,6210,4840,6211,-1,6211,4840,4842,-1,6211,4842,6212,-1,6213,4826,6214,-1,6214,4826,4825,-1,6214,4825,6215,-1,6215,4825,4823,-1,6215,4823,6216,-1,6217,4776,4778,-1,6217,4778,6218,-1,6218,4778,4781,-1,6218,4781,6219,-1,6219,4781,4783,-1,6219,4783,6220,-1,4769,6221,4770,-1,4770,6221,6222,-1,4773,5799,4765,-1,4765,5799,6223,-1,4765,6223,4766,-1,4766,6223,4769,-1,4769,6223,6224,-1,4769,6224,6221,-1,6225,4745,6226,-1,6226,4745,4742,-1,6226,4742,6227,-1,6227,4742,4741,-1,6227,4741,6228,-1,6229,4732,6230,-1,6230,4732,4735,-1,6230,4735,6231,-1,6231,4735,4737,-1,6231,4737,6232,-1,4697,4695,6233,-1,6233,4695,4696,-1,6233,4696,6234,-1,6234,4696,4713,-1,6234,4713,6235,-1,6235,4713,4714,-1,6235,4714,6236,-1,6237,4692,6238,-1,6238,4692,4703,-1,6238,4703,6239,-1,6239,4703,4705,-1,6239,4705,6240,-1,6241,4679,6242,-1,6242,4679,4681,-1,6242,4681,6243,-1,6244,4650,6245,-1,6245,4650,4661,-1,6245,4661,6246,-1,6246,4661,4663,-1,6246,4663,6247,-1,6247,4663,4665,-1,6247,4665,6248,-1,6249,4649,6250,-1,6250,4649,4648,-1,6250,4648,6251,-1,6251,4648,4644,-1,6251,4644,6252,-1,6253,4612,6254,-1,6254,4612,4615,-1,6254,4615,6255,-1,6255,4615,4617,-1,6255,4617,6256,-1,6256,4617,4618,-1,6256,4618,6257,-1,6258,4577,6259,-1,6259,4577,4592,-1,6259,4592,6260,-1,6260,4592,4594,-1,6260,4594,6261,-1,6262,4547,6263,-1,6263,4547,4551,-1,6263,4551,6264,-1,6264,4551,4550,-1,6264,4550,6265,-1,6265,4550,4543,-1,6265,4543,6266,-1,4529,4508,6267,-1,6268,4527,6269,-1,6269,4527,4529,-1,6269,4529,6270,-1,6270,4529,6267,-1,6271,4509,4511,-1,6271,4511,6272,-1,6272,4511,4513,-1,6272,4513,6273,-1,6273,4513,4515,-1,6273,4515,6274,-1,4496,4498,6275,-1,6275,4498,4500,-1,6275,4500,6276,-1,6276,4500,4502,-1,6276,4502,4505,-1,6275,6277,4496,-1,4496,6277,6278,-1,4496,6278,4494,-1,4494,6278,6279,-1,4494,6279,4487,-1,6280,6281,4457,-1,6282,4433,6283,-1,6283,4433,4439,-1,6283,4439,6284,-1,6284,4439,4441,-1,6284,4441,6285,-1,6286,4414,6287,-1,6287,4414,4425,-1,6287,4425,6288,-1,6288,4425,4420,-1,6288,4420,6289,-1,6290,4388,6291,-1,6291,4388,4391,-1,6291,4391,6292,-1,6292,4391,4393,-1,6292,4393,6293,-1,6294,4354,6295,-1,6295,4354,4364,-1,6295,4364,6296,-1,6296,4364,4366,-1,6296,4366,6297,-1,6298,4330,6299,-1,6299,4330,4329,-1,6299,4329,6300,-1,6300,4329,4326,-1,6300,4326,6301,-1,4309,4307,6302,-1,6303,4302,6304,-1,6304,4302,4309,-1,6304,4309,6305,-1,6305,4309,6302,-1,6306,4281,4280,-1,6306,4280,6307,-1,6307,4280,4290,-1,6307,4290,6308,-1,6308,4290,4292,-1,6308,4292,6309,-1,4279,4277,6310,-1,6310,4277,4276,-1,6310,4276,6311,-1,6311,4276,4286,-1,6311,4286,4287,-1,4269,4271,5786,-1,5786,4271,4273,-1,5786,4273,6312,-1,6312,4273,4279,-1,6312,4279,6313,-1,6313,4279,6310,-1,6314,4254,6315,-1,6315,4254,4251,-1,6315,4251,6316,-1,6316,4251,4250,-1,6316,4250,6317,-1,6318,4248,6319,-1,6319,4248,4249,-1,6319,4249,6320,-1,6320,4249,4192,-1,6320,4192,6321,-1,6321,4192,4261,-1,6321,4261,6322,-1,6323,4218,6324,-1,6324,4218,4220,-1,6324,4220,6325,-1,6325,4220,4222,-1,6325,4222,6326,-1,6327,4198,6328,-1,6328,4198,4202,-1,6328,4202,6329,-1,6329,4202,4204,-1,6329,4204,6330,-1,6331,4149,6332,-1,6332,4149,4150,-1,6332,4150,6333,-1,6333,4150,4152,-1,6333,4152,6334,-1,4106,6335,6336,-1,6337,6338,4113,-1,4113,6338,6339,-1,4113,6339,4111,-1,4111,6339,6335,-1,4111,6335,4109,-1,4109,6335,4106,-1,6340,4081,6341,-1,6341,4081,4082,-1,6341,4082,6342,-1,6342,4082,4075,-1,6342,4075,6343,-1,6344,4058,4060,-1,6344,4060,6345,-1,6345,4060,4062,-1,6345,4062,6346,-1,6346,4062,4064,-1,6346,4064,6347,-1,4048,6348,4046,-1,4046,6348,4044,-1,4055,5798,4052,-1,4052,5798,6349,-1,4052,6349,4050,-1,4050,6349,4048,-1,4048,6349,6350,-1,4048,6350,6348,-1,4040,6351,4039,-1,4039,6351,6352,-1,6353,4034,6352,-1,6352,4034,4037,-1,6352,4037,4039,-1,6354,4016,6355,-1,6355,4016,4025,-1,6355,4025,6356,-1,6356,4025,4024,-1,6356,4024,6357,-1,6357,4024,4020,-1,6357,4020,6358,-1,6359,3982,6360,-1,6360,3982,3991,-1,6360,3991,6361,-1,6361,3991,3993,-1,6361,3993,6362,-1,6363,3977,6364,-1,6364,3977,3979,-1,6364,3979,6365,-1,6365,3979,3976,-1,6365,3976,6366,-1,6366,3976,3975,-1,6366,3975,6367,-1,6368,3947,6369,-1,6369,3947,3949,-1,6369,3949,6370,-1,6371,3921,6372,-1,6372,3921,3919,-1,6372,3919,6373,-1,6373,3919,3917,-1,6373,3917,6374,-1,3872,3885,6375,-1,6375,3885,3887,-1,6375,3887,6376,-1,6376,3887,3889,-1,6376,3889,6377,-1,6377,3889,3891,-1,6377,3891,6378,-1,3864,3865,6379,-1,3875,3877,6380,-1,6380,6381,3875,-1,3875,6381,6382,-1,3875,6382,3860,-1,3860,6382,6379,-1,3860,6379,3861,-1,3861,6379,3865,-1,6383,3853,6384,-1,6384,3853,3852,-1,6384,3852,6385,-1,6385,3852,3855,-1,6385,3855,6386,-1,6386,3855,3857,-1,6386,3857,6387,-1,6388,3839,6389,-1,6389,3839,3842,-1,6389,3842,6390,-1,6390,3842,3844,-1,6390,3844,6391,-1,3814,3826,6392,-1,6392,3826,3828,-1,6392,3828,6393,-1,6393,3828,6394,-1,3799,6395,3800,-1,3800,6395,6396,-1,3818,6397,3819,-1,3819,6397,6398,-1,3819,6398,3821,-1,3821,6398,3802,-1,3802,6398,3799,-1,3799,6398,6399,-1,3799,6399,6395,-1,6400,3798,6401,-1,6401,3798,3803,-1,6401,3803,6402,-1,6402,3803,3805,-1,6402,3805,6403,-1,6404,3778,6405,-1,6405,3778,3779,-1,6405,3779,6406,-1,6406,3779,3782,-1,6406,3782,6407,-1,6407,3782,3783,-1,6407,3783,6408,-1,6409,3759,6410,-1,6410,3759,3758,-1,6410,3758,6411,-1,6411,3758,3756,-1,6411,3756,6412,-1,6413,3718,6414,-1,6414,3718,3720,-1,6414,3720,6415,-1,6415,3720,3723,-1,6415,3723,6416,-1,6416,3723,3724,-1,6416,3724,6417,-1,6418,3696,6419,-1,6419,3696,3702,-1,6419,3702,6420,-1,6420,3702,3704,-1,6420,3704,6421,-1,5796,3657,6422,-1,3657,3661,6422,-1,6422,3661,3663,-1,6422,3663,6423,-1,6423,3663,3660,-1,6423,3660,6424,-1,6424,3660,3659,-1,6424,3659,6425,-1,3642,3640,6426,-1,6427,6428,3648,-1,3648,6428,6429,-1,3648,6429,3636,-1,3636,6429,6426,-1,3636,6426,3637,-1,3637,6426,3640,-1,6430,3624,6431,-1,6431,3624,3621,-1,6431,3621,6432,-1,6432,3621,3620,-1,6432,3620,6433,-1,6434,3614,6435,-1,6435,3614,3617,-1,6435,3617,6436,-1,6436,3617,3619,-1,6436,3619,6437,-1,3601,6438,3599,-1,3599,6438,3591,-1,3602,5795,3601,-1,3601,5795,6439,-1,3601,6439,6438,-1,3585,6440,3583,-1,3583,6440,6441,-1,3586,6442,3587,-1,3587,6442,6443,-1,3587,6443,3594,-1,3594,6443,3592,-1,3592,6443,3585,-1,3585,6443,6444,-1,3585,6444,6440,-1,6445,3517,6446,-1,6446,3517,3516,-1,6446,3516,6447,-1,6447,3516,3570,-1,6447,3570,6448,-1,6449,3553,6450,-1,6450,3553,3555,-1,6450,3555,6451,-1,6451,3555,3561,-1,6451,3561,6452,-1,6452,3561,3559,-1,6452,3559,6453,-1,6454,3525,3522,-1,6454,3522,6455,-1,3522,3520,6455,-1,6455,3520,3533,-1,6455,3533,6456,-1,6456,3533,3532,-1,6456,3532,6457,-1,6457,3532,3528,-1,6457,3528,6458,-1,3523,6459,3513,-1,3513,6459,6460,-1,6461,3494,6462,-1,6462,3494,3496,-1,6462,3496,6463,-1,6463,3496,3498,-1,6463,3498,6464,-1,6464,3498,3500,-1,6464,3500,6465,-1,6466,3476,6467,-1,6467,3476,3478,-1,6467,3478,6468,-1,6468,3478,3480,-1,6468,3480,6469,-1,6470,3436,6471,-1,6471,3436,3437,-1,6471,3437,6472,-1,6472,3437,3439,-1,6472,3439,6473,-1,3419,3421,6474,-1,3413,3401,6475,-1,6475,6476,3413,-1,3413,6476,6477,-1,3413,6477,3415,-1,3415,6477,6478,-1,3390,3391,6479,-1,6479,3391,3393,-1,6479,3393,6480,-1,6480,3393,3395,-1,6480,3395,6481,-1,6481,3395,3398,-1,6481,3398,6482,-1,3381,3383,6483,-1,6483,6484,3381,-1,3381,6484,6485,-1,3381,6485,3379,-1,3379,6485,6486,-1,3379,6486,3377,-1,6487,3360,6488,-1,6488,3360,3358,-1,6488,3358,6489,-1,6489,3358,3356,-1,6489,3356,6490,-1,6491,3343,3345,-1,6492,3299,6493,-1,6493,3299,3308,-1,6493,3308,6494,-1,6494,3308,3306,-1,6494,3306,6495,-1,6496,3270,6497,-1,6497,3270,3273,-1,6497,3273,6498,-1,6498,3273,3275,-1,6498,3275,6499,-1,6500,3259,6501,-1,6501,3259,3260,-1,6501,3260,6502,-1,6502,3260,3252,-1,6502,3252,6503,-1,6503,3252,3250,-1,6503,3250,6504,-1,6505,3201,6506,-1,6506,3201,3210,-1,6506,3210,6507,-1,6507,3210,3212,-1,6507,3212,6508,-1,6508,3212,3215,-1,6508,3215,6509,-1,6509,3215,3216,-1,6509,3216,6510,-1,3172,3175,6511,-1,6511,3175,3177,-1,6511,3177,6512,-1,3184,6513,6514,-1,3190,3192,6515,-1,6515,6516,3190,-1,3190,6516,6517,-1,3190,6517,3188,-1,3188,6517,6513,-1,3188,6513,3186,-1,3186,6513,3184,-1,5792,3162,6518,-1,3146,3148,6519,-1,6520,6521,3154,-1,3154,6521,6522,-1,3154,6522,3152,-1,3152,6522,6519,-1,3152,6519,3150,-1,3150,6519,3148,-1,6523,6524,3143,-1,3143,3142,6523,-1,6523,3142,3140,-1,6523,3140,6525,-1,6525,3140,3138,-1,6525,3138,6526,-1,6526,3138,3070,-1,6526,3070,6527,-1,6528,3116,6529,-1,6529,3116,3115,-1,6529,3115,6530,-1,6531,3077,6532,-1,6532,3077,3081,-1,6532,3081,6533,-1,6533,3081,3083,-1,6533,3083,6534,-1,6535,3058,6536,-1,6536,3058,3060,-1,6536,3060,6537,-1,6537,3060,3062,-1,6537,3062,6538,-1,6539,3029,6540,-1,6540,3029,3031,-1,6540,3031,6541,-1,6541,3031,3032,-1,6541,3032,6542,-1,6542,3032,3034,-1,6542,3034,6543,-1,6544,2988,6545,-1,6545,2988,2992,-1,6545,2992,6546,-1,6546,2992,2994,-1,6546,2994,6547,-1,2970,2962,6548,-1,6548,6549,2970,-1,2970,6549,6550,-1,2970,6550,2969,-1,2969,6550,6551,-1,5790,2948,6552,-1,2948,2949,6552,-1,6552,2949,2852,-1,6552,2852,6553,-1,6553,2852,2851,-1,6553,2851,6554,-1,6554,2851,2952,-1,6554,2952,6555,-1,2935,6556,2933,-1,2933,6556,6557,-1,2933,6557,2931,-1,6558,6559,2939,-1,2939,6559,6556,-1,2939,6556,2937,-1,2937,6556,2935,-1,2911,6560,6561,-1,6562,2922,6563,-1,6563,2922,2925,-1,6563,2925,6564,-1,6564,2925,2914,-1,6564,2914,6561,-1,6561,2914,2912,-1,6561,2912,2911,-1,6565,2879,6566,-1,6566,2879,2878,-1,6566,2878,6567,-1,6567,2878,2876,-1,6567,2876,6568,-1,6569,2829,6570,-1,6570,2829,2834,-1,6570,2834,6571,-1,6571,2834,2836,-1,6571,2836,6572,-1,6572,2836,2838,-1,6572,2838,6573,-1,6574,2799,6575,-1,6575,2799,2813,-1,6575,2813,6576,-1,6576,2813,2812,-1,6576,2812,6577,-1,6578,2772,2774,-1,6578,2774,6579,-1,6579,2774,2776,-1,6579,2776,6580,-1,6580,2776,2778,-1,6580,2778,6581,-1,2763,2764,6582,-1,6582,2764,2766,-1,6582,2766,6583,-1,6583,2766,2768,-1,6583,2768,2771,-1,2757,2754,5785,-1,5785,2754,2753,-1,5785,2753,6584,-1,6584,2753,2763,-1,6584,2763,6585,-1,6585,2763,6582,-1,6586,2752,6587,-1,6587,2752,2743,-1,6587,2743,6588,-1,6588,2743,5789,-1,6589,2718,6590,-1,6590,2718,2721,-1,6590,2721,6591,-1,6591,2721,2723,-1,6591,2723,6592,-1,2693,6593,2694,-1,2694,6593,6594,-1,2694,6594,2697,-1,6595,6596,2707,-1,2707,6596,6593,-1,2707,6593,2705,-1,2705,6593,2693,-1,2688,6597,6598,-1,2678,2681,6599,-1,6599,6600,2678,-1,2678,6600,6601,-1,2678,6601,2679,-1,2679,6601,6597,-1,2679,6597,2690,-1,2690,6597,2688,-1,6602,2659,6603,-1,6603,2659,2651,-1,6603,2651,6604,-1,6604,2651,2650,-1,6604,2650,6605,-1,6605,2650,2662,-1,6605,2662,6606,-1,6607,2641,6608,-1,6608,2641,2643,-1,6608,2643,6609,-1,6609,2643,2645,-1,6609,2645,6610,-1,6611,2611,6612,-1,6612,2611,2613,-1,6612,2613,6613,-1,6613,2613,2614,-1,6613,2614,6614,-1,6614,2614,2617,-1,6614,2617,6615,-1,6616,2579,6617,-1,6617,2579,2577,-1,6617,2577,6618,-1,2577,2575,6618,-1,6618,2575,2574,-1,6618,2574,6619,-1,6619,2574,2588,-1,6619,2588,6620,-1,6620,2588,2586,-1,6620,2586,6621,-1,2560,2570,6622,-1,6623,2551,6624,-1,6624,2551,2549,-1,6624,2549,6625,-1,6625,2549,2548,-1,6625,2548,6626,-1,6627,2510,2533,-1,6627,2533,6628,-1,6628,2533,2535,-1,6628,2535,6629,-1,6629,2535,2537,-1,6629,2537,6630,-1,2519,2517,6631,-1,6631,2517,2515,-1,6631,2515,6632,-1,6632,2515,2513,-1,6632,2513,2511,-1,2525,2523,5784,-1,5784,2523,2521,-1,5784,2521,6633,-1,6633,2521,2519,-1,6633,2519,6634,-1,6634,2519,6631,-1,6635,2503,6636,-1,6636,2503,2505,-1,6636,2505,6637,-1,6637,2505,2507,-1,6637,2507,6638,-1,6639,2491,6640,-1,6640,2491,2489,-1,6640,2489,6641,-1,6641,2489,2487,-1,6641,2487,6642,-1,6643,2481,6644,-1,6644,2481,2480,-1,6644,2480,6645,-1,6645,2480,2479,-1,6645,2479,6646,-1,6647,2457,6648,-1,6648,2457,2466,-1,6648,2466,6649,-1,6649,2466,2467,-1,6649,2467,6650,-1,2405,2406,5814,-1,5814,2406,2408,-1,5814,2408,6651,-1,6651,2408,2459,-1,6651,2459,6652,-1,6652,2459,2460,-1,6652,2460,6653,-1,5720,5721,6654,-1,6654,5721,5724,-1,6654,5724,6046,-1,6046,5724,5726,-1,6046,5726,5728,-1,5713,5716,6049,-1,6049,5716,5718,-1,6049,5718,6655,-1,6655,5718,5720,-1,6655,5720,6656,-1,6656,5720,6654,-1,5704,5700,6050,-1,6050,5700,5698,-1,6050,5698,5697,-1,5709,5707,6056,-1,6056,5707,5705,-1,6056,5705,6657,-1,6657,5705,5704,-1,6657,5704,6658,-1,6658,5704,6050,-1,5683,5685,6057,-1,6057,5685,5684,-1,6057,5684,6659,-1,6659,5684,5688,-1,6659,5688,6660,-1,6660,5688,5690,-1,6660,5690,6053,-1,6053,5690,5692,-1,6053,5692,5695,-1,6661,5676,6662,-1,6662,5676,5675,-1,6662,5675,6663,-1,6663,5675,5673,-1,6663,5673,6664,-1,6664,5673,5672,-1,6664,5672,6059,-1,6059,5672,5679,-1,6059,5679,5681,-1,5640,5638,6063,-1,6063,5638,5637,-1,6063,5637,6665,-1,6665,5637,5668,-1,6665,5668,6666,-1,6666,5668,5670,-1,6666,5670,6667,-1,6667,5670,5671,-1,6667,5671,6661,-1,6661,5671,5663,-1,6661,5663,5676,-1,5658,5656,6067,-1,6067,5656,5654,-1,6067,5654,6668,-1,6668,5654,5652,-1,6668,5652,6669,-1,6669,5652,5650,-1,6669,5650,6670,-1,6670,5650,5648,-1,6670,5648,6060,-1,6060,5648,5646,-1,6060,5646,5644,-1,5613,6064,5615,-1,5615,6064,6671,-1,5615,6671,5617,-1,5617,6671,6672,-1,5617,6672,5619,-1,5619,6672,6673,-1,5619,6673,6069,-1,6068,6674,5627,-1,5627,6674,6675,-1,5627,6675,5629,-1,5629,6675,6072,-1,5629,6072,5631,-1,5631,6072,5633,-1,6676,5603,6677,-1,6677,5603,5602,-1,6677,5602,6678,-1,6678,5602,5600,-1,6678,5600,6071,-1,6071,5600,5597,-1,6071,5597,5596,-1,6679,5589,6680,-1,6680,5589,5591,-1,6680,5591,6681,-1,6681,5591,5594,-1,6681,5594,6682,-1,6682,5594,5593,-1,6682,5593,6676,-1,6676,5593,5584,-1,6676,5584,5603,-1,6683,5573,6684,-1,6684,5573,5576,-1,6684,5576,6685,-1,6685,5576,5578,-1,6685,5578,6686,-1,6686,5578,5579,-1,6686,5579,6687,-1,6687,5579,5581,-1,6687,5581,6679,-1,6679,5581,5587,-1,6679,5587,5589,-1,5562,5563,6078,-1,6078,5563,5565,-1,6078,5565,6688,-1,6688,5565,5568,-1,6688,5568,6689,-1,6689,5568,5570,-1,6689,5570,6683,-1,6683,5570,5571,-1,6683,5571,5573,-1,6690,5545,6691,-1,6691,5545,5553,-1,6691,5553,6692,-1,6692,5553,5550,-1,6692,5550,6693,-1,6693,5550,5549,-1,6693,5549,6075,-1,6075,5549,5552,-1,6075,5552,5558,-1,5534,5536,6083,-1,6083,5536,5548,-1,6083,5548,6694,-1,6694,5548,5547,-1,6694,5547,6695,-1,6695,5547,5533,-1,6695,5533,6690,-1,6690,5533,5543,-1,6690,5543,5545,-1,6696,5521,6697,-1,6697,5521,5523,-1,6697,5523,6698,-1,6698,5523,5525,-1,6698,5525,6079,-1,6079,5525,5527,-1,6079,5527,5307,-1,5308,5507,6087,-1,6087,5507,5509,-1,6087,5509,6699,-1,6699,5509,5511,-1,6699,5511,6700,-1,6700,5511,5520,-1,6700,5520,6701,-1,6701,5520,5519,-1,6701,5519,6702,-1,6702,5519,5516,-1,6702,5516,6696,-1,6696,5516,5517,-1,6696,5517,5521,-1,5313,5490,6091,-1,6091,5490,5492,-1,6091,5492,6703,-1,6703,5492,5494,-1,6703,5494,6704,-1,6704,5494,5499,-1,6704,5499,6705,-1,6705,5499,5498,-1,6705,5498,6084,-1,6084,5498,5503,-1,6084,5503,5502,-1,5472,5476,6097,-1,6097,5476,5474,-1,6097,5474,6706,-1,6706,5474,5481,-1,6706,5481,6707,-1,6707,5481,5480,-1,6707,5480,6708,-1,6708,5480,5316,-1,6708,5316,6709,-1,6709,5316,5489,-1,6709,5489,6710,-1,6710,5489,5488,-1,6710,5488,6711,-1,6711,5488,5485,-1,6711,5485,6088,-1,6088,5485,5483,-1,6088,5483,5497,-1,5446,5448,6101,-1,6101,5448,5450,-1,6101,5450,6712,-1,6712,5450,5458,-1,6712,5458,6713,-1,6713,5458,5460,-1,6713,5460,6092,-1,6092,5460,5463,-1,6092,5463,5465,-1,5442,5440,6103,-1,6103,5440,5438,-1,6103,5438,6098,-1,6098,5438,5453,-1,6098,5453,5454,-1,6102,6714,5431,-1,5431,6714,6715,-1,5431,6715,5436,-1,5436,6715,6109,-1,5436,6109,5435,-1,5435,6109,5426,-1,5411,5412,6110,-1,6110,5412,5414,-1,6110,5414,6716,-1,6716,5414,5417,-1,6716,5417,6717,-1,6717,5417,5419,-1,6717,5419,6106,-1,6106,5419,5420,-1,6106,5420,5422,-1,6111,6718,5402,-1,5402,6718,6719,-1,5402,6719,5400,-1,5400,6719,6112,-1,5400,6112,5398,-1,5398,6112,5396,-1,5381,5379,6116,-1,6116,5379,5377,-1,6116,5377,6720,-1,6720,5377,5374,-1,6720,5374,6721,-1,6721,5374,5373,-1,6721,5373,6115,-1,6115,5373,5391,-1,6115,5391,5393,-1,5366,5370,6122,-1,6122,5370,5368,-1,6122,5368,6722,-1,6722,5368,5388,-1,6722,5388,6723,-1,6723,5388,5387,-1,6723,5387,6724,-1,6724,5387,5385,-1,6724,5385,6117,-1,6117,5385,5383,-1,6117,5383,5381,-1,5341,5348,6126,-1,6126,5348,5350,-1,6126,5350,6725,-1,6725,5350,5353,-1,6725,5353,6726,-1,6726,5353,5355,-1,6726,5355,6727,-1,6727,5355,5359,-1,6727,5359,6118,-1,6118,5359,5358,-1,6118,5358,5357,-1,6728,5332,6729,-1,6729,5332,5338,-1,6729,5338,6730,-1,6730,5338,5337,-1,6730,5337,6123,-1,6123,5337,5343,-1,6123,5343,5345,-1,5321,5319,6131,-1,6131,5319,5318,-1,6131,5318,6731,-1,6731,5318,5333,-1,6731,5333,6732,-1,6732,5333,5326,-1,6732,5326,6733,-1,6733,5326,5328,-1,6733,5328,6728,-1,6728,5328,5330,-1,6728,5330,5332,-1,6734,5294,6735,-1,6735,5294,5296,-1,6735,5296,6736,-1,6736,5296,5298,-1,6736,5298,6127,-1,6127,5298,5300,-1,6127,5300,5302,-1,5278,5280,6135,-1,6135,5280,5282,-1,6135,5282,6737,-1,6737,5282,5285,-1,6737,5285,6738,-1,6738,5285,5287,-1,6738,5287,6739,-1,6739,5287,5288,-1,6739,5288,6740,-1,6740,5288,5290,-1,6740,5290,6734,-1,6734,5290,5292,-1,6734,5292,5294,-1,5251,5250,6140,-1,6140,5250,5267,-1,6140,5267,6741,-1,6741,5267,5268,-1,6741,5268,6742,-1,6742,5268,5270,-1,6742,5270,6132,-1,6132,5270,5272,-1,6132,5272,5274,-1,6743,5245,6744,-1,6744,5245,5247,-1,6744,5247,6745,-1,6745,5247,5083,-1,6745,5083,6746,-1,6746,5083,5082,-1,6746,5082,6747,-1,6747,5082,5253,-1,6747,5253,6748,-1,6748,5253,5255,-1,6748,5255,6136,-1,6136,5255,5257,-1,6136,5257,5259,-1,5234,5237,6141,-1,6141,5237,5236,-1,6141,5236,6749,-1,6749,5236,5239,-1,6749,5239,6750,-1,6750,5239,5241,-1,6750,5241,6743,-1,6743,5241,5243,-1,6743,5243,5245,-1,5225,5227,6751,-1,6751,5227,5229,-1,6751,5229,5804,-1,5804,5229,5232,-1,5804,5232,5234,-1,5219,5218,5802,-1,5802,5218,5223,-1,5802,5223,6752,-1,6752,5223,5225,-1,6752,5225,6753,-1,6753,5225,6751,-1,5194,5214,6145,-1,6145,5214,5213,-1,6145,5213,6754,-1,6754,5213,5207,-1,6754,5207,6755,-1,6755,5207,5205,-1,6755,5205,6142,-1,6142,5205,5210,-1,6142,5210,5209,-1,6145,6756,5195,-1,5195,6756,6757,-1,5195,6757,5198,-1,5198,6757,6758,-1,5198,6758,5199,-1,5199,6758,6149,-1,5199,6149,5201,-1,5201,6149,5193,-1,5178,5179,6150,-1,6150,5179,5181,-1,6150,5181,6759,-1,6759,5181,5184,-1,6759,5184,6760,-1,6760,5184,5185,-1,6760,5185,6146,-1,6146,5185,5188,-1,6146,5188,5189,-1,5171,6153,5173,-1,5173,6153,6761,-1,5173,6761,5788,-1,6154,5161,6762,-1,6762,5161,5163,-1,6762,5163,5788,-1,5788,5163,5165,-1,5788,5165,5167,-1,5151,5153,6160,-1,6160,5153,5155,-1,6160,5155,6763,-1,6763,5155,5158,-1,6763,5158,6764,-1,6764,5158,5137,-1,6764,5137,6765,-1,6765,5137,5136,-1,6765,5136,6156,-1,6156,5136,5135,-1,6156,5135,5134,-1,6766,5129,6767,-1,6767,5129,5132,-1,6767,5132,6768,-1,6768,5132,5141,-1,6768,5141,6769,-1,6769,5141,5143,-1,6769,5143,6157,-1,6157,5143,5145,-1,6157,5145,5147,-1,5118,5115,6165,-1,6165,5115,5114,-1,6165,5114,6770,-1,6770,5114,5121,-1,6770,5121,6771,-1,6771,5121,5123,-1,6771,5123,6772,-1,6772,5123,5125,-1,6772,5125,6766,-1,6766,5125,5127,-1,6766,5127,5129,-1,5100,5102,6169,-1,6169,5102,5104,-1,6169,5104,6773,-1,6773,5104,5106,-1,6773,5106,6774,-1,6774,5106,5108,-1,6774,5108,6161,-1,6161,5108,5110,-1,6161,5110,5096,-1,6775,5081,6776,-1,6776,5081,5091,-1,6776,5091,6777,-1,6777,5091,5090,-1,6777,5090,6778,-1,6778,5090,5089,-1,6778,5089,6166,-1,6166,5089,5086,-1,6166,5086,5085,-1,5064,5066,6173,-1,6173,5066,5068,-1,6173,5068,6779,-1,6779,5068,5070,-1,6779,5070,6780,-1,6780,5070,5072,-1,6780,5072,6781,-1,6781,5072,5074,-1,6781,5074,6782,-1,6782,5074,5076,-1,6782,5076,6775,-1,6775,5076,5079,-1,6775,5079,5081,-1,6783,5045,6784,-1,6784,5045,5044,-1,6784,5044,6785,-1,6785,5044,5054,-1,6785,5054,6786,-1,6786,5054,5056,-1,6786,5056,6170,-1,6170,5056,5058,-1,6170,5058,5060,-1,5042,5025,6177,-1,6177,5025,5026,-1,6177,5026,6787,-1,6787,5026,5047,-1,6787,5047,6788,-1,6788,5047,5049,-1,6788,5049,6783,-1,6783,5049,5051,-1,6783,5051,5045,-1,6789,5022,6790,-1,6790,5022,5027,-1,6790,5027,6791,-1,6791,5027,5029,-1,6791,5029,6792,-1,6792,5029,5031,-1,6792,5031,6793,-1,6793,5031,5033,-1,6793,5033,6794,-1,6794,5033,5035,-1,6794,5035,6795,-1,6795,5035,5037,-1,6795,5037,6174,-1,6174,5037,5039,-1,6174,5039,5043,-1,5009,5011,6181,-1,6181,5011,5013,-1,6181,5013,6796,-1,6796,5013,5015,-1,6796,5015,6797,-1,6797,5015,5017,-1,6797,5017,6789,-1,6789,5017,5020,-1,6789,5020,5022,-1,5004,6178,5006,-1,5006,6178,6798,-1,5006,6798,6183,-1,4973,4990,6189,-1,6189,4990,4989,-1,6189,4989,6799,-1,6799,4989,4982,-1,6799,4982,6800,-1,6800,4982,5787,-1,6801,4960,6802,-1,6802,4960,4972,-1,6802,4972,6803,-1,6803,4972,4970,-1,6803,4970,6804,-1,6804,4970,4971,-1,6804,4971,6186,-1,6186,4971,4978,-1,6186,4978,4977,-1,4954,4955,6195,-1,6195,4955,4957,-1,6195,4957,6805,-1,6805,4957,4964,-1,6805,4964,6806,-1,6806,4964,4966,-1,6806,4966,6801,-1,6801,4966,4967,-1,6801,4967,4960,-1,5800,4938,6807,-1,6807,4938,4936,-1,6807,4936,6192,-1,6192,4936,4937,-1,6192,4937,4948,-1,4919,4924,6197,-1,6197,4924,4921,-1,6197,4921,6808,-1,6808,4921,4920,-1,6808,4920,6809,-1,6809,4920,4862,-1,6809,4862,6810,-1,6810,4862,4861,-1,6810,4861,6811,-1,6811,4861,4928,-1,6811,4928,6812,-1,6812,4928,4927,-1,6812,4927,6196,-1,6196,4927,4930,-1,6196,4930,4932,-1,6813,4908,6814,-1,6814,4908,4910,-1,6814,4910,6815,-1,6815,4910,4912,-1,6815,4912,6816,-1,6816,4912,4914,-1,6816,4914,6198,-1,6198,4914,4917,-1,6198,4917,4919,-1,4894,4896,6203,-1,6203,4896,4898,-1,6203,4898,6817,-1,6817,4898,4900,-1,6817,4900,6818,-1,6818,4900,4902,-1,6818,4902,6819,-1,6819,4902,4904,-1,6819,4904,6813,-1,6813,4904,4906,-1,6813,4906,4908,-1,4874,4876,6207,-1,6207,4876,4878,-1,6207,4878,6820,-1,6820,4878,4882,-1,6820,4882,6821,-1,6821,4882,4884,-1,6821,4884,6199,-1,6199,4884,4886,-1,6199,4886,4888,-1,6822,4857,6823,-1,6823,4857,4869,-1,6823,4869,6824,-1,6824,4869,4871,-1,6824,4871,6825,-1,6825,4871,4864,-1,6825,4864,6204,-1,6204,4864,4866,-1,6204,4866,4868,-1,4842,4844,6212,-1,6212,4844,4847,-1,6212,4847,6826,-1,6826,4847,4849,-1,6826,4849,6827,-1,6827,4849,4850,-1,6827,4850,6828,-1,6828,4850,4852,-1,6828,4852,6822,-1,6822,4852,4855,-1,6822,4855,4857,-1,6829,4811,6830,-1,6830,4811,4829,-1,6830,4829,6831,-1,6831,4829,4831,-1,6831,4831,6832,-1,6832,4831,4835,-1,6832,4835,6208,-1,6208,4835,4834,-1,6208,4834,4833,-1,4823,4821,6216,-1,6216,4821,4819,-1,6216,4819,6833,-1,6833,4819,4817,-1,6833,4817,6834,-1,6834,4817,4814,-1,6834,4814,6829,-1,6829,4814,4812,-1,6829,4812,4811,-1,6835,4795,6836,-1,6836,4795,4797,-1,6836,4797,6837,-1,6837,4797,4802,-1,6837,4802,6838,-1,6838,4802,4804,-1,6838,4804,6839,-1,6839,4804,4806,-1,6839,4806,6840,-1,6840,4806,4808,-1,6840,4808,6841,-1,6841,4808,4801,-1,6841,4801,6213,-1,6213,4801,4799,-1,6213,4799,4826,-1,4783,4784,6220,-1,6220,4784,4786,-1,6220,4786,6842,-1,6842,4786,4788,-1,6842,4788,6843,-1,6843,4788,4790,-1,6843,4790,6835,-1,6835,4790,4793,-1,6835,4793,4795,-1,4776,6217,4775,-1,4775,6217,6844,-1,4775,6844,5799,-1,4759,4757,6222,-1,6222,4757,4755,-1,6222,4755,4770,-1,4741,4763,6228,-1,6228,4763,4764,-1,6228,4764,6845,-1,6845,4764,4759,-1,6845,4759,6846,-1,6846,4759,6222,-1,4737,4738,6232,-1,6232,4738,4752,-1,6232,4752,6847,-1,6847,4752,4751,-1,6847,4751,6848,-1,6848,4751,4749,-1,6848,4749,6225,-1,6225,4749,4747,-1,6225,4747,4745,-1,6849,4721,6850,-1,6850,4721,4726,-1,6850,4726,6851,-1,6851,4726,4728,-1,6851,4728,6229,-1,6229,4728,4730,-1,6229,4730,4732,-1,4714,4708,6236,-1,6236,4708,4707,-1,6236,4707,6852,-1,6852,4707,4717,-1,6852,4717,6853,-1,6853,4717,4719,-1,6853,4719,6854,-1,6854,4719,4723,-1,6854,4723,6849,-1,6849,4723,4722,-1,6849,4722,4721,-1,6233,6855,4697,-1,4697,6855,6856,-1,4697,6856,4698,-1,4698,6856,6240,-1,4698,6240,4706,-1,4706,6240,4705,-1,4681,4682,6243,-1,6243,4682,4684,-1,6243,4684,6857,-1,6857,4684,4687,-1,6857,4687,6858,-1,6858,4687,4689,-1,6858,4689,6237,-1,6237,4689,4690,-1,6237,4690,4692,-1,4665,4669,6248,-1,6248,4669,4671,-1,6248,4671,6859,-1,6859,4671,4667,-1,6859,4667,6860,-1,6860,4667,4666,-1,6860,4666,6861,-1,6861,4666,4674,-1,6861,4674,6241,-1,6241,4674,4676,-1,6241,4676,4679,-1,4644,4643,6252,-1,6252,4643,4655,-1,6252,4655,6862,-1,6862,4655,4658,-1,6862,4658,6863,-1,6863,4658,4653,-1,6863,4653,6244,-1,6244,4653,4651,-1,6244,4651,4650,-1,6864,4633,6865,-1,6865,4633,4638,-1,6865,4638,6866,-1,6866,4638,4640,-1,6866,4640,6867,-1,6867,4640,4637,-1,6867,4637,6249,-1,6249,4637,4635,-1,6249,4635,4649,-1,4618,4620,6257,-1,6257,4620,4623,-1,6257,4623,6868,-1,6868,4623,4625,-1,6868,4625,6869,-1,6869,4625,4626,-1,6869,4626,6870,-1,6870,4626,4628,-1,6870,4628,6864,-1,6864,4628,4631,-1,6864,4631,4633,-1,6871,4591,6872,-1,6872,4591,4605,-1,6872,4605,6873,-1,6873,4605,4607,-1,6873,4607,6874,-1,6874,4607,4609,-1,6874,4609,6253,-1,6253,4609,4610,-1,6253,4610,4612,-1,4594,4596,6261,-1,6261,4596,4598,-1,6261,4598,6875,-1,6875,4598,4600,-1,6875,4600,6876,-1,6876,4600,4589,-1,6876,4589,6871,-1,6871,4589,4588,-1,6871,4588,4591,-1,6877,4571,6878,-1,6878,4571,4578,-1,6878,4578,6879,-1,6879,4578,4580,-1,6879,4580,6880,-1,6880,4580,4582,-1,6880,4582,6881,-1,6881,4582,4587,-1,6881,4587,6882,-1,6882,4587,4586,-1,6882,4586,6883,-1,6883,4586,4572,-1,6883,4572,6258,-1,6258,4572,4575,-1,6258,4575,4577,-1,6884,4558,6885,-1,6885,4558,4560,-1,6885,4560,6886,-1,6886,4560,4562,-1,6886,4562,6887,-1,6887,4562,4565,-1,6887,4565,6888,-1,6888,4565,4566,-1,6888,4566,6877,-1,6877,4566,4569,-1,6877,4569,4571,-1,4543,4541,6266,-1,6266,4541,4540,-1,6266,4540,6889,-1,6889,4540,4552,-1,6889,4552,6890,-1,6890,4552,4554,-1,6890,4554,6884,-1,6884,4554,4556,-1,6884,4556,4558,-1,4532,4535,6262,-1,6262,4535,4537,-1,6262,4537,4547,-1,4508,4507,6267,-1,6267,4507,4533,-1,6267,4533,6891,-1,6891,4533,4532,-1,6891,4532,6892,-1,6892,4532,6262,-1,4515,4517,6274,-1,6274,4517,4519,-1,6274,4519,6893,-1,6893,4519,4521,-1,6893,4521,6894,-1,6894,4521,4523,-1,6894,4523,6268,-1,6268,4523,4525,-1,6268,4525,4527,-1,4509,6271,4505,-1,4505,6271,6895,-1,4505,6895,6276,-1,6896,4465,6897,-1,6897,4465,4492,-1,6897,4492,6898,-1,6898,4492,4493,-1,6898,4493,6899,-1,6899,4493,4485,-1,6899,4485,6279,-1,6279,4485,4488,-1,6279,4488,4487,-1,6900,4473,6901,-1,6901,4473,4471,-1,6901,4471,6902,-1,6902,4471,4469,-1,6902,4469,6896,-1,6896,4469,4466,-1,6896,4466,4465,-1,4457,4458,6280,-1,6280,4458,4460,-1,6280,4460,6903,-1,6903,4460,4463,-1,6903,4463,6904,-1,6904,4463,4482,-1,6904,4482,6905,-1,6905,4482,4481,-1,6905,4481,6906,-1,6906,4481,4479,-1,6906,4479,6907,-1,6907,4479,4477,-1,6907,4477,6900,-1,6900,4477,4475,-1,6900,4475,4473,-1,4441,4442,6285,-1,6285,4442,4444,-1,6285,4444,6908,-1,6908,4444,4447,-1,6908,4447,6909,-1,6909,4447,4449,-1,6909,4449,6910,-1,6910,4449,4450,-1,6910,4450,6911,-1,6911,4450,4452,-1,6911,4452,6281,-1,6281,4452,4455,-1,6281,4455,4457,-1,4420,4422,6289,-1,6289,4422,4424,-1,6289,4424,6912,-1,6912,4424,4434,-1,6912,4434,6913,-1,6913,4434,4429,-1,6913,4429,6914,-1,6914,4429,4428,-1,6914,4428,6282,-1,6282,4428,4431,-1,6282,4431,4433,-1,6915,4409,6916,-1,6916,4409,4415,-1,6916,4415,6917,-1,6917,4415,4417,-1,6917,4417,6918,-1,6918,4417,4410,-1,6918,4410,6286,-1,6286,4410,4412,-1,6286,4412,4414,-1,4393,4394,6293,-1,6293,4394,4396,-1,6293,4396,6919,-1,6919,4396,4399,-1,6919,4399,6920,-1,6920,4399,4401,-1,6920,4401,6921,-1,6921,4401,4402,-1,6921,4402,6922,-1,6922,4402,4404,-1,6922,4404,6915,-1,6915,4404,4407,-1,6915,4407,4409,-1,6923,4370,6924,-1,6924,4370,4383,-1,6924,4383,6925,-1,6925,4383,4385,-1,6925,4385,6290,-1,6290,4385,4386,-1,6290,4386,4388,-1,4366,4377,6297,-1,6297,4377,4379,-1,6297,4379,6926,-1,6926,4379,4380,-1,6926,4380,6927,-1,6927,4380,4372,-1,6927,4372,6928,-1,6928,4372,4371,-1,6928,4371,6923,-1,6923,4371,4369,-1,6923,4369,4370,-1,6929,4347,6930,-1,6930,4347,4349,-1,6930,4349,6931,-1,6931,4349,4355,-1,6931,4355,6932,-1,6932,4355,4357,-1,6932,4357,6933,-1,6933,4357,4359,-1,6933,4359,6934,-1,6934,4359,4361,-1,6934,4361,6935,-1,6935,4361,4350,-1,6935,4350,6294,-1,6294,4350,4352,-1,6294,4352,4354,-1,6936,4338,6937,-1,6937,4338,4339,-1,6937,4339,6938,-1,6938,4339,4188,-1,6938,4188,6939,-1,6939,4188,4187,-1,6939,4187,6940,-1,6940,4187,4342,-1,6940,4342,6929,-1,6929,4342,4344,-1,6929,4344,4347,-1,4326,4324,6301,-1,6301,4324,4323,-1,6301,4323,6941,-1,6941,4323,4331,-1,6941,4331,6942,-1,6942,4331,4333,-1,6942,4333,6936,-1,6936,4333,4336,-1,6936,4336,4338,-1,4311,4318,6943,-1,6943,4318,4316,-1,6943,4316,6298,-1,6298,4316,4315,-1,6298,4315,4330,-1,4307,4308,6302,-1,6302,4308,4312,-1,6302,4312,6944,-1,6944,4312,4311,-1,6944,4311,6945,-1,6945,4311,6943,-1,4292,4293,6309,-1,6309,4293,4295,-1,6309,4295,6946,-1,6946,4295,4297,-1,6946,4297,6947,-1,6947,4297,4299,-1,6947,4299,6303,-1,6303,4299,4310,-1,6303,4310,4302,-1,4281,6306,4287,-1,4287,6306,6948,-1,4287,6948,6311,-1,4250,4264,6317,-1,6317,4264,4266,-1,6317,4266,6949,-1,6949,4266,4267,-1,6949,4267,6950,-1,6950,4267,5786,-1,4261,4260,6322,-1,6322,4260,4258,-1,6322,4258,6314,-1,6314,4258,4256,-1,6314,4256,4254,-1,6951,4233,6952,-1,6952,4233,4238,-1,6952,4238,6953,-1,6953,4238,4240,-1,6953,4240,6954,-1,6954,4240,4242,-1,6954,4242,6318,-1,6318,4242,4244,-1,6318,4244,4248,-1,4222,4224,6326,-1,6326,4224,4226,-1,6326,4226,6955,-1,6955,4226,4229,-1,6955,4229,6956,-1,6956,4229,4231,-1,6956,4231,6957,-1,6957,4231,4235,-1,6957,4235,6951,-1,6951,4235,4234,-1,6951,4234,4233,-1,4204,4207,6330,-1,6330,4207,4209,-1,6330,4209,6958,-1,6958,4209,4211,-1,6958,4211,6959,-1,6959,4211,4212,-1,6959,4212,6960,-1,6960,4212,4214,-1,6960,4214,6323,-1,6323,4214,4216,-1,6323,4216,4218,-1,6961,4184,6962,-1,6962,4184,4193,-1,6962,4193,6963,-1,6963,4193,4199,-1,6963,4199,6964,-1,6964,4199,4194,-1,6964,4194,6327,-1,6327,4194,4196,-1,6327,4196,4198,-1,6965,4176,6966,-1,6966,4176,4178,-1,6966,4178,6967,-1,6967,4178,4180,-1,6967,4180,6961,-1,6961,4180,4182,-1,6961,4182,4184,-1,6968,4164,6969,-1,6969,4164,4167,-1,6969,4167,6970,-1,6970,4167,4169,-1,6970,4169,6971,-1,6971,4169,4170,-1,6971,4170,6972,-1,6972,4170,4172,-1,6972,4172,6965,-1,6965,4172,4174,-1,6965,4174,4176,-1,4152,4154,6334,-1,6334,4154,4156,-1,6334,4156,6973,-1,6973,4156,4158,-1,6973,4158,6974,-1,6974,4158,4160,-1,6974,4160,6968,-1,6968,4160,4162,-1,6968,4162,4164,-1,6975,4133,6976,-1,6976,4133,4140,-1,6976,4140,6977,-1,6977,4140,4142,-1,6977,4142,6978,-1,6978,4142,4144,-1,6978,4144,6331,-1,6331,4144,4147,-1,6331,4147,4149,-1,6979,4124,6980,-1,6980,4124,4126,-1,6980,4126,6981,-1,6981,4126,4128,-1,6981,4128,6982,-1,6982,4128,4136,-1,6982,4136,6983,-1,6983,4136,4137,-1,6983,4137,6984,-1,6984,4137,4129,-1,6984,4129,6975,-1,6975,4129,4131,-1,6975,4131,4133,-1,4113,4114,6337,-1,6337,4114,4117,-1,6337,4117,6985,-1,6985,4117,4118,-1,6985,4118,6986,-1,6986,4118,4120,-1,6986,4120,6979,-1,6979,4120,4122,-1,6979,4122,4124,-1,6987,4088,6988,-1,6988,4088,4101,-1,6988,4101,6989,-1,6989,4101,4096,-1,6989,4096,6990,-1,6990,4096,4098,-1,6990,4098,6991,-1,6991,4098,4100,-1,6991,4100,6336,-1,6336,4100,4104,-1,6336,4104,4106,-1,4075,4076,6343,-1,6343,4076,4093,-1,6343,4093,6992,-1,6992,4093,4092,-1,6992,4092,6993,-1,6993,4092,4086,-1,6993,4086,6994,-1,6994,4086,4084,-1,6994,4084,6987,-1,6987,4084,4089,-1,6987,4089,4088,-1,4064,4066,6347,-1,6347,4066,4068,-1,6347,4068,6995,-1,6995,4068,4071,-1,6995,4071,6996,-1,6996,4071,4072,-1,6996,4072,6340,-1,6340,4072,4079,-1,6340,4079,4081,-1,4058,6344,4057,-1,4057,6344,6997,-1,4057,6997,5798,-1,4044,6348,4042,-1,4042,6348,6998,-1,4042,6998,4040,-1,4040,6998,6999,-1,4040,6999,6351,-1,4020,4019,6358,-1,6358,4019,4026,-1,6358,4026,7000,-1,7000,4026,4028,-1,7000,4028,7001,-1,7001,4028,4030,-1,7001,4030,6353,-1,6353,4030,4032,-1,6353,4032,4034,-1,7002,4008,7003,-1,7003,4008,4010,-1,7003,4010,7004,-1,7004,4010,4012,-1,7004,4012,6354,-1,6354,4012,4014,-1,6354,4014,4016,-1,3993,3994,6362,-1,6362,3994,3996,-1,6362,3996,7005,-1,7005,3996,3999,-1,7005,3999,7006,-1,7006,3999,4001,-1,7006,4001,7007,-1,7007,4001,4002,-1,7007,4002,7008,-1,7008,4002,4004,-1,7008,4004,7002,-1,7002,4004,4006,-1,7002,4006,4008,-1,3975,3972,6367,-1,6367,3972,3973,-1,6367,3973,7009,-1,7009,3973,3987,-1,7009,3987,7010,-1,7010,3987,3986,-1,7010,3986,6359,-1,6359,3986,3983,-1,6359,3983,3982,-1,7011,3957,7012,-1,7012,3957,3967,-1,7012,3967,7013,-1,7013,3967,3966,-1,7013,3966,6363,-1,6363,3966,3965,-1,6363,3965,3977,-1,3949,3951,6370,-1,6370,3951,3953,-1,6370,3953,7014,-1,7014,3953,3939,-1,7014,3939,7015,-1,7015,3939,3938,-1,7015,3938,7016,-1,7016,3938,3959,-1,7016,3959,7017,-1,7017,3959,3961,-1,7017,3961,7011,-1,7011,3961,3958,-1,7011,3958,3957,-1,3917,3914,6374,-1,6374,3914,3913,-1,6374,3913,7018,-1,7018,3913,3935,-1,7018,3935,7019,-1,7019,3935,3937,-1,7019,3937,7020,-1,7020,3937,3941,-1,7020,3941,7021,-1,7021,3941,3943,-1,7021,3943,6368,-1,6368,3943,3945,-1,6368,3945,3947,-1,7022,3931,7023,-1,7023,3931,3929,-1,7023,3929,7024,-1,7024,3929,3927,-1,7024,3927,7025,-1,7025,3927,3925,-1,7025,3925,6371,-1,6371,3925,3923,-1,6371,3923,3921,-1,7026,3901,7027,-1,7027,3901,3905,-1,7027,3905,7028,-1,7028,3905,3904,-1,7028,3904,7029,-1,7029,3904,3903,-1,7029,3903,7030,-1,7030,3903,3908,-1,7030,3908,7031,-1,7031,3908,3910,-1,7031,3910,7022,-1,7022,3910,3932,-1,7022,3932,3931,-1,3891,3884,6378,-1,6378,3884,3883,-1,6378,3883,7032,-1,7032,3883,3894,-1,7032,3894,7033,-1,7033,3894,3896,-1,7033,3896,7026,-1,7026,3896,3899,-1,7026,3899,3901,-1,6375,7034,3872,-1,3872,7034,7035,-1,3872,7035,3873,-1,3873,7035,6380,-1,3873,6380,3879,-1,3879,6380,3877,-1,6379,7036,3864,-1,3864,7036,7037,-1,3864,7037,3868,-1,3868,7037,6387,-1,3868,6387,3869,-1,3869,6387,3857,-1,3844,3846,6391,-1,6391,3846,3741,-1,6391,3741,7038,-1,7038,3741,3740,-1,7038,3740,7039,-1,7039,3740,3850,-1,7039,3850,6383,-1,6383,3850,3849,-1,6383,3849,3853,-1,3828,3829,6394,-1,6394,3829,3831,-1,6394,3831,7040,-1,7040,3831,3834,-1,7040,3834,7041,-1,7041,3834,3836,-1,7041,3836,6388,-1,6388,3836,3837,-1,6388,3837,3839,-1,3814,6392,3815,-1,3815,6392,7042,-1,3815,7042,3818,-1,3818,7042,7043,-1,3818,7043,6397,-1,3805,3807,6403,-1,6403,3807,3809,-1,6403,3809,6396,-1,6396,3809,3811,-1,6396,3811,3800,-1,3783,3785,6408,-1,6408,3785,3787,-1,6408,3787,7044,-1,7044,3787,3790,-1,7044,3790,7045,-1,7045,3790,3791,-1,7045,3791,7046,-1,7046,3791,3793,-1,7046,3793,6400,-1,6400,3793,3796,-1,6400,3796,3798,-1,7047,3767,7048,-1,7048,3767,3769,-1,7048,3769,7049,-1,7049,3769,3771,-1,7049,3771,7050,-1,7050,3771,3773,-1,7050,3773,6404,-1,6404,3773,3775,-1,6404,3775,3778,-1,3756,3754,6412,-1,6412,3754,3766,-1,6412,3766,7051,-1,7051,3766,3765,-1,7051,3765,7052,-1,7052,3765,3761,-1,7052,3761,7047,-1,7047,3761,3760,-1,7047,3760,3767,-1,7053,3739,7054,-1,7054,3739,3749,-1,7054,3749,7055,-1,7055,3749,3748,-1,7055,3748,7056,-1,7056,3748,3746,-1,7056,3746,6409,-1,6409,3746,3744,-1,6409,3744,3759,-1,3724,3726,6417,-1,6417,3726,3728,-1,6417,3728,7057,-1,7057,3728,3734,-1,7057,3734,7058,-1,7058,3734,3732,-1,7058,3732,7059,-1,7059,3732,3731,-1,7059,3731,7053,-1,7053,3731,3737,-1,7053,3737,3739,-1,3704,3706,6421,-1,6421,3706,3708,-1,6421,3708,7060,-1,7060,3708,3711,-1,7060,3711,7061,-1,7061,3711,3712,-1,7061,3712,7062,-1,7062,3712,3715,-1,7062,3715,6413,-1,6413,3715,3716,-1,6413,3716,3718,-1,7063,3701,7064,-1,7064,3701,3700,-1,7064,3700,7065,-1,7065,3700,3698,-1,7065,3698,6418,-1,6418,3698,3695,-1,6418,3695,3696,-1,7066,3676,7067,-1,7067,3676,3692,-1,7067,3692,7068,-1,7068,3692,3691,-1,7068,3691,7069,-1,7069,3691,3689,-1,7069,3689,7070,-1,7070,3689,3687,-1,7070,3687,7071,-1,7071,3687,3685,-1,7071,3685,7072,-1,7072,3685,3682,-1,7072,3682,7063,-1,7063,3682,3680,-1,7063,3680,3701,-1,3659,3666,6425,-1,6425,3666,3668,-1,6425,3668,7073,-1,7073,3668,3670,-1,7073,3670,7074,-1,7074,3670,3672,-1,7074,3672,7066,-1,7066,3672,3675,-1,7066,3675,3676,-1,3648,3650,6427,-1,6427,3650,3652,-1,6427,3652,5797,-1,5797,3652,3655,-1,5797,3655,3657,-1,6426,7075,3642,-1,3642,7075,7076,-1,3642,7076,3647,-1,3647,7076,6433,-1,3647,6433,3646,-1,3646,6433,3620,-1,3619,3626,6437,-1,6437,3626,3628,-1,6437,3628,7077,-1,7077,3628,3630,-1,7077,3630,7078,-1,7078,3630,3632,-1,7078,3632,6430,-1,6430,3632,3625,-1,6430,3625,3624,-1,3602,3604,5794,-1,5794,3604,3607,-1,5794,3607,7079,-1,7079,3607,3609,-1,7079,3609,7080,-1,7080,3609,3610,-1,7080,3610,6434,-1,6434,3610,3612,-1,6434,3612,3614,-1,3591,6438,3589,-1,3589,6438,7081,-1,3589,7081,3586,-1,3586,7081,7082,-1,3586,7082,6442,-1,3570,3572,6448,-1,6448,3572,3574,-1,6448,3574,7083,-1,7083,3574,3577,-1,7083,3577,7084,-1,7084,3577,3579,-1,7084,3579,6441,-1,6441,3579,3581,-1,6441,3581,3583,-1,3559,3558,6453,-1,6453,3558,3564,-1,6453,3564,7085,-1,7085,3564,3566,-1,7085,3566,6445,-1,6445,3566,3567,-1,6445,3567,3517,-1,7086,3534,7087,-1,7087,3534,3546,-1,7087,3546,7088,-1,7088,3546,3548,-1,7088,3548,7089,-1,7089,3548,3549,-1,7089,3549,6449,-1,6449,3549,3551,-1,6449,3551,3553,-1,3528,3543,6458,-1,6458,3543,3542,-1,6458,3542,7090,-1,7090,3542,3540,-1,7090,3540,7091,-1,7091,3540,3537,-1,7091,3537,7086,-1,7086,3537,3535,-1,7086,3535,3534,-1,3525,6454,3523,-1,3523,6454,7092,-1,3523,7092,6459,-1,3500,3502,6465,-1,6465,3502,3509,-1,6465,3509,7093,-1,7093,3509,3510,-1,7093,3510,7094,-1,7094,3510,3504,-1,7094,3504,7095,-1,7095,3504,3503,-1,7095,3503,6460,-1,6460,3503,3515,-1,6460,3515,3513,-1,3480,3482,6469,-1,6469,3482,3484,-1,6469,3484,7096,-1,7096,3484,3487,-1,7096,3487,7097,-1,7097,3487,3489,-1,7097,3489,7098,-1,7098,3489,3491,-1,7098,3491,6461,-1,6461,3491,3492,-1,6461,3492,3494,-1,7099,3292,7100,-1,7100,3292,3470,-1,7100,3470,7101,-1,7101,3470,3472,-1,7101,3472,6466,-1,6466,3472,3474,-1,6466,3474,3476,-1,7102,3456,7103,-1,7103,3456,3458,-1,7103,3458,7104,-1,7104,3458,3462,-1,7104,3462,7105,-1,7105,3462,3464,-1,7105,3464,7106,-1,7106,3464,3469,-1,7106,3469,7107,-1,7107,3469,3468,-1,7107,3468,7108,-1,7108,3468,3460,-1,7108,3460,7099,-1,7099,3460,3293,-1,7099,3293,3292,-1,3439,3441,6473,-1,6473,3441,3443,-1,6473,3443,7109,-1,7109,3443,3445,-1,7109,3445,7110,-1,7110,3445,3447,-1,7110,3447,7111,-1,7111,3447,3449,-1,7111,3449,7112,-1,7112,3449,3451,-1,7112,3451,7102,-1,7102,3451,3454,-1,7102,3454,3456,-1,3421,3423,6474,-1,6474,3423,3430,-1,6474,3430,7113,-1,7113,3430,3431,-1,7113,3431,7114,-1,7114,3431,3425,-1,7114,3425,7115,-1,7115,3425,3424,-1,7115,3424,6470,-1,6470,3424,3434,-1,6470,3434,3436,-1,6474,7116,3419,-1,3419,7116,7117,-1,3419,7117,3417,-1,3417,7117,6475,-1,3417,6475,3402,-1,3402,6475,3401,-1,3398,3403,6482,-1,6482,3403,3405,-1,6482,3405,7118,-1,7118,3405,3407,-1,7118,3407,7119,-1,7119,3407,3409,-1,7119,3409,6478,-1,6478,3409,3416,-1,6478,3416,3415,-1,6479,7120,3390,-1,3390,7120,7121,-1,3390,7121,3387,-1,3387,7121,6483,-1,3387,6483,3385,-1,3385,6483,3383,-1,3356,3353,6490,-1,6490,3353,3352,-1,6490,3352,7122,-1,7122,3352,3370,-1,7122,3370,7123,-1,7123,3370,3372,-1,7123,3372,7124,-1,7124,3372,3373,-1,7124,3373,6486,-1,6486,3373,3375,-1,6486,3375,3377,-1,6491,3345,7125,-1,7125,3345,3348,-1,7125,3348,7126,-1,7126,3348,3350,-1,7126,3350,7127,-1,7127,3350,3367,-1,7127,3367,7128,-1,7128,3367,3366,-1,7128,3366,7129,-1,7129,3366,3364,-1,7129,3364,6487,-1,6487,3364,3362,-1,6487,3362,3360,-1,7130,3329,7131,-1,7131,3329,3332,-1,7131,3332,7132,-1,7132,3332,3334,-1,7132,3334,7133,-1,7133,3334,3335,-1,7133,3335,7134,-1,7134,3335,3337,-1,7134,3337,7135,-1,7135,3337,3340,-1,7135,3340,6491,-1,6491,3340,3342,-1,6491,3342,3343,-1,7136,3316,7137,-1,7137,3316,3324,-1,7137,3324,7138,-1,7138,3324,3326,-1,7138,3326,7130,-1,7130,3326,3327,-1,7130,3327,3329,-1,3306,3305,6495,-1,6495,3305,3317,-1,6495,3317,7139,-1,7139,3317,3319,-1,7139,3319,7140,-1,7140,3319,3312,-1,7140,3312,7141,-1,7141,3312,3311,-1,7141,3311,7136,-1,7136,3311,3314,-1,7136,3314,3316,-1,7142,3286,7143,-1,7143,3286,3289,-1,7143,3289,7144,-1,7144,3289,3291,-1,7144,3291,7145,-1,7145,3291,3300,-1,7145,3300,7146,-1,7146,3300,3302,-1,7146,3302,7147,-1,7147,3302,3295,-1,7147,3295,6492,-1,6492,3295,3297,-1,6492,3297,3299,-1,3275,3276,6499,-1,6499,3276,3278,-1,6499,3278,7148,-1,7148,3278,3281,-1,7148,3281,7149,-1,7149,3281,3283,-1,7149,3283,7142,-1,7142,3283,3284,-1,7142,3284,3286,-1,3250,3249,6504,-1,6504,3249,3263,-1,6504,3263,7150,-1,7150,3263,3265,-1,7150,3265,7151,-1,7151,3265,3267,-1,7151,3267,6496,-1,6496,3267,3268,-1,6496,3268,3270,-1,7152,3236,7153,-1,7153,3236,3246,-1,7153,3246,7154,-1,7154,3246,3248,-1,7154,3248,6500,-1,6500,3248,3257,-1,6500,3257,3259,-1,7155,3229,7156,-1,7156,3229,3231,-1,7156,3231,7157,-1,7157,3231,3237,-1,7157,3237,7158,-1,7158,3237,3239,-1,7158,3239,7159,-1,7159,3239,3241,-1,7159,3241,7160,-1,7160,3241,3243,-1,7160,3243,7161,-1,7161,3243,3232,-1,7161,3232,7152,-1,7152,3232,3234,-1,7152,3234,3236,-1,3216,3219,6510,-1,6510,3219,3220,-1,6510,3220,7162,-1,7162,3220,3223,-1,7162,3223,7163,-1,7163,3223,3224,-1,7163,3224,7155,-1,7155,3224,3227,-1,7155,3227,3229,-1,3177,3204,6512,-1,6512,3204,3206,-1,6512,3206,7164,-1,7164,3206,3207,-1,7164,3207,7165,-1,7165,3207,3197,-1,7165,3197,6505,-1,6505,3197,3199,-1,6505,3199,3201,-1,6511,7166,3172,-1,3172,7166,7167,-1,3172,7167,3173,-1,3173,7167,6515,-1,3173,6515,3194,-1,3194,6515,3192,-1,3162,3164,6518,-1,6518,3164,3166,-1,6518,3166,7168,-1,7168,3166,3169,-1,7168,3169,7169,-1,7169,3169,3171,-1,7169,3171,7170,-1,7170,3171,3178,-1,7170,3178,7171,-1,7171,3178,3180,-1,7171,3180,6514,-1,6514,3180,3182,-1,6514,3182,3184,-1,3154,3156,6520,-1,6520,3156,3158,-1,6520,3158,5793,-1,5793,3158,3160,-1,5793,3160,3162,-1,6519,7172,3146,-1,3146,7172,7173,-1,3146,7173,3144,-1,3144,7173,6527,-1,3144,6527,3069,-1,3069,6527,3070,-1,7174,3126,7175,-1,7175,3126,3128,-1,7175,3128,7176,-1,7176,3128,3134,-1,7176,3134,7177,-1,7177,3134,3133,-1,7177,3133,6524,-1,6524,3133,3131,-1,6524,3131,3143,-1,3115,3112,6530,-1,6530,3112,3113,-1,6530,3113,7178,-1,7178,3113,3117,-1,7178,3117,7179,-1,7179,3117,3119,-1,7179,3119,7180,-1,7180,3119,3121,-1,7180,3121,7174,-1,7174,3121,3123,-1,7174,3123,3126,-1,7181,3097,7182,-1,7182,3097,3099,-1,7182,3099,7183,-1,7183,3099,3102,-1,7183,3102,7184,-1,7184,3102,3103,-1,7184,3103,7185,-1,7185,3103,3105,-1,7185,3105,6528,-1,6528,3105,3108,-1,6528,3108,3116,-1,3083,3091,6534,-1,6534,3091,3093,-1,6534,3093,7186,-1,7186,3093,3094,-1,7186,3094,7187,-1,7187,3094,3086,-1,7187,3086,7188,-1,7188,3086,3088,-1,7188,3088,7181,-1,7181,3088,3095,-1,7181,3095,3097,-1,3062,3064,6538,-1,6538,3064,3066,-1,6538,3066,7189,-1,7189,3066,3080,-1,7189,3080,7190,-1,7190,3080,3079,-1,7190,3079,7191,-1,7191,3079,3074,-1,7191,3074,6531,-1,6531,3074,3075,-1,6531,3075,3077,-1,7192,3046,7193,-1,7193,3046,3049,-1,7193,3049,7194,-1,7194,3049,3051,-1,7194,3051,7195,-1,7195,3051,3052,-1,7195,3052,7196,-1,7196,3052,3054,-1,7196,3054,6535,-1,6535,3054,3056,-1,6535,3056,3058,-1,3034,3036,6543,-1,6543,3036,3038,-1,6543,3038,7197,-1,7197,3038,3040,-1,7197,3040,7198,-1,7198,3040,3042,-1,7198,3042,7192,-1,7192,3042,3044,-1,7192,3044,3046,-1,7199,3018,7200,-1,7200,3018,3022,-1,7200,3022,7201,-1,7201,3022,3024,-1,7201,3024,6539,-1,6539,3024,3027,-1,6539,3027,3029,-1,7202,3007,7203,-1,7203,3007,3013,-1,7203,3013,7204,-1,7204,3013,3012,-1,7204,3012,7205,-1,7205,3012,2846,-1,7205,2846,7206,-1,7206,2846,2845,-1,7206,2845,7207,-1,7207,2845,3019,-1,7207,3019,7208,-1,7208,3019,3014,-1,7208,3014,7199,-1,7199,3014,3016,-1,7199,3016,3018,-1,2994,2997,6547,-1,6547,2997,2999,-1,6547,2999,7209,-1,7209,2999,3001,-1,7209,3001,7210,-1,7210,3001,2849,-1,7210,2849,7211,-1,7211,2849,2848,-1,7211,2848,7212,-1,7212,2848,3005,-1,7212,3005,7202,-1,7202,3005,3004,-1,7202,3004,3007,-1,7213,2971,7214,-1,7214,2971,2989,-1,7214,2989,7215,-1,7215,2989,2984,-1,7215,2984,6544,-1,6544,2984,2986,-1,6544,2986,2988,-1,2962,2961,6548,-1,6548,2961,2981,-1,6548,2981,7216,-1,7216,2981,2980,-1,7216,2980,7217,-1,7217,2980,2978,-1,7217,2978,7218,-1,7218,2978,2974,-1,7218,2974,7213,-1,7213,2974,2972,-1,7213,2972,2971,-1,2952,2954,6555,-1,6555,2954,2956,-1,6555,2956,7219,-1,7219,2956,2959,-1,7219,2959,7220,-1,7220,2959,2960,-1,7220,2960,6551,-1,6551,2960,2967,-1,6551,2967,2969,-1,2939,2941,6558,-1,6558,2941,2943,-1,6558,2943,5791,-1,5791,2943,2946,-1,5791,2946,2948,-1,6557,7221,2931,-1,2931,7221,7222,-1,2931,7222,2930,-1,2930,7222,6560,-1,2930,6560,2928,-1,2928,6560,2911,-1,7223,2908,7224,-1,7224,2908,2910,-1,7224,2910,7225,-1,7225,2910,2916,-1,7225,2916,7226,-1,7226,2916,2918,-1,7226,2918,6562,-1,6562,2918,2920,-1,6562,2920,2922,-1,7227,2899,7228,-1,7228,2899,2901,-1,7228,2901,7229,-1,7229,2901,2903,-1,7229,2903,7223,-1,7223,2903,2906,-1,7223,2906,2908,-1,7230,2887,7231,-1,7231,2887,2890,-1,7231,2890,7232,-1,7232,2890,2892,-1,7232,2892,7233,-1,7233,2892,2896,-1,7233,2896,7234,-1,7234,2896,2895,-1,7234,2895,7227,-1,7227,2895,2894,-1,7227,2894,2899,-1,2876,2873,6568,-1,6568,2873,2872,-1,6568,2872,7235,-1,7235,2872,2882,-1,7235,2882,7236,-1,7236,2882,2884,-1,7236,2884,7230,-1,7230,2884,2885,-1,7230,2885,2887,-1,7237,2864,7238,-1,7238,2864,2871,-1,7238,2871,7239,-1,7239,2871,2870,-1,7239,2870,7240,-1,7240,2870,2868,-1,7240,2868,6565,-1,6565,2868,2857,-1,6565,2857,2879,-1,2838,2840,6573,-1,6573,2840,2842,-1,6573,2842,7241,-1,7241,2842,2854,-1,7241,2854,7242,-1,7242,2854,2858,-1,7242,2858,7243,-1,7243,2858,2860,-1,7243,2860,7237,-1,7237,2860,2862,-1,7237,2862,2864,-1,7244,2822,7245,-1,7245,2822,2825,-1,7245,2825,7246,-1,7246,2825,2827,-1,7246,2827,7247,-1,7247,2827,2831,-1,7247,2831,6569,-1,6569,2831,2830,-1,6569,2830,2829,-1,2812,2809,6577,-1,6577,2809,2808,-1,6577,2808,7248,-1,7248,2808,2817,-1,7248,2817,7249,-1,7249,2817,2819,-1,7249,2819,7244,-1,7244,2819,2820,-1,7244,2820,2822,-1,7250,2803,7251,-1,7251,2803,2805,-1,7251,2805,7252,-1,7252,2805,2802,-1,7252,2802,7253,-1,7253,2802,2801,-1,7253,2801,6574,-1,6574,2801,2798,-1,6574,2798,2799,-1,2778,2781,6581,-1,6581,2781,2783,-1,6581,2783,7254,-1,7254,2783,2787,-1,7254,2787,7255,-1,7255,2787,2789,-1,7255,2789,7256,-1,7256,2789,2791,-1,7256,2791,7257,-1,7257,2791,2793,-1,7257,2793,7258,-1,7258,2793,2786,-1,7258,2786,7250,-1,7250,2786,2785,-1,7250,2785,2803,-1,2772,6578,2771,-1,2771,6578,7259,-1,2771,7259,6583,-1,2744,2746,5789,-1,5789,2746,2760,-1,5789,2760,7260,-1,7260,2760,2759,-1,7260,2759,7261,-1,7261,2759,5785,-1,7262,2736,7263,-1,7263,2736,2735,-1,7263,2735,7264,-1,7264,2735,2733,-1,7264,2733,7265,-1,7265,2733,2734,-1,7265,2734,6586,-1,6586,2734,2751,-1,6586,2751,2752,-1,2723,2724,6592,-1,6592,2724,2726,-1,6592,2726,7266,-1,7266,2726,2729,-1,7266,2729,7267,-1,7267,2729,2730,-1,7267,2730,7262,-1,7262,2730,2738,-1,7262,2738,2736,-1,2707,2708,6595,-1,6595,2708,2710,-1,6595,2710,7268,-1,7268,2710,2713,-1,7268,2713,7269,-1,7269,2713,2715,-1,7269,2715,6589,-1,6589,2715,2716,-1,6589,2716,2718,-1,6594,7270,2697,-1,2697,7270,7271,-1,2697,7271,2698,-1,2698,7271,6599,-1,2698,6599,2700,-1,2700,6599,2681,-1,7272,2677,7273,-1,7273,2677,2682,-1,7273,2682,7274,-1,7274,2682,2684,-1,7274,2684,6598,-1,6598,2684,2686,-1,6598,2686,2688,-1,2662,2664,6606,-1,6606,2664,2666,-1,6606,2666,7275,-1,7275,2666,2669,-1,7275,2669,7276,-1,7276,2669,2670,-1,7276,2670,7277,-1,7277,2670,2672,-1,7277,2672,7272,-1,7272,2672,2675,-1,7272,2675,2677,-1,2645,2647,6610,-1,6610,2647,2633,-1,6610,2633,7278,-1,7278,2633,2632,-1,7278,2632,7279,-1,7279,2632,2653,-1,7279,2653,7280,-1,7280,2653,2655,-1,7280,2655,6602,-1,6602,2655,2657,-1,6602,2657,2659,-1,7281,2631,7282,-1,7282,2631,2635,-1,7282,2635,7283,-1,7283,2635,2637,-1,7283,2637,6607,-1,6607,2637,2639,-1,6607,2639,2641,-1,2617,2619,6615,-1,6615,2619,2621,-1,6615,2621,7284,-1,7284,2621,2622,-1,7284,2622,7285,-1,7285,2622,2624,-1,7285,2624,7286,-1,7286,2624,2626,-1,7286,2626,7281,-1,7281,2626,2628,-1,7281,2628,2631,-1,7287,2603,7288,-1,7288,2603,2605,-1,7288,2605,7289,-1,7289,2605,2606,-1,7289,2606,6611,-1,6611,2606,2609,-1,6611,2609,2611,-1,2586,2584,6621,-1,6621,2584,2583,-1,6621,2583,7290,-1,7290,2583,2598,-1,7290,2598,7291,-1,7291,2598,2597,-1,7291,2597,7292,-1,7292,2597,2595,-1,7292,2595,7293,-1,7293,2595,2594,-1,7293,2594,7287,-1,7287,2594,2601,-1,7287,2601,2603,-1,2570,2572,6622,-1,6622,2572,2573,-1,6622,2573,7294,-1,7294,2573,2563,-1,7294,2563,7295,-1,7295,2563,2565,-1,7295,2565,7296,-1,7296,2565,2567,-1,7296,2567,6616,-1,6616,2567,2580,-1,6616,2580,2579,-1,2548,2555,6626,-1,6626,2555,2557,-1,6626,2557,7297,-1,7297,2557,2559,-1,7297,2559,7298,-1,7298,2559,2560,-1,7298,2560,7299,-1,7299,2560,6622,-1,2537,2539,6630,-1,6630,2539,2541,-1,6630,2541,7300,-1,7300,2541,2543,-1,7300,2543,7301,-1,7301,2543,2544,-1,7301,2544,6623,-1,6623,2544,2552,-1,6623,2552,2551,-1,2510,6627,2511,-1,2511,6627,7302,-1,2511,7302,6632,-1,2507,2530,6638,-1,6638,2530,2529,-1,6638,2529,7303,-1,7303,2529,2527,-1,7303,2527,7304,-1,7304,2527,5784,-1,2487,2486,6642,-1,6642,2486,2485,-1,6642,2485,6635,-1,6635,2485,2502,-1,6635,2502,2503,-1,2479,2478,6646,-1,6646,2478,2499,-1,6646,2499,7305,-1,7305,2499,2498,-1,7305,2498,7306,-1,7306,2498,2497,-1,7306,2497,7307,-1,7307,2497,2495,-1,7307,2495,6639,-1,6639,2495,2493,-1,6639,2493,2491,-1,7308,2469,7309,-1,7309,2469,2477,-1,7309,2477,7310,-1,7310,2477,2476,-1,7310,2476,7311,-1,7311,2476,2475,-1,7311,2475,7312,-1,7312,2475,2474,-1,7312,2474,6643,-1,6643,2474,2482,-1,6643,2482,2481,-1,2467,2468,6650,-1,6650,2468,2473,-1,6650,2473,7313,-1,7313,2473,2472,-1,7313,2472,7314,-1,7314,2472,2471,-1,7314,2471,7308,-1,7308,2471,2470,-1,7308,2470,2469,-1,2460,2461,6653,-1,6653,2461,2465,-1,6653,2465,7315,-1,7315,2465,2464,-1,7315,2464,7316,-1,7316,2464,2463,-1,7316,2463,7317,-1,7317,2463,2462,-1,7317,2462,6647,-1,6647,2462,2458,-1,6647,2458,2457,-1,7318,7319,6033,-1,1903,7320,7321,-1,1903,7321,1859,-1,1859,7321,7322,-1,1859,7322,1860,-1,1860,7322,7323,-1,1860,7323,1889,-1,7323,7324,1889,-1,1889,7324,7325,-1,1889,7325,1891,-1,1891,7325,7326,-1,1891,7326,1893,-1,1897,1895,7327,-1,7326,7328,1893,-1,1893,7328,7329,-1,1893,7329,1895,-1,1895,7329,7330,-1,1895,7330,7327,-1,7327,7331,1897,-1,1897,7331,7332,-1,1897,7332,1899,-1,1899,7332,7333,-1,1899,7333,1901,-1,7334,1876,7335,-1,7335,1876,1902,-1,7335,1902,7336,-1,7336,1902,1901,-1,7336,1901,7337,-1,7337,1901,7333,-1,7334,7338,1876,-1,1876,7338,7339,-1,1876,7339,1878,-1,1878,7339,7340,-1,1878,7340,1880,-1,7340,7341,1880,-1,1880,7341,7342,-1,1880,7342,1882,-1,7342,7343,1882,-1,1882,7343,7344,-1,1882,7344,1884,-1,1884,7344,7345,-1,1884,7345,1886,-1,7345,7346,1886,-1,1886,7346,7347,-1,1886,7347,1887,-1,1887,7347,7348,-1,1887,7348,1863,-1,7348,7349,1863,-1,1863,7349,7350,-1,1863,7350,1865,-1,7350,7351,1865,-1,1865,7351,7352,-1,1865,7352,1867,-1,1867,7352,7353,-1,1867,7353,1869,-1,7354,1873,1871,-1,7353,7355,1869,-1,1869,7355,7356,-1,1869,7356,1871,-1,1871,7356,7357,-1,1871,7357,7354,-1,7354,7358,1873,-1,1873,7358,7359,-1,1873,7359,1874,-1,1874,7359,7360,-1,1874,7360,2199,-1,7360,7361,2199,-1,2199,7361,7362,-1,2199,7362,2198,-1,2198,7362,7363,-1,2198,7363,2196,-1,2196,7363,7364,-1,2196,7364,2177,-1,7365,6047,6048,-1,7365,6048,7366,-1,6048,6044,7366,-1,7366,6044,6045,-1,7366,6045,7367,-1,7367,6045,6043,-1,7367,6043,7368,-1,6043,6041,7368,-1,7368,6041,6042,-1,7368,6042,7369,-1,7369,6042,6040,-1,7369,6040,7370,-1,7370,6040,6036,-1,6036,6037,7370,-1,7370,6037,6038,-1,7370,6038,7371,-1,7371,6038,6029,-1,7371,6029,7319,-1,7319,6029,6031,-1,7319,6031,6033,-1,7372,7373,6017,-1,6033,6027,7318,-1,7318,6027,6025,-1,7318,6025,7374,-1,7374,6025,6023,-1,7374,6023,7373,-1,7373,6023,6015,-1,7373,6015,6017,-1,6017,6019,7372,-1,7372,6019,6010,-1,7372,6010,7375,-1,7375,6010,6005,-1,7375,6005,7376,-1,5999,7377,7378,-1,6005,6007,7376,-1,7376,6007,6002,-1,7376,6002,7378,-1,7378,6002,5997,-1,7378,5997,5999,-1,5999,5994,7377,-1,7377,5994,5987,-1,7377,5987,7379,-1,7379,5987,5989,-1,7379,5989,7380,-1,7381,7382,5978,-1,5989,5991,7380,-1,7380,5991,5985,-1,7380,5985,7383,-1,7383,5985,5983,-1,7383,5983,7382,-1,7382,5983,5981,-1,7382,5981,5978,-1,5968,7384,7385,-1,5978,5976,7381,-1,7381,5976,5973,-1,7381,5973,7385,-1,7385,5973,5970,-1,7385,5970,5968,-1,5968,5966,7384,-1,7384,5966,5961,-1,7384,5961,7386,-1,7386,5961,5957,-1,7386,5957,7387,-1,7387,5957,5959,-1,7387,5959,5960,-1,6047,7365,6046,-1,6046,7365,7388,-1,6046,7388,6654,-1,6654,7388,7389,-1,6654,7389,6656,-1,6656,7389,7390,-1,6656,7390,6655,-1,6655,7390,7391,-1,6655,7391,6049,-1,6049,7391,7392,-1,6049,7392,6052,-1,7392,7393,6052,-1,6052,7393,7394,-1,6052,7394,6051,-1,6051,7394,7395,-1,6051,7395,6050,-1,6050,7395,6658,-1,7395,7396,6658,-1,6658,7396,7397,-1,6658,7397,6657,-1,6657,7397,7398,-1,6657,7398,6056,-1,6056,7398,6055,-1,6055,7398,7399,-1,6055,7399,6054,-1,6054,7399,7400,-1,6054,7400,6053,-1,6053,7400,7401,-1,6053,7401,6660,-1,6660,7401,7402,-1,6660,7402,6659,-1,6659,7402,7403,-1,6659,7403,6057,-1,6057,7403,7404,-1,6057,7404,6058,-1,6058,7404,7405,-1,6058,7405,6059,-1,6059,7405,7406,-1,6059,7406,6664,-1,6664,7406,7407,-1,6664,7407,6663,-1,6663,7407,7408,-1,6663,7408,6662,-1,6662,7408,7409,-1,6662,7409,6661,-1,6661,7409,7410,-1,6661,7410,6667,-1,6667,7410,7411,-1,6667,7411,6666,-1,6666,7411,7412,-1,6666,7412,6665,-1,6665,7412,7413,-1,6665,7413,6063,-1,6063,7413,7414,-1,6063,7414,6062,-1,6062,7414,7415,-1,6062,7415,6061,-1,6061,7415,7416,-1,6061,7416,6060,-1,6060,7416,7417,-1,6060,7417,6670,-1,6670,7417,7418,-1,6670,7418,6669,-1,6669,7418,7419,-1,6669,7419,6668,-1,6668,7419,7420,-1,6668,7420,6067,-1,7420,7421,6067,-1,6067,7421,7422,-1,6067,7422,6066,-1,6066,7422,7423,-1,6066,7423,6065,-1,6065,7423,6064,-1,6064,7423,7424,-1,6064,7424,6671,-1,6671,7424,7425,-1,6671,7425,6672,-1,6672,7425,7426,-1,6672,7426,6673,-1,6673,7426,7427,-1,6673,7427,6069,-1,6069,7427,7428,-1,6069,7428,6068,-1,6068,7428,7429,-1,6068,7429,6674,-1,6674,7429,7430,-1,6674,7430,6675,-1,6675,7430,7431,-1,6675,7431,6072,-1,6072,7431,7432,-1,6072,7432,6073,-1,6073,7432,7433,-1,6073,7433,6074,-1,6074,7433,7434,-1,6074,7434,6070,-1,6070,7434,7435,-1,6070,7435,6071,-1,6071,7435,7436,-1,6071,7436,6678,-1,6678,7436,7437,-1,6678,7437,6677,-1,6677,7437,7438,-1,6677,7438,6676,-1,6676,7438,7439,-1,6676,7439,6682,-1,6682,7439,7440,-1,6682,7440,6681,-1,6681,7440,7441,-1,6681,7441,6680,-1,6680,7441,7442,-1,6680,7442,6679,-1,6679,7442,7443,-1,6679,7443,6687,-1,6687,7443,7444,-1,6687,7444,6686,-1,6686,7444,7445,-1,6686,7445,6685,-1,6685,7445,7446,-1,6685,7446,6684,-1,6684,7446,7447,-1,6684,7447,6683,-1,6683,7447,7448,-1,6683,7448,6689,-1,6689,7448,7449,-1,6689,7449,6688,-1,6688,7449,7450,-1,6688,7450,6078,-1,6078,7450,7451,-1,6078,7451,6077,-1,6077,7451,7452,-1,6077,7452,6076,-1,6076,7452,7453,-1,6076,7453,6075,-1,6075,7453,7454,-1,6075,7454,6693,-1,6693,7454,7455,-1,6693,7455,6692,-1,6692,7455,7456,-1,6692,7456,6691,-1,6691,7456,7457,-1,6691,7457,6690,-1,6690,7457,7458,-1,6690,7458,6695,-1,6695,7458,7459,-1,6695,7459,6694,-1,6694,7459,7460,-1,6694,7460,6083,-1,6083,7460,7461,-1,6083,7461,6082,-1,6082,7461,7462,-1,6082,7462,6081,-1,6081,7462,7463,-1,6081,7463,6080,-1,6080,7463,7464,-1,6080,7464,6079,-1,7464,7465,6079,-1,6079,7465,7466,-1,6079,7466,6698,-1,6698,7466,7467,-1,6698,7467,6697,-1,6697,7467,6696,-1,7467,7468,6696,-1,6696,7468,7469,-1,6696,7469,6702,-1,6702,7469,7470,-1,6702,7470,6701,-1,6701,7470,6700,-1,6700,7470,7471,-1,6700,7471,6699,-1,6699,7471,7472,-1,6699,7472,6087,-1,6087,7472,7473,-1,6087,7473,6086,-1,6086,7473,7474,-1,6086,7474,6085,-1,6085,7474,7475,-1,6085,7475,6084,-1,6084,7475,7476,-1,6084,7476,6705,-1,6705,7476,7477,-1,6705,7477,6704,-1,6704,7477,7478,-1,6704,7478,6703,-1,6703,7478,7479,-1,6703,7479,6091,-1,6091,7479,7480,-1,6091,7480,6090,-1,6090,7480,7481,-1,6090,7481,6089,-1,6089,7481,7482,-1,6089,7482,6088,-1,6088,7482,7483,-1,6088,7483,6711,-1,6711,7483,7484,-1,6711,7484,6710,-1,6710,7484,7485,-1,6710,7485,6709,-1,6709,7485,7486,-1,6709,7486,6708,-1,7486,7487,6708,-1,6708,7487,7488,-1,6708,7488,6707,-1,6707,7488,7489,-1,6707,7489,6706,-1,6706,7489,7490,-1,6706,7490,6097,-1,6097,7490,7491,-1,6097,7491,6096,-1,6096,7491,7492,-1,6096,7492,6095,-1,6095,7492,6094,-1,6094,7492,7493,-1,6094,7493,6093,-1,6093,7493,7494,-1,6093,7494,6092,-1,6092,7494,7495,-1,6092,7495,6713,-1,6713,7495,7496,-1,6713,7496,6712,-1,6712,7496,7497,-1,6712,7497,6101,-1,6101,7497,7498,-1,6101,7498,6100,-1,6100,7498,7499,-1,6100,7499,6099,-1,6099,7499,7500,-1,6099,7500,6098,-1,6098,7500,7501,-1,6098,7501,6103,-1,6103,7501,7502,-1,6103,7502,6104,-1,6104,7502,7503,-1,6104,7503,6105,-1,6105,7503,7504,-1,6105,7504,6102,-1,6102,7504,7505,-1,6102,7505,6714,-1,6714,7505,7506,-1,6714,7506,6715,-1,6715,7506,7507,-1,6715,7507,6109,-1,6109,7507,7508,-1,6109,7508,6108,-1,6108,7508,7509,-1,6108,7509,6107,-1,6107,7509,7510,-1,6107,7510,6106,-1,6106,7510,7511,-1,6106,7511,6717,-1,6717,7511,7512,-1,6717,7512,6716,-1,6716,7512,7513,-1,6716,7513,6110,-1,6110,7513,7514,-1,6110,7514,5805,-1,7514,7515,5805,-1,5805,7515,7516,-1,5805,7516,5806,-1,5806,7516,7517,-1,5806,7517,6111,-1,6111,7517,6718,-1,7517,7518,6718,-1,6718,7518,7519,-1,6718,7519,6719,-1,6719,7519,7520,-1,6719,7520,6112,-1,6112,7520,6113,-1,6113,7520,7521,-1,6113,7521,6114,-1,6114,7521,7522,-1,6114,7522,6115,-1,6115,7522,7523,-1,6115,7523,6721,-1,6721,7523,7524,-1,6721,7524,6720,-1,6720,7524,7525,-1,6720,7525,6116,-1,6116,7525,7526,-1,6116,7526,6117,-1,6117,7526,7527,-1,6117,7527,6724,-1,6724,7527,7528,-1,6724,7528,6723,-1,6723,7528,7529,-1,6723,7529,6722,-1,6722,7529,7530,-1,6722,7530,6122,-1,6122,7530,7531,-1,6122,7531,6121,-1,6121,7531,7532,-1,6121,7532,6120,-1,6120,7532,7533,-1,6120,7533,6119,-1,7533,7534,6119,-1,6119,7534,7535,-1,6119,7535,6118,-1,6118,7535,7536,-1,6118,7536,6727,-1,6727,7536,6726,-1,7536,7537,6726,-1,6726,7537,7538,-1,6726,7538,6725,-1,6725,7538,7539,-1,6725,7539,6126,-1,6126,7539,6125,-1,6125,7539,7540,-1,6125,7540,6124,-1,6124,7540,7541,-1,6124,7541,6123,-1,6123,7541,7542,-1,6123,7542,6730,-1,6730,7542,7543,-1,6730,7543,6729,-1,6729,7543,7544,-1,6729,7544,6728,-1,6728,7544,7545,-1,6728,7545,6733,-1,6733,7545,7546,-1,6733,7546,6732,-1,6732,7546,7547,-1,6732,7547,6731,-1,6731,7547,7548,-1,6731,7548,6131,-1,6131,7548,7549,-1,6131,7549,6130,-1,6130,7549,7550,-1,6130,7550,6129,-1,6129,7550,7551,-1,6129,7551,6128,-1,6128,7551,7552,-1,6128,7552,6127,-1,6127,7552,7553,-1,6127,7553,6736,-1,6736,7553,7554,-1,6736,7554,6735,-1,6735,7554,7555,-1,6735,7555,6734,-1,7555,7556,6734,-1,6734,7556,7557,-1,6734,7557,6740,-1,6740,7557,7558,-1,6740,7558,6739,-1,6739,7558,7559,-1,6739,7559,6738,-1,6738,7559,7560,-1,6738,7560,6737,-1,6737,7560,7561,-1,6737,7561,6135,-1,6135,7561,6134,-1,6134,7561,7562,-1,6134,7562,6133,-1,6133,7562,7563,-1,6133,7563,6132,-1,6132,7563,7564,-1,6132,7564,6742,-1,6742,7564,7565,-1,6742,7565,6741,-1,6741,7565,7566,-1,6741,7566,6140,-1,6140,7566,7567,-1,6140,7567,6139,-1,6139,7567,7568,-1,6139,7568,6138,-1,6138,7568,7569,-1,6138,7569,6137,-1,6137,7569,7570,-1,6137,7570,6136,-1,6136,7570,7571,-1,6136,7571,6748,-1,6748,7571,7572,-1,6748,7572,6747,-1,6747,7572,7573,-1,6747,7573,6746,-1,6746,7573,7574,-1,6746,7574,6745,-1,6745,7574,7575,-1,6745,7575,6744,-1,6744,7575,7576,-1,6744,7576,6743,-1,6743,7576,7577,-1,6743,7577,6750,-1,6750,7577,7578,-1,6750,7578,6749,-1,6749,7578,7579,-1,6749,7579,6141,-1,6141,7579,7580,-1,6141,7580,5803,-1,7580,7581,5803,-1,5803,7581,7582,-1,5803,7582,5804,-1,5804,7582,7583,-1,5804,7583,6751,-1,6751,7583,7584,-1,6751,7584,6753,-1,6753,7584,7585,-1,6753,7585,6752,-1,6752,7585,7586,-1,6752,7586,5802,-1,5802,7586,6144,-1,6144,7586,7587,-1,6144,7587,6143,-1,6143,7587,7588,-1,6143,7588,6142,-1,6142,7588,7589,-1,6142,7589,6755,-1,6755,7589,7590,-1,6755,7590,6754,-1,6754,7590,7591,-1,6754,7591,6145,-1,6145,7591,7592,-1,6145,7592,6756,-1,6756,7592,7593,-1,6756,7593,6757,-1,6757,7593,7594,-1,6757,7594,6758,-1,6758,7594,7595,-1,6758,7595,6149,-1,6149,7595,7596,-1,6149,7596,6148,-1,6148,7596,7597,-1,6148,7597,6147,-1,6147,7597,7598,-1,6147,7598,6146,-1,6146,7598,7599,-1,6146,7599,6760,-1,7599,7600,6760,-1,6760,7600,7601,-1,6760,7601,6759,-1,6759,7601,7602,-1,6759,7602,6150,-1,6150,7602,6151,-1,7602,7603,6151,-1,6151,7603,7604,-1,6151,7604,6152,-1,6152,7604,7605,-1,6152,7605,6153,-1,6153,7605,6761,-1,6761,7605,7606,-1,6761,7606,5788,-1,5788,7606,7607,-1,5788,7607,6762,-1,6762,7607,7608,-1,6762,7608,6154,-1,6154,7608,7609,-1,6154,7609,6155,-1,6155,7609,7610,-1,6155,7610,6156,-1,6156,7610,7611,-1,6156,7611,6765,-1,6765,7611,7612,-1,6765,7612,6764,-1,6764,7612,7613,-1,6764,7613,6763,-1,6763,7613,7614,-1,6763,7614,6160,-1,6160,7614,7615,-1,6160,7615,6159,-1,6159,7615,7616,-1,6159,7616,6158,-1,6158,7616,7617,-1,6158,7617,6157,-1,6157,7617,7618,-1,6157,7618,6769,-1,6769,7618,7619,-1,6769,7619,6768,-1,6768,7619,7620,-1,6768,7620,6767,-1,6767,7620,7621,-1,6767,7621,6766,-1,7621,7622,6766,-1,6766,7622,7623,-1,6766,7623,6772,-1,6772,7623,7624,-1,6772,7624,6771,-1,6771,7624,6770,-1,6770,7624,7625,-1,6770,7625,6165,-1,6165,7625,7626,-1,6165,7626,6164,-1,6164,7626,7627,-1,6164,7627,6163,-1,6163,7627,7628,-1,6163,7628,6162,-1,6162,7628,7629,-1,6162,7629,6161,-1,6161,7629,7630,-1,6161,7630,6774,-1,7630,7631,6774,-1,6774,7631,7632,-1,6774,7632,6773,-1,6773,7632,7633,-1,6773,7633,6169,-1,6169,7633,6168,-1,6168,7633,7634,-1,6168,7634,6167,-1,6167,7634,7635,-1,6167,7635,6166,-1,6166,7635,7636,-1,6166,7636,6778,-1,6778,7636,7637,-1,6778,7637,6777,-1,6777,7637,7638,-1,6777,7638,6776,-1,6776,7638,7639,-1,6776,7639,6775,-1,6775,7639,7640,-1,6775,7640,6782,-1,6782,7640,7641,-1,6782,7641,6781,-1,6781,7641,7642,-1,6781,7642,6780,-1,6780,7642,7643,-1,6780,7643,6779,-1,6779,7643,7644,-1,6779,7644,6173,-1,6173,7644,7645,-1,6173,7645,6172,-1,6172,7645,7646,-1,6172,7646,6171,-1,6171,7646,7647,-1,6171,7647,6170,-1,6170,7647,7648,-1,6170,7648,6786,-1,6786,7648,7649,-1,6786,7649,6785,-1,7649,7650,6785,-1,6785,7650,7651,-1,6785,7651,6784,-1,6784,7651,7652,-1,6784,7652,6783,-1,6783,7652,7653,-1,6783,7653,6788,-1,6788,7653,7654,-1,6788,7654,6787,-1,6787,7654,7655,-1,6787,7655,6177,-1,6177,7655,6176,-1,6176,7655,7656,-1,6176,7656,6175,-1,6175,7656,7657,-1,6175,7657,6174,-1,6174,7657,7658,-1,6174,7658,6795,-1,6795,7658,7659,-1,6795,7659,6794,-1,6794,7659,7660,-1,6794,7660,6793,-1,6793,7660,7661,-1,6793,7661,6792,-1,6792,7661,7662,-1,6792,7662,6791,-1,6791,7662,7663,-1,6791,7663,6790,-1,6790,7663,7664,-1,6790,7664,6789,-1,6789,7664,7665,-1,6789,7665,6797,-1,6797,7665,7666,-1,6797,7666,6796,-1,6796,7666,7667,-1,6796,7667,6181,-1,6181,7667,7668,-1,6181,7668,6180,-1,6180,7668,7669,-1,6180,7669,6179,-1,6179,7669,7670,-1,6179,7670,6178,-1,6178,7670,7671,-1,6178,7671,6798,-1,7671,7672,6798,-1,6798,7672,7673,-1,6798,7673,6183,-1,6183,7673,7674,-1,6183,7674,6182,-1,6182,7674,7675,-1,6182,7675,6185,-1,6185,7675,7676,-1,6185,7676,6184,-1,6184,7676,7677,-1,6184,7677,5787,-1,5787,7677,6800,-1,6800,7677,7678,-1,6800,7678,6799,-1,6799,7678,7679,-1,6799,7679,6189,-1,6189,7679,7680,-1,6189,7680,6188,-1,6188,7680,7681,-1,6188,7681,6187,-1,6187,7681,7682,-1,6187,7682,6186,-1,6186,7682,7683,-1,6186,7683,6804,-1,6804,7683,7684,-1,6804,7684,6803,-1,6803,7684,7685,-1,6803,7685,6802,-1,6802,7685,7686,-1,6802,7686,6801,-1,6801,7686,7687,-1,6801,7687,6806,-1,6806,7687,7688,-1,6806,7688,6805,-1,6805,7688,7689,-1,6805,7689,6195,-1,6195,7689,7690,-1,6195,7690,6194,-1,6194,7690,7691,-1,6194,7691,6193,-1,6193,7691,7692,-1,6193,7692,6190,-1,6190,7692,7693,-1,6190,7693,6191,-1,6191,7693,7694,-1,6191,7694,6192,-1,6192,7694,7695,-1,6192,7695,6807,-1,6807,7695,7696,-1,6807,7696,5800,-1,7696,7697,5800,-1,5800,7697,7698,-1,5800,7698,5801,-1,5801,7698,7699,-1,5801,7699,6196,-1,6196,7699,6812,-1,6812,7699,7700,-1,6812,7700,6811,-1,6811,7700,7701,-1,6811,7701,6810,-1,6810,7701,7702,-1,6810,7702,6809,-1,6809,7702,7703,-1,6809,7703,6808,-1,6808,7703,7704,-1,6808,7704,6197,-1,6197,7704,7705,-1,6197,7705,6198,-1,6198,7705,7706,-1,6198,7706,6816,-1,6816,7706,7707,-1,6816,7707,6815,-1,6815,7707,7708,-1,6815,7708,6814,-1,6814,7708,7709,-1,6814,7709,6813,-1,6813,7709,7710,-1,6813,7710,6819,-1,6819,7710,7711,-1,6819,7711,6818,-1,6818,7711,7712,-1,6818,7712,6817,-1,6817,7712,7713,-1,6817,7713,6203,-1,6203,7713,7714,-1,6203,7714,6202,-1,6202,7714,7715,-1,6202,7715,6201,-1,7715,7716,6201,-1,6201,7716,7717,-1,6201,7717,6200,-1,6200,7717,7718,-1,6200,7718,6199,-1,6199,7718,7719,-1,6199,7719,6821,-1,6821,7719,7720,-1,6821,7720,6820,-1,6820,7720,7721,-1,6820,7721,6207,-1,6207,7721,6206,-1,6206,7721,7722,-1,6206,7722,6205,-1,6205,7722,7723,-1,6205,7723,6204,-1,6204,7723,7724,-1,6204,7724,6825,-1,6825,7724,7725,-1,6825,7725,6824,-1,6824,7725,7726,-1,6824,7726,6823,-1,6823,7726,7727,-1,6823,7727,6822,-1,6822,7727,7728,-1,6822,7728,6828,-1,6828,7728,7729,-1,6828,7729,6827,-1,6827,7729,7730,-1,6827,7730,6826,-1,6826,7730,7731,-1,6826,7731,6212,-1,6212,7731,7732,-1,6212,7732,6211,-1,6211,7732,7733,-1,6211,7733,6210,-1,6210,7733,7734,-1,6210,7734,6209,-1,6209,7734,7735,-1,6209,7735,6208,-1,6208,7735,7736,-1,6208,7736,6832,-1,6832,7736,7737,-1,6832,7737,6831,-1,6831,7737,7738,-1,6831,7738,6830,-1,6830,7738,7739,-1,6830,7739,6829,-1,6829,7739,7740,-1,6829,7740,6834,-1,6834,7740,7741,-1,6834,7741,6833,-1,6833,7741,7742,-1,6833,7742,6216,-1,6216,7742,7743,-1,6216,7743,6215,-1,7743,7744,6215,-1,6215,7744,7745,-1,6215,7745,6214,-1,6214,7745,7746,-1,6214,7746,6213,-1,6213,7746,6841,-1,7746,7747,6841,-1,6841,7747,7748,-1,6841,7748,6840,-1,6840,7748,7749,-1,6840,7749,6839,-1,6839,7749,6838,-1,6838,7749,7750,-1,6838,7750,6837,-1,6837,7750,7751,-1,6837,7751,6836,-1,6836,7751,7752,-1,6836,7752,6835,-1,6835,7752,7753,-1,6835,7753,6843,-1,6843,7753,7754,-1,6843,7754,6842,-1,6842,7754,7755,-1,6842,7755,6220,-1,6220,7755,7756,-1,6220,7756,6219,-1,6219,7756,7757,-1,6219,7757,6218,-1,6218,7757,7758,-1,6218,7758,6217,-1,6217,7758,7759,-1,6217,7759,6844,-1,6844,7759,7760,-1,6844,7760,5799,-1,5799,7760,7761,-1,5799,7761,6223,-1,6223,7761,7762,-1,6223,7762,6224,-1,6224,7762,7763,-1,6224,7763,6221,-1,6221,7763,7764,-1,6221,7764,6222,-1,6222,7764,7765,-1,6222,7765,6846,-1,7765,7766,6846,-1,6846,7766,7767,-1,6846,7767,6845,-1,6845,7767,7768,-1,6845,7768,6228,-1,6228,7768,6227,-1,6227,7768,7769,-1,6227,7769,6226,-1,6226,7769,7770,-1,6226,7770,6225,-1,6225,7770,7771,-1,6225,7771,6848,-1,6848,7771,7772,-1,6848,7772,6847,-1,6847,7772,7773,-1,6847,7773,6232,-1,6232,7773,7774,-1,6232,7774,6231,-1,6231,7774,7775,-1,6231,7775,6230,-1,6230,7775,7776,-1,6230,7776,6229,-1,6229,7776,7777,-1,6229,7777,6851,-1,6851,7777,7778,-1,6851,7778,6850,-1,6850,7778,7779,-1,6850,7779,6849,-1,6849,7779,7780,-1,6849,7780,6854,-1,6854,7780,7781,-1,6854,7781,6853,-1,6853,7781,7782,-1,6853,7782,6852,-1,6852,7782,7783,-1,6852,7783,6236,-1,6236,7783,7784,-1,6236,7784,6235,-1,6235,7784,7785,-1,6235,7785,6234,-1,6234,7785,7786,-1,6234,7786,6233,-1,6233,7786,7787,-1,6233,7787,6855,-1,7787,7788,6855,-1,6855,7788,7789,-1,6855,7789,6856,-1,6856,7789,7790,-1,6856,7790,6240,-1,6240,7790,6239,-1,7790,7791,6239,-1,6239,7791,7792,-1,6239,7792,6238,-1,6238,7792,7793,-1,6238,7793,6237,-1,6237,7793,6858,-1,6858,7793,7794,-1,6858,7794,6857,-1,6857,7794,7795,-1,6857,7795,6243,-1,6243,7795,7796,-1,6243,7796,6242,-1,6242,7796,7797,-1,6242,7797,6241,-1,6241,7797,7798,-1,6241,7798,6861,-1,6861,7798,7799,-1,6861,7799,6860,-1,6860,7799,7800,-1,6860,7800,6859,-1,6859,7800,7801,-1,6859,7801,6248,-1,6248,7801,7802,-1,6248,7802,6247,-1,6247,7802,7803,-1,6247,7803,6246,-1,6246,7803,7804,-1,6246,7804,6245,-1,6245,7804,7805,-1,6245,7805,6244,-1,6244,7805,7806,-1,6244,7806,6863,-1,6863,7806,7807,-1,6863,7807,6862,-1,6862,7807,7808,-1,6862,7808,6252,-1,6252,7808,7809,-1,6252,7809,6251,-1,7809,7810,6251,-1,6251,7810,7811,-1,6251,7811,6250,-1,6250,7811,7812,-1,6250,7812,6249,-1,6249,7812,7813,-1,6249,7813,6867,-1,6867,7813,7814,-1,6867,7814,6866,-1,6866,7814,7815,-1,6866,7815,6865,-1,6865,7815,6864,-1,6864,7815,7816,-1,6864,7816,6870,-1,6870,7816,7817,-1,6870,7817,6869,-1,6869,7817,7818,-1,6869,7818,6868,-1,6868,7818,7819,-1,6868,7819,6257,-1,6257,7819,7820,-1,6257,7820,6256,-1,6256,7820,7821,-1,6256,7821,6255,-1,6255,7821,7822,-1,6255,7822,6254,-1,6254,7822,7823,-1,6254,7823,6253,-1,6253,7823,7824,-1,6253,7824,6874,-1,6874,7824,7825,-1,6874,7825,6873,-1,6873,7825,7826,-1,6873,7826,6872,-1,6872,7826,7827,-1,6872,7827,6871,-1,6871,7827,7828,-1,6871,7828,6876,-1,6876,7828,7829,-1,6876,7829,6875,-1,6875,7829,7830,-1,6875,7830,6261,-1,6261,7830,7831,-1,6261,7831,6260,-1,6260,7831,7832,-1,6260,7832,6259,-1,6259,7832,7833,-1,6259,7833,6258,-1,6258,7833,7834,-1,6258,7834,6883,-1,6883,7834,7835,-1,6883,7835,6882,-1,6882,7835,7836,-1,6882,7836,6881,-1,6881,7836,7837,-1,6881,7837,6880,-1,6880,7837,7838,-1,6880,7838,6879,-1,6879,7838,7839,-1,6879,7839,6878,-1,6878,7839,7840,-1,6878,7840,6877,-1,6877,7840,7841,-1,6877,7841,6888,-1,6888,7841,7842,-1,6888,7842,6887,-1,6887,7842,7843,-1,6887,7843,6886,-1,6886,7843,7844,-1,6886,7844,6885,-1,6885,7844,7845,-1,6885,7845,6884,-1,6884,7845,7846,-1,6884,7846,6890,-1,6890,7846,7847,-1,6890,7847,6889,-1,6889,7847,7848,-1,6889,7848,6266,-1,6266,7848,7849,-1,6266,7849,6265,-1,6265,7849,7850,-1,6265,7850,6264,-1,6264,7850,7851,-1,6264,7851,6263,-1,6263,7851,7852,-1,6263,7852,6262,-1,6262,7852,7853,-1,6262,7853,6892,-1,6892,7853,7854,-1,6892,7854,6891,-1,6891,7854,7855,-1,6891,7855,6267,-1,6267,7855,7856,-1,6267,7856,6270,-1,6270,7856,7857,-1,6270,7857,6269,-1,6269,7857,7858,-1,6269,7858,6268,-1,6268,7858,7859,-1,6268,7859,6894,-1,7859,7860,6894,-1,6894,7860,7861,-1,6894,7861,6893,-1,6893,7861,7862,-1,6893,7862,6274,-1,6274,7862,6273,-1,6273,7862,7863,-1,6273,7863,6272,-1,6272,7863,7864,-1,6272,7864,6271,-1,6271,7864,7865,-1,6271,7865,6895,-1,6895,7865,7866,-1,6895,7866,6276,-1,6276,7866,7867,-1,6276,7867,6275,-1,6275,7867,7868,-1,6275,7868,6277,-1,6277,7868,7869,-1,6277,7869,6278,-1,6278,7869,7870,-1,6278,7870,6279,-1,6279,7870,7871,-1,6279,7871,6899,-1,6899,7871,7872,-1,6899,7872,6898,-1,6898,7872,7873,-1,6898,7873,6897,-1,6897,7873,7874,-1,6897,7874,6896,-1,6896,7874,7875,-1,6896,7875,6902,-1,6902,7875,7876,-1,6902,7876,6901,-1,6901,7876,7877,-1,6901,7877,6900,-1,6900,7877,7878,-1,6900,7878,6907,-1,7878,7879,6907,-1,6907,7879,7880,-1,6907,7880,6906,-1,6906,7880,7881,-1,6906,7881,6905,-1,6905,7881,7882,-1,6905,7882,6904,-1,6904,7882,7883,-1,6904,7883,6903,-1,6903,7883,7884,-1,6903,7884,6280,-1,6280,7884,6281,-1,6281,7884,7885,-1,6281,7885,6911,-1,6911,7885,7886,-1,6911,7886,6910,-1,6910,7886,7887,-1,6910,7887,6909,-1,6909,7887,7888,-1,6909,7888,6908,-1,6908,7888,7889,-1,6908,7889,6285,-1,6285,7889,7890,-1,6285,7890,6284,-1,6284,7890,7891,-1,6284,7891,6283,-1,6283,7891,7892,-1,6283,7892,6282,-1,6282,7892,7893,-1,6282,7893,6914,-1,6914,7893,7894,-1,6914,7894,6913,-1,6913,7894,7895,-1,6913,7895,6912,-1,6912,7895,7896,-1,6912,7896,6289,-1,6289,7896,7897,-1,6289,7897,6288,-1,6288,7897,7898,-1,6288,7898,6287,-1,6287,7898,7899,-1,6287,7899,6286,-1,6286,7899,7900,-1,6286,7900,6918,-1,6918,7900,7901,-1,6918,7901,6917,-1,6917,7901,7902,-1,6917,7902,6916,-1,6916,7902,7903,-1,6916,7903,6915,-1,7903,7904,6915,-1,6915,7904,7905,-1,6915,7905,6922,-1,6922,7905,7906,-1,6922,7906,6921,-1,6921,7906,7907,-1,6921,7907,6920,-1,6920,7907,7908,-1,6920,7908,6919,-1,6919,7908,7909,-1,6919,7909,6293,-1,6293,7909,6292,-1,6292,7909,7910,-1,6292,7910,6291,-1,6291,7910,7911,-1,6291,7911,6290,-1,6290,7911,7912,-1,6290,7912,6925,-1,6925,7912,7913,-1,6925,7913,6924,-1,6924,7913,7914,-1,6924,7914,6923,-1,6923,7914,7915,-1,6923,7915,6928,-1,6928,7915,7916,-1,6928,7916,6927,-1,6927,7916,7917,-1,6927,7917,6926,-1,6926,7917,7918,-1,6926,7918,6297,-1,6297,7918,7919,-1,6297,7919,6296,-1,6296,7919,7920,-1,6296,7920,6295,-1,6295,7920,7921,-1,6295,7921,6294,-1,6294,7921,7922,-1,6294,7922,6935,-1,6935,7922,7923,-1,6935,7923,6934,-1,6934,7923,7924,-1,6934,7924,6933,-1,6933,7924,7925,-1,6933,7925,6932,-1,7925,7926,6932,-1,6932,7926,7927,-1,6932,7927,6931,-1,6931,7927,7928,-1,6931,7928,6930,-1,6930,7928,6929,-1,6929,7928,7929,-1,6929,7929,6940,-1,6940,7929,7930,-1,6940,7930,6939,-1,6939,7930,7931,-1,6939,7931,6938,-1,6938,7931,7932,-1,6938,7932,6937,-1,6937,7932,7933,-1,6937,7933,6936,-1,6936,7933,7934,-1,6936,7934,6942,-1,6942,7934,7935,-1,6942,7935,6941,-1,6941,7935,7936,-1,6941,7936,6301,-1,6301,7936,7937,-1,6301,7937,6300,-1,6300,7937,7938,-1,6300,7938,6299,-1,6299,7938,7939,-1,6299,7939,6298,-1,6298,7939,7940,-1,6298,7940,6943,-1,6943,7940,7941,-1,6943,7941,6945,-1,6945,7941,7942,-1,6945,7942,6944,-1,6944,7942,7943,-1,6944,7943,6302,-1,6302,7943,7944,-1,6302,7944,6305,-1,7944,7945,6305,-1,6305,7945,7946,-1,6305,7946,6304,-1,6304,7946,7947,-1,6304,7947,6303,-1,6303,7947,7948,-1,6303,7948,6947,-1,6947,7948,7949,-1,6947,7949,6946,-1,6946,7949,7950,-1,6946,7950,6309,-1,6309,7950,6308,-1,6308,7950,7951,-1,6308,7951,6307,-1,6307,7951,7952,-1,6307,7952,6306,-1,6306,7952,7953,-1,6306,7953,6948,-1,7953,7954,6948,-1,6948,7954,7955,-1,6948,7955,6311,-1,6311,7955,7956,-1,6311,7956,6310,-1,6310,7956,6313,-1,6313,7956,7957,-1,6313,7957,6312,-1,6312,7957,7958,-1,6312,7958,5786,-1,5786,7958,7959,-1,5786,7959,6950,-1,6950,7959,7960,-1,6950,7960,6949,-1,6949,7960,7961,-1,6949,7961,6317,-1,6317,7961,7962,-1,6317,7962,6316,-1,6316,7962,7963,-1,6316,7963,6315,-1,6315,7963,7964,-1,6315,7964,6314,-1,6314,7964,7965,-1,6314,7965,6322,-1,6322,7965,7966,-1,6322,7966,6321,-1,6321,7966,7967,-1,6321,7967,6320,-1,6320,7967,7968,-1,6320,7968,6319,-1,6319,7968,7969,-1,6319,7969,6318,-1,6318,7969,7970,-1,6318,7970,6954,-1,6954,7970,7971,-1,6954,7971,6953,-1,6953,7971,7972,-1,6953,7972,6952,-1,7972,7973,6952,-1,6952,7973,7974,-1,6952,7974,6951,-1,6951,7974,7975,-1,6951,7975,6957,-1,6957,7975,7976,-1,6957,7976,6956,-1,6956,7976,7977,-1,6956,7977,6955,-1,6955,7977,7978,-1,6955,7978,6326,-1,6326,7978,6325,-1,6325,7978,7979,-1,6325,7979,6324,-1,6324,7979,7980,-1,6324,7980,6323,-1,6323,7980,7981,-1,6323,7981,6960,-1,6960,7981,7982,-1,6960,7982,6959,-1,6959,7982,7983,-1,6959,7983,6958,-1,6958,7983,7984,-1,6958,7984,6330,-1,6330,7984,7985,-1,6330,7985,6329,-1,6329,7985,7986,-1,6329,7986,6328,-1,6328,7986,7987,-1,6328,7987,6327,-1,6327,7987,7988,-1,6327,7988,6964,-1,6964,7988,7989,-1,6964,7989,6963,-1,6963,7989,7990,-1,6963,7990,6962,-1,6962,7990,7991,-1,6962,7991,6961,-1,6961,7991,7992,-1,6961,7992,6967,-1,6967,7992,7993,-1,6967,7993,6966,-1,6966,7993,7994,-1,6966,7994,6965,-1,7994,7995,6965,-1,6965,7995,7996,-1,6965,7996,6972,-1,6972,7996,7997,-1,6972,7997,6971,-1,6971,7997,6970,-1,7997,7998,6970,-1,6970,7998,7999,-1,6970,7999,6969,-1,6969,7999,8000,-1,6969,8000,6968,-1,6968,8000,6974,-1,6974,8000,8001,-1,6974,8001,6973,-1,6973,8001,8002,-1,6973,8002,6334,-1,6334,8002,8003,-1,6334,8003,6333,-1,6333,8003,8004,-1,6333,8004,6332,-1,6332,8004,8005,-1,6332,8005,6331,-1,6331,8005,8006,-1,6331,8006,6978,-1,6978,8006,8007,-1,6978,8007,6977,-1,6977,8007,8008,-1,6977,8008,6976,-1,6976,8008,8009,-1,6976,8009,6975,-1,6975,8009,8010,-1,6975,8010,6984,-1,6984,8010,8011,-1,6984,8011,6983,-1,6983,8011,8012,-1,6983,8012,6982,-1,6982,8012,8013,-1,6982,8013,6981,-1,6981,8013,8014,-1,6981,8014,6980,-1,6980,8014,8015,-1,6980,8015,6979,-1,6979,8015,8016,-1,6979,8016,6986,-1,6986,8016,8017,-1,6986,8017,6985,-1,6985,8017,8018,-1,6985,8018,6337,-1,6337,8018,8019,-1,6337,8019,6338,-1,8019,8020,6338,-1,6338,8020,8021,-1,6338,8021,6339,-1,6339,8021,8022,-1,6339,8022,6335,-1,6335,8022,6336,-1,6336,8022,8023,-1,6336,8023,6991,-1,6991,8023,8024,-1,6991,8024,6990,-1,6990,8024,8025,-1,6990,8025,6989,-1,6989,8025,8026,-1,6989,8026,6988,-1,6988,8026,8027,-1,6988,8027,6987,-1,6987,8027,8028,-1,6987,8028,6994,-1,6994,8028,8029,-1,6994,8029,6993,-1,6993,8029,8030,-1,6993,8030,6992,-1,6992,8030,8031,-1,6992,8031,6343,-1,6343,8031,8032,-1,6343,8032,6342,-1,6342,8032,8033,-1,6342,8033,6341,-1,6341,8033,8034,-1,6341,8034,6340,-1,6340,8034,8035,-1,6340,8035,6996,-1,6996,8035,8036,-1,6996,8036,6995,-1,6995,8036,8037,-1,6995,8037,6347,-1,6347,8037,8038,-1,6347,8038,6346,-1,8038,8039,6346,-1,6346,8039,8040,-1,6346,8040,6345,-1,6345,8040,8041,-1,6345,8041,6344,-1,6344,8041,8042,-1,6344,8042,6997,-1,6997,8042,8043,-1,6997,8043,5798,-1,5798,8043,8044,-1,5798,8044,6349,-1,6349,8044,6350,-1,6350,8044,8045,-1,6350,8045,6348,-1,6348,8045,8046,-1,6348,8046,6998,-1,6998,8046,8047,-1,6998,8047,6999,-1,6999,8047,8048,-1,6999,8048,6351,-1,6351,8048,8049,-1,6351,8049,6352,-1,6352,8049,8050,-1,6352,8050,6353,-1,6353,8050,8051,-1,6353,8051,7001,-1,7001,8051,8052,-1,7001,8052,7000,-1,7000,8052,8053,-1,7000,8053,6358,-1,6358,8053,8054,-1,6358,8054,6357,-1,6357,8054,8055,-1,6357,8055,6356,-1,6356,8055,8056,-1,6356,8056,6355,-1,6355,8056,8057,-1,6355,8057,6354,-1,6354,8057,8058,-1,6354,8058,7004,-1,7004,8058,8059,-1,7004,8059,7003,-1,7003,8059,8060,-1,7003,8060,7002,-1,8060,8061,7002,-1,7002,8061,8062,-1,7002,8062,7008,-1,7008,8062,8063,-1,7008,8063,7007,-1,7007,8063,7006,-1,7006,8063,8064,-1,7006,8064,7005,-1,7005,8064,8065,-1,7005,8065,6362,-1,6362,8065,8066,-1,6362,8066,6361,-1,8066,8067,6361,-1,6361,8067,8068,-1,6361,8068,6360,-1,6360,8068,8069,-1,6360,8069,6359,-1,6359,8069,7010,-1,8069,8070,7010,-1,7010,8070,8071,-1,7010,8071,7009,-1,7009,8071,8072,-1,7009,8072,6367,-1,6367,8072,6366,-1,6366,8072,8073,-1,6366,8073,6365,-1,6365,8073,8074,-1,6365,8074,6364,-1,6364,8074,8075,-1,6364,8075,6363,-1,6363,8075,8076,-1,6363,8076,7013,-1,7013,8076,8077,-1,7013,8077,7012,-1,7012,8077,8078,-1,7012,8078,7011,-1,7011,8078,8079,-1,7011,8079,7017,-1,7017,8079,8080,-1,7017,8080,7016,-1,7016,8080,8081,-1,7016,8081,7015,-1,7015,8081,8082,-1,7015,8082,7014,-1,7014,8082,8083,-1,7014,8083,6370,-1,6370,8083,8084,-1,6370,8084,6369,-1,6369,8084,8085,-1,6369,8085,6368,-1,6368,8085,8086,-1,6368,8086,7021,-1,7021,8086,8087,-1,7021,8087,7020,-1,7020,8087,8088,-1,7020,8088,7019,-1,8088,8089,7019,-1,7019,8089,8090,-1,7019,8090,7018,-1,7018,8090,8091,-1,7018,8091,6374,-1,6374,8091,8092,-1,6374,8092,6373,-1,6373,8092,8093,-1,6373,8093,6372,-1,6372,8093,8094,-1,6372,8094,6371,-1,6371,8094,7025,-1,7025,8094,8095,-1,7025,8095,7024,-1,7024,8095,8096,-1,7024,8096,7023,-1,7023,8096,8097,-1,7023,8097,7022,-1,7022,8097,8098,-1,7022,8098,7031,-1,7031,8098,8099,-1,7031,8099,7030,-1,7030,8099,8100,-1,7030,8100,7029,-1,7029,8100,8101,-1,7029,8101,7028,-1,7028,8101,8102,-1,7028,8102,7027,-1,7027,8102,8103,-1,7027,8103,7026,-1,7026,8103,8104,-1,7026,8104,7033,-1,7033,8104,8105,-1,7033,8105,7032,-1,7032,8105,8106,-1,7032,8106,6378,-1,6378,8106,8107,-1,6378,8107,6377,-1,6377,8107,8108,-1,6377,8108,6376,-1,6376,8108,8109,-1,6376,8109,6375,-1,6375,8109,8110,-1,6375,8110,7034,-1,8110,8111,7034,-1,7034,8111,8112,-1,7034,8112,7035,-1,7035,8112,8113,-1,7035,8113,6380,-1,6380,8113,8114,-1,6380,8114,6381,-1,6381,8114,8115,-1,6381,8115,6382,-1,6382,8115,6379,-1,6379,8115,8116,-1,6379,8116,7036,-1,7036,8116,8117,-1,7036,8117,7037,-1,7037,8117,8118,-1,7037,8118,6387,-1,6387,8118,8119,-1,6387,8119,6386,-1,6386,8119,8120,-1,6386,8120,6385,-1,6385,8120,8121,-1,6385,8121,6384,-1,6384,8121,8122,-1,6384,8122,6383,-1,6383,8122,8123,-1,6383,8123,7039,-1,7039,8123,8124,-1,7039,8124,7038,-1,7038,8124,8125,-1,7038,8125,6391,-1,6391,8125,8126,-1,6391,8126,6390,-1,6390,8126,8127,-1,6390,8127,6389,-1,6389,8127,8128,-1,6389,8128,6388,-1,6388,8128,8129,-1,6388,8129,7041,-1,7041,8129,8130,-1,7041,8130,7040,-1,7040,8130,8131,-1,7040,8131,6394,-1,6394,8131,8132,-1,6394,8132,6393,-1,8132,8133,6393,-1,6393,8133,8134,-1,6393,8134,6392,-1,6392,8134,8135,-1,6392,8135,7042,-1,7042,8135,7043,-1,7043,8135,8136,-1,7043,8136,6397,-1,6397,8136,8137,-1,6397,8137,6398,-1,8138,6395,8137,-1,8137,6395,6399,-1,8137,6399,6398,-1,8138,8139,6395,-1,6395,8139,8140,-1,6395,8140,6396,-1,6396,8140,8141,-1,6396,8141,6403,-1,6403,8141,8142,-1,6403,8142,6402,-1,6402,8142,8143,-1,6402,8143,6401,-1,6401,8143,8144,-1,6401,8144,6400,-1,6400,8144,8145,-1,6400,8145,7046,-1,7046,8145,8146,-1,7046,8146,7045,-1,7045,8146,8147,-1,7045,8147,7044,-1,7044,8147,8148,-1,7044,8148,6408,-1,6408,8148,8149,-1,6408,8149,6407,-1,6407,8149,8150,-1,6407,8150,6406,-1,6406,8150,8151,-1,6406,8151,6405,-1,6405,8151,8152,-1,6405,8152,6404,-1,6404,8152,8153,-1,6404,8153,7050,-1,7050,8153,8154,-1,7050,8154,7049,-1,8154,8155,7049,-1,7049,8155,8156,-1,7049,8156,7048,-1,7048,8156,8157,-1,7048,8157,7047,-1,7047,8157,7052,-1,8157,8158,7052,-1,7052,8158,8159,-1,7052,8159,7051,-1,7051,8159,8160,-1,7051,8160,6412,-1,6412,8160,6411,-1,6411,8160,8161,-1,6411,8161,6410,-1,6410,8161,8162,-1,6410,8162,6409,-1,6409,8162,8163,-1,6409,8163,7056,-1,7056,8163,8164,-1,7056,8164,7055,-1,7055,8164,8165,-1,7055,8165,7054,-1,7054,8165,8166,-1,7054,8166,7053,-1,7053,8166,8167,-1,7053,8167,7059,-1,7059,8167,8168,-1,7059,8168,7058,-1,7058,8168,8169,-1,7058,8169,7057,-1,7057,8169,8170,-1,7057,8170,6417,-1,6417,8170,8171,-1,6417,8171,6416,-1,6416,8171,8172,-1,6416,8172,6415,-1,6415,8172,8173,-1,6415,8173,6414,-1,6414,8173,8174,-1,6414,8174,6413,-1,6413,8174,8175,-1,6413,8175,7062,-1,7062,8175,8176,-1,7062,8176,7061,-1,7061,8176,8177,-1,7061,8177,7060,-1,7060,8177,8178,-1,7060,8178,6421,-1,6421,8178,8179,-1,6421,8179,6420,-1,6420,8179,8180,-1,6420,8180,6419,-1,6419,8180,8181,-1,6419,8181,6418,-1,6418,8181,8182,-1,6418,8182,7065,-1,8182,8183,7065,-1,7065,8183,8184,-1,7065,8184,7064,-1,7064,8184,8185,-1,7064,8185,7063,-1,7063,8185,7072,-1,7072,8185,8186,-1,7072,8186,7071,-1,7071,8186,8187,-1,7071,8187,7070,-1,7070,8187,8188,-1,7070,8188,7069,-1,7069,8188,8189,-1,7069,8189,7068,-1,7068,8189,8190,-1,7068,8190,7067,-1,7067,8190,8191,-1,7067,8191,7066,-1,7066,8191,8192,-1,7066,8192,7074,-1,7074,8192,8193,-1,7074,8193,7073,-1,7073,8193,8194,-1,7073,8194,6425,-1,6425,8194,8195,-1,6425,8195,6424,-1,6424,8195,8196,-1,6424,8196,6423,-1,6423,8196,8197,-1,6423,8197,6422,-1,6422,8197,8198,-1,6422,8198,5796,-1,5796,8198,8199,-1,5796,8199,5797,-1,5797,8199,8200,-1,5797,8200,6427,-1,6427,8200,8201,-1,6427,8201,6428,-1,6428,8201,8202,-1,6428,8202,6429,-1,6429,8202,8203,-1,6429,8203,6426,-1,6426,8203,8204,-1,6426,8204,7075,-1,7075,8204,8205,-1,7075,8205,7076,-1,7076,8205,8206,-1,7076,8206,6433,-1,6433,8206,8207,-1,6433,8207,6432,-1,6432,8207,8208,-1,6432,8208,6431,-1,6431,8208,8209,-1,6431,8209,6430,-1,6430,8209,8210,-1,6430,8210,7078,-1,7078,8210,8211,-1,7078,8211,7077,-1,7077,8211,8212,-1,7077,8212,6437,-1,6437,8212,8213,-1,6437,8213,6436,-1,6436,8213,8214,-1,6436,8214,6435,-1,6435,8214,8215,-1,6435,8215,6434,-1,6434,8215,8216,-1,6434,8216,7080,-1,7080,8216,8217,-1,7080,8217,7079,-1,7079,8217,8218,-1,7079,8218,5794,-1,5794,8218,8219,-1,5794,8219,5795,-1,5795,8219,8220,-1,5795,8220,6439,-1,6439,8220,8221,-1,6439,8221,6438,-1,6438,8221,8222,-1,6438,8222,7081,-1,7081,8222,8223,-1,7081,8223,7082,-1,8223,8224,7082,-1,7082,8224,8225,-1,7082,8225,6442,-1,6442,8225,8226,-1,6442,8226,6443,-1,6443,8226,8227,-1,6443,8227,6444,-1,6444,8227,8228,-1,6444,8228,6440,-1,6440,8228,8229,-1,6440,8229,6441,-1,6441,8229,8230,-1,6441,8230,7084,-1,7084,8230,8231,-1,7084,8231,7083,-1,7083,8231,8232,-1,7083,8232,6448,-1,6448,8232,6447,-1,6447,8232,8233,-1,6447,8233,6446,-1,6446,8233,8234,-1,6446,8234,6445,-1,6445,8234,8235,-1,6445,8235,7085,-1,7085,8235,8236,-1,7085,8236,6453,-1,6453,8236,8237,-1,6453,8237,6452,-1,6452,8237,8238,-1,6452,8238,6451,-1,6451,8238,8239,-1,6451,8239,6450,-1,6450,8239,8240,-1,6450,8240,6449,-1,6449,8240,8241,-1,6449,8241,7089,-1,7089,8241,8242,-1,7089,8242,7088,-1,7088,8242,8243,-1,7088,8243,7087,-1,7087,8243,8244,-1,7087,8244,7086,-1,7086,8244,8245,-1,7086,8245,7091,-1,7091,8245,8246,-1,7091,8246,7090,-1,7090,8246,8247,-1,7090,8247,6458,-1,6458,8247,8248,-1,6458,8248,6457,-1,8248,8249,6457,-1,6457,8249,8250,-1,6457,8250,6456,-1,6456,8250,8251,-1,6456,8251,6455,-1,6455,8251,6454,-1,6454,8251,8252,-1,6454,8252,7092,-1,7092,8252,8253,-1,7092,8253,6459,-1,6459,8253,8254,-1,6459,8254,6460,-1,6460,8254,8255,-1,6460,8255,7095,-1,7095,8255,8256,-1,7095,8256,7094,-1,7094,8256,8257,-1,7094,8257,7093,-1,7093,8257,8258,-1,7093,8258,6465,-1,6465,8258,8259,-1,6465,8259,6464,-1,6464,8259,8260,-1,6464,8260,6463,-1,6463,8260,8261,-1,6463,8261,6462,-1,6462,8261,8262,-1,6462,8262,6461,-1,6461,8262,8263,-1,6461,8263,7098,-1,7098,8263,8264,-1,7098,8264,7097,-1,7097,8264,8265,-1,7097,8265,7096,-1,7096,8265,8266,-1,7096,8266,6469,-1,6469,8266,8267,-1,6469,8267,6468,-1,6468,8267,8268,-1,6468,8268,6467,-1,6467,8268,8269,-1,6467,8269,6466,-1,6466,8269,8270,-1,6466,8270,7101,-1,8270,8271,7101,-1,7101,8271,8272,-1,7101,8272,7100,-1,7100,8272,8273,-1,7100,8273,7099,-1,7099,8273,7108,-1,7108,8273,8274,-1,7108,8274,7107,-1,7107,8274,8275,-1,7107,8275,7106,-1,7106,8275,8276,-1,7106,8276,7105,-1,7105,8276,8277,-1,7105,8277,7104,-1,7104,8277,8278,-1,7104,8278,7103,-1,7103,8278,8279,-1,7103,8279,7102,-1,7102,8279,8280,-1,7102,8280,7112,-1,7112,8280,8281,-1,7112,8281,7111,-1,7111,8281,8282,-1,7111,8282,7110,-1,7110,8282,8283,-1,7110,8283,7109,-1,7109,8283,8284,-1,7109,8284,6473,-1,6473,8284,8285,-1,6473,8285,6472,-1,6472,8285,8286,-1,6472,8286,6471,-1,6471,8286,8287,-1,6471,8287,6470,-1,6470,8287,8288,-1,6470,8288,7115,-1,7115,8288,8289,-1,7115,8289,7114,-1,7114,8289,8290,-1,7114,8290,7113,-1,7113,8290,8291,-1,7113,8291,6474,-1,6474,8291,8292,-1,6474,8292,7116,-1,7116,8292,8293,-1,7116,8293,7117,-1,7117,8293,8294,-1,7117,8294,6475,-1,6475,8294,8295,-1,6475,8295,6476,-1,8295,8296,6476,-1,6476,8296,8297,-1,6476,8297,6477,-1,6477,8297,8298,-1,6477,8298,6478,-1,6478,8298,8299,-1,6478,8299,7119,-1,7119,8299,8300,-1,7119,8300,7118,-1,7118,8300,8301,-1,7118,8301,6482,-1,6482,8301,6481,-1,6481,8301,8302,-1,6481,8302,6480,-1,6480,8302,8303,-1,6480,8303,6479,-1,6479,8303,8304,-1,6479,8304,7120,-1,7120,8304,8305,-1,7120,8305,7121,-1,7121,8305,8306,-1,7121,8306,6483,-1,6483,8306,8307,-1,6483,8307,6484,-1,6484,8307,8308,-1,6484,8308,6485,-1,6485,8308,8309,-1,6485,8309,6486,-1,6486,8309,8310,-1,6486,8310,7124,-1,7124,8310,8311,-1,7124,8311,7123,-1,7123,8311,8312,-1,7123,8312,7122,-1,7122,8312,8313,-1,7122,8313,6490,-1,6490,8313,8314,-1,6490,8314,6489,-1,6489,8314,8315,-1,6489,8315,6488,-1,6488,8315,8316,-1,6488,8316,6487,-1,6487,8316,8317,-1,6487,8317,7129,-1,8317,8318,7129,-1,7129,8318,8319,-1,7129,8319,7128,-1,7128,8319,8320,-1,7128,8320,7127,-1,7127,8320,7126,-1,8320,8321,7126,-1,7126,8321,8322,-1,7126,8322,7125,-1,7125,8322,8323,-1,7125,8323,6491,-1,6491,8323,7135,-1,7135,8323,8324,-1,7135,8324,7134,-1,7134,8324,8325,-1,7134,8325,7133,-1,7133,8325,8326,-1,7133,8326,7132,-1,7132,8326,8327,-1,7132,8327,7131,-1,7131,8327,8328,-1,7131,8328,7130,-1,7130,8328,8329,-1,7130,8329,7138,-1,7138,8329,8330,-1,7138,8330,7137,-1,7137,8330,8331,-1,7137,8331,7136,-1,7136,8331,8332,-1,7136,8332,7141,-1,7141,8332,8333,-1,7141,8333,7140,-1,7140,8333,8334,-1,7140,8334,7139,-1,7139,8334,8335,-1,7139,8335,6495,-1,6495,8335,8336,-1,6495,8336,6494,-1,6494,8336,8337,-1,6494,8337,6493,-1,6493,8337,8338,-1,6493,8338,6492,-1,6492,8338,8339,-1,6492,8339,7147,-1,7147,8339,8340,-1,7147,8340,7146,-1,7146,8340,8341,-1,7146,8341,7145,-1,7145,8341,8342,-1,7145,8342,7144,-1,8342,8343,7144,-1,7144,8343,8344,-1,7144,8344,7143,-1,7143,8344,8345,-1,7143,8345,7142,-1,7142,8345,7149,-1,7149,8345,8346,-1,7149,8346,7148,-1,7148,8346,8347,-1,7148,8347,6499,-1,6499,8347,8348,-1,6499,8348,6498,-1,6498,8348,8349,-1,6498,8349,6497,-1,6497,8349,8350,-1,6497,8350,6496,-1,6496,8350,8351,-1,6496,8351,7151,-1,7151,8351,8352,-1,7151,8352,7150,-1,7150,8352,8353,-1,7150,8353,6504,-1,6504,8353,8354,-1,6504,8354,6503,-1,6503,8354,8355,-1,6503,8355,6502,-1,6502,8355,8356,-1,6502,8356,6501,-1,6501,8356,8357,-1,6501,8357,6500,-1,6500,8357,8358,-1,6500,8358,7154,-1,7154,8358,8359,-1,7154,8359,7153,-1,7153,8359,8360,-1,7153,8360,7152,-1,7152,8360,8361,-1,7152,8361,7161,-1,8361,8362,7161,-1,7161,8362,8363,-1,7161,8363,7160,-1,7160,8363,8364,-1,7160,8364,7159,-1,7159,8364,8365,-1,7159,8365,7158,-1,7158,8365,8366,-1,7158,8366,7157,-1,7157,8366,8367,-1,7157,8367,7156,-1,7156,8367,7155,-1,7155,8367,8368,-1,7155,8368,7163,-1,7163,8368,8369,-1,7163,8369,7162,-1,7162,8369,8370,-1,7162,8370,6510,-1,6510,8370,8371,-1,6510,8371,6509,-1,6509,8371,8372,-1,6509,8372,6508,-1,6508,8372,8373,-1,6508,8373,6507,-1,6507,8373,8374,-1,6507,8374,6506,-1,6506,8374,8375,-1,6506,8375,6505,-1,6505,8375,8376,-1,6505,8376,7165,-1,7165,8376,8377,-1,7165,8377,7164,-1,7164,8377,8378,-1,7164,8378,6512,-1,6512,8378,8379,-1,6512,8379,6511,-1,6511,8379,8380,-1,6511,8380,7166,-1,7166,8380,8381,-1,7166,8381,7167,-1,7167,8381,8382,-1,7167,8382,6515,-1,6515,8382,8383,-1,6515,8383,6516,-1,8383,8384,6516,-1,6516,8384,8385,-1,6516,8385,6517,-1,6517,8385,8386,-1,6517,8386,6513,-1,6513,8386,6514,-1,6514,8386,8387,-1,6514,8387,7171,-1,7171,8387,8388,-1,7171,8388,7170,-1,7170,8388,8389,-1,7170,8389,7169,-1,7169,8389,8390,-1,7169,8390,7168,-1,7168,8390,8391,-1,7168,8391,6518,-1,6518,8391,8392,-1,6518,8392,5792,-1,8392,8393,5792,-1,5792,8393,8394,-1,5792,8394,5793,-1,5793,8394,8395,-1,5793,8395,6520,-1,6520,8395,6521,-1,6521,8395,8396,-1,6521,8396,6522,-1,6522,8396,8397,-1,6522,8397,6519,-1,6519,8397,8398,-1,6519,8398,7172,-1,7172,8398,8399,-1,7172,8399,7173,-1,7173,8399,8400,-1,7173,8400,6527,-1,6527,8400,8401,-1,6527,8401,6526,-1,6526,8401,8402,-1,6526,8402,6525,-1,6525,8402,8403,-1,6525,8403,6523,-1,6523,8403,8404,-1,6523,8404,6524,-1,6524,8404,8405,-1,6524,8405,7177,-1,7177,8405,8406,-1,7177,8406,7176,-1,7176,8406,8407,-1,7176,8407,7175,-1,7175,8407,8408,-1,7175,8408,7174,-1,7174,8408,8409,-1,7174,8409,7180,-1,7180,8409,8410,-1,7180,8410,7179,-1,7179,8410,8411,-1,7179,8411,7178,-1,8411,8412,7178,-1,7178,8412,8413,-1,7178,8413,6530,-1,6530,8413,8414,-1,6530,8414,6529,-1,6529,8414,6528,-1,6528,8414,8415,-1,6528,8415,7185,-1,7185,8415,8416,-1,7185,8416,7184,-1,7184,8416,8417,-1,7184,8417,7183,-1,7183,8417,8418,-1,7183,8418,7182,-1,7182,8418,8419,-1,7182,8419,7181,-1,7181,8419,8420,-1,7181,8420,7188,-1,7188,8420,8421,-1,7188,8421,7187,-1,7187,8421,8422,-1,7187,8422,7186,-1,7186,8422,8423,-1,7186,8423,6534,-1,6534,8423,8424,-1,6534,8424,6533,-1,6533,8424,8425,-1,6533,8425,6532,-1,6532,8425,8426,-1,6532,8426,6531,-1,6531,8426,8427,-1,6531,8427,7191,-1,7191,8427,8428,-1,7191,8428,7190,-1,7190,8428,8429,-1,7190,8429,7189,-1,7189,8429,8430,-1,7189,8430,6538,-1,8430,8431,6538,-1,6538,8431,8432,-1,6538,8432,6537,-1,6537,8432,8433,-1,6537,8433,6536,-1,6536,8433,6535,-1,6535,8433,8434,-1,6535,8434,7196,-1,7196,8434,8435,-1,7196,8435,7195,-1,7195,8435,8436,-1,7195,8436,7194,-1,7194,8436,8437,-1,7194,8437,7193,-1,7193,8437,8438,-1,7193,8438,7192,-1,7192,8438,8439,-1,7192,8439,7198,-1,7198,8439,8440,-1,7198,8440,7197,-1,7197,8440,8441,-1,7197,8441,6543,-1,6543,8441,8442,-1,6543,8442,6542,-1,6542,8442,8443,-1,6542,8443,6541,-1,6541,8443,8444,-1,6541,8444,6540,-1,6540,8444,8445,-1,6540,8445,6539,-1,6539,8445,8446,-1,6539,8446,7201,-1,7201,8446,8447,-1,7201,8447,7200,-1,7200,8447,8448,-1,7200,8448,7199,-1,7199,8448,8449,-1,7199,8449,7208,-1,7208,8449,8450,-1,7208,8450,7207,-1,7207,8450,8451,-1,7207,8451,7206,-1,7206,8451,8452,-1,7206,8452,7205,-1,7205,8452,8453,-1,7205,8453,7204,-1,7204,8453,8454,-1,7204,8454,7203,-1,7203,8454,8455,-1,7203,8455,7202,-1,8455,8456,7202,-1,7202,8456,8457,-1,7202,8457,7212,-1,7212,8457,8458,-1,7212,8458,7211,-1,7211,8458,8459,-1,7211,8459,7210,-1,7210,8459,8460,-1,7210,8460,7209,-1,7209,8460,8461,-1,7209,8461,6547,-1,6547,8461,6546,-1,6546,8461,8462,-1,6546,8462,6545,-1,6545,8462,8463,-1,6545,8463,6544,-1,6544,8463,8464,-1,6544,8464,7215,-1,7215,8464,8465,-1,7215,8465,7214,-1,7214,8465,8466,-1,7214,8466,7213,-1,7213,8466,8467,-1,7213,8467,7218,-1,7218,8467,8468,-1,7218,8468,7217,-1,7217,8468,8469,-1,7217,8469,7216,-1,7216,8469,8470,-1,7216,8470,6548,-1,6548,8470,8471,-1,6548,8471,6549,-1,6549,8471,8472,-1,6549,8472,6550,-1,6550,8472,8473,-1,6550,8473,6551,-1,6551,8473,8474,-1,6551,8474,7220,-1,7220,8474,8475,-1,7220,8475,7219,-1,7219,8475,8476,-1,7219,8476,6555,-1,6555,8476,8477,-1,6555,8477,6554,-1,8477,8478,6554,-1,6554,8478,8479,-1,6554,8479,6553,-1,6553,8479,8480,-1,6553,8480,6552,-1,6552,8480,8481,-1,6552,8481,5790,-1,5790,8481,8482,-1,5790,8482,5791,-1,5791,8482,8483,-1,5791,8483,6558,-1,6558,8483,8484,-1,6558,8484,6559,-1,6559,8484,8485,-1,7232,7233,8486,-1,8486,7233,7234,-1,8486,7234,8487,-1,8487,7234,7227,-1,8487,7227,8488,-1,8488,7227,7228,-1,8488,7228,8489,-1,8489,7228,7229,-1,8489,7229,8490,-1,8490,7229,7223,-1,8490,7223,8491,-1,8491,7223,7224,-1,8491,7224,8492,-1,8492,7224,7225,-1,8492,7225,8493,-1,8493,7225,7226,-1,8493,7226,8494,-1,8494,7226,6562,-1,8494,6562,8495,-1,8495,6562,6563,-1,8495,6563,8496,-1,8496,6563,6564,-1,8496,6564,8497,-1,8497,6564,6561,-1,8497,6561,8498,-1,8498,6561,6560,-1,8498,6560,8499,-1,8499,6560,7222,-1,8499,7222,8500,-1,8500,7222,7221,-1,8500,7221,8501,-1,8501,7221,6557,-1,8501,6557,8485,-1,8485,6557,6556,-1,8485,6556,6559,-1,8486,8502,7232,-1,7232,8502,8503,-1,7232,8503,7231,-1,7231,8503,8504,-1,7231,8504,7230,-1,7230,8504,8505,-1,7230,8505,7236,-1,8505,8506,7236,-1,7236,8506,8507,-1,7236,8507,7235,-1,7235,8507,8508,-1,7235,8508,6568,-1,6568,8508,8509,-1,6568,8509,6567,-1,6567,8509,8510,-1,6567,8510,6566,-1,6566,8510,8511,-1,6566,8511,6565,-1,8512,6575,6576,-1,6565,8511,7240,-1,7240,8511,8513,-1,7240,8513,7239,-1,7239,8513,8514,-1,7239,8514,7238,-1,7238,8514,8515,-1,7238,8515,7237,-1,7237,8515,8516,-1,7237,8516,7243,-1,7243,8516,8517,-1,7243,8517,7242,-1,7242,8517,8518,-1,7242,8518,7241,-1,7241,8518,8519,-1,7241,8519,6573,-1,6573,8519,8520,-1,6573,8520,6572,-1,6572,8520,8521,-1,6572,8521,6571,-1,6571,8521,8522,-1,6571,8522,6570,-1,6570,8522,8523,-1,6570,8523,6569,-1,6569,8523,8524,-1,6569,8524,7247,-1,7247,8524,8525,-1,7247,8525,7246,-1,7246,8525,8526,-1,7246,8526,7245,-1,7245,8526,8527,-1,7245,8527,7244,-1,7244,8527,8528,-1,7244,8528,7249,-1,7249,8528,8529,-1,7249,8529,7248,-1,7248,8529,8530,-1,7248,8530,6577,-1,6577,8530,8531,-1,6577,8531,6576,-1,6576,8531,8532,-1,6576,8532,8512,-1,6575,8512,6574,-1,6574,8512,8533,-1,6574,8533,7253,-1,7253,8533,8534,-1,7253,8534,7252,-1,7252,8534,8535,-1,7252,8535,7251,-1,7251,8535,8536,-1,7251,8536,7250,-1,7250,8536,8537,-1,7250,8537,7258,-1,7258,8537,8538,-1,7258,8538,7257,-1,7257,8538,8539,-1,7257,8539,7256,-1,7256,8539,8540,-1,7256,8540,7255,-1,7255,8540,8541,-1,7255,8541,7254,-1,7254,8541,8542,-1,7254,8542,6581,-1,6581,8542,8543,-1,6581,8543,6580,-1,6580,8543,8544,-1,6580,8544,6579,-1,6579,8544,8545,-1,6579,8545,6578,-1,6578,8545,8546,-1,6578,8546,7259,-1,8546,8547,7259,-1,7259,8547,8548,-1,7259,8548,6583,-1,6583,8548,8549,-1,6583,8549,6582,-1,6582,8549,6585,-1,8549,8550,6585,-1,6585,8550,8551,-1,6585,8551,6584,-1,6584,8551,8552,-1,6584,8552,5785,-1,5785,8552,7261,-1,7261,8552,8553,-1,7261,8553,7260,-1,7260,8553,8554,-1,7260,8554,5789,-1,5789,8554,8555,-1,5789,8555,6588,-1,6588,8555,8556,-1,6588,8556,6587,-1,6587,8556,8557,-1,6587,8557,6586,-1,6586,8557,8558,-1,6586,8558,7265,-1,7265,8558,8559,-1,7265,8559,7264,-1,7264,8559,8560,-1,7264,8560,7263,-1,7263,8560,8561,-1,7263,8561,7262,-1,7262,8561,8562,-1,7262,8562,7267,-1,7267,8562,8563,-1,7267,8563,7266,-1,7266,8563,8564,-1,7266,8564,6592,-1,6592,8564,8565,-1,6592,8565,6591,-1,6591,8565,8566,-1,6591,8566,6590,-1,6590,8566,8567,-1,6590,8567,6589,-1,6589,8567,8568,-1,6589,8568,7269,-1,7269,8568,8569,-1,7269,8569,7268,-1,7268,8569,8570,-1,7268,8570,6595,-1,6595,8570,8571,-1,6595,8571,6596,-1,8571,8572,6596,-1,6596,8572,8573,-1,6596,8573,6593,-1,6593,8573,8574,-1,6593,8574,6594,-1,6594,8574,8575,-1,6594,8575,7270,-1,7270,8575,8576,-1,7270,8576,7271,-1,7271,8576,8577,-1,7271,8577,6599,-1,6599,8577,6600,-1,6600,8577,8578,-1,6600,8578,6601,-1,6601,8578,8579,-1,6601,8579,6597,-1,6597,8579,8580,-1,6597,8580,6598,-1,6598,8580,8581,-1,6598,8581,7274,-1,7274,8581,8582,-1,7274,8582,7273,-1,7273,8582,8583,-1,7273,8583,7272,-1,7272,8583,8584,-1,7272,8584,7277,-1,7277,8584,8585,-1,7277,8585,7276,-1,7276,8585,8586,-1,7276,8586,7275,-1,7275,8586,8587,-1,7275,8587,6606,-1,6606,8587,8588,-1,6606,8588,6605,-1,6605,8588,8589,-1,6605,8589,6604,-1,6604,8589,8590,-1,6604,8590,6603,-1,8590,8591,6603,-1,6603,8591,8592,-1,6603,8592,6602,-1,6602,8592,8593,-1,6602,8593,7280,-1,7280,8593,7279,-1,7279,8593,8594,-1,7279,8594,7278,-1,7278,8594,8595,-1,7278,8595,6610,-1,6610,8595,8596,-1,6610,8596,6609,-1,6609,8596,8597,-1,6609,8597,6608,-1,6608,8597,8598,-1,6608,8598,6607,-1,6607,8598,8599,-1,6607,8599,7283,-1,7283,8599,8600,-1,7283,8600,7282,-1,7282,8600,8601,-1,7282,8601,7281,-1,7281,8601,8602,-1,7281,8602,7286,-1,7286,8602,8603,-1,7286,8603,7285,-1,7285,8603,8604,-1,7285,8604,7284,-1,7284,8604,8605,-1,7284,8605,6615,-1,6615,8605,8606,-1,6615,8606,6614,-1,6614,8606,8607,-1,6614,8607,6613,-1,6613,8607,8608,-1,6613,8608,6612,-1,6612,8608,8609,-1,6612,8609,6611,-1,6611,8609,8610,-1,6611,8610,7289,-1,7289,8610,8611,-1,7289,8611,7288,-1,7288,8611,8612,-1,7288,8612,7287,-1,7287,8612,8613,-1,7287,8613,7293,-1,7293,8613,8614,-1,7293,8614,7292,-1,7292,8614,8615,-1,7292,8615,7291,-1,7291,8615,8616,-1,7291,8616,7290,-1,7290,8616,8617,-1,7290,8617,6621,-1,6621,8617,8618,-1,6621,8618,6620,-1,8618,8619,6620,-1,6620,8619,8620,-1,6620,8620,6619,-1,6619,8620,8621,-1,6619,8621,6618,-1,6618,8621,8622,-1,6618,8622,6617,-1,6617,8622,8623,-1,6617,8623,6616,-1,6616,8623,8624,-1,6616,8624,7296,-1,7296,8624,7295,-1,7295,8624,8625,-1,7295,8625,7294,-1,7294,8625,8626,-1,7294,8626,6622,-1,6622,8626,8627,-1,6622,8627,7299,-1,7299,8627,8628,-1,7299,8628,7298,-1,7298,8628,8629,-1,7298,8629,7297,-1,7297,8629,8630,-1,7297,8630,6626,-1,6626,8630,8631,-1,6626,8631,6625,-1,6625,8631,8632,-1,6625,8632,6624,-1,6624,8632,8633,-1,6624,8633,6623,-1,6623,8633,8634,-1,6623,8634,7301,-1,7301,8634,8635,-1,7301,8635,7300,-1,7300,8635,8636,-1,7300,8636,6630,-1,6630,8636,8637,-1,6630,8637,6629,-1,6629,8637,8638,-1,6629,8638,6628,-1,6628,8638,8639,-1,6628,8639,6627,-1,6627,8639,8640,-1,6627,8640,7302,-1,8640,8641,7302,-1,7302,8641,8642,-1,7302,8642,6632,-1,6632,8642,8643,-1,6632,8643,6631,-1,6631,8643,6634,-1,8643,8644,6634,-1,6634,8644,8645,-1,6634,8645,6633,-1,6633,8645,8646,-1,6633,8646,5784,-1,5784,8646,7304,-1,7304,8646,8647,-1,7304,8647,7303,-1,7303,8647,8648,-1,7303,8648,6638,-1,6638,8648,8649,-1,6638,8649,6637,-1,6637,8649,8650,-1,6637,8650,6636,-1,6636,8650,8651,-1,6636,8651,6635,-1,6635,8651,8652,-1,6635,8652,6642,-1,6642,8652,8653,-1,6642,8653,6641,-1,6641,8653,8654,-1,6641,8654,6640,-1,6640,8654,8655,-1,6640,8655,6639,-1,6639,8655,8656,-1,6639,8656,7307,-1,7307,8656,8657,-1,7307,8657,7306,-1,7306,8657,8658,-1,7306,8658,7305,-1,7305,8658,8659,-1,7305,8659,6646,-1,6646,8659,8660,-1,6646,8660,6645,-1,6645,8660,8661,-1,6645,8661,6644,-1,6644,8661,8662,-1,6644,8662,6643,-1,6643,8662,8663,-1,6643,8663,7312,-1,7312,8663,8664,-1,7312,8664,7311,-1,7311,8664,8665,-1,7311,8665,7310,-1,8665,8666,7310,-1,7310,8666,8667,-1,7310,8667,7309,-1,7309,8667,8668,-1,7309,8668,7308,-1,7308,8668,7314,-1,7314,8668,8669,-1,7314,8669,7313,-1,7313,8669,8670,-1,7313,8670,6650,-1,6650,8670,8671,-1,6650,8671,6649,-1,6649,8671,8672,-1,6649,8672,6648,-1,6648,8672,8673,-1,6648,8673,6647,-1,6647,8673,8674,-1,6647,8674,7317,-1,7317,8674,8675,-1,7317,8675,7316,-1,7316,8675,8676,-1,7316,8676,7315,-1,7315,8676,8677,-1,7315,8677,6653,-1,6653,8677,8678,-1,6653,8678,6652,-1,6652,8678,8679,-1,6652,8679,6651,-1,6651,8679,8680,-1,6651,8680,5814,-1,5814,8680,8681,-1,5814,8681,5813,-1,5813,8681,8682,-1,5813,8682,5812,-1,5812,8682,8683,-1,5812,8683,5815,-1,5815,8683,8684,-1,5815,8684,5816,-1,5816,8684,8685,-1,5816,8685,5817,-1,5817,8685,8686,-1,5817,8686,5818,-1,5818,8686,8687,-1,5818,8687,5819,-1,8687,8688,5819,-1,5819,8688,8689,-1,5819,8689,5820,-1,5820,8689,8690,-1,5820,8690,5821,-1,5821,8690,5824,-1,5824,8690,8691,-1,5824,8691,5823,-1,5823,8691,8692,-1,5823,8692,5822,-1,5822,8692,8693,-1,5822,8693,5827,-1,5827,8693,8694,-1,5827,8694,5826,-1,5826,8694,8695,-1,5826,8695,5825,-1,5825,8695,8696,-1,5825,8696,5828,-1,5828,8696,8697,-1,5828,8697,5831,-1,5831,8697,8698,-1,5831,8698,5830,-1,5830,8698,8699,-1,5830,8699,5829,-1,5829,8699,8700,-1,5829,8700,5832,-1,5832,8700,8701,-1,5832,8701,5834,-1,5834,8701,8702,-1,5834,8702,5833,-1,5833,8702,8703,-1,5833,8703,5836,-1,5836,8703,8704,-1,5836,8704,5835,-1,5835,8704,8705,-1,5835,8705,5837,-1,5837,8705,8706,-1,5837,8706,5840,-1,8706,8707,5840,-1,5840,8707,8708,-1,5840,8708,5839,-1,5839,8708,8709,-1,5839,8709,5838,-1,5838,8709,8710,-1,5838,8710,5841,-1,5841,8710,8711,-1,5841,8711,5842,-1,5842,8711,5843,-1,5843,8711,8712,-1,5843,8712,5846,-1,5846,8712,8713,-1,5846,8713,5845,-1,5845,8713,8714,-1,5845,8714,5844,-1,5844,8714,8715,-1,5844,8715,5847,-1,5847,8715,8716,-1,5847,8716,5849,-1,5849,8716,8717,-1,5849,8717,5848,-1,5848,8717,8718,-1,5848,8718,5850,-1,5850,8718,8719,-1,5850,8719,5853,-1,5853,8719,8720,-1,5853,8720,5852,-1,5852,8720,8721,-1,5852,8721,5851,-1,5851,8721,8722,-1,5851,8722,5855,-1,5855,8722,8723,-1,5855,8723,5854,-1,5854,8723,8724,-1,5854,8724,5856,-1,5856,8724,8725,-1,5856,8725,5858,-1,5858,8725,8726,-1,5858,8726,5857,-1,5857,8726,8727,-1,5857,8727,5859,-1,5859,8727,8728,-1,5859,8728,5860,-1,5860,8728,8729,-1,5860,8729,5811,-1,5811,8729,8730,-1,5811,8730,5864,-1,5864,8730,8731,-1,5864,8731,5863,-1,5863,8731,8732,-1,5863,8732,5862,-1,5862,8732,8733,-1,5862,8733,5861,-1,5861,8733,8734,-1,5861,8734,5865,-1,8734,8735,5865,-1,5865,8735,8736,-1,5865,8736,5866,-1,5866,8736,8737,-1,5866,8737,5867,-1,5867,8737,5868,-1,5868,8737,8738,-1,5868,8738,5871,-1,5871,8738,8739,-1,5871,8739,5870,-1,5870,8739,8740,-1,5870,8740,5869,-1,5869,8740,8741,-1,5869,8741,5872,-1,5872,8741,8742,-1,5872,8742,5874,-1,5874,8742,8743,-1,5874,8743,5873,-1,5873,8743,8744,-1,5873,8744,5876,-1,5876,8744,8745,-1,5876,8745,5875,-1,5875,8745,8746,-1,5875,8746,5877,-1,5877,8746,8747,-1,5877,8747,5878,-1,5878,8747,8748,-1,5878,8748,5810,-1,5810,8748,8749,-1,5810,8749,5879,-1,5879,8749,8750,-1,5879,8750,5880,-1,5880,8750,8751,-1,5880,8751,5881,-1,5881,8751,8752,-1,5881,8752,5882,-1,5882,8752,8753,-1,5882,8753,5885,-1,5885,8753,8754,-1,5885,8754,5884,-1,5884,8754,8755,-1,5884,8755,5883,-1,5883,8755,8756,-1,5883,8756,5886,-1,8756,8757,5886,-1,5886,8757,8758,-1,5886,8758,5888,-1,5888,8758,8759,-1,5888,8759,5887,-1,5887,8759,5891,-1,5891,8759,8760,-1,5891,8760,5890,-1,5890,8760,8761,-1,5890,8761,5889,-1,5889,8761,8762,-1,5889,8762,5892,-1,5892,8762,8763,-1,5892,8763,5894,-1,5894,8763,8764,-1,5894,8764,5893,-1,5893,8764,8765,-1,5893,8765,5895,-1,5895,8765,8766,-1,5895,8766,5897,-1,5897,8766,8767,-1,5897,8767,5896,-1,5896,8767,8768,-1,5896,8768,5898,-1,5898,8768,8769,-1,5898,8769,5900,-1,5900,8769,8770,-1,5900,8770,5899,-1,5899,8770,8771,-1,5899,8771,5901,-1,5901,8771,8772,-1,5901,8772,5903,-1,5903,8772,8773,-1,5903,8773,5902,-1,5902,8773,8774,-1,5902,8774,5904,-1,5904,8774,8775,-1,5904,8775,5907,-1,5907,8775,8776,-1,5907,8776,5906,-1,5906,8776,8777,-1,5906,8777,5905,-1,5905,8777,8778,-1,5905,8778,5908,-1,5908,8778,8779,-1,5908,8779,5909,-1,5909,8779,8780,-1,5909,8780,5910,-1,5910,8780,8781,-1,5910,8781,5913,-1,8781,8782,5913,-1,5913,8782,8783,-1,5913,8783,5912,-1,5912,8783,8784,-1,5912,8784,5911,-1,5911,8784,5914,-1,5914,8784,8785,-1,5914,8785,5915,-1,5915,8785,8786,-1,5915,8786,5916,-1,5916,8786,8787,-1,5916,8787,5917,-1,5917,8787,8788,-1,5917,8788,5919,-1,5919,8788,8789,-1,5919,8789,5918,-1,5918,8789,8790,-1,5918,8790,5920,-1,5920,8790,8791,-1,5920,8791,5922,-1,5922,8791,8792,-1,5922,8792,5921,-1,5921,8792,8793,-1,5921,8793,5923,-1,5923,8793,8794,-1,5923,8794,5924,-1,5924,8794,8795,-1,5924,8795,5809,-1,5809,8795,8796,-1,5809,8796,5925,-1,5925,8796,8797,-1,5925,8797,5926,-1,5926,8797,8798,-1,5926,8798,5927,-1,5927,8798,8799,-1,5927,8799,5928,-1,5928,8799,8800,-1,5928,8800,5929,-1,8800,8801,5929,-1,5929,8801,8802,-1,5929,8802,5807,-1,5807,8802,8803,-1,5807,8803,5808,-1,5808,8803,5930,-1,8803,8804,5930,-1,5930,8804,8805,-1,5930,8805,5931,-1,5931,8805,8806,-1,7320,1903,8807,-1,8807,1903,5955,-1,8807,5955,8808,-1,8808,5955,5956,-1,8808,5956,8809,-1,8809,5956,5953,-1,8809,5953,8810,-1,8810,5953,5954,-1,8810,5954,8811,-1,8811,5954,5952,-1,8811,5952,8812,-1,8812,5952,5951,-1,8812,5951,8813,-1,8813,5951,5950,-1,8813,5950,8814,-1,8814,5950,5949,-1,8814,5949,8815,-1,8815,5949,5946,-1,8815,5946,8816,-1,8816,5946,5947,-1,8816,5947,8817,-1,8817,5947,5948,-1,8817,5948,8818,-1,8818,5948,5945,-1,8818,5945,8819,-1,8819,5945,5943,-1,8819,5943,8820,-1,8820,5943,5944,-1,8820,5944,8821,-1,8821,5944,5942,-1,8821,5942,8822,-1,8822,5942,5940,-1,8822,5940,8823,-1,8823,5940,5941,-1,8823,5941,8824,-1,8824,5941,5938,-1,8824,5938,8825,-1,8825,5938,5939,-1,8825,5939,8826,-1,8826,5939,5937,-1,8826,5937,8827,-1,8827,5937,5934,-1,8827,5934,8828,-1,8828,5934,5935,-1,8828,5935,8829,-1,8829,5935,5936,-1,8829,5936,8830,-1,8830,5936,5933,-1,8830,5933,8806,-1,8806,5933,5932,-1,8806,5932,5931,-1,4351,4363,8098,-1,7640,7639,5541,-1,5575,5574,7622,-1,2636,2630,8778,-1,2869,2866,8690,-1,8369,8368,3673,-1,3926,3928,8273,-1,4143,4141,8185,-1,8101,8100,4362,-1,7930,7929,4791,-1,5099,5087,7812,-1,7685,7684,5433,-1,8831,8832,7399,-1,8833,8834,7402,-1,7431,7430,8835,-1,8836,8837,7527,-1,2414,2427,7328,-1,2452,2451,7343,-1,2375,7354,7357,-1,2177,7364,2178,-1,2178,7364,7363,-1,2178,7363,2183,-1,7359,2193,7360,-1,7360,2193,2191,-1,7360,2191,7361,-1,7361,2191,2189,-1,7361,2189,7362,-1,7362,2189,2186,-1,7362,2186,7363,-1,7363,2186,2184,-1,7363,2184,2183,-1,7354,2375,7358,-1,7358,2375,2372,-1,7358,2372,7359,-1,7359,2372,2374,-1,7359,2374,2193,-1,2382,2380,7357,-1,2380,2378,7357,-1,7357,2378,2376,-1,7357,2376,2375,-1,7357,7356,2382,-1,2382,7356,7355,-1,2382,7355,2384,-1,2384,7355,7353,-1,7352,2388,7353,-1,7353,2388,2386,-1,7353,2386,2384,-1,7350,2394,7351,-1,7351,2394,2392,-1,7351,2392,7352,-1,7352,2392,2390,-1,7352,2390,2388,-1,7349,2398,7350,-1,7350,2398,2396,-1,7350,2396,2394,-1,7345,2412,7346,-1,7346,2412,2407,-1,7346,2407,7347,-1,7347,2407,2404,-1,7347,2404,7348,-1,7348,2404,2402,-1,7348,2402,7349,-1,7349,2402,2401,-1,7349,2401,2398,-1,7343,2451,7344,-1,7344,2451,2409,-1,7344,2409,7345,-1,7345,2409,2411,-1,7345,2411,2412,-1,2452,7343,2454,-1,2454,7343,7342,-1,2454,7342,2455,-1,2455,7342,2456,-1,2456,7342,7341,-1,2456,7341,2447,-1,2447,7341,7340,-1,2447,7340,2445,-1,2445,7340,2443,-1,2443,7340,7339,-1,2443,7339,2448,-1,2448,7339,2449,-1,2449,7339,7338,-1,2449,7338,7334,-1,7335,2437,7334,-1,7334,2437,2450,-1,7334,2450,2449,-1,7332,2431,7333,-1,7333,2431,2429,-1,2429,2428,7333,-1,7333,2428,2442,-1,7333,2442,7337,-1,7337,2442,2441,-1,7337,2441,7336,-1,7336,2441,2440,-1,7336,2440,7335,-1,7335,2440,2439,-1,7335,2439,2437,-1,7327,2435,7331,-1,7331,2435,2434,-1,7331,2434,7332,-1,7332,2434,2433,-1,7332,2433,2431,-1,7330,2422,7327,-1,7327,2422,2421,-1,7327,2421,2435,-1,7328,2427,7329,-1,7329,2427,2426,-1,7329,2426,7330,-1,7330,2426,2425,-1,7330,2425,2422,-1,2414,7328,2415,-1,2415,7328,7326,-1,2415,7326,2416,-1,2416,7326,2417,-1,2417,7326,7325,-1,2417,7325,2419,-1,2419,7325,7324,-1,2419,7324,2420,-1,2420,7324,7323,-1,2420,7323,2496,-1,8838,7539,8839,-1,8839,7539,7538,-1,8839,7538,8840,-1,8840,7538,8841,-1,8841,7538,8842,-1,8842,7538,7537,-1,8842,7537,8843,-1,8843,7537,7536,-1,8843,7536,7535,-1,7533,8844,7534,-1,7534,8844,8845,-1,7534,8845,7535,-1,7535,8845,8846,-1,7535,8846,8843,-1,7532,8847,7533,-1,7533,8847,8848,-1,7533,8848,8844,-1,7530,8849,7531,-1,7531,8849,8850,-1,7531,8850,7532,-1,7532,8850,8851,-1,7532,8851,8847,-1,7529,8852,7530,-1,7530,8852,8853,-1,7530,8853,8849,-1,7527,8837,7528,-1,7528,8837,8854,-1,7528,8854,7529,-1,7529,8854,8855,-1,7529,8855,8852,-1,8836,7527,8856,-1,8856,7527,7526,-1,8856,7526,8857,-1,8857,7526,8858,-1,8858,7526,7525,-1,8858,7525,8859,-1,8859,7525,7524,-1,8859,7524,8860,-1,8860,7524,7523,-1,8860,7523,8861,-1,7520,8862,7521,-1,7521,8862,8863,-1,7521,8863,7522,-1,7522,8863,8864,-1,7522,8864,7523,-1,7523,8864,8865,-1,7523,8865,8861,-1,7519,8866,7520,-1,7520,8866,8867,-1,7520,8867,8862,-1,7517,8868,7518,-1,7518,8868,8869,-1,7518,8869,7519,-1,7519,8869,8870,-1,7519,8870,8866,-1,7515,8871,7516,-1,7516,8871,8872,-1,7516,8872,7517,-1,7517,8872,8873,-1,7517,8873,8868,-1,8874,8875,7514,-1,7514,8875,8876,-1,7514,8876,7515,-1,7515,8876,8877,-1,7515,8877,8871,-1,7514,7513,8874,-1,8874,7513,7512,-1,8874,7512,8878,-1,8878,7512,8879,-1,8879,7512,8880,-1,8880,7512,7511,-1,8880,7511,8881,-1,8881,7511,7510,-1,8881,7510,8882,-1,8882,7510,7509,-1,8882,7509,8883,-1,8883,7509,7508,-1,8883,7508,8884,-1,8885,8886,7505,-1,7505,8886,8887,-1,7505,8887,7506,-1,7506,8887,8888,-1,7506,8888,7507,-1,7507,8888,8889,-1,7507,8889,7508,-1,7508,8889,8890,-1,7508,8890,8884,-1,8885,7505,8891,-1,8891,7505,7504,-1,8891,7504,8892,-1,8892,7504,8893,-1,8893,7504,7503,-1,8893,7503,8894,-1,8894,7503,7502,-1,8894,7502,8895,-1,8895,7502,7501,-1,8895,7501,8896,-1,7498,8897,7499,-1,7499,8897,8898,-1,7499,8898,7500,-1,7500,8898,8899,-1,7500,8899,7501,-1,7501,8899,8900,-1,7501,8900,8896,-1,7496,8901,7497,-1,7497,8901,8902,-1,7497,8902,7498,-1,7498,8902,8903,-1,7498,8903,8897,-1,7495,8904,7496,-1,7496,8904,8905,-1,7496,8905,8901,-1,7492,8906,7493,-1,7493,8906,8907,-1,7493,8907,7494,-1,7494,8907,8908,-1,7494,8908,7495,-1,7495,8908,8909,-1,7495,8909,8904,-1,7490,8910,7491,-1,7491,8910,8911,-1,7491,8911,7492,-1,7492,8911,8912,-1,7492,8912,8906,-1,7489,8913,7490,-1,7490,8913,8914,-1,7490,8914,8910,-1,8915,8916,7486,-1,7486,8916,8917,-1,7486,8917,7487,-1,7487,8917,8918,-1,7487,8918,7488,-1,7488,8918,8919,-1,7488,8919,7489,-1,7489,8919,8920,-1,7489,8920,8913,-1,8915,7486,8921,-1,8921,7486,7485,-1,8921,7485,8922,-1,8922,7485,7484,-1,8922,7484,8923,-1,8923,7484,7483,-1,8923,7483,8924,-1,7482,8925,7483,-1,7483,8925,8926,-1,7483,8926,8924,-1,8927,8928,7479,-1,7479,8928,8929,-1,7479,8929,7480,-1,7480,8929,8930,-1,7480,8930,7481,-1,7481,8930,8931,-1,7481,8931,7482,-1,7482,8931,8932,-1,7482,8932,8925,-1,8927,7479,8933,-1,8933,7479,7478,-1,8933,7478,7477,-1,7476,8934,7477,-1,7477,8934,8935,-1,7477,8935,8933,-1,8936,8937,7475,-1,7475,8937,8938,-1,7475,8938,7476,-1,7476,8938,8939,-1,7476,8939,8934,-1,7475,7474,8936,-1,8936,7474,7473,-1,8936,7473,8940,-1,8940,7473,8941,-1,8941,7473,7472,-1,8941,7472,8942,-1,8942,7472,8943,-1,8943,7472,7471,-1,8943,7471,8944,-1,8944,7471,7470,-1,8944,7470,8945,-1,8945,7470,8946,-1,8946,7470,7469,-1,8946,7469,8947,-1,8947,7469,7468,-1,8947,7468,8948,-1,8948,7468,8949,-1,8949,7468,7467,-1,8949,7467,8950,-1,8950,7467,8951,-1,8951,7467,7466,-1,8951,7466,8952,-1,8952,7466,7465,-1,8952,7465,8953,-1,8953,7465,8954,-1,8954,7465,7464,-1,8954,7464,8955,-1,8955,7464,8956,-1,8956,7464,7463,-1,8956,7463,8957,-1,8957,7463,7462,-1,8957,7462,8958,-1,8958,7462,7461,-1,8958,7461,8959,-1,8959,7461,8960,-1,8960,7461,7460,-1,8960,7460,8961,-1,8961,7460,8962,-1,8962,7460,7459,-1,8962,7459,8963,-1,8963,7459,7458,-1,8963,7458,8964,-1,8964,7458,7457,-1,8964,7457,8965,-1,7454,8966,7455,-1,7455,8966,8967,-1,7455,8967,7456,-1,7456,8967,8968,-1,7456,8968,7457,-1,7457,8968,8969,-1,7457,8969,8965,-1,7453,8970,7454,-1,7454,8970,8971,-1,7454,8971,8966,-1,7451,8972,7452,-1,7452,8972,8973,-1,7452,8973,7453,-1,7453,8973,8974,-1,7453,8974,8970,-1,7450,8975,7451,-1,7451,8975,8976,-1,7451,8976,8972,-1,7448,8977,7449,-1,7449,8977,8978,-1,7449,8978,7450,-1,7450,8978,8979,-1,7450,8979,8975,-1,7446,8980,7447,-1,7447,8980,8981,-1,7447,8981,7448,-1,7448,8981,8982,-1,7448,8982,8977,-1,8983,8984,7442,-1,7442,8984,8985,-1,7442,8985,7443,-1,7443,8985,8986,-1,7443,8986,7444,-1,7444,8986,8987,-1,7444,8987,7445,-1,7445,8987,8988,-1,7445,8988,7446,-1,7446,8988,8989,-1,7446,8989,8980,-1,8983,7442,8990,-1,8990,7442,7441,-1,8990,7441,8991,-1,8991,7441,7440,-1,8991,7440,8992,-1,8992,7440,7439,-1,8992,7439,8993,-1,7438,8994,7439,-1,7439,8994,8995,-1,7439,8995,8993,-1,7436,7435,8996,-1,8996,8997,7436,-1,7436,8997,8998,-1,7436,8998,7437,-1,7437,8998,8999,-1,7437,8999,7438,-1,7438,8999,9000,-1,7438,9000,8994,-1,7432,9001,7433,-1,7433,9001,9002,-1,7433,9002,7434,-1,7434,9002,9003,-1,7434,9003,7435,-1,7435,9003,9004,-1,7435,9004,8996,-1,8835,9005,7431,-1,7431,9005,9006,-1,7431,9006,7432,-1,7432,9006,9007,-1,7432,9007,9001,-1,7428,9008,7429,-1,7429,9008,9009,-1,7429,9009,7430,-1,7430,9009,9010,-1,7430,9010,8835,-1,7426,9011,7427,-1,7427,9011,9012,-1,7427,9012,7428,-1,7428,9012,9013,-1,7428,9013,9008,-1,7423,9014,7424,-1,7424,9014,9015,-1,7424,9015,7425,-1,7425,9015,9016,-1,7425,9016,7426,-1,7426,9016,9017,-1,7426,9017,9011,-1,9018,7421,9019,-1,9019,7421,7420,-1,9019,7420,9020,-1,9020,7420,7419,-1,9018,9021,7421,-1,7421,9021,9022,-1,7421,9022,7422,-1,7422,9022,9023,-1,7422,9023,7423,-1,7423,9023,9024,-1,7423,9024,9014,-1,9025,9026,7417,-1,7417,9026,9027,-1,7417,9027,7418,-1,7418,9027,9028,-1,7418,9028,7419,-1,7419,9028,9029,-1,7419,9029,9020,-1,9025,7417,9030,-1,9030,7417,7416,-1,9030,7416,9031,-1,9031,7416,7415,-1,9031,7415,9032,-1,9032,7415,7414,-1,9032,7414,9033,-1,9033,7414,7413,-1,9033,7413,9034,-1,7411,7410,9035,-1,9035,9036,7411,-1,7411,9036,9037,-1,7411,9037,7412,-1,7412,9037,9038,-1,7412,9038,7413,-1,7413,9038,9039,-1,7413,9039,9034,-1,7407,9040,7408,-1,7408,9040,9041,-1,7408,9041,7409,-1,7409,9041,9042,-1,7409,9042,7410,-1,7410,9042,9043,-1,7410,9043,9035,-1,9044,9045,7406,-1,7406,9045,9046,-1,7406,9046,7407,-1,7407,9046,9047,-1,7407,9047,9040,-1,7406,7405,9044,-1,9044,7405,7404,-1,9044,7404,9048,-1,7402,8834,7403,-1,7403,8834,9049,-1,7403,9049,7404,-1,7404,9049,9050,-1,7404,9050,9048,-1,8833,7402,9051,-1,9051,7402,7401,-1,9051,7401,9052,-1,9052,7401,8832,-1,8832,7401,7400,-1,8832,7400,7399,-1,9053,9054,7398,-1,7398,9054,9055,-1,7398,9055,7399,-1,7399,9055,9056,-1,7399,9056,8831,-1,9057,9058,7395,-1,7395,9058,9059,-1,7395,9059,7396,-1,7396,9059,9053,-1,7396,9053,7397,-1,7397,9053,7398,-1,9057,7395,9060,-1,9060,7395,7394,-1,9060,7394,9061,-1,9061,7394,7393,-1,9061,7393,9062,-1,9062,7393,7392,-1,9062,7392,9063,-1,7389,9064,7390,-1,7390,9064,9065,-1,7390,9065,7391,-1,7391,9065,9066,-1,7391,9066,7392,-1,7392,9066,9067,-1,7392,9067,9063,-1,8838,5747,7539,-1,7539,5747,5749,-1,7539,5749,7540,-1,7540,5749,5750,-1,7540,5750,7541,-1,7541,5750,7542,-1,5750,5751,7542,-1,7542,5751,5753,-1,7542,5753,7543,-1,7543,5753,5756,-1,7543,5756,7544,-1,7544,5756,5755,-1,7544,5755,7545,-1,7552,7551,5768,-1,5768,7551,7550,-1,5768,7550,5769,-1,5769,7550,7549,-1,7548,5764,7549,-1,7549,5764,5766,-1,7549,5766,5769,-1,7558,5743,7559,-1,7559,5743,5742,-1,7559,5742,7560,-1,7560,5742,5730,-1,7560,5730,7561,-1,7564,5723,7565,-1,7565,5723,5722,-1,7565,5722,7566,-1,7566,5722,7567,-1,7570,5699,7571,-1,7571,5699,5703,-1,7571,5703,7572,-1,7572,5703,5702,-1,7572,5702,7573,-1,7573,5702,5701,-1,7573,5701,7574,-1,7583,5677,7584,-1,7584,5677,5674,-1,7584,5674,7585,-1,7585,5674,5665,-1,7585,5665,7586,-1,5639,5641,7592,-1,5661,5669,7589,-1,7592,7591,5639,-1,5639,7591,7590,-1,5639,7590,5666,-1,5666,7590,7589,-1,5666,7589,5667,-1,5667,7589,5669,-1,7599,5610,7600,-1,7600,5610,5612,-1,7600,5612,7601,-1,7601,5612,5614,-1,7601,5614,7602,-1,7602,5614,5616,-1,7602,5616,7603,-1,7603,5616,5618,-1,7603,5618,7604,-1,7611,5607,7612,-1,7612,5607,5598,-1,7612,5598,7613,-1,7613,5598,5599,-1,7613,5599,7614,-1,7626,7625,5569,-1,7630,7629,5557,-1,5557,5556,7630,-1,7630,5556,5551,-1,7630,5551,7631,-1,7631,5551,5555,-1,7631,5555,7632,-1,5541,7639,5542,-1,5537,7637,5546,-1,5546,7637,7636,-1,5546,7636,5531,-1,7639,7638,5542,-1,5542,7638,7637,-1,5542,7637,5535,-1,5535,7637,5537,-1,7649,7648,5513,-1,7652,5500,7653,-1,7653,5500,5505,-1,7653,5505,7654,-1,7654,5505,5493,-1,7654,5493,7655,-1,7658,5484,7659,-1,7659,5484,5486,-1,7659,5486,7660,-1,7660,5486,7661,-1,7670,5462,7671,-1,7671,5462,5461,-1,7671,5461,7672,-1,7672,5461,5459,-1,7672,5459,7673,-1,5456,5452,7677,-1,5452,5451,7677,-1,7677,5451,5437,-1,7677,5437,7678,-1,7678,5437,5439,-1,7678,5439,7679,-1,7679,5439,5441,-1,7679,5441,7680,-1,7685,5433,7686,-1,5429,5430,7683,-1,7683,5430,5432,-1,7683,5432,7684,-1,7684,5432,5434,-1,7684,5434,5433,-1,7689,5415,7690,-1,7690,5415,5413,-1,7690,5413,7691,-1,7691,5413,5410,-1,7691,5410,7692,-1,7699,5389,7700,-1,7700,5389,5375,-1,7700,5375,7701,-1,7701,5375,5376,-1,7701,5376,7702,-1,7705,5367,7706,-1,7706,5367,5369,-1,7706,5369,7707,-1,7707,5369,5371,-1,7707,5371,7708,-1,7708,5371,5372,-1,7708,5372,7709,-1,7712,5354,7713,-1,7713,5354,5352,-1,7713,5352,7714,-1,7714,5352,5351,-1,7714,5351,7715,-1,7718,5336,7719,-1,7719,5336,5339,-1,7719,5339,7720,-1,7720,5339,5331,-1,7720,5331,7721,-1,5335,5334,7724,-1,7727,7726,5322,-1,5322,7726,7725,-1,5322,7725,5320,-1,5320,7725,7724,-1,5320,7724,5317,-1,5317,7724,5334,-1,7735,5284,7736,-1,7736,5284,5283,-1,7736,5283,7737,-1,7737,5283,5281,-1,7737,5281,7738,-1,7738,5281,5279,-1,7738,5279,7739,-1,7743,5252,7744,-1,7744,5252,5262,-1,7744,5262,7745,-1,7742,5266,7743,-1,7743,5266,5265,-1,7743,5265,5252,-1,7749,7748,5256,-1,5256,7748,7747,-1,5256,7747,5258,-1,5258,7747,7746,-1,5258,7746,5260,-1,7758,5230,7759,-1,7759,5230,5228,-1,7759,5228,7760,-1,7760,5228,5226,-1,7760,5226,7761,-1,5221,5211,7765,-1,5211,5212,7765,-1,7765,5212,5204,-1,7765,5204,7766,-1,7766,5204,5206,-1,7766,5206,7767,-1,7767,5206,5208,-1,7767,5208,7768,-1,7776,5183,7777,-1,7777,5183,5182,-1,7777,5182,7778,-1,7778,5182,5180,-1,7778,5180,7779,-1,7779,5180,5177,-1,7779,5177,7780,-1,7787,5140,7788,-1,7788,5140,5138,-1,7788,5138,7789,-1,7789,5138,5139,-1,7789,5139,7790,-1,7793,5148,7794,-1,7794,5148,5146,-1,7794,5146,7795,-1,7795,5146,5144,-1,7795,5144,7796,-1,7796,5144,5142,-1,7796,5142,7797,-1,7806,7805,5112,-1,5112,5111,7806,-1,7806,5111,5109,-1,7806,5109,7807,-1,7807,5109,5107,-1,7807,5107,7808,-1,7808,5107,5105,-1,7808,5105,7809,-1,7815,7814,5093,-1,5093,7814,7813,-1,5093,7813,5088,-1,5088,7813,7812,-1,5088,7812,5094,-1,5094,7812,5087,-1,7819,5071,7820,-1,7820,5071,5069,-1,7820,5069,7821,-1,7821,5069,5067,-1,7821,5067,7822,-1,7831,4859,7832,-1,7832,4859,4858,-1,7832,4858,7833,-1,7828,5050,7829,-1,7829,5050,5048,-1,7829,5048,7830,-1,7830,5048,5024,-1,7830,5024,7831,-1,7831,5024,5023,-1,7831,5023,4859,-1,7837,7836,5036,-1,5036,7836,7835,-1,5036,7835,5038,-1,5038,7835,7834,-1,5038,7834,5040,-1,5002,5001,7849,-1,7846,5003,7847,-1,7847,5003,5002,-1,7847,5002,7848,-1,7848,5002,7849,-1,4994,4987,7853,-1,4987,4985,7853,-1,7853,4985,4984,-1,7853,4984,7854,-1,7854,4984,4981,-1,7854,4981,7855,-1,7855,4981,4980,-1,7855,4980,7856,-1,7864,4963,7865,-1,7865,4963,4962,-1,7865,4962,7866,-1,7866,4962,4956,-1,7866,4956,7867,-1,7871,4946,7872,-1,7872,4946,4935,-1,7872,4935,7873,-1,7873,4935,4934,-1,7873,4934,7874,-1,7881,4918,7882,-1,7882,4918,4916,-1,7882,4916,7883,-1,7883,4916,4915,-1,7883,4915,7884,-1,7884,4915,4913,-1,7884,4913,7885,-1,7889,4899,7890,-1,7890,4899,4897,-1,7890,4897,7891,-1,7891,4897,4895,-1,7891,4895,7892,-1,7897,7896,4877,-1,7903,7902,4872,-1,4872,7902,7901,-1,4872,7901,4873,-1,4873,7901,7900,-1,7911,4832,7912,-1,7912,4832,4837,-1,7912,4837,7913,-1,7913,4837,4836,-1,7913,4836,7914,-1,7919,7918,4818,-1,7925,7924,4809,-1,4809,7924,7923,-1,4809,7923,4810,-1,4810,7923,7922,-1,7930,4791,7931,-1,7934,4779,7935,-1,7935,4779,4777,-1,7935,4777,7936,-1,7936,4777,4774,-1,7936,4774,7937,-1,7940,4753,7941,-1,7941,4753,4756,-1,7941,4756,7942,-1,7942,4756,4758,-1,7942,4758,7943,-1,7943,4758,4760,-1,7943,4760,7944,-1,7947,4748,7948,-1,7948,4748,4750,-1,7948,4750,7949,-1,7949,4750,4740,-1,7949,4740,7950,-1,7959,4715,7960,-1,7960,4715,4709,-1,7960,4709,7961,-1,7961,4709,4710,-1,7961,4710,7962,-1,7969,4688,7970,-1,7970,4688,4686,-1,7970,4686,7971,-1,7971,4686,4685,-1,7971,4685,7972,-1,4634,7988,7987,-1,7991,7990,4641,-1,4641,7990,7989,-1,4641,7989,4642,-1,4642,7989,7988,-1,4642,7988,4636,-1,4636,7988,4634,-1,7997,7996,4621,-1,4621,7996,7995,-1,4621,7995,4622,-1,8006,4599,8007,-1,8007,4599,4597,-1,8007,4597,8008,-1,8008,4597,4595,-1,8008,4595,8009,-1,8013,8012,4585,-1,4585,8012,8011,-1,4585,8011,4573,-1,4573,8011,8010,-1,8016,8015,4581,-1,4581,8015,8014,-1,4581,8014,4583,-1,4583,8014,8013,-1,4583,8013,4584,-1,4584,8013,4585,-1,8019,8018,4567,-1,4567,8018,8017,-1,8022,4555,8023,-1,8023,4555,4553,-1,8023,4553,8024,-1,8024,4553,4539,-1,8024,4539,8025,-1,8031,4534,4538,-1,8031,4538,8032,-1,4536,8029,4545,-1,4545,8029,8028,-1,4534,8031,4536,-1,4536,8031,8030,-1,4536,8030,8029,-1,8035,4524,8036,-1,8036,4524,4522,-1,8036,4522,8037,-1,8037,4522,4520,-1,8037,4520,8038,-1,8046,4486,8047,-1,8047,4486,4489,-1,8047,4489,8048,-1,8048,4489,4484,-1,8048,4484,8049,-1,8049,4484,4483,-1,8049,4483,8050,-1,4454,4453,8061,-1,8061,4453,8062,-1,8057,4464,8058,-1,8058,4464,4462,-1,8058,4462,8059,-1,8059,4462,4461,-1,8059,4461,8060,-1,8060,4461,4459,-1,8060,4459,8061,-1,8061,4459,4456,-1,8061,4456,4454,-1,8066,8065,4445,-1,4427,8073,4421,-1,4421,8073,8072,-1,4421,8072,4423,-1,4423,8072,4435,-1,4436,8070,4430,-1,4430,8070,8069,-1,4435,8072,4436,-1,4436,8072,8071,-1,4436,8071,8070,-1,8079,8078,4418,-1,4419,8076,4411,-1,4411,8076,4413,-1,4418,8078,4419,-1,4419,8078,8077,-1,4419,8077,8076,-1,8088,8087,4389,-1,4389,4387,8088,-1,8088,4387,4384,-1,8088,4384,8089,-1,8089,4384,4382,-1,8089,4382,8090,-1,8090,4382,4381,-1,8090,4381,8091,-1,4373,4374,8094,-1,4374,4378,8094,-1,8094,4378,4376,-1,8094,4376,8095,-1,8095,4376,4375,-1,8095,4375,8096,-1,4362,8100,4363,-1,4363,8100,8099,-1,4363,8099,8098,-1,8106,4189,8107,-1,8107,4189,4341,-1,8107,4341,8108,-1,8108,4341,4340,-1,8108,4340,8109,-1,4332,4322,8113,-1,4328,8114,4327,-1,4327,8114,8113,-1,4327,8113,4325,-1,4325,8113,4322,-1,4319,4313,8119,-1,8128,4288,8129,-1,8129,4288,4282,-1,8129,4282,8130,-1,8130,4282,4283,-1,8130,4283,8131,-1,8137,4268,4265,-1,8137,4265,8138,-1,4270,8135,4272,-1,4272,8135,8134,-1,4268,8137,4270,-1,4270,8137,8136,-1,4270,8136,8135,-1,8141,4257,8142,-1,8142,4257,4259,-1,8142,4259,8143,-1,8143,4259,4191,-1,8143,4191,8144,-1,8151,4230,8152,-1,8152,4230,4228,-1,8152,4228,8153,-1,8153,4228,4227,-1,8153,4227,8154,-1,8157,4215,8158,-1,8158,4215,4213,-1,8158,4213,8159,-1,8159,4213,4210,-1,8159,4210,8160,-1,8163,4195,8164,-1,8164,4195,4201,-1,8164,4201,8165,-1,8165,4201,8166,-1,8179,8178,4157,-1,8185,8184,4143,-1,4143,8184,8183,-1,4143,8183,4145,-1,4145,8183,8182,-1,8191,8190,4134,-1,4134,8190,8189,-1,4134,8189,4135,-1,4135,8189,8188,-1,4135,8188,4138,-1,4138,8188,4139,-1,8194,4116,8195,-1,8195,4116,4115,-1,8195,4115,8196,-1,8196,4115,4112,-1,8196,4112,8197,-1,4102,8202,4103,-1,4103,8202,8201,-1,4103,8201,4097,-1,4097,8201,8200,-1,8210,4078,8211,-1,8211,4078,4077,-1,8211,4077,8212,-1,8212,4077,8213,-1,8216,4061,8217,-1,8217,4061,4059,-1,8217,4059,8218,-1,8218,4059,4056,-1,8218,4056,8219,-1,8222,4045,8223,-1,8223,4045,4043,-1,8223,4043,8224,-1,8224,4043,4041,-1,8224,4041,8225,-1,8225,4041,4038,-1,8225,4038,8226,-1,8229,4027,8230,-1,8230,4027,4021,-1,8230,4021,8231,-1,8231,4021,4022,-1,8231,4022,8232,-1,8240,3998,8241,-1,8241,3998,3997,-1,8241,3997,8242,-1,8242,3997,3995,-1,8242,3995,8243,-1,8243,3995,3992,-1,8243,3992,8244,-1,8248,3974,8249,-1,8249,3974,3981,-1,8249,3981,8250,-1,8245,3985,8246,-1,8246,3985,3988,-1,8246,3988,8247,-1,8247,3988,3971,-1,8247,3971,8248,-1,8248,3971,3970,-1,8248,3970,3974,-1,8254,8253,3969,-1,3969,8253,8252,-1,3969,8252,3964,-1,3964,8252,8251,-1,3964,8251,3978,-1,8258,3955,8259,-1,8259,3955,3954,-1,8259,3954,8260,-1,8260,3954,3952,-1,8260,3952,8261,-1,8264,3936,8265,-1,8265,3936,3934,-1,8265,3934,8266,-1,8266,3934,3933,-1,8266,3933,8267,-1,8273,8272,3926,-1,3926,8272,8271,-1,3926,8271,3924,-1,3924,8271,8270,-1,8279,8278,3907,-1,3907,8278,8277,-1,3907,8277,3902,-1,3902,8277,8276,-1,3902,8276,3909,-1,3909,8276,3911,-1,8282,3882,8283,-1,8283,3882,3893,-1,8283,3893,8284,-1,8284,3893,3892,-1,8284,3892,8285,-1,3886,3874,8288,-1,3876,8290,3878,-1,3878,8290,8289,-1,3878,8289,3880,-1,3880,8289,8288,-1,3880,8288,3881,-1,3881,8288,3874,-1,8310,3824,8311,-1,8311,3824,3816,-1,8311,3816,8312,-1,8312,3816,3817,-1,8312,3817,8313,-1,8317,3810,8318,-1,8318,3810,3808,-1,8318,3808,8319,-1,8319,3808,3806,-1,8319,3806,8320,-1,8328,3777,8329,-1,8329,3777,3776,-1,8329,3776,8330,-1,8330,3776,3774,-1,8330,3774,8331,-1,8331,3774,3772,-1,8331,3772,8332,-1,8336,8335,3753,-1,8342,8341,3751,-1,3751,8341,8340,-1,3751,8340,3747,-1,3747,8340,8339,-1,8358,8357,3694,-1,3694,3693,8358,-1,8358,3693,3697,-1,8358,3697,8359,-1,8359,3697,3699,-1,8359,3699,8360,-1,8360,3699,3679,-1,8360,3679,8361,-1,8367,8366,3690,-1,3690,8366,8365,-1,3690,8365,3688,-1,3688,8365,8364,-1,3688,8364,3686,-1,3686,8364,3684,-1,8369,3673,8370,-1,3673,3671,8370,-1,8370,3671,3669,-1,8370,3669,8371,-1,8371,3669,3667,-1,8371,3667,8372,-1,8372,3667,3658,-1,8372,3658,8373,-1,8376,3653,8377,-1,8377,3653,3651,-1,8377,3651,8378,-1,8378,3651,3649,-1,8378,3649,8379,-1,8386,3633,8387,-1,8387,3633,3631,-1,8387,3631,8388,-1,8388,3631,3629,-1,8388,3629,8389,-1,8398,3597,8399,-1,8399,3597,3590,-1,8399,3590,8400,-1,8400,3590,3588,-1,8400,3588,8401,-1,8404,3580,8405,-1,8405,3580,3578,-1,8405,3578,8406,-1,8406,3578,3576,-1,8406,3576,8407,-1,8407,3576,3575,-1,8407,3575,8408,-1,8416,3554,8417,-1,8417,3554,3552,-1,8417,3552,8418,-1,8418,3552,3550,-1,8418,3550,8419,-1,8423,3541,8424,-1,8424,3541,3530,-1,8424,3530,8425,-1,8425,3530,3529,-1,8425,3529,8426,-1,8430,8429,3526,-1,3526,8429,8428,-1,3526,8428,3527,-1,3527,8428,8427,-1,8446,8445,3477,-1,3477,3475,8446,-1,8446,3475,3473,-1,8446,3473,8447,-1,8447,3473,3471,-1,8447,3471,8448,-1,8448,3471,3294,-1,8448,3294,8449,-1,8455,8454,3463,-1,3463,8454,8453,-1,3463,8453,3465,-1,3465,8453,8452,-1,3465,8452,3466,-1,3466,8452,3467,-1,8461,8460,3444,-1,3444,8460,3446,-1,3446,8460,8459,-1,3446,8459,3448,-1,3448,8459,8458,-1,3448,8458,3450,-1,3426,3427,8467,-1,8467,8466,3426,-1,3426,8466,8465,-1,3426,8465,3432,-1,3432,8465,8464,-1,3422,3420,8470,-1,8470,3420,3418,-1,8470,3418,8471,-1,8474,3410,8475,-1,8475,3410,3408,-1,8475,3408,8476,-1,8476,3408,3406,-1,8476,3406,8477,-1,8482,3386,8483,-1,8483,3386,3384,-1,8483,3384,8484,-1,8484,3384,3382,-1,8484,3382,8485,-1,8495,3359,8494,-1,8494,3359,3361,-1,8494,3361,8493,-1,8493,3361,3363,-1,8493,3363,8492,-1,8492,3363,3365,-1,8492,3365,8491,-1,8505,8504,3330,-1,3330,3328,8505,-1,8505,3328,3325,-1,8505,3325,8506,-1,8506,3325,3323,-1,8506,3323,8507,-1,8507,3323,3322,-1,8507,3322,8508,-1,3321,3320,8511,-1,8515,8514,3310,-1,3310,8514,8513,-1,3310,8513,3307,-1,3307,8513,8511,-1,3307,8511,3318,-1,3318,8511,3320,-1,8519,3290,8520,-1,8520,3290,3288,-1,8520,3288,8521,-1,8521,3288,3287,-1,8521,3287,8522,-1,3262,8531,8530,-1,8533,3256,8534,-1,8534,3256,3255,-1,8534,3255,8535,-1,8535,3255,8536,-1,8545,3222,8546,-1,8546,3222,3221,-1,8546,3221,8547,-1,8547,3221,3218,-1,8547,3218,8548,-1,3208,3205,8555,-1,3211,3200,8552,-1,3200,3198,8552,-1,8552,3198,3209,-1,8552,3209,8553,-1,8553,3209,3208,-1,8553,3208,8554,-1,8554,3208,8555,-1,3176,3174,8558,-1,8561,8560,3193,-1,3193,8560,8559,-1,3193,8559,3195,-1,3195,8559,8558,-1,3195,8558,3196,-1,3196,8558,3174,-1,8562,3185,8563,-1,8563,3185,3183,-1,8563,3183,8564,-1,8564,3183,3181,-1,8564,3181,8565,-1,8565,3181,3179,-1,8565,3179,8566,-1,8566,3179,3170,-1,8566,3170,8567,-1,8570,3159,8571,-1,8571,3159,3157,-1,8571,3157,8572,-1,8572,3157,3155,-1,8572,3155,8573,-1,8580,3130,8581,-1,8581,3130,3129,-1,8581,3129,8582,-1,8582,3129,3132,-1,8582,3132,8583,-1,8587,3118,8588,-1,8588,3118,3111,-1,8588,3111,8589,-1,8589,3111,3110,-1,8589,3110,8590,-1,3107,3106,8593,-1,3106,3104,8593,-1,8593,3104,3101,-1,8593,3101,8594,-1,8594,3101,3100,-1,8594,3100,8595,-1,8595,3100,3098,-1,8595,3098,8596,-1,3089,3082,8602,-1,8602,8601,3089,-1,3089,8601,8600,-1,3089,8600,3090,-1,3090,8600,8599,-1,8609,3059,8610,-1,8610,3059,3057,-1,8610,3057,8611,-1,8611,3057,3055,-1,8611,3055,8612,-1,8612,3055,3053,-1,8612,3053,8613,-1,8618,8617,3039,-1,3025,3023,8624,-1,8621,3026,8622,-1,8622,3026,3025,-1,8622,3025,8623,-1,8623,3025,8624,-1,8633,2850,8634,-1,8634,2850,3002,-1,8634,3002,8635,-1,8635,3002,3000,-1,8635,3000,8636,-1,2990,2973,8643,-1,8639,2985,8640,-1,8640,2985,2991,-1,8640,2991,8641,-1,8641,2991,2990,-1,8641,2990,8642,-1,8642,2990,8643,-1,8646,2983,8647,-1,8647,2983,2963,-1,8647,2963,8648,-1,8648,2963,2964,-1,8648,2964,8649,-1,2965,2958,8652,-1,8652,2958,2957,-1,8652,2957,8653,-1,8653,2957,2955,-1,8653,2955,8654,-1,8654,2955,2953,-1,8654,2953,8655,-1,8658,2944,8659,-1,8659,2944,2942,-1,8659,2942,8660,-1,8660,2942,2940,-1,8660,2940,8661,-1,8668,2923,8669,-1,8669,2923,2921,-1,8669,2921,8670,-1,8670,2921,2919,-1,8670,2919,8671,-1,8684,8683,2880,-1,8690,8689,2869,-1,2869,8689,8688,-1,2869,8688,2867,-1,2867,8688,8687,-1,8697,2835,8698,-1,8698,2835,2828,-1,8698,2828,8699,-1,8699,2828,2833,-1,8699,2833,8700,-1,8703,2818,8704,-1,8704,2818,2816,-1,8704,2816,8705,-1,8705,2816,2815,-1,8705,2815,8706,-1,2807,2806,8712,-1,8709,2800,8710,-1,8710,2800,2807,-1,8710,2807,8711,-1,8711,2807,8712,-1,8721,2775,8722,-1,8722,2775,2773,-1,8722,2773,8723,-1,8723,2773,2770,-1,8723,2770,8724,-1,2758,2748,8731,-1,8727,2755,8728,-1,8728,2755,2756,-1,8728,2756,8729,-1,8729,2756,2758,-1,8729,2758,8730,-1,8730,2758,8731,-1,8734,2749,8735,-1,8735,2749,2732,-1,8735,2732,8736,-1,8736,2732,2731,-1,8736,2731,8737,-1,8745,2712,8746,-1,8746,2712,2711,-1,8746,2711,8747,-1,8747,2711,2709,-1,8747,2709,8748,-1,8748,2709,2706,-1,8748,2706,8749,-1,8756,2689,8757,-1,8757,2689,2687,-1,8757,2687,8758,-1,8758,2687,2685,-1,8758,2685,8759,-1,8772,8771,2649,-1,8778,8777,2636,-1,2636,8777,8776,-1,2636,8776,2638,-1,2638,8776,8775,-1,8786,2608,8787,-1,8787,2608,2607,-1,8787,2607,8788,-1,8788,2607,2604,-1,8788,2604,8789,-1,8792,2592,8793,-1,8793,2592,2591,-1,8793,2591,8794,-1,8794,2591,2585,-1,8794,2585,8795,-1,8795,2585,2587,-1,8795,2587,8796,-1,8803,2571,8804,-1,8804,2571,2569,-1,8804,2569,8805,-1,8805,2569,2568,-1,8805,2568,8806,-1,8827,2546,8826,-1,8826,2546,2545,-1,8826,2545,8825,-1,8825,2545,2542,-1,8825,2542,8824,-1,8821,2531,8820,-1,8820,2531,2512,-1,8820,2512,8819,-1,8819,2512,2514,-1,8819,2514,8818,-1,8815,2526,8814,-1,8814,2526,2528,-1,8814,2528,8813,-1,8813,2528,2509,-1,8813,2509,8812,-1,2504,2501,8809,-1,7320,8807,2483,-1,2483,8807,8808,-1,2483,8808,2484,-1,2484,8808,8809,-1,2484,8809,2500,-1,2500,8809,2501,-1,2496,7323,2494,-1,2494,7323,7322,-1,2494,7322,7321,-1,5755,5761,7545,-1,7545,5761,5760,-1,7545,5760,7546,-1,7546,5760,5758,-1,7546,5758,7547,-1,7547,5758,5757,-1,7547,5757,7548,-1,7548,5757,5762,-1,7548,5762,5764,-1,5768,5767,7552,-1,7552,5767,5741,-1,7552,5741,7553,-1,7553,5741,5740,-1,7553,5740,7554,-1,7554,5740,5738,-1,7554,5738,7555,-1,5738,5737,7555,-1,7555,5737,5529,-1,7555,5529,7556,-1,7556,5529,5528,-1,7556,5528,7557,-1,7557,5528,5746,-1,7557,5746,7558,-1,7558,5746,5745,-1,7558,5745,5743,-1,5730,5732,7561,-1,7561,5732,5734,-1,7561,5734,7562,-1,7562,5734,5735,-1,7562,5735,7563,-1,7563,5735,5727,-1,7563,5727,7564,-1,7564,5727,5725,-1,7564,5725,5723,-1,5722,5719,7567,-1,7567,5719,5717,-1,7567,5717,7568,-1,7568,5717,5715,-1,7568,5715,7569,-1,7569,5715,5714,-1,7569,5714,7570,-1,7570,5714,5712,-1,7570,5712,5699,-1,5701,5706,7574,-1,7574,5706,5708,-1,7574,5708,7575,-1,7575,5708,5696,-1,7575,5696,7576,-1,7576,5696,5694,-1,7576,5694,7577,-1,7577,5694,5693,-1,7577,5693,7578,-1,7578,5693,5691,-1,7578,5691,7579,-1,7579,5691,5689,-1,7579,5689,7580,-1,5689,5686,7580,-1,7580,5686,5687,-1,7580,5687,7581,-1,7581,5687,5682,-1,7581,5682,7582,-1,7582,5682,5680,-1,7582,5680,7583,-1,7583,5680,5678,-1,7583,5678,5677,-1,7589,7588,5661,-1,5661,7588,7587,-1,5661,7587,5662,-1,5662,7587,7586,-1,5662,7586,5664,-1,5664,7586,5665,-1,5641,5643,7592,-1,7592,5643,5645,-1,7592,5645,7593,-1,7593,5645,5647,-1,7593,5647,7594,-1,7594,5647,5649,-1,7594,5649,7595,-1,7595,5649,5651,-1,7595,5651,7596,-1,5651,5653,7596,-1,7596,5653,5655,-1,7596,5655,7597,-1,7597,5655,5657,-1,7597,5657,7598,-1,7598,5657,5659,-1,7598,5659,7599,-1,7599,5659,5660,-1,7599,5660,5610,-1,5618,5620,7604,-1,7604,5620,5622,-1,7604,5622,7605,-1,7605,5622,5624,-1,7605,5624,7606,-1,7606,5624,5626,-1,7606,5626,7607,-1,5626,5628,7607,-1,7607,5628,5630,-1,7607,5630,7608,-1,7608,5630,5632,-1,7608,5632,7609,-1,7609,5632,5634,-1,7609,5634,7610,-1,7610,5634,5604,-1,7610,5604,7611,-1,7611,5604,5606,-1,7611,5606,5607,-1,5599,5601,7614,-1,7614,5601,5583,-1,7614,5583,7615,-1,7615,5583,5582,-1,7615,5582,7616,-1,7616,5582,5592,-1,7616,5592,7617,-1,7617,5592,5595,-1,7617,5595,7618,-1,5569,7625,5572,-1,5572,7625,7624,-1,5572,7624,5574,-1,5574,7624,7623,-1,5574,7623,7622,-1,5595,5590,7618,-1,7618,5590,5588,-1,7618,5588,7619,-1,7619,5588,5586,-1,7619,5586,7620,-1,7620,5586,5585,-1,7620,5585,7621,-1,7621,5585,5580,-1,7621,5580,7622,-1,7622,5580,5577,-1,7622,5577,5575,-1,5569,5567,7626,-1,7626,5567,5566,-1,7626,5566,7627,-1,7627,5566,5564,-1,7627,5564,7628,-1,7628,5564,5561,-1,7628,5561,7629,-1,7629,5561,5559,-1,7629,5559,5557,-1,7636,7635,5531,-1,5531,7635,7634,-1,5531,7634,5532,-1,7632,5555,7633,-1,7633,5555,5554,-1,7633,5554,7634,-1,7634,5554,5544,-1,7634,5544,5532,-1,5541,5538,7640,-1,7640,5538,5306,-1,7640,5306,7641,-1,7641,5306,5305,-1,7641,5305,7642,-1,7642,5305,5526,-1,7642,5526,7643,-1,5526,5524,7643,-1,7643,5524,5522,-1,7643,5522,7644,-1,7644,5522,5515,-1,7644,5515,7645,-1,7645,5515,5514,-1,7645,5514,7646,-1,7646,5514,5518,-1,7646,5518,7647,-1,7647,5518,5510,-1,7647,5510,7648,-1,7648,5510,5512,-1,7648,5512,5513,-1,5513,5508,7649,-1,7649,5508,5310,-1,7649,5310,7650,-1,7650,5310,5506,-1,7650,5506,7651,-1,7651,5506,5501,-1,7651,5501,7652,-1,7652,5501,5504,-1,7652,5504,5500,-1,5311,5495,7658,-1,7658,5495,5482,-1,7658,5482,5484,-1,5493,5491,7655,-1,7655,5491,5312,-1,7655,5312,7656,-1,7656,5312,5311,-1,7656,5311,7657,-1,7657,5311,7658,-1,5486,5487,7661,-1,7661,5487,5315,-1,7661,5315,7662,-1,7662,5315,5314,-1,7662,5314,7663,-1,7663,5314,5479,-1,7663,5479,7664,-1,7664,5479,5473,-1,7664,5473,7665,-1,7665,5473,5475,-1,7665,5475,7666,-1,7666,5475,5477,-1,7666,5477,7667,-1,5477,5478,7667,-1,7667,5478,5470,-1,7667,5470,7668,-1,7668,5470,5469,-1,7668,5469,7669,-1,7669,5469,5466,-1,7669,5466,7670,-1,7670,5466,5464,-1,7670,5464,5462,-1,5459,5449,7673,-1,7673,5449,5447,-1,7673,5447,7674,-1,7674,5447,5457,-1,7674,5457,7675,-1,7675,5457,5456,-1,7675,5456,7676,-1,7676,5456,7677,-1,7683,7682,5429,-1,5429,7682,7681,-1,5429,7681,5445,-1,5445,7681,7680,-1,5445,7680,5444,-1,5444,7680,5441,-1,5433,5424,7686,-1,7686,5424,5423,-1,7686,5423,7687,-1,7687,5423,5421,-1,7687,5421,7688,-1,7688,5421,5418,-1,7688,5418,7689,-1,7689,5418,5416,-1,7689,5416,5415,-1,5410,5408,7692,-1,7692,5408,5407,-1,7692,5407,7693,-1,7693,5407,5405,-1,7693,5405,7694,-1,7694,5405,5403,-1,7694,5403,7695,-1,5403,5401,7695,-1,7695,5401,5399,-1,7695,5399,7696,-1,7696,5399,5397,-1,7696,5397,7697,-1,7697,5397,5394,-1,7697,5394,7698,-1,7698,5394,5392,-1,7698,5392,7699,-1,7699,5392,5390,-1,7699,5390,5389,-1,5376,5378,7702,-1,7702,5378,5380,-1,7702,5380,7703,-1,7703,5380,5382,-1,7703,5382,7704,-1,7704,5382,5384,-1,7704,5384,7705,-1,7705,5384,5386,-1,7705,5386,5367,-1,5372,5365,7709,-1,7709,5365,5363,-1,7709,5363,7710,-1,7710,5363,5356,-1,7710,5356,7711,-1,7711,5356,5361,-1,7711,5361,7712,-1,7712,5361,5360,-1,7712,5360,5354,-1,5351,5349,7715,-1,7715,5349,5340,-1,7715,5340,7716,-1,7716,5340,5347,-1,7716,5347,7717,-1,7717,5347,5346,-1,7717,5346,7718,-1,7718,5346,5344,-1,7718,5344,5336,-1,7724,7723,5335,-1,5335,7723,7722,-1,5335,7722,5327,-1,5327,7722,7721,-1,5327,7721,5329,-1,5329,7721,5331,-1,5322,5323,7727,-1,7727,5323,5301,-1,7727,5301,7728,-1,7728,5301,5303,-1,7728,5303,7729,-1,7729,5303,5304,-1,7729,5304,7730,-1,7730,5304,5299,-1,7730,5299,7731,-1,5299,5297,7731,-1,7731,5297,5295,-1,7731,5295,7732,-1,7732,5295,5293,-1,7732,5293,7733,-1,7733,5293,5291,-1,7733,5291,7734,-1,7734,5291,5289,-1,7734,5289,7735,-1,7735,5289,5286,-1,7735,5286,5284,-1,5279,5277,7739,-1,7739,5277,5275,-1,7739,5275,7740,-1,7740,5275,5273,-1,7740,5273,7741,-1,7741,5273,5271,-1,7741,5271,7742,-1,7742,5271,5269,-1,7742,5269,5266,-1,7745,5262,7746,-1,7746,5262,5261,-1,7746,5261,5260,-1,5249,5248,7752,-1,7752,5248,5246,-1,7752,5246,7753,-1,7753,5246,5244,-1,7753,5244,7754,-1,7754,5244,5242,-1,7754,5242,7755,-1,5256,5254,7749,-1,7749,5254,5084,-1,7749,5084,7750,-1,7750,5084,5249,-1,7750,5249,7751,-1,7751,5249,7752,-1,5242,5240,7755,-1,7755,5240,5235,-1,7755,5235,7756,-1,7756,5235,5238,-1,7756,5238,7757,-1,7757,5238,5233,-1,7757,5233,7758,-1,7758,5233,5231,-1,7758,5231,5230,-1,5226,5224,7761,-1,7761,5224,5217,-1,7761,5217,7762,-1,7762,5217,5222,-1,7762,5222,7763,-1,7763,5222,5221,-1,7763,5221,7764,-1,7764,5221,7765,-1,5208,5215,7768,-1,7768,5215,5216,-1,7768,5216,7769,-1,7769,5216,5196,-1,7769,5196,7770,-1,7770,5196,5197,-1,7770,5197,7771,-1,5197,5200,7771,-1,7771,5200,5202,-1,7771,5202,7772,-1,7772,5202,5203,-1,7772,5203,7773,-1,7773,5203,5191,-1,7773,5191,7774,-1,7774,5191,5190,-1,7774,5190,7775,-1,7775,5190,5187,-1,7775,5187,7776,-1,7776,5187,5186,-1,7776,5186,5183,-1,5177,5175,7780,-1,7780,5175,5174,-1,7780,5174,7781,-1,7781,5174,5172,-1,7781,5172,7782,-1,7782,5172,5169,-1,7782,5169,7783,-1,5169,5168,7783,-1,7783,5168,5166,-1,7783,5166,7784,-1,7784,5166,5164,-1,7784,5164,7785,-1,7785,5164,5162,-1,7785,5162,7786,-1,7786,5162,5160,-1,7786,5160,7787,-1,7787,5160,5133,-1,7787,5133,5140,-1,5139,5157,7790,-1,7790,5157,5156,-1,7790,5156,7791,-1,7791,5156,5154,-1,7791,5154,7792,-1,7792,5154,5152,-1,7792,5152,7793,-1,7793,5152,5150,-1,7793,5150,5148,-1,5142,5131,7797,-1,7797,5131,5130,-1,7797,5130,7798,-1,7798,5130,5128,-1,7798,5128,7799,-1,7799,5128,5126,-1,7799,5126,7800,-1,7800,5126,5124,-1,7800,5124,7801,-1,5124,5122,7801,-1,7801,5122,5113,-1,7801,5113,7802,-1,7802,5113,5120,-1,7802,5120,7803,-1,7803,5120,5119,-1,7803,5119,7804,-1,7804,5119,5117,-1,7804,5117,7805,-1,7805,5117,5097,-1,7805,5097,5112,-1,7812,7811,5099,-1,5099,7811,7810,-1,5099,7810,5101,-1,5101,7810,7809,-1,5101,7809,5103,-1,5103,7809,5105,-1,5093,5092,7815,-1,7815,5092,5080,-1,7815,5080,7816,-1,7816,5080,5078,-1,7816,5078,7817,-1,7817,5078,5077,-1,7817,5077,7818,-1,7818,5077,5075,-1,7818,5075,7819,-1,7819,5075,5073,-1,7819,5073,5071,-1,5067,5065,7822,-1,7822,5065,5063,-1,7822,5063,7823,-1,7823,5063,5061,-1,7823,5061,7824,-1,7824,5061,5059,-1,7824,5059,7825,-1,7825,5059,5057,-1,7825,5057,7826,-1,7826,5057,5055,-1,7826,5055,7827,-1,5055,5046,7827,-1,7827,5046,5053,-1,7827,5053,7828,-1,7828,5053,5052,-1,7828,5052,5050,-1,7833,4858,7834,-1,7834,4858,5041,-1,7834,5041,5040,-1,5030,5028,7840,-1,7840,5028,5021,-1,7840,5021,7841,-1,7841,5021,5019,-1,7841,5019,7842,-1,7842,5019,5018,-1,7842,5018,7843,-1,5036,5034,7837,-1,7837,5034,5032,-1,7837,5032,7838,-1,7838,5032,5030,-1,7838,5030,7839,-1,7839,5030,7840,-1,5018,5016,7843,-1,7843,5016,5014,-1,7843,5014,7844,-1,7844,5014,5012,-1,7844,5012,7845,-1,7845,5012,5010,-1,7845,5010,7846,-1,7846,5010,5008,-1,7846,5008,5003,-1,5001,5000,7849,-1,7849,5000,4998,-1,7849,4998,7850,-1,7850,4998,4996,-1,7850,4996,7851,-1,7851,4996,4994,-1,7851,4994,7852,-1,7852,4994,7853,-1,4980,4991,7856,-1,7856,4991,4992,-1,7856,4992,7857,-1,7857,4992,4975,-1,7857,4975,7858,-1,7858,4975,4976,-1,7858,4976,7859,-1,4976,4979,7859,-1,7859,4979,4969,-1,7859,4969,7860,-1,7860,4969,4968,-1,7860,4968,7861,-1,7861,4968,4959,-1,7861,4959,7862,-1,7862,4959,4958,-1,7862,4958,7863,-1,7863,4958,4961,-1,7863,4961,7864,-1,7864,4961,4965,-1,7864,4965,4963,-1,4956,4953,7867,-1,7867,4953,4951,-1,7867,4951,7868,-1,7868,4951,4950,-1,7868,4950,7869,-1,7869,4950,4944,-1,7869,4944,7870,-1,7870,4944,4945,-1,7870,4945,7871,-1,7871,4945,4947,-1,7871,4947,4946,-1,4934,4940,7874,-1,7874,4940,4941,-1,7874,4941,7875,-1,7875,4941,4931,-1,7875,4931,7876,-1,7876,4931,4929,-1,7876,4929,7877,-1,4929,4933,7877,-1,7877,4933,4863,-1,7877,4863,7878,-1,7878,4863,4923,-1,7878,4923,7879,-1,7879,4923,4922,-1,7879,4922,7880,-1,7880,4922,4926,-1,7880,4926,7881,-1,7881,4926,4925,-1,7881,4925,4918,-1,4913,4911,7885,-1,7885,4911,4909,-1,7885,4909,7886,-1,7886,4909,4907,-1,7886,4907,7887,-1,7887,4907,4905,-1,7887,4905,7888,-1,7888,4905,4903,-1,7888,4903,7889,-1,7889,4903,4901,-1,7889,4901,4899,-1,4895,4893,7892,-1,7892,4893,4890,-1,7892,4890,7893,-1,7893,4890,4889,-1,7893,4889,7894,-1,7894,4889,4887,-1,7894,4887,7895,-1,7895,4887,4885,-1,7895,4885,7896,-1,7896,4885,4883,-1,7896,4883,4877,-1,4877,4875,7897,-1,7897,4875,4881,-1,7897,4881,7898,-1,7898,4881,4880,-1,7898,4880,7899,-1,7899,4880,4867,-1,7899,4867,7900,-1,7900,4867,4865,-1,7900,4865,4873,-1,4872,4870,7903,-1,7903,4870,4856,-1,7903,4856,7904,-1,7904,4856,4854,-1,7904,4854,7905,-1,7905,4854,4853,-1,7905,4853,7906,-1,4853,4851,7906,-1,7906,4851,4848,-1,7906,4848,7907,-1,7907,4848,4846,-1,7907,4846,7908,-1,7908,4846,4845,-1,7908,4845,7909,-1,7909,4845,4843,-1,7909,4843,7910,-1,7910,4843,4841,-1,7910,4841,7911,-1,7911,4841,4839,-1,7911,4839,4832,-1,4836,4830,7914,-1,7914,4830,4828,-1,7914,4828,7915,-1,7915,4828,4827,-1,7915,4827,7916,-1,7916,4827,4813,-1,7916,4813,7917,-1,7917,4813,4815,-1,7917,4815,7918,-1,7918,4815,4816,-1,7918,4816,4818,-1,4818,4820,7919,-1,7919,4820,4822,-1,7919,4822,7920,-1,7920,4822,4824,-1,7920,4824,7921,-1,7921,4824,4798,-1,7921,4798,7922,-1,7922,4798,4800,-1,7922,4800,4810,-1,4803,4796,7928,-1,7928,4796,4794,-1,7928,4794,7929,-1,7929,4794,4792,-1,7929,4792,4791,-1,4809,4807,7925,-1,7925,4807,4805,-1,7925,4805,7926,-1,7926,4805,4803,-1,7926,4803,7927,-1,7927,4803,7928,-1,4791,4789,7931,-1,7931,4789,4787,-1,7931,4787,7932,-1,7932,4787,4785,-1,7932,4785,7933,-1,7933,4785,4782,-1,7933,4782,7934,-1,7934,4782,4780,-1,7934,4780,4779,-1,4774,4772,7937,-1,7937,4772,4771,-1,7937,4771,7938,-1,7938,4771,4767,-1,7938,4767,7939,-1,7939,4767,4768,-1,7939,4768,7940,-1,7940,4768,4754,-1,7940,4754,4753,-1,4760,4762,7944,-1,7944,4762,4761,-1,7944,4761,7945,-1,7945,4761,4743,-1,7945,4743,7946,-1,7946,4743,4744,-1,7946,4744,7947,-1,7947,4744,4746,-1,7947,4746,4748,-1,4740,4739,7950,-1,7950,4739,4736,-1,7950,4736,7951,-1,7951,4736,4734,-1,7951,4734,7952,-1,7952,4734,4733,-1,7952,4733,7953,-1,7953,4733,4731,-1,7953,4731,7954,-1,7954,4731,4729,-1,7954,4729,7955,-1,4729,4727,7955,-1,7955,4727,4720,-1,7955,4720,7956,-1,7956,4720,4725,-1,7956,4725,7957,-1,7957,4725,4724,-1,7957,4724,7958,-1,7958,4724,4718,-1,7958,4718,7959,-1,7959,4718,4716,-1,7959,4716,4715,-1,4710,4712,7962,-1,7962,4712,4711,-1,7962,4711,7963,-1,7963,4711,4694,-1,7963,4694,7964,-1,7964,4694,4693,-1,7964,4693,7965,-1,4693,4699,7965,-1,7965,4699,4700,-1,7965,4700,7966,-1,7966,4700,4704,-1,7966,4704,7967,-1,7967,4704,4702,-1,7967,4702,7968,-1,7968,4702,4701,-1,7968,4701,7969,-1,7969,4701,4691,-1,7969,4691,4688,-1,4685,4683,7972,-1,7972,4683,4680,-1,7972,4680,7973,-1,7973,4680,4678,-1,7973,4678,7974,-1,7974,4678,4677,-1,7974,4677,7975,-1,7975,4677,4675,-1,7975,4675,7976,-1,7976,4675,4668,-1,7976,4668,7977,-1,7980,4660,7981,-1,7981,4660,4659,-1,7981,4659,7982,-1,7982,4659,4652,-1,7982,4652,7983,-1,7983,4652,4654,-1,7983,4654,7984,-1,4668,4673,7977,-1,7977,4673,4672,-1,7977,4672,7978,-1,7978,4672,4670,-1,7978,4670,7979,-1,7979,4670,4664,-1,7979,4664,7980,-1,7980,4664,4662,-1,7980,4662,4660,-1,4654,4657,7984,-1,7984,4657,4656,-1,7984,4656,7985,-1,7985,4656,4645,-1,7985,4645,7986,-1,7986,4645,4646,-1,7986,4646,7987,-1,7987,4646,4647,-1,7987,4647,4634,-1,4641,4639,7991,-1,7991,4639,4632,-1,7991,4632,7992,-1,7992,4632,4630,-1,7992,4630,7993,-1,7993,4630,4629,-1,7993,4629,7994,-1,7994,4629,4627,-1,7994,4627,7995,-1,7995,4627,4624,-1,7995,4624,4622,-1,4621,4619,7997,-1,7997,4619,4616,-1,7997,4616,7998,-1,7998,4616,4614,-1,7998,4614,7999,-1,7999,4614,4613,-1,7999,4613,8000,-1,4613,4611,8000,-1,8000,4611,4608,-1,8000,4608,8001,-1,8001,4608,4606,-1,8001,4606,8002,-1,8002,4606,4604,-1,8002,4604,8003,-1,8003,4604,4603,-1,8003,4603,8004,-1,8004,4603,4590,-1,8004,4590,8005,-1,8005,4590,4602,-1,8005,4602,8006,-1,8006,4602,4601,-1,8006,4601,4599,-1,4595,4593,8009,-1,8009,4593,4576,-1,8009,4576,8010,-1,8010,4576,4574,-1,8010,4574,4573,-1,4581,4579,8016,-1,8016,4579,4570,-1,8016,4570,8017,-1,8017,4570,4568,-1,8017,4568,4567,-1,4567,4564,8019,-1,8019,4564,4563,-1,8019,4563,8020,-1,8020,4563,4561,-1,8020,4561,8021,-1,8021,4561,4559,-1,8021,4559,8022,-1,8022,4559,4557,-1,8022,4557,4555,-1,4549,4548,8028,-1,8028,4548,4546,-1,8028,4546,4545,-1,4539,4542,8025,-1,8025,4542,4544,-1,8025,4544,8026,-1,8026,4544,4549,-1,8026,4549,8027,-1,8027,4549,8028,-1,4538,4506,8032,-1,8032,4506,4531,-1,8032,4531,8033,-1,8033,4531,4530,-1,8033,4530,8034,-1,8034,4530,4528,-1,8034,4528,8035,-1,8035,4528,4526,-1,8035,4526,4524,-1,4520,4518,8038,-1,8038,4518,4516,-1,8038,4516,8039,-1,8039,4516,4514,-1,8039,4514,8040,-1,8040,4514,4512,-1,8040,4512,8041,-1,8041,4512,4510,-1,8041,4510,8042,-1,8042,4510,4504,-1,8042,4504,8043,-1,4504,4503,8043,-1,8043,4503,4501,-1,8043,4501,8044,-1,8044,4501,4499,-1,8044,4499,8045,-1,8045,4499,4497,-1,8045,4497,8046,-1,8046,4497,4495,-1,8046,4495,4486,-1,4483,4491,8050,-1,8050,4491,4490,-1,8050,4490,8051,-1,8051,4490,4467,-1,8051,4467,8052,-1,8052,4467,4468,-1,8052,4468,8053,-1,4468,4470,8053,-1,8053,4470,4472,-1,8053,4472,8054,-1,8054,4472,4474,-1,8054,4474,8055,-1,8055,4474,4476,-1,8055,4476,8056,-1,8056,4476,4478,-1,8056,4478,8057,-1,8057,4478,4480,-1,8057,4480,4464,-1,8062,4453,8063,-1,8063,4453,4451,-1,8063,4451,8064,-1,8064,4451,4448,-1,8064,4448,8065,-1,8065,4448,4446,-1,8065,4446,4445,-1,4445,4443,8066,-1,8066,4443,4440,-1,8066,4440,8067,-1,8067,4440,4438,-1,8067,4438,8068,-1,8068,4438,4437,-1,8068,4437,8069,-1,8069,4437,4432,-1,8069,4432,4430,-1,4413,8076,4426,-1,4426,8076,8075,-1,4426,8075,4427,-1,4427,8075,8074,-1,4427,8074,8073,-1,4418,4416,8079,-1,8079,4416,4408,-1,8079,4408,8080,-1,8080,4408,4406,-1,8080,4406,8081,-1,8081,4406,4405,-1,8081,4405,8082,-1,4405,4403,8082,-1,8082,4403,4400,-1,8082,4400,8083,-1,8083,4400,4398,-1,8083,4398,8084,-1,8084,4398,4397,-1,8084,4397,8085,-1,8085,4397,4395,-1,8085,4395,8086,-1,8086,4395,4392,-1,8086,4392,8087,-1,8087,4392,4390,-1,8087,4390,4389,-1,8094,8093,4373,-1,4373,8093,8092,-1,4373,8092,4367,-1,4367,8092,8091,-1,4367,8091,4368,-1,4368,8091,4381,-1,8096,4375,8097,-1,8097,4375,4365,-1,8097,4365,8098,-1,8098,4365,4353,-1,8098,4353,4351,-1,4362,4360,8101,-1,8101,4360,4358,-1,8101,4358,8102,-1,8102,4358,4356,-1,8102,4356,8103,-1,8103,4356,4348,-1,8103,4348,8104,-1,8104,4348,4346,-1,8104,4346,8105,-1,8105,4346,4345,-1,8105,4345,8106,-1,8106,4345,4343,-1,8106,4343,4189,-1,8113,8112,4332,-1,4332,8112,8111,-1,4332,8111,4334,-1,4334,8111,8110,-1,4334,8110,4335,-1,4335,8110,8109,-1,4335,8109,4337,-1,4337,8109,4340,-1,4314,8116,4328,-1,4328,8116,8115,-1,4328,8115,8114,-1,8119,8118,4319,-1,4319,8118,8117,-1,4319,8117,4320,-1,4320,8117,8116,-1,4320,8116,4317,-1,4317,8116,4314,-1,4305,4304,8122,-1,8122,4304,4303,-1,8122,4303,8123,-1,4313,4321,8119,-1,8119,4321,4306,-1,8119,4306,8120,-1,8120,4306,4305,-1,8120,4305,8121,-1,8121,4305,8122,-1,4303,4301,8123,-1,8123,4301,4300,-1,8123,4300,8124,-1,8124,4300,4298,-1,8124,4298,8125,-1,8125,4298,4296,-1,8125,4296,8126,-1,8126,4296,4294,-1,8126,4294,8127,-1,8127,4294,4291,-1,8127,4291,8128,-1,8128,4291,4289,-1,8128,4289,4288,-1,4283,4285,8131,-1,8131,4285,4284,-1,8131,4284,8132,-1,8132,4284,4278,-1,8132,4278,8133,-1,8133,4278,4275,-1,8133,4275,8134,-1,8134,4275,4274,-1,8134,4274,4272,-1,4265,4263,8138,-1,8138,4263,4262,-1,8138,4262,8139,-1,8139,4262,4252,-1,8139,4252,8140,-1,8140,4252,4253,-1,8140,4253,8141,-1,8141,4253,4255,-1,8141,4255,4257,-1,4191,4190,8144,-1,8144,4190,4245,-1,8144,4245,8145,-1,8145,4245,4247,-1,8145,4247,8146,-1,8146,4247,4246,-1,8146,4246,8147,-1,8147,4246,4243,-1,8147,4243,8148,-1,4243,4241,8148,-1,8148,4241,4239,-1,8148,4239,8149,-1,8149,4239,4232,-1,8149,4232,8150,-1,8150,4232,4237,-1,8150,4237,8151,-1,8151,4237,4236,-1,8151,4236,4230,-1,4227,4225,8154,-1,8154,4225,4223,-1,8154,4223,8155,-1,8155,4223,4221,-1,8155,4221,8156,-1,8156,4221,4219,-1,8156,4219,8157,-1,8157,4219,4217,-1,8157,4217,4215,-1,4205,4203,8163,-1,8163,4203,4197,-1,8163,4197,4195,-1,4210,4208,8160,-1,8160,4208,4206,-1,8160,4206,8161,-1,8161,4206,4205,-1,8161,4205,8162,-1,8162,4205,8163,-1,4201,4200,8166,-1,8166,4200,4183,-1,8166,4183,8167,-1,8167,4183,4185,-1,8167,4185,8168,-1,8168,4185,4186,-1,8168,4186,8169,-1,8169,4186,4181,-1,8169,4181,8170,-1,8174,4166,8175,-1,8175,4166,4165,-1,8175,4165,8176,-1,8176,4165,4163,-1,8176,4163,8177,-1,8177,4163,4161,-1,8177,4161,8178,-1,8178,4161,4159,-1,8178,4159,4157,-1,4181,4179,8170,-1,8170,4179,4177,-1,8170,4177,8171,-1,8171,4177,4175,-1,8171,4175,8172,-1,8172,4175,4173,-1,8172,4173,8173,-1,8173,4173,4171,-1,8173,4171,8174,-1,8174,4171,4168,-1,8174,4168,4166,-1,4157,4155,8179,-1,8179,4155,4153,-1,8179,4153,8180,-1,8180,4153,4151,-1,8180,4151,8181,-1,8181,4151,4148,-1,8181,4148,8182,-1,8182,4148,4146,-1,8182,4146,4145,-1,8188,8187,4139,-1,4139,8187,8186,-1,4139,8186,4130,-1,4130,8186,8185,-1,4130,8185,4132,-1,4132,8185,4141,-1,4134,4127,8191,-1,8191,4127,4125,-1,8191,4125,8192,-1,8192,4125,4123,-1,8192,4123,8193,-1,8193,4123,4121,-1,8193,4121,8194,-1,8194,4121,4119,-1,8194,4119,4116,-1,4112,4110,8197,-1,8197,4110,4108,-1,8197,4108,8198,-1,8198,4108,4107,-1,8198,4107,8199,-1,8199,4107,4105,-1,8199,4105,8200,-1,8200,4105,4099,-1,8200,4099,4097,-1,4090,8204,4102,-1,4102,8204,8203,-1,4102,8203,8202,-1,4090,4091,8204,-1,8204,4091,4083,-1,8204,4083,8205,-1,8205,4083,4085,-1,8205,4085,8206,-1,8206,4085,4087,-1,8206,4087,8207,-1,4087,4094,8207,-1,8207,4094,4095,-1,8207,4095,8208,-1,8208,4095,4074,-1,8208,4074,8209,-1,8209,4074,4073,-1,8209,4073,8210,-1,8210,4073,4080,-1,8210,4080,4078,-1,4077,4070,8213,-1,8213,4070,4069,-1,8213,4069,8214,-1,8214,4069,4067,-1,8214,4067,8215,-1,8215,4067,4065,-1,8215,4065,8216,-1,8216,4065,4063,-1,8216,4063,4061,-1,4056,4054,8219,-1,8219,4054,4053,-1,8219,4053,8220,-1,8220,4053,4051,-1,8220,4051,8221,-1,8221,4051,4049,-1,8221,4049,8222,-1,8222,4049,4047,-1,8222,4047,4045,-1,4038,4036,8226,-1,8226,4036,4035,-1,8226,4035,8227,-1,8227,4035,4033,-1,8227,4033,8228,-1,8228,4033,4031,-1,8228,4031,8229,-1,8229,4031,4029,-1,8229,4029,4027,-1,4022,4023,8232,-1,8232,4023,4018,-1,8232,4018,8233,-1,8233,4018,4017,-1,8233,4017,8234,-1,8234,4017,4015,-1,8234,4015,8235,-1,8235,4015,4013,-1,8235,4013,8236,-1,4013,4011,8236,-1,8236,4011,4009,-1,8236,4009,8237,-1,8237,4009,4007,-1,8237,4007,8238,-1,8238,4007,4005,-1,8238,4005,8239,-1,8239,4005,4003,-1,8239,4003,8240,-1,8240,4003,4000,-1,8240,4000,3998,-1,3992,3990,8244,-1,8244,3990,3989,-1,8244,3989,8245,-1,8245,3989,3984,-1,8245,3984,3985,-1,8250,3981,8251,-1,8251,3981,3980,-1,8251,3980,3978,-1,3969,3968,8254,-1,8254,3968,3956,-1,8254,3956,8255,-1,8255,3956,3963,-1,8255,3963,8256,-1,8256,3963,3962,-1,8256,3962,8257,-1,8257,3962,3960,-1,8257,3960,8258,-1,8258,3960,3940,-1,8258,3940,3955,-1,3952,3950,8261,-1,8261,3950,3948,-1,8261,3948,8262,-1,8262,3948,3946,-1,8262,3946,8263,-1,8263,3946,3944,-1,8263,3944,8264,-1,8264,3944,3942,-1,8264,3942,3936,-1,3933,3915,8267,-1,8267,3915,3916,-1,8267,3916,8268,-1,8268,3916,3918,-1,8268,3918,8269,-1,8269,3918,3920,-1,8269,3920,8270,-1,8270,3920,3922,-1,8270,3922,3924,-1,8276,8275,3911,-1,3911,8275,8274,-1,3911,8274,3912,-1,3912,8274,8273,-1,3912,8273,3930,-1,3930,8273,3928,-1,3907,3906,8279,-1,8279,3906,3900,-1,8279,3900,8280,-1,8280,3900,3898,-1,8280,3898,8281,-1,8281,3898,3897,-1,8281,3897,8282,-1,8282,3897,3895,-1,8282,3895,3882,-1,8288,8287,3886,-1,3886,8287,8286,-1,3886,8286,3888,-1,3888,8286,8285,-1,3888,8285,3890,-1,3890,8285,3892,-1,3859,8292,3876,-1,3876,8292,8291,-1,3876,8291,8290,-1,3859,3867,8292,-1,8292,3867,3866,-1,8292,3866,8293,-1,8293,3866,3863,-1,8293,3863,8294,-1,8294,3863,3862,-1,8294,3862,8295,-1,3862,3870,8295,-1,8295,3870,3871,-1,8295,3871,8296,-1,8296,3871,3856,-1,8296,3856,8297,-1,8297,3856,3854,-1,8297,3854,8298,-1,8303,3841,8304,-1,8304,3841,3840,-1,8304,3840,8305,-1,8305,3840,3838,-1,8305,3838,8306,-1,3854,3858,8298,-1,8298,3858,3848,-1,8298,3848,8299,-1,8299,3848,3851,-1,8299,3851,8300,-1,8300,3851,3742,-1,8300,3742,8301,-1,8301,3742,3847,-1,8301,3847,8302,-1,8302,3847,3845,-1,8302,3845,8303,-1,8303,3845,3843,-1,8303,3843,3841,-1,3838,3835,8306,-1,8306,3835,3833,-1,8306,3833,8307,-1,8307,3833,3832,-1,8307,3832,8308,-1,8308,3832,3830,-1,8308,3830,8309,-1,8309,3830,3827,-1,8309,3827,8310,-1,8310,3827,3825,-1,8310,3825,3824,-1,3817,3820,8313,-1,8313,3820,3822,-1,8313,3822,8314,-1,8314,3822,3823,-1,8314,3823,8315,-1,8315,3823,3801,-1,8315,3801,8316,-1,8316,3801,3813,-1,8316,3813,8317,-1,8317,3813,3812,-1,8317,3812,3810,-1,3806,3804,8320,-1,8320,3804,3797,-1,8320,3797,8321,-1,8321,3797,3795,-1,8321,3795,8322,-1,8322,3795,3794,-1,8322,3794,8323,-1,8323,3794,3792,-1,8323,3792,8324,-1,3792,3789,8324,-1,8324,3789,3788,-1,8324,3788,8325,-1,8325,3788,3786,-1,8325,3786,8326,-1,8326,3786,3784,-1,8326,3784,8327,-1,8327,3784,3781,-1,8327,3781,8328,-1,8328,3781,3780,-1,8328,3780,3777,-1,3772,3770,8332,-1,8332,3770,3768,-1,8332,3768,8333,-1,8333,3768,3762,-1,8333,3762,8334,-1,8334,3762,3763,-1,8334,3763,8335,-1,8335,3763,3764,-1,8335,3764,3753,-1,3753,3752,8336,-1,8336,3752,3755,-1,8336,3755,8337,-1,8337,3755,3757,-1,8337,3757,8338,-1,8338,3757,3743,-1,8338,3743,8339,-1,8339,3743,3745,-1,8339,3745,3747,-1,3751,3750,8342,-1,8342,3750,3738,-1,8342,3738,8343,-1,8343,3738,3736,-1,8343,3736,8344,-1,8344,3736,3735,-1,8344,3735,8345,-1,8345,3735,3733,-1,8345,3733,8346,-1,8350,3719,8351,-1,8351,3719,3717,-1,8351,3717,8352,-1,8352,3717,3714,-1,8352,3714,8353,-1,3733,3730,8346,-1,8346,3730,3729,-1,8346,3729,8347,-1,8347,3729,3727,-1,8347,3727,8348,-1,8348,3727,3725,-1,8348,3725,8349,-1,8349,3725,3722,-1,8349,3722,8350,-1,8350,3722,3721,-1,8350,3721,3719,-1,3714,3713,8353,-1,8353,3713,3710,-1,8353,3710,8354,-1,8354,3710,3709,-1,8354,3709,8355,-1,8355,3709,3707,-1,8355,3707,8356,-1,8356,3707,3705,-1,8356,3705,8357,-1,8357,3705,3703,-1,8357,3703,3694,-1,8364,8363,3684,-1,3684,8363,8362,-1,3684,8362,3683,-1,3683,8362,8361,-1,3683,8361,3681,-1,3681,8361,3679,-1,3690,3678,8367,-1,8367,3678,3677,-1,8367,3677,8368,-1,8368,3677,3674,-1,8368,3674,3673,-1,3658,3665,8373,-1,8373,3665,3664,-1,8373,3664,8374,-1,8374,3664,3662,-1,8374,3662,8375,-1,8375,3662,3656,-1,8375,3656,8376,-1,8376,3656,3654,-1,8376,3654,3653,-1,3649,3635,8379,-1,8379,3635,3638,-1,8379,3638,8380,-1,8380,3638,3639,-1,8380,3639,8381,-1,8381,3639,3641,-1,8381,3641,8382,-1,8382,3641,3643,-1,8382,3643,8383,-1,3643,3645,8383,-1,8383,3645,3644,-1,8383,3644,8384,-1,8384,3644,3622,-1,8384,3622,8385,-1,8385,3622,3623,-1,8385,3623,8386,-1,8386,3623,3634,-1,8386,3634,3633,-1,3629,3627,8389,-1,8389,3627,3618,-1,8389,3618,8390,-1,8390,3618,3616,-1,8390,3616,8391,-1,8391,3616,3615,-1,8391,3615,8392,-1,8392,3615,3613,-1,8392,3613,8393,-1,8393,3613,3611,-1,8393,3611,8394,-1,3611,3608,8394,-1,8394,3608,3606,-1,8394,3606,8395,-1,8395,3606,3605,-1,8395,3605,8396,-1,8396,3605,3603,-1,8396,3603,8397,-1,8397,3603,3600,-1,8397,3600,8398,-1,8398,3600,3598,-1,8398,3598,3597,-1,3588,3596,8401,-1,8401,3596,3595,-1,8401,3595,8402,-1,8402,3595,3593,-1,8402,3593,8403,-1,8403,3593,3584,-1,8403,3584,8404,-1,8404,3584,3582,-1,8404,3582,3580,-1,3575,3573,8408,-1,8408,3573,3571,-1,8408,3571,8409,-1,8409,3571,3518,-1,8409,3518,8410,-1,8410,3518,3569,-1,8410,3569,8411,-1,3569,3568,8411,-1,8411,3568,3565,-1,8411,3565,8412,-1,8412,3565,3563,-1,8412,3563,8413,-1,8413,3563,3562,-1,8413,3562,8414,-1,8414,3562,3560,-1,8414,3560,8415,-1,8415,3560,3557,-1,8415,3557,8416,-1,8416,3557,3556,-1,8416,3556,3554,-1,3550,3547,8419,-1,8419,3547,3545,-1,8419,3545,8420,-1,8420,3545,3544,-1,8420,3544,8421,-1,8421,3544,3536,-1,8421,3536,8422,-1,8422,3536,3538,-1,8422,3538,8423,-1,8423,3538,3539,-1,8423,3539,3541,-1,3529,3531,8426,-1,8426,3531,3519,-1,8426,3519,8427,-1,8427,3519,3521,-1,8427,3521,3527,-1,3526,3524,8430,-1,8430,3524,3512,-1,8430,3512,8431,-1,8431,3512,3511,-1,8431,3511,8432,-1,8432,3511,3514,-1,8432,3514,8433,-1,8433,3514,3505,-1,8433,3505,8434,-1,8438,3495,8439,-1,8439,3495,3493,-1,8439,3493,8440,-1,8440,3493,3490,-1,8440,3490,8441,-1,3505,3506,8434,-1,8434,3506,3508,-1,8434,3508,8435,-1,8435,3508,3507,-1,8435,3507,8436,-1,8436,3507,3501,-1,8436,3501,8437,-1,8437,3501,3499,-1,8437,3499,8438,-1,8438,3499,3497,-1,8438,3497,3495,-1,3490,3488,8441,-1,8441,3488,3486,-1,8441,3486,8442,-1,8442,3486,3485,-1,8442,3485,8443,-1,8443,3485,3483,-1,8443,3483,8444,-1,8444,3483,3481,-1,8444,3481,8445,-1,8445,3481,3479,-1,8445,3479,3477,-1,8452,8451,3467,-1,3467,8451,8450,-1,3467,8450,3461,-1,3461,8450,8449,-1,3461,8449,3459,-1,3459,8449,3294,-1,3450,8458,3452,-1,3452,8458,8457,-1,3452,8457,8456,-1,3463,3457,8455,-1,8455,3457,3455,-1,8455,3455,8456,-1,8456,3455,3453,-1,8456,3453,3452,-1,3444,3442,8461,-1,8461,3442,3440,-1,8461,3440,8462,-1,8462,3440,3438,-1,8462,3438,8463,-1,8463,3438,3435,-1,8463,3435,8464,-1,8464,3435,3433,-1,8464,3433,3432,-1,8470,8469,3422,-1,3422,8469,8468,-1,3422,8468,3428,-1,3428,8468,8467,-1,3428,8467,3429,-1,3429,8467,3427,-1,3418,3400,8471,-1,8471,3400,3399,-1,8471,3399,8472,-1,8472,3399,3412,-1,8472,3412,8473,-1,8473,3412,3414,-1,8473,3414,8474,-1,8474,3414,3411,-1,8474,3411,3410,-1,3406,3404,8477,-1,8477,3404,3397,-1,8477,3397,8478,-1,8478,3397,3396,-1,8478,3396,8479,-1,8479,3396,3394,-1,8479,3394,8480,-1,8480,3394,3392,-1,8480,3392,8481,-1,8481,3392,3389,-1,8481,3389,8482,-1,8482,3389,3388,-1,8482,3388,3386,-1,3382,3380,8485,-1,8485,3380,3378,-1,8485,3378,8501,-1,8501,3378,3376,-1,8501,3376,8500,-1,8500,3376,3374,-1,8500,3374,8499,-1,8499,3374,3371,-1,8499,3371,8498,-1,3371,3369,8498,-1,8498,3369,3368,-1,8498,3368,8497,-1,8497,3368,3354,-1,8497,3354,8496,-1,8496,3354,3355,-1,8496,3355,8495,-1,8495,3355,3357,-1,8495,3357,3359,-1,3365,3351,8491,-1,8491,3351,3349,-1,8491,3349,8490,-1,8490,3349,3347,-1,8490,3347,8489,-1,8489,3347,3346,-1,8489,3346,8488,-1,8488,3346,3344,-1,8488,3344,8487,-1,3344,3341,8487,-1,8487,3341,3339,-1,8487,3339,8486,-1,8486,3339,3338,-1,8486,3338,8502,-1,8502,3338,3336,-1,8502,3336,8503,-1,8503,3336,3333,-1,8503,3333,8504,-1,8504,3333,3331,-1,8504,3331,3330,-1,8511,8510,3321,-1,3321,8510,8509,-1,3321,8509,3313,-1,3313,8509,8508,-1,3313,8508,3315,-1,3315,8508,3322,-1,3310,3309,8515,-1,8515,3309,3298,-1,8515,3298,8516,-1,8516,3298,3296,-1,8516,3296,8517,-1,8517,3296,3304,-1,8517,3304,8518,-1,8518,3304,3303,-1,8518,3303,8519,-1,8519,3303,3301,-1,8519,3301,3290,-1,3287,3285,8522,-1,8522,3285,3282,-1,8522,3282,8523,-1,8523,3282,3280,-1,8523,3280,8524,-1,8524,3280,3279,-1,8524,3279,8525,-1,8525,3279,3277,-1,8525,3277,8526,-1,8526,3277,3274,-1,8526,3274,8527,-1,3274,3272,8527,-1,8527,3272,3271,-1,8527,3271,8528,-1,8528,3271,3269,-1,8528,3269,8529,-1,8529,3269,3266,-1,8529,3266,8530,-1,8530,3266,3264,-1,8530,3264,3262,-1,3253,3254,8533,-1,8533,3254,3258,-1,8533,3258,3256,-1,3262,3261,8531,-1,8531,3261,3251,-1,8531,3251,8532,-1,8532,3251,3253,-1,8532,3253,8512,-1,8512,3253,8533,-1,3255,3247,8536,-1,8536,3247,3235,-1,8536,3235,8537,-1,8537,3235,3233,-1,8537,3233,8538,-1,8538,3233,3245,-1,8538,3245,8539,-1,8539,3245,3244,-1,8539,3244,8540,-1,3244,3242,8540,-1,8540,3242,3240,-1,8540,3240,8541,-1,8541,3240,3238,-1,8541,3238,8542,-1,8542,3238,3230,-1,8542,3230,8543,-1,8543,3230,3228,-1,8543,3228,8544,-1,8544,3228,3226,-1,8544,3226,8545,-1,8545,3226,3225,-1,8545,3225,3222,-1,3218,3217,8548,-1,8548,3217,3214,-1,8548,3214,8549,-1,8549,3214,3213,-1,8549,3213,8550,-1,8550,3213,3211,-1,8550,3211,8551,-1,8551,3211,8552,-1,8558,8557,3176,-1,3176,8557,8556,-1,3176,8556,3202,-1,3202,8556,8555,-1,3202,8555,3203,-1,3203,8555,3205,-1,3193,3191,8561,-1,8561,3191,3189,-1,8561,3189,8562,-1,8562,3189,3187,-1,8562,3187,3185,-1,3170,3168,8567,-1,8567,3168,3167,-1,8567,3167,8568,-1,8568,3167,3165,-1,8568,3165,8569,-1,8569,3165,3163,-1,8569,3163,8570,-1,8570,3163,3161,-1,8570,3161,3159,-1,3155,3153,8573,-1,8573,3153,3151,-1,8573,3151,8574,-1,8574,3151,3149,-1,8574,3149,8575,-1,8575,3149,3147,-1,8575,3147,8576,-1,8576,3147,3145,-1,8576,3145,8577,-1,3145,3071,8577,-1,8577,3071,3136,-1,8577,3136,8578,-1,8578,3136,3137,-1,8578,3137,8579,-1,8579,3137,3139,-1,8579,3139,8580,-1,8580,3139,3141,-1,8580,3141,3130,-1,3132,3135,8583,-1,8583,3135,3127,-1,8583,3127,8584,-1,8584,3127,3125,-1,8584,3125,8585,-1,8585,3125,3124,-1,8585,3124,8586,-1,8586,3124,3122,-1,8586,3122,8587,-1,8587,3122,3120,-1,8587,3120,3118,-1,8593,8592,3107,-1,3107,8592,8591,-1,3107,8591,3109,-1,3109,8591,8590,-1,3109,8590,3114,-1,3114,8590,3110,-1,3098,3096,8596,-1,8596,3096,3087,-1,8596,3087,8597,-1,8597,3087,3085,-1,8597,3085,8598,-1,8598,3085,3084,-1,8598,3084,8599,-1,8599,3084,3092,-1,8599,3092,3090,-1,8605,8604,3072,-1,3072,8604,8603,-1,3072,8603,3073,-1,3073,8603,8602,-1,3073,8602,3076,-1,3076,8602,3082,-1,3072,3078,8605,-1,8605,3078,3065,-1,8605,3065,8606,-1,8606,3065,3067,-1,8606,3067,8607,-1,8607,3067,3068,-1,8607,3068,8608,-1,8608,3068,3063,-1,8608,3063,8609,-1,8609,3063,3061,-1,8609,3061,3059,-1,3053,3050,8613,-1,8613,3050,3048,-1,8613,3048,8614,-1,8614,3048,3047,-1,8614,3047,8615,-1,8615,3047,3045,-1,8615,3045,8616,-1,8616,3045,3043,-1,8616,3043,8617,-1,8617,3043,3041,-1,8617,3041,3039,-1,3039,3037,8618,-1,8618,3037,3035,-1,8618,3035,8619,-1,8619,3035,3033,-1,8619,3033,8620,-1,8620,3033,3030,-1,8620,3030,8621,-1,8621,3030,3028,-1,8621,3028,3026,-1,8630,8629,3010,-1,3010,8629,8628,-1,3010,8628,2847,-1,2847,8628,8627,-1,2847,8627,3020,-1,3020,8627,3021,-1,3023,3017,8624,-1,8624,3017,3015,-1,8624,3015,8625,-1,8625,3015,3021,-1,8625,3021,8626,-1,8626,3021,8627,-1,3010,3011,8630,-1,8630,3011,3009,-1,8630,3009,8631,-1,8631,3009,3008,-1,8631,3008,8632,-1,8632,3008,3003,-1,8632,3003,8633,-1,8633,3003,3006,-1,8633,3006,2850,-1,3000,2998,8636,-1,8636,2998,2996,-1,8636,2996,8637,-1,8637,2996,2995,-1,8637,2995,8638,-1,8638,2995,2993,-1,8638,2993,8639,-1,8639,2993,2987,-1,8639,2987,2985,-1,2973,2975,8643,-1,8643,2975,2976,-1,8643,2976,8644,-1,8644,2976,2977,-1,8644,2977,8645,-1,8645,2977,2979,-1,8645,2979,8646,-1,8646,2979,2982,-1,8646,2982,2983,-1,8652,8651,2965,-1,2965,8651,8650,-1,2965,8650,2966,-1,2966,8650,8649,-1,2966,8649,2968,-1,2968,8649,2964,-1,2953,2853,8655,-1,8655,2853,2951,-1,8655,2951,8656,-1,8656,2951,2950,-1,8656,2950,8657,-1,8657,2950,2947,-1,8657,2947,8658,-1,8658,2947,2945,-1,8658,2945,2944,-1,2940,2938,8661,-1,8661,2938,2936,-1,8661,2936,8662,-1,8662,2936,2934,-1,8662,2934,8663,-1,8663,2934,2932,-1,8663,2932,8664,-1,8664,2932,2929,-1,8664,2929,8665,-1,2929,2927,8665,-1,8665,2927,2926,-1,8665,2926,8666,-1,8666,2926,2913,-1,8666,2913,8667,-1,8667,2913,2915,-1,8667,2915,8668,-1,8668,2915,2924,-1,8668,2924,2923,-1,2919,2917,8671,-1,8671,2917,2909,-1,8671,2909,8672,-1,8672,2909,2907,-1,8672,2907,8673,-1,8673,2907,2905,-1,8673,2905,8674,-1,8674,2905,2904,-1,8674,2904,8675,-1,8679,2889,8680,-1,8680,2889,2888,-1,8680,2888,8681,-1,8681,2888,2886,-1,8681,2886,8682,-1,8682,2886,2883,-1,8682,2883,8683,-1,8683,2883,2881,-1,8683,2881,2880,-1,2904,2902,8675,-1,8675,2902,2900,-1,8675,2900,8676,-1,8676,2900,2893,-1,8676,2893,8677,-1,8677,2893,2898,-1,8677,2898,8678,-1,8678,2898,2897,-1,8678,2897,8679,-1,8679,2897,2891,-1,8679,2891,2889,-1,2880,2874,8684,-1,8684,2874,2875,-1,8684,2875,8685,-1,8685,2875,2877,-1,8685,2877,8686,-1,8686,2877,2856,-1,8686,2856,8687,-1,8687,2856,2855,-1,8687,2855,2867,-1,8693,8692,2861,-1,2861,8692,8691,-1,2861,8691,2863,-1,2863,8691,8690,-1,2863,8690,2865,-1,2865,8690,2866,-1,2861,2859,8693,-1,8693,2859,2844,-1,8693,2844,8694,-1,8694,2844,2843,-1,8694,2843,8695,-1,8695,2843,2841,-1,8695,2841,8696,-1,8696,2841,2839,-1,8696,2839,8697,-1,8697,2839,2837,-1,8697,2837,2835,-1,2833,2832,8700,-1,8700,2832,2826,-1,8700,2826,8701,-1,8701,2826,2824,-1,8701,2824,8702,-1,8702,2824,2823,-1,8702,2823,8703,-1,8703,2823,2821,-1,8703,2821,2818,-1,2815,2810,8706,-1,8706,2810,2811,-1,8706,2811,8707,-1,8707,2811,2814,-1,8707,2814,8708,-1,8708,2814,2797,-1,8708,2797,8709,-1,8709,2797,2796,-1,8709,2796,2800,-1,8718,8717,2790,-1,2790,8717,8716,-1,2790,8716,2792,-1,2792,8716,8715,-1,2792,8715,2794,-1,2794,8715,2795,-1,2806,2804,8712,-1,8712,2804,2784,-1,8712,2784,8713,-1,8713,2784,2795,-1,8713,2795,8714,-1,8714,2795,8715,-1,2790,2788,8718,-1,8718,2788,2782,-1,8718,2782,8719,-1,8719,2782,2780,-1,8719,2780,8720,-1,8720,2780,2779,-1,8720,2779,8721,-1,8721,2779,2777,-1,8721,2777,2775,-1,2770,2769,8724,-1,8724,2769,2767,-1,8724,2767,8725,-1,8725,2767,2765,-1,8725,2765,8726,-1,8726,2765,2762,-1,8726,2762,8727,-1,8727,2762,2761,-1,8727,2761,2755,-1,2748,2747,8731,-1,8731,2747,2745,-1,8731,2745,8732,-1,8732,2745,2742,-1,8732,2742,8733,-1,8733,2742,2741,-1,8733,2741,8734,-1,8734,2741,2750,-1,8734,2750,2749,-1,2731,2737,8737,-1,8737,2737,2739,-1,8737,2739,8738,-1,8738,2739,2740,-1,8738,2740,8739,-1,8739,2740,2728,-1,8739,2728,8740,-1,8740,2728,2727,-1,8740,2727,8741,-1,8741,2727,2725,-1,8741,2725,8742,-1,2725,2722,8742,-1,8742,2722,2720,-1,8742,2720,8743,-1,8743,2720,2719,-1,8743,2719,8744,-1,8744,2719,2717,-1,8744,2717,8745,-1,8745,2717,2714,-1,8745,2714,2712,-1,2706,2704,8749,-1,8749,2704,2703,-1,8749,2703,8750,-1,8750,2703,2695,-1,8750,2695,8751,-1,8751,2695,2696,-1,8751,2696,8752,-1,8752,2696,2699,-1,8752,2699,8753,-1,2699,2701,8753,-1,8753,2701,2702,-1,8753,2702,8754,-1,8754,2702,2680,-1,8754,2680,8755,-1,8755,2680,2692,-1,8755,2692,8756,-1,8756,2692,2691,-1,8756,2691,2689,-1,2685,2683,8759,-1,8759,2683,2676,-1,8759,2676,8760,-1,8760,2676,2674,-1,8760,2674,8761,-1,8761,2674,2673,-1,8761,2673,8762,-1,8762,2673,2671,-1,8762,2671,8763,-1,8767,2660,8768,-1,8768,2660,2658,-1,8768,2658,8769,-1,8769,2658,2656,-1,8769,2656,8770,-1,8770,2656,2654,-1,8770,2654,8771,-1,8771,2654,2634,-1,8771,2634,2649,-1,2671,2668,8763,-1,8763,2668,2667,-1,8763,2667,8764,-1,8764,2667,2665,-1,8764,2665,8765,-1,8765,2665,2663,-1,8765,2663,8766,-1,8766,2663,2652,-1,8766,2652,8767,-1,8767,2652,2661,-1,8767,2661,2660,-1,2649,2648,8772,-1,8772,2648,2646,-1,8772,2646,8773,-1,8773,2646,2644,-1,8773,2644,8774,-1,8774,2644,2642,-1,8774,2642,8775,-1,8775,2642,2640,-1,8775,2640,2638,-1,8781,8780,2625,-1,2625,8780,8779,-1,2625,8779,2627,-1,2627,8779,8778,-1,2627,8778,2629,-1,2629,8778,2630,-1,2625,2623,8781,-1,8781,2623,2620,-1,8781,2620,8782,-1,8782,2620,2618,-1,8782,2618,8783,-1,8783,2618,2616,-1,8783,2616,8784,-1,8784,2616,2615,-1,8784,2615,8785,-1,8785,2615,2612,-1,8785,2612,8786,-1,8786,2612,2610,-1,8786,2610,2608,-1,2604,2602,8789,-1,8789,2602,2600,-1,8789,2600,8790,-1,8790,2600,2599,-1,8790,2599,8791,-1,8791,2599,2596,-1,8791,2596,8792,-1,8792,2596,2593,-1,8792,2593,2592,-1,2587,2589,8796,-1,8796,2589,2590,-1,8796,2590,8797,-1,8797,2590,2576,-1,8797,2576,8798,-1,8798,2576,2578,-1,8798,2578,8799,-1,2578,2582,8799,-1,8799,2582,2581,-1,8799,2581,8800,-1,8800,2581,2566,-1,8800,2566,8801,-1,8801,2566,2564,-1,8801,2564,8802,-1,8802,2564,2562,-1,8802,2562,8803,-1,8803,2562,2561,-1,8803,2561,2571,-1,2568,2558,8806,-1,8806,2558,2556,-1,8806,2556,8830,-1,8830,2556,2554,-1,8830,2554,8829,-1,8829,2554,2553,-1,8829,2553,8828,-1,8828,2553,2550,-1,8828,2550,8827,-1,8827,2550,2547,-1,8827,2547,2546,-1,2542,2540,8824,-1,8824,2540,2538,-1,8824,2538,8823,-1,8823,2538,2536,-1,8823,2536,8822,-1,8822,2536,2534,-1,8822,2534,8821,-1,8821,2534,2532,-1,8821,2532,2531,-1,2514,2516,8818,-1,8818,2516,2518,-1,8818,2518,8817,-1,8817,2518,2520,-1,8817,2520,8816,-1,8816,2520,2522,-1,8816,2522,8815,-1,8815,2522,2524,-1,8815,2524,2526,-1,8809,8810,2504,-1,2504,8810,8811,-1,2504,8811,2506,-1,2506,8811,8812,-1,2506,8812,2508,-1,2508,8812,2509,-1,2483,2488,7320,-1,7320,2488,2490,-1,7320,2490,7321,-1,7321,2490,2492,-1,7321,2492,2494,-1,7379,7380,9068,-1,6039,5780,5739,-1,8878,8879,9069,-1,8917,8916,9070,-1,8941,8942,9071,-1,8953,8954,9072,-1,8949,8950,9073,-1,9073,8950,8951,-1,9073,8951,9072,-1,9072,8951,8952,-1,9072,8952,8953,-1,8946,8947,9073,-1,9073,8947,8948,-1,9073,8948,8949,-1,8942,8943,9071,-1,9071,8943,8944,-1,9071,8944,9073,-1,9073,8944,8945,-1,9073,8945,8946,-1,8938,8937,9074,-1,9074,8937,8936,-1,9074,8936,9071,-1,9071,8936,8940,-1,9071,8940,8941,-1,8929,8928,9075,-1,9075,8928,8927,-1,9075,8927,9074,-1,9074,8927,8933,-1,9074,8933,8935,-1,8935,8934,9074,-1,9074,8934,8939,-1,9074,8939,8938,-1,8925,8932,9076,-1,9076,8932,8931,-1,9076,8931,9075,-1,9075,8931,8930,-1,9075,8930,8929,-1,8923,8924,9076,-1,9076,8924,8926,-1,9076,8926,8925,-1,8916,8915,9070,-1,9070,8915,8921,-1,9070,8921,9076,-1,9076,8921,8922,-1,9076,8922,8923,-1,8913,8920,9077,-1,9077,8920,8919,-1,9077,8919,9070,-1,9070,8919,8918,-1,9070,8918,8917,-1,8911,8910,9077,-1,9077,8910,8914,-1,9077,8914,8913,-1,8908,8907,9078,-1,9078,8907,8906,-1,9078,8906,9077,-1,9077,8906,8912,-1,9077,8912,8911,-1,9079,8902,8901,-1,8901,8905,9079,-1,9079,8905,8904,-1,9079,8904,9078,-1,9078,8904,8909,-1,9078,8909,8908,-1,8895,8896,9080,-1,9080,8896,8900,-1,9080,8900,8899,-1,8899,8898,9080,-1,9080,8898,8897,-1,9080,8897,9079,-1,9079,8897,8903,-1,9079,8903,8902,-1,9081,8885,8891,-1,8891,8892,9081,-1,9081,8892,8893,-1,9081,8893,9080,-1,9080,8893,8894,-1,9080,8894,8895,-1,8883,8884,9082,-1,9082,8884,8890,-1,9082,8890,8889,-1,8889,8888,9082,-1,9082,8888,8887,-1,9082,8887,9081,-1,9081,8887,8886,-1,9081,8886,8885,-1,8879,8880,9069,-1,9069,8880,8881,-1,9069,8881,9082,-1,9082,8881,8882,-1,9082,8882,8883,-1,8873,8872,9083,-1,9083,8872,8871,-1,9083,8871,8877,-1,8877,8876,9083,-1,9083,8876,8875,-1,9083,8875,9069,-1,9069,8875,8874,-1,9069,8874,8878,-1,8873,9083,8868,-1,8868,9083,9084,-1,8868,9084,8869,-1,8867,8866,9084,-1,9084,8866,8870,-1,9084,8870,8869,-1,8862,8867,5960,-1,5960,8867,9084,-1,5960,9084,7387,-1,7387,9084,9085,-1,7387,9085,7386,-1,8862,5960,8863,-1,8863,5960,5958,-1,8863,5958,8864,-1,8864,5958,8865,-1,8865,5958,5964,-1,8865,5964,8861,-1,8861,5964,5963,-1,8861,5963,8860,-1,8860,5963,5962,-1,8860,5962,8859,-1,8859,5962,5965,-1,8859,5965,8858,-1,8858,5965,5967,-1,8858,5967,8857,-1,8857,5967,5969,-1,8857,5969,8856,-1,8856,5969,5971,-1,8856,5971,8836,-1,8836,5971,5972,-1,8836,5972,8837,-1,8837,5972,5974,-1,8837,5974,8854,-1,8854,5974,8855,-1,8855,5974,5975,-1,8855,5975,8852,-1,6008,5748,6009,-1,6009,5748,5747,-1,6009,5747,6003,-1,6003,5747,8838,-1,6003,8838,6004,-1,6004,8838,8839,-1,6004,8839,5998,-1,5998,8839,8840,-1,5998,8840,6000,-1,6000,8840,8841,-1,6000,8841,6001,-1,6001,8841,8842,-1,6001,8842,5995,-1,5995,8842,8843,-1,5995,8843,5996,-1,5996,8843,8846,-1,5996,8846,5988,-1,5988,8846,8845,-1,5988,8845,5990,-1,5990,8845,8844,-1,5990,8844,5992,-1,5992,8844,8848,-1,5992,8848,5993,-1,5993,8848,8847,-1,5993,8847,5986,-1,5986,8847,8851,-1,5986,8851,5984,-1,5984,8851,8850,-1,5984,8850,5982,-1,5982,8850,8849,-1,5982,8849,5980,-1,5980,8849,8853,-1,5980,8853,5979,-1,5979,8853,8852,-1,5979,8852,5977,-1,5977,8852,5975,-1,5763,6028,6035,-1,5763,6035,5765,-1,6035,6034,5765,-1,5765,6034,6032,-1,5765,6032,5739,-1,5739,6032,6030,-1,5739,6030,6039,-1,6013,6022,5759,-1,5759,6022,6024,-1,5759,6024,5763,-1,5763,6024,6026,-1,5763,6026,6028,-1,6008,6006,5748,-1,5748,6006,6012,-1,5748,6012,5752,-1,6020,5754,6021,-1,6021,5754,5752,-1,6021,5752,6011,-1,6011,5752,6012,-1,6020,6018,5754,-1,5754,6018,6016,-1,5754,6016,5759,-1,5759,6016,6014,-1,5759,6014,6013,-1,7386,9085,7384,-1,7384,9085,9086,-1,7384,9086,7385,-1,9068,7380,9087,-1,7380,7383,9087,-1,9087,7383,7382,-1,9087,7382,9086,-1,9086,7382,7381,-1,9086,7381,7385,-1,7379,9068,7377,-1,7377,9068,9088,-1,7377,9088,7378,-1,7378,9088,7376,-1,7376,9088,9089,-1,7376,9089,7375,-1,7375,9089,7372,-1,7372,9089,9090,-1,7372,9090,7373,-1,9091,9092,7371,-1,7371,7319,9091,-1,9091,7319,7318,-1,9091,7318,9090,-1,9090,7318,7374,-1,9090,7374,7373,-1,8964,8965,9093,-1,8985,8984,9094,-1,8997,8996,9095,-1,9009,9008,9096,-1,9021,9018,9097,-1,9032,9033,9098,-1,9047,9046,9099,-1,8831,9056,9100,-1,9101,9102,7367,-1,7367,7368,9101,-1,9101,7368,7369,-1,9101,7369,9092,-1,9092,7369,7370,-1,9092,7370,7371,-1,7389,7388,9103,-1,9103,7388,7365,-1,9103,7365,9102,-1,9102,7365,7366,-1,9102,7366,7367,-1,7389,9103,9064,-1,9064,9103,9104,-1,9064,9104,9065,-1,9059,9058,9105,-1,9105,9058,9057,-1,9057,9060,9105,-1,9105,9060,9061,-1,9105,9061,9104,-1,9104,9061,9062,-1,9104,9062,9063,-1,9063,9067,9104,-1,9104,9067,9066,-1,9104,9066,9065,-1,9056,9055,9100,-1,9100,9055,9054,-1,9100,9054,9105,-1,9105,9054,9053,-1,9105,9053,9059,-1,9050,9049,9106,-1,9106,9049,8834,-1,9106,8834,8833,-1,8833,9051,9106,-1,9106,9051,9052,-1,9106,9052,9100,-1,9100,9052,8832,-1,9100,8832,8831,-1,9046,9045,9099,-1,9099,9045,9044,-1,9099,9044,9106,-1,9106,9044,9048,-1,9106,9048,9050,-1,9043,9042,9107,-1,9107,9042,9041,-1,9107,9041,9099,-1,9099,9041,9040,-1,9099,9040,9047,-1,9033,9034,9098,-1,9098,9034,9039,-1,9098,9039,9107,-1,9107,9039,9038,-1,9107,9038,9037,-1,9037,9036,9107,-1,9107,9036,9035,-1,9107,9035,9043,-1,9025,9030,9108,-1,9108,9030,9098,-1,9098,9030,9031,-1,9098,9031,9032,-1,9028,9027,9108,-1,9108,9027,9026,-1,9108,9026,9025,-1,9018,9019,9097,-1,9097,9019,9020,-1,9097,9020,9108,-1,9108,9020,9029,-1,9108,9029,9028,-1,9017,9016,9109,-1,9109,9016,9015,-1,9109,9015,9014,-1,9014,9024,9109,-1,9109,9024,9023,-1,9109,9023,9097,-1,9097,9023,9022,-1,9097,9022,9021,-1,9008,9013,9096,-1,9096,9013,9012,-1,9096,9012,9109,-1,9109,9012,9011,-1,9109,9011,9017,-1,9005,8835,9110,-1,9110,8835,9096,-1,9096,8835,9010,-1,9096,9010,9009,-1,9001,9007,9110,-1,9110,9007,9006,-1,9110,9006,9005,-1,8996,9004,9095,-1,9095,9004,9003,-1,9095,9003,9110,-1,9110,9003,9002,-1,9110,9002,9001,-1,8994,9000,9111,-1,9111,9000,8999,-1,9111,8999,9095,-1,9095,8999,8998,-1,9095,8998,8997,-1,8992,8993,9111,-1,9111,8993,8995,-1,9111,8995,8994,-1,8984,8983,9094,-1,9094,8983,8990,-1,9094,8990,9111,-1,9111,8990,8991,-1,9111,8991,8992,-1,8988,8987,9112,-1,9112,8987,9094,-1,9094,8987,8986,-1,9094,8986,8985,-1,8981,8980,9112,-1,9112,8980,8989,-1,9112,8989,8988,-1,9113,8975,8979,-1,8979,8978,9113,-1,9113,8978,8977,-1,9113,8977,9112,-1,9112,8977,8982,-1,9112,8982,8981,-1,8974,8973,9114,-1,9114,8973,8972,-1,9114,8972,9113,-1,9113,8972,8976,-1,9113,8976,8975,-1,8966,8971,9114,-1,9114,8971,8970,-1,9114,8970,8974,-1,8965,8969,9093,-1,9093,8969,8968,-1,9093,8968,9114,-1,9114,8968,8967,-1,9114,8967,8966,-1,9115,8961,8962,-1,9115,8962,9093,-1,9093,8962,8963,-1,9093,8963,8964,-1,8958,8959,9115,-1,9115,8959,8960,-1,9115,8960,8961,-1,8954,8955,9072,-1,9072,8955,8956,-1,9072,8956,9115,-1,9115,8956,8957,-1,9115,8957,8958,-1,9116,9070,9117,-1,9117,9070,9076,-1,9117,9076,9118,-1,9118,9076,9075,-1,9118,9075,9119,-1,9119,9075,9074,-1,9119,9074,9120,-1,9120,9074,9071,-1,9120,9071,9121,-1,9121,9071,9073,-1,9121,9073,9122,-1,9122,9073,9072,-1,9122,9072,9123,-1,9123,9072,9115,-1,9123,9115,9124,-1,9124,9115,9093,-1,9124,9093,9125,-1,9125,9093,9114,-1,9125,9114,9126,-1,9126,9114,9113,-1,9126,9113,9127,-1,9113,9112,9127,-1,9127,9112,9094,-1,9127,9094,9128,-1,9128,9094,9111,-1,9128,9111,9129,-1,9129,9111,9095,-1,9129,9095,9130,-1,9130,9095,9110,-1,9130,9110,9131,-1,9131,9110,9096,-1,9131,9096,9132,-1,9132,9096,9109,-1,9132,9109,9133,-1,9133,9109,9097,-1,9133,9097,9134,-1,9134,9097,9108,-1,9134,9108,9135,-1,9135,9108,9098,-1,9135,9098,9136,-1,9136,9098,9107,-1,9136,9107,9137,-1,9137,9107,9099,-1,9137,9099,9138,-1,9139,9087,9140,-1,9140,9087,9086,-1,9140,9086,9141,-1,9141,9086,9085,-1,9141,9085,9142,-1,9142,9085,9084,-1,9142,9084,9143,-1,9143,9084,9083,-1,9143,9083,9144,-1,9144,9083,9069,-1,9144,9069,9145,-1,9145,9069,9082,-1,9145,9082,9146,-1,9146,9082,9081,-1,9146,9081,9147,-1,9147,9081,9080,-1,9147,9080,9148,-1,9148,9080,9079,-1,9148,9079,9149,-1,9149,9079,9078,-1,9149,9078,9116,-1,9116,9078,9077,-1,9116,9077,9070,-1,9099,9106,9138,-1,9138,9106,9100,-1,9138,9100,9150,-1,9150,9100,9105,-1,9150,9105,9151,-1,9151,9105,9104,-1,9151,9104,9152,-1,9152,9104,9103,-1,9152,9103,9153,-1,9153,9103,9102,-1,9153,9102,9154,-1,9154,9102,9101,-1,9154,9101,9155,-1,9155,9101,9092,-1,9155,9092,9156,-1,9156,9092,9091,-1,9156,9091,9157,-1,9157,9091,9090,-1,9157,9090,9158,-1,9158,9090,9089,-1,9158,9089,9159,-1,9159,9089,9088,-1,9159,9088,9139,-1,9139,9088,9068,-1,9139,9068,9087,-1,9155,1848,1846,-1,9155,1846,9154,-1,9154,1846,1844,-1,9154,1844,9153,-1,9153,1844,1842,-1,9153,1842,9152,-1,9152,1842,1840,-1,9152,1840,9151,-1,9151,1840,1838,-1,9151,1838,9150,-1,9150,1838,1837,-1,9150,1837,9138,-1,9138,1837,1791,-1,9138,1791,9137,-1,9137,1791,1789,-1,9137,1789,9136,-1,9136,1789,1787,-1,9136,1787,9135,-1,9135,1787,1785,-1,9135,1785,9134,-1,9134,1785,1783,-1,9134,1783,9133,-1,9133,1783,1781,-1,9133,1781,9132,-1,9132,1781,1779,-1,9132,1779,9131,-1,9131,1779,1777,-1,9131,1777,9130,-1,9130,1777,1775,-1,9130,1775,9129,-1,9129,1775,1773,-1,9129,1773,9128,-1,9128,1773,1815,-1,9128,1815,9127,-1,9127,1815,1814,-1,9127,1814,9126,-1,9126,1814,1812,-1,9126,1812,9125,-1,9125,1812,1810,-1,9125,1810,9124,-1,9124,1810,1808,-1,9124,1808,9123,-1,9123,1808,1806,-1,9123,1806,9122,-1,9122,1806,1804,-1,9122,1804,9121,-1,9121,1804,1802,-1,9121,1802,9120,-1,9120,1802,1800,-1,9120,1800,9119,-1,9119,1800,1798,-1,9119,1798,9118,-1,9118,1798,1796,-1,9118,1796,9117,-1,9117,1796,1794,-1,9117,1794,9116,-1,9116,1794,1836,-1,9116,1836,9149,-1,9149,1836,1835,-1,9149,1835,9148,-1,9148,1835,1833,-1,9148,1833,9147,-1,9147,1833,1831,-1,9147,1831,9146,-1,9146,1831,1829,-1,9146,1829,9145,-1,9145,1829,1827,-1,9145,1827,9144,-1,9144,1827,1825,-1,9144,1825,9143,-1,9143,1825,1823,-1,9143,1823,9142,-1,9142,1823,1821,-1,9142,1821,9141,-1,9141,1821,1819,-1,9141,1819,9140,-1,9140,1819,1817,-1,9140,1817,9139,-1,9139,1817,1855,-1,9139,1855,9159,-1,9159,1855,1854,-1,9159,1854,9158,-1,9158,1854,1852,-1,9158,1852,9157,-1,9157,1852,1850,-1,9157,1850,9156,-1,9156,1850,1848,-1,9156,1848,9155,-1,9160,9161,9162,-1,9162,9161,9163,-1,9162,9163,9164,-1,9164,9163,9165,-1,9164,9165,9166,-1,9166,9165,9167,-1,9166,9167,9168,-1,9168,9167,9169,-1,9168,9169,9170,-1,9170,9169,9171,-1,9170,9171,9172,-1,9172,9171,9173,-1,9174,9175,9176,-1,9176,9175,9177,-1,9178,9179,9180,-1,9180,9179,9181,-1,9182,9183,9184,-1,9184,9183,9185,-1,9184,9185,9186,-1,9186,9185,9187,-1,9186,9187,9188,-1,9188,9187,9189,-1,9188,9189,9190,-1,9190,9189,9191,-1,9190,9191,9192,-1,9192,9191,9193,-1,9192,9193,9194,-1,9194,9193,9195,-1,9196,9197,9198,-1,9199,9196,9200,-1,9200,9196,9198,-1,9200,9198,9201,-1,9201,9198,9202,-1,9201,9202,9203,-1,9203,9202,9204,-1,9203,9204,9205,-1,9205,9204,9206,-1,9205,9206,9207,-1,9207,9206,9208,-1,9207,9208,9209,-1,9209,9208,9210,-1,9209,9210,9211,-1,9211,9210,9212,-1,9211,9212,9213,-1,9213,9212,9214,-1,9213,9214,9215,-1,9215,9214,9216,-1,9215,9216,9217,-1,9217,9216,9218,-1,9217,9218,9219,-1,9219,9218,9220,-1,9219,9220,9221,-1,9221,9220,9222,-1,9223,9224,9225,-1,9226,9223,9227,-1,9227,9223,9225,-1,9227,9225,9228,-1,9228,9225,9229,-1,9228,9229,9230,-1,9230,9229,9231,-1,9230,9231,9232,-1,9232,9231,9233,-1,9232,9233,9234,-1,9234,9233,9235,-1,9234,9235,9236,-1,9236,9235,9237,-1,9236,9237,9238,-1,9238,9237,9239,-1,9238,9239,9240,-1,9240,9239,9241,-1,9240,9241,9242,-1,9242,9241,9243,-1,9242,9243,9244,-1,9244,9243,9245,-1,9244,9245,9246,-1,9246,9245,9247,-1,9246,9247,9248,-1,9248,9247,9249,-1,9250,9184,9251,-1,9251,9184,9186,-1,9251,9186,9188,-1,9194,9252,9192,-1,9192,9252,9251,-1,9192,9251,9190,-1,9190,9251,9188,-1,9253,9254,9255,-1,9256,9257,9258,-1,9246,9248,9256,-1,9256,9248,9259,-1,9256,9259,9257,-1,9260,9261,9256,-1,9262,9263,9264,-1,9264,9263,9265,-1,9264,9265,9266,-1,9267,9160,9250,-1,9250,9160,9162,-1,9250,9162,9164,-1,9265,9172,9268,-1,9269,9270,9271,-1,9222,9272,9273,-1,9273,9272,9274,-1,9262,9260,9263,-1,9263,9260,9256,-1,9263,9256,9275,-1,9275,9256,9258,-1,9172,9265,9170,-1,9170,9265,9271,-1,9170,9271,9250,-1,9276,9277,9278,-1,9270,9279,9271,-1,9271,9279,9280,-1,9271,9280,9250,-1,9250,9280,9182,-1,9250,9182,9184,-1,9281,9282,9272,-1,9272,9282,9283,-1,9272,9283,9274,-1,9164,9166,9250,-1,9250,9166,9168,-1,9250,9168,9170,-1,9268,9284,9265,-1,9265,9284,9285,-1,9265,9285,9266,-1,9226,9286,9197,-1,9197,9286,9287,-1,9197,9287,9198,-1,9276,9288,9277,-1,9277,9288,9289,-1,9277,9289,9290,-1,9291,9292,9256,-1,9256,9292,9293,-1,9256,9293,9246,-1,9246,9293,9294,-1,9246,9294,9244,-1,9244,9294,9295,-1,9255,9296,9222,-1,9297,9298,9296,-1,9296,9298,9299,-1,9296,9299,9222,-1,9222,9299,9300,-1,9222,9300,9272,-1,9272,9300,9301,-1,9272,9301,9302,-1,9222,9220,9255,-1,9255,9220,9218,-1,9255,9218,9216,-1,9271,9303,9269,-1,9269,9303,9304,-1,9269,9304,9305,-1,9305,9304,9281,-1,9305,9281,9306,-1,9306,9281,9272,-1,9306,9272,9307,-1,9212,9287,9214,-1,9214,9287,9308,-1,9214,9308,9216,-1,9216,9308,9277,-1,9216,9277,9255,-1,9255,9277,9290,-1,9255,9290,9253,-1,9226,9227,9286,-1,9286,9227,9228,-1,9286,9228,9230,-1,9309,9240,9242,-1,9212,9210,9287,-1,9287,9210,9208,-1,9287,9208,9206,-1,9206,9204,9287,-1,9287,9204,9202,-1,9287,9202,9198,-1,9295,9310,9244,-1,9244,9310,9311,-1,9244,9311,9242,-1,9242,9311,9312,-1,9242,9312,9309,-1,9313,9176,9314,-1,9314,9176,9177,-1,9313,9180,9176,-1,9176,9180,9181,-1,9176,9181,9315,-1,9315,9181,9316,-1,9315,9316,9317,-1,9317,9316,9318,-1,9317,9318,9278,-1,9278,9318,9319,-1,9278,9319,9276,-1,9177,9320,9314,-1,9314,9320,9321,-1,9314,9321,9322,-1,9322,9321,9323,-1,9322,9323,9324,-1,9324,9323,9325,-1,9324,9325,9326,-1,9230,9232,9286,-1,9286,9232,9234,-1,9286,9234,9327,-1,9327,9234,9236,-1,9327,9236,9309,-1,9309,9236,9238,-1,9309,9238,9240,-1,9328,9329,9330,-1,9326,9331,9324,-1,9324,9331,9332,-1,9324,9332,9333,-1,9333,9334,9324,-1,9324,9334,9328,-1,9324,9328,9335,-1,9335,9328,9330,-1,9336,9337,9195,-1,9161,9338,9163,-1,9163,9338,9339,-1,9339,9171,9169,-1,9169,9167,9339,-1,9339,9167,9165,-1,9339,9165,9163,-1,9340,9341,9342,-1,9343,9344,9345,-1,9345,9344,9341,-1,9345,9341,9346,-1,9346,9341,9340,-1,9347,9348,9349,-1,9350,9351,9352,-1,9353,9354,9235,-1,9235,9354,9355,-1,9356,9357,9235,-1,9235,9357,9358,-1,9342,9359,9340,-1,9340,9359,9347,-1,9340,9347,9350,-1,9350,9347,9349,-1,9350,9349,9351,-1,9360,9361,9362,-1,9363,9364,9343,-1,9343,9364,9365,-1,9343,9365,9344,-1,9199,9366,9224,-1,9224,9366,9367,-1,9224,9367,9225,-1,9368,9369,9370,-1,9370,9369,9350,-1,9370,9350,9371,-1,9371,9350,9352,-1,9221,9372,9219,-1,9219,9372,9373,-1,9219,9373,9217,-1,9217,9373,9374,-1,9195,9193,9336,-1,9336,9193,9191,-1,9336,9191,9339,-1,9375,9376,9348,-1,9348,9376,9377,-1,9348,9377,9183,-1,9183,9377,9173,-1,9183,9173,9185,-1,9185,9173,9171,-1,9185,9171,9187,-1,9187,9171,9339,-1,9187,9339,9189,-1,9189,9339,9191,-1,9347,9378,9379,-1,9379,9380,9347,-1,9347,9380,9381,-1,9347,9381,9348,-1,9348,9381,9382,-1,9348,9382,9375,-1,9221,9383,9372,-1,9372,9383,9384,-1,9372,9384,9385,-1,9385,9384,9386,-1,9385,9386,9387,-1,9387,9386,9388,-1,9387,9388,9369,-1,9369,9388,9389,-1,9369,9389,9350,-1,9355,9390,9235,-1,9235,9390,9391,-1,9235,9391,9179,-1,9392,9360,9235,-1,9235,9360,9362,-1,9235,9362,9356,-1,9393,9394,9395,-1,9396,9397,9398,-1,9398,9397,9399,-1,9398,9399,9400,-1,9400,9399,9360,-1,9360,9399,9401,-1,9360,9401,9361,-1,9361,9401,9402,-1,9361,9402,9174,-1,9174,9402,9403,-1,9174,9403,9175,-1,9404,9213,9215,-1,9235,9233,9353,-1,9353,9233,9231,-1,9353,9231,9367,-1,9367,9231,9229,-1,9367,9229,9225,-1,9374,9405,9217,-1,9217,9405,9406,-1,9217,9406,9215,-1,9215,9406,9407,-1,9215,9407,9404,-1,9179,9178,9235,-1,9235,9178,9408,-1,9235,9408,9392,-1,9392,9409,9360,-1,9360,9409,9410,-1,9360,9410,9395,-1,9395,9410,9411,-1,9395,9411,9393,-1,9363,9412,9364,-1,9364,9412,9413,-1,9364,9413,9414,-1,9414,9413,9415,-1,9414,9415,9416,-1,9416,9415,9249,-1,9199,9200,9366,-1,9366,9200,9201,-1,9366,9201,9203,-1,9203,9205,9366,-1,9366,9205,9207,-1,9366,9207,9417,-1,9417,9207,9209,-1,9417,9209,9404,-1,9404,9209,9211,-1,9404,9211,9213,-1,9249,9247,9416,-1,9416,9247,9245,-1,9416,9245,9418,-1,9418,9245,9243,-1,9358,9419,9235,-1,9235,9419,9420,-1,9235,9420,9237,-1,9237,9420,9421,-1,9237,9421,9239,-1,9239,9421,9418,-1,9239,9418,9241,-1,9241,9418,9243,-1,9337,9336,9422,-1,9422,9336,9251,-1,9422,9251,9252,-1,9306,9370,9305,-1,9305,9370,9371,-1,9305,9371,9269,-1,9269,9371,9352,-1,9269,9352,9270,-1,9270,9352,9351,-1,9270,9351,9279,-1,9279,9351,9349,-1,9279,9349,9280,-1,9280,9349,9348,-1,9280,9348,9182,-1,9182,9348,9183,-1,9250,9251,9339,-1,9339,9251,9336,-1,9306,9307,9370,-1,9370,9307,9368,-1,9307,9272,9368,-1,9368,9272,9369,-1,9272,9302,9369,-1,9369,9302,9387,-1,9302,9301,9387,-1,9387,9301,9385,-1,9301,9300,9385,-1,9385,9300,9372,-1,9300,9299,9372,-1,9372,9299,9373,-1,9299,9298,9373,-1,9373,9298,9374,-1,9298,9297,9374,-1,9374,9297,9405,-1,9297,9296,9405,-1,9405,9296,9406,-1,9296,9255,9406,-1,9406,9255,9407,-1,9255,9254,9407,-1,9407,9254,9404,-1,9254,9253,9404,-1,9404,9253,9417,-1,9318,9390,9319,-1,9319,9390,9355,-1,9319,9355,9276,-1,9276,9355,9354,-1,9276,9354,9288,-1,9288,9354,9353,-1,9288,9353,9289,-1,9289,9353,9367,-1,9289,9367,9290,-1,9290,9367,9366,-1,9290,9366,9253,-1,9253,9366,9417,-1,9318,9316,9390,-1,9390,9316,9391,-1,9316,9181,9391,-1,9391,9181,9179,-1,9314,9392,9408,-1,9314,9408,9313,-1,9313,9408,9178,-1,9313,9178,9180,-1,9314,9322,9392,-1,9392,9322,9409,-1,9409,9322,9324,-1,9409,9324,9410,-1,9410,9324,9335,-1,9410,9335,9411,-1,9411,9335,9330,-1,9411,9330,9393,-1,9393,9330,9329,-1,9393,9329,9394,-1,9394,9329,9328,-1,9394,9328,9395,-1,9395,9328,9334,-1,9395,9334,9360,-1,9360,9334,9333,-1,9360,9333,9400,-1,9400,9333,9332,-1,9400,9332,9398,-1,9398,9332,9331,-1,9398,9331,9396,-1,9396,9331,9326,-1,9396,9326,9397,-1,9397,9326,9325,-1,9397,9325,9399,-1,9399,9325,9323,-1,9399,9323,9401,-1,9323,9321,9401,-1,9401,9321,9402,-1,9177,9175,9403,-1,9177,9403,9320,-1,9320,9403,9402,-1,9320,9402,9321,-1,9176,9315,9174,-1,9174,9315,9361,-1,9315,9317,9361,-1,9361,9317,9362,-1,9327,9421,9286,-1,9286,9421,9420,-1,9286,9420,9287,-1,9287,9420,9419,-1,9287,9419,9308,-1,9308,9419,9358,-1,9308,9358,9277,-1,9277,9358,9357,-1,9277,9357,9278,-1,9278,9357,9356,-1,9278,9356,9317,-1,9317,9356,9362,-1,9327,9309,9421,-1,9421,9309,9418,-1,9309,9312,9418,-1,9418,9312,9416,-1,9312,9311,9416,-1,9416,9311,9414,-1,9311,9310,9414,-1,9414,9310,9364,-1,9310,9295,9364,-1,9364,9295,9365,-1,9295,9294,9365,-1,9365,9294,9344,-1,9294,9293,9344,-1,9344,9293,9341,-1,9293,9292,9341,-1,9341,9292,9342,-1,9292,9291,9342,-1,9342,9291,9359,-1,9291,9256,9359,-1,9359,9256,9347,-1,9256,9261,9347,-1,9347,9261,9378,-1,9261,9260,9378,-1,9378,9260,9379,-1,9259,9415,9257,-1,9257,9415,9413,-1,9257,9413,9258,-1,9258,9413,9412,-1,9258,9412,9275,-1,9275,9412,9363,-1,9275,9363,9263,-1,9263,9363,9343,-1,9263,9343,9265,-1,9265,9343,9345,-1,9265,9345,9271,-1,9271,9345,9346,-1,9259,9248,9415,-1,9415,9248,9249,-1,9222,9273,9221,-1,9221,9273,9383,-1,9303,9340,9304,-1,9304,9340,9350,-1,9304,9350,9281,-1,9281,9350,9389,-1,9281,9389,9282,-1,9282,9389,9388,-1,9282,9388,9283,-1,9283,9388,9386,-1,9283,9386,9274,-1,9274,9386,9384,-1,9274,9384,9273,-1,9273,9384,9383,-1,9303,9271,9340,-1,9340,9271,9346,-1,9172,9173,9268,-1,9268,9173,9377,-1,9268,9377,9284,-1,9284,9377,9376,-1,9284,9376,9285,-1,9285,9376,9375,-1,9285,9375,9266,-1,9266,9375,9382,-1,9266,9382,9264,-1,9264,9382,9381,-1,9264,9381,9262,-1,9262,9381,9380,-1,9262,9380,9260,-1,9260,9380,9379,-1,9267,9250,9423,-1,9423,9250,9339,-1,9423,9339,9338,-1,9424,9425,9426,-1,9426,9425,9427,-1,9426,9427,9428,-1,9428,9427,9429,-1,9428,9429,9430,-1,9430,9429,9431,-1,9430,9431,9432,-1,9432,9431,9433,-1,9434,9435,9433,-1,9433,9435,9436,-1,9433,9436,9432,-1,9434,9437,9435,-1,9435,9437,9438,-1,9435,9438,9439,-1,9440,9441,9442,-1,9443,9444,9445,-1,9445,9444,9446,-1,9445,9446,9447,-1,9447,9446,9448,-1,9447,9448,9449,-1,9450,9440,9451,-1,9451,9440,9442,-1,9451,9442,9452,-1,9452,9442,9453,-1,9452,9453,9454,-1,9454,9453,9449,-1,9454,9449,9455,-1,9455,9449,9448,-1,9456,9267,9423,-1,9456,9423,9437,-1,9338,9439,9423,-1,9423,9439,9438,-1,9423,9438,9437,-1,9450,9161,9440,-1,9440,9161,9160,-1,9440,9160,9441,-1,9338,9161,9439,-1,9439,9161,9450,-1,9439,9450,9435,-1,9450,9451,9435,-1,9435,9451,9452,-1,9435,9452,9436,-1,9436,9452,9454,-1,9436,9454,9432,-1,9432,9454,9455,-1,9432,9455,9430,-1,9430,9455,9448,-1,9430,9448,9428,-1,9428,9448,9446,-1,9428,9446,9426,-1,9426,9446,9444,-1,9426,9444,9424,-1,9456,9437,9434,-1,9456,9434,9267,-1,9425,9443,9427,-1,9427,9443,9445,-1,9427,9445,9429,-1,9429,9445,9447,-1,9429,9447,9431,-1,9431,9447,9449,-1,9431,9449,9433,-1,9433,9449,9453,-1,9433,9453,9434,-1,9434,9453,9442,-1,9434,9442,9267,-1,9267,9442,9441,-1,9267,9441,9160,-1,9457,9458,9443,-1,9443,9458,9444,-1,9459,9460,9461,-1,9461,9460,9424,-1,9461,9424,9462,-1,9424,9444,9462,-1,9462,9444,9458,-1,9462,9458,9463,-1,9463,9458,9464,-1,9464,9465,9463,-1,9463,9465,9466,-1,9463,9466,9467,-1,9467,9466,9468,-1,9461,9469,9470,-1,9470,9471,9461,-1,9461,9471,9472,-1,9461,9472,9459,-1,9473,9457,9474,-1,9443,9425,9457,-1,9457,9425,9475,-1,9475,9476,9457,-1,9457,9476,9477,-1,9457,9477,9474,-1,9478,9479,9480,-1,9481,9482,9483,-1,9473,9474,9480,-1,9480,9474,9484,-1,9480,9484,9478,-1,9475,9485,9476,-1,9476,9485,9481,-1,9476,9481,9486,-1,9486,9481,9483,-1,9460,9475,9424,-1,9424,9475,9425,-1,9475,9460,9459,-1,9475,9459,9485,-1,9485,9459,9472,-1,9485,9472,9481,-1,9481,9472,9471,-1,9481,9471,9482,-1,9482,9471,9470,-1,9482,9470,9483,-1,9483,9470,9469,-1,9483,9469,9486,-1,9486,9469,9461,-1,9486,9461,9476,-1,9477,9476,9462,-1,9462,9476,9461,-1,9477,9462,9463,-1,9477,9463,9474,-1,9474,9463,9467,-1,9474,9467,9484,-1,9484,9467,9468,-1,9484,9468,9478,-1,9478,9468,9466,-1,9478,9466,9479,-1,9479,9466,9465,-1,9479,9465,9480,-1,9480,9465,9464,-1,9480,9464,9473,-1,9473,9464,9458,-1,9473,9458,9457,-1,9487,9488,9252,-1,9489,9490,9491,-1,9491,9490,9492,-1,9491,9492,9493,-1,9493,9492,9494,-1,9493,9494,9495,-1,9495,9494,9496,-1,9495,9496,9497,-1,9497,9496,9498,-1,9497,9498,9499,-1,9499,9498,9487,-1,9499,9487,9500,-1,9500,9487,9252,-1,9500,9252,9194,-1,9195,9337,9501,-1,9501,9337,9502,-1,9501,9502,9503,-1,9502,9504,9503,-1,9503,9504,9505,-1,9503,9505,9506,-1,9506,9505,9507,-1,9506,9507,9508,-1,9508,9507,9509,-1,9508,9509,9510,-1,9510,9509,9511,-1,9510,9511,9512,-1,9512,9511,9513,-1,9512,9513,9514,-1,9502,9337,9515,-1,9515,9337,9422,-1,9515,9422,9488,-1,9488,9422,9252,-1,9515,9488,9487,-1,9502,9515,9504,-1,9504,9515,9487,-1,9504,9487,9505,-1,9505,9487,9498,-1,9505,9498,9507,-1,9507,9498,9496,-1,9507,9496,9509,-1,9509,9496,9494,-1,9509,9494,9511,-1,9511,9494,9492,-1,9511,9492,9513,-1,9513,9492,9490,-1,9514,9489,9512,-1,9512,9489,9491,-1,9512,9491,9510,-1,9510,9491,9493,-1,9510,9493,9508,-1,9508,9493,9495,-1,9508,9495,9506,-1,9506,9495,9497,-1,9506,9497,9503,-1,9503,9497,9499,-1,9499,9500,9503,-1,9503,9500,9516,-1,9503,9516,9501,-1,9500,9194,9516,-1,9516,9194,9195,-1,9516,9195,9501,-1,9517,9518,9519,-1,9517,9519,9520,-1,9520,9519,9521,-1,9520,9521,9522,-1,9522,9521,9523,-1,9522,9523,9524,-1,9524,9523,9525,-1,9524,9525,9526,-1,9526,9525,9527,-1,9526,9527,9528,-1,9528,9527,9529,-1,9528,9529,9530,-1,9530,9529,9531,-1,9530,9531,9532,-1,9517,9533,9518,-1,9518,9533,9534,-1,9535,9536,9537,-1,9535,9537,9538,-1,9538,9537,9539,-1,9538,9539,9540,-1,9540,9539,9541,-1,9540,9541,9542,-1,9542,9541,9543,-1,9542,9543,9544,-1,9544,9543,9545,-1,9544,9545,9546,-1,9546,9545,9547,-1,9546,9547,9548,-1,9548,9547,9534,-1,9548,9534,9533,-1,9514,9513,9536,-1,9536,9513,9531,-1,9531,9529,9527,-1,9541,9547,9543,-1,9543,9547,9545,-1,9521,9519,9531,-1,9531,9519,9518,-1,9531,9518,9536,-1,9536,9518,9534,-1,9536,9534,9537,-1,9537,9534,9547,-1,9537,9547,9539,-1,9539,9547,9541,-1,9527,9525,9531,-1,9531,9525,9523,-1,9531,9523,9521,-1,9540,9542,9533,-1,9490,9489,9532,-1,9532,9489,9535,-1,9532,9535,9533,-1,9533,9535,9538,-1,9533,9538,9540,-1,9542,9544,9533,-1,9533,9544,9546,-1,9533,9546,9548,-1,9533,9517,9532,-1,9532,9517,9520,-1,9532,9520,9530,-1,9530,9520,9522,-1,9522,9524,9530,-1,9530,9524,9526,-1,9530,9526,9528,-1,9532,9531,9490,-1,9490,9531,9513,-1,9536,9535,9514,-1,9514,9535,9489,-1,9549,9550,9551,-1,9551,9550,9552,-1,9553,9554,9555,-1,9555,9554,9556,-1,9557,9558,9559,-1,9559,9558,9197,-1,9554,9553,9560,-1,9560,9553,9561,-1,9560,9561,9557,-1,9557,9561,9562,-1,9557,9562,9558,-1,9197,9196,9559,-1,9559,9196,9199,-1,9559,9199,9557,-1,9557,9199,9563,-1,9557,9563,9560,-1,9224,9223,9564,-1,9224,9564,9565,-1,9566,9549,9567,-1,9549,9566,9550,-1,9568,9569,9566,-1,9566,9569,9570,-1,9566,9570,9550,-1,9567,9565,9566,-1,9566,9565,9564,-1,9566,9564,9568,-1,9568,9564,9223,-1,9568,9223,9226,-1,9226,9197,9558,-1,9570,9569,9561,-1,9570,9561,9550,-1,9558,9562,9226,-1,9226,9562,9561,-1,9226,9561,9568,-1,9568,9561,9569,-1,9561,9553,9550,-1,9550,9553,9555,-1,9550,9555,9552,-1,9551,9556,9554,-1,9560,9567,9554,-1,9554,9567,9549,-1,9554,9549,9551,-1,9224,9565,9199,-1,9199,9565,9567,-1,9199,9567,9563,-1,9563,9567,9560,-1,9571,9572,9573,-1,9573,9572,9574,-1,9551,9573,9556,-1,9556,9573,9574,-1,9572,9571,9555,-1,9555,9571,9552,-1,9556,9574,9555,-1,9555,9574,9572,-1,9552,9571,9551,-1,9551,9571,9573,-1,9575,9576,9577,-1,9577,9576,9578,-1,9577,9578,9579,-1,9579,9578,9580,-1,9579,9580,9581,-1,9581,9580,9582,-1,9581,9582,9583,-1,9583,9582,9584,-1,9583,9584,9585,-1,9585,9584,9586,-1,9585,9586,9587,-1,9587,9586,9588,-1,9589,9590,9591,-1,9591,9590,9592,-1,9593,9594,9595,-1,9595,9594,9596,-1,9597,9598,9599,-1,9599,9598,9600,-1,9599,9600,9601,-1,9601,9600,9602,-1,9601,9602,9603,-1,9603,9602,9604,-1,9603,9604,9605,-1,9605,9604,9606,-1,9605,9606,9607,-1,9607,9606,9608,-1,9607,9608,9609,-1,9609,9608,9610,-1,9611,9612,9613,-1,9614,9611,9615,-1,9615,9611,9613,-1,9615,9613,9616,-1,9616,9613,9617,-1,9616,9617,9618,-1,9618,9617,9619,-1,9618,9619,9620,-1,9620,9619,9621,-1,9620,9621,9622,-1,9622,9621,9623,-1,9622,9623,9624,-1,9624,9623,9625,-1,9624,9625,9626,-1,9626,9625,9627,-1,9626,9627,9628,-1,9628,9627,9629,-1,9628,9629,9630,-1,9630,9629,9631,-1,9630,9631,9632,-1,9632,9631,9633,-1,9632,9633,9634,-1,9634,9633,9635,-1,9634,9635,9636,-1,9636,9635,9637,-1,9638,9639,9640,-1,9641,9638,9642,-1,9642,9638,9640,-1,9642,9640,9643,-1,9643,9640,9644,-1,9643,9644,9645,-1,9645,9644,9646,-1,9645,9646,9647,-1,9647,9646,9648,-1,9647,9648,9649,-1,9649,9648,9650,-1,9649,9650,9651,-1,9651,9650,9652,-1,9651,9652,9653,-1,9653,9652,9654,-1,9653,9654,9655,-1,9655,9654,9656,-1,9655,9656,9657,-1,9657,9656,9658,-1,9657,9658,9659,-1,9659,9658,9660,-1,9659,9660,9661,-1,9661,9660,9662,-1,9661,9662,9663,-1,9663,9662,9664,-1,9609,9665,9607,-1,9607,9665,9666,-1,9607,9666,9605,-1,9605,9666,9603,-1,9661,9663,9667,-1,9667,9663,9668,-1,9667,9668,9669,-1,9669,9670,9667,-1,9667,9670,9671,-1,9667,9671,9672,-1,9673,9674,9675,-1,9675,9674,9676,-1,9674,9597,9676,-1,9676,9597,9599,-1,9676,9599,9666,-1,9666,9599,9601,-1,9666,9601,9603,-1,9677,9678,9679,-1,9679,9678,9680,-1,9678,9681,9682,-1,9672,9683,9684,-1,9676,9685,9575,-1,9686,9687,9678,-1,9678,9687,9688,-1,9678,9688,9689,-1,9690,9680,9637,-1,9637,9680,9678,-1,9637,9678,9691,-1,9691,9678,9689,-1,9692,9667,9693,-1,9693,9667,9672,-1,9693,9672,9694,-1,9694,9672,9684,-1,9695,9696,9697,-1,9697,9696,9698,-1,9699,9700,9701,-1,9701,9700,9702,-1,9678,9682,9686,-1,9686,9682,9703,-1,9686,9703,9704,-1,9704,9703,9705,-1,9704,9705,9706,-1,9706,9705,9675,-1,9675,9705,9707,-1,9675,9707,9673,-1,9575,9577,9676,-1,9676,9577,9579,-1,9676,9579,9581,-1,9683,9675,9585,-1,9585,9675,9676,-1,9585,9676,9583,-1,9583,9676,9581,-1,9585,9587,9683,-1,9683,9587,9708,-1,9683,9708,9709,-1,9709,9710,9683,-1,9683,9710,9711,-1,9683,9711,9684,-1,9712,9713,9667,-1,9667,9713,9714,-1,9667,9714,9661,-1,9661,9714,9715,-1,9661,9715,9659,-1,9659,9715,9716,-1,9717,9690,9718,-1,9718,9690,9637,-1,9718,9637,9719,-1,9719,9637,9635,-1,9719,9635,9700,-1,9700,9635,9633,-1,9700,9633,9631,-1,9720,9655,9657,-1,9721,9619,9617,-1,9698,9702,9697,-1,9697,9702,9700,-1,9697,9700,9722,-1,9722,9700,9631,-1,9722,9631,9723,-1,9723,9631,9629,-1,9723,9629,9721,-1,9721,9629,9627,-1,9721,9627,9625,-1,9716,9724,9659,-1,9659,9724,9725,-1,9659,9725,9657,-1,9657,9725,9726,-1,9657,9726,9720,-1,9625,9623,9721,-1,9721,9623,9621,-1,9721,9621,9619,-1,9641,9727,9612,-1,9612,9727,9721,-1,9612,9721,9613,-1,9613,9721,9617,-1,9641,9642,9727,-1,9727,9642,9643,-1,9727,9643,9645,-1,9645,9647,9727,-1,9727,9647,9649,-1,9727,9649,9728,-1,9728,9649,9651,-1,9728,9651,9720,-1,9720,9651,9653,-1,9720,9653,9655,-1,9729,9591,9730,-1,9730,9591,9592,-1,9729,9595,9591,-1,9591,9595,9596,-1,9591,9596,9731,-1,9731,9596,9732,-1,9731,9732,9733,-1,9733,9732,9734,-1,9733,9734,9697,-1,9697,9734,9735,-1,9697,9735,9695,-1,9592,9736,9730,-1,9730,9736,9737,-1,9730,9737,9738,-1,9738,9737,9739,-1,9738,9739,9740,-1,9740,9739,9741,-1,9740,9741,9742,-1,9743,9744,9745,-1,9742,9746,9740,-1,9740,9746,9747,-1,9740,9747,9748,-1,9748,9749,9740,-1,9740,9749,9743,-1,9740,9743,9750,-1,9750,9743,9745,-1,9751,9752,9610,-1,9582,9753,9584,-1,9584,9753,9586,-1,9576,9754,9578,-1,9578,9754,9753,-1,9578,9753,9580,-1,9580,9753,9582,-1,9755,9756,9757,-1,9758,9759,9760,-1,9761,9762,9763,-1,9755,9764,9756,-1,9756,9764,9765,-1,9756,9765,9761,-1,9761,9765,9766,-1,9761,9766,9762,-1,9767,9768,9769,-1,9770,9650,9771,-1,9771,9650,9772,-1,9757,9773,9755,-1,9755,9773,9774,-1,9755,9774,9760,-1,9775,9776,9650,-1,9650,9776,9777,-1,9778,9779,9780,-1,9780,9779,9760,-1,9780,9760,9781,-1,9781,9760,9759,-1,9636,9782,9634,-1,9634,9782,9783,-1,9634,9783,9632,-1,9632,9783,9784,-1,9785,9786,9774,-1,9774,9786,9787,-1,9774,9787,9788,-1,9789,9790,9791,-1,9792,9628,9630,-1,9793,9794,9795,-1,9795,9794,9796,-1,9795,9796,9797,-1,9797,9796,9767,-1,9767,9796,9798,-1,9767,9798,9768,-1,9768,9798,9799,-1,9768,9799,9589,-1,9589,9799,9800,-1,9589,9800,9590,-1,9610,9608,9751,-1,9751,9608,9606,-1,9751,9606,9753,-1,9790,9801,9791,-1,9791,9801,9802,-1,9791,9802,9598,-1,9598,9802,9588,-1,9598,9588,9600,-1,9600,9588,9586,-1,9600,9586,9602,-1,9602,9586,9753,-1,9602,9753,9604,-1,9604,9753,9606,-1,9758,9760,9803,-1,9803,9760,9774,-1,9803,9774,9791,-1,9791,9774,9788,-1,9791,9788,9789,-1,9636,9804,9782,-1,9782,9804,9805,-1,9782,9805,9806,-1,9806,9805,9807,-1,9806,9807,9808,-1,9808,9807,9809,-1,9808,9809,9779,-1,9779,9809,9810,-1,9779,9810,9760,-1,9616,9618,9811,-1,9784,9812,9632,-1,9632,9812,9813,-1,9632,9813,9630,-1,9630,9813,9814,-1,9630,9814,9792,-1,9815,9816,9761,-1,9616,9811,9615,-1,9644,9817,9646,-1,9646,9817,9775,-1,9646,9775,9648,-1,9648,9775,9650,-1,9777,9818,9650,-1,9650,9818,9819,-1,9650,9819,9594,-1,9820,9767,9650,-1,9650,9767,9769,-1,9650,9769,9772,-1,9821,9822,9823,-1,9824,9825,9826,-1,9826,9825,9664,-1,9824,9815,9825,-1,9825,9815,9761,-1,9825,9761,9827,-1,9827,9761,9763,-1,9644,9640,9817,-1,9817,9640,9639,-1,9817,9639,9811,-1,9811,9639,9614,-1,9811,9614,9615,-1,9618,9620,9811,-1,9811,9620,9622,-1,9811,9622,9828,-1,9828,9622,9624,-1,9828,9624,9792,-1,9792,9624,9626,-1,9792,9626,9628,-1,9594,9593,9650,-1,9650,9593,9829,-1,9650,9829,9820,-1,9820,9830,9767,-1,9767,9830,9831,-1,9767,9831,9823,-1,9823,9831,9832,-1,9823,9832,9821,-1,9664,9662,9826,-1,9826,9662,9660,-1,9826,9660,9833,-1,9833,9660,9658,-1,9770,9834,9650,-1,9650,9834,9835,-1,9650,9835,9652,-1,9652,9835,9836,-1,9652,9836,9654,-1,9654,9836,9833,-1,9654,9833,9656,-1,9656,9833,9658,-1,9752,9751,9837,-1,9837,9751,9666,-1,9837,9666,9665,-1,9682,9780,9703,-1,9703,9780,9781,-1,9703,9781,9705,-1,9705,9781,9759,-1,9705,9759,9707,-1,9707,9759,9758,-1,9707,9758,9673,-1,9673,9758,9803,-1,9673,9803,9674,-1,9674,9803,9791,-1,9674,9791,9597,-1,9597,9791,9598,-1,9676,9666,9753,-1,9753,9666,9751,-1,9682,9681,9780,-1,9780,9681,9778,-1,9681,9678,9778,-1,9778,9678,9779,-1,9678,9677,9779,-1,9779,9677,9808,-1,9677,9679,9808,-1,9808,9679,9806,-1,9679,9680,9806,-1,9806,9680,9782,-1,9680,9690,9782,-1,9782,9690,9783,-1,9690,9717,9783,-1,9783,9717,9784,-1,9717,9718,9784,-1,9784,9718,9812,-1,9718,9719,9812,-1,9812,9719,9813,-1,9719,9700,9813,-1,9813,9700,9814,-1,9700,9699,9814,-1,9814,9699,9792,-1,9699,9701,9792,-1,9792,9701,9828,-1,9734,9818,9735,-1,9735,9818,9777,-1,9735,9777,9695,-1,9695,9777,9776,-1,9695,9776,9696,-1,9696,9776,9775,-1,9696,9775,9698,-1,9698,9775,9817,-1,9698,9817,9702,-1,9702,9817,9811,-1,9702,9811,9701,-1,9701,9811,9828,-1,9734,9732,9818,-1,9818,9732,9819,-1,9732,9596,9819,-1,9819,9596,9594,-1,9730,9820,9829,-1,9730,9829,9729,-1,9729,9829,9593,-1,9729,9593,9595,-1,9730,9738,9820,-1,9820,9738,9830,-1,9830,9738,9740,-1,9830,9740,9831,-1,9831,9740,9750,-1,9831,9750,9832,-1,9832,9750,9745,-1,9832,9745,9821,-1,9821,9745,9744,-1,9821,9744,9822,-1,9822,9744,9743,-1,9822,9743,9823,-1,9823,9743,9749,-1,9823,9749,9767,-1,9767,9749,9748,-1,9767,9748,9797,-1,9797,9748,9747,-1,9797,9747,9795,-1,9795,9747,9746,-1,9795,9746,9793,-1,9793,9746,9742,-1,9793,9742,9794,-1,9794,9742,9741,-1,9794,9741,9796,-1,9796,9741,9739,-1,9796,9739,9798,-1,9739,9737,9798,-1,9798,9737,9799,-1,9592,9590,9800,-1,9592,9800,9736,-1,9736,9800,9799,-1,9736,9799,9737,-1,9591,9731,9589,-1,9589,9731,9768,-1,9731,9733,9768,-1,9768,9733,9769,-1,9728,9836,9727,-1,9727,9836,9835,-1,9727,9835,9721,-1,9721,9835,9834,-1,9721,9834,9723,-1,9723,9834,9770,-1,9723,9770,9722,-1,9722,9770,9771,-1,9722,9771,9697,-1,9697,9771,9772,-1,9697,9772,9733,-1,9733,9772,9769,-1,9728,9720,9836,-1,9836,9720,9833,-1,9720,9726,9833,-1,9833,9726,9826,-1,9726,9725,9826,-1,9826,9725,9824,-1,9725,9724,9824,-1,9824,9724,9815,-1,9724,9716,9815,-1,9815,9716,9816,-1,9716,9715,9816,-1,9816,9715,9761,-1,9715,9714,9761,-1,9761,9714,9756,-1,9714,9713,9756,-1,9756,9713,9757,-1,9713,9712,9757,-1,9757,9712,9773,-1,9712,9667,9773,-1,9773,9667,9774,-1,9667,9692,9774,-1,9774,9692,9785,-1,9692,9693,9785,-1,9785,9693,9786,-1,9668,9825,9669,-1,9669,9825,9827,-1,9669,9827,9670,-1,9670,9827,9763,-1,9670,9763,9671,-1,9671,9763,9762,-1,9671,9762,9672,-1,9672,9762,9766,-1,9672,9766,9683,-1,9683,9766,9765,-1,9683,9765,9675,-1,9675,9765,9764,-1,9668,9663,9825,-1,9825,9663,9664,-1,9637,9691,9636,-1,9636,9691,9804,-1,9706,9755,9704,-1,9704,9755,9760,-1,9704,9760,9686,-1,9686,9760,9810,-1,9686,9810,9687,-1,9687,9810,9809,-1,9687,9809,9688,-1,9688,9809,9807,-1,9688,9807,9689,-1,9689,9807,9805,-1,9689,9805,9691,-1,9691,9805,9804,-1,9706,9675,9755,-1,9755,9675,9764,-1,9587,9588,9708,-1,9708,9588,9802,-1,9708,9802,9709,-1,9709,9802,9801,-1,9709,9801,9710,-1,9710,9801,9790,-1,9710,9790,9711,-1,9711,9790,9789,-1,9711,9789,9684,-1,9684,9789,9788,-1,9684,9788,9694,-1,9694,9788,9787,-1,9694,9787,9693,-1,9693,9787,9786,-1,9685,9676,9838,-1,9838,9676,9753,-1,9838,9753,9754,-1,9839,9840,9841,-1,9841,9840,9842,-1,9841,9842,9843,-1,9843,9842,9844,-1,9843,9844,9845,-1,9845,9844,9846,-1,9845,9846,9847,-1,9847,9846,9848,-1,9849,9850,9848,-1,9848,9850,9851,-1,9848,9851,9847,-1,9849,9852,9850,-1,9850,9852,9853,-1,9850,9853,9854,-1,9855,9856,9857,-1,9857,9856,9858,-1,9857,9858,9859,-1,9859,9858,9860,-1,9859,9860,9861,-1,9862,9863,9864,-1,9865,9862,9866,-1,9866,9862,9864,-1,9866,9864,9867,-1,9867,9864,9868,-1,9867,9868,9869,-1,9869,9868,9861,-1,9869,9861,9870,-1,9870,9861,9860,-1,9871,9685,9838,-1,9871,9838,9852,-1,9754,9854,9838,-1,9838,9854,9853,-1,9838,9853,9852,-1,9865,9576,9862,-1,9862,9576,9575,-1,9862,9575,9863,-1,9754,9576,9854,-1,9854,9576,9865,-1,9854,9865,9850,-1,9865,9866,9850,-1,9850,9866,9867,-1,9850,9867,9851,-1,9851,9867,9869,-1,9851,9869,9847,-1,9847,9869,9870,-1,9847,9870,9845,-1,9845,9870,9860,-1,9845,9860,9843,-1,9843,9860,9858,-1,9843,9858,9841,-1,9841,9858,9856,-1,9841,9856,9839,-1,9871,9852,9849,-1,9871,9849,9685,-1,9840,9855,9842,-1,9842,9855,9857,-1,9842,9857,9844,-1,9844,9857,9859,-1,9844,9859,9846,-1,9846,9859,9861,-1,9846,9861,9848,-1,9848,9861,9868,-1,9848,9868,9849,-1,9849,9868,9864,-1,9849,9864,9685,-1,9685,9864,9863,-1,9685,9863,9575,-1,9872,9873,9855,-1,9855,9873,9856,-1,9874,9875,9876,-1,9876,9875,9839,-1,9876,9839,9877,-1,9839,9856,9877,-1,9877,9856,9873,-1,9877,9873,9878,-1,9878,9873,9879,-1,9878,9879,9880,-1,9876,9881,9882,-1,9880,9883,9878,-1,9878,9883,9884,-1,9878,9884,9885,-1,9882,9886,9876,-1,9876,9886,9887,-1,9876,9887,9874,-1,9855,9840,9872,-1,9872,9840,9888,-1,9872,9888,9889,-1,9889,9888,9890,-1,9889,9890,9891,-1,9889,9892,9872,-1,9872,9892,9893,-1,9872,9893,9894,-1,9895,9896,9897,-1,9897,9896,9872,-1,9897,9872,9898,-1,9898,9872,9894,-1,9899,9900,9891,-1,9891,9900,9901,-1,9891,9901,9889,-1,9875,9888,9839,-1,9839,9888,9840,-1,9888,9875,9874,-1,9888,9874,9890,-1,9890,9874,9887,-1,9890,9887,9891,-1,9891,9887,9886,-1,9891,9886,9899,-1,9899,9886,9882,-1,9899,9882,9900,-1,9900,9882,9881,-1,9900,9881,9901,-1,9901,9881,9876,-1,9901,9876,9889,-1,9892,9889,9877,-1,9877,9889,9876,-1,9892,9877,9878,-1,9892,9878,9893,-1,9893,9878,9885,-1,9893,9885,9894,-1,9894,9885,9884,-1,9894,9884,9898,-1,9898,9884,9883,-1,9898,9883,9897,-1,9897,9883,9880,-1,9897,9880,9895,-1,9895,9880,9879,-1,9895,9879,9896,-1,9896,9879,9873,-1,9896,9873,9872,-1,9902,9903,9665,-1,9904,9905,9906,-1,9906,9905,9907,-1,9906,9907,9908,-1,9908,9907,9909,-1,9908,9909,9910,-1,9910,9909,9911,-1,9910,9911,9912,-1,9912,9911,9913,-1,9912,9913,9914,-1,9914,9913,9902,-1,9914,9902,9915,-1,9915,9902,9665,-1,9915,9665,9609,-1,9610,9752,9916,-1,9916,9752,9917,-1,9916,9917,9918,-1,9917,9919,9918,-1,9918,9919,9920,-1,9918,9920,9921,-1,9921,9920,9922,-1,9921,9922,9923,-1,9923,9922,9924,-1,9923,9924,9925,-1,9925,9924,9926,-1,9925,9926,9927,-1,9927,9926,9928,-1,9927,9928,9929,-1,9917,9752,9930,-1,9930,9752,9837,-1,9930,9837,9903,-1,9903,9837,9665,-1,9930,9903,9902,-1,9905,9928,9907,-1,9907,9928,9926,-1,9907,9926,9909,-1,9909,9926,9924,-1,9909,9924,9911,-1,9911,9924,9922,-1,9911,9922,9913,-1,9913,9922,9920,-1,9913,9920,9902,-1,9902,9920,9919,-1,9902,9919,9930,-1,9930,9919,9917,-1,9914,9918,9912,-1,9912,9918,9921,-1,9912,9921,9910,-1,9910,9921,9923,-1,9910,9923,9908,-1,9908,9923,9925,-1,9908,9925,9906,-1,9906,9925,9927,-1,9906,9927,9904,-1,9904,9927,9929,-1,9914,9915,9918,-1,9918,9915,9931,-1,9918,9931,9916,-1,9915,9609,9931,-1,9931,9609,9610,-1,9931,9610,9916,-1,9932,9933,9934,-1,9932,9934,9935,-1,9935,9934,9936,-1,9935,9936,9937,-1,9937,9936,9938,-1,9937,9938,9939,-1,9939,9938,9940,-1,9939,9940,9941,-1,9941,9940,9942,-1,9941,9942,9943,-1,9943,9942,9944,-1,9943,9944,9945,-1,9945,9944,9946,-1,9945,9946,9947,-1,9932,9948,9933,-1,9933,9948,9949,-1,9950,9951,9952,-1,9950,9952,9953,-1,9953,9952,9954,-1,9953,9954,9955,-1,9955,9954,9956,-1,9955,9956,9957,-1,9957,9956,9958,-1,9957,9958,9959,-1,9959,9958,9960,-1,9959,9960,9961,-1,9961,9960,9962,-1,9961,9962,9963,-1,9963,9962,9949,-1,9963,9949,9948,-1,9929,9928,9951,-1,9951,9928,9946,-1,9956,9962,9958,-1,9958,9962,9960,-1,9956,9954,9962,-1,9962,9954,9952,-1,9962,9952,9949,-1,9949,9952,9951,-1,9949,9951,9933,-1,9933,9951,9946,-1,9933,9946,9934,-1,9940,9946,9942,-1,9942,9946,9944,-1,9940,9938,9946,-1,9946,9938,9936,-1,9946,9936,9934,-1,9955,9957,9948,-1,9948,9932,9947,-1,9947,9932,9935,-1,9947,9935,9945,-1,9905,9904,9947,-1,9947,9904,9950,-1,9947,9950,9948,-1,9948,9950,9953,-1,9948,9953,9955,-1,9957,9959,9948,-1,9948,9959,9961,-1,9948,9961,9963,-1,9935,9937,9945,-1,9945,9937,9939,-1,9945,9939,9943,-1,9943,9939,9941,-1,9947,9946,9905,-1,9905,9946,9928,-1,9951,9950,9929,-1,9929,9950,9904,-1,9964,9965,9966,-1,9966,9965,9967,-1,9968,9969,9970,-1,9970,9969,9971,-1,9972,9973,9974,-1,9974,9973,9612,-1,9969,9968,9975,-1,9975,9968,9976,-1,9975,9976,9972,-1,9972,9976,9977,-1,9972,9977,9973,-1,9612,9611,9974,-1,9974,9611,9614,-1,9974,9614,9972,-1,9972,9614,9978,-1,9972,9978,9975,-1,9639,9638,9979,-1,9639,9979,9980,-1,9981,9964,9982,-1,9964,9981,9965,-1,9983,9984,9981,-1,9981,9984,9985,-1,9981,9985,9965,-1,9982,9980,9981,-1,9981,9980,9979,-1,9981,9979,9983,-1,9983,9979,9638,-1,9983,9638,9641,-1,9641,9612,9973,-1,9985,9984,9976,-1,9985,9976,9965,-1,9973,9977,9641,-1,9641,9977,9976,-1,9641,9976,9983,-1,9983,9976,9984,-1,9976,9968,9965,-1,9965,9968,9970,-1,9965,9970,9967,-1,9966,9971,9969,-1,9975,9982,9969,-1,9969,9982,9964,-1,9969,9964,9966,-1,9639,9980,9614,-1,9614,9980,9982,-1,9614,9982,9978,-1,9978,9982,9975,-1,9986,9987,9988,-1,9988,9987,9989,-1,9966,9988,9971,-1,9971,9988,9989,-1,9987,9986,9970,-1,9970,9986,9967,-1,9971,9989,9970,-1,9970,9989,9987,-1,9967,9986,9966,-1,9966,9986,9988,-1,9990,9991,9992,-1,9990,9992,9993,-1,9993,9992,9994,-1,9993,9994,9995,-1,9995,9994,9996,-1,9995,9996,9997,-1,9997,9996,9998,-1,9997,9998,9999,-1,9999,9998,10000,-1,9999,10000,10001,-1,10001,10000,10002,-1,10001,10002,10003,-1,10004,10005,10006,-1,10006,10005,10007,-1,10006,10007,10008,-1,10008,10007,10009,-1,10008,10009,10010,-1,10010,10009,10011,-1,10010,10011,10012,-1,10012,10011,10013,-1,10012,10013,10014,-1,10014,10013,10015,-1,10014,10015,10016,-1,10016,10015,10017,-1,10018,10019,10020,-1,10021,10018,10022,-1,10022,10018,10020,-1,10022,10020,10023,-1,10023,10020,10024,-1,10023,10024,10025,-1,10025,10024,10026,-1,10025,10026,10027,-1,10027,10026,10028,-1,10027,10028,10029,-1,10029,10028,10030,-1,10029,10030,10031,-1,10031,10030,10032,-1,10033,10034,10035,-1,10035,10034,10036,-1,10035,10036,10037,-1,10037,10036,10038,-1,10037,10038,10039,-1,10039,10038,10040,-1,10039,10040,10041,-1,10041,10040,10042,-1,10041,10042,10043,-1,10043,10042,10044,-1,10043,10044,10045,-1,10045,10044,10046,-1,10047,10048,10049,-1,10050,10047,10051,-1,10051,10047,10049,-1,10051,10049,10052,-1,10052,10049,10053,-1,10052,10053,10054,-1,10054,10053,10055,-1,10054,10055,10056,-1,10056,10055,10057,-1,10056,10057,10058,-1,10058,10057,10059,-1,10058,10059,10060,-1,10060,10059,10061,-1,10062,10061,10063,-1,10063,10061,10064,-1,10065,10066,10067,-1,10068,10069,10070,-1,10070,10071,10068,-1,10068,10071,10072,-1,10068,10072,10073,-1,10074,10075,10076,-1,10077,10067,10078,-1,10079,10080,10081,-1,10049,10048,10082,-1,10039,10041,10083,-1,10083,10041,10084,-1,10085,10067,10086,-1,10086,10067,10087,-1,10077,10088,10067,-1,10067,10088,10089,-1,10067,10089,10065,-1,10090,10091,10063,-1,10063,10091,10092,-1,10063,10092,10062,-1,10079,10081,10093,-1,10094,10095,10041,-1,10041,10095,10096,-1,10041,10096,10084,-1,10080,10097,10081,-1,10081,10097,10098,-1,10081,10098,10099,-1,10100,10101,10102,-1,10102,10101,10103,-1,10094,10041,10104,-1,10104,10041,10043,-1,10104,10043,10105,-1,10068,10087,10069,-1,10069,10087,10067,-1,10069,10067,10063,-1,10063,10067,10106,-1,10063,10106,10090,-1,10081,10107,10101,-1,10101,10107,10108,-1,10101,10108,10103,-1,10006,10008,10109,-1,10109,10008,10010,-1,10109,10010,10012,-1,10029,10031,10110,-1,10031,10111,10110,-1,10110,10111,10112,-1,10110,10112,10113,-1,10113,10114,10110,-1,10110,10114,10077,-1,10110,10077,10076,-1,10076,10077,10078,-1,10076,10078,10074,-1,10105,10101,10115,-1,10115,10101,10116,-1,10117,10118,10101,-1,10059,10119,10061,-1,10061,10119,10120,-1,10061,10120,10064,-1,10064,10120,10121,-1,10064,10121,10122,-1,10066,10123,10067,-1,10067,10123,10124,-1,10067,10124,10099,-1,10100,10125,10101,-1,10101,10125,10126,-1,10101,10126,10109,-1,10109,10126,10004,-1,10109,10004,10006,-1,10105,10043,10101,-1,10101,10043,10045,-1,10101,10045,10117,-1,10127,10128,10129,-1,10129,10128,10130,-1,10129,10130,10131,-1,10098,10132,10099,-1,10099,10132,10133,-1,10099,10133,10067,-1,10067,10133,10134,-1,10067,10134,10106,-1,10118,10135,10101,-1,10101,10135,10136,-1,10101,10136,10137,-1,10082,10048,10129,-1,10129,10048,10138,-1,10129,10138,10127,-1,10131,10139,10129,-1,10129,10139,10033,-1,10129,10033,10140,-1,10140,10033,10035,-1,10140,10035,10083,-1,10083,10035,10037,-1,10083,10037,10039,-1,10059,10057,10119,-1,10119,10057,10055,-1,10119,10055,10082,-1,10082,10055,10053,-1,10082,10053,10049,-1,10141,10142,10143,-1,10143,10142,10144,-1,10143,10144,10145,-1,10145,10144,10146,-1,10145,10146,10122,-1,10122,10146,10147,-1,10122,10147,10064,-1,10143,10148,10141,-1,10141,10148,10149,-1,10141,10149,10150,-1,10150,10149,10002,-1,10150,10002,10000,-1,10151,10152,10110,-1,10000,9998,10150,-1,10150,9998,9996,-1,10150,9996,9994,-1,10151,10110,10153,-1,10137,10154,10101,-1,10101,10154,10155,-1,10101,10155,10081,-1,10081,10155,10156,-1,10081,10156,10093,-1,9994,9992,10150,-1,10150,9992,9991,-1,10150,9991,10157,-1,10157,9991,10158,-1,10157,10158,10159,-1,10159,10158,10160,-1,10012,10014,10109,-1,10109,10014,10016,-1,10109,10016,10110,-1,10110,10016,10161,-1,10110,10161,10153,-1,10162,10163,10021,-1,10021,10022,10162,-1,10162,10022,10023,-1,10162,10023,10152,-1,10152,10023,10025,-1,10152,10025,10110,-1,10110,10025,10027,-1,10110,10027,10029,-1,10164,10165,10166,-1,10164,10166,10167,-1,10168,10169,10170,-1,10170,10169,10171,-1,10170,10171,10172,-1,10165,10173,10166,-1,10166,10173,10174,-1,10166,10174,10032,-1,10175,10176,10177,-1,10177,10176,10046,-1,10177,10046,10178,-1,10179,10180,10181,-1,10181,10180,10182,-1,10183,10184,10185,-1,10185,10184,10186,-1,10185,10186,10187,-1,10187,10186,10188,-1,10187,10188,10189,-1,10189,10188,10190,-1,10189,10190,10171,-1,10171,10190,10191,-1,10171,10191,10172,-1,10178,10046,10192,-1,10192,10046,10044,-1,10192,10044,10042,-1,10193,10194,10195,-1,10196,10197,10198,-1,10198,10197,10170,-1,10198,10170,10199,-1,10199,10170,10200,-1,10199,10200,10201,-1,10201,10202,10199,-1,10199,10202,10203,-1,10199,10203,10204,-1,10166,10205,10206,-1,10042,10040,10192,-1,10192,10040,10038,-1,10192,10038,10036,-1,10194,10207,10195,-1,10195,10207,10208,-1,10195,10208,10209,-1,10180,10210,10182,-1,10182,10210,10211,-1,10182,10211,10212,-1,10213,10192,10214,-1,10214,10192,10212,-1,10204,10215,10199,-1,10199,10215,10216,-1,10199,10216,10176,-1,10176,10216,10217,-1,10176,10217,10046,-1,10015,10013,10218,-1,10218,10013,10011,-1,10218,10011,10009,-1,10219,10197,10005,-1,10005,10197,10218,-1,10005,10218,10007,-1,10007,10218,10009,-1,10169,10220,10171,-1,10171,10220,10221,-1,10171,10221,10166,-1,10166,10221,10222,-1,10166,10222,10167,-1,10206,10223,10166,-1,10166,10223,10224,-1,10166,10224,10218,-1,10218,10224,10017,-1,10218,10017,10015,-1,10183,10185,10225,-1,10225,10185,10226,-1,10225,10226,10195,-1,10195,10226,10227,-1,10195,10227,10193,-1,10032,10030,10166,-1,10166,10030,10028,-1,10166,10028,10205,-1,10219,10228,10197,-1,10197,10228,10229,-1,10197,10229,10230,-1,10231,10232,10170,-1,10170,10232,10233,-1,10170,10233,10168,-1,10019,10234,10020,-1,10020,10234,10235,-1,10020,10235,10024,-1,10024,10235,10205,-1,10024,10205,10026,-1,10026,10205,10028,-1,10212,10192,10182,-1,10182,10192,10036,-1,10182,10036,10236,-1,10236,10036,10034,-1,10236,10034,10237,-1,10237,10238,10236,-1,10236,10238,10239,-1,10236,10239,10240,-1,10240,10239,10241,-1,10242,10003,10243,-1,10243,10003,10244,-1,10244,10245,10243,-1,10243,10245,10246,-1,10243,10246,10247,-1,10179,10181,10248,-1,10248,10181,10249,-1,10248,10249,10250,-1,10250,10249,10251,-1,10250,10251,10246,-1,10246,10251,10252,-1,10246,10252,10247,-1,10241,10253,10240,-1,10240,10253,10254,-1,10240,10254,10255,-1,10255,10254,10050,-1,10255,10050,10051,-1,9997,10242,9995,-1,9995,10242,9993,-1,9997,9999,10242,-1,10242,9999,10001,-1,10242,10001,10003,-1,10230,10256,10197,-1,10197,10256,10257,-1,10197,10257,10170,-1,10170,10257,10258,-1,10170,10258,10231,-1,10051,10052,10255,-1,10255,10052,10054,-1,10255,10054,10056,-1,10056,10058,10255,-1,10255,10058,10060,-1,10255,10060,10259,-1,10259,10060,10260,-1,10259,10260,10208,-1,10208,10260,10261,-1,10208,10261,10209,-1,9993,10242,9990,-1,9990,10242,10262,-1,9990,10262,10263,-1,10263,10262,10264,-1,10263,10264,10265,-1,10134,10183,10106,-1,10106,10183,10225,-1,10106,10225,10090,-1,10090,10225,10195,-1,10090,10195,10091,-1,10091,10195,10209,-1,10091,10209,10092,-1,10092,10209,10261,-1,10092,10261,10062,-1,10062,10261,10260,-1,10062,10260,10061,-1,10061,10260,10060,-1,10266,10254,10253,-1,10138,10266,10127,-1,10127,10266,10253,-1,10127,10253,10128,-1,10128,10253,10241,-1,10128,10241,10130,-1,10130,10241,10239,-1,10130,10239,10131,-1,10131,10239,10238,-1,10131,10238,10139,-1,10139,10238,10237,-1,10139,10237,10033,-1,10033,10237,10034,-1,10031,10032,10111,-1,10111,10032,10174,-1,10111,10174,10112,-1,10112,10174,10173,-1,10112,10173,10113,-1,10113,10173,10165,-1,10113,10165,10114,-1,10114,10165,10164,-1,10114,10164,10077,-1,10077,10164,10167,-1,10077,10167,10088,-1,10088,10167,10222,-1,10267,10163,10162,-1,10234,10267,10235,-1,10235,10267,10162,-1,10235,10162,10205,-1,10205,10162,10152,-1,10205,10152,10206,-1,10206,10152,10151,-1,10206,10151,10223,-1,10223,10151,10153,-1,10223,10153,10224,-1,10224,10153,10161,-1,10224,10161,10017,-1,10017,10161,10016,-1,10076,10075,10171,-1,10171,10075,10189,-1,10075,10074,10189,-1,10189,10074,10187,-1,10074,10078,10187,-1,10187,10078,10185,-1,10078,10067,10185,-1,10185,10067,10226,-1,10067,10085,10226,-1,10226,10085,10227,-1,10085,10086,10227,-1,10227,10086,10193,-1,10086,10087,10193,-1,10193,10087,10194,-1,10087,10068,10194,-1,10194,10068,10207,-1,10068,10073,10207,-1,10207,10073,10208,-1,10073,10072,10208,-1,10208,10072,10259,-1,10147,10249,10064,-1,10064,10249,10181,-1,10064,10181,10063,-1,10063,10181,10182,-1,10063,10182,10069,-1,10069,10182,10236,-1,10069,10236,10070,-1,10070,10236,10240,-1,10070,10240,10071,-1,10071,10240,10255,-1,10071,10255,10072,-1,10072,10255,10259,-1,10147,10146,10249,-1,10249,10146,10251,-1,10146,10144,10251,-1,10251,10144,10252,-1,10141,10243,10247,-1,10141,10247,10142,-1,10142,10247,10252,-1,10142,10252,10144,-1,10141,10150,10243,-1,10243,10150,10242,-1,9991,9990,10263,-1,9991,10263,10158,-1,10158,10263,10265,-1,10158,10265,10160,-1,10160,10265,10264,-1,10160,10264,10159,-1,10159,10264,10262,-1,10159,10262,10157,-1,10157,10262,10242,-1,10157,10242,10150,-1,10002,10149,10003,-1,10003,10149,10244,-1,10143,10246,10245,-1,10143,10245,10148,-1,10148,10245,10244,-1,10148,10244,10149,-1,10143,10145,10246,-1,10246,10145,10250,-1,10145,10122,10250,-1,10250,10122,10248,-1,10140,10214,10129,-1,10129,10214,10212,-1,10129,10212,10082,-1,10082,10212,10211,-1,10082,10211,10119,-1,10119,10211,10210,-1,10119,10210,10120,-1,10120,10210,10180,-1,10120,10180,10121,-1,10121,10180,10179,-1,10121,10179,10122,-1,10122,10179,10248,-1,10140,10083,10214,-1,10214,10083,10213,-1,10083,10084,10213,-1,10213,10084,10192,-1,10084,10096,10192,-1,10192,10096,10178,-1,10096,10095,10178,-1,10178,10095,10177,-1,10095,10094,10177,-1,10177,10094,10175,-1,10094,10104,10175,-1,10175,10104,10176,-1,10104,10105,10176,-1,10176,10105,10199,-1,10105,10115,10199,-1,10199,10115,10198,-1,10115,10116,10198,-1,10198,10116,10196,-1,10116,10101,10196,-1,10196,10101,10197,-1,10218,10197,10109,-1,10109,10197,10101,-1,10110,10076,10166,-1,10166,10076,10171,-1,10109,10110,10268,-1,10109,10268,10269,-1,10269,10268,10270,-1,10269,10270,10271,-1,10271,10270,10272,-1,10271,10272,10273,-1,10273,10272,10274,-1,10273,10274,10275,-1,10275,10274,10276,-1,10275,10276,10277,-1,10277,10276,10278,-1,10277,10278,10279,-1,10218,10109,10280,-1,10280,10109,10269,-1,10280,10269,10281,-1,10281,10269,10271,-1,10281,10271,10282,-1,10282,10271,10273,-1,10282,10273,10283,-1,10283,10273,10275,-1,10283,10275,10284,-1,10284,10275,10277,-1,10284,10277,10285,-1,10285,10277,10279,-1,10285,10279,10286,-1,10286,10279,10287,-1,10286,10287,10288,-1,10288,10287,10289,-1,10288,10289,10290,-1,10290,10289,10291,-1,10290,10291,10292,-1,10292,10291,10293,-1,10292,10293,10294,-1,10294,10293,10295,-1,10296,10297,10298,-1,10298,10297,10299,-1,10298,10299,10300,-1,10300,10299,10301,-1,10300,10301,10302,-1,10302,10301,10303,-1,10302,10303,10304,-1,10304,10303,10305,-1,10304,10305,10306,-1,10306,10305,10278,-1,10306,10278,10307,-1,10307,10278,10276,-1,10307,10276,10308,-1,10308,10276,10274,-1,10308,10274,10309,-1,10309,10274,10272,-1,10309,10272,10310,-1,10310,10272,10270,-1,10310,10270,10311,-1,10311,10270,10268,-1,10311,10268,10166,-1,10166,10268,10110,-1,10294,10296,10292,-1,10292,10296,10298,-1,10292,10298,10290,-1,10290,10298,10300,-1,10290,10300,10288,-1,10288,10300,10302,-1,10288,10302,10286,-1,10286,10302,10304,-1,10286,10304,10285,-1,10285,10304,10306,-1,10312,10313,10294,-1,10294,10313,10296,-1,10296,10313,10297,-1,10297,10313,10314,-1,10295,10315,10294,-1,10294,10315,10312,-1,10297,10314,10295,-1,10295,10314,10315,-1,10314,10313,10316,-1,10316,10313,10317,-1,10316,10317,10318,-1,10318,10317,10319,-1,10318,10319,10320,-1,10320,10319,10321,-1,10320,10321,10322,-1,10322,10321,10323,-1,10322,10324,10320,-1,10320,10324,10325,-1,10320,10325,10318,-1,10318,10325,10326,-1,10318,10326,10316,-1,10316,10326,10327,-1,10316,10327,10314,-1,10314,10327,10315,-1,10324,10328,10325,-1,10325,10328,10329,-1,10325,10329,10326,-1,10326,10329,10330,-1,10326,10330,10327,-1,10327,10330,10331,-1,10327,10331,10315,-1,10315,10331,10312,-1,10313,10312,10331,-1,10313,10331,10317,-1,10317,10331,10330,-1,10317,10330,10319,-1,10319,10330,10329,-1,10319,10329,10321,-1,10321,10329,10328,-1,10321,10328,10323,-1,10332,10323,10333,-1,10333,10323,10328,-1,10333,10328,10334,-1,10334,10328,10335,-1,10323,10332,10322,-1,10322,10332,10336,-1,10324,10337,10328,-1,10328,10337,10335,-1,10338,10337,10339,-1,10339,10337,10324,-1,10339,10324,10336,-1,10336,10324,10322,-1,10339,10336,10333,-1,10333,10336,10332,-1,10338,10339,10334,-1,10334,10339,10333,-1,10340,10341,10342,-1,10342,10341,10343,-1,10342,10343,10337,-1,10337,10343,10335,-1,10338,10334,10344,-1,10344,10334,10345,-1,10344,10345,10346,-1,10346,10345,10347,-1,10346,10340,10344,-1,10344,10340,10342,-1,10344,10342,10338,-1,10338,10342,10337,-1,10334,10335,10343,-1,10334,10343,10345,-1,10345,10343,10341,-1,10345,10341,10347,-1,10341,10348,10347,-1,10347,10348,10349,-1,10350,10347,10351,-1,10351,10347,10349,-1,10351,10349,10352,-1,10352,10349,10353,-1,10347,10350,10346,-1,10346,10350,10354,-1,10340,10355,10341,-1,10341,10355,10348,-1,10356,10355,10340,-1,10346,10354,10357,-1,10358,10359,10357,-1,10357,10359,10356,-1,10357,10356,10346,-1,10346,10356,10340,-1,10355,10356,10348,-1,10348,10356,10349,-1,10356,10359,10349,-1,10349,10359,10353,-1,10359,10358,10353,-1,10353,10358,10352,-1,10358,10357,10352,-1,10352,10357,10351,-1,10357,10354,10351,-1,10351,10354,10350,-1,10117,10217,10118,-1,10118,10217,10216,-1,10118,10216,10135,-1,10135,10216,10215,-1,10135,10215,10136,-1,10136,10215,10204,-1,10136,10204,10137,-1,10137,10204,10203,-1,10137,10203,10154,-1,10154,10203,10202,-1,10154,10202,10155,-1,10155,10202,10201,-1,10155,10201,10156,-1,10156,10201,10200,-1,10093,10156,10170,-1,10170,10156,10200,-1,10093,10170,10079,-1,10079,10170,10172,-1,10079,10172,10080,-1,10080,10172,10191,-1,10080,10191,10097,-1,10097,10191,10190,-1,10097,10190,10098,-1,10098,10190,10188,-1,10098,10188,10132,-1,10132,10188,10186,-1,10132,10186,10133,-1,10133,10186,10184,-1,10134,10133,10183,-1,10183,10133,10184,-1,10117,10045,10217,-1,10217,10045,10046,-1,10004,10126,10005,-1,10005,10126,10219,-1,10089,10088,10221,-1,10221,10088,10222,-1,10089,10221,10065,-1,10065,10221,10220,-1,10065,10220,10066,-1,10066,10220,10169,-1,10066,10169,10123,-1,10123,10169,10168,-1,10123,10168,10124,-1,10124,10168,10233,-1,10124,10233,10099,-1,10099,10233,10232,-1,10099,10232,10081,-1,10081,10232,10231,-1,10107,10081,10258,-1,10258,10081,10231,-1,10107,10258,10108,-1,10108,10258,10257,-1,10108,10257,10103,-1,10103,10257,10256,-1,10103,10256,10102,-1,10102,10256,10230,-1,10102,10230,10100,-1,10100,10230,10229,-1,10100,10229,10125,-1,10125,10229,10228,-1,10125,10228,10126,-1,10126,10228,10219,-1,10360,10361,10362,-1,10362,10361,10363,-1,10364,10365,10366,-1,10366,10365,10367,-1,10367,10365,10368,-1,10369,10370,10368,-1,10368,10370,10371,-1,10368,10371,10367,-1,10368,10372,10369,-1,10369,10372,10018,-1,10369,10018,10021,-1,10365,10373,10368,-1,10368,10373,10374,-1,10368,10374,10372,-1,10372,10374,10019,-1,10372,10019,10018,-1,10375,10363,10361,-1,10361,10376,10375,-1,10375,10376,10377,-1,10375,10377,10378,-1,10378,10377,10379,-1,10378,10379,10234,-1,10234,10379,10267,-1,10376,10380,10377,-1,10377,10380,10381,-1,10377,10381,10379,-1,10379,10381,10163,-1,10379,10163,10267,-1,10373,10234,10374,-1,10374,10234,10019,-1,10363,10375,10373,-1,10373,10375,10378,-1,10373,10378,10234,-1,10373,10365,10363,-1,10363,10365,10364,-1,10363,10364,10362,-1,10366,10367,10360,-1,10360,10367,10361,-1,10021,10163,10381,-1,10361,10367,10376,-1,10376,10367,10371,-1,10376,10371,10370,-1,10381,10380,10021,-1,10021,10380,10376,-1,10021,10376,10369,-1,10369,10376,10370,-1,10382,10383,10384,-1,10384,10383,10385,-1,10360,10383,10366,-1,10366,10383,10382,-1,10382,10384,10366,-1,10366,10384,10364,-1,10384,10385,10364,-1,10364,10385,10362,-1,10385,10383,10362,-1,10362,10383,10360,-1,10386,10387,10388,-1,10388,10387,10389,-1,10390,10391,10392,-1,10392,10391,10393,-1,10393,10391,10394,-1,10395,10396,10394,-1,10394,10396,10397,-1,10394,10397,10393,-1,10394,10398,10395,-1,10395,10398,10266,-1,10395,10266,10138,-1,10391,10399,10394,-1,10394,10399,10400,-1,10394,10400,10398,-1,10398,10400,10254,-1,10398,10254,10266,-1,10401,10389,10387,-1,10387,10402,10401,-1,10401,10402,10403,-1,10401,10403,10404,-1,10404,10403,10050,-1,10050,10403,10405,-1,10050,10405,10047,-1,10402,10406,10403,-1,10403,10406,10407,-1,10403,10407,10405,-1,10405,10407,10048,-1,10405,10048,10047,-1,10392,10393,10386,-1,10386,10393,10387,-1,10138,10048,10407,-1,10387,10393,10402,-1,10402,10393,10397,-1,10402,10397,10396,-1,10407,10406,10138,-1,10138,10406,10402,-1,10138,10402,10395,-1,10395,10402,10396,-1,10400,10399,10401,-1,10401,10399,10389,-1,10400,10401,10254,-1,10254,10401,10404,-1,10254,10404,10050,-1,10399,10391,10389,-1,10389,10391,10390,-1,10389,10390,10388,-1,10408,10409,10410,-1,10410,10409,10411,-1,10411,10409,10388,-1,10388,10409,10386,-1,10410,10411,10390,-1,10390,10411,10388,-1,10386,10409,10392,-1,10392,10409,10408,-1,10408,10410,10392,-1,10392,10410,10390,-1,10285,10306,10284,-1,10284,10306,10307,-1,10284,10307,10283,-1,10283,10307,10308,-1,10283,10308,10282,-1,10282,10308,10309,-1,10282,10309,10281,-1,10281,10309,10310,-1,10281,10310,10280,-1,10280,10310,10311,-1,10280,10311,10218,-1,10218,10311,10166,-1,10279,10278,10305,-1,10279,10305,10287,-1,10287,10305,10303,-1,10287,10303,10289,-1,10289,10303,10301,-1,10289,10301,10291,-1,10291,10301,10299,-1,10291,10299,10293,-1,10293,10299,10297,-1,10293,10297,10295,-1,10412,10413,10414,-1,10412,10414,10415,-1,10415,10414,10416,-1,10415,10416,10417,-1,10417,10416,10418,-1,10417,10418,10419,-1,10419,10418,10420,-1,10419,10420,10421,-1,10421,10420,10422,-1,10421,10422,10423,-1,10423,10422,10424,-1,10423,10424,10425,-1,10426,10427,10428,-1,10428,10427,10429,-1,10428,10429,10430,-1,10430,10429,10431,-1,10430,10431,10432,-1,10432,10431,10433,-1,10432,10433,10434,-1,10434,10433,10435,-1,10434,10435,10436,-1,10436,10435,10437,-1,10436,10437,10438,-1,10438,10437,10439,-1,10440,10441,10442,-1,10443,10440,10444,-1,10444,10440,10442,-1,10444,10442,10445,-1,10445,10442,10446,-1,10445,10446,10447,-1,10447,10446,10448,-1,10447,10448,10449,-1,10449,10448,10450,-1,10449,10450,10451,-1,10451,10450,10452,-1,10451,10452,10453,-1,10453,10452,10454,-1,10455,10456,10457,-1,10457,10456,10458,-1,10457,10458,10459,-1,10459,10458,10460,-1,10459,10460,10461,-1,10461,10460,10462,-1,10461,10462,10463,-1,10463,10462,10464,-1,10463,10464,10465,-1,10465,10464,10466,-1,10465,10466,10467,-1,10467,10466,10468,-1,10469,10470,10471,-1,10472,10469,10473,-1,10473,10469,10471,-1,10473,10471,10474,-1,10474,10471,10475,-1,10474,10475,10476,-1,10476,10475,10477,-1,10476,10477,10478,-1,10478,10477,10479,-1,10478,10479,10480,-1,10480,10479,10481,-1,10480,10481,10482,-1,10482,10481,10483,-1,10484,10485,10486,-1,10486,10487,10484,-1,10484,10487,10488,-1,10484,10488,10489,-1,10490,10491,10492,-1,10492,10491,10493,-1,10492,10493,10494,-1,10495,10496,10497,-1,10498,10499,10500,-1,10500,10499,10501,-1,10502,10492,10503,-1,10504,10505,10506,-1,10459,10507,10457,-1,10457,10507,10508,-1,10459,10461,10507,-1,10507,10461,10463,-1,10507,10463,10509,-1,10510,10492,10511,-1,10511,10492,10512,-1,10502,10513,10492,-1,10492,10513,10514,-1,10492,10514,10490,-1,10515,10516,10492,-1,10517,10518,10519,-1,10519,10518,10520,-1,10504,10506,10521,-1,10508,10522,10523,-1,10523,10522,10524,-1,10523,10524,10525,-1,10526,10527,10463,-1,10463,10527,10528,-1,10463,10528,10509,-1,10505,10529,10506,-1,10506,10529,10530,-1,10506,10530,10531,-1,10531,10530,10532,-1,10531,10532,10494,-1,10484,10512,10485,-1,10485,10512,10492,-1,10485,10492,10499,-1,10499,10492,10516,-1,10499,10516,10501,-1,10428,10430,10533,-1,10533,10430,10432,-1,10533,10432,10434,-1,10526,10463,10534,-1,10534,10463,10465,-1,10534,10465,10535,-1,10536,10537,10471,-1,10494,10532,10492,-1,10492,10532,10538,-1,10492,10538,10515,-1,10506,10539,10519,-1,10519,10539,10540,-1,10519,10540,10517,-1,10451,10453,10541,-1,10453,10542,10541,-1,10541,10542,10543,-1,10541,10543,10544,-1,10535,10519,10545,-1,10545,10519,10546,-1,10547,10548,10519,-1,10525,10549,10523,-1,10523,10549,10550,-1,10523,10550,10551,-1,10477,10475,10508,-1,10508,10475,10471,-1,10535,10465,10519,-1,10519,10465,10467,-1,10519,10467,10547,-1,10537,10552,10471,-1,10471,10552,10553,-1,10471,10553,10508,-1,10508,10553,10455,-1,10508,10455,10457,-1,10520,10554,10519,-1,10519,10554,10555,-1,10519,10555,10533,-1,10533,10555,10426,-1,10533,10426,10428,-1,10544,10556,10541,-1,10541,10556,10502,-1,10541,10502,10497,-1,10497,10502,10503,-1,10497,10503,10495,-1,10498,10557,10499,-1,10499,10557,10483,-1,10499,10483,10523,-1,10523,10483,10481,-1,10523,10481,10508,-1,10508,10481,10479,-1,10508,10479,10477,-1,10470,10558,10471,-1,10471,10558,10559,-1,10471,10559,10536,-1,10548,10560,10519,-1,10519,10560,10561,-1,10519,10561,10562,-1,10563,10564,10565,-1,10565,10564,10566,-1,10565,10566,10567,-1,10567,10566,10568,-1,10567,10568,10551,-1,10551,10568,10569,-1,10551,10569,10523,-1,10565,10570,10563,-1,10563,10570,10571,-1,10563,10571,10572,-1,10572,10571,10424,-1,10572,10424,10422,-1,10573,10574,10575,-1,10434,10436,10533,-1,10533,10436,10438,-1,10533,10438,10541,-1,10541,10438,10576,-1,10562,10577,10519,-1,10519,10577,10578,-1,10519,10578,10506,-1,10506,10578,10579,-1,10506,10579,10521,-1,10422,10420,10572,-1,10572,10420,10418,-1,10572,10418,10416,-1,10576,10580,10541,-1,10541,10580,10581,-1,10541,10581,10582,-1,10416,10414,10572,-1,10572,10414,10413,-1,10572,10413,10575,-1,10575,10413,10583,-1,10575,10583,10573,-1,10584,10585,10443,-1,10443,10444,10584,-1,10584,10444,10445,-1,10584,10445,10582,-1,10582,10445,10447,-1,10582,10447,10541,-1,10541,10447,10449,-1,10541,10449,10451,-1,10586,10587,10588,-1,10589,10590,10591,-1,10591,10590,10454,-1,10592,10593,10591,-1,10591,10593,10594,-1,10591,10594,10589,-1,10595,10596,10597,-1,10597,10596,10468,-1,10597,10468,10598,-1,10598,10468,10599,-1,10600,10601,10602,-1,10603,10604,10605,-1,10605,10604,10606,-1,10605,10606,10607,-1,10607,10606,10608,-1,10607,10608,10609,-1,10609,10608,10610,-1,10609,10610,10588,-1,10588,10610,10611,-1,10588,10611,10586,-1,10612,10613,10460,-1,10614,10615,10616,-1,10617,10618,10619,-1,10619,10618,10587,-1,10619,10587,10620,-1,10620,10587,10621,-1,10620,10621,10622,-1,10437,10435,10623,-1,10623,10435,10433,-1,10623,10433,10431,-1,10624,10625,10587,-1,10591,10626,10623,-1,10623,10626,10439,-1,10623,10439,10437,-1,10627,10628,10629,-1,10468,10466,10599,-1,10599,10466,10464,-1,10599,10464,10462,-1,10614,10616,10630,-1,10622,10631,10620,-1,10620,10631,10632,-1,10620,10632,10633,-1,10633,10634,10620,-1,10620,10634,10635,-1,10620,10635,10596,-1,10596,10635,10636,-1,10596,10636,10468,-1,10637,10618,10427,-1,10427,10618,10623,-1,10427,10623,10429,-1,10429,10623,10431,-1,10637,10638,10618,-1,10618,10638,10639,-1,10618,10639,10640,-1,10624,10587,10641,-1,10625,10642,10587,-1,10587,10642,10643,-1,10587,10643,10588,-1,10644,10645,10591,-1,10591,10645,10646,-1,10591,10646,10626,-1,10612,10460,10602,-1,10602,10460,10458,-1,10602,10458,10456,-1,10628,10647,10629,-1,10629,10647,10602,-1,10629,10602,10648,-1,10648,10602,10601,-1,10616,10599,10649,-1,10649,10599,10462,-1,10649,10462,10650,-1,10650,10462,10460,-1,10650,10460,10651,-1,10651,10460,10613,-1,10643,10652,10588,-1,10588,10652,10653,-1,10588,10653,10591,-1,10591,10653,10654,-1,10591,10654,10592,-1,10603,10605,10655,-1,10655,10605,10656,-1,10655,10656,10629,-1,10629,10656,10657,-1,10629,10657,10627,-1,10615,10658,10616,-1,10616,10658,10659,-1,10616,10659,10599,-1,10599,10659,10660,-1,10599,10660,10661,-1,10640,10662,10618,-1,10618,10662,10663,-1,10618,10663,10587,-1,10587,10663,10664,-1,10587,10664,10641,-1,10454,10452,10591,-1,10591,10452,10450,-1,10591,10450,10644,-1,10478,10480,10602,-1,10602,10480,10482,-1,10602,10482,10600,-1,10441,10665,10442,-1,10442,10665,10666,-1,10442,10666,10446,-1,10446,10666,10644,-1,10446,10644,10448,-1,10448,10644,10450,-1,10667,10472,10668,-1,10668,10472,10473,-1,10668,10473,10669,-1,10669,10473,10670,-1,10417,10419,10671,-1,10671,10425,10672,-1,10672,10425,10673,-1,10673,10674,10672,-1,10672,10674,10675,-1,10672,10675,10676,-1,10630,10616,10677,-1,10677,10616,10678,-1,10677,10678,10679,-1,10679,10678,10680,-1,10679,10680,10675,-1,10675,10680,10681,-1,10675,10681,10676,-1,10478,10602,10476,-1,10476,10602,10456,-1,10476,10456,10474,-1,10474,10456,10682,-1,10474,10682,10473,-1,10473,10682,10683,-1,10473,10683,10670,-1,10684,10685,10686,-1,10419,10421,10671,-1,10671,10421,10423,-1,10671,10423,10425,-1,10686,10687,10684,-1,10684,10687,10412,-1,10684,10412,10671,-1,10671,10412,10415,-1,10671,10415,10417,-1,10515,10603,10516,-1,10516,10603,10655,-1,10516,10655,10501,-1,10501,10655,10629,-1,10501,10629,10500,-1,10500,10629,10648,-1,10500,10648,10498,-1,10498,10648,10601,-1,10498,10601,10557,-1,10557,10601,10600,-1,10557,10600,10483,-1,10483,10600,10482,-1,10688,10667,10668,-1,10558,10688,10559,-1,10559,10688,10668,-1,10559,10668,10536,-1,10536,10668,10669,-1,10536,10669,10537,-1,10537,10669,10670,-1,10537,10670,10552,-1,10552,10670,10683,-1,10552,10683,10553,-1,10553,10683,10682,-1,10553,10682,10455,-1,10455,10682,10456,-1,10453,10454,10542,-1,10542,10454,10590,-1,10542,10590,10543,-1,10543,10590,10589,-1,10543,10589,10544,-1,10544,10589,10594,-1,10544,10594,10556,-1,10556,10594,10593,-1,10556,10593,10502,-1,10502,10593,10592,-1,10502,10592,10513,-1,10513,10592,10654,-1,10689,10585,10584,-1,10665,10689,10666,-1,10666,10689,10584,-1,10666,10584,10644,-1,10644,10584,10582,-1,10644,10582,10645,-1,10645,10582,10581,-1,10645,10581,10646,-1,10646,10581,10580,-1,10646,10580,10626,-1,10626,10580,10576,-1,10626,10576,10439,-1,10439,10576,10438,-1,10497,10496,10588,-1,10588,10496,10609,-1,10496,10495,10609,-1,10609,10495,10607,-1,10495,10503,10607,-1,10607,10503,10605,-1,10503,10492,10605,-1,10605,10492,10656,-1,10492,10510,10656,-1,10656,10510,10657,-1,10510,10511,10657,-1,10657,10511,10627,-1,10511,10512,10627,-1,10627,10512,10628,-1,10512,10484,10628,-1,10628,10484,10647,-1,10484,10489,10647,-1,10647,10489,10602,-1,10489,10488,10602,-1,10602,10488,10612,-1,10569,10678,10523,-1,10523,10678,10616,-1,10523,10616,10499,-1,10499,10616,10649,-1,10499,10649,10485,-1,10485,10649,10650,-1,10485,10650,10486,-1,10486,10650,10651,-1,10486,10651,10487,-1,10487,10651,10613,-1,10487,10613,10488,-1,10488,10613,10612,-1,10569,10568,10678,-1,10678,10568,10680,-1,10568,10566,10680,-1,10680,10566,10681,-1,10563,10672,10676,-1,10563,10676,10564,-1,10564,10676,10681,-1,10564,10681,10566,-1,10563,10572,10672,-1,10672,10572,10671,-1,10413,10412,10687,-1,10413,10687,10583,-1,10583,10687,10686,-1,10583,10686,10573,-1,10573,10686,10685,-1,10573,10685,10574,-1,10574,10685,10684,-1,10574,10684,10575,-1,10575,10684,10671,-1,10575,10671,10572,-1,10424,10571,10425,-1,10425,10571,10673,-1,10565,10675,10674,-1,10565,10674,10570,-1,10570,10674,10673,-1,10570,10673,10571,-1,10565,10567,10675,-1,10675,10567,10679,-1,10567,10551,10679,-1,10679,10551,10677,-1,10508,10660,10522,-1,10522,10660,10659,-1,10522,10659,10524,-1,10524,10659,10658,-1,10524,10658,10525,-1,10525,10658,10615,-1,10525,10615,10549,-1,10549,10615,10614,-1,10549,10614,10550,-1,10550,10614,10630,-1,10550,10630,10551,-1,10551,10630,10677,-1,10508,10507,10660,-1,10660,10507,10661,-1,10507,10509,10661,-1,10661,10509,10599,-1,10509,10528,10599,-1,10599,10528,10598,-1,10528,10527,10598,-1,10598,10527,10597,-1,10527,10526,10597,-1,10597,10526,10595,-1,10526,10534,10595,-1,10595,10534,10596,-1,10534,10535,10596,-1,10596,10535,10620,-1,10535,10545,10620,-1,10620,10545,10619,-1,10545,10546,10619,-1,10619,10546,10617,-1,10546,10519,10617,-1,10617,10519,10618,-1,10623,10618,10533,-1,10533,10618,10519,-1,10541,10497,10591,-1,10591,10497,10588,-1,10533,10541,10690,-1,10533,10690,10691,-1,10691,10690,10692,-1,10691,10692,10693,-1,10693,10692,10694,-1,10693,10694,10695,-1,10695,10694,10696,-1,10695,10696,10697,-1,10697,10696,10698,-1,10697,10698,10699,-1,10699,10698,10700,-1,10699,10700,10701,-1,10623,10533,10702,-1,10702,10533,10691,-1,10702,10691,10703,-1,10703,10691,10693,-1,10703,10693,10704,-1,10704,10693,10695,-1,10704,10695,10705,-1,10705,10695,10697,-1,10705,10697,10706,-1,10706,10697,10699,-1,10706,10699,10707,-1,10707,10699,10701,-1,10707,10701,10708,-1,10708,10701,10709,-1,10708,10709,10710,-1,10710,10709,10711,-1,10710,10711,10712,-1,10712,10711,10713,-1,10712,10713,10714,-1,10714,10713,10715,-1,10714,10715,10716,-1,10716,10715,10717,-1,10718,10719,10720,-1,10720,10719,10721,-1,10720,10721,10722,-1,10722,10721,10723,-1,10722,10723,10724,-1,10724,10723,10725,-1,10724,10725,10726,-1,10726,10725,10727,-1,10726,10727,10728,-1,10728,10727,10700,-1,10728,10700,10729,-1,10729,10700,10698,-1,10729,10698,10730,-1,10730,10698,10696,-1,10730,10696,10731,-1,10731,10696,10694,-1,10731,10694,10732,-1,10732,10694,10692,-1,10732,10692,10733,-1,10733,10692,10690,-1,10733,10690,10591,-1,10591,10690,10541,-1,10716,10718,10714,-1,10714,10718,10720,-1,10714,10720,10712,-1,10712,10720,10722,-1,10712,10722,10710,-1,10710,10722,10724,-1,10710,10724,10708,-1,10708,10724,10726,-1,10708,10726,10707,-1,10707,10726,10728,-1,10734,10735,10716,-1,10716,10735,10718,-1,10718,10735,10719,-1,10719,10735,10736,-1,10717,10737,10716,-1,10716,10737,10734,-1,10719,10736,10717,-1,10717,10736,10737,-1,10736,10735,10738,-1,10738,10735,10739,-1,10738,10739,10740,-1,10740,10739,10741,-1,10740,10741,10742,-1,10742,10741,10743,-1,10742,10743,10744,-1,10744,10743,10745,-1,10744,10746,10742,-1,10742,10746,10747,-1,10742,10747,10740,-1,10740,10747,10748,-1,10740,10748,10738,-1,10738,10748,10749,-1,10738,10749,10736,-1,10736,10749,10737,-1,10746,10750,10747,-1,10747,10750,10751,-1,10747,10751,10748,-1,10748,10751,10752,-1,10748,10752,10749,-1,10749,10752,10753,-1,10749,10753,10737,-1,10737,10753,10734,-1,10735,10734,10753,-1,10735,10753,10739,-1,10739,10753,10752,-1,10739,10752,10741,-1,10741,10752,10751,-1,10741,10751,10743,-1,10743,10751,10750,-1,10743,10750,10745,-1,10754,10745,10755,-1,10755,10745,10750,-1,10755,10750,10756,-1,10756,10750,10757,-1,10745,10754,10744,-1,10744,10754,10758,-1,10746,10759,10750,-1,10750,10759,10757,-1,10760,10759,10761,-1,10761,10759,10746,-1,10761,10746,10758,-1,10758,10746,10744,-1,10761,10758,10755,-1,10755,10758,10754,-1,10760,10761,10756,-1,10756,10761,10755,-1,10762,10763,10764,-1,10764,10763,10765,-1,10764,10765,10759,-1,10759,10765,10757,-1,10760,10756,10766,-1,10766,10756,10767,-1,10766,10767,10768,-1,10768,10767,10769,-1,10768,10762,10766,-1,10766,10762,10764,-1,10766,10764,10760,-1,10760,10764,10759,-1,10756,10757,10765,-1,10756,10765,10767,-1,10767,10765,10763,-1,10767,10763,10769,-1,10763,10770,10769,-1,10769,10770,10771,-1,10772,10769,10773,-1,10773,10769,10771,-1,10773,10771,10774,-1,10774,10771,10775,-1,10769,10772,10768,-1,10768,10772,10776,-1,10762,10777,10763,-1,10763,10777,10770,-1,10778,10777,10762,-1,10768,10776,10779,-1,10780,10781,10779,-1,10779,10781,10778,-1,10779,10778,10768,-1,10768,10778,10762,-1,10777,10778,10770,-1,10770,10778,10771,-1,10778,10781,10771,-1,10771,10781,10775,-1,10781,10780,10775,-1,10775,10780,10774,-1,10780,10779,10774,-1,10774,10779,10773,-1,10779,10776,10773,-1,10773,10776,10772,-1,10547,10636,10548,-1,10548,10636,10635,-1,10548,10635,10560,-1,10560,10635,10634,-1,10560,10634,10561,-1,10561,10634,10633,-1,10561,10633,10562,-1,10562,10633,10632,-1,10562,10632,10577,-1,10577,10632,10631,-1,10577,10631,10578,-1,10578,10631,10622,-1,10578,10622,10579,-1,10579,10622,10621,-1,10521,10579,10587,-1,10587,10579,10621,-1,10521,10587,10504,-1,10504,10587,10586,-1,10504,10586,10505,-1,10505,10586,10611,-1,10505,10611,10529,-1,10529,10611,10610,-1,10529,10610,10530,-1,10530,10610,10608,-1,10530,10608,10532,-1,10532,10608,10606,-1,10532,10606,10538,-1,10538,10606,10604,-1,10515,10538,10603,-1,10603,10538,10604,-1,10547,10467,10636,-1,10636,10467,10468,-1,10426,10555,10427,-1,10427,10555,10637,-1,10514,10513,10653,-1,10653,10513,10654,-1,10514,10653,10490,-1,10490,10653,10652,-1,10490,10652,10491,-1,10491,10652,10643,-1,10491,10643,10493,-1,10493,10643,10642,-1,10493,10642,10494,-1,10494,10642,10625,-1,10494,10625,10531,-1,10531,10625,10624,-1,10531,10624,10506,-1,10506,10624,10641,-1,10539,10506,10664,-1,10664,10506,10641,-1,10539,10664,10540,-1,10540,10664,10663,-1,10540,10663,10517,-1,10517,10663,10662,-1,10517,10662,10518,-1,10518,10662,10640,-1,10518,10640,10520,-1,10520,10640,10639,-1,10520,10639,10554,-1,10554,10639,10638,-1,10554,10638,10555,-1,10555,10638,10637,-1,10782,10783,10784,-1,10784,10783,10785,-1,10786,10787,10788,-1,10788,10787,10789,-1,10789,10787,10790,-1,10791,10792,10790,-1,10790,10792,10793,-1,10790,10793,10789,-1,10790,10794,10791,-1,10791,10794,10440,-1,10791,10440,10443,-1,10787,10795,10790,-1,10790,10795,10796,-1,10790,10796,10794,-1,10794,10796,10441,-1,10794,10441,10440,-1,10797,10785,10783,-1,10783,10798,10797,-1,10797,10798,10799,-1,10797,10799,10800,-1,10800,10799,10801,-1,10800,10801,10665,-1,10665,10801,10689,-1,10798,10802,10799,-1,10799,10802,10803,-1,10799,10803,10801,-1,10801,10803,10585,-1,10801,10585,10689,-1,10795,10665,10796,-1,10796,10665,10441,-1,10785,10797,10795,-1,10795,10797,10800,-1,10795,10800,10665,-1,10795,10787,10785,-1,10785,10787,10786,-1,10785,10786,10784,-1,10788,10789,10782,-1,10782,10789,10783,-1,10443,10585,10803,-1,10783,10789,10798,-1,10798,10789,10793,-1,10798,10793,10792,-1,10803,10802,10443,-1,10443,10802,10798,-1,10443,10798,10791,-1,10791,10798,10792,-1,10804,10805,10806,-1,10806,10805,10807,-1,10782,10805,10788,-1,10788,10805,10804,-1,10804,10806,10788,-1,10788,10806,10786,-1,10806,10807,10786,-1,10786,10807,10784,-1,10807,10805,10784,-1,10784,10805,10782,-1,10808,10809,10810,-1,10810,10809,10811,-1,10812,10813,10814,-1,10814,10813,10815,-1,10815,10813,10816,-1,10817,10818,10816,-1,10816,10818,10819,-1,10816,10819,10815,-1,10816,10820,10817,-1,10817,10820,10688,-1,10817,10688,10558,-1,10813,10821,10816,-1,10816,10821,10822,-1,10816,10822,10820,-1,10820,10822,10667,-1,10820,10667,10688,-1,10823,10811,10809,-1,10809,10824,10823,-1,10823,10824,10825,-1,10823,10825,10826,-1,10826,10825,10472,-1,10472,10825,10827,-1,10472,10827,10469,-1,10824,10828,10825,-1,10825,10828,10829,-1,10825,10829,10827,-1,10827,10829,10470,-1,10827,10470,10469,-1,10814,10815,10808,-1,10808,10815,10809,-1,10558,10470,10829,-1,10809,10815,10824,-1,10824,10815,10819,-1,10824,10819,10818,-1,10829,10828,10558,-1,10558,10828,10824,-1,10558,10824,10817,-1,10817,10824,10818,-1,10822,10821,10823,-1,10823,10821,10811,-1,10822,10823,10667,-1,10667,10823,10826,-1,10667,10826,10472,-1,10821,10813,10811,-1,10811,10813,10812,-1,10811,10812,10810,-1,10830,10831,10832,-1,10832,10831,10833,-1,10833,10831,10810,-1,10810,10831,10808,-1,10832,10833,10812,-1,10812,10833,10810,-1,10808,10831,10814,-1,10814,10831,10830,-1,10830,10832,10814,-1,10814,10832,10812,-1,10707,10728,10706,-1,10706,10728,10729,-1,10706,10729,10705,-1,10705,10729,10730,-1,10705,10730,10704,-1,10704,10730,10731,-1,10704,10731,10703,-1,10703,10731,10732,-1,10703,10732,10702,-1,10702,10732,10733,-1,10702,10733,10623,-1,10623,10733,10591,-1,10701,10700,10727,-1,10701,10727,10709,-1,10709,10727,10725,-1,10709,10725,10711,-1,10711,10725,10723,-1,10711,10723,10713,-1,10713,10723,10721,-1,10713,10721,10715,-1,10715,10721,10719,-1,10715,10719,10717,-1,10834,10835,10836,-1,10834,10836,10837,-1,10837,10836,10838,-1,10837,10838,10839,-1,10839,10838,10840,-1,10839,10840,10841,-1,10841,10840,10842,-1,10841,10842,10843,-1,10843,10842,10844,-1,10843,10844,10845,-1,10845,10844,10846,-1,10845,10846,10847,-1,10848,10849,10850,-1,10850,10849,10851,-1,10850,10851,10852,-1,10852,10851,10853,-1,10852,10853,10854,-1,10854,10853,10855,-1,10854,10855,10856,-1,10856,10855,10857,-1,10856,10857,10858,-1,10858,10857,10859,-1,10858,10859,10860,-1,10860,10859,10861,-1,10862,10863,10864,-1,10865,10862,10866,-1,10866,10862,10864,-1,10866,10864,10867,-1,10867,10864,10868,-1,10867,10868,10869,-1,10869,10868,10870,-1,10869,10870,10871,-1,10871,10870,10872,-1,10871,10872,10873,-1,10873,10872,10874,-1,10873,10874,10875,-1,10875,10874,10876,-1,10877,10878,10879,-1,10879,10878,10880,-1,10879,10880,10881,-1,10881,10880,10882,-1,10881,10882,10883,-1,10883,10882,10884,-1,10883,10884,10885,-1,10885,10884,10886,-1,10885,10886,10887,-1,10887,10886,10888,-1,10887,10888,10889,-1,10889,10888,10890,-1,10891,10892,10893,-1,10894,10891,10895,-1,10895,10891,10893,-1,10895,10893,10896,-1,10896,10893,10897,-1,10896,10897,10898,-1,10898,10897,10899,-1,10898,10899,10900,-1,10900,10899,10901,-1,10900,10901,10902,-1,10902,10901,10903,-1,10902,10903,10904,-1,10904,10903,10905,-1,10906,10907,10905,-1,10908,10907,10909,-1,10910,10911,10912,-1,10912,10911,10913,-1,10912,10913,10914,-1,10915,10916,10907,-1,10917,10918,10919,-1,10920,10921,10885,-1,10908,10922,10923,-1,10908,10924,10925,-1,10926,10908,10927,-1,10921,10928,10885,-1,10885,10928,10929,-1,10885,10929,10883,-1,10910,10912,10909,-1,10909,10912,10930,-1,10909,10930,10908,-1,10908,10930,10931,-1,10908,10931,10932,-1,10926,10933,10908,-1,10908,10933,10934,-1,10908,10934,10922,-1,10923,10935,10908,-1,10908,10935,10936,-1,10908,10936,10924,-1,10924,10936,10937,-1,10924,10937,10938,-1,10938,10937,10939,-1,10938,10939,10940,-1,10925,10941,10908,-1,10908,10941,10942,-1,10908,10942,10907,-1,10907,10942,10943,-1,10907,10943,10915,-1,10916,10944,10907,-1,10907,10944,10945,-1,10907,10945,10905,-1,10946,10947,10948,-1,10948,10947,10949,-1,10852,10854,10950,-1,10889,10951,10887,-1,10887,10951,10952,-1,10887,10952,10885,-1,10885,10952,10953,-1,10885,10953,10920,-1,10939,10954,10948,-1,10948,10954,10955,-1,10948,10955,10946,-1,10852,10950,10850,-1,10889,10956,10951,-1,10951,10956,10957,-1,10951,10957,10958,-1,10958,10957,10959,-1,10958,10959,10960,-1,10960,10959,10961,-1,10960,10961,10948,-1,10962,10963,10906,-1,10906,10963,10964,-1,10965,10966,10939,-1,10939,10966,10967,-1,10939,10967,10940,-1,10968,10969,10835,-1,10835,10969,10836,-1,10970,10971,10972,-1,10972,10971,10973,-1,10970,10974,10971,-1,10971,10974,10926,-1,10971,10926,10919,-1,10919,10926,10927,-1,10919,10927,10917,-1,10975,10976,10977,-1,10977,10976,10978,-1,10977,10978,10979,-1,10962,10906,10980,-1,10980,10906,10905,-1,10980,10905,10903,-1,10903,10901,10980,-1,10980,10901,10899,-1,10980,10899,10981,-1,10981,10899,10897,-1,10982,10983,10984,-1,10984,10983,10985,-1,10984,10985,10986,-1,10986,10985,10987,-1,10986,10987,10964,-1,10964,10987,10988,-1,10964,10988,10906,-1,10984,10989,10982,-1,10982,10989,10990,-1,10982,10990,10969,-1,10990,10846,10969,-1,10969,10846,10844,-1,10969,10844,10842,-1,10949,10991,10948,-1,10948,10991,10992,-1,10948,10992,10950,-1,10950,10992,10848,-1,10950,10848,10850,-1,10854,10856,10950,-1,10950,10856,10858,-1,10950,10858,10860,-1,10961,10993,10948,-1,10948,10993,10994,-1,10948,10994,10939,-1,10939,10994,10995,-1,10939,10995,10965,-1,10897,10893,10981,-1,10981,10893,10892,-1,10981,10892,10977,-1,10977,10892,10996,-1,10977,10996,10975,-1,10979,10997,10977,-1,10977,10997,10877,-1,10977,10877,10998,-1,10998,10877,10879,-1,10998,10879,10929,-1,10929,10879,10881,-1,10929,10881,10883,-1,10842,10840,10969,-1,10969,10840,10838,-1,10969,10838,10836,-1,10999,11000,10835,-1,10835,11000,11001,-1,10835,11001,10968,-1,10866,10867,10950,-1,10950,10867,10869,-1,10869,10871,10950,-1,10950,10871,10873,-1,10950,10873,10971,-1,10971,10873,10875,-1,10971,10875,10973,-1,11002,10866,11003,-1,11003,10866,10950,-1,11003,10950,11004,-1,11004,10950,10860,-1,11005,10865,11006,-1,11006,10865,10866,-1,11006,10866,11007,-1,11007,10866,11002,-1,11008,10861,11009,-1,11010,11011,11012,-1,11012,11011,11013,-1,11014,10890,11015,-1,11016,11017,11018,-1,11019,11020,11021,-1,11021,11020,11022,-1,11021,11022,11023,-1,11024,11025,11026,-1,11026,11025,11027,-1,11026,11027,11028,-1,11024,11029,11025,-1,11025,11029,11030,-1,11025,11030,11031,-1,11031,11030,11032,-1,10890,10888,11033,-1,11033,10888,10886,-1,11033,10886,11034,-1,11035,11036,11037,-1,11037,11036,11038,-1,11018,11017,11039,-1,11039,11017,11040,-1,11039,11040,11041,-1,11041,11040,11042,-1,11041,11042,11012,-1,11012,11042,11043,-1,11012,11043,11010,-1,11044,11045,11046,-1,11047,11036,11048,-1,11048,11036,11011,-1,11047,11049,11036,-1,11036,11049,11050,-1,11036,11050,11051,-1,11051,11050,11052,-1,11014,11015,11053,-1,11053,11015,11054,-1,11053,11054,11052,-1,11052,11054,11055,-1,11052,11055,11051,-1,11009,10855,10853,-1,11056,11057,11011,-1,11058,11059,11060,-1,11060,11059,11061,-1,11060,11061,11018,-1,11018,11061,11062,-1,11018,11062,11016,-1,11063,11015,11064,-1,11064,11015,10890,-1,11064,10890,11065,-1,11065,10890,11033,-1,10861,10859,11009,-1,11009,10859,10857,-1,11009,10857,10855,-1,11057,11066,11011,-1,11011,11066,11067,-1,11011,11067,11013,-1,11013,11068,11012,-1,11012,11068,11069,-1,11012,11069,11021,-1,11021,11069,11070,-1,11021,11070,11019,-1,10845,10847,11071,-1,11035,11072,11036,-1,11036,11072,11073,-1,11036,11073,11011,-1,11011,11073,11074,-1,11011,11074,11056,-1,11023,11075,11021,-1,11021,11075,10876,-1,11021,10876,11009,-1,11009,10876,10874,-1,11009,10874,10872,-1,10872,10870,11009,-1,11009,10870,10868,-1,11009,10868,10864,-1,11058,11076,11059,-1,11059,11076,11077,-1,11059,11077,11078,-1,11078,11077,11079,-1,11078,11079,11080,-1,11046,11045,11081,-1,10863,11082,10864,-1,10864,11082,11083,-1,11083,11084,10864,-1,10864,11084,11085,-1,10864,11085,11009,-1,11009,11085,11086,-1,11009,11086,11008,-1,11028,11027,11087,-1,11087,11027,11088,-1,11087,11088,11080,-1,11080,11088,11089,-1,11080,11089,11078,-1,10853,10851,11009,-1,11009,10851,10849,-1,11009,10849,11036,-1,11036,10849,11090,-1,11036,11090,11038,-1,11071,10847,11045,-1,11045,10847,11091,-1,11045,11091,11081,-1,11032,11030,11092,-1,11092,11030,11093,-1,11092,11093,11094,-1,11094,11093,11095,-1,11094,11095,11046,-1,11046,11095,11096,-1,11046,11096,11044,-1,11025,10898,10900,-1,11097,11098,11099,-1,11099,11098,11100,-1,11099,11100,11101,-1,11102,10834,11071,-1,11071,10834,10837,-1,11071,10837,10839,-1,10898,11025,10896,-1,10896,11025,11103,-1,10896,11103,10895,-1,10900,10902,11025,-1,11025,10902,10904,-1,11025,10904,11027,-1,10886,10884,11034,-1,11034,10884,10882,-1,11034,10882,11104,-1,11104,10882,10880,-1,11104,10880,11099,-1,11099,10880,10878,-1,11099,10878,11097,-1,11101,11105,11099,-1,11099,11105,11106,-1,11099,11106,11103,-1,11103,11106,10894,-1,11103,10894,10895,-1,11102,11107,10834,-1,10834,11107,11108,-1,10834,11108,11109,-1,10839,10841,11071,-1,11071,10841,10843,-1,11071,10843,10845,-1,10941,11062,10942,-1,10942,11062,11061,-1,10942,11061,10943,-1,10943,11061,11059,-1,10943,11059,10915,-1,10915,11059,11078,-1,10915,11078,10916,-1,10916,11078,11089,-1,10916,11089,10944,-1,10944,11089,11088,-1,10944,11088,10945,-1,10945,11088,11027,-1,10945,11027,10905,-1,10905,11027,10904,-1,11110,11106,11105,-1,10996,11110,10975,-1,10975,11110,11105,-1,10975,11105,10976,-1,10976,11105,11101,-1,10976,11101,10978,-1,10978,11101,11100,-1,10978,11100,10979,-1,10979,11100,11098,-1,10979,11098,10997,-1,10997,11098,11097,-1,10997,11097,10877,-1,10877,11097,10878,-1,10875,10876,10973,-1,10973,10876,11075,-1,10973,11075,10972,-1,10972,11075,11023,-1,10972,11023,10970,-1,10970,11023,11022,-1,10970,11022,10974,-1,10974,11022,11020,-1,10974,11020,10926,-1,10926,11020,11019,-1,10926,11019,10933,-1,10933,11019,11070,-1,11111,11005,11006,-1,11082,11111,11083,-1,11083,11111,11006,-1,11083,11006,11084,-1,11084,11006,11007,-1,11084,11007,11085,-1,11085,11007,11002,-1,11085,11002,11086,-1,11086,11002,11003,-1,11086,11003,11008,-1,11008,11003,11004,-1,11008,11004,10861,-1,10861,11004,10860,-1,10919,10918,11012,-1,11012,10918,11041,-1,10918,10917,11041,-1,11041,10917,11039,-1,10917,10927,11039,-1,11039,10927,11018,-1,10927,10908,11018,-1,11018,10908,11060,-1,10908,10932,11060,-1,11060,10932,11058,-1,10932,10931,11058,-1,11058,10931,11076,-1,10931,10930,11076,-1,11076,10930,11077,-1,10930,10912,11077,-1,11077,10912,11079,-1,10912,10914,11079,-1,11079,10914,11080,-1,10914,10913,11080,-1,11080,10913,11087,-1,10988,11093,10906,-1,10906,11093,11030,-1,10906,11030,10907,-1,10907,11030,11029,-1,10907,11029,10909,-1,10909,11029,11024,-1,10909,11024,10910,-1,10910,11024,11026,-1,10910,11026,10911,-1,10911,11026,11028,-1,10911,11028,10913,-1,10913,11028,11087,-1,10988,10987,11093,-1,11093,10987,11095,-1,10987,10985,11095,-1,11095,10985,11096,-1,10982,11045,11044,-1,10982,11044,10983,-1,10983,11044,11096,-1,10983,11096,10985,-1,10982,10969,11045,-1,11045,10969,11071,-1,10835,10834,11109,-1,10835,11109,10999,-1,10999,11109,11108,-1,10999,11108,11000,-1,11000,11108,11107,-1,11000,11107,11001,-1,11001,11107,11102,-1,11001,11102,10968,-1,10968,11102,11071,-1,10968,11071,10969,-1,10846,10990,10847,-1,10847,10990,11091,-1,10984,11046,11081,-1,10984,11081,10989,-1,10989,11081,11091,-1,10989,11091,10990,-1,10984,10986,11046,-1,11046,10986,11094,-1,10986,10964,11094,-1,11094,10964,11092,-1,10998,11104,10977,-1,10977,11104,11099,-1,10977,11099,10981,-1,10981,11099,11103,-1,10981,11103,10980,-1,10980,11103,11025,-1,10980,11025,10962,-1,10962,11025,11031,-1,10962,11031,10963,-1,10963,11031,11032,-1,10963,11032,10964,-1,10964,11032,11092,-1,10998,10929,11104,-1,11104,10929,11034,-1,10929,10928,11034,-1,11034,10928,11033,-1,10928,10921,11033,-1,11033,10921,11065,-1,10921,10920,11065,-1,11065,10920,11064,-1,10920,10953,11064,-1,11064,10953,11063,-1,10953,10952,11063,-1,11063,10952,11015,-1,10952,10951,11015,-1,11015,10951,11054,-1,10951,10958,11054,-1,11054,10958,11055,-1,10958,10960,11055,-1,11055,10960,11051,-1,10960,10948,11051,-1,11051,10948,11036,-1,11009,11036,10950,-1,10950,11036,10948,-1,10971,10919,11021,-1,11021,10919,11012,-1,10950,10971,11112,-1,10950,11112,11113,-1,11113,11112,11114,-1,11113,11114,11115,-1,11115,11114,11116,-1,11115,11116,11117,-1,11117,11116,11118,-1,11117,11118,11119,-1,11119,11118,11120,-1,11119,11120,11121,-1,11121,11120,11122,-1,11121,11122,11123,-1,11009,10950,11124,-1,11124,10950,11113,-1,11124,11113,11125,-1,11125,11113,11115,-1,11125,11115,11126,-1,11126,11115,11117,-1,11126,11117,11127,-1,11127,11117,11119,-1,11127,11119,11128,-1,11128,11119,11121,-1,11128,11121,11129,-1,11129,11121,11123,-1,11129,11123,11130,-1,11130,11123,11131,-1,11130,11131,11132,-1,11132,11131,11133,-1,11132,11133,11134,-1,11134,11133,11135,-1,11134,11135,11136,-1,11136,11135,11137,-1,11136,11137,11138,-1,11138,11137,11139,-1,11140,11141,11142,-1,11142,11141,11143,-1,11142,11143,11144,-1,11144,11143,11145,-1,11144,11145,11146,-1,11146,11145,11147,-1,11146,11147,11148,-1,11148,11147,11149,-1,11148,11149,11150,-1,11150,11149,11122,-1,11150,11122,11151,-1,11151,11122,11120,-1,11151,11120,11152,-1,11152,11120,11118,-1,11152,11118,11153,-1,11153,11118,11116,-1,11153,11116,11154,-1,11154,11116,11114,-1,11154,11114,11155,-1,11155,11114,11112,-1,11155,11112,11021,-1,11021,11112,10971,-1,11138,11140,11136,-1,11136,11140,11142,-1,11136,11142,11134,-1,11134,11142,11144,-1,11134,11144,11132,-1,11132,11144,11146,-1,11132,11146,11130,-1,11130,11146,11148,-1,11130,11148,11129,-1,11129,11148,11150,-1,11156,11157,11138,-1,11138,11157,11140,-1,11140,11157,11141,-1,11141,11157,11158,-1,11139,11159,11138,-1,11138,11159,11156,-1,11141,11158,11139,-1,11139,11158,11159,-1,11158,11157,11160,-1,11160,11157,11161,-1,11160,11161,11162,-1,11162,11161,11163,-1,11162,11163,11164,-1,11164,11163,11165,-1,11164,11165,11166,-1,11166,11165,11167,-1,11166,11168,11164,-1,11164,11168,11169,-1,11164,11169,11162,-1,11162,11169,11170,-1,11162,11170,11160,-1,11160,11170,11171,-1,11160,11171,11158,-1,11158,11171,11159,-1,11168,11172,11169,-1,11169,11172,11173,-1,11169,11173,11170,-1,11170,11173,11174,-1,11170,11174,11171,-1,11171,11174,11175,-1,11171,11175,11159,-1,11159,11175,11156,-1,11157,11156,11175,-1,11157,11175,11161,-1,11161,11175,11174,-1,11161,11174,11163,-1,11163,11174,11173,-1,11163,11173,11165,-1,11165,11173,11172,-1,11165,11172,11167,-1,11176,11167,11177,-1,11177,11167,11172,-1,11177,11172,11178,-1,11178,11172,11179,-1,11167,11176,11166,-1,11166,11176,11180,-1,11168,11181,11172,-1,11172,11181,11179,-1,11182,11181,11183,-1,11183,11181,11168,-1,11183,11168,11180,-1,11180,11168,11166,-1,11183,11180,11177,-1,11177,11180,11176,-1,11182,11183,11178,-1,11178,11183,11177,-1,11184,11185,11186,-1,11186,11185,11187,-1,11186,11187,11181,-1,11181,11187,11179,-1,11182,11178,11188,-1,11188,11178,11189,-1,11188,11189,11190,-1,11190,11189,11191,-1,11190,11184,11188,-1,11188,11184,11186,-1,11188,11186,11182,-1,11182,11186,11181,-1,11178,11179,11187,-1,11178,11187,11189,-1,11189,11187,11185,-1,11189,11185,11191,-1,11185,11192,11191,-1,11191,11192,11193,-1,11194,11191,11195,-1,11195,11191,11193,-1,11195,11193,11196,-1,11196,11193,11197,-1,11191,11194,11190,-1,11190,11194,11198,-1,11184,11199,11185,-1,11185,11199,11192,-1,11200,11199,11184,-1,11190,11198,11201,-1,11202,11203,11201,-1,11201,11203,11200,-1,11201,11200,11190,-1,11190,11200,11184,-1,11199,11200,11192,-1,11192,11200,11193,-1,11200,11203,11193,-1,11193,11203,11197,-1,11203,11202,11197,-1,11197,11202,11196,-1,11202,11201,11196,-1,11196,11201,11195,-1,11201,11198,11195,-1,11195,11198,11194,-1,10956,11014,10957,-1,10957,11014,11053,-1,10957,11053,10959,-1,10959,11053,11052,-1,10959,11052,10961,-1,10961,11052,11050,-1,10961,11050,10993,-1,10993,11050,11049,-1,10993,11049,10994,-1,10994,11049,11047,-1,10994,11047,10995,-1,10995,11047,11048,-1,10965,10995,11011,-1,11011,10995,11048,-1,10965,11011,10966,-1,10966,11011,11010,-1,10966,11010,10967,-1,10967,11010,11043,-1,10967,11043,10940,-1,10940,11043,11042,-1,10940,11042,10938,-1,10938,11042,11040,-1,10938,11040,10924,-1,10924,11040,11017,-1,10924,11017,10925,-1,10925,11017,11016,-1,10941,10925,11062,-1,11062,10925,11016,-1,10956,10889,11014,-1,11014,10889,10890,-1,10848,10992,10849,-1,10849,10992,11090,-1,10934,10933,11069,-1,11069,10933,11070,-1,10934,11069,10922,-1,10922,11069,11068,-1,10922,11068,10923,-1,10923,11068,11013,-1,10923,11013,10935,-1,10935,11013,11067,-1,10935,11067,10936,-1,10936,11067,11066,-1,10936,11066,10937,-1,10937,11066,11057,-1,10937,11057,10939,-1,10939,11057,11056,-1,10954,10939,11074,-1,11074,10939,11056,-1,10954,11074,10955,-1,10955,11074,11073,-1,10955,11073,10946,-1,10946,11073,11072,-1,10946,11072,10947,-1,10947,11072,11035,-1,10947,11035,10949,-1,10949,11035,11037,-1,10949,11037,10991,-1,10991,11037,11038,-1,10991,11038,10992,-1,10992,11038,11090,-1,11204,11205,11206,-1,11206,11205,11207,-1,11208,11209,11210,-1,11210,11209,11211,-1,11211,11209,11212,-1,11213,11214,11212,-1,11212,11214,11215,-1,11212,11215,11211,-1,11212,11216,11213,-1,11213,11216,10862,-1,11213,10862,10865,-1,11209,11217,11212,-1,11212,11217,11218,-1,11212,11218,11216,-1,11216,11218,10863,-1,11216,10863,10862,-1,11219,11207,11205,-1,11205,11220,11219,-1,11219,11220,11221,-1,11219,11221,11222,-1,11222,11221,11223,-1,11222,11223,11082,-1,11082,11223,11111,-1,11220,11224,11221,-1,11221,11224,11225,-1,11221,11225,11223,-1,11223,11225,11005,-1,11223,11005,11111,-1,11217,11082,11218,-1,11218,11082,10863,-1,11207,11219,11217,-1,11217,11219,11222,-1,11217,11222,11082,-1,11217,11209,11207,-1,11207,11209,11208,-1,11207,11208,11206,-1,11210,11211,11204,-1,11204,11211,11205,-1,10865,11005,11225,-1,11205,11211,11220,-1,11220,11211,11215,-1,11220,11215,11214,-1,11225,11224,10865,-1,10865,11224,11220,-1,10865,11220,11213,-1,11213,11220,11214,-1,11226,11227,11228,-1,11228,11227,11229,-1,11204,11227,11210,-1,11210,11227,11226,-1,11226,11228,11210,-1,11210,11228,11208,-1,11228,11229,11208,-1,11208,11229,11206,-1,11229,11227,11206,-1,11206,11227,11204,-1,11230,11231,11232,-1,11232,11231,11233,-1,11234,11235,11236,-1,11236,11235,11237,-1,11237,11235,11238,-1,11239,11240,11238,-1,11238,11240,11241,-1,11238,11241,11237,-1,11238,11242,11239,-1,11239,11242,11110,-1,11239,11110,10996,-1,11235,11243,11238,-1,11238,11243,11244,-1,11238,11244,11242,-1,11242,11244,11106,-1,11242,11106,11110,-1,11245,11233,11231,-1,11231,11246,11245,-1,11245,11246,11247,-1,11245,11247,11248,-1,11248,11247,10894,-1,10894,11247,11249,-1,10894,11249,10891,-1,11246,11250,11247,-1,11247,11250,11251,-1,11247,11251,11249,-1,11249,11251,10892,-1,11249,10892,10891,-1,11236,11237,11230,-1,11230,11237,11231,-1,10996,10892,11251,-1,11231,11237,11246,-1,11246,11237,11241,-1,11246,11241,11240,-1,11251,11250,10996,-1,10996,11250,11246,-1,10996,11246,11239,-1,11239,11246,11240,-1,11244,11243,11245,-1,11245,11243,11233,-1,11244,11245,11106,-1,11106,11245,11248,-1,11106,11248,10894,-1,11243,11235,11233,-1,11233,11235,11234,-1,11233,11234,11232,-1,11252,11253,11254,-1,11254,11253,11255,-1,11255,11253,11232,-1,11232,11253,11230,-1,11254,11255,11234,-1,11234,11255,11232,-1,11230,11253,11236,-1,11236,11253,11252,-1,11252,11254,11236,-1,11236,11254,11234,-1,11129,11150,11128,-1,11128,11150,11151,-1,11128,11151,11127,-1,11127,11151,11152,-1,11127,11152,11126,-1,11126,11152,11153,-1,11126,11153,11125,-1,11125,11153,11154,-1,11125,11154,11124,-1,11124,11154,11155,-1,11124,11155,11009,-1,11009,11155,11021,-1,11123,11122,11149,-1,11123,11149,11131,-1,11131,11149,11147,-1,11131,11147,11133,-1,11133,11147,11145,-1,11133,11145,11135,-1,11135,11145,11143,-1,11135,11143,11137,-1,11137,11143,11141,-1,11137,11141,11139,-1,11256,11257,11258,-1,11258,11257,11259,-1,11258,11259,11260,-1,11260,11259,11261,-1,11260,11261,11262,-1,11262,11261,11263,-1,11262,11263,11264,-1,11264,11263,11265,-1,11264,11265,11266,-1,11266,11265,11267,-1,11266,11267,11268,-1,11268,11267,11269,-1,11270,11271,11272,-1,11272,11271,11273,-1,11274,11275,11276,-1,11276,11275,11277,-1,11278,11279,11280,-1,11280,11279,11281,-1,11280,11281,11282,-1,11282,11281,11283,-1,11282,11283,11284,-1,11284,11283,11285,-1,11284,11285,11286,-1,11286,11285,11287,-1,11286,11287,11288,-1,11288,11287,11289,-1,11288,11289,11290,-1,11290,11289,11291,-1,11292,11293,11294,-1,11295,11292,11296,-1,11296,11292,11294,-1,11296,11294,11297,-1,11297,11294,11298,-1,11297,11298,11299,-1,11299,11298,11300,-1,11299,11300,11301,-1,11301,11300,11302,-1,11301,11302,11303,-1,11303,11302,11304,-1,11303,11304,11305,-1,11305,11304,11306,-1,11305,11306,11307,-1,11307,11306,11308,-1,11307,11308,11309,-1,11309,11308,11310,-1,11309,11310,11311,-1,11311,11310,11312,-1,11311,11312,11313,-1,11313,11312,11314,-1,11313,11314,11315,-1,11315,11314,11316,-1,11315,11316,11317,-1,11317,11316,11318,-1,11319,11320,11321,-1,11322,11319,11323,-1,11323,11319,11321,-1,11323,11321,11324,-1,11324,11321,11325,-1,11324,11325,11326,-1,11326,11325,11327,-1,11326,11327,11328,-1,11328,11327,11329,-1,11328,11329,11330,-1,11330,11329,11331,-1,11330,11331,11332,-1,11332,11331,11333,-1,11332,11333,11334,-1,11334,11333,11335,-1,11334,11335,11336,-1,11336,11335,11337,-1,11336,11337,11338,-1,11338,11337,11339,-1,11338,11339,11340,-1,11340,11339,11341,-1,11340,11341,11342,-1,11342,11341,11343,-1,11342,11343,11344,-1,11344,11343,11345,-1,11290,11346,11288,-1,11288,11346,11347,-1,11288,11347,11286,-1,11286,11347,11284,-1,11348,11349,11350,-1,11351,11352,11344,-1,11344,11352,11342,-1,11351,11353,11352,-1,11352,11353,11354,-1,11352,11354,11355,-1,11318,11356,11357,-1,11318,11358,11359,-1,11359,11358,11360,-1,11361,11362,11363,-1,11363,11362,11364,-1,11363,11364,11365,-1,11318,11357,11358,-1,11358,11357,11366,-1,11358,11366,11367,-1,11368,11363,11369,-1,11368,11370,11256,-1,11371,11372,11358,-1,11358,11372,11373,-1,11358,11373,11360,-1,11374,11375,11363,-1,11363,11375,11376,-1,11363,11376,11369,-1,11369,11278,11368,-1,11368,11278,11280,-1,11368,11280,11347,-1,11347,11280,11282,-1,11347,11282,11284,-1,11377,11352,11378,-1,11378,11352,11355,-1,11378,11355,11379,-1,11379,11355,11380,-1,11379,11380,11365,-1,11365,11380,11381,-1,11365,11381,11363,-1,11382,11383,11384,-1,11256,11258,11368,-1,11368,11258,11260,-1,11368,11260,11262,-1,11385,11386,11352,-1,11352,11386,11387,-1,11352,11387,11342,-1,11342,11387,11388,-1,11342,11388,11340,-1,11340,11388,11389,-1,11390,11356,11391,-1,11391,11356,11318,-1,11391,11318,11392,-1,11392,11318,11316,-1,11392,11316,11350,-1,11350,11316,11314,-1,11350,11314,11312,-1,11363,11393,11374,-1,11374,11393,11394,-1,11374,11394,11395,-1,11395,11394,11371,-1,11395,11371,11396,-1,11396,11371,11358,-1,11396,11358,11397,-1,11308,11306,11398,-1,11398,11306,11304,-1,11382,11399,11383,-1,11383,11399,11400,-1,11383,11400,11401,-1,11308,11398,11310,-1,11310,11398,11402,-1,11310,11402,11312,-1,11312,11402,11383,-1,11312,11383,11350,-1,11350,11383,11401,-1,11350,11401,11348,-1,11304,11302,11398,-1,11398,11302,11300,-1,11398,11300,11298,-1,11322,11403,11293,-1,11293,11403,11398,-1,11293,11398,11294,-1,11294,11398,11298,-1,11322,11323,11403,-1,11403,11323,11324,-1,11403,11324,11326,-1,11404,11336,11338,-1,11262,11264,11368,-1,11368,11264,11266,-1,11368,11266,11363,-1,11363,11266,11268,-1,11363,11268,11361,-1,11326,11328,11403,-1,11403,11328,11330,-1,11403,11330,11405,-1,11405,11330,11332,-1,11405,11332,11404,-1,11404,11332,11334,-1,11404,11334,11336,-1,11389,11406,11340,-1,11340,11406,11407,-1,11340,11407,11338,-1,11338,11407,11408,-1,11338,11408,11404,-1,11409,11272,11410,-1,11410,11272,11273,-1,11409,11276,11272,-1,11272,11276,11277,-1,11272,11277,11411,-1,11411,11277,11412,-1,11411,11412,11413,-1,11413,11412,11414,-1,11413,11414,11384,-1,11384,11414,11415,-1,11384,11415,11382,-1,11416,11417,11418,-1,11273,11419,11410,-1,11410,11419,11420,-1,11410,11420,11421,-1,11421,11420,11422,-1,11421,11422,11418,-1,11418,11422,11423,-1,11418,11423,11416,-1,11424,11425,11426,-1,11417,11427,11418,-1,11418,11427,11428,-1,11418,11428,11424,-1,11426,11429,11424,-1,11424,11429,11430,-1,11424,11430,11418,-1,11431,11432,11291,-1,11257,11433,11259,-1,11259,11433,11434,-1,11259,11434,11261,-1,11267,11265,11434,-1,11434,11265,11263,-1,11434,11263,11261,-1,11435,11436,11331,-1,11437,11438,11439,-1,11440,11441,11442,-1,11443,11444,11445,-1,11435,11331,11446,-1,11437,11447,11438,-1,11438,11447,11448,-1,11438,11448,11443,-1,11443,11448,11449,-1,11443,11449,11444,-1,11450,11451,11331,-1,11331,11451,11452,-1,11439,11453,11437,-1,11437,11453,11454,-1,11437,11454,11455,-1,11454,11456,11457,-1,11441,11458,11442,-1,11442,11458,11459,-1,11442,11459,11460,-1,11457,11440,11454,-1,11454,11440,11442,-1,11454,11442,11455,-1,11455,11442,11461,-1,11455,11461,11462,-1,11463,11464,11465,-1,11466,11467,11468,-1,11468,11467,11455,-1,11468,11455,11469,-1,11469,11455,11462,-1,11470,11471,11472,-1,11465,11464,11473,-1,11473,11464,11474,-1,11473,11474,11475,-1,11475,11474,11476,-1,11475,11476,11467,-1,11467,11476,11477,-1,11467,11477,11455,-1,11478,11313,11479,-1,11479,11313,11315,-1,11479,11315,11465,-1,11465,11315,11317,-1,11465,11317,11463,-1,11480,11481,11443,-1,11482,11309,11311,-1,11452,11483,11331,-1,11331,11483,11484,-1,11331,11484,11275,-1,11485,11470,11331,-1,11331,11470,11472,-1,11331,11472,11446,-1,11485,11486,11470,-1,11470,11486,11487,-1,11470,11487,11488,-1,11343,11341,11489,-1,11490,11480,11491,-1,11491,11480,11443,-1,11491,11443,11492,-1,11492,11443,11445,-1,11297,11299,11493,-1,11478,11494,11313,-1,11313,11494,11495,-1,11313,11495,11311,-1,11311,11495,11496,-1,11311,11496,11482,-1,11331,11329,11450,-1,11450,11329,11327,-1,11450,11327,11497,-1,11497,11327,11325,-1,11498,11470,11499,-1,11499,11470,11500,-1,11499,11500,11501,-1,11498,11502,11470,-1,11470,11502,11503,-1,11470,11503,11471,-1,11471,11503,11504,-1,11471,11504,11270,-1,11270,11504,11505,-1,11270,11505,11271,-1,11436,11506,11331,-1,11331,11506,11507,-1,11331,11507,11333,-1,11333,11507,11508,-1,11333,11508,11335,-1,11335,11508,11509,-1,11335,11509,11337,-1,11297,11493,11296,-1,11275,11274,11331,-1,11331,11274,11510,-1,11331,11510,11485,-1,11488,11511,11470,-1,11470,11511,11512,-1,11470,11512,11513,-1,11489,11341,11509,-1,11509,11341,11339,-1,11509,11339,11337,-1,11291,11289,11431,-1,11431,11289,11287,-1,11431,11287,11434,-1,11287,11285,11434,-1,11434,11285,11283,-1,11434,11283,11267,-1,11267,11283,11281,-1,11267,11281,11269,-1,11269,11281,11279,-1,11269,11279,11460,-1,11460,11279,11514,-1,11460,11514,11442,-1,11325,11321,11497,-1,11497,11321,11320,-1,11497,11320,11493,-1,11493,11320,11295,-1,11493,11295,11296,-1,11299,11301,11493,-1,11493,11301,11303,-1,11493,11303,11515,-1,11515,11303,11305,-1,11515,11305,11482,-1,11482,11305,11307,-1,11482,11307,11309,-1,11490,11491,11489,-1,11489,11491,11345,-1,11489,11345,11343,-1,11432,11431,11516,-1,11516,11431,11347,-1,11516,11347,11346,-1,11396,11468,11395,-1,11395,11468,11469,-1,11395,11469,11374,-1,11374,11469,11462,-1,11374,11462,11375,-1,11375,11462,11461,-1,11375,11461,11376,-1,11376,11461,11442,-1,11376,11442,11369,-1,11369,11442,11514,-1,11369,11514,11278,-1,11278,11514,11279,-1,11368,11347,11434,-1,11434,11347,11431,-1,11396,11397,11468,-1,11468,11397,11466,-1,11397,11358,11466,-1,11466,11358,11467,-1,11358,11367,11467,-1,11467,11367,11475,-1,11367,11366,11475,-1,11475,11366,11473,-1,11366,11357,11473,-1,11473,11357,11465,-1,11357,11356,11465,-1,11465,11356,11479,-1,11356,11390,11479,-1,11479,11390,11478,-1,11390,11391,11478,-1,11478,11391,11494,-1,11391,11392,11494,-1,11494,11392,11495,-1,11392,11350,11495,-1,11495,11350,11496,-1,11350,11349,11496,-1,11496,11349,11482,-1,11349,11348,11482,-1,11482,11348,11515,-1,11414,11483,11415,-1,11415,11483,11452,-1,11415,11452,11382,-1,11382,11452,11451,-1,11382,11451,11399,-1,11399,11451,11450,-1,11399,11450,11400,-1,11400,11450,11497,-1,11400,11497,11401,-1,11401,11497,11493,-1,11401,11493,11348,-1,11348,11493,11515,-1,11414,11412,11483,-1,11483,11412,11484,-1,11412,11277,11484,-1,11484,11277,11275,-1,11410,11485,11510,-1,11410,11510,11409,-1,11409,11510,11274,-1,11409,11274,11276,-1,11410,11421,11485,-1,11485,11421,11486,-1,11486,11421,11418,-1,11486,11418,11487,-1,11487,11418,11430,-1,11487,11430,11488,-1,11488,11430,11429,-1,11488,11429,11511,-1,11511,11429,11426,-1,11511,11426,11512,-1,11512,11426,11425,-1,11512,11425,11513,-1,11513,11425,11424,-1,11513,11424,11470,-1,11470,11424,11428,-1,11470,11428,11500,-1,11500,11428,11427,-1,11500,11427,11501,-1,11501,11427,11417,-1,11501,11417,11499,-1,11499,11417,11416,-1,11499,11416,11498,-1,11498,11416,11423,-1,11498,11423,11502,-1,11502,11423,11422,-1,11502,11422,11503,-1,11422,11420,11503,-1,11503,11420,11504,-1,11273,11271,11505,-1,11273,11505,11419,-1,11419,11505,11504,-1,11419,11504,11420,-1,11272,11411,11270,-1,11270,11411,11471,-1,11411,11413,11471,-1,11471,11413,11472,-1,11405,11508,11403,-1,11403,11508,11507,-1,11403,11507,11398,-1,11398,11507,11506,-1,11398,11506,11402,-1,11402,11506,11436,-1,11402,11436,11383,-1,11383,11436,11435,-1,11383,11435,11384,-1,11384,11435,11446,-1,11384,11446,11413,-1,11413,11446,11472,-1,11405,11404,11508,-1,11508,11404,11509,-1,11404,11408,11509,-1,11509,11408,11489,-1,11408,11407,11489,-1,11489,11407,11490,-1,11407,11406,11490,-1,11490,11406,11480,-1,11406,11389,11480,-1,11480,11389,11481,-1,11389,11388,11481,-1,11481,11388,11443,-1,11388,11387,11443,-1,11443,11387,11438,-1,11387,11386,11438,-1,11438,11386,11439,-1,11386,11385,11439,-1,11439,11385,11453,-1,11385,11352,11453,-1,11453,11352,11454,-1,11352,11377,11454,-1,11454,11377,11456,-1,11377,11378,11456,-1,11456,11378,11457,-1,11351,11491,11353,-1,11353,11491,11492,-1,11353,11492,11354,-1,11354,11492,11445,-1,11354,11445,11355,-1,11355,11445,11444,-1,11355,11444,11380,-1,11380,11444,11449,-1,11380,11449,11381,-1,11381,11449,11448,-1,11381,11448,11363,-1,11363,11448,11447,-1,11351,11344,11491,-1,11491,11344,11345,-1,11318,11359,11317,-1,11317,11359,11463,-1,11393,11437,11394,-1,11394,11437,11455,-1,11394,11455,11371,-1,11371,11455,11477,-1,11371,11477,11372,-1,11372,11477,11476,-1,11372,11476,11373,-1,11373,11476,11474,-1,11373,11474,11360,-1,11360,11474,11464,-1,11360,11464,11359,-1,11359,11464,11463,-1,11393,11363,11437,-1,11437,11363,11447,-1,11268,11269,11361,-1,11361,11269,11460,-1,11361,11460,11362,-1,11362,11460,11459,-1,11362,11459,11364,-1,11364,11459,11458,-1,11364,11458,11365,-1,11365,11458,11441,-1,11365,11441,11379,-1,11379,11441,11440,-1,11379,11440,11378,-1,11378,11440,11457,-1,11370,11368,11517,-1,11517,11368,11434,-1,11517,11434,11433,-1,11518,11519,11520,-1,11520,11519,11521,-1,11520,11521,11522,-1,11522,11521,11523,-1,11522,11523,11524,-1,11524,11523,11525,-1,11524,11525,11526,-1,11526,11525,11527,-1,11528,11529,11527,-1,11527,11529,11530,-1,11527,11530,11526,-1,11528,11531,11529,-1,11529,11531,11532,-1,11529,11532,11533,-1,11534,11535,11536,-1,11537,11538,11539,-1,11539,11538,11540,-1,11539,11540,11541,-1,11541,11540,11542,-1,11541,11542,11543,-1,11544,11534,11545,-1,11545,11534,11536,-1,11545,11536,11546,-1,11546,11536,11547,-1,11546,11547,11548,-1,11548,11547,11543,-1,11548,11543,11549,-1,11549,11543,11542,-1,11550,11370,11517,-1,11550,11517,11531,-1,11433,11533,11517,-1,11517,11533,11532,-1,11517,11532,11531,-1,11544,11257,11534,-1,11534,11257,11256,-1,11534,11256,11535,-1,11433,11257,11533,-1,11533,11257,11544,-1,11533,11544,11529,-1,11544,11545,11529,-1,11529,11545,11546,-1,11529,11546,11530,-1,11530,11546,11548,-1,11530,11548,11526,-1,11526,11548,11549,-1,11526,11549,11524,-1,11524,11549,11542,-1,11524,11542,11522,-1,11522,11542,11540,-1,11522,11540,11520,-1,11520,11540,11538,-1,11520,11538,11518,-1,11550,11531,11528,-1,11550,11528,11370,-1,11519,11537,11521,-1,11521,11537,11539,-1,11521,11539,11523,-1,11523,11539,11541,-1,11523,11541,11525,-1,11525,11541,11543,-1,11525,11543,11527,-1,11527,11543,11547,-1,11527,11547,11528,-1,11528,11547,11536,-1,11528,11536,11370,-1,11370,11536,11535,-1,11370,11535,11256,-1,11551,11552,11537,-1,11537,11552,11538,-1,11553,11554,11552,-1,11555,11556,11557,-1,11557,11556,11518,-1,11557,11518,11554,-1,11554,11518,11538,-1,11554,11538,11552,-1,11558,11559,11560,-1,11557,11561,11562,-1,11552,11563,11553,-1,11553,11563,11558,-1,11553,11558,11564,-1,11564,11558,11560,-1,11562,11565,11557,-1,11557,11565,11566,-1,11557,11566,11555,-1,11537,11519,11551,-1,11551,11519,11567,-1,11567,11568,11551,-1,11551,11568,11569,-1,11551,11569,11570,-1,11571,11572,11573,-1,11570,11574,11551,-1,11551,11574,11575,-1,11551,11575,11576,-1,11576,11575,11577,-1,11576,11577,11578,-1,11567,11579,11568,-1,11568,11579,11571,-1,11568,11571,11580,-1,11580,11571,11573,-1,11556,11567,11518,-1,11518,11567,11519,-1,11567,11556,11555,-1,11567,11555,11579,-1,11579,11555,11566,-1,11579,11566,11571,-1,11571,11566,11565,-1,11571,11565,11572,-1,11572,11565,11562,-1,11572,11562,11573,-1,11573,11562,11561,-1,11573,11561,11580,-1,11580,11561,11557,-1,11580,11557,11568,-1,11569,11568,11554,-1,11554,11568,11557,-1,11569,11554,11553,-1,11569,11553,11570,-1,11570,11553,11564,-1,11570,11564,11574,-1,11574,11564,11560,-1,11574,11560,11575,-1,11575,11560,11559,-1,11575,11559,11577,-1,11577,11559,11558,-1,11577,11558,11578,-1,11578,11558,11563,-1,11578,11563,11576,-1,11576,11563,11552,-1,11576,11552,11551,-1,11581,11582,11346,-1,11583,11584,11585,-1,11585,11584,11586,-1,11585,11586,11587,-1,11587,11586,11588,-1,11587,11588,11589,-1,11589,11588,11590,-1,11589,11590,11591,-1,11591,11590,11592,-1,11591,11592,11593,-1,11593,11592,11581,-1,11593,11581,11594,-1,11594,11581,11346,-1,11594,11346,11290,-1,11291,11432,11595,-1,11595,11432,11596,-1,11595,11596,11597,-1,11596,11598,11597,-1,11597,11598,11599,-1,11597,11599,11600,-1,11600,11599,11601,-1,11600,11601,11602,-1,11602,11601,11603,-1,11602,11603,11604,-1,11604,11603,11605,-1,11604,11605,11606,-1,11606,11605,11607,-1,11606,11607,11608,-1,11596,11432,11609,-1,11609,11432,11516,-1,11609,11516,11582,-1,11582,11516,11346,-1,11609,11582,11581,-1,11596,11609,11598,-1,11598,11609,11581,-1,11598,11581,11599,-1,11599,11581,11592,-1,11599,11592,11601,-1,11601,11592,11590,-1,11601,11590,11603,-1,11603,11590,11588,-1,11603,11588,11605,-1,11605,11588,11586,-1,11605,11586,11607,-1,11607,11586,11584,-1,11608,11583,11606,-1,11606,11583,11585,-1,11606,11585,11604,-1,11604,11585,11587,-1,11604,11587,11602,-1,11602,11587,11589,-1,11602,11589,11600,-1,11600,11589,11591,-1,11600,11591,11597,-1,11597,11591,11593,-1,11593,11594,11597,-1,11597,11594,11610,-1,11597,11610,11595,-1,11594,11290,11610,-1,11610,11290,11291,-1,11610,11291,11595,-1,11611,11612,11613,-1,11611,11613,11614,-1,11614,11613,11615,-1,11614,11615,11616,-1,11616,11615,11617,-1,11616,11617,11618,-1,11618,11617,11619,-1,11618,11619,11620,-1,11620,11619,11621,-1,11620,11621,11622,-1,11622,11621,11623,-1,11622,11623,11624,-1,11624,11623,11625,-1,11624,11625,11626,-1,11611,11627,11612,-1,11612,11627,11628,-1,11629,11630,11631,-1,11629,11631,11632,-1,11632,11631,11633,-1,11632,11633,11634,-1,11634,11633,11635,-1,11634,11635,11636,-1,11636,11635,11637,-1,11636,11637,11638,-1,11638,11637,11639,-1,11638,11639,11640,-1,11640,11639,11641,-1,11640,11641,11642,-1,11642,11641,11628,-1,11642,11628,11627,-1,11608,11607,11630,-1,11630,11607,11625,-1,11635,11641,11637,-1,11637,11641,11639,-1,11635,11633,11641,-1,11641,11633,11631,-1,11641,11631,11628,-1,11628,11631,11630,-1,11628,11630,11612,-1,11612,11630,11625,-1,11612,11625,11613,-1,11619,11625,11621,-1,11621,11625,11623,-1,11619,11617,11625,-1,11625,11617,11615,-1,11625,11615,11613,-1,11634,11636,11627,-1,11627,11611,11626,-1,11626,11611,11614,-1,11626,11614,11624,-1,11584,11583,11626,-1,11626,11583,11629,-1,11626,11629,11627,-1,11627,11629,11632,-1,11627,11632,11634,-1,11636,11638,11627,-1,11627,11638,11640,-1,11627,11640,11642,-1,11614,11616,11624,-1,11624,11616,11618,-1,11624,11618,11622,-1,11622,11618,11620,-1,11626,11625,11584,-1,11584,11625,11607,-1,11630,11629,11608,-1,11608,11629,11583,-1,11643,11644,11645,-1,11645,11644,11646,-1,11647,11648,11649,-1,11649,11648,11650,-1,11651,11652,11653,-1,11653,11652,11293,-1,11648,11647,11654,-1,11654,11647,11655,-1,11654,11655,11651,-1,11651,11655,11656,-1,11651,11656,11652,-1,11293,11292,11653,-1,11653,11292,11295,-1,11653,11295,11651,-1,11651,11295,11657,-1,11651,11657,11654,-1,11320,11319,11658,-1,11320,11658,11659,-1,11660,11643,11661,-1,11643,11660,11644,-1,11662,11663,11660,-1,11660,11663,11664,-1,11660,11664,11644,-1,11661,11659,11660,-1,11660,11659,11658,-1,11660,11658,11662,-1,11662,11658,11319,-1,11662,11319,11322,-1,11322,11293,11652,-1,11664,11663,11655,-1,11664,11655,11644,-1,11652,11656,11322,-1,11322,11656,11655,-1,11322,11655,11662,-1,11662,11655,11663,-1,11655,11647,11644,-1,11644,11647,11649,-1,11644,11649,11646,-1,11645,11650,11648,-1,11654,11661,11648,-1,11648,11661,11643,-1,11648,11643,11645,-1,11320,11659,11295,-1,11295,11659,11661,-1,11295,11661,11657,-1,11657,11661,11654,-1,11665,11666,11667,-1,11667,11666,11668,-1,11645,11667,11650,-1,11650,11667,11668,-1,11666,11665,11649,-1,11649,11665,11646,-1,11650,11668,11649,-1,11649,11668,11666,-1,11646,11665,11645,-1,11645,11665,11667,-1,
        ]
    }
}