#VRML V2.0 utf8
# 3D model generated by easyeda2kicad.py (https://github.com/uPesy/easyeda2kicad.py)

Shape{
    appearance Appearance {
        material  Material 	{
            diffuseColor 0.25098039215686274 0.25098039215686274 0.25098039215686274
            specularColor 0.12549019607843137 0.12549019607843137 0.12549019607843137
            ambientIntensity 0.251
            transparency 0.0
            shininess 0.5
        }
    }
    geometry IndexedFaceSet {
        ccw TRUE
        solid FALSE
        coord DEF co Coordinate {
            point [
                -1.122 -0.1343 0.1969, -1.737 -0.1343 0.1969, -1.737 0.8858 0.1969, -1.737 1.2008 0.1969, -1.2205 1.2008 0.1969, -1.122 0.8858 0.1969, -1.2205 1.3189 0.1969, -1.737 -0.8858 0.1969, -1.737 -0.5328 0.1969, -1.2205 -0.8858 0.1969, -1.122 -0.5328 0.1969, -1.2205 -1.0039 0.1969, -2.3425 -0.5328 0.1969, -1.811 -0.8858 0.1969, -2.3425 -1.437 0.1969, -1.811 -1.0039 0.1969, -1.737 -1.437 0.1969, -1.737 -1.0039 0.1969, -1.122 -1.437 0.1969, -0.3687 -2.0965 0.1969, -0.6356 -2.0965 0.1969, -0.6356 -1.9882 0.1969, -0.9237 -1.437 0.1969, -0.9237 -1.8701 0.1969, -0.9237 -1.9882 0.1969, -0.9237 -2.0965 0.1969, -1.0236 -1.9882 0.1969, -1.122 -2.0965 0.1969, -1.0236 -1.8701 0.1969, -0.6356 -1.8701 0.1969, -0.6356 -1.437 0.1969, -0.4331 -1.8701 0.1969, -0.3687 -0.1343 0.1969, -0.4331 0.4528 0.1969, -0.3687 0.8858 0.1969, -0.4331 0.5709 0.1969, -0.6356 0.8858 0.1969, -0.6356 0.5709 0.1969, -0.9237 0.8858 0.1969, -0.9237 0.5709 0.1969, -1.0236 0.5709 0.1969, -1.0236 0.4528 0.1969, -1.811 1.2008 0.1969, -2.3425 0.8858 0.1969, -1.811 1.3189 0.1969, -2.3425 3.0709 0.1969, -1.737 1.3189 0.1969, -1.737 3.0709 0.1969, -1.122 3.0709 0.1969, -1.0236 2.6575 0.1969, -0.9237 2.6575 0.1969, -0.6356 2.6575 0.1969, -0.4331 2.6575 0.1969, -0.3687 3.0709 0.1969, -0.4331 2.7756 0.1969, -0.6356 3.0709 0.1969, -0.6356 2.7756 0.1969, -0.9237 3.0709 0.1969, -0.9237 2.7756 0.1969, -1.0236 2.7756 0.1969, -1.0732 -0.1367 0.1969, -0.9237 -0.1343 0.1969, -1.0691 -0.5304 0.1969, -0.9237 -0.5328 0.1969, -0.9621 -0.5304 0.1969, -0.9621 -0.1367 0.1969, -1.1632 -0.5126 0.1969, -1.122 -0.5249 0.1969, -1.1178 -0.5262 0.1969, -1.5656 -0.42 0.1969, -1.403 -0.42 0.1969, -1.6054 -0.5304 0.1969, -1.3654 -0.5304 0.1969, -1.6631 -0.5304 0.1969, -1.5094 -0.1367 0.1969, -1.4566 -0.1367 0.1969, -1.122 -0.1419 0.1969, -1.1301 -0.1428 0.1969, -1.1761 -0.159 0.1969, -1.219 -0.1877 0.1969, -1.2043 -0.4887 0.1969, -1.3078 -0.5304 0.1969, -1.2367 -0.4577 0.1969, -1.2593 -0.4225 0.1969, -1.2194 -0.188 0.1969, -1.2472 -0.2189 0.1969, -1.2655 -0.2528 0.1969, -1.2761 -0.2916 0.1969, -1.279 -0.3286 0.1969, -1.2734 -0.3813 0.1969, -0.5484 -0.4862 0.1969, -0.5901 -0.4707 0.1969, -0.4662 -0.1795 0.1969, -0.6356 -0.1343 0.1969, -0.5972 -0.4668 0.1969, -0.6356 -0.5328 0.1969, -0.5972 -0.51 0.1969, -0.5552 -0.5272 0.1969, -0.5393 -0.1343 0.1969, -0.5517 -0.1352 0.1969, -0.5972 -0.1475 0.1969, -0.5972 -0.2003 0.1969, -0.5528 -0.1813 0.1969, -0.505 -0.1751 0.1969, -0.4066 -0.461 0.1969, -0.4307 -0.4773 0.1969, -0.4594 -0.4879 0.1969, -0.4961 -0.492 0.1969, -0.4367 -0.1901 0.1969, -0.4095 -0.2083 0.1969, -0.3687 -0.2682 0.1969, -0.3857 -0.2346 0.1969, -0.3695 -0.265 0.1969, -0.359 -0.3071 0.1969, -0.3571 -0.3378 0.1969, -0.3611 -0.3804 0.1969, -0.3687 -0.4044 0.1969, -0.3718 -0.4142 0.1969, -0.3881 -0.4415 0.1969, -0.3687 -0.1839 0.1969, -0.3837 -0.1694 0.1969, -0.4211 -0.1479 0.1969, -0.465 -0.1351 0.1969, -0.4751 -0.1343 0.1969, -0.3687 -0.5328 0.1969, -0.2707 -0.5304 0.1969, -0.069 -0.5304 0.1969, -0.069 -0.1367 0.1969, -0.1219 -0.1367 0.1969, -0.3482 -0.2036 0.1969, -0.3251 -0.2404 0.1969, -0.1219 -0.4872 0.1969, -0.3043 -0.341 0.1969, -0.31 -0.285 0.1969, -0.4022 -0.517 0.1969, -0.3705 -0.4968 0.1969, -0.3687 -0.4949 0.1969, -0.3409 -0.4657 0.1969, -0.2707 -0.4872 0.1969, -0.32 -0.4283 0.1969, -0.3081 -0.3866 0.1969, -0.5154 -0.5328 0.1969, -0.4996 -0.535 0.1969, -0.3687 -1.437 0.1969, -0.4331 -1.9882 0.1969, -0.4889 -0.5352 0.1969, -0.4657 -0.5328 0.1969, -0.4403 -0.5302 0.1969, -2.3425 -2.2047 0.1969, -2.3425 -2.0965 0.1969, -1.737 -2.2047 0.1969, -1.737 -2.0965 0.1969, -1.122 -2.2047 0.1969, -0.9237 -2.2047 0.1969, -0.6356 -2.2047 0.1969, -0.3687 -2.2047 0.1969, 0.8465 -0.1343 0.1969, 0.8465 -0.5328 0.1969, 0.8465 -1.437 0.1969, 0.8465 -2.0965 0.1969, 0.8465 -2.2047 0.1969, -0.7268 -0.1799 0.1969, -0.7268 -0.3096 0.1969, -0.8757 -0.1799 0.1969, -0.8661 -0.3096 0.1969, -0.8757 -0.1367 0.1969, -0.8661 -0.3528 0.1969, -0.7268 -0.3528 0.1969, -0.7268 -0.4872 0.1969, -0.8853 -0.4872 0.1969, -0.8853 -0.5304 0.1969, -0.674 -0.5304 0.1969, -0.674 -0.1367 0.1969, -0.5045 -0.1319 0.1969, -0.6356 0.4528 0.1969, -0.9237 0.4528 0.1969, -2.3425 -0.1343 0.1969, 0.8465 0.8858 0.1969, 0.8465 3.0709 0.1969, 0.8465 -2.2047 0.0394, 0.8465 -2.4016 0.0394, -2.3425 -2.2047 0.0394, -2.3425 -2.4016 0.0394, 0.8465 -2.4016 5.0787, 0.8465 3.0709 0.0394, 0.8465 3.2677 0.0394, 0.8465 3.2677 5.0787, -2.3425 3.2677 5.0787, -2.3425 3.2677 0.0394, -2.3425 3.0709 0.0394, -2.3425 -2.4016 5.0787, 0.0607 -2.4016 2.4992, -0.0223 -2.4016 2.2751, 0.0969 -2.4016 2.7355, 0.0984 -2.4016 2.7827, 0.0976 -2.4016 2.7828, -0.1487 -2.4016 2.0723, -0.3133 -2.4016 1.8991, -0.5095 -2.4016 1.7626, -1.9777 -2.4016 2.1524, -2.0048 -2.4016 2.197, -1.5638 -2.4016 3.7662, -1.6342 -2.4016 3.7265, -1.6565 -2.4016 3.7139, -1.0701 -2.4016 1.6142, -0.9632 -2.4016 1.6202, -0.7291 -2.4016 1.6683, -2.034 -2.4016 2.245, -2.079 -2.4016 2.338, -2.0802 -2.4016 2.3404, -2.0816 -2.4016 2.3432, -2.1004 -2.4016 2.3904, -2.132 -2.4016 2.4889, -2.1333 -2.4016 2.4929, -2.1561 -2.4016 2.5975, -2.1612 -2.4016 2.6415, -2.1681 -2.4016 2.8626, -2.1653 -2.4016 2.8853, -2.1558 -2.4016 2.9625, -2.155 -2.4016 2.9684, -2.1316 -2.4016 3.0734, -2.1168 -2.4016 3.1228, -2.0789 -2.4016 3.2224, -2.0547 -2.4016 3.2713, -2.0316 -2.4016 3.3179, -1.9752 -2.4016 3.4086, -2.1686 -2.4016 2.7044, -2.171 -2.4016 2.7561, -2.1698 -2.4016 2.8008, -1.9749 -2.4016 3.4091, -1.9744 -2.4016 3.4098, -1.9198 -2.4016 3.482, -0.8257 -2.4016 3.8571, -0.8566 -2.4016 3.8625, -0.9307 -2.4016 3.8753, -1.2109 -2.4016 1.6526, -1.2124 -2.4016 1.6529, -1.7938 -2.4016 1.9417, -1.8027 -2.4016 1.9492, -1.8312 -2.4016 1.978, -1.8803 -2.4016 2.0277, -1.4899 -2.4016 3.7989, -1.4858 -2.4016 3.8007, -1.4657 -2.4016 3.8096, -1.4154 -2.4016 3.8277, -1.335 -2.4016 3.8501, -1.3128 -2.4016 3.8563, -1.2077 -2.4016 3.8749, -1.1744 -2.4016 3.8775, -1.1005 -2.4016 3.8833, -1.2322 -2.4016 1.6575, -1.251 -2.4016 1.6618, -1.3692 -2.4016 1.6956, -1.3698 -2.4016 1.6957, -1.4781 -2.4016 1.7374, -1.5144 -2.4016 1.7555, -1.9097 -2.4016 2.0619, -1.9127 -2.4016 2.0654, -1.8756 -2.4016 3.5307, -1.8482 -2.4016 3.5608, -1.7848 -2.4016 3.6194, -0.4974 -2.4016 3.7254, -0.4653 -2.4016 3.707, -0.4202 -2.4016 3.6751, -0.3763 -2.4016 3.6442, -1.5187 -2.4016 1.7576, -1.5804 -2.4016 1.7884, -1.628 -2.4016 1.8165, -1.6618 -2.4016 1.8397, -1.7186 -2.4016 1.8788, -1.764 -2.4016 3.6364, -1.7436 -2.4016 3.653, -0.7219 -2.4016 3.8285, -0.7067 -2.4016 3.823, -0.6572 -2.4016 3.8051, -0.5596 -2.4016 3.7609, -0.559 -2.4016 3.7607, -0.296 -2.4016 3.5753, -0.2912 -2.4016 3.5704, -0.2203 -2.4016 3.4973, -0.1794 -2.4016 3.4462, -0.1581 -2.4016 3.4196, -0.152 -2.4016 3.4121, 0.0083 -2.4016 3.1041, 0.0332 -2.4016 3.0297, -1.0368 -2.4016 3.8834, -1.0132 -2.4016 3.8816, -0.9854 -2.4016 3.8795, -1.0778 -2.4016 1.6215, -1.0807 -2.4016 1.6227, -1.0825 -2.4016 1.6235, -0.0913 -2.4016 3.32, -0.0855 -2.4016 3.3092, -0.0465 -2.4016 3.2373, -0.0137 -2.4016 3.162, -0.0022 -2.4016 3.1357, -1.0932 -2.4016 1.627, -1.1436 -2.4016 1.6385, 0.0384 -2.4016 3.0092, 0.061 -2.4016 2.919, 0.0706 -2.4016 2.874, -1.0702 -2.4016 1.6146, -1.0702 -2.4016 1.615, -1.0706 -2.4016 1.6159, -1.0714 -2.4016 1.6172, -1.0739 -2.4016 1.6193, 0.0767 -2.4016 2.8455, 0.0831 -2.4016 2.8152, 0.0914 -2.4016 2.7897, 0.0923 -2.4016 2.7881, 0.0948 -2.4016 2.7846, 0.0951 -2.4016 2.7843, 0.0965 -2.4016 2.7833, 0.0966 -2.4016 2.7832
            ]
        }
        coordIndex [
            0,1,2,-1,3,4,5,-1,5,4,6,-1,7,8,9,-1,9,8,10,-1,9,10,11,-1,12,13,14,-1,14,13,15,-1,14,15,16,-1,16,15,17,-1,16,17,18,-1,19,20,21,-1,18,22,23,-1,21,20,24,-1,24,20,25,-1,24,25,26,-1,26,25,27,-1,26,27,28,-1,23,22,29,-1,29,22,30,-1,29,30,31,-1,32,33,34,-1,34,33,35,-1,34,35,36,-1,36,35,37,-1,36,37,38,-1,38,37,39,-1,38,39,5,-1,5,39,40,-1,5,40,41,-1,42,43,44,-1,44,43,45,-1,44,45,46,-1,46,45,47,-1,46,47,6,-1,6,47,48,-1,6,48,5,-1,5,48,49,-1,5,49,38,-1,38,49,50,-1,38,50,36,-1,36,50,51,-1,36,51,34,-1,34,51,52,-1,34,52,53,-1,53,52,54,-1,53,54,55,-1,55,54,56,-1,55,56,57,-1,57,56,58,-1,57,58,48,-1,48,58,59,-1,48,59,49,-1,60,0,61,-1,10,62,63,-1,63,62,64,-1,63,64,61,-1,61,64,65,-1,61,65,60,-1,66,67,10,-1,10,67,68,-1,10,68,62,-1,69,70,71,-1,71,70,72,-1,73,8,74,-1,74,8,1,-1,74,1,75,-1,75,1,0,-1,60,76,0,-1,0,76,77,-1,0,77,75,-1,75,77,78,-1,75,78,79,-1,80,81,82,-1,82,81,83,-1,79,84,75,-1,75,84,85,-1,75,85,86,-1,80,66,81,-1,81,66,10,-1,81,10,72,-1,72,10,8,-1,72,8,71,-1,71,8,73,-1,86,87,75,-1,75,87,88,-1,75,88,81,-1,81,88,89,-1,81,89,83,-1,90,91,92,-1,93,94,95,-1,95,94,96,-1,95,96,97,-1,93,98,99,-1,99,100,93,-1,93,100,101,-1,93,101,94,-1,94,101,102,-1,94,102,91,-1,91,102,103,-1,91,103,92,-1,92,104,105,-1,105,106,92,-1,92,106,107,-1,92,107,90,-1,108,109,110,-1,110,109,111,-1,110,111,112,-1,110,113,114,-1,114,115,110,-1,110,115,116,-1,110,116,108,-1,108,116,117,-1,108,117,92,-1,92,117,118,-1,92,118,104,-1,119,120,32,-1,32,120,121,-1,121,122,32,-1,32,122,123,-1,32,123,33,-1,124,125,126,-1,127,128,32,-1,119,32,129,-1,129,32,128,-1,129,128,130,-1,131,132,128,-1,128,132,133,-1,128,133,130,-1,134,135,124,-1,124,135,136,-1,124,136,125,-1,125,136,137,-1,125,137,138,-1,138,137,139,-1,138,139,131,-1,131,139,140,-1,131,140,132,-1,141,142,30,-1,30,142,143,-1,30,143,31,-1,31,143,19,-1,31,19,144,-1,144,19,21,-1,142,145,143,-1,143,145,146,-1,143,146,124,-1,124,146,147,-1,124,147,134,-1,148,149,150,-1,150,149,151,-1,150,151,152,-1,152,151,27,-1,152,27,153,-1,153,27,25,-1,153,25,154,-1,154,25,20,-1,154,20,155,-1,155,20,19,-1,149,14,151,-1,151,14,16,-1,151,16,27,-1,27,16,18,-1,27,18,28,-1,28,18,23,-1,127,156,126,-1,126,156,157,-1,126,157,124,-1,124,157,158,-1,124,158,143,-1,143,158,159,-1,143,159,19,-1,19,159,160,-1,19,160,155,-1,17,11,18,-1,18,11,10,-1,18,10,22,-1,22,10,63,-1,22,63,30,-1,30,63,95,-1,30,95,141,-1,141,95,97,-1,161,162,163,-1,163,162,164,-1,93,165,61,-1,61,165,163,-1,61,163,63,-1,63,163,164,-1,63,164,166,-1,167,168,166,-1,166,168,169,-1,166,169,63,-1,63,169,170,-1,63,170,95,-1,95,170,171,-1,95,171,93,-1,93,171,172,-1,93,172,165,-1,123,173,33,-1,33,173,98,-1,33,98,174,-1,174,98,93,-1,174,93,175,-1,175,93,61,-1,175,61,41,-1,41,61,0,-1,41,0,5,-1,5,0,2,-1,5,2,3,-1,3,2,42,-1,42,2,43,-1,43,2,1,-1,43,1,176,-1,176,1,8,-1,176,8,12,-1,12,8,7,-1,12,7,13,-1,127,32,156,-1,156,32,34,-1,156,34,177,-1,177,34,53,-1,177,53,178,-1,179,180,181,-1,181,180,182,-1,183,180,160,-1,160,180,179,-1,160,159,183,-1,183,159,158,-1,183,158,157,-1,184,185,178,-1,178,185,186,-1,178,186,177,-1,177,186,183,-1,177,183,156,-1,156,183,157,-1,187,186,188,-1,188,186,185,-1,188,189,45,-1,188,45,187,-1,187,45,43,-1,187,43,190,-1,43,176,190,-1,190,176,12,-1,190,12,14,-1,181,182,148,-1,148,182,190,-1,148,190,149,-1,149,190,14,-1,191,192,180,-1,191,180,193,-1,193,180,194,-1,194,180,183,-1,194,183,195,-1,192,196,180,-1,180,196,197,-1,180,197,198,-1,182,199,200,-1,201,190,202,-1,202,190,203,-1,204,182,205,-1,205,182,180,-1,205,180,206,-1,206,180,198,-1,200,207,182,-1,182,207,208,-1,182,208,209,-1,209,210,182,-1,182,210,211,-1,182,211,212,-1,212,213,182,-1,182,213,214,-1,182,214,215,-1,216,217,190,-1,190,217,218,-1,190,218,219,-1,219,220,190,-1,190,220,221,-1,190,221,222,-1,222,223,190,-1,190,223,224,-1,190,224,225,-1,215,226,182,-1,182,226,227,-1,182,227,190,-1,190,227,228,-1,190,228,216,-1,225,229,190,-1,190,229,230,-1,190,230,231,-1,232,183,233,-1,233,183,234,-1,235,236,182,-1,237,238,182,-1,182,238,239,-1,182,239,240,-1,201,241,190,-1,190,241,242,-1,190,242,243,-1,243,244,190,-1,190,244,245,-1,190,245,246,-1,246,247,190,-1,190,247,248,-1,190,248,249,-1,236,250,182,-1,182,250,251,-1,182,251,252,-1,252,253,182,-1,182,253,254,-1,182,254,255,-1,240,256,182,-1,182,256,257,-1,182,257,199,-1,231,258,190,-1,190,258,259,-1,190,259,260,-1,261,262,183,-1,183,262,263,-1,183,263,264,-1,255,265,182,-1,182,265,266,-1,182,266,267,-1,267,268,182,-1,182,268,269,-1,182,269,237,-1,260,270,190,-1,190,270,271,-1,190,271,203,-1,232,272,183,-1,183,272,273,-1,183,273,274,-1,274,275,183,-1,183,275,276,-1,183,276,261,-1,264,277,183,-1,183,277,278,-1,183,278,279,-1,279,280,183,-1,183,280,281,-1,183,281,282,-1,283,284,183,-1,249,285,190,-1,190,285,286,-1,190,286,183,-1,183,286,287,-1,183,287,234,-1,288,289,182,-1,182,289,290,-1,282,291,183,-1,183,291,292,-1,183,292,293,-1,293,294,183,-1,183,294,295,-1,183,295,283,-1,290,296,182,-1,182,296,297,-1,182,297,235,-1,284,298,183,-1,183,298,299,-1,183,299,300,-1,204,301,182,-1,182,301,302,-1,182,302,303,-1,303,304,182,-1,182,304,305,-1,182,305,288,-1,300,306,183,-1,183,306,307,-1,183,307,308,-1,308,309,183,-1,183,309,310,-1,183,310,311,-1,311,312,183,-1,183,312,313,-1,183,313,195,-1,187,190,186,-1,186,190,183,-1,189,188,184,-1,184,188,185,-1,
        ]
    }
}
Shape{
    appearance Appearance {
        material  Material 	{
            diffuseColor 1.0 1.0 1.0
            specularColor 0.5019607843137255 0.5019607843137255 0.5019607843137255
            ambientIntensity 1.0
            transparency 0.0
            shininess 0.5
        }
    }
    geometry IndexedFaceSet {
        ccw TRUE
        solid FALSE
        coord DEF co Coordinate {
            point [
                -1.934 -3.9764 3.2052, -2.0795 -3.9764 3.1645, -2.0039 -3.9764 3.0055, -2.1334 -3.9764 2.9562, -2.0276 -3.9764 2.7953, -2.1443 -3.9764 2.7414, -2.0039 -3.9764 2.585, -2.1117 -3.9764 2.5288, -1.934 -3.9764 2.3853, -2.037 -3.9764 2.3271, -1.8214 -3.9764 2.2062, -1.9233 -3.9764 2.1446, -1.6718 -3.9764 2.0565, -1.7751 -3.9764 1.9887, -1.4926 -3.9764 1.944, -1.5985 -3.9764 1.8659, -1.2929 -3.9764 1.8741, -1.4009 -3.9764 1.781, -1.0827 -3.9764 1.8504, -1.1902 -3.9764 1.7377, -0.2314 -3.9764 3.2052, -0.1806 -3.9764 3.3576, -0.3439 -3.9764 3.3844, -0.3122 -3.9764 3.5276, -0.4936 -3.9764 3.534, -0.4754 -3.9764 3.6677, -0.6727 -3.9764 3.6466, -0.6635 -3.9764 3.7721, -0.8724 -3.9764 3.7165, -0.8687 -3.9764 3.8365, -1.0827 -3.9764 3.7402, -1.0827 -3.9764 3.8583, -1.2929 -3.9764 3.7165, -1.2967 -3.9764 3.8365, -1.4926 -3.9764 3.6466, -1.5019 -3.9764 3.7721, -1.6718 -3.9764 3.534, -1.6899 -3.9764 3.6677, -1.8214 -3.9764 3.3844, -1.8531 -3.9764 3.5276, -1.9848 -3.9764 3.3576, -1.0827 -3.9764 1.7323, -0.9751 -3.9764 1.7377, -0.8724 -3.9764 1.8741, -0.7645 -3.9764 1.781, -0.6727 -3.9764 1.944, -0.5668 -3.9764 1.8659, -0.4936 -3.9764 2.0565, -0.3903 -3.9764 1.9887, -0.3439 -3.9764 2.2062, -0.2421 -3.9764 2.1446, -0.2314 -3.9764 2.3853, -0.1283 -3.9764 2.3271, -0.1615 -3.9764 2.585, -0.0536 -3.9764 2.5288, -0.1378 -3.9764 2.7953, -0.021 -3.9764 2.7414, -0.1615 -3.9764 3.0055, -0.0319 -3.9764 2.9562, -0.0859 -3.9764 3.1645, 0.0152 -2.4826 3.2308, 0.0234 -2.4817 3.205, 0.0233 -2.4162 3.2048, -0.3713 -2.4405 3.7381, -0.4093 -2.4421 3.7626, -0.4085 -2.5076 3.764, -0.8361 -2.4583 3.9504, -0.845 -2.4586 3.9516, -0.8455 -2.5241 3.9499, -0.891 -2.5257 3.9607, -1.5241 -2.4835 3.8908, -1.5477 -2.4844 3.8792, -1.5478 -2.5499 3.8788, -2.249 -2.5265 2.9815, -2.2496 -2.5267 2.9741, -2.2475 -2.5922 2.9736, -1.7003 -2.5759 1.7885, -1.6546 -2.5777 1.7649, -1.6556 -2.6432 1.7629, -0.538 -2.6189 1.7473, -0.5105 -2.62 1.7642, -0.5102 -2.6855 1.764, 0.0962 -2.6619 2.7222, 0.096 -2.6623 2.7354, 0.0944 -2.7278 2.7357, -1.7246 -2.7541 3.7867, -1.7561 -2.7555 3.7629, -1.7568 -2.821 3.7637, -2.2631 -2.7971 2.7556, -2.261 -2.7978 2.7356, -2.2601 -2.8633 2.7355, -0.3507 -2.8892 1.8684, -0.315 -2.8908 1.9009, -0.3137 -2.9563 1.8995, 0.0888 -2.9322 2.9457, 0.0831 -2.9332 2.9738, 0.0831 -2.9987 2.974, 0.0555 -2.9378 3.1107, 0.0221 -2.9412 3.2045, 0.0395 -3.0051 3.1636, -0.6086 -2.9753 3.877, -0.6171 -2.9756 3.8801, -0.618 -3.0411 3.8784, -0.7677 -2.9809 3.9336, -0.8455 -2.9836 3.9493, -0.8211 -3.0482 3.9471, -1.8968 -3.024 3.651, -1.9367 -3.026 3.6072, -1.9358 -3.0913 3.6121, -2.2353 -3.0671 2.5374, -2.224 -3.0684 2.4998, -2.2251 -3.1339 2.4994, -2.222 -3.1344 2.4839, -1.4546 -3.1102 1.6742, -1.436 -3.1109 1.6695, -1.4356 -3.1763 1.6703, -1.4016 -3.1775 1.6581, -0.8143 -3.245 3.9455, -0.8452 -3.246 3.9504, -0.8453 -3.3115 3.9508, -0.8687 -3.3123 3.9568, -1.5021 -3.27 3.8994, -1.5473 -3.2718 3.8782, -1.5483 -3.3373 3.8801, -1.9309 -3.2881 3.6171, -1.9382 -3.2884 3.6085, -1.9371 -3.3539 3.6074, -1.9685 -3.3554 3.5765, -2.245 -3.313 3.0048, -2.2483 -3.3141 2.9739, -2.2485 -3.3796 2.9738, -1.1876 -3.4473 1.6188, -1.202 -3.4468 1.6212, -1.202 -3.3813 1.6226, -0.5589 -3.4054 1.7367, -0.5109 -3.4074 1.765, -0.5095 -3.4729 1.7627, -0.1282 -3.4903 2.0996, -0.1502 -3.4892 2.0736, -0.1499 -3.4237 2.0731, 0.0945 -3.4484 2.6988, 0.0948 -3.4497 2.7355, 0.0955 -3.5152 2.7356, 0.0258 -3.466 3.2031, 0.0247 -3.466 3.2054, 0.0224 -3.5316 3.2046, 0.0051 -3.5334 3.2554, -0.3934 -3.4914 3.7544, -0.4086 -3.492 3.7637, -0.4094 -3.5575 3.7628, -2.2637 -3.5837 2.7788, -2.2599 -3.5852 2.7357, -2.2613 -3.6507 2.7354, -1.6769 -3.6267 1.7745, -1.6552 -3.6276 1.764, -1.6548 -3.6931 1.7643, 0.0915 -3.7189 2.923, 0.0823 -3.7206 2.9737, 0.0845 -3.7861 2.9741, -0.5877 -3.7619 3.8676, -0.6176 -3.763 3.8789, -0.6176 -3.8285 3.8793, -0.7463 -3.7676 3.9275, -0.8455 -3.771 3.9494, -0.7994 -3.8349 3.9419, -2.2618 -3.8477 2.7354, -2.2619 -3.848 2.7286, -2.2623 -3.8583 2.7355, -2.24 -3.8538 2.5592, -2.2261 -3.8583 2.4992, -2.2242 -3.8558 2.4997, -2.2048 -3.8583 2.4268, -2.2588 -3.8417 2.9035, -2.2502 -3.8583 2.9741, -2.247 -3.8391 2.9736, -2.2294 -3.8351 3.0782, -2.1903 -3.8583 3.2055, -2.1879 -3.8302 3.2047, -2.085 -3.8583 3.42, -2.084 -3.8215 3.4193, -2.095 -3.8222 3.4038, -2.1741 -3.8286 3.2468, -1.9957 -3.8162 3.5445, -1.9387 -3.8583 3.609, -1.9366 -3.8134 3.607, -1.5485 -3.8583 3.8807, -1.5474 -3.7968 3.8781, -1.5959 -3.7987 3.859, -1.7574 -3.8583 3.7647, -1.7471 -3.8049 3.7718, -1.7569 -3.8054 3.764, -1.8805 -3.8107 3.6662, -1.4312 -3.7922 3.9238, -1.4468 -3.8583 3.9189, -1.3197 -3.7879 3.9492, -1.3204 -3.8534 3.9519, -1.3155 -3.8532 3.9532, -1.2581 -3.7856 3.9633, -1.0827 -3.7792 3.9764, -1.1401 -3.8468 3.975, -1.0827 -3.8447 3.9735, -1.0825 -3.7792 3.9764, -0.9103 -3.7732 3.9637, -0.9663 -3.8406 3.9706, -0.8453 -3.8365 3.9498, -0.6395 -3.8293 3.8901, -0.4098 -3.82 3.762, -0.4092 -3.7545 3.7631, -0.4354 -3.7557 3.7832, -0.4844 -3.8233 3.8136, -0.2952 -3.7492 3.6756, -0.3396 -3.8168 3.7133, -0.229 -3.7457 3.6067, -0.2277 -3.8112 3.6079, -0.2103 -3.8103 3.5915, -0.1721 -3.7426 3.5476, -0.0814 -3.7369 3.4193, -0.1012 -3.8038 3.4523, -0.0823 -3.8024 3.4189, -0.0703 -3.7362 3.4036, 0.0078 -3.7301 3.249, -0.0152 -3.7976 3.3007, 0.0226 -3.7285 3.2047, 0.0222 -3.7941 3.2044, 0.0613 -3.7245 3.0893, 0.0463 -3.7918 3.1423, 0.0841 -3.7863 2.9789, 0.0938 -3.7777 2.7357, 0.0959 -3.7122 2.7356, 0.0975 -3.7127 2.7495, 0.0984 -3.7803 2.8071, 0.0775 -3.7062 2.5741, 0.087 -3.7739 2.6315, 0.0576 -3.7034 2.5001, 0.0583 -3.7689 2.4998, 0.0493 -3.7673 2.4581, 0.0313 -3.6997 2.4026, -0.0243 -3.6946 2.276, -0.0139 -3.7608 2.2926, -0.0234 -3.7601 2.2758, -0.0397 -3.6932 2.2409, -0.1323 -3.6871 2.094, -0.0997 -3.7545 2.1405, -0.1499 -3.6861 2.0734, -0.1511 -3.7517 2.0742, -0.2422 -3.6814 1.9655, -0.2043 -3.7487 2.0057, -0.3153 -3.6782 1.9013, -0.314 -3.7437 1.8998, -0.3687 -3.6758 1.8544, -0.3247 -3.7432 1.8895, -0.5097 -3.6699 1.7629, -0.4642 -3.7373 1.789, -0.5107 -3.7354 1.765, -0.5139 -3.6697 1.7602, -0.6743 -3.6633 1.687, -0.6203 -3.7309 1.7085, -0.7301 -3.7266 1.6712, -0.7299 -3.6611 1.6712, -0.7883 -3.7243 1.6515, -0.8451 -3.6567 1.6383, -0.9636 -3.6523 1.6231, -0.9627 -3.7178 1.6203, -0.9632 -3.7178 1.6203, -1.0205 -3.6502 1.6158, -1.1946 -3.644 1.6195, -1.1378 -3.7115 1.6155, -1.2021 -3.6438 1.6208, -1.2018 -3.7093 1.6231, -1.3619 -3.6383 1.6476, -1.3077 -3.7056 1.6358, -1.4354 -3.6357 1.6712, -1.4357 -3.7013 1.6702, -1.5217 -3.6328 1.6988, -1.4692 -3.7002 1.6792, -1.6267 -3.6942 1.7469, -1.8499 -3.6843 1.9016, -1.8505 -3.6189 1.9008, -1.822 -3.6203 1.8742, -1.7758 -3.6879 1.839, -1.9517 -3.6137 1.9954, -1.9112 -3.6814 1.9535, -2.0141 -3.61 2.0743, -2.0157 -3.6755 2.0731, -2.0279 -3.6748 2.087, -2.0615 -3.6072 2.1343, -2.1424 -3.6014 2.2755, -2.1224 -3.6685 2.2349, -2.1409 -3.6669 2.2761, -2.1482 -3.601 2.2857, -2.2104 -3.5952 2.4443, -2.1926 -3.6626 2.3915, -2.2235 -3.5933 2.4998, -2.2236 -3.6589 2.4999, -2.2487 -3.5897 2.6073, -2.2385 -3.6571 2.5524, -2.2615 -3.6512 2.7217, -2.2469 -3.6421 2.9736, -2.2488 -3.5766 2.9739, -2.253 -3.5773 2.9542, -2.2594 -3.6449 2.8966, -2.216 -3.5708 3.1278, -2.231 -3.6384 3.0714, -2.1872 -3.5678 3.2043, -2.1881 -3.6332 3.2048, -2.1767 -3.6319 3.2404, -2.1535 -3.5642 3.2936, -2.0834 -3.5591 3.4191, -2.0985 -3.6255 3.3978, -2.0837 -3.6246 3.4191, -2.0682 -3.558 3.4463, -1.9639 -3.5521 3.5817, -2.0001 -3.6195 3.5391, -1.9373 -3.5509 3.6075, -1.9366 -3.6164 3.607, -1.844 -3.5466 3.6983, -1.8856 -3.614 3.6615, -1.7557 -3.5429 3.7623, -1.7572 -3.6084 3.7644, -1.7051 -3.5407 3.7991, -1.7528 -3.6082 3.7679, -1.5495 -3.5344 3.8802, -1.6022 -3.602 3.856, -1.5474 -3.5998 3.8779, -1.5484 -3.5343 3.8806, -1.3818 -3.5278 3.9379, -1.4379 -3.5955 3.9217, -1.3198 -3.591 3.9494, -1.3199 -3.5255 3.9492, -1.265 -3.5889 3.9622, -1.2074 -3.5213 3.9698, -1.0826 -3.5168 3.9737, -1.0895 -3.5825 3.9764, -1.0827 -3.5822 3.9759, -1.0322 -3.5149 3.9753, -0.8619 -3.509 3.9556, -0.9172 -3.5764 3.9647, -0.8452 -3.5085 3.9511, -0.8455 -3.574 3.9493, -0.7002 -3.5036 3.9127, -0.753 -3.5709 3.9294, -0.6181 -3.5005 3.8778, -0.6174 -3.566 3.8792, -0.5428 -3.4977 3.8458, -0.594 -3.5652 3.8705, -0.4412 -3.559 3.787, -0.229 -3.5487 3.6067, -0.2285 -3.4832 3.6074, -0.2577 -3.4848 3.6405, -0.3004 -3.5525 3.6802, -0.1404 -3.4783 3.5074, -0.1766 -3.5459 3.5529, -0.083 -3.4745 3.4183, -0.081 -3.5399 3.4195, -0.0739 -3.5395 3.4095, -0.0452 -3.4719 3.3598, 0.0723 -3.4605 3.0423, 0.0595 -3.5278 3.096, 0.0819 -3.4581 2.9737, 0.0825 -3.5236 2.9737, 0.0958 -3.4547 2.8734, 0.0907 -3.5221 2.93, 0.0978 -3.516 2.7565, 0.0575 -3.5064 2.5001, 0.0592 -3.4409 2.4997, 0.0668 -3.4419 2.5239, 0.0788 -3.5095 2.5809, 0.0132 -3.4353 2.3547, 0.0335 -3.5029 2.4092, -0.0252 -3.4322 2.2766, -0.0241 -3.4976 2.2759, -0.0365 -3.4965 2.2471, -0.0644 -3.4289 2.1968, -0.2373 -3.4847 1.9705, -0.3152 -3.4812 1.9012, -0.2766 -3.4174 1.932, -0.3149 -3.4157 1.9011, -0.1625 -3.4229 2.0548, -0.4088 -3.4116 1.8253, -0.3631 -3.4791 1.8587, -0.5078 -3.473 1.7635, -0.73 -3.4642 1.6713, -0.7292 -3.3987 1.6688, -0.7228 -3.3989 1.6703, -0.6678 -3.4666 1.6894, -0.8955 -3.3923 1.6291, -0.8383 -3.46 1.6397, -0.9634 -3.3899 1.6233, -0.9635 -3.4553 1.6229, -1.0135 -3.4535 1.6162, -1.0712 -3.3859 1.6142, -1.3551 -3.4416 1.646, -1.4354 -3.4388 1.6712, -1.4083 -3.3743 1.66, -1.4357 -3.3733 1.67, -1.2438 -3.3798 1.6252, -1.5673 -3.3686 1.7182, -1.5153 -3.436 1.6962, -1.6544 -3.3651 1.7653, -1.6554 -3.4306 1.7636, -1.7201 -3.3624 1.801, -1.6709 -3.43 1.7711, -1.8515 -3.3564 1.8998, -1.8166 -3.4236 1.8699, -1.8503 -3.4219 1.901, -1.8613 -3.356 1.9072, -1.9856 -3.3494 2.0339, -1.947 -3.417 1.9903, -2.0145 -3.3476 2.0739, -2.0142 -3.4131 2.0743, -2.089 -3.3429 2.177, -2.0576 -3.4105 2.1285, -2.1405 -3.339 2.2765, -2.1428 -3.4044 2.2753, -2.1452 -3.4043 2.2795, -2.1687 -3.3368 2.3311, -2.2238 -3.3312 2.4906, -2.2083 -3.3985 2.4376, -2.2255 -3.3309 2.4993, -2.2233 -3.3964 2.4999, -2.2556 -3.3256 2.6562, -2.2476 -3.393 2.6005, -2.2591 -3.3227 2.7356, -2.2602 -3.3882 2.7357, -2.2633 -3.3194 2.8294, -2.2635 -3.387 2.7719, -2.2539 -3.3806 2.9473, -2.2005 -3.3064 3.1767, -2.2179 -3.374 3.1211, -2.1885 -3.3053 3.2047, -2.1871 -3.3708 3.2043, -2.1311 -3.2999 3.3393, -2.1564 -3.3675 3.2873, -2.0823 -3.2966 3.4184, -2.0837 -3.3621 3.4193, -2.072 -3.3612 3.4405, -2.0398 -3.2937 3.4873, -1.7558 -3.3459 3.7625, -1.7558 -3.2804 3.7623, -1.8057 -3.2825 3.7292, -1.8493 -3.3499 3.6938, -1.6617 -3.2764 3.8247, -1.711 -3.344 3.7954, -1.5559 -3.3376 3.8774, -1.3198 -3.3285 3.9491, -1.3203 -3.263 3.9514, -1.3319 -3.2634 3.9498, -1.3885 -3.3311 3.9361, -1.1566 -3.2569 3.9741, -1.2143 -3.3245 3.969, -1.0827 -3.2543 3.9732, -1.0826 -3.3198 3.974, -1.0391 -3.3182 3.9756, -0.9822 -3.2507 3.9721, -0.6181 -3.3035 3.8778, -0.6179 -3.238 3.8786, -0.6542 -3.2394 3.8959, -0.7068 -3.3068 3.915, -0.4985 -3.2334 3.8218, -0.549 -3.301 3.8489, -0.4097 -3.2295 3.7621, -0.4083 -3.295 3.764, -0.3526 -3.227 3.7237, -0.3991 -3.2947 3.7585, -0.227 -3.2207 3.6086, -0.2627 -3.2881 3.6453, -0.2287 -3.2862 3.6072, -0.2217 -3.2205 3.6038, -0.1105 -3.214 3.466, -0.1446 -3.2816 3.5129, -0.0827 -3.212 3.4186, -0.0829 -3.2775 3.4184, -0.0222 -3.2077 3.3152, -0.0485 -3.2752 3.3659, 0.0225 -3.2036 3.2045, 0.0234 -3.2692 3.2096, 0.0246 -3.2691 3.2054, 0.0708 -3.2637 3.0491, 0.0818 -3.2611 2.9737, 0.0815 -3.1964 2.9944, 0.0835 -3.1957 2.974, 0.0417 -3.2019 3.157, 0.0981 -3.1904 2.8233, 0.0954 -3.2579 2.8804, 0.0936 -3.1872 2.7356, 0.0951 -3.2527 2.7355, 0.0892 -3.1841 2.648, 0.095 -3.2517 2.7057, 0.0591 -3.1785 2.4996, 0.0684 -3.2452 2.5307, 0.0588 -3.244 2.4998, 0.0539 -3.1775 2.4742, -0.0069 -3.171 2.3077, 0.0157 -3.2386 2.3611, -0.0241 -3.1697 2.2761, -0.0252 -3.2352 2.2766, -0.0909 -3.1647 2.154, -0.0609 -3.2322 2.2028, -0.1511 -3.1612 2.0741, -0.1495 -3.2267 2.0729, -0.1581 -3.2262 2.0603, -0.2716 -3.2206 1.9367, -0.3151 -3.2187 1.9012, -0.3128 -3.1533 1.8996, -0.3134 -3.1533 1.8991, -0.194 -3.1588 2.0173, -0.4505 -3.1474 1.7976, -0.4031 -3.2149 1.8293, -0.5109 -3.1449 1.7653, -0.5108 -3.2104 1.7648, -0.605 -3.1411 1.7151, -0.5527 -3.2087 1.7398, -0.7299 -3.1362 1.6707, -0.7162 -3.2022 1.6725, -0.7293 -3.2017 1.6693, -0.7721 -3.1346 1.6557, -0.9462 -3.128 1.6221, -0.8887 -3.1956 1.6302, -0.9632 -3.1274 1.6214, -0.9635 -3.1929 1.6234, -1.1216 -3.1216 1.6148, -1.0642 -3.1892 1.6143, -1.2018 -3.1189 1.6233, -1.202 -3.1843 1.6223, -1.2369 -3.1831 1.6243, -1.2924 -3.1157 1.6329, -1.6544 -3.1681 1.7653, -1.6545 -3.1026 1.7648, -1.6123 -3.1044 1.7396, -1.5609 -3.1719 1.7153, -1.7623 -3.0981 1.8293, -1.7142 -3.1657 1.7972, -1.8501 -3.0939 1.9015, -1.8518 -3.1594 1.8994, -1.856 -3.1592 1.9026, -1.8992 -3.0916 1.9418, -2.0166 -3.0851 2.0724, -1.9811 -3.1526 2.0286, -2.0143 -3.1506 2.074, -2.0178 -3.085 2.0738, -2.1145 -3.0786 2.2206, -2.0854 -3.1462 2.1711, -2.1405 -3.0765 2.2763, -2.1406 -3.142 2.2764, -2.166 -3.1401 2.3247, -2.1872 -3.0726 2.3768, -2.2591 -3.1258 2.7356, -2.2604 -3.0603 2.7355, -2.2604 -3.0614 2.7056, -2.2547 -3.1288 2.6492, -2.2607 -3.0551 2.8801, -2.2635 -3.1227 2.8224, -2.2469 -3.0517 2.9736, -2.2486 -3.1171 2.974, -2.2348 -3.0486 3.0551, -2.2463 -3.1163 2.998, -2.1889 -3.0428 3.2051, -2.2027 -3.1097 3.1701, -2.1882 -3.1083 3.2046, -2.1829 -3.042 3.2249, -1.7557 -3.0834 3.7622, -1.757 -3.018 3.7641, -1.7659 -3.0183 3.7587, -2.1068 -3.0356 3.3837, -2.1342 -3.1032 3.3331, -2.0831 -3.0342 3.4187, -2.0823 -3.0997 3.4184, -2.0099 -3.0296 3.5268, -2.0439 -3.097 3.4817, -1.9385 -3.0915 3.6088, -1.8112 -3.0858 3.7249, -1.617 -3.0121 3.8486, -1.6677 -3.0797 3.8213, -1.5472 -3.0094 3.8777, -1.5474 -3.0749 3.8785, -1.4538 -3.0057 3.9166, -1.5086 -3.0733 3.8969, -1.3199 -3.0005 3.95, -1.3386 -3.0667 3.9483, -1.3203 -3.066 3.951, -1.2815 -2.9991 3.9595, -1.1059 -2.9926 3.9762, -1.1635 -3.0602 3.9736, -1.0828 -2.9918 3.9749, -1.0827 -3.0573 3.9732, -0.9328 -2.9865 3.9668, -0.9892 -3.054 3.9727, -0.8451 -3.0491 3.9507, -0.6607 -3.0427 3.8984, -0.4551 -2.9692 3.7959, -0.5046 -3.0367 3.8252, -0.4096 -3.0326 3.7622, -0.0806 -2.9495 3.4199, -0.0825 -2.9496 3.4235, -0.2265 -3.0238 3.6089, -0.1874 -2.9561 3.5656, -0.2266 -3.0238 3.609, -0.2287 -2.9583 3.6069, -0.3581 -3.0303 3.728, -0.313 -2.9627 3.6912, -0.4097 -2.9671 3.7624, -0.1145 -3.0172 3.4717, -0.0829 -3.015 3.4185, -0.0012 -2.9435 3.27, -0.0252 -3.011 3.3214, 0.0227 -3.0066 3.2046, 0.0803 -2.9997 3.0012, 0.0937 -2.9903 2.7356, 0.0947 -2.9248 2.7357, 0.0982 -2.9262 2.7729, 0.0979 -2.9937 2.8303, 0.0817 -2.9197 2.5974, 0.0901 -2.9873 2.6549, 0.0575 -2.916 2.5, 0.0595 -2.9815 2.4995, 0.0558 -2.9808 2.4809, 0.0389 -2.9131 2.425, -0.0232 -2.9072 2.2755, -0.0041 -2.9742 2.314, -0.0244 -2.9727 2.2763, -0.029 -2.9067 2.2617, -0.1189 -2.9004 2.1126, -0.0871 -2.9679 2.1598, -0.1506 -2.8988 2.0739, -0.151 -2.9643 2.0741, -0.2267 -2.8947 1.9815, -0.1894 -2.9621 2.0226, -0.3076 -2.9566 1.9041, -0.511 -2.948 1.7654, -0.51 -2.8825 1.7637, -0.4936 -2.8832 1.7716, -0.4446 -2.9507 1.8014, -0.6522 -2.8768 1.6954, -0.5987 -2.9444 1.7179, -0.7301 -2.8737 1.6715, -0.7299 -2.9392 1.6704, -0.7654 -2.9378 1.6576, -0.8219 -2.8702 1.6433, -0.9635 -2.8649 1.6223, -0.9393 -2.9313 1.6229, -0.9633 -2.9304 1.6218, -0.997 -2.8637 1.6173, -1.1716 -2.8574 1.6175, -1.1146 -2.9249 1.6146, -1.2019 -2.8564 1.622, -1.2019 -2.9219 1.6233, -1.3401 -2.8516 1.6426, -1.2855 -2.919 1.6317, -1.4354 -2.8484 1.6711, -1.4361 -2.9139 1.6691, -1.5006 -2.8461 1.6906, -1.4479 -2.9135 1.6721, -1.6558 -2.8402 1.7626, -1.6061 -2.9077 1.7365, -1.6544 -2.9056 1.765, -1.6567 -2.8401 1.763, -1.8035 -2.8338 1.8596, -1.7566 -2.9014 1.8253, -1.8502 -2.8969 1.9014, -1.85 -2.8315 1.9014, -1.8941 -2.8949 1.937, -1.9355 -2.8272 1.9781, -2.0145 -2.8226 2.0741, -2.0135 -2.8883 2.0683, -2.0164 -2.8881 2.0725, -2.0481 -2.8207 2.1149, -2.1381 -2.8144 2.265, -2.1111 -2.8819 2.2145, -2.1424 -2.814 2.2754, -2.1404 -2.8795 2.2764, -2.2036 -2.8085 2.4229, -2.1847 -2.8759 2.3703, -2.2232 -2.8059 2.5, -2.2243 -2.8715 2.4998, -2.2449 -2.8031 2.585, -2.2337 -2.8704 2.5306, -2.2598 -2.8646 2.6987, -2.2469 -2.8547 2.9737, -2.2477 -2.7892 2.9737, -2.256 -2.7908 2.9308, -2.2612 -2.8584 2.8731, -2.2224 -2.7843 3.105, -2.2363 -2.8519 3.0483, -2.1872 -2.7804 3.2044, -2.1893 -2.8458 3.2052, -2.1854 -2.8453 3.2184, -2.1632 -2.7777 3.2721, -2.0845 -2.7717 3.4198, -2.1102 -2.8389 3.3777, -2.0829 -2.8372 3.4186, -2.0807 -2.7714 3.4269, -1.9787 -2.7655 3.5647, -2.0142 -2.8329 3.5214, -1.9368 -2.7635 3.6071, -1.9368 -2.829 3.6073, -1.861 -2.76 3.6836, -1.9018 -2.8273 3.6461, -1.7716 -2.8216 3.7546, -1.5472 -2.8124 3.8776, -1.5479 -2.7469 3.8792, -1.5711 -2.7478 3.8707, -1.6232 -2.8154 3.8455, -1.4047 -2.7413 3.9316, -1.4604 -2.8089 3.9144, -1.3198 -2.7381 3.9489, -1.3199 -2.8036 3.9503, -1.2883 -2.8024 3.9583, -1.2308 -2.7347 3.9671, -1.0826 -2.7293 3.9747, -1.1128 -2.7959 3.976, -1.0828 -2.7948 3.9746, -1.0554 -2.7284 3.9761, -0.4097 -2.7701 3.7622, -0.4082 -2.7046 3.7644, -0.4127 -2.7048 3.7679, -0.8841 -2.7224 3.9596, -0.9397 -2.7898 3.9677, -0.8454 -2.7211 3.9501, -0.8455 -2.7866 3.9493, -0.7214 -2.7169 3.9198, -0.7744 -2.7842 3.9354, -0.6179 -2.7131 3.8781, -0.617 -2.7786 3.8805, -0.5634 -2.7111 3.8561, -0.6149 -2.7786 3.8798, -0.461 -2.7724 3.7996, -0.2748 -2.6983 3.6569, -0.3183 -2.766 3.6957, -0.2289 -2.6958 3.6069, -0.2286 -2.7613 3.6071, -0.1919 -2.7594 3.5709, -0.1548 -2.6918 3.5261, -0.0825 -2.687 3.4186, -0.0862 -2.7529 3.4294, -0.081 -2.7525 3.4197, -0.0565 -2.6854 3.3801, 0.0178 -2.6793 3.2243, -0.004 -2.7468 3.2763, 0.0237 -2.6787 3.2051, 0.0221 -2.7442 3.2045, 0.0674 -2.6738 3.0641, 0.0537 -2.7411 3.1174, 0.0818 -2.6707 2.9737, 0.0835 -2.7362 2.9739, 0.0941 -2.6681 2.8964, 0.0879 -2.7355 2.9526, 0.0983 -2.7294 2.7798, 0.0576 -2.719 2.5, 0.0582 -2.6535 2.5, 0.072 -2.6554 2.547, 0.0829 -2.723 2.6042, 0.0218 -2.6488 2.3767, 0.0411 -2.7164 2.4317, -0.0251 -2.6447 2.2764, -0.0228 -2.7102 2.2753, -0.0258 -2.7099 2.268, -0.0528 -2.6424 2.217, -0.1484 -2.6363 2.0727, -0.1149 -2.7037 2.1183, -0.1487 -2.6363 2.0723, -0.1508 -2.7018 2.074, -0.2605 -2.6307 1.9473, -0.2219 -2.698 1.9865, -0.3152 -2.6283 1.9014, -0.3148 -2.6938 1.9007, -0.3901 -2.625 1.8385, -0.3452 -2.6925 1.8727, -0.4875 -2.6864 1.7751, -0.7301 -2.6768 1.6715, -0.7296 -2.6113 1.6702, -0.7004 -2.6124 1.6778, -0.6458 -2.68 1.698, -0.8722 -2.6058 1.6331, -0.8152 -2.6735 1.6449, -0.9635 -2.6025 1.6235, -0.9634 -2.6679 1.6219, -0.9901 -2.6669 1.6178, -1.0478 -2.5994 1.6147, -1.2021 -2.5939 1.6215, -1.1647 -2.6607 1.617, -1.2019 -2.6594 1.6223, -1.2212 -2.5932 1.6223, -1.387 -2.5876 1.6541, -1.3333 -2.6549 1.6411, -1.4354 -2.5859 1.6708, -1.4355 -2.6514 1.671, -1.5463 -2.582 1.709, -1.4941 -2.6494 1.6881, -1.6506 -2.6434 1.7597, -1.8499 -2.6345 1.9015, -1.8515 -2.569 1.8997, -1.8433 -2.5694 1.8917, -1.7979 -2.6371 1.8554, -1.9702 -2.5628 2.016, -1.9307 -2.6305 1.9731, -2.0141 -2.5602 2.0742, -2.0147 -2.6256 2.074, -2.0441 -2.624 2.1092, -2.0766 -2.5564 2.1572, -2.1411 -2.5516 2.2762, -2.1349 -2.6177 2.2588, -2.142 -2.617 2.2756, -2.1595 -2.5502 2.3101, -2.2179 -2.5445 2.4692, -2.2013 -2.6118 2.4163, -2.2243 -2.5435 2.4996, -2.2232 -2.609 2.5, -2.2527 -2.5389 2.6335, -2.2437 -2.6063 2.5782, -2.2592 -2.5353 2.7357, -2.2614 -2.6009 2.7356, -2.2637 -2.5329 2.806, -2.2629 -2.6004 2.7487, -2.2568 -2.5941 2.9239, -2.2079 -2.5199 3.1542, -2.2243 -2.5875 3.0983, -2.1876 -2.5179 3.2044, -2.1873 -2.5834 3.2045, -2.1416 -2.5134 3.3183, -2.166 -2.581 3.2658, -2.0825 -2.5092 3.4186, -2.0849 -2.5747 3.42, -2.0844 -2.5746 3.421, -2.0531 -2.5071 3.4686, -1.9463 -2.5014 3.601, -1.9833 -2.5687 3.5595, -1.9382 -2.501 3.6085, -1.9367 -2.5665 3.607, -1.8236 -2.4959 3.7151, -1.8662 -2.5633 3.679, -1.7556 -2.493 3.7621, -1.7562 -2.5585 3.7632, -1.6818 -2.4899 3.8131, -1.7304 -2.5574 3.7829, -1.5774 -2.5511 3.8678, -1.3197 -2.5411 3.9489, -1.3201 -2.4756 3.9501, -1.355 -2.4769 3.9446, -1.4114 -2.5446 3.9297, -1.18 -2.4704 3.9724, -1.2377 -2.538 3.9662, -1.0826 -2.4669 3.9732, -1.0826 -2.5324 3.975, -1.0623 -2.5316 3.9762, -1.0052 -2.4641 3.9738, -0.6754 -2.4528 3.9039, -0.7281 -2.5202 3.9219, -0.6181 -2.4506 3.878, -0.6179 -2.5161 3.8782, -0.5188 -2.4469 3.8331, -0.5697 -2.5144 3.8591, -0.4184 -2.5081 3.7719, -0.229 -2.4988 3.6068, -0.2275 -2.4333 3.6083, -0.2381 -2.434 3.6209, -0.2799 -2.5016 3.6616, -0.124 -2.4274 3.4852, -0.1591 -2.495 3.5315, -0.0831 -2.4246 3.4184, -0.0822 -2.4901 3.4188, -0.06 -2.4886 3.3861, -0.0325 -2.4211 3.3358, 0.0658 -2.4771 3.0708, 0.0819 -2.4737 2.9736, 0.0775 -2.4097 3.0166, 0.0825 -2.4083 2.9739, 0.0346 -2.4152 3.1783, -1.0701 -2.4016 1.6142, -0.9632 -2.4016 1.6202, -1.0408 -2.4026 1.6149, -0.9635 -2.4055 1.6235, -0.8654 -2.4091 1.6343, -0.7291 -2.4016 1.6683, -0.7297 -2.4143 1.6705, -0.5095 -2.4016 1.7626, -0.5103 -2.423 1.7639, -0.5318 -2.4221 1.7505, -0.6938 -2.4157 1.68, -0.3845 -2.4283 1.8426, -0.3133 -2.4016 1.8991, -0.3153 -2.4313 1.9014, -0.0223 -2.4016 2.2751, -0.0249 -2.4478 2.2763, -0.0494 -2.4456 2.2231, -0.1487 -2.4016 2.0723, -0.1442 -2.4395 2.0782, -0.1491 -2.4393 2.0727, -0.2555 -2.434 1.9521, 0.0242 -2.4521 2.3832, 0.0607 -2.4016 2.4992, 0.058 -2.4566 2.5, 0.0973 -2.4038 2.8465, 0.0935 -2.4713 2.9033, 0.0984 -2.4016 2.7827, 0.0965 -2.4654 2.7354, 0.0969 -2.4016 2.7355, 0.0966 -2.4651 2.7291, 0.0735 -2.4586 2.5538, -1.0827 -2.4016 3.5039, -0.8993 -2.4016 3.4798, -0.925 -3.7402 3.4862, -0.7283 -2.4016 3.409, -0.7752 -3.7402 3.4338, -0.9001 -3.7402 3.4775, -0.5816 -2.4016 3.2964, -0.6408 -3.7402 3.3493, -0.7305 -3.7402 3.4056, -0.469 -2.4016 3.1496, -0.5286 -3.7402 3.2371, -0.5847 -3.7402 3.2932, -0.3982 -2.4016 2.9787, -0.4442 -3.7402 3.1028, -0.4723 -3.7402 3.1475, -0.374 -2.4016 2.7953, -0.3918 -3.7402 2.953, -0.4005 -3.7402 2.9779, -0.3982 -2.4016 2.6119, -0.3918 -3.7402 2.6376, -0.374 -3.7402 2.7953, -0.469 -2.4016 2.4409, -0.4442 -3.7402 2.4878, -0.4005 -3.7402 2.6127, -0.5816 -2.4016 2.2942, -0.5286 -3.7402 2.3534, -0.4723 -3.7402 2.4431, -0.7283 -2.4016 2.1816, -0.6408 -3.7402 2.2412, -0.5847 -3.7402 2.2973, -0.8993 -2.4016 2.1108, -0.7752 -3.7402 2.1568, -0.7305 -3.7402 2.1849, -1.0827 -2.4016 2.0866, -0.925 -3.7402 2.1044, -0.9001 -3.7402 2.1131, -1.2661 -2.4016 2.1108, -1.2404 -3.7402 2.1044, -1.0827 -3.7402 2.0866, -1.437 -2.4016 2.1816, -1.3902 -3.7402 2.1568, -1.2653 -3.7402 2.1131, -1.5838 -2.4016 2.2942, -1.5245 -3.7402 2.2412, -1.4349 -3.7402 2.1849, -1.6964 -2.4016 2.4409, -1.6367 -3.7402 2.3534, -1.5806 -3.7402 2.2973, -1.7672 -2.4016 2.6119, -1.7212 -3.7402 2.4878, -1.693 -3.7402 2.4431, -1.7913 -2.4016 2.7953, -1.7736 -3.7402 2.6376, -1.7649 -3.7402 2.6127, -1.7672 -2.4016 2.9787, -1.7736 -3.7402 2.953, -1.7913 -3.7402 2.7953, -1.6964 -2.4016 3.1496, -1.7212 -3.7402 3.1028, -1.7649 -3.7402 2.9779, -1.5838 -2.4016 3.2964, -1.6367 -3.7402 3.2371, -1.693 -3.7402 3.1475, -1.437 -2.4016 3.409, -1.5245 -3.7402 3.3493, -1.5806 -3.7402 3.2932, -1.2661 -2.4016 3.4798, -1.3902 -3.7402 3.4338, -1.4349 -3.7402 3.4056, -1.0827 -3.7402 3.5039, -1.2404 -3.7402 3.4862, -1.2653 -3.7402 3.4775
            ]
        }
        coordIndex [
            0,1,2,-1,2,1,3,-1,2,3,4,-1,4,3,5,-1,4,5,6,-1,6,5,7,-1,6,7,8,-1,8,7,9,-1,8,9,10,-1,10,9,11,-1,10,11,12,-1,12,11,13,-1,12,13,14,-1,14,13,15,-1,14,15,16,-1,16,15,17,-1,16,17,18,-1,18,17,19,-1,20,21,22,-1,22,21,23,-1,22,23,24,-1,24,23,25,-1,24,25,26,-1,26,25,27,-1,26,27,28,-1,28,27,29,-1,28,29,30,-1,30,29,31,-1,30,31,32,-1,32,31,33,-1,32,33,34,-1,34,33,35,-1,34,35,36,-1,36,35,37,-1,36,37,38,-1,38,37,39,-1,38,39,0,-1,0,39,40,-1,0,40,1,-1,19,41,18,-1,18,41,42,-1,18,42,43,-1,43,42,44,-1,43,44,45,-1,45,44,46,-1,45,46,47,-1,47,46,48,-1,47,48,49,-1,49,48,50,-1,49,50,51,-1,51,50,52,-1,51,52,53,-1,53,52,54,-1,53,54,55,-1,55,54,56,-1,55,56,57,-1,57,56,58,-1,57,58,20,-1,20,58,59,-1,20,59,21,-1,60,61,62,-1,63,64,65,-1,66,67,68,-1,68,67,69,-1,70,71,72,-1,73,74,75,-1,76,77,78,-1,79,80,81,-1,82,83,84,-1,85,86,87,-1,88,89,90,-1,91,92,93,-1,94,95,96,-1,97,98,99,-1,100,101,102,-1,103,104,105,-1,106,107,108,-1,109,110,111,-1,111,110,112,-1,113,114,115,-1,115,114,116,-1,117,118,119,-1,119,118,120,-1,121,122,123,-1,124,125,126,-1,126,125,127,-1,128,129,130,-1,131,132,133,-1,134,135,136,-1,137,138,139,-1,140,141,142,-1,143,144,145,-1,145,144,146,-1,147,148,149,-1,150,151,152,-1,153,154,155,-1,156,157,158,-1,159,160,161,-1,162,163,164,-1,165,166,167,-1,167,166,168,-1,167,168,169,-1,169,168,170,-1,169,170,171,-1,165,167,172,-1,172,167,173,-1,172,173,174,-1,174,173,175,-1,175,173,176,-1,175,176,177,-1,178,179,180,-1,178,180,176,-1,176,180,181,-1,176,181,177,-1,179,178,182,-1,182,178,183,-1,182,183,184,-1,185,186,187,-1,185,187,188,-1,187,189,188,-1,188,189,190,-1,188,190,183,-1,183,190,191,-1,183,191,184,-1,186,185,192,-1,192,185,193,-1,192,193,194,-1,193,195,194,-1,194,195,196,-1,194,196,197,-1,197,196,198,-1,196,199,198,-1,198,199,200,-1,198,200,201,-1,201,200,202,-1,202,200,203,-1,202,203,163,-1,163,203,204,-1,163,204,164,-1,162,164,160,-1,160,164,205,-1,160,205,161,-1,206,207,208,-1,159,161,208,-1,208,161,209,-1,208,209,206,-1,207,206,210,-1,210,206,211,-1,210,211,212,-1,211,213,212,-1,212,213,214,-1,212,214,215,-1,215,214,216,-1,214,217,216,-1,216,217,218,-1,216,218,219,-1,219,218,220,-1,220,218,221,-1,220,221,222,-1,222,221,223,-1,222,223,224,-1,224,223,225,-1,224,225,157,-1,157,225,226,-1,157,226,158,-1,227,228,229,-1,156,158,229,-1,229,158,230,-1,229,230,227,-1,228,227,231,-1,231,227,232,-1,231,232,233,-1,232,234,233,-1,233,234,235,-1,233,235,236,-1,236,235,237,-1,235,238,237,-1,237,238,239,-1,237,239,240,-1,240,239,241,-1,241,239,242,-1,241,242,243,-1,243,242,244,-1,243,244,245,-1,245,244,246,-1,245,246,247,-1,247,246,248,-1,247,248,249,-1,249,248,250,-1,249,250,251,-1,250,252,251,-1,251,252,253,-1,251,253,254,-1,254,253,255,-1,253,256,255,-1,255,256,257,-1,255,257,258,-1,258,257,259,-1,258,259,260,-1,260,259,261,-1,259,262,261,-1,261,262,263,-1,261,263,264,-1,264,263,265,-1,265,263,266,-1,265,266,267,-1,267,266,268,-1,267,268,269,-1,269,268,270,-1,269,270,271,-1,271,270,272,-1,271,272,273,-1,273,272,274,-1,273,274,154,-1,154,274,275,-1,154,275,155,-1,276,277,278,-1,153,155,278,-1,278,155,279,-1,278,279,276,-1,277,276,280,-1,280,276,281,-1,280,281,282,-1,281,283,282,-1,282,283,284,-1,282,284,285,-1,285,284,286,-1,284,287,286,-1,286,287,288,-1,286,288,289,-1,289,288,290,-1,290,288,291,-1,290,291,292,-1,292,291,293,-1,292,293,294,-1,294,293,295,-1,294,295,151,-1,151,295,296,-1,151,296,152,-1,297,298,299,-1,150,152,299,-1,299,152,300,-1,299,300,297,-1,298,297,301,-1,301,297,302,-1,301,302,303,-1,302,304,303,-1,303,304,305,-1,303,305,306,-1,306,305,307,-1,305,308,307,-1,307,308,309,-1,307,309,310,-1,310,309,311,-1,311,309,312,-1,311,312,313,-1,313,312,314,-1,313,314,315,-1,315,314,316,-1,315,316,317,-1,317,316,318,-1,317,318,319,-1,319,318,320,-1,319,320,321,-1,320,322,321,-1,321,322,323,-1,321,323,324,-1,324,323,325,-1,323,326,325,-1,325,326,327,-1,325,327,328,-1,328,327,329,-1,328,329,330,-1,330,329,331,-1,329,332,331,-1,331,332,333,-1,331,333,334,-1,334,333,335,-1,335,333,336,-1,335,336,337,-1,337,336,338,-1,337,338,339,-1,339,338,340,-1,339,340,341,-1,341,340,342,-1,341,342,343,-1,343,342,344,-1,343,344,148,-1,148,344,345,-1,148,345,149,-1,346,347,348,-1,147,149,348,-1,348,149,349,-1,348,349,346,-1,347,346,350,-1,350,346,351,-1,350,351,352,-1,352,351,353,-1,352,353,354,-1,146,144,354,-1,354,144,355,-1,354,355,352,-1,143,145,356,-1,356,145,357,-1,356,357,358,-1,358,357,359,-1,358,359,360,-1,360,359,361,-1,360,361,141,-1,141,361,362,-1,141,362,142,-1,363,364,365,-1,140,142,365,-1,365,142,366,-1,365,366,363,-1,364,363,367,-1,367,363,368,-1,367,368,369,-1,369,368,370,-1,369,370,371,-1,137,139,371,-1,371,139,372,-1,371,372,369,-1,373,374,375,-1,375,374,376,-1,373,375,138,-1,138,375,377,-1,138,377,139,-1,376,374,378,-1,378,374,379,-1,378,379,135,-1,135,379,380,-1,135,380,136,-1,381,382,383,-1,134,136,383,-1,383,136,384,-1,383,384,381,-1,382,381,385,-1,385,381,386,-1,385,386,387,-1,387,386,388,-1,387,388,389,-1,131,133,389,-1,389,133,390,-1,389,390,387,-1,391,392,393,-1,393,392,394,-1,391,393,132,-1,132,393,395,-1,132,395,133,-1,394,392,396,-1,396,392,397,-1,396,397,398,-1,398,397,399,-1,398,399,400,-1,400,399,401,-1,400,401,402,-1,401,403,402,-1,402,403,404,-1,402,404,405,-1,405,404,406,-1,406,404,407,-1,406,407,408,-1,408,407,409,-1,408,409,410,-1,410,409,411,-1,410,411,412,-1,411,413,412,-1,412,413,414,-1,412,414,415,-1,415,414,416,-1,416,414,417,-1,416,417,418,-1,418,417,419,-1,418,419,420,-1,420,419,421,-1,420,421,422,-1,422,421,423,-1,422,423,424,-1,424,423,425,-1,424,425,129,-1,129,425,426,-1,129,426,130,-1,128,130,427,-1,427,130,428,-1,427,428,429,-1,429,428,430,-1,429,430,431,-1,431,430,432,-1,431,432,433,-1,433,432,434,-1,433,434,435,-1,127,125,435,-1,435,125,436,-1,435,436,433,-1,437,438,439,-1,124,126,439,-1,439,126,440,-1,439,440,437,-1,438,437,441,-1,441,437,442,-1,441,442,122,-1,122,442,443,-1,122,443,123,-1,444,445,446,-1,121,123,446,-1,446,123,447,-1,446,447,444,-1,445,444,448,-1,448,444,449,-1,448,449,450,-1,450,449,451,-1,450,451,452,-1,120,118,452,-1,452,118,453,-1,452,453,450,-1,454,455,456,-1,117,119,456,-1,456,119,457,-1,456,457,454,-1,455,454,458,-1,458,454,459,-1,458,459,460,-1,460,459,461,-1,460,461,462,-1,462,461,463,-1,462,463,464,-1,463,465,464,-1,464,465,466,-1,464,466,467,-1,467,466,468,-1,468,466,469,-1,468,469,470,-1,470,469,471,-1,470,471,472,-1,472,471,473,-1,472,473,474,-1,474,473,475,-1,474,475,476,-1,477,478,479,-1,479,478,480,-1,477,479,476,-1,476,479,481,-1,476,481,474,-1,480,478,482,-1,482,478,483,-1,482,483,484,-1,484,483,485,-1,484,485,486,-1,486,485,487,-1,486,487,488,-1,487,489,488,-1,488,489,490,-1,488,490,491,-1,491,490,492,-1,492,490,493,-1,492,493,494,-1,494,493,495,-1,494,495,496,-1,496,495,497,-1,496,497,498,-1,498,497,499,-1,498,499,500,-1,501,502,503,-1,503,502,504,-1,501,503,500,-1,500,503,505,-1,500,505,498,-1,504,502,506,-1,506,502,507,-1,506,507,508,-1,508,507,509,-1,508,509,510,-1,510,509,511,-1,510,511,512,-1,511,513,512,-1,512,513,514,-1,512,514,515,-1,515,514,516,-1,516,514,517,-1,516,517,518,-1,518,517,519,-1,518,519,520,-1,520,519,521,-1,520,521,522,-1,522,521,523,-1,522,523,524,-1,116,114,524,-1,524,114,525,-1,524,525,522,-1,526,527,528,-1,113,115,528,-1,528,115,529,-1,528,529,526,-1,527,526,530,-1,530,526,531,-1,530,531,532,-1,531,533,532,-1,532,533,534,-1,532,534,535,-1,535,534,536,-1,534,537,536,-1,536,537,538,-1,536,538,539,-1,539,538,540,-1,540,538,541,-1,540,541,542,-1,542,541,543,-1,542,543,544,-1,112,110,544,-1,544,110,545,-1,544,545,542,-1,546,547,548,-1,109,111,548,-1,548,111,549,-1,548,549,546,-1,547,546,550,-1,550,546,551,-1,550,551,552,-1,552,551,553,-1,552,553,554,-1,554,553,555,-1,554,555,556,-1,555,557,556,-1,556,557,558,-1,556,558,559,-1,560,561,562,-1,559,558,563,-1,563,558,564,-1,563,564,565,-1,565,564,566,-1,565,566,567,-1,567,566,568,-1,567,568,107,-1,107,568,569,-1,107,569,108,-1,106,108,562,-1,562,108,570,-1,562,570,560,-1,561,560,571,-1,571,560,572,-1,571,572,573,-1,573,572,574,-1,573,574,575,-1,575,574,576,-1,575,576,577,-1,576,578,577,-1,577,578,579,-1,577,579,580,-1,580,579,581,-1,581,579,582,-1,581,582,583,-1,583,582,584,-1,583,584,585,-1,585,584,586,-1,585,586,104,-1,104,586,587,-1,104,587,105,-1,103,105,101,-1,101,105,588,-1,101,588,102,-1,100,102,589,-1,589,102,590,-1,589,590,591,-1,592,593,594,-1,594,593,595,-1,594,595,596,-1,596,595,597,-1,596,597,598,-1,598,597,599,-1,598,599,591,-1,591,599,600,-1,591,600,589,-1,594,601,592,-1,592,601,602,-1,592,602,603,-1,603,602,604,-1,603,604,98,-1,98,604,605,-1,98,605,99,-1,97,99,95,-1,95,99,606,-1,95,606,96,-1,607,608,609,-1,94,96,609,-1,609,96,610,-1,609,610,607,-1,608,607,611,-1,611,607,612,-1,611,612,613,-1,612,614,613,-1,613,614,615,-1,613,615,616,-1,616,615,617,-1,615,618,617,-1,617,618,619,-1,617,619,620,-1,620,619,621,-1,621,619,622,-1,621,622,623,-1,623,622,624,-1,623,624,625,-1,625,624,626,-1,625,626,92,-1,92,626,627,-1,92,627,93,-1,628,629,630,-1,91,93,630,-1,630,93,631,-1,630,631,628,-1,629,628,632,-1,632,628,633,-1,632,633,634,-1,633,635,634,-1,634,635,636,-1,634,636,637,-1,637,636,638,-1,636,639,638,-1,638,639,640,-1,638,640,641,-1,641,640,642,-1,642,640,643,-1,642,643,644,-1,644,643,645,-1,644,645,646,-1,646,645,647,-1,646,647,648,-1,648,647,649,-1,648,649,650,-1,650,649,651,-1,650,651,652,-1,651,653,652,-1,652,653,654,-1,652,654,655,-1,655,654,656,-1,654,657,656,-1,656,657,658,-1,656,658,659,-1,659,658,660,-1,659,660,661,-1,661,660,662,-1,660,663,662,-1,662,663,664,-1,662,664,665,-1,665,664,666,-1,666,664,667,-1,666,667,668,-1,668,667,669,-1,668,669,670,-1,670,669,671,-1,670,671,672,-1,672,671,673,-1,672,673,674,-1,674,673,675,-1,674,675,89,-1,89,675,676,-1,89,676,90,-1,677,678,679,-1,88,90,679,-1,679,90,680,-1,679,680,677,-1,678,677,681,-1,681,677,682,-1,681,682,683,-1,682,684,683,-1,683,684,685,-1,683,685,686,-1,686,685,687,-1,685,688,687,-1,687,688,689,-1,687,689,690,-1,690,689,691,-1,691,689,692,-1,691,692,693,-1,693,692,694,-1,693,694,695,-1,695,694,696,-1,695,696,86,-1,86,696,697,-1,86,697,87,-1,698,699,700,-1,85,87,700,-1,700,87,701,-1,700,701,698,-1,699,698,702,-1,702,698,703,-1,702,703,704,-1,703,705,704,-1,704,705,706,-1,704,706,707,-1,707,706,708,-1,706,709,708,-1,708,709,710,-1,708,710,711,-1,712,713,714,-1,711,710,715,-1,715,710,716,-1,715,716,717,-1,717,716,718,-1,717,718,719,-1,719,718,720,-1,719,720,721,-1,721,720,722,-1,721,722,723,-1,723,722,724,-1,723,724,714,-1,714,724,725,-1,714,725,712,-1,713,712,726,-1,726,712,727,-1,726,727,728,-1,727,729,728,-1,728,729,730,-1,728,730,731,-1,731,730,732,-1,730,733,732,-1,732,733,734,-1,732,734,735,-1,735,734,736,-1,736,734,737,-1,736,737,738,-1,738,737,739,-1,738,739,740,-1,740,739,741,-1,740,741,742,-1,742,741,743,-1,742,743,744,-1,744,743,745,-1,744,745,83,-1,83,745,746,-1,83,746,84,-1,747,748,749,-1,82,84,749,-1,749,84,750,-1,749,750,747,-1,748,747,751,-1,751,747,752,-1,751,752,753,-1,752,754,753,-1,753,754,755,-1,753,755,756,-1,756,755,757,-1,757,755,758,-1,757,758,759,-1,759,758,760,-1,759,760,761,-1,761,760,762,-1,761,762,763,-1,763,762,764,-1,763,764,765,-1,765,764,766,-1,765,766,80,-1,80,766,767,-1,80,767,81,-1,768,769,770,-1,79,81,770,-1,770,81,771,-1,770,771,768,-1,769,768,772,-1,772,768,773,-1,772,773,774,-1,773,775,774,-1,774,775,776,-1,774,776,777,-1,777,776,778,-1,776,779,778,-1,778,779,780,-1,778,780,781,-1,781,780,782,-1,782,780,783,-1,782,783,784,-1,784,783,785,-1,784,785,786,-1,786,785,787,-1,786,787,77,-1,77,787,788,-1,77,788,78,-1,789,790,791,-1,76,78,791,-1,791,78,792,-1,791,792,789,-1,790,789,793,-1,793,789,794,-1,793,794,795,-1,794,796,795,-1,795,796,797,-1,795,797,798,-1,798,797,799,-1,797,800,799,-1,799,800,801,-1,799,801,802,-1,802,801,803,-1,803,801,804,-1,803,804,805,-1,805,804,806,-1,805,806,807,-1,807,806,808,-1,807,808,809,-1,809,808,810,-1,809,810,811,-1,811,810,812,-1,811,812,74,-1,74,812,813,-1,74,813,75,-1,73,75,814,-1,814,75,815,-1,814,815,816,-1,816,815,817,-1,816,817,818,-1,818,817,819,-1,818,819,820,-1,819,821,820,-1,820,821,822,-1,820,822,823,-1,823,822,824,-1,824,822,825,-1,824,825,826,-1,826,825,827,-1,826,827,828,-1,828,827,829,-1,828,829,830,-1,830,829,831,-1,830,831,832,-1,832,831,833,-1,832,833,71,-1,71,833,834,-1,71,834,72,-1,835,836,837,-1,70,72,837,-1,837,72,838,-1,837,838,835,-1,836,835,839,-1,839,835,840,-1,839,840,841,-1,841,840,842,-1,841,842,843,-1,69,67,843,-1,843,67,844,-1,843,844,841,-1,66,68,845,-1,845,68,846,-1,845,846,847,-1,847,846,848,-1,847,848,849,-1,849,848,850,-1,849,850,64,-1,64,850,851,-1,64,851,65,-1,852,853,854,-1,63,65,854,-1,854,65,855,-1,854,855,852,-1,853,852,856,-1,856,852,857,-1,856,857,858,-1,858,857,859,-1,858,859,860,-1,60,62,860,-1,860,62,861,-1,860,861,858,-1,862,863,864,-1,864,863,865,-1,862,864,61,-1,61,864,866,-1,61,866,62,-1,867,868,869,-1,869,868,870,-1,870,868,871,-1,871,868,872,-1,871,872,873,-1,874,875,876,-1,874,876,872,-1,872,876,877,-1,872,877,873,-1,875,874,878,-1,878,874,879,-1,878,879,880,-1,881,882,883,-1,881,883,884,-1,883,885,884,-1,884,885,886,-1,884,886,879,-1,879,886,887,-1,879,887,880,-1,882,881,888,-1,888,881,889,-1,888,889,890,-1,865,863,891,-1,891,863,892,-1,891,892,893,-1,893,892,894,-1,893,894,895,-1,895,894,896,-1,895,896,889,-1,889,896,897,-1,889,897,890,-1,898,899,900,-1,901,902,899,-1,899,902,903,-1,899,903,900,-1,904,905,901,-1,901,905,906,-1,901,906,902,-1,907,908,904,-1,904,908,909,-1,904,909,905,-1,910,911,907,-1,907,911,912,-1,907,912,908,-1,913,914,910,-1,910,914,915,-1,910,915,911,-1,916,917,913,-1,913,917,918,-1,913,918,914,-1,919,920,916,-1,916,920,921,-1,916,921,917,-1,922,923,919,-1,919,923,924,-1,919,924,920,-1,925,926,922,-1,922,926,927,-1,922,927,923,-1,928,929,925,-1,925,929,930,-1,925,930,926,-1,931,932,928,-1,928,932,933,-1,928,933,929,-1,934,935,931,-1,931,935,936,-1,931,936,932,-1,937,938,934,-1,934,938,939,-1,934,939,935,-1,940,941,937,-1,937,941,942,-1,937,942,938,-1,943,944,940,-1,940,944,945,-1,940,945,941,-1,946,947,943,-1,943,947,948,-1,943,948,944,-1,949,950,946,-1,946,950,951,-1,946,951,947,-1,952,953,949,-1,949,953,954,-1,949,954,950,-1,955,956,952,-1,952,956,957,-1,952,957,953,-1,958,959,955,-1,955,959,960,-1,955,960,956,-1,961,962,958,-1,958,962,963,-1,958,963,959,-1,964,965,961,-1,961,965,966,-1,961,966,962,-1,900,967,898,-1,898,967,968,-1,898,968,964,-1,964,968,969,-1,964,969,965,-1,
        ]
    }
}
Shape{
    appearance Appearance {
        material  Material 	{
            diffuseColor 0.25098039215686274 0.25098039215686274 0.25098039215686274
            specularColor 0.12549019607843137 0.12549019607843137 0.12549019607843137
            ambientIntensity 0.251
            transparency 0.0
            shininess 0.5
        }
    }
    geometry IndexedFaceSet {
        ccw TRUE
        solid FALSE
        coord DEF co Coordinate {
            point [
                -1.437 -2.4016 2.1816, -1.2661 -2.4016 2.1108, -1.0827 -2.4016 2.7953, -1.0827 -2.4016 2.0866, -0.8993 -2.4016 2.1108, -1.7672 -2.4016 2.6119, -1.6964 -2.4016 2.4409, -1.5838 -2.4016 2.2942, -1.6964 -2.4016 3.1496, -1.7672 -2.4016 2.9787, -1.7913 -2.4016 2.7953, -1.2661 -2.4016 3.4798, -1.437 -2.4016 3.409, -1.5838 -2.4016 3.2964, -0.7283 -2.4016 3.409, -0.8993 -2.4016 3.4798, -1.0827 -2.4016 3.5039, -0.3982 -2.4016 2.9787, -0.469 -2.4016 3.1496, -0.5816 -2.4016 3.2964, -0.469 -2.4016 2.4409, -0.3982 -2.4016 2.6119, -0.374 -2.4016 2.7953, -0.7283 -2.4016 2.1816, -0.5816 -2.4016 2.2942
            ]
        }
        coordIndex [
            0,1,2,-1,2,1,3,-1,2,3,4,-1,5,6,2,-1,2,6,7,-1,2,7,0,-1,8,9,2,-1,2,9,10,-1,2,10,5,-1,11,12,2,-1,2,12,13,-1,2,13,8,-1,14,15,2,-1,2,15,16,-1,2,16,11,-1,17,18,2,-1,2,18,19,-1,2,19,14,-1,20,21,2,-1,2,21,22,-1,2,22,17,-1,4,23,2,-1,2,23,24,-1,2,24,20,-1,
        ]
    }
}
Shape{
    appearance Appearance {
        material  Material 	{
            diffuseColor 1.0 1.0 1.0
            specularColor 0.5019607843137255 0.5019607843137255 0.5019607843137255
            ambientIntensity 1.0
            transparency 0.0
            shininess 0.5
        }
    }
    geometry IndexedFaceSet {
        ccw TRUE
        solid FALSE
        coord DEF co Coordinate {
            point [
                -0.3692 -3.919 1.9332, -0.3539 -3.9194 1.9464, -0.3903 -3.9764 1.9887, -0.0436 -3.9424 3.147, -0.0554 -3.9429 3.1757, -0.0859 -3.9764 3.1645, -0.4109 -3.9505 3.6522, -0.4617 -3.9511 3.6874, -0.4754 -3.9764 3.6677, -1.0745 -3.9558 3.8788, -1.0827 -3.9559 3.8784, -1.0827 -3.9764 3.8583, -1.2927 -3.9566 3.8572, -1.3005 -3.9566 3.8553, -1.2967 -3.9764 3.8365, -1.6978 -3.9558 3.6874, -1.7016 -3.9557 3.6845, -1.6899 -3.9764 3.6677, -1.732 -3.9555 3.662, -1.7706 -3.9551 3.6333, -1.8531 -3.9764 3.5276, -1.8506 -3.9541 3.5621, -1.8775 -3.9174 3.5872, -1.9045 -3.8806 3.6123, -1.891 -3.8797 3.6267, -1.9387 -3.8583 3.609, -1.804 -3.8747 3.7097, -1.7574 -3.8583 3.7647, -1.7833 -3.8736 3.7258, -1.5019 -3.9764 3.7721, -1.5097 -3.9566 3.7903, -1.5105 -3.9566 3.7899, -1.5762 -3.9564 3.758, -1.5977 -3.9563 3.7475, -1.6063 -3.9563 3.7434, -1.3894 -3.9567 3.8336, -1.4107 -3.9567 3.8271, -1.4494 -3.9567 3.8127, -1.1317 -3.9561 3.8762, -1.1805 -3.9563 3.874, -1.2856 -3.9566 3.8589, -0.84 -3.9545 3.8526, -0.8645 -3.9547 3.8568, -0.8687 -3.9764 3.8365, -0.9445 -3.9552 3.8706, -0.9631 -3.9553 3.872, -0.9722 -3.9553 3.8727, -1.0511 -3.9557 3.8785, -0.6635 -3.9764 3.7721, -0.6548 -3.9531 3.7924, -0.6717 -3.9533 3.7998, -0.6893 -3.9535 3.8074, -0.7378 -3.9538 3.8246, -0.8189 -3.9544 3.8468, -0.4982 -3.9516 3.7127, -0.5287 -3.9519 3.7297, -0.5911 -3.9526 3.7645, -0.2745 -3.9483 3.5267, -0.2922 -3.9486 3.5467, -0.3122 -3.9764 3.5276, -0.294 -3.9487 3.5487, -0.3463 -3.9495 3.5971, -0.3726 -3.9499 3.6215, -0.3941 -3.9502 3.6388, -0.1548 -3.9458 3.3736, -0.1609 -3.946 3.3834, -0.1806 -3.9764 3.3576, -0.1723 -3.9462 3.399, -0.2234 -3.9474 3.4692, -0.0839 -3.9439 3.2453, -0.0912 -3.9441 3.2592, -0.1339 -3.9453 3.34, -0.002 -3.9403 2.9955, -0.0131 -3.941 3.0452, -0.0319 -3.9764 2.9562, -0.0333 -3.9419 3.1125, 0.0081 -3.9393 2.9285, 0.0032 -3.9398 2.9609, 0.0031 -3.9398 2.9616, 0.0178 -3.9363 2.7395, 0.0196 -3.937 2.782, -0.021 -3.9764 2.7414, 0.0186 -3.9373 2.8009, 0.014 -3.9387 2.8889, -0.0237 -3.9314 2.474, -0.0111 -3.9323 2.5178, -0.0536 -3.9764 2.5288, -0.0103 -3.9323 2.5205, 0.0094 -3.9343 2.6265, 0.0106 -3.9345 2.6367, 0.015 -3.9352 2.6752, -0.1025 -3.9273 2.2698, -0.0851 -3.928 2.306, -0.1283 -3.9764 2.3271, -0.0792 -3.9283 2.3182, -0.0399 -3.9303 2.4176, -0.1563 -3.9252 2.1763, -0.2421 -3.9764 2.1446, -0.1587 -3.9251 2.1728, -0.2182 -3.9231 2.0891, -0.2136 -3.9233 2.0956, -0.2013 -3.9237 2.113, -0.3264 -3.9201 1.9701, -0.2882 -3.9211 2.0083, -0.2566 -3.922 2.0448, -0.5668 -3.9764 1.8659, -0.5375 -3.9146 1.813, -0.497 -3.9157 1.8362, -0.4088 -3.9179 1.8989, -0.8071 -3.9077 1.6989, -0.7445 -3.9093 1.7174, -0.7645 -3.9764 1.781, -0.7375 -3.9095 1.7194, -0.6472 -3.9118 1.7558, -0.6363 -3.9121 1.7601, -0.5907 -3.9132 1.7823, -0.9751 -3.9764 1.7377, -0.9399 -3.9044 1.6696, -0.8413 -3.9069 1.6888, -0.9738 -3.9035 1.665, -0.9678 -3.9037 1.6657, -0.9474 -3.9042 1.6682, -1.0051 -3.9027 1.6613, -1.0827 -3.9764 1.7323, -1.1141 -3.9 1.6563, -1.1423 -3.8993 1.6577, -1.1902 -3.9764 1.7377, -1.1981 -3.8979 1.6605, -1.4009 -3.9764 1.781, -1.4257 -3.8922 1.7019, -1.3864 -3.8932 1.6901, -1.329 -3.8946 1.6774, -1.307 -3.8952 1.6741, -1.2221 -3.8973 1.6617, -1.5985 -3.9764 1.8659, -1.6418 -3.886 1.788, -1.6191 -3.8867 1.7762, -1.594 -3.8875 1.7632, -1.4923 -3.8905 1.7219, -1.4645 -3.8912 1.7135, -1.903 -3.8764 1.9716, -1.8381 -3.8791 1.9154, -1.7751 -3.9764 1.9887, -1.8272 -3.8796 1.906, -1.7668 -3.8818 1.863, -1.7533 -3.8823 1.8533, -1.737 -3.8829 1.8417, -1.6913 -3.8845 1.8137, -1.9233 -3.9764 2.1446, -1.9863 -3.8726 2.0572, -1.9104 -3.8761 1.9779, -2.0273 -3.8705 2.1068, -2.0218 -3.8708 2.1002, -2.0058 -3.8716 2.0808, -2.0913 -3.8668 2.1972, -2.037 -3.9764 2.3271, -2.1186 -3.865 2.2448, -2.2048 -3.8583 2.4268, -2.194 -3.8593 2.3984, -2.1117 -3.9764 2.5288, -2.1917 -3.8595 2.3926, -2.1461 -3.8631 2.2926, -2.1376 -3.8637 2.2779, -1.4468 -3.8583 3.9189, -1.5485 -3.8583 3.8807, -1.4854 -3.8598 3.9026, -1.5468 -3.8624 3.8769, -1.7489 -3.8718 3.7526, -1.7182 -3.8702 3.7767, -1.6468 -3.8668 3.8222, -1.6429 -3.8666 3.8247, -1.6258 -3.8658 3.8356, -1.5477 -3.8624 3.8765, -2.2261 -3.8583 2.4992, -2.1443 -3.9764 2.7414, -2.2623 -3.8583 2.7355, -2.1334 -3.9764 2.9562, -2.2502 -3.8583 2.9741, -2.0795 -3.9764 3.1645, -2.1903 -3.8583 3.2055, -1.9848 -3.9764 3.3576, -2.085 -3.8583 3.42
            ]
        }
        coordIndex [
            0,1,2,-1,3,4,5,-1,6,7,8,-1,9,10,11,-1,12,13,14,-1,15,16,17,-1,16,18,17,-1,17,18,19,-1,17,19,20,-1,20,19,21,-1,20,21,22,-1,23,24,25,-1,25,24,26,-1,25,26,27,-1,27,26,28,-1,29,30,31,-1,31,32,29,-1,29,32,33,-1,29,33,17,-1,17,33,34,-1,17,34,15,-1,13,35,14,-1,14,35,36,-1,14,36,29,-1,29,36,37,-1,29,37,30,-1,10,38,11,-1,11,38,39,-1,11,39,14,-1,14,39,40,-1,14,40,12,-1,41,42,43,-1,43,42,44,-1,44,45,43,-1,43,45,46,-1,43,46,11,-1,11,46,47,-1,11,47,9,-1,48,49,50,-1,50,51,48,-1,48,51,52,-1,48,52,43,-1,43,52,53,-1,43,53,41,-1,7,54,8,-1,8,54,55,-1,8,55,48,-1,48,55,56,-1,48,56,49,-1,57,58,59,-1,59,58,60,-1,60,61,59,-1,59,61,62,-1,59,62,8,-1,8,62,63,-1,8,63,6,-1,64,65,66,-1,66,65,67,-1,66,67,59,-1,59,67,68,-1,59,68,57,-1,4,69,5,-1,5,69,70,-1,5,70,66,-1,66,70,71,-1,66,71,64,-1,72,73,74,-1,74,73,5,-1,5,73,75,-1,5,75,3,-1,76,77,74,-1,74,77,78,-1,74,78,72,-1,79,80,81,-1,81,80,82,-1,81,82,74,-1,74,82,83,-1,74,83,76,-1,84,85,86,-1,86,85,87,-1,87,88,86,-1,86,88,89,-1,86,89,81,-1,81,89,90,-1,81,90,79,-1,91,92,93,-1,93,92,94,-1,93,94,86,-1,86,94,95,-1,86,95,84,-1,91,93,96,-1,96,93,97,-1,96,97,98,-1,99,100,97,-1,97,100,101,-1,97,101,98,-1,1,102,2,-1,2,102,103,-1,2,103,97,-1,97,103,104,-1,97,104,99,-1,105,106,107,-1,105,107,2,-1,2,107,108,-1,2,108,0,-1,109,110,111,-1,111,110,112,-1,112,113,111,-1,111,113,114,-1,111,114,105,-1,105,114,115,-1,105,115,106,-1,116,117,111,-1,111,117,118,-1,111,118,109,-1,119,120,116,-1,116,120,121,-1,116,121,117,-1,119,116,122,-1,122,116,123,-1,122,123,124,-1,124,123,125,-1,125,123,126,-1,125,126,127,-1,128,129,130,-1,130,131,128,-1,128,131,132,-1,128,132,126,-1,126,132,133,-1,126,133,127,-1,134,135,136,-1,136,137,134,-1,134,137,138,-1,134,138,128,-1,128,138,139,-1,128,139,129,-1,140,141,142,-1,142,141,143,-1,142,143,144,-1,144,145,142,-1,142,145,146,-1,142,146,134,-1,134,146,147,-1,134,147,135,-1,148,149,142,-1,142,149,150,-1,142,150,140,-1,151,152,148,-1,148,152,153,-1,148,153,149,-1,151,148,154,-1,154,148,155,-1,154,155,156,-1,157,158,159,-1,158,160,159,-1,159,160,161,-1,159,161,155,-1,155,161,162,-1,155,162,156,-1,163,164,165,-1,165,164,166,-1,28,167,27,-1,27,167,168,-1,27,168,169,-1,169,170,27,-1,27,170,171,-1,27,171,164,-1,164,171,172,-1,164,172,166,-1,157,159,173,-1,173,159,174,-1,173,174,175,-1,175,174,176,-1,175,176,177,-1,177,176,178,-1,177,178,179,-1,179,178,180,-1,179,180,181,-1,181,180,20,-1,181,20,25,-1,25,20,22,-1,25,22,23,-1,
        ]
    }
}
Shape{
    appearance Appearance {
        material  Material 	{
            diffuseColor 0.25098039215686274 0.25098039215686274 0.25098039215686274
            specularColor 0.12549019607843137 0.12549019607843137 0.12549019607843137
            ambientIntensity 0.251
            transparency 0.0
            shininess 0.5
        }
    }
    geometry IndexedFaceSet {
        ccw TRUE
        solid FALSE
        coord DEF co Coordinate {
            point [
                -2.3425 -2.2047 0.1969, -1.737 -2.2047 0.1969, -2.3425 -2.2047 0.0394, -1.122 -2.2047 0.1969, -0.9237 -2.2047 0.1969, -0.6356 -2.2047 0.1969, 0.8465 -2.2047 0.0394, -0.3687 -2.2047 0.1969, 0.8465 -2.2047 0.1969, -0.9237 3.0709 0.1969, -2.3425 3.0709 0.0394, -0.6356 3.0709 0.1969, 0.8465 3.0709 0.0394, -0.3687 3.0709 0.1969, 0.8465 3.0709 0.1969, -1.122 3.0709 0.1969, -1.737 3.0709 0.1969, -2.3425 3.0709 0.1969
            ]
        }
        coordIndex [
            0,1,2,-1,2,1,3,-1,3,4,2,-1,2,4,5,-1,2,5,6,-1,6,5,7,-1,6,7,8,-1,9,10,11,-1,11,10,12,-1,11,12,13,-1,13,12,14,-1,9,15,10,-1,10,15,16,-1,10,16,17,-1,
        ]
    }
}
Shape{
    appearance Appearance {
        material  Material 	{
            diffuseColor 0.7529411764705882 0.7529411764705882 0.7529411764705882
            specularColor 0.3764705882352941 0.3764705882352941 0.3764705882352941
            ambientIntensity 0.7529
            transparency 0.0
            shininess 0.5
        }
    }
    geometry IndexedFaceSet {
        ccw TRUE
        solid FALSE
        coord DEF co Coordinate {
            point [
                -1.0236 -1.8701 -1.0827, -1.0236 -1.8701 0.1969, -0.9237 -1.8701 0.1969, -0.6356 -1.8701 0.1969, -0.876 -1.8701 -1.3384, -0.9371 -1.8701 -1.2915, -0.9841 -1.8701 -1.2303, -1.0136 -1.8701 -1.1591, -0.6519 -1.8701 -1.3679, -0.7283 -1.8701 -1.378, -0.8048 -1.8701 -1.3679, -0.4331 -1.8701 0.1969, -0.4331 -1.8701 -1.0827, -0.5807 -1.8701 -1.3384, -0.4431 -1.8701 -1.1591, -0.5196 -1.8701 -1.2915, -0.4726 -1.8701 -1.2303, -1.0236 -1.9882 -1.0827, -1.0236 -1.9882 0.1969, -0.4331 -1.9882 -1.0827, -0.4331 -1.9882 0.1969, -0.6356 -1.9882 0.1969, -0.8048 -1.9882 -1.3679, -0.7283 -1.9882 -1.378, -0.6519 -1.9882 -1.3679, -0.9237 -1.9882 0.1969, -0.9371 -1.9882 -1.2915, -0.9841 -1.9882 -1.2303, -1.0136 -1.9882 -1.1591, -0.5807 -1.9882 -1.3384, -0.5196 -1.9882 -1.2915, -0.4431 -1.9882 -1.1591, -0.4726 -1.9882 -1.2303, -0.876 -1.9882 -1.3384, -1.811 -0.8858 -1.0827, -1.811 -0.8858 0.1969, -1.737 -0.8858 0.1969, -1.7245 -0.8858 -1.2915, -1.801 -0.8858 -1.1591, -1.7715 -0.8858 -1.2303, -1.2205 -0.8858 0.1969, -1.2205 -0.8858 -1.0827, -1.4393 -0.8858 -1.3679, -1.5157 -0.8858 -1.378, -1.26 -0.8858 -1.2303, -1.307 -0.8858 -1.2915, -1.3681 -0.8858 -1.3384, -1.5922 -0.8858 -1.3679, -1.6634 -0.8858 -1.3384, -1.2305 -0.8858 -1.1591, -1.811 -1.0039 -1.0827, -1.811 -1.0039 0.1969, -1.2205 -1.0039 -1.0827, -1.2205 -1.0039 0.1969, -1.737 -1.0039 0.1969, -1.7245 -1.0039 -1.2915, -1.5922 -1.0039 -1.3679, -1.5157 -1.0039 -1.378, -1.801 -1.0039 -1.1591, -1.7715 -1.0039 -1.2303, -1.6634 -1.0039 -1.3384, -1.4393 -1.0039 -1.3679, -1.3681 -1.0039 -1.3384, -1.2305 -1.0039 -1.1591, -1.307 -1.0039 -1.2915, -1.26 -1.0039 -1.2303, -0.4331 0.5709 -1.0827, -0.4331 0.5709 0.1969, -0.4331 0.4528 -1.0827, -0.4331 0.4528 0.1969, -1.0236 0.5709 -1.0827, -1.0236 0.5709 0.1969, -0.9237 0.5709 0.1969, -0.6356 0.5709 0.1969, -0.876 0.5709 -1.3384, -0.9371 0.5709 -1.2915, -0.9841 0.5709 -1.2303, -1.0136 0.5709 -1.1591, -0.6519 0.5709 -1.3679, -0.7283 0.5709 -1.378, -0.8048 0.5709 -1.3679, -0.5807 0.5709 -1.3384, -0.4431 0.5709 -1.1591, -0.5196 0.5709 -1.2915, -0.4726 0.5709 -1.2303, -1.0236 0.4528 -1.0827, -1.0236 0.4528 0.1969, -0.6356 0.4528 0.1969, -0.9237 0.4528 0.1969, -0.9371 0.4528 -1.2915, -0.876 0.4528 -1.3384, -0.8048 0.4528 -1.3679, -0.9841 0.4528 -1.2303, -1.0136 0.4528 -1.1591, -0.6519 0.4528 -1.3679, -0.5807 0.4528 -1.3384, -0.4431 0.4528 -1.1591, -0.5196 0.4528 -1.2915, -0.4726 0.4528 -1.2303, -0.7283 0.4528 -1.378, -1.2205 1.3189 -1.0827, -1.2205 1.3189 0.1969, -1.2205 1.2008 -1.0827, -1.2205 1.2008 0.1969, -1.811 1.3189 -1.0827, -1.811 1.3189 0.1969, -1.737 1.3189 0.1969, -1.7245 1.3189 -1.2915, -1.801 1.3189 -1.1591, -1.7715 1.3189 -1.2303, -1.5157 1.3189 -1.378, -1.5922 1.3189 -1.3679, -1.6634 1.3189 -1.3384, -1.26 1.3189 -1.2303, -1.307 1.3189 -1.2915, -1.2305 1.3189 -1.1591, -1.3681 1.3189 -1.3384, -1.4393 1.3189 -1.3679, -1.811 1.2008 -1.0827, -1.811 1.2008 0.1969, -1.737 1.2008 0.1969, -1.7245 1.2008 -1.2915, -1.5922 1.2008 -1.3679, -1.5157 1.2008 -1.378, -1.801 1.2008 -1.1591, -1.7715 1.2008 -1.2303, -1.6634 1.2008 -1.3384, -1.4393 1.2008 -1.3679, -1.3681 1.2008 -1.3384, -1.2305 1.2008 -1.1591, -1.307 1.2008 -1.2915, -1.26 1.2008 -1.2303, -0.4331 2.7756 -1.0827, -0.4331 2.7756 0.1969, -0.4331 2.6575 -1.0827, -0.4331 2.6575 0.1969, -1.0236 2.7756 -1.0827, -1.0236 2.7756 0.1969, -0.9237 2.7756 0.1969, -0.6356 2.7756 0.1969, -0.876 2.7756 -1.3384, -0.9371 2.7756 -1.2915, -0.9841 2.7756 -1.2303, -1.0136 2.7756 -1.1591, -0.6519 2.7756 -1.3679, -0.7283 2.7756 -1.378, -0.8048 2.7756 -1.3679, -0.5807 2.7756 -1.3384, -0.4431 2.7756 -1.1591, -0.5196 2.7756 -1.2915, -0.4726 2.7756 -1.2303, -1.0236 2.6575 -1.0827, -1.0236 2.6575 0.1969, -0.6356 2.6575 0.1969, -0.9237 2.6575 0.1969, -0.9371 2.6575 -1.2915, -0.876 2.6575 -1.3384, -0.8048 2.6575 -1.3679, -0.9841 2.6575 -1.2303, -1.0136 2.6575 -1.1591, -0.6519 2.6575 -1.3679, -0.5807 2.6575 -1.3384, -0.4431 2.6575 -1.1591, -0.5196 2.6575 -1.2915, -0.4726 2.6575 -1.2303, -0.7283 2.6575 -1.378
            ]
        }
        coordIndex [
            0,1,2,-1,3,4,2,-1,2,4,5,-1,2,5,0,-1,0,5,6,-1,0,6,7,-1,8,9,3,-1,3,9,10,-1,3,10,4,-1,3,11,8,-1,8,11,12,-1,8,12,13,-1,13,12,14,-1,13,14,15,-1,15,14,16,-1,17,18,0,-1,0,18,1,-1,19,20,21,-1,22,23,21,-1,21,23,24,-1,21,24,19,-1,25,18,26,-1,26,18,17,-1,26,17,27,-1,27,17,28,-1,24,29,19,-1,19,29,30,-1,19,30,31,-1,31,30,32,-1,25,26,21,-1,21,26,33,-1,21,33,22,-1,12,11,19,-1,19,11,20,-1,34,35,36,-1,34,37,38,-1,38,37,39,-1,34,36,37,-1,37,36,40,-1,37,40,41,-1,42,43,41,-1,44,45,46,-1,43,47,41,-1,41,47,48,-1,41,48,37,-1,42,41,46,-1,46,41,49,-1,46,49,44,-1,50,51,34,-1,34,51,35,-1,52,53,54,-1,55,54,51,-1,56,57,52,-1,51,50,55,-1,55,50,58,-1,55,58,59,-1,54,55,52,-1,52,55,60,-1,52,60,56,-1,57,61,52,-1,52,61,62,-1,52,62,63,-1,63,62,64,-1,63,64,65,-1,41,40,52,-1,52,40,53,-1,66,67,68,-1,68,67,69,-1,70,71,72,-1,73,74,72,-1,72,74,75,-1,72,75,70,-1,70,75,76,-1,70,76,77,-1,78,79,73,-1,73,79,80,-1,73,80,74,-1,73,67,78,-1,78,67,66,-1,78,66,81,-1,81,66,82,-1,81,82,83,-1,83,82,84,-1,85,86,70,-1,70,86,71,-1,68,69,87,-1,88,89,87,-1,87,89,90,-1,87,90,91,-1,88,86,89,-1,89,86,85,-1,89,85,92,-1,92,85,93,-1,94,95,96,-1,96,95,97,-1,96,97,98,-1,96,68,94,-1,94,68,87,-1,94,87,99,-1,99,87,91,-1,100,101,102,-1,102,101,103,-1,104,105,106,-1,104,107,108,-1,108,107,109,-1,104,106,107,-1,107,106,101,-1,107,101,100,-1,110,111,100,-1,100,111,112,-1,100,112,107,-1,113,114,115,-1,115,114,116,-1,115,116,100,-1,100,116,117,-1,100,117,110,-1,118,119,104,-1,104,119,105,-1,102,103,120,-1,121,120,119,-1,122,123,102,-1,119,118,121,-1,121,118,124,-1,121,124,125,-1,120,121,102,-1,102,121,126,-1,102,126,122,-1,123,127,102,-1,102,127,128,-1,102,128,129,-1,129,128,130,-1,129,130,131,-1,132,133,134,-1,134,133,135,-1,136,137,138,-1,139,140,138,-1,138,140,141,-1,138,141,136,-1,136,141,142,-1,136,142,143,-1,144,145,139,-1,139,145,146,-1,139,146,140,-1,139,133,144,-1,144,133,132,-1,144,132,147,-1,147,132,148,-1,147,148,149,-1,149,148,150,-1,151,152,136,-1,136,152,137,-1,134,135,153,-1,154,155,153,-1,153,155,156,-1,153,156,157,-1,154,152,155,-1,155,152,151,-1,155,151,158,-1,158,151,159,-1,160,161,162,-1,162,161,163,-1,162,163,164,-1,162,134,160,-1,160,134,153,-1,160,153,165,-1,165,153,157,-1,145,165,157,-1,145,157,146,-1,146,157,156,-1,146,156,140,-1,140,156,155,-1,140,155,141,-1,141,155,158,-1,141,158,142,-1,142,158,159,-1,142,159,143,-1,143,159,151,-1,143,151,136,-1,165,145,144,-1,165,144,160,-1,160,144,147,-1,160,147,161,-1,161,147,149,-1,161,149,163,-1,163,149,150,-1,163,150,164,-1,164,150,148,-1,164,148,162,-1,162,148,132,-1,162,132,134,-1,99,79,78,-1,99,78,94,-1,94,78,81,-1,94,81,95,-1,95,81,83,-1,95,83,97,-1,97,83,84,-1,97,84,98,-1,98,84,82,-1,98,82,96,-1,96,82,66,-1,96,66,68,-1,79,99,91,-1,79,91,80,-1,80,91,90,-1,80,90,74,-1,74,90,89,-1,74,89,75,-1,75,89,92,-1,75,92,76,-1,76,92,93,-1,76,93,77,-1,77,93,85,-1,77,85,70,-1,123,110,117,-1,123,117,127,-1,127,117,116,-1,127,116,128,-1,128,116,114,-1,128,114,130,-1,130,114,113,-1,130,113,131,-1,131,113,115,-1,131,115,129,-1,129,115,100,-1,129,100,102,-1,110,123,122,-1,110,122,111,-1,111,122,126,-1,111,126,112,-1,112,126,121,-1,112,121,107,-1,107,121,125,-1,107,125,109,-1,109,125,124,-1,109,124,108,-1,108,124,118,-1,108,118,104,-1,57,43,42,-1,57,42,61,-1,61,42,46,-1,61,46,62,-1,62,46,45,-1,62,45,64,-1,64,45,44,-1,64,44,65,-1,65,44,49,-1,65,49,63,-1,63,49,41,-1,63,41,52,-1,43,57,56,-1,43,56,47,-1,47,56,60,-1,47,60,48,-1,48,60,55,-1,48,55,37,-1,37,55,59,-1,37,59,39,-1,39,59,58,-1,39,58,38,-1,38,58,50,-1,38,50,34,-1,23,9,8,-1,23,8,24,-1,24,8,13,-1,24,13,29,-1,29,13,15,-1,29,15,30,-1,30,15,16,-1,30,16,32,-1,32,16,14,-1,32,14,31,-1,31,14,12,-1,31,12,19,-1,9,23,22,-1,9,22,10,-1,10,22,33,-1,10,33,4,-1,4,33,26,-1,4,26,5,-1,5,26,27,-1,5,27,6,-1,6,27,28,-1,6,28,7,-1,7,28,17,-1,7,17,0,-1,
        ]
    }
}
Shape{
    appearance Appearance {
        material  Material 	{
            diffuseColor 1.0 1.0 1.0
            specularColor 0.5019607843137255 0.5019607843137255 0.5019607843137255
            ambientIntensity 1.0
            transparency 0.0
            shininess 0.5
        }
    }
    geometry IndexedFaceSet {
        ccw TRUE
        solid FALSE
        coord DEF co Coordinate {
            point [
                -1.4926 -3.9764 1.944, -1.2929 -3.9764 1.8741, -1.2653 -3.7402 2.1131, -1.3902 -3.7402 2.1568, -1.4349 -3.7402 2.1849, -1.6718 -3.9764 2.0565, -1.5245 -3.7402 2.2412, -1.5806 -3.7402 2.2973, -1.8214 -3.9764 2.2062, -1.6367 -3.7402 2.3534, -1.693 -3.7402 2.4431, -1.934 -3.9764 2.3853, -1.7212 -3.7402 2.4878, -1.7649 -3.7402 2.6127, -2.0039 -3.9764 2.585, -1.7736 -3.7402 2.6376, -2.0276 -3.9764 2.7953, -1.7913 -3.7402 2.7953, -2.0039 -3.9764 3.0055, -1.7736 -3.7402 2.953, -1.7649 -3.7402 2.9779, -1.934 -3.9764 3.2052, -1.7212 -3.7402 3.1028, -1.693 -3.7402 3.1475, -1.8214 -3.9764 3.3844, -1.6367 -3.7402 3.2371, -1.5806 -3.7402 3.2932, -1.6718 -3.9764 3.534, -1.5245 -3.7402 3.3493, -1.4349 -3.7402 3.4056, -1.4926 -3.9764 3.6466, -1.3902 -3.7402 3.4338, -1.2653 -3.7402 3.4775, -1.2929 -3.9764 3.7165, -1.2404 -3.7402 3.4862, -1.0827 -3.9764 3.7402, -1.0827 -3.7402 3.5039, -0.8724 -3.9764 3.7165, -0.925 -3.7402 3.4862, -0.9001 -3.7402 3.4775, -0.6727 -3.9764 3.6466, -0.7752 -3.7402 3.4338, -0.7305 -3.7402 3.4056, -0.4936 -3.9764 3.534, -0.6408 -3.7402 3.3493, -0.5847 -3.7402 3.2932, -0.3439 -3.9764 3.3844, -0.5286 -3.7402 3.2371, -0.4723 -3.7402 3.1475, -0.2314 -3.9764 3.2052, -0.4442 -3.7402 3.1028, -0.4005 -3.7402 2.9779, -0.1615 -3.9764 3.0055, -0.3918 -3.7402 2.953, -0.1378 -3.9764 2.7953, -0.374 -3.7402 2.7953, -0.1615 -3.9764 2.585, -0.3918 -3.7402 2.6376, -0.4005 -3.7402 2.6127, -0.2314 -3.9764 2.3853, -0.4442 -3.7402 2.4878, -0.4723 -3.7402 2.4431, -0.3439 -3.9764 2.2062, -0.5286 -3.7402 2.3534, -0.5847 -3.7402 2.2973, -0.4936 -3.9764 2.0565, -0.6408 -3.7402 2.2412, -0.7305 -3.7402 2.1849, -0.6727 -3.9764 1.944, -0.7752 -3.7402 2.1568, -0.9001 -3.7402 2.1131, -0.8724 -3.9764 1.8741, -0.925 -3.7402 2.1044, -1.0827 -3.9764 1.8504, -1.0827 -3.7402 2.0866, -1.2404 -3.7402 2.1044, -1.4162 -0.3768 0.2008, -1.403 -0.42 0.2008, -1.5479 -0.3768 0.2008, -1.5656 -0.42 0.2008, -1.475 -0.2123 0.2008, -1.4566 -0.1367 0.2008, -1.3078 -0.5304 0.2008, -1.3654 -0.5304 0.2008, -1.4788 -0.1987 0.2008, -1.4813 -0.1847 0.2008, -1.5094 -0.1367 0.2008, -1.4826 -0.1847 0.2008, -1.4851 -0.1986 0.2008, -1.4886 -0.2123 0.2008, -1.6631 -0.5304 0.2008, -1.6054 -0.5304 0.2008, -1.5656 -0.42 0.1969, -1.6054 -0.5304 0.1969, -1.403 -0.42 0.1969, -1.3654 -0.5304 0.1969, -1.3078 -0.5304 0.1969, -1.4566 -0.1367 0.1969, -1.5094 -0.1367 0.1969, -1.6631 -0.5304 0.1969, -1.4886 -0.2123 0.1969, -1.4851 -0.1986 0.1969, -1.4826 -0.1847 0.1969, -1.4813 -0.1847 0.1969, -1.4788 -0.1987 0.1969, -1.475 -0.2123 0.1969, -1.4162 -0.3768 0.1969, -1.5479 -0.3768 0.1969, -1.0732 -0.1367 0.2008, -1.0732 -0.1367 0.1969, -0.9621 -0.1367 0.2008, -0.9621 -0.1367 0.1969, -1.122 -0.1419 0.1969, -1.1301 -0.1428 0.2008, -1.1301 -0.1428 0.1969, -1.1761 -0.159 0.2008, -1.1761 -0.159 0.1969, -1.219 -0.1877 0.2008, -1.219 -0.1877 0.1969, -1.2194 -0.188 0.2008, -1.2194 -0.188 0.1969, -1.2472 -0.2189 0.2008, -1.2472 -0.2189 0.1969, -1.2655 -0.2528 0.2008, -1.2655 -0.2528 0.1969, -1.2761 -0.2916 0.2008, -1.2761 -0.2916 0.1969, -1.279 -0.3286 0.2008, -1.279 -0.3286 0.1969, -1.2734 -0.3813 0.2008, -1.2734 -0.3813 0.1969, -1.2593 -0.4225 0.2008, -1.2593 -0.4225 0.1969, -1.2367 -0.4577 0.2008, -1.2367 -0.4577 0.1969, -1.2043 -0.4887 0.2008, -1.2043 -0.4887 0.1969, -1.1632 -0.5126 0.2008, -1.1632 -0.5126 0.1969, -1.122 -0.5249 0.1969, -1.1178 -0.5262 0.2008, -1.1178 -0.5262 0.1969, -1.0691 -0.5304 0.2008, -1.0691 -0.5304 0.1969, -0.9621 -0.5304 0.2008, -0.9621 -0.5304 0.1969, -1.1999 -0.2351 0.2008, -1.1808 -0.2148 0.2008, -1.1521 -0.1962 0.2008, -1.1196 -0.1849 0.2008, -1.073 -0.1799 0.2008, -1.0149 -0.1799 0.2008, -1.0149 -0.4872 0.2008, -1.0708 -0.4872 0.2008, -1.1123 -0.4833 0.2008, -1.1454 -0.473 0.2008, -1.1723 -0.457 0.2008, -1.1944 -0.4352 0.2008, -1.211 -0.4081 0.2008, -1.2225 -0.3711 0.2008, -1.2261 -0.3297 0.2008, -1.2228 -0.2906 0.2008, -1.2136 -0.2594 0.2008, -1.0708 -0.4872 0.1969, -1.0149 -0.4872 0.1969, -1.1123 -0.4833 0.1969, -1.1454 -0.473 0.1969, -1.1723 -0.457 0.1969, -1.1944 -0.4352 0.1969, -1.211 -0.4081 0.1969, -1.2225 -0.3711 0.1969, -1.2261 -0.3297 0.1969, -1.2228 -0.2906 0.1969, -1.2136 -0.2594 0.1969, -1.1999 -0.2351 0.1969, -1.1808 -0.2148 0.1969, -1.1521 -0.1962 0.1969, -1.1196 -0.1849 0.1969, -1.073 -0.1799 0.1969, -1.0149 -0.1799 0.1969, -0.674 -0.1367 0.2008, -0.674 -0.1367 0.1969, -0.674 -0.5304 0.2008, -0.674 -0.5304 0.1969, -0.8757 -0.1367 0.2008, -0.8757 -0.1367 0.1969, -0.8757 -0.1799 0.2008, -0.8757 -0.1799 0.1969, -0.7268 -0.1799 0.2008, -0.7268 -0.1799 0.1969, -0.7268 -0.3096 0.2008, -0.7268 -0.3096 0.1969, -0.8661 -0.3096 0.2008, -0.8661 -0.3096 0.1969, -0.8661 -0.3528 0.2008, -0.8661 -0.3528 0.1969, -0.7268 -0.3528 0.2008, -0.7268 -0.3528 0.1969, -0.7268 -0.4872 0.2008, -0.7268 -0.4872 0.1969, -0.8853 -0.4872 0.2008, -0.8853 -0.4872 0.1969, -0.8853 -0.5304 0.2008, -0.8853 -0.5304 0.1969, -0.4889 -0.5352 0.1969, -0.4889 -0.5352 0.2008, -0.4657 -0.5328 0.1969, -0.4403 -0.5302 0.2008, -0.4403 -0.5302 0.1969, -0.4022 -0.517 0.2008, -0.4022 -0.517 0.1969, -0.3705 -0.4968 0.2008, -0.3409 -0.4657 0.1969, -0.3687 -0.4949 0.1969, -0.3705 -0.4968 0.1969, -0.3409 -0.4657 0.2008, -0.32 -0.4283 0.2008, -0.32 -0.4283 0.1969, -0.3081 -0.3866 0.2008, -0.3081 -0.3866 0.1969, -0.3043 -0.341 0.2008, -0.3043 -0.341 0.1969, -0.31 -0.285 0.2008, -0.31 -0.285 0.1969, -0.3251 -0.2404 0.2008, -0.3251 -0.2404 0.1969, -0.3482 -0.2036 0.2008, -0.3482 -0.2036 0.1969, -0.3687 -0.1839 0.1969, -0.3837 -0.1694 0.2008, -0.3837 -0.1694 0.1969, -0.4211 -0.1479 0.2008, -0.4211 -0.1479 0.1969, -0.465 -0.1351 0.2008, -0.465 -0.1351 0.1969, -0.5045 -0.1319 0.2008, -0.5045 -0.1319 0.1969, -0.4751 -0.1343 0.1969, -0.5393 -0.1343 0.1969, -0.5517 -0.1352 0.2008, -0.5517 -0.1352 0.1969, -0.5972 -0.1475 0.2008, -0.5972 -0.1475 0.1969, -0.5972 -0.2003 0.2008, -0.5972 -0.2003 0.1969, -0.5528 -0.1813 0.2008, -0.5528 -0.1813 0.1969, -0.505 -0.1751 0.2008, -0.505 -0.1751 0.1969, -0.3571 -0.3378 0.2008, -0.3571 -0.3378 0.1969, -0.359 -0.3071 0.1969, -0.3687 -0.2682 0.1969, -0.3695 -0.265 0.1969, -0.3695 -0.265 0.2008, -0.3857 -0.2346 0.1969, -0.3857 -0.2346 0.2008, -0.4095 -0.2083 0.1969, -0.4095 -0.2083 0.2008, -0.4367 -0.1901 0.1969, -0.4367 -0.1901 0.2008, -0.4662 -0.1795 0.1969, -0.4662 -0.1795 0.2008, -0.359 -0.3071 0.2008, -0.3611 -0.3804 0.1969, -0.3611 -0.3804 0.2008, -0.3687 -0.4044 0.1969, -0.3718 -0.4142 0.2008, -0.3718 -0.4142 0.1969, -0.3881 -0.4415 0.2008, -0.3881 -0.4415 0.1969, -0.4066 -0.461 0.2008, -0.4066 -0.461 0.1969, -0.4307 -0.4773 0.2008, -0.4307 -0.4773 0.1969, -0.4594 -0.4879 0.2008, -0.4594 -0.4879 0.1969, -0.4961 -0.492 0.2008, -0.4961 -0.492 0.1969, -0.5484 -0.4862 0.2008, -0.5484 -0.4862 0.1969, -0.5901 -0.4707 0.2008, -0.5901 -0.4707 0.1969, -0.5972 -0.4668 0.2008, -0.5972 -0.4668 0.1969, -0.5972 -0.51 0.2008, -0.5972 -0.51 0.1969, -0.5552 -0.5272 0.1969, -0.5552 -0.5272 0.2008, -0.5154 -0.5328 0.1969, -0.4996 -0.535 0.2008, -0.4996 -0.535 0.1969, -0.069 -0.1367 0.2008, -0.069 -0.1367 0.1969, -0.069 -0.5304 0.2008, -0.069 -0.5304 0.1969, -0.1219 -0.1367 0.2008, -0.1219 -0.1367 0.1969, -0.1219 -0.4872 0.2008, -0.1219 -0.4872 0.1969, -0.2707 -0.4872 0.2008, -0.2707 -0.4872 0.1969, -0.2707 -0.5304 0.2008, -0.2707 -0.5304 0.1969
            ]
        }
        coordIndex [
            0,1,2,-1,2,3,0,-1,0,3,4,-1,0,4,5,-1,4,6,5,-1,5,6,7,-1,5,7,8,-1,7,9,8,-1,8,9,10,-1,8,10,11,-1,10,12,11,-1,11,12,13,-1,11,13,14,-1,14,13,15,-1,14,15,16,-1,16,15,17,-1,16,17,18,-1,17,19,18,-1,18,19,20,-1,18,20,21,-1,20,22,21,-1,21,22,23,-1,21,23,24,-1,23,25,24,-1,24,25,26,-1,24,26,27,-1,26,28,27,-1,27,28,29,-1,27,29,30,-1,29,31,30,-1,30,31,32,-1,30,32,33,-1,33,32,34,-1,33,34,35,-1,35,34,36,-1,35,36,37,-1,36,38,37,-1,37,38,39,-1,37,39,40,-1,39,41,40,-1,40,41,42,-1,40,42,43,-1,42,44,43,-1,43,44,45,-1,43,45,46,-1,45,47,46,-1,46,47,48,-1,46,48,49,-1,48,50,49,-1,49,50,51,-1,49,51,52,-1,52,51,53,-1,52,53,54,-1,54,53,55,-1,54,55,56,-1,55,57,56,-1,56,57,58,-1,56,58,59,-1,58,60,59,-1,59,60,61,-1,59,61,62,-1,61,63,62,-1,62,63,64,-1,62,64,65,-1,64,66,65,-1,65,66,67,-1,65,67,68,-1,67,69,68,-1,68,69,70,-1,68,70,71,-1,71,70,72,-1,71,72,73,-1,73,72,74,-1,73,74,1,-1,1,74,75,-1,1,75,2,-1,76,77,78,-1,78,77,79,-1,80,81,76,-1,76,81,82,-1,76,82,77,-1,77,82,83,-1,80,84,81,-1,81,84,85,-1,81,85,86,-1,86,85,87,-1,86,87,88,-1,88,89,86,-1,86,89,78,-1,86,78,90,-1,90,78,79,-1,90,79,91,-1,79,92,91,-1,91,92,93,-1,77,94,79,-1,79,94,92,-1,83,95,77,-1,77,95,94,-1,82,96,83,-1,83,96,95,-1,81,97,82,-1,82,97,96,-1,86,98,81,-1,81,98,97,-1,90,99,86,-1,86,99,98,-1,90,91,99,-1,99,91,93,-1,100,89,88,-1,100,88,101,-1,101,88,87,-1,101,87,102,-1,85,103,87,-1,87,103,102,-1,103,85,84,-1,103,84,104,-1,104,84,80,-1,104,80,105,-1,76,106,80,-1,80,106,105,-1,78,107,76,-1,76,107,106,-1,100,107,89,-1,89,107,78,-1,108,109,110,-1,110,109,111,-1,109,108,112,-1,112,108,113,-1,112,113,114,-1,114,113,115,-1,114,115,116,-1,116,115,117,-1,116,117,118,-1,118,117,119,-1,118,119,120,-1,120,119,121,-1,120,121,122,-1,122,121,123,-1,122,123,124,-1,124,123,125,-1,124,125,126,-1,126,125,127,-1,126,127,128,-1,128,127,129,-1,128,129,130,-1,130,129,131,-1,130,131,132,-1,132,131,133,-1,132,133,134,-1,134,133,135,-1,134,135,136,-1,136,135,137,-1,136,137,138,-1,138,137,139,-1,139,137,140,-1,139,140,141,-1,141,140,142,-1,141,142,143,-1,144,145,142,-1,142,145,143,-1,144,110,145,-1,145,110,111,-1,123,121,146,-1,146,121,119,-1,146,119,147,-1,147,119,117,-1,147,117,148,-1,148,117,115,-1,148,115,149,-1,149,115,113,-1,149,113,150,-1,150,113,108,-1,150,108,151,-1,151,108,110,-1,151,110,152,-1,152,110,144,-1,152,144,153,-1,153,144,142,-1,153,142,154,-1,154,142,140,-1,154,140,155,-1,155,140,137,-1,155,137,156,-1,156,137,135,-1,156,135,157,-1,157,135,133,-1,157,133,158,-1,158,133,131,-1,158,131,159,-1,159,131,129,-1,159,129,160,-1,160,129,127,-1,160,127,161,-1,161,127,125,-1,161,125,162,-1,162,125,123,-1,162,123,146,-1,153,163,152,-1,152,163,164,-1,163,153,154,-1,163,154,165,-1,165,154,155,-1,165,155,166,-1,166,155,156,-1,166,156,167,-1,167,156,157,-1,167,157,168,-1,168,157,158,-1,168,158,169,-1,169,158,159,-1,169,159,170,-1,170,159,160,-1,170,160,171,-1,171,160,161,-1,171,161,172,-1,172,161,162,-1,172,162,173,-1,173,162,146,-1,173,146,174,-1,174,146,147,-1,174,147,175,-1,175,147,148,-1,175,148,176,-1,176,148,149,-1,176,149,177,-1,177,149,150,-1,177,150,178,-1,151,179,150,-1,150,179,178,-1,164,179,152,-1,152,179,151,-1,180,181,182,-1,182,181,183,-1,184,185,180,-1,180,185,181,-1,186,187,184,-1,184,187,185,-1,188,189,186,-1,186,189,187,-1,190,191,188,-1,188,191,189,-1,192,193,190,-1,190,193,191,-1,194,195,192,-1,192,195,193,-1,196,197,194,-1,194,197,195,-1,198,199,196,-1,196,199,197,-1,200,201,198,-1,198,201,199,-1,202,203,200,-1,200,203,201,-1,202,182,203,-1,203,182,183,-1,182,202,200,-1,200,198,182,-1,182,198,196,-1,182,196,180,-1,186,184,188,-1,188,184,180,-1,188,180,190,-1,190,180,196,-1,190,196,192,-1,192,196,194,-1,204,205,206,-1,206,205,207,-1,206,207,208,-1,208,207,209,-1,208,209,210,-1,210,209,211,-1,212,213,211,-1,211,213,214,-1,211,214,210,-1,211,215,212,-1,212,215,216,-1,212,216,217,-1,217,216,218,-1,217,218,219,-1,219,218,220,-1,219,220,221,-1,221,220,222,-1,221,222,223,-1,223,222,224,-1,223,224,225,-1,225,224,226,-1,225,226,227,-1,227,226,228,-1,228,226,229,-1,228,229,230,-1,230,229,231,-1,230,231,232,-1,232,231,233,-1,232,233,234,-1,235,236,233,-1,233,236,237,-1,233,237,234,-1,236,235,238,-1,238,235,239,-1,238,239,240,-1,240,239,241,-1,240,241,242,-1,243,244,241,-1,241,244,242,-1,244,243,245,-1,244,245,246,-1,246,245,247,-1,246,247,248,-1,249,250,251,-1,252,253,254,-1,254,253,255,-1,254,255,256,-1,256,255,257,-1,256,257,258,-1,258,257,259,-1,258,259,260,-1,260,259,261,-1,260,261,262,-1,262,261,248,-1,262,248,247,-1,252,254,251,-1,251,254,263,-1,251,263,249,-1,264,250,265,-1,265,250,249,-1,264,265,266,-1,266,265,267,-1,266,267,268,-1,268,267,269,-1,268,269,270,-1,270,269,271,-1,270,271,272,-1,272,271,273,-1,272,273,274,-1,274,273,275,-1,274,275,276,-1,276,275,277,-1,276,277,278,-1,278,277,279,-1,278,279,280,-1,280,279,281,-1,280,281,282,-1,282,281,283,-1,282,283,284,-1,285,286,283,-1,283,286,284,-1,287,286,288,-1,288,286,285,-1,287,288,289,-1,289,288,290,-1,289,290,291,-1,291,290,205,-1,291,205,204,-1,275,205,277,-1,277,205,290,-1,277,290,279,-1,279,290,288,-1,279,288,281,-1,281,288,285,-1,281,285,283,-1,243,241,245,-1,245,241,239,-1,245,239,247,-1,247,239,235,-1,247,235,262,-1,262,235,233,-1,262,233,260,-1,260,233,231,-1,260,231,258,-1,258,231,229,-1,258,229,256,-1,256,229,226,-1,256,226,254,-1,254,226,224,-1,254,224,263,-1,263,224,222,-1,263,222,249,-1,249,222,220,-1,249,220,265,-1,265,220,218,-1,265,218,267,-1,267,218,216,-1,267,216,269,-1,269,216,215,-1,269,215,271,-1,271,215,211,-1,271,211,273,-1,273,211,209,-1,273,209,275,-1,275,209,207,-1,275,207,205,-1,292,293,294,-1,294,293,295,-1,296,297,292,-1,292,297,293,-1,298,299,296,-1,296,299,297,-1,300,301,298,-1,298,301,299,-1,302,303,300,-1,300,303,301,-1,302,294,303,-1,303,294,295,-1,296,292,298,-1,298,292,294,-1,298,294,300,-1,300,294,302,-1,
        ]
    }
}
Shape{
    appearance Appearance {
        material  Material 	{
            diffuseColor 0.25098039215686274 0.25098039215686274 0.25098039215686274
            specularColor 0.12549019607843137 0.12549019607843137 0.12549019607843137
            ambientIntensity 0.251
            transparency 0.0
            shininess 0.5
        }
    }
    geometry IndexedFaceSet {
        ccw TRUE
        solid FALSE
        coord DEF co Coordinate {
            point [
                -1.4162 -0.3768 0.1969, -1.5479 -0.3768 0.1969, -1.475 -0.2123 0.1969, -1.4886 -0.2123 0.1969, -1.4788 -0.1987 0.1969, -1.4851 -0.1986 0.1969, -1.4813 -0.1847 0.1969, -1.4826 -0.1847 0.1969, -1.0149 -0.1799 0.1969, -1.0149 -0.4872 0.1969, -1.073 -0.1799 0.1969, -1.0708 -0.4872 0.1969, -1.1123 -0.4833 0.1969, -1.2261 -0.3297 0.1969, -1.2228 -0.2906 0.1969, -1.2136 -0.2594 0.1969, -1.1196 -0.1849 0.1969, -1.1454 -0.473 0.1969, -1.1723 -0.457 0.1969, -1.1944 -0.4352 0.1969, -1.211 -0.4081 0.1969, -1.2225 -0.3711 0.1969, -1.1999 -0.2351 0.1969, -1.1808 -0.2148 0.1969, -1.1521 -0.1962 0.1969
            ]
        }
        coordIndex [
            0,1,2,-1,2,1,3,-1,2,3,4,-1,4,3,5,-1,4,5,6,-1,6,5,7,-1,8,9,10,-1,10,9,11,-1,10,11,12,-1,13,14,10,-1,10,14,15,-1,10,15,16,-1,12,17,10,-1,10,17,18,-1,10,18,19,-1,19,20,10,-1,10,20,21,-1,10,21,13,-1,22,23,15,-1,15,23,24,-1,15,24,16,-1,
        ]
    }
}
Shape{
    appearance Appearance {
        material  Material 	{
            diffuseColor 1.0 1.0 1.0
            specularColor 0.5019607843137255 0.5019607843137255 0.5019607843137255
            ambientIntensity 1.0
            transparency 0.0
            shininess 0.5
        }
    }
    geometry IndexedFaceSet {
        ccw TRUE
        solid FALSE
        coord DEF co Coordinate {
            point [
                -0.6176 -3.8285 3.8793, -0.6395 -3.8293 3.8901, -0.6428 -3.8297 3.8822, -2.2613 -3.6507 2.7354, -2.2615 -3.6512 2.7217, -2.2529 -3.6516 2.7222, -2.0837 -3.6246 3.4191, -2.0985 -3.6255 3.3978, -2.0912 -3.6258 3.3934, -1.0827 -3.5822 3.9759, -1.0895 -3.5825 3.9764, -1.0895 -3.5828 3.9678, -1.5483 -3.3373 3.8801, -1.5559 -3.3376 3.8774, -1.5525 -3.338 3.8696, -0.8453 -3.3115 3.9508, -0.8687 -3.3123 3.9568, -0.8703 -3.3127 3.9484, -0.7293 -3.2017 1.6693, -0.7162 -3.2022 1.6725, -0.7189 -3.2026 1.6806, -0.3137 -2.9563 1.8995, -0.3076 -2.9566 1.9041, -0.3132 -2.957 1.9106, -0.9633 -2.9304 1.6218, -0.9393 -2.9313 1.6229, -0.9404 -2.9316 1.6314, -1.7568 -2.821 3.7637, -1.7716 -2.8216 3.7546, -1.7666 -2.822 3.7477, -1.6556 -2.6432 1.7629, -1.6506 -2.6434 1.7597, -1.6465 -2.6438 1.7672, -2.142 -2.617 2.2756, -2.1349 -2.6177 2.2588, -2.1273 -2.618 2.2627, -0.4085 -2.5076 3.764, -0.4184 -2.5081 3.7719, -0.4232 -2.5085 3.7648, -1.4523 -3.9286 3.8177, -1.4501 -3.9509 3.814, -1.2933 -3.9443 3.8576, -0.8201 -3.926 3.8459, -0.8192 -3.9499 3.8462, -0.6724 -3.9443 3.7988, -0.2794 -3.9253 3.5233, -0.2747 -3.9455 3.5267, -0.1745 -3.939 3.3978, 0.0071 -3.9155 2.8016, 0.0174 -3.9345 2.801, 0.006 -3.9281 2.6376, -1.8834 -3.8666 1.9909, -1.8991 -3.8751 1.9754, -2.0127 -3.8686 2.1069, -2.247 -3.8391 2.9736, -2.2294 -3.8351 3.0782, -2.2061 -3.8322 3.0724, -2.1879 -3.8302 3.2047, -2.1741 -3.8286 3.2468, -2.1519 -3.8256 3.2376, -1.9366 -3.8134 3.607, -1.8805 -3.8107 3.6662, -1.8643 -3.8077 3.6484, -1.7569 -3.8054 3.764, -1.7471 -3.8049 3.7718, -1.7336 -3.802 3.7519, -1.3197 -3.7879 3.9492, -1.2581 -3.7856 3.9633, -1.2546 -3.7826 3.9395, -1.0827 -3.7792 3.9764, -1.0825 -3.7792 3.9764, -1.0826 -3.7762 3.9524, -0.8455 -3.771 3.9494, -0.7463 -3.7676 3.9275, -0.7532 -3.7646 3.9045, -0.6176 -3.763 3.8789, -0.5877 -3.7619 3.8676, -0.5978 -3.7589 3.8458, -0.229 -3.7457 3.6067, -0.1721 -3.7426 3.5476, -0.1907 -3.7397 3.5323, -0.0814 -3.7369 3.4193, -0.0703 -3.7362 3.4036, -0.0909 -3.7332 3.3912, 0.0823 -3.7206 2.9737, 0.0915 -3.7189 2.923, 0.0676 -3.7159 2.9205, 0.0576 -3.7034 2.5001, 0.0313 -3.6997 2.4026, 0.0086 -3.6967 2.4107, -0.0243 -3.6946 2.276, -0.0397 -3.6932 2.2409, -0.0609 -3.6902 2.2522, -0.3153 -3.6782 1.9013, -0.3687 -3.6758 1.8544, -0.3831 -3.6728 1.8736, -0.5097 -3.6699 1.7629, -0.5139 -3.6697 1.7602, -0.5254 -3.6667 1.7812, -0.7299 -3.6611 1.6712, -0.8451 -3.6567 1.6383, -0.8499 -3.6537 1.6619, -0.9636 -3.6523 1.6231, -1.0205 -3.6502 1.6158, -1.0217 -3.6472 1.6398, -1.6552 -3.6276 1.764, -1.6769 -3.6267 1.7745, -1.6648 -3.6237 1.7953, -2.0141 -3.61 2.0743, -2.0615 -3.6072 2.1343, -2.0416 -3.6043 2.1477, -2.1424 -3.6014 2.2755, -2.1482 -3.601 2.2857, -2.1265 -3.598 2.2961, -2.2235 -3.5933 2.4998, -2.2487 -3.5897 2.6073, -2.225 -3.5867 2.6111, -2.2599 -3.5852 2.7357, -2.2637 -3.5837 2.7788, -2.2396 -3.5807 2.7791, -2.0834 -3.5591 3.4191, -2.0682 -3.558 3.4463, -2.0481 -3.555 3.433, -1.7557 -3.5429 3.7623, -1.7051 -3.5407 3.7991, -1.6924 -3.5377 3.7787, -1.3199 -3.5255 3.9492, -1.2074 -3.5213 3.9698, -1.2049 -3.5183 3.9459, -1.0826 -3.5168 3.9737, -1.0322 -3.5149 3.9753, -1.0332 -3.512 3.9513, -0.6181 -3.5005 3.8778, -0.5428 -3.4977 3.8458, -0.5538 -3.4947 3.8244, -0.4086 -3.492 3.7637, -0.3934 -3.4914 3.7544, -0.4075 -3.4884 3.7349, -0.083 -3.4745 3.4183, -0.0452 -3.4719 3.3598, -0.0663 -3.469 3.3483, 0.0247 -3.466 3.2054, 0.0258 -3.466 3.2031, 0.0032 -3.463 3.1948, 0.0819 -3.4581 2.9737, 0.0958 -3.4547 2.8734, 0.0719 -3.4517 2.8719, 0.0948 -3.4497 2.7355, 0.0945 -3.4484 2.6988, 0.0705 -3.4454 2.7008, -0.0252 -3.4322 2.2766, -0.0644 -3.4289 2.1968, -0.0851 -3.4259 2.209, -0.1499 -3.4237 2.0731, -0.1625 -3.4229 2.0548, -0.1812 -3.4199 2.0699, -0.5109 -3.4074 1.765, -0.5589 -3.4054 1.7367, -0.5695 -3.4024 1.7582, -0.9634 -3.3899 1.6233, -1.0712 -3.3859 1.6142, -1.0714 -3.3829 1.6383, -1.202 -3.3813 1.6226, -1.2438 -3.3798 1.6252, -1.2405 -3.3769 1.649, -1.4357 -3.3733 1.67, -1.5673 -3.3686 1.7182, -1.5574 -3.3656 1.7401, -1.6544 -3.3651 1.7653, -1.7201 -3.3624 1.801, -1.7071 -3.3595 1.8212, -1.8515 -3.3564 1.8998, -1.8613 -3.356 1.9072, -1.8454 -3.353 1.9252, -2.1405 -3.339 2.2765, -2.1687 -3.3368 2.3311, -2.1466 -3.3338 2.3405, -2.2591 -3.3227 2.7356, -2.2633 -3.3194 2.8294, -2.2393 -3.3165 2.8286, -2.2483 -3.3141 2.9739, -2.245 -3.313 3.0048, -2.2214 -3.31 3.0005, -2.0823 -3.2966 3.4184, -2.0398 -3.2937 3.4873, -2.0203 -3.2908 3.4732, -1.9382 -3.2884 3.6085, -1.9309 -3.2881 3.6171, -1.9137 -3.2851 3.6004, -1.7558 -3.2804 3.7623, -1.6617 -3.2764 3.8247, -1.6499 -3.2735 3.8038, -1.5473 -3.2718 3.8782, -1.5021 -3.27 3.8994, -1.4936 -3.267 3.8769, -0.8452 -3.246 3.9504, -0.8143 -3.245 3.9455, -0.8198 -3.242 3.9221, -0.4097 -3.2295 3.7621, -0.3526 -3.227 3.7237, -0.3675 -3.2241 3.7048, -0.227 -3.2207 3.6086, -0.2217 -3.2205 3.6038, -0.2392 -3.2175 3.5874, -0.0827 -3.212 3.4186, -0.0222 -3.2077 3.3152, -0.0437 -3.2047 3.3046, 0.0225 -3.2036 3.2045, 0.0417 -3.2019 3.157, 0.0188 -3.1989 3.1496, 0.0591 -3.1785 2.4996, 0.0539 -3.1775 2.4742, 0.0308 -3.1745 2.4807, -0.1511 -3.1612 2.0741, -0.194 -3.1588 2.0173, -0.212 -3.1558 2.0332, -0.5109 -3.1449 1.7653, -0.605 -3.1411 1.7151, -0.6147 -3.1381 1.737, -0.7299 -3.1362 1.6707, -0.7721 -3.1346 1.6557, -0.7784 -3.1316 1.6789, -1.2018 -3.1189 1.6233, -1.2924 -3.1157 1.6329, -1.2881 -3.1127 1.6566, -1.436 -3.1109 1.6695, -1.4546 -3.1102 1.6742, -1.447 -3.1072 1.697, -1.8501 -3.0939 1.9015, -1.8992 -3.0916 1.9418, -1.8825 -3.0886 1.9592, -2.0166 -3.0851 2.0724, -2.0178 -3.085 2.0738, -1.9988 -3.082 2.0884, -2.1405 -3.0765 2.2763, -2.1872 -3.0726 2.3768, -2.1647 -3.0697 2.3853, -2.224 -3.0684 2.4998, -2.2353 -3.0671 2.5374, -2.2118 -3.0642 2.5426, -2.2469 -3.0517 2.9736, -2.2348 -3.0486 3.0551, -2.2114 -3.0456 3.0498, -2.1889 -3.0428 3.2051, -2.1829 -3.042 3.2249, -2.1605 -3.0391 3.2161, -1.9367 -3.026 3.6072, -1.8968 -3.024 3.651, -1.8803 -3.0211 3.6335, -1.5472 -3.0094 3.8777, -1.4538 -3.0057 3.9166, -1.4463 -3.0027 3.8938, -1.3199 -3.0005 3.95, -1.2815 -2.9991 3.9595, -1.2775 -2.9961 3.9358, -0.8455 -2.9836 3.9493, -0.7677 -2.9809 3.9336, -0.7741 -2.978 3.9105, -0.6171 -2.9756 3.8801, -0.6086 -2.9753 3.877, -0.6182 -2.9723 3.8551, -0.2287 -2.9583 3.6069, -0.1874 -2.9561 3.5656, -0.2056 -2.9531 3.55, 0.0221 -2.9412 3.2045, 0.0555 -2.9378 3.1107, 0.0324 -2.9348 3.1043, 0.0831 -2.9332 2.9738, 0.0888 -2.9322 2.9457, 0.065 -2.9293 2.9427, 0.0575 -2.916 2.5, 0.0389 -2.9131 2.425, 0.0161 -2.9102 2.4326, -0.0232 -2.9072 2.2755, -0.029 -2.9067 2.2617, -0.0504 -2.9037 2.2726, -0.1506 -2.8988 2.0739, -0.2267 -2.8947 1.9815, -0.2441 -2.8917 1.998, -0.315 -2.8908 1.9009, -0.3507 -2.8892 1.8684, -0.3655 -2.8862 1.8872, -0.9635 -2.8649 1.6223, -0.997 -2.8637 1.6173, -0.9987 -2.8607 1.6412, -1.4354 -2.8484 1.6711, -1.5006 -2.8461 1.6906, -1.4921 -2.8431 1.713, -1.6558 -2.8402 1.7626, -1.6567 -2.8401 1.763, -1.645 -2.8372 1.784, -1.85 -2.8315 1.9014, -1.9355 -2.8272 1.9781, -1.9181 -2.8242 1.9947, -2.0145 -2.8226 2.0741, -2.0481 -2.8207 2.1149, -2.0285 -2.8177 2.1287, -2.261 -2.7978 2.7356, -2.2631 -2.7971 2.7556, -2.2391 -2.7942 2.7564, -2.1872 -2.7804 3.2044, -2.1632 -2.7777 3.2721, -2.1413 -2.7747 3.2624, -2.0845 -2.7717 3.4198, -2.0807 -2.7714 3.4269, -2.0605 -2.7684 3.414, -1.9368 -2.7635 3.6071, -1.861 -2.76 3.6836, -1.8452 -2.757 3.6655, -1.7561 -2.7555 3.7629, -1.7246 -2.7541 3.7867, -1.7116 -2.7511 3.7665, -1.3198 -2.7381 3.9489, -1.2308 -2.7347 3.9671, -1.2278 -2.7318 3.9432, -1.0826 -2.7293 3.9747, -1.0554 -2.7284 3.9761, -1.056 -2.7254 3.9521, -0.6179 -2.7131 3.8781, -0.5634 -2.7111 3.8561, -0.574 -2.7081 3.8345, -0.2289 -2.6958 3.6069, -0.1548 -2.6918 3.5261, -0.1737 -2.6888 3.5112, -0.0825 -2.687 3.4186, -0.0565 -2.6854 3.3801, -0.0774 -2.6824 3.3682, 0.0818 -2.6707 2.9737, 0.0941 -2.6681 2.8964, 0.0702 -2.6651 2.8944, 0.096 -2.6623 2.7354, 0.0962 -2.6619 2.7222, 0.0722 -2.6589 2.7237, -0.0251 -2.6447 2.2764, -0.0528 -2.6424 2.217, -0.0738 -2.6394 2.2288, -0.3152 -2.6283 1.9014, -0.3901 -2.625 1.8385, -0.4042 -2.622 1.858, -0.5105 -2.62 1.7642, -0.538 -2.6189 1.7473, -0.549 -2.6159 1.7686, -0.9635 -2.6025 1.6235, -1.0478 -2.5994 1.6147, -1.0485 -2.5964 1.6387, -1.2021 -2.5939 1.6215, -1.2212 -2.5932 1.6223, -1.2183 -2.5902 1.6462, -1.4354 -2.5859 1.6708, -1.5463 -2.582 1.709, -1.5368 -2.579 1.7311, -1.6546 -2.5777 1.7649, -1.7003 -2.5759 1.7885, -1.6877 -2.5729 1.809, -2.1411 -2.5516 2.2762, -2.1595 -2.5502 2.3101, -2.1376 -2.5472 2.3199, -2.2592 -2.5353 2.7357, -2.2637 -2.5329 2.806, -2.2397 -2.5299 2.8058, -2.2496 -2.5267 2.9741, -2.249 -2.5265 2.9815, -2.2253 -2.5235 2.9777, -2.0825 -2.5092 3.4186, -2.0531 -2.5071 3.4686, -2.0334 -2.5042 3.4549, -1.5477 -2.4844 3.8792, -1.5241 -2.4835 3.8908, -1.5151 -2.4805 3.8685, -0.845 -2.4586 3.9516, -0.8361 -2.4583 3.9504, -0.8412 -2.4553 3.9269, -0.4093 -2.4421 3.7626, -0.3713 -2.4405 3.7381, -0.3858 -2.4375 3.7189, 0.0233 -2.4162 3.2048, 0.0346 -2.4152 3.1783, 0.0119 -2.4122 3.1705, -1.1805 -3.9563 3.874, -1.1317 -3.9561 3.8762, -1.1324 -3.9379 3.8771, -0.1563 -3.9252 2.1763, -0.1587 -3.9251 2.1728, -0.17 -3.9087 2.181, -1.8381 -3.8791 1.9154, -1.903 -3.8764 1.9716, -2.2242 -3.8558 2.4997, -2.24 -3.8538 2.5592, -2.2164 -3.8508 2.564, -1.9198 -2.4016 3.482, -1.9744 -2.4016 3.4098, -1.9749 -2.4254 3.4111, -2.155 -2.4016 2.9684, -2.1558 -2.4016 2.9625, -2.1526 -2.4208 2.9626, -2.1333 -2.4016 2.4929, -2.132 -2.4016 2.4889, -2.1265 -2.4165 2.491, -1.0702 -2.4016 1.6146, -1.0701 -2.4016 1.6142, -1.0408 -2.4026 1.6149, -1.0739 -2.4016 1.6193, -1.0411 -2.403 1.6235, -1.0778 -2.4016 1.6215, -1.0807 -2.4016 1.6227, -1.0714 -2.4016 1.6172, -1.0706 -2.4016 1.6159, -1.0702 -2.4016 1.615, -1.0421 -2.4085 1.6483, -1.0932 -2.4016 1.627, -1.0825 -2.4016 1.6235, -1.2322 -2.4016 1.6575, -1.2124 -2.4016 1.6529, -1.2107 -2.4023 1.6547, -1.2109 -2.4016 1.6526, -1.1436 -2.4016 1.6385, -1.5144 -2.4016 1.7555, -1.4781 -2.4016 1.7374, -1.3671 -2.407 1.7047, -1.3698 -2.4016 1.6957, -1.3692 -2.4016 1.6956, -1.658 -2.4101 1.8466, -1.6618 -2.4016 1.8397, -1.628 -2.4016 1.8165, -1.5804 -2.4016 1.7884, -1.513 -2.4162 1.7727, -1.8312 -2.4016 1.978, -1.8027 -2.4016 1.9492, -1.7929 -2.4036 1.9429, -1.7938 -2.4016 1.9417, -1.7186 -2.4016 1.8788, -1.9127 -2.4016 2.0654, -1.9097 -2.4016 2.0619, -1.9034 -2.4141 2.068, -1.8803 -2.4016 2.0277, -2.079 -2.4016 2.338, -2.034 -2.4016 2.245, -2.0027 -2.4077 2.1986, -2.0048 -2.4016 2.197, -1.9777 -2.4016 2.1524, -2.1004 -2.4016 2.3904, -2.0722 -2.4222 2.3448, -2.0816 -2.4016 2.3432, -2.1561 -2.4016 2.5975, -2.1686 -2.4016 2.7044, -2.1612 -2.4016 2.6415, -2.1591 -2.411 2.6422, -2.1653 -2.4016 2.8853, -2.1681 -2.4016 2.8626, -2.1699 -2.4049 2.8009, -2.1698 -2.4016 2.8008, -2.171 -2.4016 2.7561, -2.1154 -2.4143 3.1211, -2.1168 -2.4016 3.1228, -2.1316 -2.4016 3.0734, -1.9752 -2.4016 3.4086, -2.0316 -2.4016 3.3179, -2.0552 -2.4077 3.2718, -2.0547 -2.4016 3.2713, -2.0789 -2.4016 3.2224, -1.7848 -2.4016 3.6194, -1.8482 -2.4016 3.5608, -1.8771 -2.4196 3.5329, -1.8756 -2.4016 3.5307, -1.6349 -2.4081 3.7282, -1.6342 -2.4016 3.7265, -1.6565 -2.4016 3.7139, -1.7436 -2.4016 3.653, -1.7647 -2.4141 3.6379, -1.764 -2.4016 3.6364, -1.4858 -2.4016 3.8007, -1.4899 -2.4016 3.7989, -1.4899 -2.4024 3.7991, -1.5638 -2.4016 3.7662, -1.4154 -2.4016 3.8277, -1.4657 -2.4016 3.8096, -1.4918 -2.422 3.8054, -1.1744 -2.4089 3.8813, -1.1744 -2.4016 3.8775, -1.2077 -2.4016 3.8749, -1.3128 -2.4016 3.8563, -1.3358 -2.4154 3.8553, -1.335 -2.4016 3.8501, -0.9854 -2.4016 3.8795, -1.0132 -2.4016 3.8816, -1.0131 -2.403 3.8823, -1.0368 -2.4016 3.8834, -1.1005 -2.4016 3.8833, -0.7219 -2.4016 3.8285, -0.8257 -2.4016 3.8571, -0.8543 -2.4158 3.8714, -0.8566 -2.4016 3.8625, -0.9307 -2.4016 3.8753, -0.7045 -2.4103 3.8283, -0.7067 -2.4016 3.823, -0.4974 -2.4016 3.7254, -0.559 -2.4016 3.7607, -0.5586 -2.4043 3.7625, -0.5596 -2.4016 3.7609, -0.6572 -2.4016 3.8051, -0.5505 -2.4223 3.7763, -0.411 -2.416 3.6866, -0.4653 -2.4016 3.707, -0.2912 -2.4016 3.5704, -0.296 -2.4016 3.5753, -0.2851 -2.4094 3.576, -0.3763 -2.4016 3.6442, -0.4202 -2.4016 3.6751, -0.2203 -2.4016 3.4973, -0.1772 -2.4029 3.4478, -0.1794 -2.4016 3.4462, -0.0737 -2.4096 3.315, -0.0913 -2.4016 3.32, -0.1616 -2.4159 3.4585, -0.152 -2.4016 3.4121, -0.1581 -2.4016 3.4196, -0.0022 -2.4016 3.1357, -0.0137 -2.4016 3.162, -0.0091 -2.4037 3.1636, -0.0465 -2.4016 3.2373, -0.0855 -2.4016 3.3092, 0.0539 -2.4068 3.0121, 0.0332 -2.4016 3.0297, 0.0083 -2.4016 3.1041, 0.0706 -2.4016 2.874, 0.061 -2.4016 2.919, 0.0384 -2.4016 3.0092, 0.0966 -2.4016 2.7832, 0.0973 -2.4038 2.8465, 0.0976 -2.4016 2.7828, 0.0984 -2.4016 2.7827, 0.0965 -2.4016 2.7833, 0.0951 -2.4016 2.7843, 0.0948 -2.4016 2.7846, 0.0923 -2.4016 2.7881, 0.0914 -2.4016 2.7897, 0.0831 -2.4016 2.8152, -2.2048 -3.8583 2.4268, -2.1917 -3.8595 2.3926, -2.194 -3.8593 2.3984, -2.1724 -3.8563 2.4061, -2.1044 -3.8622 2.2523, -2.1376 -3.8637 2.2779, -2.1461 -3.8631 2.2926, -2.0218 -3.8708 2.1002, -2.0273 -3.8705 2.1068, -2.0913 -3.8668 2.1972, -2.1186 -3.865 2.2448, -1.9104 -3.8761 1.9779, -1.9863 -3.8726 2.0572, -2.0058 -3.8716 2.0808, -1.7668 -3.8818 1.863, -1.8272 -3.8796 1.906, -1.6913 -3.8845 1.8137, -1.737 -3.8829 1.8417, -1.754 -3.8732 1.8801, -1.7533 -3.8823 1.8533, -1.4923 -3.8905 1.7219, -1.594 -3.8875 1.7632, -1.6111 -3.8795 1.7908, -1.6191 -3.8867 1.7762, -1.6418 -3.886 1.788, -1.4257 -3.8922 1.7019, -1.4645 -3.8912 1.7135, -1.4602 -3.8854 1.7249, -1.3052 -3.8909 1.6823, -1.329 -3.8946 1.6774, -1.3864 -3.8932 1.6901, -1.1141 -3.9 1.6563, -1.1423 -3.8993 1.6577, -1.142 -3.8968 1.6618, -1.1981 -3.8979 1.6605, -1.2221 -3.8973 1.6617, -1.307 -3.8952 1.6741, -0.9738 -3.9031 1.6655, -0.9738 -3.9035 1.665, -1.0051 -3.9027 1.6613, -0.9399 -3.9044 1.6696, -0.9474 -3.9042 1.6682, -0.9678 -3.9037 1.6657, -0.8413 -3.9069 1.6888, -0.9752 -3.89 1.6844, -0.7375 -3.9095 1.7194, -0.7445 -3.9093 1.7174, -0.8102 -3.8966 1.713, -0.8071 -3.9077 1.6989, -0.4088 -3.9179 1.8989, -0.497 -3.9157 1.8362, -0.5033 -3.9095 1.8413, -0.5375 -3.9146 1.813, -0.5907 -3.9132 1.7823, -0.6512 -3.9031 1.766, -0.6363 -3.9121 1.7601, -0.6472 -3.9118 1.7558, -0.3264 -3.9201 1.9701, -0.3539 -3.9194 1.9464, -0.371 -3.9154 1.9356, -0.3692 -3.919 1.9332, -0.2136 -3.9233 2.0956, -0.2182 -3.9231 2.0891, -0.2566 -3.9209 2.0448, -0.2566 -3.922 2.0448, -0.2882 -3.9211 2.0083, -0.2013 -3.9237 2.113, -0.268 -3.9029 2.056, -0.0399 -3.9303 2.4176, -0.0792 -3.9283 2.3182, -0.0894 -3.915 2.3224, -0.0851 -3.928 2.306, -0.1025 -3.9273 2.2698, -0.0103 -3.9323 2.5205, -0.0111 -3.9323 2.5178, -0.0299 -3.9215 2.4762, -0.0237 -3.9314 2.474, 0.0106 -3.9345 2.6367, 0.0094 -3.9343 2.6265, 0.0186 -3.9373 2.8009, 0.0196 -3.937 2.782, 0.0178 -3.9363 2.7395, 0.015 -3.9352 2.6752, -0.0054 -3.9215 2.9603, 0.0032 -3.9398 2.9609, 0.0081 -3.9393 2.9285, -0.0131 -3.941 3.0452, -0.002 -3.9403 2.9955, 0.0031 -3.9398 2.9616, -0.1339 -3.9453 3.34, -0.0912 -3.9441 3.2592, -0.0957 -3.9328 3.2576, -0.0839 -3.9439 3.2453, -0.0554 -3.9429 3.1757, -0.0436 -3.9424 3.147, -0.0396 -3.927 3.1111, -0.0333 -3.9419 3.1125, -0.1609 -3.946 3.3834, -0.1548 -3.9458 3.3736, -0.2922 -3.9486 3.5467, -0.2745 -3.9483 3.5267, -0.2234 -3.9474 3.4692, -0.1723 -3.9462 3.399, -0.4109 -3.9505 3.6522, -0.3941 -3.9502 3.6388, -0.3977 -3.9318 3.6355, -0.3726 -3.9499 3.6215, -0.3463 -3.9495 3.5971, -0.5911 -3.9526 3.7645, -0.5287 -3.9519 3.7297, -0.5303 -3.9383 3.7281, -0.4982 -3.9516 3.7127, -0.4617 -3.9511 3.6874, -0.6548 -3.9531 3.7924, -0.7378 -3.9538 3.8246, -0.6893 -3.9535 3.8074, -0.6717 -3.9533 3.7998, -0.8645 -3.9547 3.8568, -0.84 -3.9545 3.8526, -0.8189 -3.9544 3.8468, -0.9731 -3.9317 3.8727, -0.9722 -3.9553 3.8727, -0.9631 -3.9553 3.872, -1.0827 -3.9559 3.8784, -1.0745 -3.9558 3.8788, -1.0511 -3.9557 3.8785, -1.3005 -3.9566 3.8553, -1.2927 -3.9566 3.8572, -1.2856 -3.9566 3.8589, -1.5097 -3.9566 3.7903, -1.4494 -3.9567 3.8127, -1.4107 -3.9567 3.8271, -1.3894 -3.9567 3.8336, -1.6063 -3.9563 3.7434, -1.5977 -3.9563 3.7475, -1.6005 -3.935 3.7513, -1.5762 -3.9564 3.758, -1.6978 -3.9558 3.6874, -1.735 -3.9412 3.6651, -1.7016 -3.9557 3.6845, -1.732 -3.9555 3.662, -1.7706 -3.9551 3.6333, -1.8522 -3.9468 3.5633, -1.8506 -3.9541 3.5621, -1.773 -3.8782 3.7122, -1.804 -3.8747 3.7097, -1.8966 -3.8838 3.6045, -1.891 -3.8797 3.6267, -1.9045 -3.8806 3.6123, -1.7182 -3.8702 3.7767, -1.7489 -3.8718 3.7526, -1.7833 -3.8736 3.7258, -1.6429 -3.8666 3.8247, -1.6468 -3.8668 3.8222, -1.6313 -3.8721 3.8034, -1.4468 -3.8583 3.9189, -1.4854 -3.8598 3.9026, -1.4835 -3.8602 3.8972, -1.5468 -3.8624 3.8769, -1.5477 -3.8624 3.8765, -1.6258 -3.8658 3.8356, -1.3155 -3.8532 3.9532, -1.3204 -3.8534 3.9519, -1.3138 -3.8536 3.9448, 0.0767 -2.4016 2.8455, 0.0825 -2.4083 2.9739, 0.0775 -2.4097 3.0166, -0.0325 -2.4211 3.3358, -0.0539 -2.4181 3.3249, -0.0831 -2.4246 3.4184, -0.1436 -2.4244 3.4712, -0.124 -2.4274 3.4852, -0.2275 -2.4333 3.6083, -0.2553 -2.431 3.6042, -0.2381 -2.434 3.6209, -0.6837 -2.4498 3.8814, -0.6754 -2.4528 3.9039, -0.6181 -2.4506 3.878, -1.1781 -2.4674 3.9484, -1.18 -2.4704 3.9724, -1.0826 -2.4669 3.9732, -1.3495 -2.4739 3.9212, -1.355 -2.4769 3.9446, -1.3201 -2.4756 3.9501, -1.8085 -2.4929 3.6964, -1.8236 -2.4959 3.7151, -1.7556 -2.493 3.7621, -1.9288 -2.4984 3.5846, -1.9463 -2.5014 3.601, -1.9382 -2.501 3.6085, -2.1416 -2.5134 3.3183, -2.185 -2.5169 3.1469, -2.2079 -2.5199 3.1542, -2.1876 -2.5179 3.2044, -2.2527 -2.5389 2.6335, -2.1948 -2.5415 2.4758, -2.2179 -2.5445 2.4692, -2.2243 -2.5435 2.4996, -2.0766 -2.5564 2.1572, -1.8515 -2.569 1.8997, -1.9702 -2.5628 2.016, -1.9521 -2.5599 2.0318, -2.0141 -2.5602 2.0742, -1.8278 -2.5664 1.9101, -1.8433 -2.5694 1.8917, -1.3808 -2.5846 1.6773, -1.387 -2.5876 1.6541, -0.8765 -2.6028 1.6567, -0.8722 -2.6058 1.6331, -0.7081 -2.6094 1.7005, -0.7004 -2.6124 1.6778, -0.7296 -2.6113 1.6702, -0.2772 -2.6277 1.9646, -0.2605 -2.6307 1.9473, -0.1674 -2.6333 2.0874, -0.1484 -2.6363 2.0727, -0.1487 -2.6363 2.0723, 0.0218 -2.6488 2.3767, 0.0486 -2.6524 2.5521, 0.072 -2.6554 2.547, 0.0582 -2.6535 2.5, 0.0237 -2.6787 3.2051, 0.0674 -2.6738 3.0641, 0.044 -2.6708 3.0586, -0.0046 -2.6763 3.2156, 0.0178 -2.6793 3.2243, -0.2913 -2.6953 3.6394, -0.2748 -2.6983 3.6569, -0.4263 -2.7019 3.7482, -0.4127 -2.7048 3.7679, -0.4082 -2.7046 3.7644, -0.7214 -2.7169 3.9198, -0.8882 -2.7194 3.9359, -0.8841 -2.7224 3.9596, -0.8454 -2.7211 3.9501, -1.3982 -2.7383 3.9085, -1.4047 -2.7413 3.9316, -1.5612 -2.7448 3.8488, -1.5711 -2.7478 3.8707, -1.5479 -2.7469 3.8792, -1.9605 -2.7625 3.5491, -1.9787 -2.7655 3.5647, -2.2224 -2.7843 3.105, -2.2321 -2.7878 2.9281, -2.256 -2.7908 2.9308, -2.2477 -2.7892 2.9737, -2.2449 -2.8031 2.585, -2.1424 -2.814 2.2754, -2.2036 -2.8085 2.4229, -2.1807 -2.8056 2.4305, -2.2232 -2.8059 2.5, -2.1166 -2.8114 2.2758, -2.1381 -2.8144 2.265, -1.7888 -2.8308 1.8786, -1.8035 -2.8338 1.8596, -1.3401 -2.8516 1.6426, -1.1698 -2.8544 1.6415, -1.1716 -2.8574 1.6175, -1.2019 -2.8564 1.622, -0.8219 -2.8702 1.6433, -0.51 -2.8825 1.7637, -0.6522 -2.8768 1.6954, -0.661 -2.8738 1.7178, -0.7301 -2.8737 1.6715, -0.5055 -2.8802 1.7924, -0.4936 -2.8832 1.7716, -0.1385 -2.8975 2.1265, -0.1189 -2.9004 2.1126, 0.0581 -2.9167 2.6014, 0.0817 -2.9197 2.5974, 0.0742 -2.9232 2.7734, 0.0982 -2.9262 2.7729, 0.0947 -2.9248 2.7357, -0.0232 -2.9405 3.2604, -0.0012 -2.9435 3.27, -0.1029 -2.9467 3.4108, -0.0825 -2.9496 3.4235, -0.0806 -2.9495 3.4199, -0.313 -2.9627 3.6912, -0.4679 -2.9662 3.7755, -0.4551 -2.9692 3.7959, -0.4097 -2.9671 3.7624, -1.0828 -2.9918 3.9749, -0.9328 -2.9865 3.9668, -0.9359 -2.9836 3.943, -1.1054 -2.9897 3.9521, -1.1059 -2.9926 3.9762, -1.6061 -3.0092 3.8272, -1.617 -3.0121 3.8486, -1.7521 -3.0154 3.7391, -1.7659 -3.0183 3.7587, -1.757 -3.018 3.7641, -2.0099 -3.0296 3.5268, -2.086 -3.0327 3.3717, -2.1068 -3.0356 3.3837, -2.0831 -3.0342 3.4187, -2.2368 -3.0522 2.8783, -2.2607 -3.0551 2.8801, -2.2364 -3.0584 2.7074, -2.2604 -3.0614 2.7056, -2.2604 -3.0603 2.7355, -2.0935 -3.0757 2.2323, -2.1145 -3.0786 2.2206, -1.7623 -3.0981 1.8293, -1.6015 -3.1014 1.761, -1.6123 -3.1044 1.7396, -1.6545 -3.1026 1.7648, -0.9632 -3.1274 1.6214, -1.1216 -3.1216 1.6148, -1.1208 -3.1187 1.6388, -0.949 -3.125 1.6459, -0.9462 -3.128 1.6221, -0.4633 -3.1444 1.8179, -0.4505 -3.1474 1.7976, -0.3284 -3.1503 1.9178, -0.3128 -3.1533 1.8996, -0.3134 -3.1533 1.8991, -0.0909 -3.1647 2.154, -0.0288 -3.168 2.3176, -0.0069 -3.171 2.3077, -0.0241 -3.1697 2.2761, 0.0892 -3.1841 2.648, 0.0835 -3.1957 2.974, 0.0981 -3.1904 2.8233, 0.0741 -3.1874 2.8228, 0.0936 -3.1872 2.7356, 0.0578 -3.1934 2.9904, 0.0815 -3.1964 2.9944, -0.1303 -3.211 3.4524, -0.1105 -3.214 3.466, -0.4985 -3.2334 3.8218, -0.6629 -3.2365 3.8735, -0.6542 -3.2394 3.8959, -0.6179 -3.238 3.8786, -0.9822 -3.2507 3.9721, -1.3203 -3.263 3.9514, -1.1566 -3.2569 3.9741, -1.1551 -3.254 3.9501, -1.0827 -3.2543 3.9732, -1.3268 -3.2605 3.9263, -1.3319 -3.2634 3.9498, -1.7911 -3.2795 3.7102, -1.8057 -3.2825 3.7292, -2.1097 -3.297 3.3282, -2.1311 -3.2999 3.3393, -2.1778 -3.3034 3.1689, -2.2005 -3.3064 3.1767, -2.1885 -3.3053 3.2047, -2.2317 -3.3226 2.659, -2.2556 -3.3256 2.6562, -2.2006 -3.3282 2.4967, -2.2238 -3.3312 2.4906, -2.2255 -3.3309 2.4993, -2.089 -3.3429 2.177, -1.9673 -3.3464 2.0494, -1.9856 -3.3494 2.0339, -2.0145 -3.3476 2.0739, -1.4017 -3.3713 1.683, -1.4083 -3.3743 1.66, -0.8993 -3.3894 1.6528, -0.8955 -3.3923 1.6291, -0.7301 -3.3959 1.6932, -0.7228 -3.3989 1.6703, -0.7292 -3.3987 1.6688, -0.4088 -3.4116 1.8253, -0.293 -3.4144 1.9495, -0.2766 -3.4174 1.932, -0.3149 -3.4157 1.9011, -0.0091 -3.4323 2.3637, 0.0132 -3.4353 2.3547, 0.0435 -3.4389 2.5294, 0.0668 -3.4419 2.5239, 0.0592 -3.4409 2.4997, 0.0488 -3.4575 3.0373, 0.0723 -3.4605 3.0423, -0.1404 -3.4783 3.5074, -0.2745 -3.4819 3.6233, -0.2577 -3.4848 3.6405, -0.2285 -3.4832 3.6074, -0.8452 -3.5085 3.9511, -0.7002 -3.5036 3.9127, -0.708 -3.5006 3.89, -0.8664 -3.5061 3.932, -0.8619 -3.509 3.9556, -1.3758 -3.5248 3.9146, -1.3818 -3.5278 3.9379, -1.5401 -3.5314 3.8581, -1.5495 -3.5344 3.8802, -1.5484 -3.5343 3.8806, -1.844 -3.5466 3.6983, -1.946 -3.5491 3.5656, -1.9639 -3.5521 3.5817, -1.9373 -3.5509 3.6075, -2.1535 -3.5642 3.2936, -2.2488 -3.5766 2.9739, -2.216 -3.5708 3.1278, -2.193 -3.5678 3.121, -2.1872 -3.5678 3.2043, -2.2292 -3.5744 2.951, -2.253 -3.5773 2.9542, -2.1875 -3.5922 2.4514, -2.2104 -3.5952 2.4443, -1.934 -3.6108 2.0117, -1.9517 -3.6137 1.9954, -1.807 -3.6173 1.8929, -1.822 -3.6203 1.8742, -1.8505 -3.6189 1.9008, -1.5217 -3.6328 1.6988, -1.2021 -3.6438 1.6208, -1.3619 -3.6383 1.6476, -1.3562 -3.6353 1.671, -1.4354 -3.6357 1.6712, -1.1922 -3.641 1.6434, -1.1946 -3.644 1.6195, -0.6826 -3.6603 1.7096, -0.6743 -3.6633 1.687, -0.2422 -3.6814 1.9655, -0.1516 -3.6841 2.1083, -0.1323 -3.6871 2.094, -0.1499 -3.6861 2.0734, 0.0539 -3.7033 2.5786, 0.0775 -3.7062 2.5741, 0.0735 -3.7097 2.7505, 0.0975 -3.7127 2.7495, 0.0959 -3.7122 2.7356, 0.0613 -3.7245 3.0893, -0.0144 -3.7271 3.2398, 0.0078 -3.7301 3.249, 0.0226 -3.7285 3.2047, -0.3112 -3.7462 3.6577, -0.2952 -3.7492 3.6756, -0.4486 -3.7527 3.7632, -0.4354 -3.7557 3.7832, -0.4092 -3.7545 3.7631, -0.9138 -3.7702 3.94, -0.9103 -3.7732 3.9637, -1.4312 -3.7922 3.9238, -1.5855 -3.7957 3.8374, -1.5959 -3.7987 3.859, -1.5474 -3.7968 3.8781, -2.084 -3.8215 3.4193, -1.9957 -3.8162 3.5445, -1.9772 -3.8132 3.5293, -2.0744 -3.8192 3.3914, -2.095 -3.8222 3.4038, -2.2349 -3.8387 2.9013, -2.2588 -3.8417 2.9035, -2.2379 -3.845 2.73, -2.2619 -3.848 2.7286, -2.2618 -3.8477 2.7354, -0.3993 -2.429 3.7015, -0.2713 -2.4225 3.5889, -0.6984 -2.4283 3.8431, -0.5411 -2.4354 3.7927, -1.0118 -2.4216 3.8931, -0.8504 -2.4338 3.8869, -0.6915 -2.4413 3.8607, -0.5303 -2.4439 3.812, -0.5188 -2.4469 3.8331, -1.1746 -2.4279 3.8915, -1.0102 -2.4396 3.909, -0.846 -2.4468 3.9053, -1.3375 -2.4344 3.8654, -1.1753 -2.4459 3.9075, -1.0085 -2.4527 3.9278, -1.6372 -2.4283 3.7335, -1.495 -2.441 3.8152, -1.3406 -2.4524 3.8811, -1.1765 -2.4589 3.9264, -1.0068 -2.4611 3.9499, -1.0052 -2.4641 3.9738, -1.7678 -2.4343 3.6428, -1.6418 -2.4474 3.7427, -1.5004 -2.459 3.8302, -1.3446 -2.4655 3.8996, -1.8809 -2.4399 3.5373, -1.7737 -2.4534 3.6512, -1.6494 -2.4653 3.7567, -1.5071 -2.472 3.8479, -1.6587 -2.4784 3.7732, -1.7833 -2.4714 3.664, -1.8879 -2.4589 3.5448, -1.9792 -2.4456 3.415, -2.0558 -2.4316 3.273, -1.9749 -2.4016 3.4091, -2.1163 -2.4381 3.1223, -2.0607 -2.4519 3.2762, -1.9872 -2.4646 3.4214, -1.8992 -2.4769 3.5561, -1.7949 -2.4844 3.679, -1.6697 -2.4869 3.7924, -1.6818 -2.4899 3.8131, -2.1656 -2.4272 2.8017, -2.1536 -2.4447 2.9637, -2.1215 -2.4584 3.1247, -2.0696 -2.4709 3.2813, -2.0 -2.4826 3.431, -1.9128 -2.4899 3.5693, -2.1549 -2.4333 2.6436, -2.1667 -2.4511 2.8025, -2.1592 -2.4649 2.9653, -2.1311 -2.4774 3.1284, -2.0837 -2.4889 3.2889, -2.0153 -2.4957 3.4421, -2.1226 -2.4389 2.493, -2.1562 -2.4572 2.6442, -2.1725 -2.4713 2.8033, -2.1692 -2.4839 2.9675, -2.1462 -2.4954 3.1338, -2.1004 -2.5019 3.2977, -2.1201 -2.5104 3.3077, -2.1641 -2.5084 3.14, -2.1849 -2.5019 2.9706, -2.1827 -2.4904 2.804, -2.162 -2.4774 2.6442, -2.1239 -2.4627 2.4935, -2.0686 -2.4446 2.3473, -1.9953 -2.4284 2.2043, -2.0802 -2.4016 2.3404, -1.785 -2.4207 1.9532, -1.8969 -2.4349 2.0747, -1.9921 -2.4507 2.2073, -2.07 -2.4684 2.3476, -2.1296 -2.483 2.4926, -2.1722 -2.4964 2.6434, -2.1987 -2.5084 2.8048, -2.2035 -2.515 2.974, -1.8593 -3.926 3.5694, -1.7411 -3.9204 3.6721, -1.6518 -2.4272 1.858, -1.7796 -2.4415 1.9608, -1.8942 -2.4572 2.0782, -1.9935 -2.4746 2.2074, -2.0755 -2.4887 2.3458, -2.1397 -2.502 2.4904, -2.1882 -2.5144 2.6418, -2.2176 -2.5214 2.8053, -2.2069 -2.5275 2.6396, -2.1552 -2.52 2.4865, -2.0851 -2.5077 2.3422, -1.9987 -2.4948 2.2049, -1.8956 -2.4811 2.078, -1.7775 -2.4638 1.9646, -1.6476 -2.4479 1.8663, -1.5085 -2.4333 1.7848, -1.3631 -2.4218 1.7218, -1.8689 -3.9089 3.5781, -1.7493 -3.9033 3.6821, -1.6056 -3.9143 3.7591, -1.5105 -3.9566 3.7899, -1.5187 -2.4016 1.7576, -1.2087 -2.4126 1.6752, -1.251 -2.4016 1.6618, -1.8817 -3.8941 3.5902, -1.7603 -3.8885 3.6959, -1.6123 -3.8972 3.7702, -1.4562 -3.9078 3.8263, -1.2949 -3.922 3.8616, -0.6736 -3.9204 3.798, -0.8199 -3.9037 3.8503, -0.9734 -3.9094 3.877, -0.9732 -3.8886 3.8863, -1.1346 -3.8948 3.8906, -1.1358 -3.8777 3.9035, -1.3005 -3.8842 3.8832, -1.3044 -3.8694 3.9003, -1.4676 -3.876 3.8546, -1.4749 -3.8656 3.8739, -1.6211 -3.8824 3.7854, -1.4611 -3.8907 3.8382, -1.2974 -3.9013 3.8706, -1.1334 -3.9155 3.8813, -0.9445 -3.9552 3.8706, -0.8669 -2.4095 1.6427, -2.1174 -2.5387 2.3288, -2.0376 -2.5449 2.1818, -2.0215 -2.5318 2.1917, -1.9209 -2.5383 2.0584, -1.9085 -2.5203 2.0685, -1.7902 -2.5269 1.9529, -1.7831 -2.5079 1.9603, -1.6509 -2.5143 1.8653, -1.6473 -2.4941 1.8699, -1.5058 -2.5002 1.7972, -1.5046 -2.4764 1.7979, -1.3584 -2.482 1.748, -1.3587 -2.4596 1.7437, -1.2059 -2.4653 1.7151, -1.2063 -2.4445 1.7057, -1.0453 -2.4506 1.6994, -1.0443 -2.4335 1.6865, -0.8794 -2.44 1.7046, -0.8757 -2.4252 1.6873, -0.712 -2.4318 1.7309, -0.7049 -2.4215 1.7115, -0.5475 -2.428 1.78, -0.5358 -2.4225 1.7581, -0.3895 -2.4287 1.8495, -1.8134 -2.558 1.9268, -1.6759 -2.5644 1.8277, -1.6657 -2.5514 1.8436, -1.5202 -2.5575 1.7685, -1.5133 -2.5395 1.783, -1.3649 -2.5451 1.732, -1.3616 -2.5261 1.7417, -1.2086 -2.5317 1.7127, -1.2072 -2.5115 1.7184, -1.0481 -2.5176 1.7117, -1.0472 -2.4937 1.7129, -0.8863 -2.5002 1.7303, -0.8848 -2.4779 1.7262, -0.7267 -2.4844 1.768, -0.723 -2.4637 1.7594, -0.5725 -2.4702 1.8246, -0.566 -2.4531 1.8135, -0.4275 -2.4592 1.8999, -0.4167 -2.4444 1.886, -0.2937 -2.4501 1.9904, -0.279 -2.4398 1.9759, -0.1707 -2.4454 2.0984, -0.1509 -2.4399 2.0834, -0.0569 -2.446 2.2272, -1.528 -2.5705 1.7513, -1.3749 -2.5761 1.6985, -1.3696 -2.5631 1.7167, -1.2129 -2.5687 1.6868, -1.2104 -2.5507 1.7026, -1.0489 -2.5568 1.6957, -1.0486 -2.5378 1.706, -0.8866 -2.5443 1.7232, -0.887 -2.5241 1.729, -0.7293 -2.5307 1.7704, -0.7289 -2.5068 1.7718, -0.5802 -2.5132 1.836, -0.5775 -2.4909 1.8325, -0.4417 -2.4971 1.9171, -0.4356 -2.4763 1.91, -0.3158 -2.482 2.0115, -0.3063 -2.4649 2.0027, -0.2016 -2.4705 2.121, -0.1873 -2.4557 2.1107, -0.0969 -2.4618 2.2489, -0.0787 -2.4515 2.2391, -0.0071 -2.4579 2.3947, 0.0162 -2.4524 2.3862, 0.0651 -2.459 2.5556, -1.2155 -2.5818 1.6681, -1.049 -2.5748 1.6797, -0.8854 -2.5633 1.713, -0.7281 -2.5509 1.7647, -0.5804 -2.5371 1.8346, -0.4449 -2.5194 1.9201, -0.3228 -2.5027 2.0176, -0.2122 -2.4876 2.1284, -0.1125 -2.4765 2.257, -0.0265 -2.4682 2.4017, 0.0408 -2.4645 2.5605, 0.088 -2.4655 2.7296, -1.0489 -2.5879 1.6608, -0.8802 -2.5944 1.6785, -0.8832 -2.5813 1.6972, -0.7208 -2.5879 1.7395, -0.7254 -2.5699 1.7548, -0.5742 -2.5764 1.8197, -0.5784 -2.5573 1.8291, -0.4421 -2.5635 1.9136, -0.4449 -2.5433 1.9187, -0.3262 -2.549 2.0188, -0.3264 -2.5251 2.0202, -0.2239 -2.5306 2.1355, -0.2201 -2.5083 2.1335, -0.1326 -2.5144 2.2667, -0.1241 -2.4936 2.2628, -0.0555 -2.5001 2.4113, -0.0432 -2.483 2.4074, 0.0032 -2.4895 2.5676, 0.0205 -2.4748 2.5644, 0.0426 -2.4813 2.7317, 0.0633 -2.471 2.7309, 0.0603 -2.4772 2.9002, 0.085 -2.4717 2.9025, 0.0575 -2.4774 3.0689, -0.559 -2.6074 1.7883, -0.4169 -2.6136 1.8761, -0.4277 -2.6005 1.8916, -0.3053 -2.6062 1.9944, -0.316 -2.5882 2.0063, -0.2117 -2.5938 2.1233, -0.2194 -2.5747 2.13, -0.1315 -2.5808 2.2633, -0.1361 -2.5606 2.2668, -0.068 -2.5671 2.4135, -0.0688 -2.5432 2.4147, -0.0232 -2.5497 2.571, -0.0188 -2.5274 2.5709, 0.0027 -2.5339 2.7322, 0.0121 -2.5131 2.7324, 0.0094 -2.5194 2.8941, 0.0222 -2.5022 2.8959, -0.0036 -2.508 3.0533, 0.0134 -2.4932 3.0578, -0.0348 -2.4987 3.2105, -0.0158 -2.4884 3.2184, -0.0888 -2.4945 3.3693, -0.0674 -2.489 3.3818, -0.1658 -2.4954 3.5262, -0.0929 -2.6309 2.2398, -0.0213 -2.6373 2.3933, -0.0388 -2.6243 2.4004, 0.0086 -2.6308 2.5613, -0.0069 -2.6128 2.5653, 0.0154 -2.6193 2.7285, 0.0052 -2.6003 2.7297, 0.003 -2.6065 2.8905, -0.0028 -2.5863 2.8907, -0.0276 -2.5921 3.0445, -0.0289 -2.5682 3.0451, -0.075 -2.5737 3.1919, -0.0713 -2.5514 3.1942, -0.1402 -2.5574 3.3373, -0.1325 -2.5366 3.3426, -0.2243 -2.543 3.4777, -0.2146 -2.5259 3.4862, -0.3279 -2.5325 3.6085, -0.3163 -2.5177 3.6217, -0.4484 -2.5242 3.727, -0.4371 -2.5139 3.7442, -0.5841 -2.5202 3.829, -0.5734 -2.5147 3.8514, -0.7307 -2.5205 3.9137, 0.0502 -2.6504 2.7253, 0.0481 -2.6566 2.8927, 0.0293 -2.6435 2.8915, 0.004 -2.6493 3.0499, -0.0117 -2.6313 3.0469, -0.0582 -2.6368 3.1961, -0.068 -2.6178 3.1929, -0.1367 -2.6238 3.3366, -0.1421 -2.6036 3.3343, -0.2326 -2.61 3.4681, -0.234 -2.5861 3.468, -0.3445 -2.5927 3.5876, -0.3421 -2.5704 3.5913, -0.4694 -2.5769 3.6931, -0.4648 -2.5561 3.7011, -0.6051 -2.5624 3.7824, -0.6 -2.5453 3.7942, -0.7487 -2.5511 3.8533, -0.7439 -2.5363 3.8703, -0.8993 -2.5418 3.9074, -0.8963 -2.5315 3.9278, -1.0628 -2.5375 3.9428, -1.0625 -2.532 3.9677, -1.2366 -2.5384 3.9577, 0.0225 -2.6623 3.0538, -0.0253 -2.6679 3.2078, -0.0431 -2.6548 3.2013, -0.1133 -2.6608 3.3485, -0.1275 -2.6428 3.3411, -0.2192 -2.6492 3.4769, -0.2277 -2.6302 3.4711, -0.3386 -2.6368 3.5916, -0.3431 -2.6166 3.5879, -0.4698 -2.6231 3.6895, -0.4712 -2.5992 3.6891, -0.6096 -2.6055 3.7695, -0.6085 -2.5831 3.7737, -0.7542 -2.5889 3.8317, -0.7521 -2.5682 3.8408, -0.9033 -2.5737 3.8771, -0.9017 -2.5566 3.8899, -1.0627 -2.5625 3.9046, -1.0628 -2.5478 3.9222, -1.2302 -2.5541 3.9127, -1.2332 -2.5438 3.9331, -1.402 -2.5504 3.8977, -1.409 -2.5449 3.9215, -1.5738 -2.5515 3.86, -0.0967 -2.6739 3.3575, -0.2063 -2.6672 3.4864, -0.3311 -2.6558 3.5986, -0.466 -2.6433 3.6939, -0.6084 -2.6294 3.7701, -0.7547 -2.6113 3.8274, -0.9041 -2.5944 3.8677, -1.0623 -2.5796 3.8916, -1.2274 -2.5689 3.8953, -1.3959 -2.5607 3.878, -1.5633 -2.5569 3.8375, -1.7258 -2.5578 3.7757, -0.1912 -2.6803 3.4977, -0.3065 -2.6869 3.6234, -0.3198 -2.6738 3.6099, -0.4501 -2.6803 3.7148, -0.4597 -2.6623 3.7019, -0.6002 -2.6686 3.7839, -0.6052 -2.6496 3.775, -0.7512 -2.6554 3.8335, -0.7536 -2.6352 3.8282, -0.903 -2.6407 3.8644, -0.904 -2.6168 3.8634, -1.0611 -2.6227 3.878, -1.0618 -2.6004 3.8823, -1.2233 -2.6068 3.8734, -1.2252 -2.586 3.8825, -1.3864 -2.5926 3.8489, -1.3906 -2.5755 3.8612, -1.5466 -2.582 3.8031, -1.5544 -2.5672 3.8189, -1.7005 -2.5735 3.738, -1.712 -2.5632 3.7551, -1.844 -2.5691 3.6541, -1.8606 -2.5636 3.6726, -1.9767 -2.5691 3.5539, -0.439 -2.6934 3.7301, -0.5926 -2.6866 3.798, -0.7474 -2.6744 3.843, -0.9013 -2.6609 3.8699, -1.0602 -2.6466 3.8791, -1.2219 -2.6291 3.8692, -1.3832 -2.6133 3.8402, -1.5407 -2.5991 3.7916, -1.6904 -2.5883 3.7235, -1.8301 -2.5794 3.6389, -1.9577 -2.5746 3.5379, -2.0772 -2.575 3.4164, -0.5839 -2.6996 3.8148, -0.7358 -2.7054 3.876, -0.742 -2.6924 3.8581, -0.8957 -2.6979 3.8956, -0.899 -2.6799 3.8799, -1.0585 -2.6858 3.8951, -1.0594 -2.6668 3.8849, -1.2213 -2.6732 3.8763, -1.2212 -2.653 3.8705, -1.3807 -2.6596 3.8376, -1.3812 -2.6357 3.8363, -1.5336 -2.6422 3.7799, -1.5361 -2.6199 3.7834, -1.6772 -2.6262 3.7056, -1.6829 -2.6054 3.713, -1.8091 -2.6113 3.6167, -1.8181 -2.5942 3.626, -1.9281 -2.5996 3.5138, -1.9418 -2.5849 3.5248, -2.0384 -2.5908 3.3927, -2.0561 -2.5805 3.4034, -2.1354 -2.5868 3.2526, -2.1582 -2.5813 3.2623, -2.216 -2.5879 3.0961, -1.0567 -2.7169 3.93, -1.2253 -2.7233 3.9213, -1.2233 -2.7102 3.9025, -1.3876 -2.7168 3.8689, -1.3838 -2.6988 3.8533, -1.5387 -2.7053 3.7964, -1.5351 -2.6863 3.7868, -1.6766 -2.6926 3.7091, -1.6741 -2.6724 3.7039, -1.7991 -2.6782 3.6089, -1.7989 -2.6544 3.6075, -1.9065 -2.6598 3.4982, -1.9103 -2.6375 3.5004, -2.0037 -2.6434 3.3731, -2.012 -2.6227 3.3774, -2.0879 -2.629 3.2334, -2.1 -2.6119 3.238, -2.1548 -2.6184 3.0807, -2.1719 -2.6037 3.0848, -2.203 -2.6102 2.9185, -2.2236 -2.5999 2.9204, -2.2295 -2.6062 2.7501, -2.2543 -2.6008 2.749, -2.2353 -2.6067 2.5798, -1.6998 -2.7427 3.7479, -1.8308 -2.7485 3.6488, -1.8187 -2.7355 3.6343, -1.9299 -2.7409 3.5219, -1.9181 -2.7229 3.511, -2.0129 -2.7289 3.3825, -2.0046 -2.7099 3.3764, -2.0805 -2.7162 3.2335, -2.0755 -2.696 3.2306, -2.1295 -2.7025 3.077, -2.1286 -2.6786 3.0759, -2.1589 -2.6852 2.9162, -2.1632 -2.6628 2.9159, -2.1692 -2.6692 2.7545, -2.1784 -2.6484 2.7535, -2.1608 -2.6543 2.5952, -2.1734 -2.6372 2.5922, -2.1338 -2.6427 2.4402, -2.1503 -2.6279 2.4341, -2.087 -2.6338 2.2837, -2.1052 -2.6235 2.2741, -2.017 -2.6298 2.1287, -2.0371 -2.6243 2.1142, -1.9245 -2.6309 1.9791, -2.1212 -2.7662 3.2533, -2.178 -2.7728 3.0926, -2.1599 -2.7597 3.0873, -2.1915 -2.7663 2.9227, -2.1756 -2.7483 2.9203, -2.1821 -2.7546 2.7571, -2.1718 -2.7356 2.7568, -2.1548 -2.7415 2.5994, -2.149 -2.7213 2.5998, -2.1107 -2.7268 2.451, -2.1093 -2.7029 2.4506, -2.0488 -2.7088 2.306, -2.0523 -2.6864 2.3034, -1.969 -2.6927 2.1655, -1.9761 -2.672 2.1595, -1.871 -2.6785 2.033, -1.8798 -2.6614 2.0236, -1.7553 -2.668 1.9129, -1.7656 -2.6532 1.8986, -1.625 -2.6596 1.8072, -1.6346 -2.6492 1.789, -1.4825 -2.6552 1.7195, -1.4911 -2.6498 1.6961, -1.3315 -2.6553 1.6494, -2.217 -2.7857 2.7569, -2.1995 -2.7916 2.593, -2.1808 -2.7785 2.596, -2.1416 -2.784 2.4428, -2.1263 -2.766 2.4473, -2.0651 -2.7719 2.3003, -2.0557 -2.7529 2.3043, -1.9724 -2.7592 2.1659, -1.9673 -2.7389 2.1687, -1.8636 -2.7455 2.0434, -1.8622 -2.7216 2.0436, -1.7408 -2.7282 1.9353, -1.7428 -2.7058 1.9314, -1.6073 -2.7122 1.843, -1.6112 -2.6914 1.8345, -1.466 -2.6974 1.7679, -1.4699 -2.6803 1.7556, -1.319 -2.6858 1.7113, -1.3223 -2.671 1.6939, -1.1614 -2.6768 1.6709, -1.1625 -2.6665 1.6503, -0.9928 -2.6728 1.6511, -0.9908 -2.6673 1.6263, -0.8171 -2.6738 1.6532, -2.0967 -2.8029 2.2855, -2.0103 -2.8092 2.1413, -1.9946 -2.7962 2.1518, -1.8881 -2.8027 2.0226, -1.8761 -2.7847 2.0333, -1.753 -2.7913 1.923, -1.7463 -2.7723 1.9307, -1.6107 -2.7786 1.8419, -1.6073 -2.7584 1.8466, -1.4638 -2.7644 1.7804, -1.4626 -2.7405 1.7812, -1.3154 -2.746 1.7376, -1.3155 -2.7237 1.7333, -1.1603 -2.7295 1.7108, -1.1603 -2.7087 1.7015, -0.9982 -2.715 1.702, -0.9966 -2.6978 1.6892, -0.8322 -2.7044 1.7144, -0.8278 -2.6896 1.6974, -0.6661 -2.6962 1.748, -0.6582 -2.6858 1.7289, -0.5045 -2.6923 1.8038, -0.4918 -2.6868 1.7825, -0.3505 -2.6928 1.8794, -1.902 -2.8158 2.0099, -1.7751 -2.8223 1.896, -1.7632 -2.8093 1.9107, -1.6245 -2.8156 1.8195, -1.6162 -2.7976 1.8332, -1.4707 -2.8036 1.7659, -1.4665 -2.7846 1.7753, -1.3184 -2.7901 1.7312, -1.3165 -2.7699 1.7367, -1.1617 -2.7757 1.7141, -1.1608 -2.7518 1.7152, -1.0007 -2.758 1.7154, -0.9996 -2.7357 1.7112, -0.8385 -2.7422 1.7358, -0.8357 -2.7215 1.7269, -0.6784 -2.728 1.776, -0.6731 -2.7109 1.7642, -0.5244 -2.7173 1.8365, -0.5151 -2.7026 1.8215, -0.3792 -2.7086 1.9146, -0.3661 -2.6983 1.8987, -0.2463 -2.7038 2.0093, -0.2281 -2.6984 1.9924, -0.1219 -2.7041 2.1232, -1.634 -2.8287 1.8032, -1.4769 -2.8216 1.7512, -1.3212 -2.8091 1.7214, -1.1629 -2.7959 1.7084, -1.0015 -2.7819 1.7142, -0.8402 -2.7646 1.7398, -0.6825 -2.7488 1.7844, -0.5314 -2.7344 1.8474, -0.3906 -2.7234 1.9281, -0.2616 -2.7141 2.0232, -0.1423 -2.7095 2.1373, -0.0335 -2.7103 2.2718, -1.484 -2.8347 1.7336, -1.3298 -2.8402 1.6875, -1.3253 -2.8271 1.7059, -1.1661 -2.8329 1.6823, -1.1643 -2.8149 1.6982, -1.0017 -2.8212 1.6982, -1.0018 -2.8021 1.7084, -0.8402 -2.8087 1.7327, -0.8408 -2.7884 1.7385, -0.6852 -2.795 1.7867, -0.6848 -2.7711 1.7881, -0.5395 -2.7775 1.8584, -0.5367 -2.7552 1.8551, -0.4055 -2.7612 1.9447, -0.3991 -2.7405 1.9378, -0.2845 -2.746 2.0434, -0.2747 -2.7289 2.0349, -0.1741 -2.7346 2.1586, -0.1594 -2.7199 2.1489, -0.0743 -2.7261 2.2917, -0.0557 -2.7157 2.2828, 0.0093 -2.7222 2.4418, 0.0329 -2.7168 2.4343, 0.0744 -2.7234 2.6056, -1.0001 -2.8522 1.6633, -0.8319 -2.8587 1.6883, -0.8356 -2.8457 1.7069, -0.6753 -2.8522 1.7562, -0.6806 -2.8342 1.7713, -0.5329 -2.8406 1.8424, -0.5374 -2.8216 1.8516, -0.4057 -2.8277 1.9412, -0.4087 -2.8075 1.9461, -0.2952 -2.813 2.0502, -0.2955 -2.7891 2.0516, -0.197 -2.7948 2.1721, -0.193 -2.7725 2.1703, -0.1108 -2.7787 2.3079, -0.1021 -2.7579 2.3044, -0.0398 -2.7644 2.4563, -0.0274 -2.7473 2.4529, 0.012 -2.7539 2.6149, 0.0295 -2.7391 2.6126, 0.0443 -2.7456 2.7801, 0.065 -2.7353 2.7802, 0.0548 -2.7413 2.9481, 0.0794 -2.7359 2.9515, 0.0454 -2.7415 3.115, -0.5163 -2.8717 1.8117, -0.379 -2.8777 1.9047, -0.3904 -2.8647 1.9198, -0.2734 -2.8702 2.0267, -0.2845 -2.8522 2.0382, -0.1843 -2.8579 2.1604, -0.1922 -2.8389 2.1669, -0.1095 -2.8451 2.3047, -0.1143 -2.8249 2.3079, -0.0524 -2.8314 2.4579, -0.0532 -2.8075 2.4591, -0.0145 -2.8141 2.6172, -0.0101 -2.7918 2.6173, 0.0044 -2.7982 2.7789, 0.0138 -2.7774 2.7795, 0.0043 -2.7835 2.9399, 0.017 -2.7664 2.9422, -0.015 -2.772 3.097, 0.0018 -2.7572 3.1022, -0.0531 -2.7629 3.254, -0.0344 -2.7526 3.2627, -0.1143 -2.7587 3.4114, -0.0935 -2.7533 3.4248, -0.1984 -2.7598 3.5653, -0.2599 -2.8833 2.0134, -0.1563 -2.889 2.1394, -0.1715 -2.8759 2.1507, -0.0867 -2.8821 2.2917, -0.1007 -2.8641 2.2995, -0.0376 -2.8706 2.4516, -0.0472 -2.8516 2.4555, -0.0079 -2.8582 2.6145, -0.0135 -2.838 2.6162, 0.0013 -2.8444 2.7773, 0.0001 -2.8205 2.7782, -0.009 -2.8266 2.9366, -0.0048 -2.8043 2.938, -0.0361 -2.8099 3.0897, -0.0273 -2.7891 3.0929, -0.0806 -2.7948 3.2406, -0.0691 -2.7777 3.2464, -0.1462 -2.7838 3.3902, -0.1316 -2.769 3.4, -0.2324 -2.7755 3.5351, -0.217 -2.7652 3.5489, -0.3398 -2.7718 3.6702, -0.3238 -2.7663 3.6892, -0.4655 -2.7728 3.7923, -0.07 -2.8952 2.2828, -0.0226 -2.8886 2.4461, 0.0021 -2.8772 2.6122, 0.007 -2.8646 2.7765, -0.0077 -2.8505 2.936, -0.04 -2.8322 3.0878, -0.0888 -2.8155 3.2361, -0.1568 -2.8009 3.3828, -0.2454 -2.7903 3.5232, -0.3529 -2.7821 3.6542, -0.4785 -2.7783 3.7711, -0.6183 -2.7789 3.872, -0.0048 -2.9017 2.4398, 0.0363 -2.9083 2.6054, 0.0177 -2.8952 2.6089, 0.0332 -2.9016 2.7748, 0.0172 -2.8836 2.7757, 0.0083 -2.8897 2.9367, -0.002 -2.8707 2.936, -0.0329 -2.8763 3.0881, -0.0386 -2.8561 3.0873, -0.091 -2.8617 3.2334, -0.0924 -2.8379 3.2337, -0.1675 -2.844 3.3742, -0.1643 -2.8217 3.3772, -0.2613 -2.8282 3.5076, -0.2548 -2.8074 3.5143, -0.3719 -2.814 3.6303, -0.364 -2.7969 3.6405, -0.498 -2.8033 3.7382, -0.4891 -2.7886 3.7534, -0.6359 -2.7947 3.8301, -0.6281 -2.7844 3.8491, -0.783 -2.79 3.9032, -0.7766 -2.7846 3.9272, -0.9408 -2.7902 3.9592, 0.043 -2.9208 2.9401, 0.011 -2.9264 3.0986, -0.0073 -2.9133 3.094, -0.061 -2.919 3.2445, -0.0759 -2.901 3.2386, -0.1518 -2.9071 3.3815, -0.1608 -2.8881 3.3766, -0.2578 -2.8946 3.5076, -0.2626 -2.8744 3.5043, -0.3782 -2.881 3.6193, -0.3796 -2.8571 3.6189, -0.5102 -2.8635 3.7145, -0.5086 -2.8412 3.7186, -0.6501 -2.8473 3.7928, -0.6471 -2.8266 3.8016, -0.7951 -2.8322 3.8534, -0.7922 -2.8151 3.8661, -0.9475 -2.8207 3.8965, -0.9459 -2.8059 3.914, -1.111 -2.812 3.922, -1.1119 -2.8017 3.9426, -1.2824 -2.8082 3.9255, -1.2868 -2.8027 3.9499, -1.4576 -2.8093 3.9063, -0.2225 -2.9446 3.5358, -0.3433 -2.9512 3.6564, -0.3559 -2.9382 3.6423, -0.4902 -2.9446 3.7411, -0.4992 -2.9266 3.7279, -0.6422 -2.9328 3.8033, -0.6469 -2.9138 3.7942, -0.7939 -2.9194 3.8462, -0.7961 -2.8992 3.8408, -0.9477 -2.9048 3.8709, -0.9487 -2.8809 3.8699, -1.1074 -2.887 3.8779, -1.1083 -2.8647 3.8822, -1.2699 -2.8711 3.8663, -1.2722 -2.8504 3.8753, -1.432 -2.8569 3.8347, -1.4366 -2.8398 3.8468, -1.5896 -2.8463 3.7822, -1.5981 -2.8315 3.7976, -1.7398 -2.8377 3.711, -1.752 -2.8274 3.7276, -1.8786 -2.8331 3.6222, -1.8959 -2.8277 3.64, -2.0075 -2.8332 3.5161, -0.6273 -2.9638 3.8349, -0.7802 -2.9695 3.8892, -0.7857 -2.9564 3.8711, -0.9418 -2.962 3.9024, -0.9444 -2.944 3.8866, -1.1055 -2.9501 3.8951, -1.106 -2.9311 3.8849, -1.268 -2.9376 3.8692, -1.2677 -2.9173 3.8635, -1.4258 -2.9239 3.8237, -1.4262 -2.9 3.8223, -1.5756 -2.9065 3.7595, -1.5783 -2.8842 3.763, -1.7151 -2.8904 3.6797, -1.7211 -2.8696 3.6868, -1.8422 -2.8753 3.5862, -1.8515 -2.8582 3.5952, -1.9572 -2.8638 3.478, -1.9714 -2.849 3.4885, -2.063 -2.855 3.3514, -2.0811 -2.8447 3.3613, -2.1542 -2.8511 3.2066, -2.1774 -2.8457 3.2153, -2.228 -2.8523 3.0465, -0.939 -2.9751 3.9211, -1.1052 -2.9812 3.93, -1.1053 -2.9681 3.9111, -1.2712 -2.9746 3.8953, -1.2691 -2.9566 3.8795, -1.4295 -2.9631 3.8393, -1.4269 -2.9441 3.8293, -1.5774 -2.9506 3.7664, -1.5754 -2.9304 3.7609, -1.7119 -2.9366 3.6781, -1.712 -2.9127 3.6766, -1.8316 -2.9184 3.5775, -1.8352 -2.8961 3.58, -1.9389 -2.9016 3.4654, -1.9467 -2.8809 3.4705, -2.0359 -2.8869 3.3372, -2.0475 -2.8698 3.3431, -2.1182 -2.8762 3.1936, -2.1348 -2.8615 3.1994, -2.1835 -2.868 3.0372, -2.2037 -2.8577 3.0413, -2.2279 -2.8642 2.871, -2.2527 -2.8588 2.8726, -2.2513 -2.865 2.6994, -1.274 -2.9876 3.914, -1.434 -2.9811 3.8546, -1.5814 -2.9696 3.7758, -1.7147 -2.9568 3.6831, -1.8318 -2.9423 3.5789, -1.935 -2.924 3.4633, -2.0275 -2.9077 3.3333, -2.1059 -2.8933 3.1895, -2.1662 -2.8828 3.0339, -2.2073 -2.8745 2.87, -2.2266 -2.8705 2.7015, -2.2254 -2.8708 2.5325, -1.4395 -2.9942 3.8727, -1.5963 -3.0007 3.8074, -1.5881 -2.9876 3.7903, -1.7289 -2.9938 3.7053, -1.7201 -2.9758 3.6919, -1.8419 -2.9815 3.5914, -1.8353 -2.9625 3.5835, -1.9395 -2.9681 3.4688, -1.9354 -2.9478 3.4647, -2.0239 -2.9539 3.3331, -2.0234 -2.93 3.3318, -2.0927 -2.9364 3.186, -2.097 -2.9141 3.1868, -2.1442 -2.9207 3.0303, -2.1534 -2.8999 3.0316, -2.1767 -2.9064 2.869, -2.1897 -2.8893 2.8693, -2.1885 -2.8955 2.7054, -2.206 -2.8808 2.7035, -2.1812 -2.8865 2.5431, -2.2012 -2.8762 2.5382, -2.1536 -2.8817 2.3824, -2.1767 -2.8763 2.3734, -2.1037 -2.8823 2.2187, -1.8652 -3.0126 3.6174, -1.9739 -3.0181 3.4981, -1.9593 -3.0051 3.486, -2.0507 -3.0111 3.3507, -2.0371 -2.9931 3.3423, -2.1079 -2.9995 3.1942, -2.0986 -2.9805 3.1899, -2.1462 -2.9871 3.0332, -2.1408 -2.9669 3.0312, -2.1642 -2.9734 2.8705, -2.1631 -2.9495 2.8696, -2.1622 -2.9557 2.7096, -2.1664 -2.9334 2.7085, -2.1427 -2.9392 2.5537, -2.1517 -2.9184 2.5509, -2.1063 -2.9239 2.4021, -2.1182 -2.9068 2.3969, -2.0492 -2.9128 2.2505, -2.0643 -2.898 2.2415, -1.9712 -2.9044 2.1019, -1.9873 -2.8941 2.0889, -1.8713 -2.9007 1.9614, -1.8882 -2.8952 1.9432, -1.7517 -2.9018 1.8324, -2.14 -3.0306 3.2079, -2.1899 -3.0372 3.0447, -2.1716 -3.0241 3.0402, -2.1959 -3.0306 2.8747, -2.18 -3.0126 2.873, -2.1795 -3.0189 2.7105, -2.1692 -2.9998 2.7107, -2.1458 -3.0056 2.5554, -2.14 -2.9854 2.556, -2.0955 -2.9909 2.4088, -2.0942 -2.967 2.4084, -2.0271 -2.973 2.2654, -2.0305 -2.9507 2.2626, -1.9409 -2.9571 2.1278, -1.9478 -2.9363 2.1215, -1.8371 -2.9429 1.9995, -1.8455 -2.9258 1.9897, -1.7165 -2.9323 1.8847, -1.7262 -2.9175 1.8699, -1.5825 -2.9238 1.7851, -1.5914 -2.9135 1.7664, -1.4377 -2.9193 1.7038, -1.4453 -2.9139 1.6802, -1.284 -2.9194 1.6401, -2.1902 -3.0557 2.5472, -2.144 -3.0612 2.3929, -2.1261 -3.0481 2.3992, -2.0574 -3.0541 2.2517, -2.0432 -3.0361 2.2589, -1.9529 -3.0425 2.1223, -1.9444 -3.0235 2.128, -1.8347 -3.0301 2.0065, -1.8302 -3.0099 2.0101, -1.7044 -3.0164 1.9072, -1.703 -2.9925 1.9076, -1.5652 -2.9988 1.8258, -1.5664 -2.9764 1.8216, -1.421 -2.9823 1.762, -1.4232 -2.9615 1.7529, -1.2724 -2.967 1.7153, -1.2741 -2.9499 1.7025, -1.1136 -2.9558 1.6862, -1.1136 -2.9411 1.6686, -0.9463 -2.9474 1.6765, -0.9435 -2.9371 1.656, -0.7745 -2.9436 1.6897, -0.7677 -2.9382 1.6658, -0.6022 -2.9447 1.7257, -1.8671 -3.0801 1.975, -1.7356 -3.0867 1.8669, -1.7244 -3.0736 1.8821, -1.5825 -3.0799 1.7974, -1.5748 -3.0619 1.8114, -1.4278 -3.0677 1.7507, -1.424 -3.0487 1.7603, -1.2743 -3.0542 1.7224, -1.2726 -3.034 1.7279, -1.1158 -3.0399 1.7117, -1.1149 -3.016 1.7128, -0.9542 -3.0224 1.72, -0.9529 -3.0 1.7158, -0.7927 -3.0066 1.7474, -0.7895 -2.9858 1.7386, -0.6346 -2.9924 1.7944, -0.6288 -2.9753 1.7829, -0.4841 -2.9816 1.8612, -0.4741 -2.9668 1.8466, -0.3433 -2.9727 1.9446, -0.3295 -2.9624 1.9292, -0.2147 -2.9679 2.0443, -0.1959 -2.9624 2.0282, -0.0943 -2.9683 2.1644, -1.4398 -3.0988 1.7179, -1.2839 -3.1042 1.6783, -1.2802 -3.0912 1.6968, -1.1188 -3.0971 1.6798, -1.1177 -3.0791 1.6957, -0.9543 -3.0855 1.7027, -0.9549 -3.0665 1.713, -0.7942 -3.073 1.7443, -0.7951 -3.0528 1.75, -0.6419 -3.0594 1.8048, -0.6416 -3.0355 1.8062, -0.5001 -3.0418 1.8824, -0.4971 -3.0195 1.8792, -0.3708 -3.0253 1.9735, -0.3641 -3.0046 1.967, -0.2543 -3.0101 2.0768, -0.2442 -2.993 2.0688, -0.148 -2.9988 2.1976, -0.1328 -2.9841 2.1885, -0.0536 -2.9904 2.3356, -0.0346 -2.9801 2.3275, 0.0236 -2.9866 2.4896, 0.0476 -2.9812 2.4831, 0.0816 -2.9877 2.6559, -1.1198 -3.1102 1.6609, -0.9513 -3.1165 1.6679, -0.9531 -3.1035 1.6867, -0.7885 -3.11 1.7187, -0.7922 -3.092 1.7342, -0.6366 -3.0986 1.7897, -0.6402 -3.0796 1.7993, -0.4977 -3.0859 1.8757, -0.5002 -3.0657 1.881, -0.3741 -3.0716 1.9748, -0.3742 -3.0477 1.9762, -0.2656 -3.0532 2.0846, -0.2618 -3.0308 2.0823, -0.1674 -3.0367 2.2085, -0.1591 -3.016 2.2041, -0.0819 -3.0223 2.3471, -0.0698 -3.0052 2.3424, -0.0135 -3.0117 2.4991, 0.0036 -2.9969 2.4948, 0.0364 -3.0035 2.6609, 0.0569 -2.9932 2.6588, 0.0646 -2.9995 2.8292, 0.0894 -2.9941 2.8301, 0.0719 -3.0 2.9998, -0.784 -3.1231 1.7003, -0.6307 -3.1166 1.7748, -0.4928 -3.1049 1.8667, -0.3709 -3.0918 1.97, -0.2653 -3.077 2.0832, -0.1714 -3.059 2.2101, -0.0907 -3.043 2.3503, -0.0261 -3.0288 2.502, 0.0188 -3.0183 2.6625, 0.0439 -3.0098 2.8283, 0.0475 -3.0055 2.9953, 0.0314 -3.0055 3.1609, -0.6234 -3.1296 1.7573, -0.4749 -3.1359 1.8367, -0.4847 -3.1229 1.8529, -0.3547 -3.1288 1.9493, -0.3647 -3.1108 1.9618, -0.2541 -3.1163 2.0716, -0.2614 -3.0973 2.0789, -0.1665 -3.1031 2.2051, -0.1709 -3.0829 2.2088, -0.0942 -3.0892 2.3501, -0.0949 -3.0653 2.3513, -0.0396 -3.0719 2.5042, -0.0352 -3.0496 2.5038, -0.0034 -3.0561 2.6639, 0.0059 -3.0354 2.6635, 0.0134 -3.0417 2.8263, 0.0263 -3.0246 2.8273, 0.0099 -3.0306 2.9879, 0.0272 -3.0158 2.9914, -0.0117 -3.0213 3.1463, 0.0079 -3.011 3.1531, -0.0551 -3.0168 3.3065, -0.0329 -3.0113 3.3176, -0.1215 -3.0176 3.4668, -0.3427 -3.1418 1.9347, -0.2425 -3.1343 2.0606, -0.1582 -3.1222 2.199, -0.0893 -3.1095 2.3471, -0.0387 -3.0958 2.503, -0.0078 -3.0784 2.6637, 0.0041 -3.0625 2.8254, -0.0027 -3.0477 2.9851, -0.0283 -3.036 3.1404, -0.0734 -3.0271 3.297, -0.1417 -3.0231 3.4525, -0.2327 -3.0241 3.603, -0.2285 -3.1473 2.0479, -0.1294 -3.1532 2.1792, -0.1451 -3.1401 2.1898, -0.0659 -3.1465 2.3351, -0.0802 -3.1285 2.3423, -0.0237 -3.135 2.4974, -0.0334 -3.116 2.5008, -0.0011 -3.1225 2.6613, -0.0067 -3.1023 2.6627, 0.001 -3.1087 2.8236, -0.0001 -3.0848 2.8245, -0.0158 -3.0908 2.9812, -0.0117 -3.0684 2.9828, -0.049 -3.0739 3.1323, -0.0404 -3.0532 3.1358, -0.1003 -3.059 3.2825, -0.089 -3.0419 3.2887, -0.1727 -3.0481 3.43, -0.1585 -3.0334 3.4404, -0.2654 -3.0399 3.5714, -0.2506 -3.0296 3.5858, -0.3785 -3.0361 3.7016, -0.3633 -3.0307 3.7212, -0.5088 -3.0371 3.8178, 0.0096 -3.1661 2.4869, 0.0435 -3.1726 2.654, 0.0248 -3.1596 2.6568, 0.0331 -3.1659 2.8225, 0.0171 -3.1479 2.8227, 0.0015 -3.1539 2.982, -0.0088 -3.1349 2.9809, -0.0458 -3.1403 3.1308, -0.0515 -3.1201 3.1297, -0.1104 -3.126 3.2748, -0.1118 -3.1021 3.2751, -0.1932 -3.1083 3.4131, -0.1902 -3.086 3.4162, -0.293 -3.0925 3.5427, -0.2868 -3.0718 3.5496, -0.4088 -3.0783 3.6603, -0.4013 -3.0612 3.6709, -0.5389 -3.0676 3.7623, -0.5307 -3.0528 3.7779, -0.6796 -3.0588 3.8478, -0.6725 -3.0485 3.8672, -0.8284 -3.0541 3.9145, -0.823 -3.0486 3.9387, -0.9899 -3.0544 3.9642, 0.036 -3.1849 2.9869, -0.0023 -3.1904 3.1431, -0.0204 -3.1773 3.1377, -0.0808 -3.1832 3.2872, -0.0955 -3.1652 3.2807, -0.1779 -3.1714 3.421, -0.1867 -3.1524 3.4157, -0.2895 -3.159 3.5427, -0.2942 -3.1387 3.5393, -0.4146 -3.1453 3.6491, -0.416 -3.1214 3.6487, -0.5501 -3.1278 3.7382, -0.5487 -3.1055 3.7423, -0.6922 -3.1115 3.81, -0.6895 -3.0907 3.8189, -0.8384 -3.0962 3.8643, -0.8361 -3.0791 3.877, -0.994 -3.0849 3.9012, -0.993 -3.0701 3.9188, -1.1594 -3.0763 3.9198, -1.1611 -3.066 3.9403, -1.3313 -3.0725 3.9158, -1.3368 -3.0671 3.94, -1.5055 -3.0737 3.8889, -0.0637 -3.1962 3.2951, -0.1486 -3.2025 3.44, -0.1644 -3.1894 3.4296, -0.2696 -3.196 3.5598, -0.2816 -3.178 3.5493, -0.4037 -3.1845 3.6608, -0.4105 -3.1655 3.6531, -0.5453 -3.1719 3.7434, -0.5488 -3.1517 3.7388, -0.6918 -3.1577 3.8065, -0.693 -3.1338 3.8057, -0.84 -3.1393 3.8507, -0.8398 -3.117 3.855, -0.9945 -3.1228 3.8789, -0.9944 -3.102 3.8883, -1.1563 -3.1082 3.8894, -1.1578 -3.0911 3.9022, -1.3223 -3.0976 3.8786, -1.3265 -3.0828 3.8957, -1.4887 -3.0894 3.8467, -1.4965 -3.0791 3.8658, -1.6511 -3.0855 3.7924, -1.6635 -3.0801 3.8139, -1.806 -3.0861 3.7182, -0.2555 -3.209 3.5724, -0.3933 -3.2025 3.673, -0.5397 -3.1909 3.752, -0.6891 -3.1779 3.8116, -0.8389 -3.1632 3.8516, -0.994 -3.1451 3.8746, -1.155 -3.129 3.8801, -1.3189 -3.1147 3.8661, -1.4819 -3.1042 3.8304, -1.6406 -3.0958 3.7746, -1.7906 -3.0916 3.6987, -1.9296 -3.0917 3.6062, -0.3813 -3.2156 3.6876, -0.5216 -3.222 3.7819, -0.5313 -3.2089 3.7656, -0.6784 -3.2149 3.8356, -0.6848 -3.1969 3.8209, -0.834 -3.2024 3.8669, -0.8369 -3.1834 3.857, -0.9919 -3.1892 3.8813, -0.9931 -3.169 3.8757, -1.1531 -3.1752 3.8771, -1.1539 -3.1513 3.8759, -1.3145 -3.1578 3.8531, -1.3162 -3.1355 3.8571, -1.4727 -3.1421 3.8101, -1.4767 -3.1213 3.8186, -1.6246 -3.1277 3.7486, -1.6315 -3.1106 3.7595, -1.7663 -3.1167 3.6691, -1.7776 -3.1019 3.6827, -1.8965 -3.1075 3.5751, -1.9116 -3.0972 3.5891, -2.0166 -3.1028 3.4624, -2.0369 -3.0974 3.4767, -2.1266 -3.1036 3.3292, -0.8251 -3.2335 3.9006, -0.9864 -3.2393 3.9262, -0.9884 -3.2262 3.9074, -1.1532 -3.2324 3.9091, -1.1528 -3.2144 3.8931, -1.316 -3.2209 3.8703, -1.3145 -3.2019 3.8602, -1.4715 -3.2085 3.8134, -1.4701 -3.1883 3.8078, -1.6164 -3.1947 3.7389, -1.6165 -3.1708 3.7375, -1.7484 -3.1769 3.6495, -1.7516 -3.1545 3.6524, -1.8665 -3.1601 3.5488, -1.8737 -3.1393 3.5547, -1.9742 -3.145 3.4337, -1.985 -3.1279 3.4408, -2.0701 -3.1341 3.3012, -2.086 -3.1193 3.3088, -2.1514 -3.1258 3.1534, -2.171 -3.1155 3.1597, -2.2134 -3.1221 2.9924, -2.2378 -3.1166 2.9965, -2.2549 -3.1231 2.8222, -1.3224 -3.252 3.9047, -1.486 -3.2586 3.8562, -1.4796 -3.2455 3.8384, -1.6304 -3.2519 3.7677, -1.623 -3.2339 3.7535, -1.7571 -3.24 3.6643, -1.7514 -3.221 3.6559, -1.8667 -3.2265 3.5523, -1.8631 -3.2063 3.5478, -1.9627 -3.212 3.4284, -1.9623 -3.1881 3.427, -2.0455 -3.1943 3.291, -2.0497 -3.172 3.2922, -2.113 -3.1785 3.1424, -2.1221 -3.1577 3.1447, -2.1627 -3.1643 2.9849, -2.1755 -3.1472 2.9866, -2.1918 -3.1536 2.8216, -2.2095 -3.1388 2.8216, -2.2012 -3.145 2.6563, -2.2216 -3.1347 2.6535, -2.1898 -3.1403 2.4928, -2.2137 -3.1348 2.4861, -2.1581 -3.1404 2.3281, -1.6393 -3.265 3.7844, -1.7777 -3.271 3.6926, -1.7665 -3.258 3.6774, -1.8847 -3.2635 3.5714, -1.8736 -3.2455 3.5598, -1.9749 -3.2512 3.4388, -1.967 -3.2322 3.4323, -2.0509 -3.2384 3.2955, -2.0461 -3.2182 3.2923, -2.1095 -3.2247 3.1429, -2.1087 -3.2008 3.1418, -2.149 -3.2074 2.984, -2.1534 -3.185 2.984, -2.1696 -3.1915 2.8224, -2.1789 -3.1707 2.8219, -2.171 -3.1768 2.6611, -2.1837 -3.1597 2.659, -2.1531 -3.1653 2.5036, -2.17 -3.1506 2.4985, -2.1166 -3.1562 2.3466, -2.1354 -3.1459 2.3381, -2.0571 -3.152 2.1888, -2.0781 -3.1466 2.1756, -1.9746 -3.153 2.0342, -1.898 -3.2766 3.5848, -1.9875 -3.2692 3.4487, -2.0597 -3.2574 3.3008, -2.1147 -3.2449 3.1455, -2.15 -3.2313 2.9851, -2.1653 -3.2138 2.8231, -2.1618 -3.1976 2.663, -2.1408 -3.1825 2.5076, -2.1006 -3.171 2.354, -2.0397 -3.1623 2.2, -1.9558 -3.1585 2.0504, -1.8504 -3.1596 1.909, -2.0026 -3.2823 3.4601, -2.0902 -3.2885 3.3178, -2.0737 -3.2754 3.3087, -2.1392 -3.2819 3.1551, -2.1242 -3.2639 3.1494, -2.1655 -3.2705 2.9892, -2.1556 -3.2515 2.9868, -2.1721 -3.2579 2.8248, -2.1664 -3.2377 2.824, -2.1589 -3.2438 2.665, -2.1577 -3.2199 2.6643, -2.1281 -3.2255 2.5126, -2.132 -3.2032 2.5107, -2.0807 -3.2088 2.3641, -2.089 -3.1881 2.3597, -2.0143 -3.1942 2.217, -2.025 -3.1771 2.2097, -1.9272 -3.1836 2.0758, -1.9403 -3.1688 2.064, -1.821 -3.1754 1.9437, -1.8343 -3.1651 1.9279, -1.6965 -3.1715 1.8255, -1.7097 -3.1661 1.8044, -1.5574 -3.1722 1.7231, -2.1997 -3.3015 2.9964, -2.2172 -3.308 2.8278, -2.1983 -3.2949 2.8268, -2.1909 -3.301 2.6631, -2.175 -3.283 2.6644, -2.1452 -3.2887 2.5103, -2.1351 -3.2696 2.5123, -2.0841 -3.2753 2.3652, -2.0785 -3.2551 2.3668, -2.005 -3.2612 2.2255, -2.0036 -3.2373 2.2254, -1.9084 -3.2437 2.0946, -1.9111 -3.2214 2.0912, -1.7962 -3.228 1.9749, -1.8018 -3.2072 1.9674, -1.6702 -3.2137 1.8694, -1.6767 -3.1966 1.8582, -1.5327 -3.2028 1.7812, -1.5394 -3.188 1.7649, -1.3875 -3.1937 1.7102, -1.3927 -3.1834 1.6902, -1.2327 -3.1889 1.6574, -1.2358 -3.1835 1.6328, -1.0643 -3.1896 1.6229, -2.1262 -3.3253 2.3489, -2.0496 -3.3315 2.2009, -2.0333 -3.3184 2.2104, -1.9355 -3.3249 2.0753, -1.9229 -3.3069 2.0852, -1.8069 -3.3134 1.9672, -1.7997 -3.2944 1.9745, -1.6692 -3.3009 1.8768, -1.6656 -3.2807 1.8812, -1.5251 -3.2869 1.8056, -1.5238 -3.263 1.8063, -1.378 -3.2686 1.7534, -1.3784 -3.2463 1.749, -1.2268 -3.2519 1.7176, -1.2273 -3.2311 1.7083, -1.067 -3.2372 1.6988, -1.0662 -3.2201 1.6859, -0.9013 -3.2265 1.7007, -0.898 -3.2118 1.6834, -0.7334 -3.2183 1.7237, -0.7267 -3.208 1.7042, -0.5677 -3.2145 1.7696, -0.5565 -3.2091 1.7474, -0.408 -3.2153 1.8363, -1.8307 -3.3445 1.9416, -1.695 -3.351 1.8396, -1.6844 -3.3379 1.8553, -1.54 -3.3441 1.7772, -1.5329 -3.3261 1.7915, -1.3848 -3.3318 1.7375, -1.3813 -3.3128 1.7472, -1.2295 -3.3183 1.7154, -1.228 -3.2981 1.721, -1.0695 -3.3042 1.7113, -1.0687 -3.2803 1.7124, -0.9077 -3.2867 1.7266, -0.9062 -3.2644 1.7225, -0.7474 -3.271 1.761, -0.7438 -3.2502 1.7524, -0.5919 -3.2567 1.8147, -0.5856 -3.2396 1.8034, -0.4451 -3.2458 1.8873, -0.4345 -3.231 1.8732, -0.309 -3.2368 1.9757, -0.2946 -3.2265 1.9609, -0.1843 -3.232 2.0809, -0.1648 -3.2265 2.0656, -0.0683 -3.2326 2.2071, -1.5481 -3.3571 1.7601, -1.3954 -3.3628 1.7042, -1.3898 -3.3498 1.7223, -1.2343 -3.3553 1.6895, -1.2315 -3.3373 1.7053, -1.0707 -3.3434 1.6953, -1.0701 -3.3244 1.7055, -0.9081 -3.3308 1.7195, -0.9083 -3.3106 1.7253, -0.7499 -3.3172 1.7635, -0.7495 -3.2933 1.7649, -0.5993 -3.2998 1.8262, -0.5967 -3.2775 1.8227, -0.4589 -3.2837 1.9048, -0.4529 -3.2629 1.8976, -0.3307 -3.2687 1.9972, -0.3214 -3.2516 1.9882, -0.2148 -3.2571 2.1042, -0.2007 -3.2423 2.0936, -0.1079 -3.2483 2.2295, -0.0899 -3.238 2.2194, -0.0153 -3.2444 2.3733, 0.0078 -3.239 2.3643, 0.0601 -3.2455 2.5326, -1.2373 -3.3684 1.6709, -1.0711 -3.3614 1.6793, -0.9071 -3.3498 1.7093, -0.7488 -3.3374 1.7578, -0.5996 -3.3237 1.8248, -0.462 -3.306 1.9079, -0.3376 -3.2894 2.0035, -0.2252 -3.2742 2.1118, -0.1233 -3.2631 2.238, -0.0346 -3.2547 2.3806, 0.0359 -3.251 2.538, 0.0865 -3.252 2.7064, -1.0713 -3.3745 1.6603, -0.9026 -3.3809 1.6747, -0.9052 -3.3678 1.6934, -0.742 -3.3744 1.7325, -0.7463 -3.3564 1.7479, -0.5937 -3.3629 1.8099, -0.5976 -3.3439 1.8193, -0.4593 -3.3501 1.9013, -0.462 -3.3299 1.9064, -0.3409 -3.3356 2.0047, -0.3411 -3.3117 2.0061, -0.2368 -3.3173 2.1191, -0.233 -3.2949 2.117, -0.1432 -3.301 2.248, -0.1348 -3.2802 2.2439, -0.0634 -3.2866 2.3909, -0.0512 -3.2695 2.3867, -0.0016 -3.2761 2.5458, 0.0157 -3.2613 2.5424, 0.0411 -3.2678 2.7094, 0.0617 -3.2575 2.7081, 0.0621 -3.2638 2.8779, 0.0868 -3.2583 2.8798, 0.0625 -3.2641 3.0472, -0.5791 -3.394 1.7781, -0.4349 -3.4002 1.8633, -0.4454 -3.3871 1.8791, -0.3205 -3.3929 1.9799, -0.331 -3.3749 1.992, -0.2248 -3.3804 2.1066, -0.2324 -3.3614 2.1135, -0.1422 -3.3674 2.2447, -0.1468 -3.3472 2.2482, -0.0759 -3.3536 2.3933, -0.0766 -3.3297 2.3945, -0.0279 -3.3363 2.5498, -0.0236 -3.3139 2.5496, 0.0013 -3.3204 2.7107, 0.0106 -3.2997 2.7107, 0.0111 -3.3059 2.8728, 0.024 -3.2888 2.8743, 0.0011 -3.2947 3.0328, 0.0182 -3.2799 3.0371, -0.0271 -3.2854 3.1903, -0.0078 -3.2751 3.1978, -0.0777 -3.281 3.3497, -0.056 -3.2756 3.3617, -0.1514 -3.2819 3.5077, -0.1982 -3.4114 2.0839, -0.1041 -3.4175 2.2204, -0.1202 -3.4044 2.2303, -0.0469 -3.4108 2.3796, -0.0615 -3.3928 2.3861, -0.0117 -3.3994 2.5437, -0.0216 -3.3804 2.5467, 0.0037 -3.3869 2.7081, -0.002 -3.3667 2.7093, -0.0011 -3.3729 2.8696, -0.0023 -3.349 2.8704, -0.0244 -3.3548 3.0251, -0.0204 -3.3325 3.0268, -0.0638 -3.338 3.1747, -0.0553 -3.3172 3.1786, -0.1219 -3.3232 3.3238, -0.1108 -3.3061 3.3305, -0.201 -3.3125 3.4687, -0.1872 -3.2977 3.4798, -0.2999 -3.3043 3.6062, -0.2858 -3.2939 3.6212, -0.4183 -3.3005 3.7312, -0.4041 -3.295 3.7515, -0.5528 -3.3013 3.8413, 0.0485 -3.4369 2.7028, 0.0498 -3.4432 2.8707, 0.0309 -3.4301 2.8698, 0.0086 -3.4359 3.0293, -0.0072 -3.418 3.0266, -0.0507 -3.4234 3.1763, -0.0605 -3.4044 3.1734, -0.1263 -3.4104 3.3178, -0.1317 -3.3902 3.3157, -0.2193 -3.3966 3.451, -0.2208 -3.3727 3.4509, -0.3287 -3.3792 3.5727, -0.3263 -3.3569 3.5763, -0.4517 -3.3634 3.6807, -0.4468 -3.3427 3.6887, -0.5859 -3.349 3.7728, -0.5805 -3.3319 3.7846, -0.7287 -3.3377 3.8468, -0.7236 -3.323 3.8636, -0.8781 -3.3284 3.9037, -0.8747 -3.3181 3.924, -1.0403 -3.324 3.9422, -1.0395 -3.3186 3.967, -1.2134 -3.3249 3.9605, -0.0858 -3.4605 3.338, -0.1773 -3.4668 3.4798, -0.1927 -3.4538 3.4687, -0.3036 -3.4603 3.5944, -0.3152 -3.4423 3.5834, -0.4417 -3.4489 3.6894, -0.4482 -3.4299 3.6814, -0.5862 -3.4362 3.7655, -0.5894 -3.4159 3.7607, -0.734 -3.4218 3.8218, -0.7352 -3.3979 3.821, -0.8836 -3.4034 3.8598, -0.8836 -3.3811 3.8641, -1.0404 -3.387 3.8817, -1.0408 -3.3662 3.891, -1.2034 -3.3726 3.8852, -1.2055 -3.3554 3.8979, -1.3691 -3.362 3.8671, -1.3742 -3.3472 3.884, -1.5339 -3.3538 3.8281, -1.5424 -3.3435 3.8469, -1.6931 -3.3498 3.7672, -1.7064 -3.3443 3.7882, -1.8437 -3.3503 3.6873, -0.4206 -3.4799 3.7171, -0.5641 -3.4862 3.8049, -0.5731 -3.4732 3.7882, -0.7219 -3.479 3.8514, -0.7276 -3.461 3.8365, -0.8783 -3.4665 3.8762, -0.8808 -3.4475 3.8663, -1.038 -3.4534 3.8842, -1.0389 -3.4332 3.8785, -1.1997 -3.4395 3.873, -1.2005 -3.4156 3.8718, -1.3603 -3.4222 3.842, -1.3621 -3.3999 3.846, -1.5163 -3.4064 3.7923, -1.5207 -3.3857 3.8005, -1.6648 -3.392 3.7246, -1.6721 -3.3749 3.7352, -1.8021 -3.3808 3.6399, -1.8139 -3.366 3.653, -1.9278 -3.3715 3.5411, -1.9434 -3.3612 3.5545, -2.044 -3.3671 3.4223, -2.0648 -3.3616 3.4358, -2.1487 -3.3679 3.2837, -0.7154 -3.4921 3.8692, -0.8708 -3.4976 3.9103, -0.8747 -3.4845 3.8918, -1.0356 -3.4904 3.9104, -1.0369 -3.4724 3.8944, -1.2001 -3.4788 3.8891, -1.1997 -3.4597 3.8788, -1.3605 -3.4663 3.8491, -1.3598 -3.4461 3.8434, -1.5136 -3.4526 3.7901, -1.5139 -3.4287 3.7887, -1.6563 -3.4351 3.7139, -1.6592 -3.4127 3.7171, -1.7867 -3.4187 3.6238, -1.7933 -3.3979 3.6304, -1.9042 -3.4034 3.5216, -1.9142 -3.3863 3.5297, -2.0115 -3.3921 3.4021, -2.0265 -3.3774 3.4113, -2.1072 -3.3836 3.2651, -2.1261 -3.3733 3.2735, -2.1858 -3.3799 3.112, -2.2097 -3.3744 3.1187, -2.2455 -3.381 2.9462, -1.0344 -3.5035 3.9292, -1.2012 -3.4967 3.9051, -1.3625 -3.4853 3.8592, -1.5152 -3.4728 3.7956, -1.6561 -3.459 3.7153, -1.7833 -3.441 3.621, -1.8967 -3.4242 3.516, -2.0004 -3.4092 3.3955, -2.0909 -3.3984 3.2582, -2.1659 -3.3902 3.1066, -2.2208 -3.3864 2.9432, -2.255 -3.3874 2.772, -1.2028 -3.5098 3.9239, -1.3704 -3.5163 3.8932, -1.366 -3.5033 3.8748, -1.5244 -3.5098 3.8202, -1.5187 -3.4919 3.8053, -1.6634 -3.4982 3.7296, -1.6586 -3.4792 3.7205, -1.7866 -3.4851 3.6273, -1.7834 -3.4649 3.6225, -1.8933 -3.4704 3.5151, -1.893 -3.4465 3.5137, -1.9882 -3.4523 3.3893, -1.9922 -3.43 3.391, -2.0702 -3.4363 3.2501, -2.079 -3.4155 3.2534, -2.1363 -3.4221 3.0992, -2.1488 -3.405 3.1022, -2.1828 -3.4115 2.939, -2.2003 -3.3967 2.9408, -2.2096 -3.4031 2.7734, -2.2302 -3.3928 2.7726, -2.2147 -3.3988 2.6061, -2.2392 -3.3933 2.6019, -2.2002 -3.3988 2.4402, -1.5315 -3.5229 3.8377, -1.6714 -3.5162 3.7435, -1.7927 -3.5041 3.6355, -1.8971 -3.4906 3.5195, -1.9887 -3.4762 3.3906, -2.066 -3.4586 3.249, -2.1271 -3.4428 3.0973, -2.1699 -3.4286 2.9379, -2.1919 -3.4179 2.7742, -2.1944 -3.4091 2.6098, -2.1766 -3.4043 2.4478, -2.1375 -3.4046 2.2832, -1.681 -3.5292 3.7598, -1.8144 -3.5352 3.6629, -1.8026 -3.5221 3.6482, -1.9159 -3.5276 3.5379, -1.9043 -3.5096 3.5268, -2.0013 -3.5154 3.4006, -1.9931 -3.4964 3.3944, -2.0716 -3.5027 3.2533, -2.0667 -3.4825 3.2503, -2.1237 -3.489 3.098, -2.1228 -3.4651 3.0968, -2.1562 -3.4717 2.9376, -2.1606 -3.4494 2.9374, -2.1697 -3.4558 2.7759, -2.179 -3.435 2.775, -2.1644 -3.441 2.6158, -2.1771 -3.4239 2.6131, -2.1403 -3.4294 2.4602, -2.157 -3.4146 2.4544, -2.0968 -3.4204 2.3034, -2.1152 -3.4101 2.2941, -2.0301 -3.4163 2.1474, -2.0505 -3.4109 2.1333, -1.9407 -3.4174 1.9961, -2.0298 -3.5465 3.4206, -2.1118 -3.5528 3.2739, -2.0949 -3.5397 3.2655, -2.1538 -3.5463 3.1088, -2.1386 -3.5283 3.1038, -2.1729 -3.5348 2.9421, -2.1629 -3.5158 2.9401, -2.1724 -3.5222 2.7782, -2.1666 -3.502 2.7776, -2.1525 -3.508 2.6202, -2.1513 -3.4841 2.6195, -2.1157 -3.4896 2.4701, -2.1195 -3.4672 2.4681, -2.0617 -3.473 2.3224, -2.0698 -3.4523 2.3177, -1.9886 -3.4585 2.1774, -1.9989 -3.4414 2.1697, -1.8952 -3.4479 2.0398, -1.9077 -3.4331 2.0274, -1.7833 -3.4397 1.9124, -1.7959 -3.4294 1.8961, -1.6544 -3.4358 1.8, -1.6666 -3.4304 1.7785, -1.5121 -3.4364 1.7042, -2.2074 -3.5659 2.9478, -2.2176 -3.5722 2.7792, -2.1986 -3.5592 2.7791, -2.1844 -3.5652 2.617, -2.1685 -3.5472 2.619, -2.1327 -3.5527 2.4671, -2.1227 -3.5337 2.4696, -2.0651 -3.5395 2.3234, -2.0596 -3.5192 2.3252, -1.9796 -3.5255 2.1864, -1.9782 -3.5016 2.1864, -1.8772 -3.5081 2.0594, -1.8798 -3.4858 2.0559, -1.7599 -3.4924 1.9447, -1.7652 -3.4716 1.937, -1.63 -3.478 1.8451, -1.636 -3.4609 1.8336, -1.4898 -3.4669 1.7632, -1.4959 -3.4522 1.7466, -1.3431 -3.4577 1.6987, -1.3475 -3.4474 1.6785, -1.1848 -3.4531 1.6521, -1.1869 -3.4477 1.6274, -1.014 -3.4539 1.6247, -2.2032 -3.5782 2.6144, -2.1663 -3.5837 2.4577, -2.1481 -3.5707 2.4629, -2.0893 -3.5765 2.3132, -2.0746 -3.5585 2.3196, -1.9936 -3.5647 2.1786, -1.9848 -3.5457 2.1838, -1.8833 -3.5522 2.0558, -1.8786 -3.532 2.0592, -1.7593 -3.5386 1.9482, -1.7579 -3.5147 1.9486, -1.6245 -3.5211 1.8576, -1.626 -3.4988 1.8535, -1.4829 -3.5048 1.7844, -1.4856 -3.484 1.7755, -1.337 -3.4896 1.7286, -1.3394 -3.4725 1.7159, -1.1821 -3.4782 1.6903, -1.1832 -3.4634 1.6727, -1.0171 -3.4696 1.6701, -1.0156 -3.4593 1.6495, -0.8453 -3.4658 1.6724, -0.84 -3.4604 1.6481, -0.6708 -3.4669 1.6974, -2.0231 -3.5958 2.1599, -1.9176 -3.6023 2.0264, -1.9034 -3.5892 2.039, -1.7808 -3.5958 1.9245, -1.7703 -3.5778 1.9366, -1.635 -3.5842 1.8439, -1.6293 -3.5652 1.8525, -1.486 -3.5712 1.7828, -1.4832 -3.551 1.7879, -1.3364 -3.5566 1.7413, -1.3353 -3.5327 1.7422, -1.1818 -3.5384 1.7169, -1.1814 -3.5161 1.7125, -1.0212 -3.5223 1.7098, -1.0199 -3.5015 1.7005, -0.8572 -3.508 1.7222, -0.854 -3.4909 1.7096, -0.6938 -3.4975 1.7562, -0.6872 -3.4827 1.7399, -0.5345 -3.4891 1.8105, -0.5241 -3.4788 1.7926, -0.3835 -3.4849 1.8851, -0.3683 -3.4795 1.8655, -0.2434 -3.485 1.9764, -1.6535 -3.6153 1.8143, -1.5043 -3.6213 1.7415, -1.4969 -3.6082 1.7589, -1.3458 -3.6138 1.7107, -1.3415 -3.5958 1.7261, -1.1856 -3.6015 1.7, -1.184 -3.5825 1.7102, -1.0234 -3.5887 1.7071, -1.023 -3.5685 1.7128, -0.862 -3.575 1.7339, -0.8615 -3.5511 1.7352, -0.705 -3.5577 1.7803, -0.7028 -3.5353 1.7766, -0.5554 -3.5418 1.8445, -0.5502 -3.521 1.8367, -0.4158 -3.5271 1.9248, -0.4075 -3.51 1.9149, -0.2892 -3.5156 2.0199, -0.2762 -3.5008 2.0079, -0.1721 -3.5065 2.1311, -0.1552 -3.4962 2.1192, -0.0661 -3.5023 2.2625, -0.0441 -3.4968 2.2511, 0.0255 -3.5033 2.412, -1.1899 -3.6326 1.6654, -1.0226 -3.6387 1.6619, -1.0232 -3.6257 1.6808, -0.8575 -3.6322 1.7021, -0.8601 -3.6142 1.7179, -0.7012 -3.6208 1.7635, -0.7041 -3.6018 1.7733, -0.5562 -3.6082 1.8411, -0.5583 -3.588 1.8464, -0.4252 -3.5941 1.9333, -0.4253 -3.5702 1.9347, -0.3096 -3.5758 2.0369, -0.306 -3.5534 2.0345, -0.2053 -3.5591 2.1531, -0.1974 -3.5383 2.1482, -0.1121 -3.5445 2.2851, -0.1004 -3.5274 2.2796, -0.0344 -3.5339 2.4318, -0.0176 -3.5191 2.4265, 0.0256 -3.5257 2.5903, 0.046 -3.5153 2.5869, 0.0644 -3.5218 2.7575, 0.0892 -3.5164 2.7568, 0.0822 -3.5225 2.929, -0.8541 -3.6452 1.6835, -0.69 -3.6518 1.7304, -0.6962 -3.6388 1.7483, -0.5446 -3.6452 1.8175, -0.5518 -3.6272 1.8318, -0.4166 -3.6333 1.9197, -0.4223 -3.6143 1.9283, -0.3058 -3.6199 2.031, -0.3094 -3.5997 2.0355, -0.2088 -3.6053 2.1537, -0.2093 -3.5814 2.155, -0.1248 -3.5876 2.2901, -0.1206 -3.5652 2.2888, -0.0559 -3.5717 2.4379, -0.0468 -3.551 2.4355, -0.0046 -3.5575 2.5948, 0.0082 -3.5404 2.5931, 0.0262 -3.5469 2.7579, 0.0438 -3.5321 2.7578, 0.0371 -3.5383 2.9234, 0.0576 -3.528 2.926, 0.0273 -3.5336 3.0874, 0.0512 -3.5282 3.0938, -0.0028 -3.5337 3.2521, -0.5359 -3.6583 1.8007, -0.4074 -3.6513 1.9066, -0.2989 -3.6389 2.0233, -0.2046 -3.6255 2.1497, -0.1242 -3.6115 2.2888, -0.0602 -3.594 2.4385, -0.0139 -3.5783 2.5958, 0.0132 -3.564 2.7578, 0.0197 -3.553 2.9209, 0.0074 -3.5439 3.0819, -0.0256 -3.5392 3.2423, -0.0812 -3.5398 3.4051, -0.3963 -3.6643 1.8913, -0.2748 -3.6699 1.9981, -0.288 -3.6569 2.0117, -0.1842 -3.6625 2.1331, -0.1968 -3.6445 2.1431, -0.1107 -3.6507 2.2801, -0.1194 -3.6317 2.2855, -0.0542 -3.6381 2.4348, -0.0594 -3.6179 2.4373, -0.0173 -3.6245 2.5948, -0.0183 -3.6006 2.5959, -0.0004 -3.6071 2.7568, 0.0039 -3.5848 2.7574, -0.0023 -3.5909 2.9171, 0.0069 -3.5701 2.9189, -0.0219 -3.5758 3.0731, -0.0096 -3.5587 3.0769, -0.0605 -3.5643 3.2267, -0.0445 -3.5495 3.234, -0.1198 -3.5556 3.3811, -0.1023 -3.5453 3.3921, -0.2021 -3.5517 3.5314, -0.1831 -3.5463 3.5474, -0.3061 -3.5529 3.6738, -0.0803 -3.6817 2.2628, -0.0121 -3.6882 2.4182, -0.0298 -3.6752 2.4249, 0.0138 -3.6817 2.5869, -0.0018 -3.6637 2.5905, 0.0166 -3.6702 2.7539, 0.0064 -3.6512 2.755, 0.0006 -3.6573 2.9151, -0.0052 -3.6371 2.9151, -0.0334 -3.6428 3.0676, -0.0347 -3.6189 3.0682, -0.0841 -3.6245 3.2144, -0.0805 -3.6021 3.2168, -0.1529 -3.6082 3.3589, -0.1453 -3.5875 3.3643, -0.2405 -3.5939 3.4976, -0.231 -3.5768 3.5063, -0.3472 -3.5834 3.6259, -0.3359 -3.5686 3.6394, -0.4702 -3.5751 3.7415, -0.4593 -3.5648 3.759, -0.6077 -3.571 3.8401, -0.5975 -3.5655 3.8628, -0.7554 -3.5713 3.9212, 0.0456 -3.7074 2.9183, 0.0165 -3.713 3.0781, -0.0019 -3.7 3.0737, -0.0525 -3.7056 3.2246, -0.0675 -3.6876 3.219, -0.1404 -3.6937 3.3629, -0.1495 -3.6747 3.3582, -0.2437 -3.6811 3.4909, -0.2486 -3.6609 3.4878, -0.3618 -3.6675 3.605, -0.3632 -3.6436 3.6047, -0.4921 -3.6501 3.703, -0.4904 -3.6277 3.707, -0.6309 -3.6339 3.7842, -0.6277 -3.6132 3.793, -0.7752 -3.6189 3.8478, -0.7722 -3.6018 3.8604, -0.9263 -3.6073 3.8937, -0.9243 -3.5926 3.9112, -1.0888 -3.5986 3.9224, -1.0892 -3.5883 3.943, -1.2598 -3.5947 3.9293, -1.2637 -3.5893 3.9538, -1.4353 -3.5958 3.9136, -0.1099 -3.7247 3.3801, -0.2079 -3.7312 3.5184, -0.2227 -3.7181 3.5067, -0.3391 -3.7247 3.6275, -0.3502 -3.7067 3.616, -0.4809 -3.7132 3.7162, -0.487 -3.6942 3.7079, -0.6276 -3.7004 3.7856, -0.6307 -3.6802 3.7807, -0.7765 -3.6859 3.8352, -0.7776 -3.662 3.8344, -0.928 -3.6675 3.8671, -0.9282 -3.6452 3.8715, -1.0868 -3.6512 3.8825, -1.0876 -3.6305 3.8918, -1.2505 -3.6369 3.8789, -1.2531 -3.6198 3.8916, -1.4155 -3.6264 3.8537, -1.4212 -3.6116 3.8703, -1.5781 -3.6181 3.8077, -1.5874 -3.6078 3.8261, -1.7338 -3.614 3.7405, -1.748 -3.6086 3.7608, -1.8798 -3.6144 3.6552, -0.6072 -3.7504 3.8259, -0.7597 -3.7561 3.8834, -0.7655 -3.7431 3.8653, -0.9204 -3.7486 3.8995, -0.9233 -3.7306 3.8838, -1.0838 -3.7367 3.8954, -1.0845 -3.7177 3.8851, -1.2465 -3.7241 3.8727, -1.2463 -3.7039 3.867, -1.4051 -3.7104 3.8303, -1.4055 -3.6866 3.829, -1.5564 -3.6931 3.7691, -1.559 -3.6707 3.7726, -1.6978 -3.677 3.6918, -1.7036 -3.6562 3.6991, -1.8271 -3.662 3.6004, -1.8363 -3.6449 3.6095, -1.9439 -3.6504 3.4947, -1.9579 -3.6356 3.5054, -2.0519 -3.6416 3.3706, -2.0698 -3.6313 3.3809, -2.1458 -3.6377 3.2279, -2.1688 -3.6322 3.2371, -2.2227 -3.6388 3.0694, -1.2515 -3.7741 3.9176, -1.4179 -3.7807 3.8796, -1.4127 -3.7677 3.8615, -1.5683 -3.7742 3.8002, -1.5619 -3.7562 3.7855, -1.7025 -3.7624 3.7041, -1.6973 -3.7434 3.6953, -1.8203 -3.7492 3.5976, -1.8169 -3.729 3.5929, -1.9224 -3.7345 3.481, -1.922 -3.7106 3.4796, -2.0126 -3.7166 3.3503, -2.0167 -3.6942 3.3518, -2.0889 -3.7006 3.207, -2.0978 -3.6799 3.2098, -2.1485 -3.6864 3.0531, -2.1612 -3.6693 3.0555, -2.188 -3.6759 2.8913, -2.2056 -3.6611 2.8923, -2.2076 -3.6674 2.7255, -2.2282 -3.6571 2.7239, -2.2059 -3.6629 2.5594, -2.2302 -3.6574 2.5542, -2.1846 -3.6629 2.3944, -1.7213 -3.7935 3.7335, -1.8496 -3.7992 3.632, -1.8371 -3.7862 3.6178, -1.9459 -3.7917 3.5028, -1.9339 -3.7737 3.4922, -2.0262 -3.7797 3.361, -2.0177 -3.7607 3.3551, -2.0905 -3.7671 3.2102, -2.0854 -3.7468 3.2073, -2.1358 -3.7534 3.0524, -2.1349 -3.7295 3.0513, -2.1614 -3.736 2.8911, -2.1657 -3.7137 2.8907, -2.1679 -3.72 2.7297, -2.1772 -3.6992 2.7284, -2.1561 -3.7051 2.5712, -2.1686 -3.688 2.568, -2.1256 -3.6935 2.4168, -2.142 -3.6787 2.4104, -2.075 -3.6846 2.2609, -2.093 -3.6743 2.2508, -2.0012 -3.6807 2.1071, -2.021 -3.6752 2.0922, -1.9052 -3.6818 1.9596, -1.9602 -3.8047 3.5151, -2.0556 -3.8107 3.3798, -2.0396 -3.7977 3.3697, -2.1142 -3.8041 3.2213, -2.0997 -3.7861 3.2147, -2.151 -3.7926 3.0576, -2.1412 -3.7736 3.0545, -2.1681 -3.7802 2.8932, -2.1624 -3.7599 2.892, -2.1649 -3.7662 2.7315, -2.1637 -3.7423 2.7307, -2.1431 -3.7482 2.5755, -2.1471 -3.7258 2.5738, -2.1052 -3.7313 2.4256, -2.1137 -3.7106 2.4218, -2.0486 -3.7165 2.2763, -2.0597 -3.6994 2.2696, -1.9711 -3.7057 2.1307, -1.9849 -3.691 2.1198, -1.8736 -3.6975 1.9923, -1.8878 -3.6872 1.9773, -1.7563 -3.6938 1.866, -1.7708 -3.6883 1.8459, -1.6227 -3.6946 1.7545, -2.1316 -3.8171 3.2289, -2.1664 -3.8106 3.062, -2.1782 -3.7992 2.8948, -2.1707 -3.7864 2.7319, -2.1444 -3.7721 2.5761, -2.1014 -3.7537 2.4278, -2.0408 -3.7373 2.2813, -1.9611 -3.7228 2.1389, -1.8615 -3.7123 2.0052, -1.7445 -3.7041 1.8829, -1.6114 -3.7001 1.7766, -1.4664 -3.7005 1.6873, -2.1847 -3.8237 3.0669, -2.2129 -3.8302 2.899, -2.1941 -3.8172 2.8969, -2.1969 -3.8234 2.7316, -2.1809 -3.8054 2.7319, -2.1603 -3.8113 2.5742, -2.1502 -3.7923 2.5756, -2.1084 -3.7978 2.427, -2.1027 -3.7775 2.4282, -2.0388 -3.7835 2.2842, -2.0373 -3.7596 2.284, -1.9511 -3.7659 2.1482, -1.9541 -3.7436 2.1451, -1.8469 -3.7502 2.0219, -1.8529 -3.7294 2.0148, -1.7274 -3.7359 1.9083, -1.7345 -3.7188 1.8975, -1.5945 -3.7252 1.8109, -1.6022 -3.7104 1.795, -1.452 -3.7163 1.7304, -1.4584 -3.706 1.7108, -1.3014 -3.7115 1.6686, -1.3061 -3.706 1.6442, -1.1374 -3.7119 1.624, -2.1947 -3.8423 2.5682, -2.1515 -3.8478 2.4133, -2.1335 -3.8348 2.4193, -2.0679 -3.8407 2.2709, -2.0535 -3.8227 2.2779, -1.9662 -3.829 2.1398, -1.9575 -3.81 2.1454, -1.8504 -3.8166 2.0217, -1.8458 -3.7964 2.0253, -1.722 -3.8029 1.9197, -1.7206 -3.779 1.9202, -1.5841 -3.7853 1.8354, -1.5854 -3.763 1.8312, -1.4406 -3.7689 1.7686, -1.4429 -3.7482 1.7596, -1.293 -3.7536 1.7191, -1.2949 -3.7365 1.7063, -1.1353 -3.7424 1.6871, -1.1357 -3.7276 1.6694, -0.9686 -3.7339 1.674, -0.9662 -3.7236 1.6535, -0.7967 -3.7302 1.6837, -0.7904 -3.7247 1.6597, -0.6236 -3.7313 1.7163, -1.9948 -3.8601 2.1198, -1.8698 -3.8536 2.004, -1.7424 -3.8601 1.8951, -1.7325 -3.8421 1.9076, -1.594 -3.8485 1.8212, -1.5887 -3.8295 1.83, -1.4436 -3.8354 1.7669, -1.4411 -3.8151 1.7721, -1.2929 -3.8206 1.7318, -1.2919 -3.7967 1.7327, -1.1361 -3.8026 1.7137, -1.1356 -3.7803 1.7093, -0.9744 -3.7866 1.7134, -0.9728 -3.7658 1.7043, -0.8108 -3.7724 1.733, -0.807 -3.7553 1.7206, -0.6491 -3.7618 1.774, -0.6418 -3.747 1.758, -0.4929 -3.7534 1.8348, -0.4818 -3.7431 1.8174, -0.3462 -3.7491 1.915, -0.3302 -3.7436 1.896, -0.2106 -3.7491 2.0114, -1.4535 -3.8724 1.7426, -1.3011 -3.8778 1.7008, -1.2974 -3.8598 1.7163, -1.1392 -3.8657 1.6966, -1.138 -3.8467 1.7068, -0.9765 -3.853 1.7106, -0.9764 -3.8328 1.7164, -0.8161 -3.8393 1.7445, -0.8156 -3.8154 1.7458, -0.6614 -3.822 1.7976, -0.659 -3.7997 1.794, -0.5152 -3.806 1.8679, -0.5098 -3.7853 1.8603, -0.3801 -3.7912 1.9534, -0.3714 -3.7741 1.9438, -0.2581 -3.7796 2.053, -0.2447 -3.7648 2.0415, -0.1449 -3.7707 2.1701, -0.1275 -3.7604 2.1589, -0.0441 -3.7666 2.3067, -0.0216 -3.7612 2.2963, 0.0411 -3.7677 2.4605, -1.1406 -3.8837 1.6807, -0.9762 -3.872 1.7004, -0.8135 -3.8786 1.7286, -0.8154 -3.8596 1.7387, -0.6602 -3.8661 1.7907, -0.6617 -3.8459 1.7962, -0.5183 -3.8523 1.8697, -0.5181 -3.8284 1.8711, -0.39 -3.8343 1.9629, -0.3866 -3.812 1.9601, -0.2755 -3.8175 2.0669, -0.2681 -3.7967 2.0612, -0.1709 -3.8025 2.1861, -0.1598 -3.7854 2.1794, -0.0791 -3.7917 2.3223, -0.0629 -3.7769 2.3152, -0.0026 -3.7834 2.4731, 0.0173 -3.7731 2.4675, 0.054 -3.7797 2.636, 0.0786 -3.7743 2.6327, 0.0898 -3.7806 2.807, -0.5111 -3.8915 1.8553, -0.3807 -3.8974 1.9483, -0.3867 -3.8784 1.9566, -0.2752 -3.8839 2.0634, -0.2789 -3.8637 2.0678, -0.1826 -3.8695 2.1911, -0.183 -3.8456 2.1924, -0.1039 -3.8519 2.3318, -0.0997 -3.8296 2.3306, -0.0413 -3.8361 2.4828, -0.0322 -3.8153 2.4808, 0.0031 -3.8219 2.6418, 0.016 -3.8048 2.6406, 0.0267 -3.8112 2.8055, 0.0444 -3.7964 2.8061, 0.0308 -3.8024 2.9701, 0.0511 -3.7921 2.9736, 0.0144 -3.7976 3.1324, 0.0381 -3.7922 3.1398, -0.0229 -3.7979 3.2971, -0.0984 -3.896 2.3274, -0.0395 -3.9025 2.4798, -0.0448 -3.8823 2.4822, -0.0096 -3.8889 2.6412, -0.0106 -3.865 2.6422, 0.0002 -3.8714 2.8031, 0.0045 -3.849 2.804, -0.0083 -3.8551 2.9622, 0.0008 -3.8343 2.9643, -0.0341 -3.8398 3.116, -0.0219 -3.8227 3.1204, -0.0795 -3.8285 3.2692, -0.0638 -3.8137 3.2772, -0.1458 -3.8199 3.4219, -0.1289 -3.8096 3.4337, -0.2349 -3.8161 3.569, -0.2167 -3.8106 3.5858, -0.3449 -3.8172 3.7067, -0.0453 -3.9068 3.1102, -0.1012 -3.9125 3.2558, -0.1026 -3.8887 3.256, -0.1811 -3.8949 3.3953, -0.178 -3.8725 3.3983, -0.2782 -3.879 3.5267, -0.2718 -3.8583 3.5335, -0.3916 -3.8649 3.6467, -0.3839 -3.8478 3.6571, -0.5199 -3.8542 3.7514, -0.5114 -3.8394 3.7669, -0.6594 -3.8455 3.8399, -0.652 -3.8352 3.8591, -0.8073 -3.8407 3.9095, -0.8015 -3.8353 3.9336, -0.9672 -3.841 3.9621, -1.3088 -3.8591 3.9205, -1.1384 -3.8526 3.9417, -1.1371 -3.8629 3.9211, -0.9712 -3.8567 3.9168, -0.9725 -3.8715 3.8993, -0.8158 -3.8658 3.8722, -0.8183 -3.8829 3.8595, -0.6699 -3.8774 3.8112, -0.6728 -3.8981 3.8023, -0.5301 -3.892 3.7316, -0.5316 -3.9144 3.7275, -0.399 -3.908 3.6352, -0.294 -3.9487 3.5487, -2.2289 -2.536 2.6368, -2.1735 -2.533 2.4817, -2.1 -2.5257 2.3362, -2.0077 -2.5139 2.1999, -1.9004 -2.5013 2.0748, -1.7789 -2.4877 1.9643, -1.646 -2.4702 1.8704, -1.5056 -2.454 1.7936, -1.3604 -2.4389 1.7345, -1.2072 -2.4274 1.6928, -1.0432 -2.4188 1.6689, -0.8716 -2.4149 1.6671, -0.6966 -2.416 1.6881, -0.7297 -2.4143 1.6705, -0.6938 -2.4157 1.68, -0.9635 -2.4055 1.6235, -0.8654 -2.4091 1.6343, -2.0563 -2.5534 2.1701, -1.9354 -2.5514 2.0462, -1.801 -2.5449 1.941, -1.6568 -2.5334 1.8569, -1.5087 -2.5205 1.7922, -1.3595 -2.5059 1.7471, -1.2062 -2.4876 1.7194, -1.0463 -2.4714 1.7086, -0.8824 -2.4571 1.7172, -0.7182 -2.4466 1.7474, -0.5574 -2.4383 1.7981, -0.4043 -2.4341 1.8695, -0.2615 -2.4343 1.9583, -0.3153 -2.4313 1.9014, -0.2555 -2.434 1.9521, -0.5318 -2.4221 1.7505, -0.5103 -2.423 1.7639, -0.3845 -2.4283 1.8426, -0.1491 -2.4393 2.0727, -0.1442 -2.4395 2.0782, -0.0494 -2.4456 2.2231, -0.0249 -2.4478 2.2763, 0.0242 -2.4521 2.3832, 0.058 -2.4566 2.5, 0.0735 -2.4586 2.5538, 0.0966 -2.4651 2.7291, 0.0965 -2.4654 2.7354, -0.715 -2.6009 1.7215, -0.5674 -2.5943 1.8053, -0.4366 -2.5825 1.9049, -0.3227 -2.5692 2.0141, -0.2235 -2.5545 2.1341, -0.1367 -2.5367 2.2681, -0.0645 -2.5208 2.4139, -0.0096 -2.5066 2.5697, 0.025 -2.496 2.7323, 0.0397 -2.4875 2.898, 0.0334 -2.4829 3.0629, 0.0073 -2.483 3.2276, 0.0234 -2.4817 3.205, 0.0152 -2.4826 3.2308, 0.0935 -2.4713 2.9033, 0.0819 -2.4737 2.9736, 0.0658 -2.4771 3.0708, -0.2924 -2.6192 1.9806, -0.1994 -2.6117 2.113, -0.1229 -2.5998 2.2578, -0.0629 -2.5873 2.4108, -0.0223 -2.5736 2.5699, -0.0016 -2.5562 2.7317, 0.0002 -2.5401 2.8926, -0.0161 -2.5251 3.0497, -0.0511 -2.5135 3.2035, -0.1065 -2.5048 3.3587, -0.1851 -2.5009 3.5106, -0.2857 -2.502 3.6553, -0.229 -2.4988 3.6068, -0.2799 -2.5016 3.6616, -0.06 -2.4886 3.3861, -0.0822 -2.4901 3.4188, -0.1591 -2.495 3.5315, -0.1847 -2.6248 2.1011, -0.1092 -2.6178 2.2494, -0.0535 -2.6063 2.4066, -0.0168 -2.5938 2.568, -0.0005 -2.5801 2.7308, -0.004 -2.5624 2.8914, -0.0249 -2.5458 3.0468, -0.0629 -2.5306 3.1983, -0.1216 -2.5195 3.3495, -0.2011 -2.5112 3.4975, -0.3025 -2.5074 3.6371, -0.0007 -2.6458 2.3852, 0.027 -2.6439 2.5569, 0.0313 -2.6373 2.7269, 0.0133 -2.6256 2.8907, -0.0219 -2.6123 3.0452, -0.0736 -2.5976 3.1915, -0.1435 -2.5797 3.3345, -0.2312 -2.5638 3.4713, -0.3363 -2.5496 3.5986, -0.458 -2.539 3.7121, -0.5927 -2.5305 3.8103, -0.738 -2.526 3.89, -0.8924 -2.526 3.9523, -0.8455 -2.5241 3.9499, -0.891 -2.5257 3.9607, -0.5697 -2.5144 3.8591, -0.6179 -2.5161 3.8782, -0.7281 -2.5202 3.9219, -1.0623 -2.5316 3.9762, -1.0826 -2.5324 3.975, -1.2377 -2.538 3.9662, -1.3197 -2.5411 3.9489, -1.4114 -2.5446 3.9297, -1.5478 -2.5499 3.8788, -1.5774 -2.5511 3.8678, -1.7304 -2.5574 3.7829, -1.7562 -2.5585 3.7632, -1.8662 -2.5633 3.679, -1.9367 -2.5665 3.607, -1.9833 -2.5687 3.5595, -2.0844 -2.5746 3.421, -2.0849 -2.5747 3.42, -0.7288 -2.7139 3.8969, -0.8921 -2.7109 3.9142, -1.0575 -2.7038 3.9111, -1.2219 -2.6922 3.8865, -1.3816 -2.6798 3.8433, -1.5333 -2.6661 3.7813, -1.6741 -2.6485 3.7024, -1.8024 -2.632 3.6102, -1.9178 -2.6167 3.5058, -2.0232 -2.6056 3.3838, -2.1163 -2.5971 3.2446, -2.192 -2.5934 3.0898, -2.2483 -2.5944 2.923, -2.2475 -2.5922 2.9736, -2.2568 -2.5941 2.9239, -2.166 -2.581 3.2658, -2.1873 -2.5834 3.2045, -2.2243 -2.5875 3.0983, -2.2629 -2.6004 2.7487, -2.2614 -2.6009 2.7356, -2.2437 -2.6063 2.5782, -2.2232 -2.609 2.5, -1.3924 -2.7298 3.8872, -1.5448 -2.7233 3.8112, -1.6816 -2.7116 3.718, -1.8023 -2.6985 3.6137, -1.9068 -2.6837 3.4996, -1.9996 -2.6657 3.3714, -2.0791 -2.6497 3.2303, -2.1422 -2.6355 3.078, -2.1854 -2.625 2.917, -2.2089 -2.6165 2.7512, -2.2109 -2.6122 2.5844, -2.1932 -2.6122 2.4191, -2.2013 -2.6118 2.4163, -1.5522 -2.7364 3.8286, -1.6898 -2.7296 3.7318, -1.8086 -2.7175 3.6219, -1.9107 -2.7039 3.5038, -2.0001 -2.6896 3.3728, -2.0748 -2.6721 3.2293, -2.133 -2.6563 3.0763, -2.1725 -2.6421 2.9162, -2.1913 -2.6313 2.7524, -2.1906 -2.6225 2.5885, -2.1698 -2.6176 2.4271, -1.9439 -2.754 3.5345, -2.0262 -2.7469 3.3915, -2.0896 -2.7352 3.2383, -2.1349 -2.7227 3.0792, -2.1599 -2.7091 2.9171, -2.1649 -2.6915 2.7555, -2.1518 -2.6751 2.5976, -2.1217 -2.6598 2.4448, -2.0715 -2.6486 2.2921, -2.0004 -2.6401 2.141, -1.9068 -2.6363 1.9964, -1.7927 -2.6374 1.8622, -1.8499 -2.6345 1.9015, -1.7979 -2.6371 1.8554, -2.0441 -2.624 2.1092, -2.0147 -2.6256 2.074, -1.9307 -2.6305 1.9731, -2.0419 -2.7599 3.402, -2.104 -2.7532 3.2453, -2.1446 -2.7417 3.0825, -2.1655 -2.7293 2.9185, -2.1661 -2.7154 2.7563, -2.1477 -2.6974 2.5991, -2.1131 -2.6806 2.4485, -2.0602 -2.6657 2.2985, -1.9863 -2.6549 2.1516, -1.8922 -2.6466 2.011, -1.7778 -2.6429 1.882, -2.1993 -2.7813 3.0987, -2.2102 -2.7793 2.9253, -2.1981 -2.7726 2.7571, -2.165 -2.7605 2.5982, -2.1163 -2.747 2.4499, -2.0502 -2.7327 2.3063, -1.9659 -2.7151 2.1686, -1.8648 -2.6993 2.04, -1.7479 -2.6851 1.9235, -1.6169 -2.6743 1.8229, -1.4756 -2.6655 1.7389, -1.3264 -2.6607 1.6737, -1.1641 -2.6611 1.6256, -1.2019 -2.6594 1.6223, -1.1647 -2.6607 1.617, -1.4941 -2.6494 1.6881, -1.4355 -2.6514 1.671, -1.3333 -2.6549 1.6411, -2.2213 -2.8001 2.5893, -2.1597 -2.7971 2.4372, -2.0797 -2.7899 2.2936, -1.9812 -2.7782 2.1606, -1.8683 -2.7657 2.0399, -1.7422 -2.752 1.9349, -1.606 -2.7345 1.8472, -1.4634 -2.7182 1.7769, -1.3168 -2.7029 1.724, -1.1606 -2.6916 1.6886, -0.9947 -2.6831 1.6716, -0.8228 -2.6793 1.6773, -0.6489 -2.6804 1.7059, -0.7301 -2.6768 1.6715, -0.6458 -2.68 1.698, -0.9901 -2.6669 1.6178, -0.9634 -2.6679 1.6219, -0.8152 -2.6735 1.6449, -0.5102 -2.6855 1.764, -0.4875 -2.6864 1.7751, -0.3452 -2.6925 1.8727, -0.3148 -2.6938 1.9007, -0.2219 -2.698 1.9865, -0.1508 -2.7018 2.074, -0.1149 -2.7037 2.1183, -0.0258 -2.7099 2.268, -0.0228 -2.7102 2.2753, -1.3349 -2.8486 1.666, -1.1679 -2.846 1.6635, -1.0011 -2.8391 1.6822, -0.8386 -2.8277 1.7226, -0.6837 -2.8152 1.7811, -0.5397 -2.8014 1.857, -0.4088 -2.7836 1.9475, -0.2918 -2.7668 2.0492, -0.185 -2.7517 2.1655, -0.0903 -2.7408 2.2991, -0.0104 -2.7326 2.4479, 0.0499 -2.7288 2.6095, 0.0898 -2.7298 2.78, 0.0944 -2.7278 2.7357, 0.0983 -2.7294 2.7798, 0.0411 -2.7164 2.4317, 0.0576 -2.719 2.5, 0.0829 -2.723 2.6042, -0.8272 -2.8672 1.6668, -0.6688 -2.8653 1.7384, -0.5254 -2.8586 1.8283, -0.3999 -2.8467 1.9327, -0.2915 -2.8332 2.0457, -0.1965 -2.8187 2.1708, -0.115 -2.801 2.3092, -0.0489 -2.7852 2.4585, -0.0008 -2.771 2.6165, 0.0267 -2.7603 2.7799, 0.0344 -2.7516 2.945, 0.0216 -2.7469 3.1082, -0.0118 -2.7471 3.2729, 0.0221 -2.7442 3.2045, -0.004 -2.7468 3.2763, 0.0879 -2.7355 2.9526, 0.0835 -2.7362 2.9739, 0.0537 -2.7411 3.1174, -0.081 -2.7525 3.4197, -0.0862 -2.7529 3.4294, -0.1919 -2.7594 3.5709, -0.2286 -2.7613 3.6071, -0.3183 -2.766 3.6957, -0.4097 -2.7701 3.7622, -0.461 -2.7724 3.7996, -0.6149 -2.7786 3.8798, -0.617 -2.7786 3.8805, 0.0521 -2.9147 2.774, 0.0242 -2.9077 2.9381, -0.0229 -2.8953 3.0902, -0.0855 -2.882 3.2351, -0.166 -2.8679 3.3741, -0.264 -2.8505 3.5042, -0.3774 -2.8347 3.6227, -0.5043 -2.8204 3.7269, -0.6425 -2.8095 3.8137, -0.7881 -2.8003 3.8832, -0.9437 -2.7956 3.9346, -1.1126 -2.7963 3.9674, -1.0828 -2.7948 3.9746, -1.1128 -2.7959 3.976, -0.7744 -2.7842 3.9354, -0.8455 -2.7866 3.9493, -0.9397 -2.7898 3.9677, -0.0435 -2.932 3.2517, -0.1379 -2.9251 3.3895, -0.2496 -2.9136 3.5138, -0.3739 -2.9012 3.6232, -0.5089 -2.8874 3.7151, -0.6511 -2.8697 3.7885, -0.7968 -2.853 3.8443, -0.9485 -2.8378 3.8836, -1.1101 -2.8268 3.9044, -1.2785 -2.8185 3.9052, -1.4496 -2.8148 3.8828, -1.6192 -2.8158 3.8379, -1.5472 -2.8124 3.8776, -1.6232 -2.8154 3.8455, -1.2883 -2.8024 3.9583, -1.3199 -2.8036 3.9503, -1.4604 -2.8089 3.9144, -0.1217 -2.9382 3.3992, -0.2371 -2.9316 3.5237, -0.3668 -2.9202 3.6305, -0.5052 -2.9076 3.7196, -0.6499 -2.8936 3.7892, -0.7972 -2.8753 3.8399, -0.949 -2.8586 3.8743, -1.1092 -2.8439 3.8915, -1.275 -2.8333 3.888, -1.4427 -2.8251 3.8633, -1.6078 -2.8212 3.8158, -0.3287 -2.9597 3.673, -0.4799 -2.9577 3.757, -0.6353 -2.9508 3.8178, -0.7905 -2.9384 3.8559, -0.9463 -2.925 3.8766, -1.1066 -2.9109 3.8791, -1.2683 -2.8935 3.8622, -1.4283 -2.8777 3.8261, -1.5832 -2.8634 3.7709, -1.7291 -2.8525 3.697, -1.8641 -2.8434 3.6075, -1.9879 -2.8387 3.5009, -2.1028 -2.8393 3.3734, -2.0829 -2.8372 3.4186, -2.1102 -2.8389 3.3777, -1.9018 -2.8273 3.6461, -1.9368 -2.829 3.6073, -2.0142 -2.8329 3.5214, -2.1854 -2.8453 3.2184, -2.1893 -2.8458 3.2052, -2.2363 -2.8519 3.0483, -2.2469 -2.8547 2.9737, -2.2612 -2.8584 2.8731, -2.2601 -2.8633 2.7355, -2.2598 -2.8646 2.6987, -2.2337 -2.8704 2.5306, -2.2243 -2.8715 2.4998, -2.1847 -2.8759 2.3703, -2.1404 -2.8795 2.2764, -2.1111 -2.8819 2.2145, -2.0164 -2.8881 2.0725, -1.7395 -3.0069 3.7209, -1.8525 -2.9995 3.6034, -1.9471 -2.9871 3.4757, -2.0286 -2.9741 3.3366, -2.0935 -2.9603 3.1872, -2.1398 -2.943 3.0302, -2.1674 -2.9272 2.8691, -2.1757 -2.9127 2.7071, -2.1641 -2.9013 2.5475, -2.1344 -2.892 2.3902, -2.0821 -2.8877 2.231, -2.0068 -2.8887 2.0736, -2.0135 -2.8883 2.0683, -1.9911 -3.0266 3.5119, -2.0669 -3.0242 3.3605, -2.1226 -3.0175 3.2006, -2.1561 -3.0061 3.0361, -2.1698 -2.9936 2.8716, -2.1634 -2.9796 2.7104, -2.1387 -2.9615 2.5554, -2.0979 -2.9447 2.4061, -2.0382 -2.9299 2.2574, -1.9576 -2.9192 2.1131, -1.8573 -2.911 1.9766, -1.7377 -2.9072 1.8528, -1.6023 -2.908 1.7441, -1.6544 -2.9056 1.765, -1.6061 -2.9077 1.7365, -1.8941 -2.8949 1.937, -1.8502 -2.8969 1.9014, -1.7566 -2.9014 1.8253, -1.4479 -2.9135 1.6721, -1.4361 -2.9139 1.6691, -1.2855 -2.919 1.6317, -1.2019 -2.9219 1.6233, -2.2148 -3.0437 2.8765, -2.1955 -3.0368 2.7099, -2.1559 -3.0246 2.5538, -2.1012 -3.0111 2.4074, -2.0285 -2.9969 2.2655, -1.938 -2.9794 2.131, -1.8312 -2.9636 2.0067, -1.7096 -2.9494 1.8956, -1.5751 -2.9386 1.8011, -1.4316 -2.9296 1.7236, -1.2799 -2.9248 1.6646, -1.1144 -2.9253 1.6232, -1.1146 -2.9249 1.6146, -2.2144 -3.0499 2.7089, -2.1717 -3.0426 2.5509, -2.111 -3.0301 2.4044, -2.0339 -3.0171 2.2633, -1.9394 -3.0033 2.131, -1.8288 -2.986 2.0104, -1.7048 -2.9702 1.9037, -1.5699 -2.9557 1.8129, -1.4266 -2.9444 1.7405, -1.2767 -2.9351 1.685, -1.1138 -2.9307 1.648, -2.0741 -3.0672 2.2428, -1.9659 -3.0605 2.113, -1.8422 -3.0491 1.9995, -1.7083 -3.0366 1.9029, -1.5665 -3.0227 1.8251, -1.4204 -3.0046 1.7663, -1.2715 -2.9877 1.7246, -1.1138 -2.9729 1.6992, -0.9489 -2.9622 1.6939, -0.7803 -2.954 1.7095, -0.6124 -2.9502 1.7483, -0.4492 -2.9511 1.8086, -0.511 -2.948 1.7654, -0.4446 -2.9507 1.8014, -0.7654 -2.9378 1.6576, -0.7299 -2.9392 1.6704, -0.5987 -2.9444 1.7179, -1.9811 -3.0736 2.1018, -1.8537 -3.0671 1.9883, -1.7147 -3.0556 1.8949, -1.5697 -3.0429 1.8203, -1.4215 -3.0285 1.7655, -1.2716 -3.0101 1.7289, -1.1142 -2.9937 1.7085, -0.951 -2.9793 1.7067, -0.7855 -2.9687 1.7264, -0.6212 -2.9605 1.767, -0.4627 -2.9565 1.8294, -1.7485 -3.0951 1.849, -1.5914 -3.0929 1.7807, -1.4334 -3.0857 1.7357, -1.2768 -3.0732 1.7124, -1.1167 -3.0601 1.706, -0.9549 -3.0463 1.7187, -0.7946 -3.0289 1.7514, -0.6391 -3.0131 1.8026, -0.4915 -2.9987 1.8717, -0.3552 -2.9875 1.9576, -0.2305 -2.9782 2.0576, -0.1153 -2.9738 2.1777, -0.0119 -2.9746 2.3175, -0.0244 -2.9727 2.2763, -0.0041 -2.9742 2.314, -0.1894 -2.9621 2.0226, -0.151 -2.9643 2.0741, -0.0871 -2.9679 2.1598, 0.0558 -2.9808 2.4809, 0.0595 -2.9815 2.4995, 0.0901 -2.9873 2.6549, 0.0937 -2.9903 2.7356, 0.0979 -2.9937 2.8303, 0.0831 -2.9987 2.974, 0.0803 -2.9997 3.0012, 0.0395 -3.0051 3.1636, 0.0227 -3.0066 3.2046, -0.0252 -3.011 3.3214, -0.0829 -3.015 3.4185, -0.1145 -3.0172 3.4717, -0.2265 -3.0238 3.6089, -0.2266 -3.0238 3.609, -0.111 -3.1617 2.167, -0.0488 -3.1595 2.327, -0.0085 -3.153 2.4925, 0.009 -3.1416 2.6594, 0.0068 -3.1289 2.8231, -0.0145 -3.1146 2.9806, -0.0528 -3.0962 3.1302, -0.1083 -3.0797 3.2777, -0.1829 -3.0652 3.4221, -0.2778 -3.0547 3.5589, -0.3909 -3.0465 3.6851, -0.5208 -3.0425 3.7961, -0.6637 -3.0431 3.8904, -0.618 -3.0411 3.8784, -0.6607 -3.0427 3.8984, -0.3581 -3.0303 3.728, -0.4096 -3.0326 3.7622, -0.5046 -3.0367 3.8252, 0.0654 -3.1811 2.651, 0.052 -3.179 2.8225, 0.0173 -3.1719 2.9841, -0.0358 -3.1594 3.1334, -0.1049 -3.1462 3.2767, -0.1918 -3.1322 3.413, -0.2956 -3.1149 3.5391, -0.4139 -3.0991 3.6525, -0.5447 -3.0847 3.7508, -0.6855 -3.0736 3.8312, -0.8327 -3.0644 3.8943, -0.9917 -3.0598 3.9394, -1.163 -3.0606 3.9651, -1.0827 -3.0573 3.9732, -1.1635 -3.0602 3.9736, -0.8211 -3.0482 3.9471, -0.8451 -3.0491 3.9507, -0.9892 -3.054 3.9727, -1.3203 -3.066 3.951, -1.3386 -3.0667 3.9483, -1.5086 -3.0733 3.8969, -1.5474 -3.0749 3.8785, -1.6677 -3.0797 3.8213, -1.7557 -3.0834 3.7622, -1.8112 -3.0858 3.7249, -1.9358 -3.0913 3.6121, -1.9385 -3.0915 3.6088, -0.5105 -3.2305 3.801, -0.6712 -3.228 3.853, -0.8297 -3.2204 3.8823, -0.9904 -3.2082 3.8915, -1.1528 -3.1954 3.8829, -1.3139 -3.1817 3.8544, -1.4705 -3.1644 3.8064, -1.6193 -3.1485 3.7408, -1.7579 -3.1338 3.6593, -1.8834 -3.1222 3.5632, -1.9997 -3.1132 3.4506, -2.1045 -3.109 3.318, -2.1946 -3.1101 3.1674, -2.1882 -3.1083 3.2046, -2.2027 -3.1097 3.1701, -2.0439 -3.097 3.4817, -2.0823 -3.0997 3.4184, -2.1342 -3.1032 3.3331, -0.9843 -3.2477 3.9482, -1.154 -3.2455 3.928, -1.3188 -3.2389 3.8861, -1.4745 -3.2275 3.8232, -1.6186 -3.2149 3.7443, -1.7484 -3.2008 3.6509, -1.8628 -3.1824 3.5463, -1.9662 -3.1658 3.4289, -2.0583 -3.1512 3.2959, -2.1345 -3.1406 3.1482, -2.193 -3.1324 2.9891, -2.2301 -3.1285 2.8217, -2.2462 -3.1292 2.6503, -2.2591 -3.1258 2.7356, -2.2547 -3.1288 2.6492, -2.2463 -3.1163 2.998, -2.2486 -3.1171 2.974, -2.2635 -3.1227 2.8224, -2.2251 -3.1339 2.4994, -2.222 -3.1344 2.4839, -2.166 -3.1401 2.3247, -2.1406 -3.142 2.2764, -2.0854 -3.1462 2.1711, -2.0143 -3.1506 2.074, -1.9811 -3.1526 2.0286, -1.856 -3.1592 1.9026, -1.8518 -3.1594 1.8994, -2.1569 -3.2949 3.1616, -2.1812 -3.2885 2.9926, -2.1823 -3.2769 2.8258, -2.1647 -3.264 2.665, -2.1294 -3.2494 2.5131, -2.0771 -3.2312 2.3665, -2.0068 -3.215 2.2225, -1.9178 -3.2007 2.0846, -1.8098 -3.1901 1.9573, -1.6857 -3.1818 1.8431, -1.5475 -3.1777 1.7459, -1.3993 -3.1779 1.6663, -1.4356 -3.1763 1.6703, -1.4016 -3.1775 1.6581, -1.7142 -3.1657 1.7972, -1.6544 -3.1681 1.7653, -1.5609 -3.1719 1.7153, -2.2097 -3.3141 2.6613, -2.1608 -3.3066 2.5067, -2.0937 -3.2943 2.3617, -2.0103 -3.2814 2.2231, -1.9098 -3.2676 2.0945, -1.794 -3.2503 1.9787, -1.6659 -3.2345 1.8777, -1.528 -3.2199 1.7932, -1.3832 -3.2085 1.7273, -1.2303 -3.1992 1.6779, -1.0648 -3.195 1.6477, -0.8901 -3.196 1.6387, -0.9635 -3.1929 1.6234, -0.8887 -3.1956 1.6302, -1.2369 -3.1831 1.6243, -1.202 -3.1843 1.6223, -1.0642 -3.1892 1.6143, -2.1792 -3.3197 2.5022, -2.1087 -3.3123 2.356, -2.0193 -3.3004 2.2183, -1.9146 -3.2879 2.0913, -1.7954 -3.2742 1.9784, -1.6642 -3.2568 1.8817, -1.5249 -3.2406 1.802, -1.3802 -3.2256 1.7399, -1.2284 -3.214 1.6954, -1.0655 -3.2053 1.6683, -0.8943 -3.2014 1.6631, -2.0685 -3.3399 2.1895, -1.9502 -3.3379 2.0634, -1.8179 -3.3314 1.9556, -1.6753 -3.3199 1.8685, -1.5281 -3.3071 1.8006, -1.3791 -3.2925 1.7525, -1.227 -3.2742 1.722, -1.0678 -3.258 1.7081, -0.904 -3.2436 1.7134, -0.7393 -3.2331 1.7403, -0.5773 -3.2248 1.7879, -0.4224 -3.2207 1.8565, -0.2774 -3.221 1.943, -0.3151 -3.2187 1.9012, -0.2716 -3.2206 1.9367, -0.5527 -3.2087 1.7398, -0.5108 -3.2104 1.7648, -0.4031 -3.2149 1.8293, -0.1581 -3.2262 2.0603, -0.1495 -3.2267 2.0729, -0.0609 -3.2322 2.2028, -0.0252 -3.2352 2.2766, 0.0157 -3.2386 2.3611, 0.0588 -3.244 2.4998, 0.0684 -3.2452 2.5307, 0.095 -3.2517 2.7057, 0.0951 -3.2527 2.7355, 0.0954 -3.2579 2.8804, 0.0818 -3.2611 2.9737, 0.0708 -3.2637 3.0491, 0.0246 -3.2691 3.2054, -0.7366 -3.3875 1.7143, -0.5871 -3.3809 1.7953, -0.454 -3.3691 1.8925, -0.3375 -3.3559 2.0, -0.2364 -3.3412 2.1177, -0.1473 -3.3233 2.2495, -0.0723 -3.3074 2.3936, -0.0143 -3.2932 2.5482, 0.0235 -3.2826 2.7103, 0.0415 -3.2741 2.8761, 0.0383 -3.2696 3.0418, 0.0153 -3.2696 3.2066, 0.0234 -3.2692 3.2096, -0.4225 -3.4087 1.845, -0.3079 -3.4059 1.9659, -0.2127 -3.3984 2.0961, -0.1336 -3.3864 2.2389, -0.0708 -3.3738 2.3905, -0.027 -3.3601 2.5487, -0.0031 -3.3428 2.7102, 0.0019 -3.3267 2.8715, -0.0114 -3.3118 3.0295, -0.0434 -3.3001 3.1837, -0.0956 -3.2913 3.3394, -0.171 -3.2874 3.4926, -0.2686 -3.2885 3.6392, -0.2287 -3.2862 3.6072, -0.2627 -3.2881 3.6453, -0.0485 -3.2752 3.3659, -0.0829 -3.2775 3.4184, -0.1446 -3.2816 3.5129, -0.3991 -3.2947 3.7585, -0.4083 -3.295 3.764, -0.549 -3.301 3.8489, -0.6181 -3.3035 3.8778, -0.0295 -3.4239 2.3721, 0.0037 -3.4174 2.5395, 0.0138 -3.4059 2.7067, 0.0046 -3.3931 2.8693, -0.0231 -3.3787 3.0245, -0.0675 -3.3603 3.1724, -0.1297 -3.344 3.3186, -0.2109 -3.3296 3.4604, -0.3118 -3.319 3.5932, -0.43 -3.3108 3.7142, -0.5639 -3.3068 3.8191, -0.7095 -3.3072 3.9069, -0.7068 -3.3068 3.915, 0.022 -3.4304 2.5347, 0.0297 -3.4239 2.7048, 0.0149 -3.4121 2.8693, -0.0173 -3.3989 3.0251, -0.0662 -3.3842 3.1721, -0.1331 -3.3663 3.3159, -0.2178 -3.3503 3.4542, -0.3203 -3.3361 3.5835, -0.4398 -3.3256 3.6995, -0.573 -3.3171 3.8006, -0.7173 -3.3127 3.8833, 0.0272 -3.449 3.0329, -0.0355 -3.4414 3.1813, -0.117 -3.4294 3.3222, -0.2143 -3.4168 3.4539, -0.3273 -3.4031 3.5729, -0.4535 -3.3858 3.6767, -0.5895 -3.3697 3.7642, -0.7323 -3.3548 3.8343, -0.8808 -3.3432 3.8862, -1.0407 -3.3343 3.9216, -1.2105 -3.3304 3.9359, -1.3863 -3.3315 3.9278, -1.3198 -3.3285 3.9491, -1.3885 -3.3311 3.9361, -1.0391 -3.3182 3.9756, -1.0826 -3.3198 3.974, -1.2143 -3.3245 3.969, -0.0176 -3.4545 3.1874, -0.1026 -3.4474 3.3293, -0.2058 -3.4358 3.4595, -0.3228 -3.4233 3.5765, -0.4522 -3.4097 3.6772, -0.5907 -3.3921 3.76, -0.7346 -3.3756 3.8253, -0.8826 -3.3603 3.8734, -1.0409 -3.3491 3.904, -1.2079 -3.3407 3.9154, -1.3798 -3.3369 3.9039, -0.1596 -3.4753 3.4929, -0.2901 -3.4734 3.6077, -0.4319 -3.4669 3.702, -0.5809 -3.4552 3.7743, -0.7315 -3.442 3.827, -0.8826 -3.4273 3.8607, -1.0398 -3.4093 3.8774, -1.2017 -3.3933 3.876, -1.3652 -3.3791 3.8548, -1.5264 -3.3685 3.8121, -1.6819 -3.3601 3.7499, -1.8275 -3.3557 3.6685, -1.9621 -3.3558 3.5708, -1.9371 -3.3539 3.6074, -1.9685 -3.3554 3.5765, -1.711 -3.344 3.7954, -1.7558 -3.3459 3.7625, -1.8493 -3.3499 3.6938, -2.072 -3.3612 3.4405, -2.0837 -3.3621 3.4193, -2.1564 -3.3675 3.2873, -2.1871 -3.3708 3.2043, -2.2179 -3.374 3.1211, -2.2485 -3.3796 2.9738, -2.2539 -3.3806 2.9473, -2.2635 -3.387 2.7719, -2.2602 -3.3882 2.7357, -2.2476 -3.393 2.6005, -2.2233 -3.3964 2.4999, -2.2083 -3.3985 2.4376, -2.1452 -3.4043 2.2795, -2.1428 -3.4044 2.2753, -1.8285 -3.5437 3.6799, -1.9297 -3.5406 3.5508, -2.0143 -3.5334 3.4099, -2.0806 -3.5217 3.2583, -2.129 -3.5093 3.1003, -2.1573 -3.4956 2.9386, -2.1655 -3.4781 2.7768, -2.1554 -3.4617 2.6181, -2.1282 -3.4465 2.4646, -2.0811 -3.4352 2.3116, -2.0132 -3.4266 2.1593, -1.9226 -3.4228 2.0131, -1.8113 -3.424 1.8766, -1.8503 -3.4219 1.901, -1.8166 -3.4236 1.8699, -2.0576 -3.4105 2.1285, -2.0142 -3.4131 2.0743, -1.947 -3.417 1.9903, -1.6709 -3.43 1.7711, -1.6554 -3.4306 1.7636, -1.5153 -3.436 1.6962, -1.4354 -3.4388 1.6712, -2.1318 -3.5613 3.2834, -2.1718 -3.5593 3.1145, -2.1887 -3.5528 2.9448, -2.1826 -3.5412 2.7787, -2.1583 -3.5282 2.62, -2.117 -3.5135 2.4706, -2.0582 -3.4954 2.325, -1.9813 -3.4793 2.1833, -1.8861 -3.465 2.049, -1.7728 -3.4545 1.9265, -1.6443 -3.4461 1.8181, -1.5031 -3.4419 1.7273, -1.3531 -3.4419 1.6543, -1.3551 -3.4416 1.646, -1.202 -3.4468 1.6212, -1.1876 -3.4473 1.6188, -1.0135 -3.4535 1.6162, -0.9635 -3.4553 1.6229, -0.8383 -3.46 1.6397, -0.73 -3.4642 1.6713, -0.6678 -3.4666 1.6894, -0.5095 -3.4729 1.7627, -2.1065 -3.5895 2.3054, -2.0072 -3.5827 2.1701, -1.8912 -3.5712 2.0494, -1.7634 -3.5588 1.9442, -1.6258 -3.545 1.8571, -1.482 -3.5271 1.7887, -1.3356 -3.5103 1.7379, -1.1816 -3.4953 1.7032, -1.0186 -3.4844 1.6877, -0.8499 -3.4761 1.6925, -0.6796 -3.4724 1.7206, -0.512 -3.4734 1.771, -0.5078 -3.473 1.7635, -1.7929 -3.6088 1.91, -1.6436 -3.6022 1.8304, -1.4904 -3.5902 1.7736, -1.3384 -3.5768 1.7359, -1.1828 -3.5623 1.7158, -1.0222 -3.5446 1.714, -0.8598 -3.5287 1.7311, -0.6989 -3.5146 1.7681, -0.5434 -3.5039 1.8257, -0.3964 -3.4952 1.9012, -0.2612 -3.4905 1.9937, -0.1351 -3.4907 2.1046, -0.1502 -3.4892 2.0736, -0.1282 -3.4903 2.0996, -0.3631 -3.4791 1.8587, -0.3152 -3.4812 1.9012, -0.2373 -3.4847 1.9705, -1.5128 -3.6298 1.7211, -1.3507 -3.6268 1.6924, -1.1877 -3.6195 1.6841, -1.0235 -3.6077 1.6968, -0.8616 -3.5952 1.7281, -0.7054 -3.5815 1.7789, -0.5581 -3.5641 1.8478, -0.422 -3.5479 1.9318, -0.2988 -3.5327 2.0285, -0.1866 -3.5212 2.1411, -0.0845 -3.5126 2.2718, 0.002 -3.5088 2.42, 0.0704 -3.5099 2.5825, 0.0575 -3.5064 2.5001, 0.0788 -3.5095 2.5809, -0.0365 -3.4965 2.2471, -0.0241 -3.4976 2.2759, 0.0335 -3.5029 2.4092, 0.0955 -3.5152 2.7356, 0.0978 -3.516 2.7565, 0.0907 -3.5221 2.93, 0.0825 -3.5236 2.9737, 0.0595 -3.5278 3.096, 0.0224 -3.5316 3.2046, 0.0051 -3.5334 3.2554, -0.0739 -3.5395 3.4095, -0.081 -3.5399 3.4195, -0.2592 -3.6784 1.9824, -0.1693 -3.6756 2.1216, -0.0968 -3.6687 2.2721, -0.0447 -3.6572 2.4308, -0.0118 -3.6447 2.593, 0.0007 -3.631 2.7559, -0.0065 -3.6132 2.9159, -0.0307 -3.5965 3.07, -0.0722 -3.5814 3.2211, -0.1346 -3.5704 3.3715, -0.2177 -3.562 3.5179, -0.3224 -3.5583 3.6551, -0.4459 -3.5594 3.7799, -0.4094 -3.5575 3.7628, -0.4412 -3.559 3.787, -0.1766 -3.5459 3.5529, -0.229 -3.5487 3.6067, -0.3004 -3.5525 3.6802, 0.0323 -3.6948 2.583, 0.0326 -3.6882 2.7527, 0.0108 -3.6763 2.9155, -0.0276 -3.663 3.0684, -0.0828 -3.6484 3.2141, -0.1562 -3.6306 3.356, -0.2472 -3.6147 3.491, -0.3553 -3.6005 3.6159, -0.4794 -3.5899 3.7264, -0.616 -3.5813 3.8212, -0.7622 -3.5767 3.8974, -0.9184 -3.5768 3.9563, -0.8455 -3.574 3.9493, -0.9172 -3.5764 3.9647, -0.594 -3.5652 3.8705, -0.6174 -3.566 3.8792, -0.753 -3.5709 3.9294, 0.0515 -3.7013 2.7516, 0.0268 -3.6943 2.9167, -0.0175 -3.682 3.0703, -0.0772 -3.6686 3.2157, -0.1548 -3.6545 3.3559, -0.25 -3.637 3.4877, -0.361 -3.6213 3.6084, -0.4859 -3.607 3.7152, -0.6228 -3.5961 3.805, -0.7677 -3.587 3.8775, -0.9217 -3.5823 3.9317, 0.038 -3.7215 3.0833, -0.0349 -3.7186 3.2315, -0.1264 -3.7117 3.3707, -0.2354 -3.7001 3.4969, -0.3575 -3.6877 3.6088, -0.4908 -3.674 3.7035, -0.6319 -3.6563 3.78, -0.7771 -3.6397 3.8387, -0.9276 -3.6244 3.8808, -1.0882 -3.6134 3.9047, -1.2563 -3.605 3.9089, -1.4277 -3.6013 3.8899, -1.5984 -3.6023 3.8483, -1.5474 -3.5998 3.8779, -1.6022 -3.602 3.856, -1.265 -3.5889 3.9622, -1.3198 -3.591 3.9494, -1.4379 -3.5955 3.9217, -1.7528 -3.6082 3.7679, -1.7572 -3.6084 3.7644, -1.8856 -3.614 3.6615, -1.9366 -3.6164 3.607, -0.3261 -3.7378 3.6414, -0.4716 -3.7312 3.7292, -0.6228 -3.7194 3.7946, -0.7742 -3.7061 3.8405, -0.927 -3.6914 3.8681, -1.086 -3.6736 3.8782, -1.2484 -3.6577 3.8698, -1.411 -3.6435 3.8415, -1.5699 -3.6329 3.792, -1.7218 -3.6243 3.7236, -1.8629 -3.6198 3.6371, -1.9935 -3.6199 3.5337, -2.0001 -3.6195 3.5391, -0.4609 -3.7442 3.7448, -0.6155 -3.7374 3.8089, -0.7706 -3.7251 3.8502, -0.9255 -3.7116 3.8737, -1.0852 -3.6975 3.8794, -1.247 -3.68 3.8657, -1.4076 -3.6642 3.8328, -1.5637 -3.65 3.7807, -1.7114 -3.6391 3.7094, -1.8486 -3.6301 3.6221, -1.9741 -3.6253 3.5182, -0.9173 -3.7617 3.9182, -1.0832 -3.7547 3.9114, -1.2473 -3.7431 3.883, -1.4061 -3.7307 3.836, -1.5561 -3.717 3.7705, -1.6947 -3.6993 3.6887, -1.8202 -3.6828 3.5941, -1.9335 -3.6675 3.487, -2.0365 -3.6564 3.362, -2.1265 -3.648 3.2204, -2.1986 -3.6442 3.0637, -2.2509 -3.6453 2.8958, -2.2469 -3.6421 2.9736, -2.2594 -3.6449 2.8966, -2.1767 -3.6319 3.2404, -2.1881 -3.6332 3.2048, -2.231 -3.6384 3.0714, -1.0828 -3.7677 3.9303, -1.2491 -3.7611 3.8989, -1.4085 -3.7497 3.846, -1.558 -3.7372 3.776, -1.6946 -3.7232 3.6901, -1.8167 -3.7051 3.5915, -1.9258 -3.6883 3.4817, -2.0251 -3.6735 3.3559, -2.11 -3.6628 3.2142, -2.1784 -3.6546 3.0592, -2.2262 -3.6508 2.8938, -1.4242 -3.7892 3.9008, -1.5761 -3.7872 3.8174, -1.711 -3.7804 3.7177, -1.8267 -3.7682 3.6056, -1.9264 -3.7547 3.4852, -2.0132 -3.7405 3.3516, -2.0847 -3.723 3.2061, -2.1393 -3.7072 3.0516, -2.1751 -3.693 2.8908, -2.19 -3.6821 2.727, -2.1858 -3.6732 2.5639, -2.1613 -3.6684 2.403, -2.1148 -3.6689 2.2389, -2.1409 -3.6669 2.2761, -2.1224 -3.6685 2.2349, -2.2385 -3.6571 2.5524, -2.2236 -3.6589 2.4999, -2.1926 -3.6626 2.3915, -2.0279 -3.6748 2.087, -2.0157 -3.6755 2.0731, -1.9112 -3.6814 1.9535, -1.8499 -3.6843 1.9016, -1.7758 -3.6879 1.839, -1.6548 -3.6931 1.7643, -1.6267 -3.6942 1.7469, -1.4692 -3.7002 1.6792, -1.4357 -3.7013 1.6702, -1.3077 -3.7056 1.6358, -1.2018 -3.7093 1.6231, -1.1378 -3.7115 1.6155, -0.9632 -3.7178 1.6203, -2.2158 -3.8365 2.731, -2.1761 -3.8293 2.5716, -2.1183 -3.8168 2.4241, -2.0442 -3.8037 2.2822, -1.9525 -3.7898 2.1482, -1.8444 -3.7725 2.0255, -1.7225 -3.7567 1.9162, -1.589 -3.7423 1.8226, -1.4466 -3.7311 1.7472, -1.2978 -3.7218 1.6889, -1.1363 -3.7173 1.6488, -0.9636 -3.7182 1.6288, -0.9627 -3.7178 1.6203, -2.0848 -3.8538 2.2624, -1.9794 -3.847 2.1308, -1.858 -3.8356 2.0149, -1.7259 -3.8231 1.9155, -1.5854 -3.8092 1.8348, -1.4399 -3.7913 1.7729, -1.2919 -3.7744 1.7284, -1.1353 -3.7595 1.7, -0.9709 -3.7487 1.6915, -0.8021 -3.7405 1.7037, -0.6334 -3.7367 1.7391, -0.4687 -3.7376 1.7963, -0.5107 -3.7354 1.765, -0.4642 -3.7373 1.789, -0.7883 -3.7243 1.6515, -0.7301 -3.7266 1.6712, -0.6203 -3.7309 1.7085, -1.602 -3.8665 1.8074, -1.4477 -3.8544 1.7575, -1.2947 -3.8408 1.7263, -1.137 -3.8265 1.7125, -0.9756 -3.8089 1.7176, -0.8138 -3.7931 1.7418, -0.6547 -3.7789 1.7857, -0.5025 -3.7682 1.8496, -0.3597 -3.7594 1.9306, -0.2292 -3.7545 2.0279, -0.1068 -3.7549 2.1452, -0.1511 -3.7517 2.0742, -0.0997 -3.7545 2.1405, -0.3247 -3.7432 1.8895, -0.314 -3.7437 1.8998, -0.2043 -3.7487 2.0057, -0.0234 -3.7601 2.2758, -0.0139 -3.7608 2.2926, 0.0493 -3.7673 2.4581, 0.0583 -3.7689 2.4998, 0.087 -3.7739 2.6315, 0.0938 -3.7777 2.7357, 0.0984 -3.7803 2.8071, 0.0845 -3.7861 2.9741, -0.6568 -3.8851 1.781, -0.5159 -3.8725 1.8644, -0.3899 -3.8582 1.9614, -0.2792 -3.8398 2.0692, -0.179 -3.8233 2.1907, -0.091 -3.8088 2.3273, -0.0196 -3.7982 2.4777, 0.0335 -3.79 2.6386, 0.065 -3.7861 2.8066, 0.0756 -3.7867 2.9776, 0.0841 -3.7863 2.9789, -0.1782 -3.8897 2.1873, -0.1033 -3.8758 2.3305, -0.0456 -3.8584 2.4833, -0.0062 -3.8426 2.6424, 0.0138 -3.8283 2.8048, 0.0134 -3.8172 2.9669, -0.0052 -3.8079 3.126, -0.0453 -3.8034 3.2863, -0.1083 -3.8041 3.4476, -0.0823 -3.8024 3.4189, -0.1012 -3.8038 3.4523, 0.0463 -3.7918 3.1423, 0.0222 -3.7941 3.2044, -0.0152 -3.7976 3.3007, -0.2103 -3.8103 3.5915, -0.2277 -3.8112 3.6079, -0.3396 -3.8168 3.7133, -0.4098 -3.82 3.762, -0.004 -3.9091 2.6397, 0.0014 -3.8953 2.8023, -0.0124 -3.8774 2.9608, -0.0428 -3.8606 3.1126, -0.091 -3.8456 3.2632, -0.1602 -3.8347 3.4117, -0.2499 -3.8264 3.5548, -0.3605 -3.8227 3.6873, -0.4887 -3.8236 3.8063, -0.4844 -3.8233 3.8136, -0.0112 -3.9013 2.9601, -0.0467 -3.8829 3.1106, -0.0991 -3.8663 3.2586, -0.1707 -3.8518 3.4041, -0.2627 -3.8412 3.5426, -0.3732 -3.833 3.6711, -0.5012 -3.8291 3.7848, 0.014 -3.9387 2.8889, -0.1797 -3.9188 3.3952, -0.2809 -3.9014 3.5232, -0.3969 -3.8856 3.639, -0.526 -3.8713 3.74, -0.6656 -3.8603 3.8234, -0.812 -3.851 3.8894, -0.9695 -3.8464 3.9374, -1.1397 -3.8471 3.9664, -1.0827 -3.8447 3.9735, -1.1401 -3.8468 3.975, -0.7994 -3.8349 3.9419, -0.8453 -3.8365 3.9498, -0.9663 -3.8406 3.9706, -1.8775 -3.9174 3.5872
            ]
        }
        coordIndex [
            0,1,2,-1,3,4,5,-1,6,7,8,-1,9,10,11,-1,12,13,14,-1,15,16,17,-1,18,19,20,-1,21,22,23,-1,24,25,26,-1,27,28,29,-1,30,31,32,-1,33,34,35,-1,36,37,38,-1,39,40,41,-1,42,43,44,-1,45,46,47,-1,48,49,50,-1,51,52,53,-1,54,55,56,-1,57,58,59,-1,60,61,62,-1,63,64,65,-1,66,67,68,-1,69,70,71,-1,72,73,74,-1,75,76,77,-1,78,79,80,-1,81,82,83,-1,84,85,86,-1,87,88,89,-1,90,91,92,-1,93,94,95,-1,96,97,98,-1,99,100,101,-1,102,103,104,-1,105,106,107,-1,108,109,110,-1,111,112,113,-1,114,115,116,-1,117,118,119,-1,120,121,122,-1,123,124,125,-1,126,127,128,-1,129,130,131,-1,132,133,134,-1,135,136,137,-1,138,139,140,-1,141,142,143,-1,144,145,146,-1,147,148,149,-1,150,151,152,-1,153,154,155,-1,156,157,158,-1,159,160,161,-1,162,163,164,-1,165,166,167,-1,168,169,170,-1,171,172,173,-1,174,175,176,-1,177,178,179,-1,180,181,182,-1,183,184,185,-1,186,187,188,-1,189,190,191,-1,192,193,194,-1,195,196,197,-1,198,199,200,-1,201,202,203,-1,204,205,206,-1,207,208,209,-1,210,211,212,-1,213,214,215,-1,216,217,218,-1,219,220,221,-1,222,223,224,-1,225,226,227,-1,228,229,230,-1,231,232,233,-1,234,235,236,-1,237,238,239,-1,240,241,242,-1,243,244,245,-1,246,247,248,-1,249,250,251,-1,252,253,254,-1,255,256,257,-1,258,259,260,-1,261,262,263,-1,264,265,266,-1,267,268,269,-1,270,271,272,-1,273,274,275,-1,276,277,278,-1,279,280,281,-1,282,283,284,-1,285,286,287,-1,288,289,290,-1,291,292,293,-1,294,295,296,-1,297,298,299,-1,300,301,302,-1,303,304,305,-1,306,307,308,-1,309,310,311,-1,312,313,314,-1,315,316,317,-1,318,319,320,-1,321,322,323,-1,324,325,326,-1,327,328,329,-1,330,331,332,-1,333,334,335,-1,336,337,338,-1,339,340,341,-1,342,343,344,-1,345,346,347,-1,348,349,350,-1,351,352,353,-1,354,355,356,-1,357,358,359,-1,360,361,362,-1,363,364,365,-1,366,367,368,-1,369,370,371,-1,372,373,374,-1,375,376,377,-1,378,379,380,-1,381,382,383,-1,384,385,52,-1,386,387,388,-1,389,390,391,-1,392,393,394,-1,395,396,397,-1,398,399,400,-1,401,402,403,-1,403,402,404,-1,401,405,402,-1,402,405,406,-1,402,406,407,-1,398,400,407,-1,408,409,410,-1,411,412,413,-1,413,412,414,-1,413,414,415,-1,416,417,418,-1,418,417,419,-1,418,419,420,-1,421,422,423,-1,423,424,425,-1,426,427,428,-1,428,427,429,-1,428,429,430,-1,431,432,433,-1,433,432,434,-1,435,436,437,-1,437,436,438,-1,437,438,439,-1,396,440,441,-1,441,440,442,-1,395,397,443,-1,444,445,446,-1,446,445,443,-1,447,448,449,-1,449,448,450,-1,449,450,451,-1,452,453,454,-1,392,394,454,-1,455,456,457,-1,457,456,458,-1,457,458,459,-1,460,461,462,-1,462,461,463,-1,462,463,389,-1,464,465,466,-1,466,467,468,-1,468,467,469,-1,468,469,460,-1,470,471,472,-1,472,471,473,-1,474,475,476,-1,477,478,479,-1,479,480,481,-1,481,480,482,-1,481,482,474,-1,483,484,485,-1,485,484,486,-1,485,486,487,-1,488,489,490,-1,490,489,491,-1,490,491,492,-1,493,494,488,-1,495,496,497,-1,497,496,498,-1,497,498,499,-1,500,501,502,-1,503,504,505,-1,505,504,506,-1,505,506,501,-1,501,506,507,-1,501,507,502,-1,503,505,508,-1,508,505,509,-1,508,509,510,-1,511,512,513,-1,513,512,514,-1,513,514,515,-1,516,517,518,-1,518,517,519,-1,518,519,511,-1,511,519,520,-1,511,520,512,-1,376,521,377,-1,377,521,522,-1,377,522,523,-1,524,525,521,-1,521,525,526,-1,521,526,522,-1,527,528,529,-1,529,528,530,-1,527,531,528,-1,528,531,532,-1,528,532,533,-1,533,534,528,-1,528,534,535,-1,528,535,536,-1,386,388,537,-1,538,539,540,-1,540,539,537,-1,541,542,543,-1,53,544,545,-1,545,546,541,-1,541,546,547,-1,541,547,542,-1,385,548,52,-1,52,548,549,-1,52,549,53,-1,53,549,550,-1,53,550,544,-1,551,552,384,-1,553,554,555,-1,555,554,556,-1,555,556,551,-1,557,558,559,-1,559,558,560,-1,559,560,561,-1,562,563,564,-1,564,563,557,-1,565,566,567,-1,568,569,570,-1,570,569,571,-1,571,572,565,-1,565,572,573,-1,565,573,566,-1,574,575,576,-1,577,578,574,-1,574,578,579,-1,574,579,575,-1,580,577,581,-1,581,577,574,-1,581,574,570,-1,570,574,576,-1,570,576,568,-1,582,583,584,-1,584,583,585,-1,584,585,580,-1,586,587,588,-1,588,587,589,-1,589,590,591,-1,591,590,592,-1,591,592,593,-1,594,595,596,-1,596,595,597,-1,596,597,586,-1,598,599,600,-1,600,599,601,-1,600,601,602,-1,603,598,604,-1,604,598,600,-1,604,600,596,-1,596,600,602,-1,596,602,594,-1,605,606,607,-1,607,606,608,-1,607,608,609,-1,381,383,609,-1,610,611,612,-1,612,611,613,-1,612,613,605,-1,614,615,50,-1,50,615,610,-1,616,617,49,-1,49,617,618,-1,49,618,50,-1,50,618,619,-1,50,619,614,-1,620,621,622,-1,623,624,620,-1,620,624,625,-1,620,625,621,-1,626,627,628,-1,628,627,629,-1,628,629,630,-1,630,631,632,-1,632,631,633,-1,632,633,623,-1,634,635,47,-1,47,635,626,-1,636,637,46,-1,46,637,638,-1,46,638,47,-1,47,638,639,-1,47,639,634,-1,640,641,642,-1,642,641,643,-1,642,643,644,-1,645,646,647,-1,647,646,648,-1,647,648,649,-1,44,650,645,-1,44,43,651,-1,651,652,44,-1,44,652,653,-1,44,653,650,-1,654,655,43,-1,43,655,656,-1,43,656,651,-1,657,658,659,-1,379,660,380,-1,380,660,661,-1,380,661,662,-1,663,664,41,-1,41,664,665,-1,666,667,40,-1,40,667,668,-1,40,668,41,-1,41,668,669,-1,41,669,663,-1,670,671,672,-1,672,671,673,-1,674,675,676,-1,676,675,677,-1,677,675,678,-1,678,675,679,-1,678,679,680,-1,681,682,683,-1,683,682,684,-1,683,684,685,-1,686,687,681,-1,681,687,688,-1,681,688,682,-1,689,690,691,-1,691,690,686,-1,692,693,694,-1,694,693,695,-1,694,695,689,-1,689,695,696,-1,689,696,697,-1,698,699,700,-1,700,699,692,-1,536,701,528,-1,528,701,524,-1,528,524,702,-1,702,524,521,-1,702,521,703,-1,703,521,376,-1,375,377,704,-1,704,377,705,-1,704,705,706,-1,706,705,707,-1,706,707,708,-1,708,707,709,-1,709,707,710,-1,709,710,711,-1,712,713,714,-1,715,716,717,-1,718,719,720,-1,719,718,367,-1,721,722,723,-1,724,725,726,-1,363,365,727,-1,728,729,730,-1,360,362,358,-1,357,359,731,-1,732,733,734,-1,733,732,355,-1,354,356,735,-1,736,737,738,-1,738,737,739,-1,740,741,736,-1,351,353,349,-1,742,743,348,-1,345,347,343,-1,744,745,342,-1,746,747,748,-1,747,746,340,-1,339,341,337,-1,749,750,336,-1,751,752,753,-1,752,751,334,-1,333,335,754,-1,755,756,757,-1,756,755,331,-1,758,759,760,-1,760,759,327,-1,761,762,758,-1,324,326,322,-1,763,764,321,-1,765,766,767,-1,766,765,319,-1,318,320,768,-1,769,770,771,-1,770,769,316,-1,315,317,313,-1,772,773,312,-1,774,775,776,-1,775,774,310,-1,309,311,307,-1,777,778,306,-1,303,305,301,-1,300,302,779,-1,780,781,782,-1,781,780,298,-1,297,299,783,-1,784,785,786,-1,786,785,787,-1,788,789,784,-1,294,296,292,-1,790,791,291,-1,288,290,286,-1,285,287,792,-1,793,794,795,-1,794,793,283,-1,282,284,796,-1,797,798,799,-1,799,798,800,-1,801,802,797,-1,279,281,277,-1,803,804,276,-1,273,275,271,-1,805,806,270,-1,807,808,809,-1,808,807,268,-1,267,269,265,-1,810,811,264,-1,812,813,814,-1,813,812,262,-1,261,263,815,-1,816,817,818,-1,817,816,259,-1,819,820,821,-1,821,820,255,-1,822,823,819,-1,252,254,250,-1,824,825,249,-1,826,827,828,-1,827,826,247,-1,246,248,829,-1,830,831,832,-1,831,830,244,-1,243,245,241,-1,833,834,240,-1,835,836,837,-1,836,835,238,-1,237,239,235,-1,838,839,234,-1,231,233,229,-1,228,230,840,-1,841,842,843,-1,842,841,226,-1,844,845,846,-1,846,845,222,-1,847,848,844,-1,219,221,217,-1,849,850,216,-1,851,852,853,-1,852,851,214,-1,213,215,854,-1,855,856,857,-1,856,855,211,-1,210,212,858,-1,859,860,861,-1,861,860,862,-1,863,864,859,-1,207,209,205,-1,865,866,204,-1,201,203,199,-1,198,200,867,-1,868,869,870,-1,869,868,196,-1,195,197,871,-1,872,873,874,-1,874,873,875,-1,876,877,872,-1,192,194,190,-1,878,879,189,-1,186,188,184,-1,880,881,183,-1,882,883,884,-1,883,882,181,-1,180,182,178,-1,885,886,177,-1,887,888,889,-1,888,887,175,-1,174,176,890,-1,891,892,893,-1,892,891,172,-1,168,170,166,-1,894,895,165,-1,162,164,160,-1,896,897,159,-1,898,899,900,-1,899,898,157,-1,156,158,901,-1,902,903,904,-1,903,902,154,-1,153,155,151,-1,905,906,150,-1,907,908,909,-1,908,907,148,-1,147,149,145,-1,910,911,144,-1,141,143,139,-1,138,140,912,-1,913,914,915,-1,914,913,136,-1,916,917,918,-1,918,917,132,-1,919,920,916,-1,129,131,127,-1,921,922,126,-1,923,924,925,-1,924,923,124,-1,123,125,926,-1,927,928,929,-1,928,927,121,-1,120,122,930,-1,931,932,933,-1,933,932,934,-1,935,936,931,-1,117,119,115,-1,937,938,114,-1,111,113,109,-1,939,940,108,-1,941,942,943,-1,942,941,106,-1,105,107,944,-1,945,946,947,-1,947,946,948,-1,949,950,945,-1,102,104,100,-1,951,952,99,-1,96,98,94,-1,93,95,953,-1,954,955,956,-1,955,954,91,-1,90,92,88,-1,957,958,87,-1,959,960,961,-1,960,959,85,-1,84,86,962,-1,963,964,965,-1,964,963,82,-1,81,83,79,-1,966,967,78,-1,968,969,970,-1,969,968,76,-1,75,77,73,-1,971,972,72,-1,69,71,67,-1,66,68,973,-1,974,975,976,-1,975,974,64,-1,977,978,979,-1,979,978,60,-1,980,981,977,-1,57,59,55,-1,982,983,54,-1,984,985,986,-1,985,984,387,-1,987,710,988,-1,988,710,707,-1,988,707,513,-1,513,707,705,-1,513,705,511,-1,511,705,377,-1,511,377,518,-1,518,377,523,-1,518,523,516,-1,500,987,501,-1,501,987,988,-1,501,988,505,-1,505,988,513,-1,505,513,509,-1,509,513,515,-1,509,515,510,-1,502,495,500,-1,500,495,497,-1,500,497,493,-1,493,497,499,-1,493,499,494,-1,488,490,493,-1,493,490,989,-1,493,989,500,-1,500,989,990,-1,500,990,987,-1,987,990,374,-1,987,374,710,-1,710,374,373,-1,710,373,711,-1,492,991,490,-1,490,991,992,-1,490,992,989,-1,989,992,993,-1,989,993,990,-1,990,993,994,-1,990,994,374,-1,374,994,995,-1,374,995,372,-1,492,483,991,-1,991,483,485,-1,991,485,477,-1,477,485,487,-1,477,487,478,-1,479,481,477,-1,477,481,996,-1,477,996,991,-1,991,996,997,-1,991,997,992,-1,992,997,998,-1,992,998,993,-1,993,998,712,-1,993,712,994,-1,994,712,714,-1,994,714,995,-1,474,476,481,-1,481,476,999,-1,481,999,996,-1,996,999,1000,-1,996,1000,997,-1,997,1000,1001,-1,997,1001,998,-1,998,1001,371,-1,998,371,712,-1,712,371,370,-1,712,370,713,-1,475,470,476,-1,476,470,472,-1,476,472,464,-1,464,472,473,-1,464,473,465,-1,466,468,464,-1,464,468,1002,-1,464,1002,476,-1,476,1002,1003,-1,476,1003,999,-1,999,1003,1004,-1,999,1004,1000,-1,1000,1004,1005,-1,1000,1005,1001,-1,1001,1005,1006,-1,1001,1006,371,-1,371,1006,1007,-1,371,1007,369,-1,460,462,468,-1,468,462,1008,-1,468,1008,1002,-1,1002,1008,1009,-1,1002,1009,1003,-1,1003,1009,1010,-1,1003,1010,1004,-1,1004,1010,1011,-1,1004,1011,1005,-1,1005,1011,715,-1,1005,715,1006,-1,1006,715,717,-1,1006,717,1007,-1,389,391,462,-1,462,391,1012,-1,462,1012,1008,-1,1008,1012,1013,-1,1008,1013,1009,-1,1009,1013,1014,-1,1009,1014,1010,-1,1010,1014,1015,-1,1010,1015,1011,-1,1011,1015,718,-1,1011,718,715,-1,715,718,720,-1,715,720,716,-1,367,718,368,-1,368,718,1015,-1,368,1015,1016,-1,1016,1015,1014,-1,1016,1014,1017,-1,1017,1014,1013,-1,1017,1013,1018,-1,1018,1013,1012,-1,1018,1012,1019,-1,1019,1012,391,-1,1019,391,1020,-1,390,1021,391,-1,391,1021,455,-1,391,455,1020,-1,1020,455,457,-1,1020,457,452,-1,452,457,459,-1,452,459,453,-1,454,394,452,-1,452,394,1022,-1,452,1022,1020,-1,1020,1022,1023,-1,1020,1023,1019,-1,1019,1023,1024,-1,1019,1024,1018,-1,1018,1024,1025,-1,1018,1025,1017,-1,1017,1025,1026,-1,1017,1026,1016,-1,1016,1026,1027,-1,1016,1027,368,-1,368,1027,1028,-1,368,1028,366,-1,393,1029,394,-1,394,1029,1030,-1,394,1030,1022,-1,1022,1030,1031,-1,1022,1031,1023,-1,1023,1031,1032,-1,1023,1032,1024,-1,1024,1032,1033,-1,1024,1033,1025,-1,1025,1033,1034,-1,1025,1034,1026,-1,1026,1034,721,-1,1026,721,1027,-1,1027,721,723,-1,1027,723,1028,-1,393,447,1029,-1,1029,447,449,-1,1029,449,446,-1,446,449,451,-1,446,451,444,-1,443,397,446,-1,446,397,1035,-1,446,1035,1029,-1,1029,1035,1036,-1,1029,1036,1030,-1,1030,1036,1037,-1,1030,1037,1031,-1,1031,1037,1038,-1,1031,1038,1032,-1,1032,1038,1039,-1,1032,1039,1033,-1,1033,1039,1040,-1,1033,1040,1034,-1,1034,1040,724,-1,1034,724,721,-1,721,724,726,-1,721,726,722,-1,396,441,397,-1,397,441,1041,-1,397,1041,1035,-1,1035,1041,1042,-1,1035,1042,1036,-1,1036,1042,1043,-1,1036,1043,1037,-1,1037,1043,1044,-1,1037,1044,1038,-1,1038,1044,1045,-1,1038,1045,1039,-1,1039,1045,1046,-1,1039,1046,1040,-1,1040,1046,365,-1,1040,365,724,-1,724,365,364,-1,724,364,725,-1,727,365,1047,-1,1047,365,1046,-1,1047,1046,1048,-1,1048,1046,1045,-1,1048,1045,1049,-1,1049,1045,1044,-1,1049,1044,1050,-1,1050,1044,1043,-1,1050,1043,1051,-1,1051,1043,1042,-1,1051,1042,1052,-1,1052,1042,1041,-1,1052,1041,1053,-1,1053,1041,441,-1,1053,441,1054,-1,442,1055,441,-1,441,1055,435,-1,441,435,1054,-1,1054,435,437,-1,1054,437,433,-1,433,437,439,-1,433,439,431,-1,434,1056,433,-1,433,1056,1057,-1,433,1057,1054,-1,1054,1057,1058,-1,1054,1058,1053,-1,1053,1058,1059,-1,1053,1059,1052,-1,1052,1059,1060,-1,1052,1060,1051,-1,1051,1060,1061,-1,1051,1061,1050,-1,1050,1061,1062,-1,1050,1062,1049,-1,1049,1062,1063,-1,1049,1063,1048,-1,1048,1063,728,-1,1048,728,1047,-1,1047,728,730,-1,1047,730,727,-1,1064,679,1065,-1,1065,679,675,-1,1065,675,672,-1,672,675,674,-1,672,674,670,-1,434,426,1056,-1,1056,426,428,-1,1056,428,421,-1,421,428,430,-1,421,430,422,-1,423,425,421,-1,421,425,1066,-1,421,1066,1056,-1,1056,1066,1067,-1,1056,1067,1057,-1,1057,1067,1068,-1,1057,1068,1058,-1,1058,1068,1069,-1,1058,1069,1059,-1,1059,1069,1070,-1,1059,1070,1060,-1,1060,1070,1071,-1,1060,1071,1061,-1,1061,1071,1072,-1,1061,1072,1062,-1,1062,1072,1073,-1,1062,1073,1063,-1,1063,1073,362,-1,1063,362,728,-1,728,362,361,-1,728,361,729,-1,358,362,359,-1,359,362,1073,-1,359,1073,1074,-1,1074,1073,1072,-1,1074,1072,1075,-1,1075,1072,1071,-1,1075,1071,1076,-1,1076,1071,1070,-1,1076,1070,1077,-1,1077,1070,1069,-1,1077,1069,1078,-1,1078,1069,1068,-1,1078,1068,1079,-1,1079,1068,1067,-1,1079,1067,1080,-1,1080,1067,1066,-1,1080,1066,1081,-1,1081,1066,425,-1,1081,425,1082,-1,1083,1064,1084,-1,1084,1064,1065,-1,1084,1065,1085,-1,1085,1065,672,-1,1085,672,39,-1,39,672,673,-1,39,673,40,-1,40,673,1086,-1,40,1086,666,-1,424,1087,425,-1,425,1087,416,-1,425,416,1082,-1,1082,416,418,-1,1082,418,1088,-1,1088,418,420,-1,1088,420,1089,-1,1090,1083,1091,-1,1091,1083,1084,-1,1091,1084,1092,-1,1092,1084,1085,-1,1092,1085,1093,-1,1093,1085,39,-1,1093,39,1094,-1,1094,39,41,-1,1094,41,380,-1,380,41,665,-1,380,665,378,-1,1089,411,1088,-1,1088,411,413,-1,1088,413,408,-1,408,413,415,-1,408,415,409,-1,645,647,44,-1,44,647,1095,-1,44,1095,42,-1,42,1095,1096,-1,42,1096,1097,-1,1097,1096,1098,-1,1097,1098,1099,-1,1099,1098,1100,-1,1099,1100,1101,-1,1101,1100,1102,-1,1101,1102,1103,-1,1103,1102,1104,-1,1103,1104,691,-1,686,681,691,-1,691,681,1105,-1,691,1105,1103,-1,1103,1105,1106,-1,1103,1106,1101,-1,1101,1106,1107,-1,1101,1107,1099,-1,1099,1107,1108,-1,1099,1108,1097,-1,1097,1108,657,-1,1097,657,42,-1,42,657,659,-1,42,659,43,-1,43,659,1109,-1,43,1109,654,-1,683,1090,681,-1,681,1090,1091,-1,681,1091,1105,-1,1105,1091,1092,-1,1105,1092,1106,-1,1106,1092,1093,-1,1106,1093,1107,-1,1107,1093,1094,-1,1107,1094,1108,-1,1108,1094,380,-1,1108,380,657,-1,657,380,662,-1,657,662,658,-1,1110,408,402,-1,402,408,410,-1,402,410,404,-1,355,732,356,-1,356,732,1111,-1,356,1111,1112,-1,1112,1111,1113,-1,1112,1113,1114,-1,1114,1113,1115,-1,1114,1115,1116,-1,1116,1115,1117,-1,1116,1117,1118,-1,1118,1117,1119,-1,1118,1119,1120,-1,1120,1119,1121,-1,1120,1121,1122,-1,1122,1121,1123,-1,1122,1123,1124,-1,1124,1123,1125,-1,1124,1125,1126,-1,1126,1125,1127,-1,1126,1127,1128,-1,1128,1127,1129,-1,1128,1129,1130,-1,1130,1129,1131,-1,1130,1131,1132,-1,1132,1131,1133,-1,1132,1133,1134,-1,736,738,740,-1,740,738,1135,-1,740,1135,1136,-1,1136,1135,1137,-1,1136,1137,1138,-1,1138,1137,1139,-1,1138,1139,1140,-1,1140,1139,1141,-1,1140,1141,1142,-1,1142,1141,1143,-1,1142,1143,1144,-1,1144,1143,1145,-1,1144,1145,1146,-1,1146,1145,1147,-1,1146,1147,1148,-1,1148,1147,1149,-1,1148,1149,1150,-1,1150,1149,1151,-1,1150,1151,1152,-1,1152,1151,1153,-1,1152,1153,1154,-1,1154,1153,1155,-1,1154,1155,1156,-1,1156,1155,1157,-1,1156,1157,1158,-1,349,353,350,-1,350,353,1159,-1,350,1159,1160,-1,1160,1159,1161,-1,1160,1161,1162,-1,1162,1161,1163,-1,1162,1163,1164,-1,1164,1163,1165,-1,1164,1165,1166,-1,1166,1165,1167,-1,1166,1167,1168,-1,1168,1167,1169,-1,1168,1169,1170,-1,1170,1169,1171,-1,1170,1171,1172,-1,1172,1171,1173,-1,1172,1173,1174,-1,1174,1173,1175,-1,1174,1175,1176,-1,1176,1175,1177,-1,1176,1177,1178,-1,1178,1177,1179,-1,1178,1179,1180,-1,1180,1179,1181,-1,1180,1181,1182,-1,348,350,742,-1,742,350,1160,-1,742,1160,1183,-1,1183,1160,1162,-1,1183,1162,1184,-1,1184,1162,1164,-1,1184,1164,1185,-1,1185,1164,1166,-1,1185,1166,1186,-1,1186,1166,1168,-1,1186,1168,1187,-1,1187,1168,1170,-1,1187,1170,1188,-1,1188,1170,1172,-1,1188,1172,1189,-1,1189,1172,1174,-1,1189,1174,1190,-1,1190,1174,1176,-1,1190,1176,1191,-1,1191,1176,1178,-1,1191,1178,1192,-1,1192,1178,1180,-1,1192,1180,1193,-1,1193,1180,1182,-1,1193,1182,1194,-1,343,347,344,-1,344,347,1195,-1,344,1195,1196,-1,1196,1195,1197,-1,1196,1197,1198,-1,1198,1197,1199,-1,1198,1199,1200,-1,1200,1199,1201,-1,1200,1201,1202,-1,1202,1201,1203,-1,1202,1203,1204,-1,1204,1203,1205,-1,1204,1205,1206,-1,1206,1205,1207,-1,1206,1207,1208,-1,1208,1207,1209,-1,1208,1209,1210,-1,1210,1209,1211,-1,1210,1211,1212,-1,1212,1211,1213,-1,1212,1213,1214,-1,1214,1213,1215,-1,1214,1215,1216,-1,1216,1215,1217,-1,1216,1217,1218,-1,340,746,341,-1,341,746,1219,-1,341,1219,1220,-1,1220,1219,1221,-1,1220,1221,1222,-1,1222,1221,1223,-1,1222,1223,1224,-1,1224,1223,1225,-1,1224,1225,1226,-1,1226,1225,1227,-1,1226,1227,1228,-1,1228,1227,1229,-1,1228,1229,1230,-1,1230,1229,1231,-1,1230,1231,1232,-1,1232,1231,1233,-1,1232,1233,1234,-1,1234,1233,1235,-1,1234,1235,1236,-1,1236,1235,1237,-1,1236,1237,1238,-1,1238,1237,1239,-1,1238,1239,1240,-1,1240,1239,1241,-1,1240,1241,1242,-1,334,751,335,-1,335,751,1243,-1,335,1243,1244,-1,1244,1243,1245,-1,1244,1245,1246,-1,1246,1245,1247,-1,1246,1247,1248,-1,1248,1247,1249,-1,1248,1249,1250,-1,1250,1249,1251,-1,1250,1251,1252,-1,1252,1251,1253,-1,1252,1253,1254,-1,1254,1253,1255,-1,1254,1255,1256,-1,1256,1255,1257,-1,1256,1257,1258,-1,1258,1257,1259,-1,1258,1259,1260,-1,1260,1259,1261,-1,1260,1261,1262,-1,1262,1261,1263,-1,1262,1263,1264,-1,1264,1263,1265,-1,1264,1265,1266,-1,331,755,332,-1,332,755,1267,-1,332,1267,1268,-1,1268,1267,1269,-1,1268,1269,1270,-1,1270,1269,1271,-1,1270,1271,1272,-1,1272,1271,1273,-1,1272,1273,1274,-1,1274,1273,1275,-1,1274,1275,1276,-1,1276,1275,1277,-1,1276,1277,1278,-1,1278,1277,1279,-1,1278,1279,1280,-1,1280,1279,1281,-1,1280,1281,1282,-1,1282,1281,1283,-1,1282,1283,1284,-1,1284,1283,1285,-1,1284,1285,1286,-1,1286,1285,1287,-1,1286,1287,1288,-1,1288,1287,1289,-1,1288,1289,1290,-1,327,329,760,-1,760,329,1291,-1,760,1291,1292,-1,1292,1291,1293,-1,1292,1293,1294,-1,1294,1293,1295,-1,1294,1295,1296,-1,1296,1295,1297,-1,1296,1297,1298,-1,1298,1297,1299,-1,1298,1299,1300,-1,1300,1299,1301,-1,1300,1301,1302,-1,1302,1301,1303,-1,1302,1303,1304,-1,1304,1303,1305,-1,1304,1305,1306,-1,1306,1305,1307,-1,1306,1307,1308,-1,1308,1307,1309,-1,1308,1309,1310,-1,1310,1309,1311,-1,1310,1311,1312,-1,1312,1311,1313,-1,1312,1313,1314,-1,758,760,761,-1,761,760,1292,-1,761,1292,1315,-1,1315,1292,1294,-1,1315,1294,1316,-1,1316,1294,1296,-1,1316,1296,1317,-1,1317,1296,1298,-1,1317,1298,1318,-1,1318,1298,1300,-1,1318,1300,1319,-1,1319,1300,1302,-1,1319,1302,1320,-1,1320,1302,1304,-1,1320,1304,1321,-1,1321,1304,1306,-1,1321,1306,1322,-1,1322,1306,1308,-1,1322,1308,1323,-1,1323,1308,1310,-1,1323,1310,1324,-1,1324,1310,1312,-1,1324,1312,1325,-1,1325,1312,1314,-1,1325,1314,1326,-1,322,326,323,-1,323,326,1327,-1,323,1327,1328,-1,1328,1327,1329,-1,1328,1329,1330,-1,1330,1329,1331,-1,1330,1331,1332,-1,1332,1331,1333,-1,1332,1333,1334,-1,1334,1333,1335,-1,1334,1335,1336,-1,1336,1335,1337,-1,1336,1337,1338,-1,1338,1337,1339,-1,1338,1339,1340,-1,1340,1339,1341,-1,1340,1341,1342,-1,1342,1341,1343,-1,1342,1343,1344,-1,1344,1343,1345,-1,1344,1345,1346,-1,1346,1345,1347,-1,1346,1347,1348,-1,1348,1347,1349,-1,1348,1349,1350,-1,321,323,763,-1,763,323,1328,-1,763,1328,1351,-1,1351,1328,1330,-1,1351,1330,1352,-1,1352,1330,1332,-1,1352,1332,1353,-1,1353,1332,1334,-1,1353,1334,1354,-1,1354,1334,1336,-1,1354,1336,1355,-1,1355,1336,1338,-1,1355,1338,1356,-1,1356,1338,1340,-1,1356,1340,1357,-1,1357,1340,1342,-1,1357,1342,1358,-1,1358,1342,1344,-1,1358,1344,1359,-1,1359,1344,1346,-1,1359,1346,1360,-1,1360,1346,1348,-1,1360,1348,1361,-1,1361,1348,1350,-1,1361,1350,1362,-1,319,765,320,-1,320,765,1363,-1,320,1363,1364,-1,1364,1363,1365,-1,1364,1365,1366,-1,1366,1365,1367,-1,1366,1367,1368,-1,1368,1367,1369,-1,1368,1369,1370,-1,1370,1369,1371,-1,1370,1371,1372,-1,1372,1371,1373,-1,1372,1373,1374,-1,1374,1373,1375,-1,1374,1375,1376,-1,1376,1375,1377,-1,1376,1377,1378,-1,1378,1377,1379,-1,1378,1379,1380,-1,1380,1379,1381,-1,1380,1381,1382,-1,1382,1381,1383,-1,1382,1383,1384,-1,1384,1383,1385,-1,1384,1385,1386,-1,316,769,317,-1,317,769,1387,-1,317,1387,1388,-1,1388,1387,1389,-1,1388,1389,1390,-1,1390,1389,1391,-1,1390,1391,1392,-1,1392,1391,1393,-1,1392,1393,1394,-1,1394,1393,1395,-1,1394,1395,1396,-1,1396,1395,1397,-1,1396,1397,1398,-1,1398,1397,1399,-1,1398,1399,1400,-1,1400,1399,1401,-1,1400,1401,1402,-1,1402,1401,1403,-1,1402,1403,1404,-1,1404,1403,1405,-1,1404,1405,1406,-1,1406,1405,1407,-1,1406,1407,1408,-1,1408,1407,1409,-1,1408,1409,1410,-1,310,774,311,-1,311,774,1411,-1,311,1411,1412,-1,1412,1411,1413,-1,1412,1413,1414,-1,1414,1413,1415,-1,1414,1415,1416,-1,1416,1415,1417,-1,1416,1417,1418,-1,1418,1417,1419,-1,1418,1419,1420,-1,1420,1419,1421,-1,1420,1421,1422,-1,1422,1421,1423,-1,1422,1423,1424,-1,1424,1423,1425,-1,1424,1425,1426,-1,1426,1425,1427,-1,1426,1427,1428,-1,1428,1427,1429,-1,1428,1429,1430,-1,1430,1429,1431,-1,1430,1431,1432,-1,1432,1431,1433,-1,1432,1433,1434,-1,301,305,302,-1,302,305,1435,-1,302,1435,1436,-1,1436,1435,1437,-1,1436,1437,1438,-1,1438,1437,1439,-1,1438,1439,1440,-1,1440,1439,1441,-1,1440,1441,1442,-1,1442,1441,1443,-1,1442,1443,1444,-1,1444,1443,1445,-1,1444,1445,1446,-1,1446,1445,1447,-1,1446,1447,1448,-1,1448,1447,1449,-1,1448,1449,1450,-1,1450,1449,1451,-1,1450,1451,1452,-1,1452,1451,1453,-1,1452,1453,1454,-1,1454,1453,1455,-1,1454,1455,1456,-1,1456,1455,1457,-1,1456,1457,1458,-1,298,780,299,-1,299,780,1459,-1,299,1459,1460,-1,1460,1459,1461,-1,1460,1461,1462,-1,1462,1461,1463,-1,1462,1463,1464,-1,1464,1463,1465,-1,1464,1465,1466,-1,1466,1465,1467,-1,1466,1467,1468,-1,1468,1467,1469,-1,1468,1469,1470,-1,1470,1469,1471,-1,1470,1471,1472,-1,1472,1471,1473,-1,1472,1473,1474,-1,1474,1473,1475,-1,1474,1475,1476,-1,1476,1475,1477,-1,1476,1477,1478,-1,1478,1477,1479,-1,1478,1479,1480,-1,1480,1479,1481,-1,1480,1481,1482,-1,784,786,788,-1,788,786,1483,-1,788,1483,1484,-1,1484,1483,1485,-1,1484,1485,1486,-1,1486,1485,1487,-1,1486,1487,1488,-1,1488,1487,1489,-1,1488,1489,1490,-1,1490,1489,1491,-1,1490,1491,1492,-1,1492,1491,1493,-1,1492,1493,1494,-1,1494,1493,1495,-1,1494,1495,1496,-1,1496,1495,1497,-1,1496,1497,1498,-1,1498,1497,1499,-1,1498,1499,1500,-1,1500,1499,1501,-1,1500,1501,1502,-1,1502,1501,1503,-1,1502,1503,1504,-1,1504,1503,1505,-1,1504,1505,1506,-1,292,296,293,-1,293,296,1507,-1,293,1507,1508,-1,1508,1507,1509,-1,1508,1509,1510,-1,1510,1509,1511,-1,1510,1511,1512,-1,1512,1511,1513,-1,1512,1513,1514,-1,1514,1513,1515,-1,1514,1515,1516,-1,1516,1515,1517,-1,1516,1517,1518,-1,1518,1517,1519,-1,1518,1519,1520,-1,1520,1519,1521,-1,1520,1521,1522,-1,1522,1521,1523,-1,1522,1523,1524,-1,1524,1523,1525,-1,1524,1525,1526,-1,1526,1525,1527,-1,1526,1527,1528,-1,1528,1527,1529,-1,1528,1529,1530,-1,291,293,790,-1,790,293,1508,-1,790,1508,1531,-1,1531,1508,1510,-1,1531,1510,1532,-1,1532,1510,1512,-1,1532,1512,1533,-1,1533,1512,1514,-1,1533,1514,1534,-1,1534,1514,1516,-1,1534,1516,1535,-1,1535,1516,1518,-1,1535,1518,1536,-1,1536,1518,1520,-1,1536,1520,1537,-1,1537,1520,1522,-1,1537,1522,1538,-1,1538,1522,1524,-1,1538,1524,1539,-1,1539,1524,1526,-1,1539,1526,1540,-1,1540,1526,1528,-1,1540,1528,1541,-1,1541,1528,1530,-1,1541,1530,1542,-1,286,290,287,-1,287,290,1543,-1,287,1543,1544,-1,1544,1543,1545,-1,1544,1545,1546,-1,1546,1545,1547,-1,1546,1547,1548,-1,1548,1547,1549,-1,1548,1549,1550,-1,1550,1549,1551,-1,1550,1551,1552,-1,1552,1551,1553,-1,1552,1553,1554,-1,1554,1553,1555,-1,1554,1555,1556,-1,1556,1555,1557,-1,1556,1557,1558,-1,1558,1557,1559,-1,1558,1559,1560,-1,1560,1559,1561,-1,1560,1561,1562,-1,1562,1561,1563,-1,1562,1563,1564,-1,1564,1563,1565,-1,1564,1565,1566,-1,283,793,284,-1,284,793,1567,-1,284,1567,1568,-1,1568,1567,1569,-1,1568,1569,1570,-1,1570,1569,1571,-1,1570,1571,1572,-1,1572,1571,1573,-1,1572,1573,1574,-1,1574,1573,1575,-1,1574,1575,1576,-1,1576,1575,1577,-1,1576,1577,1578,-1,1578,1577,1579,-1,1578,1579,1580,-1,1580,1579,1581,-1,1580,1581,1582,-1,1582,1581,1583,-1,1582,1583,1584,-1,1584,1583,1585,-1,1584,1585,1586,-1,1586,1585,1587,-1,1586,1587,1588,-1,1588,1587,1589,-1,1588,1589,1590,-1,797,799,801,-1,801,799,1591,-1,801,1591,1592,-1,1592,1591,1593,-1,1592,1593,1594,-1,1594,1593,1595,-1,1594,1595,1596,-1,1596,1595,1597,-1,1596,1597,1598,-1,1598,1597,1599,-1,1598,1599,1600,-1,1600,1599,1601,-1,1600,1601,1602,-1,1602,1601,1603,-1,1602,1603,1604,-1,1604,1603,1605,-1,1604,1605,1606,-1,1606,1605,1607,-1,1606,1607,1608,-1,1608,1607,1609,-1,1608,1609,1610,-1,1610,1609,1611,-1,1610,1611,1612,-1,1612,1611,1613,-1,1612,1613,1614,-1,277,281,278,-1,278,281,1615,-1,278,1615,1616,-1,1616,1615,1617,-1,1616,1617,1618,-1,1618,1617,1619,-1,1618,1619,1620,-1,1620,1619,1621,-1,1620,1621,1622,-1,1622,1621,1623,-1,1622,1623,1624,-1,1624,1623,1625,-1,1624,1625,1626,-1,1626,1625,1627,-1,1626,1627,1628,-1,1628,1627,1629,-1,1628,1629,1630,-1,1630,1629,1631,-1,1630,1631,1632,-1,1632,1631,1633,-1,1632,1633,1634,-1,1634,1633,1635,-1,1634,1635,1636,-1,1636,1635,1637,-1,1636,1637,1638,-1,276,278,803,-1,803,278,1616,-1,803,1616,1639,-1,1639,1616,1618,-1,1639,1618,1640,-1,1640,1618,1620,-1,1640,1620,1641,-1,1641,1620,1622,-1,1641,1622,1642,-1,1642,1622,1624,-1,1642,1624,1643,-1,1643,1624,1626,-1,1643,1626,1644,-1,1644,1626,1628,-1,1644,1628,1645,-1,1645,1628,1630,-1,1645,1630,1646,-1,1646,1630,1632,-1,1646,1632,1647,-1,1647,1632,1634,-1,1647,1634,1648,-1,1648,1634,1636,-1,1648,1636,1649,-1,1649,1636,1638,-1,1649,1638,1650,-1,271,275,272,-1,272,275,1651,-1,272,1651,1652,-1,1652,1651,1653,-1,1652,1653,1654,-1,1654,1653,1655,-1,1654,1655,1656,-1,1656,1655,1657,-1,1656,1657,1658,-1,1658,1657,1659,-1,1658,1659,1660,-1,1660,1659,1661,-1,1660,1661,1662,-1,1662,1661,1663,-1,1662,1663,1664,-1,1664,1663,1665,-1,1664,1665,1666,-1,1666,1665,1667,-1,1666,1667,1668,-1,1668,1667,1669,-1,1668,1669,1670,-1,1670,1669,1671,-1,1670,1671,1672,-1,1672,1671,1673,-1,1672,1673,1674,-1,268,807,269,-1,269,807,1675,-1,269,1675,1676,-1,1676,1675,1677,-1,1676,1677,1678,-1,1678,1677,1679,-1,1678,1679,1680,-1,1680,1679,1681,-1,1680,1681,1682,-1,1682,1681,1683,-1,1682,1683,1684,-1,1684,1683,1685,-1,1684,1685,1686,-1,1686,1685,1687,-1,1686,1687,1688,-1,1688,1687,1689,-1,1688,1689,1690,-1,1690,1689,1691,-1,1690,1691,1692,-1,1692,1691,1693,-1,1692,1693,1694,-1,1694,1693,1695,-1,1694,1695,1696,-1,1696,1695,1697,-1,1696,1697,1698,-1,262,812,263,-1,263,812,1699,-1,263,1699,1700,-1,1700,1699,1701,-1,1700,1701,1702,-1,1702,1701,1703,-1,1702,1703,1704,-1,1704,1703,1705,-1,1704,1705,1706,-1,1706,1705,1707,-1,1706,1707,1708,-1,1708,1707,1709,-1,1708,1709,1710,-1,1710,1709,1711,-1,1710,1711,1712,-1,1712,1711,1713,-1,1712,1713,1714,-1,1714,1713,1715,-1,1714,1715,1716,-1,1716,1715,1717,-1,1716,1717,1718,-1,1718,1717,1719,-1,1718,1719,1720,-1,1720,1719,1721,-1,1720,1721,1722,-1,259,816,260,-1,260,816,1723,-1,260,1723,1724,-1,1724,1723,1725,-1,1724,1725,1726,-1,1726,1725,1727,-1,1726,1727,1728,-1,1728,1727,1729,-1,1728,1729,1730,-1,1730,1729,1731,-1,1730,1731,1732,-1,1732,1731,1733,-1,1732,1733,1734,-1,1734,1733,1735,-1,1734,1735,1736,-1,1736,1735,1737,-1,1736,1737,1738,-1,1738,1737,1739,-1,1738,1739,1740,-1,1740,1739,1741,-1,1740,1741,1742,-1,1742,1741,1743,-1,1742,1743,1744,-1,1744,1743,1745,-1,1744,1745,1746,-1,255,257,821,-1,821,257,1747,-1,821,1747,1748,-1,1748,1747,1749,-1,1748,1749,1750,-1,1750,1749,1751,-1,1750,1751,1752,-1,1752,1751,1753,-1,1752,1753,1754,-1,1754,1753,1755,-1,1754,1755,1756,-1,1756,1755,1757,-1,1756,1757,1758,-1,1758,1757,1759,-1,1758,1759,1760,-1,1760,1759,1761,-1,1760,1761,1762,-1,1762,1761,1763,-1,1762,1763,1764,-1,1764,1763,1765,-1,1764,1765,1766,-1,1766,1765,1767,-1,1766,1767,1768,-1,1768,1767,1769,-1,1768,1769,1770,-1,819,821,822,-1,822,821,1748,-1,822,1748,1771,-1,1771,1748,1750,-1,1771,1750,1772,-1,1772,1750,1752,-1,1772,1752,1773,-1,1773,1752,1754,-1,1773,1754,1774,-1,1774,1754,1756,-1,1774,1756,1775,-1,1775,1756,1758,-1,1775,1758,1776,-1,1776,1758,1760,-1,1776,1760,1777,-1,1777,1760,1762,-1,1777,1762,1778,-1,1778,1762,1764,-1,1778,1764,1779,-1,1779,1764,1766,-1,1779,1766,1780,-1,1780,1766,1768,-1,1780,1768,1781,-1,1781,1768,1770,-1,1781,1770,1782,-1,250,254,251,-1,251,254,1783,-1,251,1783,1784,-1,1784,1783,1785,-1,1784,1785,1786,-1,1786,1785,1787,-1,1786,1787,1788,-1,1788,1787,1789,-1,1788,1789,1790,-1,1790,1789,1791,-1,1790,1791,1792,-1,1792,1791,1793,-1,1792,1793,1794,-1,1794,1793,1795,-1,1794,1795,1796,-1,1796,1795,1797,-1,1796,1797,1798,-1,1798,1797,1799,-1,1798,1799,1800,-1,1800,1799,1801,-1,1800,1801,1802,-1,1802,1801,1803,-1,1802,1803,1804,-1,1804,1803,1805,-1,1804,1805,1806,-1,247,826,248,-1,248,826,1807,-1,248,1807,1808,-1,1808,1807,1809,-1,1808,1809,1810,-1,1810,1809,1811,-1,1810,1811,1812,-1,1812,1811,1813,-1,1812,1813,1814,-1,1814,1813,1815,-1,1814,1815,1816,-1,1816,1815,1817,-1,1816,1817,1818,-1,1818,1817,1819,-1,1818,1819,1820,-1,1820,1819,1821,-1,1820,1821,1822,-1,1822,1821,1823,-1,1822,1823,1824,-1,1824,1823,1825,-1,1824,1825,1826,-1,1826,1825,1827,-1,1826,1827,1828,-1,1828,1827,1829,-1,1828,1829,1830,-1,244,830,245,-1,245,830,1831,-1,245,1831,1832,-1,1832,1831,1833,-1,1832,1833,1834,-1,1834,1833,1835,-1,1834,1835,1836,-1,1836,1835,1837,-1,1836,1837,1838,-1,1838,1837,1839,-1,1838,1839,1840,-1,1840,1839,1841,-1,1840,1841,1842,-1,1842,1841,1843,-1,1842,1843,1844,-1,1844,1843,1845,-1,1844,1845,1846,-1,1846,1845,1847,-1,1846,1847,1848,-1,1848,1847,1849,-1,1848,1849,1850,-1,1850,1849,1851,-1,1850,1851,1852,-1,1852,1851,1853,-1,1852,1853,1854,-1,238,835,239,-1,239,835,1855,-1,239,1855,1856,-1,1856,1855,1857,-1,1856,1857,1858,-1,1858,1857,1859,-1,1858,1859,1860,-1,1860,1859,1861,-1,1860,1861,1862,-1,1862,1861,1863,-1,1862,1863,1864,-1,1864,1863,1865,-1,1864,1865,1866,-1,1866,1865,1867,-1,1866,1867,1868,-1,1868,1867,1869,-1,1868,1869,1870,-1,1870,1869,1871,-1,1870,1871,1872,-1,1872,1871,1873,-1,1872,1873,1874,-1,1874,1873,1875,-1,1874,1875,1876,-1,1876,1875,1877,-1,1876,1877,1878,-1,229,233,230,-1,230,233,1879,-1,230,1879,1880,-1,1880,1879,1881,-1,1880,1881,1882,-1,1882,1881,1883,-1,1882,1883,1884,-1,1884,1883,1885,-1,1884,1885,1886,-1,1886,1885,1887,-1,1886,1887,1888,-1,1888,1887,1889,-1,1888,1889,1890,-1,1890,1889,1891,-1,1890,1891,1892,-1,1892,1891,1893,-1,1892,1893,1894,-1,1894,1893,1895,-1,1894,1895,1896,-1,1896,1895,1897,-1,1896,1897,1898,-1,1898,1897,1899,-1,1898,1899,1900,-1,1900,1899,1901,-1,1900,1901,1902,-1,226,841,227,-1,227,841,1903,-1,227,1903,1904,-1,1904,1903,1905,-1,1904,1905,1906,-1,1906,1905,1907,-1,1906,1907,1908,-1,1908,1907,1909,-1,1908,1909,1910,-1,1910,1909,1911,-1,1910,1911,1912,-1,1912,1911,1913,-1,1912,1913,1914,-1,1914,1913,1915,-1,1914,1915,1916,-1,1916,1915,1917,-1,1916,1917,1918,-1,1918,1917,1919,-1,1918,1919,1920,-1,1920,1919,1921,-1,1920,1921,1922,-1,1922,1921,1923,-1,1922,1923,1924,-1,1924,1923,1925,-1,1924,1925,1926,-1,222,224,846,-1,846,224,1927,-1,846,1927,1928,-1,1928,1927,1929,-1,1928,1929,1930,-1,1930,1929,1931,-1,1930,1931,1932,-1,1932,1931,1933,-1,1932,1933,1934,-1,1934,1933,1935,-1,1934,1935,1936,-1,1936,1935,1937,-1,1936,1937,1938,-1,1938,1937,1939,-1,1938,1939,1940,-1,1940,1939,1941,-1,1940,1941,1942,-1,1942,1941,1943,-1,1942,1943,1944,-1,1944,1943,1945,-1,1944,1945,1946,-1,1946,1945,1947,-1,1946,1947,1948,-1,1948,1947,1949,-1,1948,1949,1950,-1,844,846,847,-1,847,846,1928,-1,847,1928,1951,-1,1951,1928,1930,-1,1951,1930,1952,-1,1952,1930,1932,-1,1952,1932,1953,-1,1953,1932,1934,-1,1953,1934,1954,-1,1954,1934,1936,-1,1954,1936,1955,-1,1955,1936,1938,-1,1955,1938,1956,-1,1956,1938,1940,-1,1956,1940,1957,-1,1957,1940,1942,-1,1957,1942,1958,-1,1958,1942,1944,-1,1958,1944,1959,-1,1959,1944,1946,-1,1959,1946,1960,-1,1960,1946,1948,-1,1960,1948,1961,-1,1961,1948,1950,-1,1961,1950,1962,-1,217,221,218,-1,218,221,1963,-1,218,1963,1964,-1,1964,1963,1965,-1,1964,1965,1966,-1,1966,1965,1967,-1,1966,1967,1968,-1,1968,1967,1969,-1,1968,1969,1970,-1,1970,1969,1971,-1,1970,1971,1972,-1,1972,1971,1973,-1,1972,1973,1974,-1,1974,1973,1975,-1,1974,1975,1976,-1,1976,1975,1977,-1,1976,1977,1978,-1,1978,1977,1979,-1,1978,1979,1980,-1,1980,1979,1981,-1,1980,1981,1982,-1,1982,1981,1983,-1,1982,1983,1984,-1,1984,1983,1985,-1,1984,1985,1986,-1,216,218,849,-1,849,218,1964,-1,849,1964,1987,-1,1987,1964,1966,-1,1987,1966,1988,-1,1988,1966,1968,-1,1988,1968,1989,-1,1989,1968,1970,-1,1989,1970,1990,-1,1990,1970,1972,-1,1990,1972,1991,-1,1991,1972,1974,-1,1991,1974,1992,-1,1992,1974,1976,-1,1992,1976,1993,-1,1993,1976,1978,-1,1993,1978,1994,-1,1994,1978,1980,-1,1994,1980,1995,-1,1995,1980,1982,-1,1995,1982,1996,-1,1996,1982,1984,-1,1996,1984,1997,-1,1997,1984,1986,-1,1997,1986,1998,-1,214,851,215,-1,215,851,1999,-1,215,1999,2000,-1,2000,1999,2001,-1,2000,2001,2002,-1,2002,2001,2003,-1,2002,2003,2004,-1,2004,2003,2005,-1,2004,2005,2006,-1,2006,2005,2007,-1,2006,2007,2008,-1,2008,2007,2009,-1,2008,2009,2010,-1,2010,2009,2011,-1,2010,2011,2012,-1,2012,2011,2013,-1,2012,2013,2014,-1,2014,2013,2015,-1,2014,2015,2016,-1,2016,2015,2017,-1,2016,2017,2018,-1,2018,2017,2019,-1,2018,2019,2020,-1,2020,2019,2021,-1,2020,2021,2022,-1,211,855,212,-1,212,855,2023,-1,212,2023,2024,-1,2024,2023,2025,-1,2024,2025,2026,-1,2026,2025,2027,-1,2026,2027,2028,-1,2028,2027,2029,-1,2028,2029,2030,-1,2030,2029,2031,-1,2030,2031,2032,-1,2032,2031,2033,-1,2032,2033,2034,-1,2034,2033,2035,-1,2034,2035,2036,-1,2036,2035,2037,-1,2036,2037,2038,-1,2038,2037,2039,-1,2038,2039,2040,-1,2040,2039,2041,-1,2040,2041,2042,-1,2042,2041,2043,-1,2042,2043,2044,-1,2044,2043,2045,-1,2044,2045,2046,-1,859,861,863,-1,863,861,2047,-1,863,2047,2048,-1,2048,2047,2049,-1,2048,2049,2050,-1,2050,2049,2051,-1,2050,2051,2052,-1,2052,2051,2053,-1,2052,2053,2054,-1,2054,2053,2055,-1,2054,2055,2056,-1,2056,2055,2057,-1,2056,2057,2058,-1,2058,2057,2059,-1,2058,2059,2060,-1,2060,2059,2061,-1,2060,2061,2062,-1,2062,2061,2063,-1,2062,2063,2064,-1,2064,2063,2065,-1,2064,2065,2066,-1,2066,2065,2067,-1,2066,2067,2068,-1,2068,2067,2069,-1,2068,2069,2070,-1,205,209,206,-1,206,209,2071,-1,206,2071,2072,-1,2072,2071,2073,-1,2072,2073,2074,-1,2074,2073,2075,-1,2074,2075,2076,-1,2076,2075,2077,-1,2076,2077,2078,-1,2078,2077,2079,-1,2078,2079,2080,-1,2080,2079,2081,-1,2080,2081,2082,-1,2082,2081,2083,-1,2082,2083,2084,-1,2084,2083,2085,-1,2084,2085,2086,-1,2086,2085,2087,-1,2086,2087,2088,-1,2088,2087,2089,-1,2088,2089,2090,-1,2090,2089,2091,-1,2090,2091,2092,-1,2092,2091,2093,-1,2092,2093,2094,-1,204,206,865,-1,865,206,2072,-1,865,2072,2095,-1,2095,2072,2074,-1,2095,2074,2096,-1,2096,2074,2076,-1,2096,2076,2097,-1,2097,2076,2078,-1,2097,2078,2098,-1,2098,2078,2080,-1,2098,2080,2099,-1,2099,2080,2082,-1,2099,2082,2100,-1,2100,2082,2084,-1,2100,2084,2101,-1,2101,2084,2086,-1,2101,2086,2102,-1,2102,2086,2088,-1,2102,2088,2103,-1,2103,2088,2090,-1,2103,2090,2104,-1,2104,2090,2092,-1,2104,2092,2105,-1,2105,2092,2094,-1,2105,2094,2106,-1,199,203,200,-1,200,203,2107,-1,200,2107,2108,-1,2108,2107,2109,-1,2108,2109,2110,-1,2110,2109,2111,-1,2110,2111,2112,-1,2112,2111,2113,-1,2112,2113,2114,-1,2114,2113,2115,-1,2114,2115,2116,-1,2116,2115,2117,-1,2116,2117,2118,-1,2118,2117,2119,-1,2118,2119,2120,-1,2120,2119,2121,-1,2120,2121,2122,-1,2122,2121,2123,-1,2122,2123,2124,-1,2124,2123,2125,-1,2124,2125,2126,-1,2126,2125,2127,-1,2126,2127,2128,-1,2128,2127,2129,-1,2128,2129,2130,-1,196,868,197,-1,197,868,2131,-1,197,2131,2132,-1,2132,2131,2133,-1,2132,2133,2134,-1,2134,2133,2135,-1,2134,2135,2136,-1,2136,2135,2137,-1,2136,2137,2138,-1,2138,2137,2139,-1,2138,2139,2140,-1,2140,2139,2141,-1,2140,2141,2142,-1,2142,2141,2143,-1,2142,2143,2144,-1,2144,2143,2145,-1,2144,2145,2146,-1,2146,2145,2147,-1,2146,2147,2148,-1,2148,2147,2149,-1,2148,2149,2150,-1,2150,2149,2151,-1,2150,2151,2152,-1,2152,2151,2153,-1,2152,2153,2154,-1,872,874,876,-1,876,874,2155,-1,876,2155,2156,-1,2156,2155,2157,-1,2156,2157,2158,-1,2158,2157,2159,-1,2158,2159,2160,-1,2160,2159,2161,-1,2160,2161,2162,-1,2162,2161,2163,-1,2162,2163,2164,-1,2164,2163,2165,-1,2164,2165,2166,-1,2166,2165,2167,-1,2166,2167,2168,-1,2168,2167,2169,-1,2168,2169,2170,-1,2170,2169,2171,-1,2170,2171,2172,-1,2172,2171,2173,-1,2172,2173,2174,-1,2174,2173,2175,-1,2174,2175,2176,-1,2176,2175,2177,-1,2176,2177,2178,-1,190,194,191,-1,191,194,2179,-1,191,2179,2180,-1,2180,2179,2181,-1,2180,2181,2182,-1,2182,2181,2183,-1,2182,2183,2184,-1,2184,2183,2185,-1,2184,2185,2186,-1,2186,2185,2187,-1,2186,2187,2188,-1,2188,2187,2189,-1,2188,2189,2190,-1,2190,2189,2191,-1,2190,2191,2192,-1,2192,2191,2193,-1,2192,2193,2194,-1,2194,2193,2195,-1,2194,2195,2196,-1,2196,2195,2197,-1,2196,2197,2198,-1,2198,2197,2199,-1,2198,2199,2200,-1,2200,2199,2201,-1,2200,2201,2202,-1,189,191,878,-1,878,191,2180,-1,878,2180,2203,-1,2203,2180,2182,-1,2203,2182,2204,-1,2204,2182,2184,-1,2204,2184,2205,-1,2205,2184,2186,-1,2205,2186,2206,-1,2206,2186,2188,-1,2206,2188,2207,-1,2207,2188,2190,-1,2207,2190,2208,-1,2208,2190,2192,-1,2208,2192,2209,-1,2209,2192,2194,-1,2209,2194,2210,-1,2210,2194,2196,-1,2210,2196,2211,-1,2211,2196,2198,-1,2211,2198,2212,-1,2212,2198,2200,-1,2212,2200,2213,-1,2213,2200,2202,-1,2213,2202,2214,-1,184,188,185,-1,185,188,2215,-1,185,2215,2216,-1,2216,2215,2217,-1,2216,2217,2218,-1,2218,2217,2219,-1,2218,2219,2220,-1,2220,2219,2221,-1,2220,2221,2222,-1,2222,2221,2223,-1,2222,2223,2224,-1,2224,2223,2225,-1,2224,2225,2226,-1,2226,2225,2227,-1,2226,2227,2228,-1,2228,2227,2229,-1,2228,2229,2230,-1,2230,2229,2231,-1,2230,2231,2232,-1,2232,2231,2233,-1,2232,2233,2234,-1,2234,2233,2235,-1,2234,2235,2236,-1,2236,2235,2237,-1,2236,2237,2238,-1,181,882,182,-1,182,882,2239,-1,182,2239,2240,-1,2240,2239,2241,-1,2240,2241,2242,-1,2242,2241,2243,-1,2242,2243,2244,-1,2244,2243,2245,-1,2244,2245,2246,-1,2246,2245,2247,-1,2246,2247,2248,-1,2248,2247,2249,-1,2248,2249,2250,-1,2250,2249,2251,-1,2250,2251,2252,-1,2252,2251,2253,-1,2252,2253,2254,-1,2254,2253,2255,-1,2254,2255,2256,-1,2256,2255,2257,-1,2256,2257,2258,-1,2258,2257,2259,-1,2258,2259,2260,-1,2260,2259,2261,-1,2260,2261,2262,-1,175,887,176,-1,176,887,2263,-1,176,2263,2264,-1,2264,2263,2265,-1,2264,2265,2266,-1,2266,2265,2267,-1,2266,2267,2268,-1,2268,2267,2269,-1,2268,2269,2270,-1,2270,2269,2271,-1,2270,2271,2272,-1,2272,2271,2273,-1,2272,2273,2274,-1,2274,2273,2275,-1,2274,2275,2276,-1,2276,2275,2277,-1,2276,2277,2278,-1,2278,2277,2279,-1,2278,2279,2280,-1,2280,2279,2281,-1,2280,2281,2282,-1,2282,2281,2283,-1,2282,2283,2284,-1,2284,2283,2285,-1,2284,2285,2286,-1,172,891,173,-1,173,891,2287,-1,173,2287,2288,-1,2288,2287,2289,-1,2288,2289,2290,-1,2290,2289,2291,-1,2290,2291,2292,-1,2292,2291,2293,-1,2292,2293,2294,-1,2294,2293,2295,-1,2294,2295,2296,-1,2296,2295,2297,-1,2296,2297,2298,-1,2298,2297,2299,-1,2298,2299,2300,-1,2300,2299,2301,-1,2300,2301,2302,-1,2302,2301,2303,-1,2302,2303,2304,-1,2304,2303,2305,-1,2304,2305,2306,-1,2306,2305,2307,-1,2306,2307,2308,-1,2308,2307,2309,-1,2308,2309,2310,-1,166,170,167,-1,167,170,2311,-1,167,2311,2312,-1,2312,2311,2313,-1,2312,2313,2314,-1,2314,2313,2315,-1,2314,2315,2316,-1,2316,2315,2317,-1,2316,2317,2318,-1,2318,2317,2319,-1,2318,2319,2320,-1,2320,2319,2321,-1,2320,2321,2322,-1,2322,2321,2323,-1,2322,2323,2324,-1,2324,2323,2325,-1,2324,2325,2326,-1,2326,2325,2327,-1,2326,2327,2328,-1,2328,2327,2329,-1,2328,2329,2330,-1,2330,2329,2331,-1,2330,2331,2332,-1,2332,2331,2333,-1,2332,2333,2334,-1,165,167,894,-1,894,167,2312,-1,894,2312,2335,-1,2335,2312,2314,-1,2335,2314,2336,-1,2336,2314,2316,-1,2336,2316,2337,-1,2337,2316,2318,-1,2337,2318,2338,-1,2338,2318,2320,-1,2338,2320,2339,-1,2339,2320,2322,-1,2339,2322,2340,-1,2340,2322,2324,-1,2340,2324,2341,-1,2341,2324,2326,-1,2341,2326,2342,-1,2342,2326,2328,-1,2342,2328,2343,-1,2343,2328,2330,-1,2343,2330,2344,-1,2344,2330,2332,-1,2344,2332,2345,-1,2345,2332,2334,-1,2345,2334,2346,-1,160,164,161,-1,161,164,2347,-1,161,2347,2348,-1,2348,2347,2349,-1,2348,2349,2350,-1,2350,2349,2351,-1,2350,2351,2352,-1,2352,2351,2353,-1,2352,2353,2354,-1,2354,2353,2355,-1,2354,2355,2356,-1,2356,2355,2357,-1,2356,2357,2358,-1,2358,2357,2359,-1,2358,2359,2360,-1,2360,2359,2361,-1,2360,2361,2362,-1,2362,2361,2363,-1,2362,2363,2364,-1,2364,2363,2365,-1,2364,2365,2366,-1,2366,2365,2367,-1,2366,2367,2368,-1,2368,2367,2369,-1,2368,2369,2370,-1,157,898,158,-1,158,898,2371,-1,158,2371,2372,-1,2372,2371,2373,-1,2372,2373,2374,-1,2374,2373,2375,-1,2374,2375,2376,-1,2376,2375,2377,-1,2376,2377,2378,-1,2378,2377,2379,-1,2378,2379,2380,-1,2380,2379,2381,-1,2380,2381,2382,-1,2382,2381,2383,-1,2382,2383,2384,-1,2384,2383,2385,-1,2384,2385,2386,-1,2386,2385,2387,-1,2386,2387,2388,-1,2388,2387,2389,-1,2388,2389,2390,-1,2390,2389,2391,-1,2390,2391,2392,-1,2392,2391,2393,-1,2392,2393,2394,-1,154,902,155,-1,155,902,2395,-1,155,2395,2396,-1,2396,2395,2397,-1,2396,2397,2398,-1,2398,2397,2399,-1,2398,2399,2400,-1,2400,2399,2401,-1,2400,2401,2402,-1,2402,2401,2403,-1,2402,2403,2404,-1,2404,2403,2405,-1,2404,2405,2406,-1,2406,2405,2407,-1,2406,2407,2408,-1,2408,2407,2409,-1,2408,2409,2410,-1,2410,2409,2411,-1,2410,2411,2412,-1,2412,2411,2413,-1,2412,2413,2414,-1,2414,2413,2415,-1,2414,2415,2416,-1,2416,2415,2417,-1,2416,2417,2418,-1,148,907,149,-1,149,907,2419,-1,149,2419,2420,-1,2420,2419,2421,-1,2420,2421,2422,-1,2422,2421,2423,-1,2422,2423,2424,-1,2424,2423,2425,-1,2424,2425,2426,-1,2426,2425,2427,-1,2426,2427,2428,-1,2428,2427,2429,-1,2428,2429,2430,-1,2430,2429,2431,-1,2430,2431,2432,-1,2432,2431,2433,-1,2432,2433,2434,-1,2434,2433,2435,-1,2434,2435,2436,-1,2436,2435,2437,-1,2436,2437,2438,-1,2438,2437,2439,-1,2438,2439,2440,-1,2440,2439,2441,-1,2440,2441,2442,-1,139,143,140,-1,140,143,2443,-1,140,2443,2444,-1,2444,2443,2445,-1,2444,2445,2446,-1,2446,2445,2447,-1,2446,2447,2448,-1,2448,2447,2449,-1,2448,2449,2450,-1,2450,2449,2451,-1,2450,2451,2452,-1,2452,2451,2453,-1,2452,2453,2454,-1,2454,2453,2455,-1,2454,2455,2456,-1,2456,2455,2457,-1,2456,2457,2458,-1,2458,2457,2459,-1,2458,2459,2460,-1,2460,2459,2461,-1,2460,2461,2462,-1,2462,2461,2463,-1,2462,2463,2464,-1,2464,2463,2465,-1,2464,2465,2466,-1,136,913,137,-1,137,913,2467,-1,137,2467,2468,-1,2468,2467,2469,-1,2468,2469,2470,-1,2470,2469,2471,-1,2470,2471,2472,-1,2472,2471,2473,-1,2472,2473,2474,-1,2474,2473,2475,-1,2474,2475,2476,-1,2476,2475,2477,-1,2476,2477,2478,-1,2478,2477,2479,-1,2478,2479,2480,-1,2480,2479,2481,-1,2480,2481,2482,-1,2482,2481,2483,-1,2482,2483,2484,-1,2484,2483,2485,-1,2484,2485,2486,-1,2486,2485,2487,-1,2486,2487,2488,-1,2488,2487,2489,-1,2488,2489,2490,-1,132,134,918,-1,918,134,2491,-1,918,2491,2492,-1,2492,2491,2493,-1,2492,2493,2494,-1,2494,2493,2495,-1,2494,2495,2496,-1,2496,2495,2497,-1,2496,2497,2498,-1,2498,2497,2499,-1,2498,2499,2500,-1,2500,2499,2501,-1,2500,2501,2502,-1,2502,2501,2503,-1,2502,2503,2504,-1,2504,2503,2505,-1,2504,2505,2506,-1,2506,2505,2507,-1,2506,2507,2508,-1,2508,2507,2509,-1,2508,2509,2510,-1,2510,2509,2511,-1,2510,2511,2512,-1,2512,2511,2513,-1,2512,2513,2514,-1,916,918,919,-1,919,918,2492,-1,919,2492,2515,-1,2515,2492,2494,-1,2515,2494,2516,-1,2516,2494,2496,-1,2516,2496,2517,-1,2517,2496,2498,-1,2517,2498,2518,-1,2518,2498,2500,-1,2518,2500,2519,-1,2519,2500,2502,-1,2519,2502,2520,-1,2520,2502,2504,-1,2520,2504,2521,-1,2521,2504,2506,-1,2521,2506,2522,-1,2522,2506,2508,-1,2522,2508,2523,-1,2523,2508,2510,-1,2523,2510,2524,-1,2524,2510,2512,-1,2524,2512,2525,-1,2525,2512,2514,-1,2525,2514,2526,-1,127,131,128,-1,128,131,2527,-1,128,2527,2528,-1,2528,2527,2529,-1,2528,2529,2530,-1,2530,2529,2531,-1,2530,2531,2532,-1,2532,2531,2533,-1,2532,2533,2534,-1,2534,2533,2535,-1,2534,2535,2536,-1,2536,2535,2537,-1,2536,2537,2538,-1,2538,2537,2539,-1,2538,2539,2540,-1,2540,2539,2541,-1,2540,2541,2542,-1,2542,2541,2543,-1,2542,2543,2544,-1,2544,2543,2545,-1,2544,2545,2546,-1,2546,2545,2547,-1,2546,2547,2548,-1,2548,2547,2549,-1,2548,2549,2550,-1,126,128,921,-1,921,128,2528,-1,921,2528,2551,-1,2551,2528,2530,-1,2551,2530,2552,-1,2552,2530,2532,-1,2552,2532,2553,-1,2553,2532,2534,-1,2553,2534,2554,-1,2554,2534,2536,-1,2554,2536,2555,-1,2555,2536,2538,-1,2555,2538,2556,-1,2556,2538,2540,-1,2556,2540,2557,-1,2557,2540,2542,-1,2557,2542,2558,-1,2558,2542,2544,-1,2558,2544,2559,-1,2559,2544,2546,-1,2559,2546,2560,-1,2560,2546,2548,-1,2560,2548,2561,-1,2561,2548,2550,-1,2561,2550,2562,-1,124,923,125,-1,125,923,2563,-1,125,2563,2564,-1,2564,2563,2565,-1,2564,2565,2566,-1,2566,2565,2567,-1,2566,2567,2568,-1,2568,2567,2569,-1,2568,2569,2570,-1,2570,2569,2571,-1,2570,2571,2572,-1,2572,2571,2573,-1,2572,2573,2574,-1,2574,2573,2575,-1,2574,2575,2576,-1,2576,2575,2577,-1,2576,2577,2578,-1,2578,2577,2579,-1,2578,2579,2580,-1,2580,2579,2581,-1,2580,2581,2582,-1,2582,2581,2583,-1,2582,2583,2584,-1,2584,2583,2585,-1,2584,2585,2586,-1,121,927,122,-1,122,927,2587,-1,122,2587,2588,-1,2588,2587,2589,-1,2588,2589,2590,-1,2590,2589,2591,-1,2590,2591,2592,-1,2592,2591,2593,-1,2592,2593,2594,-1,2594,2593,2595,-1,2594,2595,2596,-1,2596,2595,2597,-1,2596,2597,2598,-1,2598,2597,2599,-1,2598,2599,2600,-1,2600,2599,2601,-1,2600,2601,2602,-1,2602,2601,2603,-1,2602,2603,2604,-1,2604,2603,2605,-1,2604,2605,2606,-1,2606,2605,2607,-1,2606,2607,2608,-1,2608,2607,2609,-1,2608,2609,2610,-1,931,933,935,-1,935,933,2611,-1,935,2611,2612,-1,2612,2611,2613,-1,2612,2613,2614,-1,2614,2613,2615,-1,2614,2615,2616,-1,2616,2615,2617,-1,2616,2617,2618,-1,2618,2617,2619,-1,2618,2619,2620,-1,2620,2619,2621,-1,2620,2621,2622,-1,2622,2621,2623,-1,2622,2623,2624,-1,2624,2623,2625,-1,2624,2625,2626,-1,2626,2625,2627,-1,2626,2627,2628,-1,2628,2627,2629,-1,2628,2629,2630,-1,2630,2629,2631,-1,2630,2631,2632,-1,2632,2631,2633,-1,2632,2633,2634,-1,115,119,116,-1,116,119,2635,-1,116,2635,2636,-1,2636,2635,2637,-1,2636,2637,2638,-1,2638,2637,2639,-1,2638,2639,2640,-1,2640,2639,2641,-1,2640,2641,2642,-1,2642,2641,2643,-1,2642,2643,2644,-1,2644,2643,2645,-1,2644,2645,2646,-1,2646,2645,2647,-1,2646,2647,2648,-1,2648,2647,2649,-1,2648,2649,2650,-1,2650,2649,2651,-1,2650,2651,2652,-1,2652,2651,2653,-1,2652,2653,2654,-1,2654,2653,2655,-1,2654,2655,2656,-1,2656,2655,2657,-1,2656,2657,2658,-1,109,113,110,-1,110,113,2659,-1,110,2659,2660,-1,2660,2659,2661,-1,2660,2661,2662,-1,2662,2661,2663,-1,2662,2663,2664,-1,2664,2663,2665,-1,2664,2665,2666,-1,2666,2665,2667,-1,2666,2667,2668,-1,2668,2667,2669,-1,2668,2669,2670,-1,2670,2669,2671,-1,2670,2671,2672,-1,2672,2671,2673,-1,2672,2673,2674,-1,2674,2673,2675,-1,2674,2675,2676,-1,2676,2675,2677,-1,2676,2677,2678,-1,2678,2677,2679,-1,2678,2679,2680,-1,2680,2679,2681,-1,2680,2681,2682,-1,106,941,107,-1,107,941,2683,-1,107,2683,2684,-1,2684,2683,2685,-1,2684,2685,2686,-1,2686,2685,2687,-1,2686,2687,2688,-1,2688,2687,2689,-1,2688,2689,2690,-1,2690,2689,2691,-1,2690,2691,2692,-1,2692,2691,2693,-1,2692,2693,2694,-1,2694,2693,2695,-1,2694,2695,2696,-1,2696,2695,2697,-1,2696,2697,2698,-1,2698,2697,2699,-1,2698,2699,2700,-1,2700,2699,2701,-1,2700,2701,2702,-1,2702,2701,2703,-1,2702,2703,2704,-1,2704,2703,2705,-1,2704,2705,2706,-1,945,947,949,-1,949,947,2707,-1,949,2707,2708,-1,2708,2707,2709,-1,2708,2709,2710,-1,2710,2709,2711,-1,2710,2711,2712,-1,2712,2711,2713,-1,2712,2713,2714,-1,2714,2713,2715,-1,2714,2715,2716,-1,2716,2715,2717,-1,2716,2717,2718,-1,2718,2717,2719,-1,2718,2719,2720,-1,2720,2719,2721,-1,2720,2721,2722,-1,2722,2721,2723,-1,2722,2723,2724,-1,2724,2723,2725,-1,2724,2725,2726,-1,2726,2725,2727,-1,2726,2727,2728,-1,2728,2727,2729,-1,2728,2729,2730,-1,100,104,101,-1,101,104,2731,-1,101,2731,2732,-1,2732,2731,2733,-1,2732,2733,2734,-1,2734,2733,2735,-1,2734,2735,2736,-1,2736,2735,2737,-1,2736,2737,2738,-1,2738,2737,2739,-1,2738,2739,2740,-1,2740,2739,2741,-1,2740,2741,2742,-1,2742,2741,2743,-1,2742,2743,2744,-1,2744,2743,2745,-1,2744,2745,2746,-1,2746,2745,2747,-1,2746,2747,2748,-1,2748,2747,2749,-1,2748,2749,2750,-1,2750,2749,2751,-1,2750,2751,2752,-1,2752,2751,2753,-1,2752,2753,2754,-1,99,101,951,-1,951,101,2732,-1,951,2732,2755,-1,2755,2732,2734,-1,2755,2734,2756,-1,2756,2734,2736,-1,2756,2736,2757,-1,2757,2736,2738,-1,2757,2738,2758,-1,2758,2738,2740,-1,2758,2740,2759,-1,2759,2740,2742,-1,2759,2742,2760,-1,2760,2742,2744,-1,2760,2744,2761,-1,2761,2744,2746,-1,2761,2746,2762,-1,2762,2746,2748,-1,2762,2748,2763,-1,2763,2748,2750,-1,2763,2750,2764,-1,2764,2750,2752,-1,2764,2752,2765,-1,2765,2752,2754,-1,2765,2754,2766,-1,94,98,95,-1,95,98,2767,-1,95,2767,2768,-1,2768,2767,2769,-1,2768,2769,2770,-1,2770,2769,2771,-1,2770,2771,2772,-1,2772,2771,2773,-1,2772,2773,2774,-1,2774,2773,2775,-1,2774,2775,2776,-1,2776,2775,2777,-1,2776,2777,2778,-1,2778,2777,2779,-1,2778,2779,2780,-1,2780,2779,2781,-1,2780,2781,2782,-1,2782,2781,2783,-1,2782,2783,2784,-1,2784,2783,2785,-1,2784,2785,2786,-1,2786,2785,2787,-1,2786,2787,2788,-1,2788,2787,2789,-1,2788,2789,2790,-1,91,954,92,-1,92,954,2791,-1,92,2791,2792,-1,2792,2791,2793,-1,2792,2793,2794,-1,2794,2793,2795,-1,2794,2795,2796,-1,2796,2795,2797,-1,2796,2797,2798,-1,2798,2797,2799,-1,2798,2799,2800,-1,2800,2799,2801,-1,2800,2801,2802,-1,2802,2801,2803,-1,2802,2803,2804,-1,2804,2803,2805,-1,2804,2805,2806,-1,2806,2805,2807,-1,2806,2807,2808,-1,2808,2807,2809,-1,2808,2809,2810,-1,2810,2809,2811,-1,2810,2811,2812,-1,2812,2811,2813,-1,2812,2813,2814,-1,85,959,86,-1,86,959,2815,-1,86,2815,2816,-1,2816,2815,2817,-1,2816,2817,2818,-1,2818,2817,2819,-1,2818,2819,2820,-1,2820,2819,2821,-1,2820,2821,2822,-1,2822,2821,2823,-1,2822,2823,2824,-1,2824,2823,2825,-1,2824,2825,2826,-1,2826,2825,2827,-1,2826,2827,2828,-1,2828,2827,2829,-1,2828,2829,2830,-1,2830,2829,2831,-1,2830,2831,2832,-1,2832,2831,2833,-1,2832,2833,2834,-1,2834,2833,2835,-1,2834,2835,2836,-1,2836,2835,2837,-1,2836,2837,2838,-1,82,963,83,-1,83,963,2839,-1,83,2839,2840,-1,2840,2839,2841,-1,2840,2841,2842,-1,2842,2841,2843,-1,2842,2843,2844,-1,2844,2843,2845,-1,2844,2845,2846,-1,2846,2845,2847,-1,2846,2847,2848,-1,2848,2847,2849,-1,2848,2849,2850,-1,2850,2849,2851,-1,2850,2851,2852,-1,2852,2851,2853,-1,2852,2853,2854,-1,2854,2853,2855,-1,2854,2855,2856,-1,2856,2855,2857,-1,2856,2857,2858,-1,2858,2857,2859,-1,2858,2859,2860,-1,2860,2859,2861,-1,2860,2861,2862,-1,76,968,77,-1,77,968,2863,-1,77,2863,2864,-1,2864,2863,2865,-1,2864,2865,2866,-1,2866,2865,2867,-1,2866,2867,2868,-1,2868,2867,2869,-1,2868,2869,2870,-1,2870,2869,2871,-1,2870,2871,2872,-1,2872,2871,2873,-1,2872,2873,2874,-1,2874,2873,2875,-1,2874,2875,2876,-1,2876,2875,2877,-1,2876,2877,2878,-1,2878,2877,2879,-1,2878,2879,2880,-1,2880,2879,2881,-1,2880,2881,2882,-1,2882,2881,2883,-1,2882,2883,2884,-1,2884,2883,2885,-1,2884,2885,2886,-1,67,71,68,-1,68,71,2887,-1,68,2887,2888,-1,2888,2887,2889,-1,2888,2889,2890,-1,2890,2889,2891,-1,2890,2891,2892,-1,2892,2891,2893,-1,2892,2893,2894,-1,2894,2893,2895,-1,2894,2895,2896,-1,2896,2895,2897,-1,2896,2897,2898,-1,2898,2897,2899,-1,2898,2899,2900,-1,2900,2899,2901,-1,2900,2901,2902,-1,2902,2901,2903,-1,2902,2903,2904,-1,2904,2903,2905,-1,2904,2905,2906,-1,2906,2905,2907,-1,2906,2907,2908,-1,2908,2907,2909,-1,2908,2909,2910,-1,64,974,65,-1,65,974,2911,-1,65,2911,2912,-1,2912,2911,2913,-1,2912,2913,2914,-1,2914,2913,2915,-1,2914,2915,2916,-1,2916,2915,2917,-1,2916,2917,2918,-1,2918,2917,2919,-1,2918,2919,2920,-1,2920,2919,2921,-1,2920,2921,2922,-1,2922,2921,2923,-1,2922,2923,2924,-1,2924,2923,2925,-1,2924,2925,2926,-1,2926,2925,2927,-1,2926,2927,2928,-1,2928,2927,2929,-1,2928,2929,2930,-1,2930,2929,2931,-1,2930,2931,2932,-1,2932,2931,2933,-1,2932,2933,2934,-1,60,62,979,-1,979,62,2935,-1,979,2935,2936,-1,2936,2935,2937,-1,2936,2937,2938,-1,2938,2937,2939,-1,2938,2939,2940,-1,2940,2939,2941,-1,2940,2941,2942,-1,2942,2941,2943,-1,2942,2943,2944,-1,2944,2943,2945,-1,2944,2945,2946,-1,2946,2945,2947,-1,2946,2947,2948,-1,2948,2947,2949,-1,2948,2949,2950,-1,2950,2949,2951,-1,2950,2951,2952,-1,2952,2951,2953,-1,2952,2953,2954,-1,2954,2953,2955,-1,2954,2955,2956,-1,2956,2955,2957,-1,2956,2957,2958,-1,977,979,980,-1,980,979,2936,-1,980,2936,2959,-1,2959,2936,2938,-1,2959,2938,2960,-1,2960,2938,2940,-1,2960,2940,2961,-1,2961,2940,2942,-1,2961,2942,2962,-1,2962,2942,2944,-1,2962,2944,2963,-1,2963,2944,2946,-1,2963,2946,2964,-1,2964,2946,2948,-1,2964,2948,2965,-1,2965,2948,2950,-1,2965,2950,2966,-1,2966,2950,2952,-1,2966,2952,2967,-1,2967,2952,2954,-1,2967,2954,2968,-1,2968,2954,2956,-1,2968,2956,2969,-1,2969,2956,2958,-1,2969,2958,2970,-1,55,59,56,-1,56,59,2971,-1,56,2971,2972,-1,2972,2971,2973,-1,2972,2973,2974,-1,2974,2973,2975,-1,2974,2975,2976,-1,2976,2975,2977,-1,2976,2977,2978,-1,2978,2977,2979,-1,2978,2979,2980,-1,2980,2979,2981,-1,2980,2981,2982,-1,2982,2981,2983,-1,2982,2983,2984,-1,2984,2983,2985,-1,2984,2985,2986,-1,2986,2985,2987,-1,2986,2987,2988,-1,2988,2987,2989,-1,2988,2989,2990,-1,2990,2989,2991,-1,2990,2991,2992,-1,2992,2991,2993,-1,2992,2993,2994,-1,387,984,388,-1,388,984,2995,-1,388,2995,2996,-1,2996,2995,2997,-1,2996,2997,2998,-1,2998,2997,2999,-1,2998,2999,3000,-1,3000,2999,3001,-1,3000,3001,3002,-1,3002,3001,3003,-1,3002,3003,3004,-1,3004,3003,3005,-1,3004,3005,3006,-1,3006,3005,3007,-1,3006,3007,3008,-1,3008,3007,3009,-1,3008,3009,3010,-1,3010,3009,3011,-1,3010,3011,3012,-1,3012,3011,3013,-1,3012,3013,3014,-1,3014,3013,3015,-1,3014,3015,3016,-1,3016,3015,3017,-1,3016,3017,3018,-1,545,541,53,-1,53,541,3019,-1,53,3019,51,-1,51,3019,3020,-1,51,3020,3021,-1,3021,3020,3022,-1,3021,3022,3023,-1,3023,3022,3024,-1,3023,3024,3025,-1,3025,3024,3026,-1,3025,3026,3027,-1,3027,3026,3028,-1,3027,3028,3029,-1,3029,3028,3030,-1,3029,3030,3031,-1,3031,3030,3032,-1,3031,3032,3033,-1,3033,3032,3034,-1,3033,3034,3035,-1,3035,3034,3036,-1,3035,3036,3037,-1,3037,3036,3038,-1,3037,3038,3039,-1,3039,3038,3040,-1,3039,3040,3041,-1,557,559,564,-1,564,559,3042,-1,564,3042,3043,-1,3043,3042,3044,-1,3043,3044,3045,-1,3045,3044,3046,-1,3045,3046,3047,-1,3047,3046,3048,-1,3047,3048,3049,-1,3049,3048,3050,-1,3049,3050,3051,-1,3051,3050,3052,-1,3051,3052,3053,-1,3053,3052,3054,-1,3053,3054,3055,-1,3055,3054,3056,-1,3055,3056,3057,-1,3057,3056,3058,-1,3057,3058,3059,-1,3059,3058,3060,-1,3059,3060,3061,-1,3061,3060,3062,-1,3061,3062,3063,-1,571,565,570,-1,570,565,3064,-1,570,3064,581,-1,581,3064,3065,-1,581,3065,3066,-1,3066,3065,3067,-1,3066,3067,3068,-1,3068,3067,3069,-1,3068,3069,3070,-1,3070,3069,3071,-1,3070,3071,3072,-1,3072,3071,3073,-1,3072,3073,3074,-1,3074,3073,3075,-1,3074,3075,3076,-1,3076,3075,3077,-1,3076,3077,3078,-1,3078,3077,3079,-1,3078,3079,3080,-1,3080,3079,3081,-1,3080,3081,3082,-1,3082,3081,3083,-1,3082,3083,3084,-1,589,591,588,-1,588,591,3085,-1,588,3085,3086,-1,3086,3085,3087,-1,3086,3087,3088,-1,3088,3087,3089,-1,3088,3089,3090,-1,3090,3089,3091,-1,3090,3091,3092,-1,3092,3091,3093,-1,3092,3093,3094,-1,3094,3093,3095,-1,3094,3095,3096,-1,3096,3095,3097,-1,3096,3097,3098,-1,3098,3097,3099,-1,3098,3099,3100,-1,3100,3099,3101,-1,3100,3101,3102,-1,3102,3101,3103,-1,3102,3103,3104,-1,609,383,607,-1,607,383,3105,-1,607,3105,3106,-1,3106,3105,3107,-1,3106,3107,3108,-1,3108,3107,3109,-1,3108,3109,3110,-1,3110,3109,3111,-1,3110,3111,3112,-1,3112,3111,3113,-1,3112,3113,3114,-1,3114,3113,3115,-1,3114,3115,3116,-1,3116,3115,3117,-1,3116,3117,3118,-1,3118,3117,3119,-1,3118,3119,3120,-1,3120,3119,3121,-1,3120,3121,3122,-1,623,620,632,-1,632,620,3123,-1,632,3123,3124,-1,3124,3123,3125,-1,3124,3125,3126,-1,3126,3125,3127,-1,3126,3127,3128,-1,3128,3127,3129,-1,3128,3129,3130,-1,3130,3129,3131,-1,3130,3131,3132,-1,3132,3131,3133,-1,3132,3133,3134,-1,3134,3133,3135,-1,3134,3135,3136,-1,3136,3135,3137,-1,3136,3137,3138,-1,692,694,700,-1,700,694,3139,-1,700,3139,3140,-1,3140,3139,3141,-1,3140,3141,3142,-1,3142,3141,3143,-1,3142,3143,3144,-1,3144,3143,3145,-1,3144,3145,3146,-1,3146,3145,3147,-1,3146,3147,3148,-1,3148,3147,3149,-1,3148,3149,3150,-1,3150,3149,642,-1,3150,642,45,-1,45,642,644,-1,45,644,46,-1,46,644,3151,-1,46,3151,636,-1,689,691,694,-1,694,691,1104,-1,694,1104,3139,-1,3139,1104,1102,-1,3139,1102,3141,-1,3141,1102,1100,-1,3141,1100,3143,-1,3143,1100,1098,-1,3143,1098,3145,-1,3145,1098,1096,-1,3145,1096,3147,-1,3147,1096,1095,-1,3147,1095,3149,-1,3149,1095,647,-1,3149,647,642,-1,642,647,649,-1,642,649,640,-1,731,359,3152,-1,3152,359,1074,-1,3152,1074,3153,-1,3153,1074,1075,-1,3153,1075,3154,-1,3154,1075,1076,-1,3154,1076,3155,-1,3155,1076,1077,-1,3155,1077,3156,-1,3156,1077,1078,-1,3156,1078,3157,-1,3157,1078,1079,-1,3157,1079,3158,-1,3158,1079,1080,-1,3158,1080,3159,-1,3159,1080,1081,-1,3159,1081,3160,-1,3160,1081,1082,-1,3160,1082,3161,-1,3161,1082,1088,-1,3161,1088,3162,-1,3162,1088,408,-1,3162,408,3163,-1,3163,408,1110,-1,3163,1110,3164,-1,3164,1110,3165,-1,3164,3165,3166,-1,407,400,402,-1,402,400,3167,-1,402,3167,1110,-1,1110,3167,3168,-1,1110,3168,3165,-1,3166,1133,3164,-1,3164,1133,1131,-1,3164,1131,3163,-1,3163,1131,1129,-1,3163,1129,3162,-1,3162,1129,1127,-1,3162,1127,3161,-1,3161,1127,1125,-1,3161,1125,3160,-1,3160,1125,1123,-1,3160,1123,3159,-1,3159,1123,1121,-1,3159,1121,3158,-1,3158,1121,1119,-1,3158,1119,3157,-1,3157,1119,1117,-1,3157,1117,3156,-1,3156,1117,1115,-1,3156,1115,3155,-1,3155,1115,1113,-1,3155,1113,3154,-1,3154,1113,1111,-1,3154,1111,3153,-1,3153,1111,732,-1,3153,732,3152,-1,3152,732,734,-1,3152,734,731,-1,735,356,3169,-1,3169,356,1112,-1,3169,1112,3170,-1,3170,1112,1114,-1,3170,1114,3171,-1,3171,1114,1116,-1,3171,1116,3172,-1,3172,1116,1118,-1,3172,1118,3173,-1,3173,1118,1120,-1,3173,1120,3174,-1,3174,1120,1122,-1,3174,1122,3175,-1,3175,1122,1124,-1,3175,1124,3176,-1,3176,1124,1126,-1,3176,1126,3177,-1,3177,1126,1128,-1,3177,1128,3178,-1,3178,1128,1130,-1,3178,1130,3179,-1,3179,1130,1132,-1,3179,1132,3180,-1,3180,1132,1134,-1,3180,1134,3181,-1,3181,1134,3182,-1,3181,3182,3183,-1,3166,3184,1133,-1,1133,3184,3185,-1,1133,3185,1134,-1,1134,3185,3186,-1,1134,3186,3182,-1,3183,1157,3181,-1,3181,1157,1155,-1,3181,1155,3180,-1,3180,1155,1153,-1,3180,1153,3179,-1,3179,1153,1151,-1,3179,1151,3178,-1,3178,1151,1149,-1,3178,1149,3177,-1,3177,1149,1147,-1,3177,1147,3176,-1,3176,1147,1145,-1,3176,1145,3175,-1,3175,1145,1143,-1,3175,1143,3174,-1,3174,1143,1141,-1,3174,1141,3173,-1,3173,1141,1139,-1,3173,1139,3172,-1,3172,1139,1137,-1,3172,1137,3171,-1,3171,1137,1135,-1,3171,1135,3170,-1,3170,1135,738,-1,3170,738,3169,-1,3169,738,739,-1,3169,739,735,-1,3183,3187,1157,-1,1157,3187,3188,-1,1157,3188,1158,-1,1158,3188,3189,-1,1158,3189,3190,-1,3190,1181,1158,-1,1158,1181,1179,-1,1158,1179,1156,-1,1156,1179,1177,-1,1156,1177,1154,-1,1154,1177,1175,-1,1154,1175,1152,-1,1152,1175,1173,-1,1152,1173,1150,-1,1150,1173,1171,-1,1150,1171,1148,-1,1148,1171,1169,-1,1148,1169,1146,-1,1146,1169,1167,-1,1146,1167,1144,-1,1144,1167,1165,-1,1144,1165,1142,-1,1142,1165,1163,-1,1142,1163,1140,-1,1140,1163,1161,-1,1140,1161,1138,-1,1138,1161,1159,-1,1138,1159,1136,-1,1136,1159,353,-1,1136,353,740,-1,740,353,352,-1,740,352,741,-1,3190,3191,1181,-1,1181,3191,3192,-1,1181,3192,1182,-1,1182,3192,3193,-1,1182,3193,1194,-1,1194,3193,3194,-1,1194,3194,3195,-1,3195,1217,1194,-1,1194,1217,1215,-1,1194,1215,1193,-1,1193,1215,1213,-1,1193,1213,1192,-1,1192,1213,1211,-1,1192,1211,1191,-1,1191,1211,1209,-1,1191,1209,1190,-1,1190,1209,1207,-1,1190,1207,1189,-1,1189,1207,1205,-1,1189,1205,1188,-1,1188,1205,1203,-1,1188,1203,1187,-1,1187,1203,1201,-1,1187,1201,1186,-1,1186,1201,1199,-1,1186,1199,1185,-1,1185,1199,1197,-1,1185,1197,1184,-1,1184,1197,1195,-1,1184,1195,1183,-1,1183,1195,347,-1,1183,347,742,-1,742,347,346,-1,742,346,743,-1,342,344,744,-1,744,344,1196,-1,744,1196,3196,-1,3196,1196,1198,-1,3196,1198,3197,-1,3197,1198,1200,-1,3197,1200,3198,-1,3198,1200,1202,-1,3198,1202,3199,-1,3199,1202,1204,-1,3199,1204,3200,-1,3200,1204,1206,-1,3200,1206,3201,-1,3201,1206,1208,-1,3201,1208,3202,-1,3202,1208,1210,-1,3202,1210,3203,-1,3203,1210,1212,-1,3203,1212,3204,-1,3204,1212,1214,-1,3204,1214,3205,-1,3205,1214,1216,-1,3205,1216,3206,-1,3206,1216,1218,-1,3206,1218,3207,-1,3207,1218,3208,-1,3207,3208,3209,-1,3195,3210,1217,-1,1217,3210,3211,-1,1217,3211,1218,-1,1218,3211,3212,-1,1218,3212,3208,-1,3209,1241,3207,-1,3207,1241,1239,-1,3207,1239,3206,-1,3206,1239,1237,-1,3206,1237,3205,-1,3205,1237,1235,-1,3205,1235,3204,-1,3204,1235,1233,-1,3204,1233,3203,-1,3203,1233,1231,-1,3203,1231,3202,-1,3202,1231,1229,-1,3202,1229,3201,-1,3201,1229,1227,-1,3201,1227,3200,-1,3200,1227,1225,-1,3200,1225,3199,-1,3199,1225,1223,-1,3199,1223,3198,-1,3198,1223,1221,-1,3198,1221,3197,-1,3197,1221,1219,-1,3197,1219,3196,-1,3196,1219,746,-1,3196,746,744,-1,744,746,748,-1,744,748,745,-1,337,341,338,-1,338,341,1220,-1,338,1220,3213,-1,3213,1220,1222,-1,3213,1222,3214,-1,3214,1222,1224,-1,3214,1224,3215,-1,3215,1224,1226,-1,3215,1226,3216,-1,3216,1226,1228,-1,3216,1228,3217,-1,3217,1228,1230,-1,3217,1230,3218,-1,3218,1230,1232,-1,3218,1232,3219,-1,3219,1232,1234,-1,3219,1234,3220,-1,3220,1234,1236,-1,3220,1236,3221,-1,3221,1236,1238,-1,3221,1238,3222,-1,3222,1238,1240,-1,3222,1240,3223,-1,3223,1240,1242,-1,3223,1242,3224,-1,3224,1242,3225,-1,3224,3225,3226,-1,3209,3227,1241,-1,1241,3227,3228,-1,1241,3228,1242,-1,1242,3228,3229,-1,1242,3229,3225,-1,336,338,749,-1,749,338,3213,-1,749,3213,3230,-1,3230,3213,3214,-1,3230,3214,3231,-1,3231,3214,3215,-1,3231,3215,3232,-1,3232,3215,3216,-1,3232,3216,3233,-1,3233,3216,3217,-1,3233,3217,3234,-1,3234,3217,3218,-1,3234,3218,3235,-1,3235,3218,3219,-1,3235,3219,3236,-1,3236,3219,3220,-1,3236,3220,3237,-1,3237,3220,3221,-1,3237,3221,3238,-1,3238,3221,3222,-1,3238,3222,3239,-1,3239,3222,3223,-1,3239,3223,3240,-1,3240,3223,3224,-1,3240,3224,38,-1,38,3224,3226,-1,38,3226,36,-1,37,1265,38,-1,38,1265,1263,-1,38,1263,3240,-1,3240,1263,1261,-1,3240,1261,3239,-1,3239,1261,1259,-1,3239,1259,3238,-1,3238,1259,1257,-1,3238,1257,3237,-1,3237,1257,1255,-1,3237,1255,3236,-1,3236,1255,1253,-1,3236,1253,3235,-1,3235,1253,1251,-1,3235,1251,3234,-1,3234,1251,1249,-1,3234,1249,3233,-1,3233,1249,1247,-1,3233,1247,3232,-1,3232,1247,1245,-1,3232,1245,3231,-1,3231,1245,1243,-1,3231,1243,3230,-1,3230,1243,751,-1,3230,751,749,-1,749,751,753,-1,749,753,750,-1,754,335,3241,-1,3241,335,1244,-1,3241,1244,3242,-1,3242,1244,1246,-1,3242,1246,3243,-1,3243,1246,1248,-1,3243,1248,3244,-1,3244,1248,1250,-1,3244,1250,3245,-1,3245,1250,1252,-1,3245,1252,3246,-1,3246,1252,1254,-1,3246,1254,3247,-1,3247,1254,1256,-1,3247,1256,3248,-1,3248,1256,1258,-1,3248,1258,3249,-1,3249,1258,1260,-1,3249,1260,3250,-1,3250,1260,1262,-1,3250,1262,3251,-1,3251,1262,1264,-1,3251,1264,3252,-1,3252,1264,1266,-1,3252,1266,3253,-1,3253,1266,3254,-1,3253,3254,3255,-1,37,3256,1265,-1,1265,3256,3257,-1,1265,3257,1266,-1,1266,3257,3258,-1,1266,3258,3254,-1,3255,1289,3253,-1,3253,1289,1287,-1,3253,1287,3252,-1,3252,1287,1285,-1,3252,1285,3251,-1,3251,1285,1283,-1,3251,1283,3250,-1,3250,1283,1281,-1,3250,1281,3249,-1,3249,1281,1279,-1,3249,1279,3248,-1,3248,1279,1277,-1,3248,1277,3247,-1,3247,1277,1275,-1,3247,1275,3246,-1,3246,1275,1273,-1,3246,1273,3245,-1,3245,1273,1271,-1,3245,1271,3244,-1,3244,1271,1269,-1,3244,1269,3243,-1,3243,1269,1267,-1,3243,1267,3242,-1,3242,1267,755,-1,3242,755,3241,-1,3241,755,757,-1,3241,757,754,-1,3255,3259,1289,-1,1289,3259,3260,-1,1289,3260,1290,-1,1290,3260,3261,-1,1290,3261,3262,-1,3262,1313,1290,-1,1290,1313,1311,-1,1290,1311,1288,-1,1288,1311,1309,-1,1288,1309,1286,-1,1286,1309,1307,-1,1286,1307,1284,-1,1284,1307,1305,-1,1284,1305,1282,-1,1282,1305,1303,-1,1282,1303,1280,-1,1280,1303,1301,-1,1280,1301,1278,-1,1278,1301,1299,-1,1278,1299,1276,-1,1276,1299,1297,-1,1276,1297,1274,-1,1274,1297,1295,-1,1274,1295,1272,-1,1272,1295,1293,-1,1272,1293,1270,-1,1270,1293,1291,-1,1270,1291,1268,-1,1268,1291,329,-1,1268,329,332,-1,332,329,328,-1,332,328,330,-1,3262,3263,1313,-1,1313,3263,3264,-1,1313,3264,1314,-1,1314,3264,3265,-1,1314,3265,1326,-1,1326,3265,3266,-1,1326,3266,3267,-1,3267,1349,1326,-1,1326,1349,1347,-1,1326,1347,1325,-1,1325,1347,1345,-1,1325,1345,1324,-1,1324,1345,1343,-1,1324,1343,1323,-1,1323,1343,1341,-1,1323,1341,1322,-1,1322,1341,1339,-1,1322,1339,1321,-1,1321,1339,1337,-1,1321,1337,1320,-1,1320,1337,1335,-1,1320,1335,1319,-1,1319,1335,1333,-1,1319,1333,1318,-1,1318,1333,1331,-1,1318,1331,1317,-1,1317,1331,1329,-1,1317,1329,1316,-1,1316,1329,1327,-1,1316,1327,1315,-1,1315,1327,326,-1,1315,326,761,-1,761,326,325,-1,761,325,762,-1,3267,3268,1349,-1,1349,3268,3269,-1,1349,3269,1350,-1,1350,3269,3270,-1,1350,3270,1362,-1,1362,3270,3271,-1,1362,3271,3272,-1,3272,1385,1362,-1,1362,1385,1383,-1,1362,1383,1361,-1,1361,1383,1381,-1,1361,1381,1360,-1,1360,1381,1379,-1,1360,1379,1359,-1,1359,1379,1377,-1,1359,1377,1358,-1,1358,1377,1375,-1,1358,1375,1357,-1,1357,1375,1373,-1,1357,1373,1356,-1,1356,1373,1371,-1,1356,1371,1355,-1,1355,1371,1369,-1,1355,1369,1354,-1,1354,1369,1367,-1,1354,1367,1353,-1,1353,1367,1365,-1,1353,1365,1352,-1,1352,1365,1363,-1,1352,1363,1351,-1,1351,1363,765,-1,1351,765,763,-1,763,765,767,-1,763,767,764,-1,768,320,3273,-1,3273,320,1364,-1,3273,1364,3274,-1,3274,1364,1366,-1,3274,1366,3275,-1,3275,1366,1368,-1,3275,1368,3276,-1,3276,1368,1370,-1,3276,1370,3277,-1,3277,1370,1372,-1,3277,1372,3278,-1,3278,1372,1374,-1,3278,1374,3279,-1,3279,1374,1376,-1,3279,1376,3280,-1,3280,1376,1378,-1,3280,1378,3281,-1,3281,1378,1380,-1,3281,1380,3282,-1,3282,1380,1382,-1,3282,1382,3283,-1,3283,1382,1384,-1,3283,1384,3284,-1,3284,1384,1386,-1,3284,1386,3285,-1,3285,1386,3286,-1,3285,3286,3287,-1,3272,3288,1385,-1,1385,3288,3289,-1,1385,3289,1386,-1,1386,3289,3290,-1,1386,3290,3286,-1,3287,1409,3285,-1,3285,1409,1407,-1,3285,1407,3284,-1,3284,1407,1405,-1,3284,1405,3283,-1,3283,1405,1403,-1,3283,1403,3282,-1,3282,1403,1401,-1,3282,1401,3281,-1,3281,1401,1399,-1,3281,1399,3280,-1,3280,1399,1397,-1,3280,1397,3279,-1,3279,1397,1395,-1,3279,1395,3278,-1,3278,1395,1393,-1,3278,1393,3277,-1,3277,1393,1391,-1,3277,1391,3276,-1,3276,1391,1389,-1,3276,1389,3275,-1,3275,1389,1387,-1,3275,1387,3274,-1,3274,1387,769,-1,3274,769,3273,-1,3273,769,771,-1,3273,771,768,-1,3287,3291,1409,-1,1409,3291,3292,-1,1409,3292,1410,-1,1410,3292,3293,-1,1410,3293,3294,-1,313,317,314,-1,314,317,1388,-1,314,1388,3295,-1,3295,1388,1390,-1,3295,1390,3296,-1,3296,1390,1392,-1,3296,1392,3297,-1,3297,1392,1394,-1,3297,1394,3298,-1,3298,1394,1396,-1,3298,1396,3299,-1,3299,1396,1398,-1,3299,1398,3300,-1,3300,1398,1400,-1,3300,1400,3301,-1,3301,1400,1402,-1,3301,1402,3302,-1,3302,1402,1404,-1,3302,1404,3303,-1,3303,1404,1406,-1,3303,1406,3304,-1,3304,1406,1408,-1,3304,1408,3305,-1,3305,1408,1410,-1,3305,1410,3306,-1,3306,1410,3294,-1,3306,3294,3307,-1,312,314,772,-1,772,314,3295,-1,772,3295,3308,-1,3308,3295,3296,-1,3308,3296,3309,-1,3309,3296,3297,-1,3309,3297,3310,-1,3310,3297,3298,-1,3310,3298,3311,-1,3311,3298,3299,-1,3311,3299,3312,-1,3312,3299,3300,-1,3312,3300,3313,-1,3313,3300,3301,-1,3313,3301,3314,-1,3314,3301,3302,-1,3314,3302,3315,-1,3315,3302,3303,-1,3315,3303,3316,-1,3316,3303,3304,-1,3316,3304,3317,-1,3317,3304,3305,-1,3317,3305,3318,-1,3318,3305,3306,-1,3318,3306,35,-1,35,3306,3307,-1,35,3307,33,-1,34,1433,35,-1,35,1433,1431,-1,35,1431,3318,-1,3318,1431,1429,-1,3318,1429,3317,-1,3317,1429,1427,-1,3317,1427,3316,-1,3316,1427,1425,-1,3316,1425,3315,-1,3315,1425,1423,-1,3315,1423,3314,-1,3314,1423,1421,-1,3314,1421,3313,-1,3313,1421,1419,-1,3313,1419,3312,-1,3312,1419,1417,-1,3312,1417,3311,-1,3311,1417,1415,-1,3311,1415,3310,-1,3310,1415,1413,-1,3310,1413,3309,-1,3309,1413,1411,-1,3309,1411,3308,-1,3308,1411,774,-1,3308,774,772,-1,772,774,776,-1,772,776,773,-1,307,311,308,-1,308,311,1412,-1,308,1412,3319,-1,3319,1412,1414,-1,3319,1414,3320,-1,3320,1414,1416,-1,3320,1416,3321,-1,3321,1416,1418,-1,3321,1418,3322,-1,3322,1418,1420,-1,3322,1420,3323,-1,3323,1420,1422,-1,3323,1422,3324,-1,3324,1422,1424,-1,3324,1424,3325,-1,3325,1424,1426,-1,3325,1426,3326,-1,3326,1426,1428,-1,3326,1428,3327,-1,3327,1428,1430,-1,3327,1430,3328,-1,3328,1430,1432,-1,3328,1432,3329,-1,3329,1432,1434,-1,3329,1434,3330,-1,3330,1434,3331,-1,3330,3331,3332,-1,34,3333,1433,-1,1433,3333,3334,-1,1433,3334,1434,-1,1434,3334,3335,-1,1434,3335,3331,-1,306,308,777,-1,777,308,3319,-1,777,3319,3336,-1,3336,3319,3320,-1,3336,3320,3337,-1,3337,3320,3321,-1,3337,3321,3338,-1,3338,3321,3322,-1,3338,3322,3339,-1,3339,3322,3323,-1,3339,3323,3340,-1,3340,3323,3324,-1,3340,3324,3341,-1,3341,3324,3325,-1,3341,3325,3342,-1,3342,3325,3326,-1,3342,3326,3343,-1,3343,3326,3327,-1,3343,3327,3344,-1,3344,3327,3328,-1,3344,3328,3345,-1,3345,3328,3329,-1,3345,3329,3346,-1,3346,3329,3330,-1,3346,3330,32,-1,32,3330,3332,-1,32,3332,30,-1,31,1457,32,-1,32,1457,1455,-1,32,1455,3346,-1,3346,1455,1453,-1,3346,1453,3345,-1,3345,1453,1451,-1,3345,1451,3344,-1,3344,1451,1449,-1,3344,1449,3343,-1,3343,1449,1447,-1,3343,1447,3342,-1,3342,1447,1445,-1,3342,1445,3341,-1,3341,1445,1443,-1,3341,1443,3340,-1,3340,1443,1441,-1,3340,1441,3339,-1,3339,1441,1439,-1,3339,1439,3338,-1,3338,1439,1437,-1,3338,1437,3337,-1,3337,1437,1435,-1,3337,1435,3336,-1,3336,1435,305,-1,3336,305,777,-1,777,305,304,-1,777,304,778,-1,779,302,3347,-1,3347,302,1436,-1,3347,1436,3348,-1,3348,1436,1438,-1,3348,1438,3349,-1,3349,1438,1440,-1,3349,1440,3350,-1,3350,1440,1442,-1,3350,1442,3351,-1,3351,1442,1444,-1,3351,1444,3352,-1,3352,1444,1446,-1,3352,1446,3353,-1,3353,1446,1448,-1,3353,1448,3354,-1,3354,1448,1450,-1,3354,1450,3355,-1,3355,1450,1452,-1,3355,1452,3356,-1,3356,1452,1454,-1,3356,1454,3357,-1,3357,1454,1456,-1,3357,1456,3358,-1,3358,1456,1458,-1,3358,1458,3359,-1,3359,1458,3360,-1,3359,3360,3361,-1,31,3362,1457,-1,1457,3362,3363,-1,1457,3363,1458,-1,1458,3363,3364,-1,1458,3364,3360,-1,3361,1481,3359,-1,3359,1481,1479,-1,3359,1479,3358,-1,3358,1479,1477,-1,3358,1477,3357,-1,3357,1477,1475,-1,3357,1475,3356,-1,3356,1475,1473,-1,3356,1473,3355,-1,3355,1473,1471,-1,3355,1471,3354,-1,3354,1471,1469,-1,3354,1469,3353,-1,3353,1469,1467,-1,3353,1467,3352,-1,3352,1467,1465,-1,3352,1465,3351,-1,3351,1465,1463,-1,3351,1463,3350,-1,3350,1463,1461,-1,3350,1461,3349,-1,3349,1461,1459,-1,3349,1459,3348,-1,3348,1459,780,-1,3348,780,3347,-1,3347,780,782,-1,3347,782,779,-1,783,299,3365,-1,3365,299,1460,-1,3365,1460,3366,-1,3366,1460,1462,-1,3366,1462,3367,-1,3367,1462,1464,-1,3367,1464,3368,-1,3368,1464,1466,-1,3368,1466,3369,-1,3369,1466,1468,-1,3369,1468,3370,-1,3370,1468,1470,-1,3370,1470,3371,-1,3371,1470,1472,-1,3371,1472,3372,-1,3372,1472,1474,-1,3372,1474,3373,-1,3373,1474,1476,-1,3373,1476,3374,-1,3374,1476,1478,-1,3374,1478,3375,-1,3375,1478,1480,-1,3375,1480,3376,-1,3376,1480,1482,-1,3376,1482,3377,-1,3377,1482,3378,-1,3377,3378,3379,-1,3361,3380,1481,-1,1481,3380,3381,-1,1481,3381,1482,-1,1482,3381,3382,-1,1482,3382,3378,-1,3379,1505,3377,-1,3377,1505,1503,-1,3377,1503,3376,-1,3376,1503,1501,-1,3376,1501,3375,-1,3375,1501,1499,-1,3375,1499,3374,-1,3374,1499,1497,-1,3374,1497,3373,-1,3373,1497,1495,-1,3373,1495,3372,-1,3372,1495,1493,-1,3372,1493,3371,-1,3371,1493,1491,-1,3371,1491,3370,-1,3370,1491,1489,-1,3370,1489,3369,-1,3369,1489,1487,-1,3369,1487,3368,-1,3368,1487,1485,-1,3368,1485,3367,-1,3367,1485,1483,-1,3367,1483,3366,-1,3366,1483,786,-1,3366,786,3365,-1,3365,786,787,-1,3365,787,783,-1,3379,3383,1505,-1,1505,3383,3384,-1,1505,3384,1506,-1,1506,3384,3385,-1,1506,3385,3386,-1,3386,1529,1506,-1,1506,1529,1527,-1,1506,1527,1504,-1,1504,1527,1525,-1,1504,1525,1502,-1,1502,1525,1523,-1,1502,1523,1500,-1,1500,1523,1521,-1,1500,1521,1498,-1,1498,1521,1519,-1,1498,1519,1496,-1,1496,1519,1517,-1,1496,1517,1494,-1,1494,1517,1515,-1,1494,1515,1492,-1,1492,1515,1513,-1,1492,1513,1490,-1,1490,1513,1511,-1,1490,1511,1488,-1,1488,1511,1509,-1,1488,1509,1486,-1,1486,1509,1507,-1,1486,1507,1484,-1,1484,1507,296,-1,1484,296,788,-1,788,296,295,-1,788,295,789,-1,3386,3387,1529,-1,1529,3387,3388,-1,1529,3388,1530,-1,1530,3388,3389,-1,1530,3389,1542,-1,1542,3389,3390,-1,1542,3390,3391,-1,3391,1565,1542,-1,1542,1565,1563,-1,1542,1563,1541,-1,1541,1563,1561,-1,1541,1561,1540,-1,1540,1561,1559,-1,1540,1559,1539,-1,1539,1559,1557,-1,1539,1557,1538,-1,1538,1557,1555,-1,1538,1555,1537,-1,1537,1555,1553,-1,1537,1553,1536,-1,1536,1553,1551,-1,1536,1551,1535,-1,1535,1551,1549,-1,1535,1549,1534,-1,1534,1549,1547,-1,1534,1547,1533,-1,1533,1547,1545,-1,1533,1545,1532,-1,1532,1545,1543,-1,1532,1543,1531,-1,1531,1543,290,-1,1531,290,790,-1,790,290,289,-1,790,289,791,-1,792,287,3392,-1,3392,287,1544,-1,3392,1544,3393,-1,3393,1544,1546,-1,3393,1546,3394,-1,3394,1546,1548,-1,3394,1548,3395,-1,3395,1548,1550,-1,3395,1550,3396,-1,3396,1550,1552,-1,3396,1552,3397,-1,3397,1552,1554,-1,3397,1554,3398,-1,3398,1554,1556,-1,3398,1556,3399,-1,3399,1556,1558,-1,3399,1558,3400,-1,3400,1558,1560,-1,3400,1560,3401,-1,3401,1560,1562,-1,3401,1562,3402,-1,3402,1562,1564,-1,3402,1564,3403,-1,3403,1564,1566,-1,3403,1566,3404,-1,3404,1566,3405,-1,3404,3405,3406,-1,3391,3407,1565,-1,1565,3407,3408,-1,1565,3408,1566,-1,1566,3408,3409,-1,1566,3409,3405,-1,3406,1589,3404,-1,3404,1589,1587,-1,3404,1587,3403,-1,3403,1587,1585,-1,3403,1585,3402,-1,3402,1585,1583,-1,3402,1583,3401,-1,3401,1583,1581,-1,3401,1581,3400,-1,3400,1581,1579,-1,3400,1579,3399,-1,3399,1579,1577,-1,3399,1577,3398,-1,3398,1577,1575,-1,3398,1575,3397,-1,3397,1575,1573,-1,3397,1573,3396,-1,3396,1573,1571,-1,3396,1571,3395,-1,3395,1571,1569,-1,3395,1569,3394,-1,3394,1569,1567,-1,3394,1567,3393,-1,3393,1567,793,-1,3393,793,3392,-1,3392,793,795,-1,3392,795,792,-1,796,284,3410,-1,3410,284,1568,-1,3410,1568,3411,-1,3411,1568,1570,-1,3411,1570,3412,-1,3412,1570,1572,-1,3412,1572,3413,-1,3413,1572,1574,-1,3413,1574,3414,-1,3414,1574,1576,-1,3414,1576,3415,-1,3415,1576,1578,-1,3415,1578,3416,-1,3416,1578,1580,-1,3416,1580,3417,-1,3417,1580,1582,-1,3417,1582,3418,-1,3418,1582,1584,-1,3418,1584,3419,-1,3419,1584,1586,-1,3419,1586,3420,-1,3420,1586,1588,-1,3420,1588,3421,-1,3421,1588,1590,-1,3421,1590,3422,-1,3422,1590,3423,-1,3422,3423,3424,-1,3406,3425,1589,-1,1589,3425,3426,-1,1589,3426,1590,-1,1590,3426,3427,-1,1590,3427,3423,-1,3424,1613,3422,-1,3422,1613,1611,-1,3422,1611,3421,-1,3421,1611,1609,-1,3421,1609,3420,-1,3420,1609,1607,-1,3420,1607,3419,-1,3419,1607,1605,-1,3419,1605,3418,-1,3418,1605,1603,-1,3418,1603,3417,-1,3417,1603,1601,-1,3417,1601,3416,-1,3416,1601,1599,-1,3416,1599,3415,-1,3415,1599,1597,-1,3415,1597,3414,-1,3414,1597,1595,-1,3414,1595,3413,-1,3413,1595,1593,-1,3413,1593,3412,-1,3412,1593,1591,-1,3412,1591,3411,-1,3411,1591,799,-1,3411,799,3410,-1,3410,799,800,-1,3410,800,796,-1,3424,3428,1613,-1,1613,3428,3429,-1,1613,3429,1614,-1,1614,3429,3430,-1,1614,3430,3431,-1,3431,1637,1614,-1,1614,1637,1635,-1,1614,1635,1612,-1,1612,1635,1633,-1,1612,1633,1610,-1,1610,1633,1631,-1,1610,1631,1608,-1,1608,1631,1629,-1,1608,1629,1606,-1,1606,1629,1627,-1,1606,1627,1604,-1,1604,1627,1625,-1,1604,1625,1602,-1,1602,1625,1623,-1,1602,1623,1600,-1,1600,1623,1621,-1,1600,1621,1598,-1,1598,1621,1619,-1,1598,1619,1596,-1,1596,1619,1617,-1,1596,1617,1594,-1,1594,1617,1615,-1,1594,1615,1592,-1,1592,1615,281,-1,1592,281,801,-1,801,281,280,-1,801,280,802,-1,3431,3432,1637,-1,1637,3432,3433,-1,1637,3433,1638,-1,1638,3433,3434,-1,1638,3434,1650,-1,1650,3434,3435,-1,1650,3435,3436,-1,3436,1673,1650,-1,1650,1673,1671,-1,1650,1671,1649,-1,1649,1671,1669,-1,1649,1669,1648,-1,1648,1669,1667,-1,1648,1667,1647,-1,1647,1667,1665,-1,1647,1665,1646,-1,1646,1665,1663,-1,1646,1663,1645,-1,1645,1663,1661,-1,1645,1661,1644,-1,1644,1661,1659,-1,1644,1659,1643,-1,1643,1659,1657,-1,1643,1657,1642,-1,1642,1657,1655,-1,1642,1655,1641,-1,1641,1655,1653,-1,1641,1653,1640,-1,1640,1653,1651,-1,1640,1651,1639,-1,1639,1651,275,-1,1639,275,803,-1,803,275,274,-1,803,274,804,-1,270,272,805,-1,805,272,1652,-1,805,1652,3437,-1,3437,1652,1654,-1,3437,1654,3438,-1,3438,1654,1656,-1,3438,1656,3439,-1,3439,1656,1658,-1,3439,1658,3440,-1,3440,1658,1660,-1,3440,1660,3441,-1,3441,1660,1662,-1,3441,1662,3442,-1,3442,1662,1664,-1,3442,1664,3443,-1,3443,1664,1666,-1,3443,1666,3444,-1,3444,1666,1668,-1,3444,1668,3445,-1,3445,1668,1670,-1,3445,1670,3446,-1,3446,1670,1672,-1,3446,1672,3447,-1,3447,1672,1674,-1,3447,1674,3448,-1,3448,1674,3449,-1,3448,3449,3450,-1,3436,3451,1673,-1,1673,3451,3452,-1,1673,3452,1674,-1,1674,3452,3453,-1,1674,3453,3449,-1,3450,1697,3448,-1,3448,1697,1695,-1,3448,1695,3447,-1,3447,1695,1693,-1,3447,1693,3446,-1,3446,1693,1691,-1,3446,1691,3445,-1,3445,1691,1689,-1,3445,1689,3444,-1,3444,1689,1687,-1,3444,1687,3443,-1,3443,1687,1685,-1,3443,1685,3442,-1,3442,1685,1683,-1,3442,1683,3441,-1,3441,1683,1681,-1,3441,1681,3440,-1,3440,1681,1679,-1,3440,1679,3439,-1,3439,1679,1677,-1,3439,1677,3438,-1,3438,1677,1675,-1,3438,1675,3437,-1,3437,1675,807,-1,3437,807,805,-1,805,807,809,-1,805,809,806,-1,265,269,266,-1,266,269,1676,-1,266,1676,3454,-1,3454,1676,1678,-1,3454,1678,3455,-1,3455,1678,1680,-1,3455,1680,3456,-1,3456,1680,1682,-1,3456,1682,3457,-1,3457,1682,1684,-1,3457,1684,3458,-1,3458,1684,1686,-1,3458,1686,3459,-1,3459,1686,1688,-1,3459,1688,3460,-1,3460,1688,1690,-1,3460,1690,3461,-1,3461,1690,1692,-1,3461,1692,3462,-1,3462,1692,1694,-1,3462,1694,3463,-1,3463,1694,1696,-1,3463,1696,3464,-1,3464,1696,1698,-1,3464,1698,3465,-1,3465,1698,3466,-1,3465,3466,3467,-1,3450,3468,1697,-1,1697,3468,3469,-1,1697,3469,1698,-1,1698,3469,3470,-1,1698,3470,3466,-1,264,266,810,-1,810,266,3454,-1,810,3454,3471,-1,3471,3454,3455,-1,3471,3455,3472,-1,3472,3455,3456,-1,3472,3456,3473,-1,3473,3456,3457,-1,3473,3457,3474,-1,3474,3457,3458,-1,3474,3458,3475,-1,3475,3458,3459,-1,3475,3459,3476,-1,3476,3459,3460,-1,3476,3460,3477,-1,3477,3460,3461,-1,3477,3461,3478,-1,3478,3461,3462,-1,3478,3462,3479,-1,3479,3462,3463,-1,3479,3463,3480,-1,3480,3463,3464,-1,3480,3464,3481,-1,3481,3464,3465,-1,3481,3465,29,-1,29,3465,3467,-1,29,3467,27,-1,28,1721,29,-1,29,1721,1719,-1,29,1719,3481,-1,3481,1719,1717,-1,3481,1717,3480,-1,3480,1717,1715,-1,3480,1715,3479,-1,3479,1715,1713,-1,3479,1713,3478,-1,3478,1713,1711,-1,3478,1711,3477,-1,3477,1711,1709,-1,3477,1709,3476,-1,3476,1709,1707,-1,3476,1707,3475,-1,3475,1707,1705,-1,3475,1705,3474,-1,3474,1705,1703,-1,3474,1703,3473,-1,3473,1703,1701,-1,3473,1701,3472,-1,3472,1701,1699,-1,3472,1699,3471,-1,3471,1699,812,-1,3471,812,810,-1,810,812,814,-1,810,814,811,-1,815,263,3482,-1,3482,263,1700,-1,3482,1700,3483,-1,3483,1700,1702,-1,3483,1702,3484,-1,3484,1702,1704,-1,3484,1704,3485,-1,3485,1704,1706,-1,3485,1706,3486,-1,3486,1706,1708,-1,3486,1708,3487,-1,3487,1708,1710,-1,3487,1710,3488,-1,3488,1710,1712,-1,3488,1712,3489,-1,3489,1712,1714,-1,3489,1714,3490,-1,3490,1714,1716,-1,3490,1716,3491,-1,3491,1716,1718,-1,3491,1718,3492,-1,3492,1718,1720,-1,3492,1720,3493,-1,3493,1720,1722,-1,3493,1722,3494,-1,3494,1722,3495,-1,3494,3495,3496,-1,28,3497,1721,-1,1721,3497,3498,-1,1721,3498,1722,-1,1722,3498,3499,-1,1722,3499,3495,-1,3496,1745,3494,-1,3494,1745,1743,-1,3494,1743,3493,-1,3493,1743,1741,-1,3493,1741,3492,-1,3492,1741,1739,-1,3492,1739,3491,-1,3491,1739,1737,-1,3491,1737,3490,-1,3490,1737,1735,-1,3490,1735,3489,-1,3489,1735,1733,-1,3489,1733,3488,-1,3488,1733,1731,-1,3488,1731,3487,-1,3487,1731,1729,-1,3487,1729,3486,-1,3486,1729,1727,-1,3486,1727,3485,-1,3485,1727,1725,-1,3485,1725,3484,-1,3484,1725,1723,-1,3484,1723,3483,-1,3483,1723,816,-1,3483,816,3482,-1,3482,816,818,-1,3482,818,815,-1,3496,3500,1745,-1,1745,3500,3501,-1,1745,3501,1746,-1,1746,3501,3502,-1,1746,3502,3503,-1,3503,1769,1746,-1,1746,1769,1767,-1,1746,1767,1744,-1,1744,1767,1765,-1,1744,1765,1742,-1,1742,1765,1763,-1,1742,1763,1740,-1,1740,1763,1761,-1,1740,1761,1738,-1,1738,1761,1759,-1,1738,1759,1736,-1,1736,1759,1757,-1,1736,1757,1734,-1,1734,1757,1755,-1,1734,1755,1732,-1,1732,1755,1753,-1,1732,1753,1730,-1,1730,1753,1751,-1,1730,1751,1728,-1,1728,1751,1749,-1,1728,1749,1726,-1,1726,1749,1747,-1,1726,1747,1724,-1,1724,1747,257,-1,1724,257,260,-1,260,257,256,-1,260,256,258,-1,3503,3504,1769,-1,1769,3504,3505,-1,1769,3505,1770,-1,1770,3505,3506,-1,1770,3506,1782,-1,1782,3506,3507,-1,1782,3507,3508,-1,3508,1805,1782,-1,1782,1805,1803,-1,1782,1803,1781,-1,1781,1803,1801,-1,1781,1801,1780,-1,1780,1801,1799,-1,1780,1799,1779,-1,1779,1799,1797,-1,1779,1797,1778,-1,1778,1797,1795,-1,1778,1795,1777,-1,1777,1795,1793,-1,1777,1793,1776,-1,1776,1793,1791,-1,1776,1791,1775,-1,1775,1791,1789,-1,1775,1789,1774,-1,1774,1789,1787,-1,1774,1787,1773,-1,1773,1787,1785,-1,1773,1785,1772,-1,1772,1785,1783,-1,1772,1783,1771,-1,1771,1783,254,-1,1771,254,822,-1,822,254,253,-1,822,253,823,-1,3508,3509,1805,-1,1805,3509,3510,-1,1805,3510,1806,-1,1806,3510,3511,-1,1806,3511,3512,-1,249,251,824,-1,824,251,1784,-1,824,1784,3513,-1,3513,1784,1786,-1,3513,1786,3514,-1,3514,1786,1788,-1,3514,1788,3515,-1,3515,1788,1790,-1,3515,1790,3516,-1,3516,1790,1792,-1,3516,1792,3517,-1,3517,1792,1794,-1,3517,1794,3518,-1,3518,1794,1796,-1,3518,1796,3519,-1,3519,1796,1798,-1,3519,1798,3520,-1,3520,1798,1800,-1,3520,1800,3521,-1,3521,1800,1802,-1,3521,1802,3522,-1,3522,1802,1804,-1,3522,1804,3523,-1,3523,1804,1806,-1,3523,1806,3524,-1,3524,1806,3512,-1,3524,3512,3525,-1,3525,1829,3524,-1,3524,1829,1827,-1,3524,1827,3523,-1,3523,1827,1825,-1,3523,1825,3522,-1,3522,1825,1823,-1,3522,1823,3521,-1,3521,1823,1821,-1,3521,1821,3520,-1,3520,1821,1819,-1,3520,1819,3519,-1,3519,1819,1817,-1,3519,1817,3518,-1,3518,1817,1815,-1,3518,1815,3517,-1,3517,1815,1813,-1,3517,1813,3516,-1,3516,1813,1811,-1,3516,1811,3515,-1,3515,1811,1809,-1,3515,1809,3514,-1,3514,1809,1807,-1,3514,1807,3513,-1,3513,1807,826,-1,3513,826,824,-1,824,826,828,-1,824,828,825,-1,829,248,3526,-1,3526,248,1808,-1,3526,1808,3527,-1,3527,1808,1810,-1,3527,1810,3528,-1,3528,1810,1812,-1,3528,1812,3529,-1,3529,1812,1814,-1,3529,1814,3530,-1,3530,1814,1816,-1,3530,1816,3531,-1,3531,1816,1818,-1,3531,1818,3532,-1,3532,1818,1820,-1,3532,1820,3533,-1,3533,1820,1822,-1,3533,1822,3534,-1,3534,1822,1824,-1,3534,1824,3535,-1,3535,1824,1826,-1,3535,1826,3536,-1,3536,1826,1828,-1,3536,1828,3537,-1,3537,1828,1830,-1,3537,1830,3538,-1,3538,1830,3539,-1,3538,3539,3540,-1,3525,3541,1829,-1,1829,3541,3542,-1,1829,3542,1830,-1,1830,3542,3543,-1,1830,3543,3539,-1,3540,1853,3538,-1,3538,1853,1851,-1,3538,1851,3537,-1,3537,1851,1849,-1,3537,1849,3536,-1,3536,1849,1847,-1,3536,1847,3535,-1,3535,1847,1845,-1,3535,1845,3534,-1,3534,1845,1843,-1,3534,1843,3533,-1,3533,1843,1841,-1,3533,1841,3532,-1,3532,1841,1839,-1,3532,1839,3531,-1,3531,1839,1837,-1,3531,1837,3530,-1,3530,1837,1835,-1,3530,1835,3529,-1,3529,1835,1833,-1,3529,1833,3528,-1,3528,1833,1831,-1,3528,1831,3527,-1,3527,1831,830,-1,3527,830,3526,-1,3526,830,832,-1,3526,832,829,-1,3540,3544,1853,-1,1853,3544,3545,-1,1853,3545,1854,-1,1854,3545,3546,-1,1854,3546,3547,-1,241,245,242,-1,242,245,1832,-1,242,1832,3548,-1,3548,1832,1834,-1,3548,1834,3549,-1,3549,1834,1836,-1,3549,1836,3550,-1,3550,1836,1838,-1,3550,1838,3551,-1,3551,1838,1840,-1,3551,1840,3552,-1,3552,1840,1842,-1,3552,1842,3553,-1,3553,1842,1844,-1,3553,1844,3554,-1,3554,1844,1846,-1,3554,1846,3555,-1,3555,1846,1848,-1,3555,1848,3556,-1,3556,1848,1850,-1,3556,1850,3557,-1,3557,1850,1852,-1,3557,1852,3558,-1,3558,1852,1854,-1,3558,1854,3559,-1,3559,1854,3547,-1,3559,3547,3560,-1,240,242,833,-1,833,242,3548,-1,833,3548,3561,-1,3561,3548,3549,-1,3561,3549,3562,-1,3562,3549,3550,-1,3562,3550,3563,-1,3563,3550,3551,-1,3563,3551,3564,-1,3564,3551,3552,-1,3564,3552,3565,-1,3565,3552,3553,-1,3565,3553,3566,-1,3566,3553,3554,-1,3566,3554,3567,-1,3567,3554,3555,-1,3567,3555,3568,-1,3568,3555,3556,-1,3568,3556,3569,-1,3569,3556,3557,-1,3569,3557,3570,-1,3570,3557,3558,-1,3570,3558,3571,-1,3571,3558,3559,-1,3571,3559,26,-1,26,3559,3560,-1,26,3560,24,-1,25,1877,26,-1,26,1877,1875,-1,26,1875,3571,-1,3571,1875,1873,-1,3571,1873,3570,-1,3570,1873,1871,-1,3570,1871,3569,-1,3569,1871,1869,-1,3569,1869,3568,-1,3568,1869,1867,-1,3568,1867,3567,-1,3567,1867,1865,-1,3567,1865,3566,-1,3566,1865,1863,-1,3566,1863,3565,-1,3565,1863,1861,-1,3565,1861,3564,-1,3564,1861,1859,-1,3564,1859,3563,-1,3563,1859,1857,-1,3563,1857,3562,-1,3562,1857,1855,-1,3562,1855,3561,-1,3561,1855,835,-1,3561,835,833,-1,833,835,837,-1,833,837,834,-1,235,239,236,-1,236,239,1856,-1,236,1856,3572,-1,3572,1856,1858,-1,3572,1858,3573,-1,3573,1858,1860,-1,3573,1860,3574,-1,3574,1860,1862,-1,3574,1862,3575,-1,3575,1862,1864,-1,3575,1864,3576,-1,3576,1864,1866,-1,3576,1866,3577,-1,3577,1866,1868,-1,3577,1868,3578,-1,3578,1868,1870,-1,3578,1870,3579,-1,3579,1870,1872,-1,3579,1872,3580,-1,3580,1872,1874,-1,3580,1874,3581,-1,3581,1874,1876,-1,3581,1876,3582,-1,3582,1876,1878,-1,3582,1878,3583,-1,3583,1878,3584,-1,3583,3584,3585,-1,25,3586,1877,-1,1877,3586,3587,-1,1877,3587,1878,-1,1878,3587,3588,-1,1878,3588,3584,-1,234,236,838,-1,838,236,3572,-1,838,3572,3589,-1,3589,3572,3573,-1,3589,3573,3590,-1,3590,3573,3574,-1,3590,3574,3591,-1,3591,3574,3575,-1,3591,3575,3592,-1,3592,3575,3576,-1,3592,3576,3593,-1,3593,3576,3577,-1,3593,3577,3594,-1,3594,3577,3578,-1,3594,3578,3595,-1,3595,3578,3579,-1,3595,3579,3596,-1,3596,3579,3580,-1,3596,3580,3597,-1,3597,3580,3581,-1,3597,3581,3598,-1,3598,3581,3582,-1,3598,3582,3599,-1,3599,3582,3583,-1,3599,3583,23,-1,23,3583,3585,-1,23,3585,21,-1,22,1901,23,-1,23,1901,1899,-1,23,1899,3599,-1,3599,1899,1897,-1,3599,1897,3598,-1,3598,1897,1895,-1,3598,1895,3597,-1,3597,1895,1893,-1,3597,1893,3596,-1,3596,1893,1891,-1,3596,1891,3595,-1,3595,1891,1889,-1,3595,1889,3594,-1,3594,1889,1887,-1,3594,1887,3593,-1,3593,1887,1885,-1,3593,1885,3592,-1,3592,1885,1883,-1,3592,1883,3591,-1,3591,1883,1881,-1,3591,1881,3590,-1,3590,1881,1879,-1,3590,1879,3589,-1,3589,1879,233,-1,3589,233,838,-1,838,233,232,-1,838,232,839,-1,840,230,3600,-1,3600,230,1880,-1,3600,1880,3601,-1,3601,1880,1882,-1,3601,1882,3602,-1,3602,1882,1884,-1,3602,1884,3603,-1,3603,1884,1886,-1,3603,1886,3604,-1,3604,1886,1888,-1,3604,1888,3605,-1,3605,1888,1890,-1,3605,1890,3606,-1,3606,1890,1892,-1,3606,1892,3607,-1,3607,1892,1894,-1,3607,1894,3608,-1,3608,1894,1896,-1,3608,1896,3609,-1,3609,1896,1898,-1,3609,1898,3610,-1,3610,1898,1900,-1,3610,1900,3611,-1,3611,1900,1902,-1,3611,1902,3612,-1,3612,1902,3613,-1,3612,3613,3614,-1,22,3615,1901,-1,1901,3615,3616,-1,1901,3616,1902,-1,1902,3616,3617,-1,1902,3617,3613,-1,3614,1925,3612,-1,3612,1925,1923,-1,3612,1923,3611,-1,3611,1923,1921,-1,3611,1921,3610,-1,3610,1921,1919,-1,3610,1919,3609,-1,3609,1919,1917,-1,3609,1917,3608,-1,3608,1917,1915,-1,3608,1915,3607,-1,3607,1915,1913,-1,3607,1913,3606,-1,3606,1913,1911,-1,3606,1911,3605,-1,3605,1911,1909,-1,3605,1909,3604,-1,3604,1909,1907,-1,3604,1907,3603,-1,3603,1907,1905,-1,3603,1905,3602,-1,3602,1905,1903,-1,3602,1903,3601,-1,3601,1903,841,-1,3601,841,3600,-1,3600,841,843,-1,3600,843,840,-1,3614,3618,1925,-1,1925,3618,3619,-1,1925,3619,1926,-1,1926,3619,3620,-1,1926,3620,3621,-1,3621,1949,1926,-1,1926,1949,1947,-1,1926,1947,1924,-1,1924,1947,1945,-1,1924,1945,1922,-1,1922,1945,1943,-1,1922,1943,1920,-1,1920,1943,1941,-1,1920,1941,1918,-1,1918,1941,1939,-1,1918,1939,1916,-1,1916,1939,1937,-1,1916,1937,1914,-1,1914,1937,1935,-1,1914,1935,1912,-1,1912,1935,1933,-1,1912,1933,1910,-1,1910,1933,1931,-1,1910,1931,1908,-1,1908,1931,1929,-1,1908,1929,1906,-1,1906,1929,1927,-1,1906,1927,1904,-1,1904,1927,224,-1,1904,224,227,-1,227,224,223,-1,227,223,225,-1,3621,3622,1949,-1,1949,3622,3623,-1,1949,3623,1950,-1,1950,3623,3624,-1,1950,3624,1962,-1,1962,3624,3625,-1,1962,3625,3626,-1,3626,1985,1962,-1,1962,1985,1983,-1,1962,1983,1961,-1,1961,1983,1981,-1,1961,1981,1960,-1,1960,1981,1979,-1,1960,1979,1959,-1,1959,1979,1977,-1,1959,1977,1958,-1,1958,1977,1975,-1,1958,1975,1957,-1,1957,1975,1973,-1,1957,1973,1956,-1,1956,1973,1971,-1,1956,1971,1955,-1,1955,1971,1969,-1,1955,1969,1954,-1,1954,1969,1967,-1,1954,1967,1953,-1,1953,1967,1965,-1,1953,1965,1952,-1,1952,1965,1963,-1,1952,1963,1951,-1,1951,1963,221,-1,1951,221,847,-1,847,221,220,-1,847,220,848,-1,3626,3627,1985,-1,1985,3627,3628,-1,1985,3628,1986,-1,1986,3628,3629,-1,1986,3629,1998,-1,1998,3629,3630,-1,1998,3630,3631,-1,3631,2021,1998,-1,1998,2021,2019,-1,1998,2019,1997,-1,1997,2019,2017,-1,1997,2017,1996,-1,1996,2017,2015,-1,1996,2015,1995,-1,1995,2015,2013,-1,1995,2013,1994,-1,1994,2013,2011,-1,1994,2011,1993,-1,1993,2011,2009,-1,1993,2009,1992,-1,1992,2009,2007,-1,1992,2007,1991,-1,1991,2007,2005,-1,1991,2005,1990,-1,1990,2005,2003,-1,1990,2003,1989,-1,1989,2003,2001,-1,1989,2001,1988,-1,1988,2001,1999,-1,1988,1999,1987,-1,1987,1999,851,-1,1987,851,849,-1,849,851,853,-1,849,853,850,-1,854,215,3632,-1,3632,215,2000,-1,3632,2000,3633,-1,3633,2000,2002,-1,3633,2002,3634,-1,3634,2002,2004,-1,3634,2004,3635,-1,3635,2004,2006,-1,3635,2006,3636,-1,3636,2006,2008,-1,3636,2008,3637,-1,3637,2008,2010,-1,3637,2010,3638,-1,3638,2010,2012,-1,3638,2012,3639,-1,3639,2012,2014,-1,3639,2014,3640,-1,3640,2014,2016,-1,3640,2016,3641,-1,3641,2016,2018,-1,3641,2018,3642,-1,3642,2018,2020,-1,3642,2020,3643,-1,3643,2020,2022,-1,3643,2022,3644,-1,3644,2022,3645,-1,3644,3645,3646,-1,3631,3647,2021,-1,2021,3647,3648,-1,2021,3648,2022,-1,2022,3648,3649,-1,2022,3649,3645,-1,3646,2045,3644,-1,3644,2045,2043,-1,3644,2043,3643,-1,3643,2043,2041,-1,3643,2041,3642,-1,3642,2041,2039,-1,3642,2039,3641,-1,3641,2039,2037,-1,3641,2037,3640,-1,3640,2037,2035,-1,3640,2035,3639,-1,3639,2035,2033,-1,3639,2033,3638,-1,3638,2033,2031,-1,3638,2031,3637,-1,3637,2031,2029,-1,3637,2029,3636,-1,3636,2029,2027,-1,3636,2027,3635,-1,3635,2027,2025,-1,3635,2025,3634,-1,3634,2025,2023,-1,3634,2023,3633,-1,3633,2023,855,-1,3633,855,3632,-1,3632,855,857,-1,3632,857,854,-1,858,212,3650,-1,3650,212,2024,-1,3650,2024,3651,-1,3651,2024,2026,-1,3651,2026,3652,-1,3652,2026,2028,-1,3652,2028,3653,-1,3653,2028,2030,-1,3653,2030,3654,-1,3654,2030,2032,-1,3654,2032,3655,-1,3655,2032,2034,-1,3655,2034,3656,-1,3656,2034,2036,-1,3656,2036,3657,-1,3657,2036,2038,-1,3657,2038,3658,-1,3658,2038,2040,-1,3658,2040,3659,-1,3659,2040,2042,-1,3659,2042,3660,-1,3660,2042,2044,-1,3660,2044,3661,-1,3661,2044,2046,-1,3661,2046,3662,-1,3662,2046,3663,-1,3662,3663,3664,-1,3646,3665,2045,-1,2045,3665,3666,-1,2045,3666,2046,-1,2046,3666,3667,-1,2046,3667,3663,-1,3664,2069,3662,-1,3662,2069,2067,-1,3662,2067,3661,-1,3661,2067,2065,-1,3661,2065,3660,-1,3660,2065,2063,-1,3660,2063,3659,-1,3659,2063,2061,-1,3659,2061,3658,-1,3658,2061,2059,-1,3658,2059,3657,-1,3657,2059,2057,-1,3657,2057,3656,-1,3656,2057,2055,-1,3656,2055,3655,-1,3655,2055,2053,-1,3655,2053,3654,-1,3654,2053,2051,-1,3654,2051,3653,-1,3653,2051,2049,-1,3653,2049,3652,-1,3652,2049,2047,-1,3652,2047,3651,-1,3651,2047,861,-1,3651,861,3650,-1,3650,861,862,-1,3650,862,858,-1,3664,3668,2069,-1,2069,3668,3669,-1,2069,3669,2070,-1,2070,3669,3670,-1,2070,3670,3671,-1,3671,2093,2070,-1,2070,2093,2091,-1,2070,2091,2068,-1,2068,2091,2089,-1,2068,2089,2066,-1,2066,2089,2087,-1,2066,2087,2064,-1,2064,2087,2085,-1,2064,2085,2062,-1,2062,2085,2083,-1,2062,2083,2060,-1,2060,2083,2081,-1,2060,2081,2058,-1,2058,2081,2079,-1,2058,2079,2056,-1,2056,2079,2077,-1,2056,2077,2054,-1,2054,2077,2075,-1,2054,2075,2052,-1,2052,2075,2073,-1,2052,2073,2050,-1,2050,2073,2071,-1,2050,2071,2048,-1,2048,2071,209,-1,2048,209,863,-1,863,209,208,-1,863,208,864,-1,3671,3672,2093,-1,2093,3672,3673,-1,2093,3673,2094,-1,2094,3673,3674,-1,2094,3674,2106,-1,2106,3674,3675,-1,2106,3675,3676,-1,3676,2129,2106,-1,2106,2129,2127,-1,2106,2127,2105,-1,2105,2127,2125,-1,2105,2125,2104,-1,2104,2125,2123,-1,2104,2123,2103,-1,2103,2123,2121,-1,2103,2121,2102,-1,2102,2121,2119,-1,2102,2119,2101,-1,2101,2119,2117,-1,2101,2117,2100,-1,2100,2117,2115,-1,2100,2115,2099,-1,2099,2115,2113,-1,2099,2113,2098,-1,2098,2113,2111,-1,2098,2111,2097,-1,2097,2111,2109,-1,2097,2109,2096,-1,2096,2109,2107,-1,2096,2107,2095,-1,2095,2107,203,-1,2095,203,865,-1,865,203,202,-1,865,202,866,-1,867,200,3677,-1,3677,200,2108,-1,3677,2108,3678,-1,3678,2108,2110,-1,3678,2110,3679,-1,3679,2110,2112,-1,3679,2112,3680,-1,3680,2112,2114,-1,3680,2114,3681,-1,3681,2114,2116,-1,3681,2116,3682,-1,3682,2116,2118,-1,3682,2118,3683,-1,3683,2118,2120,-1,3683,2120,3684,-1,3684,2120,2122,-1,3684,2122,3685,-1,3685,2122,2124,-1,3685,2124,3686,-1,3686,2124,2126,-1,3686,2126,3687,-1,3687,2126,2128,-1,3687,2128,3688,-1,3688,2128,2130,-1,3688,2130,3689,-1,3689,2130,3690,-1,3689,3690,3691,-1,3676,3692,2129,-1,2129,3692,3693,-1,2129,3693,2130,-1,2130,3693,3694,-1,2130,3694,3690,-1,3691,2153,3689,-1,3689,2153,2151,-1,3689,2151,3688,-1,3688,2151,2149,-1,3688,2149,3687,-1,3687,2149,2147,-1,3687,2147,3686,-1,3686,2147,2145,-1,3686,2145,3685,-1,3685,2145,2143,-1,3685,2143,3684,-1,3684,2143,2141,-1,3684,2141,3683,-1,3683,2141,2139,-1,3683,2139,3682,-1,3682,2139,2137,-1,3682,2137,3681,-1,3681,2137,2135,-1,3681,2135,3680,-1,3680,2135,2133,-1,3680,2133,3679,-1,3679,2133,2131,-1,3679,2131,3678,-1,3678,2131,868,-1,3678,868,3677,-1,3677,868,870,-1,3677,870,867,-1,871,197,3695,-1,3695,197,2132,-1,3695,2132,3696,-1,3696,2132,2134,-1,3696,2134,3697,-1,3697,2134,2136,-1,3697,2136,3698,-1,3698,2136,2138,-1,3698,2138,3699,-1,3699,2138,2140,-1,3699,2140,3700,-1,3700,2140,2142,-1,3700,2142,3701,-1,3701,2142,2144,-1,3701,2144,3702,-1,3702,2144,2146,-1,3702,2146,3703,-1,3703,2146,2148,-1,3703,2148,3704,-1,3704,2148,2150,-1,3704,2150,3705,-1,3705,2150,2152,-1,3705,2152,3706,-1,3706,2152,2154,-1,3706,2154,3707,-1,3707,2154,3708,-1,3707,3708,3709,-1,3691,3710,2153,-1,2153,3710,3711,-1,2153,3711,2154,-1,2154,3711,3712,-1,2154,3712,3708,-1,3709,2177,3707,-1,3707,2177,2175,-1,3707,2175,3706,-1,3706,2175,2173,-1,3706,2173,3705,-1,3705,2173,2171,-1,3705,2171,3704,-1,3704,2171,2169,-1,3704,2169,3703,-1,3703,2169,2167,-1,3703,2167,3702,-1,3702,2167,2165,-1,3702,2165,3701,-1,3701,2165,2163,-1,3701,2163,3700,-1,3700,2163,2161,-1,3700,2161,3699,-1,3699,2161,2159,-1,3699,2159,3698,-1,3698,2159,2157,-1,3698,2157,3697,-1,3697,2157,2155,-1,3697,2155,3696,-1,3696,2155,874,-1,3696,874,3695,-1,3695,874,875,-1,3695,875,871,-1,3709,3713,2177,-1,2177,3713,3714,-1,2177,3714,2178,-1,2178,3714,3715,-1,2178,3715,3716,-1,3716,2201,2178,-1,2178,2201,2199,-1,2178,2199,2176,-1,2176,2199,2197,-1,2176,2197,2174,-1,2174,2197,2195,-1,2174,2195,2172,-1,2172,2195,2193,-1,2172,2193,2170,-1,2170,2193,2191,-1,2170,2191,2168,-1,2168,2191,2189,-1,2168,2189,2166,-1,2166,2189,2187,-1,2166,2187,2164,-1,2164,2187,2185,-1,2164,2185,2162,-1,2162,2185,2183,-1,2162,2183,2160,-1,2160,2183,2181,-1,2160,2181,2158,-1,2158,2181,2179,-1,2158,2179,2156,-1,2156,2179,194,-1,2156,194,876,-1,876,194,193,-1,876,193,877,-1,3716,3717,2201,-1,2201,3717,3718,-1,2201,3718,2202,-1,2202,3718,3719,-1,2202,3719,2214,-1,2214,3719,3720,-1,2214,3720,3721,-1,3721,2237,2214,-1,2214,2237,2235,-1,2214,2235,2213,-1,2213,2235,2233,-1,2213,2233,2212,-1,2212,2233,2231,-1,2212,2231,2211,-1,2211,2231,2229,-1,2211,2229,2210,-1,2210,2229,2227,-1,2210,2227,2209,-1,2209,2227,2225,-1,2209,2225,2208,-1,2208,2225,2223,-1,2208,2223,2207,-1,2207,2223,2221,-1,2207,2221,2206,-1,2206,2221,2219,-1,2206,2219,2205,-1,2205,2219,2217,-1,2205,2217,2204,-1,2204,2217,2215,-1,2204,2215,2203,-1,2203,2215,188,-1,2203,188,878,-1,878,188,187,-1,878,187,879,-1,183,185,880,-1,880,185,2216,-1,880,2216,3722,-1,3722,2216,2218,-1,3722,2218,3723,-1,3723,2218,2220,-1,3723,2220,3724,-1,3724,2220,2222,-1,3724,2222,3725,-1,3725,2222,2224,-1,3725,2224,3726,-1,3726,2224,2226,-1,3726,2226,3727,-1,3727,2226,2228,-1,3727,2228,3728,-1,3728,2228,2230,-1,3728,2230,3729,-1,3729,2230,2232,-1,3729,2232,3730,-1,3730,2232,2234,-1,3730,2234,3731,-1,3731,2234,2236,-1,3731,2236,3732,-1,3732,2236,2238,-1,3732,2238,3733,-1,3733,2238,3734,-1,3733,3734,3735,-1,3721,3736,2237,-1,2237,3736,3737,-1,2237,3737,2238,-1,2238,3737,3738,-1,2238,3738,3734,-1,3735,2261,3733,-1,3733,2261,2259,-1,3733,2259,3732,-1,3732,2259,2257,-1,3732,2257,3731,-1,3731,2257,2255,-1,3731,2255,3730,-1,3730,2255,2253,-1,3730,2253,3729,-1,3729,2253,2251,-1,3729,2251,3728,-1,3728,2251,2249,-1,3728,2249,3727,-1,3727,2249,2247,-1,3727,2247,3726,-1,3726,2247,2245,-1,3726,2245,3725,-1,3725,2245,2243,-1,3725,2243,3724,-1,3724,2243,2241,-1,3724,2241,3723,-1,3723,2241,2239,-1,3723,2239,3722,-1,3722,2239,882,-1,3722,882,880,-1,880,882,884,-1,880,884,881,-1,178,182,179,-1,179,182,2240,-1,179,2240,3739,-1,3739,2240,2242,-1,3739,2242,3740,-1,3740,2242,2244,-1,3740,2244,3741,-1,3741,2244,2246,-1,3741,2246,3742,-1,3742,2246,2248,-1,3742,2248,3743,-1,3743,2248,2250,-1,3743,2250,3744,-1,3744,2250,2252,-1,3744,2252,3745,-1,3745,2252,2254,-1,3745,2254,3746,-1,3746,2254,2256,-1,3746,2256,3747,-1,3747,2256,2258,-1,3747,2258,3748,-1,3748,2258,2260,-1,3748,2260,3749,-1,3749,2260,2262,-1,3749,2262,3750,-1,3750,2262,3751,-1,3750,3751,3752,-1,3735,3753,2261,-1,2261,3753,3754,-1,2261,3754,2262,-1,2262,3754,3755,-1,2262,3755,3751,-1,177,179,885,-1,885,179,3739,-1,885,3739,3756,-1,3756,3739,3740,-1,3756,3740,3757,-1,3757,3740,3741,-1,3757,3741,3758,-1,3758,3741,3742,-1,3758,3742,3759,-1,3759,3742,3743,-1,3759,3743,3760,-1,3760,3743,3744,-1,3760,3744,3761,-1,3761,3744,3745,-1,3761,3745,3762,-1,3762,3745,3746,-1,3762,3746,3763,-1,3763,3746,3747,-1,3763,3747,3764,-1,3764,3747,3748,-1,3764,3748,3765,-1,3765,3748,3749,-1,3765,3749,3766,-1,3766,3749,3750,-1,3766,3750,20,-1,20,3750,3752,-1,20,3752,18,-1,19,2285,20,-1,20,2285,2283,-1,20,2283,3766,-1,3766,2283,2281,-1,3766,2281,3765,-1,3765,2281,2279,-1,3765,2279,3764,-1,3764,2279,2277,-1,3764,2277,3763,-1,3763,2277,2275,-1,3763,2275,3762,-1,3762,2275,2273,-1,3762,2273,3761,-1,3761,2273,2271,-1,3761,2271,3760,-1,3760,2271,2269,-1,3760,2269,3759,-1,3759,2269,2267,-1,3759,2267,3758,-1,3758,2267,2265,-1,3758,2265,3757,-1,3757,2265,2263,-1,3757,2263,3756,-1,3756,2263,887,-1,3756,887,885,-1,885,887,889,-1,885,889,886,-1,890,176,3767,-1,3767,176,2264,-1,3767,2264,3768,-1,3768,2264,2266,-1,3768,2266,3769,-1,3769,2266,2268,-1,3769,2268,3770,-1,3770,2268,2270,-1,3770,2270,3771,-1,3771,2270,2272,-1,3771,2272,3772,-1,3772,2272,2274,-1,3772,2274,3773,-1,3773,2274,2276,-1,3773,2276,3774,-1,3774,2276,2278,-1,3774,2278,3775,-1,3775,2278,2280,-1,3775,2280,3776,-1,3776,2280,2282,-1,3776,2282,3777,-1,3777,2282,2284,-1,3777,2284,3778,-1,3778,2284,2286,-1,3778,2286,3779,-1,3779,2286,3780,-1,3779,3780,3781,-1,19,3782,2285,-1,2285,3782,3783,-1,2285,3783,2286,-1,2286,3783,3784,-1,2286,3784,3780,-1,3781,2309,3779,-1,3779,2309,2307,-1,3779,2307,3778,-1,3778,2307,2305,-1,3778,2305,3777,-1,3777,2305,2303,-1,3777,2303,3776,-1,3776,2303,2301,-1,3776,2301,3775,-1,3775,2301,2299,-1,3775,2299,3774,-1,3774,2299,2297,-1,3774,2297,3773,-1,3773,2297,2295,-1,3773,2295,3772,-1,3772,2295,2293,-1,3772,2293,3771,-1,3771,2293,2291,-1,3771,2291,3770,-1,3770,2291,2289,-1,3770,2289,3769,-1,3769,2289,2287,-1,3769,2287,3768,-1,3768,2287,891,-1,3768,891,3767,-1,3767,891,893,-1,3767,893,890,-1,3781,3785,2309,-1,2309,3785,3786,-1,2309,3786,2310,-1,2310,3786,3787,-1,2310,3787,3788,-1,3788,2333,2310,-1,2310,2333,2331,-1,2310,2331,2308,-1,2308,2331,2329,-1,2308,2329,2306,-1,2306,2329,2327,-1,2306,2327,2304,-1,2304,2327,2325,-1,2304,2325,2302,-1,2302,2325,2323,-1,2302,2323,2300,-1,2300,2323,2321,-1,2300,2321,2298,-1,2298,2321,2319,-1,2298,2319,2296,-1,2296,2319,2317,-1,2296,2317,2294,-1,2294,2317,2315,-1,2294,2315,2292,-1,2292,2315,2313,-1,2292,2313,2290,-1,2290,2313,2311,-1,2290,2311,2288,-1,2288,2311,170,-1,2288,170,173,-1,173,170,169,-1,173,169,171,-1,3788,3789,2333,-1,2333,3789,3790,-1,2333,3790,2334,-1,2334,3790,3791,-1,2334,3791,2346,-1,2346,3791,3792,-1,2346,3792,3793,-1,3793,2369,2346,-1,2346,2369,2367,-1,2346,2367,2345,-1,2345,2367,2365,-1,2345,2365,2344,-1,2344,2365,2363,-1,2344,2363,2343,-1,2343,2363,2361,-1,2343,2361,2342,-1,2342,2361,2359,-1,2342,2359,2341,-1,2341,2359,2357,-1,2341,2357,2340,-1,2340,2357,2355,-1,2340,2355,2339,-1,2339,2355,2353,-1,2339,2353,2338,-1,2338,2353,2351,-1,2338,2351,2337,-1,2337,2351,2349,-1,2337,2349,2336,-1,2336,2349,2347,-1,2336,2347,2335,-1,2335,2347,164,-1,2335,164,894,-1,894,164,163,-1,894,163,895,-1,3793,3794,2369,-1,2369,3794,3795,-1,2369,3795,2370,-1,2370,3795,3796,-1,2370,3796,3797,-1,159,161,896,-1,896,161,2348,-1,896,2348,3798,-1,3798,2348,2350,-1,3798,2350,3799,-1,3799,2350,2352,-1,3799,2352,3800,-1,3800,2352,2354,-1,3800,2354,3801,-1,3801,2354,2356,-1,3801,2356,3802,-1,3802,2356,2358,-1,3802,2358,3803,-1,3803,2358,2360,-1,3803,2360,3804,-1,3804,2360,2362,-1,3804,2362,3805,-1,3805,2362,2364,-1,3805,2364,3806,-1,3806,2364,2366,-1,3806,2366,3807,-1,3807,2366,2368,-1,3807,2368,3808,-1,3808,2368,2370,-1,3808,2370,3809,-1,3809,2370,3797,-1,3809,3797,3810,-1,3810,2393,3809,-1,3809,2393,2391,-1,3809,2391,3808,-1,3808,2391,2389,-1,3808,2389,3807,-1,3807,2389,2387,-1,3807,2387,3806,-1,3806,2387,2385,-1,3806,2385,3805,-1,3805,2385,2383,-1,3805,2383,3804,-1,3804,2383,2381,-1,3804,2381,3803,-1,3803,2381,2379,-1,3803,2379,3802,-1,3802,2379,2377,-1,3802,2377,3801,-1,3801,2377,2375,-1,3801,2375,3800,-1,3800,2375,2373,-1,3800,2373,3799,-1,3799,2373,2371,-1,3799,2371,3798,-1,3798,2371,898,-1,3798,898,896,-1,896,898,900,-1,896,900,897,-1,901,158,3811,-1,3811,158,2372,-1,3811,2372,3812,-1,3812,2372,2374,-1,3812,2374,3813,-1,3813,2374,2376,-1,3813,2376,3814,-1,3814,2376,2378,-1,3814,2378,3815,-1,3815,2378,2380,-1,3815,2380,3816,-1,3816,2380,2382,-1,3816,2382,3817,-1,3817,2382,2384,-1,3817,2384,3818,-1,3818,2384,2386,-1,3818,2386,3819,-1,3819,2386,2388,-1,3819,2388,3820,-1,3820,2388,2390,-1,3820,2390,3821,-1,3821,2390,2392,-1,3821,2392,3822,-1,3822,2392,2394,-1,3822,2394,3823,-1,3823,2394,3824,-1,3823,3824,3825,-1,3810,3826,2393,-1,2393,3826,3827,-1,2393,3827,2394,-1,2394,3827,3828,-1,2394,3828,3824,-1,3825,2417,3823,-1,3823,2417,2415,-1,3823,2415,3822,-1,3822,2415,2413,-1,3822,2413,3821,-1,3821,2413,2411,-1,3821,2411,3820,-1,3820,2411,2409,-1,3820,2409,3819,-1,3819,2409,2407,-1,3819,2407,3818,-1,3818,2407,2405,-1,3818,2405,3817,-1,3817,2405,2403,-1,3817,2403,3816,-1,3816,2403,2401,-1,3816,2401,3815,-1,3815,2401,2399,-1,3815,2399,3814,-1,3814,2399,2397,-1,3814,2397,3813,-1,3813,2397,2395,-1,3813,2395,3812,-1,3812,2395,902,-1,3812,902,3811,-1,3811,902,904,-1,3811,904,901,-1,3825,3829,2417,-1,2417,3829,3830,-1,2417,3830,2418,-1,2418,3830,3831,-1,2418,3831,3832,-1,151,155,152,-1,152,155,2396,-1,152,2396,3833,-1,3833,2396,2398,-1,3833,2398,3834,-1,3834,2398,2400,-1,3834,2400,3835,-1,3835,2400,2402,-1,3835,2402,3836,-1,3836,2402,2404,-1,3836,2404,3837,-1,3837,2404,2406,-1,3837,2406,3838,-1,3838,2406,2408,-1,3838,2408,3839,-1,3839,2408,2410,-1,3839,2410,3840,-1,3840,2410,2412,-1,3840,2412,3841,-1,3841,2412,2414,-1,3841,2414,3842,-1,3842,2414,2416,-1,3842,2416,3843,-1,3843,2416,2418,-1,3843,2418,3844,-1,3844,2418,3832,-1,3844,3832,3845,-1,150,152,905,-1,905,152,3833,-1,905,3833,3846,-1,3846,3833,3834,-1,3846,3834,3847,-1,3847,3834,3835,-1,3847,3835,3848,-1,3848,3835,3836,-1,3848,3836,3849,-1,3849,3836,3837,-1,3849,3837,3850,-1,3850,3837,3838,-1,3850,3838,3851,-1,3851,3838,3839,-1,3851,3839,3852,-1,3852,3839,3840,-1,3852,3840,3853,-1,3853,3840,3841,-1,3853,3841,3854,-1,3854,3841,3842,-1,3854,3842,3855,-1,3855,3842,3843,-1,3855,3843,3856,-1,3856,3843,3844,-1,3856,3844,17,-1,17,3844,3845,-1,17,3845,15,-1,16,2441,17,-1,17,2441,2439,-1,17,2439,3856,-1,3856,2439,2437,-1,3856,2437,3855,-1,3855,2437,2435,-1,3855,2435,3854,-1,3854,2435,2433,-1,3854,2433,3853,-1,3853,2433,2431,-1,3853,2431,3852,-1,3852,2431,2429,-1,3852,2429,3851,-1,3851,2429,2427,-1,3851,2427,3850,-1,3850,2427,2425,-1,3850,2425,3849,-1,3849,2425,2423,-1,3849,2423,3848,-1,3848,2423,2421,-1,3848,2421,3847,-1,3847,2421,2419,-1,3847,2419,3846,-1,3846,2419,907,-1,3846,907,905,-1,905,907,909,-1,905,909,906,-1,145,149,146,-1,146,149,2420,-1,146,2420,3857,-1,3857,2420,2422,-1,3857,2422,3858,-1,3858,2422,2424,-1,3858,2424,3859,-1,3859,2424,2426,-1,3859,2426,3860,-1,3860,2426,2428,-1,3860,2428,3861,-1,3861,2428,2430,-1,3861,2430,3862,-1,3862,2430,2432,-1,3862,2432,3863,-1,3863,2432,2434,-1,3863,2434,3864,-1,3864,2434,2436,-1,3864,2436,3865,-1,3865,2436,2438,-1,3865,2438,3866,-1,3866,2438,2440,-1,3866,2440,3867,-1,3867,2440,2442,-1,3867,2442,3868,-1,3868,2442,3869,-1,3868,3869,3870,-1,16,3871,2441,-1,2441,3871,3872,-1,2441,3872,2442,-1,2442,3872,3873,-1,2442,3873,3869,-1,144,146,910,-1,910,146,3857,-1,910,3857,3874,-1,3874,3857,3858,-1,3874,3858,3875,-1,3875,3858,3859,-1,3875,3859,3876,-1,3876,3859,3860,-1,3876,3860,3877,-1,3877,3860,3861,-1,3877,3861,3878,-1,3878,3861,3862,-1,3878,3862,3879,-1,3879,3862,3863,-1,3879,3863,3880,-1,3880,3863,3864,-1,3880,3864,3881,-1,3881,3864,3865,-1,3881,3865,3882,-1,3882,3865,3866,-1,3882,3866,3883,-1,3883,3866,3867,-1,3883,3867,3884,-1,3884,3867,3868,-1,3884,3868,14,-1,14,3868,3870,-1,14,3870,12,-1,13,2465,14,-1,14,2465,2463,-1,14,2463,3884,-1,3884,2463,2461,-1,3884,2461,3883,-1,3883,2461,2459,-1,3883,2459,3882,-1,3882,2459,2457,-1,3882,2457,3881,-1,3881,2457,2455,-1,3881,2455,3880,-1,3880,2455,2453,-1,3880,2453,3879,-1,3879,2453,2451,-1,3879,2451,3878,-1,3878,2451,2449,-1,3878,2449,3877,-1,3877,2449,2447,-1,3877,2447,3876,-1,3876,2447,2445,-1,3876,2445,3875,-1,3875,2445,2443,-1,3875,2443,3874,-1,3874,2443,143,-1,3874,143,910,-1,910,143,142,-1,910,142,911,-1,912,140,3885,-1,3885,140,2444,-1,3885,2444,3886,-1,3886,2444,2446,-1,3886,2446,3887,-1,3887,2446,2448,-1,3887,2448,3888,-1,3888,2448,2450,-1,3888,2450,3889,-1,3889,2450,2452,-1,3889,2452,3890,-1,3890,2452,2454,-1,3890,2454,3891,-1,3891,2454,2456,-1,3891,2456,3892,-1,3892,2456,2458,-1,3892,2458,3893,-1,3893,2458,2460,-1,3893,2460,3894,-1,3894,2460,2462,-1,3894,2462,3895,-1,3895,2462,2464,-1,3895,2464,3896,-1,3896,2464,2466,-1,3896,2466,3897,-1,3897,2466,3898,-1,3897,3898,3899,-1,13,3900,2465,-1,2465,3900,3901,-1,2465,3901,2466,-1,2466,3901,3902,-1,2466,3902,3898,-1,3899,2489,3897,-1,3897,2489,2487,-1,3897,2487,3896,-1,3896,2487,2485,-1,3896,2485,3895,-1,3895,2485,2483,-1,3895,2483,3894,-1,3894,2483,2481,-1,3894,2481,3893,-1,3893,2481,2479,-1,3893,2479,3892,-1,3892,2479,2477,-1,3892,2477,3891,-1,3891,2477,2475,-1,3891,2475,3890,-1,3890,2475,2473,-1,3890,2473,3889,-1,3889,2473,2471,-1,3889,2471,3888,-1,3888,2471,2469,-1,3888,2469,3887,-1,3887,2469,2467,-1,3887,2467,3886,-1,3886,2467,913,-1,3886,913,3885,-1,3885,913,915,-1,3885,915,912,-1,3899,3903,2489,-1,2489,3903,3904,-1,2489,3904,2490,-1,2490,3904,3905,-1,2490,3905,3906,-1,3906,2513,2490,-1,2490,2513,2511,-1,2490,2511,2488,-1,2488,2511,2509,-1,2488,2509,2486,-1,2486,2509,2507,-1,2486,2507,2484,-1,2484,2507,2505,-1,2484,2505,2482,-1,2482,2505,2503,-1,2482,2503,2480,-1,2480,2503,2501,-1,2480,2501,2478,-1,2478,2501,2499,-1,2478,2499,2476,-1,2476,2499,2497,-1,2476,2497,2474,-1,2474,2497,2495,-1,2474,2495,2472,-1,2472,2495,2493,-1,2472,2493,2470,-1,2470,2493,2491,-1,2470,2491,2468,-1,2468,2491,134,-1,2468,134,137,-1,137,134,133,-1,137,133,135,-1,3906,3907,2513,-1,2513,3907,3908,-1,2513,3908,2514,-1,2514,3908,3909,-1,2514,3909,2526,-1,2526,3909,3910,-1,2526,3910,3911,-1,3911,2549,2526,-1,2526,2549,2547,-1,2526,2547,2525,-1,2525,2547,2545,-1,2525,2545,2524,-1,2524,2545,2543,-1,2524,2543,2523,-1,2523,2543,2541,-1,2523,2541,2522,-1,2522,2541,2539,-1,2522,2539,2521,-1,2521,2539,2537,-1,2521,2537,2520,-1,2520,2537,2535,-1,2520,2535,2519,-1,2519,2535,2533,-1,2519,2533,2518,-1,2518,2533,2531,-1,2518,2531,2517,-1,2517,2531,2529,-1,2517,2529,2516,-1,2516,2529,2527,-1,2516,2527,2515,-1,2515,2527,131,-1,2515,131,919,-1,919,131,130,-1,919,130,920,-1,3911,3912,2549,-1,2549,3912,3913,-1,2549,3913,2550,-1,2550,3913,3914,-1,2550,3914,2562,-1,2562,3914,3915,-1,2562,3915,3916,-1,3916,2585,2562,-1,2562,2585,2583,-1,2562,2583,2561,-1,2561,2583,2581,-1,2561,2581,2560,-1,2560,2581,2579,-1,2560,2579,2559,-1,2559,2579,2577,-1,2559,2577,2558,-1,2558,2577,2575,-1,2558,2575,2557,-1,2557,2575,2573,-1,2557,2573,2556,-1,2556,2573,2571,-1,2556,2571,2555,-1,2555,2571,2569,-1,2555,2569,2554,-1,2554,2569,2567,-1,2554,2567,2553,-1,2553,2567,2565,-1,2553,2565,2552,-1,2552,2565,2563,-1,2552,2563,2551,-1,2551,2563,923,-1,2551,923,921,-1,921,923,925,-1,921,925,922,-1,926,125,3917,-1,3917,125,2564,-1,3917,2564,3918,-1,3918,2564,2566,-1,3918,2566,3919,-1,3919,2566,2568,-1,3919,2568,3920,-1,3920,2568,2570,-1,3920,2570,3921,-1,3921,2570,2572,-1,3921,2572,3922,-1,3922,2572,2574,-1,3922,2574,3923,-1,3923,2574,2576,-1,3923,2576,3924,-1,3924,2576,2578,-1,3924,2578,3925,-1,3925,2578,2580,-1,3925,2580,3926,-1,3926,2580,2582,-1,3926,2582,3927,-1,3927,2582,2584,-1,3927,2584,3928,-1,3928,2584,2586,-1,3928,2586,3929,-1,3929,2586,3930,-1,3929,3930,3931,-1,3916,3932,2585,-1,2585,3932,3933,-1,2585,3933,2586,-1,2586,3933,3934,-1,2586,3934,3930,-1,3931,2609,3929,-1,3929,2609,2607,-1,3929,2607,3928,-1,3928,2607,2605,-1,3928,2605,3927,-1,3927,2605,2603,-1,3927,2603,3926,-1,3926,2603,2601,-1,3926,2601,3925,-1,3925,2601,2599,-1,3925,2599,3924,-1,3924,2599,2597,-1,3924,2597,3923,-1,3923,2597,2595,-1,3923,2595,3922,-1,3922,2595,2593,-1,3922,2593,3921,-1,3921,2593,2591,-1,3921,2591,3920,-1,3920,2591,2589,-1,3920,2589,3919,-1,3919,2589,2587,-1,3919,2587,3918,-1,3918,2587,927,-1,3918,927,3917,-1,3917,927,929,-1,3917,929,926,-1,3931,3935,2609,-1,2609,3935,3936,-1,2609,3936,2610,-1,2610,3936,3937,-1,2610,3937,3938,-1,930,122,3939,-1,3939,122,2588,-1,3939,2588,3940,-1,3940,2588,2590,-1,3940,2590,3941,-1,3941,2590,2592,-1,3941,2592,3942,-1,3942,2592,2594,-1,3942,2594,3943,-1,3943,2594,2596,-1,3943,2596,3944,-1,3944,2596,2598,-1,3944,2598,3945,-1,3945,2598,2600,-1,3945,2600,3946,-1,3946,2600,2602,-1,3946,2602,3947,-1,3947,2602,2604,-1,3947,2604,3948,-1,3948,2604,2606,-1,3948,2606,3949,-1,3949,2606,2608,-1,3949,2608,3950,-1,3950,2608,2610,-1,3950,2610,3951,-1,3951,2610,3938,-1,3951,3938,3952,-1,3952,2633,3951,-1,3951,2633,2631,-1,3951,2631,3950,-1,3950,2631,2629,-1,3950,2629,3949,-1,3949,2629,2627,-1,3949,2627,3948,-1,3948,2627,2625,-1,3948,2625,3947,-1,3947,2625,2623,-1,3947,2623,3946,-1,3946,2623,2621,-1,3946,2621,3945,-1,3945,2621,2619,-1,3945,2619,3944,-1,3944,2619,2617,-1,3944,2617,3943,-1,3943,2617,2615,-1,3943,2615,3942,-1,3942,2615,2613,-1,3942,2613,3941,-1,3941,2613,2611,-1,3941,2611,3940,-1,3940,2611,933,-1,3940,933,3939,-1,3939,933,934,-1,3939,934,930,-1,3952,3953,2633,-1,2633,3953,3954,-1,2633,3954,2634,-1,2634,3954,3955,-1,2634,3955,3956,-1,3956,2657,2634,-1,2634,2657,2655,-1,2634,2655,2632,-1,2632,2655,2653,-1,2632,2653,2630,-1,2630,2653,2651,-1,2630,2651,2628,-1,2628,2651,2649,-1,2628,2649,2626,-1,2626,2649,2647,-1,2626,2647,2624,-1,2624,2647,2645,-1,2624,2645,2622,-1,2622,2645,2643,-1,2622,2643,2620,-1,2620,2643,2641,-1,2620,2641,2618,-1,2618,2641,2639,-1,2618,2639,2616,-1,2616,2639,2637,-1,2616,2637,2614,-1,2614,2637,2635,-1,2614,2635,2612,-1,2612,2635,119,-1,2612,119,935,-1,935,119,118,-1,935,118,936,-1,3956,3957,2657,-1,2657,3957,3958,-1,2657,3958,2658,-1,2658,3958,3959,-1,2658,3959,3960,-1,114,116,937,-1,937,116,2636,-1,937,2636,3961,-1,3961,2636,2638,-1,3961,2638,3962,-1,3962,2638,2640,-1,3962,2640,3963,-1,3963,2640,2642,-1,3963,2642,3964,-1,3964,2642,2644,-1,3964,2644,3965,-1,3965,2644,2646,-1,3965,2646,3966,-1,3966,2646,2648,-1,3966,2648,3967,-1,3967,2648,2650,-1,3967,2650,3968,-1,3968,2650,2652,-1,3968,2652,3969,-1,3969,2652,2654,-1,3969,2654,3970,-1,3970,2654,2656,-1,3970,2656,3971,-1,3971,2656,2658,-1,3971,2658,3972,-1,3972,2658,3960,-1,3972,3960,3973,-1,3973,2681,3972,-1,3972,2681,2679,-1,3972,2679,3971,-1,3971,2679,2677,-1,3971,2677,3970,-1,3970,2677,2675,-1,3970,2675,3969,-1,3969,2675,2673,-1,3969,2673,3968,-1,3968,2673,2671,-1,3968,2671,3967,-1,3967,2671,2669,-1,3967,2669,3966,-1,3966,2669,2667,-1,3966,2667,3965,-1,3965,2667,2665,-1,3965,2665,3964,-1,3964,2665,2663,-1,3964,2663,3963,-1,3963,2663,2661,-1,3963,2661,3962,-1,3962,2661,2659,-1,3962,2659,3961,-1,3961,2659,113,-1,3961,113,937,-1,937,113,112,-1,937,112,938,-1,108,110,939,-1,939,110,2660,-1,939,2660,3974,-1,3974,2660,2662,-1,3974,2662,3975,-1,3975,2662,2664,-1,3975,2664,3976,-1,3976,2664,2666,-1,3976,2666,3977,-1,3977,2666,2668,-1,3977,2668,3978,-1,3978,2668,2670,-1,3978,2670,3979,-1,3979,2670,2672,-1,3979,2672,3980,-1,3980,2672,2674,-1,3980,2674,3981,-1,3981,2674,2676,-1,3981,2676,3982,-1,3982,2676,2678,-1,3982,2678,3983,-1,3983,2678,2680,-1,3983,2680,3984,-1,3984,2680,2682,-1,3984,2682,3985,-1,3985,2682,3986,-1,3985,3986,3987,-1,3973,3988,2681,-1,2681,3988,3989,-1,2681,3989,2682,-1,2682,3989,3990,-1,2682,3990,3986,-1,3987,2705,3985,-1,3985,2705,2703,-1,3985,2703,3984,-1,3984,2703,2701,-1,3984,2701,3983,-1,3983,2701,2699,-1,3983,2699,3982,-1,3982,2699,2697,-1,3982,2697,3981,-1,3981,2697,2695,-1,3981,2695,3980,-1,3980,2695,2693,-1,3980,2693,3979,-1,3979,2693,2691,-1,3979,2691,3978,-1,3978,2691,2689,-1,3978,2689,3977,-1,3977,2689,2687,-1,3977,2687,3976,-1,3976,2687,2685,-1,3976,2685,3975,-1,3975,2685,2683,-1,3975,2683,3974,-1,3974,2683,941,-1,3974,941,939,-1,939,941,943,-1,939,943,940,-1,944,107,3991,-1,3991,107,2684,-1,3991,2684,3992,-1,3992,2684,2686,-1,3992,2686,3993,-1,3993,2686,2688,-1,3993,2688,3994,-1,3994,2688,2690,-1,3994,2690,3995,-1,3995,2690,2692,-1,3995,2692,3996,-1,3996,2692,2694,-1,3996,2694,3997,-1,3997,2694,2696,-1,3997,2696,3998,-1,3998,2696,2698,-1,3998,2698,3999,-1,3999,2698,2700,-1,3999,2700,4000,-1,4000,2700,2702,-1,4000,2702,4001,-1,4001,2702,2704,-1,4001,2704,4002,-1,4002,2704,2706,-1,4002,2706,4003,-1,4003,2706,4004,-1,4003,4004,4005,-1,3987,4006,2705,-1,2705,4006,4007,-1,2705,4007,2706,-1,2706,4007,4008,-1,2706,4008,4004,-1,4005,2729,4003,-1,4003,2729,2727,-1,4003,2727,4002,-1,4002,2727,2725,-1,4002,2725,4001,-1,4001,2725,2723,-1,4001,2723,4000,-1,4000,2723,2721,-1,4000,2721,3999,-1,3999,2721,2719,-1,3999,2719,3998,-1,3998,2719,2717,-1,3998,2717,3997,-1,3997,2717,2715,-1,3997,2715,3996,-1,3996,2715,2713,-1,3996,2713,3995,-1,3995,2713,2711,-1,3995,2711,3994,-1,3994,2711,2709,-1,3994,2709,3993,-1,3993,2709,2707,-1,3993,2707,3992,-1,3992,2707,947,-1,3992,947,3991,-1,3991,947,948,-1,3991,948,944,-1,4005,4009,2729,-1,2729,4009,4010,-1,2729,4010,2730,-1,2730,4010,4011,-1,2730,4011,4012,-1,4012,2753,2730,-1,2730,2753,2751,-1,2730,2751,2728,-1,2728,2751,2749,-1,2728,2749,2726,-1,2726,2749,2747,-1,2726,2747,2724,-1,2724,2747,2745,-1,2724,2745,2722,-1,2722,2745,2743,-1,2722,2743,2720,-1,2720,2743,2741,-1,2720,2741,2718,-1,2718,2741,2739,-1,2718,2739,2716,-1,2716,2739,2737,-1,2716,2737,2714,-1,2714,2737,2735,-1,2714,2735,2712,-1,2712,2735,2733,-1,2712,2733,2710,-1,2710,2733,2731,-1,2710,2731,2708,-1,2708,2731,104,-1,2708,104,949,-1,949,104,103,-1,949,103,950,-1,4012,4013,2753,-1,2753,4013,4014,-1,2753,4014,2754,-1,2754,4014,4015,-1,2754,4015,2766,-1,2766,4015,4016,-1,2766,4016,4017,-1,4017,2789,2766,-1,2766,2789,2787,-1,2766,2787,2765,-1,2765,2787,2785,-1,2765,2785,2764,-1,2764,2785,2783,-1,2764,2783,2763,-1,2763,2783,2781,-1,2763,2781,2762,-1,2762,2781,2779,-1,2762,2779,2761,-1,2761,2779,2777,-1,2761,2777,2760,-1,2760,2777,2775,-1,2760,2775,2759,-1,2759,2775,2773,-1,2759,2773,2758,-1,2758,2773,2771,-1,2758,2771,2757,-1,2757,2771,2769,-1,2757,2769,2756,-1,2756,2769,2767,-1,2756,2767,2755,-1,2755,2767,98,-1,2755,98,951,-1,951,98,97,-1,951,97,952,-1,953,95,4018,-1,4018,95,2768,-1,4018,2768,4019,-1,4019,2768,2770,-1,4019,2770,4020,-1,4020,2770,2772,-1,4020,2772,4021,-1,4021,2772,2774,-1,4021,2774,4022,-1,4022,2774,2776,-1,4022,2776,4023,-1,4023,2776,2778,-1,4023,2778,4024,-1,4024,2778,2780,-1,4024,2780,4025,-1,4025,2780,2782,-1,4025,2782,4026,-1,4026,2782,2784,-1,4026,2784,4027,-1,4027,2784,2786,-1,4027,2786,4028,-1,4028,2786,2788,-1,4028,2788,4029,-1,4029,2788,2790,-1,4029,2790,4030,-1,4030,2790,4031,-1,4030,4031,4032,-1,4017,4033,2789,-1,2789,4033,4034,-1,2789,4034,2790,-1,2790,4034,4035,-1,2790,4035,4031,-1,4032,2813,4030,-1,4030,2813,2811,-1,4030,2811,4029,-1,4029,2811,2809,-1,4029,2809,4028,-1,4028,2809,2807,-1,4028,2807,4027,-1,4027,2807,2805,-1,4027,2805,4026,-1,4026,2805,2803,-1,4026,2803,4025,-1,4025,2803,2801,-1,4025,2801,4024,-1,4024,2801,2799,-1,4024,2799,4023,-1,4023,2799,2797,-1,4023,2797,4022,-1,4022,2797,2795,-1,4022,2795,4021,-1,4021,2795,2793,-1,4021,2793,4020,-1,4020,2793,2791,-1,4020,2791,4019,-1,4019,2791,954,-1,4019,954,4018,-1,4018,954,956,-1,4018,956,953,-1,88,92,89,-1,89,92,2792,-1,89,2792,4036,-1,4036,2792,2794,-1,4036,2794,4037,-1,4037,2794,2796,-1,4037,2796,4038,-1,4038,2796,2798,-1,4038,2798,4039,-1,4039,2798,2800,-1,4039,2800,4040,-1,4040,2800,2802,-1,4040,2802,4041,-1,4041,2802,2804,-1,4041,2804,4042,-1,4042,2804,2806,-1,4042,2806,4043,-1,4043,2806,2808,-1,4043,2808,4044,-1,4044,2808,2810,-1,4044,2810,4045,-1,4045,2810,2812,-1,4045,2812,4046,-1,4046,2812,2814,-1,4046,2814,4047,-1,4047,2814,4048,-1,4047,4048,4049,-1,4032,4050,2813,-1,2813,4050,4051,-1,2813,4051,2814,-1,2814,4051,4052,-1,2814,4052,4048,-1,87,89,957,-1,957,89,4036,-1,957,4036,4053,-1,4053,4036,4037,-1,4053,4037,4054,-1,4054,4037,4038,-1,4054,4038,4055,-1,4055,4038,4039,-1,4055,4039,4056,-1,4056,4039,4040,-1,4056,4040,4057,-1,4057,4040,4041,-1,4057,4041,4058,-1,4058,4041,4042,-1,4058,4042,4059,-1,4059,4042,4043,-1,4059,4043,4060,-1,4060,4043,4044,-1,4060,4044,4061,-1,4061,4044,4045,-1,4061,4045,4062,-1,4062,4045,4046,-1,4062,4046,4063,-1,4063,4046,4047,-1,4063,4047,11,-1,11,4047,4049,-1,11,4049,9,-1,10,2837,11,-1,11,2837,2835,-1,11,2835,4063,-1,4063,2835,2833,-1,4063,2833,4062,-1,4062,2833,2831,-1,4062,2831,4061,-1,4061,2831,2829,-1,4061,2829,4060,-1,4060,2829,2827,-1,4060,2827,4059,-1,4059,2827,2825,-1,4059,2825,4058,-1,4058,2825,2823,-1,4058,2823,4057,-1,4057,2823,2821,-1,4057,2821,4056,-1,4056,2821,2819,-1,4056,2819,4055,-1,4055,2819,2817,-1,4055,2817,4054,-1,4054,2817,2815,-1,4054,2815,4053,-1,4053,2815,959,-1,4053,959,957,-1,957,959,961,-1,957,961,958,-1,962,86,4064,-1,4064,86,2816,-1,4064,2816,4065,-1,4065,2816,2818,-1,4065,2818,4066,-1,4066,2818,2820,-1,4066,2820,4067,-1,4067,2820,2822,-1,4067,2822,4068,-1,4068,2822,2824,-1,4068,2824,4069,-1,4069,2824,2826,-1,4069,2826,4070,-1,4070,2826,2828,-1,4070,2828,4071,-1,4071,2828,2830,-1,4071,2830,4072,-1,4072,2830,2832,-1,4072,2832,4073,-1,4073,2832,2834,-1,4073,2834,4074,-1,4074,2834,2836,-1,4074,2836,4075,-1,4075,2836,2838,-1,4075,2838,4076,-1,4076,2838,4077,-1,4076,4077,4078,-1,10,4079,2837,-1,2837,4079,4080,-1,2837,4080,2838,-1,2838,4080,4081,-1,2838,4081,4077,-1,4078,2861,4076,-1,4076,2861,2859,-1,4076,2859,4075,-1,4075,2859,2857,-1,4075,2857,4074,-1,4074,2857,2855,-1,4074,2855,4073,-1,4073,2855,2853,-1,4073,2853,4072,-1,4072,2853,2851,-1,4072,2851,4071,-1,4071,2851,2849,-1,4071,2849,4070,-1,4070,2849,2847,-1,4070,2847,4069,-1,4069,2847,2845,-1,4069,2845,4068,-1,4068,2845,2843,-1,4068,2843,4067,-1,4067,2843,2841,-1,4067,2841,4066,-1,4066,2841,2839,-1,4066,2839,4065,-1,4065,2839,963,-1,4065,963,4064,-1,4064,963,965,-1,4064,965,962,-1,4078,4082,2861,-1,2861,4082,4083,-1,2861,4083,2862,-1,2862,4083,4084,-1,2862,4084,4085,-1,79,83,80,-1,80,83,2840,-1,80,2840,4086,-1,4086,2840,2842,-1,4086,2842,4087,-1,4087,2842,2844,-1,4087,2844,4088,-1,4088,2844,2846,-1,4088,2846,4089,-1,4089,2846,2848,-1,4089,2848,4090,-1,4090,2848,2850,-1,4090,2850,4091,-1,4091,2850,2852,-1,4091,2852,4092,-1,4092,2852,2854,-1,4092,2854,4093,-1,4093,2854,2856,-1,4093,2856,4094,-1,4094,2856,2858,-1,4094,2858,4095,-1,4095,2858,2860,-1,4095,2860,4096,-1,4096,2860,2862,-1,4096,2862,4097,-1,4097,2862,4085,-1,4097,4085,4098,-1,78,80,966,-1,966,80,4086,-1,966,4086,4099,-1,4099,4086,4087,-1,4099,4087,4100,-1,4100,4087,4088,-1,4100,4088,4101,-1,4101,4088,4089,-1,4101,4089,4102,-1,4102,4089,4090,-1,4102,4090,4103,-1,4103,4090,4091,-1,4103,4091,4104,-1,4104,4091,4092,-1,4104,4092,4105,-1,4105,4092,4093,-1,4105,4093,4106,-1,4106,4093,4094,-1,4106,4094,4107,-1,4107,4094,4095,-1,4107,4095,4108,-1,4108,4095,4096,-1,4108,4096,4109,-1,4109,4096,4097,-1,4109,4097,8,-1,8,4097,4098,-1,8,4098,6,-1,7,2885,8,-1,8,2885,2883,-1,8,2883,4109,-1,4109,2883,2881,-1,4109,2881,4108,-1,4108,2881,2879,-1,4108,2879,4107,-1,4107,2879,2877,-1,4107,2877,4106,-1,4106,2877,2875,-1,4106,2875,4105,-1,4105,2875,2873,-1,4105,2873,4104,-1,4104,2873,2871,-1,4104,2871,4103,-1,4103,2871,2869,-1,4103,2869,4102,-1,4102,2869,2867,-1,4102,2867,4101,-1,4101,2867,2865,-1,4101,2865,4100,-1,4100,2865,2863,-1,4100,2863,4099,-1,4099,2863,968,-1,4099,968,966,-1,966,968,970,-1,966,970,967,-1,73,77,74,-1,74,77,2864,-1,74,2864,4110,-1,4110,2864,2866,-1,4110,2866,4111,-1,4111,2866,2868,-1,4111,2868,4112,-1,4112,2868,2870,-1,4112,2870,4113,-1,4113,2870,2872,-1,4113,2872,4114,-1,4114,2872,2874,-1,4114,2874,4115,-1,4115,2874,2876,-1,4115,2876,4116,-1,4116,2876,2878,-1,4116,2878,4117,-1,4117,2878,2880,-1,4117,2880,4118,-1,4118,2880,2882,-1,4118,2882,4119,-1,4119,2882,2884,-1,4119,2884,4120,-1,4120,2884,2886,-1,4120,2886,4121,-1,4121,2886,4122,-1,4121,4122,4123,-1,7,4124,2885,-1,2885,4124,4125,-1,2885,4125,2886,-1,2886,4125,4126,-1,2886,4126,4122,-1,72,74,971,-1,971,74,4110,-1,971,4110,4127,-1,4127,4110,4111,-1,4127,4111,4128,-1,4128,4111,4112,-1,4128,4112,4129,-1,4129,4112,4113,-1,4129,4113,4130,-1,4130,4113,4114,-1,4130,4114,4131,-1,4131,4114,4115,-1,4131,4115,4132,-1,4132,4115,4116,-1,4132,4116,4133,-1,4133,4116,4117,-1,4133,4117,4134,-1,4134,4117,4118,-1,4134,4118,4135,-1,4135,4118,4119,-1,4135,4119,4136,-1,4136,4119,4120,-1,4136,4120,4137,-1,4137,4120,4121,-1,4137,4121,5,-1,5,4121,4123,-1,5,4123,3,-1,4,2909,5,-1,5,2909,2907,-1,5,2907,4137,-1,4137,2907,2905,-1,4137,2905,4136,-1,4136,2905,2903,-1,4136,2903,4135,-1,4135,2903,2901,-1,4135,2901,4134,-1,4134,2901,2899,-1,4134,2899,4133,-1,4133,2899,2897,-1,4133,2897,4132,-1,4132,2897,2895,-1,4132,2895,4131,-1,4131,2895,2893,-1,4131,2893,4130,-1,4130,2893,2891,-1,4130,2891,4129,-1,4129,2891,2889,-1,4129,2889,4128,-1,4128,2889,2887,-1,4128,2887,4127,-1,4127,2887,71,-1,4127,71,971,-1,971,71,70,-1,971,70,972,-1,973,68,4138,-1,4138,68,2888,-1,4138,2888,4139,-1,4139,2888,2890,-1,4139,2890,4140,-1,4140,2890,2892,-1,4140,2892,4141,-1,4141,2892,2894,-1,4141,2894,4142,-1,4142,2894,2896,-1,4142,2896,4143,-1,4143,2896,2898,-1,4143,2898,4144,-1,4144,2898,2900,-1,4144,2900,4145,-1,4145,2900,2902,-1,4145,2902,4146,-1,4146,2902,2904,-1,4146,2904,4147,-1,4147,2904,2906,-1,4147,2906,4148,-1,4148,2906,2908,-1,4148,2908,4149,-1,4149,2908,2910,-1,4149,2910,4150,-1,4150,2910,4151,-1,4150,4151,4152,-1,4,4153,2909,-1,2909,4153,4154,-1,2909,4154,2910,-1,2910,4154,4155,-1,2910,4155,4151,-1,4152,2933,4150,-1,4150,2933,2931,-1,4150,2931,4149,-1,4149,2931,2929,-1,4149,2929,4148,-1,4148,2929,2927,-1,4148,2927,4147,-1,4147,2927,2925,-1,4147,2925,4146,-1,4146,2925,2923,-1,4146,2923,4145,-1,4145,2923,2921,-1,4145,2921,4144,-1,4144,2921,2919,-1,4144,2919,4143,-1,4143,2919,2917,-1,4143,2917,4142,-1,4142,2917,2915,-1,4142,2915,4141,-1,4141,2915,2913,-1,4141,2913,4140,-1,4140,2913,2911,-1,4140,2911,4139,-1,4139,2911,974,-1,4139,974,4138,-1,4138,974,976,-1,4138,976,973,-1,4152,4156,2933,-1,2933,4156,4157,-1,2933,4157,2934,-1,2934,4157,4158,-1,2934,4158,4159,-1,4159,2957,2934,-1,2934,2957,2955,-1,2934,2955,2932,-1,2932,2955,2953,-1,2932,2953,2930,-1,2930,2953,2951,-1,2930,2951,2928,-1,2928,2951,2949,-1,2928,2949,2926,-1,2926,2949,2947,-1,2926,2947,2924,-1,2924,2947,2945,-1,2924,2945,2922,-1,2922,2945,2943,-1,2922,2943,2920,-1,2920,2943,2941,-1,2920,2941,2918,-1,2918,2941,2939,-1,2918,2939,2916,-1,2916,2939,2937,-1,2916,2937,2914,-1,2914,2937,2935,-1,2914,2935,2912,-1,2912,2935,62,-1,2912,62,65,-1,65,62,61,-1,65,61,63,-1,4159,4160,2957,-1,2957,4160,4161,-1,2957,4161,2958,-1,2958,4161,4162,-1,2958,4162,2970,-1,2970,4162,4163,-1,2970,4163,4164,-1,4164,2993,2970,-1,2970,2993,2991,-1,2970,2991,2969,-1,2969,2991,2989,-1,2969,2989,2968,-1,2968,2989,2987,-1,2968,2987,2967,-1,2967,2987,2985,-1,2967,2985,2966,-1,2966,2985,2983,-1,2966,2983,2965,-1,2965,2983,2981,-1,2965,2981,2964,-1,2964,2981,2979,-1,2964,2979,2963,-1,2963,2979,2977,-1,2963,2977,2962,-1,2962,2977,2975,-1,2962,2975,2961,-1,2961,2975,2973,-1,2961,2973,2960,-1,2960,2973,2971,-1,2960,2971,2959,-1,2959,2971,59,-1,2959,59,980,-1,980,59,58,-1,980,58,981,-1,4164,4165,2993,-1,2993,4165,4166,-1,2993,4166,2994,-1,2994,4166,4167,-1,2994,4167,4168,-1,54,56,982,-1,982,56,2972,-1,982,2972,4169,-1,4169,2972,2974,-1,4169,2974,4170,-1,4170,2974,2976,-1,4170,2976,4171,-1,4171,2976,2978,-1,4171,2978,4172,-1,4172,2978,2980,-1,4172,2980,4173,-1,4173,2980,2982,-1,4173,2982,4174,-1,4174,2982,2984,-1,4174,2984,4175,-1,4175,2984,2986,-1,4175,2986,4176,-1,4176,2986,2988,-1,4176,2988,4177,-1,4177,2988,2990,-1,4177,2990,4178,-1,4178,2990,2992,-1,4178,2992,4179,-1,4179,2992,2994,-1,4179,2994,4180,-1,4180,2994,4168,-1,4180,4168,4181,-1,4181,3017,4180,-1,4180,3017,3015,-1,4180,3015,4179,-1,4179,3015,3013,-1,4179,3013,4178,-1,4178,3013,3011,-1,4178,3011,4177,-1,4177,3011,3009,-1,4177,3009,4176,-1,4176,3009,3007,-1,4176,3007,4175,-1,4175,3007,3005,-1,4175,3005,4174,-1,4174,3005,3003,-1,4174,3003,4173,-1,4173,3003,3001,-1,4173,3001,4172,-1,4172,3001,2999,-1,4172,2999,4171,-1,4171,2999,2997,-1,4171,2997,4170,-1,4170,2997,2995,-1,4170,2995,4169,-1,4169,2995,984,-1,4169,984,982,-1,982,984,986,-1,982,986,983,-1,537,388,540,-1,540,388,2996,-1,540,2996,4182,-1,4182,2996,2998,-1,4182,2998,4183,-1,4183,2998,3000,-1,4183,3000,4184,-1,4184,3000,3002,-1,4184,3002,4185,-1,4185,3002,3004,-1,4185,3004,4186,-1,4186,3004,3006,-1,4186,3006,4187,-1,4187,3006,3008,-1,4187,3008,4188,-1,4188,3008,3010,-1,4188,3010,4189,-1,4189,3010,3012,-1,4189,3012,4190,-1,4190,3012,3014,-1,4190,3014,4191,-1,4191,3014,3016,-1,4191,3016,4192,-1,4192,3016,3018,-1,4192,3018,4193,-1,4193,3018,4194,-1,4193,4194,4195,-1,4181,4196,3017,-1,3017,4196,4197,-1,3017,4197,3018,-1,3018,4197,4198,-1,3018,4198,4194,-1,4195,3040,4193,-1,4193,3040,3038,-1,4193,3038,4192,-1,4192,3038,3036,-1,4192,3036,4191,-1,4191,3036,3034,-1,4191,3034,4190,-1,4190,3034,3032,-1,4190,3032,4189,-1,4189,3032,3030,-1,4189,3030,4188,-1,4188,3030,3028,-1,4188,3028,4187,-1,4187,3028,3026,-1,4187,3026,4186,-1,4186,3026,3024,-1,4186,3024,4185,-1,4185,3024,3022,-1,4185,3022,4184,-1,4184,3022,3020,-1,4184,3020,4183,-1,4183,3020,3019,-1,4183,3019,4182,-1,4182,3019,541,-1,4182,541,540,-1,540,541,543,-1,540,543,538,-1,384,52,551,-1,551,52,51,-1,551,51,555,-1,555,51,3021,-1,555,3021,4199,-1,4199,3021,3023,-1,4199,3023,4200,-1,4200,3023,3025,-1,4200,3025,4201,-1,4201,3025,3027,-1,4201,3027,4202,-1,4202,3027,3029,-1,4202,3029,4203,-1,4203,3029,3031,-1,4203,3031,4204,-1,4204,3031,3033,-1,4204,3033,4205,-1,4205,3033,3035,-1,4205,3035,4206,-1,4206,3035,3037,-1,4206,3037,4207,-1,4207,3037,3039,-1,4207,3039,4208,-1,4208,3039,3041,-1,4208,3041,4209,-1,4209,3041,4210,-1,4209,4210,4211,-1,4195,4212,3040,-1,3040,4212,4213,-1,3040,4213,3041,-1,3041,4213,4214,-1,3041,4214,4210,-1,4211,3062,4209,-1,4209,3062,3060,-1,4209,3060,4208,-1,4208,3060,3058,-1,4208,3058,4207,-1,4207,3058,3056,-1,4207,3056,4206,-1,4206,3056,3054,-1,4206,3054,4205,-1,4205,3054,3052,-1,4205,3052,4204,-1,4204,3052,3050,-1,4204,3050,4203,-1,4203,3050,3048,-1,4203,3048,4202,-1,4202,3048,3046,-1,4202,3046,4201,-1,4201,3046,3044,-1,4201,3044,4200,-1,4200,3044,3042,-1,4200,3042,4199,-1,4199,3042,559,-1,4199,559,555,-1,555,559,561,-1,555,561,553,-1,4211,4215,3062,-1,3062,4215,4216,-1,3062,4216,3063,-1,3063,4216,4217,-1,3063,4217,4218,-1,4218,3083,3063,-1,3063,3083,3081,-1,3063,3081,3061,-1,3061,3081,3079,-1,3061,3079,3059,-1,3059,3079,3077,-1,3059,3077,3057,-1,3057,3077,3075,-1,3057,3075,3055,-1,3055,3075,3073,-1,3055,3073,3053,-1,3053,3073,3071,-1,3053,3071,3051,-1,3051,3071,3069,-1,3051,3069,3049,-1,3049,3069,3067,-1,3049,3067,3047,-1,3047,3067,3065,-1,3047,3065,3045,-1,3045,3065,3064,-1,3045,3064,3043,-1,3043,3064,565,-1,3043,565,564,-1,564,565,567,-1,564,567,562,-1,4218,4219,3083,-1,3083,4219,4220,-1,3083,4220,3084,-1,3084,4220,4221,-1,3084,4221,4222,-1,580,581,584,-1,584,581,3066,-1,584,3066,4223,-1,4223,3066,3068,-1,4223,3068,4224,-1,4224,3068,3070,-1,4224,3070,4225,-1,4225,3070,3072,-1,4225,3072,4226,-1,4226,3072,3074,-1,4226,3074,4227,-1,4227,3074,3076,-1,4227,3076,4228,-1,4228,3076,3078,-1,4228,3078,4229,-1,4229,3078,3080,-1,4229,3080,4230,-1,4230,3080,3082,-1,4230,3082,4231,-1,4231,3082,3084,-1,4231,3084,4232,-1,4232,3084,4222,-1,4232,4222,4233,-1,4233,3103,4232,-1,4232,3103,3101,-1,4232,3101,4231,-1,4231,3101,3099,-1,4231,3099,4230,-1,4230,3099,3097,-1,4230,3097,4229,-1,4229,3097,3095,-1,4229,3095,4228,-1,4228,3095,3093,-1,4228,3093,4227,-1,4227,3093,3091,-1,4227,3091,4226,-1,4226,3091,3089,-1,4226,3089,4225,-1,4225,3089,3087,-1,4225,3087,4224,-1,4224,3087,3085,-1,4224,3085,4223,-1,4223,3085,591,-1,4223,591,584,-1,584,591,593,-1,584,593,582,-1,586,588,596,-1,596,588,3086,-1,596,3086,604,-1,604,3086,3088,-1,604,3088,4234,-1,4234,3088,3090,-1,4234,3090,4235,-1,4235,3090,3092,-1,4235,3092,4236,-1,4236,3092,3094,-1,4236,3094,4237,-1,4237,3094,3096,-1,4237,3096,4238,-1,4238,3096,3098,-1,4238,3098,4239,-1,4239,3098,3100,-1,4239,3100,4240,-1,4240,3100,3102,-1,4240,3102,4241,-1,4241,3102,3104,-1,4241,3104,4242,-1,4242,3104,4243,-1,4242,4243,4244,-1,4233,4245,3103,-1,3103,4245,4246,-1,3103,4246,3104,-1,3104,4246,4247,-1,3104,4247,4243,-1,4244,3121,4242,-1,4242,3121,3119,-1,4242,3119,4241,-1,4241,3119,3117,-1,4241,3117,4240,-1,4240,3117,3115,-1,4240,3115,4239,-1,4239,3115,3113,-1,4239,3113,4238,-1,4238,3113,3111,-1,4238,3111,4237,-1,4237,3111,3109,-1,4237,3109,4236,-1,4236,3109,3107,-1,4236,3107,4235,-1,4235,3107,3105,-1,4235,3105,4234,-1,4234,3105,383,-1,4234,383,604,-1,604,383,382,-1,604,382,603,-1,4244,4248,3121,-1,3121,4248,4249,-1,3121,4249,3122,-1,3122,4249,4250,-1,3122,4250,4251,-1,605,607,612,-1,612,607,3106,-1,612,3106,4252,-1,4252,3106,3108,-1,4252,3108,4253,-1,4253,3108,3110,-1,4253,3110,4254,-1,4254,3110,3112,-1,4254,3112,4255,-1,4255,3112,3114,-1,4255,3114,4256,-1,4256,3114,3116,-1,4256,3116,4257,-1,4257,3116,3118,-1,4257,3118,4258,-1,4258,3118,3120,-1,4258,3120,4259,-1,4259,3120,3122,-1,4259,3122,4260,-1,4260,3122,4251,-1,4260,4251,4261,-1,610,612,50,-1,50,612,4252,-1,50,4252,48,-1,48,4252,4253,-1,48,4253,4262,-1,4262,4253,4254,-1,4262,4254,4263,-1,4263,4254,4255,-1,4263,4255,4264,-1,4264,4255,4256,-1,4264,4256,4265,-1,4265,4256,4257,-1,4265,4257,4266,-1,4266,4257,4258,-1,4266,4258,4267,-1,4267,4258,4259,-1,4267,4259,4268,-1,4268,4259,4260,-1,4268,4260,2,-1,2,4260,4261,-1,2,4261,0,-1,1,3137,2,-1,2,3137,3135,-1,2,3135,4268,-1,4268,3135,3133,-1,4268,3133,4267,-1,4267,3133,3131,-1,4267,3131,4266,-1,4266,3131,3129,-1,4266,3129,4265,-1,4265,3129,3127,-1,4265,3127,4264,-1,4264,3127,3125,-1,4264,3125,4263,-1,4263,3125,3123,-1,4263,3123,4262,-1,4262,3123,620,-1,4262,620,48,-1,48,620,622,-1,48,622,49,-1,49,622,4269,-1,49,4269,616,-1,630,632,628,-1,628,632,3124,-1,628,3124,4270,-1,4270,3124,3126,-1,4270,3126,4271,-1,4271,3126,3128,-1,4271,3128,4272,-1,4272,3128,3130,-1,4272,3130,4273,-1,4273,3130,3132,-1,4273,3132,4274,-1,4274,3132,3134,-1,4274,3134,4275,-1,4275,3134,3136,-1,4275,3136,4276,-1,4276,3136,3138,-1,4276,3138,4277,-1,4277,3138,4278,-1,4277,4278,4279,-1,1,4280,3137,-1,3137,4280,4281,-1,3137,4281,3138,-1,3138,4281,4282,-1,3138,4282,4278,-1,626,628,47,-1,47,628,4270,-1,47,4270,45,-1,45,4270,4271,-1,45,4271,3150,-1,3150,4271,4272,-1,3150,4272,3148,-1,3148,4272,4273,-1,3148,4273,3146,-1,3146,4273,4274,-1,3146,4274,3144,-1,3144,4274,4275,-1,3144,4275,3142,-1,3142,4275,4276,-1,3142,4276,3140,-1,3140,4276,4277,-1,3140,4277,700,-1,700,4277,4279,-1,700,4279,698,-1,683,685,4283,-1,683,4283,1090,-1,4283,680,679,-1,679,1064,4283,-1,4283,1064,1083,-1,4283,1083,1090,-1,
        ]
    }
}