ISO-10303-21;
HEADER;
FILE_DESCRIPTION(('Open CASCADE Model'),'2;1');
FILE_NAME('Open CASCADE Shape Model','2026-10-02T07:05:56',('Author'),(
    'Open CASCADE'),'Open CASCADE STEP processor 7.9','Open CASCADE 7.9'
  ,'Unknown');
FILE_SCHEMA(('AUTOMOTIVE_DESIGN { 1 0 10303 214 1 1 1 1 }'));
ENDSEC;
DATA;
#1 = APPLICATION_PROTOCOL_DEFINITION('international standard',
  'automotive_design',2000,#2);
#2 = APPLICATION_CONTEXT(
  'core data for automotive mechanical design processes');
#3 = SHAPE_DEFINITION_REPRESENTATION(#4,#10);
#4 = PRODUCT_DEFINITION_SHAPE('','',#5);
#5 = PRODUCT_DEFINITION('design','',#6,#9);
#6 = PRODUCT_DEFINITION_FORMATION('','',#7);
#7 = PRODUCT('Open CASCADE STEP translator 7.9 2',
  'Open CASCADE STEP translator 7.9 2','',(#8));
#8 = PRODUCT_CONTEXT('',#2,'mechanical');
#9 = PRODUCT_DEFINITION_CONTEXT('part definition',#2,'design');
#10 = ADVANCED_BREP_SHAPE_REPRESENTATION('',(#11,#15),#5683);
#11 = AXIS2_PLACEMENT_3D('',#12,#13,#14);
#12 = CARTESIAN_POINT('',(0.,0.,0.));
#13 = DIRECTION('',(0.,0.,1.));
#14 = DIRECTION('',(1.,0.,-0.));
#15 = MANIFOLD_SOLID_BREP('',#16);
#16 = CLOSED_SHELL('',(#17,#347,#489,#660,#697,#833,#839,#915,#964,#1013
    ,#1063,#1112,#1162,#1211,#1260,#1971,#2097,#2173,#2244,#2271,#2298,
    #2305,#2498,#2547,#2689,#2716,#2743,#2848,#2875,#2951,#2978,#3060,
    #3087,#3163,#3170,#3241,#3288,#3319,#3346,#3357,#3550,#3599,#3741,
    #3768,#3795,#3900,#3927,#4003,#4030,#4112,#4139,#4215,#4222,#4293,
    #4340,#4371,#4398,#4409,#4602,#4651,#4793,#4820,#4847,#4952,#4979,
    #5055,#5082,#5164,#5191,#5267,#5274,#5345,#5392,#5423,#5450,#5461,
    #5538,#5570,#5629,#5676));
#17 = ADVANCED_FACE('',(#18,#279),#32,.T.);
#18 = FACE_BOUND('',#19,.F.);
#19 = EDGE_LOOP('',(#20,#55,#83,#111,#139,#168,#196,#225,#253));
#20 = ORIENTED_EDGE('',*,*,#21,.F.);
#21 = EDGE_CURVE('',#22,#24,#26,.T.);
#22 = VERTEX_POINT('',#23);
#23 = CARTESIAN_POINT('',(10.35,9.1,0.22));
#24 = VERTEX_POINT('',#25);
#25 = CARTESIAN_POINT('',(10.35,9.1,8.14));
#26 = SURFACE_CURVE('',#27,(#31,#43),.PCURVE_S1.);
#27 = LINE('',#28,#29);
#28 = CARTESIAN_POINT('',(10.35,9.1,0.22));
#29 = VECTOR('',#30,1.);
#30 = DIRECTION('',(0.,-2.22044604925E-16,1.));
#31 = PCURVE('',#32,#37);
#32 = PLANE('',#33);
#33 = AXIS2_PLACEMENT_3D('',#34,#35,#36);
#34 = CARTESIAN_POINT('',(10.35,0.,0.));
#35 = DIRECTION('',(1.,0.,-2.22044604925E-16));
#36 = DIRECTION('',(-2.22044604925E-16,1.,0.));
#37 = DEFINITIONAL_REPRESENTATION('',(#38),#42);
#38 = LINE('',#39,#40);
#39 = CARTESIAN_POINT('',(9.1,0.22));
#40 = VECTOR('',#41,1.);
#41 = DIRECTION('',(-2.22044604925E-16,1.));
#42 = ( GEOMETRIC_REPRESENTATION_CONTEXT(2) 
PARAMETRIC_REPRESENTATION_CONTEXT() REPRESENTATION_CONTEXT('2D SPACE',''
  ) );
#43 = PCURVE('',#44,#49);
#44 = PLANE('',#45);
#45 = AXIS2_PLACEMENT_3D('',#46,#47,#48);
#46 = CARTESIAN_POINT('',(10.35,9.1,0.22));
#47 = DIRECTION('',(-2.22044604925E-16,1.,0.));
#48 = DIRECTION('',(0.,-2.22044604925E-16,1.));
#49 = DEFINITIONAL_REPRESENTATION('',(#50),#54);
#50 = LINE('',#51,#52);
#51 = CARTESIAN_POINT('',(0.,0.));
#52 = VECTOR('',#53,1.);
#53 = DIRECTION('',(1.,-2.22044604925E-16));
#54 = ( GEOMETRIC_REPRESENTATION_CONTEXT(2) 
PARAMETRIC_REPRESENTATION_CONTEXT() REPRESENTATION_CONTEXT('2D SPACE',''
  ) );
#55 = ORIENTED_EDGE('',*,*,#56,.F.);
#56 = EDGE_CURVE('',#57,#22,#59,.T.);
#57 = VERTEX_POINT('',#58);
#58 = CARTESIAN_POINT('',(10.35,-9.1,0.22));
#59 = SURFACE_CURVE('',#60,(#64,#71),.PCURVE_S1.);
#60 = LINE('',#61,#62);
#61 = CARTESIAN_POINT('',(10.35,-9.1,0.22));
#62 = VECTOR('',#63,1.);
#63 = DIRECTION('',(-2.22044604925E-16,1.,0.));
#64 = PCURVE('',#32,#65);
#65 = DEFINITIONAL_REPRESENTATION('',(#66),#70);
#66 = LINE('',#67,#68);
#67 = CARTESIAN_POINT('',(-9.1,0.22));
#68 = VECTOR('',#69,1.);
#69 = DIRECTION('',(1.,-2.22044604925E-16));
#70 = ( GEOMETRIC_REPRESENTATION_CONTEXT(2) 
PARAMETRIC_REPRESENTATION_CONTEXT() REPRESENTATION_CONTEXT('2D SPACE',''
  ) );
#71 = PCURVE('',#72,#77);
#72 = PLANE('',#73);
#73 = AXIS2_PLACEMENT_3D('',#74,#75,#76);
#74 = CARTESIAN_POINT('',(10.35,-9.1,0.22));
#75 = DIRECTION('',(0.,2.22044604925E-16,-1.));
#76 = DIRECTION('',(-2.22044604925E-16,1.,0.));
#77 = DEFINITIONAL_REPRESENTATION('',(#78),#82);
#78 = LINE('',#79,#80);
#79 = CARTESIAN_POINT('',(0.,0.));
#80 = VECTOR('',#81,1.);
#81 = DIRECTION('',(1.,-2.22044604925E-16));
#82 = ( GEOMETRIC_REPRESENTATION_CONTEXT(2) 
PARAMETRIC_REPRESENTATION_CONTEXT() REPRESENTATION_CONTEXT('2D SPACE',''
  ) );
#83 = ORIENTED_EDGE('',*,*,#84,.F.);
#84 = EDGE_CURVE('',#85,#57,#87,.T.);
#85 = VERTEX_POINT('',#86);
#86 = CARTESIAN_POINT('',(10.35,-9.1,8.14));
#87 = SURFACE_CURVE('',#88,(#92,#99),.PCURVE_S1.);
#88 = LINE('',#89,#90);
#89 = CARTESIAN_POINT('',(10.35,-9.1,8.14));
#90 = VECTOR('',#91,1.);
#91 = DIRECTION('',(0.,2.22044604925E-16,-1.));
#92 = PCURVE('',#32,#93);
#93 = DEFINITIONAL_REPRESENTATION('',(#94),#98);
#94 = LINE('',#95,#96);
#95 = CARTESIAN_POINT('',(-9.1,8.14));
#96 = VECTOR('',#97,1.);
#97 = DIRECTION('',(2.22044604925E-16,-1.));
#98 = ( GEOMETRIC_REPRESENTATION_CONTEXT(2) 
PARAMETRIC_REPRESENTATION_CONTEXT() REPRESENTATION_CONTEXT('2D SPACE',''
  ) );
#99 = PCURVE('',#100,#105);
#100 = PLANE('',#101);
#101 = AXIS2_PLACEMENT_3D('',#102,#103,#104);
#102 = CARTESIAN_POINT('',(10.35,-9.1,8.14));
#103 = DIRECTION('',(2.22044604925E-16,-1.,0.));
#104 = DIRECTION('',(0.,2.22044604925E-16,-1.));
#105 = DEFINITIONAL_REPRESENTATION('',(#106),#110);
#106 = LINE('',#107,#108);
#107 = CARTESIAN_POINT('',(0.,0.));
#108 = VECTOR('',#109,1.);
#109 = DIRECTION('',(1.,2.22044604925E-16));
#110 = ( GEOMETRIC_REPRESENTATION_CONTEXT(2) 
PARAMETRIC_REPRESENTATION_CONTEXT() REPRESENTATION_CONTEXT('2D SPACE',''
  ) );
#111 = ORIENTED_EDGE('',*,*,#112,.F.);
#112 = EDGE_CURVE('',#113,#85,#115,.T.);
#113 = VERTEX_POINT('',#114);
#114 = CARTESIAN_POINT('',(10.35,-7.53,8.14));
#115 = SURFACE_CURVE('',#116,(#120,#127),.PCURVE_S1.);
#116 = LINE('',#117,#118);
#117 = CARTESIAN_POINT('',(10.35,-7.53,8.14));
#118 = VECTOR('',#119,1.);
#119 = DIRECTION('',(2.22044604925E-16,-1.,0.));
#120 = PCURVE('',#32,#121);
#121 = DEFINITIONAL_REPRESENTATION('',(#122),#126);
#122 = LINE('',#123,#124);
#123 = CARTESIAN_POINT('',(-7.53,8.14));
#124 = VECTOR('',#125,1.);
#125 = DIRECTION('',(-1.,2.22044604925E-16));
#126 = ( GEOMETRIC_REPRESENTATION_CONTEXT(2) 
PARAMETRIC_REPRESENTATION_CONTEXT() REPRESENTATION_CONTEXT('2D SPACE',''
  ) );
#127 = PCURVE('',#128,#133);
#128 = PLANE('',#129);
#129 = AXIS2_PLACEMENT_3D('',#130,#131,#132);
#130 = CARTESIAN_POINT('',(10.35,-7.53,8.14));
#131 = DIRECTION('',(0.,-2.22044604925E-16,1.));
#132 = DIRECTION('',(2.22044604925E-16,-1.,0.));
#133 = DEFINITIONAL_REPRESENTATION('',(#134),#138);
#134 = LINE('',#135,#136);
#135 = CARTESIAN_POINT('',(0.,0.));
#136 = VECTOR('',#137,1.);
#137 = DIRECTION('',(1.,2.22044604925E-16));
#138 = ( GEOMETRIC_REPRESENTATION_CONTEXT(2) 
PARAMETRIC_REPRESENTATION_CONTEXT() REPRESENTATION_CONTEXT('2D SPACE',''
  ) );
#139 = ORIENTED_EDGE('',*,*,#140,.F.);
#140 = EDGE_CURVE('',#141,#113,#143,.T.);
#141 = VERTEX_POINT('',#142);
#142 = CARTESIAN_POINT('',(10.35,6.034658029383,12.64375426377));
#143 = SURFACE_CURVE('',#144,(#149,#156),.PCURVE_S1.);
#144 = CIRCLE('',#145,7.53);
#145 = AXIS2_PLACEMENT_3D('',#146,#147,#148);
#146 = CARTESIAN_POINT('',(10.35,-1.80744308409E-15,8.14));
#147 = DIRECTION('',(1.,2.22044604925E-16,6.414110643954E-32));
#148 = DIRECTION('',(-1.779499678608E-16,0.801415408949,0.598108135958)
  );
#149 = PCURVE('',#32,#150);
#150 = DEFINITIONAL_REPRESENTATION('',(#151),#155);
#151 = CIRCLE('',#152,7.53);
#152 = AXIS2_PLACEMENT_2D('',#153,#154);
#153 = CARTESIAN_POINT('',(-1.80744308409E-15,8.14));
#154 = DIRECTION('',(0.801415408949,0.598108135958));
#155 = ( GEOMETRIC_REPRESENTATION_CONTEXT(2) 
PARAMETRIC_REPRESENTATION_CONTEXT() REPRESENTATION_CONTEXT('2D SPACE',''
  ) );
#156 = PCURVE('',#157,#162);
#157 = CYLINDRICAL_SURFACE('',#158,7.53);
#158 = AXIS2_PLACEMENT_3D('',#159,#160,#161);
#159 = CARTESIAN_POINT('',(10.35,-1.80744308409E-15,8.14));
#160 = DIRECTION('',(1.,0.,-2.22044604925E-16));
#161 = DIRECTION('',(-2.22044604925E-16,1.,0.));
#162 = DEFINITIONAL_REPRESENTATION('',(#163),#167);
#163 = LINE('',#164,#165);
#164 = CARTESIAN_POINT('',(0.641138369993,0.));
#165 = VECTOR('',#166,1.);
#166 = DIRECTION('',(1.,0.));
#167 = ( GEOMETRIC_REPRESENTATION_CONTEXT(2) 
PARAMETRIC_REPRESENTATION_CONTEXT() REPRESENTATION_CONTEXT('2D SPACE',''
  ) );
#168 = ORIENTED_EDGE('',*,*,#169,.F.);
#169 = EDGE_CURVE('',#170,#141,#172,.T.);
#170 = VERTEX_POINT('',#171);
#171 = CARTESIAN_POINT('',(10.35,6.806468129807,13.55838799068));
#172 = SURFACE_CURVE('',#173,(#177,#184),.PCURVE_S1.);
#173 = LINE('',#174,#175);
#174 = CARTESIAN_POINT('',(10.35,6.806468129807,13.55838799068));
#175 = VECTOR('',#176,1.);
#176 = DIRECTION('',(1.431996385875E-16,-0.644913838982,-0.764255284764)
  );
#177 = PCURVE('',#32,#178);
#178 = DEFINITIONAL_REPRESENTATION('',(#179),#183);
#179 = LINE('',#180,#181);
#180 = CARTESIAN_POINT('',(6.806468129807,13.55838799068));
#181 = VECTOR('',#182,1.);
#182 = DIRECTION('',(-0.644913838982,-0.764255284764));
#183 = ( GEOMETRIC_REPRESENTATION_CONTEXT(2) 
PARAMETRIC_REPRESENTATION_CONTEXT() REPRESENTATION_CONTEXT('2D SPACE',''
  ) );
#184 = PCURVE('',#185,#190);
#185 = PLANE('',#186);
#186 = AXIS2_PLACEMENT_3D('',#187,#188,#189);
#187 = CARTESIAN_POINT('',(10.35,6.806468129807,13.55838799068));
#188 = DIRECTION('',(1.696987627672E-16,-0.764255284764,0.644913838982)
  );
#189 = DIRECTION('',(1.431996385875E-16,-0.644913838982,-0.764255284764)
  );
#190 = DEFINITIONAL_REPRESENTATION('',(#191),#195);
#191 = LINE('',#192,#193);
#192 = CARTESIAN_POINT('',(0.,0.));
#193 = VECTOR('',#194,1.);
#194 = DIRECTION('',(1.,3.128984013547E-16));
#195 = ( GEOMETRIC_REPRESENTATION_CONTEXT(2) 
PARAMETRIC_REPRESENTATION_CONTEXT() REPRESENTATION_CONTEXT('2D SPACE',''
  ) );
#196 = ORIENTED_EDGE('',*,*,#197,.F.);
#197 = EDGE_CURVE('',#198,#170,#200,.T.);
#198 = VERTEX_POINT('',#199);
#199 = CARTESIAN_POINT('',(10.35,9.079617834395,12.49070063694));
#200 = SURFACE_CURVE('',#201,(#206,#213),.PCURVE_S1.);
#201 = CIRCLE('',#202,1.3);
#202 = AXIS2_PLACEMENT_3D('',#203,#204,#205);
#203 = CARTESIAN_POINT('',(10.35,7.8,12.72));
#204 = DIRECTION('',(1.,2.22044604925E-16,4.742678374164E-32));
#205 = DIRECTION('',(-2.18563258841E-16,0.984321411073,-0.176384125429)
  );
#206 = PCURVE('',#32,#207);
#207 = DEFINITIONAL_REPRESENTATION('',(#208),#212);
#208 = CIRCLE('',#209,1.3);
#209 = AXIS2_PLACEMENT_2D('',#210,#211);
#210 = CARTESIAN_POINT('',(7.8,12.72));
#211 = DIRECTION('',(0.984321411073,-0.176384125429));
#212 = ( GEOMETRIC_REPRESENTATION_CONTEXT(2) 
PARAMETRIC_REPRESENTATION_CONTEXT() REPRESENTATION_CONTEXT('2D SPACE',''
  ) );
#213 = PCURVE('',#214,#219);
#214 = CYLINDRICAL_SURFACE('',#215,1.3);
#215 = AXIS2_PLACEMENT_3D('',#216,#217,#218);
#216 = CARTESIAN_POINT('',(10.35,7.8,12.72));
#217 = DIRECTION('',(1.,0.,-2.22044604925E-16));
#218 = DIRECTION('',(-2.22044604925E-16,1.,0.));
#219 = DEFINITIONAL_REPRESENTATION('',(#220),#224);
#220 = LINE('',#221,#222);
#221 = CARTESIAN_POINT('',(-0.177311763735,0.));
#222 = VECTOR('',#223,1.);
#223 = DIRECTION('',(1.,0.));
#224 = ( GEOMETRIC_REPRESENTATION_CONTEXT(2) 
PARAMETRIC_REPRESENTATION_CONTEXT() REPRESENTATION_CONTEXT('2D SPACE',''
  ) );
#225 = ORIENTED_EDGE('',*,*,#226,.F.);
#226 = EDGE_CURVE('',#227,#198,#229,.T.);
#227 = VERTEX_POINT('',#228);
#228 = CARTESIAN_POINT('',(10.35,8.3,8.14));
#229 = SURFACE_CURVE('',#230,(#234,#241),.PCURVE_S1.);
#230 = LINE('',#231,#232);
#231 = CARTESIAN_POINT('',(10.35,8.3,8.14));
#232 = VECTOR('',#233,1.);
#233 = DIRECTION('',(-3.916514344586E-17,0.176384125429,0.984321411073)
  );
#234 = PCURVE('',#32,#235);
#235 = DEFINITIONAL_REPRESENTATION('',(#236),#240);
#236 = LINE('',#237,#238);
#237 = CARTESIAN_POINT('',(8.3,8.14));
#238 = VECTOR('',#239,1.);
#239 = DIRECTION('',(0.176384125429,0.984321411073));
#240 = ( GEOMETRIC_REPRESENTATION_CONTEXT(2) 
PARAMETRIC_REPRESENTATION_CONTEXT() REPRESENTATION_CONTEXT('2D SPACE',''
  ) );
#241 = PCURVE('',#242,#247);
#242 = PLANE('',#243);
#243 = AXIS2_PLACEMENT_3D('',#244,#245,#246);
#244 = CARTESIAN_POINT('',(10.35,8.3,8.14));
#245 = DIRECTION('',(-2.18563258841E-16,0.984321411073,-0.176384125429)
  );
#246 = DIRECTION('',(-3.916514344586E-17,0.176384125429,0.984321411073)
  );
#247 = DEFINITIONAL_REPRESENTATION('',(#248),#252);
#248 = LINE('',#249,#250);
#249 = CARTESIAN_POINT('',(0.,0.));
#250 = VECTOR('',#251,1.);
#251 = DIRECTION('',(1.,-2.577284022868E-16));
#252 = ( GEOMETRIC_REPRESENTATION_CONTEXT(2) 
PARAMETRIC_REPRESENTATION_CONTEXT() REPRESENTATION_CONTEXT('2D SPACE',''
  ) );
#253 = ORIENTED_EDGE('',*,*,#254,.F.);
#254 = EDGE_CURVE('',#24,#227,#255,.T.);
#255 = SURFACE_CURVE('',#256,(#260,#267),.PCURVE_S1.);
#256 = LINE('',#257,#258);
#257 = CARTESIAN_POINT('',(10.35,9.1,8.14));
#258 = VECTOR('',#259,1.);
#259 = DIRECTION('',(2.22044604925E-16,-1.,0.));
#260 = PCURVE('',#32,#261);
#261 = DEFINITIONAL_REPRESENTATION('',(#262),#266);
#262 = LINE('',#263,#264);
#263 = CARTESIAN_POINT('',(9.1,8.14));
#264 = VECTOR('',#265,1.);
#265 = DIRECTION('',(-1.,2.22044604925E-16));
#266 = ( GEOMETRIC_REPRESENTATION_CONTEXT(2) 
PARAMETRIC_REPRESENTATION_CONTEXT() REPRESENTATION_CONTEXT('2D SPACE',''
  ) );
#267 = PCURVE('',#268,#273);
#268 = PLANE('',#269);
#269 = AXIS2_PLACEMENT_3D('',#270,#271,#272);
#270 = CARTESIAN_POINT('',(10.35,9.1,8.14));
#271 = DIRECTION('',(0.,-2.22044604925E-16,1.));
#272 = DIRECTION('',(2.22044604925E-16,-1.,0.));
#273 = DEFINITIONAL_REPRESENTATION('',(#274),#278);
#274 = LINE('',#275,#276);
#275 = CARTESIAN_POINT('',(0.,0.));
#276 = VECTOR('',#277,1.);
#277 = DIRECTION('',(1.,2.22044604925E-16));
#278 = ( GEOMETRIC_REPRESENTATION_CONTEXT(2) 
PARAMETRIC_REPRESENTATION_CONTEXT() REPRESENTATION_CONTEXT('2D SPACE',''
  ) );
#279 = FACE_BOUND('',#280,.F.);
#280 = EDGE_LOOP('',(#281,#316));
#281 = ORIENTED_EDGE('',*,*,#282,.F.);
#282 = EDGE_CURVE('',#283,#285,#287,.T.);
#283 = VERTEX_POINT('',#284);
#284 = CARTESIAN_POINT('',(10.35,-3.073097332162E-15,13.84));
#285 = VERTEX_POINT('',#286);
#286 = CARTESIAN_POINT('',(10.35,-5.417888360171E-16,2.44));
#287 = SURFACE_CURVE('',#288,(#293,#304),.PCURVE_S1.);
#288 = CIRCLE('',#289,5.7);
#289 = AXIS2_PLACEMENT_3D('',#290,#291,#292);
#290 = CARTESIAN_POINT('',(10.35,-1.80744308409E-15,8.14));
#291 = DIRECTION('',(-1.,-2.22044604925E-16,-4.930380657631E-32));
#292 = DIRECTION('',(0.,-2.22044604925E-16,1.));
#293 = PCURVE('',#32,#294);
#294 = DEFINITIONAL_REPRESENTATION('',(#295),#303);
#295 = ( BOUNDED_CURVE() B_SPLINE_CURVE(2,(#296,#297,#298,#299,#300,#301
,#302),.UNSPECIFIED.,.T.,.F.) B_SPLINE_CURVE_WITH_KNOTS((1,2,2,2,2,1),(
    -2.094395102393,0.,2.094395102393,4.188790204786,6.28318530718,
8.377580409573),.UNSPECIFIED.) CURVE() GEOMETRIC_REPRESENTATION_ITEM() 
RATIONAL_B_SPLINE_CURVE((1.,0.5,1.,0.5,1.,0.5,1.)) REPRESENTATION_ITEM(
  '') );
#296 = CARTESIAN_POINT('',(-3.073097332162E-15,13.84));
#297 = CARTESIAN_POINT('',(9.872689603143,13.84));
#298 = CARTESIAN_POINT('',(4.936344801571,5.29));
#299 = CARTESIAN_POINT('',(2.119962763084E-15,-3.26));
#300 = CARTESIAN_POINT('',(-4.936344801571,5.29));
#301 = CARTESIAN_POINT('',(-9.872689603143,13.84));
#302 = CARTESIAN_POINT('',(-3.073097332162E-15,13.84));
#303 = ( GEOMETRIC_REPRESENTATION_CONTEXT(2) 
PARAMETRIC_REPRESENTATION_CONTEXT() REPRESENTATION_CONTEXT('2D SPACE',''
  ) );
#304 = PCURVE('',#305,#310);
#305 = CYLINDRICAL_SURFACE('',#306,5.7);
#306 = AXIS2_PLACEMENT_3D('',#307,#308,#309);
#307 = CARTESIAN_POINT('',(14.6765,-1.80744308409E-15,8.14));
#308 = DIRECTION('',(-1.,0.,2.22044604925E-16));
#309 = DIRECTION('',(0.,2.22044604925E-16,-1.));
#310 = DEFINITIONAL_REPRESENTATION('',(#311),#315);
#311 = LINE('',#312,#313);
#312 = CARTESIAN_POINT('',(3.14159265359,4.3265));
#313 = VECTOR('',#314,1.);
#314 = DIRECTION('',(1.,0.));
#315 = ( GEOMETRIC_REPRESENTATION_CONTEXT(2) 
PARAMETRIC_REPRESENTATION_CONTEXT() REPRESENTATION_CONTEXT('2D SPACE',''
  ) );
#316 = ORIENTED_EDGE('',*,*,#317,.F.);
#317 = EDGE_CURVE('',#285,#283,#318,.T.);
#318 = SURFACE_CURVE('',#319,(#324,#335),.PCURVE_S1.);
#319 = CIRCLE('',#320,5.7);
#320 = AXIS2_PLACEMENT_3D('',#321,#322,#323);
#321 = CARTESIAN_POINT('',(10.35,-1.80744308409E-15,8.14));
#322 = DIRECTION('',(-1.,-2.22044604925E-16,-4.930380657631E-32));
#323 = DIRECTION('',(0.,2.22044604925E-16,-1.));
#324 = PCURVE('',#32,#325);
#325 = DEFINITIONAL_REPRESENTATION('',(#326),#334);
#326 = ( BOUNDED_CURVE() B_SPLINE_CURVE(2,(#327,#328,#329,#330,#331,#332
,#333),.UNSPECIFIED.,.T.,.F.) B_SPLINE_CURVE_WITH_KNOTS((1,2,2,2,2,1),(
    -2.094395102393,0.,2.094395102393,4.188790204786,6.28318530718,
8.377580409573),.UNSPECIFIED.) CURVE() GEOMETRIC_REPRESENTATION_ITEM() 
RATIONAL_B_SPLINE_CURVE((1.,0.5,1.,0.5,1.,0.5,1.)) REPRESENTATION_ITEM(
  '') );
#327 = CARTESIAN_POINT('',(-5.417888360171E-16,2.44));
#328 = CARTESIAN_POINT('',(-9.872689603143,2.44));
#329 = CARTESIAN_POINT('',(-4.936344801571,10.99));
#330 = CARTESIAN_POINT('',(-5.734848931263E-15,19.54));
#331 = CARTESIAN_POINT('',(4.936344801571,10.99));
#332 = CARTESIAN_POINT('',(9.872689603143,2.44));
#333 = CARTESIAN_POINT('',(-5.417888360171E-16,2.44));
#334 = ( GEOMETRIC_REPRESENTATION_CONTEXT(2) 
PARAMETRIC_REPRESENTATION_CONTEXT() REPRESENTATION_CONTEXT('2D SPACE',''
  ) );
#335 = PCURVE('',#336,#341);
#336 = CYLINDRICAL_SURFACE('',#337,5.7);
#337 = AXIS2_PLACEMENT_3D('',#338,#339,#340);
#338 = CARTESIAN_POINT('',(14.6765,-1.80744308409E-15,8.14));
#339 = DIRECTION('',(-1.,0.,2.22044604925E-16));
#340 = DIRECTION('',(0.,2.22044604925E-16,-1.));
#341 = DEFINITIONAL_REPRESENTATION('',(#342),#346);
#342 = LINE('',#343,#344);
#343 = CARTESIAN_POINT('',(0.,4.3265));
#344 = VECTOR('',#345,1.);
#345 = DIRECTION('',(1.,0.));
#346 = ( GEOMETRIC_REPRESENTATION_CONTEXT(2) 
PARAMETRIC_REPRESENTATION_CONTEXT() REPRESENTATION_CONTEXT('2D SPACE',''
  ) );
#347 = ADVANCED_FACE('',(#348,#421),#363,.T.);
#348 = FACE_BOUND('',#349,.F.);
#349 = EDGE_LOOP('',(#350,#390));
#350 = ORIENTED_EDGE('',*,*,#351,.T.);
#351 = EDGE_CURVE('',#352,#354,#356,.T.);
#352 = VERTEX_POINT('',#353);
#353 = CARTESIAN_POINT('',(10.35,-2.728928194529E-15,12.29));
#354 = VERTEX_POINT('',#355);
#355 = CARTESIAN_POINT('',(10.35,-8.859579736509E-16,3.99));
#356 = SURFACE_CURVE('',#357,(#362,#378),.PCURVE_S1.);
#357 = CIRCLE('',#358,4.15);
#358 = AXIS2_PLACEMENT_3D('',#359,#360,#361);
#359 = CARTESIAN_POINT('',(10.35,-1.80744308409E-15,8.14));
#360 = DIRECTION('',(-1.,-2.22044604925E-16,-4.930380657631E-32));
#361 = DIRECTION('',(0.,-2.22044604925E-16,1.));
#362 = PCURVE('',#363,#368);
#363 = PLANE('',#364);
#364 = AXIS2_PLACEMENT_3D('',#365,#366,#367);
#365 = CARTESIAN_POINT('',(10.35,0.,0.));
#366 = DIRECTION('',(1.,0.,-2.22044604925E-16));
#367 = DIRECTION('',(-2.22044604925E-16,1.,0.));
#368 = DEFINITIONAL_REPRESENTATION('',(#369),#377);
#369 = ( BOUNDED_CURVE() B_SPLINE_CURVE(2,(#370,#371,#372,#373,#374,#375
,#376),.UNSPECIFIED.,.T.,.F.) B_SPLINE_CURVE_WITH_KNOTS((1,2,2,2,2,1),(
    -2.094395102393,0.,2.094395102393,4.188790204786,6.28318530718,
8.377580409573),.UNSPECIFIED.) CURVE() GEOMETRIC_REPRESENTATION_ITEM() 
RATIONAL_B_SPLINE_CURVE((1.,0.5,1.,0.5,1.,0.5,1.)) REPRESENTATION_ITEM(
  '') );
#370 = CARTESIAN_POINT('',(-2.728928194529E-15,12.29));
#371 = CARTESIAN_POINT('',(7.188010851411,12.29));
#372 = CARTESIAN_POINT('',(3.594005425705,6.065));
#373 = CARTESIAN_POINT('',(1.05198398008E-15,-0.16));
#374 = CARTESIAN_POINT('',(-3.594005425705,6.065));
#375 = CARTESIAN_POINT('',(-7.188010851411,12.29));
#376 = CARTESIAN_POINT('',(-2.728928194529E-15,12.29));
#377 = ( GEOMETRIC_REPRESENTATION_CONTEXT(2) 
PARAMETRIC_REPRESENTATION_CONTEXT() REPRESENTATION_CONTEXT('2D SPACE',''
  ) );
#378 = PCURVE('',#379,#384);
#379 = CYLINDRICAL_SURFACE('',#380,4.15);
#380 = AXIS2_PLACEMENT_3D('',#381,#382,#383);
#381 = CARTESIAN_POINT('',(14.6765,-1.80744308409E-15,8.14));
#382 = DIRECTION('',(-1.,0.,2.22044604925E-16));
#383 = DIRECTION('',(0.,2.22044604925E-16,-1.));
#384 = DEFINITIONAL_REPRESENTATION('',(#385),#389);
#385 = LINE('',#386,#387);
#386 = CARTESIAN_POINT('',(3.14159265359,4.3265));
#387 = VECTOR('',#388,1.);
#388 = DIRECTION('',(1.,0.));
#389 = ( GEOMETRIC_REPRESENTATION_CONTEXT(2) 
PARAMETRIC_REPRESENTATION_CONTEXT() REPRESENTATION_CONTEXT('2D SPACE',''
  ) );
#390 = ORIENTED_EDGE('',*,*,#391,.T.);
#391 = EDGE_CURVE('',#354,#352,#392,.T.);
#392 = SURFACE_CURVE('',#393,(#398,#409),.PCURVE_S1.);
#393 = CIRCLE('',#394,4.15);
#394 = AXIS2_PLACEMENT_3D('',#395,#396,#397);
#395 = CARTESIAN_POINT('',(10.35,-1.80744308409E-15,8.14));
#396 = DIRECTION('',(-1.,-2.22044604925E-16,-4.930380657631E-32));
#397 = DIRECTION('',(0.,2.22044604925E-16,-1.));
#398 = PCURVE('',#363,#399);
#399 = DEFINITIONAL_REPRESENTATION('',(#400),#408);
#400 = ( BOUNDED_CURVE() B_SPLINE_CURVE(2,(#401,#402,#403,#404,#405,#406
,#407),.UNSPECIFIED.,.T.,.F.) B_SPLINE_CURVE_WITH_KNOTS((1,2,2,2,2,1),(
    -2.094395102393,0.,2.094395102393,4.188790204786,6.28318530718,
8.377580409573),.UNSPECIFIED.) CURVE() GEOMETRIC_REPRESENTATION_ITEM() 
RATIONAL_B_SPLINE_CURVE((1.,0.5,1.,0.5,1.,0.5,1.)) REPRESENTATION_ITEM(
  '') );
#401 = CARTESIAN_POINT('',(-8.859579736509E-16,3.99));
#402 = CARTESIAN_POINT('',(-7.188010851411,3.99));
#403 = CARTESIAN_POINT('',(-3.594005425705,10.215));
#404 = CARTESIAN_POINT('',(-4.66687014826E-15,16.44));
#405 = CARTESIAN_POINT('',(3.594005425705,10.215));
#406 = CARTESIAN_POINT('',(7.188010851411,3.99));
#407 = CARTESIAN_POINT('',(-8.859579736509E-16,3.99));
#408 = ( GEOMETRIC_REPRESENTATION_CONTEXT(2) 
PARAMETRIC_REPRESENTATION_CONTEXT() REPRESENTATION_CONTEXT('2D SPACE',''
  ) );
#409 = PCURVE('',#410,#415);
#410 = CYLINDRICAL_SURFACE('',#411,4.15);
#411 = AXIS2_PLACEMENT_3D('',#412,#413,#414);
#412 = CARTESIAN_POINT('',(14.6765,-1.80744308409E-15,8.14));
#413 = DIRECTION('',(-1.,0.,2.22044604925E-16));
#414 = DIRECTION('',(0.,2.22044604925E-16,-1.));
#415 = DEFINITIONAL_REPRESENTATION('',(#416),#420);
#416 = LINE('',#417,#418);
#417 = CARTESIAN_POINT('',(0.,4.3265));
#418 = VECTOR('',#419,1.);
#419 = DIRECTION('',(1.,0.));
#420 = ( GEOMETRIC_REPRESENTATION_CONTEXT(2) 
PARAMETRIC_REPRESENTATION_CONTEXT() REPRESENTATION_CONTEXT('2D SPACE',''
  ) );
#421 = FACE_BOUND('',#422,.F.);
#422 = EDGE_LOOP('',(#423,#458));
#423 = ORIENTED_EDGE('',*,*,#424,.F.);
#424 = EDGE_CURVE('',#425,#427,#429,.T.);
#425 = VERTEX_POINT('',#426);
#426 = CARTESIAN_POINT('',(10.35,3.25,8.14));
#427 = VERTEX_POINT('',#428);
#428 = CARTESIAN_POINT('',(10.35,-3.25,8.14));
#429 = SURFACE_CURVE('',#430,(#435,#446),.PCURVE_S1.);
#430 = CIRCLE('',#431,3.25);
#431 = AXIS2_PLACEMENT_3D('',#432,#433,#434);
#432 = CARTESIAN_POINT('',(10.35,-1.80744308409E-15,8.14));
#433 = DIRECTION('',(-1.,-2.22044604925E-16,-4.930380657631E-32));
#434 = DIRECTION('',(-2.22044604925E-16,1.,0.));
#435 = PCURVE('',#363,#436);
#436 = DEFINITIONAL_REPRESENTATION('',(#437),#445);
#437 = ( BOUNDED_CURVE() B_SPLINE_CURVE(2,(#438,#439,#440,#441,#442,#443
,#444),.UNSPECIFIED.,.T.,.F.) B_SPLINE_CURVE_WITH_KNOTS((1,2,2,2,2,1),(
    -2.094395102393,0.,2.094395102393,4.188790204786,6.28318530718,
8.377580409573),.UNSPECIFIED.) CURVE() GEOMETRIC_REPRESENTATION_ITEM() 
RATIONAL_B_SPLINE_CURVE((1.,0.5,1.,0.5,1.,0.5,1.)) REPRESENTATION_ITEM(
  '') );
#438 = CARTESIAN_POINT('',(3.25,8.14));
#439 = CARTESIAN_POINT('',(3.25,2.510834875401));
#440 = CARTESIAN_POINT('',(-1.625,5.325417437701));
#441 = CARTESIAN_POINT('',(-6.5,8.14));
#442 = CARTESIAN_POINT('',(-1.625,10.954582562299));
#443 = CARTESIAN_POINT('',(3.25,13.769165124599));
#444 = CARTESIAN_POINT('',(3.25,8.14));
#445 = ( GEOMETRIC_REPRESENTATION_CONTEXT(2) 
PARAMETRIC_REPRESENTATION_CONTEXT() REPRESENTATION_CONTEXT('2D SPACE',''
  ) );
#446 = PCURVE('',#447,#452);
#447 = CYLINDRICAL_SURFACE('',#448,3.25);
#448 = AXIS2_PLACEMENT_3D('',#449,#450,#451);
#449 = CARTESIAN_POINT('',(10.35,-1.80744308409E-15,8.14));
#450 = DIRECTION('',(1.,0.,-2.22044604925E-16));
#451 = DIRECTION('',(-2.22044604925E-16,1.,0.));
#452 = DEFINITIONAL_REPRESENTATION('',(#453),#457);
#453 = LINE('',#454,#455);
#454 = CARTESIAN_POINT('',(6.28318530718,0.));
#455 = VECTOR('',#456,1.);
#456 = DIRECTION('',(-1.,0.));
#457 = ( GEOMETRIC_REPRESENTATION_CONTEXT(2) 
PARAMETRIC_REPRESENTATION_CONTEXT() REPRESENTATION_CONTEXT('2D SPACE',''
  ) );
#458 = ORIENTED_EDGE('',*,*,#459,.F.);
#459 = EDGE_CURVE('',#427,#425,#460,.T.);
#460 = SURFACE_CURVE('',#461,(#466,#477),.PCURVE_S1.);
#461 = CIRCLE('',#462,3.25);
#462 = AXIS2_PLACEMENT_3D('',#463,#464,#465);
#463 = CARTESIAN_POINT('',(10.35,-1.80744308409E-15,8.14));
#464 = DIRECTION('',(-1.,-2.22044604925E-16,-4.930380657631E-32));
#465 = DIRECTION('',(2.22044604925E-16,-1.,0.));
#466 = PCURVE('',#363,#467);
#467 = DEFINITIONAL_REPRESENTATION('',(#468),#476);
#468 = ( BOUNDED_CURVE() B_SPLINE_CURVE(2,(#469,#470,#471,#472,#473,#474
,#475),.UNSPECIFIED.,.T.,.F.) B_SPLINE_CURVE_WITH_KNOTS((1,2,2,2,2,1),(
    -2.094395102393,0.,2.094395102393,4.188790204786,6.28318530718,
8.377580409573),.UNSPECIFIED.) CURVE() GEOMETRIC_REPRESENTATION_ITEM() 
RATIONAL_B_SPLINE_CURVE((1.,0.5,1.,0.5,1.,0.5,1.)) REPRESENTATION_ITEM(
  '') );
#469 = CARTESIAN_POINT('',(-3.25,8.14));
#470 = CARTESIAN_POINT('',(-3.25,13.769165124599));
#471 = CARTESIAN_POINT('',(1.625,10.954582562299));
#472 = CARTESIAN_POINT('',(6.5,8.14));
#473 = CARTESIAN_POINT('',(1.625,5.325417437701));
#474 = CARTESIAN_POINT('',(-3.25,2.510834875401));
#475 = CARTESIAN_POINT('',(-3.25,8.14));
#476 = ( GEOMETRIC_REPRESENTATION_CONTEXT(2) 
PARAMETRIC_REPRESENTATION_CONTEXT() REPRESENTATION_CONTEXT('2D SPACE',''
  ) );
#477 = PCURVE('',#478,#483);
#478 = CYLINDRICAL_SURFACE('',#479,3.25);
#479 = AXIS2_PLACEMENT_3D('',#480,#481,#482);
#480 = CARTESIAN_POINT('',(10.35,-1.80744308409E-15,8.14));
#481 = DIRECTION('',(1.,0.,-2.22044604925E-16));
#482 = DIRECTION('',(-2.22044604925E-16,1.,0.));
#483 = DEFINITIONAL_REPRESENTATION('',(#484),#488);
#484 = LINE('',#485,#486);
#485 = CARTESIAN_POINT('',(3.14159265359,0.));
#486 = VECTOR('',#487,1.);
#487 = DIRECTION('',(-1.,0.));
#488 = ( GEOMETRIC_REPRESENTATION_CONTEXT(2) 
PARAMETRIC_REPRESENTATION_CONTEXT() REPRESENTATION_CONTEXT('2D SPACE',''
  ) );
#489 = ADVANCED_FACE('',(#490),#447,.F.);
#490 = FACE_BOUND('',#491,.F.);
#491 = EDGE_LOOP('',(#492,#518,#541,#570,#593,#617,#638,#639));
#492 = ORIENTED_EDGE('',*,*,#493,.T.);
#493 = EDGE_CURVE('',#494,#496,#498,.T.);
#494 = VERTEX_POINT('',#495);
#495 = CARTESIAN_POINT('',(-10.26,-3.25,8.14));
#496 = VERTEX_POINT('',#497);
#497 = CARTESIAN_POINT('',(-10.26,-1.085798118083E-15,4.89));
#498 = SURFACE_CURVE('',#499,(#504,#511),.PCURVE_S1.);
#499 = CIRCLE('',#500,3.25);
#500 = AXIS2_PLACEMENT_3D('',#501,#502,#503);
#501 = CARTESIAN_POINT('',(-10.26,-1.80744308409E-15,8.14));
#502 = DIRECTION('',(1.,2.22044604925E-16,4.930380657631E-32));
#503 = DIRECTION('',(2.22044604925E-16,-1.,0.));
#504 = PCURVE('',#447,#505);
#505 = DEFINITIONAL_REPRESENTATION('',(#506),#510);
#506 = LINE('',#507,#508);
#507 = CARTESIAN_POINT('',(3.14159265359,-20.61));
#508 = VECTOR('',#509,1.);
#509 = DIRECTION('',(1.,0.));
#510 = ( GEOMETRIC_REPRESENTATION_CONTEXT(2) 
PARAMETRIC_REPRESENTATION_CONTEXT() REPRESENTATION_CONTEXT('2D SPACE',''
  ) );
#511 = PCURVE('',#478,#512);
#512 = DEFINITIONAL_REPRESENTATION('',(#513),#517);
#513 = LINE('',#514,#515);
#514 = CARTESIAN_POINT('',(3.14159265359,-20.61));
#515 = VECTOR('',#516,1.);
#516 = DIRECTION('',(1.,0.));
#517 = ( GEOMETRIC_REPRESENTATION_CONTEXT(2) 
PARAMETRIC_REPRESENTATION_CONTEXT() REPRESENTATION_CONTEXT('2D SPACE',''
  ) );
#518 = ORIENTED_EDGE('',*,*,#519,.T.);
#519 = EDGE_CURVE('',#496,#520,#522,.T.);
#520 = VERTEX_POINT('',#521);
#521 = CARTESIAN_POINT('',(-11.13361162513,-1.085798118083E-15,4.89));
#522 = SURFACE_CURVE('',#523,(#527,#534),.PCURVE_S1.);
#523 = LINE('',#524,#525);
#524 = CARTESIAN_POINT('',(-10.26,-1.085798118083E-15,4.89));
#525 = VECTOR('',#526,1.);
#526 = DIRECTION('',(-1.,0.,2.22044604925E-16));
#527 = PCURVE('',#447,#528);
#528 = DEFINITIONAL_REPRESENTATION('',(#529),#533);
#529 = LINE('',#530,#531);
#530 = CARTESIAN_POINT('',(4.712388980385,-20.61));
#531 = VECTOR('',#532,1.);
#532 = DIRECTION('',(0.,-1.));
#533 = ( GEOMETRIC_REPRESENTATION_CONTEXT(2) 
PARAMETRIC_REPRESENTATION_CONTEXT() REPRESENTATION_CONTEXT('2D SPACE',''
  ) );
#534 = PCURVE('',#478,#535);
#535 = DEFINITIONAL_REPRESENTATION('',(#536),#540);
#536 = LINE('',#537,#538);
#537 = CARTESIAN_POINT('',(4.712388980385,-20.61));
#538 = VECTOR('',#539,1.);
#539 = DIRECTION('',(0.,-1.));
#540 = ( GEOMETRIC_REPRESENTATION_CONTEXT(2) 
PARAMETRIC_REPRESENTATION_CONTEXT() REPRESENTATION_CONTEXT('2D SPACE',''
  ) );
#541 = ORIENTED_EDGE('',*,*,#542,.F.);
#542 = EDGE_CURVE('',#543,#520,#545,.T.);
#543 = VERTEX_POINT('',#544);
#544 = CARTESIAN_POINT('',(-11.13361162513,-2.529088050096E-15,11.39));
#545 = SURFACE_CURVE('',#546,(#551,#558),.PCURVE_S1.);
#546 = CIRCLE('',#547,3.25);
#547 = AXIS2_PLACEMENT_3D('',#548,#549,#550);
#548 = CARTESIAN_POINT('',(-11.13361162513,-1.80744308409E-15,8.14));
#549 = DIRECTION('',(-1.,-2.22044604925E-16,-4.930380657631E-32));
#550 = DIRECTION('',(0.,-2.22044604925E-16,1.));
#551 = PCURVE('',#447,#552);
#552 = DEFINITIONAL_REPRESENTATION('',(#553),#557);
#553 = LINE('',#554,#555);
#554 = CARTESIAN_POINT('',(7.853981633974,-21.48361162513));
#555 = VECTOR('',#556,1.);
#556 = DIRECTION('',(-1.,0.));
#557 = ( GEOMETRIC_REPRESENTATION_CONTEXT(2) 
PARAMETRIC_REPRESENTATION_CONTEXT() REPRESENTATION_CONTEXT('2D SPACE',''
  ) );
#558 = PCURVE('',#559,#564);
#559 = CONICAL_SURFACE('',#560,1.625,1.047197551196);
#560 = AXIS2_PLACEMENT_3D('',#561,#562,#563);
#561 = CARTESIAN_POINT('',(-12.07180581257,-1.80744308409E-15,8.14));
#562 = DIRECTION('',(1.,0.,-2.22044604925E-16));
#563 = DIRECTION('',(0.,-2.22044604925E-16,1.));
#564 = DEFINITIONAL_REPRESENTATION('',(#565),#569);
#565 = LINE('',#566,#567);
#566 = CARTESIAN_POINT('',(6.28318530718,0.938194187435));
#567 = VECTOR('',#568,1.);
#568 = DIRECTION('',(-1.,0.));
#569 = ( GEOMETRIC_REPRESENTATION_CONTEXT(2) 
PARAMETRIC_REPRESENTATION_CONTEXT() REPRESENTATION_CONTEXT('2D SPACE',''
  ) );
#570 = ORIENTED_EDGE('',*,*,#571,.F.);
#571 = EDGE_CURVE('',#572,#543,#574,.T.);
#572 = VERTEX_POINT('',#573);
#573 = CARTESIAN_POINT('',(-10.26,-2.529088050096E-15,11.39));
#574 = SURFACE_CURVE('',#575,(#579,#586),.PCURVE_S1.);
#575 = LINE('',#576,#577);
#576 = CARTESIAN_POINT('',(-10.26,-2.529088050096E-15,11.39));
#577 = VECTOR('',#578,1.);
#578 = DIRECTION('',(-1.,0.,2.22044604925E-16));
#579 = PCURVE('',#447,#580);
#580 = DEFINITIONAL_REPRESENTATION('',(#581),#585);
#581 = LINE('',#582,#583);
#582 = CARTESIAN_POINT('',(7.853981633974,-20.61));
#583 = VECTOR('',#584,1.);
#584 = DIRECTION('',(0.,-1.));
#585 = ( GEOMETRIC_REPRESENTATION_CONTEXT(2) 
PARAMETRIC_REPRESENTATION_CONTEXT() REPRESENTATION_CONTEXT('2D SPACE',''
  ) );
#586 = PCURVE('',#478,#587);
#587 = DEFINITIONAL_REPRESENTATION('',(#588),#592);
#588 = LINE('',#589,#590);
#589 = CARTESIAN_POINT('',(1.570796326795,-20.61));
#590 = VECTOR('',#591,1.);
#591 = DIRECTION('',(0.,-1.));
#592 = ( GEOMETRIC_REPRESENTATION_CONTEXT(2) 
PARAMETRIC_REPRESENTATION_CONTEXT() REPRESENTATION_CONTEXT('2D SPACE',''
  ) );
#593 = ORIENTED_EDGE('',*,*,#594,.F.);
#594 = EDGE_CURVE('',#595,#572,#597,.T.);
#595 = VERTEX_POINT('',#596);
#596 = CARTESIAN_POINT('',(-10.26,3.25,8.14));
#597 = SURFACE_CURVE('',#598,(#603,#610),.PCURVE_S1.);
#598 = CIRCLE('',#599,3.25);
#599 = AXIS2_PLACEMENT_3D('',#600,#601,#602);
#600 = CARTESIAN_POINT('',(-10.26,-1.80744308409E-15,8.14));
#601 = DIRECTION('',(1.,2.22044604925E-16,4.930380657631E-32));
#602 = DIRECTION('',(-2.22044604925E-16,1.,0.));
#603 = PCURVE('',#447,#604);
#604 = DEFINITIONAL_REPRESENTATION('',(#605),#609);
#605 = LINE('',#606,#607);
#606 = CARTESIAN_POINT('',(6.28318530718,-20.61));
#607 = VECTOR('',#608,1.);
#608 = DIRECTION('',(1.,0.));
#609 = ( GEOMETRIC_REPRESENTATION_CONTEXT(2) 
PARAMETRIC_REPRESENTATION_CONTEXT() REPRESENTATION_CONTEXT('2D SPACE',''
  ) );
#610 = PCURVE('',#478,#611);
#611 = DEFINITIONAL_REPRESENTATION('',(#612),#616);
#612 = LINE('',#613,#614);
#613 = CARTESIAN_POINT('',(0.,-20.61));
#614 = VECTOR('',#615,1.);
#615 = DIRECTION('',(1.,0.));
#616 = ( GEOMETRIC_REPRESENTATION_CONTEXT(2) 
PARAMETRIC_REPRESENTATION_CONTEXT() REPRESENTATION_CONTEXT('2D SPACE',''
  ) );
#617 = ORIENTED_EDGE('',*,*,#618,.F.);
#618 = EDGE_CURVE('',#425,#595,#619,.T.);
#619 = SURFACE_CURVE('',#620,(#624,#631),.PCURVE_S1.);
#620 = LINE('',#621,#622);
#621 = CARTESIAN_POINT('',(10.35,3.25,8.14));
#622 = VECTOR('',#623,1.);
#623 = DIRECTION('',(-1.,0.,2.22044604925E-16));
#624 = PCURVE('',#447,#625);
#625 = DEFINITIONAL_REPRESENTATION('',(#626),#630);
#626 = LINE('',#627,#628);
#627 = CARTESIAN_POINT('',(6.28318530718,0.));
#628 = VECTOR('',#629,1.);
#629 = DIRECTION('',(0.,-1.));
#630 = ( GEOMETRIC_REPRESENTATION_CONTEXT(2) 
PARAMETRIC_REPRESENTATION_CONTEXT() REPRESENTATION_CONTEXT('2D SPACE',''
  ) );
#631 = PCURVE('',#478,#632);
#632 = DEFINITIONAL_REPRESENTATION('',(#633),#637);
#633 = LINE('',#634,#635);
#634 = CARTESIAN_POINT('',(0.,0.));
#635 = VECTOR('',#636,1.);
#636 = DIRECTION('',(0.,-1.));
#637 = ( GEOMETRIC_REPRESENTATION_CONTEXT(2) 
PARAMETRIC_REPRESENTATION_CONTEXT() REPRESENTATION_CONTEXT('2D SPACE',''
  ) );
#638 = ORIENTED_EDGE('',*,*,#424,.T.);
#639 = ORIENTED_EDGE('',*,*,#640,.T.);
#640 = EDGE_CURVE('',#427,#494,#641,.T.);
#641 = SURFACE_CURVE('',#642,(#646,#653),.PCURVE_S1.);
#642 = LINE('',#643,#644);
#643 = CARTESIAN_POINT('',(10.35,-3.25,8.14));
#644 = VECTOR('',#645,1.);
#645 = DIRECTION('',(-1.,0.,2.22044604925E-16));
#646 = PCURVE('',#447,#647);
#647 = DEFINITIONAL_REPRESENTATION('',(#648),#652);
#648 = LINE('',#649,#650);
#649 = CARTESIAN_POINT('',(3.14159265359,0.));
#650 = VECTOR('',#651,1.);
#651 = DIRECTION('',(0.,-1.));
#652 = ( GEOMETRIC_REPRESENTATION_CONTEXT(2) 
PARAMETRIC_REPRESENTATION_CONTEXT() REPRESENTATION_CONTEXT('2D SPACE',''
  ) );
#653 = PCURVE('',#478,#654);
#654 = DEFINITIONAL_REPRESENTATION('',(#655),#659);
#655 = LINE('',#656,#657);
#656 = CARTESIAN_POINT('',(3.14159265359,0.));
#657 = VECTOR('',#658,1.);
#658 = DIRECTION('',(0.,-1.));
#659 = ( GEOMETRIC_REPRESENTATION_CONTEXT(2) 
PARAMETRIC_REPRESENTATION_CONTEXT() REPRESENTATION_CONTEXT('2D SPACE',''
  ) );
#660 = ADVANCED_FACE('',(#661),#478,.F.);
#661 = FACE_BOUND('',#662,.F.);
#662 = EDGE_LOOP('',(#663,#664,#665,#692,#693,#694,#695,#696));
#663 = ORIENTED_EDGE('',*,*,#594,.T.);
#664 = ORIENTED_EDGE('',*,*,#571,.T.);
#665 = ORIENTED_EDGE('',*,*,#666,.T.);
#666 = EDGE_CURVE('',#543,#520,#667,.T.);
#667 = SURFACE_CURVE('',#668,(#673,#680),.PCURVE_S1.);
#668 = CIRCLE('',#669,3.25);
#669 = AXIS2_PLACEMENT_3D('',#670,#671,#672);
#670 = CARTESIAN_POINT('',(-11.13361162513,-1.80744308409E-15,8.14));
#671 = DIRECTION('',(1.,2.22044604925E-16,4.930380657631E-32));
#672 = DIRECTION('',(0.,-2.22044604925E-16,1.));
#673 = PCURVE('',#478,#674);
#674 = DEFINITIONAL_REPRESENTATION('',(#675),#679);
#675 = LINE('',#676,#677);
#676 = CARTESIAN_POINT('',(1.570796326795,-21.48361162513));
#677 = VECTOR('',#678,1.);
#678 = DIRECTION('',(1.,0.));
#679 = ( GEOMETRIC_REPRESENTATION_CONTEXT(2) 
PARAMETRIC_REPRESENTATION_CONTEXT() REPRESENTATION_CONTEXT('2D SPACE',''
  ) );
#680 = PCURVE('',#681,#686);
#681 = CONICAL_SURFACE('',#682,1.625,1.047197551196);
#682 = AXIS2_PLACEMENT_3D('',#683,#684,#685);
#683 = CARTESIAN_POINT('',(-12.07180581257,-1.80744308409E-15,8.14));
#684 = DIRECTION('',(1.,0.,-2.22044604925E-16));
#685 = DIRECTION('',(0.,-2.22044604925E-16,1.));
#686 = DEFINITIONAL_REPRESENTATION('',(#687),#691);
#687 = LINE('',#688,#689);
#688 = CARTESIAN_POINT('',(0.,0.938194187435));
#689 = VECTOR('',#690,1.);
#690 = DIRECTION('',(1.,0.));
#691 = ( GEOMETRIC_REPRESENTATION_CONTEXT(2) 
PARAMETRIC_REPRESENTATION_CONTEXT() REPRESENTATION_CONTEXT('2D SPACE',''
  ) );
#692 = ORIENTED_EDGE('',*,*,#519,.F.);
#693 = ORIENTED_EDGE('',*,*,#493,.F.);
#694 = ORIENTED_EDGE('',*,*,#640,.F.);
#695 = ORIENTED_EDGE('',*,*,#459,.T.);
#696 = ORIENTED_EDGE('',*,*,#618,.T.);
#697 = ADVANCED_FACE('',(#698),#681,.F.);
#698 = FACE_BOUND('',#699,.F.);
#699 = EDGE_LOOP('',(#700,#767,#832));
#700 = ORIENTED_EDGE('',*,*,#701,.T.);
#701 = EDGE_CURVE('',#543,#702,#704,.T.);
#702 = VERTEX_POINT('',#703);
#703 = CARTESIAN_POINT('',(-13.01,-1.80744308409E-15,8.14));
#704 = SURFACE_CURVE('',#705,(#709,#738),.PCURVE_S1.);
#705 = LINE('',#706,#707);
#706 = CARTESIAN_POINT('',(-11.13361162513,-2.529088050096E-15,11.39));
#707 = VECTOR('',#708,1.);
#708 = DIRECTION('',(-0.5,1.922962686384E-16,-0.866025403784));
#709 = PCURVE('',#681,#710);
#710 = DEFINITIONAL_REPRESENTATION('',(#711),#737);
#711 = B_SPLINE_CURVE_WITH_KNOTS('',3,(#712,#713,#714,#715,#716,#717,
    #718,#719,#720,#721,#722,#723,#724,#725,#726,#727,#728,#729,#730,
    #731,#732,#733,#734,#735,#736),.UNSPECIFIED.,.F.,.F.,(4,1,1,1,1,1,1,
    1,1,1,1,1,1,1,1,1,1,1,1,1,1,1,4),(0.,0.170580761352,0.341161522703,
    0.511742284055,0.682323045406,0.852903806758,1.023484568109,
    1.194065329461,1.364646090813,1.535226852164,1.705807613516,
    1.876388374867,2.046969136219,2.21754989757,2.388130658922,
    2.558711420273,2.729292181625,2.899872942977,3.070453704328,
    3.24103446568,3.411615227031,3.582195988383,3.752776749734),
  .QUASI_UNIFORM_KNOTS.);
#712 = CARTESIAN_POINT('',(0.,0.938194187435));
#713 = CARTESIAN_POINT('',(0.,0.909764060543));
#714 = CARTESIAN_POINT('',(0.,0.852903806759));
#715 = CARTESIAN_POINT('',(0.,0.767613426084));
#716 = CARTESIAN_POINT('',(0.,0.682323045408));
#717 = CARTESIAN_POINT('',(0.,0.597032664732));
#718 = CARTESIAN_POINT('',(0.,0.511742284056));
#719 = CARTESIAN_POINT('',(0.,0.42645190338));
#720 = CARTESIAN_POINT('',(0.,0.341161522704));
#721 = CARTESIAN_POINT('',(0.,0.255871142029));
#722 = CARTESIAN_POINT('',(0.,0.170580761353));
#723 = CARTESIAN_POINT('',(0.,8.529038067706E-02));
#724 = CARTESIAN_POINT('',(0.,1.250060427242E-12));
#725 = CARTESIAN_POINT('',(0.,-8.529038067456E-02));
#726 = CARTESIAN_POINT('',(0.,-0.17058076135));
#727 = CARTESIAN_POINT('',(0.,-0.255871142026));
#728 = CARTESIAN_POINT('',(0.,-0.341161522702));
#729 = CARTESIAN_POINT('',(0.,-0.426451903378));
#730 = CARTESIAN_POINT('',(0.,-0.511742284054));
#731 = CARTESIAN_POINT('',(0.,-0.597032664729));
#732 = CARTESIAN_POINT('',(0.,-0.682323045405));
#733 = CARTESIAN_POINT('',(0.,-0.767613426081));
#734 = CARTESIAN_POINT('',(0.,-0.852903806757));
#735 = CARTESIAN_POINT('',(0.,-0.909764060541));
#736 = CARTESIAN_POINT('',(0.,-0.938194187433));
#737 = ( GEOMETRIC_REPRESENTATION_CONTEXT(2) 
PARAMETRIC_REPRESENTATION_CONTEXT() REPRESENTATION_CONTEXT('2D SPACE',''
  ) );
#738 = PCURVE('',#559,#739);
#739 = DEFINITIONAL_REPRESENTATION('',(#740),#766);
#740 = B_SPLINE_CURVE_WITH_KNOTS('',3,(#741,#742,#743,#744,#745,#746,
    #747,#748,#749,#750,#751,#752,#753,#754,#755,#756,#757,#758,#759,
    #760,#761,#762,#763,#764,#765),.UNSPECIFIED.,.F.,.F.,(4,1,1,1,1,1,1,
    1,1,1,1,1,1,1,1,1,1,1,1,1,1,1,4),(0.,0.170580761352,0.341161522703,
    0.511742284055,0.682323045406,0.852903806758,1.023484568109,
    1.194065329461,1.364646090813,1.535226852164,1.705807613516,
    1.876388374867,2.046969136219,2.21754989757,2.388130658922,
    2.558711420273,2.729292181625,2.899872942977,3.070453704328,
    3.24103446568,3.411615227031,3.582195988383,3.752776749734),
  .QUASI_UNIFORM_KNOTS.);
#741 = CARTESIAN_POINT('',(6.28318530718,0.938194187435));
#742 = CARTESIAN_POINT('',(6.28318530718,0.909764060543));
#743 = CARTESIAN_POINT('',(6.28318530718,0.852903806759));
#744 = CARTESIAN_POINT('',(6.28318530718,0.767613426084));
#745 = CARTESIAN_POINT('',(6.28318530718,0.682323045408));
#746 = CARTESIAN_POINT('',(6.28318530718,0.597032664732));
#747 = CARTESIAN_POINT('',(6.28318530718,0.511742284056));
#748 = CARTESIAN_POINT('',(6.28318530718,0.42645190338));
#749 = CARTESIAN_POINT('',(6.28318530718,0.341161522704));
#750 = CARTESIAN_POINT('',(6.28318530718,0.255871142029));
#751 = CARTESIAN_POINT('',(6.28318530718,0.170580761353));
#752 = CARTESIAN_POINT('',(6.28318530718,8.529038067706E-02));
#753 = CARTESIAN_POINT('',(6.28318530718,1.250060427242E-12));
#754 = CARTESIAN_POINT('',(6.28318530718,-8.529038067456E-02));
#755 = CARTESIAN_POINT('',(6.28318530718,-0.17058076135));
#756 = CARTESIAN_POINT('',(6.28318530718,-0.255871142026));
#757 = CARTESIAN_POINT('',(6.28318530718,-0.341161522702));
#758 = CARTESIAN_POINT('',(6.28318530718,-0.426451903378));
#759 = CARTESIAN_POINT('',(6.28318530718,-0.511742284054));
#760 = CARTESIAN_POINT('',(6.28318530718,-0.597032664729));
#761 = CARTESIAN_POINT('',(6.28318530718,-0.682323045405));
#762 = CARTESIAN_POINT('',(6.28318530718,-0.767613426081));
#763 = CARTESIAN_POINT('',(6.28318530718,-0.852903806757));
#764 = CARTESIAN_POINT('',(6.28318530718,-0.909764060541));
#765 = CARTESIAN_POINT('',(6.28318530718,-0.938194187433));
#766 = ( GEOMETRIC_REPRESENTATION_CONTEXT(2) 
PARAMETRIC_REPRESENTATION_CONTEXT() REPRESENTATION_CONTEXT('2D SPACE',''
  ) );
#767 = ORIENTED_EDGE('',*,*,#768,.F.);
#768 = EDGE_CURVE('',#520,#702,#769,.T.);
#769 = SURFACE_CURVE('',#770,(#774,#803),.PCURVE_S1.);
#770 = LINE('',#771,#772);
#771 = CARTESIAN_POINT('',(-11.13361162513,-1.085798118083E-15,4.89));
#772 = VECTOR('',#773,1.);
#773 = DIRECTION('',(-0.5,-1.922962686384E-16,0.866025403784));
#774 = PCURVE('',#681,#775);
#775 = DEFINITIONAL_REPRESENTATION('',(#776),#802);
#776 = B_SPLINE_CURVE_WITH_KNOTS('',3,(#777,#778,#779,#780,#781,#782,
    #783,#784,#785,#786,#787,#788,#789,#790,#791,#792,#793,#794,#795,
    #796,#797,#798,#799,#800,#801),.UNSPECIFIED.,.F.,.F.,(4,1,1,1,1,1,1,
    1,1,1,1,1,1,1,1,1,1,1,1,1,1,1,4),(0.,0.170580761352,0.341161522703,
    0.511742284055,0.682323045406,0.852903806758,1.023484568109,
    1.194065329461,1.364646090813,1.535226852164,1.705807613516,
    1.876388374867,2.046969136219,2.21754989757,2.388130658922,
    2.558711420273,2.729292181625,2.899872942977,3.070453704328,
    3.24103446568,3.411615227031,3.582195988383,3.752776749734),
  .QUASI_UNIFORM_KNOTS.);
#777 = CARTESIAN_POINT('',(3.14159265359,0.938194187435));
#778 = CARTESIAN_POINT('',(3.14159265359,0.909764060543));
#779 = CARTESIAN_POINT('',(3.14159265359,0.852903806759));
#780 = CARTESIAN_POINT('',(3.14159265359,0.767613426084));
#781 = CARTESIAN_POINT('',(3.14159265359,0.682323045408));
#782 = CARTESIAN_POINT('',(3.14159265359,0.597032664732));
#783 = CARTESIAN_POINT('',(3.14159265359,0.511742284056));
#784 = CARTESIAN_POINT('',(3.14159265359,0.42645190338));
#785 = CARTESIAN_POINT('',(3.14159265359,0.341161522704));
#786 = CARTESIAN_POINT('',(3.14159265359,0.255871142029));
#787 = CARTESIAN_POINT('',(3.14159265359,0.170580761353));
#788 = CARTESIAN_POINT('',(3.14159265359,8.529038067706E-02));
#789 = CARTESIAN_POINT('',(3.14159265359,1.250335075382E-12));
#790 = CARTESIAN_POINT('',(3.14159265359,-8.529038067456E-02));
#791 = CARTESIAN_POINT('',(3.14159265359,-0.17058076135));
#792 = CARTESIAN_POINT('',(3.14159265359,-0.255871142026));
#793 = CARTESIAN_POINT('',(3.14159265359,-0.341161522702));
#794 = CARTESIAN_POINT('',(3.14159265359,-0.426451903378));
#795 = CARTESIAN_POINT('',(3.14159265359,-0.511742284054));
#796 = CARTESIAN_POINT('',(3.14159265359,-0.597032664729));
#797 = CARTESIAN_POINT('',(3.14159265359,-0.682323045405));
#798 = CARTESIAN_POINT('',(3.14159265359,-0.767613426081));
#799 = CARTESIAN_POINT('',(3.14159265359,-0.852903806757));
#800 = CARTESIAN_POINT('',(3.14159265359,-0.90976406054));
#801 = CARTESIAN_POINT('',(3.14159265359,-0.938194187431));
#802 = ( GEOMETRIC_REPRESENTATION_CONTEXT(2) 
PARAMETRIC_REPRESENTATION_CONTEXT() REPRESENTATION_CONTEXT('2D SPACE',''
  ) );
#803 = PCURVE('',#559,#804);
#804 = DEFINITIONAL_REPRESENTATION('',(#805),#831);
#805 = B_SPLINE_CURVE_WITH_KNOTS('',3,(#806,#807,#808,#809,#810,#811,
    #812,#813,#814,#815,#816,#817,#818,#819,#820,#821,#822,#823,#824,
    #825,#826,#827,#828,#829,#830),.UNSPECIFIED.,.F.,.F.,(4,1,1,1,1,1,1,
    1,1,1,1,1,1,1,1,1,1,1,1,1,1,1,4),(0.,0.170580761352,0.341161522703,
    0.511742284055,0.682323045406,0.852903806758,1.023484568109,
    1.194065329461,1.364646090813,1.535226852164,1.705807613516,
    1.876388374867,2.046969136219,2.21754989757,2.388130658922,
    2.558711420273,2.729292181625,2.899872942977,3.070453704328,
    3.24103446568,3.411615227031,3.582195988383,3.752776749734),
  .QUASI_UNIFORM_KNOTS.);
#806 = CARTESIAN_POINT('',(3.14159265359,0.938194187435));
#807 = CARTESIAN_POINT('',(3.14159265359,0.909764060543));
#808 = CARTESIAN_POINT('',(3.14159265359,0.852903806759));
#809 = CARTESIAN_POINT('',(3.14159265359,0.767613426084));
#810 = CARTESIAN_POINT('',(3.14159265359,0.682323045408));
#811 = CARTESIAN_POINT('',(3.14159265359,0.597032664732));
#812 = CARTESIAN_POINT('',(3.14159265359,0.511742284056));
#813 = CARTESIAN_POINT('',(3.14159265359,0.42645190338));
#814 = CARTESIAN_POINT('',(3.14159265359,0.341161522704));
#815 = CARTESIAN_POINT('',(3.14159265359,0.255871142029));
#816 = CARTESIAN_POINT('',(3.14159265359,0.170580761353));
#817 = CARTESIAN_POINT('',(3.14159265359,8.529038067706E-02));
#818 = CARTESIAN_POINT('',(3.14159265359,1.250335075382E-12));
#819 = CARTESIAN_POINT('',(3.14159265359,-8.529038067456E-02));
#820 = CARTESIAN_POINT('',(3.14159265359,-0.17058076135));
#821 = CARTESIAN_POINT('',(3.14159265359,-0.255871142026));
#822 = CARTESIAN_POINT('',(3.14159265359,-0.341161522702));
#823 = CARTESIAN_POINT('',(3.14159265359,-0.426451903378));
#824 = CARTESIAN_POINT('',(3.14159265359,-0.511742284054));
#825 = CARTESIAN_POINT('',(3.14159265359,-0.597032664729));
#826 = CARTESIAN_POINT('',(3.14159265359,-0.682323045405));
#827 = CARTESIAN_POINT('',(3.14159265359,-0.767613426081));
#828 = CARTESIAN_POINT('',(3.14159265359,-0.852903806757));
#829 = CARTESIAN_POINT('',(3.14159265359,-0.90976406054));
#830 = CARTESIAN_POINT('',(3.14159265359,-0.938194187431));
#831 = ( GEOMETRIC_REPRESENTATION_CONTEXT(2) 
PARAMETRIC_REPRESENTATION_CONTEXT() REPRESENTATION_CONTEXT('2D SPACE',''
  ) );
#832 = ORIENTED_EDGE('',*,*,#666,.F.);
#833 = ADVANCED_FACE('',(#834),#559,.F.);
#834 = FACE_BOUND('',#835,.F.);
#835 = EDGE_LOOP('',(#836,#837,#838));
#836 = ORIENTED_EDGE('',*,*,#701,.F.);
#837 = ORIENTED_EDGE('',*,*,#542,.T.);
#838 = ORIENTED_EDGE('',*,*,#768,.T.);
#839 = ADVANCED_FACE('',(#840),#44,.T.);
#840 = FACE_BOUND('',#841,.F.);
#841 = EDGE_LOOP('',(#842,#843,#866,#894));
#842 = ORIENTED_EDGE('',*,*,#21,.T.);
#843 = ORIENTED_EDGE('',*,*,#844,.T.);
#844 = EDGE_CURVE('',#24,#845,#847,.T.);
#845 = VERTEX_POINT('',#846);
#846 = CARTESIAN_POINT('',(-10.26,9.1,8.14));
#847 = SURFACE_CURVE('',#848,(#852,#859),.PCURVE_S1.);
#848 = LINE('',#849,#850);
#849 = CARTESIAN_POINT('',(10.35,9.1,8.14));
#850 = VECTOR('',#851,1.);
#851 = DIRECTION('',(-1.,0.,2.22044604925E-16));
#852 = PCURVE('',#44,#853);
#853 = DEFINITIONAL_REPRESENTATION('',(#854),#858);
#854 = LINE('',#855,#856);
#855 = CARTESIAN_POINT('',(7.92,-1.758593271006E-15));
#856 = VECTOR('',#857,1.);
#857 = DIRECTION('',(2.22044604925E-16,-1.));
#858 = ( GEOMETRIC_REPRESENTATION_CONTEXT(2) 
PARAMETRIC_REPRESENTATION_CONTEXT() REPRESENTATION_CONTEXT('2D SPACE',''
  ) );
#859 = PCURVE('',#268,#860);
#860 = DEFINITIONAL_REPRESENTATION('',(#861),#865);
#861 = LINE('',#862,#863);
#862 = CARTESIAN_POINT('',(0.,0.));
#863 = VECTOR('',#864,1.);
#864 = DIRECTION('',(-2.22044604925E-16,-1.));
#865 = ( GEOMETRIC_REPRESENTATION_CONTEXT(2) 
PARAMETRIC_REPRESENTATION_CONTEXT() REPRESENTATION_CONTEXT('2D SPACE',''
  ) );
#866 = ORIENTED_EDGE('',*,*,#867,.F.);
#867 = EDGE_CURVE('',#868,#845,#870,.T.);
#868 = VERTEX_POINT('',#869);
#869 = CARTESIAN_POINT('',(-10.26,9.1,0.22));
#870 = SURFACE_CURVE('',#871,(#875,#882),.PCURVE_S1.);
#871 = LINE('',#872,#873);
#872 = CARTESIAN_POINT('',(-10.26,9.1,0.22));
#873 = VECTOR('',#874,1.);
#874 = DIRECTION('',(0.,-2.22044604925E-16,1.));
#875 = PCURVE('',#44,#876);
#876 = DEFINITIONAL_REPRESENTATION('',(#877),#881);
#877 = LINE('',#878,#879);
#878 = CARTESIAN_POINT('',(4.579669976579E-15,-20.61));
#879 = VECTOR('',#880,1.);
#880 = DIRECTION('',(1.,-2.22044604925E-16));
#881 = ( GEOMETRIC_REPRESENTATION_CONTEXT(2) 
PARAMETRIC_REPRESENTATION_CONTEXT() REPRESENTATION_CONTEXT('2D SPACE',''
  ) );
#882 = PCURVE('',#883,#888);
#883 = PLANE('',#884);
#884 = AXIS2_PLACEMENT_3D('',#885,#886,#887);
#885 = CARTESIAN_POINT('',(-10.26,0.,4.576339307505E-15));
#886 = DIRECTION('',(1.,0.,-2.22044604925E-16));
#887 = DIRECTION('',(-2.22044604925E-16,1.,0.));
#888 = DEFINITIONAL_REPRESENTATION('',(#889),#893);
#889 = LINE('',#890,#891);
#890 = CARTESIAN_POINT('',(9.1,0.22));
#891 = VECTOR('',#892,1.);
#892 = DIRECTION('',(-2.22044604925E-16,1.));
#893 = ( GEOMETRIC_REPRESENTATION_CONTEXT(2) 
PARAMETRIC_REPRESENTATION_CONTEXT() REPRESENTATION_CONTEXT('2D SPACE',''
  ) );
#894 = ORIENTED_EDGE('',*,*,#895,.F.);
#895 = EDGE_CURVE('',#22,#868,#896,.T.);
#896 = SURFACE_CURVE('',#897,(#901,#908),.PCURVE_S1.);
#897 = LINE('',#898,#899);
#898 = CARTESIAN_POINT('',(10.35,9.1,0.22));
#899 = VECTOR('',#900,1.);
#900 = DIRECTION('',(-1.,0.,2.22044604925E-16));
#901 = PCURVE('',#44,#902);
#902 = DEFINITIONAL_REPRESENTATION('',(#903),#907);
#903 = LINE('',#904,#905);
#904 = CARTESIAN_POINT('',(0.,0.));
#905 = VECTOR('',#906,1.);
#906 = DIRECTION('',(2.22044604925E-16,-1.));
#907 = ( GEOMETRIC_REPRESENTATION_CONTEXT(2) 
PARAMETRIC_REPRESENTATION_CONTEXT() REPRESENTATION_CONTEXT('2D SPACE',''
  ) );
#908 = PCURVE('',#72,#909);
#909 = DEFINITIONAL_REPRESENTATION('',(#910),#914);
#910 = LINE('',#911,#912);
#911 = CARTESIAN_POINT('',(18.2,-3.552713678801E-15));
#912 = VECTOR('',#913,1.);
#913 = DIRECTION('',(2.22044604925E-16,-1.));
#914 = ( GEOMETRIC_REPRESENTATION_CONTEXT(2) 
PARAMETRIC_REPRESENTATION_CONTEXT() REPRESENTATION_CONTEXT('2D SPACE',''
  ) );
#915 = ADVANCED_FACE('',(#916),#268,.T.);
#916 = FACE_BOUND('',#917,.F.);
#917 = EDGE_LOOP('',(#918,#919,#942,#963));
#918 = ORIENTED_EDGE('',*,*,#254,.T.);
#919 = ORIENTED_EDGE('',*,*,#920,.T.);
#920 = EDGE_CURVE('',#227,#921,#923,.T.);
#921 = VERTEX_POINT('',#922);
#922 = CARTESIAN_POINT('',(-10.26,8.3,8.14));
#923 = SURFACE_CURVE('',#924,(#928,#935),.PCURVE_S1.);
#924 = LINE('',#925,#926);
#925 = CARTESIAN_POINT('',(10.35,8.3,8.14));
#926 = VECTOR('',#927,1.);
#927 = DIRECTION('',(-1.,0.,2.22044604925E-16));
#928 = PCURVE('',#268,#929);
#929 = DEFINITIONAL_REPRESENTATION('',(#930),#934);
#930 = LINE('',#931,#932);
#931 = CARTESIAN_POINT('',(0.8,0.));
#932 = VECTOR('',#933,1.);
#933 = DIRECTION('',(-2.22044604925E-16,-1.));
#934 = ( GEOMETRIC_REPRESENTATION_CONTEXT(2) 
PARAMETRIC_REPRESENTATION_CONTEXT() REPRESENTATION_CONTEXT('2D SPACE',''
  ) );
#935 = PCURVE('',#242,#936);
#936 = DEFINITIONAL_REPRESENTATION('',(#937),#941);
#937 = LINE('',#938,#939);
#938 = CARTESIAN_POINT('',(0.,0.));
#939 = VECTOR('',#940,1.);
#940 = DIRECTION('',(2.577284022868E-16,-1.));
#941 = ( GEOMETRIC_REPRESENTATION_CONTEXT(2) 
PARAMETRIC_REPRESENTATION_CONTEXT() REPRESENTATION_CONTEXT('2D SPACE',''
  ) );
#942 = ORIENTED_EDGE('',*,*,#943,.F.);
#943 = EDGE_CURVE('',#845,#921,#944,.T.);
#944 = SURFACE_CURVE('',#945,(#949,#956),.PCURVE_S1.);
#945 = LINE('',#946,#947);
#946 = CARTESIAN_POINT('',(-10.26,9.1,8.14));
#947 = VECTOR('',#948,1.);
#948 = DIRECTION('',(2.22044604925E-16,-1.,0.));
#949 = PCURVE('',#268,#950);
#950 = DEFINITIONAL_REPRESENTATION('',(#951),#955);
#951 = LINE('',#952,#953);
#952 = CARTESIAN_POINT('',(-4.576339307505E-15,-20.61));
#953 = VECTOR('',#954,1.);
#954 = DIRECTION('',(1.,2.22044604925E-16));
#955 = ( GEOMETRIC_REPRESENTATION_CONTEXT(2) 
PARAMETRIC_REPRESENTATION_CONTEXT() REPRESENTATION_CONTEXT('2D SPACE',''
  ) );
#956 = PCURVE('',#883,#957);
#957 = DEFINITIONAL_REPRESENTATION('',(#958),#962);
#958 = LINE('',#959,#960);
#959 = CARTESIAN_POINT('',(9.1,8.14));
#960 = VECTOR('',#961,1.);
#961 = DIRECTION('',(-1.,2.22044604925E-16));
#962 = ( GEOMETRIC_REPRESENTATION_CONTEXT(2) 
PARAMETRIC_REPRESENTATION_CONTEXT() REPRESENTATION_CONTEXT('2D SPACE',''
  ) );
#963 = ORIENTED_EDGE('',*,*,#844,.F.);
#964 = ADVANCED_FACE('',(#965),#242,.T.);
#965 = FACE_BOUND('',#966,.F.);
#966 = EDGE_LOOP('',(#967,#968,#991,#1012));
#967 = ORIENTED_EDGE('',*,*,#226,.T.);
#968 = ORIENTED_EDGE('',*,*,#969,.T.);
#969 = EDGE_CURVE('',#198,#970,#972,.T.);
#970 = VERTEX_POINT('',#971);
#971 = CARTESIAN_POINT('',(-10.26,9.079617834395,12.49070063694));
#972 = SURFACE_CURVE('',#973,(#977,#984),.PCURVE_S1.);
#973 = LINE('',#974,#975);
#974 = CARTESIAN_POINT('',(10.35,9.079617834395,12.49070063694));
#975 = VECTOR('',#976,1.);
#976 = DIRECTION('',(-1.,0.,2.22044604925E-16));
#977 = PCURVE('',#242,#978);
#978 = DEFINITIONAL_REPRESENTATION('',(#979),#983);
#979 = LINE('',#980,#981);
#980 = CARTESIAN_POINT('',(4.419999999997,-9.660496040764E-16));
#981 = VECTOR('',#982,1.);
#982 = DIRECTION('',(2.577284022868E-16,-1.));
#983 = ( GEOMETRIC_REPRESENTATION_CONTEXT(2) 
PARAMETRIC_REPRESENTATION_CONTEXT() REPRESENTATION_CONTEXT('2D SPACE',''
  ) );
#984 = PCURVE('',#214,#985);
#985 = DEFINITIONAL_REPRESENTATION('',(#986),#990);
#986 = LINE('',#987,#988);
#987 = CARTESIAN_POINT('',(-0.177311763737,0.));
#988 = VECTOR('',#989,1.);
#989 = DIRECTION('',(0.,-1.));
#990 = ( GEOMETRIC_REPRESENTATION_CONTEXT(2) 
PARAMETRIC_REPRESENTATION_CONTEXT() REPRESENTATION_CONTEXT('2D SPACE',''
  ) );
#991 = ORIENTED_EDGE('',*,*,#992,.F.);
#992 = EDGE_CURVE('',#921,#970,#993,.T.);
#993 = SURFACE_CURVE('',#994,(#998,#1005),.PCURVE_S1.);
#994 = LINE('',#995,#996);
#995 = CARTESIAN_POINT('',(-10.26,8.3,8.14));
#996 = VECTOR('',#997,1.);
#997 = DIRECTION('',(-3.916514344586E-17,0.176384125429,0.984321411073)
  );
#998 = PCURVE('',#242,#999);
#999 = DEFINITIONAL_REPRESENTATION('',(#1000),#1004);
#1000 = LINE('',#1001,#1002);
#1001 = CARTESIAN_POINT('',(5.426069523468E-15,-20.61));
#1002 = VECTOR('',#1003,1.);
#1003 = DIRECTION('',(1.,-2.577284022868E-16));
#1004 = ( GEOMETRIC_REPRESENTATION_CONTEXT(2) 
PARAMETRIC_REPRESENTATION_CONTEXT() REPRESENTATION_CONTEXT('2D SPACE',''
  ) );
#1005 = PCURVE('',#883,#1006);
#1006 = DEFINITIONAL_REPRESENTATION('',(#1007),#1011);
#1007 = LINE('',#1008,#1009);
#1008 = CARTESIAN_POINT('',(8.3,8.14));
#1009 = VECTOR('',#1010,1.);
#1010 = DIRECTION('',(0.176384125429,0.984321411073));
#1011 = ( GEOMETRIC_REPRESENTATION_CONTEXT(2) 
PARAMETRIC_REPRESENTATION_CONTEXT() REPRESENTATION_CONTEXT('2D SPACE',''
  ) );
#1012 = ORIENTED_EDGE('',*,*,#920,.F.);
#1013 = ADVANCED_FACE('',(#1014),#214,.T.);
#1014 = FACE_BOUND('',#1015,.T.);
#1015 = EDGE_LOOP('',(#1016,#1017,#1041,#1062));
#1016 = ORIENTED_EDGE('',*,*,#969,.T.);
#1017 = ORIENTED_EDGE('',*,*,#1018,.T.);
#1018 = EDGE_CURVE('',#970,#1019,#1021,.T.);
#1019 = VERTEX_POINT('',#1020);
#1020 = CARTESIAN_POINT('',(-10.26,6.806468129807,13.55838799068));
#1021 = SURFACE_CURVE('',#1022,(#1027,#1034),.PCURVE_S1.);
#1022 = CIRCLE('',#1023,1.3);
#1023 = AXIS2_PLACEMENT_3D('',#1024,#1025,#1026);
#1024 = CARTESIAN_POINT('',(-10.26,7.8,12.72));
#1025 = DIRECTION('',(1.,2.22044604925E-16,4.742678374164E-32));
#1026 = DIRECTION('',(-2.18563258841E-16,0.984321411073,-0.176384125429)
  );
#1027 = PCURVE('',#214,#1028);
#1028 = DEFINITIONAL_REPRESENTATION('',(#1029),#1033);
#1029 = LINE('',#1030,#1031);
#1030 = CARTESIAN_POINT('',(-0.177311763735,-20.61));
#1031 = VECTOR('',#1032,1.);
#1032 = DIRECTION('',(1.,0.));
#1033 = ( GEOMETRIC_REPRESENTATION_CONTEXT(2) 
PARAMETRIC_REPRESENTATION_CONTEXT() REPRESENTATION_CONTEXT('2D SPACE',''
  ) );
#1034 = PCURVE('',#883,#1035);
#1035 = DEFINITIONAL_REPRESENTATION('',(#1036),#1040);
#1036 = CIRCLE('',#1037,1.3);
#1037 = AXIS2_PLACEMENT_2D('',#1038,#1039);
#1038 = CARTESIAN_POINT('',(7.8,12.72));
#1039 = DIRECTION('',(0.984321411073,-0.176384125429));
#1040 = ( GEOMETRIC_REPRESENTATION_CONTEXT(2) 
PARAMETRIC_REPRESENTATION_CONTEXT() REPRESENTATION_CONTEXT('2D SPACE',''
  ) );
#1041 = ORIENTED_EDGE('',*,*,#1042,.F.);
#1042 = EDGE_CURVE('',#170,#1019,#1043,.T.);
#1043 = SURFACE_CURVE('',#1044,(#1048,#1055),.PCURVE_S1.);
#1044 = LINE('',#1045,#1046);
#1045 = CARTESIAN_POINT('',(10.35,6.806468129807,13.55838799068));
#1046 = VECTOR('',#1047,1.);
#1047 = DIRECTION('',(-1.,0.,2.22044604925E-16));
#1048 = PCURVE('',#214,#1049);
#1049 = DEFINITIONAL_REPRESENTATION('',(#1050),#1054);
#1050 = LINE('',#1051,#1052);
#1051 = CARTESIAN_POINT('',(2.440682114255,0.));
#1052 = VECTOR('',#1053,1.);
#1053 = DIRECTION('',(0.,-1.));
#1054 = ( GEOMETRIC_REPRESENTATION_CONTEXT(2) 
PARAMETRIC_REPRESENTATION_CONTEXT() REPRESENTATION_CONTEXT('2D SPACE',''
  ) );
#1055 = PCURVE('',#185,#1056);
#1056 = DEFINITIONAL_REPRESENTATION('',(#1057),#1061);
#1057 = LINE('',#1058,#1059);
#1058 = CARTESIAN_POINT('',(0.,0.));
#1059 = VECTOR('',#1060,1.);
#1060 = DIRECTION('',(-3.128984013547E-16,-1.));
#1061 = ( GEOMETRIC_REPRESENTATION_CONTEXT(2) 
PARAMETRIC_REPRESENTATION_CONTEXT() REPRESENTATION_CONTEXT('2D SPACE',''
  ) );
#1062 = ORIENTED_EDGE('',*,*,#197,.F.);
#1063 = ADVANCED_FACE('',(#1064),#185,.T.);
#1064 = FACE_BOUND('',#1065,.F.);
#1065 = EDGE_LOOP('',(#1066,#1067,#1090,#1111));
#1066 = ORIENTED_EDGE('',*,*,#169,.T.);
#1067 = ORIENTED_EDGE('',*,*,#1068,.T.);
#1068 = EDGE_CURVE('',#141,#1069,#1071,.T.);
#1069 = VERTEX_POINT('',#1070);
#1070 = CARTESIAN_POINT('',(-10.26,6.034658029383,12.64375426377));
#1071 = SURFACE_CURVE('',#1072,(#1076,#1083),.PCURVE_S1.);
#1072 = LINE('',#1073,#1074);
#1073 = CARTESIAN_POINT('',(10.35,6.034658029383,12.64375426377));
#1074 = VECTOR('',#1075,1.);
#1075 = DIRECTION('',(-1.,0.,2.22044604925E-16));
#1076 = PCURVE('',#185,#1077);
#1077 = DEFINITIONAL_REPRESENTATION('',(#1078),#1082);
#1078 = LINE('',#1079,#1080);
#1079 = CARTESIAN_POINT('',(1.196764674244,2.030894845427E-16));
#1080 = VECTOR('',#1081,1.);
#1081 = DIRECTION('',(-3.128984013547E-16,-1.));
#1082 = ( GEOMETRIC_REPRESENTATION_CONTEXT(2) 
PARAMETRIC_REPRESENTATION_CONTEXT() REPRESENTATION_CONTEXT('2D SPACE',''
  ) );
#1083 = PCURVE('',#157,#1084);
#1084 = DEFINITIONAL_REPRESENTATION('',(#1085),#1089);
#1085 = LINE('',#1086,#1087);
#1086 = CARTESIAN_POINT('',(0.641138369993,0.));
#1087 = VECTOR('',#1088,1.);
#1088 = DIRECTION('',(0.,-1.));
#1089 = ( GEOMETRIC_REPRESENTATION_CONTEXT(2) 
PARAMETRIC_REPRESENTATION_CONTEXT() REPRESENTATION_CONTEXT('2D SPACE',''
  ) );
#1090 = ORIENTED_EDGE('',*,*,#1091,.F.);
#1091 = EDGE_CURVE('',#1019,#1069,#1092,.T.);
#1092 = SURFACE_CURVE('',#1093,(#1097,#1104),.PCURVE_S1.);
#1093 = LINE('',#1094,#1095);
#1094 = CARTESIAN_POINT('',(-10.26,6.806468129807,13.55838799068));
#1095 = VECTOR('',#1096,1.);
#1096 = DIRECTION('',(1.431996385875E-16,-0.644913838982,-0.764255284764
    ));
#1097 = PCURVE('',#185,#1098);
#1098 = DEFINITIONAL_REPRESENTATION('',(#1099),#1103);
#1099 = LINE('',#1100,#1101);
#1100 = CARTESIAN_POINT('',(-7.024114857701E-15,-20.61));
#1101 = VECTOR('',#1102,1.);
#1102 = DIRECTION('',(1.,3.128984013547E-16));
#1103 = ( GEOMETRIC_REPRESENTATION_CONTEXT(2) 
PARAMETRIC_REPRESENTATION_CONTEXT() REPRESENTATION_CONTEXT('2D SPACE',''
  ) );
#1104 = PCURVE('',#883,#1105);
#1105 = DEFINITIONAL_REPRESENTATION('',(#1106),#1110);
#1106 = LINE('',#1107,#1108);
#1107 = CARTESIAN_POINT('',(6.806468129807,13.55838799068));
#1108 = VECTOR('',#1109,1.);
#1109 = DIRECTION('',(-0.644913838982,-0.764255284764));
#1110 = ( GEOMETRIC_REPRESENTATION_CONTEXT(2) 
PARAMETRIC_REPRESENTATION_CONTEXT() REPRESENTATION_CONTEXT('2D SPACE',''
  ) );
#1111 = ORIENTED_EDGE('',*,*,#1042,.F.);
#1112 = ADVANCED_FACE('',(#1113),#157,.T.);
#1113 = FACE_BOUND('',#1114,.T.);
#1114 = EDGE_LOOP('',(#1115,#1116,#1140,#1161));
#1115 = ORIENTED_EDGE('',*,*,#1068,.T.);
#1116 = ORIENTED_EDGE('',*,*,#1117,.T.);
#1117 = EDGE_CURVE('',#1069,#1118,#1120,.T.);
#1118 = VERTEX_POINT('',#1119);
#1119 = CARTESIAN_POINT('',(-10.26,-7.53,8.14));
#1120 = SURFACE_CURVE('',#1121,(#1126,#1133),.PCURVE_S1.);
#1121 = CIRCLE('',#1122,7.53);
#1122 = AXIS2_PLACEMENT_3D('',#1123,#1124,#1125);
#1123 = CARTESIAN_POINT('',(-10.26,-1.80744308409E-15,8.14));
#1124 = DIRECTION('',(1.,2.22044604925E-16,6.414110643954E-32));
#1125 = DIRECTION('',(-1.779499678608E-16,0.801415408949,0.598108135958)
  );
#1126 = PCURVE('',#157,#1127);
#1127 = DEFINITIONAL_REPRESENTATION('',(#1128),#1132);
#1128 = LINE('',#1129,#1130);
#1129 = CARTESIAN_POINT('',(0.641138369993,-20.61));
#1130 = VECTOR('',#1131,1.);
#1131 = DIRECTION('',(1.,0.));
#1132 = ( GEOMETRIC_REPRESENTATION_CONTEXT(2) 
PARAMETRIC_REPRESENTATION_CONTEXT() REPRESENTATION_CONTEXT('2D SPACE',''
  ) );
#1133 = PCURVE('',#883,#1134);
#1134 = DEFINITIONAL_REPRESENTATION('',(#1135),#1139);
#1135 = CIRCLE('',#1136,7.53);
#1136 = AXIS2_PLACEMENT_2D('',#1137,#1138);
#1137 = CARTESIAN_POINT('',(-1.80744308409E-15,8.14));
#1138 = DIRECTION('',(0.801415408949,0.598108135958));
#1139 = ( GEOMETRIC_REPRESENTATION_CONTEXT(2) 
PARAMETRIC_REPRESENTATION_CONTEXT() REPRESENTATION_CONTEXT('2D SPACE',''
  ) );
#1140 = ORIENTED_EDGE('',*,*,#1141,.F.);
#1141 = EDGE_CURVE('',#113,#1118,#1142,.T.);
#1142 = SURFACE_CURVE('',#1143,(#1147,#1154),.PCURVE_S1.);
#1143 = LINE('',#1144,#1145);
#1144 = CARTESIAN_POINT('',(10.35,-7.53,8.14));
#1145 = VECTOR('',#1146,1.);
#1146 = DIRECTION('',(-1.,0.,2.22044604925E-16));
#1147 = PCURVE('',#157,#1148);
#1148 = DEFINITIONAL_REPRESENTATION('',(#1149),#1153);
#1149 = LINE('',#1150,#1151);
#1150 = CARTESIAN_POINT('',(3.14159265359,0.));
#1151 = VECTOR('',#1152,1.);
#1152 = DIRECTION('',(0.,-1.));
#1153 = ( GEOMETRIC_REPRESENTATION_CONTEXT(2) 
PARAMETRIC_REPRESENTATION_CONTEXT() REPRESENTATION_CONTEXT('2D SPACE',''
  ) );
#1154 = PCURVE('',#128,#1155);
#1155 = DEFINITIONAL_REPRESENTATION('',(#1156),#1160);
#1156 = LINE('',#1157,#1158);
#1157 = CARTESIAN_POINT('',(0.,0.));
#1158 = VECTOR('',#1159,1.);
#1159 = DIRECTION('',(-2.22044604925E-16,-1.));
#1160 = ( GEOMETRIC_REPRESENTATION_CONTEXT(2) 
PARAMETRIC_REPRESENTATION_CONTEXT() REPRESENTATION_CONTEXT('2D SPACE',''
  ) );
#1161 = ORIENTED_EDGE('',*,*,#140,.F.);
#1162 = ADVANCED_FACE('',(#1163),#128,.T.);
#1163 = FACE_BOUND('',#1164,.F.);
#1164 = EDGE_LOOP('',(#1165,#1166,#1189,#1210));
#1165 = ORIENTED_EDGE('',*,*,#112,.T.);
#1166 = ORIENTED_EDGE('',*,*,#1167,.T.);
#1167 = EDGE_CURVE('',#85,#1168,#1170,.T.);
#1168 = VERTEX_POINT('',#1169);
#1169 = CARTESIAN_POINT('',(-10.26,-9.1,8.14));
#1170 = SURFACE_CURVE('',#1171,(#1175,#1182),.PCURVE_S1.);
#1171 = LINE('',#1172,#1173);
#1172 = CARTESIAN_POINT('',(10.35,-9.1,8.14));
#1173 = VECTOR('',#1174,1.);
#1174 = DIRECTION('',(-1.,0.,2.22044604925E-16));
#1175 = PCURVE('',#128,#1176);
#1176 = DEFINITIONAL_REPRESENTATION('',(#1177),#1181);
#1177 = LINE('',#1178,#1179);
#1178 = CARTESIAN_POINT('',(1.57,0.));
#1179 = VECTOR('',#1180,1.);
#1180 = DIRECTION('',(-2.22044604925E-16,-1.));
#1181 = ( GEOMETRIC_REPRESENTATION_CONTEXT(2) 
PARAMETRIC_REPRESENTATION_CONTEXT() REPRESENTATION_CONTEXT('2D SPACE',''
  ) );
#1182 = PCURVE('',#100,#1183);
#1183 = DEFINITIONAL_REPRESENTATION('',(#1184),#1188);
#1184 = LINE('',#1185,#1186);
#1185 = CARTESIAN_POINT('',(0.,0.));
#1186 = VECTOR('',#1187,1.);
#1187 = DIRECTION('',(-2.22044604925E-16,-1.));
#1188 = ( GEOMETRIC_REPRESENTATION_CONTEXT(2) 
PARAMETRIC_REPRESENTATION_CONTEXT() REPRESENTATION_CONTEXT('2D SPACE',''
  ) );
#1189 = ORIENTED_EDGE('',*,*,#1190,.F.);
#1190 = EDGE_CURVE('',#1118,#1168,#1191,.T.);
#1191 = SURFACE_CURVE('',#1192,(#1196,#1203),.PCURVE_S1.);
#1192 = LINE('',#1193,#1194);
#1193 = CARTESIAN_POINT('',(-10.26,-7.53,8.14));
#1194 = VECTOR('',#1195,1.);
#1195 = DIRECTION('',(2.22044604925E-16,-1.,0.));
#1196 = PCURVE('',#128,#1197);
#1197 = DEFINITIONAL_REPRESENTATION('',(#1198),#1202);
#1198 = LINE('',#1199,#1200);
#1199 = CARTESIAN_POINT('',(-4.576339307505E-15,-20.61));
#1200 = VECTOR('',#1201,1.);
#1201 = DIRECTION('',(1.,2.22044604925E-16));
#1202 = ( GEOMETRIC_REPRESENTATION_CONTEXT(2) 
PARAMETRIC_REPRESENTATION_CONTEXT() REPRESENTATION_CONTEXT('2D SPACE',''
  ) );
#1203 = PCURVE('',#883,#1204);
#1204 = DEFINITIONAL_REPRESENTATION('',(#1205),#1209);
#1205 = LINE('',#1206,#1207);
#1206 = CARTESIAN_POINT('',(-7.53,8.14));
#1207 = VECTOR('',#1208,1.);
#1208 = DIRECTION('',(-1.,2.22044604925E-16));
#1209 = ( GEOMETRIC_REPRESENTATION_CONTEXT(2) 
PARAMETRIC_REPRESENTATION_CONTEXT() REPRESENTATION_CONTEXT('2D SPACE',''
  ) );
#1210 = ORIENTED_EDGE('',*,*,#1141,.F.);
#1211 = ADVANCED_FACE('',(#1212),#100,.T.);
#1212 = FACE_BOUND('',#1213,.F.);
#1213 = EDGE_LOOP('',(#1214,#1215,#1238,#1259));
#1214 = ORIENTED_EDGE('',*,*,#84,.T.);
#1215 = ORIENTED_EDGE('',*,*,#1216,.T.);
#1216 = EDGE_CURVE('',#57,#1217,#1219,.T.);
#1217 = VERTEX_POINT('',#1218);
#1218 = CARTESIAN_POINT('',(-10.26,-9.1,0.22));
#1219 = SURFACE_CURVE('',#1220,(#1224,#1231),.PCURVE_S1.);
#1220 = LINE('',#1221,#1222);
#1221 = CARTESIAN_POINT('',(10.35,-9.1,0.22));
#1222 = VECTOR('',#1223,1.);
#1223 = DIRECTION('',(-1.,0.,2.22044604925E-16));
#1224 = PCURVE('',#100,#1225);
#1225 = DEFINITIONAL_REPRESENTATION('',(#1226),#1230);
#1226 = LINE('',#1227,#1228);
#1227 = CARTESIAN_POINT('',(7.92,1.758593271006E-15));
#1228 = VECTOR('',#1229,1.);
#1229 = DIRECTION('',(-2.22044604925E-16,-1.));
#1230 = ( GEOMETRIC_REPRESENTATION_CONTEXT(2) 
PARAMETRIC_REPRESENTATION_CONTEXT() REPRESENTATION_CONTEXT('2D SPACE',''
  ) );
#1231 = PCURVE('',#72,#1232);
#1232 = DEFINITIONAL_REPRESENTATION('',(#1233),#1237);
#1233 = LINE('',#1234,#1235);
#1234 = CARTESIAN_POINT('',(0.,0.));
#1235 = VECTOR('',#1236,1.);
#1236 = DIRECTION('',(2.22044604925E-16,-1.));
#1237 = ( GEOMETRIC_REPRESENTATION_CONTEXT(2) 
PARAMETRIC_REPRESENTATION_CONTEXT() REPRESENTATION_CONTEXT('2D SPACE',''
  ) );
#1238 = ORIENTED_EDGE('',*,*,#1239,.F.);
#1239 = EDGE_CURVE('',#1168,#1217,#1240,.T.);
#1240 = SURFACE_CURVE('',#1241,(#1245,#1252),.PCURVE_S1.);
#1241 = LINE('',#1242,#1243);
#1242 = CARTESIAN_POINT('',(-10.26,-9.1,8.14));
#1243 = VECTOR('',#1244,1.);
#1244 = DIRECTION('',(0.,2.22044604925E-16,-1.));
#1245 = PCURVE('',#100,#1246);
#1246 = DEFINITIONAL_REPRESENTATION('',(#1247),#1251);
#1247 = LINE('',#1248,#1249);
#1248 = CARTESIAN_POINT('',(-5.329070518201E-15,-20.61));
#1249 = VECTOR('',#1250,1.);
#1250 = DIRECTION('',(1.,2.22044604925E-16));
#1251 = ( GEOMETRIC_REPRESENTATION_CONTEXT(2) 
PARAMETRIC_REPRESENTATION_CONTEXT() REPRESENTATION_CONTEXT('2D SPACE',''
  ) );
#1252 = PCURVE('',#883,#1253);
#1253 = DEFINITIONAL_REPRESENTATION('',(#1254),#1258);
#1254 = LINE('',#1255,#1256);
#1255 = CARTESIAN_POINT('',(-9.1,8.14));
#1256 = VECTOR('',#1257,1.);
#1257 = DIRECTION('',(2.22044604925E-16,-1.));
#1258 = ( GEOMETRIC_REPRESENTATION_CONTEXT(2) 
PARAMETRIC_REPRESENTATION_CONTEXT() REPRESENTATION_CONTEXT('2D SPACE',''
  ) );
#1259 = ORIENTED_EDGE('',*,*,#1167,.F.);
#1260 = ADVANCED_FACE('',(#1261,#1287,#1401,#1515,#1629,#1743,#1857),#72
  ,.T.);
#1261 = FACE_BOUND('',#1262,.F.);
#1262 = EDGE_LOOP('',(#1263,#1264,#1265,#1286));
#1263 = ORIENTED_EDGE('',*,*,#56,.T.);
#1264 = ORIENTED_EDGE('',*,*,#895,.T.);
#1265 = ORIENTED_EDGE('',*,*,#1266,.F.);
#1266 = EDGE_CURVE('',#1217,#868,#1267,.T.);
#1267 = SURFACE_CURVE('',#1268,(#1272,#1279),.PCURVE_S1.);
#1268 = LINE('',#1269,#1270);
#1269 = CARTESIAN_POINT('',(-10.26,-9.1,0.22));
#1270 = VECTOR('',#1271,1.);
#1271 = DIRECTION('',(-2.22044604925E-16,1.,0.));
#1272 = PCURVE('',#72,#1273);
#1273 = DEFINITIONAL_REPRESENTATION('',(#1274),#1278);
#1274 = LINE('',#1275,#1276);
#1275 = CARTESIAN_POINT('',(4.576339307505E-15,-20.61));
#1276 = VECTOR('',#1277,1.);
#1277 = DIRECTION('',(1.,-2.22044604925E-16));
#1278 = ( GEOMETRIC_REPRESENTATION_CONTEXT(2) 
PARAMETRIC_REPRESENTATION_CONTEXT() REPRESENTATION_CONTEXT('2D SPACE',''
  ) );
#1279 = PCURVE('',#883,#1280);
#1280 = DEFINITIONAL_REPRESENTATION('',(#1281),#1285);
#1281 = LINE('',#1282,#1283);
#1282 = CARTESIAN_POINT('',(-9.1,0.22));
#1283 = VECTOR('',#1284,1.);
#1284 = DIRECTION('',(1.,-2.22044604925E-16));
#1285 = ( GEOMETRIC_REPRESENTATION_CONTEXT(2) 
PARAMETRIC_REPRESENTATION_CONTEXT() REPRESENTATION_CONTEXT('2D SPACE',''
  ) );
#1286 = ORIENTED_EDGE('',*,*,#1216,.F.);
#1287 = FACE_BOUND('',#1288,.F.);
#1288 = EDGE_LOOP('',(#1289,#1319,#1347,#1375));
#1289 = ORIENTED_EDGE('',*,*,#1290,.T.);
#1290 = EDGE_CURVE('',#1291,#1293,#1295,.T.);
#1291 = VERTEX_POINT('',#1292);
#1292 = CARTESIAN_POINT('',(8.45,7.865,0.22));
#1293 = VERTEX_POINT('',#1294);
#1294 = CARTESIAN_POINT('',(4.25,7.865,0.22));
#1295 = SURFACE_CURVE('',#1296,(#1300,#1307),.PCURVE_S1.);
#1296 = LINE('',#1297,#1298);
#1297 = CARTESIAN_POINT('',(8.45,7.865,0.22));
#1298 = VECTOR('',#1299,1.);
#1299 = DIRECTION('',(-1.,0.,2.22044604925E-16));
#1300 = PCURVE('',#72,#1301);
#1301 = DEFINITIONAL_REPRESENTATION('',(#1302),#1306);
#1302 = LINE('',#1303,#1304);
#1303 = CARTESIAN_POINT('',(16.965,-1.9));
#1304 = VECTOR('',#1305,1.);
#1305 = DIRECTION('',(2.22044604925E-16,-1.));
#1306 = ( GEOMETRIC_REPRESENTATION_CONTEXT(2) 
PARAMETRIC_REPRESENTATION_CONTEXT() REPRESENTATION_CONTEXT('2D SPACE',''
  ) );
#1307 = PCURVE('',#1308,#1313);
#1308 = PLANE('',#1309);
#1309 = AXIS2_PLACEMENT_3D('',#1310,#1311,#1312);
#1310 = CARTESIAN_POINT('',(8.45,7.865,0.22));
#1311 = DIRECTION('',(2.22044604925E-16,-1.,0.));
#1312 = DIRECTION('',(-1.,0.,2.22044604925E-16));
#1313 = DEFINITIONAL_REPRESENTATION('',(#1314),#1318);
#1314 = LINE('',#1315,#1316);
#1315 = CARTESIAN_POINT('',(0.,0.));
#1316 = VECTOR('',#1317,1.);
#1317 = DIRECTION('',(1.,-2.22044604925E-16));
#1318 = ( GEOMETRIC_REPRESENTATION_CONTEXT(2) 
PARAMETRIC_REPRESENTATION_CONTEXT() REPRESENTATION_CONTEXT('2D SPACE',''
  ) );
#1319 = ORIENTED_EDGE('',*,*,#1320,.T.);
#1320 = EDGE_CURVE('',#1293,#1321,#1323,.T.);
#1321 = VERTEX_POINT('',#1322);
#1322 = CARTESIAN_POINT('',(4.25,8.365,0.22));
#1323 = SURFACE_CURVE('',#1324,(#1328,#1335),.PCURVE_S1.);
#1324 = LINE('',#1325,#1326);
#1325 = CARTESIAN_POINT('',(4.25,7.865,0.22));
#1326 = VECTOR('',#1327,1.);
#1327 = DIRECTION('',(-2.22044604925E-16,1.,0.));
#1328 = PCURVE('',#72,#1329);
#1329 = DEFINITIONAL_REPRESENTATION('',(#1330),#1334);
#1330 = LINE('',#1331,#1332);
#1331 = CARTESIAN_POINT('',(16.965,-6.1));
#1332 = VECTOR('',#1333,1.);
#1333 = DIRECTION('',(1.,-2.22044604925E-16));
#1334 = ( GEOMETRIC_REPRESENTATION_CONTEXT(2) 
PARAMETRIC_REPRESENTATION_CONTEXT() REPRESENTATION_CONTEXT('2D SPACE',''
  ) );
#1335 = PCURVE('',#1336,#1341);
#1336 = PLANE('',#1337);
#1337 = AXIS2_PLACEMENT_3D('',#1338,#1339,#1340);
#1338 = CARTESIAN_POINT('',(4.25,7.865,0.22));
#1339 = DIRECTION('',(-1.,0.,2.22044604925E-16));
#1340 = DIRECTION('',(-2.22044604925E-16,1.,0.));
#1341 = DEFINITIONAL_REPRESENTATION('',(#1342),#1346);
#1342 = LINE('',#1343,#1344);
#1343 = CARTESIAN_POINT('',(0.,0.));
#1344 = VECTOR('',#1345,1.);
#1345 = DIRECTION('',(1.,2.22044604925E-16));
#1346 = ( GEOMETRIC_REPRESENTATION_CONTEXT(2) 
PARAMETRIC_REPRESENTATION_CONTEXT() REPRESENTATION_CONTEXT('2D SPACE',''
  ) );
#1347 = ORIENTED_EDGE('',*,*,#1348,.T.);
#1348 = EDGE_CURVE('',#1321,#1349,#1351,.T.);
#1349 = VERTEX_POINT('',#1350);
#1350 = CARTESIAN_POINT('',(8.45,8.365,0.22));
#1351 = SURFACE_CURVE('',#1352,(#1356,#1363),.PCURVE_S1.);
#1352 = LINE('',#1353,#1354);
#1353 = CARTESIAN_POINT('',(4.25,8.365,0.22));
#1354 = VECTOR('',#1355,1.);
#1355 = DIRECTION('',(1.,0.,-2.22044604925E-16));
#1356 = PCURVE('',#72,#1357);
#1357 = DEFINITIONAL_REPRESENTATION('',(#1358),#1362);
#1358 = LINE('',#1359,#1360);
#1359 = CARTESIAN_POINT('',(17.465,-6.1));
#1360 = VECTOR('',#1361,1.);
#1361 = DIRECTION('',(-2.22044604925E-16,1.));
#1362 = ( GEOMETRIC_REPRESENTATION_CONTEXT(2) 
PARAMETRIC_REPRESENTATION_CONTEXT() REPRESENTATION_CONTEXT('2D SPACE',''
  ) );
#1363 = PCURVE('',#1364,#1369);
#1364 = PLANE('',#1365);
#1365 = AXIS2_PLACEMENT_3D('',#1366,#1367,#1368);
#1366 = CARTESIAN_POINT('',(4.25,8.365,0.22));
#1367 = DIRECTION('',(-2.22044604925E-16,1.,0.));
#1368 = DIRECTION('',(1.,0.,-2.22044604925E-16));
#1369 = DEFINITIONAL_REPRESENTATION('',(#1370),#1374);
#1370 = LINE('',#1371,#1372);
#1371 = CARTESIAN_POINT('',(0.,0.));
#1372 = VECTOR('',#1373,1.);
#1373 = DIRECTION('',(1.,2.22044604925E-16));
#1374 = ( GEOMETRIC_REPRESENTATION_CONTEXT(2) 
PARAMETRIC_REPRESENTATION_CONTEXT() REPRESENTATION_CONTEXT('2D SPACE',''
  ) );
#1375 = ORIENTED_EDGE('',*,*,#1376,.T.);
#1376 = EDGE_CURVE('',#1349,#1291,#1377,.T.);
#1377 = SURFACE_CURVE('',#1378,(#1382,#1389),.PCURVE_S1.);
#1378 = LINE('',#1379,#1380);
#1379 = CARTESIAN_POINT('',(8.45,8.365,0.22));
#1380 = VECTOR('',#1381,1.);
#1381 = DIRECTION('',(2.22044604925E-16,-1.,0.));
#1382 = PCURVE('',#72,#1383);
#1383 = DEFINITIONAL_REPRESENTATION('',(#1384),#1388);
#1384 = LINE('',#1385,#1386);
#1385 = CARTESIAN_POINT('',(17.465,-1.9));
#1386 = VECTOR('',#1387,1.);
#1387 = DIRECTION('',(-1.,2.22044604925E-16));
#1388 = ( GEOMETRIC_REPRESENTATION_CONTEXT(2) 
PARAMETRIC_REPRESENTATION_CONTEXT() REPRESENTATION_CONTEXT('2D SPACE',''
  ) );
#1389 = PCURVE('',#1390,#1395);
#1390 = PLANE('',#1391);
#1391 = AXIS2_PLACEMENT_3D('',#1392,#1393,#1394);
#1392 = CARTESIAN_POINT('',(8.45,8.365,0.22));
#1393 = DIRECTION('',(1.,0.,-2.22044604925E-16));
#1394 = DIRECTION('',(2.22044604925E-16,-1.,0.));
#1395 = DEFINITIONAL_REPRESENTATION('',(#1396),#1400);
#1396 = LINE('',#1397,#1398);
#1397 = CARTESIAN_POINT('',(0.,0.));
#1398 = VECTOR('',#1399,1.);
#1399 = DIRECTION('',(1.,-2.22044604925E-16));
#1400 = ( GEOMETRIC_REPRESENTATION_CONTEXT(2) 
PARAMETRIC_REPRESENTATION_CONTEXT() REPRESENTATION_CONTEXT('2D SPACE',''
  ) );
#1401 = FACE_BOUND('',#1402,.F.);
#1402 = EDGE_LOOP('',(#1403,#1433,#1461,#1489));
#1403 = ORIENTED_EDGE('',*,*,#1404,.T.);
#1404 = EDGE_CURVE('',#1405,#1407,#1409,.T.);
#1405 = VERTEX_POINT('',#1406);
#1406 = CARTESIAN_POINT('',(2.1,7.865,0.22));
#1407 = VERTEX_POINT('',#1408);
#1408 = CARTESIAN_POINT('',(-2.1,7.865,0.22));
#1409 = SURFACE_CURVE('',#1410,(#1414,#1421),.PCURVE_S1.);
#1410 = LINE('',#1411,#1412);
#1411 = CARTESIAN_POINT('',(2.1,7.865,0.22));
#1412 = VECTOR('',#1413,1.);
#1413 = DIRECTION('',(-1.,0.,2.22044604925E-16));
#1414 = PCURVE('',#72,#1415);
#1415 = DEFINITIONAL_REPRESENTATION('',(#1416),#1420);
#1416 = LINE('',#1417,#1418);
#1417 = CARTESIAN_POINT('',(16.965,-8.25));
#1418 = VECTOR('',#1419,1.);
#1419 = DIRECTION('',(2.22044604925E-16,-1.));
#1420 = ( GEOMETRIC_REPRESENTATION_CONTEXT(2) 
PARAMETRIC_REPRESENTATION_CONTEXT() REPRESENTATION_CONTEXT('2D SPACE',''
  ) );
#1421 = PCURVE('',#1422,#1427);
#1422 = PLANE('',#1423);
#1423 = AXIS2_PLACEMENT_3D('',#1424,#1425,#1426);
#1424 = CARTESIAN_POINT('',(2.1,7.865,0.22));
#1425 = DIRECTION('',(2.22044604925E-16,-1.,0.));
#1426 = DIRECTION('',(-1.,0.,2.22044604925E-16));
#1427 = DEFINITIONAL_REPRESENTATION('',(#1428),#1432);
#1428 = LINE('',#1429,#1430);
#1429 = CARTESIAN_POINT('',(0.,0.));
#1430 = VECTOR('',#1431,1.);
#1431 = DIRECTION('',(1.,-2.22044604925E-16));
#1432 = ( GEOMETRIC_REPRESENTATION_CONTEXT(2) 
PARAMETRIC_REPRESENTATION_CONTEXT() REPRESENTATION_CONTEXT('2D SPACE',''
  ) );
#1433 = ORIENTED_EDGE('',*,*,#1434,.T.);
#1434 = EDGE_CURVE('',#1407,#1435,#1437,.T.);
#1435 = VERTEX_POINT('',#1436);
#1436 = CARTESIAN_POINT('',(-2.1,8.365,0.22));
#1437 = SURFACE_CURVE('',#1438,(#1442,#1449),.PCURVE_S1.);
#1438 = LINE('',#1439,#1440);
#1439 = CARTESIAN_POINT('',(-2.1,7.865,0.22));
#1440 = VECTOR('',#1441,1.);
#1441 = DIRECTION('',(-2.22044604925E-16,1.,0.));
#1442 = PCURVE('',#72,#1443);
#1443 = DEFINITIONAL_REPRESENTATION('',(#1444),#1448);
#1444 = LINE('',#1445,#1446);
#1445 = CARTESIAN_POINT('',(16.965,-12.45));
#1446 = VECTOR('',#1447,1.);
#1447 = DIRECTION('',(1.,-2.22044604925E-16));
#1448 = ( GEOMETRIC_REPRESENTATION_CONTEXT(2) 
PARAMETRIC_REPRESENTATION_CONTEXT() REPRESENTATION_CONTEXT('2D SPACE',''
  ) );
#1449 = PCURVE('',#1450,#1455);
#1450 = PLANE('',#1451);
#1451 = AXIS2_PLACEMENT_3D('',#1452,#1453,#1454);
#1452 = CARTESIAN_POINT('',(-2.1,7.865,0.22));
#1453 = DIRECTION('',(-1.,0.,2.22044604925E-16));
#1454 = DIRECTION('',(-2.22044604925E-16,1.,0.));
#1455 = DEFINITIONAL_REPRESENTATION('',(#1456),#1460);
#1456 = LINE('',#1457,#1458);
#1457 = CARTESIAN_POINT('',(0.,0.));
#1458 = VECTOR('',#1459,1.);
#1459 = DIRECTION('',(1.,2.22044604925E-16));
#1460 = ( GEOMETRIC_REPRESENTATION_CONTEXT(2) 
PARAMETRIC_REPRESENTATION_CONTEXT() REPRESENTATION_CONTEXT('2D SPACE',''
  ) );
#1461 = ORIENTED_EDGE('',*,*,#1462,.T.);
#1462 = EDGE_CURVE('',#1435,#1463,#1465,.T.);
#1463 = VERTEX_POINT('',#1464);
#1464 = CARTESIAN_POINT('',(2.1,8.365,0.22));
#1465 = SURFACE_CURVE('',#1466,(#1470,#1477),.PCURVE_S1.);
#1466 = LINE('',#1467,#1468);
#1467 = CARTESIAN_POINT('',(-2.1,8.365,0.22));
#1468 = VECTOR('',#1469,1.);
#1469 = DIRECTION('',(1.,0.,-2.22044604925E-16));
#1470 = PCURVE('',#72,#1471);
#1471 = DEFINITIONAL_REPRESENTATION('',(#1472),#1476);
#1472 = LINE('',#1473,#1474);
#1473 = CARTESIAN_POINT('',(17.465,-12.45));
#1474 = VECTOR('',#1475,1.);
#1475 = DIRECTION('',(-2.22044604925E-16,1.));
#1476 = ( GEOMETRIC_REPRESENTATION_CONTEXT(2) 
PARAMETRIC_REPRESENTATION_CONTEXT() REPRESENTATION_CONTEXT('2D SPACE',''
  ) );
#1477 = PCURVE('',#1478,#1483);
#1478 = PLANE('',#1479);
#1479 = AXIS2_PLACEMENT_3D('',#1480,#1481,#1482);
#1480 = CARTESIAN_POINT('',(-2.1,8.365,0.22));
#1481 = DIRECTION('',(-2.22044604925E-16,1.,0.));
#1482 = DIRECTION('',(1.,0.,-2.22044604925E-16));
#1483 = DEFINITIONAL_REPRESENTATION('',(#1484),#1488);
#1484 = LINE('',#1485,#1486);
#1485 = CARTESIAN_POINT('',(0.,0.));
#1486 = VECTOR('',#1487,1.);
#1487 = DIRECTION('',(1.,2.22044604925E-16));
#1488 = ( GEOMETRIC_REPRESENTATION_CONTEXT(2) 
PARAMETRIC_REPRESENTATION_CONTEXT() REPRESENTATION_CONTEXT('2D SPACE',''
  ) );
#1489 = ORIENTED_EDGE('',*,*,#1490,.T.);
#1490 = EDGE_CURVE('',#1463,#1405,#1491,.T.);
#1491 = SURFACE_CURVE('',#1492,(#1496,#1503),.PCURVE_S1.);
#1492 = LINE('',#1493,#1494);
#1493 = CARTESIAN_POINT('',(2.1,8.365,0.22));
#1494 = VECTOR('',#1495,1.);
#1495 = DIRECTION('',(2.22044604925E-16,-1.,0.));
#1496 = PCURVE('',#72,#1497);
#1497 = DEFINITIONAL_REPRESENTATION('',(#1498),#1502);
#1498 = LINE('',#1499,#1500);
#1499 = CARTESIAN_POINT('',(17.465,-8.25));
#1500 = VECTOR('',#1501,1.);
#1501 = DIRECTION('',(-1.,2.22044604925E-16));
#1502 = ( GEOMETRIC_REPRESENTATION_CONTEXT(2) 
PARAMETRIC_REPRESENTATION_CONTEXT() REPRESENTATION_CONTEXT('2D SPACE',''
  ) );
#1503 = PCURVE('',#1504,#1509);
#1504 = PLANE('',#1505);
#1505 = AXIS2_PLACEMENT_3D('',#1506,#1507,#1508);
#1506 = CARTESIAN_POINT('',(2.1,8.365,0.22));
#1507 = DIRECTION('',(1.,0.,-2.22044604925E-16));
#1508 = DIRECTION('',(2.22044604925E-16,-1.,0.));
#1509 = DEFINITIONAL_REPRESENTATION('',(#1510),#1514);
#1510 = LINE('',#1511,#1512);
#1511 = CARTESIAN_POINT('',(0.,0.));
#1512 = VECTOR('',#1513,1.);
#1513 = DIRECTION('',(1.,-2.22044604925E-16));
#1514 = ( GEOMETRIC_REPRESENTATION_CONTEXT(2) 
PARAMETRIC_REPRESENTATION_CONTEXT() REPRESENTATION_CONTEXT('2D SPACE',''
  ) );
#1515 = FACE_BOUND('',#1516,.F.);
#1516 = EDGE_LOOP('',(#1517,#1547,#1575,#1603));
#1517 = ORIENTED_EDGE('',*,*,#1518,.T.);
#1518 = EDGE_CURVE('',#1519,#1521,#1523,.T.);
#1519 = VERTEX_POINT('',#1520);
#1520 = CARTESIAN_POINT('',(-4.25,7.865,0.22));
#1521 = VERTEX_POINT('',#1522);
#1522 = CARTESIAN_POINT('',(-8.45,7.865,0.22));
#1523 = SURFACE_CURVE('',#1524,(#1528,#1535),.PCURVE_S1.);
#1524 = LINE('',#1525,#1526);
#1525 = CARTESIAN_POINT('',(-4.25,7.865,0.22));
#1526 = VECTOR('',#1527,1.);
#1527 = DIRECTION('',(-1.,0.,2.22044604925E-16));
#1528 = PCURVE('',#72,#1529);
#1529 = DEFINITIONAL_REPRESENTATION('',(#1530),#1534);
#1530 = LINE('',#1531,#1532);
#1531 = CARTESIAN_POINT('',(16.965,-14.6));
#1532 = VECTOR('',#1533,1.);
#1533 = DIRECTION('',(2.22044604925E-16,-1.));
#1534 = ( GEOMETRIC_REPRESENTATION_CONTEXT(2) 
PARAMETRIC_REPRESENTATION_CONTEXT() REPRESENTATION_CONTEXT('2D SPACE',''
  ) );
#1535 = PCURVE('',#1536,#1541);
#1536 = PLANE('',#1537);
#1537 = AXIS2_PLACEMENT_3D('',#1538,#1539,#1540);
#1538 = CARTESIAN_POINT('',(-4.25,7.865,0.22));
#1539 = DIRECTION('',(2.22044604925E-16,-1.,0.));
#1540 = DIRECTION('',(-1.,0.,2.22044604925E-16));
#1541 = DEFINITIONAL_REPRESENTATION('',(#1542),#1546);
#1542 = LINE('',#1543,#1544);
#1543 = CARTESIAN_POINT('',(0.,0.));
#1544 = VECTOR('',#1545,1.);
#1545 = DIRECTION('',(1.,-2.22044604925E-16));
#1546 = ( GEOMETRIC_REPRESENTATION_CONTEXT(2) 
PARAMETRIC_REPRESENTATION_CONTEXT() REPRESENTATION_CONTEXT('2D SPACE',''
  ) );
#1547 = ORIENTED_EDGE('',*,*,#1548,.T.);
#1548 = EDGE_CURVE('',#1521,#1549,#1551,.T.);
#1549 = VERTEX_POINT('',#1550);
#1550 = CARTESIAN_POINT('',(-8.45,8.365,0.22));
#1551 = SURFACE_CURVE('',#1552,(#1556,#1563),.PCURVE_S1.);
#1552 = LINE('',#1553,#1554);
#1553 = CARTESIAN_POINT('',(-8.45,7.865,0.22));
#1554 = VECTOR('',#1555,1.);
#1555 = DIRECTION('',(-2.22044604925E-16,1.,0.));
#1556 = PCURVE('',#72,#1557);
#1557 = DEFINITIONAL_REPRESENTATION('',(#1558),#1562);
#1558 = LINE('',#1559,#1560);
#1559 = CARTESIAN_POINT('',(16.965,-18.8));
#1560 = VECTOR('',#1561,1.);
#1561 = DIRECTION('',(1.,-2.22044604925E-16));
#1562 = ( GEOMETRIC_REPRESENTATION_CONTEXT(2) 
PARAMETRIC_REPRESENTATION_CONTEXT() REPRESENTATION_CONTEXT('2D SPACE',''
  ) );
#1563 = PCURVE('',#1564,#1569);
#1564 = PLANE('',#1565);
#1565 = AXIS2_PLACEMENT_3D('',#1566,#1567,#1568);
#1566 = CARTESIAN_POINT('',(-8.45,7.865,0.22));
#1567 = DIRECTION('',(-1.,0.,2.22044604925E-16));
#1568 = DIRECTION('',(-2.22044604925E-16,1.,0.));
#1569 = DEFINITIONAL_REPRESENTATION('',(#1570),#1574);
#1570 = LINE('',#1571,#1572);
#1571 = CARTESIAN_POINT('',(0.,0.));
#1572 = VECTOR('',#1573,1.);
#1573 = DIRECTION('',(1.,2.22044604925E-16));
#1574 = ( GEOMETRIC_REPRESENTATION_CONTEXT(2) 
PARAMETRIC_REPRESENTATION_CONTEXT() REPRESENTATION_CONTEXT('2D SPACE',''
  ) );
#1575 = ORIENTED_EDGE('',*,*,#1576,.T.);
#1576 = EDGE_CURVE('',#1549,#1577,#1579,.T.);
#1577 = VERTEX_POINT('',#1578);
#1578 = CARTESIAN_POINT('',(-4.25,8.365,0.22));
#1579 = SURFACE_CURVE('',#1580,(#1584,#1591),.PCURVE_S1.);
#1580 = LINE('',#1581,#1582);
#1581 = CARTESIAN_POINT('',(-8.45,8.365,0.22));
#1582 = VECTOR('',#1583,1.);
#1583 = DIRECTION('',(1.,0.,-2.22044604925E-16));
#1584 = PCURVE('',#72,#1585);
#1585 = DEFINITIONAL_REPRESENTATION('',(#1586),#1590);
#1586 = LINE('',#1587,#1588);
#1587 = CARTESIAN_POINT('',(17.465,-18.8));
#1588 = VECTOR('',#1589,1.);
#1589 = DIRECTION('',(-2.22044604925E-16,1.));
#1590 = ( GEOMETRIC_REPRESENTATION_CONTEXT(2) 
PARAMETRIC_REPRESENTATION_CONTEXT() REPRESENTATION_CONTEXT('2D SPACE',''
  ) );
#1591 = PCURVE('',#1592,#1597);
#1592 = PLANE('',#1593);
#1593 = AXIS2_PLACEMENT_3D('',#1594,#1595,#1596);
#1594 = CARTESIAN_POINT('',(-8.45,8.365,0.22));
#1595 = DIRECTION('',(-2.22044604925E-16,1.,0.));
#1596 = DIRECTION('',(1.,0.,-2.22044604925E-16));
#1597 = DEFINITIONAL_REPRESENTATION('',(#1598),#1602);
#1598 = LINE('',#1599,#1600);
#1599 = CARTESIAN_POINT('',(0.,0.));
#1600 = VECTOR('',#1601,1.);
#1601 = DIRECTION('',(1.,2.22044604925E-16));
#1602 = ( GEOMETRIC_REPRESENTATION_CONTEXT(2) 
PARAMETRIC_REPRESENTATION_CONTEXT() REPRESENTATION_CONTEXT('2D SPACE',''
  ) );
#1603 = ORIENTED_EDGE('',*,*,#1604,.T.);
#1604 = EDGE_CURVE('',#1577,#1519,#1605,.T.);
#1605 = SURFACE_CURVE('',#1606,(#1610,#1617),.PCURVE_S1.);
#1606 = LINE('',#1607,#1608);
#1607 = CARTESIAN_POINT('',(-4.25,8.365,0.22));
#1608 = VECTOR('',#1609,1.);
#1609 = DIRECTION('',(2.22044604925E-16,-1.,0.));
#1610 = PCURVE('',#72,#1611);
#1611 = DEFINITIONAL_REPRESENTATION('',(#1612),#1616);
#1612 = LINE('',#1613,#1614);
#1613 = CARTESIAN_POINT('',(17.465,-14.6));
#1614 = VECTOR('',#1615,1.);
#1615 = DIRECTION('',(-1.,2.22044604925E-16));
#1616 = ( GEOMETRIC_REPRESENTATION_CONTEXT(2) 
PARAMETRIC_REPRESENTATION_CONTEXT() REPRESENTATION_CONTEXT('2D SPACE',''
  ) );
#1617 = PCURVE('',#1618,#1623);
#1618 = PLANE('',#1619);
#1619 = AXIS2_PLACEMENT_3D('',#1620,#1621,#1622);
#1620 = CARTESIAN_POINT('',(-4.25,8.365,0.22));
#1621 = DIRECTION('',(1.,0.,-2.22044604925E-16));
#1622 = DIRECTION('',(2.22044604925E-16,-1.,0.));
#1623 = DEFINITIONAL_REPRESENTATION('',(#1624),#1628);
#1624 = LINE('',#1625,#1626);
#1625 = CARTESIAN_POINT('',(0.,0.));
#1626 = VECTOR('',#1627,1.);
#1627 = DIRECTION('',(1.,-2.22044604925E-16));
#1628 = ( GEOMETRIC_REPRESENTATION_CONTEXT(2) 
PARAMETRIC_REPRESENTATION_CONTEXT() REPRESENTATION_CONTEXT('2D SPACE',''
  ) );
#1629 = FACE_BOUND('',#1630,.F.);
#1630 = EDGE_LOOP('',(#1631,#1661,#1689,#1717));
#1631 = ORIENTED_EDGE('',*,*,#1632,.T.);
#1632 = EDGE_CURVE('',#1633,#1635,#1637,.T.);
#1633 = VERTEX_POINT('',#1634);
#1634 = CARTESIAN_POINT('',(8.45,-7.865,0.22));
#1635 = VERTEX_POINT('',#1636);
#1636 = CARTESIAN_POINT('',(8.45,-8.365,0.22));
#1637 = SURFACE_CURVE('',#1638,(#1642,#1649),.PCURVE_S1.);
#1638 = LINE('',#1639,#1640);
#1639 = CARTESIAN_POINT('',(8.45,-7.865,0.22));
#1640 = VECTOR('',#1641,1.);
#1641 = DIRECTION('',(2.22044604925E-16,-1.,0.));
#1642 = PCURVE('',#72,#1643);
#1643 = DEFINITIONAL_REPRESENTATION('',(#1644),#1648);
#1644 = LINE('',#1645,#1646);
#1645 = CARTESIAN_POINT('',(1.235,-1.9));
#1646 = VECTOR('',#1647,1.);
#1647 = DIRECTION('',(-1.,2.22044604925E-16));
#1648 = ( GEOMETRIC_REPRESENTATION_CONTEXT(2) 
PARAMETRIC_REPRESENTATION_CONTEXT() REPRESENTATION_CONTEXT('2D SPACE',''
  ) );
#1649 = PCURVE('',#1650,#1655);
#1650 = PLANE('',#1651);
#1651 = AXIS2_PLACEMENT_3D('',#1652,#1653,#1654);
#1652 = CARTESIAN_POINT('',(8.45,-7.865,0.22));
#1653 = DIRECTION('',(1.,0.,-2.22044604925E-16));
#1654 = DIRECTION('',(2.22044604925E-16,-1.,0.));
#1655 = DEFINITIONAL_REPRESENTATION('',(#1656),#1660);
#1656 = LINE('',#1657,#1658);
#1657 = CARTESIAN_POINT('',(0.,0.));
#1658 = VECTOR('',#1659,1.);
#1659 = DIRECTION('',(1.,-2.22044604925E-16));
#1660 = ( GEOMETRIC_REPRESENTATION_CONTEXT(2) 
PARAMETRIC_REPRESENTATION_CONTEXT() REPRESENTATION_CONTEXT('2D SPACE',''
  ) );
#1661 = ORIENTED_EDGE('',*,*,#1662,.T.);
#1662 = EDGE_CURVE('',#1635,#1663,#1665,.T.);
#1663 = VERTEX_POINT('',#1664);
#1664 = CARTESIAN_POINT('',(4.25,-8.365,0.22));
#1665 = SURFACE_CURVE('',#1666,(#1670,#1677),.PCURVE_S1.);
#1666 = LINE('',#1667,#1668);
#1667 = CARTESIAN_POINT('',(8.45,-8.365,0.22));
#1668 = VECTOR('',#1669,1.);
#1669 = DIRECTION('',(-1.,0.,2.22044604925E-16));
#1670 = PCURVE('',#72,#1671);
#1671 = DEFINITIONAL_REPRESENTATION('',(#1672),#1676);
#1672 = LINE('',#1673,#1674);
#1673 = CARTESIAN_POINT('',(0.735,-1.9));
#1674 = VECTOR('',#1675,1.);
#1675 = DIRECTION('',(2.22044604925E-16,-1.));
#1676 = ( GEOMETRIC_REPRESENTATION_CONTEXT(2) 
PARAMETRIC_REPRESENTATION_CONTEXT() REPRESENTATION_CONTEXT('2D SPACE',''
  ) );
#1677 = PCURVE('',#1678,#1683);
#1678 = PLANE('',#1679);
#1679 = AXIS2_PLACEMENT_3D('',#1680,#1681,#1682);
#1680 = CARTESIAN_POINT('',(8.45,-8.365,0.22));
#1681 = DIRECTION('',(2.22044604925E-16,-1.,0.));
#1682 = DIRECTION('',(-1.,0.,2.22044604925E-16));
#1683 = DEFINITIONAL_REPRESENTATION('',(#1684),#1688);
#1684 = LINE('',#1685,#1686);
#1685 = CARTESIAN_POINT('',(0.,0.));
#1686 = VECTOR('',#1687,1.);
#1687 = DIRECTION('',(1.,-2.22044604925E-16));
#1688 = ( GEOMETRIC_REPRESENTATION_CONTEXT(2) 
PARAMETRIC_REPRESENTATION_CONTEXT() REPRESENTATION_CONTEXT('2D SPACE',''
  ) );
#1689 = ORIENTED_EDGE('',*,*,#1690,.T.);
#1690 = EDGE_CURVE('',#1663,#1691,#1693,.T.);
#1691 = VERTEX_POINT('',#1692);
#1692 = CARTESIAN_POINT('',(4.25,-7.865,0.22));
#1693 = SURFACE_CURVE('',#1694,(#1698,#1705),.PCURVE_S1.);
#1694 = LINE('',#1695,#1696);
#1695 = CARTESIAN_POINT('',(4.25,-8.365,0.22));
#1696 = VECTOR('',#1697,1.);
#1697 = DIRECTION('',(-2.22044604925E-16,1.,0.));
#1698 = PCURVE('',#72,#1699);
#1699 = DEFINITIONAL_REPRESENTATION('',(#1700),#1704);
#1700 = LINE('',#1701,#1702);
#1701 = CARTESIAN_POINT('',(0.735,-6.1));
#1702 = VECTOR('',#1703,1.);
#1703 = DIRECTION('',(1.,-2.22044604925E-16));
#1704 = ( GEOMETRIC_REPRESENTATION_CONTEXT(2) 
PARAMETRIC_REPRESENTATION_CONTEXT() REPRESENTATION_CONTEXT('2D SPACE',''
  ) );
#1705 = PCURVE('',#1706,#1711);
#1706 = PLANE('',#1707);
#1707 = AXIS2_PLACEMENT_3D('',#1708,#1709,#1710);
#1708 = CARTESIAN_POINT('',(4.25,-8.365,0.22));
#1709 = DIRECTION('',(-1.,0.,2.22044604925E-16));
#1710 = DIRECTION('',(-2.22044604925E-16,1.,0.));
#1711 = DEFINITIONAL_REPRESENTATION('',(#1712),#1716);
#1712 = LINE('',#1713,#1714);
#1713 = CARTESIAN_POINT('',(0.,0.));
#1714 = VECTOR('',#1715,1.);
#1715 = DIRECTION('',(1.,2.22044604925E-16));
#1716 = ( GEOMETRIC_REPRESENTATION_CONTEXT(2) 
PARAMETRIC_REPRESENTATION_CONTEXT() REPRESENTATION_CONTEXT('2D SPACE',''
  ) );
#1717 = ORIENTED_EDGE('',*,*,#1718,.T.);
#1718 = EDGE_CURVE('',#1691,#1633,#1719,.T.);
#1719 = SURFACE_CURVE('',#1720,(#1724,#1731),.PCURVE_S1.);
#1720 = LINE('',#1721,#1722);
#1721 = CARTESIAN_POINT('',(4.25,-7.865,0.22));
#1722 = VECTOR('',#1723,1.);
#1723 = DIRECTION('',(1.,0.,-2.22044604925E-16));
#1724 = PCURVE('',#72,#1725);
#1725 = DEFINITIONAL_REPRESENTATION('',(#1726),#1730);
#1726 = LINE('',#1727,#1728);
#1727 = CARTESIAN_POINT('',(1.235,-6.1));
#1728 = VECTOR('',#1729,1.);
#1729 = DIRECTION('',(-2.22044604925E-16,1.));
#1730 = ( GEOMETRIC_REPRESENTATION_CONTEXT(2) 
PARAMETRIC_REPRESENTATION_CONTEXT() REPRESENTATION_CONTEXT('2D SPACE',''
  ) );
#1731 = PCURVE('',#1732,#1737);
#1732 = PLANE('',#1733);
#1733 = AXIS2_PLACEMENT_3D('',#1734,#1735,#1736);
#1734 = CARTESIAN_POINT('',(4.25,-7.865,0.22));
#1735 = DIRECTION('',(-2.22044604925E-16,1.,0.));
#1736 = DIRECTION('',(1.,0.,-2.22044604925E-16));
#1737 = DEFINITIONAL_REPRESENTATION('',(#1738),#1742);
#1738 = LINE('',#1739,#1740);
#1739 = CARTESIAN_POINT('',(0.,0.));
#1740 = VECTOR('',#1741,1.);
#1741 = DIRECTION('',(1.,2.22044604925E-16));
#1742 = ( GEOMETRIC_REPRESENTATION_CONTEXT(2) 
PARAMETRIC_REPRESENTATION_CONTEXT() REPRESENTATION_CONTEXT('2D SPACE',''
  ) );
#1743 = FACE_BOUND('',#1744,.F.);
#1744 = EDGE_LOOP('',(#1745,#1775,#1803,#1831));
#1745 = ORIENTED_EDGE('',*,*,#1746,.T.);
#1746 = EDGE_CURVE('',#1747,#1749,#1751,.T.);
#1747 = VERTEX_POINT('',#1748);
#1748 = CARTESIAN_POINT('',(2.1,-7.865,0.22));
#1749 = VERTEX_POINT('',#1750);
#1750 = CARTESIAN_POINT('',(2.1,-8.365,0.22));
#1751 = SURFACE_CURVE('',#1752,(#1756,#1763),.PCURVE_S1.);
#1752 = LINE('',#1753,#1754);
#1753 = CARTESIAN_POINT('',(2.1,-7.865,0.22));
#1754 = VECTOR('',#1755,1.);
#1755 = DIRECTION('',(2.22044604925E-16,-1.,0.));
#1756 = PCURVE('',#72,#1757);
#1757 = DEFINITIONAL_REPRESENTATION('',(#1758),#1762);
#1758 = LINE('',#1759,#1760);
#1759 = CARTESIAN_POINT('',(1.235,-8.25));
#1760 = VECTOR('',#1761,1.);
#1761 = DIRECTION('',(-1.,2.22044604925E-16));
#1762 = ( GEOMETRIC_REPRESENTATION_CONTEXT(2) 
PARAMETRIC_REPRESENTATION_CONTEXT() REPRESENTATION_CONTEXT('2D SPACE',''
  ) );
#1763 = PCURVE('',#1764,#1769);
#1764 = PLANE('',#1765);
#1765 = AXIS2_PLACEMENT_3D('',#1766,#1767,#1768);
#1766 = CARTESIAN_POINT('',(2.1,-7.865,0.22));
#1767 = DIRECTION('',(1.,0.,-2.22044604925E-16));
#1768 = DIRECTION('',(2.22044604925E-16,-1.,0.));
#1769 = DEFINITIONAL_REPRESENTATION('',(#1770),#1774);
#1770 = LINE('',#1771,#1772);
#1771 = CARTESIAN_POINT('',(0.,0.));
#1772 = VECTOR('',#1773,1.);
#1773 = DIRECTION('',(1.,-2.22044604925E-16));
#1774 = ( GEOMETRIC_REPRESENTATION_CONTEXT(2) 
PARAMETRIC_REPRESENTATION_CONTEXT() REPRESENTATION_CONTEXT('2D SPACE',''
  ) );
#1775 = ORIENTED_EDGE('',*,*,#1776,.T.);
#1776 = EDGE_CURVE('',#1749,#1777,#1779,.T.);
#1777 = VERTEX_POINT('',#1778);
#1778 = CARTESIAN_POINT('',(-2.1,-8.365,0.22));
#1779 = SURFACE_CURVE('',#1780,(#1784,#1791),.PCURVE_S1.);
#1780 = LINE('',#1781,#1782);
#1781 = CARTESIAN_POINT('',(2.1,-8.365,0.22));
#1782 = VECTOR('',#1783,1.);
#1783 = DIRECTION('',(-1.,0.,2.22044604925E-16));
#1784 = PCURVE('',#72,#1785);
#1785 = DEFINITIONAL_REPRESENTATION('',(#1786),#1790);
#1786 = LINE('',#1787,#1788);
#1787 = CARTESIAN_POINT('',(0.735,-8.25));
#1788 = VECTOR('',#1789,1.);
#1789 = DIRECTION('',(2.22044604925E-16,-1.));
#1790 = ( GEOMETRIC_REPRESENTATION_CONTEXT(2) 
PARAMETRIC_REPRESENTATION_CONTEXT() REPRESENTATION_CONTEXT('2D SPACE',''
  ) );
#1791 = PCURVE('',#1792,#1797);
#1792 = PLANE('',#1793);
#1793 = AXIS2_PLACEMENT_3D('',#1794,#1795,#1796);
#1794 = CARTESIAN_POINT('',(2.1,-8.365,0.22));
#1795 = DIRECTION('',(2.22044604925E-16,-1.,0.));
#1796 = DIRECTION('',(-1.,0.,2.22044604925E-16));
#1797 = DEFINITIONAL_REPRESENTATION('',(#1798),#1802);
#1798 = LINE('',#1799,#1800);
#1799 = CARTESIAN_POINT('',(0.,0.));
#1800 = VECTOR('',#1801,1.);
#1801 = DIRECTION('',(1.,-2.22044604925E-16));
#1802 = ( GEOMETRIC_REPRESENTATION_CONTEXT(2) 
PARAMETRIC_REPRESENTATION_CONTEXT() REPRESENTATION_CONTEXT('2D SPACE',''
  ) );
#1803 = ORIENTED_EDGE('',*,*,#1804,.T.);
#1804 = EDGE_CURVE('',#1777,#1805,#1807,.T.);
#1805 = VERTEX_POINT('',#1806);
#1806 = CARTESIAN_POINT('',(-2.1,-7.865,0.22));
#1807 = SURFACE_CURVE('',#1808,(#1812,#1819),.PCURVE_S1.);
#1808 = LINE('',#1809,#1810);
#1809 = CARTESIAN_POINT('',(-2.1,-8.365,0.22));
#1810 = VECTOR('',#1811,1.);
#1811 = DIRECTION('',(-2.22044604925E-16,1.,0.));
#1812 = PCURVE('',#72,#1813);
#1813 = DEFINITIONAL_REPRESENTATION('',(#1814),#1818);
#1814 = LINE('',#1815,#1816);
#1815 = CARTESIAN_POINT('',(0.735,-12.45));
#1816 = VECTOR('',#1817,1.);
#1817 = DIRECTION('',(1.,-2.22044604925E-16));
#1818 = ( GEOMETRIC_REPRESENTATION_CONTEXT(2) 
PARAMETRIC_REPRESENTATION_CONTEXT() REPRESENTATION_CONTEXT('2D SPACE',''
  ) );
#1819 = PCURVE('',#1820,#1825);
#1820 = PLANE('',#1821);
#1821 = AXIS2_PLACEMENT_3D('',#1822,#1823,#1824);
#1822 = CARTESIAN_POINT('',(-2.1,-8.365,0.22));
#1823 = DIRECTION('',(-1.,0.,2.22044604925E-16));
#1824 = DIRECTION('',(-2.22044604925E-16,1.,0.));
#1825 = DEFINITIONAL_REPRESENTATION('',(#1826),#1830);
#1826 = LINE('',#1827,#1828);
#1827 = CARTESIAN_POINT('',(0.,0.));
#1828 = VECTOR('',#1829,1.);
#1829 = DIRECTION('',(1.,2.22044604925E-16));
#1830 = ( GEOMETRIC_REPRESENTATION_CONTEXT(2) 
PARAMETRIC_REPRESENTATION_CONTEXT() REPRESENTATION_CONTEXT('2D SPACE',''
  ) );
#1831 = ORIENTED_EDGE('',*,*,#1832,.T.);
#1832 = EDGE_CURVE('',#1805,#1747,#1833,.T.);
#1833 = SURFACE_CURVE('',#1834,(#1838,#1845),.PCURVE_S1.);
#1834 = LINE('',#1835,#1836);
#1835 = CARTESIAN_POINT('',(-2.1,-7.865,0.22));
#1836 = VECTOR('',#1837,1.);
#1837 = DIRECTION('',(1.,0.,-2.22044604925E-16));
#1838 = PCURVE('',#72,#1839);
#1839 = DEFINITIONAL_REPRESENTATION('',(#1840),#1844);
#1840 = LINE('',#1841,#1842);
#1841 = CARTESIAN_POINT('',(1.235,-12.45));
#1842 = VECTOR('',#1843,1.);
#1843 = DIRECTION('',(-2.22044604925E-16,1.));
#1844 = ( GEOMETRIC_REPRESENTATION_CONTEXT(2) 
PARAMETRIC_REPRESENTATION_CONTEXT() REPRESENTATION_CONTEXT('2D SPACE',''
  ) );
#1845 = PCURVE('',#1846,#1851);
#1846 = PLANE('',#1847);
#1847 = AXIS2_PLACEMENT_3D('',#1848,#1849,#1850);
#1848 = CARTESIAN_POINT('',(-2.1,-7.865,0.22));
#1849 = DIRECTION('',(-2.22044604925E-16,1.,0.));
#1850 = DIRECTION('',(1.,0.,-2.22044604925E-16));
#1851 = DEFINITIONAL_REPRESENTATION('',(#1852),#1856);
#1852 = LINE('',#1853,#1854);
#1853 = CARTESIAN_POINT('',(0.,0.));
#1854 = VECTOR('',#1855,1.);
#1855 = DIRECTION('',(1.,2.22044604925E-16));
#1856 = ( GEOMETRIC_REPRESENTATION_CONTEXT(2) 
PARAMETRIC_REPRESENTATION_CONTEXT() REPRESENTATION_CONTEXT('2D SPACE',''
  ) );
#1857 = FACE_BOUND('',#1858,.F.);
#1858 = EDGE_LOOP('',(#1859,#1889,#1917,#1945));
#1859 = ORIENTED_EDGE('',*,*,#1860,.T.);
#1860 = EDGE_CURVE('',#1861,#1863,#1865,.T.);
#1861 = VERTEX_POINT('',#1862);
#1862 = CARTESIAN_POINT('',(-4.25,-7.865,0.22));
#1863 = VERTEX_POINT('',#1864);
#1864 = CARTESIAN_POINT('',(-4.25,-8.365,0.22));
#1865 = SURFACE_CURVE('',#1866,(#1870,#1877),.PCURVE_S1.);
#1866 = LINE('',#1867,#1868);
#1867 = CARTESIAN_POINT('',(-4.25,-7.865,0.22));
#1868 = VECTOR('',#1869,1.);
#1869 = DIRECTION('',(2.22044604925E-16,-1.,0.));
#1870 = PCURVE('',#72,#1871);
#1871 = DEFINITIONAL_REPRESENTATION('',(#1872),#1876);
#1872 = LINE('',#1873,#1874);
#1873 = CARTESIAN_POINT('',(1.235,-14.6));
#1874 = VECTOR('',#1875,1.);
#1875 = DIRECTION('',(-1.,2.22044604925E-16));
#1876 = ( GEOMETRIC_REPRESENTATION_CONTEXT(2) 
PARAMETRIC_REPRESENTATION_CONTEXT() REPRESENTATION_CONTEXT('2D SPACE',''
  ) );
#1877 = PCURVE('',#1878,#1883);
#1878 = PLANE('',#1879);
#1879 = AXIS2_PLACEMENT_3D('',#1880,#1881,#1882);
#1880 = CARTESIAN_POINT('',(-4.25,-7.865,0.22));
#1881 = DIRECTION('',(1.,0.,-2.22044604925E-16));
#1882 = DIRECTION('',(2.22044604925E-16,-1.,0.));
#1883 = DEFINITIONAL_REPRESENTATION('',(#1884),#1888);
#1884 = LINE('',#1885,#1886);
#1885 = CARTESIAN_POINT('',(0.,0.));
#1886 = VECTOR('',#1887,1.);
#1887 = DIRECTION('',(1.,-2.22044604925E-16));
#1888 = ( GEOMETRIC_REPRESENTATION_CONTEXT(2) 
PARAMETRIC_REPRESENTATION_CONTEXT() REPRESENTATION_CONTEXT('2D SPACE',''
  ) );
#1889 = ORIENTED_EDGE('',*,*,#1890,.T.);
#1890 = EDGE_CURVE('',#1863,#1891,#1893,.T.);
#1891 = VERTEX_POINT('',#1892);
#1892 = CARTESIAN_POINT('',(-8.45,-8.365,0.22));
#1893 = SURFACE_CURVE('',#1894,(#1898,#1905),.PCURVE_S1.);
#1894 = LINE('',#1895,#1896);
#1895 = CARTESIAN_POINT('',(-4.25,-8.365,0.22));
#1896 = VECTOR('',#1897,1.);
#1897 = DIRECTION('',(-1.,0.,2.22044604925E-16));
#1898 = PCURVE('',#72,#1899);
#1899 = DEFINITIONAL_REPRESENTATION('',(#1900),#1904);
#1900 = LINE('',#1901,#1902);
#1901 = CARTESIAN_POINT('',(0.735,-14.6));
#1902 = VECTOR('',#1903,1.);
#1903 = DIRECTION('',(2.22044604925E-16,-1.));
#1904 = ( GEOMETRIC_REPRESENTATION_CONTEXT(2) 
PARAMETRIC_REPRESENTATION_CONTEXT() REPRESENTATION_CONTEXT('2D SPACE',''
  ) );
#1905 = PCURVE('',#1906,#1911);
#1906 = PLANE('',#1907);
#1907 = AXIS2_PLACEMENT_3D('',#1908,#1909,#1910);
#1908 = CARTESIAN_POINT('',(-4.25,-8.365,0.22));
#1909 = DIRECTION('',(2.22044604925E-16,-1.,0.));
#1910 = DIRECTION('',(-1.,0.,2.22044604925E-16));
#1911 = DEFINITIONAL_REPRESENTATION('',(#1912),#1916);
#1912 = LINE('',#1913,#1914);
#1913 = CARTESIAN_POINT('',(0.,0.));
#1914 = VECTOR('',#1915,1.);
#1915 = DIRECTION('',(1.,-2.22044604925E-16));
#1916 = ( GEOMETRIC_REPRESENTATION_CONTEXT(2) 
PARAMETRIC_REPRESENTATION_CONTEXT() REPRESENTATION_CONTEXT('2D SPACE',''
  ) );
#1917 = ORIENTED_EDGE('',*,*,#1918,.T.);
#1918 = EDGE_CURVE('',#1891,#1919,#1921,.T.);
#1919 = VERTEX_POINT('',#1920);
#1920 = CARTESIAN_POINT('',(-8.45,-7.865,0.22));
#1921 = SURFACE_CURVE('',#1922,(#1926,#1933),.PCURVE_S1.);
#1922 = LINE('',#1923,#1924);
#1923 = CARTESIAN_POINT('',(-8.45,-8.365,0.22));
#1924 = VECTOR('',#1925,1.);
#1925 = DIRECTION('',(-2.22044604925E-16,1.,0.));
#1926 = PCURVE('',#72,#1927);
#1927 = DEFINITIONAL_REPRESENTATION('',(#1928),#1932);
#1928 = LINE('',#1929,#1930);
#1929 = CARTESIAN_POINT('',(0.735,-18.8));
#1930 = VECTOR('',#1931,1.);
#1931 = DIRECTION('',(1.,-2.22044604925E-16));
#1932 = ( GEOMETRIC_REPRESENTATION_CONTEXT(2) 
PARAMETRIC_REPRESENTATION_CONTEXT() REPRESENTATION_CONTEXT('2D SPACE',''
  ) );
#1933 = PCURVE('',#1934,#1939);
#1934 = PLANE('',#1935);
#1935 = AXIS2_PLACEMENT_3D('',#1936,#1937,#1938);
#1936 = CARTESIAN_POINT('',(-8.45,-8.365,0.22));
#1937 = DIRECTION('',(-1.,0.,2.22044604925E-16));
#1938 = DIRECTION('',(-2.22044604925E-16,1.,0.));
#1939 = DEFINITIONAL_REPRESENTATION('',(#1940),#1944);
#1940 = LINE('',#1941,#1942);
#1941 = CARTESIAN_POINT('',(0.,0.));
#1942 = VECTOR('',#1943,1.);
#1943 = DIRECTION('',(1.,2.22044604925E-16));
#1944 = ( GEOMETRIC_REPRESENTATION_CONTEXT(2) 
PARAMETRIC_REPRESENTATION_CONTEXT() REPRESENTATION_CONTEXT('2D SPACE',''
  ) );
#1945 = ORIENTED_EDGE('',*,*,#1946,.T.);
#1946 = EDGE_CURVE('',#1919,#1861,#1947,.T.);
#1947 = SURFACE_CURVE('',#1948,(#1952,#1959),.PCURVE_S1.);
#1948 = LINE('',#1949,#1950);
#1949 = CARTESIAN_POINT('',(-8.45,-7.865,0.22));
#1950 = VECTOR('',#1951,1.);
#1951 = DIRECTION('',(1.,0.,-2.22044604925E-16));
#1952 = PCURVE('',#72,#1953);
#1953 = DEFINITIONAL_REPRESENTATION('',(#1954),#1958);
#1954 = LINE('',#1955,#1956);
#1955 = CARTESIAN_POINT('',(1.235,-18.8));
#1956 = VECTOR('',#1957,1.);
#1957 = DIRECTION('',(-2.22044604925E-16,1.));
#1958 = ( GEOMETRIC_REPRESENTATION_CONTEXT(2) 
PARAMETRIC_REPRESENTATION_CONTEXT() REPRESENTATION_CONTEXT('2D SPACE',''
  ) );
#1959 = PCURVE('',#1960,#1965);
#1960 = PLANE('',#1961);
#1961 = AXIS2_PLACEMENT_3D('',#1962,#1963,#1964);
#1962 = CARTESIAN_POINT('',(-8.45,-7.865,0.22));
#1963 = DIRECTION('',(-2.22044604925E-16,1.,0.));
#1964 = DIRECTION('',(1.,0.,-2.22044604925E-16));
#1965 = DEFINITIONAL_REPRESENTATION('',(#1966),#1970);
#1966 = LINE('',#1967,#1968);
#1967 = CARTESIAN_POINT('',(0.,0.));
#1968 = VECTOR('',#1969,1.);
#1969 = DIRECTION('',(1.,2.22044604925E-16));
#1970 = ( GEOMETRIC_REPRESENTATION_CONTEXT(2) 
PARAMETRIC_REPRESENTATION_CONTEXT() REPRESENTATION_CONTEXT('2D SPACE',''
  ) );
#1971 = ADVANCED_FACE('',(#1972,#1983),#883,.F.);
#1972 = FACE_BOUND('',#1973,.F.);
#1973 = EDGE_LOOP('',(#1974,#1975,#1976,#1977,#1978,#1979,#1980,#1981,
    #1982));
#1974 = ORIENTED_EDGE('',*,*,#867,.T.);
#1975 = ORIENTED_EDGE('',*,*,#943,.T.);
#1976 = ORIENTED_EDGE('',*,*,#992,.T.);
#1977 = ORIENTED_EDGE('',*,*,#1018,.T.);
#1978 = ORIENTED_EDGE('',*,*,#1091,.T.);
#1979 = ORIENTED_EDGE('',*,*,#1117,.T.);
#1980 = ORIENTED_EDGE('',*,*,#1190,.T.);
#1981 = ORIENTED_EDGE('',*,*,#1239,.T.);
#1982 = ORIENTED_EDGE('',*,*,#1266,.T.);
#1983 = FACE_BOUND('',#1984,.F.);
#1984 = EDGE_LOOP('',(#1985,#2015,#2043,#2071));
#1985 = ORIENTED_EDGE('',*,*,#1986,.F.);
#1986 = EDGE_CURVE('',#1987,#1989,#1991,.T.);
#1987 = VERTEX_POINT('',#1988);
#1988 = CARTESIAN_POINT('',(-10.26,4.35,12.355));
#1989 = VERTEX_POINT('',#1990);
#1990 = CARTESIAN_POINT('',(-10.26,-4.35,12.355));
#1991 = SURFACE_CURVE('',#1992,(#1996,#2003),.PCURVE_S1.);
#1992 = LINE('',#1993,#1994);
#1993 = CARTESIAN_POINT('',(-10.26,4.35,12.355));
#1994 = VECTOR('',#1995,1.);
#1995 = DIRECTION('',(2.22044604925E-16,-1.,0.));
#1996 = PCURVE('',#883,#1997);
#1997 = DEFINITIONAL_REPRESENTATION('',(#1998),#2002);
#1998 = LINE('',#1999,#2000);
#1999 = CARTESIAN_POINT('',(4.35,12.355));
#2000 = VECTOR('',#2001,1.);
#2001 = DIRECTION('',(-1.,2.22044604925E-16));
#2002 = ( GEOMETRIC_REPRESENTATION_CONTEXT(2) 
PARAMETRIC_REPRESENTATION_CONTEXT() REPRESENTATION_CONTEXT('2D SPACE',''
  ) );
#2003 = PCURVE('',#2004,#2009);
#2004 = PLANE('',#2005);
#2005 = AXIS2_PLACEMENT_3D('',#2006,#2007,#2008);
#2006 = CARTESIAN_POINT('',(-13.18,4.35,12.355));
#2007 = DIRECTION('',(0.,2.22044604925E-16,-1.));
#2008 = DIRECTION('',(2.22044604925E-16,-1.,0.));
#2009 = DEFINITIONAL_REPRESENTATION('',(#2010),#2014);
#2010 = LINE('',#2011,#2012);
#2011 = CARTESIAN_POINT('',(6.483702463811E-16,-2.92));
#2012 = VECTOR('',#2013,1.);
#2013 = DIRECTION('',(1.,-2.22044604925E-16));
#2014 = ( GEOMETRIC_REPRESENTATION_CONTEXT(2) 
PARAMETRIC_REPRESENTATION_CONTEXT() REPRESENTATION_CONTEXT('2D SPACE',''
  ) );
#2015 = ORIENTED_EDGE('',*,*,#2016,.F.);
#2016 = EDGE_CURVE('',#2017,#1987,#2019,.T.);
#2017 = VERTEX_POINT('',#2018);
#2018 = CARTESIAN_POINT('',(-10.26,4.35,3.925));
#2019 = SURFACE_CURVE('',#2020,(#2024,#2031),.PCURVE_S1.);
#2020 = LINE('',#2021,#2022);
#2021 = CARTESIAN_POINT('',(-10.26,4.35,3.925));
#2022 = VECTOR('',#2023,1.);
#2023 = DIRECTION('',(0.,-2.22044604925E-16,1.));
#2024 = PCURVE('',#883,#2025);
#2025 = DEFINITIONAL_REPRESENTATION('',(#2026),#2030);
#2026 = LINE('',#2027,#2028);
#2027 = CARTESIAN_POINT('',(4.35,3.925));
#2028 = VECTOR('',#2029,1.);
#2029 = DIRECTION('',(-2.22044604925E-16,1.));
#2030 = ( GEOMETRIC_REPRESENTATION_CONTEXT(2) 
PARAMETRIC_REPRESENTATION_CONTEXT() REPRESENTATION_CONTEXT('2D SPACE',''
  ) );
#2031 = PCURVE('',#2032,#2037);
#2032 = PLANE('',#2033);
#2033 = AXIS2_PLACEMENT_3D('',#2034,#2035,#2036);
#2034 = CARTESIAN_POINT('',(-13.18,4.35,3.925));
#2035 = DIRECTION('',(2.22044604925E-16,-1.,0.));
#2036 = DIRECTION('',(0.,-2.22044604925E-16,1.));
#2037 = DEFINITIONAL_REPRESENTATION('',(#2038),#2042);
#2038 = LINE('',#2039,#2040);
#2039 = CARTESIAN_POINT('',(-8.881784197001E-16,-2.92));
#2040 = VECTOR('',#2041,1.);
#2041 = DIRECTION('',(1.,2.22044604925E-16));
#2042 = ( GEOMETRIC_REPRESENTATION_CONTEXT(2) 
PARAMETRIC_REPRESENTATION_CONTEXT() REPRESENTATION_CONTEXT('2D SPACE',''
  ) );
#2043 = ORIENTED_EDGE('',*,*,#2044,.F.);
#2044 = EDGE_CURVE('',#2045,#2017,#2047,.T.);
#2045 = VERTEX_POINT('',#2046);
#2046 = CARTESIAN_POINT('',(-10.26,-4.35,3.925));
#2047 = SURFACE_CURVE('',#2048,(#2052,#2059),.PCURVE_S1.);
#2048 = LINE('',#2049,#2050);
#2049 = CARTESIAN_POINT('',(-10.26,-4.35,3.925));
#2050 = VECTOR('',#2051,1.);
#2051 = DIRECTION('',(-2.22044604925E-16,1.,0.));
#2052 = PCURVE('',#883,#2053);
#2053 = DEFINITIONAL_REPRESENTATION('',(#2054),#2058);
#2054 = LINE('',#2055,#2056);
#2055 = CARTESIAN_POINT('',(-4.35,3.925));
#2056 = VECTOR('',#2057,1.);
#2057 = DIRECTION('',(1.,-2.22044604925E-16));
#2058 = ( GEOMETRIC_REPRESENTATION_CONTEXT(2) 
PARAMETRIC_REPRESENTATION_CONTEXT() REPRESENTATION_CONTEXT('2D SPACE',''
  ) );
#2059 = PCURVE('',#2060,#2065);
#2060 = PLANE('',#2061);
#2061 = AXIS2_PLACEMENT_3D('',#2062,#2063,#2064);
#2062 = CARTESIAN_POINT('',(-13.18,-4.35,3.925));
#2063 = DIRECTION('',(0.,-2.22044604925E-16,1.));
#2064 = DIRECTION('',(-2.22044604925E-16,1.,0.));
#2065 = DEFINITIONAL_REPRESENTATION('',(#2066),#2070);
#2066 = LINE('',#2067,#2068);
#2067 = CARTESIAN_POINT('',(-6.483702463811E-16,-2.92));
#2068 = VECTOR('',#2069,1.);
#2069 = DIRECTION('',(1.,2.22044604925E-16));
#2070 = ( GEOMETRIC_REPRESENTATION_CONTEXT(2) 
PARAMETRIC_REPRESENTATION_CONTEXT() REPRESENTATION_CONTEXT('2D SPACE',''
  ) );
#2071 = ORIENTED_EDGE('',*,*,#2072,.F.);
#2072 = EDGE_CURVE('',#1989,#2045,#2073,.T.);
#2073 = SURFACE_CURVE('',#2074,(#2078,#2085),.PCURVE_S1.);
#2074 = LINE('',#2075,#2076);
#2075 = CARTESIAN_POINT('',(-10.26,-4.35,12.355));
#2076 = VECTOR('',#2077,1.);
#2077 = DIRECTION('',(0.,2.22044604925E-16,-1.));
#2078 = PCURVE('',#883,#2079);
#2079 = DEFINITIONAL_REPRESENTATION('',(#2080),#2084);
#2080 = LINE('',#2081,#2082);
#2081 = CARTESIAN_POINT('',(-4.35,12.355));
#2082 = VECTOR('',#2083,1.);
#2083 = DIRECTION('',(2.22044604925E-16,-1.));
#2084 = ( GEOMETRIC_REPRESENTATION_CONTEXT(2) 
PARAMETRIC_REPRESENTATION_CONTEXT() REPRESENTATION_CONTEXT('2D SPACE',''
  ) );
#2085 = PCURVE('',#2086,#2091);
#2086 = PLANE('',#2087);
#2087 = AXIS2_PLACEMENT_3D('',#2088,#2089,#2090);
#2088 = CARTESIAN_POINT('',(-13.18,-4.35,12.355));
#2089 = DIRECTION('',(-2.22044604925E-16,1.,0.));
#2090 = DIRECTION('',(0.,2.22044604925E-16,-1.));
#2091 = DEFINITIONAL_REPRESENTATION('',(#2092),#2096);
#2092 = LINE('',#2093,#2094);
#2093 = CARTESIAN_POINT('',(1.972152263053E-31,-2.92));
#2094 = VECTOR('',#2095,1.);
#2095 = DIRECTION('',(1.,-2.22044604925E-16));
#2096 = ( GEOMETRIC_REPRESENTATION_CONTEXT(2) 
PARAMETRIC_REPRESENTATION_CONTEXT() REPRESENTATION_CONTEXT('2D SPACE',''
  ) );
#2097 = ADVANCED_FACE('',(#2098),#2004,.F.);
#2098 = FACE_BOUND('',#2099,.F.);
#2099 = EDGE_LOOP('',(#2100,#2130,#2151,#2152));
#2100 = ORIENTED_EDGE('',*,*,#2101,.F.);
#2101 = EDGE_CURVE('',#2102,#2104,#2106,.T.);
#2102 = VERTEX_POINT('',#2103);
#2103 = CARTESIAN_POINT('',(-13.18,4.35,12.355));
#2104 = VERTEX_POINT('',#2105);
#2105 = CARTESIAN_POINT('',(-13.18,-4.35,12.355));
#2106 = SURFACE_CURVE('',#2107,(#2111,#2118),.PCURVE_S1.);
#2107 = LINE('',#2108,#2109);
#2108 = CARTESIAN_POINT('',(-13.18,4.35,12.355));
#2109 = VECTOR('',#2110,1.);
#2110 = DIRECTION('',(2.22044604925E-16,-1.,0.));
#2111 = PCURVE('',#2004,#2112);
#2112 = DEFINITIONAL_REPRESENTATION('',(#2113),#2117);
#2113 = LINE('',#2114,#2115);
#2114 = CARTESIAN_POINT('',(0.,0.));
#2115 = VECTOR('',#2116,1.);
#2116 = DIRECTION('',(1.,-2.22044604925E-16));
#2117 = ( GEOMETRIC_REPRESENTATION_CONTEXT(2) 
PARAMETRIC_REPRESENTATION_CONTEXT() REPRESENTATION_CONTEXT('2D SPACE',''
  ) );
#2118 = PCURVE('',#2119,#2124);
#2119 = PLANE('',#2120);
#2120 = AXIS2_PLACEMENT_3D('',#2121,#2122,#2123);
#2121 = CARTESIAN_POINT('',(-13.18,-1.80744308409E-15,8.14));
#2122 = DIRECTION('',(-1.,0.,2.22044604925E-16));
#2123 = DIRECTION('',(0.,2.22044604925E-16,-1.));
#2124 = DEFINITIONAL_REPRESENTATION('',(#2125),#2129);
#2125 = LINE('',#2126,#2127);
#2126 = CARTESIAN_POINT('',(-4.215,-4.35));
#2127 = VECTOR('',#2128,1.);
#2128 = DIRECTION('',(-2.22044604925E-16,1.));
#2129 = ( GEOMETRIC_REPRESENTATION_CONTEXT(2) 
PARAMETRIC_REPRESENTATION_CONTEXT() REPRESENTATION_CONTEXT('2D SPACE',''
  ) );
#2130 = ORIENTED_EDGE('',*,*,#2131,.T.);
#2131 = EDGE_CURVE('',#2102,#1987,#2132,.T.);
#2132 = SURFACE_CURVE('',#2133,(#2137,#2144),.PCURVE_S1.);
#2133 = LINE('',#2134,#2135);
#2134 = CARTESIAN_POINT('',(-13.18,4.35,12.355));
#2135 = VECTOR('',#2136,1.);
#2136 = DIRECTION('',(1.,0.,-2.22044604925E-16));
#2137 = PCURVE('',#2004,#2138);
#2138 = DEFINITIONAL_REPRESENTATION('',(#2139),#2143);
#2139 = LINE('',#2140,#2141);
#2140 = CARTESIAN_POINT('',(0.,0.));
#2141 = VECTOR('',#2142,1.);
#2142 = DIRECTION('',(2.22044604925E-16,-1.));
#2143 = ( GEOMETRIC_REPRESENTATION_CONTEXT(2) 
PARAMETRIC_REPRESENTATION_CONTEXT() REPRESENTATION_CONTEXT('2D SPACE',''
  ) );
#2144 = PCURVE('',#2032,#2145);
#2145 = DEFINITIONAL_REPRESENTATION('',(#2146),#2150);
#2146 = LINE('',#2147,#2148);
#2147 = CARTESIAN_POINT('',(8.43,1.871836019518E-15));
#2148 = VECTOR('',#2149,1.);
#2149 = DIRECTION('',(-2.22044604925E-16,-1.));
#2150 = ( GEOMETRIC_REPRESENTATION_CONTEXT(2) 
PARAMETRIC_REPRESENTATION_CONTEXT() REPRESENTATION_CONTEXT('2D SPACE',''
  ) );
#2151 = ORIENTED_EDGE('',*,*,#1986,.T.);
#2152 = ORIENTED_EDGE('',*,*,#2153,.F.);
#2153 = EDGE_CURVE('',#2104,#1989,#2154,.T.);
#2154 = SURFACE_CURVE('',#2155,(#2159,#2166),.PCURVE_S1.);
#2155 = LINE('',#2156,#2157);
#2156 = CARTESIAN_POINT('',(-13.18,-4.35,12.355));
#2157 = VECTOR('',#2158,1.);
#2158 = DIRECTION('',(1.,0.,-2.22044604925E-16));
#2159 = PCURVE('',#2004,#2160);
#2160 = DEFINITIONAL_REPRESENTATION('',(#2161),#2165);
#2161 = LINE('',#2162,#2163);
#2162 = CARTESIAN_POINT('',(8.7,-3.552713678801E-15));
#2163 = VECTOR('',#2164,1.);
#2164 = DIRECTION('',(2.22044604925E-16,-1.));
#2165 = ( GEOMETRIC_REPRESENTATION_CONTEXT(2) 
PARAMETRIC_REPRESENTATION_CONTEXT() REPRESENTATION_CONTEXT('2D SPACE',''
  ) );
#2166 = PCURVE('',#2086,#2167);
#2167 = DEFINITIONAL_REPRESENTATION('',(#2168),#2172);
#2168 = LINE('',#2169,#2170);
#2169 = CARTESIAN_POINT('',(0.,0.));
#2170 = VECTOR('',#2171,1.);
#2171 = DIRECTION('',(2.22044604925E-16,-1.));
#2172 = ( GEOMETRIC_REPRESENTATION_CONTEXT(2) 
PARAMETRIC_REPRESENTATION_CONTEXT() REPRESENTATION_CONTEXT('2D SPACE',''
  ) );
#2173 = ADVANCED_FACE('',(#2174),#2119,.T.);
#2174 = FACE_BOUND('',#2175,.F.);
#2175 = EDGE_LOOP('',(#2176,#2177,#2200,#2223));
#2176 = ORIENTED_EDGE('',*,*,#2101,.T.);
#2177 = ORIENTED_EDGE('',*,*,#2178,.T.);
#2178 = EDGE_CURVE('',#2104,#2179,#2181,.T.);
#2179 = VERTEX_POINT('',#2180);
#2180 = CARTESIAN_POINT('',(-13.18,-4.35,3.925));
#2181 = SURFACE_CURVE('',#2182,(#2186,#2193),.PCURVE_S1.);
#2182 = LINE('',#2183,#2184);
#2183 = CARTESIAN_POINT('',(-13.18,-4.35,12.355));
#2184 = VECTOR('',#2185,1.);
#2185 = DIRECTION('',(0.,2.22044604925E-16,-1.));
#2186 = PCURVE('',#2119,#2187);
#2187 = DEFINITIONAL_REPRESENTATION('',(#2188),#2192);
#2188 = LINE('',#2189,#2190);
#2189 = CARTESIAN_POINT('',(-4.215,4.35));
#2190 = VECTOR('',#2191,1.);
#2191 = DIRECTION('',(1.,-2.22044604925E-16));
#2192 = ( GEOMETRIC_REPRESENTATION_CONTEXT(2) 
PARAMETRIC_REPRESENTATION_CONTEXT() REPRESENTATION_CONTEXT('2D SPACE',''
  ) );
#2193 = PCURVE('',#2086,#2194);
#2194 = DEFINITIONAL_REPRESENTATION('',(#2195),#2199);
#2195 = LINE('',#2196,#2197);
#2196 = CARTESIAN_POINT('',(0.,0.));
#2197 = VECTOR('',#2198,1.);
#2198 = DIRECTION('',(1.,-2.22044604925E-16));
#2199 = ( GEOMETRIC_REPRESENTATION_CONTEXT(2) 
PARAMETRIC_REPRESENTATION_CONTEXT() REPRESENTATION_CONTEXT('2D SPACE',''
  ) );
#2200 = ORIENTED_EDGE('',*,*,#2201,.T.);
#2201 = EDGE_CURVE('',#2179,#2202,#2204,.T.);
#2202 = VERTEX_POINT('',#2203);
#2203 = CARTESIAN_POINT('',(-13.18,4.35,3.925));
#2204 = SURFACE_CURVE('',#2205,(#2209,#2216),.PCURVE_S1.);
#2205 = LINE('',#2206,#2207);
#2206 = CARTESIAN_POINT('',(-13.18,-4.35,3.925));
#2207 = VECTOR('',#2208,1.);
#2208 = DIRECTION('',(-2.22044604925E-16,1.,0.));
#2209 = PCURVE('',#2119,#2210);
#2210 = DEFINITIONAL_REPRESENTATION('',(#2211),#2215);
#2211 = LINE('',#2212,#2213);
#2212 = CARTESIAN_POINT('',(4.215,4.35));
#2213 = VECTOR('',#2214,1.);
#2214 = DIRECTION('',(2.22044604925E-16,-1.));
#2215 = ( GEOMETRIC_REPRESENTATION_CONTEXT(2) 
PARAMETRIC_REPRESENTATION_CONTEXT() REPRESENTATION_CONTEXT('2D SPACE',''
  ) );
#2216 = PCURVE('',#2060,#2217);
#2217 = DEFINITIONAL_REPRESENTATION('',(#2218),#2222);
#2218 = LINE('',#2219,#2220);
#2219 = CARTESIAN_POINT('',(0.,0.));
#2220 = VECTOR('',#2221,1.);
#2221 = DIRECTION('',(1.,2.22044604925E-16));
#2222 = ( GEOMETRIC_REPRESENTATION_CONTEXT(2) 
PARAMETRIC_REPRESENTATION_CONTEXT() REPRESENTATION_CONTEXT('2D SPACE',''
  ) );
#2223 = ORIENTED_EDGE('',*,*,#2224,.T.);
#2224 = EDGE_CURVE('',#2202,#2102,#2225,.T.);
#2225 = SURFACE_CURVE('',#2226,(#2230,#2237),.PCURVE_S1.);
#2226 = LINE('',#2227,#2228);
#2227 = CARTESIAN_POINT('',(-13.18,4.35,3.925));
#2228 = VECTOR('',#2229,1.);
#2229 = DIRECTION('',(0.,-2.22044604925E-16,1.));
#2230 = PCURVE('',#2119,#2231);
#2231 = DEFINITIONAL_REPRESENTATION('',(#2232),#2236);
#2232 = LINE('',#2233,#2234);
#2233 = CARTESIAN_POINT('',(4.215,-4.35));
#2234 = VECTOR('',#2235,1.);
#2235 = DIRECTION('',(-1.,2.22044604925E-16));
#2236 = ( GEOMETRIC_REPRESENTATION_CONTEXT(2) 
PARAMETRIC_REPRESENTATION_CONTEXT() REPRESENTATION_CONTEXT('2D SPACE',''
  ) );
#2237 = PCURVE('',#2032,#2238);
#2238 = DEFINITIONAL_REPRESENTATION('',(#2239),#2243);
#2239 = LINE('',#2240,#2241);
#2240 = CARTESIAN_POINT('',(0.,0.));
#2241 = VECTOR('',#2242,1.);
#2242 = DIRECTION('',(1.,2.22044604925E-16));
#2243 = ( GEOMETRIC_REPRESENTATION_CONTEXT(2) 
PARAMETRIC_REPRESENTATION_CONTEXT() REPRESENTATION_CONTEXT('2D SPACE',''
  ) );
#2244 = ADVANCED_FACE('',(#2245),#2086,.F.);
#2245 = FACE_BOUND('',#2246,.F.);
#2246 = EDGE_LOOP('',(#2247,#2248,#2249,#2250));
#2247 = ORIENTED_EDGE('',*,*,#2178,.F.);
#2248 = ORIENTED_EDGE('',*,*,#2153,.T.);
#2249 = ORIENTED_EDGE('',*,*,#2072,.T.);
#2250 = ORIENTED_EDGE('',*,*,#2251,.F.);
#2251 = EDGE_CURVE('',#2179,#2045,#2252,.T.);
#2252 = SURFACE_CURVE('',#2253,(#2257,#2264),.PCURVE_S1.);
#2253 = LINE('',#2254,#2255);
#2254 = CARTESIAN_POINT('',(-13.18,-4.35,3.925));
#2255 = VECTOR('',#2256,1.);
#2256 = DIRECTION('',(1.,0.,-2.22044604925E-16));
#2257 = PCURVE('',#2086,#2258);
#2258 = DEFINITIONAL_REPRESENTATION('',(#2259),#2263);
#2259 = LINE('',#2260,#2261);
#2260 = CARTESIAN_POINT('',(8.43,-1.871836019518E-15));
#2261 = VECTOR('',#2262,1.);
#2262 = DIRECTION('',(2.22044604925E-16,-1.));
#2263 = ( GEOMETRIC_REPRESENTATION_CONTEXT(2) 
PARAMETRIC_REPRESENTATION_CONTEXT() REPRESENTATION_CONTEXT('2D SPACE',''
  ) );
#2264 = PCURVE('',#2060,#2265);
#2265 = DEFINITIONAL_REPRESENTATION('',(#2266),#2270);
#2266 = LINE('',#2267,#2268);
#2267 = CARTESIAN_POINT('',(0.,0.));
#2268 = VECTOR('',#2269,1.);
#2269 = DIRECTION('',(-2.22044604925E-16,-1.));
#2270 = ( GEOMETRIC_REPRESENTATION_CONTEXT(2) 
PARAMETRIC_REPRESENTATION_CONTEXT() REPRESENTATION_CONTEXT('2D SPACE',''
  ) );
#2271 = ADVANCED_FACE('',(#2272),#2060,.F.);
#2272 = FACE_BOUND('',#2273,.F.);
#2273 = EDGE_LOOP('',(#2274,#2275,#2276,#2277));
#2274 = ORIENTED_EDGE('',*,*,#2201,.F.);
#2275 = ORIENTED_EDGE('',*,*,#2251,.T.);
#2276 = ORIENTED_EDGE('',*,*,#2044,.T.);
#2277 = ORIENTED_EDGE('',*,*,#2278,.F.);
#2278 = EDGE_CURVE('',#2202,#2017,#2279,.T.);
#2279 = SURFACE_CURVE('',#2280,(#2284,#2291),.PCURVE_S1.);
#2280 = LINE('',#2281,#2282);
#2281 = CARTESIAN_POINT('',(-13.18,4.35,3.925));
#2282 = VECTOR('',#2283,1.);
#2283 = DIRECTION('',(1.,0.,-2.22044604925E-16));
#2284 = PCURVE('',#2060,#2285);
#2285 = DEFINITIONAL_REPRESENTATION('',(#2286),#2290);
#2286 = LINE('',#2287,#2288);
#2287 = CARTESIAN_POINT('',(8.7,3.552713678801E-15));
#2288 = VECTOR('',#2289,1.);
#2289 = DIRECTION('',(-2.22044604925E-16,-1.));
#2290 = ( GEOMETRIC_REPRESENTATION_CONTEXT(2) 
PARAMETRIC_REPRESENTATION_CONTEXT() REPRESENTATION_CONTEXT('2D SPACE',''
  ) );
#2291 = PCURVE('',#2032,#2292);
#2292 = DEFINITIONAL_REPRESENTATION('',(#2293),#2297);
#2293 = LINE('',#2294,#2295);
#2294 = CARTESIAN_POINT('',(0.,0.));
#2295 = VECTOR('',#2296,1.);
#2296 = DIRECTION('',(-2.22044604925E-16,-1.));
#2297 = ( GEOMETRIC_REPRESENTATION_CONTEXT(2) 
PARAMETRIC_REPRESENTATION_CONTEXT() REPRESENTATION_CONTEXT('2D SPACE',''
  ) );
#2298 = ADVANCED_FACE('',(#2299),#2032,.F.);
#2299 = FACE_BOUND('',#2300,.F.);
#2300 = EDGE_LOOP('',(#2301,#2302,#2303,#2304));
#2301 = ORIENTED_EDGE('',*,*,#2224,.F.);
#2302 = ORIENTED_EDGE('',*,*,#2278,.T.);
#2303 = ORIENTED_EDGE('',*,*,#2016,.T.);
#2304 = ORIENTED_EDGE('',*,*,#2131,.F.);
#2305 = ADVANCED_FACE('',(#2306),#1308,.T.);
#2306 = FACE_BOUND('',#2307,.F.);
#2307 = EDGE_LOOP('',(#2308,#2331,#2359,#2387,#2420,#2448,#2476,#2497));
#2308 = ORIENTED_EDGE('',*,*,#2309,.T.);
#2309 = EDGE_CURVE('',#1291,#2310,#2312,.T.);
#2310 = VERTEX_POINT('',#2311);
#2311 = CARTESIAN_POINT('',(8.45,7.865,4.218847493576E-16));
#2312 = SURFACE_CURVE('',#2313,(#2317,#2324),.PCURVE_S1.);
#2313 = LINE('',#2314,#2315);
#2314 = CARTESIAN_POINT('',(8.45,7.865,0.22));
#2315 = VECTOR('',#2316,1.);
#2316 = DIRECTION('',(0.,2.22044604925E-16,-1.));
#2317 = PCURVE('',#1308,#2318);
#2318 = DEFINITIONAL_REPRESENTATION('',(#2319),#2323);
#2319 = LINE('',#2320,#2321);
#2320 = CARTESIAN_POINT('',(0.,0.));
#2321 = VECTOR('',#2322,1.);
#2322 = DIRECTION('',(-2.22044604925E-16,1.));
#2323 = ( GEOMETRIC_REPRESENTATION_CONTEXT(2) 
PARAMETRIC_REPRESENTATION_CONTEXT() REPRESENTATION_CONTEXT('2D SPACE',''
  ) );
#2324 = PCURVE('',#1390,#2325);
#2325 = DEFINITIONAL_REPRESENTATION('',(#2326),#2330);
#2326 = LINE('',#2327,#2328);
#2327 = CARTESIAN_POINT('',(0.5,-1.110223024625E-16));
#2328 = VECTOR('',#2329,1.);
#2329 = DIRECTION('',(-2.22044604925E-16,1.));
#2330 = ( GEOMETRIC_REPRESENTATION_CONTEXT(2) 
PARAMETRIC_REPRESENTATION_CONTEXT() REPRESENTATION_CONTEXT('2D SPACE',''
  ) );
#2331 = ORIENTED_EDGE('',*,*,#2332,.T.);
#2332 = EDGE_CURVE('',#2310,#2333,#2335,.T.);
#2333 = VERTEX_POINT('',#2334);
#2334 = CARTESIAN_POINT('',(6.9,7.865,7.660538869914E-16));
#2335 = SURFACE_CURVE('',#2336,(#2340,#2347),.PCURVE_S1.);
#2336 = LINE('',#2337,#2338);
#2337 = CARTESIAN_POINT('',(8.45,7.865,4.218847493576E-16));
#2338 = VECTOR('',#2339,1.);
#2339 = DIRECTION('',(-1.,0.,2.22044604925E-16));
#2340 = PCURVE('',#1308,#2341);
#2341 = DEFINITIONAL_REPRESENTATION('',(#2342),#2346);
#2342 = LINE('',#2343,#2344);
#2343 = CARTESIAN_POINT('',(-4.884981308351E-17,0.22));
#2344 = VECTOR('',#2345,1.);
#2345 = DIRECTION('',(1.,-2.22044604925E-16));
#2346 = ( GEOMETRIC_REPRESENTATION_CONTEXT(2) 
PARAMETRIC_REPRESENTATION_CONTEXT() REPRESENTATION_CONTEXT('2D SPACE',''
  ) );
#2347 = PCURVE('',#2348,#2353);
#2348 = PLANE('',#2349);
#2349 = AXIS2_PLACEMENT_3D('',#2350,#2351,#2352);
#2350 = CARTESIAN_POINT('',(6.9,-10.92006769425,7.660538869914E-16));
#2351 = DIRECTION('',(0.,-2.22044604925E-16,1.));
#2352 = DIRECTION('',(1.,0.,-2.22044604925E-16));
#2353 = DEFINITIONAL_REPRESENTATION('',(#2354),#2358);
#2354 = LINE('',#2355,#2356);
#2355 = CARTESIAN_POINT('',(1.55,18.78506769425));
#2356 = VECTOR('',#2357,1.);
#2357 = DIRECTION('',(-1.,2.22044604925E-16));
#2358 = ( GEOMETRIC_REPRESENTATION_CONTEXT(2) 
PARAMETRIC_REPRESENTATION_CONTEXT() REPRESENTATION_CONTEXT('2D SPACE',''
  ) );
#2359 = ORIENTED_EDGE('',*,*,#2360,.F.);
#2360 = EDGE_CURVE('',#2361,#2333,#2363,.T.);
#2361 = VERTEX_POINT('',#2362);
#2362 = CARTESIAN_POINT('',(6.9,7.865,-3.45));
#2363 = SURFACE_CURVE('',#2364,(#2368,#2375),.PCURVE_S1.);
#2364 = LINE('',#2365,#2366);
#2365 = CARTESIAN_POINT('',(6.9,7.865,-3.45));
#2366 = VECTOR('',#2367,1.);
#2367 = DIRECTION('',(0.,-2.22044604925E-16,1.));
#2368 = PCURVE('',#1308,#2369);
#2369 = DEFINITIONAL_REPRESENTATION('',(#2370),#2374);
#2370 = LINE('',#2371,#2372);
#2371 = CARTESIAN_POINT('',(1.55,3.67));
#2372 = VECTOR('',#2373,1.);
#2373 = DIRECTION('',(2.22044604925E-16,-1.));
#2374 = ( GEOMETRIC_REPRESENTATION_CONTEXT(2) 
PARAMETRIC_REPRESENTATION_CONTEXT() REPRESENTATION_CONTEXT('2D SPACE',''
  ) );
#2375 = PCURVE('',#2376,#2381);
#2376 = PLANE('',#2377);
#2377 = AXIS2_PLACEMENT_3D('',#2378,#2379,#2380);
#2378 = CARTESIAN_POINT('',(6.9,-10.92006769425,-3.45));
#2379 = DIRECTION('',(-1.,0.,2.22044604925E-16));
#2380 = DIRECTION('',(0.,-2.22044604925E-16,1.));
#2381 = DEFINITIONAL_REPRESENTATION('',(#2382),#2386);
#2382 = LINE('',#2383,#2384);
#2383 = CARTESIAN_POINT('',(-4.17112293466E-15,18.78506769425));
#2384 = VECTOR('',#2385,1.);
#2385 = DIRECTION('',(1.,-2.22044604925E-16));
#2386 = ( GEOMETRIC_REPRESENTATION_CONTEXT(2) 
PARAMETRIC_REPRESENTATION_CONTEXT() REPRESENTATION_CONTEXT('2D SPACE',''
  ) );
#2387 = ORIENTED_EDGE('',*,*,#2388,.T.);
#2388 = EDGE_CURVE('',#2361,#2389,#2391,.T.);
#2389 = VERTEX_POINT('',#2390);
#2390 = CARTESIAN_POINT('',(5.8,7.865,-3.45));
#2391 = SURFACE_CURVE('',#2392,(#2397,#2408),.PCURVE_S1.);
#2392 = CIRCLE('',#2393,0.55);
#2393 = AXIS2_PLACEMENT_3D('',#2394,#2395,#2396);
#2394 = CARTESIAN_POINT('',(6.35,7.865,-3.45));
#2395 = DIRECTION('',(4.930380657631E-32,1.,2.22044604925E-16));
#2396 = DIRECTION('',(1.,2.330725401789E-30,-1.071869865593E-14));
#2397 = PCURVE('',#1308,#2398);
#2398 = DEFINITIONAL_REPRESENTATION('',(#2399),#2407);
#2399 = ( BOUNDED_CURVE() B_SPLINE_CURVE(2,(#2400,#2401,#2402,#2403,
#2404,#2405,#2406),.UNSPECIFIED.,.T.,.F.) B_SPLINE_CURVE_WITH_KNOTS((1,2
    ,2,2,2,1),(-2.094395102393,0.,2.094395102393,4.188790204786,
6.28318530718,8.377580409573),.UNSPECIFIED.) CURVE() 
GEOMETRIC_REPRESENTATION_ITEM() RATIONAL_B_SPLINE_CURVE((1.,0.5,1.,0.5,
1.,0.5,1.)) REPRESENTATION_ITEM('') );
#2400 = CARTESIAN_POINT('',(1.55,3.67));
#2401 = CARTESIAN_POINT('',(1.55,4.622627944163));
#2402 = CARTESIAN_POINT('',(2.375,4.146313972081));
#2403 = CARTESIAN_POINT('',(3.2,3.67));
#2404 = CARTESIAN_POINT('',(2.375,3.193686027919));
#2405 = CARTESIAN_POINT('',(1.55,2.717372055837));
#2406 = CARTESIAN_POINT('',(1.55,3.67));
#2407 = ( GEOMETRIC_REPRESENTATION_CONTEXT(2) 
PARAMETRIC_REPRESENTATION_CONTEXT() REPRESENTATION_CONTEXT('2D SPACE',''
  ) );
#2408 = PCURVE('',#2409,#2414);
#2409 = CYLINDRICAL_SURFACE('',#2410,0.55);
#2410 = AXIS2_PLACEMENT_3D('',#2411,#2412,#2413);
#2411 = CARTESIAN_POINT('',(6.35,-10.92006769425,-3.45));
#2412 = DIRECTION('',(-2.22044604925E-16,1.,0.));
#2413 = DIRECTION('',(-1.,0.,2.22044604925E-16));
#2414 = DEFINITIONAL_REPRESENTATION('',(#2415),#2419);
#2415 = LINE('',#2416,#2417);
#2416 = CARTESIAN_POINT('',(3.14159265359,18.78506769425));
#2417 = VECTOR('',#2418,1.);
#2418 = DIRECTION('',(1.,0.));
#2419 = ( GEOMETRIC_REPRESENTATION_CONTEXT(2) 
PARAMETRIC_REPRESENTATION_CONTEXT() REPRESENTATION_CONTEXT('2D SPACE',''
  ) );
#2420 = ORIENTED_EDGE('',*,*,#2421,.F.);
#2421 = EDGE_CURVE('',#2422,#2389,#2424,.T.);
#2422 = VERTEX_POINT('',#2423);
#2423 = CARTESIAN_POINT('',(5.8,7.865,1.010302952409E-15));
#2424 = SURFACE_CURVE('',#2425,(#2429,#2436),.PCURVE_S1.);
#2425 = LINE('',#2426,#2427);
#2426 = CARTESIAN_POINT('',(5.8,7.865,1.010302952409E-15));
#2427 = VECTOR('',#2428,1.);
#2428 = DIRECTION('',(0.,2.22044604925E-16,-1.));
#2429 = PCURVE('',#1308,#2430);
#2430 = DEFINITIONAL_REPRESENTATION('',(#2431),#2435);
#2431 = LINE('',#2432,#2433);
#2432 = CARTESIAN_POINT('',(2.65,0.22));
#2433 = VECTOR('',#2434,1.);
#2434 = DIRECTION('',(-2.22044604925E-16,1.));
#2435 = ( GEOMETRIC_REPRESENTATION_CONTEXT(2) 
PARAMETRIC_REPRESENTATION_CONTEXT() REPRESENTATION_CONTEXT('2D SPACE',''
  ) );
#2436 = PCURVE('',#2437,#2442);
#2437 = PLANE('',#2438);
#2438 = AXIS2_PLACEMENT_3D('',#2439,#2440,#2441);
#2439 = CARTESIAN_POINT('',(5.8,-10.92006769425,1.010302952409E-15));
#2440 = DIRECTION('',(1.,0.,-2.22044604925E-16));
#2441 = DIRECTION('',(0.,2.22044604925E-16,-1.));
#2442 = DEFINITIONAL_REPRESENTATION('',(#2443),#2447);
#2443 = LINE('',#2444,#2445);
#2444 = CARTESIAN_POINT('',(4.17112293466E-15,18.78506769425));
#2445 = VECTOR('',#2446,1.);
#2446 = DIRECTION('',(1.,2.22044604925E-16));
#2447 = ( GEOMETRIC_REPRESENTATION_CONTEXT(2) 
PARAMETRIC_REPRESENTATION_CONTEXT() REPRESENTATION_CONTEXT('2D SPACE',''
  ) );
#2448 = ORIENTED_EDGE('',*,*,#2449,.F.);
#2449 = EDGE_CURVE('',#2450,#2422,#2452,.T.);
#2450 = VERTEX_POINT('',#2451);
#2451 = CARTESIAN_POINT('',(4.25,7.865,1.354472090043E-15));
#2452 = SURFACE_CURVE('',#2453,(#2457,#2464),.PCURVE_S1.);
#2453 = LINE('',#2454,#2455);
#2454 = CARTESIAN_POINT('',(4.25,7.865,1.354472090043E-15));
#2455 = VECTOR('',#2456,1.);
#2456 = DIRECTION('',(1.,0.,-2.22044604925E-16));
#2457 = PCURVE('',#1308,#2458);
#2458 = DEFINITIONAL_REPRESENTATION('',(#2459),#2463);
#2459 = LINE('',#2460,#2461);
#2460 = CARTESIAN_POINT('',(4.2,0.22));
#2461 = VECTOR('',#2462,1.);
#2462 = DIRECTION('',(-1.,2.22044604925E-16));
#2463 = ( GEOMETRIC_REPRESENTATION_CONTEXT(2) 
PARAMETRIC_REPRESENTATION_CONTEXT() REPRESENTATION_CONTEXT('2D SPACE',''
  ) );
#2464 = PCURVE('',#2465,#2470);
#2465 = PLANE('',#2466);
#2466 = AXIS2_PLACEMENT_3D('',#2467,#2468,#2469);
#2467 = CARTESIAN_POINT('',(4.25,-10.92006769425,1.354472090043E-15));
#2468 = DIRECTION('',(0.,-2.22044604925E-16,1.));
#2469 = DIRECTION('',(1.,0.,-2.22044604925E-16));
#2470 = DEFINITIONAL_REPRESENTATION('',(#2471),#2475);
#2471 = LINE('',#2472,#2473);
#2472 = CARTESIAN_POINT('',(-3.552713678801E-15,18.78506769425));
#2473 = VECTOR('',#2474,1.);
#2474 = DIRECTION('',(1.,-2.22044604925E-16));
#2475 = ( GEOMETRIC_REPRESENTATION_CONTEXT(2) 
PARAMETRIC_REPRESENTATION_CONTEXT() REPRESENTATION_CONTEXT('2D SPACE',''
  ) );
#2476 = ORIENTED_EDGE('',*,*,#2477,.F.);
#2477 = EDGE_CURVE('',#1293,#2450,#2478,.T.);
#2478 = SURFACE_CURVE('',#2479,(#2483,#2490),.PCURVE_S1.);
#2479 = LINE('',#2480,#2481);
#2480 = CARTESIAN_POINT('',(4.25,7.865,0.22));
#2481 = VECTOR('',#2482,1.);
#2482 = DIRECTION('',(0.,2.22044604925E-16,-1.));
#2483 = PCURVE('',#1308,#2484);
#2484 = DEFINITIONAL_REPRESENTATION('',(#2485),#2489);
#2485 = LINE('',#2486,#2487);
#2486 = CARTESIAN_POINT('',(4.2,-9.436895709314E-16));
#2487 = VECTOR('',#2488,1.);
#2488 = DIRECTION('',(-2.22044604925E-16,1.));
#2489 = ( GEOMETRIC_REPRESENTATION_CONTEXT(2) 
PARAMETRIC_REPRESENTATION_CONTEXT() REPRESENTATION_CONTEXT('2D SPACE',''
  ) );
#2490 = PCURVE('',#1336,#2491);
#2491 = DEFINITIONAL_REPRESENTATION('',(#2492),#2496);
#2492 = LINE('',#2493,#2494);
#2493 = CARTESIAN_POINT('',(0.,0.));
#2494 = VECTOR('',#2495,1.);
#2495 = DIRECTION('',(2.22044604925E-16,1.));
#2496 = ( GEOMETRIC_REPRESENTATION_CONTEXT(2) 
PARAMETRIC_REPRESENTATION_CONTEXT() REPRESENTATION_CONTEXT('2D SPACE',''
  ) );
#2497 = ORIENTED_EDGE('',*,*,#1290,.F.);
#2498 = ADVANCED_FACE('',(#2499),#1390,.T.);
#2499 = FACE_BOUND('',#2500,.F.);
#2500 = EDGE_LOOP('',(#2501,#2502,#2503,#2526));
#2501 = ORIENTED_EDGE('',*,*,#2309,.F.);
#2502 = ORIENTED_EDGE('',*,*,#1376,.F.);
#2503 = ORIENTED_EDGE('',*,*,#2504,.T.);
#2504 = EDGE_CURVE('',#1349,#2505,#2507,.T.);
#2505 = VERTEX_POINT('',#2506);
#2506 = CARTESIAN_POINT('',(8.45,8.365,4.218847493576E-16));
#2507 = SURFACE_CURVE('',#2508,(#2512,#2519),.PCURVE_S1.);
#2508 = LINE('',#2509,#2510);
#2509 = CARTESIAN_POINT('',(8.45,8.365,0.22));
#2510 = VECTOR('',#2511,1.);
#2511 = DIRECTION('',(0.,2.22044604925E-16,-1.));
#2512 = PCURVE('',#1390,#2513);
#2513 = DEFINITIONAL_REPRESENTATION('',(#2514),#2518);
#2514 = LINE('',#2515,#2516);
#2515 = CARTESIAN_POINT('',(0.,0.));
#2516 = VECTOR('',#2517,1.);
#2517 = DIRECTION('',(-2.22044604925E-16,1.));
#2518 = ( GEOMETRIC_REPRESENTATION_CONTEXT(2) 
PARAMETRIC_REPRESENTATION_CONTEXT() REPRESENTATION_CONTEXT('2D SPACE',''
  ) );
#2519 = PCURVE('',#1364,#2520);
#2520 = DEFINITIONAL_REPRESENTATION('',(#2521),#2525);
#2521 = LINE('',#2522,#2523);
#2522 = CARTESIAN_POINT('',(4.2,9.436895709314E-16));
#2523 = VECTOR('',#2524,1.);
#2524 = DIRECTION('',(2.22044604925E-16,1.));
#2525 = ( GEOMETRIC_REPRESENTATION_CONTEXT(2) 
PARAMETRIC_REPRESENTATION_CONTEXT() REPRESENTATION_CONTEXT('2D SPACE',''
  ) );
#2526 = ORIENTED_EDGE('',*,*,#2527,.T.);
#2527 = EDGE_CURVE('',#2505,#2310,#2528,.T.);
#2528 = SURFACE_CURVE('',#2529,(#2533,#2540),.PCURVE_S1.);
#2529 = LINE('',#2530,#2531);
#2530 = CARTESIAN_POINT('',(8.45,8.365,4.218847493576E-16));
#2531 = VECTOR('',#2532,1.);
#2532 = DIRECTION('',(2.22044604925E-16,-1.,0.));
#2533 = PCURVE('',#1390,#2534);
#2534 = DEFINITIONAL_REPRESENTATION('',(#2535),#2539);
#2535 = LINE('',#2536,#2537);
#2536 = CARTESIAN_POINT('',(0.,0.22));
#2537 = VECTOR('',#2538,1.);
#2538 = DIRECTION('',(1.,-2.22044604925E-16));
#2539 = ( GEOMETRIC_REPRESENTATION_CONTEXT(2) 
PARAMETRIC_REPRESENTATION_CONTEXT() REPRESENTATION_CONTEXT('2D SPACE',''
  ) );
#2540 = PCURVE('',#2348,#2541);
#2541 = DEFINITIONAL_REPRESENTATION('',(#2542),#2546);
#2542 = LINE('',#2543,#2544);
#2543 = CARTESIAN_POINT('',(1.55,19.28506769425));
#2544 = VECTOR('',#2545,1.);
#2545 = DIRECTION('',(2.22044604925E-16,-1.));
#2546 = ( GEOMETRIC_REPRESENTATION_CONTEXT(2) 
PARAMETRIC_REPRESENTATION_CONTEXT() REPRESENTATION_CONTEXT('2D SPACE',''
  ) );
#2547 = ADVANCED_FACE('',(#2548),#1364,.T.);
#2548 = FACE_BOUND('',#2549,.F.);
#2549 = EDGE_LOOP('',(#2550,#2573,#2596,#2619,#2643,#2666,#2687,#2688));
#2550 = ORIENTED_EDGE('',*,*,#2551,.T.);
#2551 = EDGE_CURVE('',#1321,#2552,#2554,.T.);
#2552 = VERTEX_POINT('',#2553);
#2553 = CARTESIAN_POINT('',(4.25,8.365,1.354472090043E-15));
#2554 = SURFACE_CURVE('',#2555,(#2559,#2566),.PCURVE_S1.);
#2555 = LINE('',#2556,#2557);
#2556 = CARTESIAN_POINT('',(4.25,8.365,0.22));
#2557 = VECTOR('',#2558,1.);
#2558 = DIRECTION('',(0.,2.22044604925E-16,-1.));
#2559 = PCURVE('',#1364,#2560);
#2560 = DEFINITIONAL_REPRESENTATION('',(#2561),#2565);
#2561 = LINE('',#2562,#2563);
#2562 = CARTESIAN_POINT('',(0.,0.));
#2563 = VECTOR('',#2564,1.);
#2564 = DIRECTION('',(2.22044604925E-16,1.));
#2565 = ( GEOMETRIC_REPRESENTATION_CONTEXT(2) 
PARAMETRIC_REPRESENTATION_CONTEXT() REPRESENTATION_CONTEXT('2D SPACE',''
  ) );
#2566 = PCURVE('',#1336,#2567);
#2567 = DEFINITIONAL_REPRESENTATION('',(#2568),#2572);
#2568 = LINE('',#2569,#2570);
#2569 = CARTESIAN_POINT('',(0.5,1.110223024625E-16));
#2570 = VECTOR('',#2571,1.);
#2571 = DIRECTION('',(2.22044604925E-16,1.));
#2572 = ( GEOMETRIC_REPRESENTATION_CONTEXT(2) 
PARAMETRIC_REPRESENTATION_CONTEXT() REPRESENTATION_CONTEXT('2D SPACE',''
  ) );
#2573 = ORIENTED_EDGE('',*,*,#2574,.T.);
#2574 = EDGE_CURVE('',#2552,#2575,#2577,.T.);
#2575 = VERTEX_POINT('',#2576);
#2576 = CARTESIAN_POINT('',(5.8,8.365,1.010302952409E-15));
#2577 = SURFACE_CURVE('',#2578,(#2582,#2589),.PCURVE_S1.);
#2578 = LINE('',#2579,#2580);
#2579 = CARTESIAN_POINT('',(4.25,8.365,1.354472090043E-15));
#2580 = VECTOR('',#2581,1.);
#2581 = DIRECTION('',(1.,0.,-2.22044604925E-16));
#2582 = PCURVE('',#1364,#2583);
#2583 = DEFINITIONAL_REPRESENTATION('',(#2584),#2588);
#2584 = LINE('',#2585,#2586);
#2585 = CARTESIAN_POINT('',(4.884981308351E-17,0.22));
#2586 = VECTOR('',#2587,1.);
#2587 = DIRECTION('',(1.,2.22044604925E-16));
#2588 = ( GEOMETRIC_REPRESENTATION_CONTEXT(2) 
PARAMETRIC_REPRESENTATION_CONTEXT() REPRESENTATION_CONTEXT('2D SPACE',''
  ) );
#2589 = PCURVE('',#2465,#2590);
#2590 = DEFINITIONAL_REPRESENTATION('',(#2591),#2595);
#2591 = LINE('',#2592,#2593);
#2592 = CARTESIAN_POINT('',(-4.440892098501E-15,19.28506769425));
#2593 = VECTOR('',#2594,1.);
#2594 = DIRECTION('',(1.,-2.22044604925E-16));
#2595 = ( GEOMETRIC_REPRESENTATION_CONTEXT(2) 
PARAMETRIC_REPRESENTATION_CONTEXT() REPRESENTATION_CONTEXT('2D SPACE',''
  ) );
#2596 = ORIENTED_EDGE('',*,*,#2597,.T.);
#2597 = EDGE_CURVE('',#2575,#2598,#2600,.T.);
#2598 = VERTEX_POINT('',#2599);
#2599 = CARTESIAN_POINT('',(5.8,8.365,-3.45));
#2600 = SURFACE_CURVE('',#2601,(#2605,#2612),.PCURVE_S1.);
#2601 = LINE('',#2602,#2603);
#2602 = CARTESIAN_POINT('',(5.8,8.365,1.010302952409E-15));
#2603 = VECTOR('',#2604,1.);
#2604 = DIRECTION('',(0.,2.22044604925E-16,-1.));
#2605 = PCURVE('',#1364,#2606);
#2606 = DEFINITIONAL_REPRESENTATION('',(#2607),#2611);
#2607 = LINE('',#2608,#2609);
#2608 = CARTESIAN_POINT('',(1.55,0.22));
#2609 = VECTOR('',#2610,1.);
#2610 = DIRECTION('',(2.22044604925E-16,1.));
#2611 = ( GEOMETRIC_REPRESENTATION_CONTEXT(2) 
PARAMETRIC_REPRESENTATION_CONTEXT() REPRESENTATION_CONTEXT('2D SPACE',''
  ) );
#2612 = PCURVE('',#2437,#2613);
#2613 = DEFINITIONAL_REPRESENTATION('',(#2614),#2618);
#2614 = LINE('',#2615,#2616);
#2615 = CARTESIAN_POINT('',(4.282145237122E-15,19.28506769425));
#2616 = VECTOR('',#2617,1.);
#2617 = DIRECTION('',(1.,2.22044604925E-16));
#2618 = ( GEOMETRIC_REPRESENTATION_CONTEXT(2) 
PARAMETRIC_REPRESENTATION_CONTEXT() REPRESENTATION_CONTEXT('2D SPACE',''
  ) );
#2619 = ORIENTED_EDGE('',*,*,#2620,.F.);
#2620 = EDGE_CURVE('',#2621,#2598,#2623,.T.);
#2621 = VERTEX_POINT('',#2622);
#2622 = CARTESIAN_POINT('',(6.9,8.365,-3.45));
#2623 = SURFACE_CURVE('',#2624,(#2629,#2636),.PCURVE_S1.);
#2624 = CIRCLE('',#2625,0.55);
#2625 = AXIS2_PLACEMENT_3D('',#2626,#2627,#2628);
#2626 = CARTESIAN_POINT('',(6.35,8.365,-3.45));
#2627 = DIRECTION('',(4.930380657631E-32,1.,2.22044604925E-16));
#2628 = DIRECTION('',(1.,2.330725401789E-30,-1.071869865593E-14));
#2629 = PCURVE('',#1364,#2630);
#2630 = DEFINITIONAL_REPRESENTATION('',(#2631),#2635);
#2631 = CIRCLE('',#2632,0.55);
#2632 = AXIS2_PLACEMENT_2D('',#2633,#2634);
#2633 = CARTESIAN_POINT('',(2.1,3.67));
#2634 = DIRECTION('',(1.,1.071869865593E-14));
#2635 = ( GEOMETRIC_REPRESENTATION_CONTEXT(2) 
PARAMETRIC_REPRESENTATION_CONTEXT() REPRESENTATION_CONTEXT('2D SPACE',''
  ) );
#2636 = PCURVE('',#2409,#2637);
#2637 = DEFINITIONAL_REPRESENTATION('',(#2638),#2642);
#2638 = LINE('',#2639,#2640);
#2639 = CARTESIAN_POINT('',(3.14159265359,19.28506769425));
#2640 = VECTOR('',#2641,1.);
#2641 = DIRECTION('',(1.,0.));
#2642 = ( GEOMETRIC_REPRESENTATION_CONTEXT(2) 
PARAMETRIC_REPRESENTATION_CONTEXT() REPRESENTATION_CONTEXT('2D SPACE',''
  ) );
#2643 = ORIENTED_EDGE('',*,*,#2644,.T.);
#2644 = EDGE_CURVE('',#2621,#2645,#2647,.T.);
#2645 = VERTEX_POINT('',#2646);
#2646 = CARTESIAN_POINT('',(6.9,8.365,7.660538869914E-16));
#2647 = SURFACE_CURVE('',#2648,(#2652,#2659),.PCURVE_S1.);
#2648 = LINE('',#2649,#2650);
#2649 = CARTESIAN_POINT('',(6.9,8.365,-3.45));
#2650 = VECTOR('',#2651,1.);
#2651 = DIRECTION('',(0.,-2.22044604925E-16,1.));
#2652 = PCURVE('',#1364,#2653);
#2653 = DEFINITIONAL_REPRESENTATION('',(#2654),#2658);
#2654 = LINE('',#2655,#2656);
#2655 = CARTESIAN_POINT('',(2.65,3.67));
#2656 = VECTOR('',#2657,1.);
#2657 = DIRECTION('',(-2.22044604925E-16,-1.));
#2658 = ( GEOMETRIC_REPRESENTATION_CONTEXT(2) 
PARAMETRIC_REPRESENTATION_CONTEXT() REPRESENTATION_CONTEXT('2D SPACE',''
  ) );
#2659 = PCURVE('',#2376,#2660);
#2660 = DEFINITIONAL_REPRESENTATION('',(#2661),#2665);
#2661 = LINE('',#2662,#2663);
#2662 = CARTESIAN_POINT('',(-4.282145237122E-15,19.28506769425));
#2663 = VECTOR('',#2664,1.);
#2664 = DIRECTION('',(1.,-2.22044604925E-16));
#2665 = ( GEOMETRIC_REPRESENTATION_CONTEXT(2) 
PARAMETRIC_REPRESENTATION_CONTEXT() REPRESENTATION_CONTEXT('2D SPACE',''
  ) );
#2666 = ORIENTED_EDGE('',*,*,#2667,.F.);
#2667 = EDGE_CURVE('',#2505,#2645,#2668,.T.);
#2668 = SURFACE_CURVE('',#2669,(#2673,#2680),.PCURVE_S1.);
#2669 = LINE('',#2670,#2671);
#2670 = CARTESIAN_POINT('',(8.45,8.365,4.218847493576E-16));
#2671 = VECTOR('',#2672,1.);
#2672 = DIRECTION('',(-1.,0.,2.22044604925E-16));
#2673 = PCURVE('',#1364,#2674);
#2674 = DEFINITIONAL_REPRESENTATION('',(#2675),#2679);
#2675 = LINE('',#2676,#2677);
#2676 = CARTESIAN_POINT('',(4.2,0.22));
#2677 = VECTOR('',#2678,1.);
#2678 = DIRECTION('',(-1.,-2.22044604925E-16));
#2679 = ( GEOMETRIC_REPRESENTATION_CONTEXT(2) 
PARAMETRIC_REPRESENTATION_CONTEXT() REPRESENTATION_CONTEXT('2D SPACE',''
  ) );
#2680 = PCURVE('',#2348,#2681);
#2681 = DEFINITIONAL_REPRESENTATION('',(#2682),#2686);
#2682 = LINE('',#2683,#2684);
#2683 = CARTESIAN_POINT('',(1.55,19.28506769425));
#2684 = VECTOR('',#2685,1.);
#2685 = DIRECTION('',(-1.,2.22044604925E-16));
#2686 = ( GEOMETRIC_REPRESENTATION_CONTEXT(2) 
PARAMETRIC_REPRESENTATION_CONTEXT() REPRESENTATION_CONTEXT('2D SPACE',''
  ) );
#2687 = ORIENTED_EDGE('',*,*,#2504,.F.);
#2688 = ORIENTED_EDGE('',*,*,#1348,.F.);
#2689 = ADVANCED_FACE('',(#2690),#1336,.T.);
#2690 = FACE_BOUND('',#2691,.F.);
#2691 = EDGE_LOOP('',(#2692,#2693,#2714,#2715));
#2692 = ORIENTED_EDGE('',*,*,#2477,.T.);
#2693 = ORIENTED_EDGE('',*,*,#2694,.T.);
#2694 = EDGE_CURVE('',#2450,#2552,#2695,.T.);
#2695 = SURFACE_CURVE('',#2696,(#2700,#2707),.PCURVE_S1.);
#2696 = LINE('',#2697,#2698);
#2697 = CARTESIAN_POINT('',(4.25,7.865,1.354472090043E-15));
#2698 = VECTOR('',#2699,1.);
#2699 = DIRECTION('',(-2.22044604925E-16,1.,0.));
#2700 = PCURVE('',#1336,#2701);
#2701 = DEFINITIONAL_REPRESENTATION('',(#2702),#2706);
#2702 = LINE('',#2703,#2704);
#2703 = CARTESIAN_POINT('',(0.,0.22));
#2704 = VECTOR('',#2705,1.);
#2705 = DIRECTION('',(1.,2.22044604925E-16));
#2706 = ( GEOMETRIC_REPRESENTATION_CONTEXT(2) 
PARAMETRIC_REPRESENTATION_CONTEXT() REPRESENTATION_CONTEXT('2D SPACE',''
  ) );
#2707 = PCURVE('',#2465,#2708);
#2708 = DEFINITIONAL_REPRESENTATION('',(#2709),#2713);
#2709 = LINE('',#2710,#2711);
#2710 = CARTESIAN_POINT('',(-3.552713678801E-15,18.78506769425));
#2711 = VECTOR('',#2712,1.);
#2712 = DIRECTION('',(-2.22044604925E-16,1.));
#2713 = ( GEOMETRIC_REPRESENTATION_CONTEXT(2) 
PARAMETRIC_REPRESENTATION_CONTEXT() REPRESENTATION_CONTEXT('2D SPACE',''
  ) );
#2714 = ORIENTED_EDGE('',*,*,#2551,.F.);
#2715 = ORIENTED_EDGE('',*,*,#1320,.F.);
#2716 = ADVANCED_FACE('',(#2717),#2465,.F.);
#2717 = FACE_BOUND('',#2718,.F.);
#2718 = EDGE_LOOP('',(#2719,#2720,#2741,#2742));
#2719 = ORIENTED_EDGE('',*,*,#2449,.T.);
#2720 = ORIENTED_EDGE('',*,*,#2721,.T.);
#2721 = EDGE_CURVE('',#2422,#2575,#2722,.T.);
#2722 = SURFACE_CURVE('',#2723,(#2727,#2734),.PCURVE_S1.);
#2723 = LINE('',#2724,#2725);
#2724 = CARTESIAN_POINT('',(5.8,7.865,1.010302952409E-15));
#2725 = VECTOR('',#2726,1.);
#2726 = DIRECTION('',(-2.22044604925E-16,1.,0.));
#2727 = PCURVE('',#2465,#2728);
#2728 = DEFINITIONAL_REPRESENTATION('',(#2729),#2733);
#2729 = LINE('',#2730,#2731);
#2730 = CARTESIAN_POINT('',(1.55,18.78506769425));
#2731 = VECTOR('',#2732,1.);
#2732 = DIRECTION('',(-2.22044604925E-16,1.));
#2733 = ( GEOMETRIC_REPRESENTATION_CONTEXT(2) 
PARAMETRIC_REPRESENTATION_CONTEXT() REPRESENTATION_CONTEXT('2D SPACE',''
  ) );
#2734 = PCURVE('',#2437,#2735);
#2735 = DEFINITIONAL_REPRESENTATION('',(#2736),#2740);
#2736 = LINE('',#2737,#2738);
#2737 = CARTESIAN_POINT('',(4.17112293466E-15,18.78506769425));
#2738 = VECTOR('',#2739,1.);
#2739 = DIRECTION('',(2.22044604925E-16,1.));
#2740 = ( GEOMETRIC_REPRESENTATION_CONTEXT(2) 
PARAMETRIC_REPRESENTATION_CONTEXT() REPRESENTATION_CONTEXT('2D SPACE',''
  ) );
#2741 = ORIENTED_EDGE('',*,*,#2574,.F.);
#2742 = ORIENTED_EDGE('',*,*,#2694,.F.);
#2743 = ADVANCED_FACE('',(#2744),#2758,.F.);
#2744 = FACE_BOUND('',#2745,.F.);
#2745 = EDGE_LOOP('',(#2746,#2776,#2804,#2827));
#2746 = ORIENTED_EDGE('',*,*,#2747,.T.);
#2747 = EDGE_CURVE('',#2748,#2750,#2752,.T.);
#2748 = VERTEX_POINT('',#2749);
#2749 = CARTESIAN_POINT('',(4.25,-8.365,1.354472090043E-15));
#2750 = VERTEX_POINT('',#2751);
#2751 = CARTESIAN_POINT('',(5.8,-8.365,1.010302952409E-15));
#2752 = SURFACE_CURVE('',#2753,(#2757,#2769),.PCURVE_S1.);
#2753 = LINE('',#2754,#2755);
#2754 = CARTESIAN_POINT('',(4.25,-8.365,1.354472090043E-15));
#2755 = VECTOR('',#2756,1.);
#2756 = DIRECTION('',(1.,0.,-2.22044604925E-16));
#2757 = PCURVE('',#2758,#2763);
#2758 = PLANE('',#2759);
#2759 = AXIS2_PLACEMENT_3D('',#2760,#2761,#2762);
#2760 = CARTESIAN_POINT('',(4.25,-10.92006769425,1.354472090043E-15));
#2761 = DIRECTION('',(0.,-2.22044604925E-16,1.));
#2762 = DIRECTION('',(1.,0.,-2.22044604925E-16));
#2763 = DEFINITIONAL_REPRESENTATION('',(#2764),#2768);
#2764 = LINE('',#2765,#2766);
#2765 = CARTESIAN_POINT('',(-1.259745633867E-31,2.55506769425));
#2766 = VECTOR('',#2767,1.);
#2767 = DIRECTION('',(1.,-2.22044604925E-16));
#2768 = ( GEOMETRIC_REPRESENTATION_CONTEXT(2) 
PARAMETRIC_REPRESENTATION_CONTEXT() REPRESENTATION_CONTEXT('2D SPACE',''
  ) );
#2769 = PCURVE('',#1678,#2770);
#2770 = DEFINITIONAL_REPRESENTATION('',(#2771),#2775);
#2771 = LINE('',#2772,#2773);
#2772 = CARTESIAN_POINT('',(4.2,0.22));
#2773 = VECTOR('',#2774,1.);
#2774 = DIRECTION('',(-1.,2.22044604925E-16));
#2775 = ( GEOMETRIC_REPRESENTATION_CONTEXT(2) 
PARAMETRIC_REPRESENTATION_CONTEXT() REPRESENTATION_CONTEXT('2D SPACE',''
  ) );
#2776 = ORIENTED_EDGE('',*,*,#2777,.T.);
#2777 = EDGE_CURVE('',#2750,#2778,#2780,.T.);
#2778 = VERTEX_POINT('',#2779);
#2779 = CARTESIAN_POINT('',(5.8,-7.865,1.010302952409E-15));
#2780 = SURFACE_CURVE('',#2781,(#2785,#2792),.PCURVE_S1.);
#2781 = LINE('',#2782,#2783);
#2782 = CARTESIAN_POINT('',(5.8,-8.365,1.010302952409E-15));
#2783 = VECTOR('',#2784,1.);
#2784 = DIRECTION('',(-2.22044604925E-16,1.,0.));
#2785 = PCURVE('',#2758,#2786);
#2786 = DEFINITIONAL_REPRESENTATION('',(#2787),#2791);
#2787 = LINE('',#2788,#2789);
#2788 = CARTESIAN_POINT('',(1.55,2.55506769425));
#2789 = VECTOR('',#2790,1.);
#2790 = DIRECTION('',(-2.22044604925E-16,1.));
#2791 = ( GEOMETRIC_REPRESENTATION_CONTEXT(2) 
PARAMETRIC_REPRESENTATION_CONTEXT() REPRESENTATION_CONTEXT('2D SPACE',''
  ) );
#2792 = PCURVE('',#2793,#2798);
#2793 = PLANE('',#2794);
#2794 = AXIS2_PLACEMENT_3D('',#2795,#2796,#2797);
#2795 = CARTESIAN_POINT('',(5.8,-10.92006769425,1.010302952409E-15));
#2796 = DIRECTION('',(1.,0.,-2.22044604925E-16));
#2797 = DIRECTION('',(0.,2.22044604925E-16,-1.));
#2798 = DEFINITIONAL_REPRESENTATION('',(#2799),#2803);
#2799 = LINE('',#2800,#2801);
#2800 = CARTESIAN_POINT('',(5.673389967265E-16,2.55506769425));
#2801 = VECTOR('',#2802,1.);
#2802 = DIRECTION('',(2.22044604925E-16,1.));
#2803 = ( GEOMETRIC_REPRESENTATION_CONTEXT(2) 
PARAMETRIC_REPRESENTATION_CONTEXT() REPRESENTATION_CONTEXT('2D SPACE',''
  ) );
#2804 = ORIENTED_EDGE('',*,*,#2805,.F.);
#2805 = EDGE_CURVE('',#2806,#2778,#2808,.T.);
#2806 = VERTEX_POINT('',#2807);
#2807 = CARTESIAN_POINT('',(4.25,-7.865,1.354472090043E-15));
#2808 = SURFACE_CURVE('',#2809,(#2813,#2820),.PCURVE_S1.);
#2809 = LINE('',#2810,#2811);
#2810 = CARTESIAN_POINT('',(4.25,-7.865,1.354472090043E-15));
#2811 = VECTOR('',#2812,1.);
#2812 = DIRECTION('',(1.,0.,-2.22044604925E-16));
#2813 = PCURVE('',#2758,#2814);
#2814 = DEFINITIONAL_REPRESENTATION('',(#2815),#2819);
#2815 = LINE('',#2816,#2817);
#2816 = CARTESIAN_POINT('',(-8.881784197001E-16,3.05506769425));
#2817 = VECTOR('',#2818,1.);
#2818 = DIRECTION('',(1.,-2.22044604925E-16));
#2819 = ( GEOMETRIC_REPRESENTATION_CONTEXT(2) 
PARAMETRIC_REPRESENTATION_CONTEXT() REPRESENTATION_CONTEXT('2D SPACE',''
  ) );
#2820 = PCURVE('',#1732,#2821);
#2821 = DEFINITIONAL_REPRESENTATION('',(#2822),#2826);
#2822 = LINE('',#2823,#2824);
#2823 = CARTESIAN_POINT('',(4.884981308351E-17,0.22));
#2824 = VECTOR('',#2825,1.);
#2825 = DIRECTION('',(1.,2.22044604925E-16));
#2826 = ( GEOMETRIC_REPRESENTATION_CONTEXT(2) 
PARAMETRIC_REPRESENTATION_CONTEXT() REPRESENTATION_CONTEXT('2D SPACE',''
  ) );
#2827 = ORIENTED_EDGE('',*,*,#2828,.F.);
#2828 = EDGE_CURVE('',#2748,#2806,#2829,.T.);
#2829 = SURFACE_CURVE('',#2830,(#2834,#2841),.PCURVE_S1.);
#2830 = LINE('',#2831,#2832);
#2831 = CARTESIAN_POINT('',(4.25,-8.365,1.354472090043E-15));
#2832 = VECTOR('',#2833,1.);
#2833 = DIRECTION('',(-2.22044604925E-16,1.,0.));
#2834 = PCURVE('',#2758,#2835);
#2835 = DEFINITIONAL_REPRESENTATION('',(#2836),#2840);
#2836 = LINE('',#2837,#2838);
#2837 = CARTESIAN_POINT('',(-1.259745633867E-31,2.55506769425));
#2838 = VECTOR('',#2839,1.);
#2839 = DIRECTION('',(-2.22044604925E-16,1.));
#2840 = ( GEOMETRIC_REPRESENTATION_CONTEXT(2) 
PARAMETRIC_REPRESENTATION_CONTEXT() REPRESENTATION_CONTEXT('2D SPACE',''
  ) );
#2841 = PCURVE('',#1706,#2842);
#2842 = DEFINITIONAL_REPRESENTATION('',(#2843),#2847);
#2843 = LINE('',#2844,#2845);
#2844 = CARTESIAN_POINT('',(0.,0.22));
#2845 = VECTOR('',#2846,1.);
#2846 = DIRECTION('',(1.,2.22044604925E-16));
#2847 = ( GEOMETRIC_REPRESENTATION_CONTEXT(2) 
PARAMETRIC_REPRESENTATION_CONTEXT() REPRESENTATION_CONTEXT('2D SPACE',''
  ) );
#2848 = ADVANCED_FACE('',(#2849),#2437,.F.);
#2849 = FACE_BOUND('',#2850,.F.);
#2850 = EDGE_LOOP('',(#2851,#2852,#2873,#2874));
#2851 = ORIENTED_EDGE('',*,*,#2421,.T.);
#2852 = ORIENTED_EDGE('',*,*,#2853,.T.);
#2853 = EDGE_CURVE('',#2389,#2598,#2854,.T.);
#2854 = SURFACE_CURVE('',#2855,(#2859,#2866),.PCURVE_S1.);
#2855 = LINE('',#2856,#2857);
#2856 = CARTESIAN_POINT('',(5.8,7.865,-3.45));
#2857 = VECTOR('',#2858,1.);
#2858 = DIRECTION('',(-2.22044604925E-16,1.,0.));
#2859 = PCURVE('',#2437,#2860);
#2860 = DEFINITIONAL_REPRESENTATION('',(#2861),#2865);
#2861 = LINE('',#2862,#2863);
#2862 = CARTESIAN_POINT('',(3.45,18.78506769425));
#2863 = VECTOR('',#2864,1.);
#2864 = DIRECTION('',(2.22044604925E-16,1.));
#2865 = ( GEOMETRIC_REPRESENTATION_CONTEXT(2) 
PARAMETRIC_REPRESENTATION_CONTEXT() REPRESENTATION_CONTEXT('2D SPACE',''
  ) );
#2866 = PCURVE('',#2409,#2867);
#2867 = DEFINITIONAL_REPRESENTATION('',(#2868),#2872);
#2868 = LINE('',#2869,#2870);
#2869 = CARTESIAN_POINT('',(6.28318530718,18.78506769425));
#2870 = VECTOR('',#2871,1.);
#2871 = DIRECTION('',(0.,1.));
#2872 = ( GEOMETRIC_REPRESENTATION_CONTEXT(2) 
PARAMETRIC_REPRESENTATION_CONTEXT() REPRESENTATION_CONTEXT('2D SPACE',''
  ) );
#2873 = ORIENTED_EDGE('',*,*,#2597,.F.);
#2874 = ORIENTED_EDGE('',*,*,#2721,.F.);
#2875 = ADVANCED_FACE('',(#2876),#2793,.F.);
#2876 = FACE_BOUND('',#2877,.F.);
#2877 = EDGE_LOOP('',(#2878,#2901,#2929,#2950));
#2878 = ORIENTED_EDGE('',*,*,#2879,.T.);
#2879 = EDGE_CURVE('',#2750,#2880,#2882,.T.);
#2880 = VERTEX_POINT('',#2881);
#2881 = CARTESIAN_POINT('',(5.8,-8.365,-3.45));
#2882 = SURFACE_CURVE('',#2883,(#2887,#2894),.PCURVE_S1.);
#2883 = LINE('',#2884,#2885);
#2884 = CARTESIAN_POINT('',(5.8,-8.365,1.010302952409E-15));
#2885 = VECTOR('',#2886,1.);
#2886 = DIRECTION('',(0.,2.22044604925E-16,-1.));
#2887 = PCURVE('',#2793,#2888);
#2888 = DEFINITIONAL_REPRESENTATION('',(#2889),#2893);
#2889 = LINE('',#2890,#2891);
#2890 = CARTESIAN_POINT('',(5.673389967265E-16,2.55506769425));
#2891 = VECTOR('',#2892,1.);
#2892 = DIRECTION('',(1.,2.22044604925E-16));
#2893 = ( GEOMETRIC_REPRESENTATION_CONTEXT(2) 
PARAMETRIC_REPRESENTATION_CONTEXT() REPRESENTATION_CONTEXT('2D SPACE',''
  ) );
#2894 = PCURVE('',#1678,#2895);
#2895 = DEFINITIONAL_REPRESENTATION('',(#2896),#2900);
#2896 = LINE('',#2897,#2898);
#2897 = CARTESIAN_POINT('',(2.65,0.22));
#2898 = VECTOR('',#2899,1.);
#2899 = DIRECTION('',(-2.22044604925E-16,1.));
#2900 = ( GEOMETRIC_REPRESENTATION_CONTEXT(2) 
PARAMETRIC_REPRESENTATION_CONTEXT() REPRESENTATION_CONTEXT('2D SPACE',''
  ) );
#2901 = ORIENTED_EDGE('',*,*,#2902,.T.);
#2902 = EDGE_CURVE('',#2880,#2903,#2905,.T.);
#2903 = VERTEX_POINT('',#2904);
#2904 = CARTESIAN_POINT('',(5.8,-7.865,-3.45));
#2905 = SURFACE_CURVE('',#2906,(#2910,#2917),.PCURVE_S1.);
#2906 = LINE('',#2907,#2908);
#2907 = CARTESIAN_POINT('',(5.8,-8.365,-3.45));
#2908 = VECTOR('',#2909,1.);
#2909 = DIRECTION('',(-2.22044604925E-16,1.,0.));
#2910 = PCURVE('',#2793,#2911);
#2911 = DEFINITIONAL_REPRESENTATION('',(#2912),#2916);
#2912 = LINE('',#2913,#2914);
#2913 = CARTESIAN_POINT('',(3.45,2.55506769425));
#2914 = VECTOR('',#2915,1.);
#2915 = DIRECTION('',(2.22044604925E-16,1.));
#2916 = ( GEOMETRIC_REPRESENTATION_CONTEXT(2) 
PARAMETRIC_REPRESENTATION_CONTEXT() REPRESENTATION_CONTEXT('2D SPACE',''
  ) );
#2917 = PCURVE('',#2918,#2923);
#2918 = CYLINDRICAL_SURFACE('',#2919,0.55);
#2919 = AXIS2_PLACEMENT_3D('',#2920,#2921,#2922);
#2920 = CARTESIAN_POINT('',(6.35,-10.92006769425,-3.45));
#2921 = DIRECTION('',(-2.22044604925E-16,1.,0.));
#2922 = DIRECTION('',(-1.,0.,2.22044604925E-16));
#2923 = DEFINITIONAL_REPRESENTATION('',(#2924),#2928);
#2924 = LINE('',#2925,#2926);
#2925 = CARTESIAN_POINT('',(6.28318530718,2.55506769425));
#2926 = VECTOR('',#2927,1.);
#2927 = DIRECTION('',(0.,1.));
#2928 = ( GEOMETRIC_REPRESENTATION_CONTEXT(2) 
PARAMETRIC_REPRESENTATION_CONTEXT() REPRESENTATION_CONTEXT('2D SPACE',''
  ) );
#2929 = ORIENTED_EDGE('',*,*,#2930,.F.);
#2930 = EDGE_CURVE('',#2778,#2903,#2931,.T.);
#2931 = SURFACE_CURVE('',#2932,(#2936,#2943),.PCURVE_S1.);
#2932 = LINE('',#2933,#2934);
#2933 = CARTESIAN_POINT('',(5.8,-7.865,1.010302952409E-15));
#2934 = VECTOR('',#2935,1.);
#2935 = DIRECTION('',(0.,2.22044604925E-16,-1.));
#2936 = PCURVE('',#2793,#2937);
#2937 = DEFINITIONAL_REPRESENTATION('',(#2938),#2942);
#2938 = LINE('',#2939,#2940);
#2939 = CARTESIAN_POINT('',(6.78361299189E-16,3.05506769425));
#2940 = VECTOR('',#2941,1.);
#2941 = DIRECTION('',(1.,2.22044604925E-16));
#2942 = ( GEOMETRIC_REPRESENTATION_CONTEXT(2) 
PARAMETRIC_REPRESENTATION_CONTEXT() REPRESENTATION_CONTEXT('2D SPACE',''
  ) );
#2943 = PCURVE('',#1732,#2944);
#2944 = DEFINITIONAL_REPRESENTATION('',(#2945),#2949);
#2945 = LINE('',#2946,#2947);
#2946 = CARTESIAN_POINT('',(1.55,0.22));
#2947 = VECTOR('',#2948,1.);
#2948 = DIRECTION('',(2.22044604925E-16,1.));
#2949 = ( GEOMETRIC_REPRESENTATION_CONTEXT(2) 
PARAMETRIC_REPRESENTATION_CONTEXT() REPRESENTATION_CONTEXT('2D SPACE',''
  ) );
#2950 = ORIENTED_EDGE('',*,*,#2777,.F.);
#2951 = ADVANCED_FACE('',(#2952),#2409,.T.);
#2952 = FACE_BOUND('',#2953,.T.);
#2953 = EDGE_LOOP('',(#2954,#2955,#2956,#2977));
#2954 = ORIENTED_EDGE('',*,*,#2853,.T.);
#2955 = ORIENTED_EDGE('',*,*,#2620,.F.);
#2956 = ORIENTED_EDGE('',*,*,#2957,.F.);
#2957 = EDGE_CURVE('',#2361,#2621,#2958,.T.);
#2958 = SURFACE_CURVE('',#2959,(#2963,#2970),.PCURVE_S1.);
#2959 = LINE('',#2960,#2961);
#2960 = CARTESIAN_POINT('',(6.9,7.865,-3.45));
#2961 = VECTOR('',#2962,1.);
#2962 = DIRECTION('',(-2.22044604925E-16,1.,0.));
#2963 = PCURVE('',#2409,#2964);
#2964 = DEFINITIONAL_REPRESENTATION('',(#2965),#2969);
#2965 = LINE('',#2966,#2967);
#2966 = CARTESIAN_POINT('',(3.14159265359,18.78506769425));
#2967 = VECTOR('',#2968,1.);
#2968 = DIRECTION('',(0.,1.));
#2969 = ( GEOMETRIC_REPRESENTATION_CONTEXT(2) 
PARAMETRIC_REPRESENTATION_CONTEXT() REPRESENTATION_CONTEXT('2D SPACE',''
  ) );
#2970 = PCURVE('',#2376,#2971);
#2971 = DEFINITIONAL_REPRESENTATION('',(#2972),#2976);
#2972 = LINE('',#2973,#2974);
#2973 = CARTESIAN_POINT('',(-4.17112293466E-15,18.78506769425));
#2974 = VECTOR('',#2975,1.);
#2975 = DIRECTION('',(-2.22044604925E-16,1.));
#2976 = ( GEOMETRIC_REPRESENTATION_CONTEXT(2) 
PARAMETRIC_REPRESENTATION_CONTEXT() REPRESENTATION_CONTEXT('2D SPACE',''
  ) );
#2977 = ORIENTED_EDGE('',*,*,#2388,.T.);
#2978 = ADVANCED_FACE('',(#2979),#2918,.T.);
#2979 = FACE_BOUND('',#2980,.T.);
#2980 = EDGE_LOOP('',(#2981,#2982,#3006,#3034));
#2981 = ORIENTED_EDGE('',*,*,#2902,.T.);
#2982 = ORIENTED_EDGE('',*,*,#2983,.F.);
#2983 = EDGE_CURVE('',#2984,#2903,#2986,.T.);
#2984 = VERTEX_POINT('',#2985);
#2985 = CARTESIAN_POINT('',(6.9,-7.865,-3.45));
#2986 = SURFACE_CURVE('',#2987,(#2992,#2999),.PCURVE_S1.);
#2987 = CIRCLE('',#2988,0.55);
#2988 = AXIS2_PLACEMENT_3D('',#2989,#2990,#2991);
#2989 = CARTESIAN_POINT('',(6.35,-7.865,-3.45));
#2990 = DIRECTION('',(4.930380657631E-32,1.,2.22044604925E-16));
#2991 = DIRECTION('',(1.,2.330725401789E-30,-1.071869865593E-14));
#2992 = PCURVE('',#2918,#2993);
#2993 = DEFINITIONAL_REPRESENTATION('',(#2994),#2998);
#2994 = LINE('',#2995,#2996);
#2995 = CARTESIAN_POINT('',(3.14159265359,3.05506769425));
#2996 = VECTOR('',#2997,1.);
#2997 = DIRECTION('',(1.,0.));
#2998 = ( GEOMETRIC_REPRESENTATION_CONTEXT(2) 
PARAMETRIC_REPRESENTATION_CONTEXT() REPRESENTATION_CONTEXT('2D SPACE',''
  ) );
#2999 = PCURVE('',#1732,#3000);
#3000 = DEFINITIONAL_REPRESENTATION('',(#3001),#3005);
#3001 = CIRCLE('',#3002,0.55);
#3002 = AXIS2_PLACEMENT_2D('',#3003,#3004);
#3003 = CARTESIAN_POINT('',(2.1,3.67));
#3004 = DIRECTION('',(1.,1.071869865593E-14));
#3005 = ( GEOMETRIC_REPRESENTATION_CONTEXT(2) 
PARAMETRIC_REPRESENTATION_CONTEXT() REPRESENTATION_CONTEXT('2D SPACE',''
  ) );
#3006 = ORIENTED_EDGE('',*,*,#3007,.F.);
#3007 = EDGE_CURVE('',#3008,#2984,#3010,.T.);
#3008 = VERTEX_POINT('',#3009);
#3009 = CARTESIAN_POINT('',(6.9,-8.365,-3.45));
#3010 = SURFACE_CURVE('',#3011,(#3015,#3022),.PCURVE_S1.);
#3011 = LINE('',#3012,#3013);
#3012 = CARTESIAN_POINT('',(6.9,-8.365,-3.45));
#3013 = VECTOR('',#3014,1.);
#3014 = DIRECTION('',(-2.22044604925E-16,1.,0.));
#3015 = PCURVE('',#2918,#3016);
#3016 = DEFINITIONAL_REPRESENTATION('',(#3017),#3021);
#3017 = LINE('',#3018,#3019);
#3018 = CARTESIAN_POINT('',(3.14159265359,2.55506769425));
#3019 = VECTOR('',#3020,1.);
#3020 = DIRECTION('',(0.,1.));
#3021 = ( GEOMETRIC_REPRESENTATION_CONTEXT(2) 
PARAMETRIC_REPRESENTATION_CONTEXT() REPRESENTATION_CONTEXT('2D SPACE',''
  ) );
#3022 = PCURVE('',#3023,#3028);
#3023 = PLANE('',#3024);
#3024 = AXIS2_PLACEMENT_3D('',#3025,#3026,#3027);
#3025 = CARTESIAN_POINT('',(6.9,-10.92006769425,-3.45));
#3026 = DIRECTION('',(-1.,0.,2.22044604925E-16));
#3027 = DIRECTION('',(0.,-2.22044604925E-16,1.));
#3028 = DEFINITIONAL_REPRESENTATION('',(#3029),#3033);
#3029 = LINE('',#3030,#3031);
#3030 = CARTESIAN_POINT('',(-5.673389967265E-16,2.55506769425));
#3031 = VECTOR('',#3032,1.);
#3032 = DIRECTION('',(-2.22044604925E-16,1.));
#3033 = ( GEOMETRIC_REPRESENTATION_CONTEXT(2) 
PARAMETRIC_REPRESENTATION_CONTEXT() REPRESENTATION_CONTEXT('2D SPACE',''
  ) );
#3034 = ORIENTED_EDGE('',*,*,#3035,.T.);
#3035 = EDGE_CURVE('',#3008,#2880,#3036,.T.);
#3036 = SURFACE_CURVE('',#3037,(#3042,#3049),.PCURVE_S1.);
#3037 = CIRCLE('',#3038,0.55);
#3038 = AXIS2_PLACEMENT_3D('',#3039,#3040,#3041);
#3039 = CARTESIAN_POINT('',(6.35,-8.365,-3.45));
#3040 = DIRECTION('',(4.930380657631E-32,1.,2.22044604925E-16));
#3041 = DIRECTION('',(1.,2.330725401789E-30,-1.071869865593E-14));
#3042 = PCURVE('',#2918,#3043);
#3043 = DEFINITIONAL_REPRESENTATION('',(#3044),#3048);
#3044 = LINE('',#3045,#3046);
#3045 = CARTESIAN_POINT('',(3.14159265359,2.55506769425));
#3046 = VECTOR('',#3047,1.);
#3047 = DIRECTION('',(1.,0.));
#3048 = ( GEOMETRIC_REPRESENTATION_CONTEXT(2) 
PARAMETRIC_REPRESENTATION_CONTEXT() REPRESENTATION_CONTEXT('2D SPACE',''
  ) );
#3049 = PCURVE('',#1678,#3050);
#3050 = DEFINITIONAL_REPRESENTATION('',(#3051),#3059);
#3051 = ( BOUNDED_CURVE() B_SPLINE_CURVE(2,(#3052,#3053,#3054,#3055,
#3056,#3057,#3058),.UNSPECIFIED.,.T.,.F.) B_SPLINE_CURVE_WITH_KNOTS((1,2
    ,2,2,2,1),(-2.094395102393,0.,2.094395102393,4.188790204786,
6.28318530718,8.377580409573),.UNSPECIFIED.) CURVE() 
GEOMETRIC_REPRESENTATION_ITEM() RATIONAL_B_SPLINE_CURVE((1.,0.5,1.,0.5,
1.,0.5,1.)) REPRESENTATION_ITEM('') );
#3052 = CARTESIAN_POINT('',(1.55,3.67));
#3053 = CARTESIAN_POINT('',(1.55,4.622627944163));
#3054 = CARTESIAN_POINT('',(2.375,4.146313972081));
#3055 = CARTESIAN_POINT('',(3.2,3.67));
#3056 = CARTESIAN_POINT('',(2.375,3.193686027919));
#3057 = CARTESIAN_POINT('',(1.55,2.717372055837));
#3058 = CARTESIAN_POINT('',(1.55,3.67));
#3059 = ( GEOMETRIC_REPRESENTATION_CONTEXT(2) 
PARAMETRIC_REPRESENTATION_CONTEXT() REPRESENTATION_CONTEXT('2D SPACE',''
  ) );
#3060 = ADVANCED_FACE('',(#3061),#2376,.F.);
#3061 = FACE_BOUND('',#3062,.F.);
#3062 = EDGE_LOOP('',(#3063,#3064,#3085,#3086));
#3063 = ORIENTED_EDGE('',*,*,#2360,.T.);
#3064 = ORIENTED_EDGE('',*,*,#3065,.T.);
#3065 = EDGE_CURVE('',#2333,#2645,#3066,.T.);
#3066 = SURFACE_CURVE('',#3067,(#3071,#3078),.PCURVE_S1.);
#3067 = LINE('',#3068,#3069);
#3068 = CARTESIAN_POINT('',(6.9,7.865,7.660538869914E-16));
#3069 = VECTOR('',#3070,1.);
#3070 = DIRECTION('',(-2.22044604925E-16,1.,0.));
#3071 = PCURVE('',#2376,#3072);
#3072 = DEFINITIONAL_REPRESENTATION('',(#3073),#3077);
#3073 = LINE('',#3074,#3075);
#3074 = CARTESIAN_POINT('',(3.45,18.78506769425));
#3075 = VECTOR('',#3076,1.);
#3076 = DIRECTION('',(-2.22044604925E-16,1.));
#3077 = ( GEOMETRIC_REPRESENTATION_CONTEXT(2) 
PARAMETRIC_REPRESENTATION_CONTEXT() REPRESENTATION_CONTEXT('2D SPACE',''
  ) );
#3078 = PCURVE('',#2348,#3079);
#3079 = DEFINITIONAL_REPRESENTATION('',(#3080),#3084);
#3080 = LINE('',#3081,#3082);
#3081 = CARTESIAN_POINT('',(-4.440892098501E-15,18.78506769425));
#3082 = VECTOR('',#3083,1.);
#3083 = DIRECTION('',(-2.22044604925E-16,1.));
#3084 = ( GEOMETRIC_REPRESENTATION_CONTEXT(2) 
PARAMETRIC_REPRESENTATION_CONTEXT() REPRESENTATION_CONTEXT('2D SPACE',''
  ) );
#3085 = ORIENTED_EDGE('',*,*,#2644,.F.);
#3086 = ORIENTED_EDGE('',*,*,#2957,.F.);
#3087 = ADVANCED_FACE('',(#3088),#3023,.F.);
#3088 = FACE_BOUND('',#3089,.F.);
#3089 = EDGE_LOOP('',(#3090,#3113,#3141,#3162));
#3090 = ORIENTED_EDGE('',*,*,#3091,.T.);
#3091 = EDGE_CURVE('',#3008,#3092,#3094,.T.);
#3092 = VERTEX_POINT('',#3093);
#3093 = CARTESIAN_POINT('',(6.9,-8.365,7.660538869914E-16));
#3094 = SURFACE_CURVE('',#3095,(#3099,#3106),.PCURVE_S1.);
#3095 = LINE('',#3096,#3097);
#3096 = CARTESIAN_POINT('',(6.9,-8.365,-3.45));
#3097 = VECTOR('',#3098,1.);
#3098 = DIRECTION('',(0.,-2.22044604925E-16,1.));
#3099 = PCURVE('',#3023,#3100);
#3100 = DEFINITIONAL_REPRESENTATION('',(#3101),#3105);
#3101 = LINE('',#3102,#3103);
#3102 = CARTESIAN_POINT('',(-5.673389967265E-16,2.55506769425));
#3103 = VECTOR('',#3104,1.);
#3104 = DIRECTION('',(1.,-2.22044604925E-16));
#3105 = ( GEOMETRIC_REPRESENTATION_CONTEXT(2) 
PARAMETRIC_REPRESENTATION_CONTEXT() REPRESENTATION_CONTEXT('2D SPACE',''
  ) );
#3106 = PCURVE('',#1678,#3107);
#3107 = DEFINITIONAL_REPRESENTATION('',(#3108),#3112);
#3108 = LINE('',#3109,#3110);
#3109 = CARTESIAN_POINT('',(1.55,3.67));
#3110 = VECTOR('',#3111,1.);
#3111 = DIRECTION('',(2.22044604925E-16,-1.));
#3112 = ( GEOMETRIC_REPRESENTATION_CONTEXT(2) 
PARAMETRIC_REPRESENTATION_CONTEXT() REPRESENTATION_CONTEXT('2D SPACE',''
  ) );
#3113 = ORIENTED_EDGE('',*,*,#3114,.T.);
#3114 = EDGE_CURVE('',#3092,#3115,#3117,.T.);
#3115 = VERTEX_POINT('',#3116);
#3116 = CARTESIAN_POINT('',(6.9,-7.865,7.660538869914E-16));
#3117 = SURFACE_CURVE('',#3118,(#3122,#3129),.PCURVE_S1.);
#3118 = LINE('',#3119,#3120);
#3119 = CARTESIAN_POINT('',(6.9,-8.365,7.660538869914E-16));
#3120 = VECTOR('',#3121,1.);
#3121 = DIRECTION('',(-2.22044604925E-16,1.,0.));
#3122 = PCURVE('',#3023,#3123);
#3123 = DEFINITIONAL_REPRESENTATION('',(#3124),#3128);
#3124 = LINE('',#3125,#3126);
#3125 = CARTESIAN_POINT('',(3.45,2.55506769425));
#3126 = VECTOR('',#3127,1.);
#3127 = DIRECTION('',(-2.22044604925E-16,1.));
#3128 = ( GEOMETRIC_REPRESENTATION_CONTEXT(2) 
PARAMETRIC_REPRESENTATION_CONTEXT() REPRESENTATION_CONTEXT('2D SPACE',''
  ) );
#3129 = PCURVE('',#3130,#3135);
#3130 = PLANE('',#3131);
#3131 = AXIS2_PLACEMENT_3D('',#3132,#3133,#3134);
#3132 = CARTESIAN_POINT('',(6.9,-10.92006769425,7.660538869914E-16));
#3133 = DIRECTION('',(0.,-2.22044604925E-16,1.));
#3134 = DIRECTION('',(1.,0.,-2.22044604925E-16));
#3135 = DEFINITIONAL_REPRESENTATION('',(#3136),#3140);
#3136 = LINE('',#3137,#3138);
#3137 = CARTESIAN_POINT('',(-8.881784197001E-16,2.55506769425));
#3138 = VECTOR('',#3139,1.);
#3139 = DIRECTION('',(-2.22044604925E-16,1.));
#3140 = ( GEOMETRIC_REPRESENTATION_CONTEXT(2) 
PARAMETRIC_REPRESENTATION_CONTEXT() REPRESENTATION_CONTEXT('2D SPACE',''
  ) );
#3141 = ORIENTED_EDGE('',*,*,#3142,.F.);
#3142 = EDGE_CURVE('',#2984,#3115,#3143,.T.);
#3143 = SURFACE_CURVE('',#3144,(#3148,#3155),.PCURVE_S1.);
#3144 = LINE('',#3145,#3146);
#3145 = CARTESIAN_POINT('',(6.9,-7.865,-3.45));
#3146 = VECTOR('',#3147,1.);
#3147 = DIRECTION('',(0.,-2.22044604925E-16,1.));
#3148 = PCURVE('',#3023,#3149);
#3149 = DEFINITIONAL_REPRESENTATION('',(#3150),#3154);
#3150 = LINE('',#3151,#3152);
#3151 = CARTESIAN_POINT('',(-6.78361299189E-16,3.05506769425));
#3152 = VECTOR('',#3153,1.);
#3153 = DIRECTION('',(1.,-2.22044604925E-16));
#3154 = ( GEOMETRIC_REPRESENTATION_CONTEXT(2) 
PARAMETRIC_REPRESENTATION_CONTEXT() REPRESENTATION_CONTEXT('2D SPACE',''
  ) );
#3155 = PCURVE('',#1732,#3156);
#3156 = DEFINITIONAL_REPRESENTATION('',(#3157),#3161);
#3157 = LINE('',#3158,#3159);
#3158 = CARTESIAN_POINT('',(2.65,3.67));
#3159 = VECTOR('',#3160,1.);
#3160 = DIRECTION('',(-2.22044604925E-16,-1.));
#3161 = ( GEOMETRIC_REPRESENTATION_CONTEXT(2) 
PARAMETRIC_REPRESENTATION_CONTEXT() REPRESENTATION_CONTEXT('2D SPACE',''
  ) );
#3162 = ORIENTED_EDGE('',*,*,#3007,.F.);
#3163 = ADVANCED_FACE('',(#3164),#2348,.F.);
#3164 = FACE_BOUND('',#3165,.F.);
#3165 = EDGE_LOOP('',(#3166,#3167,#3168,#3169));
#3166 = ORIENTED_EDGE('',*,*,#2332,.F.);
#3167 = ORIENTED_EDGE('',*,*,#2527,.F.);
#3168 = ORIENTED_EDGE('',*,*,#2667,.T.);
#3169 = ORIENTED_EDGE('',*,*,#3065,.F.);
#3170 = ADVANCED_FACE('',(#3171),#3130,.F.);
#3171 = FACE_BOUND('',#3172,.F.);
#3172 = EDGE_LOOP('',(#3173,#3198,#3219,#3220));
#3173 = ORIENTED_EDGE('',*,*,#3174,.F.);
#3174 = EDGE_CURVE('',#3175,#3177,#3179,.T.);
#3175 = VERTEX_POINT('',#3176);
#3176 = CARTESIAN_POINT('',(8.45,-7.865,4.218847493576E-16));
#3177 = VERTEX_POINT('',#3178);
#3178 = CARTESIAN_POINT('',(8.45,-8.365,4.218847493576E-16));
#3179 = SURFACE_CURVE('',#3180,(#3184,#3191),.PCURVE_S1.);
#3180 = LINE('',#3181,#3182);
#3181 = CARTESIAN_POINT('',(8.45,-7.865,4.218847493576E-16));
#3182 = VECTOR('',#3183,1.);
#3183 = DIRECTION('',(2.22044604925E-16,-1.,0.));
#3184 = PCURVE('',#3130,#3185);
#3185 = DEFINITIONAL_REPRESENTATION('',(#3186),#3190);
#3186 = LINE('',#3187,#3188);
#3187 = CARTESIAN_POINT('',(1.55,3.05506769425));
#3188 = VECTOR('',#3189,1.);
#3189 = DIRECTION('',(2.22044604925E-16,-1.));
#3190 = ( GEOMETRIC_REPRESENTATION_CONTEXT(2) 
PARAMETRIC_REPRESENTATION_CONTEXT() REPRESENTATION_CONTEXT('2D SPACE',''
  ) );
#3191 = PCURVE('',#1650,#3192);
#3192 = DEFINITIONAL_REPRESENTATION('',(#3193),#3197);
#3193 = LINE('',#3194,#3195);
#3194 = CARTESIAN_POINT('',(0.,0.22));
#3195 = VECTOR('',#3196,1.);
#3196 = DIRECTION('',(1.,-2.22044604925E-16));
#3197 = ( GEOMETRIC_REPRESENTATION_CONTEXT(2) 
PARAMETRIC_REPRESENTATION_CONTEXT() REPRESENTATION_CONTEXT('2D SPACE',''
  ) );
#3198 = ORIENTED_EDGE('',*,*,#3199,.T.);
#3199 = EDGE_CURVE('',#3175,#3115,#3200,.T.);
#3200 = SURFACE_CURVE('',#3201,(#3205,#3212),.PCURVE_S1.);
#3201 = LINE('',#3202,#3203);
#3202 = CARTESIAN_POINT('',(8.45,-7.865,4.218847493576E-16));
#3203 = VECTOR('',#3204,1.);
#3204 = DIRECTION('',(-1.,0.,2.22044604925E-16));
#3205 = PCURVE('',#3130,#3206);
#3206 = DEFINITIONAL_REPRESENTATION('',(#3207),#3211);
#3207 = LINE('',#3208,#3209);
#3208 = CARTESIAN_POINT('',(1.55,3.05506769425));
#3209 = VECTOR('',#3210,1.);
#3210 = DIRECTION('',(-1.,2.22044604925E-16));
#3211 = ( GEOMETRIC_REPRESENTATION_CONTEXT(2) 
PARAMETRIC_REPRESENTATION_CONTEXT() REPRESENTATION_CONTEXT('2D SPACE',''
  ) );
#3212 = PCURVE('',#1732,#3213);
#3213 = DEFINITIONAL_REPRESENTATION('',(#3214),#3218);
#3214 = LINE('',#3215,#3216);
#3215 = CARTESIAN_POINT('',(4.2,0.22));
#3216 = VECTOR('',#3217,1.);
#3217 = DIRECTION('',(-1.,-2.22044604925E-16));
#3218 = ( GEOMETRIC_REPRESENTATION_CONTEXT(2) 
PARAMETRIC_REPRESENTATION_CONTEXT() REPRESENTATION_CONTEXT('2D SPACE',''
  ) );
#3219 = ORIENTED_EDGE('',*,*,#3114,.F.);
#3220 = ORIENTED_EDGE('',*,*,#3221,.F.);
#3221 = EDGE_CURVE('',#3177,#3092,#3222,.T.);
#3222 = SURFACE_CURVE('',#3223,(#3227,#3234),.PCURVE_S1.);
#3223 = LINE('',#3224,#3225);
#3224 = CARTESIAN_POINT('',(8.45,-8.365,4.218847493576E-16));
#3225 = VECTOR('',#3226,1.);
#3226 = DIRECTION('',(-1.,0.,2.22044604925E-16));
#3227 = PCURVE('',#3130,#3228);
#3228 = DEFINITIONAL_REPRESENTATION('',(#3229),#3233);
#3229 = LINE('',#3230,#3231);
#3230 = CARTESIAN_POINT('',(1.55,2.55506769425));
#3231 = VECTOR('',#3232,1.);
#3232 = DIRECTION('',(-1.,2.22044604925E-16));
#3233 = ( GEOMETRIC_REPRESENTATION_CONTEXT(2) 
PARAMETRIC_REPRESENTATION_CONTEXT() REPRESENTATION_CONTEXT('2D SPACE',''
  ) );
#3234 = PCURVE('',#1678,#3235);
#3235 = DEFINITIONAL_REPRESENTATION('',(#3236),#3240);
#3236 = LINE('',#3237,#3238);
#3237 = CARTESIAN_POINT('',(-4.884981308351E-17,0.22));
#3238 = VECTOR('',#3239,1.);
#3239 = DIRECTION('',(1.,-2.22044604925E-16));
#3240 = ( GEOMETRIC_REPRESENTATION_CONTEXT(2) 
PARAMETRIC_REPRESENTATION_CONTEXT() REPRESENTATION_CONTEXT('2D SPACE',''
  ) );
#3241 = ADVANCED_FACE('',(#3242),#1650,.T.);
#3242 = FACE_BOUND('',#3243,.F.);
#3243 = EDGE_LOOP('',(#3244,#3265,#3266,#3287));
#3244 = ORIENTED_EDGE('',*,*,#3245,.T.);
#3245 = EDGE_CURVE('',#1633,#3175,#3246,.T.);
#3246 = SURFACE_CURVE('',#3247,(#3251,#3258),.PCURVE_S1.);
#3247 = LINE('',#3248,#3249);
#3248 = CARTESIAN_POINT('',(8.45,-7.865,0.22));
#3249 = VECTOR('',#3250,1.);
#3250 = DIRECTION('',(0.,2.22044604925E-16,-1.));
#3251 = PCURVE('',#1650,#3252);
#3252 = DEFINITIONAL_REPRESENTATION('',(#3253),#3257);
#3253 = LINE('',#3254,#3255);
#3254 = CARTESIAN_POINT('',(0.,0.));
#3255 = VECTOR('',#3256,1.);
#3256 = DIRECTION('',(-2.22044604925E-16,1.));
#3257 = ( GEOMETRIC_REPRESENTATION_CONTEXT(2) 
PARAMETRIC_REPRESENTATION_CONTEXT() REPRESENTATION_CONTEXT('2D SPACE',''
  ) );
#3258 = PCURVE('',#1732,#3259);
#3259 = DEFINITIONAL_REPRESENTATION('',(#3260),#3264);
#3260 = LINE('',#3261,#3262);
#3261 = CARTESIAN_POINT('',(4.2,9.436895709314E-16));
#3262 = VECTOR('',#3263,1.);
#3263 = DIRECTION('',(2.22044604925E-16,1.));
#3264 = ( GEOMETRIC_REPRESENTATION_CONTEXT(2) 
PARAMETRIC_REPRESENTATION_CONTEXT() REPRESENTATION_CONTEXT('2D SPACE',''
  ) );
#3265 = ORIENTED_EDGE('',*,*,#3174,.T.);
#3266 = ORIENTED_EDGE('',*,*,#3267,.F.);
#3267 = EDGE_CURVE('',#1635,#3177,#3268,.T.);
#3268 = SURFACE_CURVE('',#3269,(#3273,#3280),.PCURVE_S1.);
#3269 = LINE('',#3270,#3271);
#3270 = CARTESIAN_POINT('',(8.45,-8.365,0.22));
#3271 = VECTOR('',#3272,1.);
#3272 = DIRECTION('',(0.,2.22044604925E-16,-1.));
#3273 = PCURVE('',#1650,#3274);
#3274 = DEFINITIONAL_REPRESENTATION('',(#3275),#3279);
#3275 = LINE('',#3276,#3277);
#3276 = CARTESIAN_POINT('',(0.5,-1.110223024625E-16));
#3277 = VECTOR('',#3278,1.);
#3278 = DIRECTION('',(-2.22044604925E-16,1.));
#3279 = ( GEOMETRIC_REPRESENTATION_CONTEXT(2) 
PARAMETRIC_REPRESENTATION_CONTEXT() REPRESENTATION_CONTEXT('2D SPACE',''
  ) );
#3280 = PCURVE('',#1678,#3281);
#3281 = DEFINITIONAL_REPRESENTATION('',(#3282),#3286);
#3282 = LINE('',#3283,#3284);
#3283 = CARTESIAN_POINT('',(0.,0.));
#3284 = VECTOR('',#3285,1.);
#3285 = DIRECTION('',(-2.22044604925E-16,1.));
#3286 = ( GEOMETRIC_REPRESENTATION_CONTEXT(2) 
PARAMETRIC_REPRESENTATION_CONTEXT() REPRESENTATION_CONTEXT('2D SPACE',''
  ) );
#3287 = ORIENTED_EDGE('',*,*,#1632,.F.);
#3288 = ADVANCED_FACE('',(#3289),#1732,.T.);
#3289 = FACE_BOUND('',#3290,.F.);
#3290 = EDGE_LOOP('',(#3291,#3292,#3293,#3314,#3315,#3316,#3317,#3318));
#3291 = ORIENTED_EDGE('',*,*,#3245,.F.);
#3292 = ORIENTED_EDGE('',*,*,#1718,.F.);
#3293 = ORIENTED_EDGE('',*,*,#3294,.T.);
#3294 = EDGE_CURVE('',#1691,#2806,#3295,.T.);
#3295 = SURFACE_CURVE('',#3296,(#3300,#3307),.PCURVE_S1.);
#3296 = LINE('',#3297,#3298);
#3297 = CARTESIAN_POINT('',(4.25,-7.865,0.22));
#3298 = VECTOR('',#3299,1.);
#3299 = DIRECTION('',(0.,2.22044604925E-16,-1.));
#3300 = PCURVE('',#1732,#3301);
#3301 = DEFINITIONAL_REPRESENTATION('',(#3302),#3306);
#3302 = LINE('',#3303,#3304);
#3303 = CARTESIAN_POINT('',(0.,0.));
#3304 = VECTOR('',#3305,1.);
#3305 = DIRECTION('',(2.22044604925E-16,1.));
#3306 = ( GEOMETRIC_REPRESENTATION_CONTEXT(2) 
PARAMETRIC_REPRESENTATION_CONTEXT() REPRESENTATION_CONTEXT('2D SPACE',''
  ) );
#3307 = PCURVE('',#1706,#3308);
#3308 = DEFINITIONAL_REPRESENTATION('',(#3309),#3313);
#3309 = LINE('',#3310,#3311);
#3310 = CARTESIAN_POINT('',(0.5,1.110223024625E-16));
#3311 = VECTOR('',#3312,1.);
#3312 = DIRECTION('',(2.22044604925E-16,1.));
#3313 = ( GEOMETRIC_REPRESENTATION_CONTEXT(2) 
PARAMETRIC_REPRESENTATION_CONTEXT() REPRESENTATION_CONTEXT('2D SPACE',''
  ) );
#3314 = ORIENTED_EDGE('',*,*,#2805,.T.);
#3315 = ORIENTED_EDGE('',*,*,#2930,.T.);
#3316 = ORIENTED_EDGE('',*,*,#2983,.F.);
#3317 = ORIENTED_EDGE('',*,*,#3142,.T.);
#3318 = ORIENTED_EDGE('',*,*,#3199,.F.);
#3319 = ADVANCED_FACE('',(#3320),#1706,.T.);
#3320 = FACE_BOUND('',#3321,.F.);
#3321 = EDGE_LOOP('',(#3322,#3343,#3344,#3345));
#3322 = ORIENTED_EDGE('',*,*,#3323,.T.);
#3323 = EDGE_CURVE('',#1663,#2748,#3324,.T.);
#3324 = SURFACE_CURVE('',#3325,(#3329,#3336),.PCURVE_S1.);
#3325 = LINE('',#3326,#3327);
#3326 = CARTESIAN_POINT('',(4.25,-8.365,0.22));
#3327 = VECTOR('',#3328,1.);
#3328 = DIRECTION('',(0.,2.22044604925E-16,-1.));
#3329 = PCURVE('',#1706,#3330);
#3330 = DEFINITIONAL_REPRESENTATION('',(#3331),#3335);
#3331 = LINE('',#3332,#3333);
#3332 = CARTESIAN_POINT('',(0.,0.));
#3333 = VECTOR('',#3334,1.);
#3334 = DIRECTION('',(2.22044604925E-16,1.));
#3335 = ( GEOMETRIC_REPRESENTATION_CONTEXT(2) 
PARAMETRIC_REPRESENTATION_CONTEXT() REPRESENTATION_CONTEXT('2D SPACE',''
  ) );
#3336 = PCURVE('',#1678,#3337);
#3337 = DEFINITIONAL_REPRESENTATION('',(#3338),#3342);
#3338 = LINE('',#3339,#3340);
#3339 = CARTESIAN_POINT('',(4.2,-9.436895709314E-16));
#3340 = VECTOR('',#3341,1.);
#3341 = DIRECTION('',(-2.22044604925E-16,1.));
#3342 = ( GEOMETRIC_REPRESENTATION_CONTEXT(2) 
PARAMETRIC_REPRESENTATION_CONTEXT() REPRESENTATION_CONTEXT('2D SPACE',''
  ) );
#3343 = ORIENTED_EDGE('',*,*,#2828,.T.);
#3344 = ORIENTED_EDGE('',*,*,#3294,.F.);
#3345 = ORIENTED_EDGE('',*,*,#1690,.F.);
#3346 = ADVANCED_FACE('',(#3347),#1678,.T.);
#3347 = FACE_BOUND('',#3348,.F.);
#3348 = EDGE_LOOP('',(#3349,#3350,#3351,#3352,#3353,#3354,#3355,#3356));
#3349 = ORIENTED_EDGE('',*,*,#3267,.T.);
#3350 = ORIENTED_EDGE('',*,*,#3221,.T.);
#3351 = ORIENTED_EDGE('',*,*,#3091,.F.);
#3352 = ORIENTED_EDGE('',*,*,#3035,.T.);
#3353 = ORIENTED_EDGE('',*,*,#2879,.F.);
#3354 = ORIENTED_EDGE('',*,*,#2747,.F.);
#3355 = ORIENTED_EDGE('',*,*,#3323,.F.);
#3356 = ORIENTED_EDGE('',*,*,#1662,.F.);
#3357 = ADVANCED_FACE('',(#3358),#1422,.T.);
#3358 = FACE_BOUND('',#3359,.F.);
#3359 = EDGE_LOOP('',(#3360,#3383,#3411,#3439,#3472,#3500,#3528,#3549));
#3360 = ORIENTED_EDGE('',*,*,#3361,.T.);
#3361 = EDGE_CURVE('',#1405,#3362,#3364,.T.);
#3362 = VERTEX_POINT('',#3363);
#3363 = CARTESIAN_POINT('',(2.1,7.865,1.831867990632E-15));
#3364 = SURFACE_CURVE('',#3365,(#3369,#3376),.PCURVE_S1.);
#3365 = LINE('',#3366,#3367);
#3366 = CARTESIAN_POINT('',(2.1,7.865,0.22));
#3367 = VECTOR('',#3368,1.);
#3368 = DIRECTION('',(0.,2.22044604925E-16,-1.));
#3369 = PCURVE('',#1422,#3370);
#3370 = DEFINITIONAL_REPRESENTATION('',(#3371),#3375);
#3371 = LINE('',#3372,#3373);
#3372 = CARTESIAN_POINT('',(0.,0.));
#3373 = VECTOR('',#3374,1.);
#3374 = DIRECTION('',(-2.22044604925E-16,1.));
#3375 = ( GEOMETRIC_REPRESENTATION_CONTEXT(2) 
PARAMETRIC_REPRESENTATION_CONTEXT() REPRESENTATION_CONTEXT('2D SPACE',''
  ) );
#3376 = PCURVE('',#1504,#3377);
#3377 = DEFINITIONAL_REPRESENTATION('',(#3378),#3382);
#3378 = LINE('',#3379,#3380);
#3379 = CARTESIAN_POINT('',(0.5,-1.110223024625E-16));
#3380 = VECTOR('',#3381,1.);
#3381 = DIRECTION('',(-2.22044604925E-16,1.));
#3382 = ( GEOMETRIC_REPRESENTATION_CONTEXT(2) 
PARAMETRIC_REPRESENTATION_CONTEXT() REPRESENTATION_CONTEXT('2D SPACE',''
  ) );
#3383 = ORIENTED_EDGE('',*,*,#3384,.T.);
#3384 = EDGE_CURVE('',#3362,#3385,#3387,.T.);
#3385 = VERTEX_POINT('',#3386);
#3386 = CARTESIAN_POINT('',(0.55,7.865,2.176037128265E-15));
#3387 = SURFACE_CURVE('',#3388,(#3392,#3399),.PCURVE_S1.);
#3388 = LINE('',#3389,#3390);
#3389 = CARTESIAN_POINT('',(2.1,7.865,1.831867990632E-15));
#3390 = VECTOR('',#3391,1.);
#3391 = DIRECTION('',(-1.,0.,2.22044604925E-16));
#3392 = PCURVE('',#1422,#3393);
#3393 = DEFINITIONAL_REPRESENTATION('',(#3394),#3398);
#3394 = LINE('',#3395,#3396);
#3395 = CARTESIAN_POINT('',(-4.884981308351E-17,0.22));
#3396 = VECTOR('',#3397,1.);
#3397 = DIRECTION('',(1.,-2.22044604925E-16));
#3398 = ( GEOMETRIC_REPRESENTATION_CONTEXT(2) 
PARAMETRIC_REPRESENTATION_CONTEXT() REPRESENTATION_CONTEXT('2D SPACE',''
  ) );
#3399 = PCURVE('',#3400,#3405);
#3400 = PLANE('',#3401);
#3401 = AXIS2_PLACEMENT_3D('',#3402,#3403,#3404);
#3402 = CARTESIAN_POINT('',(0.55,-10.92006769425,2.176037128265E-15));
#3403 = DIRECTION('',(0.,-2.22044604925E-16,1.));
#3404 = DIRECTION('',(1.,0.,-2.22044604925E-16));
#3405 = DEFINITIONAL_REPRESENTATION('',(#3406),#3410);
#3406 = LINE('',#3407,#3408);
#3407 = CARTESIAN_POINT('',(1.55,18.78506769425));
#3408 = VECTOR('',#3409,1.);
#3409 = DIRECTION('',(-1.,2.22044604925E-16));
#3410 = ( GEOMETRIC_REPRESENTATION_CONTEXT(2) 
PARAMETRIC_REPRESENTATION_CONTEXT() REPRESENTATION_CONTEXT('2D SPACE',''
  ) );
#3411 = ORIENTED_EDGE('',*,*,#3412,.F.);
#3412 = EDGE_CURVE('',#3413,#3385,#3415,.T.);
#3413 = VERTEX_POINT('',#3414);
#3414 = CARTESIAN_POINT('',(0.55,7.865,-3.45));
#3415 = SURFACE_CURVE('',#3416,(#3420,#3427),.PCURVE_S1.);
#3416 = LINE('',#3417,#3418);
#3417 = CARTESIAN_POINT('',(0.55,7.865,-3.45));
#3418 = VECTOR('',#3419,1.);
#3419 = DIRECTION('',(0.,-2.22044604925E-16,1.));
#3420 = PCURVE('',#1422,#3421);
#3421 = DEFINITIONAL_REPRESENTATION('',(#3422),#3426);
#3422 = LINE('',#3423,#3424);
#3423 = CARTESIAN_POINT('',(1.55,3.67));
#3424 = VECTOR('',#3425,1.);
#3425 = DIRECTION('',(2.22044604925E-16,-1.));
#3426 = ( GEOMETRIC_REPRESENTATION_CONTEXT(2) 
PARAMETRIC_REPRESENTATION_CONTEXT() REPRESENTATION_CONTEXT('2D SPACE',''
  ) );
#3427 = PCURVE('',#3428,#3433);
#3428 = PLANE('',#3429);
#3429 = AXIS2_PLACEMENT_3D('',#3430,#3431,#3432);
#3430 = CARTESIAN_POINT('',(0.55,-10.92006769425,-3.45));
#3431 = DIRECTION('',(-1.,0.,2.22044604925E-16));
#3432 = DIRECTION('',(0.,-2.22044604925E-16,1.));
#3433 = DEFINITIONAL_REPRESENTATION('',(#3434),#3438);
#3434 = LINE('',#3435,#3436);
#3435 = CARTESIAN_POINT('',(-4.17112293466E-15,18.78506769425));
#3436 = VECTOR('',#3437,1.);
#3437 = DIRECTION('',(1.,-2.22044604925E-16));
#3438 = ( GEOMETRIC_REPRESENTATION_CONTEXT(2) 
PARAMETRIC_REPRESENTATION_CONTEXT() REPRESENTATION_CONTEXT('2D SPACE',''
  ) );
#3439 = ORIENTED_EDGE('',*,*,#3440,.T.);
#3440 = EDGE_CURVE('',#3413,#3441,#3443,.T.);
#3441 = VERTEX_POINT('',#3442);
#3442 = CARTESIAN_POINT('',(-0.55,7.865,-3.45));
#3443 = SURFACE_CURVE('',#3444,(#3449,#3460),.PCURVE_S1.);
#3444 = CIRCLE('',#3445,0.55);
#3445 = AXIS2_PLACEMENT_3D('',#3446,#3447,#3448);
#3446 = CARTESIAN_POINT('',(-3.552713678801E-15,7.865,-3.45));
#3447 = DIRECTION('',(4.930380657631E-32,1.,2.22044604925E-16));
#3448 = DIRECTION('',(1.,0.,-2.22044604925E-16));
#3449 = PCURVE('',#1422,#3450);
#3450 = DEFINITIONAL_REPRESENTATION('',(#3451),#3459);
#3451 = ( BOUNDED_CURVE() B_SPLINE_CURVE(2,(#3452,#3453,#3454,#3455,
#3456,#3457,#3458),.UNSPECIFIED.,.T.,.F.) B_SPLINE_CURVE_WITH_KNOTS((1,2
    ,2,2,2,1),(-2.094395102393,0.,2.094395102393,4.188790204786,
6.28318530718,8.377580409573),.UNSPECIFIED.) CURVE() 
GEOMETRIC_REPRESENTATION_ITEM() RATIONAL_B_SPLINE_CURVE((1.,0.5,1.,0.5,
1.,0.5,1.)) REPRESENTATION_ITEM('') );
#3452 = CARTESIAN_POINT('',(1.55,3.67));
#3453 = CARTESIAN_POINT('',(1.55,4.622627944163));
#3454 = CARTESIAN_POINT('',(2.375,4.146313972081));
#3455 = CARTESIAN_POINT('',(3.2,3.67));
#3456 = CARTESIAN_POINT('',(2.375,3.193686027919));
#3457 = CARTESIAN_POINT('',(1.55,2.717372055837));
#3458 = CARTESIAN_POINT('',(1.55,3.67));
#3459 = ( GEOMETRIC_REPRESENTATION_CONTEXT(2) 
PARAMETRIC_REPRESENTATION_CONTEXT() REPRESENTATION_CONTEXT('2D SPACE',''
  ) );
#3460 = PCURVE('',#3461,#3466);
#3461 = CYLINDRICAL_SURFACE('',#3462,0.55);
#3462 = AXIS2_PLACEMENT_3D('',#3463,#3464,#3465);
#3463 = CARTESIAN_POINT('',(0.,-10.92006769425,-3.45));
#3464 = DIRECTION('',(-2.22044604925E-16,1.,0.));
#3465 = DIRECTION('',(-1.,0.,2.22044604925E-16));
#3466 = DEFINITIONAL_REPRESENTATION('',(#3467),#3471);
#3467 = LINE('',#3468,#3469);
#3468 = CARTESIAN_POINT('',(3.14159265359,18.78506769425));
#3469 = VECTOR('',#3470,1.);
#3470 = DIRECTION('',(1.,0.));
#3471 = ( GEOMETRIC_REPRESENTATION_CONTEXT(2) 
PARAMETRIC_REPRESENTATION_CONTEXT() REPRESENTATION_CONTEXT('2D SPACE',''
  ) );
#3472 = ORIENTED_EDGE('',*,*,#3473,.F.);
#3473 = EDGE_CURVE('',#3474,#3441,#3476,.T.);
#3474 = VERTEX_POINT('',#3475);
#3475 = CARTESIAN_POINT('',(-0.55,7.865,2.420286193683E-15));
#3476 = SURFACE_CURVE('',#3477,(#3481,#3488),.PCURVE_S1.);
#3477 = LINE('',#3478,#3479);
#3478 = CARTESIAN_POINT('',(-0.55,7.865,2.420286193683E-15));
#3479 = VECTOR('',#3480,1.);
#3480 = DIRECTION('',(0.,2.22044604925E-16,-1.));
#3481 = PCURVE('',#1422,#3482);
#3482 = DEFINITIONAL_REPRESENTATION('',(#3483),#3487);
#3483 = LINE('',#3484,#3485);
#3484 = CARTESIAN_POINT('',(2.65,0.22));
#3485 = VECTOR('',#3486,1.);
#3486 = DIRECTION('',(-2.22044604925E-16,1.));
#3487 = ( GEOMETRIC_REPRESENTATION_CONTEXT(2) 
PARAMETRIC_REPRESENTATION_CONTEXT() REPRESENTATION_CONTEXT('2D SPACE',''
  ) );
#3488 = PCURVE('',#3489,#3494);
#3489 = PLANE('',#3490);
#3490 = AXIS2_PLACEMENT_3D('',#3491,#3492,#3493);
#3491 = CARTESIAN_POINT('',(-0.55,-10.92006769425,2.420286193683E-15));
#3492 = DIRECTION('',(1.,0.,-2.22044604925E-16));
#3493 = DIRECTION('',(0.,2.22044604925E-16,-1.));
#3494 = DEFINITIONAL_REPRESENTATION('',(#3495),#3499);
#3495 = LINE('',#3496,#3497);
#3496 = CARTESIAN_POINT('',(4.17112293466E-15,18.78506769425));
#3497 = VECTOR('',#3498,1.);
#3498 = DIRECTION('',(1.,2.22044604925E-16));
#3499 = ( GEOMETRIC_REPRESENTATION_CONTEXT(2) 
PARAMETRIC_REPRESENTATION_CONTEXT() REPRESENTATION_CONTEXT('2D SPACE',''
  ) );
#3500 = ORIENTED_EDGE('',*,*,#3501,.F.);
#3501 = EDGE_CURVE('',#3502,#3474,#3504,.T.);
#3502 = VERTEX_POINT('',#3503);
#3503 = CARTESIAN_POINT('',(-2.1,7.865,2.764455331317E-15));
#3504 = SURFACE_CURVE('',#3505,(#3509,#3516),.PCURVE_S1.);
#3505 = LINE('',#3506,#3507);
#3506 = CARTESIAN_POINT('',(-2.1,7.865,2.764455331317E-15));
#3507 = VECTOR('',#3508,1.);
#3508 = DIRECTION('',(1.,0.,-2.22044604925E-16));
#3509 = PCURVE('',#1422,#3510);
#3510 = DEFINITIONAL_REPRESENTATION('',(#3511),#3515);
#3511 = LINE('',#3512,#3513);
#3512 = CARTESIAN_POINT('',(4.2,0.22));
#3513 = VECTOR('',#3514,1.);
#3514 = DIRECTION('',(-1.,2.22044604925E-16));
#3515 = ( GEOMETRIC_REPRESENTATION_CONTEXT(2) 
PARAMETRIC_REPRESENTATION_CONTEXT() REPRESENTATION_CONTEXT('2D SPACE',''
  ) );
#3516 = PCURVE('',#3517,#3522);
#3517 = PLANE('',#3518);
#3518 = AXIS2_PLACEMENT_3D('',#3519,#3520,#3521);
#3519 = CARTESIAN_POINT('',(-2.1,-10.92006769425,2.764455331317E-15));
#3520 = DIRECTION('',(0.,-2.22044604925E-16,1.));
#3521 = DIRECTION('',(1.,0.,-2.22044604925E-16));
#3522 = DEFINITIONAL_REPRESENTATION('',(#3523),#3527);
#3523 = LINE('',#3524,#3525);
#3524 = CARTESIAN_POINT('',(-5.329070518201E-15,18.78506769425));
#3525 = VECTOR('',#3526,1.);
#3526 = DIRECTION('',(1.,-2.22044604925E-16));
#3527 = ( GEOMETRIC_REPRESENTATION_CONTEXT(2) 
PARAMETRIC_REPRESENTATION_CONTEXT() REPRESENTATION_CONTEXT('2D SPACE',''
  ) );
#3528 = ORIENTED_EDGE('',*,*,#3529,.F.);
#3529 = EDGE_CURVE('',#1407,#3502,#3530,.T.);
#3530 = SURFACE_CURVE('',#3531,(#3535,#3542),.PCURVE_S1.);
#3531 = LINE('',#3532,#3533);
#3532 = CARTESIAN_POINT('',(-2.1,7.865,0.22));
#3533 = VECTOR('',#3534,1.);
#3534 = DIRECTION('',(0.,2.22044604925E-16,-1.));
#3535 = PCURVE('',#1422,#3536);
#3536 = DEFINITIONAL_REPRESENTATION('',(#3537),#3541);
#3537 = LINE('',#3538,#3539);
#3538 = CARTESIAN_POINT('',(4.2,-9.436895709314E-16));
#3539 = VECTOR('',#3540,1.);
#3540 = DIRECTION('',(-2.22044604925E-16,1.));
#3541 = ( GEOMETRIC_REPRESENTATION_CONTEXT(2) 
PARAMETRIC_REPRESENTATION_CONTEXT() REPRESENTATION_CONTEXT('2D SPACE',''
  ) );
#3542 = PCURVE('',#1450,#3543);
#3543 = DEFINITIONAL_REPRESENTATION('',(#3544),#3548);
#3544 = LINE('',#3545,#3546);
#3545 = CARTESIAN_POINT('',(0.,0.));
#3546 = VECTOR('',#3547,1.);
#3547 = DIRECTION('',(2.22044604925E-16,1.));
#3548 = ( GEOMETRIC_REPRESENTATION_CONTEXT(2) 
PARAMETRIC_REPRESENTATION_CONTEXT() REPRESENTATION_CONTEXT('2D SPACE',''
  ) );
#3549 = ORIENTED_EDGE('',*,*,#1404,.F.);
#3550 = ADVANCED_FACE('',(#3551),#1504,.T.);
#3551 = FACE_BOUND('',#3552,.F.);
#3552 = EDGE_LOOP('',(#3553,#3554,#3555,#3578));
#3553 = ORIENTED_EDGE('',*,*,#3361,.F.);
#3554 = ORIENTED_EDGE('',*,*,#1490,.F.);
#3555 = ORIENTED_EDGE('',*,*,#3556,.T.);
#3556 = EDGE_CURVE('',#1463,#3557,#3559,.T.);
#3557 = VERTEX_POINT('',#3558);
#3558 = CARTESIAN_POINT('',(2.1,8.365,1.831867990632E-15));
#3559 = SURFACE_CURVE('',#3560,(#3564,#3571),.PCURVE_S1.);
#3560 = LINE('',#3561,#3562);
#3561 = CARTESIAN_POINT('',(2.1,8.365,0.22));
#3562 = VECTOR('',#3563,1.);
#3563 = DIRECTION('',(0.,2.22044604925E-16,-1.));
#3564 = PCURVE('',#1504,#3565);
#3565 = DEFINITIONAL_REPRESENTATION('',(#3566),#3570);
#3566 = LINE('',#3567,#3568);
#3567 = CARTESIAN_POINT('',(0.,0.));
#3568 = VECTOR('',#3569,1.);
#3569 = DIRECTION('',(-2.22044604925E-16,1.));
#3570 = ( GEOMETRIC_REPRESENTATION_CONTEXT(2) 
PARAMETRIC_REPRESENTATION_CONTEXT() REPRESENTATION_CONTEXT('2D SPACE',''
  ) );
#3571 = PCURVE('',#1478,#3572);
#3572 = DEFINITIONAL_REPRESENTATION('',(#3573),#3577);
#3573 = LINE('',#3574,#3575);
#3574 = CARTESIAN_POINT('',(4.2,9.436895709314E-16));
#3575 = VECTOR('',#3576,1.);
#3576 = DIRECTION('',(2.22044604925E-16,1.));
#3577 = ( GEOMETRIC_REPRESENTATION_CONTEXT(2) 
PARAMETRIC_REPRESENTATION_CONTEXT() REPRESENTATION_CONTEXT('2D SPACE',''
  ) );
#3578 = ORIENTED_EDGE('',*,*,#3579,.T.);
#3579 = EDGE_CURVE('',#3557,#3362,#3580,.T.);
#3580 = SURFACE_CURVE('',#3581,(#3585,#3592),.PCURVE_S1.);
#3581 = LINE('',#3582,#3583);
#3582 = CARTESIAN_POINT('',(2.1,8.365,1.831867990632E-15));
#3583 = VECTOR('',#3584,1.);
#3584 = DIRECTION('',(2.22044604925E-16,-1.,0.));
#3585 = PCURVE('',#1504,#3586);
#3586 = DEFINITIONAL_REPRESENTATION('',(#3587),#3591);
#3587 = LINE('',#3588,#3589);
#3588 = CARTESIAN_POINT('',(0.,0.22));
#3589 = VECTOR('',#3590,1.);
#3590 = DIRECTION('',(1.,-2.22044604925E-16));
#3591 = ( GEOMETRIC_REPRESENTATION_CONTEXT(2) 
PARAMETRIC_REPRESENTATION_CONTEXT() REPRESENTATION_CONTEXT('2D SPACE',''
  ) );
#3592 = PCURVE('',#3400,#3593);
#3593 = DEFINITIONAL_REPRESENTATION('',(#3594),#3598);
#3594 = LINE('',#3595,#3596);
#3595 = CARTESIAN_POINT('',(1.55,19.28506769425));
#3596 = VECTOR('',#3597,1.);
#3597 = DIRECTION('',(2.22044604925E-16,-1.));
#3598 = ( GEOMETRIC_REPRESENTATION_CONTEXT(2) 
PARAMETRIC_REPRESENTATION_CONTEXT() REPRESENTATION_CONTEXT('2D SPACE',''
  ) );
#3599 = ADVANCED_FACE('',(#3600),#1478,.T.);
#3600 = FACE_BOUND('',#3601,.F.);
#3601 = EDGE_LOOP('',(#3602,#3625,#3648,#3671,#3695,#3718,#3739,#3740));
#3602 = ORIENTED_EDGE('',*,*,#3603,.T.);
#3603 = EDGE_CURVE('',#1435,#3604,#3606,.T.);
#3604 = VERTEX_POINT('',#3605);
#3605 = CARTESIAN_POINT('',(-2.1,8.365,2.764455331317E-15));
#3606 = SURFACE_CURVE('',#3607,(#3611,#3618),.PCURVE_S1.);
#3607 = LINE('',#3608,#3609);
#3608 = CARTESIAN_POINT('',(-2.1,8.365,0.22));
#3609 = VECTOR('',#3610,1.);
#3610 = DIRECTION('',(0.,2.22044604925E-16,-1.));
#3611 = PCURVE('',#1478,#3612);
#3612 = DEFINITIONAL_REPRESENTATION('',(#3613),#3617);
#3613 = LINE('',#3614,#3615);
#3614 = CARTESIAN_POINT('',(0.,0.));
#3615 = VECTOR('',#3616,1.);
#3616 = DIRECTION('',(2.22044604925E-16,1.));
#3617 = ( GEOMETRIC_REPRESENTATION_CONTEXT(2) 
PARAMETRIC_REPRESENTATION_CONTEXT() REPRESENTATION_CONTEXT('2D SPACE',''
  ) );
#3618 = PCURVE('',#1450,#3619);
#3619 = DEFINITIONAL_REPRESENTATION('',(#3620),#3624);
#3620 = LINE('',#3621,#3622);
#3621 = CARTESIAN_POINT('',(0.5,1.110223024625E-16));
#3622 = VECTOR('',#3623,1.);
#3623 = DIRECTION('',(2.22044604925E-16,1.));
#3624 = ( GEOMETRIC_REPRESENTATION_CONTEXT(2) 
PARAMETRIC_REPRESENTATION_CONTEXT() REPRESENTATION_CONTEXT('2D SPACE',''
  ) );
#3625 = ORIENTED_EDGE('',*,*,#3626,.T.);
#3626 = EDGE_CURVE('',#3604,#3627,#3629,.T.);
#3627 = VERTEX_POINT('',#3628);
#3628 = CARTESIAN_POINT('',(-0.55,8.365,2.420286193683E-15));
#3629 = SURFACE_CURVE('',#3630,(#3634,#3641),.PCURVE_S1.);
#3630 = LINE('',#3631,#3632);
#3631 = CARTESIAN_POINT('',(-2.1,8.365,2.764455331317E-15));
#3632 = VECTOR('',#3633,1.);
#3633 = DIRECTION('',(1.,0.,-2.22044604925E-16));
#3634 = PCURVE('',#1478,#3635);
#3635 = DEFINITIONAL_REPRESENTATION('',(#3636),#3640);
#3636 = LINE('',#3637,#3638);
#3637 = CARTESIAN_POINT('',(4.884981308351E-17,0.22));
#3638 = VECTOR('',#3639,1.);
#3639 = DIRECTION('',(1.,2.22044604925E-16));
#3640 = ( GEOMETRIC_REPRESENTATION_CONTEXT(2) 
PARAMETRIC_REPRESENTATION_CONTEXT() REPRESENTATION_CONTEXT('2D SPACE',''
  ) );
#3641 = PCURVE('',#3517,#3642);
#3642 = DEFINITIONAL_REPRESENTATION('',(#3643),#3647);
#3643 = LINE('',#3644,#3645);
#3644 = CARTESIAN_POINT('',(-5.329070518201E-15,19.28506769425));
#3645 = VECTOR('',#3646,1.);
#3646 = DIRECTION('',(1.,-2.22044604925E-16));
#3647 = ( GEOMETRIC_REPRESENTATION_CONTEXT(2) 
PARAMETRIC_REPRESENTATION_CONTEXT() REPRESENTATION_CONTEXT('2D SPACE',''
  ) );
#3648 = ORIENTED_EDGE('',*,*,#3649,.T.);
#3649 = EDGE_CURVE('',#3627,#3650,#3652,.T.);
#3650 = VERTEX_POINT('',#3651);
#3651 = CARTESIAN_POINT('',(-0.55,8.365,-3.45));
#3652 = SURFACE_CURVE('',#3653,(#3657,#3664),.PCURVE_S1.);
#3653 = LINE('',#3654,#3655);
#3654 = CARTESIAN_POINT('',(-0.55,8.365,2.420286193683E-15));
#3655 = VECTOR('',#3656,1.);
#3656 = DIRECTION('',(0.,2.22044604925E-16,-1.));
#3657 = PCURVE('',#1478,#3658);
#3658 = DEFINITIONAL_REPRESENTATION('',(#3659),#3663);
#3659 = LINE('',#3660,#3661);
#3660 = CARTESIAN_POINT('',(1.55,0.22));
#3661 = VECTOR('',#3662,1.);
#3662 = DIRECTION('',(2.22044604925E-16,1.));
#3663 = ( GEOMETRIC_REPRESENTATION_CONTEXT(2) 
PARAMETRIC_REPRESENTATION_CONTEXT() REPRESENTATION_CONTEXT('2D SPACE',''
  ) );
#3664 = PCURVE('',#3489,#3665);
#3665 = DEFINITIONAL_REPRESENTATION('',(#3666),#3670);
#3666 = LINE('',#3667,#3668);
#3667 = CARTESIAN_POINT('',(4.282145237122E-15,19.28506769425));
#3668 = VECTOR('',#3669,1.);
#3669 = DIRECTION('',(1.,2.22044604925E-16));
#3670 = ( GEOMETRIC_REPRESENTATION_CONTEXT(2) 
PARAMETRIC_REPRESENTATION_CONTEXT() REPRESENTATION_CONTEXT('2D SPACE',''
  ) );
#3671 = ORIENTED_EDGE('',*,*,#3672,.F.);
#3672 = EDGE_CURVE('',#3673,#3650,#3675,.T.);
#3673 = VERTEX_POINT('',#3674);
#3674 = CARTESIAN_POINT('',(0.55,8.365,-3.45));
#3675 = SURFACE_CURVE('',#3676,(#3681,#3688),.PCURVE_S1.);
#3676 = CIRCLE('',#3677,0.55);
#3677 = AXIS2_PLACEMENT_3D('',#3678,#3679,#3680);
#3678 = CARTESIAN_POINT('',(-3.552713678801E-15,8.365,-3.45));
#3679 = DIRECTION('',(4.930380657631E-32,1.,2.22044604925E-16));
#3680 = DIRECTION('',(1.,0.,-2.22044604925E-16));
#3681 = PCURVE('',#1478,#3682);
#3682 = DEFINITIONAL_REPRESENTATION('',(#3683),#3687);
#3683 = CIRCLE('',#3684,0.55);
#3684 = AXIS2_PLACEMENT_2D('',#3685,#3686);
#3685 = CARTESIAN_POINT('',(2.1,3.67));
#3686 = DIRECTION('',(1.,2.22044604925E-16));
#3687 = ( GEOMETRIC_REPRESENTATION_CONTEXT(2) 
PARAMETRIC_REPRESENTATION_CONTEXT() REPRESENTATION_CONTEXT('2D SPACE',''
  ) );
#3688 = PCURVE('',#3461,#3689);
#3689 = DEFINITIONAL_REPRESENTATION('',(#3690),#3694);
#3690 = LINE('',#3691,#3692);
#3691 = CARTESIAN_POINT('',(3.14159265359,19.28506769425));
#3692 = VECTOR('',#3693,1.);
#3693 = DIRECTION('',(1.,0.));
#3694 = ( GEOMETRIC_REPRESENTATION_CONTEXT(2) 
PARAMETRIC_REPRESENTATION_CONTEXT() REPRESENTATION_CONTEXT('2D SPACE',''
  ) );
#3695 = ORIENTED_EDGE('',*,*,#3696,.T.);
#3696 = EDGE_CURVE('',#3673,#3697,#3699,.T.);
#3697 = VERTEX_POINT('',#3698);
#3698 = CARTESIAN_POINT('',(0.55,8.365,2.176037128265E-15));
#3699 = SURFACE_CURVE('',#3700,(#3704,#3711),.PCURVE_S1.);
#3700 = LINE('',#3701,#3702);
#3701 = CARTESIAN_POINT('',(0.55,8.365,-3.45));
#3702 = VECTOR('',#3703,1.);
#3703 = DIRECTION('',(0.,-2.22044604925E-16,1.));
#3704 = PCURVE('',#1478,#3705);
#3705 = DEFINITIONAL_REPRESENTATION('',(#3706),#3710);
#3706 = LINE('',#3707,#3708);
#3707 = CARTESIAN_POINT('',(2.65,3.67));
#3708 = VECTOR('',#3709,1.);
#3709 = DIRECTION('',(-2.22044604925E-16,-1.));
#3710 = ( GEOMETRIC_REPRESENTATION_CONTEXT(2) 
PARAMETRIC_REPRESENTATION_CONTEXT() REPRESENTATION_CONTEXT('2D SPACE',''
  ) );
#3711 = PCURVE('',#3428,#3712);
#3712 = DEFINITIONAL_REPRESENTATION('',(#3713),#3717);
#3713 = LINE('',#3714,#3715);
#3714 = CARTESIAN_POINT('',(-4.282145237122E-15,19.28506769425));
#3715 = VECTOR('',#3716,1.);
#3716 = DIRECTION('',(1.,-2.22044604925E-16));
#3717 = ( GEOMETRIC_REPRESENTATION_CONTEXT(2) 
PARAMETRIC_REPRESENTATION_CONTEXT() REPRESENTATION_CONTEXT('2D SPACE',''
  ) );
#3718 = ORIENTED_EDGE('',*,*,#3719,.F.);
#3719 = EDGE_CURVE('',#3557,#3697,#3720,.T.);
#3720 = SURFACE_CURVE('',#3721,(#3725,#3732),.PCURVE_S1.);
#3721 = LINE('',#3722,#3723);
#3722 = CARTESIAN_POINT('',(2.1,8.365,1.831867990632E-15));
#3723 = VECTOR('',#3724,1.);
#3724 = DIRECTION('',(-1.,0.,2.22044604925E-16));
#3725 = PCURVE('',#1478,#3726);
#3726 = DEFINITIONAL_REPRESENTATION('',(#3727),#3731);
#3727 = LINE('',#3728,#3729);
#3728 = CARTESIAN_POINT('',(4.2,0.22));
#3729 = VECTOR('',#3730,1.);
#3730 = DIRECTION('',(-1.,-2.22044604925E-16));
#3731 = ( GEOMETRIC_REPRESENTATION_CONTEXT(2) 
PARAMETRIC_REPRESENTATION_CONTEXT() REPRESENTATION_CONTEXT('2D SPACE',''
  ) );
#3732 = PCURVE('',#3400,#3733);
#3733 = DEFINITIONAL_REPRESENTATION('',(#3734),#3738);
#3734 = LINE('',#3735,#3736);
#3735 = CARTESIAN_POINT('',(1.55,19.28506769425));
#3736 = VECTOR('',#3737,1.);
#3737 = DIRECTION('',(-1.,2.22044604925E-16));
#3738 = ( GEOMETRIC_REPRESENTATION_CONTEXT(2) 
PARAMETRIC_REPRESENTATION_CONTEXT() REPRESENTATION_CONTEXT('2D SPACE',''
  ) );
#3739 = ORIENTED_EDGE('',*,*,#3556,.F.);
#3740 = ORIENTED_EDGE('',*,*,#1462,.F.);
#3741 = ADVANCED_FACE('',(#3742),#1450,.T.);
#3742 = FACE_BOUND('',#3743,.F.);
#3743 = EDGE_LOOP('',(#3744,#3745,#3766,#3767));
#3744 = ORIENTED_EDGE('',*,*,#3529,.T.);
#3745 = ORIENTED_EDGE('',*,*,#3746,.T.);
#3746 = EDGE_CURVE('',#3502,#3604,#3747,.T.);
#3747 = SURFACE_CURVE('',#3748,(#3752,#3759),.PCURVE_S1.);
#3748 = LINE('',#3749,#3750);
#3749 = CARTESIAN_POINT('',(-2.1,7.865,2.764455331317E-15));
#3750 = VECTOR('',#3751,1.);
#3751 = DIRECTION('',(-2.22044604925E-16,1.,0.));
#3752 = PCURVE('',#1450,#3753);
#3753 = DEFINITIONAL_REPRESENTATION('',(#3754),#3758);
#3754 = LINE('',#3755,#3756);
#3755 = CARTESIAN_POINT('',(0.,0.22));
#3756 = VECTOR('',#3757,1.);
#3757 = DIRECTION('',(1.,2.22044604925E-16));
#3758 = ( GEOMETRIC_REPRESENTATION_CONTEXT(2) 
PARAMETRIC_REPRESENTATION_CONTEXT() REPRESENTATION_CONTEXT('2D SPACE',''
  ) );
#3759 = PCURVE('',#3517,#3760);
#3760 = DEFINITIONAL_REPRESENTATION('',(#3761),#3765);
#3761 = LINE('',#3762,#3763);
#3762 = CARTESIAN_POINT('',(-5.329070518201E-15,18.78506769425));
#3763 = VECTOR('',#3764,1.);
#3764 = DIRECTION('',(-2.22044604925E-16,1.));
#3765 = ( GEOMETRIC_REPRESENTATION_CONTEXT(2) 
PARAMETRIC_REPRESENTATION_CONTEXT() REPRESENTATION_CONTEXT('2D SPACE',''
  ) );
#3766 = ORIENTED_EDGE('',*,*,#3603,.F.);
#3767 = ORIENTED_EDGE('',*,*,#1434,.F.);
#3768 = ADVANCED_FACE('',(#3769),#3517,.F.);
#3769 = FACE_BOUND('',#3770,.F.);
#3770 = EDGE_LOOP('',(#3771,#3772,#3793,#3794));
#3771 = ORIENTED_EDGE('',*,*,#3501,.T.);
#3772 = ORIENTED_EDGE('',*,*,#3773,.T.);
#3773 = EDGE_CURVE('',#3474,#3627,#3774,.T.);
#3774 = SURFACE_CURVE('',#3775,(#3779,#3786),.PCURVE_S1.);
#3775 = LINE('',#3776,#3777);
#3776 = CARTESIAN_POINT('',(-0.55,7.865,2.420286193683E-15));
#3777 = VECTOR('',#3778,1.);
#3778 = DIRECTION('',(-2.22044604925E-16,1.,0.));
#3779 = PCURVE('',#3517,#3780);
#3780 = DEFINITIONAL_REPRESENTATION('',(#3781),#3785);
#3781 = LINE('',#3782,#3783);
#3782 = CARTESIAN_POINT('',(1.55,18.78506769425));
#3783 = VECTOR('',#3784,1.);
#3784 = DIRECTION('',(-2.22044604925E-16,1.));
#3785 = ( GEOMETRIC_REPRESENTATION_CONTEXT(2) 
PARAMETRIC_REPRESENTATION_CONTEXT() REPRESENTATION_CONTEXT('2D SPACE',''
  ) );
#3786 = PCURVE('',#3489,#3787);
#3787 = DEFINITIONAL_REPRESENTATION('',(#3788),#3792);
#3788 = LINE('',#3789,#3790);
#3789 = CARTESIAN_POINT('',(4.17112293466E-15,18.78506769425));
#3790 = VECTOR('',#3791,1.);
#3791 = DIRECTION('',(2.22044604925E-16,1.));
#3792 = ( GEOMETRIC_REPRESENTATION_CONTEXT(2) 
PARAMETRIC_REPRESENTATION_CONTEXT() REPRESENTATION_CONTEXT('2D SPACE',''
  ) );
#3793 = ORIENTED_EDGE('',*,*,#3626,.F.);
#3794 = ORIENTED_EDGE('',*,*,#3746,.F.);
#3795 = ADVANCED_FACE('',(#3796),#3810,.F.);
#3796 = FACE_BOUND('',#3797,.F.);
#3797 = EDGE_LOOP('',(#3798,#3828,#3856,#3879));
#3798 = ORIENTED_EDGE('',*,*,#3799,.T.);
#3799 = EDGE_CURVE('',#3800,#3802,#3804,.T.);
#3800 = VERTEX_POINT('',#3801);
#3801 = CARTESIAN_POINT('',(-2.1,-8.365,2.764455331317E-15));
#3802 = VERTEX_POINT('',#3803);
#3803 = CARTESIAN_POINT('',(-0.55,-8.365,2.420286193683E-15));
#3804 = SURFACE_CURVE('',#3805,(#3809,#3821),.PCURVE_S1.);
#3805 = LINE('',#3806,#3807);
#3806 = CARTESIAN_POINT('',(-2.1,-8.365,2.764455331317E-15));
#3807 = VECTOR('',#3808,1.);
#3808 = DIRECTION('',(1.,0.,-2.22044604925E-16));
#3809 = PCURVE('',#3810,#3815);
#3810 = PLANE('',#3811);
#3811 = AXIS2_PLACEMENT_3D('',#3812,#3813,#3814);
#3812 = CARTESIAN_POINT('',(-2.1,-10.92006769425,2.764455331317E-15));
#3813 = DIRECTION('',(0.,-2.22044604925E-16,1.));
#3814 = DIRECTION('',(1.,0.,-2.22044604925E-16));
#3815 = DEFINITIONAL_REPRESENTATION('',(#3816),#3820);
#3816 = LINE('',#3817,#3818);
#3817 = CARTESIAN_POINT('',(-1.7763568394E-15,2.55506769425));
#3818 = VECTOR('',#3819,1.);
#3819 = DIRECTION('',(1.,-2.22044604925E-16));
#3820 = ( GEOMETRIC_REPRESENTATION_CONTEXT(2) 
PARAMETRIC_REPRESENTATION_CONTEXT() REPRESENTATION_CONTEXT('2D SPACE',''
  ) );
#3821 = PCURVE('',#1792,#3822);
#3822 = DEFINITIONAL_REPRESENTATION('',(#3823),#3827);
#3823 = LINE('',#3824,#3825);
#3824 = CARTESIAN_POINT('',(4.2,0.22));
#3825 = VECTOR('',#3826,1.);
#3826 = DIRECTION('',(-1.,2.22044604925E-16));
#3827 = ( GEOMETRIC_REPRESENTATION_CONTEXT(2) 
PARAMETRIC_REPRESENTATION_CONTEXT() REPRESENTATION_CONTEXT('2D SPACE',''
  ) );
#3828 = ORIENTED_EDGE('',*,*,#3829,.T.);
#3829 = EDGE_CURVE('',#3802,#3830,#3832,.T.);
#3830 = VERTEX_POINT('',#3831);
#3831 = CARTESIAN_POINT('',(-0.55,-7.865,2.420286193683E-15));
#3832 = SURFACE_CURVE('',#3833,(#3837,#3844),.PCURVE_S1.);
#3833 = LINE('',#3834,#3835);
#3834 = CARTESIAN_POINT('',(-0.55,-8.365,2.420286193683E-15));
#3835 = VECTOR('',#3836,1.);
#3836 = DIRECTION('',(-2.22044604925E-16,1.,0.));
#3837 = PCURVE('',#3810,#3838);
#3838 = DEFINITIONAL_REPRESENTATION('',(#3839),#3843);
#3839 = LINE('',#3840,#3841);
#3840 = CARTESIAN_POINT('',(1.55,2.55506769425));
#3841 = VECTOR('',#3842,1.);
#3842 = DIRECTION('',(-2.22044604925E-16,1.));
#3843 = ( GEOMETRIC_REPRESENTATION_CONTEXT(2) 
PARAMETRIC_REPRESENTATION_CONTEXT() REPRESENTATION_CONTEXT('2D SPACE',''
  ) );
#3844 = PCURVE('',#3845,#3850);
#3845 = PLANE('',#3846);
#3846 = AXIS2_PLACEMENT_3D('',#3847,#3848,#3849);
#3847 = CARTESIAN_POINT('',(-0.55,-10.92006769425,2.420286193683E-15));
#3848 = DIRECTION('',(1.,0.,-2.22044604925E-16));
#3849 = DIRECTION('',(0.,2.22044604925E-16,-1.));
#3850 = DEFINITIONAL_REPRESENTATION('',(#3851),#3855);
#3851 = LINE('',#3852,#3853);
#3852 = CARTESIAN_POINT('',(5.673389967265E-16,2.55506769425));
#3853 = VECTOR('',#3854,1.);
#3854 = DIRECTION('',(2.22044604925E-16,1.));
#3855 = ( GEOMETRIC_REPRESENTATION_CONTEXT(2) 
PARAMETRIC_REPRESENTATION_CONTEXT() REPRESENTATION_CONTEXT('2D SPACE',''
  ) );
#3856 = ORIENTED_EDGE('',*,*,#3857,.F.);
#3857 = EDGE_CURVE('',#3858,#3830,#3860,.T.);
#3858 = VERTEX_POINT('',#3859);
#3859 = CARTESIAN_POINT('',(-2.1,-7.865,2.764455331317E-15));
#3860 = SURFACE_CURVE('',#3861,(#3865,#3872),.PCURVE_S1.);
#3861 = LINE('',#3862,#3863);
#3862 = CARTESIAN_POINT('',(-2.1,-7.865,2.764455331317E-15));
#3863 = VECTOR('',#3864,1.);
#3864 = DIRECTION('',(1.,0.,-2.22044604925E-16));
#3865 = PCURVE('',#3810,#3866);
#3866 = DEFINITIONAL_REPRESENTATION('',(#3867),#3871);
#3867 = LINE('',#3868,#3869);
#3868 = CARTESIAN_POINT('',(-1.7763568394E-15,3.05506769425));
#3869 = VECTOR('',#3870,1.);
#3870 = DIRECTION('',(1.,-2.22044604925E-16));
#3871 = ( GEOMETRIC_REPRESENTATION_CONTEXT(2) 
PARAMETRIC_REPRESENTATION_CONTEXT() REPRESENTATION_CONTEXT('2D SPACE',''
  ) );
#3872 = PCURVE('',#1846,#3873);
#3873 = DEFINITIONAL_REPRESENTATION('',(#3874),#3878);
#3874 = LINE('',#3875,#3876);
#3875 = CARTESIAN_POINT('',(4.884981308351E-17,0.22));
#3876 = VECTOR('',#3877,1.);
#3877 = DIRECTION('',(1.,2.22044604925E-16));
#3878 = ( GEOMETRIC_REPRESENTATION_CONTEXT(2) 
PARAMETRIC_REPRESENTATION_CONTEXT() REPRESENTATION_CONTEXT('2D SPACE',''
  ) );
#3879 = ORIENTED_EDGE('',*,*,#3880,.F.);
#3880 = EDGE_CURVE('',#3800,#3858,#3881,.T.);
#3881 = SURFACE_CURVE('',#3882,(#3886,#3893),.PCURVE_S1.);
#3882 = LINE('',#3883,#3884);
#3883 = CARTESIAN_POINT('',(-2.1,-8.365,2.764455331317E-15));
#3884 = VECTOR('',#3885,1.);
#3885 = DIRECTION('',(-2.22044604925E-16,1.,0.));
#3886 = PCURVE('',#3810,#3887);
#3887 = DEFINITIONAL_REPRESENTATION('',(#3888),#3892);
#3888 = LINE('',#3889,#3890);
#3889 = CARTESIAN_POINT('',(-1.7763568394E-15,2.55506769425));
#3890 = VECTOR('',#3891,1.);
#3891 = DIRECTION('',(-2.22044604925E-16,1.));
#3892 = ( GEOMETRIC_REPRESENTATION_CONTEXT(2) 
PARAMETRIC_REPRESENTATION_CONTEXT() REPRESENTATION_CONTEXT('2D SPACE',''
  ) );
#3893 = PCURVE('',#1820,#3894);
#3894 = DEFINITIONAL_REPRESENTATION('',(#3895),#3899);
#3895 = LINE('',#3896,#3897);
#3896 = CARTESIAN_POINT('',(0.,0.22));
#3897 = VECTOR('',#3898,1.);
#3898 = DIRECTION('',(1.,2.22044604925E-16));
#3899 = ( GEOMETRIC_REPRESENTATION_CONTEXT(2) 
PARAMETRIC_REPRESENTATION_CONTEXT() REPRESENTATION_CONTEXT('2D SPACE',''
  ) );
#3900 = ADVANCED_FACE('',(#3901),#3489,.F.);
#3901 = FACE_BOUND('',#3902,.F.);
#3902 = EDGE_LOOP('',(#3903,#3904,#3925,#3926));
#3903 = ORIENTED_EDGE('',*,*,#3473,.T.);
#3904 = ORIENTED_EDGE('',*,*,#3905,.T.);
#3905 = EDGE_CURVE('',#3441,#3650,#3906,.T.);
#3906 = SURFACE_CURVE('',#3907,(#3911,#3918),.PCURVE_S1.);
#3907 = LINE('',#3908,#3909);
#3908 = CARTESIAN_POINT('',(-0.55,7.865,-3.45));
#3909 = VECTOR('',#3910,1.);
#3910 = DIRECTION('',(-2.22044604925E-16,1.,0.));
#3911 = PCURVE('',#3489,#3912);
#3912 = DEFINITIONAL_REPRESENTATION('',(#3913),#3917);
#3913 = LINE('',#3914,#3915);
#3914 = CARTESIAN_POINT('',(3.45,18.78506769425));
#3915 = VECTOR('',#3916,1.);
#3916 = DIRECTION('',(2.22044604925E-16,1.));
#3917 = ( GEOMETRIC_REPRESENTATION_CONTEXT(2) 
PARAMETRIC_REPRESENTATION_CONTEXT() REPRESENTATION_CONTEXT('2D SPACE',''
  ) );
#3918 = PCURVE('',#3461,#3919);
#3919 = DEFINITIONAL_REPRESENTATION('',(#3920),#3924);
#3920 = LINE('',#3921,#3922);
#3921 = CARTESIAN_POINT('',(6.28318530718,18.78506769425));
#3922 = VECTOR('',#3923,1.);
#3923 = DIRECTION('',(0.,1.));
#3924 = ( GEOMETRIC_REPRESENTATION_CONTEXT(2) 
PARAMETRIC_REPRESENTATION_CONTEXT() REPRESENTATION_CONTEXT('2D SPACE',''
  ) );
#3925 = ORIENTED_EDGE('',*,*,#3649,.F.);
#3926 = ORIENTED_EDGE('',*,*,#3773,.F.);
#3927 = ADVANCED_FACE('',(#3928),#3845,.F.);
#3928 = FACE_BOUND('',#3929,.F.);
#3929 = EDGE_LOOP('',(#3930,#3953,#3981,#4002));
#3930 = ORIENTED_EDGE('',*,*,#3931,.T.);
#3931 = EDGE_CURVE('',#3802,#3932,#3934,.T.);
#3932 = VERTEX_POINT('',#3933);
#3933 = CARTESIAN_POINT('',(-0.55,-8.365,-3.45));
#3934 = SURFACE_CURVE('',#3935,(#3939,#3946),.PCURVE_S1.);
#3935 = LINE('',#3936,#3937);
#3936 = CARTESIAN_POINT('',(-0.55,-8.365,2.420286193683E-15));
#3937 = VECTOR('',#3938,1.);
#3938 = DIRECTION('',(0.,2.22044604925E-16,-1.));
#3939 = PCURVE('',#3845,#3940);
#3940 = DEFINITIONAL_REPRESENTATION('',(#3941),#3945);
#3941 = LINE('',#3942,#3943);
#3942 = CARTESIAN_POINT('',(5.673389967265E-16,2.55506769425));
#3943 = VECTOR('',#3944,1.);
#3944 = DIRECTION('',(1.,2.22044604925E-16));
#3945 = ( GEOMETRIC_REPRESENTATION_CONTEXT(2) 
PARAMETRIC_REPRESENTATION_CONTEXT() REPRESENTATION_CONTEXT('2D SPACE',''
  ) );
#3946 = PCURVE('',#1792,#3947);
#3947 = DEFINITIONAL_REPRESENTATION('',(#3948),#3952);
#3948 = LINE('',#3949,#3950);
#3949 = CARTESIAN_POINT('',(2.65,0.22));
#3950 = VECTOR('',#3951,1.);
#3951 = DIRECTION('',(-2.22044604925E-16,1.));
#3952 = ( GEOMETRIC_REPRESENTATION_CONTEXT(2) 
PARAMETRIC_REPRESENTATION_CONTEXT() REPRESENTATION_CONTEXT('2D SPACE',''
  ) );
#3953 = ORIENTED_EDGE('',*,*,#3954,.T.);
#3954 = EDGE_CURVE('',#3932,#3955,#3957,.T.);
#3955 = VERTEX_POINT('',#3956);
#3956 = CARTESIAN_POINT('',(-0.55,-7.865,-3.45));
#3957 = SURFACE_CURVE('',#3958,(#3962,#3969),.PCURVE_S1.);
#3958 = LINE('',#3959,#3960);
#3959 = CARTESIAN_POINT('',(-0.55,-8.365,-3.45));
#3960 = VECTOR('',#3961,1.);
#3961 = DIRECTION('',(-2.22044604925E-16,1.,0.));
#3962 = PCURVE('',#3845,#3963);
#3963 = DEFINITIONAL_REPRESENTATION('',(#3964),#3968);
#3964 = LINE('',#3965,#3966);
#3965 = CARTESIAN_POINT('',(3.45,2.55506769425));
#3966 = VECTOR('',#3967,1.);
#3967 = DIRECTION('',(2.22044604925E-16,1.));
#3968 = ( GEOMETRIC_REPRESENTATION_CONTEXT(2) 
PARAMETRIC_REPRESENTATION_CONTEXT() REPRESENTATION_CONTEXT('2D SPACE',''
  ) );
#3969 = PCURVE('',#3970,#3975);
#3970 = CYLINDRICAL_SURFACE('',#3971,0.55);
#3971 = AXIS2_PLACEMENT_3D('',#3972,#3973,#3974);
#3972 = CARTESIAN_POINT('',(0.,-10.92006769425,-3.45));
#3973 = DIRECTION('',(-2.22044604925E-16,1.,0.));
#3974 = DIRECTION('',(-1.,0.,2.22044604925E-16));
#3975 = DEFINITIONAL_REPRESENTATION('',(#3976),#3980);
#3976 = LINE('',#3977,#3978);
#3977 = CARTESIAN_POINT('',(6.28318530718,2.55506769425));
#3978 = VECTOR('',#3979,1.);
#3979 = DIRECTION('',(0.,1.));
#3980 = ( GEOMETRIC_REPRESENTATION_CONTEXT(2) 
PARAMETRIC_REPRESENTATION_CONTEXT() REPRESENTATION_CONTEXT('2D SPACE',''
  ) );
#3981 = ORIENTED_EDGE('',*,*,#3982,.F.);
#3982 = EDGE_CURVE('',#3830,#3955,#3983,.T.);
#3983 = SURFACE_CURVE('',#3984,(#3988,#3995),.PCURVE_S1.);
#3984 = LINE('',#3985,#3986);
#3985 = CARTESIAN_POINT('',(-0.55,-7.865,2.420286193683E-15));
#3986 = VECTOR('',#3987,1.);
#3987 = DIRECTION('',(0.,2.22044604925E-16,-1.));
#3988 = PCURVE('',#3845,#3989);
#3989 = DEFINITIONAL_REPRESENTATION('',(#3990),#3994);
#3990 = LINE('',#3991,#3992);
#3991 = CARTESIAN_POINT('',(6.78361299189E-16,3.05506769425));
#3992 = VECTOR('',#3993,1.);
#3993 = DIRECTION('',(1.,2.22044604925E-16));
#3994 = ( GEOMETRIC_REPRESENTATION_CONTEXT(2) 
PARAMETRIC_REPRESENTATION_CONTEXT() REPRESENTATION_CONTEXT('2D SPACE',''
  ) );
#3995 = PCURVE('',#1846,#3996);
#3996 = DEFINITIONAL_REPRESENTATION('',(#3997),#4001);
#3997 = LINE('',#3998,#3999);
#3998 = CARTESIAN_POINT('',(1.55,0.22));
#3999 = VECTOR('',#4000,1.);
#4000 = DIRECTION('',(2.22044604925E-16,1.));
#4001 = ( GEOMETRIC_REPRESENTATION_CONTEXT(2) 
PARAMETRIC_REPRESENTATION_CONTEXT() REPRESENTATION_CONTEXT('2D SPACE',''
  ) );
#4002 = ORIENTED_EDGE('',*,*,#3829,.F.);
#4003 = ADVANCED_FACE('',(#4004),#3461,.T.);
#4004 = FACE_BOUND('',#4005,.T.);
#4005 = EDGE_LOOP('',(#4006,#4007,#4008,#4029));
#4006 = ORIENTED_EDGE('',*,*,#3905,.T.);
#4007 = ORIENTED_EDGE('',*,*,#3672,.F.);
#4008 = ORIENTED_EDGE('',*,*,#4009,.F.);
#4009 = EDGE_CURVE('',#3413,#3673,#4010,.T.);
#4010 = SURFACE_CURVE('',#4011,(#4015,#4022),.PCURVE_S1.);
#4011 = LINE('',#4012,#4013);
#4012 = CARTESIAN_POINT('',(0.55,7.865,-3.45));
#4013 = VECTOR('',#4014,1.);
#4014 = DIRECTION('',(-2.22044604925E-16,1.,0.));
#4015 = PCURVE('',#3461,#4016);
#4016 = DEFINITIONAL_REPRESENTATION('',(#4017),#4021);
#4017 = LINE('',#4018,#4019);
#4018 = CARTESIAN_POINT('',(3.14159265359,18.78506769425));
#4019 = VECTOR('',#4020,1.);
#4020 = DIRECTION('',(0.,1.));
#4021 = ( GEOMETRIC_REPRESENTATION_CONTEXT(2) 
PARAMETRIC_REPRESENTATION_CONTEXT() REPRESENTATION_CONTEXT('2D SPACE',''
  ) );
#4022 = PCURVE('',#3428,#4023);
#4023 = DEFINITIONAL_REPRESENTATION('',(#4024),#4028);
#4024 = LINE('',#4025,#4026);
#4025 = CARTESIAN_POINT('',(-4.17112293466E-15,18.78506769425));
#4026 = VECTOR('',#4027,1.);
#4027 = DIRECTION('',(-2.22044604925E-16,1.));
#4028 = ( GEOMETRIC_REPRESENTATION_CONTEXT(2) 
PARAMETRIC_REPRESENTATION_CONTEXT() REPRESENTATION_CONTEXT('2D SPACE',''
  ) );
#4029 = ORIENTED_EDGE('',*,*,#3440,.T.);
#4030 = ADVANCED_FACE('',(#4031),#3970,.T.);
#4031 = FACE_BOUND('',#4032,.T.);
#4032 = EDGE_LOOP('',(#4033,#4034,#4058,#4086));
#4033 = ORIENTED_EDGE('',*,*,#3954,.T.);
#4034 = ORIENTED_EDGE('',*,*,#4035,.F.);
#4035 = EDGE_CURVE('',#4036,#3955,#4038,.T.);
#4036 = VERTEX_POINT('',#4037);
#4037 = CARTESIAN_POINT('',(0.55,-7.865,-3.45));
#4038 = SURFACE_CURVE('',#4039,(#4044,#4051),.PCURVE_S1.);
#4039 = CIRCLE('',#4040,0.55);
#4040 = AXIS2_PLACEMENT_3D('',#4041,#4042,#4043);
#4041 = CARTESIAN_POINT('',(0.,-7.865,-3.45));
#4042 = DIRECTION('',(4.930380657631E-32,1.,2.22044604925E-16));
#4043 = DIRECTION('',(1.,0.,-2.22044604925E-16));
#4044 = PCURVE('',#3970,#4045);
#4045 = DEFINITIONAL_REPRESENTATION('',(#4046),#4050);
#4046 = LINE('',#4047,#4048);
#4047 = CARTESIAN_POINT('',(3.14159265359,3.05506769425));
#4048 = VECTOR('',#4049,1.);
#4049 = DIRECTION('',(1.,0.));
#4050 = ( GEOMETRIC_REPRESENTATION_CONTEXT(2) 
PARAMETRIC_REPRESENTATION_CONTEXT() REPRESENTATION_CONTEXT('2D SPACE',''
  ) );
#4051 = PCURVE('',#1846,#4052);
#4052 = DEFINITIONAL_REPRESENTATION('',(#4053),#4057);
#4053 = CIRCLE('',#4054,0.55);
#4054 = AXIS2_PLACEMENT_2D('',#4055,#4056);
#4055 = CARTESIAN_POINT('',(2.1,3.67));
#4056 = DIRECTION('',(1.,2.22044604925E-16));
#4057 = ( GEOMETRIC_REPRESENTATION_CONTEXT(2) 
PARAMETRIC_REPRESENTATION_CONTEXT() REPRESENTATION_CONTEXT('2D SPACE',''
  ) );
#4058 = ORIENTED_EDGE('',*,*,#4059,.F.);
#4059 = EDGE_CURVE('',#4060,#4036,#4062,.T.);
#4060 = VERTEX_POINT('',#4061);
#4061 = CARTESIAN_POINT('',(0.55,-8.365,-3.45));
#4062 = SURFACE_CURVE('',#4063,(#4067,#4074),.PCURVE_S1.);
#4063 = LINE('',#4064,#4065);
#4064 = CARTESIAN_POINT('',(0.55,-8.365,-3.45));
#4065 = VECTOR('',#4066,1.);
#4066 = DIRECTION('',(-2.22044604925E-16,1.,0.));
#4067 = PCURVE('',#3970,#4068);
#4068 = DEFINITIONAL_REPRESENTATION('',(#4069),#4073);
#4069 = LINE('',#4070,#4071);
#4070 = CARTESIAN_POINT('',(3.14159265359,2.55506769425));
#4071 = VECTOR('',#4072,1.);
#4072 = DIRECTION('',(0.,1.));
#4073 = ( GEOMETRIC_REPRESENTATION_CONTEXT(2) 
PARAMETRIC_REPRESENTATION_CONTEXT() REPRESENTATION_CONTEXT('2D SPACE',''
  ) );
#4074 = PCURVE('',#4075,#4080);
#4075 = PLANE('',#4076);
#4076 = AXIS2_PLACEMENT_3D('',#4077,#4078,#4079);
#4077 = CARTESIAN_POINT('',(0.55,-10.92006769425,-3.45));
#4078 = DIRECTION('',(-1.,0.,2.22044604925E-16));
#4079 = DIRECTION('',(0.,-2.22044604925E-16,1.));
#4080 = DEFINITIONAL_REPRESENTATION('',(#4081),#4085);
#4081 = LINE('',#4082,#4083);
#4082 = CARTESIAN_POINT('',(-5.673389967265E-16,2.55506769425));
#4083 = VECTOR('',#4084,1.);
#4084 = DIRECTION('',(-2.22044604925E-16,1.));
#4085 = ( GEOMETRIC_REPRESENTATION_CONTEXT(2) 
PARAMETRIC_REPRESENTATION_CONTEXT() REPRESENTATION_CONTEXT('2D SPACE',''
  ) );
#4086 = ORIENTED_EDGE('',*,*,#4087,.T.);
#4087 = EDGE_CURVE('',#4060,#3932,#4088,.T.);
#4088 = SURFACE_CURVE('',#4089,(#4094,#4101),.PCURVE_S1.);
#4089 = CIRCLE('',#4090,0.55);
#4090 = AXIS2_PLACEMENT_3D('',#4091,#4092,#4093);
#4091 = CARTESIAN_POINT('',(0.,-8.365,-3.45));
#4092 = DIRECTION('',(4.930380657631E-32,1.,2.22044604925E-16));
#4093 = DIRECTION('',(1.,0.,-2.22044604925E-16));
#4094 = PCURVE('',#3970,#4095);
#4095 = DEFINITIONAL_REPRESENTATION('',(#4096),#4100);
#4096 = LINE('',#4097,#4098);
#4097 = CARTESIAN_POINT('',(3.14159265359,2.55506769425));
#4098 = VECTOR('',#4099,1.);
#4099 = DIRECTION('',(1.,0.));
#4100 = ( GEOMETRIC_REPRESENTATION_CONTEXT(2) 
PARAMETRIC_REPRESENTATION_CONTEXT() REPRESENTATION_CONTEXT('2D SPACE',''
  ) );
#4101 = PCURVE('',#1792,#4102);
#4102 = DEFINITIONAL_REPRESENTATION('',(#4103),#4111);
#4103 = ( BOUNDED_CURVE() B_SPLINE_CURVE(2,(#4104,#4105,#4106,#4107,
#4108,#4109,#4110),.UNSPECIFIED.,.T.,.F.) B_SPLINE_CURVE_WITH_KNOTS((1,2
    ,2,2,2,1),(-2.094395102393,0.,2.094395102393,4.188790204786,
6.28318530718,8.377580409573),.UNSPECIFIED.) CURVE() 
GEOMETRIC_REPRESENTATION_ITEM() RATIONAL_B_SPLINE_CURVE((1.,0.5,1.,0.5,
1.,0.5,1.)) REPRESENTATION_ITEM('') );
#4104 = CARTESIAN_POINT('',(1.55,3.67));
#4105 = CARTESIAN_POINT('',(1.55,4.622627944163));
#4106 = CARTESIAN_POINT('',(2.375,4.146313972081));
#4107 = CARTESIAN_POINT('',(3.2,3.67));
#4108 = CARTESIAN_POINT('',(2.375,3.193686027919));
#4109 = CARTESIAN_POINT('',(1.55,2.717372055837));
#4110 = CARTESIAN_POINT('',(1.55,3.67));
#4111 = ( GEOMETRIC_REPRESENTATION_CONTEXT(2) 
PARAMETRIC_REPRESENTATION_CONTEXT() REPRESENTATION_CONTEXT('2D SPACE',''
  ) );
#4112 = ADVANCED_FACE('',(#4113),#3428,.F.);
#4113 = FACE_BOUND('',#4114,.F.);
#4114 = EDGE_LOOP('',(#4115,#4116,#4137,#4138));
#4115 = ORIENTED_EDGE('',*,*,#3412,.T.);
#4116 = ORIENTED_EDGE('',*,*,#4117,.T.);
#4117 = EDGE_CURVE('',#3385,#3697,#4118,.T.);
#4118 = SURFACE_CURVE('',#4119,(#4123,#4130),.PCURVE_S1.);
#4119 = LINE('',#4120,#4121);
#4120 = CARTESIAN_POINT('',(0.55,7.865,2.176037128265E-15));
#4121 = VECTOR('',#4122,1.);
#4122 = DIRECTION('',(-2.22044604925E-16,1.,0.));
#4123 = PCURVE('',#3428,#4124);
#4124 = DEFINITIONAL_REPRESENTATION('',(#4125),#4129);
#4125 = LINE('',#4126,#4127);
#4126 = CARTESIAN_POINT('',(3.45,18.78506769425));
#4127 = VECTOR('',#4128,1.);
#4128 = DIRECTION('',(-2.22044604925E-16,1.));
#4129 = ( GEOMETRIC_REPRESENTATION_CONTEXT(2) 
PARAMETRIC_REPRESENTATION_CONTEXT() REPRESENTATION_CONTEXT('2D SPACE',''
  ) );
#4130 = PCURVE('',#3400,#4131);
#4131 = DEFINITIONAL_REPRESENTATION('',(#4132),#4136);
#4132 = LINE('',#4133,#4134);
#4133 = CARTESIAN_POINT('',(-3.552713678801E-15,18.78506769425));
#4134 = VECTOR('',#4135,1.);
#4135 = DIRECTION('',(-2.22044604925E-16,1.));
#4136 = ( GEOMETRIC_REPRESENTATION_CONTEXT(2) 
PARAMETRIC_REPRESENTATION_CONTEXT() REPRESENTATION_CONTEXT('2D SPACE',''
  ) );
#4137 = ORIENTED_EDGE('',*,*,#3696,.F.);
#4138 = ORIENTED_EDGE('',*,*,#4009,.F.);
#4139 = ADVANCED_FACE('',(#4140),#4075,.F.);
#4140 = FACE_BOUND('',#4141,.F.);
#4141 = EDGE_LOOP('',(#4142,#4165,#4193,#4214));
#4142 = ORIENTED_EDGE('',*,*,#4143,.T.);
#4143 = EDGE_CURVE('',#4060,#4144,#4146,.T.);
#4144 = VERTEX_POINT('',#4145);
#4145 = CARTESIAN_POINT('',(0.55,-8.365,2.176037128265E-15));
#4146 = SURFACE_CURVE('',#4147,(#4151,#4158),.PCURVE_S1.);
#4147 = LINE('',#4148,#4149);
#4148 = CARTESIAN_POINT('',(0.55,-8.365,-3.45));
#4149 = VECTOR('',#4150,1.);
#4150 = DIRECTION('',(0.,-2.22044604925E-16,1.));
#4151 = PCURVE('',#4075,#4152);
#4152 = DEFINITIONAL_REPRESENTATION('',(#4153),#4157);
#4153 = LINE('',#4154,#4155);
#4154 = CARTESIAN_POINT('',(-5.673389967265E-16,2.55506769425));
#4155 = VECTOR('',#4156,1.);
#4156 = DIRECTION('',(1.,-2.22044604925E-16));
#4157 = ( GEOMETRIC_REPRESENTATION_CONTEXT(2) 
PARAMETRIC_REPRESENTATION_CONTEXT() REPRESENTATION_CONTEXT('2D SPACE',''
  ) );
#4158 = PCURVE('',#1792,#4159);
#4159 = DEFINITIONAL_REPRESENTATION('',(#4160),#4164);
#4160 = LINE('',#4161,#4162);
#4161 = CARTESIAN_POINT('',(1.55,3.67));
#4162 = VECTOR('',#4163,1.);
#4163 = DIRECTION('',(2.22044604925E-16,-1.));
#4164 = ( GEOMETRIC_REPRESENTATION_CONTEXT(2) 
PARAMETRIC_REPRESENTATION_CONTEXT() REPRESENTATION_CONTEXT('2D SPACE',''
  ) );
#4165 = ORIENTED_EDGE('',*,*,#4166,.T.);
#4166 = EDGE_CURVE('',#4144,#4167,#4169,.T.);
#4167 = VERTEX_POINT('',#4168);
#4168 = CARTESIAN_POINT('',(0.55,-7.865,2.176037128265E-15));
#4169 = SURFACE_CURVE('',#4170,(#4174,#4181),.PCURVE_S1.);
#4170 = LINE('',#4171,#4172);
#4171 = CARTESIAN_POINT('',(0.55,-8.365,2.176037128265E-15));
#4172 = VECTOR('',#4173,1.);
#4173 = DIRECTION('',(-2.22044604925E-16,1.,0.));
#4174 = PCURVE('',#4075,#4175);
#4175 = DEFINITIONAL_REPRESENTATION('',(#4176),#4180);
#4176 = LINE('',#4177,#4178);
#4177 = CARTESIAN_POINT('',(3.45,2.55506769425));
#4178 = VECTOR('',#4179,1.);
#4179 = DIRECTION('',(-2.22044604925E-16,1.));
#4180 = ( GEOMETRIC_REPRESENTATION_CONTEXT(2) 
PARAMETRIC_REPRESENTATION_CONTEXT() REPRESENTATION_CONTEXT('2D SPACE',''
  ) );
#4181 = PCURVE('',#4182,#4187);
#4182 = PLANE('',#4183);
#4183 = AXIS2_PLACEMENT_3D('',#4184,#4185,#4186);
#4184 = CARTESIAN_POINT('',(0.55,-10.92006769425,2.176037128265E-15));
#4185 = DIRECTION('',(0.,-2.22044604925E-16,1.));
#4186 = DIRECTION('',(1.,0.,-2.22044604925E-16));
#4187 = DEFINITIONAL_REPRESENTATION('',(#4188),#4192);
#4188 = LINE('',#4189,#4190);
#4189 = CARTESIAN_POINT('',(-1.259745633867E-31,2.55506769425));
#4190 = VECTOR('',#4191,1.);
#4191 = DIRECTION('',(-2.22044604925E-16,1.));
#4192 = ( GEOMETRIC_REPRESENTATION_CONTEXT(2) 
PARAMETRIC_REPRESENTATION_CONTEXT() REPRESENTATION_CONTEXT('2D SPACE',''
  ) );
#4193 = ORIENTED_EDGE('',*,*,#4194,.F.);
#4194 = EDGE_CURVE('',#4036,#4167,#4195,.T.);
#4195 = SURFACE_CURVE('',#4196,(#4200,#4207),.PCURVE_S1.);
#4196 = LINE('',#4197,#4198);
#4197 = CARTESIAN_POINT('',(0.55,-7.865,-3.45));
#4198 = VECTOR('',#4199,1.);
#4199 = DIRECTION('',(0.,-2.22044604925E-16,1.));
#4200 = PCURVE('',#4075,#4201);
#4201 = DEFINITIONAL_REPRESENTATION('',(#4202),#4206);
#4202 = LINE('',#4203,#4204);
#4203 = CARTESIAN_POINT('',(-6.78361299189E-16,3.05506769425));
#4204 = VECTOR('',#4205,1.);
#4205 = DIRECTION('',(1.,-2.22044604925E-16));
#4206 = ( GEOMETRIC_REPRESENTATION_CONTEXT(2) 
PARAMETRIC_REPRESENTATION_CONTEXT() REPRESENTATION_CONTEXT('2D SPACE',''
  ) );
#4207 = PCURVE('',#1846,#4208);
#4208 = DEFINITIONAL_REPRESENTATION('',(#4209),#4213);
#4209 = LINE('',#4210,#4211);
#4210 = CARTESIAN_POINT('',(2.65,3.67));
#4211 = VECTOR('',#4212,1.);
#4212 = DIRECTION('',(-2.22044604925E-16,-1.));
#4213 = ( GEOMETRIC_REPRESENTATION_CONTEXT(2) 
PARAMETRIC_REPRESENTATION_CONTEXT() REPRESENTATION_CONTEXT('2D SPACE',''
  ) );
#4214 = ORIENTED_EDGE('',*,*,#4059,.F.);
#4215 = ADVANCED_FACE('',(#4216),#3400,.F.);
#4216 = FACE_BOUND('',#4217,.F.);
#4217 = EDGE_LOOP('',(#4218,#4219,#4220,#4221));
#4218 = ORIENTED_EDGE('',*,*,#3384,.F.);
#4219 = ORIENTED_EDGE('',*,*,#3579,.F.);
#4220 = ORIENTED_EDGE('',*,*,#3719,.T.);
#4221 = ORIENTED_EDGE('',*,*,#4117,.F.);
#4222 = ADVANCED_FACE('',(#4223),#4182,.F.);
#4223 = FACE_BOUND('',#4224,.F.);
#4224 = EDGE_LOOP('',(#4225,#4250,#4271,#4272));
#4225 = ORIENTED_EDGE('',*,*,#4226,.F.);
#4226 = EDGE_CURVE('',#4227,#4229,#4231,.T.);
#4227 = VERTEX_POINT('',#4228);
#4228 = CARTESIAN_POINT('',(2.1,-7.865,1.831867990632E-15));
#4229 = VERTEX_POINT('',#4230);
#4230 = CARTESIAN_POINT('',(2.1,-8.365,1.831867990632E-15));
#4231 = SURFACE_CURVE('',#4232,(#4236,#4243),.PCURVE_S1.);
#4232 = LINE('',#4233,#4234);
#4233 = CARTESIAN_POINT('',(2.1,-7.865,1.831867990632E-15));
#4234 = VECTOR('',#4235,1.);
#4235 = DIRECTION('',(2.22044604925E-16,-1.,0.));
#4236 = PCURVE('',#4182,#4237);
#4237 = DEFINITIONAL_REPRESENTATION('',(#4238),#4242);
#4238 = LINE('',#4239,#4240);
#4239 = CARTESIAN_POINT('',(1.55,3.05506769425));
#4240 = VECTOR('',#4241,1.);
#4241 = DIRECTION('',(2.22044604925E-16,-1.));
#4242 = ( GEOMETRIC_REPRESENTATION_CONTEXT(2) 
PARAMETRIC_REPRESENTATION_CONTEXT() REPRESENTATION_CONTEXT('2D SPACE',''
  ) );
#4243 = PCURVE('',#1764,#4244);
#4244 = DEFINITIONAL_REPRESENTATION('',(#4245),#4249);
#4245 = LINE('',#4246,#4247);
#4246 = CARTESIAN_POINT('',(0.,0.22));
#4247 = VECTOR('',#4248,1.);
#4248 = DIRECTION('',(1.,-2.22044604925E-16));
#4249 = ( GEOMETRIC_REPRESENTATION_CONTEXT(2) 
PARAMETRIC_REPRESENTATION_CONTEXT() REPRESENTATION_CONTEXT('2D SPACE',''
  ) );
#4250 = ORIENTED_EDGE('',*,*,#4251,.T.);
#4251 = EDGE_CURVE('',#4227,#4167,#4252,.T.);
#4252 = SURFACE_CURVE('',#4253,(#4257,#4264),.PCURVE_S1.);
#4253 = LINE('',#4254,#4255);
#4254 = CARTESIAN_POINT('',(2.1,-7.865,1.831867990632E-15));
#4255 = VECTOR('',#4256,1.);
#4256 = DIRECTION('',(-1.,0.,2.22044604925E-16));
#4257 = PCURVE('',#4182,#4258);
#4258 = DEFINITIONAL_REPRESENTATION('',(#4259),#4263);
#4259 = LINE('',#4260,#4261);
#4260 = CARTESIAN_POINT('',(1.55,3.05506769425));
#4261 = VECTOR('',#4262,1.);
#4262 = DIRECTION('',(-1.,2.22044604925E-16));
#4263 = ( GEOMETRIC_REPRESENTATION_CONTEXT(2) 
PARAMETRIC_REPRESENTATION_CONTEXT() REPRESENTATION_CONTEXT('2D SPACE',''
  ) );
#4264 = PCURVE('',#1846,#4265);
#4265 = DEFINITIONAL_REPRESENTATION('',(#4266),#4270);
#4266 = LINE('',#4267,#4268);
#4267 = CARTESIAN_POINT('',(4.2,0.22));
#4268 = VECTOR('',#4269,1.);
#4269 = DIRECTION('',(-1.,-2.22044604925E-16));
#4270 = ( GEOMETRIC_REPRESENTATION_CONTEXT(2) 
PARAMETRIC_REPRESENTATION_CONTEXT() REPRESENTATION_CONTEXT('2D SPACE',''
  ) );
#4271 = ORIENTED_EDGE('',*,*,#4166,.F.);
#4272 = ORIENTED_EDGE('',*,*,#4273,.F.);
#4273 = EDGE_CURVE('',#4229,#4144,#4274,.T.);
#4274 = SURFACE_CURVE('',#4275,(#4279,#4286),.PCURVE_S1.);
#4275 = LINE('',#4276,#4277);
#4276 = CARTESIAN_POINT('',(2.1,-8.365,1.831867990632E-15));
#4277 = VECTOR('',#4278,1.);
#4278 = DIRECTION('',(-1.,0.,2.22044604925E-16));
#4279 = PCURVE('',#4182,#4280);
#4280 = DEFINITIONAL_REPRESENTATION('',(#4281),#4285);
#4281 = LINE('',#4282,#4283);
#4282 = CARTESIAN_POINT('',(1.55,2.55506769425));
#4283 = VECTOR('',#4284,1.);
#4284 = DIRECTION('',(-1.,2.22044604925E-16));
#4285 = ( GEOMETRIC_REPRESENTATION_CONTEXT(2) 
PARAMETRIC_REPRESENTATION_CONTEXT() REPRESENTATION_CONTEXT('2D SPACE',''
  ) );
#4286 = PCURVE('',#1792,#4287);
#4287 = DEFINITIONAL_REPRESENTATION('',(#4288),#4292);
#4288 = LINE('',#4289,#4290);
#4289 = CARTESIAN_POINT('',(-4.884981308351E-17,0.22));
#4290 = VECTOR('',#4291,1.);
#4291 = DIRECTION('',(1.,-2.22044604925E-16));
#4292 = ( GEOMETRIC_REPRESENTATION_CONTEXT(2) 
PARAMETRIC_REPRESENTATION_CONTEXT() REPRESENTATION_CONTEXT('2D SPACE',''
  ) );
#4293 = ADVANCED_FACE('',(#4294),#1764,.T.);
#4294 = FACE_BOUND('',#4295,.F.);
#4295 = EDGE_LOOP('',(#4296,#4317,#4318,#4339));
#4296 = ORIENTED_EDGE('',*,*,#4297,.T.);
#4297 = EDGE_CURVE('',#1747,#4227,#4298,.T.);
#4298 = SURFACE_CURVE('',#4299,(#4303,#4310),.PCURVE_S1.);
#4299 = LINE('',#4300,#4301);
#4300 = CARTESIAN_POINT('',(2.1,-7.865,0.22));
#4301 = VECTOR('',#4302,1.);
#4302 = DIRECTION('',(0.,2.22044604925E-16,-1.));
#4303 = PCURVE('',#1764,#4304);
#4304 = DEFINITIONAL_REPRESENTATION('',(#4305),#4309);
#4305 = LINE('',#4306,#4307);
#4306 = CARTESIAN_POINT('',(0.,0.));
#4307 = VECTOR('',#4308,1.);
#4308 = DIRECTION('',(-2.22044604925E-16,1.));
#4309 = ( GEOMETRIC_REPRESENTATION_CONTEXT(2) 
PARAMETRIC_REPRESENTATION_CONTEXT() REPRESENTATION_CONTEXT('2D SPACE',''
  ) );
#4310 = PCURVE('',#1846,#4311);
#4311 = DEFINITIONAL_REPRESENTATION('',(#4312),#4316);
#4312 = LINE('',#4313,#4314);
#4313 = CARTESIAN_POINT('',(4.2,9.436895709314E-16));
#4314 = VECTOR('',#4315,1.);
#4315 = DIRECTION('',(2.22044604925E-16,1.));
#4316 = ( GEOMETRIC_REPRESENTATION_CONTEXT(2) 
PARAMETRIC_REPRESENTATION_CONTEXT() REPRESENTATION_CONTEXT('2D SPACE',''
  ) );
#4317 = ORIENTED_EDGE('',*,*,#4226,.T.);
#4318 = ORIENTED_EDGE('',*,*,#4319,.F.);
#4319 = EDGE_CURVE('',#1749,#4229,#4320,.T.);
#4320 = SURFACE_CURVE('',#4321,(#4325,#4332),.PCURVE_S1.);
#4321 = LINE('',#4322,#4323);
#4322 = CARTESIAN_POINT('',(2.1,-8.365,0.22));
#4323 = VECTOR('',#4324,1.);
#4324 = DIRECTION('',(0.,2.22044604925E-16,-1.));
#4325 = PCURVE('',#1764,#4326);
#4326 = DEFINITIONAL_REPRESENTATION('',(#4327),#4331);
#4327 = LINE('',#4328,#4329);
#4328 = CARTESIAN_POINT('',(0.5,-1.110223024625E-16));
#4329 = VECTOR('',#4330,1.);
#4330 = DIRECTION('',(-2.22044604925E-16,1.));
#4331 = ( GEOMETRIC_REPRESENTATION_CONTEXT(2) 
PARAMETRIC_REPRESENTATION_CONTEXT() REPRESENTATION_CONTEXT('2D SPACE',''
  ) );
#4332 = PCURVE('',#1792,#4333);
#4333 = DEFINITIONAL_REPRESENTATION('',(#4334),#4338);
#4334 = LINE('',#4335,#4336);
#4335 = CARTESIAN_POINT('',(0.,0.));
#4336 = VECTOR('',#4337,1.);
#4337 = DIRECTION('',(-2.22044604925E-16,1.));
#4338 = ( GEOMETRIC_REPRESENTATION_CONTEXT(2) 
PARAMETRIC_REPRESENTATION_CONTEXT() REPRESENTATION_CONTEXT('2D SPACE',''
  ) );
#4339 = ORIENTED_EDGE('',*,*,#1746,.F.);
#4340 = ADVANCED_FACE('',(#4341),#1846,.T.);
#4341 = FACE_BOUND('',#4342,.F.);
#4342 = EDGE_LOOP('',(#4343,#4344,#4345,#4366,#4367,#4368,#4369,#4370));
#4343 = ORIENTED_EDGE('',*,*,#4297,.F.);
#4344 = ORIENTED_EDGE('',*,*,#1832,.F.);
#4345 = ORIENTED_EDGE('',*,*,#4346,.T.);
#4346 = EDGE_CURVE('',#1805,#3858,#4347,.T.);
#4347 = SURFACE_CURVE('',#4348,(#4352,#4359),.PCURVE_S1.);
#4348 = LINE('',#4349,#4350);
#4349 = CARTESIAN_POINT('',(-2.1,-7.865,0.22));
#4350 = VECTOR('',#4351,1.);
#4351 = DIRECTION('',(0.,2.22044604925E-16,-1.));
#4352 = PCURVE('',#1846,#4353);
#4353 = DEFINITIONAL_REPRESENTATION('',(#4354),#4358);
#4354 = LINE('',#4355,#4356);
#4355 = CARTESIAN_POINT('',(0.,0.));
#4356 = VECTOR('',#4357,1.);
#4357 = DIRECTION('',(2.22044604925E-16,1.));
#4358 = ( GEOMETRIC_REPRESENTATION_CONTEXT(2) 
PARAMETRIC_REPRESENTATION_CONTEXT() REPRESENTATION_CONTEXT('2D SPACE',''
  ) );
#4359 = PCURVE('',#1820,#4360);
#4360 = DEFINITIONAL_REPRESENTATION('',(#4361),#4365);
#4361 = LINE('',#4362,#4363);
#4362 = CARTESIAN_POINT('',(0.5,1.110223024625E-16));
#4363 = VECTOR('',#4364,1.);
#4364 = DIRECTION('',(2.22044604925E-16,1.));
#4365 = ( GEOMETRIC_REPRESENTATION_CONTEXT(2) 
PARAMETRIC_REPRESENTATION_CONTEXT() REPRESENTATION_CONTEXT('2D SPACE',''
  ) );
#4366 = ORIENTED_EDGE('',*,*,#3857,.T.);
#4367 = ORIENTED_EDGE('',*,*,#3982,.T.);
#4368 = ORIENTED_EDGE('',*,*,#4035,.F.);
#4369 = ORIENTED_EDGE('',*,*,#4194,.T.);
#4370 = ORIENTED_EDGE('',*,*,#4251,.F.);
#4371 = ADVANCED_FACE('',(#4372),#1820,.T.);
#4372 = FACE_BOUND('',#4373,.F.);
#4373 = EDGE_LOOP('',(#4374,#4395,#4396,#4397));
#4374 = ORIENTED_EDGE('',*,*,#4375,.T.);
#4375 = EDGE_CURVE('',#1777,#3800,#4376,.T.);
#4376 = SURFACE_CURVE('',#4377,(#4381,#4388),.PCURVE_S1.);
#4377 = LINE('',#4378,#4379);
#4378 = CARTESIAN_POINT('',(-2.1,-8.365,0.22));
#4379 = VECTOR('',#4380,1.);
#4380 = DIRECTION('',(0.,2.22044604925E-16,-1.));
#4381 = PCURVE('',#1820,#4382);
#4382 = DEFINITIONAL_REPRESENTATION('',(#4383),#4387);
#4383 = LINE('',#4384,#4385);
#4384 = CARTESIAN_POINT('',(0.,0.));
#4385 = VECTOR('',#4386,1.);
#4386 = DIRECTION('',(2.22044604925E-16,1.));
#4387 = ( GEOMETRIC_REPRESENTATION_CONTEXT(2) 
PARAMETRIC_REPRESENTATION_CONTEXT() REPRESENTATION_CONTEXT('2D SPACE',''
  ) );
#4388 = PCURVE('',#1792,#4389);
#4389 = DEFINITIONAL_REPRESENTATION('',(#4390),#4394);
#4390 = LINE('',#4391,#4392);
#4391 = CARTESIAN_POINT('',(4.2,-9.436895709314E-16));
#4392 = VECTOR('',#4393,1.);
#4393 = DIRECTION('',(-2.22044604925E-16,1.));
#4394 = ( GEOMETRIC_REPRESENTATION_CONTEXT(2) 
PARAMETRIC_REPRESENTATION_CONTEXT() REPRESENTATION_CONTEXT('2D SPACE',''
  ) );
#4395 = ORIENTED_EDGE('',*,*,#3880,.T.);
#4396 = ORIENTED_EDGE('',*,*,#4346,.F.);
#4397 = ORIENTED_EDGE('',*,*,#1804,.F.);
#4398 = ADVANCED_FACE('',(#4399),#1792,.T.);
#4399 = FACE_BOUND('',#4400,.F.);
#4400 = EDGE_LOOP('',(#4401,#4402,#4403,#4404,#4405,#4406,#4407,#4408));
#4401 = ORIENTED_EDGE('',*,*,#4319,.T.);
#4402 = ORIENTED_EDGE('',*,*,#4273,.T.);
#4403 = ORIENTED_EDGE('',*,*,#4143,.F.);
#4404 = ORIENTED_EDGE('',*,*,#4087,.T.);
#4405 = ORIENTED_EDGE('',*,*,#3931,.F.);
#4406 = ORIENTED_EDGE('',*,*,#3799,.F.);
#4407 = ORIENTED_EDGE('',*,*,#4375,.F.);
#4408 = ORIENTED_EDGE('',*,*,#1776,.F.);
#4409 = ADVANCED_FACE('',(#4410),#1536,.T.);
#4410 = FACE_BOUND('',#4411,.F.);
#4411 = EDGE_LOOP('',(#4412,#4435,#4463,#4491,#4524,#4552,#4580,#4601));
#4412 = ORIENTED_EDGE('',*,*,#4413,.T.);
#4413 = EDGE_CURVE('',#1519,#4414,#4416,.T.);
#4414 = VERTEX_POINT('',#4415);
#4415 = CARTESIAN_POINT('',(-4.25,7.865,3.241851231905E-15));
#4416 = SURFACE_CURVE('',#4417,(#4421,#4428),.PCURVE_S1.);
#4417 = LINE('',#4418,#4419);
#4418 = CARTESIAN_POINT('',(-4.25,7.865,0.22));
#4419 = VECTOR('',#4420,1.);
#4420 = DIRECTION('',(-1.614869854E-14,2.22044604925E-16,-1.));
#4421 = PCURVE('',#1536,#4422);
#4422 = DEFINITIONAL_REPRESENTATION('',(#4423),#4427);
#4423 = LINE('',#4424,#4425);
#4424 = CARTESIAN_POINT('',(0.,0.));
#4425 = VECTOR('',#4426,1.);
#4426 = DIRECTION('',(1.592665393507E-14,1.));
#4427 = ( GEOMETRIC_REPRESENTATION_CONTEXT(2) 
PARAMETRIC_REPRESENTATION_CONTEXT() REPRESENTATION_CONTEXT('2D SPACE',''
  ) );
#4428 = PCURVE('',#1618,#4429);
#4429 = DEFINITIONAL_REPRESENTATION('',(#4430),#4434);
#4430 = LINE('',#4431,#4432);
#4431 = CARTESIAN_POINT('',(0.5,-1.110223024625E-16));
#4432 = VECTOR('',#4433,1.);
#4433 = DIRECTION('',(-2.22044604925E-16,1.));
#4434 = ( GEOMETRIC_REPRESENTATION_CONTEXT(2) 
PARAMETRIC_REPRESENTATION_CONTEXT() REPRESENTATION_CONTEXT('2D SPACE',''
  ) );
#4435 = ORIENTED_EDGE('',*,*,#4436,.T.);
#4436 = EDGE_CURVE('',#4414,#4437,#4439,.T.);
#4437 = VERTEX_POINT('',#4438);
#4438 = CARTESIAN_POINT('',(-5.8,7.865,3.586020369539E-15));
#4439 = SURFACE_CURVE('',#4440,(#4444,#4451),.PCURVE_S1.);
#4440 = LINE('',#4441,#4442);
#4441 = CARTESIAN_POINT('',(-4.25,7.865,3.241851231905E-15));
#4442 = VECTOR('',#4443,1.);
#4443 = DIRECTION('',(-1.,0.,2.22044604925E-16));
#4444 = PCURVE('',#1536,#4445);
#4445 = DEFINITIONAL_REPRESENTATION('',(#4446),#4450);
#4446 = LINE('',#4447,#4448);
#4447 = CARTESIAN_POINT('',(-4.884981308351E-17,0.22));
#4448 = VECTOR('',#4449,1.);
#4449 = DIRECTION('',(1.,-2.22044604925E-16));
#4450 = ( GEOMETRIC_REPRESENTATION_CONTEXT(2) 
PARAMETRIC_REPRESENTATION_CONTEXT() REPRESENTATION_CONTEXT('2D SPACE',''
  ) );
#4451 = PCURVE('',#4452,#4457);
#4452 = PLANE('',#4453);
#4453 = AXIS2_PLACEMENT_3D('',#4454,#4455,#4456);
#4454 = CARTESIAN_POINT('',(-5.8,-10.92006769425,3.586020369539E-15));
#4455 = DIRECTION('',(0.,-2.22044604925E-16,1.));
#4456 = DIRECTION('',(1.,0.,-2.22044604925E-16));
#4457 = DEFINITIONAL_REPRESENTATION('',(#4458),#4462);
#4458 = LINE('',#4459,#4460);
#4459 = CARTESIAN_POINT('',(1.55,18.78506769425));
#4460 = VECTOR('',#4461,1.);
#4461 = DIRECTION('',(-1.,2.22044604925E-16));
#4462 = ( GEOMETRIC_REPRESENTATION_CONTEXT(2) 
PARAMETRIC_REPRESENTATION_CONTEXT() REPRESENTATION_CONTEXT('2D SPACE',''
  ) );
#4463 = ORIENTED_EDGE('',*,*,#4464,.F.);
#4464 = EDGE_CURVE('',#4465,#4437,#4467,.T.);
#4465 = VERTEX_POINT('',#4466);
#4466 = CARTESIAN_POINT('',(-5.8,7.865,-3.45));
#4467 = SURFACE_CURVE('',#4468,(#4472,#4479),.PCURVE_S1.);
#4468 = LINE('',#4469,#4470);
#4469 = CARTESIAN_POINT('',(-5.8,7.865,-3.45));
#4470 = VECTOR('',#4471,1.);
#4471 = DIRECTION('',(0.,-2.22044604925E-16,1.));
#4472 = PCURVE('',#1536,#4473);
#4473 = DEFINITIONAL_REPRESENTATION('',(#4474),#4478);
#4474 = LINE('',#4475,#4476);
#4475 = CARTESIAN_POINT('',(1.55,3.67));
#4476 = VECTOR('',#4477,1.);
#4477 = DIRECTION('',(2.22044604925E-16,-1.));
#4478 = ( GEOMETRIC_REPRESENTATION_CONTEXT(2) 
PARAMETRIC_REPRESENTATION_CONTEXT() REPRESENTATION_CONTEXT('2D SPACE',''
  ) );
#4479 = PCURVE('',#4480,#4485);
#4480 = PLANE('',#4481);
#4481 = AXIS2_PLACEMENT_3D('',#4482,#4483,#4484);
#4482 = CARTESIAN_POINT('',(-5.8,-10.92006769425,-3.45));
#4483 = DIRECTION('',(-1.,0.,2.22044604925E-16));
#4484 = DIRECTION('',(0.,-2.22044604925E-16,1.));
#4485 = DEFINITIONAL_REPRESENTATION('',(#4486),#4490);
#4486 = LINE('',#4487,#4488);
#4487 = CARTESIAN_POINT('',(-4.17112293466E-15,18.78506769425));
#4488 = VECTOR('',#4489,1.);
#4489 = DIRECTION('',(1.,-2.22044604925E-16));
#4490 = ( GEOMETRIC_REPRESENTATION_CONTEXT(2) 
PARAMETRIC_REPRESENTATION_CONTEXT() REPRESENTATION_CONTEXT('2D SPACE',''
  ) );
#4491 = ORIENTED_EDGE('',*,*,#4492,.T.);
#4492 = EDGE_CURVE('',#4465,#4493,#4495,.T.);
#4493 = VERTEX_POINT('',#4494);
#4494 = CARTESIAN_POINT('',(-6.9,7.865,-3.45));
#4495 = SURFACE_CURVE('',#4496,(#4501,#4512),.PCURVE_S1.);
#4496 = CIRCLE('',#4497,0.55);
#4497 = AXIS2_PLACEMENT_3D('',#4498,#4499,#4500);
#4498 = CARTESIAN_POINT('',(-6.35,7.865,-3.45));
#4499 = DIRECTION('',(4.930380657631E-32,1.,2.22044604925E-16));
#4500 = DIRECTION('',(1.,0.,-2.22044604925E-16));
#4501 = PCURVE('',#1536,#4502);
#4502 = DEFINITIONAL_REPRESENTATION('',(#4503),#4511);
#4503 = ( BOUNDED_CURVE() B_SPLINE_CURVE(2,(#4504,#4505,#4506,#4507,
#4508,#4509,#4510),.UNSPECIFIED.,.T.,.F.) B_SPLINE_CURVE_WITH_KNOTS((1,2
    ,2,2,2,1),(-2.094395102393,0.,2.094395102393,4.188790204786,
6.28318530718,8.377580409573),.UNSPECIFIED.) CURVE() 
GEOMETRIC_REPRESENTATION_ITEM() RATIONAL_B_SPLINE_CURVE((1.,0.5,1.,0.5,
1.,0.5,1.)) REPRESENTATION_ITEM('') );
#4504 = CARTESIAN_POINT('',(1.55,3.67));
#4505 = CARTESIAN_POINT('',(1.55,4.622627944163));
#4506 = CARTESIAN_POINT('',(2.375,4.146313972081));
#4507 = CARTESIAN_POINT('',(3.2,3.67));
#4508 = CARTESIAN_POINT('',(2.375,3.193686027919));
#4509 = CARTESIAN_POINT('',(1.55,2.717372055837));
#4510 = CARTESIAN_POINT('',(1.55,3.67));
#4511 = ( GEOMETRIC_REPRESENTATION_CONTEXT(2) 
PARAMETRIC_REPRESENTATION_CONTEXT() REPRESENTATION_CONTEXT('2D SPACE',''
  ) );
#4512 = PCURVE('',#4513,#4518);
#4513 = CYLINDRICAL_SURFACE('',#4514,0.55);
#4514 = AXIS2_PLACEMENT_3D('',#4515,#4516,#4517);
#4515 = CARTESIAN_POINT('',(-6.35,-10.92006769425,-3.45));
#4516 = DIRECTION('',(-2.22044604925E-16,1.,0.));
#4517 = DIRECTION('',(-1.,0.,2.22044604925E-16));
#4518 = DEFINITIONAL_REPRESENTATION('',(#4519),#4523);
#4519 = LINE('',#4520,#4521);
#4520 = CARTESIAN_POINT('',(3.14159265359,18.78506769425));
#4521 = VECTOR('',#4522,1.);
#4522 = DIRECTION('',(1.,0.));
#4523 = ( GEOMETRIC_REPRESENTATION_CONTEXT(2) 
PARAMETRIC_REPRESENTATION_CONTEXT() REPRESENTATION_CONTEXT('2D SPACE',''
  ) );
#4524 = ORIENTED_EDGE('',*,*,#4525,.F.);
#4525 = EDGE_CURVE('',#4526,#4493,#4528,.T.);
#4526 = VERTEX_POINT('',#4527);
#4527 = CARTESIAN_POINT('',(-6.9,7.865,3.830269434957E-15));
#4528 = SURFACE_CURVE('',#4529,(#4533,#4540),.PCURVE_S1.);
#4529 = LINE('',#4530,#4531);
#4530 = CARTESIAN_POINT('',(-6.9,7.865,3.830269434957E-15));
#4531 = VECTOR('',#4532,1.);
#4532 = DIRECTION('',(0.,2.22044604925E-16,-1.));
#4533 = PCURVE('',#1536,#4534);
#4534 = DEFINITIONAL_REPRESENTATION('',(#4535),#4539);
#4535 = LINE('',#4536,#4537);
#4536 = CARTESIAN_POINT('',(2.65,0.22));
#4537 = VECTOR('',#4538,1.);
#4538 = DIRECTION('',(-2.22044604925E-16,1.));
#4539 = ( GEOMETRIC_REPRESENTATION_CONTEXT(2) 
PARAMETRIC_REPRESENTATION_CONTEXT() REPRESENTATION_CONTEXT('2D SPACE',''
  ) );
#4540 = PCURVE('',#4541,#4546);
#4541 = PLANE('',#4542);
#4542 = AXIS2_PLACEMENT_3D('',#4543,#4544,#4545);
#4543 = CARTESIAN_POINT('',(-6.9,-10.92006769425,3.830269434957E-15));
#4544 = DIRECTION('',(1.,0.,-2.22044604925E-16));
#4545 = DIRECTION('',(0.,2.22044604925E-16,-1.));
#4546 = DEFINITIONAL_REPRESENTATION('',(#4547),#4551);
#4547 = LINE('',#4548,#4549);
#4548 = CARTESIAN_POINT('',(4.17112293466E-15,18.78506769425));
#4549 = VECTOR('',#4550,1.);
#4550 = DIRECTION('',(1.,2.22044604925E-16));
#4551 = ( GEOMETRIC_REPRESENTATION_CONTEXT(2) 
PARAMETRIC_REPRESENTATION_CONTEXT() REPRESENTATION_CONTEXT('2D SPACE',''
  ) );
#4552 = ORIENTED_EDGE('',*,*,#4553,.F.);
#4553 = EDGE_CURVE('',#4554,#4526,#4556,.T.);
#4554 = VERTEX_POINT('',#4555);
#4555 = CARTESIAN_POINT('',(-8.45,7.865,4.174438572591E-15));
#4556 = SURFACE_CURVE('',#4557,(#4561,#4568),.PCURVE_S1.);
#4557 = LINE('',#4558,#4559);
#4558 = CARTESIAN_POINT('',(-8.45,7.865,4.174438572591E-15));
#4559 = VECTOR('',#4560,1.);
#4560 = DIRECTION('',(1.,0.,-2.22044604925E-16));
#4561 = PCURVE('',#1536,#4562);
#4562 = DEFINITIONAL_REPRESENTATION('',(#4563),#4567);
#4563 = LINE('',#4564,#4565);
#4564 = CARTESIAN_POINT('',(4.2,0.22));
#4565 = VECTOR('',#4566,1.);
#4566 = DIRECTION('',(-1.,2.22044604925E-16));
#4567 = ( GEOMETRIC_REPRESENTATION_CONTEXT(2) 
PARAMETRIC_REPRESENTATION_CONTEXT() REPRESENTATION_CONTEXT('2D SPACE',''
  ) );
#4568 = PCURVE('',#4569,#4574);
#4569 = PLANE('',#4570);
#4570 = AXIS2_PLACEMENT_3D('',#4571,#4572,#4573);
#4571 = CARTESIAN_POINT('',(-8.45,-10.92006769425,4.174438572591E-15));
#4572 = DIRECTION('',(0.,-2.22044604925E-16,1.));
#4573 = DIRECTION('',(1.,0.,-2.22044604925E-16));
#4574 = DEFINITIONAL_REPRESENTATION('',(#4575),#4579);
#4575 = LINE('',#4576,#4577);
#4576 = CARTESIAN_POINT('',(-7.105427357601E-15,18.78506769425));
#4577 = VECTOR('',#4578,1.);
#4578 = DIRECTION('',(1.,-2.22044604925E-16));
#4579 = ( GEOMETRIC_REPRESENTATION_CONTEXT(2) 
PARAMETRIC_REPRESENTATION_CONTEXT() REPRESENTATION_CONTEXT('2D SPACE',''
  ) );
#4580 = ORIENTED_EDGE('',*,*,#4581,.F.);
#4581 = EDGE_CURVE('',#1521,#4554,#4582,.T.);
#4582 = SURFACE_CURVE('',#4583,(#4587,#4594),.PCURVE_S1.);
#4583 = LINE('',#4584,#4585);
#4584 = CARTESIAN_POINT('',(-8.45,7.865,0.22));
#4585 = VECTOR('',#4586,1.);
#4586 = DIRECTION('',(0.,2.22044604925E-16,-1.));
#4587 = PCURVE('',#1536,#4588);
#4588 = DEFINITIONAL_REPRESENTATION('',(#4589),#4593);
#4589 = LINE('',#4590,#4591);
#4590 = CARTESIAN_POINT('',(4.2,-9.159339953158E-16));
#4591 = VECTOR('',#4592,1.);
#4592 = DIRECTION('',(-2.22044604925E-16,1.));
#4593 = ( GEOMETRIC_REPRESENTATION_CONTEXT(2) 
PARAMETRIC_REPRESENTATION_CONTEXT() REPRESENTATION_CONTEXT('2D SPACE',''
  ) );
#4594 = PCURVE('',#1564,#4595);
#4595 = DEFINITIONAL_REPRESENTATION('',(#4596),#4600);
#4596 = LINE('',#4597,#4598);
#4597 = CARTESIAN_POINT('',(0.,0.));
#4598 = VECTOR('',#4599,1.);
#4599 = DIRECTION('',(2.22044604925E-16,1.));
#4600 = ( GEOMETRIC_REPRESENTATION_CONTEXT(2) 
PARAMETRIC_REPRESENTATION_CONTEXT() REPRESENTATION_CONTEXT('2D SPACE',''
  ) );
#4601 = ORIENTED_EDGE('',*,*,#1518,.F.);
#4602 = ADVANCED_FACE('',(#4603),#1618,.T.);
#4603 = FACE_BOUND('',#4604,.F.);
#4604 = EDGE_LOOP('',(#4605,#4606,#4607,#4630));
#4605 = ORIENTED_EDGE('',*,*,#4413,.F.);
#4606 = ORIENTED_EDGE('',*,*,#1604,.F.);
#4607 = ORIENTED_EDGE('',*,*,#4608,.T.);
#4608 = EDGE_CURVE('',#1577,#4609,#4611,.T.);
#4609 = VERTEX_POINT('',#4610);
#4610 = CARTESIAN_POINT('',(-4.25,8.365,3.241851231905E-15));
#4611 = SURFACE_CURVE('',#4612,(#4616,#4623),.PCURVE_S1.);
#4612 = LINE('',#4613,#4614);
#4613 = CARTESIAN_POINT('',(-4.25,8.365,0.22));
#4614 = VECTOR('',#4615,1.);
#4615 = DIRECTION('',(-2.422304781E-14,2.22044604925E-16,-1.));
#4616 = PCURVE('',#1618,#4617);
#4617 = DEFINITIONAL_REPRESENTATION('',(#4618),#4622);
#4618 = LINE('',#4619,#4620);
#4619 = CARTESIAN_POINT('',(0.,0.));
#4620 = VECTOR('',#4621,1.);
#4621 = DIRECTION('',(-2.22044604925E-16,1.));
#4622 = ( GEOMETRIC_REPRESENTATION_CONTEXT(2) 
PARAMETRIC_REPRESENTATION_CONTEXT() REPRESENTATION_CONTEXT('2D SPACE',''
  ) );
#4623 = PCURVE('',#1592,#4624);
#4624 = DEFINITIONAL_REPRESENTATION('',(#4625),#4629);
#4625 = LINE('',#4626,#4627);
#4626 = CARTESIAN_POINT('',(4.2,9.159339953158E-16));
#4627 = VECTOR('',#4628,1.);
#4628 = DIRECTION('',(-2.400100320507E-14,1.));
#4629 = ( GEOMETRIC_REPRESENTATION_CONTEXT(2) 
PARAMETRIC_REPRESENTATION_CONTEXT() REPRESENTATION_CONTEXT('2D SPACE',''
  ) );
#4630 = ORIENTED_EDGE('',*,*,#4631,.T.);
#4631 = EDGE_CURVE('',#4609,#4414,#4632,.T.);
#4632 = SURFACE_CURVE('',#4633,(#4637,#4644),.PCURVE_S1.);
#4633 = LINE('',#4634,#4635);
#4634 = CARTESIAN_POINT('',(-4.25,8.365,3.241851231905E-15));
#4635 = VECTOR('',#4636,1.);
#4636 = DIRECTION('',(2.22044604925E-16,-1.,0.));
#4637 = PCURVE('',#1618,#4638);
#4638 = DEFINITIONAL_REPRESENTATION('',(#4639),#4643);
#4639 = LINE('',#4640,#4641);
#4640 = CARTESIAN_POINT('',(0.,0.22));
#4641 = VECTOR('',#4642,1.);
#4642 = DIRECTION('',(1.,-2.22044604925E-16));
#4643 = ( GEOMETRIC_REPRESENTATION_CONTEXT(2) 
PARAMETRIC_REPRESENTATION_CONTEXT() REPRESENTATION_CONTEXT('2D SPACE',''
  ) );
#4644 = PCURVE('',#4452,#4645);
#4645 = DEFINITIONAL_REPRESENTATION('',(#4646),#4650);
#4646 = LINE('',#4647,#4648);
#4647 = CARTESIAN_POINT('',(1.55,19.28506769425));
#4648 = VECTOR('',#4649,1.);
#4649 = DIRECTION('',(2.22044604925E-16,-1.));
#4650 = ( GEOMETRIC_REPRESENTATION_CONTEXT(2) 
PARAMETRIC_REPRESENTATION_CONTEXT() REPRESENTATION_CONTEXT('2D SPACE',''
  ) );
#4651 = ADVANCED_FACE('',(#4652),#1592,.T.);
#4652 = FACE_BOUND('',#4653,.F.);
#4653 = EDGE_LOOP('',(#4654,#4677,#4700,#4723,#4747,#4770,#4791,#4792));
#4654 = ORIENTED_EDGE('',*,*,#4655,.T.);
#4655 = EDGE_CURVE('',#1549,#4656,#4658,.T.);
#4656 = VERTEX_POINT('',#4657);
#4657 = CARTESIAN_POINT('',(-8.45,8.365,4.174438572591E-15));
#4658 = SURFACE_CURVE('',#4659,(#4663,#4670),.PCURVE_S1.);
#4659 = LINE('',#4660,#4661);
#4660 = CARTESIAN_POINT('',(-8.45,8.365,0.22));
#4661 = VECTOR('',#4662,1.);
#4662 = DIRECTION('',(0.,2.22044604925E-16,-1.));
#4663 = PCURVE('',#1592,#4664);
#4664 = DEFINITIONAL_REPRESENTATION('',(#4665),#4669);
#4665 = LINE('',#4666,#4667);
#4666 = CARTESIAN_POINT('',(0.,0.));
#4667 = VECTOR('',#4668,1.);
#4668 = DIRECTION('',(2.22044604925E-16,1.));
#4669 = ( GEOMETRIC_REPRESENTATION_CONTEXT(2) 
PARAMETRIC_REPRESENTATION_CONTEXT() REPRESENTATION_CONTEXT('2D SPACE',''
  ) );
#4670 = PCURVE('',#1564,#4671);
#4671 = DEFINITIONAL_REPRESENTATION('',(#4672),#4676);
#4672 = LINE('',#4673,#4674);
#4673 = CARTESIAN_POINT('',(0.5,1.110223024625E-16));
#4674 = VECTOR('',#4675,1.);
#4675 = DIRECTION('',(2.22044604925E-16,1.));
#4676 = ( GEOMETRIC_REPRESENTATION_CONTEXT(2) 
PARAMETRIC_REPRESENTATION_CONTEXT() REPRESENTATION_CONTEXT('2D SPACE',''
  ) );
#4677 = ORIENTED_EDGE('',*,*,#4678,.T.);
#4678 = EDGE_CURVE('',#4656,#4679,#4681,.T.);
#4679 = VERTEX_POINT('',#4680);
#4680 = CARTESIAN_POINT('',(-6.9,8.365,3.830269434957E-15));
#4681 = SURFACE_CURVE('',#4682,(#4686,#4693),.PCURVE_S1.);
#4682 = LINE('',#4683,#4684);
#4683 = CARTESIAN_POINT('',(-8.45,8.365,4.174438572591E-15));
#4684 = VECTOR('',#4685,1.);
#4685 = DIRECTION('',(1.,0.,-2.22044604925E-16));
#4686 = PCURVE('',#1592,#4687);
#4687 = DEFINITIONAL_REPRESENTATION('',(#4688),#4692);
#4688 = LINE('',#4689,#4690);
#4689 = CARTESIAN_POINT('',(4.884981308351E-17,0.22));
#4690 = VECTOR('',#4691,1.);
#4691 = DIRECTION('',(1.,2.22044604925E-16));
#4692 = ( GEOMETRIC_REPRESENTATION_CONTEXT(2) 
PARAMETRIC_REPRESENTATION_CONTEXT() REPRESENTATION_CONTEXT('2D SPACE',''
  ) );
#4693 = PCURVE('',#4569,#4694);
#4694 = DEFINITIONAL_REPRESENTATION('',(#4695),#4699);
#4695 = LINE('',#4696,#4697);
#4696 = CARTESIAN_POINT('',(-7.105427357601E-15,19.28506769425));
#4697 = VECTOR('',#4698,1.);
#4698 = DIRECTION('',(1.,-2.22044604925E-16));
#4699 = ( GEOMETRIC_REPRESENTATION_CONTEXT(2) 
PARAMETRIC_REPRESENTATION_CONTEXT() REPRESENTATION_CONTEXT('2D SPACE',''
  ) );
#4700 = ORIENTED_EDGE('',*,*,#4701,.T.);
#4701 = EDGE_CURVE('',#4679,#4702,#4704,.T.);
#4702 = VERTEX_POINT('',#4703);
#4703 = CARTESIAN_POINT('',(-6.9,8.365,-3.45));
#4704 = SURFACE_CURVE('',#4705,(#4709,#4716),.PCURVE_S1.);
#4705 = LINE('',#4706,#4707);
#4706 = CARTESIAN_POINT('',(-6.9,8.365,3.830269434957E-15));
#4707 = VECTOR('',#4708,1.);
#4708 = DIRECTION('',(0.,2.22044604925E-16,-1.));
#4709 = PCURVE('',#1592,#4710);
#4710 = DEFINITIONAL_REPRESENTATION('',(#4711),#4715);
#4711 = LINE('',#4712,#4713);
#4712 = CARTESIAN_POINT('',(1.55,0.22));
#4713 = VECTOR('',#4714,1.);
#4714 = DIRECTION('',(2.22044604925E-16,1.));
#4715 = ( GEOMETRIC_REPRESENTATION_CONTEXT(2) 
PARAMETRIC_REPRESENTATION_CONTEXT() REPRESENTATION_CONTEXT('2D SPACE',''
  ) );
#4716 = PCURVE('',#4541,#4717);
#4717 = DEFINITIONAL_REPRESENTATION('',(#4718),#4722);
#4718 = LINE('',#4719,#4720);
#4719 = CARTESIAN_POINT('',(4.282145237122E-15,19.28506769425));
#4720 = VECTOR('',#4721,1.);
#4721 = DIRECTION('',(1.,2.22044604925E-16));
#4722 = ( GEOMETRIC_REPRESENTATION_CONTEXT(2) 
PARAMETRIC_REPRESENTATION_CONTEXT() REPRESENTATION_CONTEXT('2D SPACE',''
  ) );
#4723 = ORIENTED_EDGE('',*,*,#4724,.F.);
#4724 = EDGE_CURVE('',#4725,#4702,#4727,.T.);
#4725 = VERTEX_POINT('',#4726);
#4726 = CARTESIAN_POINT('',(-5.8,8.365,-3.45));
#4727 = SURFACE_CURVE('',#4728,(#4733,#4740),.PCURVE_S1.);
#4728 = CIRCLE('',#4729,0.55);
#4729 = AXIS2_PLACEMENT_3D('',#4730,#4731,#4732);
#4730 = CARTESIAN_POINT('',(-6.35,8.365,-3.45));
#4731 = DIRECTION('',(4.930380657631E-32,1.,2.22044604925E-16));
#4732 = DIRECTION('',(1.,0.,-2.22044604925E-16));
#4733 = PCURVE('',#1592,#4734);
#4734 = DEFINITIONAL_REPRESENTATION('',(#4735),#4739);
#4735 = CIRCLE('',#4736,0.55);
#4736 = AXIS2_PLACEMENT_2D('',#4737,#4738);
#4737 = CARTESIAN_POINT('',(2.1,3.67));
#4738 = DIRECTION('',(1.,2.22044604925E-16));
#4739 = ( GEOMETRIC_REPRESENTATION_CONTEXT(2) 
PARAMETRIC_REPRESENTATION_CONTEXT() REPRESENTATION_CONTEXT('2D SPACE',''
  ) );
#4740 = PCURVE('',#4513,#4741);
#4741 = DEFINITIONAL_REPRESENTATION('',(#4742),#4746);
#4742 = LINE('',#4743,#4744);
#4743 = CARTESIAN_POINT('',(3.14159265359,19.28506769425));
#4744 = VECTOR('',#4745,1.);
#4745 = DIRECTION('',(1.,0.));
#4746 = ( GEOMETRIC_REPRESENTATION_CONTEXT(2) 
PARAMETRIC_REPRESENTATION_CONTEXT() REPRESENTATION_CONTEXT('2D SPACE',''
  ) );
#4747 = ORIENTED_EDGE('',*,*,#4748,.T.);
#4748 = EDGE_CURVE('',#4725,#4749,#4751,.T.);
#4749 = VERTEX_POINT('',#4750);
#4750 = CARTESIAN_POINT('',(-5.8,8.365,3.586020369539E-15));
#4751 = SURFACE_CURVE('',#4752,(#4756,#4763),.PCURVE_S1.);
#4752 = LINE('',#4753,#4754);
#4753 = CARTESIAN_POINT('',(-5.8,8.365,-3.45));
#4754 = VECTOR('',#4755,1.);
#4755 = DIRECTION('',(0.,-2.22044604925E-16,1.));
#4756 = PCURVE('',#1592,#4757);
#4757 = DEFINITIONAL_REPRESENTATION('',(#4758),#4762);
#4758 = LINE('',#4759,#4760);
#4759 = CARTESIAN_POINT('',(2.65,3.67));
#4760 = VECTOR('',#4761,1.);
#4761 = DIRECTION('',(-2.22044604925E-16,-1.));
#4762 = ( GEOMETRIC_REPRESENTATION_CONTEXT(2) 
PARAMETRIC_REPRESENTATION_CONTEXT() REPRESENTATION_CONTEXT('2D SPACE',''
  ) );
#4763 = PCURVE('',#4480,#4764);
#4764 = DEFINITIONAL_REPRESENTATION('',(#4765),#4769);
#4765 = LINE('',#4766,#4767);
#4766 = CARTESIAN_POINT('',(-4.282145237122E-15,19.28506769425));
#4767 = VECTOR('',#4768,1.);
#4768 = DIRECTION('',(1.,-2.22044604925E-16));
#4769 = ( GEOMETRIC_REPRESENTATION_CONTEXT(2) 
PARAMETRIC_REPRESENTATION_CONTEXT() REPRESENTATION_CONTEXT('2D SPACE',''
  ) );
#4770 = ORIENTED_EDGE('',*,*,#4771,.F.);
#4771 = EDGE_CURVE('',#4609,#4749,#4772,.T.);
#4772 = SURFACE_CURVE('',#4773,(#4777,#4784),.PCURVE_S1.);
#4773 = LINE('',#4774,#4775);
#4774 = CARTESIAN_POINT('',(-4.25,8.365,3.241851231905E-15));
#4775 = VECTOR('',#4776,1.);
#4776 = DIRECTION('',(-1.,0.,2.22044604925E-16));
#4777 = PCURVE('',#1592,#4778);
#4778 = DEFINITIONAL_REPRESENTATION('',(#4779),#4783);
#4779 = LINE('',#4780,#4781);
#4780 = CARTESIAN_POINT('',(4.2,0.22));
#4781 = VECTOR('',#4782,1.);
#4782 = DIRECTION('',(-1.,-2.22044604925E-16));
#4783 = ( GEOMETRIC_REPRESENTATION_CONTEXT(2) 
PARAMETRIC_REPRESENTATION_CONTEXT() REPRESENTATION_CONTEXT('2D SPACE',''
  ) );
#4784 = PCURVE('',#4452,#4785);
#4785 = DEFINITIONAL_REPRESENTATION('',(#4786),#4790);
#4786 = LINE('',#4787,#4788);
#4787 = CARTESIAN_POINT('',(1.55,19.28506769425));
#4788 = VECTOR('',#4789,1.);
#4789 = DIRECTION('',(-1.,2.22044604925E-16));
#4790 = ( GEOMETRIC_REPRESENTATION_CONTEXT(2) 
PARAMETRIC_REPRESENTATION_CONTEXT() REPRESENTATION_CONTEXT('2D SPACE',''
  ) );
#4791 = ORIENTED_EDGE('',*,*,#4608,.F.);
#4792 = ORIENTED_EDGE('',*,*,#1576,.F.);
#4793 = ADVANCED_FACE('',(#4794),#1564,.T.);
#4794 = FACE_BOUND('',#4795,.F.);
#4795 = EDGE_LOOP('',(#4796,#4797,#4818,#4819));
#4796 = ORIENTED_EDGE('',*,*,#4581,.T.);
#4797 = ORIENTED_EDGE('',*,*,#4798,.T.);
#4798 = EDGE_CURVE('',#4554,#4656,#4799,.T.);
#4799 = SURFACE_CURVE('',#4800,(#4804,#4811),.PCURVE_S1.);
#4800 = LINE('',#4801,#4802);
#4801 = CARTESIAN_POINT('',(-8.45,7.865,4.174438572591E-15));
#4802 = VECTOR('',#4803,1.);
#4803 = DIRECTION('',(-2.22044604925E-16,1.,0.));
#4804 = PCURVE('',#1564,#4805);
#4805 = DEFINITIONAL_REPRESENTATION('',(#4806),#4810);
#4806 = LINE('',#4807,#4808);
#4807 = CARTESIAN_POINT('',(0.,0.22));
#4808 = VECTOR('',#4809,1.);
#4809 = DIRECTION('',(1.,2.22044604925E-16));
#4810 = ( GEOMETRIC_REPRESENTATION_CONTEXT(2) 
PARAMETRIC_REPRESENTATION_CONTEXT() REPRESENTATION_CONTEXT('2D SPACE',''
  ) );
#4811 = PCURVE('',#4569,#4812);
#4812 = DEFINITIONAL_REPRESENTATION('',(#4813),#4817);
#4813 = LINE('',#4814,#4815);
#4814 = CARTESIAN_POINT('',(-7.105427357601E-15,18.78506769425));
#4815 = VECTOR('',#4816,1.);
#4816 = DIRECTION('',(-2.22044604925E-16,1.));
#4817 = ( GEOMETRIC_REPRESENTATION_CONTEXT(2) 
PARAMETRIC_REPRESENTATION_CONTEXT() REPRESENTATION_CONTEXT('2D SPACE',''
  ) );
#4818 = ORIENTED_EDGE('',*,*,#4655,.F.);
#4819 = ORIENTED_EDGE('',*,*,#1548,.F.);
#4820 = ADVANCED_FACE('',(#4821),#4569,.F.);
#4821 = FACE_BOUND('',#4822,.F.);
#4822 = EDGE_LOOP('',(#4823,#4824,#4845,#4846));
#4823 = ORIENTED_EDGE('',*,*,#4553,.T.);
#4824 = ORIENTED_EDGE('',*,*,#4825,.T.);
#4825 = EDGE_CURVE('',#4526,#4679,#4826,.T.);
#4826 = SURFACE_CURVE('',#4827,(#4831,#4838),.PCURVE_S1.);
#4827 = LINE('',#4828,#4829);
#4828 = CARTESIAN_POINT('',(-6.9,7.865,3.830269434957E-15));
#4829 = VECTOR('',#4830,1.);
#4830 = DIRECTION('',(-2.22044604925E-16,1.,0.));
#4831 = PCURVE('',#4569,#4832);
#4832 = DEFINITIONAL_REPRESENTATION('',(#4833),#4837);
#4833 = LINE('',#4834,#4835);
#4834 = CARTESIAN_POINT('',(1.55,18.78506769425));
#4835 = VECTOR('',#4836,1.);
#4836 = DIRECTION('',(-2.22044604925E-16,1.));
#4837 = ( GEOMETRIC_REPRESENTATION_CONTEXT(2) 
PARAMETRIC_REPRESENTATION_CONTEXT() REPRESENTATION_CONTEXT('2D SPACE',''
  ) );
#4838 = PCURVE('',#4541,#4839);
#4839 = DEFINITIONAL_REPRESENTATION('',(#4840),#4844);
#4840 = LINE('',#4841,#4842);
#4841 = CARTESIAN_POINT('',(4.17112293466E-15,18.78506769425));
#4842 = VECTOR('',#4843,1.);
#4843 = DIRECTION('',(2.22044604925E-16,1.));
#4844 = ( GEOMETRIC_REPRESENTATION_CONTEXT(2) 
PARAMETRIC_REPRESENTATION_CONTEXT() REPRESENTATION_CONTEXT('2D SPACE',''
  ) );
#4845 = ORIENTED_EDGE('',*,*,#4678,.F.);
#4846 = ORIENTED_EDGE('',*,*,#4798,.F.);
#4847 = ADVANCED_FACE('',(#4848),#4862,.F.);
#4848 = FACE_BOUND('',#4849,.F.);
#4849 = EDGE_LOOP('',(#4850,#4880,#4908,#4931));
#4850 = ORIENTED_EDGE('',*,*,#4851,.T.);
#4851 = EDGE_CURVE('',#4852,#4854,#4856,.T.);
#4852 = VERTEX_POINT('',#4853);
#4853 = CARTESIAN_POINT('',(-8.45,-8.365,4.174438572591E-15));
#4854 = VERTEX_POINT('',#4855);
#4855 = CARTESIAN_POINT('',(-6.9,-8.365,3.830269434957E-15));
#4856 = SURFACE_CURVE('',#4857,(#4861,#4873),.PCURVE_S1.);
#4857 = LINE('',#4858,#4859);
#4858 = CARTESIAN_POINT('',(-8.45,-8.365,4.174438572591E-15));
#4859 = VECTOR('',#4860,1.);
#4860 = DIRECTION('',(1.,0.,-2.22044604925E-16));
#4861 = PCURVE('',#4862,#4867);
#4862 = PLANE('',#4863);
#4863 = AXIS2_PLACEMENT_3D('',#4864,#4865,#4866);
#4864 = CARTESIAN_POINT('',(-8.45,-10.92006769425,4.174438572591E-15));
#4865 = DIRECTION('',(0.,-2.22044604925E-16,1.));
#4866 = DIRECTION('',(1.,0.,-2.22044604925E-16));
#4867 = DEFINITIONAL_REPRESENTATION('',(#4868),#4872);
#4868 = LINE('',#4869,#4870);
#4869 = CARTESIAN_POINT('',(-3.552713678801E-15,2.55506769425));
#4870 = VECTOR('',#4871,1.);
#4871 = DIRECTION('',(1.,-2.22044604925E-16));
#4872 = ( GEOMETRIC_REPRESENTATION_CONTEXT(2) 
PARAMETRIC_REPRESENTATION_CONTEXT() REPRESENTATION_CONTEXT('2D SPACE',''
  ) );
#4873 = PCURVE('',#1906,#4874);
#4874 = DEFINITIONAL_REPRESENTATION('',(#4875),#4879);
#4875 = LINE('',#4876,#4877);
#4876 = CARTESIAN_POINT('',(4.2,0.22));
#4877 = VECTOR('',#4878,1.);
#4878 = DIRECTION('',(-1.,2.22044604925E-16));
#4879 = ( GEOMETRIC_REPRESENTATION_CONTEXT(2) 
PARAMETRIC_REPRESENTATION_CONTEXT() REPRESENTATION_CONTEXT('2D SPACE',''
  ) );
#4880 = ORIENTED_EDGE('',*,*,#4881,.T.);
#4881 = EDGE_CURVE('',#4854,#4882,#4884,.T.);
#4882 = VERTEX_POINT('',#4883);
#4883 = CARTESIAN_POINT('',(-6.9,-7.865,3.830269434957E-15));
#4884 = SURFACE_CURVE('',#4885,(#4889,#4896),.PCURVE_S1.);
#4885 = LINE('',#4886,#4887);
#4886 = CARTESIAN_POINT('',(-6.9,-8.365,3.830269434957E-15));
#4887 = VECTOR('',#4888,1.);
#4888 = DIRECTION('',(1.398881011027E-14,1.,-3.155443620884E-30));
#4889 = PCURVE('',#4862,#4890);
#4890 = DEFINITIONAL_REPRESENTATION('',(#4891),#4895);
#4891 = LINE('',#4892,#4893);
#4892 = CARTESIAN_POINT('',(1.55,2.55506769425));
#4893 = VECTOR('',#4894,1.);
#4894 = DIRECTION('',(1.398881011027E-14,1.));
#4895 = ( GEOMETRIC_REPRESENTATION_CONTEXT(2) 
PARAMETRIC_REPRESENTATION_CONTEXT() REPRESENTATION_CONTEXT('2D SPACE',''
  ) );
#4896 = PCURVE('',#4897,#4902);
#4897 = PLANE('',#4898);
#4898 = AXIS2_PLACEMENT_3D('',#4899,#4900,#4901);
#4899 = CARTESIAN_POINT('',(-6.9,-10.92006769425,3.830269434957E-15));
#4900 = DIRECTION('',(1.,0.,-2.22044604925E-16));
#4901 = DIRECTION('',(0.,2.22044604925E-16,-1.));
#4902 = DEFINITIONAL_REPRESENTATION('',(#4903),#4907);
#4903 = LINE('',#4904,#4905);
#4904 = CARTESIAN_POINT('',(5.673389967265E-16,2.55506769425));
#4905 = VECTOR('',#4906,1.);
#4906 = DIRECTION('',(2.22044604925E-16,1.));
#4907 = ( GEOMETRIC_REPRESENTATION_CONTEXT(2) 
PARAMETRIC_REPRESENTATION_CONTEXT() REPRESENTATION_CONTEXT('2D SPACE',''
  ) );
#4908 = ORIENTED_EDGE('',*,*,#4909,.F.);
#4909 = EDGE_CURVE('',#4910,#4882,#4912,.T.);
#4910 = VERTEX_POINT('',#4911);
#4911 = CARTESIAN_POINT('',(-8.45,-7.865,4.174438572591E-15));
#4912 = SURFACE_CURVE('',#4913,(#4917,#4924),.PCURVE_S1.);
#4913 = LINE('',#4914,#4915);
#4914 = CARTESIAN_POINT('',(-8.45,-7.865,4.174438572591E-15));
#4915 = VECTOR('',#4916,1.);
#4916 = DIRECTION('',(1.,0.,-2.22044604925E-16));
#4917 = PCURVE('',#4862,#4918);
#4918 = DEFINITIONAL_REPRESENTATION('',(#4919),#4923);
#4919 = LINE('',#4920,#4921);
#4920 = CARTESIAN_POINT('',(-3.552713678801E-15,3.05506769425));
#4921 = VECTOR('',#4922,1.);
#4922 = DIRECTION('',(1.,-2.22044604925E-16));
#4923 = ( GEOMETRIC_REPRESENTATION_CONTEXT(2) 
PARAMETRIC_REPRESENTATION_CONTEXT() REPRESENTATION_CONTEXT('2D SPACE',''
  ) );
#4924 = PCURVE('',#1960,#4925);
#4925 = DEFINITIONAL_REPRESENTATION('',(#4926),#4930);
#4926 = LINE('',#4927,#4928);
#4927 = CARTESIAN_POINT('',(4.884981308351E-17,0.22));
#4928 = VECTOR('',#4929,1.);
#4929 = DIRECTION('',(1.,2.22044604925E-16));
#4930 = ( GEOMETRIC_REPRESENTATION_CONTEXT(2) 
PARAMETRIC_REPRESENTATION_CONTEXT() REPRESENTATION_CONTEXT('2D SPACE',''
  ) );
#4931 = ORIENTED_EDGE('',*,*,#4932,.F.);
#4932 = EDGE_CURVE('',#4852,#4910,#4933,.T.);
#4933 = SURFACE_CURVE('',#4934,(#4938,#4945),.PCURVE_S1.);
#4934 = LINE('',#4935,#4936);
#4935 = CARTESIAN_POINT('',(-8.45,-8.365,4.174438572591E-15));
#4936 = VECTOR('',#4937,1.);
#4937 = DIRECTION('',(-2.22044604925E-16,1.,0.));
#4938 = PCURVE('',#4862,#4939);
#4939 = DEFINITIONAL_REPRESENTATION('',(#4940),#4944);
#4940 = LINE('',#4941,#4942);
#4941 = CARTESIAN_POINT('',(-3.552713678801E-15,2.55506769425));
#4942 = VECTOR('',#4943,1.);
#4943 = DIRECTION('',(-2.22044604925E-16,1.));
#4944 = ( GEOMETRIC_REPRESENTATION_CONTEXT(2) 
PARAMETRIC_REPRESENTATION_CONTEXT() REPRESENTATION_CONTEXT('2D SPACE',''
  ) );
#4945 = PCURVE('',#1934,#4946);
#4946 = DEFINITIONAL_REPRESENTATION('',(#4947),#4951);
#4947 = LINE('',#4948,#4949);
#4948 = CARTESIAN_POINT('',(0.,0.22));
#4949 = VECTOR('',#4950,1.);
#4950 = DIRECTION('',(1.,2.22044604925E-16));
#4951 = ( GEOMETRIC_REPRESENTATION_CONTEXT(2) 
PARAMETRIC_REPRESENTATION_CONTEXT() REPRESENTATION_CONTEXT('2D SPACE',''
  ) );
#4952 = ADVANCED_FACE('',(#4953),#4541,.F.);
#4953 = FACE_BOUND('',#4954,.F.);
#4954 = EDGE_LOOP('',(#4955,#4956,#4977,#4978));
#4955 = ORIENTED_EDGE('',*,*,#4525,.T.);
#4956 = ORIENTED_EDGE('',*,*,#4957,.T.);
#4957 = EDGE_CURVE('',#4493,#4702,#4958,.T.);
#4958 = SURFACE_CURVE('',#4959,(#4963,#4970),.PCURVE_S1.);
#4959 = LINE('',#4960,#4961);
#4960 = CARTESIAN_POINT('',(-6.9,7.865,-3.45));
#4961 = VECTOR('',#4962,1.);
#4962 = DIRECTION('',(-2.22044604925E-16,1.,0.));
#4963 = PCURVE('',#4541,#4964);
#4964 = DEFINITIONAL_REPRESENTATION('',(#4965),#4969);
#4965 = LINE('',#4966,#4967);
#4966 = CARTESIAN_POINT('',(3.45,18.78506769425));
#4967 = VECTOR('',#4968,1.);
#4968 = DIRECTION('',(2.22044604925E-16,1.));
#4969 = ( GEOMETRIC_REPRESENTATION_CONTEXT(2) 
PARAMETRIC_REPRESENTATION_CONTEXT() REPRESENTATION_CONTEXT('2D SPACE',''
  ) );
#4970 = PCURVE('',#4513,#4971);
#4971 = DEFINITIONAL_REPRESENTATION('',(#4972),#4976);
#4972 = LINE('',#4973,#4974);
#4973 = CARTESIAN_POINT('',(6.28318530718,18.78506769425));
#4974 = VECTOR('',#4975,1.);
#4975 = DIRECTION('',(0.,1.));
#4976 = ( GEOMETRIC_REPRESENTATION_CONTEXT(2) 
PARAMETRIC_REPRESENTATION_CONTEXT() REPRESENTATION_CONTEXT('2D SPACE',''
  ) );
#4977 = ORIENTED_EDGE('',*,*,#4701,.F.);
#4978 = ORIENTED_EDGE('',*,*,#4825,.F.);
#4979 = ADVANCED_FACE('',(#4980),#4897,.F.);
#4980 = FACE_BOUND('',#4981,.F.);
#4981 = EDGE_LOOP('',(#4982,#5005,#5033,#5054));
#4982 = ORIENTED_EDGE('',*,*,#4983,.T.);
#4983 = EDGE_CURVE('',#4854,#4984,#4986,.T.);
#4984 = VERTEX_POINT('',#4985);
#4985 = CARTESIAN_POINT('',(-6.9,-8.365,-3.45));
#4986 = SURFACE_CURVE('',#4987,(#4991,#4998),.PCURVE_S1.);
#4987 = LINE('',#4988,#4989);
#4988 = CARTESIAN_POINT('',(-6.9,-8.365,3.830269434957E-15));
#4989 = VECTOR('',#4990,1.);
#4990 = DIRECTION('',(0.,2.22044604925E-16,-1.));
#4991 = PCURVE('',#4897,#4992);
#4992 = DEFINITIONAL_REPRESENTATION('',(#4993),#4997);
#4993 = LINE('',#4994,#4995);
#4994 = CARTESIAN_POINT('',(5.673389967265E-16,2.55506769425));
#4995 = VECTOR('',#4996,1.);
#4996 = DIRECTION('',(1.,2.22044604925E-16));
#4997 = ( GEOMETRIC_REPRESENTATION_CONTEXT(2) 
PARAMETRIC_REPRESENTATION_CONTEXT() REPRESENTATION_CONTEXT('2D SPACE',''
  ) );
#4998 = PCURVE('',#1906,#4999);
#4999 = DEFINITIONAL_REPRESENTATION('',(#5000),#5004);
#5000 = LINE('',#5001,#5002);
#5001 = CARTESIAN_POINT('',(2.65,0.22));
#5002 = VECTOR('',#5003,1.);
#5003 = DIRECTION('',(-2.22044604925E-16,1.));
#5004 = ( GEOMETRIC_REPRESENTATION_CONTEXT(2) 
PARAMETRIC_REPRESENTATION_CONTEXT() REPRESENTATION_CONTEXT('2D SPACE',''
  ) );
#5005 = ORIENTED_EDGE('',*,*,#5006,.T.);
#5006 = EDGE_CURVE('',#4984,#5007,#5009,.T.);
#5007 = VERTEX_POINT('',#5008);
#5008 = CARTESIAN_POINT('',(-6.9,-7.865,-3.45));
#5009 = SURFACE_CURVE('',#5010,(#5014,#5021),.PCURVE_S1.);
#5010 = LINE('',#5011,#5012);
#5011 = CARTESIAN_POINT('',(-6.9,-8.365,-3.45));
#5012 = VECTOR('',#5013,1.);
#5013 = DIRECTION('',(-2.22044604925E-16,1.,0.));
#5014 = PCURVE('',#4897,#5015);
#5015 = DEFINITIONAL_REPRESENTATION('',(#5016),#5020);
#5016 = LINE('',#5017,#5018);
#5017 = CARTESIAN_POINT('',(3.45,2.55506769425));
#5018 = VECTOR('',#5019,1.);
#5019 = DIRECTION('',(2.22044604925E-16,1.));
#5020 = ( GEOMETRIC_REPRESENTATION_CONTEXT(2) 
PARAMETRIC_REPRESENTATION_CONTEXT() REPRESENTATION_CONTEXT('2D SPACE',''
  ) );
#5021 = PCURVE('',#5022,#5027);
#5022 = CYLINDRICAL_SURFACE('',#5023,0.55);
#5023 = AXIS2_PLACEMENT_3D('',#5024,#5025,#5026);
#5024 = CARTESIAN_POINT('',(-6.35,-10.92006769425,-3.45));
#5025 = DIRECTION('',(-2.22044604925E-16,1.,0.));
#5026 = DIRECTION('',(-1.,0.,2.22044604925E-16));
#5027 = DEFINITIONAL_REPRESENTATION('',(#5028),#5032);
#5028 = LINE('',#5029,#5030);
#5029 = CARTESIAN_POINT('',(6.28318530718,2.55506769425));
#5030 = VECTOR('',#5031,1.);
#5031 = DIRECTION('',(0.,1.));
#5032 = ( GEOMETRIC_REPRESENTATION_CONTEXT(2) 
PARAMETRIC_REPRESENTATION_CONTEXT() REPRESENTATION_CONTEXT('2D SPACE',''
  ) );
#5033 = ORIENTED_EDGE('',*,*,#5034,.F.);
#5034 = EDGE_CURVE('',#4882,#5007,#5035,.T.);
#5035 = SURFACE_CURVE('',#5036,(#5040,#5047),.PCURVE_S1.);
#5036 = LINE('',#5037,#5038);
#5037 = CARTESIAN_POINT('',(-6.9,-7.865,3.830269434957E-15));
#5038 = VECTOR('',#5039,1.);
#5039 = DIRECTION('',(0.,2.22044604925E-16,-1.));
#5040 = PCURVE('',#4897,#5041);
#5041 = DEFINITIONAL_REPRESENTATION('',(#5042),#5046);
#5042 = LINE('',#5043,#5044);
#5043 = CARTESIAN_POINT('',(6.78361299189E-16,3.05506769425));
#5044 = VECTOR('',#5045,1.);
#5045 = DIRECTION('',(1.,2.22044604925E-16));
#5046 = ( GEOMETRIC_REPRESENTATION_CONTEXT(2) 
PARAMETRIC_REPRESENTATION_CONTEXT() REPRESENTATION_CONTEXT('2D SPACE',''
  ) );
#5047 = PCURVE('',#1960,#5048);
#5048 = DEFINITIONAL_REPRESENTATION('',(#5049),#5053);
#5049 = LINE('',#5050,#5051);
#5050 = CARTESIAN_POINT('',(1.55,0.22));
#5051 = VECTOR('',#5052,1.);
#5052 = DIRECTION('',(2.22044604925E-16,1.));
#5053 = ( GEOMETRIC_REPRESENTATION_CONTEXT(2) 
PARAMETRIC_REPRESENTATION_CONTEXT() REPRESENTATION_CONTEXT('2D SPACE',''
  ) );
#5054 = ORIENTED_EDGE('',*,*,#4881,.F.);
#5055 = ADVANCED_FACE('',(#5056),#4513,.T.);
#5056 = FACE_BOUND('',#5057,.T.);
#5057 = EDGE_LOOP('',(#5058,#5059,#5060,#5081));
#5058 = ORIENTED_EDGE('',*,*,#4957,.T.);
#5059 = ORIENTED_EDGE('',*,*,#4724,.F.);
#5060 = ORIENTED_EDGE('',*,*,#5061,.F.);
#5061 = EDGE_CURVE('',#4465,#4725,#5062,.T.);
#5062 = SURFACE_CURVE('',#5063,(#5067,#5074),.PCURVE_S1.);
#5063 = LINE('',#5064,#5065);
#5064 = CARTESIAN_POINT('',(-5.8,7.865,-3.45));
#5065 = VECTOR('',#5066,1.);
#5066 = DIRECTION('',(-2.22044604925E-16,1.,0.));
#5067 = PCURVE('',#4513,#5068);
#5068 = DEFINITIONAL_REPRESENTATION('',(#5069),#5073);
#5069 = LINE('',#5070,#5071);
#5070 = CARTESIAN_POINT('',(3.14159265359,18.78506769425));
#5071 = VECTOR('',#5072,1.);
#5072 = DIRECTION('',(0.,1.));
#5073 = ( GEOMETRIC_REPRESENTATION_CONTEXT(2) 
PARAMETRIC_REPRESENTATION_CONTEXT() REPRESENTATION_CONTEXT('2D SPACE',''
  ) );
#5074 = PCURVE('',#4480,#5075);
#5075 = DEFINITIONAL_REPRESENTATION('',(#5076),#5080);
#5076 = LINE('',#5077,#5078);
#5077 = CARTESIAN_POINT('',(-4.17112293466E-15,18.78506769425));
#5078 = VECTOR('',#5079,1.);
#5079 = DIRECTION('',(-2.22044604925E-16,1.));
#5080 = ( GEOMETRIC_REPRESENTATION_CONTEXT(2) 
PARAMETRIC_REPRESENTATION_CONTEXT() REPRESENTATION_CONTEXT('2D SPACE',''
  ) );
#5081 = ORIENTED_EDGE('',*,*,#4492,.T.);
#5082 = ADVANCED_FACE('',(#5083),#5022,.T.);
#5083 = FACE_BOUND('',#5084,.T.);
#5084 = EDGE_LOOP('',(#5085,#5086,#5110,#5138));
#5085 = ORIENTED_EDGE('',*,*,#5006,.T.);
#5086 = ORIENTED_EDGE('',*,*,#5087,.F.);
#5087 = EDGE_CURVE('',#5088,#5007,#5090,.T.);
#5088 = VERTEX_POINT('',#5089);
#5089 = CARTESIAN_POINT('',(-5.8,-7.865,-3.45));
#5090 = SURFACE_CURVE('',#5091,(#5096,#5103),.PCURVE_S1.);
#5091 = CIRCLE('',#5092,0.55);
#5092 = AXIS2_PLACEMENT_3D('',#5093,#5094,#5095);
#5093 = CARTESIAN_POINT('',(-6.35,-7.865,-3.45));
#5094 = DIRECTION('',(4.930380657631E-32,1.,2.22044604925E-16));
#5095 = DIRECTION('',(1.,0.,-2.22044604925E-16));
#5096 = PCURVE('',#5022,#5097);
#5097 = DEFINITIONAL_REPRESENTATION('',(#5098),#5102);
#5098 = LINE('',#5099,#5100);
#5099 = CARTESIAN_POINT('',(3.14159265359,3.05506769425));
#5100 = VECTOR('',#5101,1.);
#5101 = DIRECTION('',(1.,0.));
#5102 = ( GEOMETRIC_REPRESENTATION_CONTEXT(2) 
PARAMETRIC_REPRESENTATION_CONTEXT() REPRESENTATION_CONTEXT('2D SPACE',''
  ) );
#5103 = PCURVE('',#1960,#5104);
#5104 = DEFINITIONAL_REPRESENTATION('',(#5105),#5109);
#5105 = CIRCLE('',#5106,0.55);
#5106 = AXIS2_PLACEMENT_2D('',#5107,#5108);
#5107 = CARTESIAN_POINT('',(2.1,3.67));
#5108 = DIRECTION('',(1.,2.22044604925E-16));
#5109 = ( GEOMETRIC_REPRESENTATION_CONTEXT(2) 
PARAMETRIC_REPRESENTATION_CONTEXT() REPRESENTATION_CONTEXT('2D SPACE',''
  ) );
#5110 = ORIENTED_EDGE('',*,*,#5111,.F.);
#5111 = EDGE_CURVE('',#5112,#5088,#5114,.T.);
#5112 = VERTEX_POINT('',#5113);
#5113 = CARTESIAN_POINT('',(-5.8,-8.365,-3.45));
#5114 = SURFACE_CURVE('',#5115,(#5119,#5126),.PCURVE_S1.);
#5115 = LINE('',#5116,#5117);
#5116 = CARTESIAN_POINT('',(-5.8,-8.365,-3.45));
#5117 = VECTOR('',#5118,1.);
#5118 = DIRECTION('',(-2.22044604925E-16,1.,0.));
#5119 = PCURVE('',#5022,#5120);
#5120 = DEFINITIONAL_REPRESENTATION('',(#5121),#5125);
#5121 = LINE('',#5122,#5123);
#5122 = CARTESIAN_POINT('',(3.14159265359,2.55506769425));
#5123 = VECTOR('',#5124,1.);
#5124 = DIRECTION('',(0.,1.));
#5125 = ( GEOMETRIC_REPRESENTATION_CONTEXT(2) 
PARAMETRIC_REPRESENTATION_CONTEXT() REPRESENTATION_CONTEXT('2D SPACE',''
  ) );
#5126 = PCURVE('',#5127,#5132);
#5127 = PLANE('',#5128);
#5128 = AXIS2_PLACEMENT_3D('',#5129,#5130,#5131);
#5129 = CARTESIAN_POINT('',(-5.8,-10.92006769425,-3.45));
#5130 = DIRECTION('',(-1.,0.,2.22044604925E-16));
#5131 = DIRECTION('',(0.,-2.22044604925E-16,1.));
#5132 = DEFINITIONAL_REPRESENTATION('',(#5133),#5137);
#5133 = LINE('',#5134,#5135);
#5134 = CARTESIAN_POINT('',(-5.673389967265E-16,2.55506769425));
#5135 = VECTOR('',#5136,1.);
#5136 = DIRECTION('',(-2.22044604925E-16,1.));
#5137 = ( GEOMETRIC_REPRESENTATION_CONTEXT(2) 
PARAMETRIC_REPRESENTATION_CONTEXT() REPRESENTATION_CONTEXT('2D SPACE',''
  ) );
#5138 = ORIENTED_EDGE('',*,*,#5139,.T.);
#5139 = EDGE_CURVE('',#5112,#4984,#5140,.T.);
#5140 = SURFACE_CURVE('',#5141,(#5146,#5153),.PCURVE_S1.);
#5141 = CIRCLE('',#5142,0.55);
#5142 = AXIS2_PLACEMENT_3D('',#5143,#5144,#5145);
#5143 = CARTESIAN_POINT('',(-6.35,-8.365,-3.45));
#5144 = DIRECTION('',(4.930380657631E-32,1.,2.22044604925E-16));
#5145 = DIRECTION('',(1.,0.,-2.22044604925E-16));
#5146 = PCURVE('',#5022,#5147);
#5147 = DEFINITIONAL_REPRESENTATION('',(#5148),#5152);
#5148 = LINE('',#5149,#5150);
#5149 = CARTESIAN_POINT('',(3.14159265359,2.55506769425));
#5150 = VECTOR('',#5151,1.);
#5151 = DIRECTION('',(1.,0.));
#5152 = ( GEOMETRIC_REPRESENTATION_CONTEXT(2) 
PARAMETRIC_REPRESENTATION_CONTEXT() REPRESENTATION_CONTEXT('2D SPACE',''
  ) );
#5153 = PCURVE('',#1906,#5154);
#5154 = DEFINITIONAL_REPRESENTATION('',(#5155),#5163);
#5155 = ( BOUNDED_CURVE() B_SPLINE_CURVE(2,(#5156,#5157,#5158,#5159,
#5160,#5161,#5162),.UNSPECIFIED.,.T.,.F.) B_SPLINE_CURVE_WITH_KNOTS((1,2
    ,2,2,2,1),(-2.094395102393,0.,2.094395102393,4.188790204786,
6.28318530718,8.377580409573),.UNSPECIFIED.) CURVE() 
GEOMETRIC_REPRESENTATION_ITEM() RATIONAL_B_SPLINE_CURVE((1.,0.5,1.,0.5,
1.,0.5,1.)) REPRESENTATION_ITEM('') );
#5156 = CARTESIAN_POINT('',(1.55,3.67));
#5157 = CARTESIAN_POINT('',(1.55,4.622627944163));
#5158 = CARTESIAN_POINT('',(2.375,4.146313972081));
#5159 = CARTESIAN_POINT('',(3.2,3.67));
#5160 = CARTESIAN_POINT('',(2.375,3.193686027919));
#5161 = CARTESIAN_POINT('',(1.55,2.717372055837));
#5162 = CARTESIAN_POINT('',(1.55,3.67));
#5163 = ( GEOMETRIC_REPRESENTATION_CONTEXT(2) 
PARAMETRIC_REPRESENTATION_CONTEXT() REPRESENTATION_CONTEXT('2D SPACE',''
  ) );
#5164 = ADVANCED_FACE('',(#5165),#4480,.F.);
#5165 = FACE_BOUND('',#5166,.F.);
#5166 = EDGE_LOOP('',(#5167,#5168,#5189,#5190));
#5167 = ORIENTED_EDGE('',*,*,#4464,.T.);
#5168 = ORIENTED_EDGE('',*,*,#5169,.T.);
#5169 = EDGE_CURVE('',#4437,#4749,#5170,.T.);
#5170 = SURFACE_CURVE('',#5171,(#5175,#5182),.PCURVE_S1.);
#5171 = LINE('',#5172,#5173);
#5172 = CARTESIAN_POINT('',(-5.8,7.865,3.586020369539E-15));
#5173 = VECTOR('',#5174,1.);
#5174 = DIRECTION('',(-2.22044604925E-16,1.,0.));
#5175 = PCURVE('',#4480,#5176);
#5176 = DEFINITIONAL_REPRESENTATION('',(#5177),#5181);
#5177 = LINE('',#5178,#5179);
#5178 = CARTESIAN_POINT('',(3.45,18.78506769425));
#5179 = VECTOR('',#5180,1.);
#5180 = DIRECTION('',(-2.22044604925E-16,1.));
#5181 = ( GEOMETRIC_REPRESENTATION_CONTEXT(2) 
PARAMETRIC_REPRESENTATION_CONTEXT() REPRESENTATION_CONTEXT('2D SPACE',''
  ) );
#5182 = PCURVE('',#4452,#5183);
#5183 = DEFINITIONAL_REPRESENTATION('',(#5184),#5188);
#5184 = LINE('',#5185,#5186);
#5185 = CARTESIAN_POINT('',(-7.105427357601E-15,18.78506769425));
#5186 = VECTOR('',#5187,1.);
#5187 = DIRECTION('',(-2.22044604925E-16,1.));
#5188 = ( GEOMETRIC_REPRESENTATION_CONTEXT(2) 
PARAMETRIC_REPRESENTATION_CONTEXT() REPRESENTATION_CONTEXT('2D SPACE',''
  ) );
#5189 = ORIENTED_EDGE('',*,*,#4748,.F.);
#5190 = ORIENTED_EDGE('',*,*,#5061,.F.);
#5191 = ADVANCED_FACE('',(#5192),#5127,.F.);
#5192 = FACE_BOUND('',#5193,.F.);
#5193 = EDGE_LOOP('',(#5194,#5217,#5245,#5266));
#5194 = ORIENTED_EDGE('',*,*,#5195,.T.);
#5195 = EDGE_CURVE('',#5112,#5196,#5198,.T.);
#5196 = VERTEX_POINT('',#5197);
#5197 = CARTESIAN_POINT('',(-5.8,-8.365,3.586020369539E-15));
#5198 = SURFACE_CURVE('',#5199,(#5203,#5210),.PCURVE_S1.);
#5199 = LINE('',#5200,#5201);
#5200 = CARTESIAN_POINT('',(-5.8,-8.365,-3.45));
#5201 = VECTOR('',#5202,1.);
#5202 = DIRECTION('',(0.,-2.22044604925E-16,1.));
#5203 = PCURVE('',#5127,#5204);
#5204 = DEFINITIONAL_REPRESENTATION('',(#5205),#5209);
#5205 = LINE('',#5206,#5207);
#5206 = CARTESIAN_POINT('',(-5.673389967265E-16,2.55506769425));
#5207 = VECTOR('',#5208,1.);
#5208 = DIRECTION('',(1.,-2.22044604925E-16));
#5209 = ( GEOMETRIC_REPRESENTATION_CONTEXT(2) 
PARAMETRIC_REPRESENTATION_CONTEXT() REPRESENTATION_CONTEXT('2D SPACE',''
  ) );
#5210 = PCURVE('',#1906,#5211);
#5211 = DEFINITIONAL_REPRESENTATION('',(#5212),#5216);
#5212 = LINE('',#5213,#5214);
#5213 = CARTESIAN_POINT('',(1.55,3.67));
#5214 = VECTOR('',#5215,1.);
#5215 = DIRECTION('',(2.22044604925E-16,-1.));
#5216 = ( GEOMETRIC_REPRESENTATION_CONTEXT(2) 
PARAMETRIC_REPRESENTATION_CONTEXT() REPRESENTATION_CONTEXT('2D SPACE',''
  ) );
#5217 = ORIENTED_EDGE('',*,*,#5218,.T.);
#5218 = EDGE_CURVE('',#5196,#5219,#5221,.T.);
#5219 = VERTEX_POINT('',#5220);
#5220 = CARTESIAN_POINT('',(-5.8,-7.865,3.586020369539E-15));
#5221 = SURFACE_CURVE('',#5222,(#5226,#5233),.PCURVE_S1.);
#5222 = LINE('',#5223,#5224);
#5223 = CARTESIAN_POINT('',(-5.8,-8.365,3.586020369539E-15));
#5224 = VECTOR('',#5225,1.);
#5225 = DIRECTION('',(-2.22044604925E-16,1.,0.));
#5226 = PCURVE('',#5127,#5227);
#5227 = DEFINITIONAL_REPRESENTATION('',(#5228),#5232);
#5228 = LINE('',#5229,#5230);
#5229 = CARTESIAN_POINT('',(3.45,2.55506769425));
#5230 = VECTOR('',#5231,1.);
#5231 = DIRECTION('',(-2.22044604925E-16,1.));
#5232 = ( GEOMETRIC_REPRESENTATION_CONTEXT(2) 
PARAMETRIC_REPRESENTATION_CONTEXT() REPRESENTATION_CONTEXT('2D SPACE',''
  ) );
#5233 = PCURVE('',#5234,#5239);
#5234 = PLANE('',#5235);
#5235 = AXIS2_PLACEMENT_3D('',#5236,#5237,#5238);
#5236 = CARTESIAN_POINT('',(-5.8,-10.92006769425,3.586020369539E-15));
#5237 = DIRECTION('',(0.,-2.22044604925E-16,1.));
#5238 = DIRECTION('',(1.,0.,-2.22044604925E-16));
#5239 = DEFINITIONAL_REPRESENTATION('',(#5240),#5244);
#5240 = LINE('',#5241,#5242);
#5241 = CARTESIAN_POINT('',(-1.259745633867E-31,2.55506769425));
#5242 = VECTOR('',#5243,1.);
#5243 = DIRECTION('',(-2.22044604925E-16,1.));
#5244 = ( GEOMETRIC_REPRESENTATION_CONTEXT(2) 
PARAMETRIC_REPRESENTATION_CONTEXT() REPRESENTATION_CONTEXT('2D SPACE',''
  ) );
#5245 = ORIENTED_EDGE('',*,*,#5246,.F.);
#5246 = EDGE_CURVE('',#5088,#5219,#5247,.T.);
#5247 = SURFACE_CURVE('',#5248,(#5252,#5259),.PCURVE_S1.);
#5248 = LINE('',#5249,#5250);
#5249 = CARTESIAN_POINT('',(-5.8,-7.865,-3.45));
#5250 = VECTOR('',#5251,1.);
#5251 = DIRECTION('',(0.,-2.22044604925E-16,1.));
#5252 = PCURVE('',#5127,#5253);
#5253 = DEFINITIONAL_REPRESENTATION('',(#5254),#5258);
#5254 = LINE('',#5255,#5256);
#5255 = CARTESIAN_POINT('',(-6.78361299189E-16,3.05506769425));
#5256 = VECTOR('',#5257,1.);
#5257 = DIRECTION('',(1.,-2.22044604925E-16));
#5258 = ( GEOMETRIC_REPRESENTATION_CONTEXT(2) 
PARAMETRIC_REPRESENTATION_CONTEXT() REPRESENTATION_CONTEXT('2D SPACE',''
  ) );
#5259 = PCURVE('',#1960,#5260);
#5260 = DEFINITIONAL_REPRESENTATION('',(#5261),#5265);
#5261 = LINE('',#5262,#5263);
#5262 = CARTESIAN_POINT('',(2.65,3.67));
#5263 = VECTOR('',#5264,1.);
#5264 = DIRECTION('',(-2.22044604925E-16,-1.));
#5265 = ( GEOMETRIC_REPRESENTATION_CONTEXT(2) 
PARAMETRIC_REPRESENTATION_CONTEXT() REPRESENTATION_CONTEXT('2D SPACE',''
  ) );
#5266 = ORIENTED_EDGE('',*,*,#5111,.F.);
#5267 = ADVANCED_FACE('',(#5268),#4452,.F.);
#5268 = FACE_BOUND('',#5269,.F.);
#5269 = EDGE_LOOP('',(#5270,#5271,#5272,#5273));
#5270 = ORIENTED_EDGE('',*,*,#4436,.F.);
#5271 = ORIENTED_EDGE('',*,*,#4631,.F.);
#5272 = ORIENTED_EDGE('',*,*,#4771,.T.);
#5273 = ORIENTED_EDGE('',*,*,#5169,.F.);
#5274 = ADVANCED_FACE('',(#5275),#5234,.F.);
#5275 = FACE_BOUND('',#5276,.F.);
#5276 = EDGE_LOOP('',(#5277,#5302,#5323,#5324));
#5277 = ORIENTED_EDGE('',*,*,#5278,.F.);
#5278 = EDGE_CURVE('',#5279,#5281,#5283,.T.);
#5279 = VERTEX_POINT('',#5280);
#5280 = CARTESIAN_POINT('',(-4.25,-7.865,3.241851231905E-15));
#5281 = VERTEX_POINT('',#5282);
#5282 = CARTESIAN_POINT('',(-4.25,-8.365,3.241851231905E-15));
#5283 = SURFACE_CURVE('',#5284,(#5288,#5295),.PCURVE_S1.);
#5284 = LINE('',#5285,#5286);
#5285 = CARTESIAN_POINT('',(-4.25,-7.865,3.241851231905E-15));
#5286 = VECTOR('',#5287,1.);
#5287 = DIRECTION('',(2.22044604925E-16,-1.,0.));
#5288 = PCURVE('',#5234,#5289);
#5289 = DEFINITIONAL_REPRESENTATION('',(#5290),#5294);
#5290 = LINE('',#5291,#5292);
#5291 = CARTESIAN_POINT('',(1.55,3.05506769425));
#5292 = VECTOR('',#5293,1.);
#5293 = DIRECTION('',(2.22044604925E-16,-1.));
#5294 = ( GEOMETRIC_REPRESENTATION_CONTEXT(2) 
PARAMETRIC_REPRESENTATION_CONTEXT() REPRESENTATION_CONTEXT('2D SPACE',''
  ) );
#5295 = PCURVE('',#1878,#5296);
#5296 = DEFINITIONAL_REPRESENTATION('',(#5297),#5301);
#5297 = LINE('',#5298,#5299);
#5298 = CARTESIAN_POINT('',(0.,0.22));
#5299 = VECTOR('',#5300,1.);
#5300 = DIRECTION('',(1.,-2.22044604925E-16));
#5301 = ( GEOMETRIC_REPRESENTATION_CONTEXT(2) 
PARAMETRIC_REPRESENTATION_CONTEXT() REPRESENTATION_CONTEXT('2D SPACE',''
  ) );
#5302 = ORIENTED_EDGE('',*,*,#5303,.T.);
#5303 = EDGE_CURVE('',#5279,#5219,#5304,.T.);
#5304 = SURFACE_CURVE('',#5305,(#5309,#5316),.PCURVE_S1.);
#5305 = LINE('',#5306,#5307);
#5306 = CARTESIAN_POINT('',(-4.25,-7.865,3.241851231905E-15));
#5307 = VECTOR('',#5308,1.);
#5308 = DIRECTION('',(-1.,0.,2.22044604925E-16));
#5309 = PCURVE('',#5234,#5310);
#5310 = DEFINITIONAL_REPRESENTATION('',(#5311),#5315);
#5311 = LINE('',#5312,#5313);
#5312 = CARTESIAN_POINT('',(1.55,3.05506769425));
#5313 = VECTOR('',#5314,1.);
#5314 = DIRECTION('',(-1.,2.22044604925E-16));
#5315 = ( GEOMETRIC_REPRESENTATION_CONTEXT(2) 
PARAMETRIC_REPRESENTATION_CONTEXT() REPRESENTATION_CONTEXT('2D SPACE',''
  ) );
#5316 = PCURVE('',#1960,#5317);
#5317 = DEFINITIONAL_REPRESENTATION('',(#5318),#5322);
#5318 = LINE('',#5319,#5320);
#5319 = CARTESIAN_POINT('',(4.2,0.22));
#5320 = VECTOR('',#5321,1.);
#5321 = DIRECTION('',(-1.,-2.22044604925E-16));
#5322 = ( GEOMETRIC_REPRESENTATION_CONTEXT(2) 
PARAMETRIC_REPRESENTATION_CONTEXT() REPRESENTATION_CONTEXT('2D SPACE',''
  ) );
#5323 = ORIENTED_EDGE('',*,*,#5218,.F.);
#5324 = ORIENTED_EDGE('',*,*,#5325,.F.);
#5325 = EDGE_CURVE('',#5281,#5196,#5326,.T.);
#5326 = SURFACE_CURVE('',#5327,(#5331,#5338),.PCURVE_S1.);
#5327 = LINE('',#5328,#5329);
#5328 = CARTESIAN_POINT('',(-4.25,-8.365,3.241851231905E-15));
#5329 = VECTOR('',#5330,1.);
#5330 = DIRECTION('',(-1.,0.,2.22044604925E-16));
#5331 = PCURVE('',#5234,#5332);
#5332 = DEFINITIONAL_REPRESENTATION('',(#5333),#5337);
#5333 = LINE('',#5334,#5335);
#5334 = CARTESIAN_POINT('',(1.55,2.55506769425));
#5335 = VECTOR('',#5336,1.);
#5336 = DIRECTION('',(-1.,2.22044604925E-16));
#5337 = ( GEOMETRIC_REPRESENTATION_CONTEXT(2) 
PARAMETRIC_REPRESENTATION_CONTEXT() REPRESENTATION_CONTEXT('2D SPACE',''
  ) );
#5338 = PCURVE('',#1906,#5339);
#5339 = DEFINITIONAL_REPRESENTATION('',(#5340),#5344);
#5340 = LINE('',#5341,#5342);
#5341 = CARTESIAN_POINT('',(-4.884981308351E-17,0.22));
#5342 = VECTOR('',#5343,1.);
#5343 = DIRECTION('',(1.,-2.22044604925E-16));
#5344 = ( GEOMETRIC_REPRESENTATION_CONTEXT(2) 
PARAMETRIC_REPRESENTATION_CONTEXT() REPRESENTATION_CONTEXT('2D SPACE',''
  ) );
#5345 = ADVANCED_FACE('',(#5346),#1878,.T.);
#5346 = FACE_BOUND('',#5347,.F.);
#5347 = EDGE_LOOP('',(#5348,#5369,#5370,#5391));
#5348 = ORIENTED_EDGE('',*,*,#5349,.T.);
#5349 = EDGE_CURVE('',#1861,#5279,#5350,.T.);
#5350 = SURFACE_CURVE('',#5351,(#5355,#5362),.PCURVE_S1.);
#5351 = LINE('',#5352,#5353);
#5352 = CARTESIAN_POINT('',(-4.25,-7.865,0.22));
#5353 = VECTOR('',#5354,1.);
#5354 = DIRECTION('',(0.,2.22044604925E-16,-1.));
#5355 = PCURVE('',#1878,#5356);
#5356 = DEFINITIONAL_REPRESENTATION('',(#5357),#5361);
#5357 = LINE('',#5358,#5359);
#5358 = CARTESIAN_POINT('',(0.,0.));
#5359 = VECTOR('',#5360,1.);
#5360 = DIRECTION('',(-2.22044604925E-16,1.));
#5361 = ( GEOMETRIC_REPRESENTATION_CONTEXT(2) 
PARAMETRIC_REPRESENTATION_CONTEXT() REPRESENTATION_CONTEXT('2D SPACE',''
  ) );
#5362 = PCURVE('',#1960,#5363);
#5363 = DEFINITIONAL_REPRESENTATION('',(#5364),#5368);
#5364 = LINE('',#5365,#5366);
#5365 = CARTESIAN_POINT('',(4.2,9.159339953158E-16));
#5366 = VECTOR('',#5367,1.);
#5367 = DIRECTION('',(2.22044604925E-16,1.));
#5368 = ( GEOMETRIC_REPRESENTATION_CONTEXT(2) 
PARAMETRIC_REPRESENTATION_CONTEXT() REPRESENTATION_CONTEXT('2D SPACE',''
  ) );
#5369 = ORIENTED_EDGE('',*,*,#5278,.T.);
#5370 = ORIENTED_EDGE('',*,*,#5371,.F.);
#5371 = EDGE_CURVE('',#1863,#5281,#5372,.T.);
#5372 = SURFACE_CURVE('',#5373,(#5377,#5384),.PCURVE_S1.);
#5373 = LINE('',#5374,#5375);
#5374 = CARTESIAN_POINT('',(-4.25,-8.365,0.22));
#5375 = VECTOR('',#5376,1.);
#5376 = DIRECTION('',(0.,2.22044604925E-16,-1.));
#5377 = PCURVE('',#1878,#5378);
#5378 = DEFINITIONAL_REPRESENTATION('',(#5379),#5383);
#5379 = LINE('',#5380,#5381);
#5380 = CARTESIAN_POINT('',(0.5,-1.110223024625E-16));
#5381 = VECTOR('',#5382,1.);
#5382 = DIRECTION('',(-2.22044604925E-16,1.));
#5383 = ( GEOMETRIC_REPRESENTATION_CONTEXT(2) 
PARAMETRIC_REPRESENTATION_CONTEXT() REPRESENTATION_CONTEXT('2D SPACE',''
  ) );
#5384 = PCURVE('',#1906,#5385);
#5385 = DEFINITIONAL_REPRESENTATION('',(#5386),#5390);
#5386 = LINE('',#5387,#5388);
#5387 = CARTESIAN_POINT('',(0.,0.));
#5388 = VECTOR('',#5389,1.);
#5389 = DIRECTION('',(-2.22044604925E-16,1.));
#5390 = ( GEOMETRIC_REPRESENTATION_CONTEXT(2) 
PARAMETRIC_REPRESENTATION_CONTEXT() REPRESENTATION_CONTEXT('2D SPACE',''
  ) );
#5391 = ORIENTED_EDGE('',*,*,#1860,.F.);
#5392 = ADVANCED_FACE('',(#5393),#1960,.T.);
#5393 = FACE_BOUND('',#5394,.F.);
#5394 = EDGE_LOOP('',(#5395,#5396,#5397,#5418,#5419,#5420,#5421,#5422));
#5395 = ORIENTED_EDGE('',*,*,#5349,.F.);
#5396 = ORIENTED_EDGE('',*,*,#1946,.F.);
#5397 = ORIENTED_EDGE('',*,*,#5398,.T.);
#5398 = EDGE_CURVE('',#1919,#4910,#5399,.T.);
#5399 = SURFACE_CURVE('',#5400,(#5404,#5411),.PCURVE_S1.);
#5400 = LINE('',#5401,#5402);
#5401 = CARTESIAN_POINT('',(-8.45,-7.865,0.22));
#5402 = VECTOR('',#5403,1.);
#5403 = DIRECTION('',(0.,2.22044604925E-16,-1.));
#5404 = PCURVE('',#1960,#5405);
#5405 = DEFINITIONAL_REPRESENTATION('',(#5406),#5410);
#5406 = LINE('',#5407,#5408);
#5407 = CARTESIAN_POINT('',(0.,0.));
#5408 = VECTOR('',#5409,1.);
#5409 = DIRECTION('',(2.22044604925E-16,1.));
#5410 = ( GEOMETRIC_REPRESENTATION_CONTEXT(2) 
PARAMETRIC_REPRESENTATION_CONTEXT() REPRESENTATION_CONTEXT('2D SPACE',''
  ) );
#5411 = PCURVE('',#1934,#5412);
#5412 = DEFINITIONAL_REPRESENTATION('',(#5413),#5417);
#5413 = LINE('',#5414,#5415);
#5414 = CARTESIAN_POINT('',(0.5,1.110223024625E-16));
#5415 = VECTOR('',#5416,1.);
#5416 = DIRECTION('',(2.22044604925E-16,1.));
#5417 = ( GEOMETRIC_REPRESENTATION_CONTEXT(2) 
PARAMETRIC_REPRESENTATION_CONTEXT() REPRESENTATION_CONTEXT('2D SPACE',''
  ) );
#5418 = ORIENTED_EDGE('',*,*,#4909,.T.);
#5419 = ORIENTED_EDGE('',*,*,#5034,.T.);
#5420 = ORIENTED_EDGE('',*,*,#5087,.F.);
#5421 = ORIENTED_EDGE('',*,*,#5246,.T.);
#5422 = ORIENTED_EDGE('',*,*,#5303,.F.);
#5423 = ADVANCED_FACE('',(#5424),#1934,.T.);
#5424 = FACE_BOUND('',#5425,.F.);
#5425 = EDGE_LOOP('',(#5426,#5447,#5448,#5449));
#5426 = ORIENTED_EDGE('',*,*,#5427,.T.);
#5427 = EDGE_CURVE('',#1891,#4852,#5428,.T.);
#5428 = SURFACE_CURVE('',#5429,(#5433,#5440),.PCURVE_S1.);
#5429 = LINE('',#5430,#5431);
#5430 = CARTESIAN_POINT('',(-8.45,-8.365,0.22));
#5431 = VECTOR('',#5432,1.);
#5432 = DIRECTION('',(0.,2.22044604925E-16,-1.));
#5433 = PCURVE('',#1934,#5434);
#5434 = DEFINITIONAL_REPRESENTATION('',(#5435),#5439);
#5435 = LINE('',#5436,#5437);
#5436 = CARTESIAN_POINT('',(0.,0.));
#5437 = VECTOR('',#5438,1.);
#5438 = DIRECTION('',(2.22044604925E-16,1.));
#5439 = ( GEOMETRIC_REPRESENTATION_CONTEXT(2) 
PARAMETRIC_REPRESENTATION_CONTEXT() REPRESENTATION_CONTEXT('2D SPACE',''
  ) );
#5440 = PCURVE('',#1906,#5441);
#5441 = DEFINITIONAL_REPRESENTATION('',(#5442),#5446);
#5442 = LINE('',#5443,#5444);
#5443 = CARTESIAN_POINT('',(4.2,-9.159339953158E-16));
#5444 = VECTOR('',#5445,1.);
#5445 = DIRECTION('',(-2.22044604925E-16,1.));
#5446 = ( GEOMETRIC_REPRESENTATION_CONTEXT(2) 
PARAMETRIC_REPRESENTATION_CONTEXT() REPRESENTATION_CONTEXT('2D SPACE',''
  ) );
#5447 = ORIENTED_EDGE('',*,*,#4932,.T.);
#5448 = ORIENTED_EDGE('',*,*,#5398,.F.);
#5449 = ORIENTED_EDGE('',*,*,#1918,.F.);
#5450 = ADVANCED_FACE('',(#5451),#1906,.T.);
#5451 = FACE_BOUND('',#5452,.F.);
#5452 = EDGE_LOOP('',(#5453,#5454,#5455,#5456,#5457,#5458,#5459,#5460));
#5453 = ORIENTED_EDGE('',*,*,#5371,.T.);
#5454 = ORIENTED_EDGE('',*,*,#5325,.T.);
#5455 = ORIENTED_EDGE('',*,*,#5195,.F.);
#5456 = ORIENTED_EDGE('',*,*,#5139,.T.);
#5457 = ORIENTED_EDGE('',*,*,#4983,.F.);
#5458 = ORIENTED_EDGE('',*,*,#4851,.F.);
#5459 = ORIENTED_EDGE('',*,*,#5427,.F.);
#5460 = ORIENTED_EDGE('',*,*,#1890,.F.);
#5461 = ADVANCED_FACE('',(#5462),#305,.T.);
#5462 = FACE_BOUND('',#5463,.T.);
#5463 = EDGE_LOOP('',(#5464,#5487,#5516,#5537));
#5464 = ORIENTED_EDGE('',*,*,#5465,.T.);
#5465 = EDGE_CURVE('',#283,#5466,#5468,.T.);
#5466 = VERTEX_POINT('',#5467);
#5467 = CARTESIAN_POINT('',(13.35,-3.073097332162E-15,13.84));
#5468 = SURFACE_CURVE('',#5469,(#5473,#5480),.PCURVE_S1.);
#5469 = LINE('',#5470,#5471);
#5470 = CARTESIAN_POINT('',(10.35,-3.073097332162E-15,13.84));
#5471 = VECTOR('',#5472,1.);
#5472 = DIRECTION('',(1.,0.,-2.22044604925E-16));
#5473 = PCURVE('',#305,#5474);
#5474 = DEFINITIONAL_REPRESENTATION('',(#5475),#5479);
#5475 = LINE('',#5476,#5477);
#5476 = CARTESIAN_POINT('',(3.14159265359,4.3265));
#5477 = VECTOR('',#5478,1.);
#5478 = DIRECTION('',(0.,-1.));
#5479 = ( GEOMETRIC_REPRESENTATION_CONTEXT(2) 
PARAMETRIC_REPRESENTATION_CONTEXT() REPRESENTATION_CONTEXT('2D SPACE',''
  ) );
#5480 = PCURVE('',#336,#5481);
#5481 = DEFINITIONAL_REPRESENTATION('',(#5482),#5486);
#5482 = LINE('',#5483,#5484);
#5483 = CARTESIAN_POINT('',(3.14159265359,4.3265));
#5484 = VECTOR('',#5485,1.);
#5485 = DIRECTION('',(0.,-1.));
#5486 = ( GEOMETRIC_REPRESENTATION_CONTEXT(2) 
PARAMETRIC_REPRESENTATION_CONTEXT() REPRESENTATION_CONTEXT('2D SPACE',''
  ) );
#5487 = ORIENTED_EDGE('',*,*,#5488,.T.);
#5488 = EDGE_CURVE('',#5466,#5489,#5491,.T.);
#5489 = VERTEX_POINT('',#5490);
#5490 = CARTESIAN_POINT('',(13.35,-5.417888360171E-16,2.44));
#5491 = SURFACE_CURVE('',#5492,(#5497,#5504),.PCURVE_S1.);
#5492 = CIRCLE('',#5493,5.7);
#5493 = AXIS2_PLACEMENT_3D('',#5494,#5495,#5496);
#5494 = CARTESIAN_POINT('',(13.35,-1.80744308409E-15,8.14));
#5495 = DIRECTION('',(-1.,-2.22044604925E-16,-4.930380657631E-32));
#5496 = DIRECTION('',(0.,-2.22044604925E-16,1.));
#5497 = PCURVE('',#305,#5498);
#5498 = DEFINITIONAL_REPRESENTATION('',(#5499),#5503);
#5499 = LINE('',#5500,#5501);
#5500 = CARTESIAN_POINT('',(3.14159265359,1.3265));
#5501 = VECTOR('',#5502,1.);
#5502 = DIRECTION('',(1.,0.));
#5503 = ( GEOMETRIC_REPRESENTATION_CONTEXT(2) 
PARAMETRIC_REPRESENTATION_CONTEXT() REPRESENTATION_CONTEXT('2D SPACE',''
  ) );
#5504 = PCURVE('',#5505,#5510);
#5505 = PLANE('',#5506);
#5506 = AXIS2_PLACEMENT_3D('',#5507,#5508,#5509);
#5507 = CARTESIAN_POINT('',(13.35,-1.80744308409E-15,8.14));
#5508 = DIRECTION('',(-1.,0.,2.22044604925E-16));
#5509 = DIRECTION('',(0.,2.22044604925E-16,-1.));
#5510 = DEFINITIONAL_REPRESENTATION('',(#5511),#5515);
#5511 = CIRCLE('',#5512,5.7);
#5512 = AXIS2_PLACEMENT_2D('',#5513,#5514);
#5513 = CARTESIAN_POINT('',(0.,0.));
#5514 = DIRECTION('',(-1.,2.22044604925E-16));
#5515 = ( GEOMETRIC_REPRESENTATION_CONTEXT(2) 
PARAMETRIC_REPRESENTATION_CONTEXT() REPRESENTATION_CONTEXT('2D SPACE',''
  ) );
#5516 = ORIENTED_EDGE('',*,*,#5517,.F.);
#5517 = EDGE_CURVE('',#285,#5489,#5518,.T.);
#5518 = SURFACE_CURVE('',#5519,(#5523,#5530),.PCURVE_S1.);
#5519 = LINE('',#5520,#5521);
#5520 = CARTESIAN_POINT('',(10.35,-5.417888360171E-16,2.44));
#5521 = VECTOR('',#5522,1.);
#5522 = DIRECTION('',(1.,0.,-2.22044604925E-16));
#5523 = PCURVE('',#305,#5524);
#5524 = DEFINITIONAL_REPRESENTATION('',(#5525),#5529);
#5525 = LINE('',#5526,#5527);
#5526 = CARTESIAN_POINT('',(6.28318530718,4.3265));
#5527 = VECTOR('',#5528,1.);
#5528 = DIRECTION('',(0.,-1.));
#5529 = ( GEOMETRIC_REPRESENTATION_CONTEXT(2) 
PARAMETRIC_REPRESENTATION_CONTEXT() REPRESENTATION_CONTEXT('2D SPACE',''
  ) );
#5530 = PCURVE('',#336,#5531);
#5531 = DEFINITIONAL_REPRESENTATION('',(#5532),#5536);
#5532 = LINE('',#5533,#5534);
#5533 = CARTESIAN_POINT('',(0.,4.3265));
#5534 = VECTOR('',#5535,1.);
#5535 = DIRECTION('',(0.,-1.));
#5536 = ( GEOMETRIC_REPRESENTATION_CONTEXT(2) 
PARAMETRIC_REPRESENTATION_CONTEXT() REPRESENTATION_CONTEXT('2D SPACE',''
  ) );
#5537 = ORIENTED_EDGE('',*,*,#282,.F.);
#5538 = ADVANCED_FACE('',(#5539),#336,.T.);
#5539 = FACE_BOUND('',#5540,.T.);
#5540 = EDGE_LOOP('',(#5541,#5542,#5568,#5569));
#5541 = ORIENTED_EDGE('',*,*,#5517,.T.);
#5542 = ORIENTED_EDGE('',*,*,#5543,.F.);
#5543 = EDGE_CURVE('',#5466,#5489,#5544,.T.);
#5544 = SURFACE_CURVE('',#5545,(#5550,#5557),.PCURVE_S1.);
#5545 = CIRCLE('',#5546,5.7);
#5546 = AXIS2_PLACEMENT_3D('',#5547,#5548,#5549);
#5547 = CARTESIAN_POINT('',(13.35,-1.80744308409E-15,8.14));
#5548 = DIRECTION('',(1.,2.22044604925E-16,4.930380657631E-32));
#5549 = DIRECTION('',(0.,-2.22044604925E-16,1.));
#5550 = PCURVE('',#336,#5551);
#5551 = DEFINITIONAL_REPRESENTATION('',(#5552),#5556);
#5552 = LINE('',#5553,#5554);
#5553 = CARTESIAN_POINT('',(3.14159265359,1.3265));
#5554 = VECTOR('',#5555,1.);
#5555 = DIRECTION('',(-1.,0.));
#5556 = ( GEOMETRIC_REPRESENTATION_CONTEXT(2) 
PARAMETRIC_REPRESENTATION_CONTEXT() REPRESENTATION_CONTEXT('2D SPACE',''
  ) );
#5557 = PCURVE('',#5505,#5558);
#5558 = DEFINITIONAL_REPRESENTATION('',(#5559),#5567);
#5559 = ( BOUNDED_CURVE() B_SPLINE_CURVE(2,(#5560,#5561,#5562,#5563,
#5564,#5565,#5566),.UNSPECIFIED.,.T.,.F.) B_SPLINE_CURVE_WITH_KNOTS((1,2
    ,2,2,2,1),(-2.094395102393,0.,2.094395102393,4.188790204786,
6.28318530718,8.377580409573),.UNSPECIFIED.) CURVE() 
GEOMETRIC_REPRESENTATION_ITEM() RATIONAL_B_SPLINE_CURVE((1.,0.5,1.,0.5,
1.,0.5,1.)) REPRESENTATION_ITEM('') );
#5560 = CARTESIAN_POINT('',(-5.7,1.265654248073E-15));
#5561 = CARTESIAN_POINT('',(-5.7,9.872689603143));
#5562 = CARTESIAN_POINT('',(2.85,4.936344801571));
#5563 = CARTESIAN_POINT('',(11.4,-1.135211145117E-15));
#5564 = CARTESIAN_POINT('',(2.85,-4.936344801571));
#5565 = CARTESIAN_POINT('',(-5.7,-9.872689603143));
#5566 = CARTESIAN_POINT('',(-5.7,1.265654248073E-15));
#5567 = ( GEOMETRIC_REPRESENTATION_CONTEXT(2) 
PARAMETRIC_REPRESENTATION_CONTEXT() REPRESENTATION_CONTEXT('2D SPACE',''
  ) );
#5568 = ORIENTED_EDGE('',*,*,#5465,.F.);
#5569 = ORIENTED_EDGE('',*,*,#317,.F.);
#5570 = ADVANCED_FACE('',(#5571,#5575),#5505,.F.);
#5571 = FACE_BOUND('',#5572,.F.);
#5572 = EDGE_LOOP('',(#5573,#5574));
#5573 = ORIENTED_EDGE('',*,*,#5488,.T.);
#5574 = ORIENTED_EDGE('',*,*,#5543,.F.);
#5575 = FACE_BOUND('',#5576,.F.);
#5576 = EDGE_LOOP('',(#5577,#5607));
#5577 = ORIENTED_EDGE('',*,*,#5578,.T.);
#5578 = EDGE_CURVE('',#5579,#5581,#5583,.T.);
#5579 = VERTEX_POINT('',#5580);
#5580 = CARTESIAN_POINT('',(13.35,-2.728928194529E-15,12.29));
#5581 = VERTEX_POINT('',#5582);
#5582 = CARTESIAN_POINT('',(13.35,-8.859579736509E-16,3.99));
#5583 = SURFACE_CURVE('',#5584,(#5589,#5600),.PCURVE_S1.);
#5584 = CIRCLE('',#5585,4.15);
#5585 = AXIS2_PLACEMENT_3D('',#5586,#5587,#5588);
#5586 = CARTESIAN_POINT('',(13.35,-1.80744308409E-15,8.14));
#5587 = DIRECTION('',(1.,2.22044604925E-16,4.930380657631E-32));
#5588 = DIRECTION('',(0.,-2.22044604925E-16,1.));
#5589 = PCURVE('',#5505,#5590);
#5590 = DEFINITIONAL_REPRESENTATION('',(#5591),#5599);
#5591 = ( BOUNDED_CURVE() B_SPLINE_CURVE(2,(#5592,#5593,#5594,#5595,
#5596,#5597,#5598),.UNSPECIFIED.,.T.,.F.) B_SPLINE_CURVE_WITH_KNOTS((1,2
    ,2,2,2,1),(-2.094395102393,0.,2.094395102393,4.188790204786,
6.28318530718,8.377580409573),.UNSPECIFIED.) CURVE() 
GEOMETRIC_REPRESENTATION_ITEM() RATIONAL_B_SPLINE_CURVE((1.,0.5,1.,0.5,
1.,0.5,1.)) REPRESENTATION_ITEM('') );
#5592 = CARTESIAN_POINT('',(-4.15,9.214851104389E-16));
#5593 = CARTESIAN_POINT('',(-4.15,7.188010851411));
#5594 = CARTESIAN_POINT('',(2.075,3.594005425705));
#5595 = CARTESIAN_POINT('',(8.3,-8.265133775855E-16));
#5596 = CARTESIAN_POINT('',(2.075,-3.594005425705));
#5597 = CARTESIAN_POINT('',(-4.15,-7.188010851411));
#5598 = CARTESIAN_POINT('',(-4.15,9.214851104389E-16));
#5599 = ( GEOMETRIC_REPRESENTATION_CONTEXT(2) 
PARAMETRIC_REPRESENTATION_CONTEXT() REPRESENTATION_CONTEXT('2D SPACE',''
  ) );
#5600 = PCURVE('',#410,#5601);
#5601 = DEFINITIONAL_REPRESENTATION('',(#5602),#5606);
#5602 = LINE('',#5603,#5604);
#5603 = CARTESIAN_POINT('',(3.14159265359,1.3265));
#5604 = VECTOR('',#5605,1.);
#5605 = DIRECTION('',(-1.,0.));
#5606 = ( GEOMETRIC_REPRESENTATION_CONTEXT(2) 
PARAMETRIC_REPRESENTATION_CONTEXT() REPRESENTATION_CONTEXT('2D SPACE',''
  ) );
#5607 = ORIENTED_EDGE('',*,*,#5608,.F.);
#5608 = EDGE_CURVE('',#5579,#5581,#5609,.T.);
#5609 = SURFACE_CURVE('',#5610,(#5615,#5622),.PCURVE_S1.);
#5610 = CIRCLE('',#5611,4.15);
#5611 = AXIS2_PLACEMENT_3D('',#5612,#5613,#5614);
#5612 = CARTESIAN_POINT('',(13.35,-1.80744308409E-15,8.14));
#5613 = DIRECTION('',(-1.,-2.22044604925E-16,-4.930380657631E-32));
#5614 = DIRECTION('',(0.,-2.22044604925E-16,1.));
#5615 = PCURVE('',#5505,#5616);
#5616 = DEFINITIONAL_REPRESENTATION('',(#5617),#5621);
#5617 = CIRCLE('',#5618,4.15);
#5618 = AXIS2_PLACEMENT_2D('',#5619,#5620);
#5619 = CARTESIAN_POINT('',(0.,0.));
#5620 = DIRECTION('',(-1.,2.22044604925E-16));
#5621 = ( GEOMETRIC_REPRESENTATION_CONTEXT(2) 
PARAMETRIC_REPRESENTATION_CONTEXT() REPRESENTATION_CONTEXT('2D SPACE',''
  ) );
#5622 = PCURVE('',#379,#5623);
#5623 = DEFINITIONAL_REPRESENTATION('',(#5624),#5628);
#5624 = LINE('',#5625,#5626);
#5625 = CARTESIAN_POINT('',(3.14159265359,1.3265));
#5626 = VECTOR('',#5627,1.);
#5627 = DIRECTION('',(1.,0.));
#5628 = ( GEOMETRIC_REPRESENTATION_CONTEXT(2) 
PARAMETRIC_REPRESENTATION_CONTEXT() REPRESENTATION_CONTEXT('2D SPACE',''
  ) );
#5629 = ADVANCED_FACE('',(#5630),#410,.F.);
#5630 = FACE_BOUND('',#5631,.F.);
#5631 = EDGE_LOOP('',(#5632,#5633,#5654,#5655));
#5632 = ORIENTED_EDGE('',*,*,#391,.F.);
#5633 = ORIENTED_EDGE('',*,*,#5634,.F.);
#5634 = EDGE_CURVE('',#5581,#354,#5635,.T.);
#5635 = SURFACE_CURVE('',#5636,(#5640,#5647),.PCURVE_S1.);
#5636 = LINE('',#5637,#5638);
#5637 = CARTESIAN_POINT('',(13.35,-8.859579736509E-16,3.99));
#5638 = VECTOR('',#5639,1.);
#5639 = DIRECTION('',(-1.,0.,2.22044604925E-16));
#5640 = PCURVE('',#410,#5641);
#5641 = DEFINITIONAL_REPRESENTATION('',(#5642),#5646);
#5642 = LINE('',#5643,#5644);
#5643 = CARTESIAN_POINT('',(0.,1.3265));
#5644 = VECTOR('',#5645,1.);
#5645 = DIRECTION('',(0.,1.));
#5646 = ( GEOMETRIC_REPRESENTATION_CONTEXT(2) 
PARAMETRIC_REPRESENTATION_CONTEXT() REPRESENTATION_CONTEXT('2D SPACE',''
  ) );
#5647 = PCURVE('',#379,#5648);
#5648 = DEFINITIONAL_REPRESENTATION('',(#5649),#5653);
#5649 = LINE('',#5650,#5651);
#5650 = CARTESIAN_POINT('',(6.28318530718,1.3265));
#5651 = VECTOR('',#5652,1.);
#5652 = DIRECTION('',(0.,1.));
#5653 = ( GEOMETRIC_REPRESENTATION_CONTEXT(2) 
PARAMETRIC_REPRESENTATION_CONTEXT() REPRESENTATION_CONTEXT('2D SPACE',''
  ) );
#5654 = ORIENTED_EDGE('',*,*,#5578,.F.);
#5655 = ORIENTED_EDGE('',*,*,#5656,.T.);
#5656 = EDGE_CURVE('',#5579,#352,#5657,.T.);
#5657 = SURFACE_CURVE('',#5658,(#5662,#5669),.PCURVE_S1.);
#5658 = LINE('',#5659,#5660);
#5659 = CARTESIAN_POINT('',(13.35,-2.728928194529E-15,12.29));
#5660 = VECTOR('',#5661,1.);
#5661 = DIRECTION('',(-1.,0.,2.22044604925E-16));
#5662 = PCURVE('',#410,#5663);
#5663 = DEFINITIONAL_REPRESENTATION('',(#5664),#5668);
#5664 = LINE('',#5665,#5666);
#5665 = CARTESIAN_POINT('',(3.14159265359,1.3265));
#5666 = VECTOR('',#5667,1.);
#5667 = DIRECTION('',(0.,1.));
#5668 = ( GEOMETRIC_REPRESENTATION_CONTEXT(2) 
PARAMETRIC_REPRESENTATION_CONTEXT() REPRESENTATION_CONTEXT('2D SPACE',''
  ) );
#5669 = PCURVE('',#379,#5670);
#5670 = DEFINITIONAL_REPRESENTATION('',(#5671),#5675);
#5671 = LINE('',#5672,#5673);
#5672 = CARTESIAN_POINT('',(3.14159265359,1.3265));
#5673 = VECTOR('',#5674,1.);
#5674 = DIRECTION('',(0.,1.));
#5675 = ( GEOMETRIC_REPRESENTATION_CONTEXT(2) 
PARAMETRIC_REPRESENTATION_CONTEXT() REPRESENTATION_CONTEXT('2D SPACE',''
  ) );
#5676 = ADVANCED_FACE('',(#5677),#379,.F.);
#5677 = FACE_BOUND('',#5678,.F.);
#5678 = EDGE_LOOP('',(#5679,#5680,#5681,#5682));
#5679 = ORIENTED_EDGE('',*,*,#351,.F.);
#5680 = ORIENTED_EDGE('',*,*,#5656,.F.);
#5681 = ORIENTED_EDGE('',*,*,#5608,.T.);
#5682 = ORIENTED_EDGE('',*,*,#5634,.T.);
#5683 = ( GEOMETRIC_REPRESENTATION_CONTEXT(3) 
GLOBAL_UNCERTAINTY_ASSIGNED_CONTEXT((#5687)) 
GLOBAL_UNIT_ASSIGNED_CONTEXT((#5684,#5685,#5686)) REPRESENTATION_CONTEXT
('Context #1','3D Context with UNIT and UNCERTAINTY') );
#5684 = ( LENGTH_UNIT() NAMED_UNIT(*) SI_UNIT(.MILLI.,.METRE.) );
#5685 = ( NAMED_UNIT(*) PLANE_ANGLE_UNIT() SI_UNIT($,.RADIAN.) );
#5686 = ( NAMED_UNIT(*) SI_UNIT($,.STERADIAN.) SOLID_ANGLE_UNIT() );
#5687 = UNCERTAINTY_MEASURE_WITH_UNIT(LENGTH_MEASURE(1.E-07),#5684,
  'distance_accuracy_value','confusion accuracy');
#5688 = PRODUCT_RELATED_PRODUCT_CATEGORY('part',$,(#7));
ENDSEC;
END-ISO-10303-21;
