#VRML V2.0 utf8
# 3D model generated by easyeda2kicad.py (https://github.com/uPesy/easyeda2kicad.py)

Shape{
    appearance Appearance {
        material  Material 	{
            diffuseColor 0.20784313725490197 0.20784313725490197 0.20784313725490197
            specularColor 0.01568627450980392 0.01568627450980392 0.01568627450980392
            ambientIntensity 0.298
            transparency 0.0
            shininess 0.5
        }
    }
    geometry IndexedFaceSet {
        ccw TRUE
        solid FALSE
        coord DEF co Coordinate {
            point [
                0.3937 0.8154 2.126, 0.3937 -0.8154 2.126, 0.4273 -0.7983 2.126, 0.8259 -0.3712 2.126, 0.8571 -0.2921 2.126, 0.4273 0.7983 2.126, 0.5688 -0.7046 2.126, 0.6323 -0.6482 2.126, 0.6903 -0.5861 2.126, 0.9045 -0.0425 2.126, 0.9045 0.0425 2.126, 0.5003 -0.7548 2.126, 0.7422 -0.5188 2.126, 0.7875 -0.4469 2.126, 0.8807 -0.2105 2.126, 0.8966 -0.1271 2.126, 0.8966 0.1271 2.126, 0.8807 0.2105 2.126, 0.5003 0.7548 2.126, 0.8571 0.2921 2.126, 0.8259 0.3712 2.126, 0.7875 0.4469 2.126, 0.6903 0.5861 2.126, 0.6323 0.6482 2.126, 0.5688 0.7046 2.126, 0.7422 0.5188 2.126, 0.3937 0.8323 2.1245, 0.3937 -0.9021 2.0472, 0.4526 -0.8735 2.0472, 0.3937 -0.9013 2.0578, 0.4632 -0.8654 2.0676, 0.3937 -0.8991 2.0676, 0.3937 -0.8991 2.0679, 0.4595 -0.8585 2.0866, 0.3937 -0.8904 2.0865, 0.3937 -0.8926 2.0832, 0.3937 -0.8618 2.1138, 0.3937 -0.8735 2.1058, 0.4536 -0.8474 2.1029, 0.3937 -0.8766 2.1027, 0.3937 -0.8856 2.0936, 0.4369 -0.8163 2.1233, 0.3937 -0.838 2.1231, 0.3937 -0.8454 2.1212, 0.3937 -0.8341 2.1242, 0.3937 0.8421 2.1222, 0.3937 0.838 2.1232, 0.4369 0.8163 2.1233, 0.3937 0.8669 2.1107, 0.3937 0.8592 2.1153, 0.4459 0.833 2.1154, 0.3937 0.8805 2.0994, 0.3937 0.8766 2.1027, 0.4536 0.8474 2.1029, 0.3937 0.8956 2.0773, 0.3937 0.8902 2.0864, 0.4595 0.8585 2.0866, 0.3937 0.8869 2.0919, 0.4632 0.8654 2.0676, 0.3937 0.8991 2.0676, 0.3937 0.9021 2.0472, 0.3937 0.9002 2.0636, 0.3937 0.8994 2.0668, 0.4645 -0.8678 2.0472, 0.5438 -0.8204 2.0472, 0.5423 -0.8182 2.0676, 0.567 -0.8034 2.0472, 0.6166 -0.7638 2.0676, 0.6183 -0.7658 2.0472, 0.6854 -0.7026 2.0676, 0.6713 -0.7187 2.0472, 0.6873 -0.7045 2.0472, 0.7503 -0.637 2.0472, 0.7483 -0.6353 2.0676, 0.7629 -0.6207 2.0472, 0.8045 -0.5624 2.0676, 0.8067 -0.5639 2.0472, 0.8537 -0.4845 2.0676, 0.8402 -0.5109 2.0472, 0.856 -0.4858 2.0472, 0.8978 -0.4034 2.0472, 0.8953 -0.4023 2.0676, 0.9023 -0.3919 2.0472, 0.9291 -0.3167 2.0676, 0.9316 -0.3175 2.0472, 0.9547 -0.2282 2.0676, 0.9467 -0.2653 2.0472, 0.9573 -0.2288 2.0472, 0.9745 -0.1381 2.0472, 0.9719 -0.1377 2.0676, 0.9749 -0.134 2.0472, 0.9805 -0.046 2.0676, 0.9832 -0.0462 2.0472, 0.9832 0.0 2.0472, 0.9805 0.046 2.0676, 0.9832 0.0462 2.0472, 0.9749 0.134 2.0472, 0.9719 0.1377 2.0676, 0.9745 0.1381 2.0472, 0.9573 0.2288 2.0472, 0.9547 0.2282 2.0676, 0.9467 0.2653 2.0472, 0.9291 0.3167 2.0676, 0.9316 0.3175 2.0472, 0.8953 0.4023 2.0676, 0.9023 0.3919 2.0472, 0.8978 0.4034 2.0472, 0.856 0.4858 2.0472, 0.8537 0.4845 2.0676, 0.8402 0.5109 2.0472, 0.8045 0.5624 2.0676, 0.8067 0.5639 2.0472, 0.7483 0.6353 2.0676, 0.7629 0.6207 2.0472, 0.7503 0.637 2.0472, 0.6873 0.7045 2.0472, 0.6854 0.7026 2.0676, 0.6713 0.7187 2.0472, 0.6166 0.7638 2.0676, 0.6183 0.7658 2.0472, 0.5423 0.8182 2.0676, 0.567 0.8034 2.0472, 0.5438 0.8204 2.0472, 0.4645 0.8678 2.0472, 0.4526 0.8735 2.0472, 0.5379 0.8116 2.0866, 0.6116 0.7576 2.0866, 0.6799 0.697 2.0866, 0.7423 0.6302 2.0866, 0.7981 0.5578 2.0866, 0.8468 0.4806 2.0866, 0.8881 0.3991 2.0866, 0.9216 0.3141 2.0866, 0.947 0.2264 2.0866, 0.9641 0.1366 2.0866, 0.9726 0.0457 2.0866, 0.9726 -0.0457 2.0866, 0.9641 -0.1366 2.0866, 0.947 -0.2264 2.0866, 0.9216 -0.3141 2.0866, 0.8881 -0.3991 2.0866, 0.8468 -0.4806 2.0866, 0.7981 -0.5578 2.0866, 0.7423 -0.6302 2.0866, 0.6799 -0.697 2.0866, 0.6116 -0.7576 2.0866, 0.5379 -0.8116 2.0866, 0.531 0.8012 2.1029, 0.6038 0.7479 2.1029, 0.6712 0.688 2.1029, 0.7327 0.6221 2.1029, 0.7878 0.5507 2.1029, 0.8359 0.4744 2.1029, 0.8767 0.394 2.1029, 0.9098 0.3101 2.1029, 0.9349 0.2235 2.1029, 0.9517 0.1349 2.1029, 0.9601 0.0451 2.1029, 0.9601 -0.0451 2.1029, 0.9517 -0.1349 2.1029, 0.9349 -0.2235 2.1029, 0.9098 -0.3101 2.1029, 0.8767 -0.394 2.1029, 0.8359 -0.4744 2.1029, 0.7878 -0.5507 2.1029, 0.7327 -0.6221 2.1029, 0.6712 -0.688 2.1029, 0.6038 -0.7479 2.1029, 0.531 -0.8012 2.1029, 0.522 0.7876 2.1154, 0.5935 0.7352 2.1154, 0.6598 0.6763 2.1154, 0.7203 0.6115 2.1154, 0.7744 0.5413 2.1154, 0.8218 0.4664 2.1154, 0.8619 0.3873 2.1154, 0.8944 0.3048 2.1154, 0.919 0.2197 2.1154, 0.9355 0.1326 2.1154, 0.9438 0.0443 2.1154, 0.9438 -0.0443 2.1154, 0.9355 -0.1326 2.1154, 0.919 -0.2197 2.1154, 0.8944 -0.3048 2.1154, 0.8619 -0.3873 2.1154, 0.8218 -0.4664 2.1154, 0.7744 -0.5413 2.1154, 0.7203 -0.6115 2.1154, 0.6598 -0.6763 2.1154, 0.5935 -0.7352 2.1154, 0.522 -0.7876 2.1154, 0.4459 -0.833 2.1154, 0.3937 -0.8588 2.1152, 0.5115 0.7718 2.1233, 0.5816 0.7204 2.1233, 0.6466 0.6628 2.1233, 0.7058 0.5992 2.1233, 0.7589 0.5305 2.1233, 0.8052 0.457 2.1233, 0.8445 0.3795 2.1233, 0.8764 0.2987 2.1233, 0.9005 0.2153 2.1233, 0.9167 0.1299 2.1233, 0.9249 0.0434 2.1233, 0.9249 -0.0434 2.1233, 0.9167 -0.1299 2.1233, 0.9005 -0.2153 2.1233, 0.8764 -0.2987 2.1233, 0.8445 -0.3795 2.1233, 0.8052 -0.457 2.1233, 0.7589 -0.5305 2.1233, 0.7058 -0.5992 2.1233, 0.6466 -0.6628 2.1233, 0.5816 -0.7204 2.1233, 0.5115 -0.7718 2.1233, -0.2857 0.4808 0.1181, -0.3865 0.4808 0.1181, -0.1882 0.482 0.1181, -0.1224 0.4706 0.1181, -0.1032 0.482 0.1181, -0.1224 0.449 0.1181, -0.1032 -1.0433 0.1181, -0.1224 0.3157 0.1181, -0.1446 0.3062 0.1181, -0.126 0.4509 0.1181, -0.1685 0.3031 0.1181, -0.1879 0.3053 0.1181, -0.3601 0.2839 0.1181, -0.3601 0.4592 0.1181, -0.2857 0.4592 0.1181, -0.2348 0.1392 0.1181, -0.3865 0.2839 0.1181, -0.2756 0.1705 0.1181, -0.3231 0.1901 0.1181, -0.2026 0.3106 0.1181, -0.2163 0.3197 0.1181, -0.2282 0.3329 0.1181, -0.2425 0.3844 0.1181, -0.2405 0.4058 0.1181, -0.2351 0.4227 0.1181, -0.1913 0.4595 0.1181, -0.173 0.4616 0.1181, -0.2057 0.4542 0.1181, -0.2177 0.4461 0.1181, -0.227 0.4363 0.1181, -0.1468 0.4587 0.1181, -0.2363 0.3481 0.1181, -0.2415 0.3691 0.1181, -0.2506 0.4484 0.1181, -0.2358 0.464 0.1181, -0.1839 -0.0509 0.1181, -0.1772 -0.0 0.1181, -0.1224 0.2893 0.1181, -0.2009 0.4807 0.1181, -0.2199 0.4741 0.1181, -0.2756 -0.1705 0.1181, -0.2348 -0.1392 0.1181, -0.2035 -0.0984 0.1181, -1.0433 -0.7283 0.1181, -1.0433 -0.1969 0.1181, -0.7283 -1.0433 0.1181, -0.374 -0.1969 0.1181, -0.3231 -0.1901 0.1181, -0.266 0.3581 0.1181, -0.2585 0.3358 0.1181, -0.2469 0.3174 0.1181, -0.1839 0.0509 0.1181, -0.2035 0.0984 0.1181, -0.1452 0.2831 0.1181, -0.1688 0.2815 0.1181, -0.2292 0.3003 0.1181, -0.2105 0.2895 0.1181, -0.1885 0.2831 0.1181, -0.261 0.4297 0.1181, -0.267 0.4089 0.1181, -0.2689 0.3861 0.1181, -0.1434 0.4792 0.1181, -0.1633 0.482 0.1181, -0.1032 1.0433 0.1181, -0.1712 0.4831 0.1181, -0.1766 0.4832 0.1181, -0.7283 1.0433 0.1181, -1.0433 0.7283 0.1181, -1.0433 0.482 0.1181, -1.0433 0.1969 0.1181, -0.374 0.1969 0.1181, 0.3817 0.4808 0.1181, 0.3618 0.4256 0.1181, 0.2805 0.4256 0.1181, 0.2329 0.4808 0.1181, 0.2157 0.4062 0.1181, 0.2086 0.4268 0.1181, 0.012 0.3703 0.1181, 0.012 0.392 0.1181, 0.06 0.2839 0.1181, 0.0168 0.3055 0.1181, -0.0576 0.3055 0.1181, -0.0576 0.3703 0.1181, 0.2617 0.4808 0.1181, 1.0433 0.482 0.1181, 0.4105 0.4808 0.1181, 0.3337 0.2839 0.1181, 0.1973 0.4444 0.1181, 0.1811 0.4599 0.1181, 0.1606 0.4719 0.1181, -0.084 0.2839 0.1181, 0.1839 0.0509 0.1181, 0.1772 0.0 0.1181, 0.0216 0.4808 0.1181, -0.084 0.4808 0.1181, 0.1839 -0.0509 0.1181, 0.2035 -0.0984 0.1181, 0.2348 -0.1392 0.1181, 0.2756 -0.1705 0.1181, 1.0433 -0.1969 0.1181, 1.0433 -1.0433 0.1181, 0.374 -0.1969 0.1181, 0.3231 -0.1901 0.1181, 0.2035 0.0984 0.1181, 0.0168 0.2839 0.1181, 0.2348 0.1392 0.1181, 0.3073 0.2839 0.1181, 0.2756 0.1705 0.1181, -0.0576 0.392 0.1181, -0.0576 0.4592 0.1181, 0.0216 0.4592 0.1181, 0.06 0.4808 0.1181, 0.1135 0.4808 0.1181, 0.1379 0.4786 0.1181, 0.1156 0.2839 0.1181, 0.144 0.287 0.1181, 1.0433 0.1969 0.1181, 0.374 0.1969 0.1181, 0.3231 0.1901 0.1181, 0.2026 0.325 0.1181, 0.2117 0.342 0.1181, 0.217 0.3614 0.1181, 0.2185 0.3799 0.1181, 0.167 0.2951 0.1181, 0.1885 0.3094 0.1181, 0.1887 0.3096 0.1181, 1.0433 1.0433 0.1181, 0.3231 0.1901 0.1969, 0.374 0.1969 0.1969, 0.374 0.128 0.1969, 1.0433 0.1969 0.1969, 0.374 -0.128 0.1969, 1.0433 -0.1969 0.1969, 0.374 -0.1969 0.1969, 0.1772 0.0 0.1969, 0.2559 -0.128 0.1969, 0.1839 -0.0509 0.1969, 0.2035 -0.0984 0.1969, 0.3231 -0.1901 0.1969, 0.2756 -0.1705 0.1969, 0.2348 -0.1392 0.1969, 0.1839 0.0509 0.1969, 0.2035 0.0984 0.1969, 0.2559 0.128 0.1969, 0.2348 0.1392 0.1969, 0.2756 0.1705 0.1969
            ]
        }
        coordIndex [
            0,1,2,-1,3,4,5,-1,6,7,5,-1,5,7,8,-1,5,9,10,-1,0,2,5,-1,5,2,11,-1,5,11,6,-1,8,12,5,-1,5,12,13,-1,5,13,3,-1,4,14,5,-1,5,14,15,-1,5,15,9,-1,10,16,5,-1,5,16,17,-1,5,17,18,-1,19,20,21,-1,22,23,17,-1,17,23,24,-1,17,24,18,-1,19,21,17,-1,17,21,25,-1,17,25,22,-1,26,0,5,-1,27,28,29,-1,29,28,30,-1,29,30,31,-1,31,30,32,-1,33,34,35,-1,36,37,38,-1,38,37,39,-1,38,39,40,-1,41,42,43,-1,2,1,44,-1,45,46,47,-1,47,46,26,-1,48,49,50,-1,50,49,45,-1,51,52,53,-1,53,52,48,-1,54,55,56,-1,56,55,57,-1,56,57,51,-1,58,59,54,-1,60,61,58,-1,58,61,62,-1,58,62,59,-1,28,63,30,-1,30,63,64,-1,30,64,65,-1,65,64,66,-1,65,66,67,-1,67,66,68,-1,67,68,69,-1,69,68,70,-1,70,71,69,-1,69,71,72,-1,69,72,73,-1,73,72,74,-1,73,74,75,-1,75,74,76,-1,75,76,77,-1,77,76,78,-1,78,79,77,-1,77,79,80,-1,77,80,81,-1,81,80,82,-1,81,82,83,-1,83,82,84,-1,83,84,85,-1,85,84,86,-1,86,87,85,-1,85,87,88,-1,85,88,89,-1,89,88,90,-1,89,90,91,-1,90,92,91,-1,91,92,93,-1,91,93,94,-1,93,95,94,-1,94,95,96,-1,94,96,97,-1,96,98,97,-1,97,98,99,-1,97,99,100,-1,100,99,101,-1,100,101,102,-1,102,101,103,-1,102,103,104,-1,104,103,105,-1,105,106,104,-1,104,106,107,-1,104,107,108,-1,108,107,109,-1,108,109,110,-1,110,109,111,-1,110,111,112,-1,112,111,113,-1,113,114,112,-1,112,114,115,-1,112,115,116,-1,116,115,117,-1,116,117,118,-1,118,117,119,-1,118,119,120,-1,120,119,121,-1,121,122,120,-1,120,122,123,-1,120,123,58,-1,58,123,124,-1,58,124,60,-1,54,56,58,-1,58,56,125,-1,58,125,120,-1,120,125,126,-1,120,126,118,-1,118,126,127,-1,118,127,116,-1,116,127,128,-1,116,128,112,-1,112,128,129,-1,112,129,110,-1,110,129,130,-1,110,130,108,-1,108,130,131,-1,108,131,104,-1,104,131,132,-1,104,132,102,-1,102,132,133,-1,102,133,100,-1,100,133,134,-1,100,134,97,-1,97,134,135,-1,97,135,94,-1,94,135,136,-1,94,136,91,-1,91,136,137,-1,91,137,89,-1,89,137,138,-1,89,138,85,-1,85,138,139,-1,85,139,83,-1,83,139,140,-1,83,140,81,-1,81,140,141,-1,81,141,77,-1,77,141,142,-1,77,142,75,-1,75,142,143,-1,75,143,73,-1,73,143,144,-1,73,144,69,-1,69,144,145,-1,69,145,67,-1,67,145,146,-1,67,146,65,-1,65,146,33,-1,65,33,30,-1,30,33,35,-1,30,35,32,-1,51,53,56,-1,56,53,147,-1,56,147,125,-1,125,147,148,-1,125,148,126,-1,126,148,149,-1,126,149,127,-1,127,149,150,-1,127,150,128,-1,128,150,151,-1,128,151,129,-1,129,151,152,-1,129,152,130,-1,130,152,153,-1,130,153,131,-1,131,153,154,-1,131,154,132,-1,132,154,155,-1,132,155,133,-1,133,155,156,-1,133,156,134,-1,134,156,157,-1,134,157,135,-1,135,157,158,-1,135,158,136,-1,136,158,159,-1,136,159,137,-1,137,159,160,-1,137,160,138,-1,138,160,161,-1,138,161,139,-1,139,161,162,-1,139,162,140,-1,140,162,163,-1,140,163,141,-1,141,163,164,-1,141,164,142,-1,142,164,165,-1,142,165,143,-1,143,165,166,-1,143,166,144,-1,144,166,167,-1,144,167,145,-1,145,167,168,-1,145,168,146,-1,146,168,38,-1,146,38,33,-1,33,38,40,-1,33,40,34,-1,48,50,53,-1,53,50,169,-1,53,169,147,-1,147,169,170,-1,147,170,148,-1,148,170,171,-1,148,171,149,-1,149,171,172,-1,149,172,150,-1,150,172,173,-1,150,173,151,-1,151,173,174,-1,151,174,152,-1,152,174,175,-1,152,175,153,-1,153,175,176,-1,153,176,154,-1,154,176,177,-1,154,177,155,-1,155,177,178,-1,155,178,156,-1,156,178,179,-1,156,179,157,-1,157,179,180,-1,157,180,158,-1,158,180,181,-1,158,181,159,-1,159,181,182,-1,159,182,160,-1,160,182,183,-1,160,183,161,-1,161,183,184,-1,161,184,162,-1,162,184,185,-1,162,185,163,-1,163,185,186,-1,163,186,164,-1,164,186,187,-1,164,187,165,-1,165,187,188,-1,165,188,166,-1,166,188,189,-1,166,189,167,-1,167,189,190,-1,167,190,168,-1,168,190,191,-1,168,191,38,-1,38,191,192,-1,38,192,36,-1,45,47,50,-1,50,47,193,-1,50,193,169,-1,169,193,194,-1,169,194,170,-1,170,194,195,-1,170,195,171,-1,171,195,196,-1,171,196,172,-1,172,196,197,-1,172,197,173,-1,173,197,198,-1,173,198,174,-1,174,198,199,-1,174,199,175,-1,175,199,200,-1,175,200,176,-1,176,200,201,-1,176,201,177,-1,177,201,202,-1,177,202,178,-1,178,202,203,-1,178,203,179,-1,179,203,204,-1,179,204,180,-1,180,204,205,-1,180,205,181,-1,181,205,206,-1,181,206,182,-1,182,206,207,-1,182,207,183,-1,183,207,208,-1,183,208,184,-1,184,208,209,-1,184,209,185,-1,185,209,210,-1,185,210,186,-1,186,210,211,-1,186,211,187,-1,187,211,212,-1,187,212,188,-1,188,212,213,-1,188,213,189,-1,189,213,214,-1,189,214,190,-1,190,214,41,-1,190,41,191,-1,191,41,43,-1,191,43,192,-1,26,5,47,-1,47,5,18,-1,47,18,193,-1,193,18,24,-1,193,24,194,-1,194,24,23,-1,194,23,195,-1,195,23,22,-1,195,22,196,-1,196,22,25,-1,196,25,197,-1,197,25,21,-1,197,21,198,-1,198,21,20,-1,198,20,199,-1,199,20,19,-1,199,19,200,-1,200,19,17,-1,200,17,201,-1,201,17,16,-1,201,16,202,-1,202,16,10,-1,202,10,203,-1,203,10,9,-1,203,9,204,-1,204,9,15,-1,204,15,205,-1,205,15,14,-1,205,14,206,-1,206,14,4,-1,206,4,207,-1,207,4,3,-1,207,3,208,-1,208,3,13,-1,208,13,209,-1,209,13,12,-1,209,12,210,-1,210,12,8,-1,210,8,211,-1,211,8,7,-1,211,7,212,-1,212,7,6,-1,212,6,213,-1,213,6,11,-1,213,11,214,-1,214,11,2,-1,214,2,41,-1,41,2,44,-1,41,44,42,-1,215,216,217,-1,218,219,220,-1,220,219,221,-1,221,222,220,-1,220,222,223,-1,220,223,224,-1,224,223,225,-1,224,225,226,-1,227,228,229,-1,227,230,231,-1,231,230,232,-1,231,232,233,-1,226,234,224,-1,224,234,235,-1,224,235,236,-1,237,238,224,-1,224,238,239,-1,240,241,242,-1,242,241,243,-1,239,244,224,-1,224,244,243,-1,224,243,245,-1,245,243,241,-1,236,246,224,-1,224,246,247,-1,224,247,237,-1,248,229,249,-1,249,229,215,-1,250,251,221,-1,221,251,252,-1,221,252,222,-1,217,253,215,-1,215,253,254,-1,215,254,249,-1,255,256,221,-1,221,256,257,-1,221,257,250,-1,258,259,260,-1,260,259,261,-1,260,261,221,-1,221,261,262,-1,221,262,255,-1,263,264,227,-1,227,264,265,-1,227,265,230,-1,251,266,252,-1,252,266,267,-1,252,267,268,-1,268,267,269,-1,265,270,230,-1,230,270,271,-1,230,271,267,-1,267,271,272,-1,267,272,269,-1,248,273,229,-1,229,273,274,-1,229,274,227,-1,227,274,275,-1,227,275,263,-1,218,276,219,-1,219,276,277,-1,219,277,278,-1,277,279,278,-1,278,279,280,-1,278,280,217,-1,281,278,282,-1,282,278,217,-1,282,217,283,-1,283,217,216,-1,283,216,284,-1,284,216,231,-1,284,231,285,-1,285,231,233,-1,286,287,288,-1,289,290,291,-1,292,293,294,-1,295,296,297,-1,288,298,286,-1,286,298,299,-1,286,299,300,-1,300,299,301,-1,291,302,289,-1,289,302,303,-1,289,303,304,-1,305,306,307,-1,308,309,219,-1,219,309,305,-1,219,305,221,-1,221,305,307,-1,221,307,310,-1,310,311,221,-1,221,311,312,-1,221,312,313,-1,314,315,316,-1,316,315,221,-1,316,221,317,-1,317,221,313,-1,306,305,318,-1,318,305,319,-1,318,319,295,-1,320,318,321,-1,320,321,322,-1,323,324,293,-1,293,324,325,-1,293,325,294,-1,294,325,308,-1,294,308,326,-1,326,308,219,-1,326,219,327,-1,327,219,289,-1,327,289,328,-1,328,289,304,-1,297,292,295,-1,295,292,294,-1,295,294,318,-1,318,294,329,-1,318,329,330,-1,299,331,301,-1,301,331,332,-1,301,332,321,-1,321,332,333,-1,321,333,322,-1,334,335,321,-1,321,335,336,-1,321,336,289,-1,289,336,337,-1,289,337,290,-1,330,338,318,-1,318,338,339,-1,318,339,321,-1,321,339,340,-1,321,340,334,-1,298,289,299,-1,299,289,219,-1,299,219,341,-1,341,219,278,-1,342,343,344,-1,344,343,345,-1,344,345,346,-1,346,345,347,-1,346,347,348,-1,349,350,351,-1,351,350,352,-1,348,353,346,-1,346,353,354,-1,346,354,350,-1,350,354,355,-1,350,355,352,-1,349,356,350,-1,350,356,357,-1,350,357,358,-1,358,357,359,-1,358,359,344,-1,344,359,360,-1,344,360,342,-1,
        ]
    }
}
Shape{
    appearance Appearance {
        material  Material 	{
            diffuseColor 0.6666666666666666 0.6666666666666666 0.6666666666666666
            specularColor 0.4666666666666667 0.4666666666666667 0.4666666666666667
            ambientIntensity 0.6667
            transparency 0.0
            shininess 0.5
        }
    }
    geometry IndexedFaceSet {
        ccw TRUE
        solid FALSE
        coord DEF co Coordinate {
            point [
                0.3937 -0.8154 2.126, 0.3937 0.8154 2.126, 0.335 -0.8413 2.126, 0.335 0.8413 2.126, 0.2536 -0.8693 2.126, 0.1699 -0.8894 2.126, -0.1725 -0.8889 2.126, -0.0873 -0.9013 2.126, -0.8238 0.3758 2.126, -0.8558 0.2959 2.126, -0.88 0.2133 2.126, 0.2536 0.8693 2.126, 0.1699 0.8894 2.126, -0.3375 -0.8403 2.126, 0.0846 0.9015 2.126, -0.4158 -0.8044 2.126, -0.4903 -0.7613 2.126, -0.0014 -0.9055 2.126, 0.0846 -0.9015 2.126, -0.2562 -0.8685 2.126, -0.8238 -0.3758 2.126, -0.0014 0.9055 2.126, -0.0873 0.9013 2.126, -0.1725 0.8889 2.126, -0.2562 0.8685 2.126, -0.3375 0.8403 2.126, -0.4158 0.8044 2.126, -0.8558 -0.2959 2.126, -0.88 -0.2133 2.126, -0.7844 -0.4524 2.126, -0.7379 -0.5248 2.126, -0.6847 -0.5925 2.126, -0.7844 0.4524 2.126, -0.6254 -0.6549 2.126, -0.5604 -0.7113 2.126, -0.4903 0.7613 2.126, -0.5604 0.7113 2.126, -0.6254 0.6549 2.126, -0.8963 0.1287 2.126, -0.9045 0.043 2.126, -0.6847 0.5925 2.126, -0.7379 0.5248 2.126, -0.9045 -0.043 2.126, -0.8963 -0.1287 2.126, 0.3937 -0.8926 2.0832, 0.3937 -0.8904 2.0865, 0.3602 -0.9046 2.0866, 0.3937 -0.8856 2.0936, 0.3937 -0.8766 2.1027, 0.3556 -0.893 2.1029, 0.3937 -0.8454 2.1212, 0.3937 -0.838 2.1231, 0.3425 -0.8602 2.1233, 0.3937 -0.8341 2.1242, 0.3937 -0.8588 2.1152, 0.3937 -0.8735 2.1058, 0.3495 -0.8779 2.1154, 0.3937 -0.8618 2.1138, 0.3937 -0.8991 2.0679, 0.3631 -0.9119 2.0676, 0.3937 -0.8991 2.0676, 0.3641 -0.9144 2.0472, 0.3937 -0.9021 2.0472, 0.3937 -0.9013 2.0578, 0.3937 0.9002 2.0636, 0.3631 0.9119 2.0676, 0.3937 0.8994 2.0668, 0.3937 0.8991 2.0676, 0.3602 0.9046 2.0866, 0.3937 0.8902 2.0864, 0.3937 0.8956 2.0773, 0.3937 0.8869 2.0919, 0.3556 0.893 2.1029, 0.3937 0.8805 2.0994, 0.3937 0.8766 2.1027, 0.3495 0.8779 2.1154, 0.3937 0.8592 2.1153, 0.3937 0.8669 2.1107, 0.3425 0.8602 2.1233, 0.3937 0.838 2.1232, 0.3937 0.8421 2.1222, 0.3937 0.8323 2.1245, 0.2001 0.9631 2.0472, 0.1841 0.9641 2.0676, 0.2756 0.9449 2.0472, 0.2749 0.9423 2.0676, 0.3293 0.9264 2.0472, 0.3641 0.9144 2.0472, 0.3937 0.9021 2.0472, 0.1846 0.9668 2.0472, 0.092 0.9799 2.0472, 0.0917 0.9773 2.0676, 0.0671 0.9811 2.0472, -0.0015 0.9816 2.0676, -0.0015 0.9843 2.0472, -0.0947 0.977 2.0676, -0.0671 0.981 2.0472, -0.0949 0.9797 2.0472, -0.1875 0.9662 2.0472, -0.187 0.9636 2.0676, -0.2001 0.9631 2.0472, -0.2777 0.9415 2.0676, -0.2785 0.944 2.0472, -0.3658 0.9108 2.0676, -0.3292 0.9264 2.0472, -0.3668 0.9133 2.0472, -0.4519 0.8744 2.0472, -0.4507 0.872 2.0676, -0.4528 0.8739 2.0472, -0.5315 0.8252 2.0676, -0.5329 0.8275 2.0472, -0.567 0.8032 2.0472, -0.6074 0.771 2.0676, -0.6091 0.7731 2.0472, -0.6715 0.719 2.0472, -0.6779 0.7099 2.0676, -0.6798 0.7118 2.0472, -0.7443 0.644 2.0472, -0.7423 0.6423 2.0676, -0.7627 0.6206 2.0472, -0.7999 0.5689 2.0676, -0.8021 0.5704 2.0472, -0.8503 0.4904 2.0676, -0.8403 0.511 2.0472, -0.8526 0.4917 2.0472, -0.8955 0.4085 2.0472, -0.893 0.4074 2.0676, -0.9021 0.3919 2.0472, -0.9277 0.3207 2.0676, -0.9302 0.3216 2.0472, -0.954 0.2312 2.0676, -0.9468 0.2653 2.0472, -0.9566 0.2318 2.0472, -0.9743 0.1399 2.0472, -0.9716 0.1396 2.0676, -0.9748 0.134 2.0472, -0.9805 0.0467 2.0676, -0.9831 0.0468 2.0472, -0.9805 -0.0467 2.0676, -0.9831 -0.0 2.0472, -0.9831 -0.0468 2.0472, -0.9748 -0.134 2.0472, -0.9716 -0.1396 2.0676, -0.9743 -0.1399 2.0472, -0.9566 -0.2318 2.0472, -0.954 -0.2312 2.0676, -0.9468 -0.2653 2.0472, -0.9277 -0.3207 2.0676, -0.9302 -0.3216 2.0472, -0.893 -0.4074 2.0676, -0.9021 -0.3919 2.0472, -0.8955 -0.4085 2.0472, -0.8526 -0.4917 2.0472, -0.8503 -0.4904 2.0676, -0.8403 -0.511 2.0472, -0.7999 -0.5689 2.0676, -0.8021 -0.5704 2.0472, -0.7423 -0.6423 2.0676, -0.7627 -0.6206 2.0472, -0.7443 -0.644 2.0472, -0.6798 -0.7118 2.0472, -0.6779 -0.7099 2.0676, -0.6715 -0.719 2.0472, -0.6074 -0.771 2.0676, -0.6091 -0.7731 2.0472, -0.5315 -0.8252 2.0676, -0.567 -0.8032 2.0472, -0.5329 -0.8275 2.0472, -0.4528 -0.8739 2.0472, -0.4507 -0.872 2.0676, -0.4519 -0.8744 2.0472, -0.3668 -0.9133 2.0472, -0.3658 -0.9108 2.0676, -0.3292 -0.9264 2.0472, -0.2777 -0.9415 2.0676, -0.2785 -0.944 2.0472, -0.187 -0.9636 2.0676, -0.2001 -0.9631 2.0472, -0.1875 -0.9662 2.0472, -0.0949 -0.9797 2.0472, -0.0947 -0.977 2.0676, -0.0671 -0.981 2.0472, -0.0015 -0.9816 2.0676, -0.0015 -0.9843 2.0472, 0.0917 -0.9773 2.0676, 0.0671 -0.9811 2.0472, 0.092 -0.9799 2.0472, 0.1846 -0.9668 2.0472, 0.1841 -0.9641 2.0676, 0.2001 -0.9631 2.0472, 0.2749 -0.9423 2.0676, 0.2756 -0.9449 2.0472, 0.3293 -0.9264 2.0472, 0.2727 -0.9347 2.0866, 0.1827 -0.9564 2.0866, 0.091 -0.9694 2.0866, -0.0015 -0.9737 2.0866, -0.0939 -0.9692 2.0866, -0.1855 -0.9559 2.0866, -0.2755 -0.9339 2.0866, -0.3629 -0.9035 2.0866, -0.4471 -0.865 2.0866, -0.5272 -0.8186 2.0866, -0.6026 -0.7649 2.0866, -0.6725 -0.7042 2.0866, -0.7363 -0.6371 2.0866, -0.7935 -0.5643 2.0866, -0.8435 -0.4864 2.0866, -0.8859 -0.4041 2.0866, -0.9203 -0.3182 2.0866, -0.9463 -0.2293 2.0866, -0.9638 -0.1384 2.0866, -0.9726 -0.0463 2.0866, -0.9726 0.0463 2.0866, -0.9638 0.1384 2.0866, -0.9463 0.2293 2.0866, -0.9203 0.3182 2.0866, -0.8859 0.4041 2.0866, -0.8435 0.4864 2.0866, -0.7935 0.5643 2.0866, -0.7363 0.6371 2.0866, -0.6725 0.7042 2.0866, -0.6026 0.7649 2.0866, -0.5272 0.8186 2.0866, -0.4471 0.865 2.0866, -0.3629 0.9035 2.0866, -0.2755 0.9339 2.0866, -0.1855 0.9559 2.0866, -0.0939 0.9692 2.0866, -0.0015 0.9737 2.0866, 0.091 0.9694 2.0866, 0.1827 0.9564 2.0866, 0.2727 0.9347 2.0866, 0.2692 -0.9227 2.1029, 0.1803 -0.9441 2.1029, 0.0898 -0.957 2.1029, -0.0014 -0.9612 2.1029, -0.0927 -0.9567 2.1029, -0.1832 -0.9436 2.1029, -0.2719 -0.9219 2.1029, -0.3583 -0.8919 2.1029, -0.4413 -0.8539 2.1029, -0.5204 -0.8081 2.1029, -0.5948 -0.755 2.1029, -0.6638 -0.6951 2.1029, -0.7268 -0.6289 2.1029, -0.7833 -0.5571 2.1029, -0.8327 -0.4802 2.1029, -0.8745 -0.3989 2.1029, -0.9084 -0.3141 2.1029, -0.9341 -0.2264 2.1029, -0.9514 -0.1367 2.1029, -0.9601 -0.0457 2.1029, -0.9601 0.0457 2.1029, -0.9514 0.1367 2.1029, -0.9341 0.2264 2.1029, -0.9084 0.3141 2.1029, -0.8745 0.3989 2.1029, -0.8327 0.4802 2.1029, -0.7833 0.5571 2.1029, -0.7268 0.6289 2.1029, -0.6638 0.6951 2.1029, -0.5948 0.755 2.1029, -0.5204 0.8081 2.1029, -0.4413 0.8539 2.1029, -0.3583 0.8919 2.1029, -0.2719 0.9219 2.1029, -0.1832 0.9436 2.1029, -0.0927 0.9567 2.1029, -0.0014 0.9612 2.1029, 0.0898 0.957 2.1029, 0.1803 0.9441 2.1029, 0.2692 0.9227 2.1029, 0.2646 -0.9071 2.1154, 0.1773 -0.9281 2.1154, 0.0883 -0.9407 2.1154, -0.0014 -0.9449 2.1154, -0.0911 -0.9405 2.1154, -0.18 -0.9276 2.1154, -0.2673 -0.9063 2.1154, -0.3522 -0.8768 2.1154, -0.4338 -0.8394 2.1154, -0.5116 -0.7944 2.1154, -0.5847 -0.7422 2.1154, -0.6526 -0.6833 2.1154, -0.7145 -0.6183 2.1154, -0.77 -0.5476 2.1154, -0.8185 -0.472 2.1154, -0.8597 -0.3922 2.1154, -0.893 -0.3088 2.1154, -0.9183 -0.2226 2.1154, -0.9353 -0.1343 2.1154, -0.9438 -0.0449 2.1154, -0.9438 0.0449 2.1154, -0.9353 0.1343 2.1154, -0.9183 0.2226 2.1154, -0.893 0.3088 2.1154, -0.8597 0.3922 2.1154, -0.8185 0.472 2.1154, -0.77 0.5476 2.1154, -0.7145 0.6183 2.1154, -0.6526 0.6833 2.1154, -0.5847 0.7422 2.1154, -0.5116 0.7944 2.1154, -0.4338 0.8394 2.1154, -0.3522 0.8768 2.1154, -0.2673 0.9063 2.1154, -0.18 0.9276 2.1154, -0.0911 0.9405 2.1154, -0.0014 0.9449 2.1154, 0.0883 0.9407 2.1154, 0.1773 0.9281 2.1154, 0.2646 0.9071 2.1154, 0.2593 -0.8888 2.1233, 0.1737 -0.9095 2.1233, 0.0865 -0.9218 2.1233, -0.0014 -0.9259 2.1233, -0.0893 -0.9216 2.1233, -0.1764 -0.9089 2.1233, -0.2619 -0.8881 2.1233, -0.3451 -0.8592 2.1233, -0.4251 -0.8225 2.1233, -0.5013 -0.7784 2.1233, -0.573 -0.7273 2.1233, -0.6395 -0.6696 2.1233, -0.7002 -0.6059 2.1233, -0.7545 -0.5366 2.1233, -0.8021 -0.4625 2.1233, -0.8424 -0.3843 2.1233, -0.8751 -0.3026 2.1233, -0.8998 -0.2181 2.1233, -0.9165 -0.1316 2.1233, -0.9248 -0.044 2.1233, -0.9248 0.044 2.1233, -0.9165 0.1316 2.1233, -0.8998 0.2181 2.1233, -0.8751 0.3026 2.1233, -0.8424 0.3843 2.1233, -0.8021 0.4625 2.1233, -0.7545 0.5366 2.1233, -0.7002 0.6059 2.1233, -0.6395 0.6696 2.1233, -0.573 0.7273 2.1233, -0.5013 0.7784 2.1233, -0.4251 0.8225 2.1233, -0.3451 0.8592 2.1233, -0.2619 0.8881 2.1233, -0.1764 0.9089 2.1233, -0.0893 0.9216 2.1233, -0.0014 0.9259 2.1233, 0.0865 0.9218 2.1233, 0.1737 0.9095 2.1233, 0.2593 0.8888 2.1233, 0.9316 0.3175 2.0472, 0.9467 0.2653 2.0472, 0.9471 0.2654 1.0301, 0.9573 0.2288 2.0472, 0.9659 0.1891 1.0301, 0.9745 0.1381 2.0472, 0.974 0.1339 1.0301, 0.9749 0.134 2.0472, 0.9797 0.095 1.0301, 0.9832 0.0462 2.0472, 0.9843 0.0 1.0301, 0.8067 0.5639 2.0472, 0.8402 0.5109 2.0472, 0.8401 0.5109 1.0301, 0.856 0.4858 2.0472, 0.8715 0.4574 1.0301, 0.8978 0.4034 2.0472, 0.902 0.3918 1.0301, 0.9023 0.3919 2.0472, 0.9116 0.3712 1.0301, 0.9432 0.2814 1.0301, 0.8233 0.5394 1.0301, 0.7674 0.6163 1.0301, 0.7629 0.6207 2.0472, 0.7633 0.621 1.0301, 0.7503 0.637 2.0472, 0.7043 0.6875 1.0301, 0.6873 0.7045 2.0472, 0.671 0.7185 1.0301, 0.6713 0.7187 2.0472, 0.4524 0.873 1.0301, 0.4645 0.8678 2.0472, 0.4783 0.8602 1.0301, 0.5438 0.8204 2.0472, 0.6183 0.7658 2.0472, 0.6347 0.7523 1.0301, 0.567 0.8034 2.0472, 0.5673 0.8038 1.0301, 0.5591 0.81 1.0301, 0.3293 0.9266 1.0301, 0.3931 0.9024 1.0301, 0.4526 0.8735 2.0472, 0.3042 0.9361 1.0301, 0.2124 0.9611 1.0301, 0.2002 0.9632 1.0301, 0.1186 0.9771 1.0301, 0.0671 0.9808 1.0301, -0.2 0.9626 1.0301, -0.1657 0.9702 1.0301, 0.0238 0.984 1.0301, -0.0672 0.9818 1.0301, -0.0713 0.9817 1.0301, -0.3294 0.9267 1.0301, -0.2586 0.9497 1.0301, -0.349 0.9203 1.0301, -0.4362 0.8823 1.0301, -0.4525 0.8733 1.0301, -0.5193 0.8361 1.0301, -0.567 0.8032 1.0301, -0.5976 0.7821 1.0301, -0.6703 0.7207 1.0301, -0.6717 0.7193 1.0301, -0.7367 0.6527 1.0301, -0.6717 -0.7193 1.0301, -0.7367 -0.6527 1.0301, -0.7626 -0.6204 1.0301, -0.7963 -0.5785 1.0301, -0.8405 -0.5111 1.0301, -0.8484 -0.499 1.0301, -0.8926 -0.4148 1.0301, -0.9019 -0.3918 1.0301, -0.9285 -0.3267 1.0301, -0.9468 -0.2653 1.0301, -0.9557 -0.2355 1.0301, -0.9739 -0.1422 1.0301, -0.9747 -0.134 1.0301, -0.9831 -0.0476 1.0301, -0.9831 -0.0 1.0301, -0.9831 0.0476 1.0301, -0.9747 0.134 1.0301, -0.9739 0.1422 1.0301, -0.9557 0.2355 1.0301, -0.9468 0.2653 1.0301, -0.9285 0.3267 1.0301, -0.9019 0.3918 1.0301, -0.8926 0.4148 1.0301, -0.8484 0.499 1.0301, -0.8405 0.5111 1.0301, -0.7963 0.5785 1.0301, -0.7626 0.6204 1.0301, -0.6703 -0.7207 1.0301, -0.5976 -0.7821 1.0301, -0.567 -0.8032 1.0301, -0.5193 -0.8361 1.0301, -0.4525 -0.8733 1.0301, -0.4362 -0.8823 1.0301, -0.349 -0.9203 1.0301, -0.3294 -0.9267 1.0301, -0.2586 -0.9497 1.0301, -0.2 -0.9626 1.0301, -0.1657 -0.9702 1.0301, -0.0713 -0.9817 1.0301, -0.0672 -0.9818 1.0301, 0.0238 -0.984 1.0301, 0.0671 -0.9808 1.0301, 0.1186 -0.9771 1.0301, 0.2002 -0.9632 1.0301, 0.2124 -0.9611 1.0301, 0.3042 -0.9361 1.0301, 0.3293 -0.9266 1.0301, 0.3931 -0.9024 1.0301, 0.9745 -0.1381 2.0472, 0.9471 -0.2654 1.0301, 0.9659 -0.1891 1.0301, 0.9749 -0.134 2.0472, 0.9573 -0.2288 2.0472, 0.9467 -0.2653 2.0472, 0.9432 -0.2814 1.0301, 0.9316 -0.3175 2.0472, 0.9116 -0.3712 1.0301, 0.9023 -0.3919 2.0472, 0.902 -0.3918 1.0301, 0.8978 -0.4034 2.0472, 0.8715 -0.4574 1.0301, 0.856 -0.4858 2.0472, 0.8401 -0.5109 1.0301, 0.8402 -0.5109 2.0472, 0.8233 -0.5394 1.0301, 0.8067 -0.5639 2.0472, 0.7674 -0.6163 1.0301, 0.7629 -0.6207 2.0472, 0.7633 -0.621 1.0301, 0.7503 -0.637 2.0472, 0.7043 -0.6875 1.0301, 0.6873 -0.7045 2.0472, 0.671 -0.7185 1.0301, 0.6713 -0.7187 2.0472, 0.6347 -0.7523 1.0301, 0.6183 -0.7658 2.0472, 0.5673 -0.8038 1.0301, 0.567 -0.8034 2.0472, 0.5591 -0.81 1.0301, 0.5438 -0.8204 2.0472, 0.4783 -0.8602 1.0301, 0.4645 -0.8678 2.0472, 0.4524 -0.873 1.0301, 0.4526 -0.8735 2.0472, 0.9832 0.0 2.0472, 0.9832 -0.0462 2.0472, 0.9797 -0.095 1.0301, 0.974 -0.1339 1.0301, 0.8696 -0.4564 1.012, 0.7028 -0.686 1.012, 0.6333 -0.7507 1.012, 0.5579 -0.8083 1.012, 0.3922 -0.9004 1.012, 0.1184 -0.975 1.012, -0.0711 -0.9796 1.012, -0.258 -0.9476 1.012, -0.5182 -0.8343 1.012, -0.7351 -0.6513 1.012, -0.7946 -0.5773 1.012, -0.9265 -0.326 1.012, -0.981 -0.0475 1.012, -0.9718 0.1419 1.012, -0.9265 0.326 1.012, -0.7946 0.5773 1.012, -0.6689 0.7192 1.012, -0.5182 0.8343 1.012, -0.258 0.9476 1.012, 0.0237 0.9819 1.012, 0.1184 0.975 1.012, 0.3922 0.9004 1.012, 0.6333 0.7507 1.012, 0.7658 0.615 1.012, 0.8696 0.4564 1.012, 0.8655 -0.3585 0.958, 0.8678 -0.3533 0.958, 0.8824 -0.3593 0.9671, 0.8261 -0.4415 0.958, 0.8297 -0.4354 0.958, 0.8436 -0.4428 0.9671, 0.7788 -0.5204 0.958, 0.7838 -0.5135 0.958, 0.7969 -0.5221 0.9671, 0.724 -0.5941 0.958, 0.7306 -0.5867 0.958, 0.7428 -0.5966 0.9671, -0.9314 0.0917 0.958, -0.9359 0.0453 0.958, -0.9516 0.046 0.9671, -0.9179 0.1826 0.958, -0.9272 0.1354 0.958, -0.9428 0.1377 0.9671, -0.8956 0.2717 0.958, -0.9098 0.2242 0.958, -0.9251 0.228 0.9671, -0.8647 0.3582 0.958, -0.8839 0.311 0.958, -0.8987 0.3162 0.9671, -0.8254 0.4412 0.958, -0.8497 0.3949 0.958, -0.864 0.4015 0.9671, -0.7782 0.52 0.958, -0.8077 0.475 0.958, -0.8212 0.483 0.9671, -0.7235 0.5938 0.958, -0.7581 0.5508 0.958, -0.7708 0.56 0.9671, -0.6618 0.6618 0.958, -0.7014 0.6214 0.958, -0.7131 0.6318 0.9671, -0.5938 0.7235 0.958, -0.6381 0.6861 0.958, -0.6488 0.6977 0.9671, -0.52 0.7783 0.958, -0.5689 0.7445 0.958, -0.5785 0.757 0.9671, -0.4412 0.8255 0.958, -0.4944 0.796 0.958, -0.5027 0.8093 0.9671, -0.3582 0.8648 0.958, -0.4153 0.84 0.958, -0.4222 0.8541 0.9671, -0.2717 0.8958 0.958, -0.3323 0.8761 0.958, -0.3378 0.8908 0.9671, -0.1826 0.9181 0.958, -0.2462 0.9041 0.958, -0.2503 0.9193 0.9671, -0.0917 0.9316 0.958, -0.1578 0.9236 0.958, -0.1604 0.9391 0.9671, 0.0 0.9362 0.958, -0.0679 0.9345 0.958, -0.069 0.9502 0.9671, 0.0918 0.9317 0.958, 0.0226 0.9367 0.958, 0.023 0.9525 0.9671, 0.1827 0.9183 0.958, 0.1129 0.9302 0.958, 0.1148 0.9458 0.9671, 0.2718 0.896 0.958, 0.2022 0.9149 0.958, 0.2056 0.9303 0.9671, 0.3583 0.8651 0.958, 0.2896 0.8911 0.958, 0.2944 0.9061 0.9671, 0.4414 0.8258 0.958, 0.3742 0.859 0.958, 0.3805 0.8735 0.9671, 0.5203 0.7786 0.958, 0.4554 0.8189 0.958, 0.463 0.8327 0.9671, 0.5941 0.7239 0.958, 0.5323 0.7711 0.958, 0.5412 0.7841 0.9671, 0.6622 0.6622 0.958, 0.6042 0.7162 0.958, 0.6144 0.7282 0.9671, 0.724 0.5941 0.958, 0.6705 0.6545 0.958, 0.6818 0.6655 0.9671, 0.7788 0.5204 0.958, 0.7306 0.5867 0.958, 0.7428 0.5966 0.9671, 0.8261 0.4415 0.958, 0.7838 0.5135 0.958, 0.7969 0.5221 0.9671, 0.8655 0.3585 0.958, 0.8297 0.4354 0.958, 0.8436 0.4428 0.9671, 0.8965 0.2719 0.958, 0.8678 0.3533 0.958, 0.8824 0.3593 0.9671, 0.9189 0.1828 0.958, 0.8979 0.2679 0.958, 0.913 0.2724 0.9671, -0.9359 -0.0453 0.958, -0.9314 -0.0917 0.958, -0.9428 -0.1377 0.9671, -0.9272 -0.1354 0.958, -0.9179 -0.1826 0.958, -0.9251 -0.228 0.9671, -0.9098 -0.2242 0.958, -0.8956 -0.2717 0.958, -0.8987 -0.3162 0.9671, -0.8839 -0.311 0.958, -0.8647 -0.3582 0.958, -0.864 -0.4015 0.9671, -0.8497 -0.3949 0.958, -0.8254 -0.4412 0.958, -0.8212 -0.483 0.9671, -0.8077 -0.475 0.958, -0.7782 -0.52 0.958, -0.7708 -0.56 0.9671, -0.7581 -0.5508 0.958, -0.7235 -0.5938 0.958, -0.7131 -0.6318 0.9671, -0.7014 -0.6214 0.958, -0.6618 -0.6618 0.958, -0.6488 -0.6977 0.9671, -0.6381 -0.6861 0.958, -0.5938 -0.7235 0.958, -0.5785 -0.757 0.9671, -0.5689 -0.7445 0.958, -0.52 -0.7783 0.958, -0.5027 -0.8093 0.9671, -0.4944 -0.796 0.958, -0.4412 -0.8255 0.958, -0.4222 -0.8541 0.9671, -0.4153 -0.84 0.958, -0.3582 -0.8648 0.958, -0.3378 -0.8908 0.9671, -0.3323 -0.8761 0.958, -0.2717 -0.8958 0.958, -0.2503 -0.9193 0.9671, -0.2462 -0.9041 0.958, -0.1826 -0.9181 0.958, -0.1604 -0.9391 0.9671, -0.1578 -0.9236 0.958, -0.0917 -0.9316 0.958, -0.069 -0.9502 0.9671, -0.0679 -0.9345 0.958, 0.0 -0.9362 0.958, 0.023 -0.9525 0.9671, 0.0226 -0.9367 0.958, 0.0918 -0.9317 0.958, 0.1148 -0.9458 0.9671, 0.1129 -0.9302 0.958, 0.1827 -0.9183 0.958, 0.2056 -0.9303 0.9671, 0.2022 -0.9149 0.958, 0.2718 -0.896 0.958, 0.2944 -0.9061 0.9671, 0.2896 -0.8911 0.958, 0.3583 -0.8651 0.958, 0.3805 -0.8735 0.9671, 0.3742 -0.859 0.958, 0.4414 -0.8258 0.958, 0.463 -0.8327 0.9671, 0.4554 -0.8189 0.958, 0.5203 -0.7786 0.958, 0.5412 -0.7841 0.9671, 0.5323 -0.7711 0.958, 0.5941 -0.7239 0.958, 0.6144 -0.7282 0.9671, 0.6042 -0.7162 0.958, 0.6622 -0.6622 0.958, 0.6818 -0.6655 0.9671, 0.6705 -0.6545 0.958, 0.8965 -0.2719 0.958, 0.8979 -0.2679 0.958, 0.913 -0.2724 0.9671, 0.9189 -0.1828 0.958, 0.935 -0.183 0.9671, 0.9196 -0.18 0.958, 0.9324 -0.0918 0.958, 0.9483 -0.092 0.9671, 0.9196 0.18 0.958, 0.935 0.183 0.9671, 0.9324 0.0918 0.958, 0.9483 0.092 0.9671, 0.9326 0.0904 0.958, 0.9527 0.0 0.9671, 0.937 0.0 0.958, 0.9326 -0.0904 0.958, 0.948 0.1856 0.9797, 0.9615 0.0932 0.9797, 0.966 0.0 0.9797, 0.9615 -0.0932 0.9797, 0.948 -0.1856 0.9797, 0.9256 -0.2762 0.9797, 0.9578 0.1875 0.9949, 0.9714 0.0942 0.9949, 0.9759 0.0 0.9949, 0.9714 -0.0942 0.9949, 0.9578 -0.1875 0.9949, 0.9352 -0.2791 0.9949, 0.9638 0.1887 1.012, 0.9776 0.0948 1.012, 0.8946 0.3643 0.9797, 0.8553 0.4489 0.9797, 0.9039 0.368 0.9949, 0.8641 0.4535 0.9949, 0.9096 0.3704 1.012, 0.6912 0.6747 0.9797, 0.6229 0.7383 0.9797, 0.6984 0.6817 0.9949, 0.6293 0.7459 0.9949, 0.7028 0.686 1.012, 0.4694 0.8442 0.9797, 0.3858 0.8856 0.9797, 0.4743 0.8529 0.9949, 0.3898 0.8947 0.9949, 0.4773 0.8584 1.012, 0.2084 0.9432 0.9797, 0.1164 0.9589 0.9797, 0.2106 0.9529 0.9949, 0.1176 0.9688 0.9949, 0.2119 0.959 1.012, -0.1626 0.9522 0.9797, -0.2538 0.932 0.9797, -0.1643 0.962 0.9949, -0.2564 0.9417 0.9949, -0.1654 0.9681 1.012, -0.4281 0.8659 0.9797, -0.5097 0.8206 0.9797, -0.4325 0.8749 0.9949, -0.5149 0.829 0.9949, -0.4353 0.8804 1.012, -0.723 0.6405 0.9797, -0.7815 0.5678 0.9797, -0.7305 0.6472 0.9949, -0.7895 0.5736 0.9949, -0.7351 0.6513 1.012, -0.876 0.4071 0.9797, -0.9112 0.3206 0.9797, -0.8851 0.4113 0.9949, -0.9206 0.3239 0.9949, -0.8907 0.4139 1.012, -0.9359 -0.0 0.958, -0.9516 -0.046 0.9671, -0.9648 0.0467 0.9797, -0.9648 -0.0467 0.9797, -0.9748 0.0472 0.9949, -0.9748 -0.0472 0.9949, -0.981 0.0475 1.012, -0.9379 -0.2312 0.9797, -0.9112 -0.3206 0.9797, -0.9476 -0.2336 0.9949, -0.9206 -0.3239 0.9949, -0.9536 -0.235 1.012, -0.8326 -0.4897 0.9797, -0.7815 -0.5678 0.9797, -0.8412 -0.4948 0.9949, -0.7895 -0.5736 0.9949, -0.8466 -0.4979 1.012, -0.5865 -0.7675 0.9797, -0.5097 -0.8206 0.9797, -0.5926 -0.7755 0.9949, -0.5149 -0.829 0.9949, -0.5963 -0.7804 1.012, -0.3425 -0.9032 0.9797, -0.2538 -0.932 0.9797, -0.3461 -0.9125 0.9949, -0.2564 -0.9417 0.9949, -0.3483 -0.9183 1.012, 0.0233 -0.9657 0.9797, 0.1164 -0.9589 0.9797, 0.0236 -0.9757 0.9949, 0.1176 -0.9688 0.9949, 0.0237 -0.9819 1.012, 0.2985 -0.9187 0.9797, 0.3858 -0.8856 0.9797, 0.3016 -0.9282 0.9949, 0.3898 -0.8947 0.9949, 0.3035 -0.9341 1.012, 0.808 -0.5294 0.9797, 0.8553 -0.4489 0.9797, 0.8163 -0.5348 0.9949, 0.8641 -0.4535 0.9949, 0.8215 -0.5382 1.012, 0.9821 0.0 1.012, 0.9776 -0.0948 1.012, 0.9638 -0.1887 1.012, 0.9411 -0.2808 1.012, 0.9411 0.2808 1.012, 0.9352 0.2791 0.9949, 0.9256 0.2762 0.9797, 0.8215 0.5382 1.012, 0.8163 0.5348 0.9949, 0.808 0.5294 0.9797, 0.7531 0.6049 0.9797, 0.7609 0.6111 0.9949, 0.5579 0.8083 1.012, 0.5544 0.8032 0.9949, 0.5487 0.795 0.9797, 0.3035 0.9341 1.012, 0.3016 0.9282 0.9949, 0.2985 0.9187 0.9797, 0.0236 0.9757 0.9949, 0.0233 0.9657 0.9797, -0.0711 0.9796 1.012, -0.0707 0.9734 0.9949, -0.07 0.9634 0.9797, -0.3483 0.9183 1.012, -0.3461 0.9125 0.9949, -0.3425 0.9032 0.9797, -0.5963 0.7804 1.012, -0.5926 0.7755 0.9949, -0.5865 0.7675 0.9797, -0.6578 0.7073 0.9797, -0.6646 0.7146 0.9949, -0.8466 0.4979 1.012, -0.8412 0.4948 0.9949, -0.8326 0.4897 0.9797, -0.9536 0.235 1.012, -0.9476 0.2336 0.9949, -0.9379 0.2312 0.9797, -0.9558 0.1396 0.9797, -0.9657 0.141 0.9949, -0.9718 -0.1419 1.012, -0.9657 -0.141 0.9949, -0.9558 -0.1396 0.9797, -0.8907 -0.4139 1.012, -0.8851 -0.4113 0.9949, -0.876 -0.4071 0.9797, -0.7305 -0.6472 0.9949, -0.723 -0.6405 0.9797, -0.6689 -0.7192 1.012, -0.6646 -0.7146 0.9949, -0.6578 -0.7073 0.9797, -0.4353 -0.8804 1.012, -0.4325 -0.8749 0.9949, -0.4281 -0.8659 0.9797, -0.1654 -0.9681 1.012, -0.1643 -0.962 0.9949, -0.1626 -0.9522 0.9797, -0.07 -0.9634 0.9797, -0.0707 -0.9734 0.9949, 0.2119 -0.959 1.012, 0.2106 -0.9529 0.9949, 0.2084 -0.9432 0.9797, 0.4773 -0.8584 1.012, 0.4743 -0.8529 0.9949, 0.4694 -0.8442 0.9797, 0.5487 -0.795 0.9797, 0.5544 -0.8032 0.9949, 0.6293 -0.7459 0.9949, 0.6229 -0.7383 0.9797, 0.6984 -0.6817 0.9949, 0.6912 -0.6747 0.9797, 0.7658 -0.615 1.012, 0.7609 -0.6111 0.9949, 0.7531 -0.6049 0.9797, 0.9096 -0.3704 1.012, 0.9039 -0.368 0.9949, 0.8946 -0.3643 0.9797, 0.9066 -0.0893 0.9423, 0.8935 -0.1777 0.9423, 0.8718 -0.2644 0.9423, 0.8416 -0.3486 0.9423, 0.8034 -0.4294 0.9423, 0.7575 -0.5061 0.9423, 0.7042 -0.5779 0.9423, 0.6442 -0.6442 0.9423, 0.5779 -0.7042 0.9423, 0.5061 -0.7575 0.9423, 0.4294 -0.8034 0.9423, 0.3486 -0.8416 0.9423, 0.2644 -0.8718 0.9423, -0.0893 -0.9066 0.9423, -0.1777 -0.8935 0.9423, -0.2644 -0.8718 0.9423, -0.3486 -0.8416 0.9423, -0.4294 -0.8034 0.9423, -0.5061 -0.7575 0.9423, -0.5779 -0.7042 0.9423, -0.6442 -0.6442 0.9423, -0.7042 -0.5779 0.9423, -0.7575 -0.5061 0.9423, -0.8034 -0.4294 0.9423, -0.8416 -0.3486 0.9423, -0.8718 -0.2644 0.9423, -0.8935 -0.1777 0.9423, -0.9066 -0.0893 0.9423, 0.7042 -0.5779 0.7571, 0.7575 -0.5061 0.7571, 0.7398 -0.4943 0.7788, 0.6039 -0.7158 0.7415, 0.6626 -0.6626 0.7415, 0.6442 -0.6442 0.7571, 0.5319 -0.7707 0.7415, 0.5944 -0.7243 0.7415, 0.5779 -0.7042 0.7571, 0.455 -0.8184 0.7415, 0.5206 -0.7791 0.7415, 0.5061 -0.7575 0.7571, 0.3739 -0.8584 0.7415, 0.4417 -0.8264 0.7415, 0.4294 -0.8034 0.7571, 0.2893 -0.8905 0.7415, 0.3586 -0.8657 0.7415, 0.3486 -0.8416 0.7571, 0.202 -0.9142 0.7415, 0.272 -0.8967 0.7415, 0.2644 -0.8718 0.7571, 0.1128 -0.9294 0.7415, 0.1828 -0.919 0.7415, 0.1777 -0.8935 0.7571, 0.0226 -0.9359 0.7415, 0.0918 -0.9325 0.7415, 0.0893 -0.9066 0.7571, -0.0678 -0.9337 0.7415, 0.0 -0.937 0.7415, 0.0 -0.911 0.7571, -0.1576 -0.9227 0.7415, -0.0918 -0.9325 0.7415, -0.0893 -0.9066 0.7571, -0.2459 -0.9032 0.7415, -0.1828 -0.919 0.7415, -0.1777 -0.8935 0.7571, -0.3319 -0.8752 0.7415, -0.272 -0.8967 0.7415, -0.2644 -0.8718 0.7571, -0.4149 -0.8391 0.7415, -0.3586 -0.8657 0.7415, -0.3486 -0.8416 0.7571, -0.4939 -0.7951 0.7415, -0.4417 -0.8264 0.7415, -0.4294 -0.8034 0.7571, -0.5683 -0.7437 0.7415, -0.5206 -0.7791 0.7415, -0.5061 -0.7575 0.7571, -0.9261 0.1352 0.7415, -0.9325 0.0918 0.7415, -0.9066 0.0893 0.7571, -0.9087 0.224 0.7415, -0.919 0.1828 0.7415, -0.8935 0.1777 0.7571, -0.8828 0.3106 0.7415, -0.8967 0.272 0.7415, -0.8718 0.2644 0.7571, -0.8487 0.3944 0.7415, -0.8657 0.3586 0.7415, -0.8416 0.3486 0.7571, -0.8067 0.4745 0.7415, -0.8264 0.4417 0.7415, -0.8034 0.4294 0.7571, -0.7572 0.5501 0.7415, -0.7791 0.5206 0.7415, -0.7575 0.5061 0.7571, -0.7006 0.6206 0.7415, -0.7243 0.5944 0.7415, -0.7042 0.5779 0.7571, -0.6374 0.6854 0.7415, -0.6626 0.6626 0.7415, -0.6442 0.6442 0.7571, -0.5683 0.7437 0.7415, -0.5944 0.7243 0.7415, -0.5779 0.7042 0.7571, -0.4939 0.7951 0.7415, -0.5206 0.7791 0.7415, -0.5061 0.7575 0.7571, -0.4149 0.8391 0.7415, -0.4417 0.8264 0.7415, -0.4294 0.8034 0.7571, -0.3319 0.8752 0.7415, -0.3586 0.8657 0.7415, -0.3486 0.8416 0.7571, -0.2459 0.9032 0.7415, -0.272 0.8967 0.7415, -0.2644 0.8718 0.7571, -0.1576 0.9227 0.7415, -0.1828 0.919 0.7415, -0.1777 0.8935 0.7571, -0.0678 0.9337 0.7415, -0.0918 0.9325 0.7415, -0.0893 0.9066 0.7571, 0.0226 0.9359 0.7415, 0.0 0.937 0.7415, 0.0 0.911 0.7571, 0.1128 0.9294 0.7415, 0.0918 0.9325 0.7415, 0.0893 0.9066 0.7571, 0.202 0.9142 0.7415, 0.1828 0.919 0.7415, 0.1777 0.8935 0.7571, 0.2893 0.8905 0.7415, 0.272 0.8967 0.7415, 0.2644 0.8718 0.7571, 0.911 0.0 0.7571, 0.937 0.0 0.7415, 0.9326 0.0904 0.7415, 0.9325 0.0918 0.7415, 0.9066 0.0893 0.7571, 0.9194 0.18 0.7415, 0.919 0.1828 0.7415, 0.8935 0.1777 0.7571, 0.8977 0.2679 0.7415, 0.8967 0.272 0.7415, 0.8718 0.2644 0.7571, 0.8676 0.3533 0.7415, 0.8657 0.3586 0.7415, 0.8416 0.3486 0.7571, 0.8294 0.4353 0.7415, 0.8264 0.4417 0.7415, 0.8034 0.4294 0.7571, 0.7835 0.5133 0.7415, 0.7791 0.5206 0.7415, 0.7575 0.5061 0.7571, 0.7302 0.5865 0.7415, 0.7243 0.5944 0.7415, 0.7042 0.5779 0.7571, 0.6702 0.6542 0.7415, 0.6626 0.6626 0.7415, 0.6442 0.6442 0.7571, 0.6039 0.7158 0.7415, 0.5944 0.7243 0.7415, 0.5779 0.7042 0.7571, 0.5319 0.7707 0.7415, 0.5206 0.7791 0.7415, 0.5061 0.7575 0.7571, 0.455 0.8184 0.7415, 0.4417 0.8264 0.7415, 0.4294 0.8034 0.7571, 0.3739 0.8584 0.7415, 0.3586 0.8657 0.7415, 0.3486 0.8416 0.7571, -0.9348 0.0452 0.7415, -0.911 -0.0 0.7571, -0.937 -0.0 0.7415, -0.9348 -0.0452 0.7415, -0.9325 -0.0918 0.7415, -0.9066 -0.0893 0.7571, -0.9261 -0.1352 0.7415, -0.919 -0.1828 0.7415, -0.8935 -0.1777 0.7571, -0.9087 -0.224 0.7415, -0.8967 -0.272 0.7415, -0.8718 -0.2644 0.7571, -0.8828 -0.3106 0.7415, -0.8657 -0.3586 0.7415, -0.8416 -0.3486 0.7571, -0.8487 -0.3944 0.7415, -0.8264 -0.4417 0.7415, -0.8034 -0.4294 0.7571, -0.8067 -0.4745 0.7415, -0.7791 -0.5206 0.7415, -0.7575 -0.5061 0.7571, -0.7572 -0.5501 0.7415, -0.7243 -0.5944 0.7415, -0.7042 -0.5779 0.7571, -0.7006 -0.6206 0.7415, -0.6626 -0.6626 0.7415, -0.6442 -0.6442 0.7571, -0.6374 -0.6854 0.7415, -0.5944 -0.7243 0.7415, -0.5779 -0.7042 0.7571, 0.6702 -0.6542 0.7415, 0.7243 -0.5944 0.7415, 0.7302 -0.5865 0.7415, 0.7791 -0.5206 0.7415, 0.7835 -0.5133 0.7415, 0.8034 -0.4294 0.7571, 0.8264 -0.4417 0.7415, 0.8294 -0.4353 0.7415, 0.8416 -0.3486 0.7571, 0.8657 -0.3586 0.7415, 0.8676 -0.3533 0.7415, 0.8718 -0.2644 0.7571, 0.8967 -0.272 0.7415, 0.8977 -0.2679 0.7415, 0.8935 -0.1777 0.7571, 0.919 -0.1828 0.7415, 0.9194 -0.18 0.7415, 0.9066 -0.0893 0.7571, 0.9325 -0.0918 0.7415, 0.9326 -0.0904 0.7415, 0.7715 -0.4124 0.8052, 0.7847 -0.4195 0.7788, 0.8011 -0.3318 0.8345, 0.8083 -0.3348 0.8052, 0.8221 -0.3405 0.7788, 0.8298 -0.2517 0.8649, 0.8298 -0.2517 0.8345, 0.8372 -0.254 0.8052, 0.8515 -0.2583 0.7788, 0.858 -0.1707 0.8942, 0.8505 -0.1692 0.8649, 0.8505 -0.1692 0.8345, 0.858 -0.1707 0.8052, 0.8727 -0.1736 0.7788, 0.8855 -0.0872 0.9206, 0.8706 -0.0858 0.8942, 0.8629 -0.085 0.8649, 0.8629 -0.085 0.8345, 0.8706 -0.0858 0.8052, 0.8855 -0.0872 0.7788, 0.911 0.0 0.9423, 0.8898 0.0 0.9206, 0.8749 0.0 0.8942, 0.8671 0.0 0.8649, 0.8671 0.0 0.8345, 0.8749 0.0 0.8052, 0.8898 0.0 0.7788, 0.0893 -0.9066 0.9423, 0.0 -0.911 0.9423, 0.0 -0.8898 0.9206, 0.9066 0.0893 0.9423, 0.8855 0.0872 0.7788, 0.8706 0.0858 0.8052, 0.8629 0.085 0.8345, 0.8629 0.085 0.8649, 0.8706 0.0858 0.8942, 0.8855 0.0872 0.9206, 0.8935 0.1777 0.9423, 0.8727 0.1736 0.7788, 0.858 0.1707 0.8052, 0.8505 0.1692 0.8345, 0.8505 0.1692 0.8649, 0.858 0.1707 0.8942, 0.8727 0.1736 0.9206, 0.8718 0.2644 0.9423, 0.8515 0.2583 0.7788, 0.8372 0.254 0.8052, 0.8298 0.2517 0.8345, 0.8298 0.2517 0.8649, 0.8372 0.254 0.8942, 0.8515 0.2583 0.9206, 0.8416 0.3486 0.9423, 0.8221 0.3405 0.7788, 0.8083 0.3348 0.8052, 0.8011 0.3318 0.8345, 0.8011 0.3318 0.8649, 0.8083 0.3348 0.8942, 0.8221 0.3405 0.9206, 0.8034 0.4294 0.9423, 0.7847 0.4195 0.7788, 0.7715 0.4124 0.8052, 0.7647 0.4088 0.8345, 0.7647 0.4088 0.8649, 0.7715 0.4124 0.8942, 0.7847 0.4195 0.9206, 0.7575 0.5061 0.9423, 0.7398 0.4943 0.7788, 0.7274 0.486 0.8052, 0.721 0.4817 0.8345, 0.721 0.4817 0.8649, 0.7274 0.486 0.8942, 0.7398 0.4943 0.9206, 0.7042 0.5779 0.9423, 0.6878 0.5645 0.7788, 0.6763 0.555 0.8052, 0.6703 0.5501 0.8345, 0.6703 0.5501 0.8649, 0.6763 0.555 0.8942, 0.6878 0.5645 0.9206, 0.6442 0.6442 0.9423, 0.6292 0.6292 0.7788, 0.6186 0.6186 0.8052, 0.6131 0.6131 0.8345, 0.6131 0.6131 0.8649, 0.6186 0.6186 0.8942, 0.6292 0.6292 0.9206, 0.5779 0.7042 0.9423, 0.5645 0.6878 0.7788, 0.555 0.6763 0.8052, 0.5501 0.6703 0.8345, 0.5501 0.6703 0.8649, 0.555 0.6763 0.8942, 0.5645 0.6878 0.9206, 0.5061 0.7575 0.9423, 0.4943 0.7398 0.7788, 0.486 0.7274 0.8052, 0.4817 0.721 0.8345, 0.4817 0.721 0.8649, 0.486 0.7274 0.8942, 0.4943 0.7398 0.9206, 0.4294 0.8034 0.9423, 0.4195 0.7847 0.7788, 0.4124 0.7715 0.8052, 0.4088 0.7647 0.8345, 0.4088 0.7647 0.8649, 0.4124 0.7715 0.8942, 0.4195 0.7847 0.9206, 0.3486 0.8416 0.9423, 0.3405 0.8221 0.7788, 0.3348 0.8083 0.8052, 0.3318 0.8011 0.8345, 0.3318 0.8011 0.8649, 0.3348 0.8083 0.8942, 0.3405 0.8221 0.9206, 0.2644 0.8718 0.9423, 0.2583 0.8515 0.7788, 0.254 0.8372 0.8052, 0.2517 0.8298 0.8345, 0.2517 0.8298 0.8649, 0.254 0.8372 0.8942, 0.2583 0.8515 0.9206, 0.1777 0.8935 0.9423, 0.1736 0.8727 0.7788, 0.1707 0.858 0.8052, 0.1692 0.8505 0.8345, 0.1692 0.8505 0.8649, 0.1707 0.858 0.8942, 0.1736 0.8727 0.9206, 0.0893 0.9066 0.9423, 0.0872 0.8855 0.7788, 0.0858 0.8706 0.8052, 0.085 0.8629 0.8345, 0.085 0.8629 0.8649, 0.0858 0.8706 0.8942, 0.0872 0.8855 0.9206, 0.0 0.911 0.9423, 0.0 0.8898 0.7788, 0.0 0.8749 0.8052, 0.0 0.8671 0.8345, 0.0 0.8671 0.8649, 0.0 0.8749 0.8942, 0.0 0.8898 0.9206, -0.0893 0.9066 0.9423, -0.0872 0.8855 0.7788, -0.0858 0.8706 0.8052, -0.085 0.8629 0.8345, -0.085 0.8629 0.8649, -0.0858 0.8706 0.8942, -0.0872 0.8855 0.9206, -0.1777 0.8935 0.9423, -0.1736 0.8727 0.7788, -0.1707 0.858 0.8052, -0.1692 0.8505 0.8345, -0.1692 0.8505 0.8649, -0.1707 0.858 0.8942, -0.1736 0.8727 0.9206, -0.2644 0.8718 0.9423, -0.2583 0.8515 0.7788, -0.254 0.8372 0.8052, -0.2517 0.8298 0.8345, -0.2517 0.8298 0.8649, -0.254 0.8372 0.8942, -0.2583 0.8515 0.9206, -0.3486 0.8416 0.9423, -0.3405 0.8221 0.7788, -0.3348 0.8083 0.8052, -0.3318 0.8011 0.8345, -0.3318 0.8011 0.8649, -0.3348 0.8083 0.8942, -0.3405 0.8221 0.9206, -0.4294 0.8034 0.9423, -0.4195 0.7847 0.7788, -0.4124 0.7715 0.8052, -0.4088 0.7647 0.8345, -0.4088 0.7647 0.8649, -0.4124 0.7715 0.8942, -0.4195 0.7847 0.9206, -0.5061 0.7575 0.9423, -0.4943 0.7398 0.7788, -0.486 0.7274 0.8052, -0.4817 0.721 0.8345, -0.4817 0.721 0.8649, -0.486 0.7274 0.8942, -0.4943 0.7398 0.9206, -0.5779 0.7042 0.9423, -0.5645 0.6878 0.7788, -0.555 0.6763 0.8052, -0.5501 0.6703 0.8345, -0.5501 0.6703 0.8649, -0.555 0.6763 0.8942, -0.5645 0.6878 0.9206, -0.6442 0.6442 0.9423, -0.6292 0.6292 0.7788, -0.6186 0.6186 0.8052, -0.6131 0.6131 0.8345, -0.6131 0.6131 0.8649, -0.6186 0.6186 0.8942, -0.6292 0.6292 0.9206, -0.7042 0.5779 0.9423, -0.6878 0.5645 0.7788, -0.6763 0.555 0.8052, -0.6703 0.5501 0.8345, -0.6703 0.5501 0.8649, -0.6763 0.555 0.8942, -0.6878 0.5645 0.9206, -0.7575 0.5061 0.9423, -0.7398 0.4943 0.7788, -0.7274 0.486 0.8052, -0.721 0.4817 0.8345, -0.721 0.4817 0.8649, -0.7274 0.486 0.8942, -0.7398 0.4943 0.9206, -0.8034 0.4294 0.9423, -0.7847 0.4195 0.7788, -0.7715 0.4124 0.8052, -0.7647 0.4088 0.8345, -0.7647 0.4088 0.8649, -0.7715 0.4124 0.8942, -0.7847 0.4195 0.9206, -0.8416 0.3486 0.9423, -0.8221 0.3405 0.7788, -0.8083 0.3348 0.8052, -0.8011 0.3318 0.8345, -0.8011 0.3318 0.8649, -0.8083 0.3348 0.8942, -0.8221 0.3405 0.9206, -0.8718 0.2644 0.9423, -0.8515 0.2583 0.7788, -0.8372 0.254 0.8052, -0.8298 0.2517 0.8345, -0.8298 0.2517 0.8649, -0.8372 0.254 0.8942, -0.8515 0.2583 0.9206, -0.8935 0.1777 0.9423, -0.8727 0.1736 0.7788, -0.858 0.1707 0.8052, -0.8505 0.1692 0.8345, -0.8505 0.1692 0.8649, -0.858 0.1707 0.8942, -0.8727 0.1736 0.9206, -0.9066 0.0893 0.9423, -0.8855 0.0872 0.7788, -0.8706 0.0858 0.8052, -0.8629 0.085 0.8345, -0.8629 0.085 0.8649, -0.8706 0.0858 0.8942, -0.8855 0.0872 0.9206, -0.911 -0.0 0.9423, -0.8898 -0.0 0.7788, -0.8749 -0.0 0.8052, -0.8671 -0.0 0.8345, -0.8671 -0.0 0.8649, -0.8749 -0.0 0.8942, -0.8898 -0.0 0.9206, -0.8855 -0.0872 0.7788, -0.8706 -0.0858 0.8052, -0.8629 -0.085 0.8345, -0.8629 -0.085 0.8649, -0.8706 -0.0858 0.8942, -0.8855 -0.0872 0.9206, -0.8727 -0.1736 0.7788, -0.858 -0.1707 0.8052, -0.8505 -0.1692 0.8345, -0.8505 -0.1692 0.8649, -0.858 -0.1707 0.8942, -0.8727 -0.1736 0.9206, -0.8515 -0.2583 0.7788, -0.8372 -0.254 0.8052, -0.8298 -0.2517 0.8345, -0.8298 -0.2517 0.8649, -0.8372 -0.254 0.8942, -0.8515 -0.2583 0.9206, -0.8221 -0.3405 0.7788, -0.8083 -0.3348 0.8052, -0.8011 -0.3318 0.8345, -0.8011 -0.3318 0.8649, -0.8083 -0.3348 0.8942, -0.8221 -0.3405 0.9206, -0.7847 -0.4195 0.7788, -0.7715 -0.4124 0.8052, -0.7647 -0.4088 0.8345, -0.7647 -0.4088 0.8649, -0.7715 -0.4124 0.8942, -0.7847 -0.4195 0.9206, -0.7398 -0.4943 0.7788, -0.7274 -0.486 0.8052, -0.721 -0.4817 0.8345, -0.721 -0.4817 0.8649, -0.7274 -0.486 0.8942, -0.7398 -0.4943 0.9206, -0.6878 -0.5645 0.7788, -0.6763 -0.555 0.8052, -0.6703 -0.5501 0.8345, -0.6703 -0.5501 0.8649, -0.6763 -0.555 0.8942, -0.6878 -0.5645 0.9206, -0.6292 -0.6292 0.7788, -0.6186 -0.6186 0.8052, -0.6131 -0.6131 0.8345, -0.6131 -0.6131 0.8649, -0.6186 -0.6186 0.8942, -0.6292 -0.6292 0.9206, -0.5645 -0.6878 0.7788, -0.555 -0.6763 0.8052, -0.5501 -0.6703 0.8345, -0.5501 -0.6703 0.8649, -0.555 -0.6763 0.8942, -0.5645 -0.6878 0.9206, -0.4943 -0.7398 0.7788, -0.486 -0.7274 0.8052, -0.4817 -0.721 0.8345, -0.4817 -0.721 0.8649, -0.486 -0.7274 0.8942, -0.4943 -0.7398 0.9206, -0.4195 -0.7847 0.7788, -0.4124 -0.7715 0.8052, -0.4088 -0.7647 0.8345, -0.4088 -0.7647 0.8649, -0.4124 -0.7715 0.8942, -0.4195 -0.7847 0.9206, -0.3348 -0.8083 0.8052, -0.3318 -0.8011 0.8345, -0.3318 -0.8011 0.8649, -0.3348 -0.8083 0.8942, -0.3405 -0.8221 0.9206, -0.2517 -0.8298 0.8345, -0.2517 -0.8298 0.8649, -0.254 -0.8372 0.8942, -0.2583 -0.8515 0.9206, -0.1692 -0.8505 0.8649, -0.1707 -0.858 0.8942, -0.1736 -0.8727 0.9206, -0.0858 -0.8706 0.8942, -0.0872 -0.8855 0.9206, 0.1777 -0.8935 0.9423, 0.0872 -0.8855 0.9206, 0.0 -0.8749 0.8942, -0.085 -0.8629 0.8649, -0.1692 -0.8505 0.8345, -0.254 -0.8372 0.8052, -0.3405 -0.8221 0.7788, 0.1736 -0.8727 0.9206, 0.0858 -0.8706 0.8942, 0.0 -0.8671 0.8649, -0.085 -0.8629 0.8345, -0.1707 -0.858 0.8052, -0.2583 -0.8515 0.7788, 0.2583 -0.8515 0.9206, 0.1707 -0.858 0.8942, 0.085 -0.8629 0.8649, 0.0 -0.8671 0.8345, -0.0858 -0.8706 0.8052, -0.1736 -0.8727 0.7788, 0.3405 -0.8221 0.9206, 0.254 -0.8372 0.8942, 0.1692 -0.8505 0.8649, 0.085 -0.8629 0.8345, 0.0 -0.8749 0.8052, -0.0872 -0.8855 0.7788, 0.4195 -0.7847 0.9206, 0.3348 -0.8083 0.8942, 0.2517 -0.8298 0.8649, 0.1692 -0.8505 0.8345, 0.0858 -0.8706 0.8052, 0.0 -0.8898 0.7788, 0.4943 -0.7398 0.9206, 0.4124 -0.7715 0.8942, 0.3318 -0.8011 0.8649, 0.2517 -0.8298 0.8345, 0.1707 -0.858 0.8052, 0.0872 -0.8855 0.7788, 0.5645 -0.6878 0.9206, 0.486 -0.7274 0.8942, 0.4088 -0.7647 0.8649, 0.3318 -0.8011 0.8345, 0.254 -0.8372 0.8052, 0.1736 -0.8727 0.7788, 0.6292 -0.6292 0.9206, 0.555 -0.6763 0.8942, 0.4817 -0.721 0.8649, 0.4088 -0.7647 0.8345, 0.3348 -0.8083 0.8052, 0.2583 -0.8515 0.7788, 0.6878 -0.5645 0.9206, 0.6186 -0.6186 0.8942, 0.5501 -0.6703 0.8649, 0.4817 -0.721 0.8345, 0.4124 -0.7715 0.8052, 0.3405 -0.8221 0.7788, 0.7398 -0.4943 0.9206, 0.6763 -0.555 0.8942, 0.6131 -0.6131 0.8649, 0.5501 -0.6703 0.8345, 0.486 -0.7274 0.8052, 0.4195 -0.7847 0.7788, 0.7847 -0.4195 0.9206, 0.7274 -0.486 0.8942, 0.6703 -0.5501 0.8649, 0.6131 -0.6131 0.8345, 0.555 -0.6763 0.8052, 0.4943 -0.7398 0.7788, 0.8221 -0.3405 0.9206, 0.7715 -0.4124 0.8942, 0.721 -0.4817 0.8649, 0.6703 -0.5501 0.8345, 0.6186 -0.6186 0.8052, 0.5645 -0.6878 0.7788, 0.8515 -0.2583 0.9206, 0.8083 -0.3348 0.8942, 0.7647 -0.4088 0.8649, 0.721 -0.4817 0.8345, 0.6763 -0.555 0.8052, 0.6292 -0.6292 0.7788, 0.8727 -0.1736 0.9206, 0.8372 -0.254 0.8942, 0.8011 -0.3318 0.8649, 0.7647 -0.4088 0.8345, 0.7274 -0.486 0.8052, 0.6878 -0.5645 0.7788, 0.935 -0.183 0.7323, 0.913 -0.2724 0.7323, 0.8824 -0.3593 0.7323, 0.8436 -0.4428 0.7323, 0.7969 -0.5221 0.7323, 0.7428 -0.5966 0.7323, 0.6818 -0.6655 0.7323, 0.6144 -0.7282 0.7323, 0.5412 -0.7841 0.7323, 0.463 -0.8327 0.7323, 0.3805 -0.8735 0.7323, 0.2944 -0.9061 0.7323, 0.2056 -0.9303 0.7323, 0.1148 -0.9458 0.7323, 0.023 -0.9525 0.7323, -0.069 -0.9502 0.7323, -0.1604 -0.9391 0.7323, -0.2503 -0.9193 0.7323, -0.3378 -0.8908 0.7323, -0.4222 -0.8541 0.7323, -0.5027 -0.8093 0.7323, -0.5785 -0.757 0.7323, -0.6488 -0.6977 0.7323, -0.7131 -0.6318 0.7323, -0.7708 -0.56 0.7323, -0.8212 -0.483 0.7323, -0.864 -0.4015 0.7323, -0.8987 -0.3162 0.7323, -0.9251 -0.228 0.7323, -0.9428 -0.1377 0.7323, -0.9251 0.228 0.7323, -0.8987 0.3162 0.7323, -0.864 0.4015 0.7323, -0.8212 0.483 0.7323, -0.7708 0.56 0.7323, -0.7131 0.6318 0.7323, -0.6488 0.6977 0.7323, -0.5785 0.757 0.7323, -0.5027 0.8093 0.7323, -0.4222 0.8541 0.7323, -0.3378 0.8908 0.7323, -0.2503 0.9193 0.7323, -0.1604 0.9391 0.7323, -0.069 0.9502 0.7323, 0.023 0.9525 0.7323, 0.1148 0.9458 0.7323, 0.2056 0.9303 0.7323, 0.2944 0.9061 0.7323, 0.3805 0.8735 0.7323, 0.463 0.8327 0.7323, 0.5412 0.7841 0.7323, 0.6144 0.7282 0.7323, 0.6818 0.6655 0.7323, 0.7428 0.5966 0.7323, 0.7969 0.5221 0.7323, 0.8436 0.4428 0.7323, 0.8824 0.3593 0.7323, 0.913 0.2724 0.7323, 0.935 0.183 0.7323, 0.9483 0.092 0.7323, 0.9352 0.2791 0.7045, 0.9411 0.2808 0.6874, 0.9096 0.3704 0.6874, 0.974 -0.1339 0.6693, 0.9797 -0.095 0.6693, 0.9776 -0.0948 0.6874, 0.902 -0.3918 0.6693, 0.9116 -0.3712 0.6693, 0.9096 -0.3704 0.6874, 0.7633 -0.621 0.6693, 0.7674 -0.6163 0.6693, 0.7658 -0.615 0.6874, 0.671 -0.7185 0.6693, 0.7043 -0.6875 0.6693, 0.7028 -0.686 0.6874, 0.4524 -0.873 0.6693, 0.4783 -0.8602 0.6693, 0.4773 -0.8584 0.6874, 0.2002 -0.9632 0.6693, 0.2124 -0.9611 0.6693, 0.2119 -0.959 0.6874, -0.0672 -0.9818 0.6693, 0.0238 -0.984 0.6693, 0.0237 -0.9819 0.6874, -0.2 -0.9626 0.6693, -0.1657 -0.9702 0.6693, -0.1654 -0.9681 0.6874, -0.4525 -0.8733 0.6693, -0.4362 -0.8823 0.6693, -0.4353 -0.8804 0.6874, -0.6717 -0.7193 0.6693, -0.6703 -0.7207 0.6693, -0.6689 -0.7192 0.6874, -0.7626 -0.6204 0.6693, -0.7367 -0.6527 0.6693, -0.7351 -0.6513 0.6874, -0.9019 -0.3918 0.6693, -0.8926 -0.4148 0.6693, -0.8907 -0.4139 0.6874, -0.9747 -0.134 0.6693, -0.9739 -0.1422 0.6693, -0.9718 -0.1419 0.6874, -0.9831 -0.0 0.6693, -0.9831 -0.0476 0.6693, -0.981 -0.0475 0.6874, -0.9747 0.134 0.6693, -0.9831 0.0476 0.6693, -0.981 0.0475 0.6874, -0.9019 0.3918 0.6693, -0.9285 0.3267 0.6693, -0.9265 0.326 0.6874, -0.7626 0.6204 0.6693, -0.7963 0.5785 0.6693, -0.7946 0.5773 0.6874, -0.4525 0.8733 0.6693, -0.5193 0.8361 0.6693, -0.5182 0.8343 0.6874, -0.2 0.9626 0.6693, -0.2586 0.9497 0.6693, -0.258 0.9476 0.6874, -0.0711 0.9796 0.6874, -0.0713 0.9817 0.6693, -0.1657 0.9702 0.6693, -0.0672 0.9818 0.6693, 0.2002 0.9632 0.6693, 0.1186 0.9771 0.6693, 0.1184 0.975 0.6874, 0.4524 0.873 0.6693, 0.3931 0.9024 0.6693, 0.3922 0.9004 0.6874, 0.5579 0.8083 0.6874, 0.5591 0.81 0.6693, 0.4783 0.8602 0.6693, 0.5673 0.8038 0.6693, 0.902 0.3918 0.6693, 0.8715 0.4574 0.6693, 0.8696 0.4564 0.6874, 0.9659 0.1891 0.6693, 0.9471 0.2654 0.6693, 0.9432 0.2814 0.6693, 0.9116 0.3712 0.6693, 0.8401 0.5109 0.6693, 0.8215 0.5382 0.6874, 0.8233 0.5394 0.6693, 0.7674 0.6163 0.6693, 0.7658 0.615 0.6874, 0.7633 0.621 0.6693, 0.7043 0.6875 0.6693, 0.7028 0.686 0.6874, 0.671 0.7185 0.6693, 0.6347 0.7523 0.6693, 0.6333 0.7507 0.6874, 0.4773 0.8584 0.6874, 0.3293 0.9266 0.6693, 0.3035 0.9341 0.6874, 0.3042 0.9361 0.6693, 0.2124 0.9611 0.6693, 0.2119 0.959 0.6874, 0.0671 0.9808 0.6693, 0.0237 0.9819 0.6874, 0.0238 0.984 0.6693, -0.1654 0.9681 0.6874, -0.3294 0.9267 0.6693, -0.3483 0.9183 0.6874, -0.349 0.9203 0.6693, -0.4362 0.8823 0.6693, -0.4353 0.8804 0.6874, -0.567 0.8032 0.6693, -0.5963 0.7804 0.6874, -0.5976 0.7821 0.6693, -0.6703 0.7207 0.6693, -0.6689 0.7192 0.6874, -0.6717 0.7193 0.6693, -0.7367 0.6527 0.6693, -0.7351 0.6513 0.6874, -0.8405 0.5111 0.6693, -0.8466 0.4979 0.6874, -0.8484 0.499 0.6693, -0.8926 0.4148 0.6693, -0.8907 0.4139 0.6874, -0.9468 0.2653 0.6693, -0.9536 0.235 0.6874, -0.9557 0.2355 0.6693, -0.9739 0.1422 0.6693, -0.9718 0.1419 0.6874, -0.9285 -0.3267 0.6693, -0.7963 -0.5785 0.6693, -0.5193 -0.8361 0.6693, -0.2586 -0.9497 0.6693, 0.1186 -0.9771 0.6693, 0.3931 -0.9024 0.6693, 0.6347 -0.7523 0.6693, 0.8715 -0.4574 0.6693, 0.9659 -0.1891 0.6693, 0.974 0.1339 0.6693, 0.9638 0.1887 0.6874, 0.9578 0.1875 0.7045, 0.948 0.1856 0.7197, 0.9797 0.095 0.6693, 0.9776 0.0948 0.6874, 0.9714 0.0942 0.7045, 0.9615 0.0932 0.7197, -0.9648 0.0467 0.7197, -0.9516 0.046 0.7323, -0.9428 0.1377 0.7323, 0.9843 0.0 0.6693, 0.9821 0.0 0.6874, 0.9759 0.0 0.7045, 0.966 0.0 0.7197, 0.9527 0.0 0.7323, 0.9039 0.368 0.7045, 0.9256 0.2762 0.7197, 0.8641 0.4535 0.7045, 0.8946 0.3643 0.7197, 0.8163 0.5348 0.7045, 0.8553 0.4489 0.7197, 0.7609 0.6111 0.7045, 0.808 0.5294 0.7197, 0.6984 0.6817 0.7045, 0.7531 0.6049 0.7197, 0.6293 0.7459 0.7045, 0.6912 0.6747 0.7197, 0.5544 0.8032 0.7045, 0.6229 0.7383 0.7197, 0.4743 0.8529 0.7045, 0.5487 0.795 0.7197, 0.3898 0.8947 0.7045, 0.4694 0.8442 0.7197, 0.3016 0.9282 0.7045, 0.3858 0.8856 0.7197, 0.2106 0.9529 0.7045, 0.2985 0.9187 0.7197, 0.1176 0.9688 0.7045, 0.2084 0.9432 0.7197, 0.0236 0.9757 0.7045, 0.1164 0.9589 0.7197, -0.0707 0.9734 0.7045, 0.0233 0.9657 0.7197, -0.1643 0.962 0.7045, -0.07 0.9634 0.7197, -0.2564 0.9417 0.7045, -0.1626 0.9522 0.7197, -0.3461 0.9125 0.7045, -0.2538 0.932 0.7197, -0.4325 0.8749 0.7045, -0.3425 0.9032 0.7197, -0.5149 0.829 0.7045, -0.4281 0.8659 0.7197, -0.5926 0.7755 0.7045, -0.5097 0.8206 0.7197, -0.6646 0.7146 0.7045, -0.5865 0.7675 0.7197, -0.7305 0.6472 0.7045, -0.6578 0.7073 0.7197, -0.7895 0.5736 0.7045, -0.723 0.6405 0.7197, -0.8412 0.4948 0.7045, -0.7815 0.5678 0.7197, -0.8851 0.4113 0.7045, -0.8326 0.4897 0.7197, -0.9206 0.3239 0.7045, -0.876 0.4071 0.7197, -0.9476 0.2336 0.7045, -0.9112 0.3206 0.7197, -0.9657 0.141 0.7045, -0.9379 0.2312 0.7197, -0.9748 0.0472 0.7045, -0.9558 0.1396 0.7197, -0.9516 -0.046 0.7323, -0.9648 -0.0467 0.7197, -0.9748 -0.0472 0.7045, -0.9558 -0.1396 0.7197, -0.9657 -0.141 0.7045, -0.9379 -0.2312 0.7197, -0.9476 -0.2336 0.7045, -0.9536 -0.235 0.6874, -0.9557 -0.2355 0.6693, -0.9112 -0.3206 0.7197, -0.9206 -0.3239 0.7045, -0.9265 -0.326 0.6874, -0.9468 -0.2653 0.6693, -0.876 -0.4071 0.7197, -0.8851 -0.4113 0.7045, -0.8326 -0.4897 0.7197, -0.8412 -0.4948 0.7045, -0.8466 -0.4979 0.6874, -0.8484 -0.499 0.6693, -0.7815 -0.5678 0.7197, -0.7895 -0.5736 0.7045, -0.7946 -0.5773 0.6874, -0.8405 -0.5111 0.6693, -0.723 -0.6405 0.7197, -0.7305 -0.6472 0.7045, -0.6578 -0.7073 0.7197, -0.6646 -0.7146 0.7045, -0.5865 -0.7675 0.7197, -0.5926 -0.7755 0.7045, -0.5963 -0.7804 0.6874, -0.5976 -0.7821 0.6693, -0.5097 -0.8206 0.7197, -0.5149 -0.829 0.7045, -0.5182 -0.8343 0.6874, -0.567 -0.8032 0.6693, -0.4281 -0.8659 0.7197, -0.4325 -0.8749 0.7045, -0.3425 -0.9032 0.7197, -0.3461 -0.9125 0.7045, -0.3483 -0.9183 0.6874, -0.349 -0.9203 0.6693, -0.2538 -0.932 0.7197, -0.2564 -0.9417 0.7045, -0.258 -0.9476 0.6874, -0.3294 -0.9267 0.6693, -0.1626 -0.9522 0.7197, -0.1643 -0.962 0.7045, -0.07 -0.9634 0.7197, -0.0707 -0.9734 0.7045, -0.0711 -0.9796 0.6874, -0.0713 -0.9817 0.6693, 0.0233 -0.9657 0.7197, 0.0236 -0.9757 0.7045, 0.1164 -0.9589 0.7197, 0.1176 -0.9688 0.7045, 0.1184 -0.975 0.6874, 0.0671 -0.9808 0.6693, 0.2084 -0.9432 0.7197, 0.2106 -0.9529 0.7045, 0.2985 -0.9187 0.7197, 0.3016 -0.9282 0.7045, 0.3035 -0.9341 0.6874, 0.3042 -0.9361 0.6693, 0.3858 -0.8856 0.7197, 0.3898 -0.8947 0.7045, 0.3922 -0.9004 0.6874, 0.3293 -0.9266 0.6693, 0.4694 -0.8442 0.7197, 0.4743 -0.8529 0.7045, 0.5487 -0.795 0.7197, 0.5544 -0.8032 0.7045, 0.5579 -0.8083 0.6874, 0.5591 -0.81 0.6693, 0.6229 -0.7383 0.7197, 0.6293 -0.7459 0.7045, 0.6333 -0.7507 0.6874, 0.5673 -0.8038 0.6693, 0.6912 -0.6747 0.7197, 0.6984 -0.6817 0.7045, 0.7531 -0.6049 0.7197, 0.7609 -0.6111 0.7045, 0.808 -0.5294 0.7197, 0.8163 -0.5348 0.7045, 0.8215 -0.5382 0.6874, 0.8233 -0.5394 0.6693, 0.8553 -0.4489 0.7197, 0.8641 -0.4535 0.7045, 0.8696 -0.4564 0.6874, 0.8401 -0.5109 0.6693, 0.8946 -0.3643 0.7197, 0.9039 -0.368 0.7045, 0.9256 -0.2762 0.7197, 0.9352 -0.2791 0.7045, 0.9411 -0.2808 0.6874, 0.9432 -0.2814 0.6693, 0.948 -0.1856 0.7197, 0.9578 -0.1875 0.7045, 0.9638 -0.1887 0.6874, 0.9471 -0.2654 0.6693, 0.9483 -0.092 0.7323, 0.9615 -0.0932 0.7197, 0.9714 -0.0942 0.7045, 0.9843 0.0 0.3543, 0.9751 0.134 0.3543, 0.9478 0.2655 0.3543, 0.9028 0.3921 0.3543, 0.841 0.5114 0.3543, 0.7635 0.6211 0.3543, 0.6718 0.7193 0.3543, 0.5676 0.8041 0.3543, 0.4528 0.8739 0.3543, 0.3296 0.9274 0.3543, 0.2003 0.9637 0.3543, 0.0672 0.982 0.3543, -0.0672 0.982 0.3543, -0.2003 0.9637 0.3543, -0.3296 0.9274 0.3543, -0.4528 0.8739 0.3543, -0.5676 0.8041 0.3543, -0.6718 0.7193 0.3543, -0.7635 0.6211 0.3543, -0.841 0.5114 0.3543, -0.9028 0.3921 0.3543, -0.9478 0.2655 0.3543, -0.9751 0.134 0.3543, -0.9843 -0.0 0.3543, -0.9751 -0.134 0.3543, -0.9478 -0.2655 0.3543, -0.9028 -0.3921 0.3543, -0.841 -0.5114 0.3543, -0.7635 -0.6211 0.3543, -0.6718 -0.7193 0.3543, -0.5676 -0.8041 0.3543, -0.4528 -0.8739 0.3543, -0.3296 -0.9274 0.3543, -0.2003 -0.9637 0.3543, -0.0672 -0.982 0.3543, 0.0672 -0.982 0.3543, 0.2003 -0.9637 0.3543, 0.3296 -0.9274 0.3543, 0.4528 -0.8739 0.3543, 0.5676 -0.8041 0.3543, 0.6718 -0.7193 0.3543, 0.7635 -0.6211 0.3543, 0.841 -0.5114 0.3543, 0.9028 -0.3921 0.3543, 0.9478 -0.2655 0.3543, 0.9751 -0.134 0.3543
            ]
        }
        coordIndex [
            0,1,2,-1,2,1,3,-1,2,3,4,-1,4,3,5,-1,6,7,3,-1,8,9,10,-1,11,12,13,-1,13,12,14,-1,13,14,15,-1,15,14,16,-1,7,17,3,-1,3,17,18,-1,3,18,5,-1,11,13,3,-1,3,13,19,-1,3,19,6,-1,20,14,21,-1,21,22,20,-1,20,22,23,-1,20,23,24,-1,24,25,20,-1,20,25,26,-1,20,26,27,-1,27,26,28,-1,20,29,14,-1,14,29,30,-1,14,30,31,-1,8,10,32,-1,31,33,14,-1,14,33,34,-1,14,34,16,-1,35,36,10,-1,10,36,37,-1,35,10,26,-1,26,10,38,-1,26,38,39,-1,37,40,10,-1,10,40,41,-1,10,41,32,-1,39,42,26,-1,26,42,43,-1,26,43,28,-1,44,45,46,-1,47,48,49,-1,50,51,52,-1,53,0,2,-1,53,2,51,-1,50,52,54,-1,48,55,56,-1,56,55,57,-1,56,57,54,-1,47,49,45,-1,44,46,58,-1,59,60,58,-1,61,62,59,-1,59,62,63,-1,59,63,60,-1,64,65,66,-1,66,65,67,-1,68,69,70,-1,71,72,73,-1,73,72,74,-1,75,76,77,-1,78,79,80,-1,3,1,81,-1,82,83,84,-1,84,83,85,-1,84,85,86,-1,86,85,65,-1,86,65,87,-1,87,65,64,-1,87,64,88,-1,82,89,83,-1,83,89,90,-1,83,90,91,-1,91,90,92,-1,91,92,93,-1,93,92,94,-1,93,94,95,-1,95,94,96,-1,96,97,95,-1,95,97,98,-1,95,98,99,-1,99,98,100,-1,99,100,101,-1,101,100,102,-1,101,102,103,-1,103,102,104,-1,104,105,103,-1,103,105,106,-1,103,106,107,-1,107,106,108,-1,107,108,109,-1,108,110,109,-1,109,110,111,-1,109,111,112,-1,111,113,112,-1,112,113,114,-1,112,114,115,-1,114,116,115,-1,115,116,117,-1,115,117,118,-1,118,117,119,-1,118,119,120,-1,120,119,121,-1,120,121,122,-1,122,121,123,-1,123,124,122,-1,122,124,125,-1,122,125,126,-1,126,125,127,-1,126,127,128,-1,128,127,129,-1,128,129,130,-1,130,129,131,-1,131,132,130,-1,130,132,133,-1,130,133,134,-1,134,133,135,-1,134,135,136,-1,136,135,137,-1,136,137,138,-1,138,137,139,-1,139,140,138,-1,138,140,141,-1,138,141,142,-1,141,143,142,-1,142,143,144,-1,142,144,145,-1,145,144,146,-1,145,146,147,-1,147,146,148,-1,147,148,149,-1,149,148,150,-1,150,151,149,-1,149,151,152,-1,149,152,153,-1,153,152,154,-1,153,154,155,-1,155,154,156,-1,155,156,157,-1,157,156,158,-1,158,159,157,-1,157,159,160,-1,157,160,161,-1,161,160,162,-1,161,162,163,-1,163,162,164,-1,163,164,165,-1,165,164,166,-1,166,167,165,-1,165,167,168,-1,165,168,169,-1,168,170,169,-1,169,170,171,-1,169,171,172,-1,172,171,173,-1,172,173,174,-1,174,173,175,-1,174,175,176,-1,176,175,177,-1,177,178,176,-1,176,178,179,-1,176,179,180,-1,180,179,181,-1,180,181,182,-1,182,181,183,-1,182,183,184,-1,184,183,185,-1,185,186,184,-1,184,186,187,-1,184,187,188,-1,188,187,189,-1,188,189,190,-1,190,189,191,-1,190,191,59,-1,59,191,192,-1,59,192,61,-1,58,46,59,-1,59,46,193,-1,59,193,190,-1,190,193,194,-1,190,194,188,-1,188,194,195,-1,188,195,184,-1,184,195,196,-1,184,196,182,-1,182,196,197,-1,182,197,180,-1,180,197,198,-1,180,198,176,-1,176,198,199,-1,176,199,174,-1,174,199,200,-1,174,200,172,-1,172,200,201,-1,172,201,169,-1,169,201,202,-1,169,202,165,-1,165,202,203,-1,165,203,163,-1,163,203,204,-1,163,204,161,-1,161,204,205,-1,161,205,157,-1,157,205,206,-1,157,206,155,-1,155,206,207,-1,155,207,153,-1,153,207,208,-1,153,208,149,-1,149,208,209,-1,149,209,147,-1,147,209,210,-1,147,210,145,-1,145,210,211,-1,145,211,142,-1,142,211,212,-1,142,212,138,-1,138,212,213,-1,138,213,136,-1,136,213,214,-1,136,214,134,-1,134,214,215,-1,134,215,130,-1,130,215,216,-1,130,216,128,-1,128,216,217,-1,128,217,126,-1,126,217,218,-1,126,218,122,-1,122,218,219,-1,122,219,120,-1,120,219,220,-1,120,220,118,-1,118,220,221,-1,118,221,115,-1,115,221,222,-1,115,222,112,-1,112,222,223,-1,112,223,109,-1,109,223,224,-1,109,224,107,-1,107,224,225,-1,107,225,103,-1,103,225,226,-1,103,226,101,-1,101,226,227,-1,101,227,99,-1,99,227,228,-1,99,228,95,-1,95,228,229,-1,95,229,93,-1,93,229,230,-1,93,230,91,-1,91,230,231,-1,91,231,83,-1,83,231,232,-1,83,232,85,-1,85,232,68,-1,85,68,65,-1,65,68,70,-1,65,70,67,-1,45,49,46,-1,46,49,233,-1,46,233,193,-1,193,233,234,-1,193,234,194,-1,194,234,235,-1,194,235,195,-1,195,235,236,-1,195,236,196,-1,196,236,237,-1,196,237,197,-1,197,237,238,-1,197,238,198,-1,198,238,239,-1,198,239,199,-1,199,239,240,-1,199,240,200,-1,200,240,241,-1,200,241,201,-1,201,241,242,-1,201,242,202,-1,202,242,243,-1,202,243,203,-1,203,243,244,-1,203,244,204,-1,204,244,245,-1,204,245,205,-1,205,245,246,-1,205,246,206,-1,206,246,247,-1,206,247,207,-1,207,247,248,-1,207,248,208,-1,208,248,249,-1,208,249,209,-1,209,249,250,-1,209,250,210,-1,210,250,251,-1,210,251,211,-1,211,251,252,-1,211,252,212,-1,212,252,253,-1,212,253,213,-1,213,253,254,-1,213,254,214,-1,214,254,255,-1,214,255,215,-1,215,255,256,-1,215,256,216,-1,216,256,257,-1,216,257,217,-1,217,257,258,-1,217,258,218,-1,218,258,259,-1,218,259,219,-1,219,259,260,-1,219,260,220,-1,220,260,261,-1,220,261,221,-1,221,261,262,-1,221,262,222,-1,222,262,263,-1,222,263,223,-1,223,263,264,-1,223,264,224,-1,224,264,265,-1,224,265,225,-1,225,265,266,-1,225,266,226,-1,226,266,267,-1,226,267,227,-1,227,267,268,-1,227,268,228,-1,228,268,269,-1,228,269,229,-1,229,269,270,-1,229,270,230,-1,230,270,271,-1,230,271,231,-1,231,271,272,-1,231,272,232,-1,232,272,72,-1,232,72,68,-1,68,72,71,-1,68,71,69,-1,48,56,49,-1,49,56,273,-1,49,273,233,-1,233,273,274,-1,233,274,234,-1,234,274,275,-1,234,275,235,-1,235,275,276,-1,235,276,236,-1,236,276,277,-1,236,277,237,-1,237,277,278,-1,237,278,238,-1,238,278,279,-1,238,279,239,-1,239,279,280,-1,239,280,240,-1,240,280,281,-1,240,281,241,-1,241,281,282,-1,241,282,242,-1,242,282,283,-1,242,283,243,-1,243,283,284,-1,243,284,244,-1,244,284,285,-1,244,285,245,-1,245,285,286,-1,245,286,246,-1,246,286,287,-1,246,287,247,-1,247,287,288,-1,247,288,248,-1,248,288,289,-1,248,289,249,-1,249,289,290,-1,249,290,250,-1,250,290,291,-1,250,291,251,-1,251,291,292,-1,251,292,252,-1,252,292,293,-1,252,293,253,-1,253,293,294,-1,253,294,254,-1,254,294,295,-1,254,295,255,-1,255,295,296,-1,255,296,256,-1,256,296,297,-1,256,297,257,-1,257,297,298,-1,257,298,258,-1,258,298,299,-1,258,299,259,-1,259,299,300,-1,259,300,260,-1,260,300,301,-1,260,301,261,-1,261,301,302,-1,261,302,262,-1,262,302,303,-1,262,303,263,-1,263,303,304,-1,263,304,264,-1,264,304,305,-1,264,305,265,-1,265,305,306,-1,265,306,266,-1,266,306,307,-1,266,307,267,-1,267,307,308,-1,267,308,268,-1,268,308,309,-1,268,309,269,-1,269,309,310,-1,269,310,270,-1,270,310,311,-1,270,311,271,-1,271,311,312,-1,271,312,272,-1,272,312,75,-1,272,75,72,-1,72,75,77,-1,72,77,74,-1,54,52,56,-1,56,52,313,-1,56,313,273,-1,273,313,314,-1,273,314,274,-1,274,314,315,-1,274,315,275,-1,275,315,316,-1,275,316,276,-1,276,316,317,-1,276,317,277,-1,277,317,318,-1,277,318,278,-1,278,318,319,-1,278,319,279,-1,279,319,320,-1,279,320,280,-1,280,320,321,-1,280,321,281,-1,281,321,322,-1,281,322,282,-1,282,322,323,-1,282,323,283,-1,283,323,324,-1,283,324,284,-1,284,324,325,-1,284,325,285,-1,285,325,326,-1,285,326,286,-1,286,326,327,-1,286,327,287,-1,287,327,328,-1,287,328,288,-1,288,328,329,-1,288,329,289,-1,289,329,330,-1,289,330,290,-1,290,330,331,-1,290,331,291,-1,291,331,332,-1,291,332,292,-1,292,332,333,-1,292,333,293,-1,293,333,334,-1,293,334,294,-1,294,334,335,-1,294,335,295,-1,295,335,336,-1,295,336,296,-1,296,336,337,-1,296,337,297,-1,297,337,338,-1,297,338,298,-1,298,338,339,-1,298,339,299,-1,299,339,340,-1,299,340,300,-1,300,340,341,-1,300,341,301,-1,301,341,342,-1,301,342,302,-1,302,342,343,-1,302,343,303,-1,303,343,344,-1,303,344,304,-1,304,344,345,-1,304,345,305,-1,305,345,346,-1,305,346,306,-1,306,346,347,-1,306,347,307,-1,307,347,348,-1,307,348,308,-1,308,348,349,-1,308,349,309,-1,309,349,350,-1,309,350,310,-1,310,350,351,-1,310,351,311,-1,311,351,352,-1,311,352,312,-1,312,352,78,-1,312,78,75,-1,75,78,80,-1,75,80,76,-1,51,2,52,-1,52,2,4,-1,52,4,313,-1,313,4,5,-1,313,5,314,-1,314,5,18,-1,314,18,315,-1,315,18,17,-1,315,17,316,-1,316,17,7,-1,316,7,317,-1,317,7,6,-1,317,6,318,-1,318,6,19,-1,318,19,319,-1,319,19,13,-1,319,13,320,-1,320,13,15,-1,320,15,321,-1,321,15,16,-1,321,16,322,-1,322,16,34,-1,322,34,323,-1,323,34,33,-1,323,33,324,-1,324,33,31,-1,324,31,325,-1,325,31,30,-1,325,30,326,-1,326,30,29,-1,326,29,327,-1,327,29,20,-1,327,20,328,-1,328,20,27,-1,328,27,329,-1,329,27,28,-1,329,28,330,-1,330,28,43,-1,330,43,331,-1,331,43,42,-1,331,42,332,-1,332,42,39,-1,332,39,333,-1,333,39,38,-1,333,38,334,-1,334,38,10,-1,334,10,335,-1,335,10,9,-1,335,9,336,-1,336,9,8,-1,336,8,337,-1,337,8,32,-1,337,32,338,-1,338,32,41,-1,338,41,339,-1,339,41,40,-1,339,40,340,-1,340,40,37,-1,340,37,341,-1,341,37,36,-1,341,36,342,-1,342,36,35,-1,342,35,343,-1,343,35,26,-1,343,26,344,-1,344,26,25,-1,344,25,345,-1,345,25,24,-1,345,24,346,-1,346,24,23,-1,346,23,347,-1,347,23,22,-1,347,22,348,-1,348,22,21,-1,348,21,349,-1,349,21,14,-1,349,14,350,-1,350,14,12,-1,350,12,351,-1,351,12,11,-1,351,11,352,-1,352,11,3,-1,352,3,78,-1,78,3,81,-1,78,81,79,-1,353,354,355,-1,355,354,356,-1,355,356,357,-1,357,356,358,-1,357,358,359,-1,359,358,360,-1,359,360,361,-1,361,360,362,-1,361,362,363,-1,364,365,366,-1,366,365,367,-1,366,367,368,-1,368,367,369,-1,368,369,370,-1,370,369,371,-1,370,371,372,-1,372,371,353,-1,372,353,373,-1,373,353,355,-1,366,374,364,-1,364,374,375,-1,364,375,376,-1,376,375,377,-1,376,377,378,-1,378,377,379,-1,378,379,380,-1,380,379,381,-1,380,381,382,-1,383,384,385,-1,385,384,386,-1,382,381,387,-1,387,381,388,-1,387,388,389,-1,389,388,390,-1,389,390,386,-1,386,390,391,-1,386,391,385,-1,84,86,392,-1,392,86,87,-1,392,87,393,-1,393,87,88,-1,393,88,383,-1,383,88,394,-1,383,394,384,-1,392,395,84,-1,84,395,396,-1,84,396,82,-1,82,396,397,-1,82,397,89,-1,89,397,398,-1,89,398,90,-1,90,398,399,-1,90,399,92,-1,400,98,401,-1,401,98,97,-1,92,399,94,-1,94,399,402,-1,94,402,96,-1,96,402,403,-1,96,403,97,-1,97,403,404,-1,97,404,401,-1,106,105,405,-1,405,105,104,-1,405,104,406,-1,406,104,102,-1,406,102,400,-1,400,102,100,-1,400,100,98,-1,405,407,106,-1,106,407,408,-1,106,408,108,-1,108,408,409,-1,108,409,110,-1,110,409,410,-1,110,410,111,-1,111,410,411,-1,111,411,113,-1,411,412,113,-1,113,412,413,-1,113,413,114,-1,114,413,414,-1,114,414,116,-1,116,414,415,-1,164,162,416,-1,416,162,160,-1,416,160,417,-1,417,160,159,-1,417,159,418,-1,418,159,158,-1,418,158,419,-1,419,158,156,-1,419,156,420,-1,420,156,154,-1,420,154,421,-1,421,154,152,-1,421,152,422,-1,422,152,151,-1,422,151,423,-1,423,151,150,-1,423,150,424,-1,424,150,148,-1,424,148,425,-1,425,148,146,-1,425,146,426,-1,426,146,144,-1,426,144,427,-1,427,144,143,-1,427,143,428,-1,428,143,141,-1,428,141,429,-1,429,141,140,-1,429,140,430,-1,430,140,139,-1,430,139,431,-1,431,139,137,-1,431,137,432,-1,432,137,135,-1,432,135,433,-1,433,135,133,-1,433,133,434,-1,434,133,132,-1,434,132,435,-1,435,132,131,-1,435,131,436,-1,436,131,129,-1,436,129,437,-1,437,129,127,-1,437,127,438,-1,438,127,125,-1,438,125,439,-1,439,125,124,-1,439,124,440,-1,440,124,123,-1,440,123,441,-1,441,123,121,-1,441,121,442,-1,442,121,119,-1,442,119,415,-1,415,119,117,-1,415,117,116,-1,416,443,164,-1,164,443,444,-1,164,444,166,-1,166,444,445,-1,166,445,167,-1,167,445,446,-1,167,446,168,-1,168,446,447,-1,168,447,170,-1,170,447,448,-1,170,448,171,-1,171,448,449,-1,171,449,173,-1,173,449,450,-1,173,450,175,-1,175,450,451,-1,175,451,177,-1,177,451,452,-1,177,452,178,-1,178,452,453,-1,178,453,179,-1,179,453,454,-1,179,454,181,-1,181,454,455,-1,181,455,183,-1,183,455,456,-1,183,456,185,-1,185,456,457,-1,185,457,186,-1,186,457,458,-1,186,458,187,-1,187,458,459,-1,187,459,189,-1,189,459,460,-1,189,460,191,-1,191,460,461,-1,191,461,192,-1,192,461,462,-1,192,462,61,-1,61,462,463,-1,464,465,466,-1,464,466,467,-1,464,468,465,-1,465,468,469,-1,465,469,470,-1,470,469,471,-1,470,471,472,-1,472,471,473,-1,472,473,474,-1,474,473,475,-1,474,475,476,-1,476,475,477,-1,476,477,478,-1,478,477,479,-1,478,479,480,-1,480,479,481,-1,480,481,482,-1,482,481,483,-1,482,483,484,-1,484,483,485,-1,484,485,486,-1,486,485,487,-1,486,487,488,-1,488,487,489,-1,488,489,490,-1,490,489,491,-1,490,491,492,-1,492,491,493,-1,492,493,494,-1,494,493,495,-1,494,495,496,-1,496,495,497,-1,496,497,498,-1,498,497,499,-1,498,499,463,-1,463,499,62,-1,463,62,61,-1,362,500,363,-1,363,500,501,-1,363,501,502,-1,502,501,467,-1,502,467,503,-1,503,467,466,-1,474,476,504,-1,484,486,505,-1,488,490,506,-1,492,494,507,-1,498,463,508,-1,459,458,509,-1,455,454,510,-1,452,451,511,-1,447,446,512,-1,416,417,513,-1,418,419,514,-1,423,424,515,-1,428,429,516,-1,432,433,517,-1,435,436,518,-1,440,441,519,-1,414,413,520,-1,411,410,521,-1,405,406,522,-1,403,402,523,-1,399,398,524,-1,392,393,525,-1,390,388,526,-1,377,375,527,-1,366,368,528,-1,529,530,531,-1,532,533,534,-1,535,536,537,-1,538,539,540,-1,541,542,543,-1,544,545,546,-1,547,548,549,-1,550,551,552,-1,553,554,555,-1,556,557,558,-1,559,560,561,-1,562,563,564,-1,565,566,567,-1,568,569,570,-1,571,572,573,-1,574,575,576,-1,577,578,579,-1,580,581,582,-1,583,584,585,-1,586,587,588,-1,589,590,591,-1,592,593,594,-1,595,596,597,-1,598,599,600,-1,601,602,603,-1,604,605,606,-1,607,608,609,-1,610,611,612,-1,613,614,615,-1,616,617,618,-1,619,620,621,-1,622,623,624,-1,625,626,627,-1,628,629,630,-1,631,632,633,-1,634,635,636,-1,637,638,639,-1,640,641,642,-1,643,644,645,-1,646,647,648,-1,649,650,651,-1,652,653,654,-1,655,656,657,-1,658,659,660,-1,661,662,663,-1,664,665,666,-1,667,668,669,-1,670,671,672,-1,673,674,675,-1,676,677,678,-1,679,680,681,-1,682,683,684,-1,685,686,687,-1,688,689,690,-1,691,692,693,-1,694,695,696,-1,697,698,699,-1,700,701,702,-1,538,540,703,-1,704,705,706,-1,706,705,707,-1,706,707,708,-1,707,709,708,-1,708,709,710,-1,708,710,711,-1,712,713,714,-1,714,713,715,-1,714,715,716,-1,716,715,717,-1,716,717,718,-1,718,717,711,-1,718,711,719,-1,719,711,710,-1,713,720,721,-1,713,721,715,-1,715,721,722,-1,715,722,717,-1,717,722,723,-1,717,723,711,-1,711,723,724,-1,711,724,708,-1,708,724,725,-1,708,725,706,-1,720,726,727,-1,720,727,721,-1,721,727,728,-1,721,728,722,-1,722,728,729,-1,722,729,723,-1,723,729,730,-1,723,730,724,-1,724,730,731,-1,724,731,725,-1,726,732,733,-1,626,622,627,-1,627,622,624,-1,627,624,734,-1,734,624,735,-1,734,735,736,-1,736,735,737,-1,736,737,738,-1,738,737,528,-1,614,610,615,-1,615,610,612,-1,615,612,739,-1,739,612,740,-1,739,740,741,-1,741,740,742,-1,741,742,743,-1,743,742,526,-1,605,601,606,-1,606,601,603,-1,606,603,744,-1,744,603,745,-1,744,745,746,-1,746,745,747,-1,746,747,748,-1,748,747,525,-1,596,592,597,-1,597,592,594,-1,597,594,749,-1,749,594,750,-1,749,750,751,-1,751,750,752,-1,751,752,753,-1,753,752,524,-1,584,580,585,-1,585,580,582,-1,585,582,754,-1,754,582,755,-1,754,755,756,-1,756,755,757,-1,756,757,758,-1,758,757,522,-1,575,571,576,-1,576,571,573,-1,576,573,759,-1,759,573,760,-1,759,760,761,-1,761,760,762,-1,761,762,763,-1,763,762,521,-1,563,559,564,-1,564,559,561,-1,564,561,764,-1,764,561,765,-1,764,765,766,-1,766,765,767,-1,766,767,768,-1,768,767,519,-1,554,550,555,-1,555,550,552,-1,555,552,769,-1,769,552,770,-1,769,770,771,-1,771,770,772,-1,771,772,773,-1,773,772,518,-1,542,774,543,-1,543,774,775,-1,543,775,776,-1,776,775,777,-1,776,777,778,-1,778,777,779,-1,778,779,780,-1,780,779,516,-1,635,637,636,-1,636,637,639,-1,636,639,781,-1,781,639,782,-1,781,782,783,-1,783,782,784,-1,783,784,785,-1,785,784,515,-1,644,646,645,-1,645,646,648,-1,645,648,786,-1,786,648,787,-1,786,787,788,-1,788,787,789,-1,788,789,790,-1,790,789,514,-1,656,658,657,-1,657,658,660,-1,657,660,791,-1,791,660,792,-1,791,792,793,-1,793,792,794,-1,793,794,795,-1,795,794,512,-1,665,667,666,-1,666,667,669,-1,666,669,796,-1,796,669,797,-1,796,797,798,-1,798,797,799,-1,798,799,800,-1,800,799,511,-1,677,679,678,-1,678,679,681,-1,678,681,801,-1,801,681,802,-1,801,802,803,-1,803,802,804,-1,803,804,805,-1,805,804,509,-1,686,688,687,-1,687,688,690,-1,687,690,806,-1,806,690,807,-1,806,807,808,-1,808,807,809,-1,808,809,810,-1,810,809,508,-1,536,532,537,-1,537,532,534,-1,537,534,811,-1,811,534,812,-1,811,812,813,-1,813,812,814,-1,813,814,815,-1,815,814,504,-1,726,733,727,-1,727,733,816,-1,727,816,728,-1,728,816,817,-1,728,817,729,-1,729,817,818,-1,729,818,730,-1,730,818,819,-1,730,819,731,-1,359,733,357,-1,357,733,732,-1,357,732,355,-1,373,355,820,-1,820,355,732,-1,820,732,821,-1,821,732,726,-1,821,726,822,-1,822,726,720,-1,822,720,630,-1,630,720,713,-1,630,713,628,-1,628,713,712,-1,629,625,630,-1,630,625,627,-1,630,627,822,-1,822,627,734,-1,822,734,821,-1,821,734,736,-1,821,736,820,-1,820,736,738,-1,820,738,373,-1,373,738,372,-1,528,368,738,-1,738,368,370,-1,738,370,372,-1,374,366,823,-1,823,366,528,-1,823,528,824,-1,824,528,737,-1,824,737,825,-1,825,737,735,-1,825,735,621,-1,621,735,624,-1,621,624,619,-1,619,624,623,-1,620,616,621,-1,621,616,618,-1,621,618,825,-1,825,618,826,-1,825,826,824,-1,824,826,827,-1,824,827,823,-1,823,827,527,-1,823,527,374,-1,374,527,375,-1,379,377,743,-1,743,377,527,-1,743,527,741,-1,741,527,827,-1,741,827,739,-1,739,827,826,-1,739,826,615,-1,615,826,618,-1,615,618,613,-1,613,618,617,-1,526,388,743,-1,743,388,381,-1,743,381,379,-1,391,390,828,-1,828,390,526,-1,828,526,829,-1,829,526,742,-1,829,742,830,-1,830,742,740,-1,830,740,609,-1,609,740,612,-1,609,612,607,-1,607,612,611,-1,608,604,609,-1,609,604,606,-1,609,606,830,-1,830,606,744,-1,830,744,829,-1,829,744,746,-1,829,746,828,-1,828,746,748,-1,828,748,391,-1,391,748,385,-1,525,393,748,-1,748,393,383,-1,748,383,385,-1,395,392,831,-1,831,392,525,-1,831,525,832,-1,832,525,747,-1,832,747,833,-1,833,747,745,-1,833,745,600,-1,600,745,603,-1,600,603,598,-1,598,603,602,-1,599,595,600,-1,600,595,597,-1,600,597,833,-1,833,597,749,-1,833,749,832,-1,832,749,751,-1,832,751,831,-1,831,751,753,-1,831,753,395,-1,395,753,396,-1,524,398,753,-1,753,398,397,-1,753,397,396,-1,402,399,523,-1,523,399,524,-1,523,524,834,-1,834,524,752,-1,834,752,835,-1,835,752,750,-1,835,750,591,-1,591,750,594,-1,591,594,589,-1,589,594,593,-1,404,403,836,-1,836,403,523,-1,836,523,837,-1,837,523,834,-1,837,834,838,-1,838,834,835,-1,838,835,588,-1,588,835,591,-1,588,591,586,-1,586,591,590,-1,587,583,588,-1,588,583,585,-1,588,585,838,-1,838,585,754,-1,838,754,837,-1,837,754,756,-1,837,756,836,-1,836,756,758,-1,836,758,404,-1,404,758,401,-1,522,406,758,-1,758,406,400,-1,758,400,401,-1,407,405,839,-1,839,405,522,-1,839,522,840,-1,840,522,757,-1,840,757,841,-1,841,757,755,-1,841,755,579,-1,579,755,582,-1,579,582,577,-1,577,582,581,-1,578,574,579,-1,579,574,576,-1,579,576,841,-1,841,576,759,-1,841,759,840,-1,840,759,761,-1,840,761,839,-1,839,761,763,-1,839,763,407,-1,407,763,408,-1,521,410,763,-1,763,410,409,-1,763,409,408,-1,412,411,842,-1,842,411,521,-1,842,521,843,-1,843,521,762,-1,843,762,844,-1,844,762,760,-1,844,760,570,-1,570,760,573,-1,570,573,568,-1,568,573,572,-1,569,565,570,-1,570,565,567,-1,570,567,844,-1,844,567,845,-1,844,845,843,-1,843,845,846,-1,843,846,842,-1,842,846,520,-1,842,520,412,-1,412,520,413,-1,415,414,768,-1,768,414,520,-1,768,520,766,-1,766,520,846,-1,766,846,764,-1,764,846,845,-1,764,845,564,-1,564,845,567,-1,564,567,562,-1,562,567,566,-1,519,441,768,-1,768,441,442,-1,768,442,415,-1,439,440,847,-1,847,440,519,-1,847,519,848,-1,848,519,767,-1,848,767,849,-1,849,767,765,-1,849,765,558,-1,558,765,561,-1,558,561,556,-1,556,561,560,-1,557,553,558,-1,558,553,555,-1,558,555,849,-1,849,555,769,-1,849,769,848,-1,848,769,771,-1,848,771,847,-1,847,771,773,-1,847,773,439,-1,439,773,438,-1,518,436,773,-1,773,436,437,-1,773,437,438,-1,434,435,850,-1,850,435,518,-1,850,518,851,-1,851,518,772,-1,851,772,852,-1,852,772,770,-1,852,770,549,-1,549,770,552,-1,549,552,547,-1,547,552,551,-1,548,544,549,-1,549,544,546,-1,549,546,852,-1,852,546,853,-1,852,853,851,-1,851,853,854,-1,851,854,850,-1,850,854,517,-1,850,517,434,-1,434,517,433,-1,431,432,780,-1,780,432,517,-1,780,517,778,-1,778,517,854,-1,778,854,776,-1,776,854,853,-1,776,853,543,-1,543,853,546,-1,543,546,541,-1,541,546,545,-1,516,429,780,-1,780,429,430,-1,780,430,431,-1,427,428,855,-1,855,428,516,-1,855,516,856,-1,856,516,779,-1,856,779,857,-1,857,779,777,-1,857,777,633,-1,633,777,775,-1,633,775,631,-1,631,775,774,-1,632,634,633,-1,633,634,636,-1,633,636,857,-1,857,636,781,-1,857,781,856,-1,856,781,783,-1,856,783,855,-1,855,783,785,-1,855,785,427,-1,427,785,426,-1,515,424,785,-1,785,424,425,-1,785,425,426,-1,422,423,858,-1,858,423,515,-1,858,515,859,-1,859,515,784,-1,859,784,860,-1,860,784,782,-1,860,782,642,-1,642,782,639,-1,642,639,640,-1,640,639,638,-1,641,643,642,-1,642,643,645,-1,642,645,860,-1,860,645,786,-1,860,786,859,-1,859,786,788,-1,859,788,858,-1,858,788,790,-1,858,790,422,-1,422,790,421,-1,514,419,790,-1,790,419,420,-1,790,420,421,-1,417,418,513,-1,513,418,514,-1,513,514,861,-1,861,514,789,-1,861,789,862,-1,862,789,787,-1,862,787,651,-1,651,787,648,-1,651,648,649,-1,649,648,647,-1,443,416,863,-1,863,416,513,-1,863,513,864,-1,864,513,861,-1,864,861,865,-1,865,861,862,-1,865,862,654,-1,654,862,651,-1,654,651,652,-1,652,651,650,-1,653,655,654,-1,654,655,657,-1,654,657,865,-1,865,657,791,-1,865,791,864,-1,864,791,793,-1,864,793,863,-1,863,793,795,-1,863,795,443,-1,443,795,444,-1,512,446,795,-1,795,446,445,-1,795,445,444,-1,448,447,866,-1,866,447,512,-1,866,512,867,-1,867,512,794,-1,867,794,868,-1,868,794,792,-1,868,792,663,-1,663,792,660,-1,663,660,661,-1,661,660,659,-1,662,664,663,-1,663,664,666,-1,663,666,868,-1,868,666,796,-1,868,796,867,-1,867,796,798,-1,867,798,866,-1,866,798,800,-1,866,800,448,-1,448,800,449,-1,511,451,800,-1,800,451,450,-1,800,450,449,-1,453,452,869,-1,869,452,511,-1,869,511,870,-1,870,511,799,-1,870,799,871,-1,871,799,797,-1,871,797,672,-1,672,797,669,-1,672,669,670,-1,670,669,668,-1,671,673,672,-1,672,673,675,-1,672,675,871,-1,871,675,872,-1,871,872,870,-1,870,872,873,-1,870,873,869,-1,869,873,510,-1,869,510,453,-1,453,510,454,-1,456,455,805,-1,805,455,510,-1,805,510,803,-1,803,510,873,-1,803,873,801,-1,801,873,872,-1,801,872,678,-1,678,872,675,-1,678,675,676,-1,676,675,674,-1,509,458,805,-1,805,458,457,-1,805,457,456,-1,460,459,874,-1,874,459,509,-1,874,509,875,-1,875,509,804,-1,875,804,876,-1,876,804,802,-1,876,802,684,-1,684,802,681,-1,684,681,682,-1,682,681,680,-1,683,685,684,-1,684,685,687,-1,684,687,876,-1,876,687,806,-1,876,806,875,-1,875,806,808,-1,875,808,874,-1,874,808,810,-1,874,810,460,-1,460,810,461,-1,508,463,810,-1,810,463,462,-1,810,462,461,-1,496,498,877,-1,877,498,508,-1,877,508,878,-1,878,508,809,-1,878,809,879,-1,879,809,807,-1,879,807,693,-1,693,807,690,-1,693,690,691,-1,691,690,689,-1,692,694,693,-1,693,694,696,-1,693,696,879,-1,879,696,880,-1,879,880,878,-1,878,880,881,-1,878,881,877,-1,877,881,507,-1,877,507,496,-1,496,507,494,-1,490,492,506,-1,506,492,507,-1,506,507,882,-1,882,507,881,-1,882,881,883,-1,883,881,880,-1,883,880,699,-1,699,880,696,-1,699,696,697,-1,697,696,695,-1,486,488,505,-1,505,488,506,-1,505,506,884,-1,884,506,882,-1,884,882,885,-1,885,882,883,-1,885,883,702,-1,702,883,699,-1,702,699,700,-1,700,699,698,-1,482,484,886,-1,886,484,505,-1,886,505,887,-1,887,505,884,-1,887,884,888,-1,888,884,885,-1,888,885,540,-1,540,885,702,-1,540,702,703,-1,703,702,701,-1,539,535,540,-1,540,535,537,-1,540,537,888,-1,888,537,811,-1,888,811,887,-1,887,811,813,-1,887,813,886,-1,886,813,815,-1,886,815,482,-1,482,815,480,-1,504,476,815,-1,815,476,478,-1,815,478,480,-1,472,474,889,-1,889,474,504,-1,889,504,890,-1,890,504,814,-1,890,814,891,-1,891,814,812,-1,891,812,531,-1,531,812,534,-1,531,534,529,-1,529,534,533,-1,530,704,531,-1,531,704,706,-1,531,706,891,-1,891,706,725,-1,891,725,890,-1,890,725,731,-1,890,731,889,-1,889,731,819,-1,889,819,472,-1,472,819,470,-1,359,361,733,-1,733,361,363,-1,733,363,816,-1,816,363,502,-1,816,502,817,-1,817,502,503,-1,817,503,818,-1,818,503,466,-1,818,466,819,-1,819,466,465,-1,819,465,470,-1,719,710,892,-1,709,707,893,-1,705,704,894,-1,530,529,895,-1,533,532,896,-1,536,535,897,-1,539,538,898,-1,703,701,899,-1,700,698,900,-1,697,695,901,-1,694,692,902,-1,691,689,903,-1,688,686,904,-1,676,674,905,-1,673,671,906,-1,670,668,907,-1,667,665,908,-1,664,662,909,-1,661,659,910,-1,658,656,911,-1,655,653,912,-1,652,650,913,-1,649,647,914,-1,646,644,915,-1,643,641,916,-1,640,638,917,-1,637,635,918,-1,634,632,919,-1,920,921,922,-1,923,924,925,-1,926,927,928,-1,929,930,931,-1,932,933,934,-1,935,936,937,-1,938,939,940,-1,941,942,943,-1,944,945,946,-1,947,948,949,-1,950,951,952,-1,953,954,955,-1,956,957,958,-1,959,960,961,-1,962,963,964,-1,965,966,967,-1,968,969,970,-1,971,972,973,-1,974,975,976,-1,977,978,979,-1,980,981,982,-1,983,984,985,-1,986,987,988,-1,989,990,991,-1,992,993,994,-1,995,996,997,-1,998,999,1000,-1,1001,1002,1003,-1,1004,1005,1006,-1,1007,1008,1009,-1,1010,1011,1012,-1,1013,1014,1015,-1,1016,1017,1018,-1,1019,1020,1021,-1,1022,1023,1024,-1,1025,1026,1027,-1,1027,1028,1029,-1,1029,1028,1030,-1,1030,1031,1032,-1,1032,1031,1033,-1,1033,1034,1035,-1,1035,1034,1036,-1,1036,1037,1038,-1,1038,1037,1039,-1,1039,1040,1041,-1,1041,1040,1042,-1,1042,1043,1044,-1,1044,1043,1045,-1,1045,1046,1047,-1,1047,1046,1048,-1,1048,1049,1050,-1,1050,1049,1051,-1,1051,1052,1053,-1,1053,1052,1054,-1,1054,1055,1056,-1,1056,1055,1057,-1,1057,1058,1059,-1,1059,1058,1060,-1,1060,1061,1062,-1,1062,1061,1022,-1,1019,1021,1023,-1,1016,1018,1020,-1,1013,1015,1017,-1,1010,1012,1014,-1,1007,1009,1011,-1,1004,1006,1008,-1,1001,1003,1005,-1,998,1000,1002,-1,995,997,999,-1,992,994,996,-1,989,991,993,-1,986,988,990,-1,983,985,987,-1,980,982,984,-1,977,979,981,-1,974,976,978,-1,971,973,975,-1,968,970,972,-1,969,1063,1064,-1,1064,1063,1065,-1,1064,1065,1066,-1,1066,1067,1068,-1,1068,1067,1069,-1,1069,1070,1071,-1,1071,1070,1072,-1,1072,1073,1074,-1,1074,1073,1075,-1,1075,1076,1077,-1,1077,1076,1078,-1,1078,1079,1080,-1,1080,1079,1081,-1,1081,1082,1083,-1,1083,1082,1084,-1,1084,1085,1086,-1,1086,1085,1087,-1,1087,1088,1089,-1,1089,1088,1090,-1,1090,1091,1092,-1,1092,1091,965,-1,1093,1094,920,-1,920,1094,1095,-1,920,1095,921,-1,921,1095,1096,-1,921,1096,1097,-1,1098,1099,1100,-1,1101,1102,1103,-1,1104,1105,1106,-1,1107,1108,1109,-1,1110,1111,1112,-1,1113,922,1114,-1,1114,922,921,-1,1114,921,1098,-1,1098,921,1097,-1,1098,1097,1099,-1,1115,1113,1116,-1,1116,1113,1114,-1,1116,1114,1117,-1,1117,1114,1098,-1,1117,1098,1101,-1,1101,1098,1100,-1,1101,1100,1102,-1,1118,1115,1119,-1,1119,1115,1116,-1,1119,1116,1120,-1,1120,1116,1117,-1,1120,1117,1121,-1,1121,1117,1101,-1,1121,1101,1104,-1,1104,1101,1103,-1,1104,1103,1105,-1,1122,1118,1123,-1,1123,1118,1119,-1,1123,1119,1124,-1,1124,1119,1120,-1,1124,1120,1125,-1,1125,1120,1121,-1,1125,1121,1126,-1,1126,1121,1104,-1,1126,1104,1107,-1,1107,1104,1106,-1,1107,1106,1108,-1,1127,1122,1128,-1,1128,1122,1123,-1,1128,1123,1129,-1,1129,1123,1124,-1,1129,1124,1130,-1,1130,1124,1125,-1,1130,1125,1131,-1,1131,1125,1126,-1,1131,1126,1132,-1,1132,1126,1107,-1,1132,1107,1110,-1,1110,1107,1109,-1,1110,1109,1111,-1,1133,1127,1134,-1,1134,1127,1128,-1,1134,1128,1135,-1,1135,1128,1129,-1,1135,1129,1136,-1,1136,1129,1130,-1,1136,1130,1137,-1,1137,1130,1131,-1,1137,1131,1138,-1,1138,1131,1132,-1,1138,1132,1139,-1,1139,1132,1110,-1,1139,1110,1025,-1,1025,1110,1112,-1,1025,1112,1026,-1,1140,1141,1142,-1,1143,714,716,-1,1027,1029,1025,-1,1025,1029,1144,-1,1025,1144,1139,-1,1139,1144,1145,-1,1139,1145,1138,-1,1138,1145,1146,-1,1138,1146,1137,-1,1137,1146,1147,-1,1137,1147,1136,-1,1136,1147,1148,-1,1136,1148,1135,-1,1135,1148,1149,-1,1135,1149,1134,-1,1134,1149,1143,-1,1134,1143,1133,-1,1133,1143,716,-1,1133,716,718,-1,1150,628,712,-1,1030,1032,1029,-1,1029,1032,1151,-1,1029,1151,1144,-1,1144,1151,1152,-1,1144,1152,1145,-1,1145,1152,1153,-1,1145,1153,1146,-1,1146,1153,1154,-1,1146,1154,1147,-1,1147,1154,1155,-1,1147,1155,1148,-1,1148,1155,1156,-1,1148,1156,1149,-1,1149,1156,1150,-1,1149,1150,1143,-1,1143,1150,712,-1,1143,712,714,-1,1157,625,629,-1,1033,1035,1032,-1,1032,1035,1158,-1,1032,1158,1151,-1,1151,1158,1159,-1,1151,1159,1152,-1,1152,1159,1160,-1,1152,1160,1153,-1,1153,1160,1161,-1,1153,1161,1154,-1,1154,1161,1162,-1,1154,1162,1155,-1,1155,1162,1163,-1,1155,1163,1156,-1,1156,1163,1157,-1,1156,1157,1150,-1,1150,1157,629,-1,1150,629,628,-1,1164,622,626,-1,1036,1038,1035,-1,1035,1038,1165,-1,1035,1165,1158,-1,1158,1165,1166,-1,1158,1166,1159,-1,1159,1166,1167,-1,1159,1167,1160,-1,1160,1167,1168,-1,1160,1168,1161,-1,1161,1168,1169,-1,1161,1169,1162,-1,1162,1169,1170,-1,1162,1170,1163,-1,1163,1170,1164,-1,1163,1164,1157,-1,1157,1164,626,-1,1157,626,625,-1,1171,619,623,-1,1039,1041,1038,-1,1038,1041,1172,-1,1038,1172,1165,-1,1165,1172,1173,-1,1165,1173,1166,-1,1166,1173,1174,-1,1166,1174,1167,-1,1167,1174,1175,-1,1167,1175,1168,-1,1168,1175,1176,-1,1168,1176,1169,-1,1169,1176,1177,-1,1169,1177,1170,-1,1170,1177,1171,-1,1170,1171,1164,-1,1164,1171,623,-1,1164,623,622,-1,1178,616,620,-1,1042,1044,1041,-1,1041,1044,1179,-1,1041,1179,1172,-1,1172,1179,1180,-1,1172,1180,1173,-1,1173,1180,1181,-1,1173,1181,1174,-1,1174,1181,1182,-1,1174,1182,1175,-1,1175,1182,1183,-1,1175,1183,1176,-1,1176,1183,1184,-1,1176,1184,1177,-1,1177,1184,1178,-1,1177,1178,1171,-1,1171,1178,620,-1,1171,620,619,-1,1185,613,617,-1,1045,1047,1044,-1,1044,1047,1186,-1,1044,1186,1179,-1,1179,1186,1187,-1,1179,1187,1180,-1,1180,1187,1188,-1,1180,1188,1181,-1,1181,1188,1189,-1,1181,1189,1182,-1,1182,1189,1190,-1,1182,1190,1183,-1,1183,1190,1191,-1,1183,1191,1184,-1,1184,1191,1185,-1,1184,1185,1178,-1,1178,1185,617,-1,1178,617,616,-1,1192,610,614,-1,1048,1050,1047,-1,1047,1050,1193,-1,1047,1193,1186,-1,1186,1193,1194,-1,1186,1194,1187,-1,1187,1194,1195,-1,1187,1195,1188,-1,1188,1195,1196,-1,1188,1196,1189,-1,1189,1196,1197,-1,1189,1197,1190,-1,1190,1197,1198,-1,1190,1198,1191,-1,1191,1198,1192,-1,1191,1192,1185,-1,1185,1192,614,-1,1185,614,613,-1,1199,607,611,-1,1051,1053,1050,-1,1050,1053,1200,-1,1050,1200,1193,-1,1193,1200,1201,-1,1193,1201,1194,-1,1194,1201,1202,-1,1194,1202,1195,-1,1195,1202,1203,-1,1195,1203,1196,-1,1196,1203,1204,-1,1196,1204,1197,-1,1197,1204,1205,-1,1197,1205,1198,-1,1198,1205,1199,-1,1198,1199,1192,-1,1192,1199,611,-1,1192,611,610,-1,1206,604,608,-1,1054,1056,1053,-1,1053,1056,1207,-1,1053,1207,1200,-1,1200,1207,1208,-1,1200,1208,1201,-1,1201,1208,1209,-1,1201,1209,1202,-1,1202,1209,1210,-1,1202,1210,1203,-1,1203,1210,1211,-1,1203,1211,1204,-1,1204,1211,1212,-1,1204,1212,1205,-1,1205,1212,1206,-1,1205,1206,1199,-1,1199,1206,608,-1,1199,608,607,-1,1213,601,605,-1,1057,1059,1056,-1,1056,1059,1214,-1,1056,1214,1207,-1,1207,1214,1215,-1,1207,1215,1208,-1,1208,1215,1216,-1,1208,1216,1209,-1,1209,1216,1217,-1,1209,1217,1210,-1,1210,1217,1218,-1,1210,1218,1211,-1,1211,1218,1219,-1,1211,1219,1212,-1,1212,1219,1213,-1,1212,1213,1206,-1,1206,1213,605,-1,1206,605,604,-1,1220,598,602,-1,1060,1062,1059,-1,1059,1062,1221,-1,1059,1221,1214,-1,1214,1221,1222,-1,1214,1222,1215,-1,1215,1222,1223,-1,1215,1223,1216,-1,1216,1223,1224,-1,1216,1224,1217,-1,1217,1224,1225,-1,1217,1225,1218,-1,1218,1225,1226,-1,1218,1226,1219,-1,1219,1226,1220,-1,1219,1220,1213,-1,1213,1220,602,-1,1213,602,601,-1,1227,595,599,-1,1022,1024,1062,-1,1062,1024,1228,-1,1062,1228,1221,-1,1221,1228,1229,-1,1221,1229,1222,-1,1222,1229,1230,-1,1222,1230,1223,-1,1223,1230,1231,-1,1223,1231,1224,-1,1224,1231,1232,-1,1224,1232,1225,-1,1225,1232,1233,-1,1225,1233,1226,-1,1226,1233,1227,-1,1226,1227,1220,-1,1220,1227,599,-1,1220,599,598,-1,1234,592,596,-1,1023,1021,1024,-1,1024,1021,1235,-1,1024,1235,1228,-1,1228,1235,1236,-1,1228,1236,1229,-1,1229,1236,1237,-1,1229,1237,1230,-1,1230,1237,1238,-1,1230,1238,1231,-1,1231,1238,1239,-1,1231,1239,1232,-1,1232,1239,1240,-1,1232,1240,1233,-1,1233,1240,1234,-1,1233,1234,1227,-1,1227,1234,596,-1,1227,596,595,-1,1241,589,593,-1,1020,1018,1021,-1,1021,1018,1242,-1,1021,1242,1235,-1,1235,1242,1243,-1,1235,1243,1236,-1,1236,1243,1244,-1,1236,1244,1237,-1,1237,1244,1245,-1,1237,1245,1238,-1,1238,1245,1246,-1,1238,1246,1239,-1,1239,1246,1247,-1,1239,1247,1240,-1,1240,1247,1241,-1,1240,1241,1234,-1,1234,1241,593,-1,1234,593,592,-1,1248,586,590,-1,1017,1015,1018,-1,1018,1015,1249,-1,1018,1249,1242,-1,1242,1249,1250,-1,1242,1250,1243,-1,1243,1250,1251,-1,1243,1251,1244,-1,1244,1251,1252,-1,1244,1252,1245,-1,1245,1252,1253,-1,1245,1253,1246,-1,1246,1253,1254,-1,1246,1254,1247,-1,1247,1254,1248,-1,1247,1248,1241,-1,1241,1248,590,-1,1241,590,589,-1,1255,583,587,-1,1014,1012,1015,-1,1015,1012,1256,-1,1015,1256,1249,-1,1249,1256,1257,-1,1249,1257,1250,-1,1250,1257,1258,-1,1250,1258,1251,-1,1251,1258,1259,-1,1251,1259,1252,-1,1252,1259,1260,-1,1252,1260,1253,-1,1253,1260,1261,-1,1253,1261,1254,-1,1254,1261,1255,-1,1254,1255,1248,-1,1248,1255,587,-1,1248,587,586,-1,1262,580,584,-1,1011,1009,1012,-1,1012,1009,1263,-1,1012,1263,1256,-1,1256,1263,1264,-1,1256,1264,1257,-1,1257,1264,1265,-1,1257,1265,1258,-1,1258,1265,1266,-1,1258,1266,1259,-1,1259,1266,1267,-1,1259,1267,1260,-1,1260,1267,1268,-1,1260,1268,1261,-1,1261,1268,1262,-1,1261,1262,1255,-1,1255,1262,584,-1,1255,584,583,-1,1269,577,581,-1,1008,1006,1009,-1,1009,1006,1270,-1,1009,1270,1263,-1,1263,1270,1271,-1,1263,1271,1264,-1,1264,1271,1272,-1,1264,1272,1265,-1,1265,1272,1273,-1,1265,1273,1266,-1,1266,1273,1274,-1,1266,1274,1267,-1,1267,1274,1275,-1,1267,1275,1268,-1,1268,1275,1269,-1,1268,1269,1262,-1,1262,1269,581,-1,1262,581,580,-1,1276,574,578,-1,1005,1003,1006,-1,1006,1003,1277,-1,1006,1277,1270,-1,1270,1277,1278,-1,1270,1278,1271,-1,1271,1278,1279,-1,1271,1279,1272,-1,1272,1279,1280,-1,1272,1280,1273,-1,1273,1280,1281,-1,1273,1281,1274,-1,1274,1281,1282,-1,1274,1282,1275,-1,1275,1282,1276,-1,1275,1276,1269,-1,1269,1276,578,-1,1269,578,577,-1,1283,571,575,-1,1002,1000,1003,-1,1003,1000,1284,-1,1003,1284,1277,-1,1277,1284,1285,-1,1277,1285,1278,-1,1278,1285,1286,-1,1278,1286,1279,-1,1279,1286,1287,-1,1279,1287,1280,-1,1280,1287,1288,-1,1280,1288,1281,-1,1281,1288,1289,-1,1281,1289,1282,-1,1282,1289,1283,-1,1282,1283,1276,-1,1276,1283,575,-1,1276,575,574,-1,1290,568,572,-1,999,997,1000,-1,1000,997,1291,-1,1000,1291,1284,-1,1284,1291,1292,-1,1284,1292,1285,-1,1285,1292,1293,-1,1285,1293,1286,-1,1286,1293,1294,-1,1286,1294,1287,-1,1287,1294,1295,-1,1287,1295,1288,-1,1288,1295,1296,-1,1288,1296,1289,-1,1289,1296,1290,-1,1289,1290,1283,-1,1283,1290,572,-1,1283,572,571,-1,1297,565,569,-1,996,994,997,-1,997,994,1298,-1,997,1298,1291,-1,1291,1298,1299,-1,1291,1299,1292,-1,1292,1299,1300,-1,1292,1300,1293,-1,1293,1300,1301,-1,1293,1301,1294,-1,1294,1301,1302,-1,1294,1302,1295,-1,1295,1302,1303,-1,1295,1303,1296,-1,1296,1303,1297,-1,1296,1297,1290,-1,1290,1297,569,-1,1290,569,568,-1,1304,562,566,-1,993,991,994,-1,994,991,1305,-1,994,1305,1298,-1,1298,1305,1306,-1,1298,1306,1299,-1,1299,1306,1307,-1,1299,1307,1300,-1,1300,1307,1308,-1,1300,1308,1301,-1,1301,1308,1309,-1,1301,1309,1302,-1,1302,1309,1310,-1,1302,1310,1303,-1,1303,1310,1304,-1,1303,1304,1297,-1,1297,1304,566,-1,1297,566,565,-1,1311,559,563,-1,990,988,991,-1,991,988,1312,-1,991,1312,1305,-1,1305,1312,1313,-1,1305,1313,1306,-1,1306,1313,1314,-1,1306,1314,1307,-1,1307,1314,1315,-1,1307,1315,1308,-1,1308,1315,1316,-1,1308,1316,1309,-1,1309,1316,1317,-1,1309,1317,1310,-1,1310,1317,1311,-1,1310,1311,1304,-1,1304,1311,563,-1,1304,563,562,-1,1318,556,560,-1,987,985,988,-1,988,985,1319,-1,988,1319,1312,-1,1312,1319,1320,-1,1312,1320,1313,-1,1313,1320,1321,-1,1313,1321,1314,-1,1314,1321,1322,-1,1314,1322,1315,-1,1315,1322,1323,-1,1315,1323,1316,-1,1316,1323,1324,-1,1316,1324,1317,-1,1317,1324,1318,-1,1317,1318,1311,-1,1311,1318,560,-1,1311,560,559,-1,1325,553,557,-1,984,982,985,-1,985,982,1326,-1,985,1326,1319,-1,1319,1326,1327,-1,1319,1327,1320,-1,1320,1327,1328,-1,1320,1328,1321,-1,1321,1328,1329,-1,1321,1329,1322,-1,1322,1329,1330,-1,1322,1330,1323,-1,1323,1330,1331,-1,1323,1331,1324,-1,1324,1331,1325,-1,1324,1325,1318,-1,1318,1325,557,-1,1318,557,556,-1,1332,550,554,-1,981,979,982,-1,982,979,1333,-1,982,1333,1326,-1,1326,1333,1334,-1,1326,1334,1327,-1,1327,1334,1335,-1,1327,1335,1328,-1,1328,1335,1336,-1,1328,1336,1329,-1,1329,1336,1337,-1,1329,1337,1330,-1,1330,1337,1338,-1,1330,1338,1331,-1,1331,1338,1332,-1,1331,1332,1325,-1,1325,1332,554,-1,1325,554,553,-1,1339,547,551,-1,978,976,979,-1,979,976,1340,-1,979,1340,1333,-1,1333,1340,1341,-1,1333,1341,1334,-1,1334,1341,1342,-1,1334,1342,1335,-1,1335,1342,1343,-1,1335,1343,1336,-1,1336,1343,1344,-1,1336,1344,1337,-1,1337,1344,1345,-1,1337,1345,1338,-1,1338,1345,1339,-1,1338,1339,1332,-1,1332,1339,551,-1,1332,551,550,-1,1346,544,548,-1,975,973,976,-1,976,973,1347,-1,976,1347,1340,-1,1340,1347,1348,-1,1340,1348,1341,-1,1341,1348,1349,-1,1341,1349,1342,-1,1342,1349,1350,-1,1342,1350,1343,-1,1343,1350,1351,-1,1343,1351,1344,-1,1344,1351,1352,-1,1344,1352,1345,-1,1345,1352,1346,-1,1345,1346,1339,-1,1339,1346,548,-1,1339,548,547,-1,1353,541,545,-1,972,970,973,-1,973,970,1354,-1,973,1354,1347,-1,1347,1354,1355,-1,1347,1355,1348,-1,1348,1355,1356,-1,1348,1356,1349,-1,1349,1356,1357,-1,1349,1357,1350,-1,1350,1357,1358,-1,1350,1358,1351,-1,1351,1358,1359,-1,1351,1359,1352,-1,1352,1359,1353,-1,1352,1353,1346,-1,1346,1353,545,-1,1346,545,544,-1,631,774,1360,-1,1360,774,542,-1,969,1064,970,-1,970,1064,1361,-1,970,1361,1354,-1,1354,1361,1362,-1,1354,1362,1355,-1,1355,1362,1363,-1,1355,1363,1356,-1,1356,1363,1364,-1,1356,1364,1357,-1,1357,1364,1365,-1,1357,1365,1358,-1,1358,1365,1366,-1,1358,1366,1359,-1,1359,1366,1360,-1,1359,1360,1353,-1,1353,1360,542,-1,1353,542,541,-1,1066,1068,1064,-1,1064,1068,1367,-1,1064,1367,1361,-1,1361,1367,1368,-1,1361,1368,1362,-1,1362,1368,1369,-1,1362,1369,1363,-1,1363,1369,1370,-1,1363,1370,1364,-1,1364,1370,1371,-1,1364,1371,1365,-1,1365,1371,1372,-1,1365,1372,1366,-1,1366,1372,919,-1,1366,919,1360,-1,1360,919,632,-1,1360,632,631,-1,1069,1071,1068,-1,1068,1071,1373,-1,1068,1373,1367,-1,1367,1373,1374,-1,1367,1374,1368,-1,1368,1374,1375,-1,1368,1375,1369,-1,1369,1375,1376,-1,1369,1376,1370,-1,1370,1376,1377,-1,1370,1377,1371,-1,1371,1377,1378,-1,1371,1378,1372,-1,1372,1378,918,-1,1372,918,919,-1,919,918,635,-1,919,635,634,-1,1072,1074,1071,-1,1071,1074,1379,-1,1071,1379,1373,-1,1373,1379,1380,-1,1373,1380,1374,-1,1374,1380,1381,-1,1374,1381,1375,-1,1375,1381,1382,-1,1375,1382,1376,-1,1376,1382,1383,-1,1376,1383,1377,-1,1377,1383,1384,-1,1377,1384,1378,-1,1378,1384,917,-1,1378,917,918,-1,918,917,638,-1,918,638,637,-1,1075,1077,1074,-1,1074,1077,1385,-1,1074,1385,1379,-1,1379,1385,1386,-1,1379,1386,1380,-1,1380,1386,1387,-1,1380,1387,1381,-1,1381,1387,1388,-1,1381,1388,1382,-1,1382,1388,1389,-1,1382,1389,1383,-1,1383,1389,1390,-1,1383,1390,1384,-1,1384,1390,916,-1,1384,916,917,-1,917,916,641,-1,917,641,640,-1,1078,1080,1077,-1,1077,1080,1391,-1,1077,1391,1385,-1,1385,1391,1392,-1,1385,1392,1386,-1,1386,1392,1393,-1,1386,1393,1387,-1,1387,1393,1394,-1,1387,1394,1388,-1,1388,1394,1395,-1,1388,1395,1389,-1,1389,1395,1396,-1,1389,1396,1390,-1,1390,1396,915,-1,1390,915,916,-1,916,915,644,-1,916,644,643,-1,1081,1083,1080,-1,1080,1083,1397,-1,1080,1397,1391,-1,1391,1397,1398,-1,1391,1398,1392,-1,1392,1398,1399,-1,1392,1399,1393,-1,1393,1399,1400,-1,1393,1400,1394,-1,1394,1400,1401,-1,1394,1401,1395,-1,1395,1401,1402,-1,1395,1402,1396,-1,1396,1402,914,-1,1396,914,915,-1,915,914,647,-1,915,647,646,-1,1084,1086,1083,-1,1083,1086,1403,-1,1083,1403,1397,-1,1397,1403,1404,-1,1397,1404,1398,-1,1398,1404,1405,-1,1398,1405,1399,-1,1399,1405,1406,-1,1399,1406,1400,-1,1400,1406,1407,-1,1400,1407,1401,-1,1401,1407,1408,-1,1401,1408,1402,-1,1402,1408,913,-1,1402,913,914,-1,914,913,650,-1,914,650,649,-1,1087,1089,1086,-1,1086,1089,1409,-1,1086,1409,1403,-1,1403,1409,1410,-1,1403,1410,1404,-1,1404,1410,1411,-1,1404,1411,1405,-1,1405,1411,1412,-1,1405,1412,1406,-1,1406,1412,1413,-1,1406,1413,1407,-1,1407,1413,1414,-1,1407,1414,1408,-1,1408,1414,912,-1,1408,912,913,-1,913,912,653,-1,913,653,652,-1,1090,1092,1089,-1,1089,1092,1415,-1,1089,1415,1409,-1,1409,1415,1416,-1,1409,1416,1410,-1,1410,1416,1417,-1,1410,1417,1411,-1,1411,1417,1418,-1,1411,1418,1412,-1,1412,1418,1419,-1,1412,1419,1413,-1,1413,1419,1420,-1,1413,1420,1414,-1,1414,1420,911,-1,1414,911,912,-1,912,911,656,-1,912,656,655,-1,965,967,1092,-1,1092,967,1421,-1,1092,1421,1415,-1,1415,1421,1422,-1,1415,1422,1416,-1,1416,1422,1423,-1,1416,1423,1417,-1,1417,1423,1424,-1,1417,1424,1418,-1,1418,1424,1425,-1,1418,1425,1419,-1,1419,1425,1426,-1,1419,1426,1420,-1,1420,1426,910,-1,1420,910,911,-1,911,910,659,-1,911,659,658,-1,967,1427,1421,-1,1421,1427,1428,-1,1421,1428,1422,-1,1422,1428,1429,-1,1422,1429,1423,-1,1423,1429,1430,-1,1423,1430,1424,-1,1424,1430,1431,-1,1424,1431,1425,-1,1425,1431,1432,-1,1425,1432,1426,-1,1426,1432,909,-1,1426,909,910,-1,910,909,662,-1,910,662,661,-1,1427,1433,1428,-1,1428,1433,1434,-1,1428,1434,1429,-1,1429,1434,1435,-1,1429,1435,1430,-1,1430,1435,1436,-1,1430,1436,1431,-1,1431,1436,1437,-1,1431,1437,1432,-1,1432,1437,908,-1,1432,908,909,-1,909,908,665,-1,909,665,664,-1,1433,1438,1434,-1,1434,1438,1439,-1,1434,1439,1435,-1,1435,1439,1440,-1,1435,1440,1436,-1,1436,1440,1441,-1,1436,1441,1437,-1,1437,1441,907,-1,1437,907,908,-1,908,907,668,-1,908,668,667,-1,1438,1442,1439,-1,1439,1442,1443,-1,1439,1443,1440,-1,1440,1443,1444,-1,1440,1444,1441,-1,1441,1444,906,-1,1441,906,907,-1,907,906,671,-1,907,671,670,-1,1442,1445,1443,-1,1443,1445,1446,-1,1443,1446,1444,-1,1444,1446,905,-1,1444,905,906,-1,906,905,674,-1,906,674,673,-1,1445,1142,1446,-1,1446,1142,1141,-1,1446,1141,905,-1,905,1141,677,-1,905,677,676,-1,685,683,1447,-1,1447,683,1140,-1,1447,1140,1448,-1,1448,1140,1142,-1,1448,1142,1449,-1,1449,1142,1445,-1,1449,1445,1450,-1,1450,1445,1442,-1,1450,1442,1451,-1,1451,1442,1438,-1,1451,1438,1452,-1,1452,1438,1433,-1,1452,1433,1453,-1,1453,1433,1427,-1,1453,1427,964,-1,964,1427,967,-1,964,967,962,-1,962,967,966,-1,683,682,1140,-1,1140,682,680,-1,1140,680,1141,-1,1141,680,679,-1,1141,679,677,-1,686,685,904,-1,904,685,1447,-1,904,1447,1454,-1,1454,1447,1448,-1,1454,1448,1455,-1,1455,1448,1449,-1,1455,1449,1456,-1,1456,1449,1450,-1,1456,1450,1457,-1,1457,1450,1451,-1,1457,1451,1458,-1,1458,1451,1452,-1,1458,1452,1459,-1,1459,1452,1453,-1,1459,1453,961,-1,961,1453,964,-1,961,964,959,-1,959,964,963,-1,689,688,903,-1,903,688,904,-1,903,904,1460,-1,1460,904,1454,-1,1460,1454,1461,-1,1461,1454,1455,-1,1461,1455,1462,-1,1462,1455,1456,-1,1462,1456,1463,-1,1463,1456,1457,-1,1463,1457,1464,-1,1464,1457,1458,-1,1464,1458,1465,-1,1465,1458,1459,-1,1465,1459,958,-1,958,1459,961,-1,958,961,956,-1,956,961,960,-1,692,691,902,-1,902,691,903,-1,902,903,1466,-1,1466,903,1460,-1,1466,1460,1467,-1,1467,1460,1461,-1,1467,1461,1468,-1,1468,1461,1462,-1,1468,1462,1469,-1,1469,1462,1463,-1,1469,1463,1470,-1,1470,1463,1464,-1,1470,1464,1471,-1,1471,1464,1465,-1,1471,1465,955,-1,955,1465,958,-1,955,958,953,-1,953,958,957,-1,695,694,901,-1,901,694,902,-1,901,902,1472,-1,1472,902,1466,-1,1472,1466,1473,-1,1473,1466,1467,-1,1473,1467,1474,-1,1474,1467,1468,-1,1474,1468,1475,-1,1475,1468,1469,-1,1475,1469,1476,-1,1476,1469,1470,-1,1476,1470,1477,-1,1477,1470,1471,-1,1477,1471,952,-1,952,1471,955,-1,952,955,950,-1,950,955,954,-1,698,697,900,-1,900,697,901,-1,900,901,1478,-1,1478,901,1472,-1,1478,1472,1479,-1,1479,1472,1473,-1,1479,1473,1480,-1,1480,1473,1474,-1,1480,1474,1481,-1,1481,1474,1475,-1,1481,1475,1482,-1,1482,1475,1476,-1,1482,1476,1483,-1,1483,1476,1477,-1,1483,1477,949,-1,949,1477,952,-1,949,952,947,-1,947,952,951,-1,701,700,899,-1,899,700,900,-1,899,900,1484,-1,1484,900,1478,-1,1484,1478,1485,-1,1485,1478,1479,-1,1485,1479,1486,-1,1486,1479,1480,-1,1486,1480,1487,-1,1487,1480,1481,-1,1487,1481,1488,-1,1488,1481,1482,-1,1488,1482,1489,-1,1489,1482,1483,-1,1489,1483,946,-1,946,1483,949,-1,946,949,944,-1,944,949,948,-1,538,703,898,-1,898,703,899,-1,898,899,1490,-1,1490,899,1484,-1,1490,1484,1491,-1,1491,1484,1485,-1,1491,1485,1492,-1,1492,1485,1486,-1,1492,1486,1493,-1,1493,1486,1487,-1,1493,1487,1494,-1,1494,1487,1488,-1,1494,1488,1495,-1,1495,1488,1489,-1,1495,1489,943,-1,943,1489,946,-1,943,946,941,-1,941,946,945,-1,535,539,897,-1,897,539,898,-1,897,898,1496,-1,1496,898,1490,-1,1496,1490,1497,-1,1497,1490,1491,-1,1497,1491,1498,-1,1498,1491,1492,-1,1498,1492,1499,-1,1499,1492,1493,-1,1499,1493,1500,-1,1500,1493,1494,-1,1500,1494,1501,-1,1501,1494,1495,-1,1501,1495,940,-1,940,1495,943,-1,940,943,938,-1,938,943,942,-1,532,536,896,-1,896,536,897,-1,896,897,1502,-1,1502,897,1496,-1,1502,1496,1503,-1,1503,1496,1497,-1,1503,1497,1504,-1,1504,1497,1498,-1,1504,1498,1505,-1,1505,1498,1499,-1,1505,1499,1506,-1,1506,1499,1500,-1,1506,1500,1507,-1,1507,1500,1501,-1,1507,1501,937,-1,937,1501,940,-1,937,940,935,-1,935,940,939,-1,529,533,895,-1,895,533,896,-1,895,896,1508,-1,1508,896,1502,-1,1508,1502,1509,-1,1509,1502,1503,-1,1509,1503,1510,-1,1510,1503,1504,-1,1510,1504,1511,-1,1511,1504,1505,-1,1511,1505,1512,-1,1512,1505,1506,-1,1512,1506,1513,-1,1513,1506,1507,-1,1513,1507,934,-1,934,1507,937,-1,934,937,932,-1,932,937,936,-1,704,530,894,-1,894,530,895,-1,894,895,1514,-1,1514,895,1508,-1,1514,1508,1515,-1,1515,1508,1509,-1,1515,1509,1516,-1,1516,1509,1510,-1,1516,1510,1517,-1,1517,1510,1511,-1,1517,1511,1518,-1,1518,1511,1512,-1,1518,1512,1519,-1,1519,1512,1513,-1,1519,1513,931,-1,931,1513,934,-1,931,934,929,-1,929,934,933,-1,707,705,893,-1,893,705,894,-1,893,894,1520,-1,1520,894,1514,-1,1520,1514,1521,-1,1521,1514,1515,-1,1521,1515,1522,-1,1522,1515,1516,-1,1522,1516,1523,-1,1523,1516,1517,-1,1523,1517,1524,-1,1524,1517,1518,-1,1524,1518,1525,-1,1525,1518,1519,-1,1525,1519,928,-1,928,1519,931,-1,928,931,926,-1,926,931,930,-1,710,709,892,-1,892,709,893,-1,892,893,1526,-1,1526,893,1520,-1,1526,1520,1527,-1,1527,1520,1521,-1,1527,1521,1528,-1,1528,1521,1522,-1,1528,1522,1529,-1,1529,1522,1523,-1,1529,1523,1530,-1,1530,1523,1524,-1,1530,1524,1531,-1,1531,1524,1525,-1,1531,1525,925,-1,925,1525,928,-1,925,928,923,-1,923,928,927,-1,718,719,1133,-1,1133,719,892,-1,1133,892,1127,-1,1127,892,1526,-1,1127,1526,1122,-1,1122,1526,1527,-1,1122,1527,1118,-1,1118,1527,1528,-1,1118,1528,1115,-1,1115,1528,1529,-1,1115,1529,1113,-1,1113,1529,1530,-1,1113,1530,922,-1,922,1530,1531,-1,922,1531,920,-1,920,1531,925,-1,920,925,1093,-1,1093,925,924,-1,1111,1109,1532,-1,1108,1106,1533,-1,1105,1103,1534,-1,1102,1100,1535,-1,1099,1097,1536,-1,1096,1095,1537,-1,1094,1093,1538,-1,924,923,1539,-1,927,926,1540,-1,930,929,1541,-1,933,932,1542,-1,936,935,1543,-1,939,938,1544,-1,942,941,1545,-1,945,944,1546,-1,948,947,1547,-1,951,950,1548,-1,954,953,1549,-1,957,956,1550,-1,960,959,1551,-1,963,962,1552,-1,966,965,1553,-1,1091,1090,1554,-1,1088,1087,1555,-1,1085,1084,1556,-1,1082,1081,1557,-1,1079,1078,1558,-1,1076,1075,1559,-1,1073,1072,1560,-1,1070,1069,1561,-1,972,971,1562,-1,975,974,1563,-1,978,977,1564,-1,981,980,1565,-1,984,983,1566,-1,987,986,1567,-1,990,989,1568,-1,993,992,1569,-1,996,995,1570,-1,999,998,1571,-1,1002,1001,1572,-1,1005,1004,1573,-1,1008,1007,1574,-1,1011,1010,1575,-1,1014,1013,1576,-1,1017,1016,1577,-1,1020,1019,1578,-1,1023,1022,1579,-1,1061,1060,1580,-1,1058,1057,1581,-1,1055,1054,1582,-1,1052,1051,1583,-1,1049,1048,1584,-1,1046,1045,1585,-1,1043,1042,1586,-1,1040,1039,1587,-1,1037,1036,1588,-1,1034,1033,1589,-1,1031,1030,1590,-1,1028,1027,1591,-1,1592,1593,1594,-1,1595,1596,1597,-1,1598,1599,1600,-1,1601,1602,1603,-1,1604,1605,1606,-1,1607,1608,1609,-1,1610,1611,1612,-1,1613,1614,1615,-1,1616,1617,1618,-1,1619,1620,1621,-1,1622,1623,1624,-1,1625,1626,1627,-1,1628,1629,1630,-1,1631,1632,1633,-1,1634,1635,1636,-1,1637,1638,1639,-1,1640,1641,1642,-1,1643,1644,1645,-1,1646,1647,1648,-1,1649,1650,1651,-1,1652,1653,1654,-1,1653,1652,1655,-1,1656,1657,1658,-1,1659,1660,1661,-1,1662,1663,1664,-1,1663,1662,1665,-1,1666,1667,1668,-1,1669,1670,1593,-1,1670,1671,1593,-1,1593,1671,1672,-1,1593,1672,1594,-1,1594,1672,1666,-1,1667,1673,1674,-1,1674,1673,1675,-1,1674,1675,1676,-1,1677,1676,1678,-1,1678,1679,1680,-1,1680,1679,1681,-1,1681,1682,1683,-1,1683,1682,1665,-1,1684,1664,1659,-1,1660,1685,1686,-1,1686,1685,1687,-1,1686,1687,1688,-1,1689,1688,1656,-1,1657,1690,1691,-1,1691,1690,1692,-1,1691,1692,1655,-1,1693,1654,1649,-1,1650,1694,1695,-1,1695,1694,1696,-1,1695,1696,1697,-1,1698,1697,1646,-1,1647,1699,1700,-1,1700,1699,1701,-1,1700,1701,1702,-1,1703,1702,1704,-1,1704,1705,1706,-1,1706,1705,1643,-1,1644,1707,1708,-1,1708,1707,1709,-1,1708,1709,1710,-1,1711,1710,1640,-1,1641,1712,1713,-1,1713,1712,1714,-1,1713,1714,1715,-1,1716,1715,1637,-1,1628,1630,1717,-1,1625,1627,1718,-1,1619,1621,1719,-1,1616,1618,1720,-1,1610,1612,1721,-1,1607,1609,1722,-1,1604,1606,1723,-1,1598,1600,1724,-1,1595,1597,1725,-1,1726,1669,1727,-1,1727,1669,1593,-1,1727,1593,1728,-1,1728,1593,1592,-1,1728,1592,1729,-1,1730,1726,1731,-1,1731,1726,1727,-1,1731,1727,1732,-1,1732,1727,1728,-1,1732,1728,1733,-1,1733,1728,1729,-1,1733,1729,1591,-1,1734,1735,1736,-1,1737,1730,1738,-1,1738,1730,1731,-1,1738,1731,1739,-1,1739,1731,1732,-1,1739,1732,1740,-1,1740,1732,1733,-1,1740,1733,1741,-1,1741,1733,1591,-1,1741,1591,1026,-1,1026,1591,1027,-1,1666,1668,1594,-1,1594,1668,1742,-1,1594,1742,1592,-1,1592,1742,1743,-1,1592,1743,1729,-1,1729,1743,1590,-1,1729,1590,1591,-1,1591,1590,1030,-1,1591,1030,1028,-1,1667,1674,1668,-1,1668,1674,1744,-1,1668,1744,1742,-1,1742,1744,1745,-1,1742,1745,1743,-1,1743,1745,1589,-1,1743,1589,1590,-1,1590,1589,1033,-1,1590,1033,1031,-1,1676,1677,1674,-1,1674,1677,1746,-1,1674,1746,1744,-1,1744,1746,1747,-1,1744,1747,1745,-1,1745,1747,1588,-1,1745,1588,1589,-1,1589,1588,1036,-1,1589,1036,1034,-1,1678,1680,1677,-1,1677,1680,1748,-1,1677,1748,1746,-1,1746,1748,1749,-1,1746,1749,1747,-1,1747,1749,1587,-1,1747,1587,1588,-1,1588,1587,1039,-1,1588,1039,1037,-1,1681,1683,1680,-1,1680,1683,1750,-1,1680,1750,1748,-1,1748,1750,1751,-1,1748,1751,1749,-1,1749,1751,1586,-1,1749,1586,1587,-1,1587,1586,1042,-1,1587,1042,1040,-1,1665,1662,1683,-1,1683,1662,1752,-1,1683,1752,1750,-1,1750,1752,1753,-1,1750,1753,1751,-1,1751,1753,1585,-1,1751,1585,1586,-1,1586,1585,1045,-1,1586,1045,1043,-1,1664,1684,1662,-1,1662,1684,1754,-1,1662,1754,1752,-1,1752,1754,1755,-1,1752,1755,1753,-1,1753,1755,1584,-1,1753,1584,1585,-1,1585,1584,1048,-1,1585,1048,1046,-1,1659,1661,1684,-1,1684,1661,1756,-1,1684,1756,1754,-1,1754,1756,1757,-1,1754,1757,1755,-1,1755,1757,1583,-1,1755,1583,1584,-1,1584,1583,1051,-1,1584,1051,1049,-1,1660,1686,1661,-1,1661,1686,1758,-1,1661,1758,1756,-1,1756,1758,1759,-1,1756,1759,1757,-1,1757,1759,1582,-1,1757,1582,1583,-1,1583,1582,1054,-1,1583,1054,1052,-1,1688,1689,1686,-1,1686,1689,1760,-1,1686,1760,1758,-1,1758,1760,1761,-1,1758,1761,1759,-1,1759,1761,1581,-1,1759,1581,1582,-1,1582,1581,1057,-1,1582,1057,1055,-1,1656,1658,1689,-1,1689,1658,1762,-1,1689,1762,1760,-1,1760,1762,1763,-1,1760,1763,1761,-1,1761,1763,1580,-1,1761,1580,1581,-1,1581,1580,1060,-1,1581,1060,1058,-1,1657,1691,1658,-1,1658,1691,1764,-1,1658,1764,1762,-1,1762,1764,1765,-1,1762,1765,1763,-1,1763,1765,1579,-1,1763,1579,1580,-1,1580,1579,1022,-1,1580,1022,1061,-1,1655,1652,1691,-1,1691,1652,1766,-1,1691,1766,1764,-1,1764,1766,1767,-1,1764,1767,1765,-1,1765,1767,1578,-1,1765,1578,1579,-1,1579,1578,1019,-1,1579,1019,1023,-1,1654,1693,1652,-1,1652,1693,1768,-1,1652,1768,1766,-1,1766,1768,1769,-1,1766,1769,1767,-1,1767,1769,1577,-1,1767,1577,1578,-1,1578,1577,1016,-1,1578,1016,1020,-1,1649,1651,1693,-1,1693,1651,1770,-1,1693,1770,1768,-1,1768,1770,1771,-1,1768,1771,1769,-1,1769,1771,1576,-1,1769,1576,1577,-1,1577,1576,1013,-1,1577,1013,1017,-1,1650,1695,1651,-1,1651,1695,1772,-1,1651,1772,1770,-1,1770,1772,1773,-1,1770,1773,1771,-1,1771,1773,1575,-1,1771,1575,1576,-1,1576,1575,1010,-1,1576,1010,1014,-1,1697,1698,1695,-1,1695,1698,1774,-1,1695,1774,1772,-1,1772,1774,1775,-1,1772,1775,1773,-1,1773,1775,1574,-1,1773,1574,1575,-1,1575,1574,1007,-1,1575,1007,1011,-1,1646,1648,1698,-1,1698,1648,1776,-1,1698,1776,1774,-1,1774,1776,1777,-1,1774,1777,1775,-1,1775,1777,1573,-1,1775,1573,1574,-1,1574,1573,1004,-1,1574,1004,1008,-1,1647,1700,1648,-1,1648,1700,1778,-1,1648,1778,1776,-1,1776,1778,1779,-1,1776,1779,1777,-1,1777,1779,1572,-1,1777,1572,1573,-1,1573,1572,1001,-1,1573,1001,1005,-1,1702,1703,1700,-1,1700,1703,1780,-1,1700,1780,1778,-1,1778,1780,1781,-1,1778,1781,1779,-1,1779,1781,1571,-1,1779,1571,1572,-1,1572,1571,998,-1,1572,998,1002,-1,1704,1706,1703,-1,1703,1706,1782,-1,1703,1782,1780,-1,1780,1782,1783,-1,1780,1783,1781,-1,1781,1783,1570,-1,1781,1570,1571,-1,1571,1570,995,-1,1571,995,999,-1,1643,1645,1706,-1,1706,1645,1784,-1,1706,1784,1782,-1,1782,1784,1785,-1,1782,1785,1783,-1,1783,1785,1569,-1,1783,1569,1570,-1,1570,1569,992,-1,1570,992,996,-1,1644,1708,1645,-1,1645,1708,1786,-1,1645,1786,1784,-1,1784,1786,1787,-1,1784,1787,1785,-1,1785,1787,1568,-1,1785,1568,1569,-1,1569,1568,989,-1,1569,989,993,-1,1710,1711,1708,-1,1708,1711,1788,-1,1708,1788,1786,-1,1786,1788,1789,-1,1786,1789,1787,-1,1787,1789,1567,-1,1787,1567,1568,-1,1568,1567,986,-1,1568,986,990,-1,1640,1642,1711,-1,1711,1642,1790,-1,1711,1790,1788,-1,1788,1790,1791,-1,1788,1791,1789,-1,1789,1791,1566,-1,1789,1566,1567,-1,1567,1566,983,-1,1567,983,987,-1,1641,1713,1642,-1,1642,1713,1792,-1,1642,1792,1790,-1,1790,1792,1793,-1,1790,1793,1791,-1,1791,1793,1565,-1,1791,1565,1566,-1,1566,1565,980,-1,1566,980,984,-1,1715,1716,1713,-1,1713,1716,1794,-1,1713,1794,1792,-1,1792,1794,1795,-1,1792,1795,1793,-1,1793,1795,1564,-1,1793,1564,1565,-1,1565,1564,977,-1,1565,977,981,-1,1637,1639,1716,-1,1716,1639,1796,-1,1716,1796,1794,-1,1794,1796,1797,-1,1794,1797,1795,-1,1795,1797,1563,-1,1795,1563,1564,-1,1564,1563,974,-1,1564,974,978,-1,1639,1798,1796,-1,1796,1798,1799,-1,1796,1799,1797,-1,1797,1799,1562,-1,1797,1562,1563,-1,1563,1562,971,-1,1563,971,975,-1,1798,1734,1799,-1,1799,1734,1736,-1,1799,1736,1562,-1,1562,1736,968,-1,1562,968,972,-1,1067,1066,1800,-1,1800,1066,1735,-1,1800,1735,1801,-1,1801,1735,1734,-1,1801,1734,1802,-1,1802,1734,1798,-1,1802,1798,1636,-1,1636,1798,1639,-1,1636,1639,1634,-1,1634,1639,1638,-1,1066,1065,1735,-1,1735,1065,1063,-1,1735,1063,1736,-1,1736,1063,969,-1,1736,969,968,-1,1069,1067,1561,-1,1561,1067,1800,-1,1561,1800,1803,-1,1803,1800,1801,-1,1803,1801,1804,-1,1804,1801,1802,-1,1804,1802,1633,-1,1633,1802,1636,-1,1633,1636,1631,-1,1631,1636,1635,-1,1072,1070,1560,-1,1560,1070,1561,-1,1560,1561,1805,-1,1805,1561,1803,-1,1805,1803,1806,-1,1806,1803,1804,-1,1806,1804,1807,-1,1807,1804,1633,-1,1807,1633,1808,-1,1808,1633,1632,-1,1075,1073,1559,-1,1559,1073,1560,-1,1559,1560,1809,-1,1809,1560,1805,-1,1809,1805,1810,-1,1810,1805,1806,-1,1810,1806,1811,-1,1811,1806,1807,-1,1811,1807,1812,-1,1812,1807,1808,-1,1078,1076,1558,-1,1558,1076,1559,-1,1558,1559,1813,-1,1813,1559,1809,-1,1813,1809,1814,-1,1814,1809,1810,-1,1814,1810,1630,-1,1630,1810,1811,-1,1630,1811,1717,-1,1717,1811,1812,-1,1081,1079,1557,-1,1557,1079,1558,-1,1557,1558,1815,-1,1815,1558,1813,-1,1815,1813,1816,-1,1816,1813,1814,-1,1816,1814,1817,-1,1817,1814,1630,-1,1817,1630,1818,-1,1818,1630,1629,-1,1084,1082,1556,-1,1556,1082,1557,-1,1556,1557,1819,-1,1819,1557,1815,-1,1819,1815,1820,-1,1820,1815,1816,-1,1820,1816,1821,-1,1821,1816,1817,-1,1821,1817,1822,-1,1822,1817,1818,-1,1087,1085,1555,-1,1555,1085,1556,-1,1555,1556,1823,-1,1823,1556,1819,-1,1823,1819,1824,-1,1824,1819,1820,-1,1824,1820,1627,-1,1627,1820,1821,-1,1627,1821,1718,-1,1718,1821,1822,-1,1090,1088,1554,-1,1554,1088,1555,-1,1554,1555,1825,-1,1825,1555,1823,-1,1825,1823,1826,-1,1826,1823,1824,-1,1826,1824,1624,-1,1624,1824,1627,-1,1624,1627,1622,-1,1622,1627,1626,-1,965,1091,1553,-1,1553,1091,1554,-1,1553,1554,1827,-1,1827,1554,1825,-1,1827,1825,1828,-1,1828,1825,1826,-1,1828,1826,1829,-1,1829,1826,1624,-1,1829,1624,1830,-1,1830,1624,1623,-1,962,966,1552,-1,1552,966,1553,-1,1552,1553,1831,-1,1831,1553,1827,-1,1831,1827,1832,-1,1832,1827,1828,-1,1832,1828,1833,-1,1833,1828,1829,-1,1833,1829,1834,-1,1834,1829,1830,-1,959,963,1551,-1,1551,963,1552,-1,1551,1552,1835,-1,1835,1552,1831,-1,1835,1831,1836,-1,1836,1831,1832,-1,1836,1832,1621,-1,1621,1832,1833,-1,1621,1833,1719,-1,1719,1833,1834,-1,956,960,1550,-1,1550,960,1551,-1,1550,1551,1837,-1,1837,1551,1835,-1,1837,1835,1838,-1,1838,1835,1836,-1,1838,1836,1839,-1,1839,1836,1621,-1,1839,1621,1840,-1,1840,1621,1620,-1,953,957,1549,-1,1549,957,1550,-1,1549,1550,1841,-1,1841,1550,1837,-1,1841,1837,1842,-1,1842,1837,1838,-1,1842,1838,1843,-1,1843,1838,1839,-1,1843,1839,1844,-1,1844,1839,1840,-1,950,954,1548,-1,1548,954,1549,-1,1548,1549,1845,-1,1845,1549,1841,-1,1845,1841,1846,-1,1846,1841,1842,-1,1846,1842,1618,-1,1618,1842,1843,-1,1618,1843,1720,-1,1720,1843,1844,-1,947,951,1547,-1,1547,951,1548,-1,1547,1548,1847,-1,1847,1548,1845,-1,1847,1845,1848,-1,1848,1845,1846,-1,1848,1846,1849,-1,1849,1846,1618,-1,1849,1618,1850,-1,1850,1618,1617,-1,944,948,1546,-1,1546,948,1547,-1,1546,1547,1851,-1,1851,1547,1847,-1,1851,1847,1852,-1,1852,1847,1848,-1,1852,1848,1615,-1,1615,1848,1849,-1,1615,1849,1613,-1,1613,1849,1850,-1,941,945,1545,-1,1545,945,1546,-1,1545,1546,1853,-1,1853,1546,1851,-1,1853,1851,1854,-1,1854,1851,1852,-1,1854,1852,1855,-1,1855,1852,1615,-1,1855,1615,1856,-1,1856,1615,1614,-1,938,942,1544,-1,1544,942,1545,-1,1544,1545,1857,-1,1857,1545,1853,-1,1857,1853,1858,-1,1858,1853,1854,-1,1858,1854,1612,-1,1612,1854,1855,-1,1612,1855,1721,-1,1721,1855,1856,-1,935,939,1543,-1,1543,939,1544,-1,1543,1544,1859,-1,1859,1544,1857,-1,1859,1857,1860,-1,1860,1857,1858,-1,1860,1858,1861,-1,1861,1858,1612,-1,1861,1612,1862,-1,1862,1612,1611,-1,932,936,1542,-1,1542,936,1543,-1,1542,1543,1863,-1,1863,1543,1859,-1,1863,1859,1864,-1,1864,1859,1860,-1,1864,1860,1865,-1,1865,1860,1861,-1,1865,1861,1866,-1,1866,1861,1862,-1,929,933,1541,-1,1541,933,1542,-1,1541,1542,1867,-1,1867,1542,1863,-1,1867,1863,1868,-1,1868,1863,1864,-1,1868,1864,1609,-1,1609,1864,1865,-1,1609,1865,1722,-1,1722,1865,1866,-1,926,930,1540,-1,1540,930,1541,-1,1540,1541,1869,-1,1869,1541,1867,-1,1869,1867,1870,-1,1870,1867,1868,-1,1870,1868,1871,-1,1871,1868,1609,-1,1871,1609,1872,-1,1872,1609,1608,-1,923,927,1539,-1,1539,927,1540,-1,1539,1540,1873,-1,1873,1540,1869,-1,1873,1869,1874,-1,1874,1869,1870,-1,1874,1870,1875,-1,1875,1870,1871,-1,1875,1871,1876,-1,1876,1871,1872,-1,1093,924,1538,-1,1538,924,1539,-1,1538,1539,1877,-1,1877,1539,1873,-1,1877,1873,1878,-1,1878,1873,1874,-1,1878,1874,1606,-1,1606,1874,1875,-1,1606,1875,1723,-1,1723,1875,1876,-1,1095,1094,1537,-1,1537,1094,1538,-1,1537,1538,1879,-1,1879,1538,1877,-1,1879,1877,1880,-1,1880,1877,1878,-1,1880,1878,1603,-1,1603,1878,1606,-1,1603,1606,1601,-1,1601,1606,1605,-1,1097,1096,1536,-1,1536,1096,1537,-1,1536,1537,1881,-1,1881,1537,1879,-1,1881,1879,1882,-1,1882,1879,1880,-1,1882,1880,1883,-1,1883,1880,1603,-1,1883,1603,1884,-1,1884,1603,1602,-1,1100,1099,1535,-1,1535,1099,1536,-1,1535,1536,1885,-1,1885,1536,1881,-1,1885,1881,1886,-1,1886,1881,1882,-1,1886,1882,1887,-1,1887,1882,1883,-1,1887,1883,1888,-1,1888,1883,1884,-1,1103,1102,1534,-1,1534,1102,1535,-1,1534,1535,1889,-1,1889,1535,1885,-1,1889,1885,1890,-1,1890,1885,1886,-1,1890,1886,1600,-1,1600,1886,1887,-1,1600,1887,1724,-1,1724,1887,1888,-1,1106,1105,1533,-1,1533,1105,1534,-1,1533,1534,1891,-1,1891,1534,1889,-1,1891,1889,1892,-1,1892,1889,1890,-1,1892,1890,1893,-1,1893,1890,1600,-1,1893,1600,1894,-1,1894,1600,1599,-1,1109,1108,1532,-1,1532,1108,1533,-1,1532,1533,1895,-1,1895,1533,1891,-1,1895,1891,1896,-1,1896,1891,1892,-1,1896,1892,1897,-1,1897,1892,1893,-1,1897,1893,1898,-1,1898,1893,1894,-1,1112,1111,1899,-1,1899,1111,1532,-1,1899,1532,1900,-1,1900,1532,1895,-1,1900,1895,1901,-1,1901,1895,1896,-1,1901,1896,1597,-1,1597,1896,1897,-1,1597,1897,1725,-1,1725,1897,1898,-1,1596,1737,1597,-1,1597,1737,1738,-1,1597,1738,1901,-1,1901,1738,1739,-1,1901,1739,1900,-1,1900,1739,1740,-1,1900,1740,1899,-1,1899,1740,1741,-1,1899,1741,1112,-1,1112,1741,1026,-1,1902,1903,1730,-1,1904,1669,1903,-1,1903,1669,1726,-1,1903,1726,1730,-1,1666,1672,1905,-1,1905,1672,1671,-1,1905,1671,1904,-1,1904,1671,1670,-1,1904,1670,1669,-1,1666,1905,1667,-1,1667,1905,1906,-1,1667,1906,1673,-1,1673,1906,1675,-1,1675,1906,1907,-1,1675,1907,1676,-1,1908,1679,1907,-1,1907,1679,1678,-1,1907,1678,1676,-1,1909,1682,1908,-1,1908,1682,1681,-1,1908,1681,1679,-1,1659,1664,1910,-1,1910,1664,1663,-1,1910,1663,1909,-1,1909,1663,1665,-1,1909,1665,1682,-1,1659,1910,1660,-1,1660,1910,1911,-1,1660,1911,1685,-1,1685,1911,1687,-1,1687,1911,1912,-1,1687,1912,1688,-1,1913,1657,1912,-1,1912,1657,1656,-1,1912,1656,1688,-1,1914,1692,1913,-1,1913,1692,1690,-1,1913,1690,1657,-1,1649,1654,1915,-1,1915,1654,1653,-1,1915,1653,1914,-1,1914,1653,1655,-1,1914,1655,1692,-1,1649,1915,1650,-1,1650,1915,1916,-1,1650,1916,1694,-1,1694,1916,1696,-1,1696,1916,1917,-1,1696,1917,1697,-1,1918,1647,1917,-1,1917,1647,1646,-1,1917,1646,1697,-1,1704,1702,1919,-1,1919,1702,1701,-1,1919,1701,1918,-1,1918,1701,1699,-1,1918,1699,1647,-1,1704,1919,1705,-1,1705,1919,1920,-1,1705,1920,1643,-1,1643,1920,1644,-1,1644,1920,1921,-1,1644,1921,1707,-1,1707,1921,1709,-1,1709,1921,1922,-1,1709,1922,1710,-1,1923,1641,1922,-1,1922,1641,1640,-1,1922,1640,1710,-1,1637,1715,1924,-1,1924,1715,1714,-1,1924,1714,1923,-1,1923,1714,1712,-1,1923,1712,1641,-1,1637,1924,1638,-1,1638,1924,1925,-1,1638,1925,1634,-1,1634,1925,1635,-1,1635,1925,1926,-1,1635,1926,1631,-1,1631,1926,1632,-1,1632,1926,1927,-1,1632,1927,1808,-1,1629,1628,1928,-1,1928,1628,1717,-1,1928,1717,1927,-1,1927,1717,1812,-1,1927,1812,1808,-1,1629,1928,1818,-1,1818,1928,1929,-1,1818,1929,1822,-1,1822,1929,1718,-1,1718,1929,1930,-1,1718,1930,1625,-1,1625,1930,1626,-1,1626,1930,1931,-1,1626,1931,1622,-1,1622,1931,1623,-1,1623,1931,1932,-1,1623,1932,1830,-1,1933,1719,1932,-1,1932,1719,1834,-1,1932,1834,1830,-1,1844,1840,1934,-1,1934,1840,1620,-1,1934,1620,1933,-1,1933,1620,1619,-1,1933,1619,1719,-1,1844,1934,1720,-1,1720,1934,1935,-1,1720,1935,1616,-1,1616,1935,1617,-1,1617,1935,1936,-1,1617,1936,1850,-1,1937,1614,1936,-1,1936,1614,1613,-1,1936,1613,1850,-1,1938,1721,1937,-1,1937,1721,1856,-1,1937,1856,1614,-1,1866,1862,1939,-1,1939,1862,1611,-1,1939,1611,1938,-1,1938,1611,1610,-1,1938,1610,1721,-1,1866,1939,1722,-1,1722,1939,1940,-1,1722,1940,1607,-1,1941,1872,1940,-1,1940,1872,1608,-1,1940,1608,1607,-1,1942,1723,1941,-1,1941,1723,1876,-1,1941,1876,1872,-1,1943,1605,1942,-1,1942,1605,1604,-1,1942,1604,1723,-1,1888,1884,1944,-1,1944,1884,1602,-1,1944,1602,1943,-1,1943,1602,1601,-1,1943,1601,1605,-1,1888,1944,1724,-1,1724,1944,1945,-1,1724,1945,1598,-1,1598,1945,1599,-1,1599,1945,1946,-1,1599,1946,1894,-1,1947,1725,1946,-1,1946,1725,1898,-1,1946,1898,1894,-1,1730,1737,1902,-1,1902,1737,1596,-1,1902,1596,1947,-1,1947,1596,1595,-1,1947,1595,1725,-1,
        ]
    }
}
Shape{
    appearance Appearance {
        material  Material 	{
            diffuseColor 0.20784313725490197 0.20784313725490197 0.20784313725490197
            specularColor 0.01568627450980392 0.01568627450980392 0.01568627450980392
            ambientIntensity 0.298
            transparency 0.0
            shininess 0.5
        }
    }
    geometry IndexedFaceSet {
        ccw TRUE
        solid FALSE
        coord DEF co Coordinate {
            point [
                0.9478 0.2655 0.3543, 0.9751 0.134 0.3543, 1.0433 0.4331 0.3543, 0.9843 0.0 0.3543, 1.0433 -0.4331 0.3543, 0.2003 0.9637 0.3543, 0.4331 0.9275 0.3543, 0.4331 1.0433 0.3543, -0.5676 0.8041 0.3543, -0.4528 0.8739 0.3543, -0.4331 0.9275 0.3543, -0.3296 0.9274 0.3543, -0.4331 1.0433 0.3543, -0.2003 0.9637 0.3543, -0.0672 0.982 0.3543, 0.0672 0.982 0.3543, 0.3296 0.9274 0.3543, 0.4528 0.8739 0.3543, 0.5377 0.871 0.3543, 0.5676 0.8041 0.3543, 0.9028 0.3921 0.3543, 0.9275 0.4331 0.3543, 0.841 0.5114 0.3543, 0.871 0.5377 0.3543, 0.7635 0.6211 0.3543, 0.8028 0.635 0.3543, 0.6718 0.7193 0.3543, 0.7238 0.7238 0.3543, 0.635 0.8028 0.3543, -1.0433 0.4331 0.3543, -0.9478 0.2655 0.3543, -0.9275 0.4331 0.3543, -0.9028 0.3921 0.3543, -0.871 0.5377 0.3543, -0.841 0.5114 0.3543, -0.8028 0.635 0.3543, -0.7635 0.6211 0.3543, -0.7238 0.7238 0.3543, -0.6718 0.7193 0.3543, -0.635 0.8028 0.3543, -0.5377 0.871 0.3543, -0.9478 -0.2655 0.3543, -0.9751 -0.134 0.3543, -1.0433 -0.4331 0.3543, -0.9843 -0.0 0.3543, -0.9751 0.134 0.3543, -0.5676 -0.8041 0.3543, -0.5377 -0.871 0.3543, -0.4528 -0.8739 0.3543, -0.4331 -0.9275 0.3543, -0.3296 -0.9274 0.3543, -0.4331 -1.0433 0.3543, -0.2003 -0.9637 0.3543, -0.9028 -0.3921 0.3543, -0.9275 -0.4331 0.3543, -0.841 -0.5114 0.3543, -0.871 -0.5377 0.3543, -0.7635 -0.6211 0.3543, -0.8028 -0.635 0.3543, -0.6718 -0.7193 0.3543, -0.7238 -0.7238 0.3543, -0.635 -0.8028 0.3543, 0.4331 -1.0433 0.3543, 0.0672 -0.982 0.3543, -0.0672 -0.982 0.3543, 0.5676 -0.8041 0.3543, 0.4528 -0.8739 0.3543, 0.4331 -0.9275 0.3543, 0.3296 -0.9274 0.3543, 0.2003 -0.9637 0.3543, 0.9751 -0.134 0.3543, 0.9478 -0.2655 0.3543, 0.9275 -0.4331 0.3543, 0.9028 -0.3921 0.3543, 0.871 -0.5377 0.3543, 0.841 -0.5114 0.3543, 0.8028 -0.635 0.3543, 0.7635 -0.6211 0.3543, 0.7238 -0.7238 0.3543, 0.6718 -0.7193 0.3543, 0.635 -0.8028 0.3543, 0.5377 -0.871 0.3543, -0.3231 -0.1901 0.1969, -0.374 -0.1969 0.1969, -0.374 -0.128 0.1969, -1.0433 -0.1969 0.1969, -0.374 0.128 0.1969, -1.0433 0.1969 0.1969, -0.374 0.1969 0.1969, -0.1839 0.0509 0.1969, -0.1772 -0.0 0.1969, -0.2559 -0.128 0.1969, -0.1839 -0.0509 0.1969, -0.3231 0.1901 0.1969, -0.2756 0.1705 0.1969, -0.2559 0.128 0.1969, -0.2348 0.1392 0.1969, -0.2035 0.0984 0.1969, -0.2035 -0.0984 0.1969, -0.2348 -0.1392 0.1969, -0.2756 -0.1705 0.1969, 1.0433 -0.4331 0.7415, 1.0433 -1.0433 0.7415, 1.0433 -1.0433 0.1181, 1.0433 -0.1969 0.1181, 1.0433 -0.1969 0.1969, 1.0433 0.1969 0.1969, 1.0433 0.1969 0.1181, 1.0433 1.0433 0.7415, 1.0433 0.4331 0.7415, 1.0433 1.0433 0.1181, 1.0433 0.482 0.1181, -0.4331 0.9275 0.5446, -0.5377 0.871 0.5446, -0.635 0.8028 0.5446, -0.7238 0.7238 0.5446, -0.8028 0.635 0.5446, -0.871 0.5377 0.5446, -0.9275 0.4331 0.5446, -0.9275 -0.4331 0.5446, -0.871 -0.5377 0.5446, -0.8028 -0.635 0.5446, -0.7238 -0.7238 0.5446, -0.635 -0.8028 0.5446, -0.5377 -0.871 0.5446, -0.4331 -0.9275 0.5446, -0.4331 -1.0433 0.5446, -0.7283 -1.0433 0.5446, 0.4331 -1.0433 0.7415, -0.1032 -1.0433 0.1181, -0.7283 -1.0433 0.1181, -1.0433 -0.7283 0.5446, -1.0433 -0.7283 0.1181, -1.0433 -0.4331 0.5446, -1.0433 0.482 0.1181, -1.0433 0.1969 0.1181, -1.0433 0.4331 0.5446, -1.0433 0.7283 0.5446, -1.0433 0.7283 0.1181, -1.0433 -0.1969 0.1181, -0.7283 1.0433 0.5446, -0.7283 1.0433 0.1181, -0.4331 1.0433 0.5446, 0.4331 1.0433 0.7415, -0.1032 1.0433 0.1181, 0.9275 0.4331 0.7415, 0.871 0.5377 0.7415, 0.8028 0.635 0.7415, 0.7238 0.7238 0.7415, 0.635 0.8028 0.7415, 0.5377 0.871 0.7415, 0.4331 0.9275 0.7415, 0.4331 -0.9275 0.7415, 0.5377 -0.871 0.7415, 0.635 -0.8028 0.7415, 0.7238 -0.7238 0.7415, 0.8028 -0.635 0.7415, 0.871 -0.5377 0.7415, 0.9275 -0.4331 0.7415, -0.374 -0.1969 0.1181, -0.374 0.1969 0.1181, -0.3231 0.1901 0.1181, -0.2756 0.1705 0.1181, -0.2348 0.1392 0.1181, -0.2035 0.0984 0.1181, -0.1839 0.0509 0.1181, -0.1772 -0.0 0.1181, -0.1839 -0.0509 0.1181, -0.2035 -0.0984 0.1181, -0.2348 -0.1392 0.1181, -0.2756 -0.1705 0.1181, -0.3231 -0.1901 0.1181, 0.374 0.1969 0.1181, 0.374 0.1969 0.1969, 0.374 -0.1969 0.1969, 0.374 -0.1969 0.1181, 0.3231 -0.1901 0.1969, 0.3231 -0.1901 0.1181, 0.2756 -0.1705 0.1969, 0.2756 -0.1705 0.1181, 0.2348 -0.1392 0.1969, 0.2348 -0.1392 0.1181, 0.2035 -0.0984 0.1969, 0.2035 -0.0984 0.1181, 0.1839 -0.0509 0.1969, 0.1839 -0.0509 0.1181, 0.1772 0.0 0.1969, 0.1772 0.0 0.1181, 0.1839 0.0509 0.1969, 0.1839 0.0509 0.1181, 0.2035 0.0984 0.1969, 0.2035 0.0984 0.1181, 0.2348 0.1392 0.1969, 0.2348 0.1392 0.1181, 0.2756 0.1705 0.1969, 0.2756 0.1705 0.1181, 0.3231 0.1901 0.1969, 0.3231 0.1901 0.1181
            ]
        }
        coordIndex [
            0,1,2,-1,2,1,3,-1,2,3,4,-1,5,6,7,-1,8,9,10,-1,10,9,11,-1,10,11,12,-1,11,13,12,-1,12,13,14,-1,12,14,7,-1,7,14,15,-1,7,15,5,-1,5,16,6,-1,6,16,17,-1,6,17,18,-1,18,17,19,-1,0,2,20,-1,20,2,21,-1,20,21,22,-1,22,21,23,-1,22,23,24,-1,24,23,25,-1,24,25,26,-1,26,25,27,-1,26,27,19,-1,19,27,28,-1,19,28,18,-1,29,30,31,-1,31,30,32,-1,31,32,33,-1,33,32,34,-1,33,34,35,-1,35,34,36,-1,35,36,37,-1,37,36,38,-1,37,38,39,-1,8,10,38,-1,38,10,40,-1,38,40,39,-1,41,42,43,-1,43,42,44,-1,43,44,29,-1,29,44,45,-1,29,45,30,-1,46,47,48,-1,48,47,49,-1,48,49,50,-1,50,49,51,-1,50,51,52,-1,41,43,53,-1,53,43,54,-1,53,54,55,-1,55,54,56,-1,55,56,57,-1,57,56,58,-1,57,58,59,-1,59,58,60,-1,59,60,46,-1,46,60,61,-1,46,61,47,-1,62,63,51,-1,51,63,64,-1,51,64,52,-1,65,66,67,-1,67,66,68,-1,67,68,62,-1,62,68,69,-1,62,69,63,-1,3,70,4,-1,4,70,71,-1,4,71,72,-1,72,71,73,-1,72,73,74,-1,74,73,75,-1,74,75,76,-1,76,75,77,-1,76,77,78,-1,78,77,79,-1,78,79,80,-1,80,79,65,-1,80,65,81,-1,81,65,67,-1,82,83,84,-1,84,83,85,-1,84,85,86,-1,86,85,87,-1,86,87,88,-1,89,90,91,-1,91,90,92,-1,88,93,86,-1,86,93,94,-1,86,94,95,-1,95,94,96,-1,95,96,91,-1,91,96,97,-1,91,97,89,-1,92,98,91,-1,91,98,99,-1,91,99,84,-1,84,99,100,-1,84,100,82,-1,4,101,102,-1,103,104,105,-1,102,103,4,-1,4,103,105,-1,4,105,2,-1,2,105,106,-1,2,106,107,-1,108,109,110,-1,110,109,2,-1,110,2,111,-1,111,2,107,-1,10,112,40,-1,40,112,113,-1,40,113,39,-1,39,113,114,-1,39,114,37,-1,37,114,115,-1,37,115,35,-1,35,115,116,-1,35,116,33,-1,33,116,117,-1,33,117,31,-1,31,117,118,-1,54,119,56,-1,56,119,120,-1,56,120,58,-1,58,120,121,-1,58,121,60,-1,60,121,122,-1,60,122,61,-1,61,122,123,-1,61,123,47,-1,47,123,124,-1,47,124,49,-1,49,124,125,-1,51,126,127,-1,102,128,103,-1,103,128,62,-1,103,62,129,-1,129,62,51,-1,129,51,130,-1,130,51,127,-1,131,132,127,-1,127,132,130,-1,131,133,132,-1,132,133,43,-1,134,135,87,-1,136,137,29,-1,29,137,138,-1,139,132,85,-1,85,132,43,-1,85,43,87,-1,87,43,29,-1,87,29,134,-1,134,29,138,-1,140,141,137,-1,137,141,138,-1,140,142,141,-1,141,142,12,-1,143,108,7,-1,7,108,110,-1,7,110,12,-1,12,110,144,-1,12,144,141,-1,10,12,112,-1,112,12,142,-1,51,49,126,-1,126,49,125,-1,54,43,119,-1,119,43,133,-1,29,31,136,-1,136,31,118,-1,21,145,23,-1,23,145,146,-1,23,146,25,-1,25,146,147,-1,25,147,27,-1,27,147,148,-1,27,148,28,-1,28,148,149,-1,28,149,18,-1,18,149,150,-1,18,150,6,-1,6,150,151,-1,143,151,108,-1,108,151,150,-1,108,150,149,-1,145,109,146,-1,146,109,108,-1,149,148,108,-1,108,148,147,-1,108,147,146,-1,67,152,81,-1,81,152,153,-1,81,153,80,-1,80,153,154,-1,80,154,78,-1,78,154,155,-1,78,155,76,-1,76,155,156,-1,76,156,74,-1,74,156,157,-1,74,157,72,-1,72,157,158,-1,102,101,158,-1,158,157,102,-1,102,157,156,-1,102,156,155,-1,152,128,153,-1,153,128,102,-1,153,102,154,-1,154,102,155,-1,7,6,143,-1,143,6,151,-1,128,152,62,-1,62,152,67,-1,109,145,2,-1,2,145,21,-1,4,72,101,-1,101,72,158,-1,112,142,113,-1,113,142,140,-1,136,118,137,-1,137,118,117,-1,117,116,137,-1,137,116,115,-1,137,115,140,-1,140,115,114,-1,140,114,113,-1,119,133,120,-1,120,133,131,-1,126,125,127,-1,127,125,124,-1,124,123,127,-1,127,123,122,-1,127,122,131,-1,131,122,121,-1,131,121,120,-1,83,159,85,-1,85,159,139,-1,88,160,93,-1,93,160,161,-1,93,161,94,-1,94,161,162,-1,94,162,96,-1,96,162,163,-1,96,163,97,-1,97,163,164,-1,97,164,89,-1,89,164,165,-1,89,165,90,-1,90,165,166,-1,90,166,92,-1,92,166,167,-1,92,167,98,-1,98,167,168,-1,98,168,99,-1,99,168,169,-1,99,169,100,-1,100,169,170,-1,100,170,82,-1,82,170,171,-1,82,171,83,-1,83,171,159,-1,160,88,135,-1,135,88,87,-1,172,107,173,-1,173,107,106,-1,174,175,176,-1,176,175,177,-1,176,177,178,-1,178,177,179,-1,178,179,180,-1,180,179,181,-1,180,181,182,-1,182,181,183,-1,182,183,184,-1,184,183,185,-1,184,185,186,-1,186,185,187,-1,186,187,188,-1,188,187,189,-1,188,189,190,-1,190,189,191,-1,190,191,192,-1,192,191,193,-1,192,193,194,-1,194,193,195,-1,194,195,196,-1,196,195,197,-1,196,197,173,-1,173,197,172,-1,174,105,175,-1,175,105,104,-1,
        ]
    }
}
Shape{
    appearance Appearance {
        material  Material 	{
            diffuseColor 0.6666666666666666 0.6666666666666666 0.6666666666666666
            specularColor 0.4666666666666667 0.4666666666666667 0.4666666666666667
            ambientIntensity 0.6667
            transparency 0.0
            shininess 0.5
        }
    }
    geometry IndexedFaceSet {
        ccw TRUE
        solid FALSE
        coord DEF co Coordinate {
            point [
                -0.374 -0.128 0.1575, -0.374 0.128 0.1575, -0.3754 -0.128 0.1473, -0.3754 0.128 0.1473, -0.3793 -0.128 0.1378, -0.3793 0.128 0.1378, -0.3855 -0.128 0.1296, -0.3855 0.128 0.1296, -0.3937 -0.128 0.1234, -0.3937 0.128 0.1234, -0.4032 -0.128 0.1195, -0.4032 0.128 0.1195, -0.4134 -0.128 0.1181, -0.4134 0.128 0.1181, -1.122 -0.128 0.1181, -1.122 0.128 0.1181, -1.122 -0.128 0.0, -1.122 0.128 0.0, -0.4134 -0.128 0.0, -0.4134 0.128 0.0, -0.3726 0.128 0.0054, -0.3726 -0.128 0.0054, -0.3346 0.128 0.0211, -0.3346 -0.128 0.0211, -0.302 0.128 0.0461, -0.302 -0.128 0.0461, -0.277 0.128 0.0787, -0.277 -0.128 0.0787, -0.2613 0.128 0.1167, -0.2613 -0.128 0.1167, -0.2559 0.128 0.1575, -0.2559 -0.128 0.1575, -0.374 0.128 0.1969, -0.2559 0.128 0.1969, -0.374 -0.128 0.1969, -0.2559 -0.128 0.1969, 0.4134 -0.128 0.1181, 1.122 -0.128 0.1181, 0.4134 0.128 0.1181, 1.122 0.128 0.1181, 0.4032 -0.128 0.1195, 0.4032 0.128 0.1195, 0.3937 -0.128 0.1234, 0.3937 0.128 0.1234, 0.3855 -0.128 0.1296, 0.3855 0.128 0.1296, 0.3793 -0.128 0.1378, 0.3793 0.128 0.1378, 0.3754 -0.128 0.1473, 0.3754 0.128 0.1473, 0.374 -0.128 0.1575, 0.374 0.128 0.1575, 0.374 -0.128 0.1969, 0.374 0.128 0.1969, 0.2559 0.128 0.1575, 0.2559 -0.128 0.1575, 0.2559 0.128 0.1969, 0.2559 -0.128 0.1969, 0.2613 0.128 0.1167, 0.2613 -0.128 0.1167, 0.277 0.128 0.0787, 0.277 -0.128 0.0787, 0.302 0.128 0.0461, 0.302 -0.128 0.0461, 0.3346 0.128 0.0211, 0.3346 -0.128 0.0211, 0.3726 0.128 0.0054, 0.3726 -0.128 0.0054, 0.4134 0.128 0.0, 0.4134 -0.128 0.0, 1.122 -0.128 0.0, 1.122 0.128 0.0
            ]
        }
        coordIndex [
            0,1,2,-1,2,1,3,-1,2,3,4,-1,4,3,5,-1,4,5,6,-1,6,5,7,-1,6,7,8,-1,8,7,9,-1,8,9,10,-1,10,9,11,-1,10,11,12,-1,12,11,13,-1,14,12,15,-1,15,12,13,-1,16,14,17,-1,17,14,15,-1,18,16,19,-1,19,16,17,-1,18,19,20,-1,18,20,21,-1,21,20,22,-1,21,22,23,-1,23,22,24,-1,23,24,25,-1,25,24,26,-1,25,26,27,-1,27,26,28,-1,27,28,29,-1,29,28,30,-1,29,30,31,-1,32,33,1,-1,1,33,30,-1,1,30,3,-1,3,30,28,-1,3,28,5,-1,5,28,26,-1,5,26,7,-1,7,26,24,-1,7,24,9,-1,9,24,22,-1,9,22,11,-1,11,22,20,-1,11,20,13,-1,13,20,19,-1,13,19,15,-1,15,19,17,-1,14,16,12,-1,12,16,18,-1,12,18,10,-1,10,18,21,-1,10,21,8,-1,8,21,23,-1,8,23,6,-1,6,23,25,-1,6,25,4,-1,4,25,27,-1,4,27,2,-1,2,27,29,-1,2,29,0,-1,0,29,31,-1,0,31,34,-1,34,31,35,-1,32,1,34,-1,34,1,0,-1,31,30,35,-1,35,30,33,-1,36,37,38,-1,38,37,39,-1,36,38,40,-1,40,38,41,-1,40,41,42,-1,42,41,43,-1,42,43,44,-1,44,43,45,-1,44,45,46,-1,46,45,47,-1,46,47,48,-1,48,47,49,-1,48,49,50,-1,50,49,51,-1,52,50,53,-1,53,50,51,-1,54,55,56,-1,56,55,57,-1,55,54,58,-1,55,58,59,-1,59,58,60,-1,59,60,61,-1,61,60,62,-1,61,62,63,-1,63,62,64,-1,63,64,65,-1,65,64,66,-1,65,66,67,-1,67,66,68,-1,67,68,69,-1,70,69,71,-1,71,69,68,-1,37,70,39,-1,39,70,71,-1,52,57,50,-1,50,57,55,-1,50,55,48,-1,48,55,59,-1,48,59,46,-1,46,59,61,-1,46,61,44,-1,44,61,63,-1,44,63,42,-1,42,63,65,-1,42,65,40,-1,40,65,67,-1,40,67,36,-1,36,67,69,-1,36,69,37,-1,37,69,70,-1,39,71,38,-1,38,71,68,-1,38,68,41,-1,41,68,66,-1,41,66,43,-1,43,66,64,-1,43,64,45,-1,45,64,62,-1,45,62,47,-1,47,62,60,-1,47,60,49,-1,49,60,58,-1,49,58,51,-1,51,58,54,-1,51,54,53,-1,53,54,56,-1,
        ]
    }
}
Shape{
    appearance Appearance {
        material  Material 	{
            diffuseColor 1.0 1.0 1.0
            specularColor 0.8784313725490196 0.8784313725490196 0.8784313725490196
            ambientIntensity 1.0
            transparency 0.0
            shininess 0.5
        }
    }
    geometry IndexedFaceSet {
        ccw TRUE
        solid FALSE
        coord DEF co Coordinate {
            point [
                0.3337 0.2839 0.126, 0.4105 0.4808 0.126, 0.3337 0.2839 0.1181, 0.4105 0.4808 0.1181, 0.3817 0.4808 0.126, 0.3817 0.4808 0.1181, 0.3618 0.4256 0.126, 0.3618 0.4256 0.1181, 0.2805 0.4256 0.126, 0.2805 0.4256 0.1181, 0.2617 0.4808 0.126, 0.2617 0.4808 0.1181, 0.2329 0.4808 0.126, 0.2329 0.4808 0.1181, 0.3073 0.2839 0.126, 0.3073 0.2839 0.1181, 0.2871 0.404 0.126, 0.3165 0.3217 0.126, 0.3184 0.3149 0.126, 0.3196 0.3079 0.126, 0.3203 0.3079 0.126, 0.3215 0.3149 0.126, 0.3529 0.404 0.126, 0.3233 0.3217 0.126, 0.2871 0.404 0.1181, 0.3529 0.404 0.1181, 0.3165 0.3217 0.1181, 0.3184 0.3149 0.1181, 0.3196 0.3079 0.1181, 0.3203 0.3079 0.1181, 0.3215 0.3149 0.1181, 0.3233 0.3217 0.1181, 0.1135 0.4808 0.126, 0.06 0.4808 0.126, 0.1135 0.4808 0.1181, 0.06 0.4808 0.1181, 0.06 0.2839 0.126, 0.06 0.2839 0.1181, 0.1156 0.2839 0.126, 0.1156 0.2839 0.1181, 0.2185 0.3799 0.126, 0.2185 0.3799 0.1181, 0.217 0.3614 0.1181, 0.217 0.3614 0.126, 0.2117 0.342 0.1181, 0.2117 0.342 0.126, 0.2026 0.325 0.1181, 0.2026 0.325 0.126, 0.1887 0.3096 0.1181, 0.1887 0.3096 0.126, 0.1885 0.3094 0.1181, 0.1885 0.3094 0.126, 0.167 0.2951 0.1181, 0.167 0.2951 0.126, 0.144 0.287 0.1181, 0.144 0.287 0.126, 0.1379 0.4786 0.1181, 0.1379 0.4786 0.126, 0.1606 0.4719 0.1181, 0.1606 0.4719 0.126, 0.1811 0.4599 0.1181, 0.1811 0.4599 0.126, 0.1973 0.4444 0.1181, 0.1973 0.4444 0.126, 0.2086 0.4268 0.1181, 0.2086 0.4268 0.126, 0.2157 0.4062 0.1181, 0.2157 0.4062 0.126, 0.1789 0.3331 0.126, 0.1694 0.323 0.126, 0.155 0.3137 0.126, 0.1388 0.308 0.126, 0.1155 0.3055 0.126, 0.0864 0.3055 0.126, 0.0864 0.4592 0.126, 0.1144 0.4592 0.126, 0.1351 0.4572 0.126, 0.1517 0.4521 0.126, 0.1651 0.4441 0.126, 0.1762 0.4332 0.126, 0.1845 0.4196 0.126, 0.1902 0.4011 0.126, 0.192 0.3804 0.126, 0.1904 0.3608 0.126, 0.1858 0.3453 0.126, 0.1155 0.3055 0.1181, 0.0864 0.3055 0.1181, 0.1388 0.308 0.1181, 0.155 0.3137 0.1181, 0.1694 0.323 0.1181, 0.1789 0.3331 0.1181, 0.1858 0.3453 0.1181, 0.1904 0.3608 0.1181, 0.192 0.3804 0.1181, 0.1902 0.4011 0.1181, 0.1845 0.4196 0.1181, 0.1762 0.4332 0.1181, 0.1651 0.4441 0.1181, 0.1517 0.4521 0.1181, 0.1351 0.4572 0.1181, 0.1144 0.4592 0.1181, 0.0864 0.4592 0.1181, 0.0216 0.4592 0.126, 0.0216 0.4808 0.126, 0.0216 0.4592 0.1181, 0.0216 0.4808 0.1181, -0.084 0.4808 0.126, -0.084 0.4808 0.1181, -0.084 0.2839 0.126, -0.084 0.2839 0.1181, 0.0168 0.2839 0.126, 0.0168 0.2839 0.1181, 0.0168 0.3055 0.126, 0.0168 0.3055 0.1181, -0.0576 0.3055 0.126, -0.0576 0.3055 0.1181, -0.0576 0.3703 0.126, -0.0576 0.3703 0.1181, 0.012 0.3703 0.126, 0.012 0.3703 0.1181, 0.012 0.392 0.126, 0.012 0.392 0.1181, -0.0576 0.392 0.126, -0.0576 0.392 0.1181, -0.0576 0.4592 0.126, -0.0576 0.4592 0.1181, -0.1224 0.449 0.126, -0.1224 0.4706 0.126, -0.1224 0.449 0.1181, -0.1224 0.4706 0.1181, -0.1434 0.4792 0.126, -0.1766 0.4832 0.126, -0.1766 0.4832 0.1181, -0.1712 0.4831 0.1181, -0.1712 0.4831 0.126, -0.1633 0.482 0.1181, -0.1434 0.4792 0.1181, -0.2689 0.3861 0.126, -0.2689 0.3861 0.1181, -0.267 0.4089 0.1181, -0.267 0.4089 0.126, -0.261 0.4297 0.1181, -0.261 0.4297 0.126, -0.2506 0.4484 0.1181, -0.2506 0.4484 0.126, -0.2358 0.464 0.1181, -0.2358 0.464 0.126, -0.2199 0.4741 0.1181, -0.2199 0.4741 0.126, -0.2009 0.4807 0.1181, -0.2009 0.4807 0.126, -0.1882 0.482 0.1181, -0.1688 0.2815 0.126, -0.1688 0.2815 0.1181, -0.1885 0.2831 0.1181, -0.1885 0.2831 0.126, -0.2105 0.2895 0.1181, -0.2105 0.2895 0.126, -0.2292 0.3003 0.1181, -0.2292 0.3003 0.126, -0.2469 0.3174 0.1181, -0.2469 0.3174 0.126, -0.2585 0.3358 0.1181, -0.2585 0.3358 0.126, -0.266 0.3581 0.1181, -0.266 0.3581 0.126, -0.1224 0.2893 0.126, -0.1224 0.2893 0.1181, -0.1452 0.2831 0.1181, -0.1452 0.2831 0.126, -0.1224 0.3157 0.126, -0.1224 0.3157 0.1181, -0.1685 0.3031 0.126, -0.1685 0.3031 0.1181, -0.1446 0.3062 0.1181, -0.1446 0.3062 0.126, -0.2425 0.3844 0.126, -0.2425 0.3844 0.1181, -0.2415 0.3691 0.1181, -0.2415 0.3691 0.126, -0.2363 0.3481 0.1181, -0.2363 0.3481 0.126, -0.2282 0.3329 0.1181, -0.2282 0.3329 0.126, -0.2163 0.3197 0.1181, -0.2163 0.3197 0.126, -0.2026 0.3106 0.1181, -0.2026 0.3106 0.126, -0.1879 0.3053 0.1181, -0.1879 0.3053 0.126, -0.173 0.4616 0.126, -0.173 0.4616 0.1181, -0.1913 0.4595 0.1181, -0.1913 0.4595 0.126, -0.2057 0.4542 0.1181, -0.2057 0.4542 0.126, -0.2177 0.4461 0.1181, -0.2177 0.4461 0.126, -0.227 0.4363 0.1181, -0.227 0.4363 0.126, -0.2351 0.4227 0.1181, -0.2351 0.4227 0.126, -0.2405 0.4058 0.1181, -0.2405 0.4058 0.126, -0.126 0.4509 0.1181, -0.126 0.4509 0.126, -0.1468 0.4587 0.1181, -0.1468 0.4587 0.126, -0.2857 0.4592 0.126, -0.2857 0.4808 0.126, -0.2857 0.4592 0.1181, -0.2857 0.4808 0.1181, -0.3865 0.4808 0.126, -0.3865 0.4808 0.1181, -0.3865 0.2839 0.126, -0.3865 0.2839 0.1181, -0.3601 0.2839 0.126, -0.3601 0.2839 0.1181, -0.3601 0.4592 0.126, -0.3601 0.4592 0.1181
            ]
        }
        coordIndex [
            0,1,2,-1,2,1,3,-1,1,4,3,-1,3,4,5,-1,4,6,5,-1,5,6,7,-1,6,8,7,-1,7,8,9,-1,8,10,9,-1,9,10,11,-1,10,12,11,-1,11,12,13,-1,12,14,13,-1,13,14,15,-1,14,0,15,-1,15,0,2,-1,16,17,14,-1,12,10,8,-1,17,18,14,-1,14,18,19,-1,14,19,0,-1,0,19,20,-1,0,20,21,-1,14,12,16,-1,16,12,8,-1,16,8,22,-1,22,8,6,-1,21,23,0,-1,0,23,22,-1,0,22,1,-1,1,22,6,-1,1,6,4,-1,16,22,24,-1,24,22,25,-1,17,16,26,-1,26,16,24,-1,17,26,27,-1,17,27,18,-1,18,27,28,-1,18,28,19,-1,20,19,29,-1,29,19,28,-1,20,29,30,-1,20,30,21,-1,21,30,31,-1,21,31,23,-1,22,23,25,-1,25,23,31,-1,32,33,34,-1,34,33,35,-1,33,36,35,-1,35,36,37,-1,36,38,37,-1,37,38,39,-1,40,41,42,-1,40,42,43,-1,43,42,44,-1,43,44,45,-1,45,44,46,-1,45,46,47,-1,47,46,48,-1,47,48,49,-1,49,48,50,-1,49,50,51,-1,51,50,52,-1,51,52,53,-1,53,52,54,-1,53,54,55,-1,55,54,39,-1,55,39,38,-1,32,34,56,-1,32,56,57,-1,57,56,58,-1,57,58,59,-1,59,58,60,-1,59,60,61,-1,61,60,62,-1,61,62,63,-1,63,62,64,-1,63,64,65,-1,65,64,66,-1,65,66,67,-1,67,66,41,-1,67,41,40,-1,45,47,68,-1,68,47,49,-1,68,49,69,-1,69,49,51,-1,69,51,70,-1,70,51,53,-1,70,53,71,-1,71,53,55,-1,71,55,72,-1,72,55,38,-1,72,38,73,-1,73,38,36,-1,73,36,74,-1,74,36,33,-1,74,33,75,-1,75,33,32,-1,75,32,76,-1,76,32,57,-1,76,57,77,-1,77,57,59,-1,77,59,78,-1,78,59,61,-1,78,61,79,-1,79,61,63,-1,79,63,80,-1,80,63,65,-1,80,65,81,-1,81,65,67,-1,81,67,82,-1,82,67,40,-1,82,40,83,-1,83,40,43,-1,83,43,84,-1,84,43,45,-1,84,45,68,-1,72,73,85,-1,85,73,86,-1,72,85,87,-1,72,87,71,-1,71,87,88,-1,71,88,70,-1,70,88,89,-1,70,89,69,-1,69,89,90,-1,69,90,68,-1,68,90,91,-1,68,91,84,-1,84,91,92,-1,84,92,83,-1,83,92,93,-1,83,93,82,-1,82,93,94,-1,82,94,81,-1,81,94,95,-1,81,95,80,-1,80,95,96,-1,80,96,79,-1,79,96,97,-1,79,97,78,-1,78,97,98,-1,78,98,77,-1,77,98,99,-1,77,99,76,-1,76,99,100,-1,76,100,75,-1,74,75,101,-1,101,75,100,-1,73,74,86,-1,86,74,101,-1,102,103,104,-1,104,103,105,-1,103,106,105,-1,105,106,107,-1,106,108,107,-1,107,108,109,-1,108,110,109,-1,109,110,111,-1,110,112,111,-1,111,112,113,-1,112,114,113,-1,113,114,115,-1,114,116,115,-1,115,116,117,-1,116,118,117,-1,117,118,119,-1,118,120,119,-1,119,120,121,-1,120,122,121,-1,121,122,123,-1,122,124,123,-1,123,124,125,-1,124,102,125,-1,125,102,104,-1,106,103,102,-1,102,124,106,-1,106,124,122,-1,106,122,108,-1,112,110,114,-1,114,110,108,-1,114,108,116,-1,116,108,122,-1,116,122,118,-1,118,122,120,-1,126,127,128,-1,128,127,129,-1,129,127,130,-1,131,132,133,-1,131,133,134,-1,134,133,135,-1,134,135,130,-1,130,135,136,-1,130,136,129,-1,137,138,139,-1,137,139,140,-1,140,139,141,-1,140,141,142,-1,142,141,143,-1,142,143,144,-1,144,143,145,-1,144,145,146,-1,146,145,147,-1,146,147,148,-1,148,147,149,-1,148,149,150,-1,150,149,131,-1,131,149,151,-1,131,151,132,-1,152,153,154,-1,152,154,155,-1,155,154,156,-1,155,156,157,-1,157,156,158,-1,157,158,159,-1,159,158,160,-1,159,160,161,-1,161,160,162,-1,161,162,163,-1,163,162,164,-1,163,164,165,-1,165,164,138,-1,165,138,137,-1,166,167,168,-1,166,168,169,-1,169,168,153,-1,169,153,152,-1,166,170,167,-1,167,170,171,-1,172,173,174,-1,172,174,175,-1,175,174,171,-1,175,171,170,-1,176,177,178,-1,176,178,179,-1,179,178,180,-1,179,180,181,-1,181,180,182,-1,181,182,183,-1,183,182,184,-1,183,184,185,-1,185,184,186,-1,185,186,187,-1,187,186,188,-1,187,188,189,-1,189,188,173,-1,189,173,172,-1,190,191,192,-1,190,192,193,-1,193,192,194,-1,193,194,195,-1,195,194,196,-1,195,196,197,-1,197,196,198,-1,197,198,199,-1,199,198,200,-1,199,200,201,-1,201,200,202,-1,201,202,203,-1,203,202,177,-1,203,177,176,-1,126,128,204,-1,126,204,205,-1,205,204,206,-1,205,206,207,-1,207,206,191,-1,207,191,190,-1,193,131,190,-1,190,131,134,-1,190,134,207,-1,207,134,130,-1,207,130,205,-1,205,130,127,-1,205,127,126,-1,170,166,175,-1,175,166,169,-1,175,169,172,-1,172,169,152,-1,172,152,189,-1,189,152,155,-1,189,155,187,-1,187,155,157,-1,187,157,185,-1,185,157,159,-1,185,159,183,-1,183,159,161,-1,183,161,181,-1,181,161,163,-1,181,163,179,-1,179,163,165,-1,179,165,176,-1,176,165,137,-1,176,137,203,-1,203,137,140,-1,203,140,201,-1,201,140,142,-1,201,142,199,-1,199,142,144,-1,199,144,197,-1,197,144,146,-1,197,146,195,-1,195,146,148,-1,195,148,193,-1,193,148,150,-1,193,150,131,-1,208,209,210,-1,210,209,211,-1,209,212,211,-1,211,212,213,-1,212,214,213,-1,213,214,215,-1,214,216,215,-1,215,216,217,-1,216,218,217,-1,217,218,219,-1,218,208,219,-1,219,208,210,-1,216,214,218,-1,218,214,212,-1,218,212,208,-1,208,212,209,-1,
        ]
    }
}
Shape{
    appearance Appearance {
        material  Material 	{
            diffuseColor 0.20784313725490197 0.20784313725490197 0.20784313725490197
            specularColor 0.01568627450980392 0.01568627450980392 0.01568627450980392
            ambientIntensity 0.298
            transparency 0.0
            shininess 0.5
        }
    }
    geometry IndexedFaceSet {
        ccw TRUE
        solid FALSE
        coord DEF co Coordinate {
            point [
                0.2871 0.404 0.1181, 0.3529 0.404 0.1181, 0.3165 0.3217 0.1181, 0.3233 0.3217 0.1181, 0.3184 0.3149 0.1181, 0.3215 0.3149 0.1181, 0.3196 0.3079 0.1181, 0.3203 0.3079 0.1181, 0.0864 0.3055 0.1181, 0.0864 0.4592 0.1181, 0.1155 0.3055 0.1181, 0.1144 0.4592 0.1181, 0.1351 0.4572 0.1181, 0.192 0.3804 0.1181, 0.1904 0.3608 0.1181, 0.1858 0.3453 0.1181, 0.1388 0.308 0.1181, 0.1517 0.4521 0.1181, 0.1651 0.4441 0.1181, 0.1762 0.4332 0.1181, 0.1845 0.4196 0.1181, 0.1902 0.4011 0.1181, 0.1789 0.3331 0.1181, 0.1694 0.323 0.1181, 0.155 0.3137 0.1181
            ]
        }
        coordIndex [
            0,1,2,-1,2,1,3,-1,2,3,4,-1,4,3,5,-1,4,5,6,-1,6,5,7,-1,8,9,10,-1,10,9,11,-1,10,11,12,-1,13,14,10,-1,10,14,15,-1,10,15,16,-1,12,17,10,-1,10,17,18,-1,10,18,19,-1,19,20,10,-1,10,20,21,-1,10,21,13,-1,22,23,15,-1,15,23,24,-1,15,24,16,-1,
        ]
    }
}