#VRML V2.0 utf8
# 3D model generated by easyeda2kicad.py (https://github.com/uPesy/easyeda2kicad.py)

Shape{
    appearance Appearance {
        material  Material 	{
            diffuseColor 0.2549019607843137 0.2549019607843137 0.2549019607843137
            specularColor 0.7529411764705882 0.7529411764705882 0.7529411764705882
            ambientIntensity 1.0
            transparency 1.0
            shininess 0.5
        }
    }
    geometry IndexedFaceSet {
        ccw TRUE
        solid FALSE
        coord DEF co Coordinate {
            point [
                -1.3218 -7.5 2.98, -0.8297 -7.5 2.98, -0.8297 -5.9252 2.98, -1.3218 -5.9252 2.98, 0.3514 -7.5 2.98, 0.8436 -7.5 2.98, 0.8436 -5.9252 2.98, 0.3514 -5.9252 2.98, -2.9212 -7.5 6.5271, -3.0541 -7.5 6.2749, -0.3299 -7.5 6.2404, -3.1633 -7.5 6.0118, -2.5394 -7.5 6.1333, -2.2244 -7.5 6.1333, -2.2244 -7.5 5.7396, -1.9882 -7.5 5.7396, -0.5098 -7.5 6.2149, -2.5394 -7.5 5.7396, -0.6843 -7.5 6.1644, -1.6732 -7.5 6.1333, -0.8499 -7.5 6.09, -1.9882 -7.5 6.1333, -1.6732 -7.5 5.7396, -1.2626 -7.5 5.7396, -1.142 -7.5 5.8755, 0.0316 -7.5 6.2149, 1.195 -7.5 6.1333, 2.5758 -7.5 6.2749, -1.0035 -7.5 5.993, -0.1483 -7.5 6.2404, 2.443 -7.5 6.5271, 0.206 -7.5 6.1644, 1.51 -7.5 6.1333, 0.5253 -7.5 5.993, 0.6638 -7.5 5.8755, 0.3717 -7.5 6.09, 1.7462 -7.5 6.1333, 2.0611 -7.5 6.1333, 1.195 -7.5 5.7396, 0.7844 -7.5 5.7396, 1.51 -7.5 5.7396, 1.7462 -7.5 5.7396, 2.6851 -7.5 6.0118, 2.0611 -7.5 5.7396, 2.7698 -7.5 5.7396, -3.248 -7.5 5.7396, 0.6078 -7.5 1.9595, 0.3514 -7.5 2.3435, 0.3514 -7.5 1.8986, 0.8436 -7.5 2.3435, 0.8581 -7.5 2.0419, 1.9574 -7.5 2.7503, 2.1359 -7.5 2.9441, 1.4668 -7.5 3.2461, 0.8436 -7.5 2.6585, 0.3514 -7.5 2.6585, 1.1004 -7.5 2.1452, 1.4555 -7.5 3.1743, 1.4225 -7.5 3.1096, 1.3331 -7.5 2.2687, 2.0611 -7.5 3.7711, 2.2974 -7.5 4.1648, 2.0611 -7.5 4.1648, 2.2974 -7.5 3.1523, 1.7462 -7.5 3.7711, 1.51 -7.5 3.7711, 1.3712 -7.5 3.4338, 1.4225 -7.5 3.3825, 1.047 -7.5 3.1096, 1.014 -7.5 3.1743, 1.7462 -7.5 4.1648, 1.51 -7.5 4.1648, 1.2348 -7.5 3.4781, 1.195 -7.5 3.7711, 1.163 -7.5 3.4668, 1.0983 -7.5 3.0583, 1.163 -7.5 3.0253, 1.195 -7.5 4.1648, 0.7844 -7.5 4.1648, 0.8436 -7.5 3.2949, 0.6583 -7.5 4.0237, 0.513 -7.5 3.9025, 0.3514 -7.5 3.2949, 0.3514 -7.5 3.8039, 1.047 -7.5 3.3825, 1.5546 -7.5 2.4114, 1.7632 -7.5 2.5723, 1.3712 -7.5 3.0583, 1.2348 -7.5 3.014, 1.0983 -7.5 3.4338, 1.3065 -7.5 3.0253, 1.0027 -7.5 3.2461, 1.014 -7.5 3.3178, 1.3065 -7.5 3.4668, 1.4555 -7.5 3.3178, -0.8297 -7.5 2.6585, -0.8297 -7.5 3.8039, -0.9912 -7.5 3.9025, -0.8297 -7.5 3.2949, -1.9007 -7.5 3.3825, -2.2244 -7.5 3.7711, -1.9337 -7.5 3.3178, -2.2414 -7.5 2.5723, -1.9007 -7.5 3.1096, -2.4356 -7.5 2.7503, -1.6732 -7.5 3.7711, -1.5765 -7.5 3.4338, -1.1365 -7.5 4.0237, -1.3218 -7.5 3.2949, -1.2626 -7.5 4.1648, -1.6732 -7.5 4.1648, -1.9882 -7.5 3.7711, -2.2244 -7.5 4.1648, -2.6141 -7.5 2.9441, -1.945 -7.5 3.2461, -2.5394 -7.5 3.7711, -2.7756 -7.5 4.1648, -2.7756 -7.5 3.1523, -1.9882 -7.5 4.1648, -2.0328 -7.5 2.4114, -1.7847 -7.5 3.0253, -1.8494 -7.5 3.0583, -2.5394 -7.5 4.1648, -1.6412 -7.5 3.0253, -1.713 -7.5 3.014, -1.3218 -7.5 2.6585, -1.8113 -7.5 2.2687, -1.5765 -7.5 3.0583, -1.8494 -7.5 3.4338, -1.7847 -7.5 3.4668, -1.5786 -7.5 2.1452, -1.3363 -7.5 2.0419, -1.3218 -7.5 2.3435, -1.086 -7.5 1.9595, -0.8297 -7.5 2.3435, -1.5252 -7.5 3.1096, -1.4922 -7.5 3.1743, -0.8297 -7.5 1.8986, -1.4809 -7.5 3.2461, -1.9337 -7.5 3.1743, -1.713 -7.5 3.4781, -1.5252 -7.5 3.3825, -1.6412 -7.5 3.4668, -1.4922 -7.5 3.3178, -2.5394 -5.6496 5.7396, -2.5394 -5.6496 6.1333, -2.5394 -5.6496 3.7711, -2.5394 -5.6496 4.1648, -2.2244 -5.6496 6.1333, -2.2244 -5.6496 5.7396, -2.2244 -5.6496 4.1648, -2.2244 -5.6496 3.7711, -2.2638 -5.6496 5.7396, -2.3425 -5.6496 5.7396, -2.7756 -4.5079 5.7396, -1.2626 -4.5079 5.7396, -1.9882 -5.6496 5.7396, -2.4212 -5.6496 5.7396, -2.5 -5.6496 5.7396, -2.7756 -5.6496 5.7396, -3.248 -5.6496 5.7396, -1.6732 -5.6496 5.7396, -2.9832 -5.6496 4.3991, -3.0498 -5.6496 3.6203, -2.9229 -5.6496 3.3803, -3.3053 -5.6496 5.4743, -2.9832 -5.6496 5.5054, -3.2988 -5.6496 4.3935, -3.3391 -5.6496 5.205, -3.3493 -5.6496 4.9337, -3.3358 -5.6496 4.6625, -3.2384 -5.6496 4.1288, -3.1552 -5.6496 3.8704, -2.7756 -5.6496 3.1523, -2.7756 -5.6496 4.1648, -1.6732 -5.6496 6.1333, -1.9882 -5.6496 6.1333, -1.6732 -5.6496 4.1648, -1.9882 -5.6496 3.7711, -1.6732 -5.6496 3.7711, -1.9882 -5.6496 4.1648, -2.8336 -5.6496 1.2711, -3.1486 -5.6496 1.2711, -3.1486 -5.6496 0.6806, -2.8336 -5.6496 0.6806, -2.2638 -5.6496 6.0349, -2.5 -5.6496 6.0349, -1.0242 -4.5079 7.9618, -0.8296 2.7439 8.0059, -1.1127 2.7439 7.9373, -1.4027 -4.5079 7.8367, -1.2154 -4.5079 7.9053, -1.3881 2.7439 7.8425, -1.5428 1.3189 7.776, -1.6533 2.7439 7.7224, -1.6799 1.3189 7.7087, -0.8296 -4.5079 8.0059, -1.4027 1.3189 7.8367, -2.366 2.7439 7.2214, -2.1688 -0.689 7.3914, -2.1445 2.7439 7.4105, -1.9062 2.7439 7.5779, -1.9318 -0.689 7.5615, -1.6799 -0.689 7.7087, -2.7705 -0.689 6.7594, -2.59 -0.689 6.9886, -2.7515 2.7439 6.7856, -2.3889 -0.689 7.1999, -2.569 2.7439 7.0126, -3.0632 -0.689 6.2554, -3.049 2.7439 6.2857, -3.1615 2.7439 6.0171, -2.912 2.7439 6.5426, -2.9287 -0.689 6.5142, -3.3086 2.7439 5.4542, -3.3421 2.7439 5.1649, -3.314 -0.689 5.4195, -3.2482 2.7439 5.7391, -3.2567 -0.689 5.7056, -3.1729 -0.689 5.985, -3.3274 2.7439 4.5831, -3.3228 -0.689 4.5469, -3.3472 -0.689 4.8376, -3.3484 2.7439 4.8737, -3.3443 -0.689 5.1294, -3.104 2.7439 3.7412, -3.1931 -0.689 3.9787, -3.2047 2.7439 4.0144, -3.2713 -0.689 4.2598, -3.2794 2.7439 4.2959, -2.8063 -0.689 3.1964, -2.8282 2.7439 3.2289, -2.6556 2.7439 2.9943, -3.0888 -0.689 3.7062, -2.9781 2.7439 3.4786, -2.9596 -0.689 3.4447, -2.4337 -0.689 2.7483, -2.2487 2.7439 2.5785, -2.2175 -0.689 2.5524, -2.4619 2.7439 2.7769, -2.6305 -0.689 2.9636, -1.5117 2.7439 2.1142, -1.473 -0.689 2.0972, -1.7351 -0.689 2.2254, -1.7715 2.7439 2.2457, -1.984 -0.689 2.3776, -2.0179 2.7439 2.4009, -0.6748 2.7439 1.8726, -0.9187 -0.689 1.9172, -0.9609 2.7439 1.9268, -1.2 -0.689 1.9942, -1.2407 2.7439 2.0076, -0.0488 -0.689 1.8478, -0.3405 -0.689 1.8437, -0.0935 2.7439 1.8454, -0.6313 -0.689 1.8668, -0.3848 2.7439 1.8454, 0.5271 -0.689 1.9379, 0.7625 2.7439 2.0076, 0.8061 -0.689 2.0229, 0.1966 2.7439 1.8726, 0.4827 2.7439 1.9268, 0.2413 -0.689 1.8793, 1.2933 2.7439 2.2457, 1.5397 2.7439 2.4009, 1.3343 -0.689 2.2693, 1.0335 2.7439 2.1142, 1.076 -0.689 2.1337, 1.9837 2.7439 2.7769, 2.0177 -0.689 2.812, 1.8072 -0.689 2.61, 1.5788 -0.689 2.4286, 1.7704 2.7439 2.5785, 2.4999 2.7439 3.4786, 2.6258 2.7439 3.7412, 2.5234 -0.689 3.5232, 2.2083 -0.689 3.0329, 2.1774 2.7439 2.9943, 2.35 2.7439 3.2289, 2.7265 2.7439 4.0144, 2.8012 2.7439 4.2959, 2.7415 -0.689 4.0637, 2.6451 -0.689 3.7883, 2.8117 -0.689 4.3469, 2.8492 2.7439 4.5831, 2.855 -0.689 4.6354, 2.871 -0.689 4.9267, 2.8701 2.7439 4.8737, 2.8304 2.7439 5.4542, 2.8597 -0.689 5.2182, 2.8639 2.7439 5.1649, 2.77 2.7439 5.7391, 2.8212 -0.689 5.5074, 2.7557 -0.689 5.7917, 2.6832 2.7439 6.0171, 2.5465 -0.689 6.3357, 2.6639 -0.689 6.0686, 2.5708 2.7439 6.2857, 2.2733 2.7439 6.7856, 2.4046 -0.689 6.5906, 2.4338 2.7439 6.5426, 2.2395 2.6969 6.8311, 2.2395 -0.689 6.8311, 1.8961 -0.689 7.2136, 1.8878 2.7439 7.2214, 1.6802 -0.689 7.3996, 1.8961 2.6969 7.2136, 1.4482 -0.689 7.565, 1.6663 2.7439 7.4105, 1.428 2.7439 7.5779, 0.9245 -4.5079 7.8367, 0.9099 2.7439 7.8425, 0.7372 -4.5079 7.9053, 0.9245 1.3189 7.8367, 0.5459 -4.5079 7.9618, 0.6345 2.7439 7.9373, 0.3514 2.7439 8.0059, 0.3514 -4.5079 8.0059, 2.3774 -0.689 3.2707, 1.1751 2.7439 7.7224, 1.0648 1.3189 7.776, 1.202 1.3189 7.7085, 1.202 -0.689 7.7085, 1.9046 2.7247 7.2057, 2.0907 2.7439 7.0126, 1.9246 2.7362 7.1864, 2.0758 2.7362 7.0295, 2.2155 2.7362 6.8623, 2.2325 2.7247 6.8403, -1.5074 -3.4449 2.1124, -1.2373 -3.4449 2.0065, -0.9584 -3.4449 1.9263, -0.6733 -3.4449 1.8725, -0.8297 -4.5079 1.8985, -0.5948 -4.5079 1.8624, -2.1486 -5.1279 2.4971, -1.7666 -3.4449 2.2429, -2.8222 -3.4449 3.2198, -2.4558 -3.4449 2.7705, -2.2428 -3.4449 2.5735, -2.6495 -3.4449 2.9866, -3.3116 -3.4449 5.435, -3.3433 -3.4449 5.1466, -3.3479 -3.4449 4.8565, -3.1687 -3.4449 5.9968, -3.0586 -3.4449 6.2653, -3.2533 -3.4449 5.7193, -2.9239 -3.4449 6.5224, -2.9212 -6.7126 6.527, -2.7659 -3.4449 6.7657, -2.7633 -6.7126 6.7694, -2.5859 -3.4449 6.9933, -2.3855 -3.4449 7.2032, -2.5835 -6.7126 6.9961, -2.3835 -6.7126 7.205, -2.165 -6.7126 7.3945, -2.1664 -3.4449 7.3934, -1.9305 -3.4449 7.5624, -1.9297 -6.7126 7.5629, -1.6799 -3.4449 7.7087, -1.6799 -6.7126 7.7087, -3.3254 -3.4449 4.5672, -3.2761 -3.4449 4.2812, -3.2003 -3.4449 4.0011, -3.0988 -3.4449 3.7293, -2.9724 -3.4449 3.4681, -2.0631 -5.1279 2.4331, -2.0164 -5.1279 2.3999, -0.0942 -3.4449 1.8454, -0.1203 -4.5079 1.8443, -0.3579 -4.5079 1.8443, -0.3843 -3.4449 1.8454, 0.7587 -3.4449 2.0064, 1.0289 -3.4449 2.1122, 0.4799 -3.4449 1.9263, 1.5849 -5.1279 2.4331, 1.5382 -5.1279 2.3999, 1.2881 -3.4449 2.2428, 2.1711 -3.4449 2.9864, 1.9774 -3.4449 2.7703, 1.7644 -3.4449 2.5733, 2.6205 -3.4449 3.729, 2.5715 -5.9252 3.6203, 2.494 -3.4449 3.4678, 2.4447 -5.9252 3.3803, 2.2974 -5.9252 3.1523, 2.3438 -3.4449 3.2195, 2.7978 -3.4449 4.2809, 2.8472 -3.4449 4.5668, 2.8205 -5.9252 4.3936, 2.722 -3.4449 4.0008, 2.677 -5.9252 3.8705, 2.7751 -3.4449 5.719, 2.827 -5.9252 5.4743, 2.8335 -3.4449 5.4347, 2.8651 -3.4449 5.1463, 2.8711 -5.9252 4.9336, 2.8696 -3.4449 4.8561, 2.5805 -3.4449 6.265, 2.7698 -5.9252 5.7397, 2.6906 -3.4449 5.9965, 2.4459 -3.4449 6.5221, 2.4429 -6.7126 6.527, 2.2879 -3.4449 6.7655, 2.2851 -6.7126 6.7694, 2.1054 -6.7126 6.996, 2.1079 -3.4449 6.9931, 1.9075 -3.4449 7.2029, 1.9054 -6.7126 7.2049, 1.6884 -3.4449 7.3932, 1.6869 -6.7126 7.3944, 1.4517 -6.7126 7.5627, 1.4525 -3.4449 7.5622, 1.202 -3.4449 7.7085, 1.202 -6.7126 7.7085, 2.8609 -5.9252 5.2049, 2.8576 -5.9252 4.6625, 2.7602 -5.9252 4.1289, 1.3554 -5.1279 2.2818, 1.3947 -5.1279 2.3058, 1.6309 -5.1279 2.4671, 1.4431 -5.1279 2.3363, 0.3515 -4.5079 1.8985, 0.1947 -3.4449 1.8724, 0.1166 -4.5079 1.8624, -2.1091 -4.7342 2.4671, -2.1485 -4.7342 2.4972, -2.0124 -3.4449 2.3971, -2.1091 -5.1279 2.4671, -2.0631 -4.7342 2.4331, -2.0164 -4.7342 2.3999, -1.9692 -4.7342 2.3677, -1.9692 -5.1279 2.3677, -1.9214 -5.1279 2.3363, -1.8336 -4.7342 2.2818, -1.8729 -4.7342 2.3058, -1.8336 -5.1279 2.2818, -1.8729 -5.1279 2.3058, -1.9214 -4.7342 2.3363, 1.3554 -4.7342 2.2818, 1.3947 -4.7342 2.3058, 1.534 -3.4449 2.3969, 1.4432 -4.7342 2.3363, 1.491 -4.7342 2.3677, 1.491 -5.1279 2.3677, 1.5382 -4.7342 2.3999, 1.6703 -5.1279 2.4972, 1.6703 -4.7342 2.4971, 1.6309 -4.7342 2.4671, 1.5849 -4.7342 2.4331, -1.6019 -6.7126 8.9878, -1.6019 1.3189 8.9878, -1.6329 1.3189 9.1671, -1.6329 -7.1063 9.1671, -1.6019 -7.1063 8.9878, -1.5377 1.3189 8.6168, -1.5377 -6.7126 8.6168, -1.3407 -6.7126 7.4784, -1.3407 -4.5079 7.4784, -1.927 1.3189 8.851, -1.9278 -6.7126 8.8529, -1.8892 -6.7126 7.1596, -1.7147 -6.7126 7.2798, -1.6721 -6.7126 8.5663, -1.8045 -6.7126 8.5109, -2.2306 -6.7126 8.7629, -1.935 -6.7126 8.8499, -2.0539 -6.7126 7.0263, -1.6171 -6.7126 6.5271, -1.5315 -6.7126 7.3863, 1.2365 -6.7126 7.2798, 1.411 -6.7126 7.1596, 1.5757 -6.7126 7.0263, 1.1388 -6.7126 6.5271, 1.0533 -6.7126 7.3863, 1.7526 -6.7126 8.7627, 1.4568 -6.7126 8.8499, 1.3263 -6.7126 8.5109, 1.1939 -6.7126 8.5663, 1.0595 -6.7126 8.6168, 1.4495 -6.7126 8.8529, 0.8625 -6.7126 7.4784, -1.5315 -4.5079 7.3863, -2.0539 -4.5079 7.0263, -1.8892 -4.5079 7.1596, -1.7147 -4.5079 7.2798, 0.2137 -4.5079 7.2523, 1.5757 -4.5079 7.0263, 1.411 -4.5079 7.1596, -0.8297 -4.5079 7.7928, 1.2365 -4.5079 7.2798, -0.6919 -4.5079 7.2523, 1.1388 -4.5079 6.5271, -1.6171 -4.5079 6.5271, 1.0533 -4.5079 7.3863, 0.8625 -4.5079 7.4784, -0.6919 -4.5079 7.4098, 0.3514 -4.5079 7.7928, 0.2137 -4.5079 7.4098, -0.4229 3.1156 7.7928, -0.5148 3.1128 7.7928, -0.2391 3.1178 7.7928, -0.331 3.1173 7.7928, -0.0553 3.1156 7.7928, -0.1472 3.1173 7.7928, 0.0366 3.1128 7.7928, 0.1945 3.1049 7.7928, 0.3514 3.0915 7.7928, -0.6728 3.1049 7.7928, -0.8297 3.0915 7.7928, -0.8296 2.8369 7.9945, -0.8296 2.918 7.9645, -0.8296 3.0463 7.8614, -0.8296 2.988 7.9195, 2.1688 2.8386 3.002, 2.3407 2.8386 3.2358, 0.904 2.8386 7.8324, 1.1685 2.8386 7.7128, 2.5889 3.006 5.9839, 2.673 3.006 5.7149, 2.5216 3.0689 5.9594, 0.6296 2.8386 7.9267, 0.3514 2.8342 7.9952, -0.094 2.8386 1.857, 1.0957 3.0689 7.5702, 1.1283 3.006 7.6341, 1.3732 3.006 7.4943, -1.1078 2.8386 7.9267, -1.3697 2.9277 7.8008, -1.3822 2.8386 7.8324, 1.8789 2.8386 7.214, 1.658 2.8386 7.4022, 1.4205 2.8386 7.569, 2.4232 2.8386 6.5378, 2.2631 2.8386 6.7799, 2.0812 2.8386 7.0059, 2.7641 3.006 5.159, 2.6926 3.0689 5.1541, 2.6609 3.0689 5.4275, 2.672 2.8386 6.0142, 2.5599 2.8386 6.2819, 2.7901 2.8386 4.2991, 2.8378 2.8386 4.5854, 2.7702 3.006 4.8771, 2.4121 3.006 3.5265, 2.4679 3.0689 3.8086, 2.5339 3.006 3.7807, 2.6314 3.006 4.0452, 2.6336 3.0689 4.3328, 2.7037 3.006 4.3177, 1.5333 2.8386 2.4106, 1.7633 2.8386 2.5876, 1.9757 2.8386 2.7853, 1.4828 3.006 2.4831, 1.2443 3.006 2.3328, 1.4418 3.0689 2.5419, 1.6599 3.0689 2.7098, 1.7062 3.006 2.6551, 0.195 2.8386 1.8841, 0.4802 2.8386 1.9381, 0.9635 3.0689 2.2709, 0.7305 3.006 2.1023, 0.7074 3.0689 2.1701, -0.1015 3.0689 2.0168, -0.0981 3.006 1.9453, -0.3801 3.006 1.9453, -1.5072 2.8386 2.1248, -1.2372 2.8386 2.0186, -0.9379 3.006 2.0241, -0.6508 3.0689 2.0426, -0.6608 3.006 1.9716, -1.7225 3.006 2.3328, -1.961 3.006 2.4831, -1.6872 3.0689 2.3952, -1.4417 3.0689 2.2709, -2.3907 3.006 2.8472, -2.1381 3.0689 2.7098, -2.1844 3.006 2.6551, -2.2415 2.8386 2.5876, -2.0116 2.8386 2.4106, -2.8189 2.8386 3.2358, -2.9682 2.8386 3.4846, -2.647 2.8386 3.002, -3.1096 3.006 4.0452, -3.1819 3.006 4.3177, -3.0413 3.0689 4.0668, -3.1939 2.8386 4.0186, -3.0936 2.8386 3.7463, -3.1708 3.0689 5.1541, -3.2098 3.006 5.4391, -3.1391 3.0689 5.4275, -3.3161 2.8386 4.5854, -3.3368 2.8386 4.8749, -0.7475 3.1128 7.7605, -3.3305 2.8386 5.1651, -3.297 2.8386 5.4534, -3.2368 2.8386 5.7373, -3.1502 2.8386 6.0142, -3.1513 3.006 5.7149, -3.0819 3.0689 5.6967, -3.0381 2.8386 6.2819, -3.0671 3.006 5.9839, -2.8254 3.006 6.4926, -2.8935 3.0689 6.2132, -2.9582 3.006 6.2439, -2.9014 2.8386 6.5378, -2.7413 2.8386 6.7799, -2.6121 3.0689 6.6855, -2.67 3.006 6.7277, -2.4932 3.006 6.9473, -2.5594 2.8386 7.0059, -2.3571 2.8386 7.214, -2.2966 3.006 7.1495, -2.2477 3.0689 7.0972, -2.4395 3.0689 6.8999, -2.0821 3.006 7.3323, -2.0382 3.0689 7.2757, -2.1362 2.8386 7.4022, -0.9767 3.1128 7.7092, -1.8987 2.8386 7.569, -1.8514 3.006 7.4943, -1.813 3.0689 7.4338, -1.4184 3.1128 7.5511, -1.5739 3.0689 7.5702, -1.3232 3.0689 7.6836, -1.6065 3.006 7.6341, -1.3496 3.006 7.7502, -1.0629 3.0689 7.773, -1.2008 3.1128 7.6392, -1.6467 2.8386 7.7128, -1.0983 2.9277 7.8941, -2.9998 3.0689 5.9594, -2.7639 3.0689 6.4559, -3.1768 3.0689 4.8789, -3.2484 3.006 4.8771, -3.2423 3.006 5.159, -3.2283 3.006 4.5958, -3.1118 3.0689 4.3328, -3.1571 3.0689 4.6043, -3.2683 2.8386 4.2991, -2.8272 3.0689 3.5604, -2.8904 3.006 3.5265, -3.0122 3.006 3.7807, -2.9461 3.0689 3.8086, -2.5226 3.0689 3.1028, -2.5783 3.006 3.0577, -2.7453 3.006 3.2848, -2.6856 3.0689 3.3245, -2.4539 2.8386 2.7853, -2.3395 3.0689 2.8973, -1.92 3.0689 2.5419, -1.471 3.006 2.2055, -1.7661 2.8386 2.2559, -1.1856 3.0689 2.1701, -0.9584 2.8386 1.9381, -1.2087 3.006 2.1023, -1.4933 2.9277 2.1558, -0.3767 3.0689 2.0168, -0.6732 2.8386 1.8841, -0.3842 2.8386 1.857, 0.1826 3.006 1.9716, 0.443 3.0689 2.0938, 0.4596 3.006 2.0241, 0.1726 3.0689 2.0426, 1.029 2.8386 2.1248, 0.759 2.8386 2.0186, 1.2879 2.8386 2.2559, 1.209 3.0689 2.3952, 0.9928 3.006 2.2055, 1.8613 3.0689 2.8973, 1.9125 3.006 2.8472, 2.0444 3.0689 3.1028, 2.1001 3.006 3.0577, 2.2074 3.0689 3.3245, 2.2671 3.006 3.2848, 2.49 2.8386 3.4846, 2.6154 2.8386 3.7463, 2.349 3.0689 3.5604, 2.7157 2.8386 4.0186, 2.5631 3.0689 4.0668, 2.7501 3.006 4.5958, 2.6789 3.0689 4.6043, 2.8586 2.8386 4.8749, 2.6986 3.0689 4.8789, 2.8523 2.8386 5.1651, 2.7316 3.006 5.4391, 2.6037 3.0689 5.6967, 2.8188 2.8386 5.4534, 2.7586 2.8386 5.7373, 2.2857 3.0689 6.4559, 2.3472 3.006 6.4926, 2.48 3.006 6.2439, 2.4153 3.0689 6.2132, 2.1339 3.0689 6.6855, 2.1918 3.006 6.7277, 1.9613 3.0689 6.8999, 2.015 3.006 6.9473, 1.7695 3.0689 7.0972, 1.6039 3.006 7.3323, 1.3348 3.0689 7.4338, 1.8184 3.006 7.1495, 1.56 3.0689 7.2757, 0.845 3.0689 7.6836, 0.8714 3.006 7.7502, 0.6048 3.006 7.8418, 0.5847 3.0689 7.773, 0.3514 2.9859 7.9211, 0.62 2.9277 7.8941, 0.3514 3.0455 7.8625, 0.2693 3.1128 7.7605, 0.4982 3.1128 7.7093, 0.3514 2.9151 7.966, 0.8915 2.9277 7.8008, 0.7223 3.1128 7.6393, 0.9399 3.1128 7.5512, 1.153 2.9277 7.6825, 1.1496 3.1128 7.4455, 1.4023 2.9277 7.5403, 1.3499 3.1128 7.3229, 1.6372 2.9277 7.3754, 1.5394 3.1128 7.1843, 1.8556 2.9277 7.1892, 1.7168 3.1128 7.0306, 1.881 3.1128 6.8628, 2.0557 2.9277 6.9834, 2.2357 2.9277 6.7598, 2.0309 3.1128 6.682, 2.394 2.9277 6.5204, 2.1654 3.1128 6.4895, 2.2836 3.1128 6.2866, 2.5292 2.9277 6.2673, 2.3848 3.1128 6.0748, 2.6401 2.9277 6.0026, 2.4682 3.1128 5.8553, 2.7257 2.9277 5.7287, 2.5332 3.1128 5.6298, 2.7853 2.9277 5.4479, 2.5795 3.1128 5.3998, 2.8184 2.9277 5.1627, 2.8246 2.9277 4.8757, 2.6068 3.1128 5.1664, 2.6147 3.1128 4.931, 2.8041 2.9277 4.5894, 2.6034 3.1128 4.6971, 2.5728 3.1128 4.4645, 2.7568 2.9277 4.3063, 2.5232 3.1128 4.235, 2.6833 2.9277 4.0288, 2.4549 3.1128 4.0103, 2.5841 2.9277 3.7595, 2.3683 3.1128 3.792, 2.4601 2.9277 3.5007, 2.2641 3.1128 3.5816, 2.3124 2.9277 3.2546, 2.1423 2.9277 3.0234, 2.143 3.1128 3.3804, 2.0057 3.1128 3.19, 1.9514 2.9277 2.8091, 1.8533 3.1128 3.0115, 1.7413 2.9277 2.6136, 1.6867 3.1128 2.8461, 1.507 3.1128 2.6948, 1.5139 2.9277 2.4385, 1.3155 3.1128 2.5589, 1.2711 2.9277 2.2855, 1.1135 3.1128 2.4392, 1.0151 2.9277 2.1558, 0.9024 3.1128 2.3366, 0.748 2.9277 2.0508, 0.4723 2.9277 1.9711, 0.6836 3.1128 2.2516, 0.4585 3.1128 2.1849, 0.1903 2.9277 1.9177, 0.2286 3.1128 2.1369, -0.0956 2.9277 1.8909, -0.0045 3.1128 2.108, -0.2391 3.1128 2.0983, -0.3827 2.9277 1.8909, -0.4737 3.1128 2.108, -0.6685 2.9277 1.9177, -0.7065 3.1128 2.1369, -0.9212 3.0689 2.0938, -0.9505 2.9277 1.9711, -0.9364 3.1128 2.1848, -1.2262 2.9277 2.0508, -1.3805 3.1128 2.3365, -1.1615 3.1128 2.2515, -1.7493 2.9277 2.2855, -1.5917 3.1128 2.4392, -1.9921 2.9277 2.4385, -1.7936 3.1128 2.5588, -1.985 3.1128 2.6947, -2.2196 2.9277 2.6136, -2.1647 3.1128 2.8458, -2.4296 2.9277 2.8091, -2.3313 3.1128 3.0113, -2.6206 2.9277 3.0234, -2.4838 3.1128 3.1898, -2.7906 2.9277 3.2546, -2.6211 3.1128 3.3804, -2.9383 2.9277 3.5007, -3.0623 2.9277 3.7595, -2.7422 3.1128 3.5814, -2.8464 3.1128 3.7918, -3.1615 2.9277 4.0288, -2.933 3.1128 4.01, -3.0013 3.1128 4.2346, -3.2351 2.9277 4.3063, -3.051 3.1128 4.4642, -3.2823 2.9277 4.5894, -3.0816 3.1128 4.6971, -3.3029 2.9277 4.8757, -3.0929 3.1128 4.931, -3.2966 2.9277 5.1627, -3.085 3.1128 5.1659, -3.2635 2.9277 5.4479, -3.2039 2.9277 5.7287, -3.0578 3.1128 5.3995, -3.0115 3.1128 5.6296, -3.1183 2.9277 6.0026, -2.9465 3.1128 5.855, -3.0074 2.9277 6.2673, -2.863 3.1128 6.0747, -2.7619 3.1128 6.2866, -2.8722 2.9277 6.5204, -2.6437 3.1128 6.4893, -2.7139 2.9277 6.7598, -2.5093 3.1128 6.6818, -2.5339 2.9277 6.9834, -2.3594 3.1128 6.8625, -2.3338 2.9277 7.1892, -2.1154 2.9277 7.3754, -2.1952 3.1128 7.0304, -2.0177 3.1128 7.1842, -1.8805 2.9277 7.5403, -1.8282 3.1128 7.3228, -1.6312 2.9277 7.6825, -1.628 3.1128 7.4454, -1.083 3.006 7.8418, 1.5996 3.3372 3.8548, 1.9082 3.2341 3.6706, 1.5741 3.3247 3.7259, 0.572 3.4302 6.4858, 0.4422 3.4873 6.1861, 0.3362 3.4873 6.239, 1.0836 3.4217 6.1391, 1.208 3.3372 6.5306, 1.3547 3.3372 6.3823, 1.2869 3.4217 5.863, 1.3663 3.4217 5.7143, 1.0126 3.4873 5.6001, 1.2902 3.4473 4.3433, 1.3663 3.4217 4.1902, 1.1732 3.4681 4.3663, 1.9594 3.3219 4.8917, 2.072 3.2907 5.0184, 2.2304 3.2435 4.876, 1.5032 3.3503 3.7981, 1.6275 3.2993 3.6399, 1.7752 3.2341 3.4703, 1.6608 3.2754 3.5439, 1.6599 3.2365 3.3369, 1.3927 3.2251 3.02, 1.3223 3.3977 3.888, 1.2206 3.4172 3.9011, 1.2869 3.4217 4.0415, 1.0195 3.4433 3.8583, 0.8002 3.4873 4.0001, 0.879 3.4873 4.094, 0.7133 3.4873 3.9133, 0.8564 3.4483 3.7307, 0.6192 3.4873 3.8343, 0.9307 3.4486 3.8038, 0.8005 3.4425 3.6427, 0.7661 3.4313 3.5449, 0.5188 3.4873 3.7639, 0.3011 3.4873 3.6504, 0.4125 3.4873 3.7025, 0.3425 3.4704 3.553, 0.7545 3.4154 3.4424, 0.5369 3.4217 3.3535, 0.6864 3.4217 3.4352, 0.7654 3.3961 3.343, 0.7974 3.3737 3.2487, 0.696 3.3372 3.0259, 0.51 3.3372 2.9462, 0.3714 3.4302 3.3283, 0.6357 3.2341 2.6095, 0.4149 3.2341 2.5385, 0.3209 3.3372 2.8854, 0.3143 3.3884 3.1021, 0.3537 3.4089 3.2125, 0.1775 3.3529 2.9146, 0.1937 3.2341 2.4892, 0.0855 3.3393 2.844, -0.0252 3.2341 2.4607, -0.0177 3.3294 2.7922, -0.1282 3.3233 2.7608, -0.2391 3.3213 2.7507, -0.2391 3.2248 2.4221, 1.0108 3.4873 4.3007, 1.0627 3.4873 4.412, 1.118 3.4326 3.8912, 2.02 3.2341 3.8799, 1.6953 3.3372 4.034, 2.11 3.2341 4.0948, 2.1784 3.2341 4.3124, 2.2256 3.2341 4.5295, 2.505 3.1471 4.6565, 2.505 3.1483 4.69, 2.0326 3.2967 4.6565, 1.889 3.3355 4.6618, 2.0326 3.2979 4.69, 2.1244 3.2732 5.159, 2.1376 3.2687 5.1792, 2.2529 3.2341 5.1609, 2.1245 3.2747 5.0854, 2.1376 3.2713 5.0586, 2.2256 3.2341 5.375, 1.8216 3.3485 5.3425, 2.1784 3.2341 5.5921, 1.8309 3.3372 5.5002, 1.6366 3.3836 5.4929, 1.7724 3.3372 5.6864, 1.5261 3.4042 5.5381, 1.1732 3.4681 5.5377, 1.2901 3.4473 5.5606, 1.4092 3.4258 5.5607, 1.6953 3.3372 5.8705, 2.02 3.2341 6.0246, 1.9082 3.2341 6.2339, 1.4407 3.3013 6.4858, 1.4004 3.3095 6.4858, 1.0627 3.4873 5.4925, 1.3607 3.3174 6.4858, 1.8216 3.3485 4.562, 1.8309 3.3372 4.4043, 1.7364 3.3647 4.4776, 2.2171 3.2447 4.7235, 2.0326 3.2989 4.7235, 2.11 3.2341 5.8097, 1.5996 3.3372 6.0497, 1.7752 3.2341 6.4342, 0.9885 3.3394 6.6967, 1.0542 3.3375 6.6575, 1.0033 3.3509 6.6301, 0.7283 3.4142 6.4858, 0.8864 3.3949 6.4858, 0.8288 3.4217 6.3727, 0.5434 3.4873 6.1245, 1.3775 3.2625 6.7375, 0.226 3.4873 6.2828, 0.4176 3.4432 6.4858, 0.2919 3.3878 6.8115, 0.3787 3.3887 6.7801, 0.3136 3.4063 6.7182, 0.2714 3.4475 6.5163, 0.3066 3.4395 6.549, 1.2325 3.2281 6.9976, 1.0633 3.2341 7.0871, 0.2478 3.4234 6.6529, 0.2407 3.4363 6.5872, 0.2119 3.4431 6.5588, -0.0373 3.4439 6.6046, -0.0613 3.4339 6.6592, 0.0684 3.4217 6.7025, 0.8529 3.2341 7.202, 0.6357 3.2341 7.295, 0.1138 3.4521 6.5337, 0.2029 3.3875 6.8361, 0.1315 3.3372 7.0613, 0.1624 3.3517 6.9976, 0.4149 3.2341 7.366, 0.2508 3.4286 6.6251, -0.2391 3.4224 6.7261, -0.1576 3.4278 6.6974, -0.2391 3.4873 6.3617, 0.068 3.4529 6.5383, -0.0252 3.2341 7.4438, 0.1937 3.2341 7.4153, -0.2391 3.2374 7.4426, 0.3292 3.3561 6.9393, 0.2678 3.3682 6.9046, 0.5099 3.3418 6.9393, 0.1096 3.4621 6.4768, 0.1741 3.4586 6.4816, 0.1127 3.4873 6.3171, 0.3146 3.343 6.9976, 0.3219 3.3497 6.9683, 0.2445 3.3473 6.9976, 0.2035 3.3496 6.9976, -0.1505 3.3609 6.9976, -0.0559 3.3372 7.0857, -0.1269 3.383 6.9037, 0.2303 3.4533 6.496, -0.0033 3.4873 6.3419, 0.0403 3.4634 6.4836, 0.2412 3.4178 6.6831, 0.1664 3.4487 6.5396, -0.069 3.4572 6.5349, -0.0197 3.4616 6.5038, -0.1205 3.4873 6.3567, 0.0267 3.4519 6.5515, -0.1945 3.3969 6.8448, -0.0808 3.423 6.7156, -0.1033 3.4036 6.8099, -0.1378 3.4399 6.6346, -0.2326 3.3614 6.9976, -0.2391 3.339 7.0867, -0.1916 3.3613 6.9976, -0.1069 3.4505 6.5756, 0.403 3.4339 6.5438, 0.3255 3.4316 6.5854, 0.3933 3.4 6.7218, 0.3317 3.4235 6.6258, 0.323 3.415 6.672, 0.386 3.3945 6.7508, 1.195 3.2871 6.7816, 1.2275 3.2654 6.8503, 1.2704 3.2556 6.8581, 1.3121 3.2129 6.9976, 1.2722 3.2206 6.9976, 1.6222 3.2341 6.6224, 0.9614 3.3846 6.4858, 1.0019 3.3787 6.4858, 0.7678 3.3823 6.6313, 0.5948 3.4176 6.5438, 0.7452 3.3663 6.7218, 0.9133 3.2804 6.9976, 0.5363 3.3251 6.9976, 0.5543 3.3741 6.7801, 0.7108 3.3402 6.8585, 0.7306 3.3555 6.7801, 0.7896 3.3965 6.5438, 0.6903 3.3234 6.9393, 0.5688 3.3851 6.7218, 0.4103 3.4386 6.5146, 1.0427 3.3726 6.4858, 0.9618 3.4217 6.2621, 1.1923 3.4217 6.0053, 1.4857 3.3372 6.2212, 0.9384 3.3015 6.8975, 1.1636 3.2722 6.8698, 1.1291 3.2931 6.8056, 0.9641 3.321 6.7973, 1.1981 3.2505 6.9338, 1.0905 3.3159 6.7322, 1.2833 3.2675 6.797, 1.308 3.2858 6.6933, 1.1446 3.3174 6.6834, 1.3347 3.3023 6.5897, 0.8999 3.3446 6.7316, 1.0348 3.35 6.6109, 1.0172 3.362 6.5633, 0.8247 3.3546 6.7314, 0.7578 3.3011 6.9976, 0.8333 3.2915 6.9976, 0.8732 3.2861 6.9976, 1.2585 3.243 6.9194, 1.0938 3.3459 6.5848, 1.6233 3.224 3.2362, 0.9495 3.4873 4.1947, 1.418 3.375 3.8531, 1.4094 3.4257 4.3434, 0.8529 3.2341 2.7025, 1.0633 3.2341 2.8174, 1.0907 3.2763 3.0002, 0.9985 3.2997 3.0369, 1.1864 3.256 2.9843, 0.8485 3.3496 3.1641, 1.2881 3.2385 2.9896, 1.4861 3.2182 3.0734, 1.5642 3.2178 3.1466, 1.6722 3.2542 3.4424, 2.505 3.1493 4.7235, 1.9594 3.3219 5.0128, 2.0588 3.2943 5.0385, 2.3144 3.2171 4.8974, 2.4001 3.1857 5.1792, 2.4132 3.1818 5.1591, 1.9356 3.3265 5.1314, 2.0326 3.3 5.139, 2.0326 3.3003 5.1256, 2.1113 3.2778 5.1256, 2.1113 3.2781 5.1122, 2.2426 3.2356 5.2194, 2.2688 3.2273 5.2194, 2.0326 3.3006 5.1122, 2.1113 3.2775 5.139, 2.1572 3.2625 5.1926, 2.282 3.2206 5.2864, 2.2557 3.2289 5.2864, 2.2098 3.246 5.2127, 2.177 3.2562 5.206, 2.0457 3.2949 5.1926, 1.889 3.3355 5.2428, 2.3277 3.2062 5.2797, 2.4 3.183 5.2597, 2.3738 3.1912 5.273, 2.2951 3.219 5.2194, 2.1507 3.2617 5.273, 2.1244 3.27 5.2596, 2.3278 3.2086 5.2127, 2.4788 3.1582 5.1926, 2.4854 3.1567 5.1658, 2.3803 3.1919 5.1927, 2.3607 3.198 5.206, 2.4263 3.1778 5.139, 2.4919 3.1551 5.139, 2.4591 3.1665 5.139, 2.4525 3.1665 5.2195, 2.4263 3.1745 5.2462, 2.2295 3.2371 5.2864, 2.1901 3.2495 5.2797, 2.0718 3.2867 5.2192, 2.0982 3.2781 5.2462, 2.0392 3.2975 5.1658, 2.0392 3.2992 5.0854, 2.0457 3.2977 5.0586, 1.9356 3.3265 4.7731, 0.2547 3.3695 3.0017, 0.367 3.4511 3.444, 0.9163 3.3246 3.0926, 1.5263 3.4042 4.3665, 1.6366 3.3836 4.4117, 1.7724 3.3372 4.2181, 2.2701 3.2259 4.6565, 2.4001 3.1856 4.7235, 1.7363 3.3647 5.4269, 0.9538 3.4873 5.703, 0.8866 3.4873 5.8004, 0.8113 3.4873 5.8921, 0.7286 3.4873 5.977, 0.6392 3.4873 6.0546, -0.0093 3.4489 6.5736, 0.9935 3.3734 3.3831, 1.0329 3.3558 3.3217, 1.0076 3.3601 3.3242, 1.4382 3.333 3.5954, 1.4502 3.3354 3.6249, 1.4902 3.3108 3.5279, 0.7998 3.425 3.5305, 0.9215 3.4025 3.4886, 0.9117 3.3915 3.4185, 0.9174 3.3776 3.3481, 0.801 3.3928 3.3485, 0.7905 3.4112 3.4424, 0.8318 3.3717 3.2599, 0.9393 3.361 3.2785, 0.8812 3.3487 3.1805, 1.0537 3.3591 3.3553, 0.9946 3.3844 3.4438, 0.9786 3.3419 3.2127, 0.9467 3.3251 3.1141, 1.1459 3.3441 3.3544, 1.1804 3.2817 3.0877, 1.1031 3.3376 3.2856, 1.0882 3.4316 3.8462, 1.2516 3.3919 3.7494, 1.1798 3.4043 3.7501, 1.2133 3.2759 3.0877, 1.2068 3.2609 3.0196, 1.1516 3.3481 3.3803, 1.1804 3.345 3.3895, 1.0906 3.3634 3.4092, 1.011 3.3923 3.5029, 1.1159 3.3605 3.4152, 1.3591 3.2842 3.2501, 1.3465 3.282 3.228, 1.2463 3.3332 3.3889, 1.3612 3.31 3.3805, 1.4024 3.2843 3.2926, 1.3366 3.313 3.3711, 1.2988 3.3308 3.4271, 1.2966 3.3263 3.4011, 1.264 3.4049 3.862, 1.3497 3.3868 3.8424, 1.3843 3.3602 3.7004, 1.1755 3.42 3.8634, 1.3209 3.377 3.7325, 1.6001 3.3012 3.6132, 1.4384 3.3425 3.6549, 1.5568 3.3228 3.6888, 1.4594 3.3163 3.5225, 1.4091 3.3367 3.5822, 1.499 3.3449 3.7539, 1.3787 3.3445 3.5928, 1.6362 3.2628 3.4424, 1.5323 3.2942 3.4853, 1.5182 3.3023 3.5138, 1.6271 3.2808 3.5299, 1.0363 3.3298 3.1968, 1.1133 3.28 3.0316, 1.0253 3.3018 3.0637, 1.005 3.3342 3.1951, 1.0177 3.4044 3.5822, 1.0106 3.3967 3.5291, 0.9954 3.4025 3.5507, 1.2463 3.2698 3.0877, 1.3482 3.276 3.202, 1.3114 3.3194 3.379, 1.2463 3.3802 3.6635, 1.3165 3.331 3.4462, 1.0442 3.4186 3.7016, 0.933 3.4423 3.7589, 1.0061 3.4392 3.8109, 1.0744 3.3623 3.3889, 1.1093 3.4134 3.7339, 0.8275 3.4351 3.6153, 1.0196 3.3565 3.3151, 0.9461 3.4101 3.5544, 0.8726 3.4409 3.6926, 0.9883 3.4199 3.6549, 0.9765 3.4171 3.6254, 1.1399 3.3545 3.4041, 1.048 3.4015 3.5928, 0.9711 3.4075 3.56, 1.0603 3.3302 3.2168, 1.5317 3.2775 3.3953, 1.6255 3.2469 3.3481, 1.4456 3.3 3.4171, 1.4514 3.2962 3.4032, 1.4307 3.3033 3.418, 0.9884 3.4108 3.5956, 1.434 3.2884 3.3448, 1.3959 3.3067 3.3993, 1.5938 3.2356 3.258, 1.5061 3.2659 3.3088, 1.5424 3.2295 3.1769, 1.4575 3.2604 3.2327, 1.3895 3.2614 3.1731, 1.4739 3.2293 3.1094, 1.3645 3.2683 3.1812, 1.392 3.2347 3.0591, 1.3013 3.2455 3.0289, 1.3393 3.3576 3.627, 1.388 3.3241 3.4844, 1.2943 3.3697 3.6507, 1.4291 3.3665 3.8058, 1.1081 3.3996 3.6396, 1.1804 3.3915 3.6635, -0.453 3.2341 7.4438, -0.591 3.4873 6.3171, -0.6865 3.4562 6.4858, -0.6454 3.4582 6.4858, -0.5466 3.4217 6.7025, -0.6336 3.3662 6.9393, -0.5335 3.3702 6.9393, -0.2645 3.3613 6.9976, -0.4263 3.3593 6.9976, -1.4889 3.4873 4.3006, -1.8445 3.4217 4.1902, -1.6514 3.4681 4.3668, -0.3789 3.4662 6.4858, -0.3378 3.4668 6.4858, -0.3577 3.4873 6.3567, -0.4753 3.4873 6.3418, -0.4199 3.4655 6.4858, -1.3774 3.3932 6.4858, -1.2939 3.4039 6.4858, -1.307 3.4217 6.3727, -1.2261 3.3415 6.8338, -1.3404 3.2876 6.9976, -1.2315 3.3318 6.873, -1.1176 3.4873 6.0544, -1.4401 3.4217 6.2621, -1.8445 3.4217 5.7143, -1.7684 3.4473 5.5612, -1.8876 3.4257 5.5611, -1.5618 3.4217 6.1391, -1.3649 3.4873 5.8002, -1.6705 3.4217 6.0053, -2.4982 3.2341 6.0246, -2.5883 3.2341 5.8097, -1.6514 3.4681 5.5382, -1.4909 3.4873 5.6, -1.5409 3.4873 5.4925, -2.3091 3.3372 5.5002, -2.2146 3.3647 5.4268, -2.2998 3.3485 5.3425, -2.3865 3.2341 6.2339, -2.1735 3.3372 5.8705, -2.6566 3.2341 5.5921, -2.6032 3.2746 5.0852, -2.4376 3.3219 5.0128, -2.6821 3.2519 5.0046, -2.6821 3.245 5.2864, -2.3672 3.3355 5.2427, -2.6422 3.2589 5.239, -2.4376 3.3219 4.8917, -1.5618 3.4217 3.7654, -1.4401 3.4217 3.6424, -1.6862 3.3372 3.3739, -2.2998 3.3485 4.562, -2.6566 3.2341 4.3124, -2.7039 3.2341 4.5295, -0.453 3.2341 2.4607, -0.6719 3.2341 2.4892, -0.8907 3.4873 3.7024, -0.7793 3.4873 3.6504, -0.826 3.4674 3.5356, -0.8931 3.2341 2.5385, -1.3521 3.2614 2.8124, -1.3311 3.2341 2.7025, -1.4047 3.2539 2.8124, -2.3865 3.2341 3.6706, -2.2535 3.2341 3.4703, -1.4176 3.3231 3.1006, -1.3785 3.3301 3.1073, -1.4703 3.2669 2.8996, -1.7651 3.4217 4.0415, -1.5409 3.4873 4.412, -1.5622 3.2523 2.8996, -1.5753 3.2552 2.9197, -1.4637 3.3681 3.3486, -1.4966 3.3419 3.2414, -1.5097 3.3454 3.2681, -1.116 3.3279 2.9599, -0.8456 3.422 3.2833, -0.9882 3.3372 2.9462, -1.1742 3.3372 3.0259, -1.1882 3.3166 2.9465, -1.2078 3.3077 2.9197, -1.0151 3.4217 3.3535, -0.8489 3.4451 3.4106, -1.5491 3.2493 2.8795, -1.5415 3.2341 2.8174, -1.3522 3.3337 3.1073, -1.326 3.3372 3.1073, -1.4244 3.2704 2.8862, -1.1139 3.2341 2.6095, -0.4838 3.3312 2.8019, -0.3625 3.3238 2.7633, -0.7991 3.3372 2.8854, -0.8162 3.3992 3.1599, -0.7623 3.3778 3.0457, -1.1947 3.3925 3.2949, -1.326 3.3432 3.1342, -1.326 3.349 3.1609, -1.4441 3.3735 3.362, -1.4111 3.3794 3.3687, -1.5753 3.3404 3.2949, -1.5753 3.3377 3.2816, -1.5097 3.3481 3.2816, -1.5097 3.3508 3.2949, -1.4966 3.3567 3.315, -1.4274 3.4873 4.1943, -1.6705 3.4217 3.8992, -1.5097 3.3713 3.4022, -1.536 3.3623 3.3753, -1.5622 3.3531 3.3486, -2.4982 3.2341 3.8799, -2.2506 3.3372 4.2181, -2.5883 3.2341 4.0948, -1.7683 3.4473 4.3439, -2.3091 3.3372 4.4043, -2.1735 3.3372 4.034, -1.8874 3.4258 4.3438, -2.1148 3.3836 4.4116, -2.0043 3.4042 4.3664, -2.7609 3.2219 4.6559, -2.7215 3.2343 4.6559, -2.6821 3.2465 4.6559, -2.7609 3.227 4.8661, -2.7609 3.2265 5.0763, -2.6821 3.2511 4.8302, -2.4138 3.3265 4.7731, -2.7609 3.2204 5.2864, -2.7039 3.2341 5.375, -2.6032 3.2721 5.1925, -2.4138 3.3265 5.1314, -2.6032 3.2735 5.1389, -2.2506 3.3372 5.6864, -2.0045 3.4042 5.538, -2.1148 3.3836 5.4928, -1.8989 3.3054 6.4858, -1.9639 3.3372 6.2212, -2.2535 3.2341 6.4342, -2.1004 3.2341 6.6224, -1.9291 3.2341 6.7955, -1.7941 3.296 6.638, -1.8329 3.3372 6.3823, -1.8072 3.3235 6.4858, -1.4182 3.3876 6.4858, -1.3311 3.2341 7.202, -1.5415 3.2341 7.0871, -1.022 3.4873 6.1243, -1.2527 3.4089 6.4858, -1.2118 3.4136 6.4858, -0.9744 3.3983 6.6902, -0.8607 3.4217 6.6171, -0.9934 3.4006 6.6705, -1.1473 3.3142 6.9868, -1.1139 3.2341 7.295, -1.0895 3.3188 6.9932, -0.8322 3.4046 6.7131, -0.7845 3.4078 6.7131, -0.756 3.4319 6.5997, -0.7046 3.4873 6.2826, -1.4595 3.3818 6.4858, -1.5565 3.2859 6.8728, -1.5261 3.3186 6.7512, -1.69 3.263 6.8723, -1.5056 3.2633 6.9976, -1.356 3.3471 6.7336, -1.4395 3.3353 6.7341, -0.8931 3.2341 7.366, -1.5877 3.2499 6.9976, -1.8305 3.2315 6.8919, -1.5651 3.3237 6.6982, -1.7184 3.3147 6.6159, -1.63 3.3028 6.7452, -1.6899 3.2825 6.7892, -1.8596 3.1989 6.9976, -1.917 3.1868 6.9976, -1.9752 3.1741 6.9976, -1.8527 3.3147 6.4858, -1.2071 3.4873 5.9767, -1.4802 3.3634 6.5679, -1.4221 3.276 6.9976, -1.1187 3.3996 6.6149, -1.1487 3.3693 6.7479, -1.098 3.3956 6.6459, -1.2093 3.3514 6.7983, -1.1826 3.3609 6.7692, -1.2742 3.3576 6.734, -1.3812 3.2819 6.9976, -0.9458 3.3313 6.9976, -1.0316 3.3236 6.9973, -0.7275 3.454 6.4858, -0.3934 3.4247 6.7078, -0.4514 3.3727 6.9393, -0.3507 3.3747 6.9393, -0.7099 3.4061 6.7428, -0.9507 3.3973 6.7047, -0.919 3.3985 6.7114, -0.6719 3.2341 7.4153, -1.1814 3.3139 6.9721, -1.2089 3.3169 6.947, -1.1119 3.3763 6.7332, -1.0746 3.3921 6.6753, -1.2263 3.3232 6.9122, -1.0502 3.3898 6.6978, -1.0705 3.3826 6.7228, -1.0231 3.4064 6.6276, -1.0151 3.4217 6.551, -1.0475 3.4131 6.5809, -0.8147 3.4873 6.2388, -1.0702 3.4198 6.5334, -0.9206 3.4873 6.186, -1.092 3.4262 6.4858, -1.0241 3.3885 6.7159, -1.1369 3.404 6.5822, -1.1602 3.4106 6.534, -1.1837 3.4167 6.4858, -1.1377 3.4216 6.4858, -0.88 3.4012 6.7131, -0.86 3.3382 6.9976, -0.774 3.3442 6.9976, -0.2498 3.3754 6.9393, -0.2572 3.3685 6.9684, -0.5875 3.3541 6.9976, -0.748 3.3458 6.9976, -0.7406 3.3534 6.9685, -0.7333 3.3608 6.9393, -0.4757 3.4227 6.7087, -2.3672 3.3355 4.6617, -2.6821 3.2488 5.1791, -2.6423 3.2621 5.1317, -1.5819 3.2592 2.9398, -1.7419 3.2341 2.9534, -1.5163 3.2716 2.9465, -1.5228 3.2805 2.9868, -1.5294 3.249 2.8661, -1.5097 3.2486 2.8527, -1.5097 3.2693 2.9331, -1.1554 3.3036 2.8795, -1.4572 3.2497 2.8258, -1.4835 3.2492 2.8393, -1.4768 3.3098 3.0805, -1.5097 3.2954 3.0403, -1.4966 3.3037 3.0671, -1.431 3.2519 2.8192, -1.4572 3.3158 3.0939, -1.2341 3.2995 2.8996, -1.2997 3.2686 2.8124, -1.2734 3.2737 2.8192, -1.2472 3.2788 2.8258, -1.221 3.3028 2.9063, -1.2209 3.2856 2.8393, -1.1947 3.2922 2.8527, -1.1947 3.3126 2.9331, -1.175 3.298 2.8661, -1.1422 3.3102 2.8996, -1.1291 3.3167 2.9197, -1.1226 3.3223 2.9398, -1.1619 3.3961 3.2949, -1.1291 3.3996 3.2949, -1.2472 3.2962 2.8929, -1.3522 3.279 2.8795, -1.3916 3.2734 2.8795, -1.2799 3.2903 2.8862, -1.4834 3.2666 2.9063, -1.4966 3.268 2.9197, -1.5228 3.2869 3.0135, -1.5228 3.2739 2.9599, -1.5688 3.3306 3.2414, -1.5622 3.326 3.2145, -2.1004 3.2341 3.2821, -1.4572 3.2672 2.8929, -1.5622 3.2979 3.0872, -1.5753 3.2911 3.0671, -1.5491 3.3238 3.1944, -1.3522 3.3455 3.1609, -1.2407 3.3975 3.3486, -1.3128 3.2843 2.8795, -1.4179 3.3393 3.1743, -1.4572 3.3365 3.1877, -1.3521 3.3886 3.3754, -1.221 3.3972 3.3351, -1.2079 3.3949 3.3151, -1.4703 3.3374 3.2011, -1.3785 3.3851 3.3754, -1.4834 3.3382 3.2145, -1.4834 3.3626 3.3351, -1.8329 3.3372 3.5222, -1.4572 3.3839 3.429, -1.307 3.4217 3.5318, -1.4833 3.3777 3.4156, -1.1646 3.4217 3.4352, -1.221 3.412 3.4156, -1.2472 3.4113 3.429, -1.3653 3.399 3.4424, -1.4108 3.3917 3.4357, -1.3391 3.4025 3.4424, -1.3522 3.4008 3.4424, -1.326 3.392 3.3754, -1.2932 3.3949 3.3687, -1.1357 3.4041 3.3219, -1.1422 3.4084 3.3486, -1.3785 3.3419 3.1609, -1.2931 3.4071 3.4357, -1.2604 3.3976 3.362, -0.9967 3.4873 3.7637, -1.1685 3.4106 3.3753, -1.1488 3.3243 2.9599, -1.1816 3.3206 2.9599, -1.1947 3.4126 3.4022, -1.9639 3.3372 3.6833, -1.9291 3.2341 3.109, -1.5753 3.335 3.2681, -1.4834 3.3209 3.1341, -1.5161 3.3129 3.1208, -1.5097 3.3213 3.1542, -1.5491 3.3046 3.1073, -1.5359 3.3216 3.1743, -1.5819 3.2837 3.0404, -1.5884 3.2763 3.0135, -1.5884 3.2698 2.9868, -1.5884 3.2632 2.9599, -1.5465 3.2567 6.9976, -1.5014 3.3434 6.652, -1.2898 3.4873 5.8917, -1.4322 3.4873 5.7026, -1.7651 3.4217 5.863, -2.0778 3.3372 6.0497, -2.7215 3.2328 5.2864, -2.2145 3.3647 4.4776, -2.0778 3.3372 3.8548, -1.3571 3.4873 4.0939, -1.2781 3.4873 3.9998, -1.1912 3.4873 3.913, -1.5687 3.3468 3.3219, -1.0973 3.4873 3.8342, -0.5926 3.343 2.8633, -0.6866 3.3588 2.9455, -0.8201 3.3748 6.8552, -0.7983 3.3953 6.7686, -0.8172 3.394 6.7686, -0.8362 3.3927 6.7686, -0.8551 3.3913 6.7686, -0.874 3.39 6.7686, -0.9118 3.3871 6.7686, -0.9753 3.3643 6.8478, -0.8929 3.3885 6.7686, -0.9323 3.3853 6.7687, -0.9528 3.3836 6.7688, -0.9087 3.3481 6.9414, -1.0304 3.3761 6.7718, -1.0459 3.3741 6.7743, -0.9937 3.3799 6.7695, -1.0145 3.3779 6.7703, -1.0421 3.3364 6.9405, -0.9755 3.3423 6.9422, -1.1368 3.3537 6.8244, -1.1237 3.3585 6.8096, -1.1083 3.3628 6.7975, -1.0756 3.3336 6.9383, -1.1502 3.3362 6.8943, -1.1408 3.3329 6.9127, -1.1489 3.3471 6.8479, -1.152 3.3438 6.8607, -1.1091 3.3309 6.9353, -1.127 3.3311 6.9266, -1.1531 3.3406 6.8741, -1.1437 3.3504 6.8357, -1.0907 3.3667 6.7879, -1.0763 3.3694 6.7823, -1.0613 3.3718 6.7778, -0.9733 3.3818 6.769, -0.8419 3.3532 6.9414, -0.8255 3.4217 3.2889, -0.7955 3.3995 3.172, -0.8313 3.4442 3.41, -0.7542 3.4221 3.5213, -0.7052 3.4095 3.6245, -0.7454 3.3897 3.5257, -0.7782 3.4511 3.5232, -0.8121 3.466 3.5304, -0.7522 3.4809 3.6372, -0.7127 3.4393 3.6232, -0.7651 3.3677 3.4181, -0.7727 3.4003 3.4133, -0.7288 3.4635 3.6276, -0.7426 3.3786 3.064, -0.6691 3.3599 2.9691, -0.5781 3.3444 2.8909, -0.4603 3.3176 2.8647, -0.3521 3.3102 2.8306, -0.3586 3.3254 2.7967, -0.3484 3.2808 2.8539, -0.4529 3.2882 2.8872, -0.2391 3.3225 2.7865, -0.2391 3.3078 2.8191, -0.4732 3.3326 2.8326, -0.3455 3.2477 2.8607, -0.2391 3.2453 2.8499, -0.2391 3.2801 2.8418, -0.7916 3.4068 3.2959, -0.7966 3.4293 3.4099, -0.7636 3.3846 3.1857, -0.7141 3.3637 3.0837, -0.645 3.345 2.9939, -0.5593 3.3293 2.9199, -0.7689 3.3778 3.3041, -0.743 3.3556 3.1982, -0.6962 3.3346 3.0998, -0.6304 3.3158 3.0129, -0.5482 3.3001 2.941, -0.7621 3.3449 3.3084, -0.7367 3.3223 3.2022, -0.6902 3.3011 3.1039, -0.6249 3.2823 3.0176, -0.5439 3.2668 2.9468, -0.4501 3.2551 2.8939, -0.1196 3.3254 2.7967, 0.3473 3.4217 3.2889, 0.3173 3.3995 3.1721, 0.3339 3.466 3.5304, 0.3 3.4511 3.5232, 0.274 3.4809 3.6372, 0.3531 3.4442 3.41, 0.2945 3.4003 3.4133, 0.276 3.4221 3.5213, 0.2515 3.4645 3.628, 0.227 3.4095 3.6245, 0.2345 3.4393 3.6232, 0.2626 3.3928 3.5407, 0.2644 3.3786 3.064, 0.1909 3.3599 2.9691, 0.0999 3.3444 2.8909, -0.0051 3.3326 2.8326, -0.1299 3.2808 2.8539, -0.0254 3.2882 2.8872, -0.0179 3.3176 2.8647, -0.1434 3.2472 2.8586, -0.0488 3.2532 2.8855, -0.1261 3.3102 2.8306, 0.0811 3.3293 2.9199, 0.1668 3.345 2.9939, 0.2359 3.3637 3.0838, 0.2855 3.3847 3.1858, 0.3134 3.4068 3.296, 0.3184 3.4293 3.41, 0.07 3.3001 2.941, 0.1522 3.3158 3.0129, 0.2181 3.3346 3.0998, 0.2648 3.3556 3.1982, 0.2907 3.3778 3.3041, 0.0403 3.263 2.93, 0.1196 3.2764 2.9907, 0.1863 3.2928 3.0655, 0.2378 3.3115 3.1519, 0.272 3.3318 3.2468, 0.2875 3.3528 3.3465, 0.284 3.3736 3.4464, -0.3291 2.4275 2.8576, -0.5066 2.4211 2.9228, -0.4209 2.4267 2.8822, -0.583 2.4062 2.9772, -0.646 2.3757 3.0413, -0.6571 -0.689 3.0556, -0.5733 -0.689 2.9692, -0.6163 1.3427 3.0086, -0.721 2.2535 3.1625, -0.7357 2.1671 3.1992, -0.6923 2.3249 3.1068, -0.7664 -0.689 3.3933, -0.7563 -0.689 3.2733, -0.74 2.0731 3.212, -0.7491 -0.689 3.5124, -0.7052 -0.689 3.6245, -0.2391 2.4275 2.8499, -0.0573 2.4266 2.8822, -0.1491 2.4275 2.8576, 0.0285 2.4215 2.9228, -0.0625 1.3427 2.8803, -0.0061 -0.689 2.9041, 0.0451 1.3427 2.933, 0.1048 2.4067 2.9776, 0.0951 -0.689 2.9692, 0.1381 1.3427 3.0086, 0.1675 2.3758 3.0419, 0.2138 2.3248 3.1072, 0.2574 2.1671 3.1993, 0.2618 2.0731 3.212, 0.2427 2.2535 3.1627, 0.2781 -0.689 3.2733, 0.2618 1.3427 3.212, 0.2882 -0.689 3.3933, 0.2709 -0.689 3.5124, 0.227 -0.689 3.6245, 0.2116 1.3427 3.1032, 0.1789 -0.689 3.0556, -0.1195 -0.689 2.8636, -0.1792 1.3427 2.8533, -0.299 1.3427 2.8533, -0.2391 -0.689 2.8499, -0.3587 -0.689 2.8636, -0.4157 1.3427 2.8803, -0.5233 1.3427 2.933, -0.4721 -0.689 2.9041, -0.6898 1.3427 3.1032, -0.7192 -0.689 3.1588, -0.74 1.3427 3.212, 0.241 -0.689 3.1588, 0.2181 -0.689 3.6667, 0.2664 -0.689 3.7341, 0.2664 3.4095 3.7341, 0.2326 3.4095 3.7073, 0.2326 -0.689 3.7073, 0.2181 3.4095 3.6667, 0.2579 3.4774 3.652, 0.2288 3.4495 3.6624, 0.2881 3.4849 3.6819, 0.2433 3.4495 3.7032, 0.2772 3.4696 3.708, 0.2693 3.4428 3.7272, 0.5923 3.4812 3.8693, 0.4441 3.4812 3.7702, 0.4272 3.4522 3.7994, 0.4209 3.4095 3.8103, 0.7264 3.4812 3.9869, 0.5717 3.4522 3.8961, 0.7025 3.4522 4.0108, 0.564 3.4095 3.9061, 0.8171 3.4522 4.1415, 0.8439 3.4812 4.1209, 0.943 3.4812 4.2691, 0.9138 3.4522 4.2861, 1.0051 3.4696 4.4359, 1.0312 3.4849 4.4251, 0.986 3.4428 4.4438, 0.9028 3.4095 4.2923, 0.9791 3.4095 4.4467, 0.6935 3.4095 4.0196, 0.8071 3.4095 4.1491, 0.6935 -0.689 4.0196, 0.8071 -0.689 4.1491, 0.9028 -0.689 4.2923, 0.9791 -0.689 4.4467, 0.564 -0.689 3.9061, 0.4209 -0.689 3.8103, 0.9979 3.4095 4.4739, 1.0059 -0.689 4.4805, 1.0887 -0.689 4.4861, 1.0887 3.4095 4.4861, 1.0569 3.4095 4.4951, 1.0465 -0.689 4.4951, 1.0245 3.4095 4.4902, 1.0086 3.4263 4.4802, 0.9989 3.4551 4.4529, 1.076 3.4808 4.4391, 1.0377 3.4741 4.4593, 1.0473 3.4452 4.4865, 1.0852 3.4645 4.4617, 1.0898 3.4393 4.4786, 1.9166 3.3253 4.8332, 1.6297 3.3636 4.4774, 1.7444 3.3599 4.5225, 1.6494 3.3786 4.449, 1.1846 3.3903 4.4468, 1.1921 3.422 4.437, 1.5414 3.3995 4.396, 1.4246 3.4217 4.3659, 1.3035 3.4441 4.36, 1.1902 3.4511 4.4131, 1.3035 3.4293 4.3947, 1.183 3.466 4.3792, 1.2863 3.3695 4.4271, 1.3001 3.4003 4.4186, 1.8225 3.3443 4.6137, 1.8807 3.3326 4.7186, 1.9286 3.3229 4.9527, 1.9164 3.3254 5.0722, 1.8803 3.3327 5.1868, 1.8219 3.3444 5.2917, 1.7437 3.36 5.3826, 1.6486 3.3787 5.456, 1.5406 3.3996 5.5088, 1.4238 3.4218 5.5388, 1.6289 3.3638 5.4275, 1.7188 3.345 5.3586, 1.3028 3.4443 5.5444, 1.1826 3.466 5.5252, 1.1898 3.4512 5.4913, 1.0759 3.4809 5.4654, 1.0899 3.4393 5.4259, 1.0852 3.4645 5.4428, 1.1917 3.4221 5.4673, 1.1848 3.3902 5.4578, 1.0887 3.4095 5.4184, 1.4175 3.4068 4.3998, 1.5277 3.3846 4.4278, 1.5152 3.3556 4.4484, 1.6136 3.3346 4.4953, 1.7195 3.3449 4.5466, 1.7935 3.3293 4.6324, 1.8486 3.3175 4.7315, 1.8826 3.3102 4.8398, 1.8941 3.3078 4.9527, 1.8824 3.3103 5.0657, 1.8482 3.3176 5.1739, 1.7929 3.3294 5.2728, 1.5269 3.3847 5.477, 1.4168 3.4069 5.5048, 1.3029 3.4294 5.5098, 1.2996 3.4004 5.4859, 1.3905 3.3478 4.4276, 1.4093 3.3778 4.4225, 1.4926 3.3262 4.4486, 1.5884 3.3056 4.4891, 1.7005 3.3158 4.5612, 1.7724 3.3 4.6435, 1.8261 3.2882 4.7389, 1.8593 3.2808 4.8435, 1.8705 3.2783 4.9527, 1.8592 3.2808 5.0619, 1.8258 3.2882 5.1664, 1.7719 3.3001 5.2617, 1.6999 3.3159 5.3439, 1.6129 3.3347 5.4097, 1.5144 3.3557 5.4563, 1.4086 3.378 5.4821, 1.6741 3.287 4.5475, 1.7464 3.2712 4.6211, 1.8027 3.2587 4.7068, 1.8412 3.2502 4.8013, 1.8608 3.2458 4.9011, 1.8608 3.2458 5.0026, 1.8415 3.2501 5.1022, 1.8032 3.2586 5.1967, 1.7471 3.271 5.2824, 1.6751 3.2868 5.3561, 1.5896 3.3054 5.4146, 1.4939 3.3259 5.4555, 1.3916 3.3476 5.4768, 1.2872 3.3693 5.4776, 1.0612 3.4774 5.4492, 1.0507 3.4495 5.4202, 1.0312 3.4849 5.4794, 1.0465 3.4095 5.4094, 1.0099 3.4495 5.4347, 1.0051 3.4696 5.4686, 1.0059 3.4095 5.424, 0.986 3.4428 5.4606, 0.9791 3.4095 5.4578, -0.5139 3.4522 6.2551, -0.5208 3.4812 6.2882, -0.3313 3.4522 6.2806, -0.3337 3.4812 6.3143, -0.1447 3.4812 6.3143, -0.147 3.4522 6.2806, 0.0425 3.4812 6.2882, 0.0355 3.4522 6.2551, 0.2243 3.4812 6.2365, 0.2128 3.4522 6.2047, 0.3972 3.4812 6.1602, 0.3814 3.4522 6.1303, 0.5579 3.4812 6.0608, 0.5381 3.4522 6.0333, 0.7033 3.4812 5.9401, 0.68 3.4522 5.9157, 0.8307 3.4812 5.8005, 0.8042 3.4522 5.7795, 0.9376 3.4812 5.6447, 0.9085 3.4522 5.6275, 0.8976 3.4095 5.6211, 0.7943 3.4095 5.7717, -0.6911 3.4522 6.2047, -0.7026 3.4812 6.2365, -0.8597 3.4522 6.1303, -0.8755 3.4812 6.1602, -1.1816 3.4812 5.94, -1.0164 3.4522 6.0333, -1.1583 3.4522 5.9156, -1.0362 3.4812 6.0607, -1.309 3.4812 5.8004, -1.2825 3.4522 5.7794, -1.4833 3.4696 5.4686, -1.4159 3.4812 5.6446, -1.3867 3.4522 5.6274, -1.3758 3.4095 5.6211, -1.4642 3.4428 5.4606, -1.4573 3.4095 5.4578, -1.5094 3.4849 5.4794, 0.6713 3.4095 5.9065, 0.5308 3.4095 6.0231, 0.3756 3.4095 6.1191, 0.2086 3.4095 6.1929, 0.033 3.4095 6.2428, -0.1478 3.4095 6.268, -0.3304 3.4095 6.268, -0.5112 3.4095 6.2428, -0.6868 3.4095 6.1929, -0.8538 3.4095 6.1191, -1.009 3.4095 6.0231, -1.1495 3.4095 5.9065, -1.2725 3.4095 5.7717, -0.1478 -0.689 6.268, 0.2086 -0.689 6.1928, 0.033 -0.689 6.2428, 0.3756 -0.689 6.1192, 0.5308 -0.689 6.0231, 0.6713 -0.689 5.9065, 0.7943 -0.689 5.7717, 0.8976 -0.689 5.6211, 0.9791 -0.689 5.4578, -0.3304 -0.689 6.268, -0.5112 -0.689 6.2428, -0.6868 -0.689 6.1928, -0.8538 -0.689 6.1192, -1.009 -0.689 6.0231, -1.1495 -0.689 5.9065, -1.2725 -0.689 5.7717, -1.3758 -0.689 5.6211, -1.4573 -0.689 5.4578, -1.4841 -0.689 5.424, -1.5669 -0.689 5.4184, -1.5669 3.4095 5.4184, -1.5247 3.4095 5.4094, -1.5247 -0.689 5.4094, -1.4841 3.4095 5.424, -1.4881 3.4495 5.4347, -1.5289 3.4495 5.4202, -1.5542 3.4808 5.4653, -1.5394 3.4774 5.4492, -1.5681 3.4392 5.4259, -1.5634 3.4644 5.4428, -2.3947 3.3253 5.0714, -2.1078 3.3637 5.4271, -2.2225 3.3599 5.3821, -2.1275 3.3786 5.4556, -1.6628 3.3903 5.4577, -1.6701 3.4221 5.4674, -2.0195 3.3995 5.5086, -1.9026 3.4217 5.5387, -1.7815 3.4442 5.5444, -1.6682 3.4511 5.4914, -1.7815 3.4293 5.5098, -1.661 3.466 5.5253, -1.7645 3.3695 5.4774, -1.7781 3.4003 5.4859, -2.3006 3.3443 5.291, -2.3588 3.3326 5.186, -2.4068 3.3229 4.9519, -2.3946 3.3254 4.8324, -2.3585 3.3327 4.7178, -2.3002 3.3444 4.6129, -2.2219 3.36 4.5219, -2.1269 3.3787 4.4485, -2.0188 3.3996 4.3957, -1.902 3.4218 4.3657, -2.1072 3.3638 4.477, -2.1971 3.345 4.546, -1.7811 3.4443 4.3601, -1.6608 3.466 4.3793, -1.668 3.4512 4.4132, -1.5541 3.4809 4.4391, -1.5681 3.4393 4.4786, -1.5634 3.4645 4.4617, -1.6699 3.4221 4.4371, -1.663 3.3902 4.4467, -1.5669 3.4095 4.4861, -1.8955 3.4068 5.5047, -2.0058 3.3846 5.4767, -1.9933 3.3556 5.4561, -2.0917 3.3346 5.4093, -2.1976 3.3449 5.358, -2.2716 3.3293 5.2722, -2.3268 3.3175 5.1731, -2.3608 3.3102 5.0649, -2.3723 3.3078 4.9519, -2.3607 3.3102 4.8389, -2.3265 3.3176 4.7307, -2.2712 3.3294 4.6317, -2.0052 3.3847 4.4275, -1.895 3.4069 4.3997, -1.7811 3.4294 4.3947, -1.7778 3.4004 4.4186, -1.8687 3.3478 5.4769, -1.8873 3.3778 5.482, -1.9708 3.3262 5.4559, -2.0666 3.3056 5.4154, -2.1787 3.3158 5.3434, -2.2505 3.3 5.2611, -2.3043 3.2882 5.1657, -2.3375 3.2808 5.0612, -2.3487 3.2783 4.9519, -2.3374 3.2808 4.8427, -2.304 3.2882 4.7382, -2.2501 3.3001 4.6428, -2.1781 3.3159 4.5606, -2.0911 3.3347 4.4948, -1.9927 3.3557 4.4482, -1.8868 3.3779 4.4224, -2.1523 3.287 5.357, -2.2246 3.2712 5.2834, -2.2809 3.2587 5.1977, -2.3194 3.2502 5.1032, -2.339 3.2458 5.0034, -2.339 3.2458 4.9019, -2.3197 3.2501 4.8023, -2.2814 3.2586 4.7078, -2.2253 3.271 4.6221, -2.1533 3.2868 4.5484, -2.0678 3.3054 4.4898, -1.9721 3.3259 4.449, -1.8699 3.3476 4.4277, -1.7654 3.3693 4.4269, -1.5289 3.4495 4.4843, -1.5394 3.4774 4.4553, -1.4841 3.4095 4.4805, -1.4573 3.4095 4.4467, -1.4642 3.4428 4.4438, -1.4833 3.4696 4.4359, -1.4881 3.4495 4.4698, -1.5094 3.4849 4.4251, -1.5247 3.4095 4.4951, -1.5247 -0.689 4.4951, -1.5669 -0.689 4.4861, -1.4573 -0.689 4.4467, -1.4841 -0.689 4.4805, -2.3404 2.4139 4.9218, -2.3375 2.4139 4.8914, -2.3271 2.4139 4.8312, -2.3193 2.4139 4.8017, -2.3334 2.4139 4.8611, -2.3377 2.4139 5.0133, -2.3403 2.4139 4.9828, -2.2555 2.4139 4.6637, -2.2858 2.4139 4.7167, -2.2714 2.4139 4.6898, -2.1548 2.4146 4.5497, -2.1775 2.4144 4.5701, -2.2193 2.4139 4.6146, -2.2381 2.4139 4.6386, -2.0897 2.3773 4.5025, -2.0721 2.3546 4.4922, -2.1312 2.4103 4.5309, -2.0053 1.3793 4.4606, -1.918 -0.689 4.4351, -2.0566 2.3296 4.4839, -2.0326 -0.689 4.4721, -1.7981 -0.689 4.4249, -1.679 -0.689 4.4422, -2.3337 2.4139 5.0435, -2.3102 2.4139 5.132, -2.3199 2.4139 5.1031, -2.3279 2.4139 5.0734, -2.2556 2.4139 5.241, -2.2715 2.4139 5.215, -2.2859 2.4139 5.188, -2.2221 -0.689 5.2864, -2.1951 1.3793 5.317, -2.1357 -0.689 5.3703, -2.2381 2.4139 5.266, -2.2192 2.4139 5.29, -2.1071 1.3793 5.3908, -2.0326 -0.689 5.4324, -2.1316 2.4094 5.3734, -2.1548 2.4139 5.3549, -2.0567 2.3297 5.4207, -2.0722 2.3546 5.4123, -1.7981 -0.689 5.4796, -1.918 -0.689 5.4694, -1.679 -0.689 5.4623, -2.0098 2.1871 4.4624, -2.0147 2.2171 4.4644, -2.0067 2.1567 4.4612, -2.0053 2.1263 4.4606, -2.0219 2.2467 4.4675, -2.043 2.3031 4.4771, -2.0314 2.2754 4.4717, -2.1357 -0.689 4.5342, -2.1071 1.3793 4.5137, -2.1094 2.3967 4.5153, -2.1951 1.3793 4.5875, -2.2221 -0.689 4.618, -2.1988 2.4139 4.592, -2.265 1.3793 4.6786, -2.2872 -0.689 4.7193, -2.3135 1.3793 4.7827, -2.2986 2.4139 4.7443, -2.3277 -0.689 4.8327, -2.3383 1.3793 4.8948, -2.3099 2.4139 4.7727, -2.3383 1.3793 5.0097, -2.3415 -0.689 4.9522, -2.3414 2.4139 4.9523, -2.3277 -0.689 5.0718, -2.3135 1.3793 5.1218, -2.265 1.3793 5.2259, -2.2872 -0.689 5.1852, -2.2988 2.4139 5.1603, -2.199 2.4139 5.3128, -2.1775 2.4139 5.3345, -2.1094 2.3977 5.3894, -2.0053 1.3793 5.4439, -2.0897 2.3773 5.402, -2.0318 2.2753 5.4327, -2.0432 2.3031 5.4274, -2.0223 2.2466 5.4369, -2.0098 2.1871 5.4421, -2.015 2.2171 5.44, -2.0066 2.1568 5.4434, -2.0053 2.1263 5.4439, 1.8091 -0.689 4.7193, 1.7439 -0.689 4.6181, -0.7446 -0.689 3.7341, -0.8991 -0.689 3.8103, 1.0887 -0.689 5.4184, 1.2008 -0.689 5.4623, 1.5544 -0.689 5.4324, 1.0465 -0.689 5.4094, 1.4398 -0.689 4.4351, 1.3199 -0.689 4.4249, 1.2008 -0.689 4.4422, 1.4398 -0.689 5.4694, 1.6575 -0.689 5.3703, 1.3199 -0.689 5.4796, 1.8091 -0.689 5.1852, 1.7439 -0.689 5.2864, 1.8495 -0.689 5.0718, 1.8495 -0.689 4.8327, 1.8632 -0.689 4.9522, 1.6575 -0.689 4.5342, 1.5544 -0.689 4.4721, -1.1717 -0.689 4.0196, -1.2853 -0.689 4.1491, -1.381 -0.689 4.2923, 1.0059 -0.689 5.424, -1.0422 -0.689 3.9061, -0.6963 -0.689 3.6667, -0.7109 -0.689 3.7073, -1.1717 3.4095 4.0196, -1.2853 3.4095 4.1491, -1.381 3.4095 4.2923, -1.0422 3.4095 3.9061, -0.8991 3.4095 3.8103, -0.7446 3.4095 3.7341, -0.6963 3.4095 3.6667, -0.7109 3.4095 3.7073, -0.7215 3.4495 3.7032, -0.707 3.4495 3.6624, -0.7663 3.4849 3.6819, -0.7361 3.4774 3.652, -0.7549 3.4684 3.7093, -0.7475 3.4428 3.7272, -1.2953 3.4522 4.1414, -1.1806 3.4522 4.0107, -1.2045 3.4812 3.9868, -1.4212 3.4812 4.2691, -1.3221 3.4812 4.1208, -1.3919 3.4522 4.286, -1.0499 3.4522 3.896, -1.0705 3.4812 3.8692, -0.9222 3.4812 3.7701, -0.9053 3.4522 3.7994, 1.8617 2.4139 4.9087, 1.8588 2.4139 4.88, 1.8072 2.4139 4.7149, 1.7933 2.4139 4.6895, 1.8303 2.4139 4.7678, 1.8401 2.4139 4.7952, 1.744 2.4139 4.6182, 1.7617 2.4139 4.641, 1.7781 2.4139 4.6648, 1.6837 2.4139 4.556, 1.6617 2.4132 4.5375, 1.5285 2.1551 4.4612, 1.5271 2.1263 4.4606, 1.6029 2.3669 4.4973, 1.6205 2.3874 4.5081, 1.5872 2.3443 4.4885, 1.5733 2.32 4.4812, 1.8473 2.4139 4.8231, 1.8627 2.4139 4.9376, 1.8581 2.4139 5.0243, 1.8607 2.4139 4.9956, 1.8622 2.4139 4.9665, 1.8391 2.4139 5.1089, 1.8468 2.4139 5.081, 1.7781 2.4139 5.2395, 1.8068 2.4139 5.1892, 1.7932 2.4139 5.2147, 1.705 2.4139 5.3286, 1.6838 2.4149 5.3486, 1.7617 2.4139 5.2632, 1.7441 2.4139 5.2861, 1.603 2.3668 5.4071, 1.6205 2.387 5.3963, 1.6618 2.413 5.3669, 1.5731 2.3201 5.4233, 1.5872 2.3443 5.416, 1.5271 2.1263 5.4439, 1.5271 1.3793 5.4439, 1.5314 2.1839 5.4422, 1.5357 2.2125 5.4404, 1.5286 2.155 5.4433, 1.5418 2.2405 5.4378, 1.5608 2.2946 5.4293, 1.5505 2.2681 5.434, 1.6289 1.3793 5.3908, 1.6401 2.4037 5.3831, 1.7169 1.3793 5.317, 1.7868 1.3793 5.2259, 1.7252 2.4139 5.308, 1.8353 1.3793 5.1218, 1.819 2.4139 5.1631, 1.8601 1.3793 5.0097, 1.8299 2.4139 5.1362, 1.8533 2.4139 5.0527, 1.8601 1.3793 4.8948, 1.8353 1.3793 4.7827, 1.8539 2.4139 4.8514, 1.7868 1.3793 4.6786, 1.8194 2.4139 4.741, 1.7169 1.3793 4.5875, 1.705 2.4139 4.5755, 1.7251 2.4139 4.5963, 1.6289 1.3793 4.5137, 1.6401 2.4037 4.5214, 1.5271 1.3793 4.4606, 1.5509 2.2678 4.4706, 1.5611 2.2945 4.4753, 1.5425 2.2404 4.4669, 1.5311 2.184 4.4622, 1.5359 2.2124 4.4641, -1.5753 3.3375 2.9197, -1.5622 3.3346 2.8996, -1.5491 3.3316 2.8795, -1.5228 3.3688 3.0135, -1.5884 3.3583 3.0135, -1.5819 3.3657 3.0404, -1.1947 3.4732 3.2949, -1.1685 3.491 3.3753, -1.1422 3.4889 3.3486, -1.4834 3.4024 3.1341, -1.4966 3.3854 3.0671, -1.5161 3.3945 3.1208, -1.5884 3.3519 2.9868, -1.5228 3.3625 2.9868, -1.5622 3.3797 3.0872, -1.5491 3.3863 3.1073, -1.4768 3.3914 3.0805, -1.5097 3.3772 3.0403, -1.4572 3.3974 3.0939, -1.3785 3.4115 3.1073, -1.3785 3.4232 3.1609, -1.3522 3.4267 3.1609, -1.4441 3.4544 3.362, -1.4637 3.4491 3.3486, -1.4572 3.4647 3.429, -1.5753 3.4163 3.2681, -1.5753 3.419 3.2816, -1.5097 3.4319 3.2949, -1.2931 3.4876 3.4357, -1.326 3.4727 3.3754, -1.3521 3.4693 3.3754, -1.411 3.4602 3.3687, -1.3653 3.4797 3.4424, -1.3785 3.4659 3.3754, -1.4834 3.4436 3.3351, -1.536 3.4433 3.3753, -1.5097 3.4523 3.4022, -1.5687 3.428 3.3219, -1.4966 3.4378 3.315, -1.4833 3.4586 3.4156, -1.5622 3.4342 3.3486, -1.4108 3.4724 3.4357, -1.3522 3.4813 3.4424, -1.5097 3.4266 3.2681, -1.5622 3.4074 3.2145, -1.5688 3.4119 3.2414, -1.3391 3.483 3.4424, -1.2407 3.4781 3.3486, -1.2604 3.4782 3.362, -1.221 3.4925 3.4156, -1.2932 3.4755 3.3687, -1.2472 3.4918 3.429, -1.2079 3.4755 3.3151, -1.1947 3.493 3.4022, -1.221 3.4778 3.3351, -1.1619 3.4767 3.2949, -1.1357 3.4846 3.3219, -1.4176 3.4046 3.1006, -1.326 3.4186 3.1073, -1.3522 3.4151 3.1073, -1.326 3.4244 3.1342, -1.4966 3.3501 2.9197, -1.5097 3.3514 2.9331, -1.1291 3.4802 3.2949, -1.4179 3.4206 3.1743, -1.4966 3.4231 3.2413, -1.4834 3.4195 3.2145, -1.5359 3.403 3.1743, -1.4572 3.4178 3.1877, -1.5097 3.4028 3.1542, -1.4703 3.4187 3.2011, -1.5753 3.4217 3.2949, -1.5491 3.4053 3.1944, -1.5097 3.4293 3.2816, -1.326 3.4302 3.1609, -1.5819 3.3414 2.9398, -1.5228 3.356 2.9599, -1.5163 3.3537 2.9465, -1.5884 3.3453 2.9599, -1.5753 3.373 3.0671, -1.4834 3.3487 2.9063, -1.5097 3.331 2.8527, -1.5294 3.3313 2.8661, -1.4835 3.3315 2.8393, -1.4703 3.3491 2.8996, -1.4572 3.3493 2.8929, -1.4572 3.332 2.8258, -1.4244 3.3525 2.8862, -1.431 3.3342 2.8192, -1.3916 3.3555 2.8795, -1.4047 3.3362 2.8124, -1.3522 3.361 2.8795, -1.3522 3.3436 2.8124, -1.2472 3.3608 2.8258, -1.2734 3.3558 2.8192, -1.2472 3.378 2.8929, -1.2341 3.3812 2.8996, -1.2209 3.3675 2.8393, -1.221 3.3845 2.9063, -1.2078 3.3893 2.9197, -1.1947 3.374 2.8527, -1.1947 3.3941 2.9331, -1.1488 3.4058 2.9599, -1.1226 3.4038 2.9398, -1.1291 3.3982 2.9197, -1.1554 3.3853 2.8795, -1.175 3.3797 2.8661, -1.1422 3.3918 2.8996, -1.1882 3.3982 2.9465, -1.1816 3.4021 2.9599, -1.116 3.4093 2.9599, -1.2799 3.3722 2.8862, -1.3128 3.3662 2.8795, -1.2997 3.3506 2.8124, -2.6032 3.3555 5.1389, -2.6423 3.3443 5.1317, -2.6032 3.3541 5.1925, -2.7609 3.3091 5.0763, -2.7609 3.3031 5.2864, -2.7215 3.3154 5.2864, -2.6821 3.3274 5.2864, -2.6821 3.3312 5.1791, -2.6422 3.3412 5.239, -2.6032 3.3566 5.0852, -2.6821 3.3289 4.6559, -2.7215 3.3168 4.6559, -2.6821 3.3334 4.8302, -2.6821 3.3342 5.0046, -2.7609 3.3096 4.8661, -2.7609 3.3045 4.6559, -0.3934 3.505 6.7078, -0.4199 3.5454 6.4858, -0.4757 3.503 6.7087, -0.4514 3.4536 6.9393, -0.4263 3.4404 6.9976, -0.3507 3.4556 6.9393, -0.3789 3.5461 6.4858, -0.5335 3.4512 6.9393, -0.5875 3.4352 6.9976, -0.6336 3.4471 6.9393, -0.7333 3.4419 6.9393, -0.7406 3.4345 6.9685, -0.748 3.4271 6.9976, -0.2645 3.4424 6.9976, -0.2572 3.4494 6.9684, -0.2498 3.4563 6.9393, -0.3378 3.5467 6.4858, -0.756 3.5121 6.5997, -0.6865 3.5362 6.4858, -0.7275 3.534 6.4858, -0.7845 3.4883 6.7131, -0.7099 3.4866 6.7427, -0.6454 3.5381 6.4858, -0.9087 3.4293 6.9414, -0.9754 3.4237 6.9414, -0.9459 3.4123 6.9989, -0.9118 3.4678 6.7686, -0.8929 3.4739 6.7465, -0.9045 3.48 6.7127, -1.1531 3.4219 6.8741, -1.2261 3.4045 6.9129, -1.2089 3.3984 6.947, -1.2315 3.4132 6.873, -1.1521 3.425 6.8609, -1.1473 3.3958 6.9868, -1.0895 3.4003 6.9932, -1.1091 3.4123 6.9353, -1.0241 3.4693 6.7159, -0.9748 3.4789 6.6899, -0.9934 3.4812 6.6705, -1.0475 3.4936 6.5809, -1.0702 3.5002 6.5334, -1.1185 3.4803 6.6147, -1.092 3.5065 6.4858, -1.1369 3.4846 6.5822, -1.1602 3.491 6.534, -1.1377 3.502 6.4858, -1.1837 3.4971 6.4858, -1.098 3.4763 6.6459, -1.0746 3.4727 6.6753, -1.0231 3.4869 6.6276, -1.0511 3.4706 6.6972, -1.0303 3.457 6.7718, -1.0459 3.455 6.7743, -1.1815 3.3955 6.9721, -1.1268 3.4125 6.9267, -1.1408 3.4143 6.9127, -1.1501 3.4175 6.8943, -1.0421 3.4178 6.9405, -1.0756 3.415 6.9383, -1.0316 3.405 6.9973, -1.0691 3.4636 6.7225, -1.0613 3.4528 6.7778, -0.9507 3.4779 6.7047, -0.9733 3.4627 6.7689, -0.9528 3.4644 6.7688, -0.86 3.4195 6.9976, -0.8419 3.4343 6.9414, -0.7983 3.476 6.7686, -0.8201 3.4557 6.8552, -0.8172 3.4747 6.7686, -0.8323 3.4852 6.7131, -0.8362 3.4734 6.7686, -0.774 3.4254 6.9976, -0.9323 3.4661 6.7687, -0.9281 3.4787 6.7099, -1.0145 3.4587 6.7703, -0.9937 3.4608 6.7695, -1.1083 3.4438 6.7975, -1.11 3.4576 6.7321, -1.1237 3.4395 6.8096, -1.1826 3.4419 6.7692, -1.1368 3.4349 6.8245, -1.1477 3.4504 6.7475, -1.0907 3.4477 6.7879, -1.1438 3.4316 6.8358, -1.2094 3.4326 6.7984, -1.2261 3.4227 6.8339, -1.1489 3.4283 6.8479, -1.0762 3.4504 6.7822, -0.874 3.4707 6.7686, -0.88 3.4818 6.7131, -0.8929 3.4693 6.7686, -0.8551 3.4721 6.7686, -1.356 3.4284 6.7336, -1.2527 3.4894 6.4858, -1.2939 3.4845 6.4858, -1.2118 3.4941 6.4858, -1.4221 3.358 6.9976, -1.3812 3.3639 6.9976, -1.2742 3.4387 6.734, -1.3404 3.3695 6.9976, -1.4802 3.4444 6.5679, -1.4182 3.4684 6.4858, -1.4595 3.4626 6.4858, -1.3774 3.4739 6.4858, -1.5014 3.4247 6.652, -1.69 3.3452 6.8723, -1.8305 3.3141 6.8919, -1.8596 3.2818 6.9976, -1.5261 3.4001 6.7512, -1.4396 3.4167 6.7343, -1.917 3.2699 6.9976, -1.6899 3.3644 6.7892, -1.8072 3.405 6.4858, -1.8527 3.3963 6.4858, -1.7941 3.3778 6.638, -1.8989 3.3871 6.4858, -1.7184 3.3962 6.6159, -1.63 3.3845 6.7452, -1.9752 3.2573 6.9976, -1.5465 3.339 6.9976, -1.5056 3.3455 6.9976, -1.5565 3.3678 6.8728, -1.5651 3.4052 6.6982, -1.5877 3.3322 6.9976, 2.505 3.1888 4.6565, 2.505 3.19 4.69, 2.505 3.1911 4.7235, 2.4001 3.2272 4.7235, 2.1376 3.3098 5.1792, 2.1244 3.3142 5.159, 2.0718 3.3276 5.2192, 2.2304 3.2847 4.876, 2.1376 3.3123 5.0586, 2.3144 3.2584 4.8974, 2.2701 3.2672 4.6565, 2.2171 3.2859 4.7235, 2.0326 3.3376 4.6565, 2.0326 3.3388 4.69, 2.0326 3.3398 4.7235, 2.1245 3.3158 5.0854, 2.0457 3.3386 5.0586, 2.0392 3.3401 5.0854, 2.0326 3.3412 5.1256, 2.1113 3.3185 5.139, 2.1113 3.3188 5.1256, 2.0457 3.3358 5.1926, 2.0392 3.3384 5.1658, 2.2688 3.2686 5.2194, 2.2426 3.2769 5.2194, 2.2557 3.2702 5.2864, 2.1901 3.2907 5.2797, 2.2098 3.2872 5.2127, 2.177 3.2973 5.206, 2.0982 3.3191 5.2462, 2.1244 3.311 5.2596, 2.1507 3.3028 5.273, 2.2295 3.2784 5.2864, 2.282 3.262 5.2864, 2.2951 3.2603 5.2194, 2.3277 3.2476 5.2797, 2.3278 3.25 5.2127, 2.3738 3.2327 5.273, 2.3607 3.2395 5.206, 2.4 3.2245 5.2597, 2.4001 3.2273 5.1792, 2.4263 3.2162 5.2462, 2.4525 3.2082 5.2195, 2.4591 3.2082 5.139, 2.4263 3.2195 5.139, 2.4132 3.2234 5.1591, 2.4788 3.1999 5.1926, 2.4854 3.1984 5.1658, 2.4919 3.1968 5.139, 2.1113 3.3191 5.1122, 2.3803 3.2334 5.1927, 2.0326 3.3414 5.1122, 2.0326 3.3408 5.139, 2.1572 3.3036 5.1926, 2.0588 3.3352 5.0385, 2.072 3.3317 5.0184, 1.3014 3.2867 3.0288, 1.4072 3.265 3.0265, 1.3088 3.2767 2.9935, 1.6722 3.2954 3.4424, 1.6607 3.2782 3.34, 1.6362 3.3039 3.4424, 1.4739 3.2706 3.1093, 1.5424 3.2708 3.1768, 1.5705 3.2595 3.1542, 1.6313 3.338 3.6316, 1.5569 3.3636 3.6887, 1.6006 3.3539 3.6884, 1.6271 3.3218 3.5298, 1.6001 3.342 3.613, 1.6538 3.3227 3.5709, 1.4992 3.3855 3.754, 1.4658 3.4024 3.8256, 1.5171 3.3864 3.7863, 1.5623 3.3701 3.7404, 1.4293 3.4071 3.806, 1.3498 3.4272 3.8427, 1.4094 3.4178 3.8573, 1.6677 3.3084 3.5074, 0.9691 3.4869 3.831, 1.0276 3.4827 3.8621, 1.0061 3.4793 3.8109, 1.6255 3.2881 3.3481, 1.6263 3.266 3.2422, 1.5938 3.2768 3.2579, 1.4961 3.2591 3.081, 1.392 3.2759 3.0591, 1.1133 3.3211 3.0316, 1.2068 3.302 3.0196, 1.2063 3.2934 2.9836, 1.1048 3.3141 2.9966, 1.0092 3.3377 3.0316, 1.0253 3.3427 3.0638, 0.7732 3.4749 3.5721, 0.7964 3.4817 3.6339, 0.8275 3.4752 3.6153, 0.766 3.4359 3.3406, 0.7545 3.4556 3.4424, 0.8011 3.4332 3.3486, 0.7905 3.4514 3.4424, 0.7592 3.4662 3.5078, 0.7998 3.4652 3.5306, 0.8319 3.4122 3.26, 0.7995 3.4131 3.2445, 0.8813 3.3894 3.1808, 0.8531 3.3884 3.1585, 0.9241 3.3628 3.0864, 0.9468 3.3659 3.1143, 0.8283 3.4863 3.692, 0.8726 3.481 3.6927, 0.9331 3.4824 3.7589, 0.8683 3.4888 3.745, 0.9156 3.489 3.7916, 1.0882 3.4718 3.8463, 1.0899 3.4763 3.8845, 1.1545 3.4678 3.8978, 1.1755 3.4603 3.8636, 1.2202 3.4576 3.9014, 1.264 3.4452 3.8623, 1.2853 3.4456 3.8956, 1.3489 3.4323 3.8809, 1.2463 3.3109 3.0877, 1.2133 3.3169 3.0877, 1.1804 3.3856 3.3897, 1.3725 3.4041 3.7078, 1.3393 3.3981 3.6271, 1.2948 3.4234 3.741, 1.1082 3.4399 3.6397, 1.048 3.4419 3.5928, 0.9883 3.4601 3.6549, 1.0178 3.4447 3.5822, 0.9765 3.4573 3.6255, 1.2463 3.4206 3.6635, 1.1291 3.4513 3.7402, 1.2115 3.4395 3.7519, 1.1804 3.3227 3.0877, 1.4382 3.3737 3.5954, 1.3787 3.3851 3.5928, 0.9883 3.451 3.5957, 1.1804 3.4319 3.6635, 1.0533 3.4583 3.7073, 1.4502 3.3761 3.6249, 1.4384 3.3832 3.6549, 1.4091 3.3774 3.5822, 1.2463 3.3739 3.3889, 1.2943 3.4101 3.6508, 1.4455 3.3409 3.4171, 1.4899 3.3517 3.5279, 1.5181 3.3432 3.5138, 1.5323 3.3351 3.4853, 1.4514 3.3371 3.4032, 1.4024 3.3253 3.2925, 1.4577 3.3015 3.233, 1.3591 3.3252 3.2501, 1.4339 3.3293 3.3447, 1.5317 3.3186 3.3956, 1.3895 3.3025 3.1731, 1.3645 3.3093 3.1812, 1.3482 3.3171 3.2021, 1.3465 3.323 3.228, 1.3113 3.3601 3.3791, 1.3165 3.3717 3.4462, 1.3612 3.3509 3.3805, 1.4307 3.3441 3.418, 1.388 3.3648 3.4844, 1.4594 3.3571 3.5225, 1.5063 3.307 3.3093, 1.3959 3.3476 3.3993, 1.3366 3.3538 3.3711, 1.2988 3.3715 3.4272, 1.2966 3.3671 3.4013, 1.0196 3.3971 3.3151, 1.0362 3.3705 3.1968, 0.9786 3.3825 3.2127, 1.0076 3.4006 3.3242, 0.9394 3.4015 3.2784, 1.0049 3.3749 3.1951, 0.9175 3.418 3.3477, 0.9935 3.4139 3.3833, 1.011 3.4326 3.5029, 0.9946 3.4248 3.4441, 0.9213 3.4427 3.488, 0.9116 3.4317 3.4178, 0.9711 3.4478 3.56, 1.0106 3.4371 3.5291, 0.9954 3.4428 3.5507, 1.1159 3.401 3.4152, 1.1459 3.3847 3.3544, 1.0906 3.4039 3.4093, 0.9461 3.4503 3.5544, 1.0329 3.3964 3.3217, 1.0537 3.3997 3.3553, 1.1031 3.3782 3.2856, 1.0603 3.371 3.2168, 1.0744 3.4028 3.3889, 1.14 3.395 3.404, 1.1516 3.3887 3.3801, 1.4004 3.3504 6.4858, 1.3607 3.3582 6.4858, 1.3347 3.3432 6.5897, 1.3087 3.3266 6.6934, 1.3775 3.3036 6.7374, 1.4407 3.3422 6.4858, 1.2833 3.3085 6.797, 1.2704 3.2967 6.8581, 1.2585 3.2842 6.9194, 1.2722 3.2619 6.9976, 1.3121 3.2543 6.9976, 0.8333 3.3324 6.9976, 0.8732 3.327 6.9976, 0.9384 3.3424 6.8975, 1.2325 3.2694 6.9976, 1.0938 3.3865 6.5848, 1.0542 3.3782 6.6575, 1.1453 3.3581 6.683, 0.9635 3.3619 6.7972, 0.9885 3.38 6.6967, 0.8999 3.3852 6.7316, 1.0033 3.3915 6.6301, 1.0172 3.4025 6.5633, 0.9614 3.425 6.4858, 1.0427 3.4131 6.4858, 1.0019 3.4192 6.4858, 1.1314 3.3464 6.7483, 1.1291 3.334 6.8056, 1.195 3.3281 6.7816, 0.9133 3.3215 6.9976, 1.1981 3.2917 6.9339, 1.2275 3.3065 6.8503, 1.1636 3.3132 6.87, 1.0902 3.3567 6.7321, 1.0348 3.3906 6.6109, 0.4176 3.4832 6.4858, 0.4103 3.4787 6.5146, 0.5949 3.4578 6.5438, 0.403 3.474 6.5438, 0.7281 3.4544 6.4858, 0.5719 3.4704 6.4858, 0.7896 3.4368 6.5438, 0.7452 3.4069 6.7218, 0.8247 3.3952 6.7313, 0.7678 3.4226 6.6313, 0.8864 3.4352 6.4858, 0.7578 3.3419 6.9976, 0.7306 3.3961 6.7801, 0.3933 3.4403 6.7218, 0.386 3.4348 6.7508, 0.5543 3.4145 6.7801, 0.3787 3.4291 6.7801, 0.5688 3.4255 6.7218, 0.7108 3.3808 6.8585, 0.6903 3.3642 6.9393, 0.5363 3.3658 6.9976, 0.3292 3.3967 6.9393, 0.3219 3.3902 6.9683, 0.3146 3.3836 6.9976, 0.5099 3.3824 6.9393, -0.0197 3.5015 6.5038, -0.0092 3.4889 6.5735, 0.0267 3.4919 6.5515, 0.2403 3.4765 6.5867, 0.2594 3.4895 6.509, 0.2303 3.4933 6.496, 0.285 3.4849 6.5264, 0.3254 3.4718 6.585, 0.3066 3.4796 6.549, 0.2508 3.4687 6.6251, 0.2119 3.4832 6.5588, 0.201 3.4963 6.4869, 0.1711 3.4987 6.481, 0.1674 3.4887 6.5398, 0.1138 3.4921 6.5337, 0.1411 3.5006 6.4778, 0.0398 3.5033 6.4837, 0.0681 3.493 6.5382, 0.1096 3.5021 6.4768, -0.0373 3.4839 6.6046, -0.0694 3.4971 6.5352, -0.1945 3.4373 6.8448, -0.1145 3.4344 6.8541, -0.1576 3.468 6.6974, -0.0797 3.4632 6.7159, -0.0623 3.4745 6.657, -0.1069 3.4906 6.5756, -0.1378 3.48 6.6344, -0.1916 3.4018 6.9976, -0.2326 3.4019 6.9976, -0.1505 3.4014 6.9976, 0.2912 3.4282 6.8115, 0.2029 3.4279 6.8361, 0.2678 3.4087 6.9046, 0.2412 3.458 6.6831, 0.3136 3.4466 6.7182, 0.2478 3.4636 6.6528, 0.323 3.4552 6.672, 0.3317 3.4637 6.6258, 0.2035 3.3902 6.9976, 0.1624 3.3923 6.9976, 0.2445 3.388 6.9976, 1.1547 -7.1063 9.1671, 1.1547 1.3189 9.1671, 1.1237 -6.7126 8.9878, 1.1237 1.3189 8.9878, 1.1237 -7.1063 8.9878, 1.0595 1.3189 8.6168, 0.824 -6.7126 9.2243, 0.824 -7.1063 9.2243, 0.8266 1.3189 9.2239, -1.3021 -6.7126 9.2239, -1.3048 1.3189 9.2239, -1.3021 -7.1063 9.2239, -2.2029 -7.1063 8.9306, -1.935 -7.1063 8.8499, -2.1997 -7.1063 8.8893, -2.2017 -7.1063 8.8566, -2.2075 -7.1063 8.8245, -2.217 -7.1063 8.7934, -2.2302 -7.1063 8.7633, 1.7339 -7.1063 8.9711, 1.4778 -7.1063 9.0788, -2.2122 -7.1063 8.9711, -0.7675 -7.1063 9.8425, -0.4155 -7.1063 9.8678, -1.956 -7.1063 9.0788, 0.6386 -7.1063 9.7922, 0.2893 -7.1063 9.8426, 1.6525 -7.1063 9.4931, 1.3218 -7.1063 9.617, 1.4568 -7.1063 8.8499, 1.752 -7.1063 8.7633, 1.7388 -7.1063 8.7934, 1.7293 -7.1063 8.8245, 1.7235 -7.1063 8.8564, 1.7215 -7.1063 8.8893, 1.7247 -7.1063 8.9306, 0.9833 -7.1063 9.7169, -0.0626 -7.1063 9.8679, -1.1167 -7.1063 9.792, -1.4614 -7.1063 9.7166, -1.7998 -7.1063 9.6167, -2.1303 -7.1063 9.4927, -2.2122 -8.0905 8.9711, -1.956 -8.0905 9.0788, -2.5605 -8.3268 9.1513, -2.596 -1.2008 9.1371, -2.6373 -8.3268 9.1122, -2.2132 -8.3268 8.9744, -2.1997 -8.3268 8.8893, -2.5229 -1.2008 9.1607, -2.6596 -1.2008 9.0942, -2.6983 -8.3268 9.0512, -2.4753 -8.3268 9.1648, -2.3718 -1.2008 9.1446, -2.4462 -1.2008 9.1633, -2.3902 -8.3268 9.1513, -2.3718 -4.6457 9.1448, -2.709 -1.2008 9.0354, -2.7374 -8.3268 8.9744, -2.7509 -8.3268 8.8893, -2.7402 -1.2008 8.9653, -2.7509 -1.2008 8.8893, -2.3721 -8.0905 9.1448, -2.3133 -8.3268 9.1122, -2.3023 -8.0905 9.1037, -2.2524 -8.3268 9.0512, -2.2474 -8.0905 9.0441, -2.1301 -8.0905 9.4928, -2.208 -8.0905 9.4493, -2.2742 -8.0905 9.3893, -2.3251 -8.0905 9.316, -2.3582 -8.0905 9.2331, 1.4778 -8.0905 9.0788, 1.7339 -8.0905 8.9711, 1.7691 -8.0905 9.0441, 1.7965 -8.0905 9.3896, 1.7303 -8.0905 9.4497, 1.652 -8.0905 9.4929, 1.8241 -8.0905 9.1037, 1.8807 -8.0905 9.2332, 1.8475 -8.0905 9.3162, 1.8942 -8.0905 9.1448, -2.1301 -7.7625 9.4928, -2.1309 -6.7126 9.4925, -2.1301 -7.4344 9.4928, -2.1303 -2.6968 9.4928, -2.2788 1.3189 9.3839, -2.1297 1.3189 9.493, -2.2107 1.3189 9.4474, -2.372 1.3189 9.1264, -2.3618 1.3189 9.2189, -2.3301 1.3189 9.3063, -2.3273 1.3189 8.9472, -2.3481 -1.2008 8.9944, -2.3603 1.3189 9.0341, -2.3703 -1.2008 9.0931, -2.3624 -1.2008 9.043, -2.3272 -1.2008 8.9472, -0.0527 1.3189 9.8675, 0.3007 1.3189 9.8414, 0.6514 1.3189 9.7898, 0.9974 1.3189 9.7132, 1.6557 -6.7126 9.4917, 1.3371 1.3189 9.6119, 1.6521 -1.2008 9.4933, 1.6685 1.3189 9.4864, -0.4071 1.3189 9.8681, 1.6683 -1.2008 9.486, -0.7607 1.3189 9.8432, -1.1115 1.3189 9.7929, -1.4578 1.3189 9.7175, -1.7978 1.3189 9.6174, -1.9498 1.3189 1.021, -2.0823 1.3189 1.0987, -1.7869 1.3189 0.9709, -4.0116 1.3189 0.047, -4.179 1.3189 0.0401, -4.1367 1.3189 0.5228, -4.0185 1.3189 1.5725, -4.3743 1.3189 2.2698, -3.581 1.3189 2.2916, -4.255 1.3189 0.5361, -4.6566 1.3189 0.1824, -4.3673 1.3189 0.5755, -4.506 1.3189 0.1088, -4.3454 1.3189 0.0609, -4.4681 1.3189 0.6388, -4.793 1.3189 0.2799, -4.5523 1.3189 0.723, -5.0089 1.3189 0.5349, -4.6156 1.3189 0.8237, -4.9115 1.3189 0.3985, -5.1302 1.3189 0.8461, -5.151 1.3189 1.0125, -4.6549 1.3189 0.9361, -5.0825 1.3189 0.6855, -4.3673 1.3189 1.5332, -4.8545 1.3189 1.7721, -4.4859 1.3189 2.1408, -5.144 1.3189 1.18, -5.1096 1.3189 1.344, -4.6549 1.3189 1.1726, -4.5523 1.3189 1.3857, -4.9629 1.3189 1.6442, -4.1653 1.3189 2.7329, -4.1423 1.3189 2.9019, -3.9426 1.3189 2.8236, -4.6682 1.3189 1.0543, -4.6156 1.3189 1.2849, -5.0487 1.3189 1.5002, -3.6186 1.3189 1.1726, -3.6579 1.3189 1.2849, -2.8993 1.3189 1.6101, -4.2825 1.3189 2.4135, -3.7718 1.3189 2.5508, -4.2123 1.3189 2.5689, -4.1439 1.3189 3.0724, -4.0924 1.3189 3.1086, -4.1701 1.3189 3.241, -2.2887 1.3189 1.0488, -2.4576 1.3189 1.0259, -2.3672 1.3189 1.2485, -4.2203 1.3189 3.404, -3.3711 1.3189 2.0475, -3.7212 1.3189 1.3857, -3.8054 1.3189 1.4699, -3.6052 1.3189 1.0543, -2.9206 1.3189 0.8171, -3.1435 1.3189 1.8199, -2.7769 1.3189 0.9088, -3.5473 1.3189 0.2279, -3.8054 1.3189 0.6388, -3.4193 1.3189 0.3362, -2.6401 1.3189 1.4192, -2.6215 1.3189 0.9789, -2.1183 1.3189 1.0472, -3.6579 1.3189 0.8237, -3.0496 1.3189 0.7056, -3.8475 1.3189 0.0813, -3.9061 1.3189 0.5755, -3.6913 1.3189 0.1422, -3.6186 1.3189 0.9361, -4.0185 1.3189 0.5361, -4.1367 1.3189 1.5858, -4.255 1.3189 1.5725, -3.7212 1.3189 0.723, -3.9061 1.3189 1.5332, -4.4681 1.3189 1.4699, -1.6721 1.3189 8.5663, -1.8045 1.3189 8.5109, -2.3908 1.3189 8.6424, -2.3049 1.3189 8.6912, -2.0401 1.3189 8.3977, -2.2179 1.3189 8.7379, 3.4279 1.3189 8.3713, 3.5403 1.3189 8.332, 2.7255 1.3189 8.0277, 4.5635 1.3189 9.3225, 4.0741 1.3189 9.1815, 3.9899 1.3189 9.2657, -2.1193 1.3189 8.3552, -2.1974 1.3189 8.3108, 1.4488 1.3189 8.851, 1.9126 1.3189 8.6424, 2.1968 1.3189 9.3787, 4.1767 1.3189 8.7319, 4.6794 1.3189 8.8562, 4.6675 1.3189 8.6952, 3.1404 1.3189 8.9684, 3.8891 1.3189 9.329, 4.4777 1.3189 9.4593, 4.6267 1.3189 9.1739, 3.7768 1.3189 9.3683, 4.2473 1.3189 9.6841, 4.3714 1.3189 9.5809, 3.6585 1.3189 9.3817, 4.1084 1.3189 9.7665, 3.9583 1.3189 9.826, 3.8006 1.3189 9.8611, 3.6394 1.3189 9.8708, 4.1374 1.3189 9.0808, 4.6656 1.3189 9.0171, 4.1767 1.3189 8.9684, 4.19 1.3189 8.8502, 2.1996 1.3189 8.4593, 3.1404 1.3189 8.7319, 3.1746 1.3189 9.7491, 3.5403 1.3189 9.3683, 3.039 1.3189 9.6615, 4.4849 1.3189 8.2508, 4.38 1.3189 8.128, 3.8891 1.3189 8.3713, 3.7768 1.3189 8.332, 4.6305 1.3189 8.538, 4.1374 1.3189 8.6196, 3.6585 1.3189 8.3187, 4.1875 1.3189 7.9356, 2.961 1.3189 7.7818, 3.1797 1.3189 8.6196, 4.0587 1.3189 7.79, 3.9489 1.3189 7.6297, 3.8596 1.3189 7.4571, 3.1761 1.3189 7.518, 3.7923 1.3189 7.2748, 3.3696 1.3189 7.2379, 3.7305 1.3189 6.698, 3.5402 1.3189 6.9433, 3.7273 1.3189 6.8923, 3.748 1.3189 7.0856, 3.6867 1.3189 6.636, 3.7577 1.3189 6.5056, 3.8083 1.3189 6.318, 3.9899 1.3189 8.4346, 4.5691 1.3189 8.3886, 2.5547 1.3189 9.4244, 3.243 1.3189 9.1815, 3.1797 1.3189 9.0808, 4.0741 1.3189 8.5188, 1.7192 1.3189 8.3108, 1.6412 1.3189 8.3551, 2.0165 1.3189 9.3913, 2.3773 1.3189 9.3898, 1.8394 1.3189 9.4274, 1.3263 1.3189 8.5109, 1.1939 1.3189 8.5663, 1.5622 1.3189 8.3976, 3.127 1.3189 8.8502, 3.4279 1.3189 9.329, 3.3271 1.3189 9.2657, 2.8884 1.3189 9.5614, 3.243 1.3189 8.5188, 2.4711 1.3189 8.254, 3.3271 1.3189 8.4346, 3.3225 1.3189 9.8141, 3.4787 1.3189 9.855, 2.726 1.3189 9.4819, -4.0364 1.2402 0.6129, -4.1367 1.2795 0.591, -4.1371 1.2402 0.6016, -4.5884 1.2795 0.9512, -4.5781 1.2402 0.9535, -4.5447 1.2402 0.8581, -4.6165 1.3084 0.9448, -4.5542 1.2795 0.8533, -4.5801 1.3084 0.8408, -4.5895 1.2402 1.0543, -4.6 1.2795 1.0543, -4.5215 1.3084 0.7475, -4.4256 1.2795 0.6921, -4.4436 1.3084 0.6696, -4.499 1.2795 0.7655, -4.0272 1.3084 0.5745, -4.0336 1.2795 0.6026, -3.9357 1.2795 0.6369, -4.3378 1.2795 0.6369, -4.2399 1.2795 0.6026, -4.3503 1.3084 0.6109, -3.752 1.3084 0.7475, -3.7745 1.2795 0.7655, -3.7193 1.2795 0.8533, -3.8479 1.2795 0.6921, -3.8299 1.3084 0.6696, -3.9232 1.3084 0.6109, -3.6851 1.2795 0.9512, -3.6734 1.2795 1.0543, -3.657 1.3084 0.9448, -3.6934 1.3084 0.8408, -3.6446 1.3084 1.0543, -3.684 1.2402 1.0543, -3.6954 1.2402 0.9535, -3.7829 1.2402 0.7719, -3.7289 1.2402 0.8578, -3.9406 1.2402 0.6463, -3.8547 1.2402 0.7002, -4.1367 1.3084 0.5622, -4.2463 1.3084 0.5745, -4.3335 1.2402 0.6466, -4.2379 1.2402 0.613, -4.4193 1.2402 0.7006, -4.4909 1.2402 0.7723, -4.6289 1.3084 1.0543, -4.2371 1.2402 1.4958, -4.1367 1.2795 1.5176, -4.1363 1.2402 1.507, -3.6851 1.2795 1.1574, -3.6954 1.2402 1.1552, -3.7288 1.2402 1.2505, -3.657 1.3084 1.1638, -3.7193 1.2795 1.2553, -3.6934 1.3084 1.2679, -3.752 1.3084 1.3612, -3.8479 1.2795 1.4166, -3.8299 1.3084 1.4391, -3.7745 1.2795 1.3432, -4.2463 1.3084 1.5341, -4.2399 1.2795 1.506, -4.3378 1.2795 1.4718, -3.9357 1.2795 1.4718, -4.0336 1.2795 1.506, -3.9232 1.3084 1.4977, -4.5215 1.3084 1.3612, -4.499 1.2795 1.3432, -4.5542 1.2795 1.2553, -4.4256 1.2795 1.4166, -4.4436 1.3084 1.4391, -4.3503 1.3084 1.4977, -4.5884 1.2795 1.1574, -4.6165 1.3084 1.1638, -4.5801 1.3084 1.2679, -4.5781 1.2402 1.1552, -4.4906 1.2402 1.3368, -4.5446 1.2402 1.2509, -4.3329 1.2402 1.4624, -4.4188 1.2402 1.4085, -4.1367 1.3084 1.5465, -4.0272 1.3084 1.5341, -3.94 1.2402 1.462, -4.0356 1.2402 1.4956, -3.8542 1.2402 1.408, -3.7826 1.2402 1.3363, -4.1367 -0.8071 1.5071, -4.2375 -1.122 1.4957, -3.7288 -0.8071 1.2508, -3.7828 -0.8071 1.3366, -3.6953 -0.8071 1.1551, -3.684 -0.8071 1.0543, -3.8545 -0.8071 1.4083, -3.9403 -0.8071 1.4622, -4.036 -0.8071 1.4957, -4.3332 -1.122 1.4622, -4.5447 -1.122 1.2508, -4.4907 -1.122 1.3366, -4.419 -1.122 1.4083, -4.5782 -1.122 1.1551, -4.5895 -1.122 1.0543, -4.1367 -1.122 1.5071, -4.6 -1.1614 1.0543, -4.5884 -1.1614 1.1574, -4.6165 -1.1902 1.1638, -4.2399 -1.1614 1.506, -4.2463 -1.1902 1.5341, -4.3378 -1.1614 1.4718, -4.4436 -1.1902 1.4391, -4.4256 -1.1614 1.4166, -4.3503 -1.1902 1.4977, -4.1367 -1.2008 1.5858, -4.255 -1.2008 1.5725, -4.499 -1.1614 1.3432, -4.6682 -1.2008 1.0543, -4.6289 -1.1902 1.0543, -4.6549 -1.2008 1.1726, -4.5801 -1.1902 1.2679, -4.5542 -1.1614 1.2553, -4.5215 -1.1902 1.3612, -4.4681 -1.2008 1.4699, -4.5523 -1.2008 1.3857, -4.1367 -1.1902 1.5465, -4.1367 -1.1614 1.5176, -4.6156 -1.2008 1.2849, -4.3673 -1.2008 1.5332, -4.0336 -1.1614 1.506, -3.9232 -1.1902 1.4977, -4.0272 -1.1902 1.5341, -3.6446 -1.1902 1.0543, -3.657 -1.1902 0.9448, -3.6072 -1.2008 1.0086, -4.0359 -1.122 1.4957, -3.8479 -1.1614 1.4166, -3.8299 -1.1902 1.4391, -3.9357 -1.1614 1.4718, -3.9406 -1.122 1.4623, -4.0249 -1.2008 1.5739, -3.7745 -1.1614 1.3432, -3.752 -1.1902 1.3612, -3.6933 -1.1902 1.2679, -3.7193 -1.1614 1.2553, -3.685 -1.1614 1.1574, -3.6569 -1.1902 1.1638, -3.6734 -1.1614 1.0543, -3.8479 -1.1614 0.6921, -3.8299 -1.1902 0.6696, -3.7745 -1.1614 0.7655, -3.6851 -1.1614 0.9512, -4.0272 -1.1902 0.5745, -3.933 -1.2008 0.5634, -3.9232 -1.1902 0.6109, -3.7446 -1.2008 0.6956, -3.752 -1.1902 0.7475, -4.274 -1.2008 0.5409, -4.2462 -1.1902 0.5745, -4.3503 -1.1902 0.6109, -4.2399 -1.1614 0.6026, -4.1367 -1.1614 0.591, -4.5801 -1.1902 0.8408, -4.499 -1.1614 0.7655, -4.5541 -1.1614 0.8533, -4.4782 -1.2008 0.6471, -4.4436 -1.1902 0.6696, -4.5215 -1.1902 0.7475, -4.6556 -1.2008 0.9393, -4.6165 -1.1902 0.9448, -4.5884 -1.1614 0.9512, -4.5781 -1.122 0.9535, -4.6184 -1.2008 0.8296, -4.5583 -1.2008 0.7307, -4.3378 -1.1614 0.6369, -4.4256 -1.1614 0.6921, -4.382 -1.2008 0.5828, -4.0441 -1.2008 0.531, -4.1367 -1.1902 0.5622, -4.1596 -1.2008 0.5233, -3.8315 -1.2008 0.6192, -4.0336 -1.1614 0.6026, -3.9357 -1.1614 0.6369, -3.6933 -1.1902 0.8408, -3.6297 -1.2008 0.895, -3.6762 -1.2008 0.7891, -3.7193 -1.1614 0.8533, -3.6072 -1.2008 1.1, -3.918 -1.2008 1.5387, -3.8548 -1.122 1.4085, -3.8209 -1.2008 1.4818, -3.7831 -1.122 1.3369, -3.738 -1.2008 1.4057, -3.729 -1.122 1.2511, -3.673 -1.2008 1.3139, -3.6955 -1.122 1.1555, -3.6287 -1.2008 1.2105, -3.684 -1.122 1.0547, -3.6953 -1.122 0.9538, -3.7288 -1.122 0.858, -3.7827 -1.122 0.7721, -3.8544 -1.122 0.7004, -3.9401 -1.122 0.6465, -4.0357 -1.122 0.6131, -4.1363 -1.122 0.6016, -4.2371 -1.122 0.6129, -4.3328 -1.122 0.6463, -4.4187 -1.122 0.7001, -4.4905 -1.122 0.7718, -4.5446 -1.122 0.8577, 3.1896 -1.2008 7.5001, 3.3786 -1.2008 7.2237, 3.8596 -1.2008 7.4571, 3.7768 -1.2008 9.3683, 3.9583 -1.2008 9.826, 3.8006 -1.2008 9.8611, 3.1404 -1.2008 8.7319, 3.127 -1.2008 8.8502, 2.2615 -1.2008 8.8113, 4.1767 -1.2008 8.9684, 4.6267 -1.2008 9.1739, 4.5635 -1.2008 9.3225, 4.2473 -1.2008 9.6841, 3.9899 -1.2008 9.2657, 4.0741 -1.2008 9.1815, 4.6675 -1.2008 8.6952, 4.6794 -1.2008 8.8562, 4.19 -1.2008 8.8502, 4.6656 -1.2008 9.0171, 4.1374 -1.2008 9.0808, 3.9489 -1.2008 7.6297, 3.5403 -1.2008 8.332, 4.1374 -1.2008 8.6196, 4.5691 -1.2008 8.3886, 4.1767 -1.2008 8.7319, 4.6305 -1.2008 8.538, 4.38 -1.2008 8.128, 3.9899 -1.2008 8.4346, 4.1875 -1.2008 7.9356, 4.4849 -1.2008 8.2508, 4.0741 -1.2008 8.5188, 4.4777 -1.2008 9.4593, 4.1084 -1.2008 9.7665, 3.8891 -1.2008 9.329, 3.6394 -1.2008 9.8708, 3.6585 -1.2008 9.3817, 3.5403 -1.2008 9.3683, 3.4787 -1.2008 9.855, 3.243 -1.2008 8.5188, 3.1797 -1.2008 8.6196, 2.7496 -1.2008 8.0043, 3.3271 -1.2008 8.4346, 3.7923 -1.2008 7.2748, 3.748 -1.2008 7.0856, 3.3225 -1.2008 9.8141, 3.1746 -1.2008 9.7491, 3.4279 -1.2008 9.329, 3.5454 -1.2008 6.9333, 3.7305 -1.2008 6.698, 3.7273 -1.2008 6.8923, 2.2286 -1.2008 8.7397, 2.5013 -1.2008 8.229, 3.6889 -1.2008 6.6308, 2.0347 -1.2008 8.6162, 2.2363 -1.2008 8.4336, 2.1104 -1.2008 8.638, 3.7577 -1.2008 6.5056, 2.1816 -1.2008 9.094, 2.2309 -1.2008 9.0352, 2.3784 -1.2008 9.3899, 3.8083 -1.2008 6.318, 3.3271 -1.2008 9.2657, 3.039 -1.2008 9.6615, 2.1769 -1.2008 8.6803, 2.1983 -1.2008 9.3787, 2.1181 -1.2008 9.1369, 2.0452 -1.2008 9.1606, 1.8942 -1.2008 9.1449, 1.9686 -1.2008 9.1633, 1.8894 -1.2008 9.1926, 2.262 -1.2008 8.9652, 2.2727 -1.2008 8.8893, 2.5555 -1.2008 9.4246, 1.956 -1.2008 8.6168, 2.8886 -1.2008 9.5616, 2.7266 -1.2008 9.4822, 3.1797 -1.2008 9.0808, 3.1404 -1.2008 8.9684, 2.0182 -1.2008 9.3911, 1.8791 -1.2008 9.2387, 1.8632 -1.2008 9.2835, 1.8413 -1.2008 9.4269, 1.842 -1.2008 9.3262, 1.7849 -1.2008 9.4023, 1.8157 -1.2008 9.366, 1.7112 -1.2008 9.4625, 1.7499 -1.2008 9.4347, 4.3714 -1.2008 9.5809, 3.8891 -1.2008 8.3713, 3.7768 -1.2008 8.332, 4.0587 -1.2008 7.79, 3.6585 -1.2008 8.3187, 3.243 -1.2008 9.1815, 2.9795 -1.2008 7.7608, 3.4279 -1.2008 8.3713, 1.7621 -1.2008 8.7261, 1.7841 -1.2008 8.7144, 1.7672 -1.2008 8.7373, 1.7527 -1.2008 8.7619, 1.7401 -1.2008 8.7377, -0.436 -1.2008 0.6806, -2.2044 -1.2008 0.6806, -2.2044 -1.2008 0.0393, -0.436 -1.2008 0.0396, 1.7261 -1.2008 0.6806, -0.0423 -1.2008 0.6806, -0.0423 -1.2008 0.0396, 1.7261 -1.2008 0.0393, 2.5466 -1.2008 1.7139, 2.2956 -1.2008 1.5139, 2.2956 -1.2008 1.2711, 2.8711 -1.2008 1.2711, 3.0 -1.2008 2.1674, 2.7818 -1.2008 1.9321, 2.8711 -1.2008 0.6806, 2.2956 -1.2008 0.0393, 3.5404 -1.2008 0.0393, 3.1999 -1.2008 2.4184, 3.3804 -1.2008 2.6836, 3.5404 -1.2008 2.9617, 2.2956 -1.2008 0.6806, -3.6072 -1.2008 3.6618, -4.1701 -1.2008 3.241, -3.6072 -1.2008 3.3099, -3.6072 -1.2008 1.4715, -2.9765 -1.2008 1.673, -2.7739 -1.2008 1.2711, -2.7739 -1.2008 1.5139, -2.6629 -1.2008 2.4782, -3.371 -1.2008 3.3099, -3.3513 -1.2008 2.4782, -3.371 -1.2008 2.2145, -3.3513 -1.2008 2.0263, -5.1021 -1.2008 0.7406, -4.1367 -1.2008 0.0393, -3.6072 -1.2008 1.843, -3.6072 -1.2008 2.2145, -4.2825 -1.2008 2.4135, -4.3743 -1.2008 2.2698, -4.8545 -1.2008 1.7721, -4.4859 -1.2008 2.1408, -5.0412 -1.2008 1.5151, -5.1021 -1.2008 1.368, -4.958 -1.2008 1.651, -5.1393 -1.2008 1.2131, -5.1518 -1.2008 1.0543, -4.958 -1.2008 0.4577, -5.0412 -1.2008 0.5935, -4.7334 -1.2008 0.2331, -4.8545 -1.2008 0.3365, -4.4504 -1.2008 0.0889, -4.2955 -1.2008 0.0517, -4.5976 -1.2008 0.1499, -3.9602 -1.2008 0.0393, -3.7837 -1.2008 0.0393, -3.6072 -1.2008 0.3624, -3.6072 -1.2008 0.0393, -3.6072 -1.2008 0.6855, -3.3493 -1.2008 1.2711, -3.1692 -1.2008 1.844, -3.371 -1.2008 0.0393, -5.1393 -1.2008 0.8955, -4.2203 -1.2008 3.404, -4.2123 -1.2008 2.5689, -4.1423 -1.2008 2.9019, -4.1653 -1.2008 2.7329, -4.1439 -1.2008 3.0724, -4.417 -1.2008 4.0623, -4.3319 -1.2008 3.7292, -3.371 -1.2008 3.6618, -2.6629 -1.2008 4.0623, -3.3493 -1.2008 0.6806, -2.7739 -1.2008 0.6806, -2.7739 -1.2008 0.0393, 1.9971 -8.3268 9.1648, 1.912 -8.3268 9.1513, 1.735 -8.3268 8.9744, 1.7742 -8.3268 9.0512, 1.8351 -8.3268 9.1122, 2.2201 -8.3268 9.0512, 2.0823 -8.3268 9.1513, 2.1591 -8.3268 9.1122, 1.7215 -8.3268 8.8893, 2.2592 -8.3268 8.9744, 2.2727 -8.3268 8.8893, 1.6522 -7.7625 9.4932, 1.6518 -7.4344 9.4934, 1.7401 -2.8543 8.7377, 1.7621 -2.8543 8.7261, 1.7841 -2.8543 8.7144, -2.9056 -2.8543 1.6151, -3.1358 -2.8543 1.8128, -3.3513 -2.8543 2.0263, -2.757 -1.2797 1.5015, -2.7207 -1.3479 1.4753, -2.6621 -2.8543 1.4342, -2.6704 -1.4017 1.4399, -2.6105 -1.4395 1.3993, -2.5445 -1.4611 1.3561, -2.4755 -1.4662 1.3128, -2.4062 -2.8543 1.2711, -2.4062 -1.4542 1.2711, -4.4658 2.5 4.3344, -4.4037 2.5 4.0019, -4.417 -2.8543 4.0623, -4.4734 -2.8543 4.3887, -4.448 2.5 5.6819, -4.4925 2.5 5.3466, -4.4893 -2.8543 5.3803, -4.5097 -2.8543 5.0497, -4.5104 2.5 5.0089, -4.5043 -2.8543 4.7185, -4.1557 -2.8543 6.6574, -4.0112 2.5 6.9569, -4.158 2.5 6.6521, -4.3721 -2.8543 6.0318, -4.2802 2.5 6.3367, -4.3771 2.5 6.0126, -3.22 -2.8543 8.0118, -3.1989 2.5 8.0323, -3.4333 2.5 7.7884, -3.8452 -2.8543 7.242, -3.6569 -2.8543 7.5145, -3.8407 2.5 7.249, -2.974 -2.8543 8.2336, -2.7115 -2.8543 8.4357, -2.9459 2.5 8.2568, -2.4342 -2.8543 8.6168, -2.676 2.5 8.4606, -2.4342 -1.2008 8.6168, -2.3908 2.5 8.6424, -2.3488 -1.2008 8.6666, -3.4481 -2.8543 7.7717, -2.2623 -1.2008 8.7144, -2.2401 -2.8543 8.7262, -2.2179 -2.8543 8.7379, -2.2623 -2.8543 8.7144, -3.6477 2.5 7.5268, -4.0118 -2.8543 6.9557, -4.276 -2.8543 6.3488, -4.4433 -2.8543 5.7083, -4.5015 2.5 4.6707, -4.3154 2.5 3.6753, -4.2016 2.5 3.3568, -3.9003 2.5 2.7517, -4.063 2.5 3.0483, -3.2795 2.5 1.9518, -3.5074 2.5 2.2017, -3.7148 2.5 2.4689, -2.7681 2.5 1.5097, -2.4878 2.5 1.3204, -3.0326 2.5 1.7206, -1.5698 2.5 0.8932, -1.4698 -0.8071 0.8617, -1.7869 -0.8071 0.9709, -1.8868 2.5 1.0111, -0.4813 -0.8071 0.6874, -0.815 -0.8071 0.7196, -0.5769 2.5 0.694, -1.1452 -0.8071 0.7778, -1.2444 2.5 0.8006, -0.9128 2.5 0.7341, 0.4349 2.5 0.7341, 0.5207 -0.8071 0.7487, 0.1887 -0.8071 0.7021, 0.099 2.5 0.694, -0.146 -0.8071 0.6816, -0.239 2.5 0.6806, 1.7821 -0.8071 1.189, 1.7154 2.5 1.154, 2.0098 2.5 1.3205, 1.4088 2.5 1.0113, 1.1687 -0.8071 0.9193, 1.0918 2.5 0.8932, 2.4843 -2.8543 1.6613, 2.2901 2.5 1.5099, 2.071 -0.8071 1.3591, 3.3777 -2.8543 2.6794, 3.1855 -2.8543 2.3989, 3.0293 2.5 2.2019, 2.8457 -0.8071 1.9975, 2.8015 2.5 1.9519, 3.8127 -2.8543 3.5995, 3.6923 -2.8543 3.2815, 3.7235 2.5 3.357, 3.5404 1.3189 2.9617, 3.547 -2.8543 2.9742, 3.9759 -2.8543 4.259, 3.9074 -2.8543 3.926, 3.9255 2.5 4.0021, 3.8373 2.5 3.6755, 4.0177 -2.8543 4.5963, 3.9877 2.5 4.3346, 4.0233 2.5 4.6709, 3.7049 -2.8543 6.593, 3.5619 -2.8543 6.9014, 4.0203 -2.8543 5.2757, 4.0322 2.5 5.009, 4.0143 2.5 5.3468, 4.0325 -2.8543 4.936, 3.9151 -2.8543 5.947, 3.9698 2.5 5.6821, 3.8988 2.5 6.0128, 3.9811 -2.8543 5.6134, 3.8019 2.5 6.3368, 3.8229 -2.8543 6.2742, 3.5329 2.5 6.957, 3.6797 2.5 6.6522, 3.3625 2.5 7.2491, 3.1695 2.5 7.5269, 2.9551 2.5 7.7885, 2.7207 2.5 8.0323, 2.4677 2.5 8.2568, 2.1978 2.5 8.4606, 1.9126 2.5 8.6424, 2.7606 -2.8543 7.9935, 2.9929 -2.8543 7.7453, 2.5092 -2.8543 8.2224, 2.2405 -2.8543 8.4306, 1.956 -2.8543 8.6168, 3.2048 -2.8543 7.4794, 3.3949 -2.8543 7.1975, 3.5849 2.5 3.0485, 2.9716 -2.8543 2.1347, 2.5546 2.5 1.7208, 2.6045 -0.8071 1.7646, 2.7373 -2.8543 1.8883, 2.1922 -1.4015 1.44, 2.2425 -1.3478 1.4754, 2.2139 -2.8543 1.4551, 2.3457 -0.8071 1.5514, 1.4807 -0.8071 1.0421, 1.928 -1.4542 1.2711, 1.9973 -1.4662 1.3128, 1.928 -2.8543 1.2711, 0.848 -0.8071 0.8213, 0.7665 2.5 0.8006, 2.0664 -1.461 1.3562, 2.1323 -1.4393 1.3993, 2.2787 -1.2795 1.5015, 3.068 -0.8071 2.2485, 3.068 1.328 2.2485, 3.2367 2.5 2.4691, 3.2414 1.3247 2.4757, 3.3989 1.3216 2.7134, 3.4223 2.5 2.7519, -2.1934 2.5 1.1539, 1.9031 -2.9879 8.6304, 1.9335 -2.95 8.6213, 1.912 -8.3268 8.6272, 1.9971 -8.3268 8.6137, 1.9504 -2.9036 8.6176, 1.7742 -8.3268 8.7273, 2.0823 -8.3268 8.6272, 1.7877 -2.9037 8.71, 1.8007 -2.9492 8.6962, 1.824 -2.9867 8.6753, 1.8351 -8.3268 8.6663, 1.861 -3.0046 8.6497, 2.2201 -8.3268 8.7273, 2.1591 -8.3268 8.6663, 2.2592 -8.3268 8.8041, 1.735 -8.3268 8.8041, 3.5943 -3.2719 3.5016, 3.465 -3.2719 3.1976, 3.5314 -3.1824 3.1662, 1.8985 -3.3453 8.3441, 2.1646 -3.3453 8.1609, 2.2183 -3.2719 8.2326, 3.6127 -3.3453 3.8398, 3.6986 -3.2719 3.8149, 3.6897 -3.3453 4.1535, 3.5106 -3.3453 3.5333, 2.7712 -3.1824 2.0636, 2.994 -3.1824 2.3153, 2.9371 -3.2719 2.3617, 3.3842 -3.3453 3.236, 3.2342 -3.3453 2.9498, 3.3117 -3.2719 2.9051, 2.6136 -3.4449 2.6258, 2.5001 -3.4335 2.3238, 2.7028 -3.4335 2.5528, 2.7182 -3.2719 2.1144, 2.5289 -3.1824 1.8306, 2.5874 -2.9695 1.7646, 2.3215 -2.9695 1.5474, 3.1354 -3.2719 2.6259, 3.1958 -3.1824 2.5842, 1.6251 -3.3453 1.4028, 1.9048 -3.3453 1.5644, 1.8502 -3.3999 1.6507, 2.2032 -3.4449 2.1981, 2.0427 -3.4335 1.9182, 2.2795 -3.4335 2.1117, 1.791 -3.4335 1.7443, 1.9735 -3.4449 2.0104, 1.7295 -3.4449 1.8418, 1.2498 -3.4335 1.4601, 1.2932 -3.3999 1.3582, 1.5261 -3.4335 1.5913, 1.5776 -3.3999 1.4932, 1.0554 -3.402 1.2711, 0.6864 -3.4337 1.2711, 0.8712 -3.4217 1.2711, 0.9638 -3.4335 1.3515, 1.238 -3.3714 1.2711, 0.9273 -3.4449 1.4608, 0.6424 -3.4449 1.3783, 0.5014 -3.4404 1.2711, 0.3518 -3.4449 1.3189, 0.3164 -3.4435 1.2711, 0.1311 -3.4447 1.2711, 3.3754 -3.1824 2.8684, 3.0617 -3.3453 2.6767, 2.8678 -3.3453 2.4183, 0.0573 -3.4449 1.2831, -0.2391 -3.4449 1.2711, -0.0539 -3.445 1.2711, 3.663 -3.1824 3.4756, 3.7774 -3.2719 4.1357, 3.7413 -3.3453 4.4724, 3.767 -3.3453 4.7945, 3.8301 -3.2719 4.4617, 3.7692 -3.1824 3.7946, 3.8564 -3.2719 4.7909, 3.7667 -3.3453 5.1175, 3.8494 -3.1824 4.121, 3.8561 -3.2719 5.1212, 3.7404 -3.3453 5.4395, 3.903 -3.1824 4.4529, 3.8292 -3.2719 5.4504, 3.6882 -3.3453 5.7583, 3.9298 -3.1824 4.788, 3.7759 -3.2719 5.7763, 3.6106 -3.3453 6.0719, 3.9295 -3.1824 5.1242, 3.5079 -3.3453 6.3782, 3.6965 -3.2719 6.0969, 3.9021 -3.1824 5.4593, 3.5916 -3.2719 6.4101, 3.3809 -3.3453 6.6753, 3.8478 -3.1824 5.7911, 3.4618 -3.2719 6.7137, 3.2305 -3.3453 6.9612, 3.767 -3.1824 6.1174, 3.0575 -3.3453 7.234, 3.3079 -3.2719 7.006, 3.6602 -3.1824 6.4362, 3.131 -3.2719 7.2849, 2.863 -3.3453 7.492, 3.5281 -3.1824 6.7453, 2.9323 -3.2719 7.5487, 2.6485 -3.3453 7.7335, 3.3715 -3.1824 7.0428, 2.7129 -3.2719 7.7956, 2.9891 -3.1824 7.5952, 3.1914 -3.1824 7.3267, 2.7658 -3.1824 7.8466, 2.4744 -3.2719 8.0241, 2.4152 -3.3453 7.957, 2.523 -3.1824 8.0791, 2.2623 -3.1824 8.2913, 1.9462 -3.2719 8.4198, 1.6939 -3.1824 8.6495, 2.0145 -3.0803 8.5281, 1.7192 -3.0803 8.6979, 1.6599 -3.2719 8.5845, 1.6185 -3.3453 8.5051, 2.0324 -2.9695 8.5565, 1.9854 -3.1824 8.4819, 2.1034 -3.3999 8.0792, 1.844 -3.3999 8.2577, 1.785 -3.4335 8.164, 1.7348 -2.9695 8.7277, 1.5712 -3.3999 8.4147, 2.4208 -3.3453 1.9525, 2.1706 -3.3453 1.748, 2.2244 -3.2719 1.6765, 1.5198 -3.4335 8.3165, 1.7236 -3.4449 8.0665, 1.4664 -3.4449 8.2144, 1.9679 -3.4449 7.8984, 2.037 -3.4335 7.9906, 3.3115 -3.4335 3.6086, 3.2974 -3.4449 3.9308, 3.2037 -3.4449 3.6494, 2.2742 -3.4335 7.7974, 2.3152 -2.9695 8.3619, 2.295 -3.0803 8.335, 2.1979 -3.4449 7.7112, 2.4952 -3.4335 7.5858, 2.3476 -3.3999 7.8805, 2.5814 -2.9695 8.1452, 2.5592 -3.0803 8.12, 2.4121 -3.4449 7.506, 2.6983 -3.4335 7.3571, 2.5749 -3.3999 7.6627, 2.8293 -2.9695 7.9077, 2.8051 -3.0803 7.8844, 2.6091 -3.4449 7.2843, 2.8824 -3.4335 7.1128, 2.784 -3.3999 7.4273, 3.0573 -2.9695 7.6511, 3.0313 -3.0803 7.6298, 2.7876 -3.4449 7.0474, 3.0462 -3.4335 6.8545, 2.9735 -3.3999 7.1759, 3.2639 -2.9695 7.3769, 3.2363 -3.0803 7.3578, 2.9465 -3.4449 6.7969, 3.1887 -3.4335 6.5838, 3.1421 -3.3999 6.91, 3.4478 -2.9695 7.087, 3.4187 -3.0803 7.0701, 3.0846 -3.4449 6.5344, 3.309 -3.4335 6.3025, 3.2888 -3.3999 6.6314, 3.6077 -2.9695 6.7832, 3.5773 -3.0803 6.7688, 3.2012 -3.4449 6.2617, 3.4062 -3.4335 6.0125, 3.4125 -3.3999 6.3419, 3.7426 -2.9695 6.4675, 3.7112 -3.0803 6.4556, 3.2955 -3.4449 5.9804, 3.4797 -3.4335 5.7155, 3.5125 -3.3999 6.0434, 3.8517 -2.9695 6.142, 3.8194 -3.0803 6.1327, 3.3668 -3.4449 5.6925, 3.5291 -3.4335 5.4136, 3.5882 -3.3999 5.7378, 3.9342 -2.9695 5.8088, 3.9013 -3.0803 5.8021, 3.4147 -3.4449 5.3997, 3.554 -3.4335 5.1087, 3.639 -3.3999 5.4271, 3.9896 -2.9695 5.47, 3.9563 -3.0803 5.4659, 3.4389 -3.4449 5.1041, 3.5543 -3.4335 4.8028, 3.6647 -3.3999 5.1133, 4.0176 -2.9695 5.1279, 3.984 -3.0803 5.1265, 3.4391 -3.4449 4.8074, 3.5299 -3.4335 4.4979, 3.665 -3.3999 4.7985, 4.0179 -2.9695 4.7846, 3.9843 -3.0803 4.7859, 3.4155 -3.4449 4.5117, 3.4811 -3.4335 4.1959, 3.6399 -3.3999 4.4846, 3.9906 -2.9695 4.4424, 3.9572 -3.0803 4.4464, 3.3682 -3.4449 4.2189, 3.4081 -3.4335 3.8988, 3.5897 -3.3999 4.1738, 3.9358 -2.9695 4.1035, 3.9029 -3.0803 4.1102, 3.0877 -3.4449 3.3765, 2.95 -3.4449 3.1138, 3.0498 -3.4335 3.0561, 3.1918 -3.4335 3.3271, 3.5146 -3.3999 3.8681, 3.8539 -2.9695 3.7701, 3.8216 -3.0803 3.7794, 3.4151 -3.3999 3.5694, 3.7454 -2.9695 3.4444, 3.714 -3.0803 3.4563, 2.7917 -3.4449 2.863, 2.8864 -3.4335 2.7975, 3.2919 -3.3999 3.2797, 3.6111 -2.9695 3.1285, 3.5807 -3.0803 3.1428, 3.1458 -3.3999 3.0008, 3.4518 -2.9695 2.8244, 3.4226 -3.0803 2.8412, 2.417 -3.4449 2.4036, 3.2684 -2.9695 2.5341, 3.2408 -3.0803 2.5532, 2.9776 -3.3999 2.7346, 2.7887 -3.3999 2.4828, 2.8106 -3.0803 2.0258, 3.0624 -2.9695 2.2596, 3.0363 -3.0803 2.2808, 2.6537 -3.3453 2.1764, 2.2685 -3.1824 1.6178, 2.3013 -3.0803 1.5742, 2.8349 -2.9695 2.0025, 2.58 -3.3999 2.2471, 2.4801 -3.2719 1.8855, 2.353 -3.3999 2.0289, 2.5651 -3.0803 1.7897, 1.9527 -3.2719 1.4888, 2.1093 -3.3999 1.8296, 1.4726 -3.4449 1.6933, 1.9919 -3.1824 1.4268, 2.0211 -3.0803 1.3806, 1.875 -3.0297 1.2711, 1.7489 -3.1644 1.2711, 1.5903 -3.2596 1.2711, 1.2047 -3.4449 1.5661, 1.4175 -3.3258 1.2711, -4.2803 -3.2285 4.0623, -4.2816 -3.2719 4.276, -4.3541 -3.1824 4.2639, -2.1971 -3.0803 8.6981, -2.3011 -2.9881 8.6756, -2.3392 -3.0047 8.6496, -2.7257 -3.1824 8.3024, -2.9805 -3.1824 8.0973, -2.9323 -3.2719 8.0419, -2.2777 -2.95 8.697, -2.2126 -2.9695 8.7279, -2.2659 -2.9037 8.71, -3.0164 -3.0803 8.1384, -3.2185 -3.1824 7.8728, -3.2575 -3.0803 7.911, -3.4382 -3.1824 7.6304, -2.7582 -3.0803 8.3462, -2.7782 -2.9695 8.3732, -3.0385 -2.9695 8.1638, -3.5783 -3.2719 7.3289, -3.6775 -3.3453 7.014, -3.5054 -3.3453 7.2771, -3.6382 -3.1824 7.3715, -3.48 -3.0803 7.6654, -3.9086 -3.2719 6.7781, -3.9574 -3.3453 6.4515, -3.8285 -3.3453 6.7382, -2.5024 -2.9695 8.5616, -3.8173 -3.1824 7.0978, -3.8641 -3.0803 7.1258, -3.9744 -3.1824 6.8108, -2.4286 -2.9036 8.6176, -4.146 -3.3453 5.8522, -4.0635 -3.3453 6.1556, -4.1488 -3.2719 6.1824, -4.1085 -3.1824 6.5125, -4.1591 -3.0803 6.5329, -4.2189 -3.1824 6.2045, -4.3579 -3.0803 5.9011, -4.3656 -3.1824 5.5674, -4.3047 -3.1824 5.8888, -4.293 -3.2719 5.5566, -4.2386 -3.3453 5.2309, -4.2045 -3.3453 5.5434, -4.2482 -3.3453 4.9166, -4.3376 -3.2719 4.9158, -4.233 -3.3453 4.6026, -4.4196 -3.0803 5.5754, -4.4012 -3.1824 5.2422, -3.9834 -3.4335 4.3259, -4.0332 -3.4038 4.0623, -3.9279 -3.4338 4.0623, -4.3222 -3.2719 4.5948, -4.1934 -3.3453 4.2908, -4.1272 -3.3584 4.0623, -4.0927 -3.3999 4.3076, -4.4082 -2.9548 4.0623, -4.3818 -3.0529 4.0623, -4.441 -2.9695 4.2494, -4.3386 -3.1453 4.0623, -4.4079 -3.0803 4.2549, -4.2093 -3.2999 4.0623, -3.9062 -3.4449 4.6312, -4.0353 -3.4335 4.9185, -4.021 -3.4335 4.6212, -3.8698 -3.4449 4.3449, -4.3953 -3.1824 4.5884, -4.4111 -3.1824 4.9152, -4.4656 -3.0803 4.9147, -3.811 -3.4449 4.0623, -4.4556 -3.0803 5.246, -4.2709 -3.0803 6.2209, -4.3279 -3.2719 5.2371, -4.0232 -3.0803 6.8351, -4.2332 -3.2719 5.8723, -3.3819 -3.2719 7.5833, -4.0404 -3.2719 6.485, -3.6826 -3.0803 7.4032, -3.7543 -3.2719 7.06, -3.3132 -3.3453 7.5258, -2.5017 -3.4335 8.0006, -2.6579 -3.4449 7.7271, -2.4331 -3.4449 7.9081, -2.2559 -3.4335 8.1685, -2.3147 -3.3999 8.2624, -2.5677 -3.3999 8.0896, -2.7336 -3.4335 7.814, -2.1947 -3.4449 8.0709, -1.9977 -3.4335 8.3167, -2.049 -3.3999 8.4149, -1.9443 -3.4449 8.2146, -3.88 -3.4449 5.4949, -3.8263 -3.4449 5.7785, -3.9385 -3.4335 5.8045, -2.369 -3.3453 8.3489, -2.6286 -3.3453 8.1716, -4.1313 -3.3999 4.6115, -4.4497 -3.0803 4.5837, -4.4832 -2.9695 4.5807, -3.9201 -3.4449 4.9195, -4.0262 -3.4335 5.2161, -4.146 -3.3999 4.9175, -4.4992 -2.9695 4.9144, -3.9113 -3.4449 5.2079, -3.7505 -3.4449 6.057, -3.8604 -3.4335 6.0917, -4.1368 -3.3999 5.2238, -4.4891 -2.9695 5.2483, -3.9939 -3.4335 5.512, -3.6532 -3.4449 6.3287, -3.76 -3.4335 6.3719, -4.1035 -3.3999 5.5283, -4.4528 -2.9695 5.5804, -3.332 -3.4335 7.1536, -3.3962 -3.4449 6.8452, -3.2382 -3.4449 7.0867, -4.0465 -3.3999 5.8293, -4.3907 -2.9695 5.9086, -3.9661 -3.3999 6.1249, -4.303 -2.9695 6.231, -3.6379 -3.4335 6.6434, -3.8627 -3.3999 6.4133, -4.1903 -2.9695 6.5454, -3.5348 -3.4449 6.592, -3.15 -3.4335 7.3892, -3.0617 -3.4449 7.3151, -3.7371 -3.3999 6.6928, -4.0533 -2.9695 6.8501, -3.495 -3.4335 6.9045, -2.9501 -3.4335 7.6098, -2.8679 -3.4449 7.529, -3.59 -3.3999 6.9615, -3.8929 -2.9695 7.1431, -3.4223 -3.3999 7.2178, -3.71 -2.9695 7.4227, -3.235 -3.3999 7.4603, -3.5058 -2.9695 7.687, -3.1022 -3.3453 7.7588, -3.1661 -3.2719 7.8214, -3.0292 -3.3999 7.6873, -3.2815 -2.9695 7.9346, -2.8735 -3.3453 7.9745, -2.8064 -3.3999 7.8975, -2.6819 -3.2719 8.2434, -2.4845 -3.0803 8.5332, -2.4165 -3.2719 8.4247, -2.4555 -3.1824 8.4869, -2.3813 -2.9879 8.6304, -2.0963 -3.3453 8.5053, -2.1378 -3.2719 8.5846, -2.1718 -3.1824 8.6497, -2.4117 -2.95 8.6213, -2.8953 -3.4335 2.2399, -3.0973 -3.4335 2.4537, -3.1807 -3.3999 2.3808, -2.1989 -3.4335 1.7009, -2.1393 -3.4449 1.7995, -2.4447 -3.4335 1.8624, -1.8895 -3.4449 1.6619, -1.5336 -3.4019 1.2711, -1.6735 -3.4335 1.4374, -1.7154 -3.3999 1.3348, -2.8715 -3.2719 1.8107, -2.5684 -3.3453 1.6891, -2.814 -3.3453 1.8792, -2.6773 -3.4335 2.0424, -2.3777 -3.4449 1.9561, -2.6032 -3.4449 2.1307, -1.991 -3.3999 1.4599, -2.6204 -3.2719 1.6163, -2.3088 -3.3453 1.5186, -1.9413 -3.4335 1.559, -2.355 -3.2719 1.442, -2.0368 -3.3453 1.3687, -2.2561 -3.3999 1.606, -2.3929 -3.1824 1.3791, -2.2271 -3.1646 1.2711, -2.0685 -3.2596 1.2711, -2.9753 -2.9695 1.6868, -3.2199 -2.9695 1.9084, -2.6631 -3.1824 1.5565, -2.6948 -3.0803 1.5121, -2.7143 -2.9695 1.4847, -2.3532 -3.0298 1.2711, -2.9187 -3.1824 1.7544, -2.9537 -3.0803 1.7125, -3.3513 -2.9085 2.03, -1.7162 -3.3714 1.2711, -0.8073 -3.4449 1.3153, -0.9796 -3.4401 1.2711, -0.7946 -3.4433 1.2711, -2.9728 -3.3999 2.1608, -1.3495 -3.4217 1.2711, -1.3971 -3.4335 1.3369, -1.3618 -3.4449 1.4465, -3.3513 -3.2866 2.3082, -3.2576 -3.3453 2.3136, -3.3513 -3.3133 2.3563, -1.1646 -3.4336 1.2711, -1.0871 -3.4449 1.3702, -3.3513 -3.3574 2.4544, -3.3513 -3.3366 2.4043, -0.4243 -3.445 1.2711, -0.5241 -3.4449 1.2822, -0.6093 -3.4445 1.2711, -3.3513 -3.4048 2.6101, -3.3513 -3.416 2.6625, -3.3513 -3.3912 2.5566, -3.3513 -3.4252 2.7149, -3.2821 -3.4335 2.6824, -3.3513 -3.4326 2.7699, -3.3513 -3.438 2.8233, -3.3513 -3.4417 2.8762, -3.1898 -3.4449 2.7513, -3.3513 -3.444 2.9307, -3.3513 -3.4448 2.9864, -1.6299 -3.4449 1.544, -3.1068 -3.2719 2.0239, -3.0442 -3.3453 2.0878, -1.8956 -3.3258 1.2711, -3.1582 -3.1824 1.9714, -3.3513 -3.1893 2.1807, -3.3513 -3.1499 2.1435, -2.5091 -3.3999 1.7722, -3.1964 -3.0803 1.9324, -3.3513 -3.1077 2.1106, -3.3513 -3.0618 2.0818, -3.3513 -3.0131 2.0584, -3.3513 -2.9616 2.0408, -2.8146 -3.4449 2.3222, -2.7485 -3.3999 1.9575, -3.3513 -3.3757 2.5058, -3.3513 -3.2246 2.2202, -3.0105 -3.4449 2.5295, -3.3513 -3.2577 2.264, -1.8533 -7.815 1.2711, -1.5226 -7.8543 1.2711, -1.5226 -7.4606 1.2711, -1.1986 -8.2538 1.2711, -1.173 -8.2922 1.2711, -1.2076 -8.2087 1.2711, 1.3751 -4.6949 1.2711, -2.1289 -4.6949 1.2711, -0.436 -7.815 1.2711, -0.0423 -7.815 1.2711, -1.2076 -7.4606 1.2711, -2.799 -6.463 1.2711, -2.8336 -6.3795 1.2711, -2.8246 -6.4247 1.2711, -1.1347 -8.3178 1.2711, -1.8472 -7.8543 1.2711, -0.5541 -8.3268 1.2711, -1.0895 -8.3268 1.2711, -0.4449 -8.2538 1.2711, -0.436 -8.2087 1.2711, -0.4705 -8.2922 1.2711, -0.5089 -8.3178 1.2711, 0.6948 -8.2922 1.2711, 0.7204 -8.2538 1.2711, 0.7294 -8.2087 1.2711, 0.7294 -7.4606 1.2711, -0.0423 -8.2087 1.2711, -0.0333 -8.2538 1.2711, -0.0077 -8.2922 1.2711, 0.0307 -8.3178 1.2711, 0.0759 -8.3268 1.2711, 0.6113 -8.3268 1.2711, 0.6565 -8.3178 1.2711, 1.0444 -7.4606 1.2711, 1.0444 -7.7362 1.2711, 1.3751 -7.7362 1.2711, -1.8533 -4.6949 1.2711, 1.6853 -6.463 1.2711, 1.6507 -6.3795 1.2711, 1.6597 -6.4247 1.2711, 2.2772 -1.2839 1.2711, 2.0123 -1.4665 1.2711, 2.6703 -5.9464 1.2711, 1.7236 -6.4886 1.2711, 2.2373 -6.4976 1.2711, 2.3554 -5.9464 1.2711, 1.7688 -6.4976 1.2711, 2.3208 -6.463 1.2711, 2.3554 -6.3795 1.2711, 2.2825 -6.4886 1.2711, 2.3464 -6.4247 1.2711, 2.6703 -6.4189 1.2711, 2.7491 -6.4976 1.2711, 2.8711 -6.4976 1.2711, 1.6507 -4.6949 1.2711, -3.3493 -6.4976 1.2711, 2.1729 -1.4161 1.2711, 2.235 -1.3578 1.2711, 2.0964 -1.4534 1.2711, -2.1635 -6.463 1.2711, -2.1379 -6.4247 1.2711, -2.1289 -6.3795 1.2711, -2.2018 -6.4886 1.2711, -2.247 -6.4976 1.2711, -3.2667 -6.4976 1.2711, -3.1486 -6.3795 1.2711, -2.6511 -1.4161 1.2711, -2.7554 -1.2839 1.2711, -2.7132 -1.3578 1.2711, -2.5746 -1.4534 1.2711, -2.4905 -1.4665 1.2711, -2.7607 -6.4886 1.2711, -2.7155 -6.4976 1.2711, -1.8135 -8.0738 1.198, -1.5226 -7.9724 1.2318, -1.6317 -8.2998 1.1226, -1.7791 -8.2933 1.1248, -1.7778 -8.2997 1.1226, -1.7408 -8.3268 0.8381, -1.756 -8.3236 1.1005, -1.7666 -8.3171 0.8348, -1.7408 -8.3268 1.0853, -1.7688 -8.3149 1.1133, -1.7797 -8.2934 0.8269, -1.5226 -7.9724 0.72, -1.8472 -7.8543 0.6806, -1.5226 -7.8543 0.6806, -1.6407 -8.3268 0.8381, -1.0895 -8.3268 0.6806, -0.5541 -8.3268 0.6806, 0.0759 -8.3268 0.6806, 0.6113 -8.3268 0.6806, 1.1908 -8.3268 0.8683, 1.2247 -8.3268 1.0834, 1.1908 -8.3268 1.0834, 1.2247 -8.3268 0.8683, -1.6407 -8.3268 1.0853, -0.4705 -8.2922 0.6806, -0.5089 -8.3178 0.6806, -0.4449 -8.2538 0.6806, -0.436 -8.2087 0.6806, -0.436 -7.815 0.6806, -0.0423 -7.815 0.6806, -0.0423 -7.815 0.0393, -0.436 -7.815 0.0393, -4.1367 -0.8071 0.0393, 3.068 -0.8071 0.0393, 3.068 1.328 0.0393, 3.5404 1.3189 0.0393, 2.2963 -1.1811 0.0393, 1.9477 -0.9028 0.0393, 1.9068 -0.9154 0.0393, -2.4252 -0.903 0.0393, 2.2837 -1.0973 0.0393, 2.2931 -1.1386 0.0393, 2.2469 -1.0206 0.0393, 2.2683 -1.0579 0.0393, 2.189 -0.9581 0.0393, 2.2205 -0.9874 0.0393, 2.1154 -0.9155 0.0393, 2.1541 -0.9342 0.0393, 2.0325 -0.8965 0.0393, 2.0748 -0.903 0.0393, 1.9899 -0.8965 0.0393, -2.2795 -0.9874 0.0393, -2.311 -0.9581 0.0393, 1.8684 -0.9338 0.0393, 1.833 -0.9579 0.0393, 1.8018 -0.9868 0.0393, 1.7751 -1.0203 0.0393, 1.7538 -1.0572 0.0393, 1.7382 -1.0969 0.0393, 1.7287 -1.1385 0.0393, -2.2069 -1.1386 0.0393, -2.2163 -1.0973 0.0393, 1.7255 -1.1811 0.0393, -2.2037 -1.1811 0.0393, -2.4675 -0.8965 0.0393, -2.5101 -0.8965 0.0393, -2.667 -0.9579 0.0393, -2.6316 -0.9338 0.0393, -2.2317 -1.0579 0.0393, -2.2531 -1.0206 0.0393, -2.3459 -0.9342 0.0393, -2.3846 -0.9155 0.0393, -2.5932 -0.9154 0.0393, -2.5523 -0.9028 0.0393, -2.6982 -0.9868 0.0393, -2.7462 -1.0572 0.0393, -2.7249 -1.0203 0.0393, -2.7713 -1.1385 0.0393, -2.7618 -1.0969 0.0393, -2.7745 -1.1811 0.0393, -2.6629 -2.5177 3.38, -2.6629 -2.5177 2.9834, -2.6629 -2.7756 4.0623, -2.6629 -2.7756 2.4782, -2.6629 -2.6948 3.1402, -2.6629 -2.6948 3.5367, -3.6486 -2.7756 4.0623, -3.6486 -3.4449 4.0623, -3.3513 -3.4449 3.6137, -3.3513 -2.7756 3.6137, -3.3513 -2.7756 2.4782, -3.3513 -3.4449 3.039, -3.3513 -3.4449 3.0913, -3.3513 -3.4449 3.1435, -3.3513 -3.4449 3.1957, -3.3513 -3.4449 3.248, -3.3513 -3.4449 3.3002, -3.3513 -3.4449 3.3525, -3.3513 -3.4449 3.4047, -3.3513 -3.4449 3.4569, -3.3513 -3.4449 3.5092, -3.3513 -3.4449 3.5614, -2.0401 -0.689 8.3977, -2.2306 -3.9567 8.7626, -2.2307 -1.2008 8.7624, -2.25 -1.2008 8.7993, -2.2693 -1.2008 8.8363, -2.2886 -1.2008 8.8733, -2.3082 -1.2008 8.91, 1.7192 2.5 8.3108, 1.8464 -0.689 8.2334, 2.7067 2.5 7.4894, 2.6021 -0.689 7.606, 2.4863 2.5 7.7248, 2.1157 -0.689 8.0458, 1.9908 2.5 8.1369, 2.2471 2.5 7.9412, 3.0854 2.5 6.9679, 3.241 2.5 6.6855, 3.1765 -0.689 6.8092, 2.8158 -0.689 7.3569, 2.9069 2.5 7.2365, 3.0078 -0.689 7.0907, 3.5989 -0.689 5.5724, 3.5329 -0.689 5.8939, 3.5607 2.5 5.7747, 3.4795 2.5 6.0868, 3.4401 -0.689 6.2087, 3.3727 2.5 6.3911, 3.6462 2.5 4.8132, 3.6318 -0.689 4.5907, 3.6485 -0.689 4.9185, 3.6158 2.5 5.4569, 3.6444 2.5 5.1357, 3.6375 -0.689 5.2465, 3.4177 -0.689 3.6321, 3.4922 2.5 3.8602, 3.3888 2.5 3.5547, 3.516 -0.689 3.9452, 3.5876 -0.689 4.2655, 3.5698 2.5 4.1733, 2.9327 2.5 2.704, 2.7736 -0.689 2.4949, 2.9701 -0.689 2.7578, 3.2605 2.5 3.2589, 3.1438 -0.689 3.0363, 3.2933 -0.689 3.3284, 2.3177 -0.689 2.0235, 2.2811 2.5 1.9919, 2.0616 -0.689 1.8183, 2.5556 -0.689 2.2496, 2.7355 2.5 2.4489, 2.5178 2.5 2.211, 1.1789 2.5 1.3323, 1.2027 -0.689 1.3417, 1.4741 2.5 1.4623, 1.7574 2.5 1.6163, 1.5021 -0.689 1.4762, 1.7891 -0.689 1.6354, 0.5615 2.5 1.1478, 0.2434 2.5 1.0945, 0.2518 -0.689 1.0956, 0.8931 -0.689 1.233, 0.874 2.5 1.2272, 0.5753 -0.689 1.1507, -0.7304 -0.689 1.0956, -0.7219 2.5 1.0945, -1.04 2.5 1.1478, -0.4005 2.5 1.0678, -0.4034 -0.689 1.0679, -0.078 2.5 1.0678, -1.9525 2.5 1.4624, -1.9807 -0.689 1.4763, -1.6813 -0.689 1.3418, -1.3525 2.5 1.2273, -1.3717 -0.689 1.2331, -1.0539 -0.689 1.1508, -2.5401 -0.689 1.8185, -2.7595 2.5 1.9921, -2.7962 -0.689 2.0238, -2.2676 -0.689 1.6356, -2.2359 2.5 1.6164, -2.5055 2.5 1.7934, -3.5865 2.5 2.9749, -3.4486 -0.689 2.7581, -3.4111 2.5 2.7042, -3.2138 2.5 2.4491, -3.2521 -0.689 2.4952, -3.0341 -0.689 2.2499, -3.8671 2.5 3.555, -3.896 -0.689 3.6325, -3.7717 -0.689 3.3288, -3.6222 -0.689 3.0366, -3.7388 2.5 3.2591, -3.9943 -0.689 3.9456, -3.9704 2.5 3.8605, -4.1244 2.5 4.8134, -4.1101 -0.689 4.5911, -4.0995 2.5 4.4918, -4.0481 2.5 4.1735, -4.0658 -0.689 4.2659, -4.1268 -0.689 4.9189, -4.1226 2.5 5.1358, -4.094 2.5 5.4571, -4.1157 -0.689 5.2469, -4.0389 2.5 5.7748, -4.0771 -0.689 5.5728, -4.011 -0.689 5.8943, -3.9576 2.5 6.0869, -3.8508 2.5 6.3912, -3.9182 -0.689 6.2091, -3.7191 2.5 6.6856, -3.799 -0.689 6.5149, -3.6546 -0.689 6.8095, -3.5635 2.5 6.968, -3.385 2.5 7.2366, -3.4857 -0.689 7.091, -3.1849 2.5 7.4895, -3.2938 -0.689 7.3572, -3.0801 -0.689 7.6063, -2.9645 2.5 7.7249, -2.7253 2.5 7.9412, -2.8461 -0.689 7.8364, -2.469 2.5 8.1369, -2.5936 -0.689 8.046, -2.3242 -0.689 8.2336, -2.1974 2.5 8.3108, -2.9961 2.5 2.2111, -1.6574 2.5 1.3324, -0.0752 -0.689 1.0679, 2.027 2.5 1.7932, 3.1081 2.5 2.9746, 3.6213 2.5 4.4916, 3.321 -0.689 6.5145, 2.3682 -0.689 7.8362, 1.5622 -0.689 8.3976, 2.043 -0.689 7.2847, 2.2029 -0.689 7.2531, 2.1255 -0.689 7.2819, 2.3259 -0.689 6.9694, 2.2672 -0.689 7.2013, 2.2939 -0.689 6.8932, 2.332 -0.689 7.0517, 2.3118 -0.689 7.1318, 1.9638 -0.689 7.2611, 2.2672 2.6969 7.2013, 2.2029 2.6969 7.2531, 2.1255 2.6969 7.2819, 2.043 2.6969 7.2847, 1.9638 2.6969 7.2611, 2.3118 2.6969 7.1318, 2.332 2.6969 7.0517, 2.3259 2.6969 6.9694, 2.2939 2.6969 6.8932, 2.2374 2.7362 7.1754, 2.1831 2.7362 7.219, 2.2586 2.7247 7.1936, 2.3147 2.7247 6.9721, 2.2842 2.7247 6.8993, 2.2878 2.7362 6.9797, 2.2612 2.7362 6.9151, 2.3206 2.7247 7.0507, 2.2753 2.7362 7.1169, 2.3012 2.7247 7.1272, 2.2927 2.7362 7.0493, 2.1178 2.7362 7.2432, 2.0483 2.7362 7.2456, 2.1233 2.7247 7.2706, 2.1972 2.7247 7.2431, 1.9688 2.7247 7.2507, 1.9821 2.7362 7.2262, 2.0444 2.7247 7.2732, -2.354 2.6091 8.5794, -2.3733 2.5835 8.6125, -2.3313 2.6181 8.5404, -2.3862 2.5452 8.6346, -2.2569 2.6181 8.4128, -2.2341 2.6091 8.3738, -2.202 2.5452 8.3186, -2.2148 2.5835 8.3407, -2.8008 2.6181 8.032, -2.8789 2.6181 8.159, -2.5368 2.6181 8.2337, -4.3373 2.6181 4.2766, -4.1638 2.6181 4.1497, -4.2698 2.6181 3.9496, 2.866 2.6181 2.1936, 2.8259 2.6181 2.3729, 3.0776 2.6181 2.4519, -3.128 2.6181 7.9366, -3.0473 2.6181 7.8091, -3.2744 2.6181 7.5665, -3.3584 2.6181 7.6949, -3.6645 2.6181 7.0292, -3.9233 2.6181 6.8702, -3.7573 2.6181 7.1599, -3.4806 2.6181 7.3059, -3.5686 2.6181 7.4354, -3.9606 2.6181 6.4348, -4.1829 2.6181 6.2554, -4.0655 2.6181 6.568, -3.8249 2.6181 6.7381, -4.1543 2.6181 5.7997, -4.3407 2.6181 5.607, -4.2749 2.6181 5.9344, -4.0706 2.6181 6.1213, -4.2406 2.6181 5.1413, -4.3926 2.6181 4.9417, -4.38 2.6181 5.2754, -4.2111 2.6181 5.4723, -4.3784 2.6181 4.608, -4.2168 2.6181 4.4777, -4.2425 2.6181 4.809, -4.0572 2.6181 3.317, -4.1762 2.6181 3.629, -3.9773 2.6181 3.5124, -4.0838 2.6181 3.8272, -3.746 2.6181 2.7267, -3.9135 2.6181 3.0156, -3.6881 2.6181 2.9147, -3.8451 2.6181 3.2075, -3.3443 2.6181 2.1937, -3.5559 2.6181 2.4521, -3.3041 2.6181 2.3729, -3.5074 2.6181 2.6358, -2.8625 2.6181 1.732, -3.1127 2.6181 1.9532, -2.8359 2.6181 1.902, -3.0798 2.6181 2.1278, -2.3129 2.6181 1.3535, -2.5953 2.6181 1.5317, -2.2964 2.6181 1.515, -2.5742 2.6181 1.6973, -1.7003 2.6181 1.2224, -1.7098 2.6181 1.0678, -2.0171 2.6181 1.1985, -2.0044 2.6181 1.3563, -1.0641 2.6181 1.0322, -1.0687 2.6181 0.8824, -1.393 2.6181 0.9622, -1.3862 2.6181 1.1141, -0.4053 2.6181 0.9498, -0.4062 2.6181 0.8021, -0.7391 2.6181 0.8289, -0.7364 2.6181 0.9773, -0.073 2.6181 0.9498, 0.2582 2.6181 0.9773, 0.2606 2.6181 0.8289, -0.0723 2.6181 0.8021, 0.5859 2.6181 1.0322, 0.908 2.6181 1.1141, 0.9145 2.6181 0.9621, 0.5902 2.6181 0.8824, 1.2221 2.6181 1.2224, 1.5262 2.6181 1.3563, 1.5386 2.6181 1.1984, 1.2313 2.6181 1.0677, 2.096 2.6181 1.6973, 2.3841 2.6181 1.7319, 2.1169 2.6181 1.5315, 1.8345 2.6181 1.3533, 1.8182 2.6181 1.515, 2.6343 2.6181 1.953, 2.6016 2.6181 2.1278, 2.3577 2.6181 1.902, 3.4352 2.6181 3.0154, 3.2677 2.6181 2.7264, 3.2099 2.6181 2.9147, 3.0291 2.6181 2.6358, 3.6979 2.6181 3.6288, 3.5789 2.6181 3.3168, 3.4991 2.6181 3.5124, 3.3669 2.6181 3.2075, 3.8591 2.6181 4.2764, 3.7916 2.6181 3.9494, 3.6856 2.6181 4.1497, 3.6056 2.6181 3.8272, 3.9144 2.6181 4.9415, 3.9001 2.6181 4.6078, 3.7642 2.6181 4.809, 3.7386 2.6181 4.4777, 3.9019 2.6181 5.2752, 3.7624 2.6181 5.1413, 3.7329 2.6181 5.4723, 3.6761 2.6181 5.7997, 3.7967 2.6181 5.9342, 3.8625 2.6181 5.6068, 3.4824 2.6181 6.4348, 3.5873 2.6181 6.5679, 3.7048 2.6181 6.2553, 3.5924 2.6181 6.1213, 3.1863 2.6181 7.0292, 3.2792 2.6181 7.1599, 3.4452 2.6181 6.8701, 3.3467 2.6181 6.7381, 2.7962 2.6181 7.5665, 2.8802 2.6181 7.6948, 3.0905 2.6181 7.4354, 3.0024 2.6181 7.3059, 2.3226 2.6181 8.032, 2.4007 2.6181 8.159, 2.6498 2.6181 7.9366, 2.5691 2.6181 7.8091, 2.0586 2.6181 8.2337, 1.7787 2.6181 8.4128, 2.1346 2.6181 8.3607, 1.8531 2.6181 8.5404, -2.6128 2.6181 8.3607, 0.2739 2.5452 0.7206, 0.6122 2.5452 0.7754, 0.945 2.5452 0.8573, 0.9272 2.6091 0.9187, 1.2701 2.5452 0.9657, 1.2475 2.6091 1.0255, 1.5855 2.5452 1.0998, 1.5581 2.6091 1.1576, 1.8891 2.5452 1.2588, 1.8571 2.6091 1.3142, 2.1789 2.5452 1.4417, -2.6751 2.5452 8.4503, 2.4531 2.5452 1.6473, 2.1426 2.6091 1.4944, 2.7099 2.5452 1.8743, 2.4127 2.6091 1.6969, 2.9476 2.5452 2.1212, 2.6657 2.6091 1.9205, 3.1648 2.5452 2.3863, 2.8998 2.6091 2.1636, 3.3599 2.5452 2.6681, 3.1137 2.6091 2.4248, 3.5318 2.5452 2.9646, 3.3059 2.6091 2.7023, 3.6793 2.5452 3.2739, 3.4752 2.6091 2.9944, 3.8014 2.5452 3.5941, 3.6205 2.6091 3.2991, 3.8975 2.5452 3.9231, 3.7408 2.6091 3.6145, 3.9415 2.5835 4.2629, 3.9452 2.6091 4.6042, 3.9834 2.5835 4.601, 3.8354 2.6091 3.9386, 3.9979 2.5835 4.9413, 3.9596 2.6091 4.9414, 3.9668 2.5452 4.2588, 3.9469 2.6091 5.2788, 3.9851 2.5835 5.2818, 4.0089 2.5452 4.5989, 3.9072 2.6091 5.614, 3.945 2.5835 5.6201, 4.0235 2.5452 4.9413, 3.8778 2.5835 5.954, 3.8406 2.6091 5.945, 4.0107 2.5452 5.2838, 3.7477 2.6091 6.2695, 3.784 2.5835 6.2815, 3.9703 2.5452 5.6241, 3.629 2.6091 6.5855, 3.6643 2.5835 6.6004, 3.9027 2.5452 5.9601, 3.4852 2.6091 6.891, 3.5192 2.5835 6.9087, 3.8083 2.5452 6.2896, 3.3175 2.6091 7.1839, 3.3499 2.5835 7.2043, 3.6878 2.5452 6.6104, 3.1574 2.5835 7.4853, 3.1267 2.6091 7.4624, 3.5419 2.5452 6.9205, 2.9141 2.6091 7.7247, 2.9429 2.5835 7.75, 3.3716 2.5452 7.2179, 3.1779 2.5452 7.5006, 2.9622 2.5452 7.7669, 2.7257 2.5452 8.015, 2.1823 2.5835 8.4292, 2.4538 2.5835 8.2235, 2.1604 2.6091 8.3978, 2.6812 2.6091 7.969, 1.908 2.5452 8.6346, 2.4701 2.5452 8.2433, 2.1969 2.5452 8.4503, 1.8951 2.5835 8.6125, 1.8758 2.6091 8.5794, 0.2708 2.5835 0.746, 0.5994 2.6091 0.8381, 0.607 2.5835 0.8006, -0.0677 2.5452 0.693, -0.0688 2.5835 0.7186, 0.2662 2.6091 0.784, -0.4094 2.5835 0.7186, -0.0703 2.6091 0.7569, -0.4105 2.5452 0.693, -0.749 2.5835 0.746, -0.4079 2.6091 0.7569, -0.7521 2.5452 0.7206, -0.7444 2.6091 0.784, -1.0853 2.5835 0.8006, -1.0904 2.5452 0.7754, -1.416 2.5835 0.8819, -1.0776 2.6091 0.8381, -1.4232 2.5452 0.8573, -1.7392 2.5835 0.9896, -1.4054 2.6091 0.9187, -1.7483 2.5452 0.9657, -1.7257 2.6091 1.0255, -2.0527 2.5835 1.123, -2.0637 2.5452 1.0998, -2.3545 2.5835 1.281, -2.0363 2.6091 1.1576, -2.3673 2.5452 1.2588, -2.6426 2.5835 1.4628, -2.3354 2.6091 1.3142, -2.6571 2.5452 1.4417, -2.6208 2.6091 1.4944, -2.9151 2.5835 1.6672, -2.9313 2.5452 1.6473, -3.1704 2.5835 1.8928, -2.8909 2.6091 1.6969, -3.1881 2.5452 1.8743, -3.4067 2.5835 2.1382, -3.1439 2.6091 1.9205, -3.4258 2.5452 2.1212, -3.378 2.6091 2.1636, -3.6225 2.5835 2.4017, -3.643 2.5452 2.3863, -3.8165 2.5835 2.6818, -3.5919 2.6091 2.4248, -3.8381 2.5452 2.6681, -3.9873 2.5835 2.9765, -3.7841 2.6091 2.7023, -4.01 2.5452 2.9646, -3.9534 2.6091 2.9944, -4.1339 2.5835 3.284, -4.1575 2.5452 3.2739, -4.2554 2.5835 3.6023, -4.0987 2.6091 3.2991, -4.2796 2.5452 3.5941, -4.3508 2.5835 3.9293, -4.219 2.6091 3.6145, -4.3757 2.5452 3.9231, -4.3136 2.6091 3.9386, -4.4197 2.5835 4.2629, -4.445 2.5452 4.2588, -4.4616 2.5835 4.601, -4.3819 2.6091 4.2692, -4.4871 2.5452 4.5989, -4.4762 2.5835 4.9413, -4.4234 2.6091 4.6042, -4.5017 2.5452 4.9413, -4.4378 2.6091 4.9414, -4.4633 2.5835 5.2818, -4.4889 2.5452 5.2838, -4.4232 2.5835 5.6201, -4.4251 2.6091 5.2788, -4.4485 2.5452 5.6241, -4.356 2.5835 5.954, -4.3854 2.6091 5.614, -4.3809 2.5452 5.9601, -4.2865 2.5452 6.2896, -4.166 2.5452 6.6104, -4.1072 2.6091 6.5855, -4.2259 2.6091 6.2695, -3.9635 2.6091 6.891, -4.0202 2.5452 6.9205, -3.7957 2.6091 7.1839, -3.8498 2.5452 7.2179, -3.6049 2.6091 7.4624, -3.6561 2.5452 7.5006, -3.3924 2.6091 7.7247, -3.4404 2.5452 7.7669, -3.1594 2.6091 7.969, -3.2039 2.5452 8.015, -2.932 2.5835 8.2235, -2.6605 2.5835 8.4292, -2.9483 2.5452 8.2433, -2.9076 2.6091 8.1939, -2.6386 2.6091 8.3978, 2.4294 2.6091 8.1939, 2.7079 2.5835 7.9966, 3.9037 2.6091 4.2692, 3.8726 2.5835 3.9293, 3.7772 2.5835 3.6023, 3.6557 2.5835 3.284, 3.5091 2.5835 2.9765, 3.3383 2.5835 2.6818, 3.1443 2.5835 2.4017, 2.9285 2.5835 2.1382, 2.6922 2.5835 1.8928, 2.4369 2.5835 1.6672, 2.1644 2.5835 1.4628, 1.8763 2.5835 1.281, 1.5745 2.5835 1.123, 1.261 2.5835 0.9896, 0.9378 2.5835 0.8819, -4.3188 2.6091 5.945, -4.2623 2.5835 6.2815, -4.1425 2.5835 6.6004, -3.9974 2.5835 6.9087, -3.8281 2.5835 7.2043, -3.6356 2.5835 7.4853, -3.4211 2.5835 7.75, -3.1861 2.5835 7.9966, 1.7559 2.6091 8.3738, 1.7366 2.5835 8.3407, 1.7237 2.5452 8.3186, 0.8841 2.5835 1.1941, 0.5687 2.5835 1.1139, 0.8767 2.5452 1.2186, 1.1823 2.5452 1.324, 1.1917 2.5835 1.3001, 0.2526 2.6091 1.0222, 0.5766 2.6091 1.0764, 1.4781 2.5452 1.4543, 1.4894 2.5835 1.4313, 0.895 2.6091 1.1574, 1.7753 2.5835 1.5866, 1.7622 2.5452 1.6086, 1.2056 2.6091 1.2644, 2.0324 2.5452 1.786, 2.0473 2.5835 1.7652, 1.5063 2.6091 1.3969, 2.287 2.5452 1.9851, 2.3036 2.5835 1.9656, 1.795 2.6091 1.5538, 2.5424 2.5835 2.1866, 2.5242 2.5452 2.2047, 2.0696 2.6091 1.734, 2.7424 2.5452 2.4432, 2.762 2.5835 2.4267, 2.3284 2.6091 1.9365, 2.9401 2.5452 2.6989, 2.961 2.5835 2.6841, 2.5695 2.6091 2.1596, 3.138 2.5835 2.9571, 3.1159 2.5452 2.9702, 2.7913 2.6091 2.402, -0.7308 2.6091 1.0222, 2.9923 2.6091 2.662, 3.171 2.6091 2.9376, 3.2687 2.5452 3.255, 3.3262 2.6091 3.2272, 3.3973 2.5452 3.5516, 3.6038 2.5835 4.1664, 3.6302 2.5452 4.4906, 3.6557 2.5835 4.4876, 3.5008 2.5452 3.8578, 3.6808 2.5835 4.812, 3.6552 2.5452 4.8129, 3.6413 2.6091 4.1587, 3.5622 2.6091 3.8399, 3.6533 2.5452 5.1362, 3.6789 2.5835 5.1374, 3.6937 2.6091 4.4831, 3.6247 2.5452 5.4581, 3.6501 2.5835 5.4614, 3.6881 2.6091 5.4664, 3.7172 2.6091 5.1392, 3.7191 2.6091 4.8106, 3.632 2.6091 5.7901, 3.4048 2.5835 6.4039, 3.5125 2.5835 6.0969, 3.381 2.5452 6.3944, 3.5695 2.5452 5.7766, 3.249 2.5452 6.6895, 3.2719 2.5835 6.7009, 3.5492 2.6091 6.1081, 3.4404 2.6091 6.4181, 2.7135 2.5452 7.4953, 2.7329 2.5835 7.512, 2.9348 2.5835 7.2569, 3.093 2.5452 6.9726, 2.4926 2.5452 7.7313, 2.5105 2.5835 7.7495, 3.1477 2.6091 7.0058, 2.9658 2.6091 7.2794, 2.2529 2.5452 7.9481, 2.2692 2.5835 7.9678, 2.7619 2.6091 7.537, 2.5374 2.6091 7.7768, 2.0327 2.6091 8.1967, 2.2937 2.6091 7.9972, 2.0107 2.5835 8.1653, 1.996 2.5452 8.1443, 0.2478 2.5835 1.0602, 0.5634 2.5452 1.139, -0.0748 2.6091 0.995, -0.4034 2.6091 0.995, 0.2446 2.5452 1.0856, -0.0764 2.5835 1.0332, -0.0775 2.5452 1.0588, -0.4018 2.5835 1.0332, -1.0548 2.6091 1.0764, -0.726 2.5835 1.0602, -0.4007 2.5452 1.0588, -1.3732 2.6091 1.1574, -1.0469 2.5835 1.1139, -0.7229 2.5452 1.0856, -1.6839 2.6091 1.2644, -1.0417 2.5452 1.139, -1.3623 2.5835 1.1941, -1.9845 2.6091 1.3969, -1.6699 2.5835 1.3001, -1.3549 2.5452 1.2186, -2.2732 2.6091 1.5538, -1.9676 2.5835 1.4313, -1.6605 2.5452 1.324, -2.5479 2.6091 1.734, -1.9564 2.5452 1.4543, -2.2535 2.5835 1.5866, -2.8066 2.6091 1.9365, -2.5255 2.5835 1.7652, -2.2404 2.5452 1.6086, -3.0478 2.6091 2.1596, -3.2695 2.6091 2.402, -2.7652 2.5452 1.9851, -3.0024 2.5452 2.2047, -3.4705 2.6091 2.662, -3.2206 2.5452 2.4432, -3.6492 2.6091 2.9376, -3.4183 2.5452 2.6989, -3.8044 2.6091 3.2272, -3.5941 2.5452 2.9702, -3.9351 2.6091 3.5286, -3.7469 2.5452 3.255, -4.0404 2.6091 3.8399, -3.8755 2.5452 3.5516, -4.1195 2.6091 4.1587, -3.979 2.5452 3.8578, -4.1719 2.6091 4.4831, -4.0569 2.5452 4.1715, -4.1973 2.6091 4.8106, -4.1085 2.5452 4.4906, -4.1954 2.6091 5.1392, -4.1334 2.5452 4.8129, -4.1663 2.6091 5.4664, -4.1315 2.5452 5.1362, -4.1102 2.6091 5.7901, -4.1029 2.5452 5.4581, -4.0274 2.6091 6.1081, -4.0477 2.5452 5.7766, -3.9186 2.6091 6.4181, -3.9663 2.5452 6.0894, -3.7844 2.6091 6.718, -3.6259 2.6091 7.0058, -3.8592 2.5452 6.3944, -3.444 2.6091 7.2794, -3.7272 2.5452 6.6895, -3.2401 2.6091 7.537, -3.5712 2.5452 6.9726, -3.0156 2.6091 7.7768, -3.3923 2.5452 7.2418, -2.7719 2.6091 7.9972, -3.1917 2.5452 7.4953, -2.5109 2.6091 8.1967, -2.7311 2.5452 7.9481, -2.9708 2.5452 7.7313, -2.7474 2.5835 7.9678, -2.4889 2.5835 8.1653, -2.4742 2.5452 8.1443, 2.9141 2.5452 7.2418, 3.1149 2.5835 6.9859, 3.3062 2.6091 6.718, 3.4881 2.5452 6.0894, 3.5945 2.5835 5.782, 3.4569 2.6091 3.5286, 3.5787 2.5452 4.1715, 3.5254 2.5835 3.8506, 3.4212 2.5835 3.5424, 3.2917 2.5835 3.2439, -2.5106 2.5452 1.786, -2.7818 2.5835 1.9656, -3.0206 2.5835 2.1866, -3.2402 2.5835 2.4267, -3.4392 2.5835 2.6841, -3.6162 2.5835 2.9571, -3.7699 2.5835 3.2439, -3.8994 2.5835 3.5424, -4.0036 2.5835 3.8506, -4.082 2.5835 4.1664, -4.1339 2.5835 4.4876, -4.159 2.5835 4.812, -4.1571 2.5835 5.1374, -4.1283 2.5835 5.4614, -4.0727 2.5835 5.782, -3.9908 2.5835 6.0969, -3.883 2.5835 6.4039, -3.7501 2.5835 6.7009, -3.5931 2.5835 6.9859, -3.413 2.5835 7.2569, -3.2111 2.5835 7.512, -2.9887 2.5835 7.7495, -2.7397 -1.2008 8.8113, -2.7068 -1.2008 8.7397, -2.5886 -1.2008 8.638, -2.6551 -1.2008 8.6803, -2.513 -1.2008 8.6162, -2.2452 -1.2008 8.7376, -2.2132 -8.3268 8.8041, -2.2524 -8.3268 8.7273, -2.6373 -8.3268 8.6663, -2.5605 -8.3268 8.6272, -2.4753 -8.3268 8.6137, -2.3902 -8.3268 8.6272, -2.6983 -8.3268 8.7273, -2.7374 -8.3268 8.8041, -2.3133 -8.3268 8.6663, -2.5284 -1.4637 0.6806, -2.6032 -1.4427 0.6806, -2.5297 -1.4636 -0.4726, -2.6077 -1.4407 -0.4726, -2.6695 -1.4022 0.6806, -2.7224 -1.3455 0.6806, -2.676 -1.3968 -0.4726, -2.758 -1.2769 0.6806, -2.7292 -1.3354 -0.4726, -2.763 -1.2615 -0.4726, -2.7745 -1.1811 -0.4726, -2.4485 -1.4636 -0.4726, -2.4507 -1.4639 0.6806, -2.3758 -1.443 0.6806, -2.3705 -1.4407 -0.4726, -2.3022 -1.3968 -0.4726, -2.3093 -1.4028 0.6806, -2.249 -1.3354 -0.4726, -2.2561 -1.346 0.6806, -2.2202 -1.2769 0.6806, -2.2152 -1.2615 -0.4726, -2.2037 -1.1811 -0.4726, -1.173 -8.2922 0.6806, -1.2076 -8.2087 0.6806, -1.1347 -8.3178 0.6806, -2.1635 -6.463 0.6806, -2.1289 -6.3795 0.6806, -2.1379 -6.4247 0.6806, -1.1986 -8.2538 0.6806, -1.8533 -4.6949 0.6806, -2.2018 -6.4886 0.6806, -2.247 -6.4976 0.6806, -2.1289 -4.6949 0.6806, -2.7155 -6.4976 0.6806, -2.8246 -6.4247 0.6806, -2.8336 -6.3795 0.6806, -2.799 -6.463 0.6806, -2.7607 -6.4886 0.6806, -3.3493 -6.4976 0.6806, -3.1486 -6.3795 0.6806, -3.2667 -6.4976 0.6806, -1.5226 -7.4606 0.6806, -1.8533 -7.815 0.6806, -1.2076 -7.4606 0.6806, -1.6384 -8.3192 1.1085, -2.676 -0.9654 -0.4726, -2.7292 -1.0268 -0.4726, -2.763 -1.1007 -0.4726, -2.6077 -0.9215 -0.4726, -2.5297 -0.8986 -0.4726, -2.4485 -0.8986 -0.4726, -2.3705 -0.9215 -0.4726, -2.3022 -0.9654 -0.4726, -2.249 -1.0268 -0.4726, -2.2152 -1.1007 -0.4726, -2.3749 -0.931 -0.5119, -2.3091 -0.9733 -0.5119, -2.328 -0.9951 -0.5407, -2.7252 -1.1118 -0.5407, -2.7529 -1.1036 -0.5119, -2.6961 -1.0481 -0.5407, -2.6691 -0.9733 -0.5119, -2.6502 -0.9951 -0.5407, -2.7204 -1.0325 -0.5119, -2.6033 -0.931 -0.5119, -2.5241 -0.9375 -0.5407, -2.5913 -0.9573 -0.5407, -2.5282 -0.909 -0.5119, -2.2579 -1.0325 -0.5119, -2.3869 -0.9573 -0.5407, -2.243 -1.1811 -0.5407, -2.2254 -1.1036 -0.5119, -2.2142 -1.1811 -0.5119, -2.2824 -1.1811 -0.5513, -2.253 -1.1118 -0.5407, -2.2909 -1.1226 -0.5513, -2.2821 -1.0481 -0.5407, -2.4541 -0.9375 -0.5407, -2.45 -0.909 -0.5119, -2.7352 -1.1811 -0.5407, -2.6873 -1.1226 -0.5513, -2.6958 -1.1811 -0.5513, -2.764 -1.1811 -0.5119, -2.315 -1.0699 -0.5513, -2.3534 -1.0253 -0.5513, -2.4029 -0.9933 -0.5513, -2.4596 -0.9765 -0.5513, -2.5183 -0.9765 -0.5513, -2.5745 -0.993 -0.5513, -2.624 -1.0246 -0.5513, -2.6627 -1.069 -0.5513, -2.5186 -1.3857 -0.5513, -2.6248 -1.3369 -0.5513, -2.4599 -1.3857 -0.5513, -2.6632 -1.2923 -0.5513, -2.5753 -1.3689 -0.5513, -2.6873 -1.2396 -0.5513, -2.4037 -1.3692 -0.5513, -2.3155 -1.2932 -0.5513, -2.3542 -1.3376 -0.5513, -2.2909 -1.2396 -0.5513, -2.6033 -1.4311 -0.5119, -2.6691 -1.3888 -0.5119, -2.6502 -1.3671 -0.5407, -2.253 -1.2504 -0.5407, -2.2254 -1.2585 -0.5119, -2.2821 -1.3141 -0.5407, -2.3091 -1.3888 -0.5119, -2.328 -1.3671 -0.5407, -2.2579 -1.3297 -0.5119, -2.3749 -1.4311 -0.5119, -2.4541 -1.4247 -0.5407, -2.3869 -1.4049 -0.5407, -2.45 -1.4532 -0.5119, -2.7204 -1.3297 -0.5119, -2.5913 -1.4049 -0.5407, -2.7529 -1.2585 -0.5119, -2.7252 -1.2504 -0.5407, -2.6961 -1.3141 -0.5407, -2.5241 -1.4247 -0.5407, -2.5282 -1.4532 -0.5119, 1.8976 -1.443 0.6806, 1.9725 -1.4639 0.6806, 1.6507 -4.6949 0.6806, 0.7204 -8.2538 0.6806, 0.6948 -8.2922 0.6806, 0.7294 -8.2087 0.6806, 1.3751 -4.6949 0.6806, 0.6507 -3.3849 0.6806, 0.6507 -3.3303 0.6806, 1.7688 -6.4976 0.6806, 1.6507 -6.3795 0.6806, -0.0333 -8.2538 0.6806, -0.0423 -8.2087 0.6806, -0.0077 -8.2922 0.6806, 1.0444 -7.4606 0.6806, 1.3751 -7.7362 0.6806, 1.0444 -7.7362 0.6806, 0.6565 -8.3178 0.6806, 0.7294 -7.4606 0.6806, 0.0307 -8.3178 0.6806, 0.6507 -3.1118 0.6806, 0.6414 -3.1573 0.6806, 2.3554 -5.9464 0.6806, 1.7236 -6.4886 0.6806, 1.6853 -6.463 0.6806, 2.1912 -1.4022 0.6806, 2.0502 -1.4637 0.6806, 2.6703 -5.9464 0.6806, 2.2442 -1.3455 0.6806, 2.8711 -6.4976 0.6806, 2.7491 -6.4976 0.6806, 2.6703 -6.4189 0.6806, 2.2798 -1.2769 0.6806, 2.3208 -6.463 0.6806, 2.3554 -6.3795 0.6806, 2.3464 -6.4247 0.6806, 2.125 -1.4427 0.6806, 2.2373 -6.4976 0.6806, 1.6597 -6.4247 0.6806, 2.2825 -6.4886 0.6806, 1.8311 -1.4028 0.6806, 1.7779 -1.346 0.6806, 0.6507 -3.6945 0.6806, 0.6507 -3.6398 0.6806, 0.2137 -3.5488 0.6806, 0.2137 -3.476 0.6806, 0.6228 -3.1937 0.6806, 0.5484 -3.2483 0.6806, 0.5019 -3.2575 0.6806, 0.5391 -3.6034 0.6806, 0.5391 -3.4213 0.6806, 0.6507 -2.8933 0.6806, 0.3159 -3.2483 0.6806, 0.3624 -3.2575 0.6806, 0.2137 -2.8933 0.6806, 0.2137 -3.1118 0.6806, 0.223 -3.1573 0.6806, 0.2415 -3.1937 0.6806, 0.2787 -3.2301 0.6806, 0.4461 -2.784 0.6806, 0.5856 -3.2301 0.6806, 0.6507 -2.8204 0.6806, 0.6507 -2.4927 0.6806, 0.6414 -2.3379 0.6806, 0.6507 -2.2924 0.6806, 0.6228 -2.3743 0.6806, 0.3903 -2.784 0.6806, 0.2694 -2.8204 0.6806, 0.5949 -2.8204 0.6806, 1.742 -1.2769 0.6806, 0.2137 -2.8204 0.6806, 0.2137 -2.4927 0.6806, 0.2694 -2.5473 0.6806, 0.3903 -2.5473 0.6806, 0.4461 -2.5473 0.6806, 0.5949 -2.5473 0.6806, 0.5391 -2.4199 0.6806, 0.6507 -1.992 0.6806, 0.3252 -2.4199 0.6806, 0.5856 -2.4108 0.6806, 0.5391 -2.3652 0.6806, 0.5949 -2.2105 0.6806, 0.567 -2.1467 0.6806, 0.5856 -2.174 0.6806, 0.5949 -2.2924 0.6806, 0.567 -2.3561 0.6806, 0.6507 -2.2105 0.6806, 0.5856 -2.3288 0.6806, 0.6228 -2.1285 0.6806, 0.6414 -2.1649 0.6806, 0.5949 -1.992 0.6806, 0.5949 -1.7188 0.6806, 0.5019 -2.0648 0.6806, 0.3252 -2.3652 0.6806, 0.3624 -2.1194 0.6806, 0.5019 -2.1194 0.6806, 0.3624 -2.0648 0.6806, 0.2787 -2.0921 0.6806, 0.2137 -1.7188 0.6806, 0.3159 -2.0739 0.6806, 0.2694 -2.2924 0.6806, 0.2694 -2.2105 0.6806, 0.2973 -2.1467 0.6806, 0.2415 -2.1285 0.6806, 0.2973 -2.3561 0.6806, 0.2787 -2.3288 0.6806, 0.223 -2.1649 0.6806, 0.2137 -2.2105 0.6806, 0.2137 -2.2924 0.6806, 0.223 -2.3379 0.6806, 0.2415 -2.3743 0.6806, 0.2787 -2.4108 0.6806, 0.2787 -2.174 0.6806, 0.3252 -2.1285 0.6806, 0.5391 -2.1285 0.6806, 0.5484 -2.0739 0.6806, 0.6507 -1.6642 0.6806, 0.2137 -1.6642 0.6806, 0.5856 -2.0921 0.6806, 0.2694 -3.1118 0.6806, 0.5949 -2.9479 0.6806, 0.5949 -3.1118 0.6806, 0.5856 -3.1482 0.6806, 0.567 -3.1755 0.6806, 0.5019 -3.2028 0.6806, 0.5391 -3.1937 0.6806, 0.3624 -3.2028 0.6806, 0.2787 -3.1482 0.6806, 0.2973 -3.1755 0.6806, 0.3252 -3.1937 0.6806, 0.2694 -2.9479 0.6806, 0.2508 -3.5124 0.6806, 0.5019 -3.4304 0.6806, 0.5019 -3.5943 0.6806, 1.0444 -7.9724 0.7436, 1.2627 -8.2975 0.8303, 1.1527 -8.2975 0.8303, 1.2374 -8.3244 0.8556, 1.2633 -8.2951 1.1221, 1.2489 -8.3185 1.1076, 1.2572 -8.3094 0.8358, 1.2478 -8.3192 0.8452, 1.0444 -7.9724 1.2082, 1.1527 -8.2975 1.1215, 1.1676 -8.3192 1.1066, 1.1621 -8.3142 0.8395, 1.1751 -8.3233 0.8526, 1.9703 -1.4636 -0.4726, 2.2963 -1.1811 -0.4726, 2.2848 -1.2615 -0.4726, 1.8923 -1.4407 -0.4726, 1.824 -1.3968 -0.4726, 1.7708 -1.3354 -0.4726, 1.737 -1.2615 -0.4726, 1.7255 -1.1811 -0.4726, 2.0515 -1.4636 -0.4726, 2.1295 -1.4407 -0.4726, 2.1978 -1.3968 -0.4726, 2.251 -1.3354 -0.4726, 1.824 -0.9654 -0.4726, 1.8923 -0.9215 -0.4726, 1.7708 -1.0268 -0.4726, 1.737 -1.1007 -0.4726, 1.9703 -0.8986 -0.4726, 2.0515 -0.8986 -0.4726, 2.1295 -0.9215 -0.4726, 2.1978 -0.9654 -0.4726, 2.251 -1.0268 -0.4726, 2.2848 -1.1007 -0.4726, 1.8368 -1.0699 -0.5513, 1.8039 -1.0481 -0.5407, 1.8498 -0.9951 -0.5407, 1.736 -1.1811 -0.5119, 1.7471 -1.1036 -0.5119, 1.7796 -1.0325 -0.5119, 1.8309 -0.9733 -0.5119, 2.05 -0.909 -0.5119, 2.1251 -0.931 -0.5119, 2.0459 -0.9375 -0.5407, 1.8967 -0.931 -0.5119, 1.9718 -0.909 -0.5119, 2.247 -1.1118 -0.5407, 2.2179 -1.0481 -0.5407, 2.2746 -1.1036 -0.5119, 2.0401 -0.9765 -0.5513, 2.1131 -0.9573 -0.5407, 2.0963 -0.993 -0.5513, 2.1458 -1.0246 -0.5513, 2.1845 -1.069 -0.5513, 2.172 -0.9951 -0.5407, 2.2421 -1.0325 -0.5119, 2.2858 -1.1811 -0.5119, 2.2091 -1.1226 -0.5513, 2.257 -1.1811 -0.5407, 2.2176 -1.1811 -0.5513, 2.1909 -0.9733 -0.5119, 1.9814 -0.9765 -0.5513, 1.9247 -0.9933 -0.5513, 1.9759 -0.9375 -0.5407, 1.9087 -0.9573 -0.5407, 1.8752 -1.0253 -0.5513, 1.7748 -1.1118 -0.5407, 1.8127 -1.1226 -0.5513, 1.7648 -1.1811 -0.5407, 1.8042 -1.1811 -0.5513, 1.8368 -1.2923 -0.5513, 1.8127 -1.2396 -0.5513, 1.9814 -1.3857 -0.5513, 1.9247 -1.3689 -0.5513, 2.2091 -1.2396 -0.5513, 1.8752 -1.3369 -0.5513, 2.0963 -1.3692 -0.5513, 2.0401 -1.3857 -0.5513, 2.1458 -1.3376 -0.5513, 2.1845 -1.2932 -0.5513, 2.2179 -1.3141 -0.5407, 2.172 -1.3671 -0.5407, 2.2746 -1.2585 -0.5119, 2.2421 -1.3297 -0.5119, 2.1909 -1.3888 -0.5119, 1.9718 -1.4532 -0.5119, 1.8967 -1.4311 -0.5119, 1.9759 -1.4247 -0.5407, 2.1251 -1.4311 -0.5119, 2.05 -1.4532 -0.5119, 1.7748 -1.2504 -0.5407, 1.8039 -1.3141 -0.5407, 1.7471 -1.2585 -0.5119, 1.9087 -1.4049 -0.5407, 1.8498 -1.3671 -0.5407, 1.7796 -1.3297 -0.5119, 1.8309 -1.3888 -0.5119, 2.0459 -1.4247 -0.5407, 2.1131 -1.4049 -0.5407, 2.247 -1.2504 -0.5407, -2.4576 -0.8071 1.0259, -1.9498 -0.8071 1.021, -2.6215 -0.8071 0.9789, -3.978 -0.8071 0.0517, -3.4193 -0.8071 0.3362, -3.0496 -0.8071 0.7056, -3.5404 -0.8071 0.2329, -3.8233 -0.8071 0.0889, -3.6762 -0.8071 0.1498, -2.9206 -0.8071 0.8171, -2.7769 -0.8071 0.9088, -2.2887 -0.8071 1.0488, -2.1183 -0.8071 1.0472, 4.0665 -1.122 8.654, 4.076 -1.1614 8.6491, 4.0999 -1.122 8.7493, 4.1019 -1.1902 8.6366, 4.1102 -1.1614 8.7471, 4.1113 -1.122 8.8502, 3.8596 -1.1614 8.4327, 3.8721 -1.1902 8.4068, 3.9474 -1.1614 8.4879, 4.0208 -1.1614 8.5613, 3.9654 -1.1902 8.4654, 3.6585 -1.1902 8.358, 3.7681 -1.1902 8.3704, 3.7616 -1.1614 8.3985, 3.3517 -1.1902 8.4654, 3.5554 -1.1614 8.3985, 3.4575 -1.1614 8.4327, 3.445 -1.1902 8.4068, 3.2151 -1.1902 8.6366, 3.2963 -1.1614 8.5613, 3.2411 -1.1614 8.6491, 3.1787 -1.1902 8.7407, 3.1952 -1.1614 8.8502, 3.1664 -1.1902 8.8502, 3.2068 -1.1614 8.7471, 3.2171 -1.122 8.7493, 3.2058 -1.122 8.8502, 3.2738 -1.1902 8.5433, 3.3697 -1.1614 8.4879, 3.549 -1.1902 8.3704, 3.6585 -1.1614 8.3869, 4.0433 -1.1902 8.5433, 4.1218 -1.1614 8.8502, 4.1383 -1.1902 8.7407, 4.1507 -1.1902 8.8502, 4.0127 -1.122 8.5681, 3.9411 -1.122 8.4965, 3.8553 -1.122 8.4425, 3.7597 -1.122 8.4089, 3.6589 -1.122 8.3974, 3.5582 -1.122 8.4087, 3.4624 -1.122 8.4421, 3.3765 -1.122 8.496, 3.3047 -1.122 8.5677, 3.2507 -1.122 8.6536, 3.2505 -1.122 9.0464, 3.2411 -1.1614 9.0512, 3.2171 -1.122 8.951, 3.2151 -1.1902 9.0637, 3.2068 -1.1614 8.9533, 3.4575 -1.1614 9.2676, 3.445 -1.1902 9.2935, 3.3697 -1.1614 9.2124, 3.2963 -1.1614 9.139, 3.3517 -1.1902 9.2349, 3.6585 -1.1902 9.3423, 3.549 -1.1902 9.33, 3.5554 -1.1614 9.3019, 3.9654 -1.1902 9.2349, 3.7616 -1.1614 9.3019, 3.8596 -1.1614 9.2676, 3.8721 -1.1902 9.2935, 4.1019 -1.1902 9.0637, 4.0208 -1.1614 9.139, 4.076 -1.1614 9.0512, 4.1383 -1.1902 8.9597, 4.1102 -1.1614 8.9533, 4.0999 -1.122 8.951, 4.0433 -1.1902 9.157, 3.9474 -1.1614 9.2124, 3.7681 -1.1902 9.33, 3.6585 -1.1614 9.3135, 3.2738 -1.1902 9.157, 3.1787 -1.1902 8.9597, 3.3044 -1.122 9.1322, 3.376 -1.122 9.2039, 3.4618 -1.122 9.2579, 3.5574 -1.122 9.2914, 3.6581 -1.122 9.3029, 3.7589 -1.122 9.2916, 3.8547 -1.122 9.2582, 3.9406 -1.122 9.2043, 4.0124 -1.122 9.1326, 4.0664 -1.122 9.0467, 4.0665 1.2402 9.0464, 4.0999 1.2402 8.951, 4.1113 1.2402 8.8502, 3.8553 1.2402 9.2579, 3.9411 1.2402 9.2039, 4.0127 1.2402 9.1322, 3.5582 1.2402 9.2916, 3.6589 1.2402 9.3029, 3.7597 1.2402 9.2914, 3.3047 1.2402 9.1326, 3.3765 1.2402 9.2043, 3.4624 1.2402 9.2582, 3.2507 1.2402 9.0467, 3.2171 1.2402 8.951, 3.2058 1.2402 8.8502, 3.2505 1.2402 8.654, 3.2171 1.2402 8.7493, 3.4618 1.2402 8.4425, 3.376 1.2402 8.4965, 3.3044 1.2402 8.5681, 3.7589 1.2402 8.4087, 3.6581 1.2402 8.3974, 3.5574 1.2402 8.4089, 4.0124 1.2402 8.5677, 3.9406 1.2402 8.496, 3.8547 1.2402 8.4421, 4.0664 1.2402 8.6536, 4.0999 1.2402 8.7493, 3.6585 1.2795 8.3869, 3.2068 1.2795 8.7471, 3.1787 1.3084 8.7407, 3.2411 1.2795 8.6491, 3.2151 1.3084 8.6366, 3.1952 1.2795 8.8502, 3.2738 1.3084 8.5433, 3.3697 1.2795 8.4879, 3.3517 1.3084 8.4654, 3.2963 1.2795 8.5613, 3.7681 1.3084 8.3704, 3.7616 1.2795 8.3985, 3.8596 1.2795 8.4327, 3.4575 1.2795 8.4327, 3.5554 1.2795 8.3985, 3.445 1.3084 8.4068, 4.0433 1.3084 8.5433, 4.0208 1.2795 8.5613, 4.076 1.2795 8.6491, 3.9474 1.2795 8.4879, 3.9654 1.3084 8.4654, 3.8721 1.3084 8.4068, 4.1102 1.2795 8.7471, 4.1218 1.2795 8.8502, 4.1383 1.3084 8.7407, 4.1019 1.3084 8.6366, 4.1507 1.3084 8.8502, 3.6585 1.3084 8.358, 3.549 1.3084 8.3704, 3.1664 1.3084 8.8502, 3.6585 1.2795 9.3135, 4.1102 1.2795 8.9533, 4.1383 1.3084 8.9597, 4.076 1.2795 9.0512, 4.1019 1.3084 9.0637, 4.0433 1.3084 9.157, 3.9474 1.2795 9.2124, 3.9654 1.3084 9.2349, 4.0208 1.2795 9.139, 3.549 1.3084 9.33, 3.5554 1.2795 9.3019, 3.4575 1.2795 9.2676, 3.8596 1.2795 9.2676, 3.7616 1.2795 9.3019, 3.8721 1.3084 9.2935, 3.2738 1.3084 9.157, 3.2963 1.2795 9.139, 3.2411 1.2795 9.0512, 3.3697 1.2795 9.2124, 3.3517 1.3084 9.2349, 3.445 1.3084 9.2935, 3.2068 1.2795 8.9533, 3.1787 1.3084 8.9597, 3.2151 1.3084 9.0637, 3.6585 1.3084 9.3423, 3.7681 1.3084 9.33, -0.8297 -4.5079 3.8039, -0.8297 -5.9252 3.2949, -0.8297 -5.9252 2.4419, -0.8297 -5.9252 2.4813, -0.8297 -5.9252 2.3435, -0.8297 -5.9252 2.4026, -0.8297 -5.9252 2.5207, -0.8297 -5.9252 2.5994, -0.8297 -5.9252 2.56, -0.8297 -5.9252 2.6585, -0.8297 -5.9252 3.0292, -0.8297 -5.9252 3.1158, -0.8297 -5.9252 3.0725, -0.8297 -5.9252 3.2024, -0.8297 -5.9252 3.1591, -0.8297 -5.9252 3.2457, 0.3514 -5.9252 2.6585, 0.3514 -5.9252 2.5994, 0.7845 -5.9252 2.5994, 0.3514 -5.9252 2.3435, 0.7845 -5.9252 2.4026, 0.3514 -5.9252 2.4026, 0.8436 -5.9252 2.3435, 0.8436 -5.9252 2.6585, -1.2627 -5.9252 2.4026, -1.3218 -5.9252 2.6585, -1.3218 -5.9252 2.3435, -1.2627 -5.9252 2.5994, 0.3514 -5.9252 3.2949, 0.3514 -5.9252 3.2457, 0.7845 -5.9252 3.2457, 0.7845 -5.9252 3.0292, 0.3514 -5.9252 3.0292, 0.8436 -5.9252 3.2949, -1.2627 -5.9252 3.0292, -1.3218 -5.9252 3.2949, -1.2627 -5.9252 3.2457, 0.3514 -5.9252 2.56, 0.3514 -4.5079 3.8039, 0.3514 -5.9252 2.5207, 0.3514 -5.9252 2.4813, 0.3514 -5.9252 2.4419, 0.3514 -5.9252 3.1591, 0.3514 -5.9252 3.2024, 0.3514 -5.9252 3.0725, 0.3514 -5.9252 3.1158, 0.7844 -4.5079 4.1648, 2.2974 -4.5079 4.1648, 2.505 -4.5079 4.3991, 0.0316 -4.5079 6.2149, -0.3299 -4.5079 6.2404, -0.5098 -4.5079 6.2149, 0.513 -4.5079 3.9025, -0.9912 -4.5079 3.9025, 2.505 -4.5079 5.5054, 0.7844 -4.5079 5.7396, 2.2974 -4.5079 5.7396, -0.1483 -4.5079 6.2404, 0.206 -4.5079 6.1644, -0.6843 -4.5079 6.1644, 0.3717 -4.5079 6.09, -0.8499 -4.5079 6.09, 0.5253 -4.5079 5.993, 0.6638 -4.5079 5.8755, -1.0035 -4.5079 5.993, -1.142 -4.5079 5.8755, -2.9832 -4.5079 5.5054, -1.2626 -4.5079 4.1648, -2.9832 -4.5079 4.3991, -2.7756 -4.5079 4.1648, -1.1365 -4.5079 4.0237, 0.6583 -4.5079 4.0237, 1.51 -5.9252 5.7396, 1.7462 -5.9252 5.7396, 1.8269 -5.9252 5.7396, 1.7757 -5.9252 5.7396, 1.195 -5.9252 5.7396, 1.8781 -5.9252 5.7396, 1.9293 -5.9252 5.7396, 1.9804 -5.9252 5.7396, 2.0316 -5.9252 5.7396, 2.0611 -5.9252 5.7396, 2.2974 -5.9252 5.7396, 1.2541 -5.9252 5.7396, 1.3328 -5.9252 5.7396, 1.2934 -5.9252 5.7396, 1.4115 -5.9252 5.7396, 1.3722 -5.9252 5.7396, 1.4509 -5.9252 5.7396, 2.505 -5.9252 4.3991, 2.2974 -5.9252 4.1648, 2.505 -5.9252 5.5054, 2.0611 -5.9252 6.1333, 2.0316 -5.9252 6.094, 1.7757 -5.9252 6.094, 1.7462 -5.9252 6.1333, 1.7462 -5.9252 4.1648, 1.7462 -5.9252 3.7711, 2.0611 -5.9252 3.7711, 2.0611 -5.9252 4.1648, 1.51 -5.9252 3.7711, 1.2541 -5.9252 3.8105, 1.195 -5.9252 3.7711, 1.4509 -5.9252 3.8105, 1.51 -5.9252 4.1648, 1.195 -5.9252 4.1648, 1.2541 -5.9252 4.1648, 1.4509 -5.9252 4.1648, 1.51 -5.9252 6.1333, 1.4509 -5.9252 6.094, 1.2541 -5.9252 6.094, 1.195 -5.9252 6.1333, 1.3722 -5.9252 4.1648, 1.4115 -5.9252 4.1648, 1.2934 -5.9252 4.1648, 1.3328 -5.9252 4.1648, 1.3554 -5.1279 2.9107, 1.3948 -5.1279 2.9107, 1.631 -5.1279 2.9107, 1.6703 -5.1279 2.9107, 1.3554 -4.7342 2.9107, 1.3948 -4.7342 2.9107, 1.6703 -4.7342 2.9107, 1.631 -4.7342 2.9107, -1.8336 -5.1279 2.9107, -1.873 -5.1279 2.9107, -2.1486 -5.1279 2.9107, -2.1092 -5.1279 2.9107, -1.8336 -4.7342 2.9107, -1.873 -4.7342 2.9107, -2.1092 -4.7342 2.9107, -2.1486 -4.7342 2.9107, 1.2348 -7.9724 3.014, 1.163 -7.9724 3.0253, 1.0983 -7.9724 3.0583, 1.047 -7.9724 3.1096, 1.014 -7.9724 3.1743, 1.0027 -7.9724 3.2461, 1.3065 -7.9724 3.0253, 1.3712 -7.9724 3.0583, 1.4225 -7.9724 3.1096, 1.4555 -7.9724 3.1743, 1.4668 -7.9724 3.2461, 1.1104 -8.0512 3.1565, 1.0788 -8.0406 3.1328, 1.1215 -8.0406 3.0902, 1.0132 -8.0118 3.2461, 1.0241 -8.0118 3.1776, 1.0515 -8.0406 3.1865, 1.0555 -8.0118 3.1158, 1.1045 -8.0118 3.0668, 1.1663 -8.0118 3.0354, 1.365 -8.0118 3.0668, 1.3032 -8.0118 3.0354, 1.1871 -8.0512 3.1003, 1.1442 -8.0512 3.1224, 1.1752 -8.0406 3.0628, 1.418 -8.0406 3.1865, 1.4275 -8.0406 3.2461, 1.3805 -8.0512 3.1984, 1.2817 -8.0512 3.1002, 1.348 -8.0406 3.0902, 1.3244 -8.0512 3.1217, 1.4563 -8.0118 3.2461, 1.4454 -8.0118 3.1776, 1.3907 -8.0406 3.1328, 1.3585 -8.0512 3.1555, 1.3881 -8.0512 3.2461, 1.2943 -8.0406 3.0628, 1.2348 -8.0118 3.0245, 1.2348 -8.0406 3.0533, 1.2348 -8.0512 3.0927, 1.089 -8.0512 3.1984, 1.042 -8.0406 3.2461, 1.0814 -8.0512 3.2461, 1.414 -8.0118 3.1158, 1.3805 -8.0512 3.2937, 1.3585 -8.0512 3.3366, 1.1442 -8.0512 3.3698, 1.1104 -8.0512 3.3357, 1.2348 -8.0512 3.3994, 1.2817 -8.0512 3.3919, 1.3244 -8.0512 3.3704, 1.1871 -8.0512 3.3918, 1.089 -8.0512 3.2937, 1.3907 -8.0406 3.3593, 1.348 -8.0406 3.402, 1.4555 -7.9724 3.3178, 1.4454 -8.0118 3.3145, 1.418 -8.0406 3.3056, 1.414 -8.0118 3.3763, 1.365 -8.0118 3.4253, 1.3032 -8.0118 3.4568, 1.1045 -8.0118 3.4253, 1.1663 -8.0118 3.4568, 1.0983 -7.9724 3.4338, 1.2943 -8.0406 3.4293, 1.0515 -8.0406 3.3056, 1.1215 -8.0406 3.402, 1.0241 -8.0118 3.3145, 1.0788 -8.0406 3.3593, 1.1752 -8.0406 3.4293, 1.2348 -8.0118 3.4676, 1.2348 -8.0406 3.4388, 1.4225 -7.9724 3.3825, 1.3712 -7.9724 3.4338, 1.3065 -7.9724 3.4668, 1.2348 -7.9724 3.4781, 1.163 -7.9724 3.4668, 1.047 -7.9724 3.3825, 1.0555 -8.0118 3.3763, 1.014 -7.9724 3.3178, -1.7847 -7.9724 3.0253, -1.713 -7.9724 3.014, -1.8494 -7.9724 3.0583, -1.9007 -7.9724 3.1096, -1.9337 -7.9724 3.1743, -1.945 -7.9724 3.2461, -1.6412 -7.9724 3.0253, -1.5765 -7.9724 3.0583, -1.5252 -7.9724 3.1096, -1.4922 -7.9724 3.1743, -1.4809 -7.9724 3.2461, -1.5827 -8.0118 3.0668, -1.5337 -8.0118 3.1158, -1.5571 -8.0406 3.1328, -1.9237 -8.0118 3.1776, -1.8922 -8.0118 3.1158, -1.713 -8.0118 3.0245, -1.713 -8.0406 3.0533, -1.7814 -8.0118 3.0354, -1.8962 -8.0406 3.1865, -1.8689 -8.0406 3.1328, -1.8262 -8.0406 3.0902, -1.5297 -8.0406 3.1865, -1.5596 -8.0512 3.2461, -1.5672 -8.0512 3.1984, -1.5997 -8.0406 3.0902, -1.5023 -8.0118 3.1776, -1.5202 -8.0406 3.2461, -1.4914 -8.0118 3.2461, -1.6534 -8.0406 3.0628, -1.6445 -8.0118 3.0354, -1.7725 -8.0406 3.0628, -1.8432 -8.0118 3.0668, -1.9345 -8.0118 3.2461, -1.9057 -8.0406 3.2461, -1.8663 -8.0512 3.2461, -1.8587 -8.0512 3.1984, -1.5886 -8.0512 3.1565, -1.6225 -8.0512 3.1224, -1.6653 -8.0512 3.1003, -1.713 -8.0512 3.0927, -1.7599 -8.0512 3.1002, -1.8026 -8.0512 3.1217, -1.8367 -8.0512 3.1555, -1.5893 -8.0512 3.3366, -1.6234 -8.0512 3.3704, -1.666 -8.0512 3.3919, -1.713 -8.0512 3.3994, -1.8373 -8.0512 3.3357, -1.8587 -8.0512 3.2937, -1.7606 -8.0512 3.3918, -1.8035 -8.0512 3.3698, -1.5672 -8.0512 3.2937, -1.8432 -8.0118 3.4253, -1.8922 -8.0118 3.3763, -1.8689 -8.0406 3.3593, -1.5023 -8.0118 3.3145, -1.4922 -7.9724 3.3178, -1.5337 -8.0118 3.3763, -1.5252 -7.9724 3.3825, -1.713 -8.0118 3.4676, -1.713 -8.0406 3.4388, -1.6445 -8.0118 3.4568, -1.5297 -8.0406 3.3056, -1.5571 -8.0406 3.3593, -1.6412 -7.9724 3.4668, -1.713 -7.9724 3.4781, -1.5997 -8.0406 3.402, -1.8962 -8.0406 3.3056, -1.8262 -8.0406 3.402, -1.9237 -8.0118 3.3145, -1.9337 -7.9724 3.3178, -1.7725 -8.0406 3.4293, -1.7814 -8.0118 3.4568, -1.6534 -8.0406 3.4293, -1.5827 -8.0118 3.4253, -1.9007 -7.9724 3.3825, -1.8494 -7.9724 3.4338, -1.7847 -7.9724 3.4668, -1.5765 -7.9724 3.4338
            ]
        }
        coordIndex [
            0,1,2,-1,2,3,0,-1,4,5,6,-1,6,7,4,-1,8,9,10,-1,11,12,9,-1,13,14,15,-1,16,10,9,-1,12,11,17,-1,13,9,12,-1,18,19,20,-1,18,16,19,-1,13,15,21,-1,22,23,24,-1,25,26,27,-1,28,19,24,-1,22,24,19,-1,19,16,9,-1,19,28,20,-1,29,8,10,-1,19,9,21,-1,29,27,30,-1,26,25,31,-1,26,32,27,-1,33,34,26,-1,33,26,35,-1,27,36,37,-1,34,38,26,-1,34,39,38,-1,36,27,32,-1,35,26,31,-1,32,40,41,-1,42,27,37,-1,27,29,25,-1,32,41,36,-1,43,44,42,-1,43,42,37,-1,29,30,8,-1,13,21,9,-1,11,45,17,-1,46,47,48,-1,49,46,50,-1,51,52,53,-1,54,4,55,-1,47,46,49,-1,50,56,49,-1,51,57,58,-1,56,59,49,-1,60,61,62,-1,61,60,63,-1,53,52,64,-1,65,66,67,-1,52,60,64,-1,63,60,52,-1,5,68,69,-1,70,71,64,-1,72,73,74,-1,75,54,76,-1,64,71,65,-1,73,77,78,-1,79,80,81,-1,79,81,82,-1,78,80,73,-1,83,82,81,-1,79,84,80,-1,85,86,87,-1,51,58,86,-1,54,5,4,-1,59,54,49,-1,59,85,88,-1,53,57,51,-1,89,80,84,-1,87,90,85,-1,58,87,86,-1,90,88,85,-1,54,88,76,-1,59,88,54,-1,5,75,68,-1,54,75,5,-1,5,69,79,-1,79,69,91,-1,79,92,84,-1,79,91,92,-1,74,73,89,-1,80,89,73,-1,72,93,73,-1,66,65,93,-1,73,93,65,-1,65,67,64,-1,53,64,94,-1,64,67,94,-1,0,95,1,-1,96,97,98,-1,99,100,101,-1,102,103,104,-1,105,106,107,-1,98,97,108,-1,109,110,105,-1,108,97,107,-1,100,111,112,-1,105,107,109,-1,100,113,114,-1,113,100,115,-1,116,117,115,-1,111,118,112,-1,113,115,117,-1,119,120,121,-1,115,122,116,-1,123,124,125,-1,124,119,126,-1,0,127,125,-1,111,128,129,-1,130,131,132,-1,130,132,126,-1,132,133,134,-1,135,0,136,-1,133,137,134,-1,132,131,133,-1,0,125,95,-1,126,132,125,-1,108,138,136,-1,135,127,0,-1,108,136,0,-1,123,125,127,-1,124,126,125,-1,124,120,119,-1,102,121,103,-1,121,102,119,-1,103,139,104,-1,113,139,114,-1,104,139,113,-1,100,114,101,-1,111,99,128,-1,100,99,111,-1,140,105,129,-1,111,129,105,-1,108,107,141,-1,106,105,142,-1,105,140,142,-1,106,141,107,-1,138,108,143,-1,108,141,143,-1,17,144,145,-1,17,145,12,-1,115,146,147,-1,115,147,122,-1,12,145,148,-1,12,148,13,-1,13,148,149,-1,13,149,14,-1,112,150,151,-1,112,151,100,-1,152,153,154,-1,155,156,154,-1,157,158,154,-1,157,154,153,-1,158,144,154,-1,17,45,159,-1,159,45,160,-1,17,159,144,-1,144,159,154,-1,161,155,23,-1,15,14,156,-1,22,161,23,-1,156,155,161,-1,154,156,149,-1,156,14,149,-1,152,154,149,-1,162,163,164,-1,160,165,166,-1,167,166,165,-1,166,159,160,-1,168,169,170,-1,170,167,165,-1,165,168,170,-1,162,167,171,-1,162,166,167,-1,162,172,163,-1,171,172,162,-1,173,174,164,-1,174,162,164,-1,175,176,156,-1,175,156,161,-1,177,178,179,-1,178,177,180,-1,181,182,183,-1,181,183,184,-1,148,185,149,-1,186,185,148,-1,144,186,145,-1,149,185,152,-1,186,148,145,-1,186,144,158,-1,150,146,151,-1,146,150,147,-1,187,188,189,-1,190,191,192,-1,193,192,194,-1,193,194,195,-1,187,189,191,-1,187,196,188,-1,189,192,191,-1,192,197,190,-1,198,199,200,-1,201,202,203,-1,204,205,206,-1,207,198,208,-1,209,210,211,-1,212,210,213,-1,214,215,216,-1,217,218,219,-1,220,221,222,-1,223,224,215,-1,225,226,227,-1,228,229,227,-1,230,231,232,-1,233,234,235,-1,236,237,238,-1,232,239,240,-1,241,242,243,-1,244,245,246,-1,247,248,249,-1,250,242,251,-1,252,253,254,-1,255,256,253,-1,257,258,259,-1,260,261,262,-1,263,264,265,-1,266,267,259,-1,268,269,270,-1,270,271,272,-1,273,274,275,-1,276,277,278,-1,279,280,281,-1,281,282,279,-1,283,284,285,-1,280,283,281,-1,286,285,287,-1,284,287,285,-1,288,289,290,-1,286,290,289,-1,288,291,292,-1,292,289,288,-1,293,291,294,-1,291,293,292,-1,295,296,297,-1,294,297,296,-1,298,299,300,-1,295,297,300,-1,298,301,302,-1,302,299,298,-1,303,304,305,-1,304,303,306,-1,307,308,309,-1,304,308,305,-1,310,311,312,-1,311,310,313,-1,314,312,315,-1,311,315,312,-1,316,317,314,-1,314,315,316,-1,275,318,273,-1,274,282,275,-1,318,276,278,-1,269,277,276,-1,319,311,320,-1,311,313,320,-1,309,319,321,-1,320,321,319,-1,309,322,307,-1,321,322,309,-1,307,305,308,-1,300,299,295,-1,304,306,323,-1,324,304,325,-1,304,323,325,-1,324,325,326,-1,298,324,327,-1,326,327,324,-1,298,327,328,-1,298,328,301,-1,296,293,294,-1,284,283,280,-1,290,286,287,-1,282,274,279,-1,278,273,318,-1,268,270,272,-1,277,269,268,-1,272,271,264,-1,263,265,267,-1,264,271,265,-1,258,266,259,-1,266,263,267,-1,261,258,257,-1,252,260,262,-1,262,261,257,-1,253,256,254,-1,252,254,260,-1,255,247,256,-1,248,250,249,-1,255,248,247,-1,251,242,241,-1,249,250,251,-1,241,243,244,-1,246,245,238,-1,244,243,245,-1,239,237,236,-1,237,246,238,-1,230,232,240,-1,240,239,236,-1,235,231,230,-1,233,225,234,-1,235,234,231,-1,226,228,227,-1,233,226,225,-1,228,221,229,-1,220,222,223,-1,229,221,220,-1,215,224,216,-1,223,222,224,-1,214,216,218,-1,211,217,219,-1,217,214,218,-1,213,210,209,-1,209,211,219,-1,204,212,213,-1,205,208,206,-1,204,206,212,-1,207,199,198,-1,205,207,208,-1,199,202,200,-1,200,202,201,-1,201,203,195,-1,194,201,195,-1,192,193,197,-1,131,329,330,-1,137,133,331,-1,332,333,331,-1,334,333,332,-1,119,102,335,-1,126,336,130,-1,337,173,164,-1,338,339,104,-1,337,340,173,-1,340,113,117,-1,113,340,338,-1,340,117,173,-1,341,342,168,-1,169,343,170,-1,344,11,345,-1,165,160,346,-1,347,9,348,-1,9,345,11,-1,349,350,351,-1,350,349,348,-1,352,351,353,-1,350,353,351,-1,9,347,345,-1,160,45,344,-1,45,11,344,-1,9,8,348,-1,354,355,356,-1,348,349,347,-1,354,356,352,-1,357,355,358,-1,355,357,356,-1,359,357,360,-1,358,360,357,-1,352,353,354,-1,160,344,346,-1,165,341,168,-1,165,346,341,-1,169,342,343,-1,169,168,342,-1,167,170,361,-1,361,170,343,-1,362,171,167,-1,167,361,362,-1,171,363,172,-1,363,171,362,-1,163,172,364,-1,363,364,172,-1,365,164,163,-1,163,364,365,-1,113,338,104,-1,337,164,365,-1,335,102,339,-1,339,102,104,-1,366,367,119,-1,130,329,131,-1,130,336,329,-1,133,330,331,-1,133,131,330,-1,331,333,137,-1,368,369,370,-1,371,370,334,-1,50,372,373,-1,48,374,46,-1,375,85,376,-1,377,59,56,-1,378,63,52,-1,379,51,380,-1,381,382,383,-1,384,385,386,-1,387,388,389,-1,381,390,391,-1,392,393,394,-1,395,396,397,-1,27,42,398,-1,44,399,400,-1,401,402,27,-1,30,27,402,-1,402,403,404,-1,403,402,401,-1,405,404,406,-1,403,406,404,-1,407,408,405,-1,405,406,407,-1,408,409,410,-1,409,408,407,-1,411,410,412,-1,409,412,410,-1,413,414,411,-1,411,412,413,-1,27,398,401,-1,42,400,398,-1,393,392,399,-1,42,44,400,-1,394,393,415,-1,416,388,397,-1,415,396,395,-1,389,417,387,-1,388,416,389,-1,417,391,390,-1,382,381,391,-1,392,400,399,-1,394,415,395,-1,387,417,390,-1,396,416,397,-1,382,384,383,-1,386,385,378,-1,383,384,386,-1,378,52,379,-1,378,385,63,-1,51,86,380,-1,379,52,51,-1,418,419,59,-1,85,375,420,-1,373,377,56,-1,59,419,421,-1,46,372,50,-1,50,373,56,-1,48,422,374,-1,46,374,372,-1,423,422,424,-1,368,424,369,-1,423,374,422,-1,368,423,424,-1,368,370,371,-1,371,334,332,-1,425,426,427,-1,428,119,335,-1,427,429,425,-1,430,429,427,-1,430,427,431,-1,119,428,366,-1,119,432,433,-1,119,367,432,-1,434,435,336,-1,126,436,434,-1,119,433,126,-1,126,433,437,-1,435,438,427,-1,126,437,436,-1,336,126,434,-1,336,435,427,-1,427,438,431,-1,335,339,426,-1,427,426,339,-1,377,439,59,-1,440,441,442,-1,443,442,441,-1,444,85,421,-1,59,421,85,-1,441,445,443,-1,85,444,376,-1,446,447,380,-1,420,446,85,-1,448,449,441,-1,86,85,446,-1,380,86,446,-1,441,380,447,-1,441,447,448,-1,441,449,445,-1,441,440,377,-1,59,439,418,-1,377,440,439,-1,450,451,452,-1,450,452,453,-1,453,454,450,-1,190,197,455,-1,456,457,190,-1,455,456,190,-1,457,458,190,-1,459,450,460,-1,459,451,450,-1,461,462,358,-1,456,463,360,-1,464,360,463,-1,465,360,464,-1,464,460,466,-1,466,465,464,-1,355,467,461,-1,457,456,360,-1,467,353,350,-1,467,354,353,-1,467,350,468,-1,348,468,350,-1,358,462,360,-1,355,461,358,-1,355,354,467,-1,457,360,469,-1,360,462,469,-1,411,470,471,-1,472,404,405,-1,473,402,404,-1,472,410,471,-1,405,408,472,-1,474,470,414,-1,475,476,477,-1,478,479,414,-1,480,477,476,-1,414,477,478,-1,477,414,475,-1,414,479,481,-1,414,481,474,-1,414,470,411,-1,411,471,410,-1,472,473,404,-1,410,472,408,-1,482,458,457,-1,483,484,461,-1,485,469,462,-1,467,483,461,-1,485,462,484,-1,461,484,462,-1,482,457,469,-1,485,482,469,-1,486,487,488,-1,489,187,191,-1,488,490,486,-1,191,190,489,-1,489,196,187,-1,491,484,483,-1,489,190,458,-1,492,491,493,-1,487,486,492,-1,493,491,483,-1,490,494,486,-1,482,485,491,-1,495,486,494,-1,458,491,496,-1,495,497,498,-1,312,497,310,-1,497,495,310,-1,497,312,314,-1,317,497,314,-1,498,497,489,-1,498,486,495,-1,491,458,482,-1,492,486,491,-1,485,484,491,-1,498,489,496,-1,458,496,489,-1,499,500,489,-1,489,501,502,-1,499,489,502,-1,497,503,504,-1,489,497,501,-1,505,497,506,-1,497,505,503,-1,497,507,506,-1,504,501,497,-1,489,500,508,-1,508,509,489,-1,510,196,511,-1,512,513,489,-1,196,489,513,-1,196,513,511,-1,489,509,512,-1,196,510,188,-1,277,514,515,-1,516,319,517,-1,518,519,520,-1,315,521,522,-1,522,316,315,-1,523,254,256,-1,311,521,315,-1,524,525,526,-1,527,528,529,-1,530,531,304,-1,308,531,532,-1,533,534,300,-1,535,298,534,-1,536,537,538,-1,539,540,294,-1,280,541,542,-1,537,536,543,-1,544,545,546,-1,547,548,549,-1,550,551,264,-1,552,514,268,-1,553,554,555,-1,556,557,553,-1,558,559,260,-1,560,561,562,-1,563,564,565,-1,558,254,523,-1,241,566,567,-1,568,569,570,-1,571,572,573,-1,573,574,571,-1,575,576,577,-1,237,578,579,-1,580,234,581,-1,231,580,582,-1,583,584,585,-1,227,586,587,-1,588,589,590,-1,591,223,592,-1,593,508,500,-1,594,214,595,-1,596,211,597,-1,598,599,590,-1,600,597,210,-1,599,598,601,-1,602,603,604,-1,212,605,600,-1,509,508,593,-1,206,606,605,-1,607,608,609,-1,610,606,208,-1,198,611,610,-1,612,613,614,-1,613,615,616,-1,617,611,200,-1,593,618,509,-1,619,617,201,-1,616,615,620,-1,621,616,620,-1,622,623,624,-1,621,620,625,-1,623,626,624,-1,627,618,628,-1,619,194,629,-1,628,624,627,-1,630,528,527,-1,629,192,529,-1,188,510,527,-1,527,511,630,-1,601,604,631,-1,602,608,632,-1,589,598,590,-1,595,217,596,-1,215,594,592,-1,633,634,635,-1,584,636,637,-1,634,638,636,-1,639,586,229,-1,591,639,220,-1,640,641,642,-1,643,642,583,-1,587,581,225,-1,640,642,643,-1,644,645,646,-1,641,640,647,-1,648,232,582,-1,649,575,645,-1,577,650,572,-1,578,239,648,-1,651,571,574,-1,652,246,579,-1,653,651,574,-1,566,244,652,-1,251,567,654,-1,651,655,656,-1,657,565,570,-1,658,249,654,-1,256,659,523,-1,247,658,659,-1,660,661,662,-1,564,663,660,-1,661,562,662,-1,663,661,660,-1,664,258,665,-1,559,665,261,-1,266,664,666,-1,667,554,668,-1,557,669,670,-1,550,263,666,-1,670,671,672,-1,272,551,552,-1,673,674,672,-1,278,515,675,-1,673,672,671,-1,273,675,676,-1,674,673,677,-1,676,678,274,-1,679,547,546,-1,680,549,681,-1,279,678,541,-1,682,284,542,-1,680,683,543,-1,684,287,682,-1,683,537,543,-1,519,685,686,-1,290,684,687,-1,291,688,539,-1,288,687,688,-1,689,690,691,-1,692,691,518,-1,693,694,690,-1,533,297,540,-1,695,694,693,-1,694,695,696,-1,530,324,535,-1,695,697,696,-1,526,698,699,-1,698,700,701,-1,702,703,525,-1,309,532,517,-1,521,311,516,-1,704,703,705,-1,706,707,704,-1,708,706,704,-1,705,708,704,-1,507,708,705,-1,506,507,709,-1,710,709,507,-1,505,506,709,-1,711,521,707,-1,521,711,522,-1,705,703,702,-1,711,707,706,-1,707,516,712,-1,507,705,710,-1,704,712,703,-1,713,710,705,-1,521,516,707,-1,311,319,516,-1,714,702,524,-1,707,712,704,-1,712,517,715,-1,705,702,713,-1,703,715,525,-1,714,713,702,-1,516,517,712,-1,319,309,517,-1,716,524,699,-1,712,715,703,-1,715,532,717,-1,717,526,525,-1,714,524,716,-1,702,525,524,-1,517,532,715,-1,309,308,532,-1,718,699,701,-1,715,717,525,-1,717,531,719,-1,719,698,526,-1,716,699,718,-1,524,526,699,-1,532,531,717,-1,308,304,531,-1,720,701,697,-1,717,719,526,-1,530,721,719,-1,700,698,721,-1,718,701,720,-1,699,698,701,-1,531,530,719,-1,304,324,530,-1,722,697,723,-1,719,721,698,-1,535,724,721,-1,696,700,724,-1,720,697,722,-1,701,700,697,-1,530,535,721,-1,324,298,535,-1,700,696,697,-1,721,724,700,-1,724,534,725,-1,697,695,723,-1,696,725,694,-1,726,723,695,-1,535,534,724,-1,298,300,534,-1,693,690,689,-1,724,725,696,-1,725,533,727,-1,695,693,726,-1,694,727,690,-1,728,726,693,-1,534,533,725,-1,300,297,533,-1,729,689,692,-1,725,727,694,-1,727,540,730,-1,693,689,728,-1,690,730,691,-1,729,728,689,-1,533,540,727,-1,297,294,540,-1,731,692,520,-1,727,730,690,-1,730,539,732,-1,732,518,691,-1,729,692,731,-1,689,691,692,-1,540,539,730,-1,294,291,539,-1,733,520,686,-1,730,732,691,-1,732,688,734,-1,734,519,518,-1,731,520,733,-1,692,518,520,-1,539,688,732,-1,291,288,688,-1,735,686,538,-1,732,734,518,-1,687,736,734,-1,736,685,519,-1,733,686,735,-1,520,519,686,-1,688,687,734,-1,288,290,687,-1,737,538,537,-1,734,736,519,-1,684,738,736,-1,536,685,738,-1,735,538,737,-1,686,685,538,-1,687,684,736,-1,290,287,684,-1,685,536,538,-1,736,738,685,-1,738,682,739,-1,537,740,737,-1,536,739,543,-1,741,740,537,-1,684,682,738,-1,287,284,682,-1,683,680,681,-1,738,739,536,-1,739,542,742,-1,537,683,741,-1,543,742,680,-1,743,741,683,-1,682,542,739,-1,284,280,542,-1,744,681,548,-1,739,742,543,-1,742,541,745,-1,683,681,743,-1,680,745,549,-1,744,743,681,-1,542,541,742,-1,280,279,541,-1,746,548,679,-1,742,745,680,-1,745,678,747,-1,747,547,549,-1,744,548,746,-1,681,549,548,-1,541,678,745,-1,279,274,678,-1,748,679,545,-1,745,747,549,-1,747,676,749,-1,749,546,547,-1,746,679,748,-1,548,547,679,-1,678,676,747,-1,274,273,676,-1,750,545,677,-1,747,749,547,-1,675,751,749,-1,751,544,546,-1,748,545,750,-1,679,546,545,-1,676,675,749,-1,273,278,675,-1,752,677,673,-1,749,751,546,-1,515,753,751,-1,674,544,753,-1,750,677,752,-1,545,544,677,-1,675,515,751,-1,278,277,515,-1,544,674,677,-1,751,753,544,-1,753,514,754,-1,673,755,752,-1,674,754,672,-1,756,755,673,-1,515,514,753,-1,277,268,514,-1,671,670,669,-1,753,754,674,-1,754,552,757,-1,673,671,756,-1,672,757,670,-1,758,756,671,-1,514,552,754,-1,268,272,552,-1,669,557,556,-1,754,757,672,-1,757,551,759,-1,671,669,758,-1,670,759,557,-1,760,758,669,-1,552,551,757,-1,272,264,551,-1,761,556,555,-1,757,759,670,-1,759,550,762,-1,669,556,760,-1,557,762,553,-1,761,760,556,-1,551,550,759,-1,264,263,550,-1,763,555,667,-1,759,762,557,-1,762,666,764,-1,764,554,553,-1,761,555,763,-1,556,553,555,-1,550,666,762,-1,263,266,666,-1,765,667,560,-1,762,764,553,-1,764,664,766,-1,766,668,554,-1,763,667,765,-1,555,554,667,-1,666,664,764,-1,266,258,664,-1,767,560,562,-1,764,766,554,-1,665,768,766,-1,561,668,768,-1,765,560,767,-1,667,668,560,-1,664,665,766,-1,258,261,665,-1,668,561,560,-1,766,768,668,-1,768,559,769,-1,562,770,767,-1,561,769,662,-1,771,770,562,-1,665,559,768,-1,261,260,559,-1,561,662,562,-1,768,769,561,-1,769,558,772,-1,562,661,771,-1,662,772,660,-1,773,771,661,-1,559,558,769,-1,260,254,558,-1,663,564,563,-1,769,772,662,-1,774,772,523,-1,661,663,773,-1,660,774,564,-1,775,773,663,-1,523,772,558,-1,247,659,256,-1,776,563,657,-1,772,774,660,-1,777,774,659,-1,663,563,775,-1,564,777,565,-1,776,775,563,-1,523,659,774,-1,249,658,247,-1,778,657,569,-1,774,777,564,-1,779,777,658,-1,779,570,565,-1,776,657,778,-1,563,565,657,-1,659,658,777,-1,251,654,249,-1,780,569,781,-1,777,779,565,-1,782,779,654,-1,782,568,570,-1,778,569,780,-1,657,570,569,-1,658,654,779,-1,241,567,251,-1,783,781,653,-1,779,782,570,-1,782,567,784,-1,655,568,784,-1,780,781,783,-1,569,568,781,-1,654,567,782,-1,244,566,241,-1,568,655,781,-1,782,784,568,-1,656,784,566,-1,653,785,786,-1,783,653,786,-1,781,655,653,-1,567,566,784,-1,246,652,244,-1,655,651,653,-1,784,656,655,-1,787,656,652,-1,653,574,785,-1,651,787,571,-1,788,785,574,-1,566,652,656,-1,237,579,246,-1,573,572,650,-1,656,787,651,-1,789,787,579,-1,574,573,788,-1,571,789,572,-1,790,788,573,-1,652,579,787,-1,239,578,237,-1,791,650,576,-1,787,789,571,-1,792,789,578,-1,573,650,790,-1,572,792,577,-1,791,790,650,-1,579,578,789,-1,232,648,239,-1,793,576,649,-1,789,792,572,-1,794,792,648,-1,794,575,577,-1,791,576,793,-1,650,577,576,-1,578,648,792,-1,231,582,232,-1,795,649,644,-1,792,794,577,-1,796,794,582,-1,796,645,575,-1,793,649,795,-1,576,575,649,-1,648,582,794,-1,234,580,231,-1,797,644,647,-1,794,796,575,-1,796,580,798,-1,646,645,798,-1,795,644,797,-1,649,645,644,-1,582,580,796,-1,225,581,234,-1,647,640,799,-1,796,798,645,-1,798,581,800,-1,641,646,800,-1,797,647,799,-1,644,646,647,-1,580,581,798,-1,227,587,225,-1,646,641,647,-1,798,800,646,-1,801,800,587,-1,640,802,799,-1,641,801,642,-1,803,802,640,-1,581,587,800,-1,229,586,227,-1,643,583,585,-1,800,801,641,-1,804,801,586,-1,640,643,803,-1,642,804,583,-1,805,803,643,-1,587,586,801,-1,220,639,229,-1,806,585,637,-1,801,804,642,-1,807,804,639,-1,643,585,805,-1,583,807,584,-1,806,805,585,-1,586,639,804,-1,223,591,220,-1,808,637,638,-1,804,807,583,-1,809,807,591,-1,809,636,584,-1,806,637,808,-1,585,584,637,-1,639,591,807,-1,215,592,223,-1,810,638,633,-1,807,809,584,-1,811,809,592,-1,811,634,636,-1,808,638,810,-1,637,636,638,-1,591,592,809,-1,214,594,215,-1,812,633,588,-1,809,811,636,-1,811,594,813,-1,813,635,634,-1,810,633,812,-1,638,634,633,-1,592,594,811,-1,217,595,214,-1,814,588,590,-1,811,813,634,-1,813,595,815,-1,589,635,815,-1,812,588,814,-1,633,635,588,-1,594,595,813,-1,211,596,217,-1,635,589,588,-1,813,815,635,-1,816,815,596,-1,590,817,814,-1,589,816,598,-1,818,817,590,-1,595,596,815,-1,210,597,211,-1,599,601,631,-1,815,816,589,-1,819,816,597,-1,590,599,818,-1,598,819,601,-1,820,818,599,-1,596,597,816,-1,212,600,210,-1,631,604,603,-1,816,819,598,-1,821,819,600,-1,599,631,820,-1,601,821,604,-1,822,820,631,-1,597,600,819,-1,206,605,212,-1,823,603,632,-1,819,821,601,-1,824,821,605,-1,631,603,822,-1,604,824,602,-1,823,822,603,-1,600,605,821,-1,208,606,206,-1,825,632,607,-1,821,824,604,-1,826,824,606,-1,826,608,602,-1,823,632,825,-1,603,602,632,-1,605,606,824,-1,198,610,208,-1,827,607,614,-1,824,826,602,-1,828,826,610,-1,828,609,608,-1,825,607,827,-1,632,608,607,-1,606,610,826,-1,200,611,198,-1,829,614,613,-1,826,828,608,-1,828,611,830,-1,612,609,830,-1,827,614,829,-1,607,609,614,-1,610,611,828,-1,201,617,200,-1,609,612,614,-1,828,830,609,-1,831,830,617,-1,613,832,829,-1,612,831,615,-1,833,832,613,-1,611,617,830,-1,194,619,201,-1,612,615,613,-1,830,831,612,-1,831,619,834,-1,613,616,833,-1,615,834,620,-1,835,833,616,-1,617,619,831,-1,192,629,194,-1,621,625,623,-1,831,834,615,-1,629,836,834,-1,616,621,835,-1,620,836,625,-1,837,835,621,-1,619,629,834,-1,529,192,189,-1,625,528,626,-1,834,836,620,-1,528,625,836,-1,621,623,837,-1,625,626,623,-1,622,837,623,-1,629,529,836,-1,189,188,527,-1,838,626,630,-1,836,529,528,-1,626,528,630,-1,838,627,624,-1,624,626,838,-1,622,624,628,-1,189,527,529,-1,510,511,527,-1,511,513,630,-1,630,513,838,-1,513,512,838,-1,838,512,627,-1,512,509,627,-1,618,627,509,-1,839,840,841,-1,842,843,844,-1,845,846,847,-1,848,849,850,-1,851,852,853,-1,854,855,856,-1,841,857,839,-1,858,859,860,-1,756,861,859,-1,761,862,760,-1,863,864,865,-1,866,867,868,-1,869,870,871,-1,870,869,872,-1,873,874,871,-1,870,873,871,-1,875,871,874,-1,876,877,878,-1,875,874,879,-1,878,877,880,-1,881,882,883,-1,879,881,875,-1,884,880,883,-1,885,886,880,-1,887,888,889,-1,885,889,890,-1,890,891,885,-1,892,893,894,-1,889,888,892,-1,895,896,893,-1,895,897,896,-1,773,775,895,-1,898,897,899,-1,897,895,899,-1,900,901,853,-1,899,775,776,-1,866,868,902,-1,903,904,905,-1,906,907,744,-1,905,906,748,-1,743,908,909,-1,910,911,912,-1,913,914,915,-1,916,915,917,-1,918,919,920,-1,921,922,923,-1,924,923,922,-1,925,849,926,-1,927,849,928,-1,729,929,930,-1,849,925,850,-1,931,847,932,-1,850,925,933,-1,932,847,934,-1,859,858,840,-1,903,905,750,-1,935,936,937,-1,856,938,939,-1,906,744,746,-1,920,919,921,-1,921,940,920,-1,929,731,940,-1,941,942,930,-1,942,728,930,-1,943,944,945,-1,946,947,948,-1,948,949,946,-1,950,720,722,-1,844,951,952,-1,953,954,955,-1,951,956,957,-1,718,958,959,-1,960,961,962,-1,963,964,965,-1,966,967,714,-1,968,965,969,-1,965,970,971,-1,972,713,967,-1,973,961,960,-1,974,975,976,-1,968,977,965,-1,503,978,504,-1,505,979,978,-1,501,504,980,-1,981,953,982,-1,983,954,981,-1,984,985,986,-1,987,988,982,-1,710,972,709,-1,987,989,972,-1,989,979,972,-1,990,970,979,-1,970,990,971,-1,991,992,993,-1,969,965,971,-1,994,956,951,-1,994,986,985,-1,995,996,984,-1,997,962,998,-1,997,998,969,-1,999,1000,1001,-1,1002,965,977,-1,1000,996,995,-1,1003,975,974,-1,1004,965,964,-1,992,1004,1005,-1,1006,1001,976,-1,1005,993,992,-1,965,1004,992,-1,1007,1003,974,-1,980,992,1008,-1,978,979,970,-1,974,1008,1007,-1,1008,991,1009,-1,1008,1009,1007,-1,975,1006,976,-1,1010,1001,1006,-1,1001,1010,999,-1,1001,1000,995,-1,995,984,986,-1,986,994,951,-1,1011,1012,1013,-1,1011,951,957,-1,1013,1014,1015,-1,1015,954,1016,-1,842,844,952,-1,1017,1018,1019,-1,842,946,843,-1,1020,1021,718,-1,1022,722,723,-1,948,1023,1024,-1,1025,1026,1027,-1,1028,966,959,-1,989,990,979,-1,972,1029,987,-1,988,981,982,-1,982,989,987,-1,981,954,953,-1,1013,1015,1016,-1,1030,1031,1032,-1,1026,1025,1033,-1,1034,1030,983,-1,954,983,1030,-1,1015,955,954,-1,1013,1035,1011,-1,1035,1027,1026,-1,1011,1036,951,-1,952,951,1036,-1,1022,726,942,-1,1037,846,1038,-1,1039,1040,848,-1,847,1039,845,-1,959,1041,1028,-1,722,1022,950,-1,720,1020,718,-1,1042,1043,1044,-1,1042,959,1045,-1,1021,958,718,-1,1044,1041,959,-1,1043,1046,943,-1,943,1044,1043,-1,1047,1048,1049,-1,1048,1050,846,-1,1023,947,1051,-1,1052,1053,945,-1,947,1023,948,-1,1051,947,1054,-1,944,1052,945,-1,1042,1044,959,-1,716,959,966,-1,959,958,1045,-1,1055,1029,967,-1,1056,966,1057,-1,1054,1055,1056,-1,1038,948,1024,-1,845,1038,846,-1,1024,1037,1038,-1,1049,1048,846,-1,1049,1017,1047,-1,1017,1019,1047,-1,1018,1058,1019,-1,1059,1049,846,-1,847,846,934,-1,1060,756,758,-1,1061,865,864,-1,841,840,858,-1,755,859,840,-1,865,839,1062,-1,839,857,1062,-1,852,851,1063,-1,865,1061,900,-1,868,864,902,-1,866,872,867,-1,765,1064,1065,-1,867,872,869,-1,1066,1065,1067,-1,763,1065,1068,-1,1064,887,885,-1,884,883,1069,-1,877,881,880,-1,880,884,885,-1,767,887,1064,-1,1065,1064,884,-1,761,1070,862,-1,1068,1070,761,-1,862,1071,760,-1,758,760,1072,-1,1071,1072,760,-1,756,1060,861,-1,758,1072,1060,-1,859,861,1073,-1,743,744,908,-1,741,743,1074,-1,909,1074,743,-1,1075,1076,855,-1,741,1074,1077,-1,915,1078,1079,-1,1080,1081,1082,-1,1083,915,1084,-1,915,1085,1086,-1,1080,1082,1087,-1,913,915,1088,-1,914,1089,915,-1,918,1090,1091,-1,1089,1092,915,-1,1092,1089,1093,-1,1094,1080,1095,-1,1096,1090,918,-1,915,1092,1085,-1,737,1097,1098,-1,915,1086,1099,-1,1100,1101,919,-1,1083,1088,915,-1,915,1099,1102,-1,1103,740,1104,-1,1105,915,1106,-1,1079,1107,915,-1,1084,915,916,-1,915,1107,917,-1,1104,740,1108,-1,741,1109,1108,-1,917,1107,1077,-1,740,741,1108,-1,741,1077,1109,-1,1103,1110,740,-1,740,1110,737,-1,737,1110,1111,-1,737,1111,1097,-1,1098,1096,737,-1,737,1096,918,-1,1112,1113,918,-1,1112,918,1091,-1,1100,918,1113,-1,1094,1095,1114,-1,919,1101,1095,-1,1095,1115,1114,-1,1080,1094,1116,-1,1080,1116,1081,-1,1075,1080,1117,-1,1087,1117,1080,-1,1076,1075,1118,-1,1075,1117,1118,-1,1075,855,854,-1,1119,854,856,-1,1119,856,939,-1,912,911,939,-1,911,1119,939,-1,907,906,936,-1,911,910,935,-1,907,908,744,-1,896,894,893,-1,899,895,775,-1,892,1120,889,-1,895,893,773,-1,893,892,888,-1,771,773,893,-1,889,885,887,-1,1120,890,889,-1,770,771,888,-1,893,888,771,-1,891,886,885,-1,886,1121,880,-1,770,888,887,-1,884,1064,885,-1,767,770,887,-1,880,1121,878,-1,883,880,881,-1,1069,1122,884,-1,1065,1122,1067,-1,884,1122,1065,-1,767,1064,765,-1,875,881,877,-1,879,882,881,-1,1068,1065,1066,-1,765,1065,763,-1,1068,761,763,-1,864,868,1061,-1,756,859,755,-1,1073,860,859,-1,863,865,1062,-1,852,900,853,-1,1123,1124,1125,-1,752,840,903,-1,839,904,903,-1,840,752,755,-1,865,852,904,-1,852,865,900,-1,839,903,840,-1,865,904,839,-1,1125,904,852,-1,752,903,750,-1,1125,852,1063,-1,1063,1123,1125,-1,1124,937,936,-1,904,1125,905,-1,1124,936,1125,-1,750,905,748,-1,936,935,907,-1,936,906,1125,-1,748,906,746,-1,1125,906,905,-1,910,907,935,-1,910,1126,907,-1,907,1126,908,-1,1127,938,856,-1,1077,1107,1109,-1,1106,915,1102,-1,915,1105,1078,-1,919,1128,921,-1,1095,1101,1115,-1,918,1100,919,-1,737,918,735,-1,920,735,918,-1,1128,922,921,-1,921,923,940,-1,733,735,920,-1,924,927,923,-1,926,849,927,-1,733,920,940,-1,923,928,929,-1,731,733,940,-1,928,923,927,-1,1129,848,850,-1,923,929,940,-1,928,941,930,-1,731,929,729,-1,848,941,849,-1,1039,1129,1130,-1,928,930,929,-1,849,941,928,-1,1040,942,941,-1,729,930,728,-1,1129,1039,848,-1,1131,845,1130,-1,1022,942,931,-1,848,1040,941,-1,931,942,1040,-1,728,942,726,-1,1130,845,1039,-1,845,1131,1132,-1,931,1040,847,-1,1039,847,1040,-1,1022,931,950,-1,726,1022,723,-1,845,1132,1038,-1,1038,1132,1133,-1,1059,846,1037,-1,934,846,1050,-1,950,1020,720,-1,1038,1133,948,-1,949,948,1133,-1,1046,944,943,-1,843,946,949,-1,1056,1051,1054,-1,966,1028,1057,-1,718,959,716,-1,1026,1011,1035,-1,1034,1031,1030,-1,966,714,716,-1,1056,1055,966,-1,1012,1011,957,-1,1013,1012,1014,-1,714,967,713,-1,1055,967,966,-1,997,960,962,-1,969,998,968,-1,967,1029,972,-1,713,972,710,-1,1002,1134,965,-1,963,965,1134,-1,978,980,504,-1,972,979,709,-1,992,970,965,-1,505,709,979,-1,992,991,1008,-1,970,992,978,-1,980,978,992,-1,505,978,503,-1,1135,1136,1137,-1,1138,1139,1140,-1,1141,1142,1143,-1,1144,1145,1146,-1,1143,1144,1146,-1,1147,1148,1149,-1,1148,1145,1144,-1,1150,1135,1151,-1,1152,1153,1149,-1,1154,1155,1156,-1,1157,1158,1159,-1,1160,1161,1155,-1,1154,1162,1163,-1,1164,1165,1166,-1,1167,1168,1169,-1,1170,1171,1172,-1,1169,1173,1174,-1,1175,1176,1177,-1,1178,1179,1158,-1,1180,1181,1182,-1,1178,1158,1157,-1,1138,1183,1184,-1,1177,1185,1181,-1,1184,1183,1186,-1,1187,1188,1189,-1,1190,1187,1189,-1,1191,1155,1192,-1,1193,1152,1194,-1,1195,1196,1197,-1,1198,1169,1199,-1,1169,1200,1167,-1,1173,1201,1202,-1,1203,1204,1205,-1,1169,1201,1173,-1,1151,1165,1206,-1,1205,1157,1207,-1,1141,1208,1142,-1,1209,1137,1136,-1,1149,1148,1152,-1,1141,1143,1146,-1,1150,1151,1206,-1,1136,1135,1150,-1,1208,1210,1142,-1,1211,1212,1213,-1,1206,1165,1164,-1,1214,1166,1215,-1,1166,1165,1196,-1,1204,1212,1211,-1,1211,1216,1210,-1,1211,1210,1208,-1,1148,1147,1145,-1,1153,1152,1193,-1,1191,1192,1194,-1,1193,1194,1192,-1,1155,1191,1217,-1,1218,1188,1219,-1,1220,1221,1222,-1,1216,1223,1197,-1,1224,1171,1170,-1,1172,1167,1200,-1,1195,1166,1196,-1,1172,1171,1167,-1,1225,1224,1170,-1,1225,1221,1224,-1,1218,1219,1226,-1,1226,1227,1218,-1,1228,1229,1227,-1,1222,1221,1225,-1,1228,1227,1226,-1,1230,1229,1231,-1,1232,1233,1198,-1,1199,1169,1168,-1,1198,1199,1232,-1,1234,1198,1233,-1,1233,1232,1230,-1,1233,1230,1231,-1,1228,1231,1229,-1,1219,1188,1187,-1,1139,1189,1140,-1,1138,1140,1183,-1,1192,1155,1161,-1,1217,1156,1155,-1,1155,1154,1163,-1,1161,1160,1234,-1,1234,1160,1198,-1,1215,1163,1214,-1,1174,1200,1169,-1,1235,1236,1237,-1,1201,1236,1202,-1,1176,1238,1177,-1,1179,1178,1175,-1,1181,1180,1139,-1,1183,1236,1186,-1,1236,1201,1237,-1,1189,1139,1190,-1,1190,1139,1180,-1,1182,1181,1185,-1,1185,1177,1238,-1,1175,1177,1179,-1,1157,1159,1207,-1,1163,1239,1240,-1,1205,1207,1203,-1,1211,1223,1216,-1,1204,1203,1212,-1,1195,1197,1223,-1,1211,1213,1223,-1,1195,1215,1166,-1,1163,1215,1239,-1,1162,1214,1163,-1,1235,1186,1236,-1,502,1241,499,-1,1242,1243,1244,-1,502,501,980,-1,980,1241,502,-1,1245,1246,1247,-1,1008,1248,1249,-1,1250,1251,1252,-1,1253,1254,1255,-1,1256,1257,1255,-1,1258,1259,1260,-1,1261,1262,1263,-1,1264,1265,1260,-1,1266,1267,1268,-1,1269,1270,1271,-1,822,1272,1273,-1,1274,1267,1266,-1,1266,1275,1274,-1,1276,1274,1275,-1,1277,1278,1279,-1,823,1280,1272,-1,1273,1272,1281,-1,1282,820,1273,-1,1283,1284,1285,-1,1286,1287,1288,-1,1289,1285,1284,-1,1290,1291,1292,-1,1293,1294,1295,-1,1296,780,1297,-1,778,899,776,-1,1298,1299,1300,-1,783,1301,1297,-1,1302,1303,1304,-1,1305,1306,799,-1,1307,1308,1309,-1,1251,1250,1310,-1,1311,1250,1252,-1,1312,790,1313,-1,1314,1315,1316,-1,1317,1318,1319,-1,1320,1321,1322,-1,1323,1324,1318,-1,1312,1325,1326,-1,1327,1328,1329,-1,786,1330,1301,-1,1296,1331,1332,-1,1333,1297,1301,-1,1334,1335,1333,-1,1331,1296,1297,-1,1296,899,778,-1,1336,1337,1338,-1,1315,1339,1340,-1,1292,1341,1342,-1,898,899,1332,-1,1343,1344,1345,-1,1346,1347,1310,-1,1292,1348,1349,-1,1349,1350,1292,-1,1351,1305,802,-1,1352,1351,1353,-1,1354,1252,1251,-1,1353,1294,1355,-1,1251,1356,1357,-1,1358,1359,1352,-1,1352,1355,1358,-1,1295,1360,1361,-1,1293,1355,1294,-1,1295,808,1360,-1,1362,1295,1361,-1,1363,812,1364,-1,1362,1365,1366,-1,1364,814,1367,-1,1368,1282,1277,-1,1369,1370,1371,-1,1372,1373,1374,-1,1375,1376,1377,-1,1375,1377,1378,-1,1379,1378,832,-1,1378,1379,1380,-1,1269,1381,1382,-1,1258,1260,1383,-1,837,1384,1385,-1,1386,1387,1388,-1,1386,1264,1260,-1,1389,1390,1391,-1,1392,1393,1394,-1,1395,1396,1397,-1,1242,1398,1243,-1,1385,835,837,-1,1399,1383,1260,-1,1400,1401,1402,-1,1403,1404,1405,-1,1258,1405,1259,-1,1384,837,622,-1,1406,628,618,-1,1407,835,1385,-1,1407,1400,1402,-1,1380,1379,1408,-1,1409,1410,1411,-1,1380,1408,1412,-1,833,1413,1414,-1,835,1413,833,-1,1415,1408,1379,-1,1414,1415,833,-1,833,1415,832,-1,1269,1382,1265,-1,1416,1382,1381,-1,1381,1376,1375,-1,1265,1417,1269,-1,1409,1418,1410,-1,1418,1399,1410,-1,1387,1386,1260,-1,1405,1404,1259,-1,1419,1404,1403,-1,1420,1421,1422,-1,1423,1424,1425,-1,1385,1426,1419,-1,1427,1428,1393,-1,1385,1419,1403,-1,1384,1426,1385,-1,1398,1429,1243,-1,1430,1431,1432,-1,1433,1246,1245,-1,1242,1244,1256,-1,1390,1434,1435,-1,974,1254,1430,-1,618,593,1436,-1,1249,1436,1241,-1,1427,1393,1406,-1,1393,622,628,-1,1384,1437,1438,-1,1384,1392,1437,-1,1439,1440,1422,-1,1384,1393,1392,-1,1384,1438,1262,-1,1262,1441,1263,-1,1262,1438,1441,-1,1423,1425,1261,-1,1262,1261,1425,-1,1439,1422,1421,-1,1442,1440,1443,-1,1421,1420,1424,-1,1444,1445,1446,-1,1390,1447,1445,-1,1445,1391,1390,-1,1448,1449,1450,-1,1443,1451,1442,-1,1443,1440,1439,-1,1425,1420,1452,-1,1420,1425,1424,-1,1445,1449,1448,-1,1425,1452,1453,-1,1454,1388,1453,-1,1425,1453,1388,-1,1454,1455,1386,-1,1449,1455,1450,-1,1448,1446,1445,-1,1389,1434,1390,-1,1435,1456,1390,-1,1390,1395,1397,-1,1395,1390,1456,-1,1429,1390,1397,-1,1457,1406,1458,-1,1255,1257,1253,-1,974,976,1254,-1,1255,1254,976,-1,1245,1256,1244,-1,500,1241,1436,-1,1008,974,1459,-1,974,1432,1459,-1,1008,1459,1460,-1,1008,1460,1248,-1,1461,1462,1436,-1,1458,1463,1464,-1,1458,1462,1463,-1,1433,1458,1464,-1,1433,1464,1246,-1,1245,1257,1256,-1,1247,1465,1245,-1,814,817,1367,-1,818,1282,1368,-1,1289,1365,1285,-1,812,814,1364,-1,1365,1289,1366,-1,810,812,1363,-1,808,810,1360,-1,1360,810,1363,-1,1466,1362,1366,-1,1466,1295,1362,-1,1466,1293,1295,-1,1369,1288,1287,-1,1370,1284,1283,-1,1285,1467,1468,-1,1370,1283,1371,-1,1285,1468,1283,-1,1370,1369,1287,-1,1368,1367,817,-1,1287,1368,1279,-1,818,1368,817,-1,1469,1313,1470,-1,1471,1472,1307,-1,1326,1325,1473,-1,1326,1473,1474,-1,1475,1471,1307,-1,1476,1319,1330,-1,1312,1326,790,-1,1477,1326,1478,-1,1479,1480,1481,-1,1477,788,1326,-1,1477,1482,788,-1,1479,1483,1472,-1,1322,1484,1320,-1,1482,1304,788,-1,788,1304,1303,-1,1485,1486,1303,-1,1487,1303,1486,-1,1484,1322,1488,-1,1489,1330,1303,-1,1489,1303,1487,-1,1330,1489,1490,-1,1321,1491,1322,-1,1490,1492,1330,-1,785,1303,1330,-1,1476,1330,1492,-1,1319,1493,1494,-1,1319,1494,1495,-1,1495,1317,1319,-1,1317,1323,1318,-1,1320,1496,1497,-1,1320,1484,1498,-1,1328,1499,1500,-1,1501,1320,1498,-1,1502,1503,1307,-1,1483,1307,1472,-1,1480,1472,1504,-1,1479,1472,1480,-1,1475,1307,1503,-1,1472,1471,1505,-1,1506,1507,1470,-1,1309,1502,1307,-1,1470,1313,790,-1,1306,1508,797,-1,1509,1309,1308,-1,1510,1511,1512,-1,1329,1509,1327,-1,1308,1327,1509,-1,1513,1514,1338,-1,1515,1499,1328,-1,1328,1500,1329,-1,1516,1517,1518,-1,1501,1328,1320,-1,1328,1501,1515,-1,1514,1519,1338,-1,1519,1520,1338,-1,1521,1522,1518,-1,1523,1315,1340,-1,1523,1340,1522,-1,1314,1345,1524,-1,1316,1345,1314,-1,1345,1316,1343,-1,1347,1290,1525,-1,1314,1339,1315,-1,1526,1291,1527,-1,1291,1528,1348,-1,1529,1530,1531,-1,1532,1533,1527,-1,1534,1535,1527,-1,1521,1518,1517,-1,1523,1522,1521,-1,1516,1518,1536,-1,1535,1532,1527,-1,1516,1536,1537,-1,1323,1538,1539,-1,1540,1516,1537,-1,1537,1513,1540,-1,1541,1527,1531,-1,1300,1323,1298,-1,1537,1542,1513,-1,1542,1514,1513,-1,1529,1531,1543,-1,1539,1544,1529,-1,1520,1336,1338,-1,1328,1337,1336,-1,1496,1328,1336,-1,1497,1323,1320,-1,1320,1317,1545,-1,1545,1546,1320,-1,1317,1320,1323,-1,1323,1539,1298,-1,1529,1298,1539,-1,1529,1547,1530,-1,1531,1527,1543,-1,1541,1534,1527,-1,1527,1533,1526,-1,1528,1291,1526,-1,1306,1548,1508,-1,1348,1292,1291,-1,795,1508,1549,-1,1342,1550,1292,-1,1508,1525,1549,-1,1470,1550,1506,-1,1470,1507,1511,-1,791,793,1549,-1,1551,1552,1553,-1,1553,1554,1555,-1,1554,1510,1512,-1,1553,1552,1554,-1,1507,1512,1511,-1,1512,1555,1554,-1,1556,1557,1470,-1,1511,1556,1470,-1,1470,1558,1559,-1,1470,1549,1550,-1,790,791,1470,-1,1559,1469,1470,-1,974,1430,1432,-1,1436,1249,1461,-1,499,1241,500,-1,1008,1241,980,-1,1245,1465,1257,-1,1244,1433,1245,-1,1008,1249,1241,-1,1462,1406,1436,-1,500,1436,593,-1,1436,1406,618,-1,1406,1462,1458,-1,1406,1457,1427,-1,1429,1398,1390,-1,1390,1398,1447,-1,1394,1393,1428,-1,628,1406,1393,-1,1391,1445,1444,-1,1445,1447,1449,-1,1384,1262,1426,-1,622,1393,1384,-1,1386,1455,1449,-1,1454,1386,1388,-1,1403,1560,1385,-1,1385,1560,1407,-1,1260,1259,1387,-1,1417,1265,1264,-1,1409,1561,1418,-1,1402,1413,1407,-1,1407,1413,835,-1,1260,1265,1399,-1,1269,1417,1562,-1,1382,1410,1265,-1,1265,1410,1399,-1,1380,1375,1378,-1,832,1415,1379,-1,1562,1270,1269,-1,1271,1270,1563,-1,1280,1377,1376,-1,1416,1381,1375,-1,827,829,1378,-1,1378,829,832,-1,1271,1376,1269,-1,1563,1275,1564,-1,1377,827,1378,-1,1269,1376,1381,-1,1376,1565,1280,-1,825,827,1377,-1,1271,1564,1565,-1,1564,1271,1563,-1,1280,825,1377,-1,1271,1565,1376,-1,1565,1281,1272,-1,823,825,1280,-1,1564,1266,1281,-1,1266,1564,1275,-1,1565,1272,1280,-1,1564,1281,1565,-1,1372,1281,1266,-1,823,1272,822,-1,1372,1266,1268,-1,1268,1373,1372,-1,1374,1278,1277,-1,1281,1372,1273,-1,1374,1277,1372,-1,822,1273,820,-1,1279,1368,1277,-1,1277,1282,1372,-1,820,1282,818,-1,1372,1282,1273,-1,1286,1368,1287,-1,1286,1566,1368,-1,1367,1368,1566,-1,1567,1355,1293,-1,808,1295,806,-1,1295,1294,806,-1,1567,1358,1355,-1,1355,1352,1353,-1,805,806,1294,-1,1359,1357,1352,-1,1354,1251,1357,-1,805,1294,1353,-1,1352,1356,1351,-1,803,805,1353,-1,1356,1352,1357,-1,1346,1310,1250,-1,1351,803,1353,-1,1356,1568,1305,-1,802,803,1351,-1,1310,1568,1251,-1,1569,1347,1346,-1,1356,1305,1351,-1,1251,1568,1356,-1,1568,1548,1306,-1,802,1305,799,-1,1347,1548,1310,-1,1570,1290,1569,-1,1568,1306,1305,-1,1310,1548,1568,-1,1347,1525,1548,-1,799,1306,797,-1,1569,1290,1347,-1,1291,1570,1571,-1,1572,1292,1350,-1,1548,1525,1508,-1,1525,1290,1292,-1,797,1508,795,-1,1570,1291,1290,-1,1571,1573,1291,-1,1341,1292,1572,-1,1525,1292,1549,-1,1549,1292,1550,-1,795,1549,793,-1,1291,1573,1527,-1,1527,1573,1543,-1,1558,1470,1557,-1,791,1549,1470,-1,1298,1529,1543,-1,1544,1547,1529,-1,1478,1326,1474,-1,788,790,1326,-1,1323,1497,1538,-1,1300,1324,1323,-1,1320,1546,1321,-1,1496,1320,1328,-1,788,1303,785,-1,1302,1485,1303,-1,1319,1318,1334,-1,1297,1574,1331,-1,1476,1493,1319,-1,1333,1319,1334,-1,785,1330,786,-1,1333,1301,1319,-1,1335,1575,1333,-1,786,1301,783,-1,1319,1301,1330,-1,1297,1333,1575,-1,1575,1574,1297,-1,783,1297,780,-1,899,1296,1332,-1,780,1296,778,-1,1576,1577,1578,-1,1576,1578,1579,-1,1580,1581,1576,-1,1580,1576,1579,-1,1582,1583,1584,-1,1584,1576,1581,-1,1583,1582,1585,-1,1586,1583,1585,-1,1587,1576,1583,-1,1588,1589,1583,-1,1590,1591,1583,-1,1592,1593,1583,-1,1594,1592,1583,-1,1595,1583,1596,-1,1597,1598,1599,-1,1600,1601,1597,-1,1602,1597,1599,-1,1603,1602,1599,-1,1604,1597,1601,-1,1598,1597,1604,-1,1597,1605,1600,-1,1597,1594,1605,-1,1597,1592,1594,-1,1596,1583,1606,-1,1595,1594,1583,-1,1607,1583,1608,-1,1607,1606,1583,-1,1591,1588,1583,-1,1608,1583,1589,-1,1590,1583,1609,-1,1584,1583,1576,-1,1610,1576,1587,-1,1587,1583,1593,-1,1586,1609,1583,-1,1611,1612,1334,-1,1318,1324,1613,-1,1318,1613,1611,-1,1614,1615,1616,-1,1617,1618,1619,-1,1620,1615,1614,-1,1616,1621,1622,-1,1623,1617,1619,-1,1614,1616,1622,-1,1619,1618,1299,-1,1318,1611,1334,-1,1624,1334,1612,-1,1335,1624,1625,-1,1575,1625,1574,-1,1624,1335,1334,-1,1331,1574,1626,-1,1335,1625,1575,-1,1627,1628,1629,-1,1626,1574,1625,-1,1630,1628,1631,-1,1632,1628,1633,-1,1331,1634,1332,-1,1629,1628,1632,-1,1635,1636,1637,-1,1332,1629,898,-1,1634,1331,1626,-1,1324,1300,1618,-1,1618,1300,1299,-1,1611,1638,1612,-1,1324,1618,1613,-1,1613,1617,1639,-1,1612,1640,1624,-1,1611,1639,1638,-1,1624,1641,1625,-1,1612,1638,1640,-1,1626,1625,1642,-1,1624,1640,1641,-1,1634,1626,1643,-1,1625,1641,1642,-1,1629,1634,1627,-1,1643,1626,1642,-1,1627,1634,1643,-1,898,1629,1632,-1,1332,1634,1629,-1,1618,1617,1613,-1,1614,1623,1620,-1,1622,1644,1638,-1,1613,1639,1611,-1,1638,1639,1622,-1,1644,1645,1640,-1,1640,1638,1644,-1,1645,1646,1641,-1,1641,1640,1645,-1,1646,1647,1642,-1,1642,1641,1646,-1,1647,1648,1643,-1,1643,1642,1647,-1,1648,1631,1627,-1,1627,1643,1648,-1,1637,1633,1630,-1,1627,1631,1628,-1,1633,1628,1630,-1,1639,1617,1614,-1,1614,1617,1623,-1,1621,1649,1644,-1,1639,1614,1622,-1,1621,1644,1622,-1,1649,1650,1645,-1,1649,1645,1644,-1,1650,1651,1646,-1,1650,1646,1645,-1,1651,1652,1647,-1,1651,1647,1646,-1,1652,1653,1648,-1,1652,1648,1647,-1,1653,1654,1631,-1,1653,1631,1648,-1,1654,1635,1630,-1,1654,1630,1631,-1,1635,1637,1630,-1,1632,1655,897,-1,886,891,1656,-1,891,1657,1656,-1,1658,1659,1660,-1,1121,886,1661,-1,886,1656,1661,-1,876,878,1658,-1,1121,1658,878,-1,1661,1658,1121,-1,1659,1662,1663,-1,1663,1664,1659,-1,1665,1666,1667,-1,890,1668,1657,-1,890,1657,891,-1,1120,1668,890,-1,892,1669,1120,-1,1668,1120,1669,-1,892,894,1670,-1,1670,1669,892,-1,1671,894,896,-1,894,1671,1670,-1,1633,1655,1632,-1,1671,896,1655,-1,896,897,1655,-1,1672,1673,1674,-1,897,898,1632,-1,1675,1672,1636,-1,1676,1673,1672,-1,1677,1633,1637,-1,1672,1674,1677,-1,1633,1677,1655,-1,1670,1678,1669,-1,1671,1677,1674,-1,1669,1679,1668,-1,1670,1674,1678,-1,1668,1680,1657,-1,1669,1678,1679,-1,1657,1681,1656,-1,1668,1679,1680,-1,1656,1682,1661,-1,1657,1680,1681,-1,1661,1683,1658,-1,1656,1681,1682,-1,1662,1659,1683,-1,1682,1683,1661,-1,876,1658,1660,-1,1655,1677,1671,-1,1637,1636,1672,-1,1673,1684,1678,-1,1671,1674,1670,-1,1678,1674,1673,-1,1684,1685,1679,-1,1679,1678,1684,-1,1685,1686,1680,-1,1680,1679,1685,-1,1686,1687,1681,-1,1681,1680,1686,-1,1687,1688,1682,-1,1682,1681,1687,-1,1688,1662,1683,-1,1683,1682,1688,-1,1667,1666,1663,-1,1660,1659,1664,-1,1658,1683,1659,-1,1637,1672,1677,-1,1675,1676,1672,-1,1676,1689,1673,-1,1673,1689,1684,-1,1689,1690,1684,-1,1684,1690,1685,-1,1690,1691,1685,-1,1685,1691,1686,-1,1691,1692,1686,-1,1692,1693,1687,-1,1692,1687,1686,-1,1693,1694,1688,-1,1693,1688,1687,-1,1694,1695,1662,-1,1694,1662,1688,-1,1695,1667,1663,-1,1663,1662,1695,-1,1664,1663,1666,-1,1696,1636,1635,-1,1654,1697,1698,-1,1699,1697,1653,-1,1699,1652,1700,-1,1701,1702,1703,-1,1704,1650,1705,-1,1706,1700,1651,-1,1707,1708,1649,-1,1709,1650,1649,-1,1707,1621,1710,-1,1621,1707,1649,-1,1706,1651,1704,-1,1621,1616,1710,-1,1696,1635,1698,-1,1711,1616,1615,-1,1710,1616,1711,-1,1696,1712,1636,-1,1713,1675,1714,-1,1636,1714,1675,-1,1676,1713,1715,-1,1713,1676,1675,-1,1716,1717,1718,-1,1719,1689,1715,-1,1718,1720,1721,-1,1719,1722,1690,-1,1723,1691,1722,-1,1724,1725,1693,-1,1692,1723,1726,-1,1694,1693,1727,-1,1693,1725,1728,-1,1694,1729,1695,-1,1729,1694,1727,-1,1730,1667,1695,-1,1695,1729,1730,-1,1730,1731,1667,-1,1731,1665,1667,-1,1728,1727,1693,-1,1726,1724,1692,-1,1693,1692,1724,-1,1732,1721,1733,-1,1691,1723,1692,-1,1721,1720,1733,-1,1690,1722,1691,-1,1689,1719,1690,-1,1676,1715,1689,-1,1734,1716,1735,-1,1736,1737,1735,-1,1636,1712,1714,-1,1738,1736,1739,-1,1740,1741,1739,-1,1654,1698,1635,-1,1740,1703,1702,-1,1653,1697,1654,-1,1701,1703,1742,-1,1652,1699,1653,-1,1651,1700,1652,-1,1743,1742,1744,-1,1650,1704,1651,-1,1709,1705,1650,-1,1649,1708,1709,-1,1743,1744,1708,-1,1708,1744,1709,-1,1701,1742,1743,-1,1741,1740,1702,-1,1738,1739,1741,-1,1737,1736,1738,-1,1734,1735,1737,-1,1717,1716,1734,-1,1720,1718,1717,-1,1745,1732,1733,-1,1727,1728,1745,-1,1728,1732,1745,-1,1746,1665,1731,-1,1747,1748,1749,-1,1750,1749,1751,-1,1750,1747,1749,-1,1746,1750,1751,-1,1746,1751,1665,-1,1752,1664,1753,-1,1753,1664,1666,-1,1754,876,1660,-1,1753,1665,1751,-1,1755,1756,1752,-1,1756,1755,1757,-1,1749,1755,1751,-1,1748,1757,1749,-1,1757,1755,1749,-1,1660,1752,1754,-1,1665,1753,1666,-1,1751,1755,1753,-1,1756,1754,1752,-1,1664,1752,1660,-1,1755,1752,1753,-1,1758,1759,1760,-1,1761,1757,1748,-1,875,1759,1758,-1,1761,1760,1757,-1,1762,1763,1764,-1,1756,1760,1759,-1,1763,1761,1765,-1,877,876,1754,-1,1754,1759,877,-1,1758,1762,869,-1,1766,1767,1764,-1,1768,1769,1770,-1,1767,1762,1764,-1,867,1762,1767,-1,1770,1771,1768,-1,1772,1769,1773,-1,1774,1772,1773,-1,1769,1768,1766,-1,1767,1768,1061,-1,900,1061,1768,-1,901,900,1771,-1,1756,1759,1754,-1,1757,1760,1756,-1,1763,1758,1760,-1,877,1759,875,-1,1761,1763,1760,-1,1764,1765,1775,-1,869,871,1758,-1,1758,871,875,-1,1765,1764,1763,-1,1766,1775,1776,-1,869,1762,867,-1,1763,1762,1758,-1,1775,1766,1764,-1,1769,1776,1773,-1,1061,868,1767,-1,1767,868,867,-1,1769,1766,1776,-1,1772,1770,1769,-1,900,1768,1771,-1,1766,1768,1767,-1,1775,1777,1776,-1,1778,1773,1776,-1,1776,1777,1778,-1,1774,1773,1779,-1,1778,1779,1773,-1,1780,1774,1779,-1,1781,1777,1775,-1,1781,1765,1782,-1,1765,1781,1775,-1,1761,1747,1782,-1,1782,1765,1761,-1,1761,1748,1747,-1,1783,1780,1784,-1,1785,1786,1787,-1,1788,1787,1789,-1,1784,1788,1789,-1,1785,1787,1788,-1,1780,1783,1774,-1,1784,1789,1783,-1,1790,1791,1772,-1,901,1771,1792,-1,1792,1771,1793,-1,1770,1793,1771,-1,1789,1794,1790,-1,1783,1772,1774,-1,1770,1772,1791,-1,1794,1795,1793,-1,1793,1791,1794,-1,1796,1787,1786,-1,1794,1789,1787,-1,1793,1795,1792,-1,1787,1796,1794,-1,1795,1794,1796,-1,1770,1791,1793,-1,1790,1772,1783,-1,1789,1790,1783,-1,1794,1791,1790,-1,1119,1797,854,-1,1798,1799,1800,-1,1801,1802,1786,-1,1803,1124,1123,-1,1803,1123,1804,-1,1805,1806,1807,-1,1805,1804,1063,-1,1806,1808,1792,-1,1808,1805,851,-1,1124,1800,937,-1,1124,1803,1800,-1,1799,937,1800,-1,1809,1810,1801,-1,1796,1786,1802,-1,1799,935,937,-1,1811,935,1799,-1,1801,1810,1802,-1,1806,1792,1795,-1,935,1811,911,-1,1811,1812,911,-1,1808,901,1792,-1,1119,1812,1797,-1,1812,1119,911,-1,1797,1813,854,-1,1814,1075,1813,-1,854,1813,1075,-1,1814,1815,1080,-1,1080,1075,1814,-1,1080,1815,1095,-1,1095,1815,1816,-1,919,1095,1816,-1,1817,919,1816,-1,1817,1128,919,-1,1817,1818,1128,-1,1128,1818,922,-1,922,1818,1819,-1,1820,924,1819,-1,1821,1818,1822,-1,1820,1823,927,-1,927,924,1820,-1,1824,1825,1826,-1,1823,926,927,-1,1827,1828,1829,-1,1828,1825,1829,-1,1830,1831,1827,-1,933,925,1824,-1,1824,925,926,-1,1823,1824,926,-1,851,853,1808,-1,1808,853,901,-1,1803,1804,1832,-1,1063,851,1805,-1,1800,1803,1833,-1,1123,1063,1804,-1,1804,1807,1832,-1,1834,1835,1798,-1,1832,1833,1803,-1,1799,1836,1811,-1,1833,1798,1800,-1,1811,1837,1812,-1,1799,1798,1836,-1,1812,1838,1797,-1,1811,1836,1837,-1,1797,1839,1813,-1,1812,1837,1838,-1,1813,1840,1814,-1,1797,1838,1839,-1,1814,1841,1815,-1,1813,1839,1840,-1,1815,1842,1816,-1,1814,1840,1841,-1,1817,1816,1843,-1,1815,1841,1842,-1,1818,1817,1822,-1,1816,1842,1843,-1,1819,1818,1821,-1,1817,1843,1822,-1,1820,1819,1844,-1,1820,1845,1823,-1,922,1819,924,-1,1819,1821,1844,-1,1823,1846,1824,-1,1820,1844,1845,-1,1847,1825,1846,-1,1845,1846,1823,-1,933,1824,1826,-1,1808,1806,1805,-1,1802,1795,1796,-1,1848,1849,1810,-1,1805,1807,1804,-1,1810,1807,1802,-1,1850,1834,1849,-1,1849,1832,1810,-1,1851,1835,1834,-1,1833,1849,1834,-1,1835,1852,1836,-1,1836,1798,1835,-1,1852,1853,1837,-1,1837,1836,1852,-1,1853,1854,1838,-1,1838,1837,1853,-1,1854,1855,1839,-1,1839,1838,1854,-1,1855,1856,1840,-1,1840,1839,1855,-1,1856,1857,1841,-1,1841,1840,1856,-1,1857,1858,1842,-1,1842,1841,1857,-1,1858,1859,1843,-1,1843,1842,1858,-1,1859,1860,1822,-1,1822,1843,1859,-1,1860,1861,1821,-1,1821,1822,1860,-1,1861,1862,1844,-1,1844,1821,1861,-1,1862,1863,1845,-1,1845,1844,1862,-1,1863,1847,1846,-1,1846,1845,1863,-1,1829,1825,1847,-1,1826,1825,1828,-1,1824,1846,1825,-1,1807,1806,1802,-1,1802,1806,1795,-1,1848,1810,1809,-1,1832,1807,1810,-1,1850,1849,1848,-1,1833,1832,1849,-1,1851,1834,1850,-1,1798,1833,1834,-1,1851,1864,1835,-1,1835,1864,1852,-1,1864,1865,1852,-1,1852,1865,1853,-1,1865,1866,1853,-1,1853,1866,1854,-1,1866,1867,1854,-1,1854,1867,1855,-1,1867,1868,1855,-1,1855,1868,1856,-1,1868,1869,1856,-1,1869,1870,1857,-1,1869,1857,1856,-1,1870,1871,1858,-1,1870,1858,1857,-1,1871,1872,1859,-1,1871,1859,1858,-1,1872,1873,1860,-1,1872,1860,1859,-1,1873,1874,1861,-1,1873,1861,1860,-1,1874,1875,1862,-1,1874,1862,1861,-1,1875,1876,1863,-1,1875,1863,1862,-1,1876,1877,1847,-1,1876,1847,1863,-1,1877,1830,1829,-1,1877,1829,1847,-1,1827,1829,1830,-1,1878,1828,1879,-1,1879,1828,1827,-1,1880,933,1826,-1,1879,1831,1881,-1,1882,1883,1878,-1,1881,1884,1882,-1,1882,1885,1883,-1,1886,1885,1884,-1,1885,1882,1884,-1,1826,1878,1880,-1,1831,1879,1827,-1,1881,1882,1879,-1,1883,1880,1878,-1,1828,1878,1826,-1,1882,1878,1879,-1,1887,1888,1889,-1,1890,1256,1255,-1,976,1891,1890,-1,1889,1890,1892,-1,1893,1894,1891,-1,986,1895,1893,-1,1893,1891,995,-1,1894,1893,1896,-1,1894,1892,1891,-1,1895,986,951,-1,844,1897,1895,-1,1896,1895,1898,-1,1899,1900,1897,-1,1133,1901,1899,-1,1900,1898,1897,-1,1900,1899,1902,-1,949,1899,1897,-1,1901,1133,1132,-1,1131,1903,1901,-1,1901,1904,1902,-1,1905,1906,1903,-1,1907,1908,1904,-1,1885,1886,1907,-1,1905,1880,1883,-1,1906,1885,1907,-1,850,1880,1905,-1,1906,1905,1883,-1,933,1880,850,-1,1888,1256,1890,-1,1887,1909,1910,-1,1910,1242,1888,-1,1888,1887,1910,-1,1911,1912,1909,-1,1910,1912,1447,-1,1386,1449,1912,-1,1913,1914,1915,-1,1911,1914,1916,-1,1917,1915,1918,-1,1386,1912,1916,-1,1914,1913,1916,-1,1913,1264,1916,-1,1917,1562,1913,-1,1919,1920,1921,-1,1922,1923,1921,-1,1920,1918,1921,-1,1922,1924,1923,-1,1925,1920,1919,-1,1917,1563,1270,-1,1563,1920,1275,-1,1917,1920,1563,-1,1276,1275,1925,-1,1905,1130,1129,-1,1885,1906,1883,-1,1904,1903,1906,-1,850,1905,1129,-1,1907,1904,1906,-1,1902,1908,1926,-1,1131,1130,1903,-1,1905,1903,1130,-1,1908,1902,1904,-1,1900,1926,1927,-1,1131,1901,1132,-1,1904,1901,1903,-1,1926,1900,1902,-1,1898,1927,1928,-1,1133,1899,949,-1,1902,1899,1901,-1,1927,1898,1900,-1,1896,1928,1929,-1,844,843,1897,-1,1897,843,949,-1,1928,1896,1898,-1,1894,1929,1930,-1,844,1895,951,-1,1898,1895,1897,-1,1929,1894,1896,-1,1930,1931,1892,-1,986,1893,995,-1,1896,1893,1895,-1,1930,1892,1894,-1,1889,1931,1932,-1,976,1001,1891,-1,1891,1001,995,-1,1931,1889,1892,-1,1887,1932,1933,-1,976,1890,1255,-1,1892,1890,1891,-1,1932,1887,1889,-1,1933,1934,1909,-1,1256,1888,1242,-1,1889,1888,1890,-1,1933,1909,1887,-1,1911,1934,1935,-1,1447,1398,1910,-1,1910,1398,1242,-1,1934,1911,1909,-1,1914,1935,1936,-1,1447,1912,1449,-1,1909,1912,1910,-1,1935,1914,1911,-1,1915,1936,1937,-1,1386,1916,1264,-1,1911,1916,1912,-1,1936,1915,1914,-1,1918,1937,1938,-1,1562,1417,1913,-1,1913,1417,1264,-1,1937,1918,1915,-1,1921,1938,1922,-1,1562,1917,1270,-1,1915,1917,1913,-1,1921,1918,1938,-1,1923,1919,1921,-1,1920,1925,1275,-1,1918,1920,1917,-1,1931,1939,1932,-1,1940,1941,1930,-1,1930,1941,1931,-1,1940,1929,1942,-1,1929,1940,1930,-1,1928,1927,1943,-1,1942,1929,1928,-1,1926,1944,1927,-1,1943,1927,1944,-1,1926,1908,1945,-1,1926,1945,1944,-1,1931,1941,1939,-1,1942,1928,1943,-1,1946,1907,1947,-1,1908,1907,1946,-1,1907,1886,1947,-1,1908,1946,1945,-1,1932,1939,1948,-1,1948,1949,1933,-1,1933,1932,1948,-1,1950,1934,1949,-1,1933,1949,1934,-1,1935,1950,1951,-1,1950,1935,1934,-1,1951,1952,1936,-1,1936,1935,1951,-1,1953,1937,1952,-1,1936,1952,1937,-1,1938,1953,1954,-1,1953,1938,1937,-1,1954,1955,1922,-1,1922,1938,1954,-1,1922,1955,1924,-1,1955,1956,1924,-1,1957,1924,1956,-1,1958,1959,1960,-1,1961,1960,1962,-1,1957,1961,1962,-1,1958,1960,1961,-1,1924,1957,1962,-1,1963,1960,1964,-1,1965,1276,1925,-1,1963,1964,1966,-1,1963,1919,1923,-1,1923,1924,1962,-1,1967,1968,1964,-1,1967,1964,1959,-1,1964,1960,1959,-1,1968,1965,1966,-1,1923,1962,1963,-1,1960,1963,1962,-1,1968,1966,1964,-1,1965,1925,1966,-1,1925,1919,1966,-1,1966,1919,1963,-1,1370,1969,1284,-1,1970,1971,1972,-1,1973,1974,1959,-1,1975,1374,1373,-1,1975,1373,1976,-1,1977,1978,1979,-1,1977,1976,1268,-1,1978,1980,1965,-1,1980,1977,1267,-1,1374,1972,1278,-1,1374,1975,1972,-1,1971,1278,1972,-1,1981,1982,1973,-1,1967,1959,1974,-1,1971,1279,1278,-1,1983,1279,1971,-1,1973,1982,1974,-1,1978,1965,1968,-1,1279,1983,1287,-1,1983,1984,1287,-1,1980,1276,1965,-1,1370,1984,1969,-1,1984,1370,1287,-1,1969,1985,1284,-1,1986,1289,1985,-1,1284,1985,1289,-1,1986,1987,1366,-1,1366,1289,1986,-1,1366,1987,1466,-1,1466,1987,1988,-1,1293,1466,1988,-1,1989,1293,1988,-1,1989,1567,1293,-1,1989,1990,1567,-1,1567,1990,1358,-1,1358,1990,1991,-1,1992,1359,1991,-1,1993,1990,1994,-1,1992,1995,1357,-1,1357,1359,1992,-1,1996,1997,1998,-1,1995,1354,1357,-1,1999,2000,2001,-1,2000,1997,2001,-1,2002,2003,1999,-1,1311,1252,1996,-1,1996,1252,1354,-1,1995,1996,1354,-1,1267,1274,1980,-1,1980,1274,1276,-1,1975,1976,2004,-1,1268,1267,1977,-1,1972,1975,2005,-1,1373,1268,1976,-1,1976,1979,2004,-1,2006,2007,1970,-1,2004,2005,1975,-1,1971,2008,1983,-1,2005,1970,1972,-1,1983,2009,1984,-1,1971,1970,2008,-1,1984,2010,1969,-1,1983,2008,2009,-1,1969,2011,1985,-1,1984,2009,2010,-1,1985,2012,1986,-1,1969,2010,2011,-1,1986,2013,1987,-1,1985,2011,2012,-1,1987,2014,1988,-1,1986,2012,2013,-1,1989,1988,2015,-1,1987,2013,2014,-1,1990,1989,1994,-1,1988,2014,2015,-1,1991,1990,1993,-1,1989,2015,1994,-1,1992,1991,2016,-1,1992,2017,1995,-1,1358,1991,1359,-1,1991,1993,2016,-1,1995,2018,1996,-1,1992,2016,2017,-1,2019,1997,2018,-1,2017,2018,1995,-1,1311,1996,1998,-1,1980,1978,1977,-1,1974,1968,1967,-1,2020,2021,1982,-1,1977,1979,1976,-1,1982,1979,1974,-1,2022,2006,2021,-1,2021,2004,1982,-1,2023,2007,2006,-1,2005,2021,2006,-1,2007,2024,2008,-1,2008,1970,2007,-1,2024,2025,2009,-1,2009,2008,2024,-1,2025,2026,2010,-1,2010,2009,2025,-1,2026,2027,2011,-1,2011,2010,2026,-1,2027,2028,2012,-1,2012,2011,2027,-1,2028,2029,2013,-1,2013,2012,2028,-1,2029,2030,2014,-1,2014,2013,2029,-1,2030,2031,2015,-1,2015,2014,2030,-1,2031,2032,1994,-1,1994,2015,2031,-1,2032,2033,1993,-1,1993,1994,2032,-1,2033,2034,2016,-1,2016,1993,2033,-1,2034,2035,2017,-1,2017,2016,2034,-1,2035,2019,2018,-1,2018,2017,2035,-1,2001,1997,2019,-1,1998,1997,2000,-1,1996,2018,1997,-1,1979,1978,1974,-1,1974,1978,1968,-1,2020,1982,1981,-1,2004,1979,1982,-1,2022,2021,2020,-1,2005,2004,2021,-1,2023,2006,2022,-1,1970,2005,2006,-1,2023,2036,2007,-1,2007,2036,2024,-1,2036,2037,2024,-1,2024,2037,2025,-1,2037,2038,2025,-1,2025,2038,2026,-1,2038,2039,2026,-1,2026,2039,2027,-1,2039,2040,2027,-1,2027,2040,2028,-1,2040,2041,2028,-1,2041,2042,2029,-1,2041,2029,2028,-1,2042,2043,2030,-1,2042,2030,2029,-1,2043,2044,2031,-1,2043,2031,2030,-1,2044,2045,2032,-1,2044,2032,2031,-1,2045,2046,2033,-1,2045,2033,2032,-1,2046,2047,2034,-1,2046,2034,2033,-1,2047,2048,2035,-1,2047,2035,2034,-1,2048,2049,2019,-1,2048,2019,2035,-1,2049,2002,2001,-1,2049,2001,2019,-1,1999,2001,2002,-1,2050,2051,2000,-1,2052,2053,2054,-1,2054,2055,2056,-1,2051,2057,1998,-1,1311,1998,2057,-1,2051,2056,2055,-1,1999,2050,2000,-1,2050,2003,2058,-1,2058,2052,2056,-1,2054,2056,2052,-1,2003,2050,1999,-1,2058,2056,2050,-1,2055,2057,2051,-1,2000,2051,1998,-1,2056,2051,2050,-1,2059,2003,2060,-1,2061,2053,2052,-1,2062,2052,2058,-1,2052,2062,2061,-1,2062,2058,2059,-1,2003,2059,2058,-1,2041,2063,2064,-1,2042,2065,2066,-1,2064,2067,2041,-1,2040,2068,2069,-1,2070,2044,2043,-1,2071,2072,2043,-1,2073,2045,2074,-1,2075,2044,2076,-1,2046,2077,2078,-1,2079,2045,2073,-1,2080,2081,2047,-1,2046,2078,2082,-1,2047,2081,2048,-1,2083,2081,2080,-1,2084,2049,2048,-1,2048,2081,2084,-1,2002,2060,2003,-1,2002,2085,2060,-1,2049,2084,2085,-1,2049,2085,2002,-1,2068,2040,2086,-1,2087,2088,2039,-1,2089,2039,2088,-1,2090,2091,2038,-1,2038,2091,2092,-1,2093,2094,2095,-1,2096,2037,2097,-1,2098,2099,2095,-1,2036,2100,2101,-1,2102,2103,2023,-1,2104,2105,2020,-1,2022,2020,2105,-1,2104,1981,2106,-1,1981,2104,2020,-1,1973,1958,2106,-1,2106,1981,1973,-1,1973,1959,1958,-1,2107,2047,2108,-1,2047,2107,2109,-1,2047,2109,2110,-1,2046,2111,2047,-1,2108,2047,2111,-1,2112,2113,2046,-1,2046,2113,2111,-1,2114,2083,2115,-1,2046,2082,2112,-1,2077,2046,2116,-1,2115,2117,2114,-1,2079,2116,2045,-1,2046,2045,2116,-1,2117,2118,2114,-1,2074,2045,2119,-1,2120,2118,2117,-1,2075,2119,2044,-1,2045,2044,2119,-1,2121,2120,2122,-1,2044,2070,2076,-1,2043,2072,2070,-1,2042,2123,2043,-1,2043,2123,2071,-1,2124,2122,2125,-1,2066,2126,2042,-1,2042,2126,2123,-1,2041,2067,2042,-1,2042,2067,2065,-1,2127,2128,2125,-1,2040,2129,2041,-1,2041,2129,2063,-1,2130,2127,2131,-1,2040,2069,2129,-1,2040,2039,2086,-1,2039,2089,2086,-1,2131,2132,2133,-1,2038,2134,2039,-1,2039,2134,2087,-1,2038,2092,2134,-1,2094,2093,2132,-1,2038,2037,2090,-1,2037,2096,2090,-1,2036,2135,2037,-1,2037,2135,2097,-1,2095,2094,2098,-1,2101,2136,2036,-1,2036,2136,2135,-1,2023,2137,2036,-1,2036,2137,2100,-1,2138,2099,2098,-1,2103,2139,2023,-1,2023,2139,2137,-1,2023,2140,2141,-1,2023,2141,2102,-1,2022,2142,2023,-1,2140,2023,2142,-1,2143,2144,2022,-1,2022,2144,2142,-1,2138,2105,2099,-1,2022,2145,2143,-1,2022,2138,2146,-1,2022,2146,2145,-1,2022,2105,2138,-1,2133,2132,2093,-1,2130,2131,2133,-1,2128,2127,2130,-1,2124,2125,2128,-1,2121,2122,2124,-1,2118,2120,2121,-1,2115,2083,2080,-1,2047,2110,2080,-1,1727,1743,1708,-1,2104,2106,2105,-1,2133,2093,1958,-1,1785,2147,2148,-1,1958,2130,2133,-1,2085,2083,2060,-1,2081,2083,2085,-1,2085,2084,2081,-1,1782,2149,2150,-1,2114,2118,2060,-1,2060,2083,2114,-1,1717,1741,1720,-1,1745,1743,1727,-1,2121,2124,2060,-1,2121,2060,2118,-1,2095,2099,1958,-1,2128,2060,2124,-1,2093,2095,1958,-1,2105,2106,2099,-1,2130,1958,2128,-1,2099,2106,1958,-1,2060,1958,1961,-1,1958,2060,2128,-1,1957,2059,1961,-1,2060,1961,2059,-1,2062,2059,1957,-1,2062,1956,2061,-1,1956,2062,1957,-1,1948,1939,1949,-1,1941,1950,1949,-1,1949,1939,1941,-1,1950,1940,1951,-1,1940,1950,1941,-1,1952,1951,1942,-1,1940,1942,1951,-1,1943,1953,1952,-1,1952,1942,1943,-1,1953,1944,1954,-1,1944,1953,1943,-1,1955,1954,1945,-1,1944,1945,1954,-1,2151,2152,2153,-1,1946,1955,1945,-1,1956,1946,1947,-1,1946,1956,1955,-1,2154,1788,1784,-1,1956,1947,2061,-1,2155,2156,2157,-1,2153,2152,2158,-1,2153,2159,2151,-1,2152,2160,2158,-1,2161,2151,2162,-1,2151,2159,2162,-1,2163,2151,2161,-1,1785,2164,2147,-1,2165,2151,2163,-1,1785,2148,2166,-1,1785,2166,2167,-1,1785,2167,2157,-1,2157,2167,2155,-1,2164,1785,2165,-1,1788,2151,1785,-1,1785,2151,2165,-1,2168,2169,1778,-1,2170,1780,1779,-1,2151,1788,2154,-1,1780,1947,2171,-1,1784,2171,2154,-1,1784,1780,2171,-1,1947,1780,2061,-1,1782,1747,2149,-1,2172,1777,1781,-1,2173,1750,1746,-1,2149,1747,2174,-1,1733,1702,1701,-1,1707,1710,1730,-1,1737,1738,1734,-1,1717,1738,1741,-1,1738,1717,1734,-1,1733,1720,1702,-1,1702,1720,1741,-1,1743,1745,1701,-1,1701,1745,1733,-1,1708,1707,1729,-1,1729,1727,1708,-1,1777,2168,1778,-1,1707,1730,1729,-1,1710,1711,1731,-1,1731,1730,1710,-1,1746,1711,2173,-1,1711,1746,1731,-1,2169,1779,1778,-1,2173,2174,1750,-1,2150,1781,1782,-1,1750,2174,1747,-1,1777,2172,2168,-1,2172,1781,2150,-1,1780,2170,2061,-1,2169,2170,1779,-1,2175,2169,2168,-1,2170,2169,2176,-1,2175,2176,2169,-1,2170,2177,2061,-1,2177,2170,2176,-1,2061,2177,2053,-1,2178,2175,2168,-1,2178,2172,2179,-1,2172,2178,2168,-1,2150,2180,2179,-1,2179,2172,2150,-1,2150,2149,2180,-1,2174,2180,2149,-1,1711,1615,2181,-1,2173,2181,2182,-1,2174,2173,2182,-1,1711,2181,2173,-1,2180,2174,2182,-1,2183,2181,2184,-1,1619,1299,2185,-1,2183,2184,2186,-1,2183,2187,2188,-1,2188,2180,2182,-1,1620,1623,2184,-1,1620,2184,1615,-1,2184,2181,1615,-1,1623,1619,2186,-1,2188,2182,2183,-1,2181,2183,2182,-1,1623,2186,2184,-1,1619,2185,2186,-1,2185,2187,2186,-1,2186,2187,2183,-1,2189,2190,2191,-1,2177,2054,2053,-1,1346,2192,2193,-1,2177,2194,2054,-1,2193,1570,1569,-1,2055,2194,2192,-1,2189,2177,2176,-1,1250,1311,2057,-1,2057,2192,1250,-1,2193,2191,1570,-1,2195,2196,2190,-1,2197,2198,2187,-1,2198,2197,2195,-1,1571,2191,2196,-1,2187,2185,2197,-1,2188,2198,2179,-1,2180,2188,2179,-1,1543,1573,2196,-1,2196,2197,1543,-1,1298,1543,2197,-1,1299,1298,2185,-1,2055,2192,2057,-1,2054,2194,2055,-1,2189,2193,2194,-1,1250,2192,1346,-1,2177,2189,2194,-1,2190,2176,2175,-1,1346,2193,1569,-1,2194,2193,2192,-1,2176,2190,2189,-1,2195,2175,2178,-1,1570,2191,1571,-1,2189,2191,2193,-1,2175,2195,2190,-1,2198,2178,2179,-1,1571,2196,1573,-1,2190,2196,2191,-1,2198,2195,2178,-1,2188,2187,2198,-1,1298,2197,2185,-1,2195,2197,2196,-1,2199,1868,2200,-1,2201,1866,2202,-1,2203,2204,1867,-1,2205,2206,1865,-1,2207,2202,1866,-1,2208,1864,2209,-1,2210,1850,2211,-1,2212,2213,1851,-1,2156,2155,1848,-1,1850,1848,2155,-1,2156,1809,2157,-1,1809,2156,1848,-1,2214,1851,2215,-1,1809,1801,2157,-1,2204,2216,1867,-1,1785,1801,1786,-1,2157,1801,1785,-1,2199,2217,1868,-1,2218,1869,2219,-1,1869,2220,2219,-1,2221,1870,2222,-1,1871,2223,1872,-1,1871,2224,2225,-1,2226,2227,1873,-1,2228,2229,1872,-1,2230,1874,2231,-1,2227,2232,1873,-1,2233,1874,2234,-1,1876,1875,2158,-1,1875,2235,2236,-1,1876,2160,1877,-1,2160,1876,2158,-1,2152,1830,1877,-1,1877,2160,2152,-1,2152,2151,1830,-1,2151,1831,1830,-1,2236,2158,1875,-1,2237,1875,2238,-1,1875,2237,2239,-1,1875,2239,2235,-1,1874,2240,1875,-1,2238,1875,2240,-1,2241,2242,1874,-1,1874,2242,2240,-1,1874,2233,2241,-1,2243,2159,2153,-1,2231,1874,2244,-1,1874,2230,2234,-1,2245,2159,2243,-1,2232,2244,1873,-1,1874,1873,2244,-1,2245,2246,2162,-1,1873,1872,2226,-1,2229,2247,1872,-1,1872,2247,2226,-1,2161,2246,2248,-1,1872,2223,2228,-1,1871,2225,2223,-1,1870,2249,1871,-1,1871,2249,2224,-1,2163,2248,2250,-1,2221,2251,1870,-1,1870,2251,2249,-1,1869,2252,1870,-1,1870,2252,2222,-1,2250,2253,2165,-1,1869,2218,2252,-1,2220,1869,2217,-1,1869,1868,2217,-1,2254,2164,2253,-1,1867,2255,1868,-1,1868,2255,2200,-1,1867,2216,2255,-1,2256,2147,2254,-1,2203,1867,2257,-1,2201,2257,1866,-1,1867,1866,2257,-1,2258,2148,2256,-1,1866,1865,2207,-1,1865,2206,2207,-1,1865,2259,2260,-1,1865,2260,2205,-1,2166,2258,2261,-1,2208,2259,1864,-1,1865,1864,2259,-1,1851,2262,1864,-1,1864,2262,2209,-1,2167,2261,2263,-1,1851,2213,2262,-1,2167,2166,2261,-1,1851,2214,2212,-1,1851,2264,2265,-1,1851,2265,2215,-1,1850,2266,1851,-1,2264,1851,2266,-1,2267,2268,1850,-1,1850,2268,2266,-1,1850,2210,2267,-1,1850,2263,2211,-1,2167,2263,2155,-1,1850,2155,2263,-1,2148,2258,2166,-1,2147,2256,2148,-1,2164,2254,2147,-1,2165,2253,2164,-1,2163,2250,2165,-1,2161,2248,2163,-1,2162,2246,2161,-1,2159,2245,2162,-1,2158,2236,2153,-1,2243,2153,2236,-1,2154,1831,2151,-1,1947,1886,1884,-1,2171,1884,1881,-1,1884,2171,1947,-1,2171,1881,2154,-1,1831,2154,1881,-1,2254,2253,2248,-1,2236,2263,2261,-1,2254,2246,2256,-1,2245,2243,2258,-1,2250,2248,2253,-1,2256,2246,2245,-1,2254,2248,2246,-1,2245,2258,2256,-1,2236,2261,2243,-1,2261,2258,2243,-1,2122,2131,2125,-1,2138,2115,2080,-1,2122,2120,2132,-1,2094,2117,2098,-1,2127,2125,2131,-1,2120,2094,2132,-1,2122,2132,2131,-1,2094,2120,2117,-1,2138,2098,2115,-1,2115,2098,2117,-1,1712,1696,1714,-1,1739,1736,1716,-1,1728,1744,1742,-1,1739,1718,1740,-1,1721,1732,1703,-1,1735,1716,1736,-1,1740,1718,1721,-1,1739,1716,1718,-1,1721,1703,1740,-1,1728,1742,1732,-1,1742,1703,1732,-1,1313,2269,2270,-1,2271,1325,1312,-1,1312,1313,2270,-1,1312,2270,2271,-1,2272,2273,2274,-1,2275,2276,2277,-1,2278,2279,2280,-1,2281,2272,2282,-1,2283,2280,2279,-1,2283,2284,2280,-1,2285,2279,2278,-1,2286,2283,2279,-1,2287,2285,2278,-1,2288,2289,2290,-1,2291,2292,2293,-1,2294,2295,2296,-1,2297,2298,2299,-1,2300,2301,2302,-1,2303,2304,2305,-1,2306,2304,2307,-1,2292,2303,2308,-1,2309,2304,2306,-1,2307,2304,2303,-1,2308,2293,2292,-1,2301,2300,2310,-1,2291,2310,2300,-1,2301,2311,2302,-1,2312,2313,2314,-1,2311,2315,2302,-1,2302,2315,2299,-1,2315,2297,2299,-1,2316,2317,2318,-1,2319,2297,2320,-1,2275,2321,2276,-1,2322,2276,2323,-1,2324,2277,2325,-1,2324,2275,2277,-1,2288,2326,2289,-1,2327,2328,2329,-1,2330,2271,2331,-1,2321,2323,2276,-1,2325,2332,2324,-1,2316,2322,2323,-1,2333,2287,2278,-1,2322,2316,2318,-1,2317,2320,2318,-1,2320,2317,2319,-1,2319,2298,2297,-1,2334,2335,2336,-1,2337,2338,2339,-1,2313,2312,2334,-1,2296,2314,2294,-1,2293,2310,2291,-1,2336,2335,2338,-1,2340,2296,2295,-1,2341,2313,2334,-1,2303,2305,2308,-1,2307,2296,2306,-1,2296,2340,2306,-1,2342,2312,2314,-1,2296,2342,2314,-1,2334,2336,2341,-1,2335,2339,2338,-1,2338,2337,2278,-1,2288,2290,2328,-1,2290,2329,2328,-1,2290,2343,2329,-1,2269,2344,2345,-1,2331,2270,2346,-1,2333,2289,2326,-1,2282,2347,2281,-1,2273,2272,2281,-1,2326,2287,2333,-1,2345,2270,2269,-1,2286,2348,2283,-1,2348,2286,2274,-1,2286,2272,2274,-1,2282,2345,2344,-1,2282,2344,2347,-1,2345,2346,2270,-1,2270,2331,2271,-1,2349,2350,2351,-1,2352,2353,2354,-1,2355,2354,2356,-1,2357,2358,2359,-1,2359,2360,2361,-1,2362,2363,2364,-1,2365,2362,2364,-1,2366,2365,2367,-1,2367,2368,2369,-1,2369,2368,2370,-1,2371,2372,2373,-1,2371,2374,2375,-1,2376,2374,2371,-1,2377,2378,2371,-1,2371,2379,2372,-1,2370,2377,2371,-1,2371,2373,2376,-1,2375,2370,2371,-1,2369,2370,2375,-1,2366,2367,2369,-1,2380,2364,2363,-1,2366,2362,2365,-1,2381,2380,2382,-1,2363,2382,2380,-1,2361,2360,2381,-1,2381,2382,2361,-1,2356,2358,2357,-1,2360,2359,2358,-1,2352,2354,2355,-1,2355,2356,2357,-1,2353,2350,2349,-1,2353,2352,2350,-1,2351,2330,2349,-1,2271,2330,2351,-1,2337,2333,2278,-1,2383,2384,2385,-1,2386,2387,2388,-1,2389,2390,2388,-1,2391,2384,2390,-1,2385,2384,2391,-1,2384,2383,2392,-1,2393,2394,2395,-1,2386,2396,2397,-1,2391,2390,2389,-1,2388,2390,2386,-1,2398,2397,2394,-1,2390,2396,2386,-1,2396,2395,2397,-1,2397,2395,2394,-1,2399,2400,2401,-1,2402,2403,2404,-1,2405,2400,2399,-1,2406,2407,2403,-1,2408,2409,2410,-1,2410,2411,2408,-1,2406,2408,2407,-1,2411,2407,2408,-1,2404,2412,2413,-1,2414,2404,2413,-1,2404,2403,2412,-1,2402,2399,2401,-1,2401,2406,2402,-1,2406,2403,2402,-1,2405,2399,2415,-1,2416,2417,2418,-1,2416,2419,2420,-1,2417,2416,2421,-1,2422,2423,2424,-1,2425,2426,2427,-1,2428,2429,2430,-1,2431,2429,2432,-1,2429,2428,2432,-1,2433,2434,2435,-1,2436,2437,2438,-1,2439,2440,2441,-1,2440,2442,2443,-1,2444,2442,2445,-1,2442,2444,2443,-1,2441,2440,2443,-1,2444,2445,2446,-1,2441,2447,2439,-1,2439,2447,2448,-1,2448,2449,2439,-1,2450,2436,2438,-1,2438,2449,2450,-1,2451,2436,2452,-1,2453,2454,2455,-1,2430,2453,2456,-1,2456,2453,2455,-1,2453,2433,2454,-1,2433,2435,2454,-1,2434,2457,2458,-1,2435,2434,2458,-1,2434,2459,2457,-1,2459,2423,2457,-1,2459,2424,2423,-1,2436,2460,2461,-1,2462,2463,2464,-1,2422,2424,2465,-1,2466,2422,2465,-1,2420,2467,2468,-1,2420,2421,2416,-1,2420,2419,2467,-1,2469,2470,2471,-1,2465,2472,2466,-1,2420,2468,2472,-1,2472,2468,2466,-1,2464,2473,2474,-1,2475,2476,2437,-1,2477,2478,2479,-1,2480,2481,2482,-1,2483,2460,2478,-1,2484,2485,2486,-1,2428,2430,2456,-1,2431,2432,2487,-1,2484,2486,2487,-1,2486,2431,2487,-1,2484,2481,2480,-1,2484,2480,2485,-1,2482,2479,2478,-1,2481,2479,2482,-1,2477,2483,2478,-1,2483,2488,2460,-1,2461,2452,2436,-1,2488,2461,2460,-1,2436,2475,2437,-1,2436,2451,2475,-1,2476,2462,2437,-1,2464,2474,2462,-1,2476,2463,2462,-1,2473,2427,2474,-1,2473,2425,2427,-1,2426,2489,2490,-1,2491,2489,2426,-1,2492,2470,2489,-1,2490,2489,2470,-1,2470,2469,2419,-1,2470,2492,2471,-1,2467,2419,2469,-1,2427,2426,2490,-1,2425,2491,2426,-1,2450,2449,2448,-1,2493,2494,2495,-1,2496,2494,2493,-1,2497,2498,2499,-1,2499,2498,2500,-1,2493,2499,2496,-1,2493,2497,2499,-1,2501,2502,2503,-1,2504,2501,2505,-1,2502,2501,2504,-1,2506,2507,2508,-1,2509,2510,2505,-1,2511,2508,2507,-1,2512,2507,2506,-1,2513,2514,2515,-1,2515,2514,2516,-1,2513,2515,2517,-1,2518,2517,2512,-1,2511,2507,2519,-1,2509,2518,2506,-1,2520,2521,2522,-1,2523,2509,2505,-1,2524,2520,2522,-1,2521,2510,2522,-1,2509,2522,2510,-1,2510,2504,2505,-1,2518,2509,2523,-1,2506,2518,2512,-1,2515,2512,2517,-1,1325,2271,2351,-1,2350,1474,1473,-1,1473,1325,2351,-1,1473,2351,2350,-1,1478,1474,2350,-1,1477,1478,2352,-1,2352,1478,2350,-1,2352,2355,1477,-1,1482,1477,2355,-1,1304,1482,2357,-1,2357,1482,2355,-1,2357,2359,1304,-1,1302,1304,2359,-1,1485,1302,2361,-1,2361,1302,2359,-1,2361,2382,1485,-1,1486,1485,2382,-1,1487,1486,2363,-1,2363,1486,2382,-1,2363,2362,1487,-1,1489,1487,2362,-1,1490,1489,2366,-1,2366,1489,2362,-1,2366,2369,1490,-1,1492,1490,2369,-1,1476,1492,2375,-1,2375,1492,2369,-1,2375,2374,1476,-1,1493,1476,2374,-1,1494,1493,2376,-1,2376,1493,2374,-1,2376,2373,1494,-1,1495,1494,2373,-1,1317,1495,2372,-1,2372,1495,2373,-1,2372,2379,1317,-1,1317,2379,2371,-1,2378,1546,1545,-1,1545,1317,2371,-1,1545,2371,2378,-1,1546,2378,2377,-1,2370,1491,1321,-1,1321,1546,2377,-1,1321,2377,2370,-1,1491,2370,2368,-1,2367,1488,1322,-1,1322,1491,2368,-1,1322,2368,2367,-1,1488,2367,2365,-1,2364,1498,1484,-1,1484,1488,2365,-1,1484,2365,2364,-1,1498,2364,2380,-1,2381,1515,1501,-1,1501,1498,2380,-1,1501,2380,2381,-1,1515,2381,2360,-1,2358,1500,1499,-1,1499,1515,2360,-1,1499,2360,2358,-1,1500,2358,2356,-1,2354,1509,1329,-1,1329,1500,2356,-1,1329,2356,2354,-1,1509,2354,2353,-1,2349,1502,1309,-1,1309,1509,2353,-1,1309,2353,2349,-1,1503,1502,2349,-1,1475,1503,2330,-1,2330,1503,2349,-1,2330,2331,1475,-1,1471,1475,2331,-1,1505,1471,2346,-1,2346,1471,2331,-1,2346,2345,1505,-1,1472,1505,2345,-1,1504,1472,2282,-1,2282,1472,2345,-1,2282,2272,1504,-1,1480,1504,2272,-1,1481,1480,2286,-1,2286,1480,2272,-1,2286,2279,1481,-1,1479,1481,2279,-1,1483,1479,2285,-1,2285,1479,2279,-1,2285,2287,1483,-1,1307,1483,2287,-1,1308,1307,2326,-1,2326,1307,2287,-1,2326,2288,1308,-1,1327,1308,2288,-1,1328,1327,2328,-1,2328,1327,2288,-1,2328,2327,1328,-1,1337,1328,2327,-1,1338,1337,2329,-1,2329,1337,2327,-1,2329,2343,1338,-1,1338,2343,2290,-1,2289,1540,1513,-1,1513,1338,2290,-1,1513,2290,2289,-1,1540,2289,2333,-1,2337,1517,1516,-1,1516,1540,2333,-1,1516,2333,2337,-1,1521,1517,2337,-1,1523,1521,2339,-1,2339,1521,2337,-1,2339,2335,1523,-1,1315,1523,2335,-1,1316,1315,2334,-1,2334,1315,2335,-1,2334,2312,1316,-1,1343,1316,2312,-1,1344,1343,2342,-1,2342,1343,2312,-1,2342,2296,1344,-1,1345,1344,2296,-1,1524,1345,2307,-1,2307,1345,2296,-1,2307,2303,1524,-1,1314,1524,2303,-1,1339,1314,2292,-1,2292,1314,2303,-1,2292,2291,1339,-1,1340,1339,2291,-1,1522,1340,2300,-1,2300,1340,2291,-1,2300,2302,1522,-1,1518,1522,2302,-1,1536,1518,2299,-1,2299,1518,2302,-1,2299,2298,1536,-1,1537,1536,2298,-1,1542,1537,2319,-1,2319,1537,2298,-1,2319,2317,1542,-1,1542,2317,2316,-1,2323,1519,1514,-1,1514,1542,2316,-1,1514,2316,2323,-1,1519,2323,2321,-1,2275,1336,1520,-1,1520,1519,2321,-1,1520,2321,2275,-1,1496,1336,2275,-1,1497,1496,2324,-1,2324,1496,2275,-1,2324,2332,1497,-1,1538,1497,2332,-1,1539,1538,2325,-1,2325,1538,2332,-1,2325,2277,1539,-1,1544,1539,2277,-1,1547,1544,2276,-1,2276,1544,2277,-1,2276,2322,1547,-1,1547,2322,2318,-1,2320,1531,1530,-1,1530,1547,2318,-1,1530,2318,2320,-1,1531,2320,2297,-1,2315,1534,1541,-1,1541,1531,2297,-1,1541,2297,2315,-1,1534,2315,2311,-1,2301,1532,1535,-1,1535,1534,2311,-1,1535,2311,2301,-1,1532,2301,2310,-1,2293,1526,1533,-1,1533,1532,2310,-1,1533,2310,2293,-1,1526,2293,2308,-1,2305,1348,1528,-1,1528,1526,2308,-1,1528,2308,2305,-1,1348,2305,2304,-1,2309,1350,1349,-1,1349,1348,2304,-1,1349,2304,2309,-1,1350,2309,2306,-1,2340,1341,1572,-1,1572,1350,2306,-1,1572,2306,2340,-1,1341,2340,2295,-1,2294,1550,1342,-1,1342,1341,2295,-1,1342,2295,2294,-1,1550,2294,2314,-1,2313,1507,1506,-1,1506,1550,2314,-1,1506,2314,2313,-1,1507,2313,2341,-1,2336,1555,1512,-1,1512,1507,2341,-1,1512,2341,2336,-1,1555,2336,2338,-1,2278,1551,1553,-1,1553,1555,2338,-1,1553,2338,2278,-1,1551,2278,2280,-1,2284,1554,1552,-1,1552,1551,2280,-1,1552,2280,2284,-1,1554,2284,2283,-1,2348,1511,1510,-1,1510,1554,2283,-1,1510,2283,2348,-1,1511,2348,2274,-1,2273,1557,1556,-1,1556,1511,2274,-1,1556,2274,2273,-1,1557,2273,2281,-1,2347,1559,1558,-1,1558,1557,2281,-1,1558,2281,2347,-1,1559,2347,2344,-1,2269,1313,1469,-1,1469,1559,2344,-1,1469,2344,2269,-1,1364,2387,2386,-1,1367,2387,1364,-1,2398,1360,1363,-1,1364,2386,1363,-1,2386,2397,1363,-1,1363,2397,2398,-1,1286,2389,2388,-1,2387,1367,1566,-1,1566,1286,2388,-1,1566,2388,2387,-1,1369,2385,2391,-1,2389,1286,1288,-1,1288,1369,2391,-1,1288,2391,2389,-1,1283,2392,2383,-1,2385,1369,1371,-1,1371,1283,2383,-1,1371,2383,2385,-1,1468,1467,2390,-1,1283,1468,2384,-1,2384,1468,2390,-1,2384,2392,1283,-1,1365,2393,2395,-1,1362,2393,1365,-1,2390,1467,1285,-1,1365,2395,1285,-1,2395,2396,1285,-1,1285,2396,2390,-1,1361,1360,2398,-1,1362,1361,2394,-1,2394,1361,2398,-1,2394,2393,1362,-1,1253,1257,2400,-1,1254,1253,2405,-1,2405,1253,2400,-1,2405,2415,1254,-1,1465,1247,2406,-1,1257,1465,2401,-1,2401,1465,2406,-1,2401,2400,1257,-1,1246,1464,2409,-1,1247,1246,2408,-1,2408,1246,2409,-1,2408,2406,1247,-1,1463,1462,2411,-1,1464,1463,2410,-1,2410,1463,2411,-1,2410,2409,1464,-1,1249,2403,2407,-1,2412,2403,1248,-1,2411,1462,1461,-1,1249,1248,2403,-1,1461,1249,2407,-1,1461,2407,2411,-1,1459,2414,2413,-1,2412,1248,1460,-1,1460,1459,2413,-1,1460,2413,2412,-1,1432,1431,2402,-1,1459,1432,2404,-1,2404,1432,2402,-1,2404,2414,1459,-1,1430,2402,1431,-1,1254,2415,2399,-1,1430,1254,2399,-1,1430,2399,2402,-1,1243,1429,2418,-1,1244,1243,2417,-1,2417,1243,2418,-1,2417,2421,1244,-1,1397,1396,2419,-1,1429,1397,2416,-1,2416,1397,2419,-1,2416,2418,1429,-1,1395,1456,2490,-1,1396,1395,2470,-1,2470,1395,2490,-1,2470,2419,1396,-1,2427,1435,2474,-1,2427,2490,1456,-1,1456,1435,2427,-1,2474,1435,1434,-1,2474,1434,2462,-1,2462,1389,2437,-1,1434,1389,2462,-1,1391,2437,1389,-1,2437,1391,2438,-1,2438,1444,2449,-1,1391,1444,2438,-1,1446,2449,1444,-1,2449,1446,2439,-1,1450,2442,2440,-1,2439,1446,1448,-1,1448,1450,2440,-1,1448,2440,2439,-1,1455,1454,2446,-1,1450,1455,2445,-1,2445,1455,2446,-1,2445,2442,1450,-1,1453,1452,2443,-1,1454,1453,2444,-1,2444,1453,2443,-1,2444,2446,1454,-1,1420,1422,2441,-1,2441,2443,1452,-1,1452,1420,2441,-1,2441,1422,2447,-1,1422,1440,2447,-1,2447,1440,2448,-1,2450,1440,1442,-1,2448,1440,2450,-1,1442,2436,2450,-1,2436,1442,1451,-1,2460,2436,1451,-1,2460,1443,2478,-1,1443,2460,1451,-1,1443,1439,2478,-1,1439,2482,2478,-1,2480,2482,1421,-1,1439,1421,2482,-1,2480,1421,1424,-1,2485,2480,1424,-1,2486,2485,1423,-1,1424,1423,2485,-1,1423,1261,2486,-1,2486,1261,2431,-1,2431,1261,1263,-1,2431,1441,2429,-1,1263,1441,2431,-1,1438,2429,1441,-1,2429,1438,2430,-1,2453,1438,1437,-1,2430,1438,2453,-1,1392,2453,1437,-1,2453,1392,2433,-1,2434,1392,1394,-1,2433,1392,2434,-1,1394,2459,2434,-1,2459,1394,1428,-1,1457,2465,2424,-1,2472,2465,1458,-1,2459,1428,1427,-1,1457,1458,2465,-1,1427,1457,2424,-1,1427,2424,2459,-1,1433,2472,1458,-1,1244,2421,2420,-1,1433,1244,2420,-1,1433,2420,2472,-1,1576,1610,2466,-1,1577,1576,2468,-1,2468,1576,2466,-1,2468,2467,1577,-1,1593,2457,2423,-1,1592,2457,1593,-1,1610,1587,2422,-1,1593,2423,1587,-1,2423,2422,1587,-1,2422,2466,1610,-1,2458,1592,1597,-1,2457,1592,2458,-1,1597,2435,2458,-1,2435,1597,1602,-1,2454,1602,1603,-1,2435,1602,2454,-1,1603,2455,2454,-1,2455,1603,1599,-1,2455,1598,2456,-1,1599,1598,2455,-1,1604,2456,1598,-1,2456,1604,2428,-1,1600,2487,2432,-1,2428,1601,2432,-1,1600,2432,1601,-1,1604,1601,2428,-1,1605,2487,1600,-1,2484,1605,1594,-1,1605,2484,2487,-1,2484,1594,2481,-1,2481,1595,2479,-1,1595,1596,2479,-1,1595,2481,1594,-1,1596,2477,2479,-1,1596,1606,2477,-1,2477,1606,2483,-1,1608,2461,2488,-1,1607,2488,2483,-1,2488,1607,1608,-1,1608,1589,2461,-1,1607,2483,1606,-1,2452,2461,1589,-1,2452,1588,2451,-1,1588,2452,1589,-1,1588,1591,2451,-1,2451,1591,2475,-1,1590,1609,2463,-1,2476,1590,2463,-1,1609,2464,2463,-1,2476,2475,1591,-1,1591,1590,2476,-1,1586,2464,1609,-1,2473,1586,1585,-1,1586,2473,2464,-1,2473,1585,2425,-1,2425,1585,1582,-1,1584,1581,2491,-1,2492,2489,1580,-1,2425,1582,1584,-1,1577,2469,1578,-1,2471,1579,1578,-1,2467,2469,1577,-1,2469,2471,1578,-1,1579,2471,2492,-1,2489,1581,1580,-1,2492,1580,1579,-1,1584,2491,2425,-1,2489,2491,1581,-1,1387,1259,2495,-1,1388,1387,2494,-1,2494,1387,2495,-1,2494,2496,1388,-1,1404,1419,2497,-1,1259,1404,2493,-1,2493,1404,2497,-1,2493,2495,1259,-1,1262,2500,2498,-1,2497,1419,1426,-1,1426,1262,2498,-1,1426,2498,2497,-1,1425,2500,1262,-1,1388,2496,2499,-1,1425,1388,2499,-1,1425,2499,2500,-1,1383,1399,2503,-1,1258,1383,2502,-1,2502,1383,2503,-1,2502,2504,1258,-1,1418,1561,2505,-1,1399,1418,2501,-1,2501,1418,2505,-1,2501,2503,1399,-1,1409,1411,2518,-1,1561,1409,2523,-1,2523,1409,2518,-1,2523,2505,1561,-1,1382,2513,2517,-1,2518,1411,1410,-1,1410,1382,2517,-1,1410,2517,2518,-1,1416,1375,2516,-1,1382,1416,2514,-1,2514,1416,2516,-1,2514,2513,1382,-1,1380,1412,2512,-1,1375,1380,2515,-1,2515,1380,2512,-1,2515,2516,1375,-1,1408,1415,2519,-1,1412,1408,2507,-1,2507,1408,2519,-1,2507,2512,1412,-1,1413,2508,2511,-1,2519,1415,1414,-1,1414,1413,2511,-1,1414,2511,2519,-1,1402,2508,1413,-1,1401,2509,2506,-1,1402,1401,2506,-1,1402,2506,2508,-1,1400,1407,2524,-1,1401,1400,2522,-1,2522,1400,2524,-1,2522,2509,1401,-1,1403,2521,2520,-1,2524,1407,1560,-1,1560,1403,2520,-1,1560,2520,2524,-1,1405,2521,1403,-1,1258,2504,2510,-1,1405,1258,2510,-1,1405,2510,2521,-1,909,908,2525,-1,1074,909,2526,-1,2526,909,2525,-1,2526,2527,1074,-1,2525,2528,2526,-1,2529,2530,2531,-1,2532,2533,2534,-1,2535,2528,2525,-1,2536,2537,2538,-1,2539,2536,2538,-1,2535,2536,2528,-1,2535,2537,2536,-1,2540,2541,2542,-1,2528,2527,2526,-1,2543,2544,2545,-1,2546,2530,2547,-1,2548,2549,2550,-1,2551,2552,2553,-1,2531,2554,2529,-1,2555,2556,2553,-1,2552,2557,2549,-1,2557,2550,2549,-1,2550,2558,2548,-1,2546,2531,2530,-1,2559,2560,2561,-1,2558,2559,2548,-1,2561,2560,2562,-1,2563,2562,2564,-1,2562,2563,2561,-1,2565,2566,2567,-1,2568,2569,2570,-1,2570,2571,2568,-1,2568,2572,2573,-1,2571,2572,2568,-1,2571,2570,2567,-1,2528,2534,2527,-1,2567,2570,2565,-1,2574,2540,2542,-1,2566,2575,2564,-1,2575,2566,2565,-1,2575,2563,2564,-1,2545,2576,2543,-1,2559,2558,2560,-1,2547,2544,2577,-1,2557,2552,2551,-1,2553,2556,2551,-1,2555,2578,2554,-1,2555,2553,2578,-1,2578,2529,2554,-1,2544,2547,2530,-1,2544,2543,2577,-1,2545,2574,2576,-1,2574,2542,2576,-1,2579,2540,2533,-1,2540,2579,2541,-1,2532,2580,2533,-1,2579,2533,2580,-1,2528,2532,2534,-1,2581,2582,2583,-1,2584,2585,2586,-1,2587,2588,2589,-1,2590,2591,2592,-1,2593,2594,2595,-1,2596,2597,2598,-1,2591,2596,2599,-1,2600,2601,2602,-1,2600,2597,2596,-1,2590,2594,2591,-1,2599,2592,2591,-1,2595,2603,2593,-1,2590,2595,2594,-1,2604,2605,2606,-1,2603,2584,2586,-1,2586,2585,2607,-1,2608,2589,2609,-1,2608,2607,2585,-1,2588,2609,2589,-1,2609,2607,2608,-1,2587,2610,2611,-1,2582,2581,2611,-1,2611,2610,2582,-1,2612,2613,2614,-1,2613,2581,2583,-1,2615,2616,2617,-1,2583,2614,2613,-1,2618,2619,2620,-1,2621,2622,2623,-1,2623,2622,2624,-1,2612,2614,2615,-1,2622,2625,2624,-1,2625,2618,2626,-1,2621,2627,2628,-1,2623,2627,2621,-1,2628,2629,2630,-1,2627,2629,2628,-1,2631,2629,2632,-1,2630,2629,2631,-1,2616,2632,2617,-1,2631,2632,2616,-1,2615,2617,2612,-1,2618,2620,2626,-1,2633,2634,2620,-1,2620,2619,2633,-1,2635,2634,2636,-1,2610,2587,2589,-1,2634,2633,2636,-1,2637,2604,2635,-1,2604,2606,2635,-1,2606,2605,2638,-1,2639,2640,2641,-1,2641,2642,2643,-1,2586,2593,2603,-1,2605,2639,2638,-1,2642,2644,2643,-1,2601,2644,2645,-1,2599,2596,2598,-1,2597,2600,2602,-1,2602,2601,2645,-1,2644,2601,2643,-1,2642,2641,2640,-1,2639,2641,2638,-1,2636,2637,2635,-1,2625,2626,2624,-1,2646,2647,2648,-1,2649,2650,2651,-1,2652,2653,2654,-1,2655,2656,2653,-1,2657,2658,2659,-1,2647,2660,2648,-1,2650,2661,2662,-1,2663,2656,2655,-1,2654,2653,2656,-1,2664,2652,2665,-1,2654,2665,2652,-1,2666,2661,2667,-1,2664,2665,2658,-1,2662,2661,2668,-1,2661,2650,2667,-1,2669,2648,2664,-1,2650,2649,2667,-1,2669,2664,2657,-1,2650,2670,2651,-1,2657,2659,2670,-1,2651,2670,2659,-1,2658,2657,2664,-1,2646,2648,2669,-1,2671,2672,2673,-1,2674,2675,2671,-1,2676,2677,2678,-1,2679,2675,2680,-1,2677,2681,2682,-1,2682,2683,2677,-1,2683,2684,2678,-1,2685,2686,2687,-1,2688,2689,2690,-1,2678,2677,2683,-1,2691,2676,2679,-1,2676,2691,2677,-1,2672,2671,2690,-1,2691,2679,2680,-1,2671,2673,2674,-1,2680,2675,2674,-1,2690,2671,2688,-1,2688,2692,2689,-1,2692,2687,2689,-1,2689,2687,2686,-1,2687,2693,2685,-1,2694,2686,2695,-1,2686,2685,2695,-1,2696,2697,2698,-1,2699,2696,2700,-1,2701,2698,2697,-1,2699,2702,2703,-1,2704,2705,2706,-1,2703,2707,2705,-1,2705,2707,2706,-1,2704,2708,2709,-1,2708,2710,2709,-1,2711,2712,2713,-1,2704,2714,2708,-1,2715,2716,2717,-1,2714,2704,2706,-1,2707,2703,2702,-1,2697,2696,2718,-1,2696,2698,2700,-1,2702,2699,2700,-1,2718,2696,2715,-1,2718,2715,2717,-1,2717,2716,2712,-1,2712,2716,2719,-1,2712,2719,2713,-1,2711,2720,2721,-1,2711,2721,2712,-1,2722,2723,2724,-1,2724,2725,2726,-1,2724,2727,2722,-1,2726,2728,2729,-1,2730,2731,2732,-1,2732,2729,2730,-1,2733,2734,2735,-1,2736,2731,2730,-1,2737,2738,2739,-1,2740,2741,2742,-1,2743,2744,2745,-1,2742,2741,2743,-1,2746,2747,2744,-1,2748,2749,2750,-1,2735,2740,2742,-1,2751,2735,2734,-1,2730,2752,2736,-1,2753,2749,2754,-1,2735,2742,2733,-1,2753,2754,2752,-1,2739,2738,2755,-1,2737,2756,2738,-1,2745,2744,2747,-1,2742,2743,2745,-1,2756,2737,2744,-1,2746,2744,2737,-1,2739,2748,2750,-1,2750,2749,2753,-1,2753,2752,2730,-1,2732,2726,2729,-1,2724,2726,2727,-1,2728,2726,2725,-1,2739,2755,2748,-1,2749,2748,2755,-1,2757,2758,2759,-1,2758,2760,2759,-1,2759,2761,2762,-1,2762,2757,2759,-1,2759,2763,2761,-1,2764,2765,2766,-1,2767,2761,2763,-1,2763,2766,2765,-1,2768,2765,2769,-1,2770,2771,2772,-1,2772,2771,2773,-1,2770,2772,2774,-1,2775,2768,2769,-1,2769,2764,2774,-1,2776,2768,2775,-1,2776,2777,2768,-1,2778,2779,2777,-1,2777,2779,2780,-1,2778,2777,2781,-1,2781,2777,2776,-1,2764,2769,2765,-1,2765,2767,2763,-1,2772,2769,2774,-1,2782,2783,2784,-1,2785,2786,2787,-1,2785,2788,2786,-1,2789,2790,2791,-1,2788,2785,2790,-1,2785,2787,2792,-1,2790,2785,2791,-1,2793,2794,2792,-1,2794,2795,2792,-1,2796,2795,2797,-1,2794,2797,2795,-1,2798,2799,2800,-1,2796,2800,2799,-1,2801,2782,2802,-1,2784,2798,2782,-1,2803,2804,2805,-1,2806,2807,2808,-1,2805,2806,2809,-1,2806,2805,2804,-1,2810,2803,2811,-1,2810,2812,2803,-1,2806,2808,2809,-1,2812,2804,2803,-1,2813,2814,2815,-1,2802,2807,2801,-1,2808,2807,2802,-1,2782,2801,2783,-1,2816,2813,2817,-1,2784,2799,2798,-1,2800,2796,2797,-1,2816,2817,2818,-1,2819,2820,2791,-1,2793,2792,2787,-1,2791,2820,2789,-1,2819,2818,2817,-1,2791,2818,2819,-1,2816,2814,2813,-1,2815,2814,2821,-1,2814,2822,2821,-1,2815,2821,2823,-1,1077,1074,2527,-1,1077,2527,2534,-1,917,1077,2534,-1,2534,2533,917,-1,916,917,2533,-1,1084,916,2540,-1,2540,916,2533,-1,2540,2574,1084,-1,1084,2574,2545,-1,2544,1088,1083,-1,1083,1084,2545,-1,1083,2545,2544,-1,1088,2544,2530,-1,2529,914,913,-1,913,1088,2530,-1,913,2530,2529,-1,914,2529,2578,-1,2553,1093,1089,-1,1089,914,2578,-1,1089,2578,2553,-1,1093,2553,2552,-1,2549,1085,1092,-1,1092,1093,2552,-1,1092,2552,2549,-1,1085,2549,2548,-1,2559,1099,1086,-1,1086,1085,2548,-1,1086,2548,2559,-1,1099,2559,2561,-1,2563,1106,1102,-1,1102,1099,2561,-1,1102,2561,2563,-1,1106,2563,2575,-1,2565,1078,1105,-1,1105,1106,2575,-1,1105,2575,2565,-1,1078,2565,2570,-1,2569,1107,1079,-1,1079,1078,2570,-1,1079,2570,2569,-1,1107,2569,2568,-1,2573,1108,1109,-1,1109,1107,2568,-1,1109,2568,2573,-1,1104,1108,2573,-1,1103,1104,2572,-1,2572,1104,2573,-1,2572,2571,1103,-1,1110,1103,2571,-1,1111,1110,2567,-1,2567,1110,2571,-1,2567,2566,1111,-1,1097,1111,2566,-1,1098,1097,2564,-1,2564,1097,2566,-1,2564,2562,1098,-1,1096,1098,2562,-1,1090,1096,2560,-1,2560,1096,2562,-1,2560,2558,1090,-1,1091,1090,2558,-1,1112,1091,2550,-1,2550,1091,2558,-1,2550,2557,1112,-1,1113,1112,2557,-1,1100,1113,2551,-1,2551,1113,2557,-1,2551,2556,1100,-1,1101,1100,2556,-1,1115,1101,2555,-1,2555,1101,2556,-1,2555,2554,1115,-1,1114,1115,2554,-1,1094,1114,2531,-1,2531,1114,2554,-1,2531,2546,1094,-1,1116,1094,2546,-1,1081,1116,2547,-1,2547,1116,2546,-1,2547,2577,1081,-1,1082,1081,2577,-1,1087,1082,2543,-1,2543,1082,2577,-1,2543,2576,1087,-1,1087,2576,2542,-1,2541,1118,1117,-1,1117,1087,2542,-1,1117,2542,2541,-1,1118,2541,2579,-1,2580,855,1076,-1,1076,1118,2579,-1,1076,2579,2580,-1,856,2528,1127,-1,855,2580,2532,-1,856,855,2532,-1,856,2532,2528,-1,938,1127,2528,-1,939,938,2536,-1,2536,938,2528,-1,2536,2539,939,-1,939,2539,2538,-1,2537,910,912,-1,912,939,2538,-1,912,2538,2537,-1,1126,2525,908,-1,910,2537,2535,-1,1126,910,2535,-1,1126,2535,2525,-1,864,2642,2640,-1,2625,879,874,-1,866,2639,2605,-1,2619,873,2633,-1,2636,2633,870,-1,873,870,2633,-1,2618,873,2619,-1,2625,874,2618,-1,874,873,2618,-1,866,2604,872,-1,870,872,2637,-1,866,902,2639,-1,879,2625,2622,-1,863,2644,864,-1,864,2640,902,-1,2645,1062,2602,-1,2644,863,2645,-1,857,2597,1062,-1,2602,1062,2597,-1,2599,841,2592,-1,2599,2598,857,-1,2592,858,2590,-1,2603,2595,860,-1,841,2599,857,-1,870,2637,2636,-1,872,2604,2637,-1,866,2605,2604,-1,902,2640,2639,-1,864,2644,2642,-1,1062,2645,863,-1,2598,2597,857,-1,2592,841,858,-1,2595,2590,858,-1,860,2595,858,-1,860,1073,2603,-1,2603,1073,2584,-1,1122,2631,1067,-1,2616,2615,1066,-1,2616,1067,2631,-1,2614,1070,1068,-1,2614,1068,2615,-1,2614,2583,1070,-1,1071,862,2582,-1,1070,2583,862,-1,1060,1072,2589,-1,1071,2610,1072,-1,2585,861,2608,-1,1060,2608,861,-1,2585,2584,1073,-1,1073,861,2585,-1,1060,2589,2608,-1,1072,2610,2589,-1,1071,2582,2610,-1,862,2583,2582,-1,2615,1068,1066,-1,1122,2630,2631,-1,1066,1067,2616,-1,1069,2628,2630,-1,2630,1122,1069,-1,2628,883,2621,-1,883,2628,1069,-1,2622,2621,882,-1,883,882,2621,-1,2622,882,879,-1,2607,1219,1187,-1,1231,1228,2587,-1,1226,2609,2588,-1,2613,1234,2581,-1,2611,2581,1233,-1,2617,1192,2612,-1,2613,2612,1161,-1,2629,1153,2632,-1,2617,2632,1193,-1,2623,1147,2627,-1,2629,2627,1149,-1,1146,1145,2623,-1,2623,1145,1147,-1,2624,1146,2623,-1,1149,2627,1147,-1,2629,1149,1153,-1,2632,1153,1193,-1,2617,1193,1192,-1,2612,1192,1161,-1,2613,1161,1234,-1,2581,1234,1233,-1,2611,1233,1231,-1,2587,1228,2588,-1,2611,1231,2587,-1,1226,1219,2609,-1,1228,1226,2588,-1,1187,2586,2607,-1,1219,2607,2609,-1,1141,1146,2624,-1,1211,2634,2635,-1,1141,2620,1208,-1,2638,1157,1205,-1,2606,1205,1204,-1,1175,1178,2643,-1,2641,1178,1157,-1,2596,2591,1185,-1,2601,2600,1176,-1,2594,1182,2591,-1,1185,2591,1182,-1,2593,2586,1187,-1,1180,2593,1190,-1,2593,1180,2594,-1,2593,1187,1190,-1,1180,1182,2594,-1,1185,1238,2596,-1,2600,1238,1176,-1,1238,2600,2596,-1,1175,2601,1176,-1,2641,2643,1178,-1,2643,2601,1175,-1,2638,2641,1157,-1,2606,2638,1205,-1,1204,1211,2635,-1,1204,2635,2606,-1,1208,2620,2634,-1,1208,2634,1211,-1,2624,2626,1141,-1,2626,2620,1141,-1,1155,2660,2647,-1,2646,1198,1160,-1,1160,1155,2647,-1,1160,2647,2646,-1,1163,2660,1155,-1,1240,2664,2648,-1,1163,1240,2648,-1,1163,2648,2660,-1,1239,1215,2653,-1,1239,2664,1240,-1,2652,2664,1239,-1,1239,2653,2652,-1,1195,1223,2655,-1,1223,2663,2655,-1,2655,2653,1195,-1,1215,1195,2653,-1,2663,1223,1213,-1,2656,1213,1212,-1,1213,2656,2663,-1,2656,1212,2654,-1,2654,1212,1203,-1,2665,1203,1207,-1,1203,2665,2654,-1,1207,1159,2658,-1,2665,1207,2658,-1,1158,2659,1159,-1,2649,2651,1179,-1,2651,1158,1179,-1,1159,2659,2658,-1,1158,2651,2659,-1,2667,2649,1177,-1,1179,1177,2649,-1,2667,1177,1181,-1,1139,1138,2661,-1,2666,1181,1139,-1,1139,2661,2666,-1,2667,1181,2666,-1,1184,2661,1138,-1,2668,1184,1186,-1,1184,2668,2661,-1,2668,1186,2662,-1,2670,1237,1201,-1,1235,2662,1186,-1,1237,2650,1235,-1,2650,2662,1235,-1,2670,2650,1237,-1,2670,1201,2657,-1,1169,1198,2646,-1,1169,2646,2669,-1,1201,1169,2669,-1,2669,2657,1201,-1,1236,1183,2690,-1,1202,1236,2689,-1,2689,1236,2690,-1,2689,2686,1202,-1,1183,1140,2672,-1,2672,1140,2673,-1,2690,1183,2672,-1,1140,1189,2673,-1,2673,1189,2674,-1,2674,1189,1188,-1,1218,1227,2691,-1,2680,1188,1218,-1,1218,2691,2680,-1,2674,1188,2680,-1,1227,2677,2691,-1,2681,2677,1229,-1,1227,1229,2677,-1,2681,1229,1230,-1,1232,1199,2682,-1,1230,1232,2681,-1,2682,2681,1232,-1,2682,1199,2683,-1,1168,2683,1199,-1,2684,1168,1167,-1,1168,2684,2683,-1,2684,1167,2678,-1,2679,1224,1221,-1,1167,2676,2678,-1,1167,1171,2676,-1,1171,2679,2676,-1,1221,2675,2679,-1,1171,1224,2679,-1,2671,1220,1222,-1,1220,2675,1221,-1,2671,2675,1220,-1,2671,1222,2688,-1,1170,2687,2692,-1,2688,1222,1225,-1,1225,1170,2692,-1,1225,2692,2688,-1,1200,2685,2693,-1,1172,2693,2687,-1,2693,1172,1200,-1,2687,1170,1172,-1,1200,1174,2685,-1,2685,1174,2695,-1,2695,1173,2694,-1,1173,2695,1174,-1,1173,1202,2694,-1,2694,1202,2686,-1,1156,1217,2718,-1,1154,1156,2717,-1,2717,1156,2718,-1,2717,2712,1154,-1,1191,1194,2697,-1,2718,1217,1191,-1,1191,2697,2718,-1,2697,1194,2701,-1,1194,1152,2701,-1,2701,1152,2698,-1,1144,2702,2700,-1,1148,2700,2698,-1,2700,1148,1144,-1,2702,1144,2707,-1,1148,2698,1152,-1,1143,2707,1144,-1,2706,1143,1142,-1,1143,2706,2707,-1,2706,1142,2714,-1,2714,1142,1210,-1,1216,2710,2708,-1,2708,1210,1216,-1,2714,1210,2708,-1,1197,2710,1216,-1,1197,2709,2710,-1,2704,2709,1196,-1,1197,1196,2709,-1,2704,1196,1165,-1,1135,1137,2699,-1,1165,2705,2704,-1,1151,2703,2705,-1,1151,2705,1165,-1,1135,2703,1151,-1,1135,2699,2703,-1,1209,1136,2715,-1,1137,2696,2699,-1,2696,1137,1209,-1,2715,2696,1209,-1,1206,2719,2716,-1,2715,1136,1150,-1,1150,1206,2716,-1,1150,2716,2715,-1,2711,2713,1166,-1,1164,2713,2719,-1,1206,1164,2719,-1,1214,2711,1166,-1,1166,2713,1164,-1,2720,2711,1214,-1,2720,1162,2721,-1,1162,2720,1214,-1,1162,1154,2721,-1,2721,1154,2712,-1,934,2723,2722,-1,2727,931,932,-1,932,934,2722,-1,932,2722,2727,-1,1048,2728,2725,-1,1047,2728,1048,-1,1050,2725,2724,-1,1048,2725,1050,-1,934,1050,2724,-1,934,2724,2723,-1,2729,1047,1019,-1,2728,1047,2729,-1,1019,2730,2729,-1,2730,1019,1058,-1,2730,1018,2753,-1,1058,1018,2730,-1,1017,2753,1018,-1,2753,1017,2750,-1,1049,2750,1017,-1,1037,2746,2737,-1,1059,2737,2739,-1,1059,1037,2737,-1,1049,1059,2739,-1,1049,2739,2750,-1,1023,2745,2747,-1,2746,1037,1024,-1,1024,1023,2747,-1,1024,2747,2746,-1,1051,1056,2733,-1,1023,1051,2742,-1,2742,1051,2733,-1,2742,2745,1023,-1,1057,1028,2751,-1,1056,1057,2734,-1,2734,1057,2751,-1,2734,2733,1056,-1,1041,2751,1028,-1,943,2741,2740,-1,1041,1044,2735,-1,1044,943,2740,-1,2740,2735,1044,-1,2735,2751,1041,-1,2741,943,945,-1,2741,945,2743,-1,945,1053,2743,-1,2743,1053,2744,-1,2756,1053,1052,-1,2744,1053,2756,-1,1052,2738,2756,-1,2738,1052,944,-1,2755,2738,944,-1,2755,944,1046,-1,2755,1046,2749,-1,2749,1046,1043,-1,1045,2736,2752,-1,958,2736,1045,-1,1043,1042,2754,-1,1045,2752,1042,-1,2752,2754,1042,-1,2754,2749,1043,-1,1021,1020,2732,-1,958,1021,2731,-1,2731,1021,2732,-1,2731,2736,958,-1,950,2732,1020,-1,931,2727,2726,-1,950,931,2726,-1,950,2726,2732,-1,946,2767,947,-1,952,2757,2762,-1,946,842,2761,-1,842,952,2762,-1,2762,2761,842,-1,2761,2767,946,-1,1036,1011,2760,-1,952,1036,2758,-1,2758,1036,2760,-1,2758,2757,952,-1,1026,1033,2763,-1,1011,1026,2759,-1,2759,1026,2763,-1,2759,2760,1011,-1,1025,1027,2764,-1,1033,1025,2766,-1,2766,1025,2764,-1,2766,2763,1033,-1,1035,2764,1027,-1,1013,2770,2774,-1,1035,1013,2774,-1,1035,2774,2764,-1,1016,954,2773,-1,1013,1016,2771,-1,2771,1016,2773,-1,2771,2770,1013,-1,1030,1032,2769,-1,954,1030,2772,-1,2772,1030,2769,-1,2772,2773,954,-1,1031,1034,2776,-1,1032,1031,2775,-1,2775,1031,2776,-1,2775,2769,1032,-1,983,2776,1034,-1,981,2778,2781,-1,983,981,2781,-1,983,2781,2776,-1,988,987,2780,-1,981,988,2779,-1,2779,988,2780,-1,2779,2778,981,-1,1029,1055,2768,-1,987,1029,2777,-1,2777,1029,2768,-1,2777,2780,987,-1,1054,2768,1055,-1,947,2767,2765,-1,1054,947,2765,-1,1054,2765,2768,-1,982,2823,989,-1,955,2817,2813,-1,982,953,2815,-1,953,955,2813,-1,2813,2815,953,-1,2815,2823,982,-1,2819,2817,955,-1,2819,955,1015,-1,2819,1015,2820,-1,2820,1015,1014,-1,2820,1014,1012,-1,2820,1012,2789,-1,1012,957,2789,-1,2789,957,2790,-1,2788,957,956,-1,2788,956,2786,-1,957,2788,2790,-1,956,994,2786,-1,2786,994,2787,-1,2793,985,2794,-1,2787,994,2793,-1,985,2793,994,-1,2797,2794,985,-1,985,984,2797,-1,2797,984,2800,-1,2800,984,996,-1,2800,996,2798,-1,996,1000,2798,-1,2798,1000,2782,-1,2782,1000,999,-1,2782,999,2802,-1,999,1010,2802,-1,2802,1010,2808,-1,2809,2808,1010,-1,2809,1010,1006,-1,2809,1006,2805,-1,2805,1006,975,-1,1003,1007,2811,-1,975,1003,2803,-1,2803,1003,2811,-1,2803,2805,975,-1,1009,991,2812,-1,2811,1007,1009,-1,2810,1009,2812,-1,1009,2810,2811,-1,993,2812,991,-1,1004,2806,2804,-1,993,1005,2804,-1,1005,1004,2804,-1,2804,2812,993,-1,2807,2806,1004,-1,2807,1004,964,-1,2807,964,2801,-1,2801,964,963,-1,2801,963,1134,-1,2801,1134,2783,-1,1134,1002,2783,-1,2783,1002,2784,-1,2784,1002,977,-1,2784,977,2799,-1,977,968,2799,-1,2799,968,2796,-1,2796,968,998,-1,2796,998,2795,-1,998,962,2795,-1,2795,962,2792,-1,2785,2792,962,-1,2785,962,961,-1,2785,961,2791,-1,2791,961,973,-1,2818,2791,973,-1,2818,973,960,-1,2818,960,2816,-1,2816,960,997,-1,969,971,2822,-1,997,969,2814,-1,2814,969,2822,-1,2814,2816,997,-1,990,989,2823,-1,971,990,2821,-1,2821,990,2823,-1,2821,2822,971,-1,522,317,316,-1,711,706,317,-1,711,317,522,-1,708,497,706,-1,317,706,497,-1,708,507,497,-1,2824,2825,2826,-1,2826,2825,2827,-1,2826,2828,2824,-1,310,481,479,-1,310,2829,313,-1,310,479,2829,-1,310,495,481,-1,2825,2824,2830,-1,2831,2830,2824,-1,2830,2832,2825,-1,2833,2830,2831,-1,2832,2830,2834,-1,2831,2835,2833,-1,2830,2833,2834,-1,2833,452,2834,-1,2833,453,452,-1,2833,2835,453,-1,2836,2837,454,-1,2837,2838,2839,-1,2838,2837,2836,-1,2837,2840,2841,-1,2839,2840,2837,-1,2841,2842,2837,-1,2843,2844,2828,-1,2845,2836,454,-1,2846,2831,2847,-1,454,453,2848,-1,2849,2850,2831,-1,2831,2851,2852,-1,2853,2854,2855,-1,2831,2824,2851,-1,2853,2856,2857,-1,2853,2855,2856,-1,2858,2859,2853,-1,2853,2857,2858,-1,2859,2843,2828,-1,2859,2828,2853,-1,2824,2844,2851,-1,2828,2844,2824,-1,2831,2860,2849,-1,2852,2860,2831,-1,2861,2831,2850,-1,2835,2831,2846,-1,2847,2831,2861,-1,2862,2863,2835,-1,2862,2835,2846,-1,2864,2865,2835,-1,2864,2835,2863,-1,454,2848,2845,-1,2865,453,2835,-1,453,2865,2848,-1,2866,2848,2867,-1,2848,2866,2845,-1,2868,2869,2870,-1,2836,2871,2872,-1,2869,2868,2873,-1,2874,2875,2870,-1,2836,2845,2866,-1,2873,2868,2876,-1,2877,2878,2879,-1,2877,2879,2880,-1,2836,2872,2838,-1,2875,2881,2882,-1,2870,2869,2874,-1,2883,2882,2884,-1,2881,2884,2882,-1,2881,2875,2874,-1,2883,2884,2885,-1,2873,2876,2878,-1,2880,2879,2886,-1,2876,2879,2878,-1,2887,2888,2886,-1,2886,2879,2887,-1,2888,2889,2890,-1,2889,2888,2887,-1,2866,2890,2871,-1,2889,2871,2890,-1,2866,2871,2836,-1,2891,2892,2867,-1,2888,2890,2893,-1,2893,2890,2892,-1,2893,2894,2888,-1,2894,2895,2888,-1,2867,2892,2890,-1,2895,2886,2888,-1,2866,2867,2890,-1,2896,2897,2898,-1,2899,2900,2898,-1,2900,2901,2896,-1,2896,2898,2900,-1,2902,2899,2898,-1,2902,2903,2904,-1,2899,2902,2904,-1,2905,2903,2902,-1,2906,2865,2907,-1,2891,2906,2907,-1,2908,2865,2906,-1,2892,2907,2909,-1,2910,2894,2893,-1,2909,2911,2912,-1,2912,2892,2909,-1,2913,2877,2914,-1,2895,2915,2914,-1,2916,2917,2918,-1,2919,2918,2920,-1,2921,2917,2916,-1,2918,2917,2920,-1,2914,2886,2895,-1,2919,2913,2918,-1,2919,2877,2913,-1,2880,2886,2914,-1,2877,2880,2914,-1,2894,2910,2915,-1,2895,2894,2915,-1,2912,2893,2892,-1,2910,2893,2912,-1,2907,2892,2891,-1,2922,2850,2923,-1,2865,2864,2909,-1,2860,2924,2849,-1,2850,2849,2923,-1,2924,2923,2849,-1,2860,2852,2925,-1,2925,2924,2860,-1,2852,2926,2927,-1,2852,2927,2925,-1,2927,2926,2928,-1,2929,2927,2928,-1,2926,2852,2851,-1,2850,2922,2861,-1,2922,2930,2861,-1,2928,2931,2929,-1,2861,2930,2847,-1,2847,2932,2846,-1,2932,2847,2930,-1,2862,2846,2933,-1,2932,2933,2846,-1,2934,2863,2862,-1,2862,2933,2934,-1,2863,2935,2864,-1,2935,2863,2934,-1,2911,2909,2935,-1,2909,2864,2935,-1,2865,2909,2907,-1,2936,2937,2938,-1,2939,2940,2941,-1,2942,2943,2944,-1,2945,2941,2940,-1,2946,2947,2948,-1,2949,2948,2945,-1,2950,2951,2952,-1,2947,2946,2950,-1,2952,2953,2954,-1,2955,2953,2952,-1,2956,2957,2958,-1,2953,2959,2954,-1,2960,2961,2962,-1,2963,2964,2965,-1,2961,2966,2967,-1,2968,2969,2970,-1,2971,2957,2963,-1,2972,2973,2967,-1,2956,2958,2959,-1,2971,2958,2957,-1,2974,2975,2976,-1,2977,2978,2944,-1,2944,2943,2977,-1,2968,2970,2978,-1,2978,2979,2968,-1,2969,2980,2981,-1,2981,2970,2969,-1,2982,2981,2980,-1,2983,2984,2985,-1,2986,2981,2982,-1,2987,2988,2989,-1,2979,2978,2977,-1,2990,2974,2991,-1,2988,2987,2992,-1,2991,2976,2993,-1,2994,2995,2996,-1,2997,2998,2993,-1,2999,2983,2937,-1,2937,2983,2985,-1,2937,2936,2999,-1,2985,2984,2997,-1,2997,2993,2976,-1,2997,2984,2998,-1,3000,3001,2996,-1,3002,3003,3004,-1,3001,3000,3005,-1,2939,3006,3002,-1,2954,2959,2958,-1,3007,3008,2962,-1,2952,2951,2955,-1,2950,2946,2951,-1,2945,2948,2947,-1,2945,2940,2949,-1,3006,2939,2941,-1,3003,3002,3006,-1,3003,2995,2994,-1,3003,2994,3004,-1,2996,3009,3000,-1,2995,3009,2996,-1,2990,3001,3005,-1,2990,2991,3001,-1,2974,2976,2991,-1,2992,2975,2988,-1,2975,2992,2976,-1,2987,3010,2944,-1,2989,3010,2987,-1,3010,2942,2944,-1,2943,3007,2962,-1,2942,3007,2943,-1,2960,3011,2961,-1,3008,2960,2962,-1,2966,2972,2967,-1,3011,2966,2961,-1,2973,2972,2964,-1,2963,2965,2971,-1,2964,2972,2965,-1,3012,197,3013,-1,3013,3014,3015,-1,3016,3014,3013,-1,3015,3017,3013,-1,3012,455,197,-1,2932,2930,2834,-1,3018,3019,3020,-1,193,3016,197,-1,2834,2935,2934,-1,3021,3022,3023,-1,195,3016,193,-1,3016,3024,3014,-1,3016,3013,197,-1,3024,3025,3014,-1,459,3013,3017,-1,451,459,2918,-1,451,2918,452,-1,452,2912,2911,-1,2915,2910,452,-1,2912,452,2910,-1,2935,452,2911,-1,2914,2915,452,-1,2834,452,2935,-1,2930,2922,2834,-1,2934,2933,2834,-1,2924,2832,2923,-1,2923,2832,2922,-1,2927,2929,2825,-1,2832,2924,2925,-1,3026,2827,2825,-1,3027,3026,3028,-1,3029,3030,3031,-1,3027,3028,3032,-1,3023,3033,3034,-1,3035,3022,3021,-1,3036,3037,3038,-1,3021,3023,3034,-1,3039,3040,3036,-1,3041,3039,3042,-1,3042,3039,3043,-1,3041,3040,3039,-1,3036,3038,3033,-1,3036,3040,3037,-1,3044,3045,3046,-1,3044,3022,3035,-1,3047,3046,3030,-1,3048,3027,3049,-1,3050,3051,3052,-1,3053,3054,3055,-1,3054,3056,3055,-1,3031,3057,3058,-1,3059,3056,3060,-1,3061,3019,3059,-1,3062,3048,3049,-1,3061,3063,3064,-1,3065,3066,3064,-1,3061,3064,3066,-1,3067,3068,3065,-1,3066,3065,3068,-1,3069,3070,3071,-1,3068,3072,3070,-1,3070,3069,3073,-1,3069,3074,3073,-1,3075,3073,3074,-1,3072,3068,3067,-1,3072,3071,3070,-1,3053,3076,3077,-1,3078,3079,3080,-1,3081,3058,3057,-1,3027,3082,3083,-1,3084,3028,3026,-1,3032,3028,3085,-1,3086,3084,2825,-1,3026,3027,3087,-1,313,2829,3088,-1,3027,3083,3089,-1,321,320,3089,-1,3089,320,313,-1,3086,2825,2929,-1,3089,313,3087,-1,3088,3087,313,-1,3027,3089,3087,-1,3026,2825,3084,-1,2925,2927,2832,-1,2927,2825,2832,-1,2832,2834,2922,-1,2916,2918,459,-1,2932,2834,2933,-1,2918,2913,452,-1,2914,452,2913,-1,2916,459,3017,-1,3090,3049,3027,-1,3091,3092,3093,-1,3048,3094,3095,-1,3094,3048,3062,-1,3057,3077,3081,-1,3063,3061,3059,-1,3020,3095,3096,-1,3094,3096,3095,-1,3019,3061,3020,-1,3020,3096,3018,-1,3063,3059,3060,-1,3060,3056,3054,-1,3055,3076,3053,-1,3076,3081,3077,-1,3029,3047,3030,-1,3058,3029,3031,-1,3046,3045,3030,-1,3044,3035,3045,-1,3052,3091,3093,-1,3050,3097,3039,-1,3033,3038,3034,-1,3098,3039,3097,-1,3043,3039,3098,-1,3039,3051,3050,-1,3051,3091,3052,-1,3092,3099,3093,-1,3078,3099,3079,-1,3092,3079,3099,-1,3078,3080,3085,-1,3032,3090,3027,-1,3085,3080,3032,-1,3100,3101,3102,-1,3103,3104,3105,-1,3106,3107,3108,-1,3109,3104,3110,-1,3111,3112,3113,-1,3111,3114,3112,-1,3115,3116,3117,-1,3118,3119,3120,-1,3121,3122,3123,-1,3124,3125,3126,-1,3127,3128,3129,-1,3130,3123,3127,-1,3005,3129,3131,-1,3131,2990,3005,-1,3128,3127,3132,-1,3000,3129,3005,-1,3132,3127,3133,-1,3122,3134,3135,-1,3130,3009,3121,-1,3122,3125,3124,-1,3117,3136,3137,-1,3117,3124,3126,-1,3101,3116,3138,-1,2941,3138,3115,-1,3119,3139,3120,-1,3101,3139,3119,-1,3118,3113,3112,-1,3140,3141,3118,-1,3114,3108,3107,-1,3142,3114,3143,-1,3144,3106,2971,-1,3106,3103,3107,-1,3130,3000,3009,-1,3131,3129,3128,-1,3129,3000,3130,-1,3133,3127,3123,-1,3130,3127,3129,-1,3121,3123,3130,-1,3135,3123,3122,-1,3123,3135,3133,-1,3009,2995,3121,-1,3125,2995,3003,-1,3121,2995,3125,-1,3134,3122,3124,-1,3125,3122,3121,-1,3003,3006,3126,-1,3137,3124,3117,-1,3124,3137,3134,-1,3003,3126,3125,-1,2941,3115,3006,-1,3116,3115,3138,-1,3136,3117,3116,-1,3117,3126,3115,-1,3006,3115,3126,-1,3100,3116,3101,-1,3116,3100,3136,-1,2941,2945,3138,-1,3139,2945,2947,-1,3138,2945,3139,-1,3102,3101,3119,-1,3139,3101,3138,-1,2947,2950,3120,-1,3141,3119,3118,-1,3119,3141,3102,-1,2947,3120,3139,-1,3113,2950,2952,-1,3120,2950,3113,-1,3140,3118,3112,-1,3113,3118,3120,-1,2952,2954,3111,-1,3142,3112,3114,-1,3112,3142,3140,-1,2952,3111,3113,-1,3108,2954,2958,-1,3111,2954,3108,-1,3143,3114,3107,-1,3108,3114,3111,-1,3144,3110,3103,-1,3105,3107,3103,-1,3107,3105,3143,-1,3108,2958,3106,-1,2971,3106,2958,-1,3110,3104,3103,-1,3144,3103,3106,-1,3145,3146,3147,-1,3148,3149,3150,-1,3151,3152,3153,-1,3132,3149,3128,-1,3154,3155,3156,-1,3154,3157,3155,-1,3158,3159,3160,-1,3161,3162,3163,-1,3164,3165,3166,-1,3167,3168,3169,-1,3170,3110,3171,-1,3172,3166,3170,-1,2965,3171,3144,-1,3144,2971,2965,-1,3110,3170,3109,-1,2972,3171,2965,-1,3109,3170,3173,-1,3165,3174,3175,-1,3172,2966,3164,-1,3165,3168,3167,-1,3160,3176,3177,-1,3160,3167,3169,-1,3146,3159,3178,-1,3007,3178,3158,-1,3162,3179,3163,-1,3146,3179,3162,-1,3161,3156,3155,-1,3180,3181,3161,-1,3157,3153,3152,-1,3182,3157,3183,-1,3131,3151,2990,-1,3151,3148,3152,-1,3172,2972,2966,-1,3144,3171,3110,-1,3171,2972,3172,-1,3173,3170,3166,-1,3172,3170,3171,-1,3164,3166,3172,-1,3175,3166,3165,-1,3166,3175,3173,-1,2966,3011,3164,-1,3168,3011,2960,-1,3164,3011,3168,-1,3174,3165,3167,-1,3168,3165,3164,-1,2960,3008,3169,-1,3177,3167,3160,-1,3167,3177,3174,-1,2960,3169,3168,-1,3007,3158,3008,-1,3159,3158,3178,-1,3176,3160,3159,-1,3160,3169,3158,-1,3008,3158,3169,-1,3145,3159,3146,-1,3159,3145,3176,-1,3007,2942,3178,-1,3179,2942,3010,-1,3178,2942,3179,-1,3147,3146,3162,-1,3179,3146,3178,-1,3010,2989,3163,-1,3181,3162,3161,-1,3162,3181,3147,-1,3010,3163,3179,-1,3156,2989,2988,-1,3163,2989,3156,-1,3180,3161,3155,-1,3156,3161,3163,-1,2988,2975,3154,-1,3182,3155,3157,-1,3155,3182,3180,-1,2988,3154,3156,-1,3153,2975,2974,-1,3154,2975,3153,-1,3183,3157,3152,-1,3153,3157,3154,-1,3131,3128,3148,-1,3150,3152,3148,-1,3152,3150,3183,-1,3153,2974,3151,-1,2990,3151,2974,-1,3128,3149,3148,-1,3131,3148,3151,-1,3184,3145,3147,-1,3184,3185,3145,-1,3183,3186,3187,-1,3187,3182,3183,-1,3188,3186,3150,-1,3183,3150,3186,-1,3188,3149,3189,-1,3149,3188,3150,-1,3189,3149,3132,-1,3187,3190,3182,-1,3180,3190,3191,-1,3190,3180,3182,-1,3191,3192,3181,-1,3181,3180,3191,-1,3184,3147,3192,-1,3181,3192,3147,-1,3185,3193,3176,-1,3194,3175,3195,-1,3196,3174,3177,-1,3109,3173,3197,-1,3194,3197,3173,-1,3198,3109,3197,-1,3195,3175,3174,-1,3194,3173,3175,-1,3196,3177,3193,-1,3195,3174,3196,-1,3176,3145,3185,-1,3177,3176,3193,-1,3184,3199,3185,-1,3200,3201,3202,-1,3203,3204,3205,-1,3206,3207,3208,-1,3205,3208,3207,-1,3209,3210,3204,-1,3198,3197,3201,-1,3206,3211,3207,-1,3212,3213,3214,-1,3200,3202,3213,-1,3200,3198,3201,-1,3202,3201,3215,-1,3216,3211,3217,-1,3217,3218,3219,-1,3217,3211,3206,-1,3204,3210,3208,-1,3220,3203,3221,-1,3203,3185,3221,-1,3199,3221,3185,-1,3216,3197,3194,-1,3202,3214,3213,-1,3215,3201,3216,-1,3222,3214,3202,-1,3197,3216,3201,-1,3211,3194,3195,-1,3219,3222,3215,-1,3202,3215,3222,-1,3194,3211,3216,-1,3207,3195,3196,-1,3219,3215,3217,-1,3216,3217,3215,-1,3195,3207,3211,-1,3205,3196,3193,-1,3223,3218,3206,-1,3217,3206,3218,-1,3196,3205,3207,-1,3203,3193,3185,-1,3210,3223,3208,-1,3206,3208,3223,-1,3193,3203,3205,-1,3205,3204,3208,-1,3209,3204,3220,-1,3203,3220,3204,-1,3224,3225,3226,-1,3227,3228,3229,-1,3230,3224,3199,-1,3231,3232,3233,-1,3221,3224,3226,-1,3233,3230,3234,-1,3235,3209,3220,-1,3226,3220,3221,-1,3233,3232,3225,-1,3236,3237,3231,-1,3237,3232,3231,-1,3238,3236,3239,-1,3236,3238,3237,-1,3240,3241,3239,-1,3238,3239,3241,-1,3240,3242,3227,-1,3243,3244,3245,-1,3246,3228,3242,-1,3247,3248,3249,-1,3250,3251,3244,-1,3252,3253,3254,-1,3255,3253,3256,-1,3257,3258,3259,-1,3260,3261,3262,-1,3263,3264,3212,-1,3264,3259,3265,-1,3265,3266,3200,-1,3267,3257,3263,-1,3266,3198,3200,-1,3213,3265,3200,-1,3265,3213,3264,-1,3262,3267,3268,-1,3269,3270,3261,-1,3262,3270,3258,-1,3269,3254,3255,-1,3261,3271,3254,-1,3272,3247,3273,-1,3274,3273,3253,-1,3275,3244,3249,-1,3276,3256,3273,-1,3277,3249,3243,-1,3276,3247,3277,-1,3278,3279,3228,-1,3251,3280,3278,-1,3246,3281,3278,-1,3281,3245,3251,-1,3282,3241,3227,-1,3226,3235,3220,-1,3199,3224,3221,-1,3224,3233,3225,-1,3283,3235,3226,-1,3230,3233,3224,-1,3231,3234,3284,-1,3285,3283,3225,-1,3226,3225,3283,-1,3234,3231,3233,-1,3236,3284,3286,-1,3287,3285,3232,-1,3225,3232,3285,-1,3284,3236,3231,-1,3239,3286,3288,-1,3289,3287,3237,-1,3232,3237,3287,-1,3286,3239,3236,-1,3240,3288,3290,-1,3291,3289,3238,-1,3237,3238,3289,-1,3288,3240,3239,-1,3242,3290,3292,-1,3282,3291,3241,-1,3238,3241,3291,-1,3290,3242,3240,-1,3246,3292,3293,-1,3282,3227,3229,-1,3240,3227,3241,-1,3292,3246,3242,-1,3281,3293,3294,-1,3229,3228,3279,-1,3242,3228,3227,-1,3293,3281,3246,-1,3245,3294,3295,-1,3279,3278,3280,-1,3246,3278,3228,-1,3294,3245,3281,-1,3243,3295,3296,-1,3280,3251,3250,-1,3281,3251,3278,-1,3295,3243,3245,-1,3277,3296,3297,-1,3250,3244,3275,-1,3245,3244,3251,-1,3296,3277,3243,-1,3297,3298,3276,-1,3275,3249,3248,-1,3243,3249,3244,-1,3297,3276,3277,-1,3298,3299,3256,-1,3248,3247,3272,-1,3277,3247,3249,-1,3298,3256,3276,-1,3299,3300,3255,-1,3272,3273,3274,-1,3276,3273,3247,-1,3299,3255,3256,-1,3300,3301,3269,-1,3274,3253,3252,-1,3256,3253,3273,-1,3300,3269,3255,-1,3270,3301,3302,-1,3252,3254,3271,-1,3255,3254,3253,-1,3301,3270,3269,-1,3258,3302,3303,-1,3271,3261,3260,-1,3269,3261,3254,-1,3302,3258,3270,-1,3259,3303,3304,-1,3260,3262,3268,-1,3270,3262,3261,-1,3303,3259,3258,-1,3265,3304,3266,-1,3267,3262,3257,-1,3258,3257,3262,-1,3304,3265,3259,-1,3212,3264,3213,-1,3263,3257,3264,-1,3259,3264,3257,-1,3305,3306,3307,-1,3308,3309,3310,-1,3311,3312,3313,-1,3314,3315,3316,-1,3317,3318,3319,-1,3320,3321,3322,-1,3323,3314,3322,-1,3314,3316,3324,-1,3325,3326,3305,-1,3327,3328,3329,-1,3323,3315,3314,-1,3322,3321,3323,-1,3320,3329,3330,-1,3331,3332,3333,-1,3334,3327,3335,-1,3319,3324,3336,-1,3336,3324,3316,-1,3318,3337,3338,-1,3310,3339,3340,-1,3338,3309,3308,-1,3341,3339,3342,-1,3343,3344,3345,-1,3345,3346,3343,-1,3347,3306,3348,-1,3307,3325,3305,-1,3306,3347,3307,-1,3349,3350,3351,-1,3342,3349,3341,-1,3352,3348,3306,-1,3352,3353,3354,-1,3348,3352,3354,-1,3313,3355,3356,-1,3352,3357,3353,-1,3358,3359,3360,-1,3353,3357,3361,-1,3362,3363,3364,-1,3365,3361,3357,-1,3366,3350,3367,-1,3359,3355,3368,-1,3369,3370,3362,-1,3370,3369,3371,-1,3372,3373,3374,-1,3375,3376,3377,-1,3359,3358,3378,-1,3379,3380,3381,-1,3359,3356,3355,-1,3359,3368,3360,-1,3377,3312,3382,-1,3382,3381,3380,-1,3364,3363,3375,-1,3377,3364,3375,-1,3364,3369,3362,-1,3371,3369,3383,-1,3373,3384,3374,-1,3371,3383,3373,-1,3385,3384,3383,-1,3384,3373,3383,-1,3386,3387,3383,-1,3385,3383,3387,-1,3388,3389,3386,-1,3386,3389,3387,-1,3390,3391,3386,-1,3386,3391,3388,-1,2931,3390,3386,-1,3392,3319,3336,-1,3393,3394,3395,-1,3325,3394,3396,-1,3319,3392,3317,-1,3318,3317,3337,-1,3338,3337,3309,-1,3340,3308,3310,-1,3341,3340,3339,-1,3351,3341,3349,-1,3397,3366,3367,-1,3366,3351,3350,-1,3376,3312,3377,-1,3379,3381,3397,-1,3397,3367,3379,-1,3380,3377,3382,-1,3312,3376,3313,-1,3311,3313,3356,-1,3344,3311,3356,-1,3398,3305,3399,-1,3344,3356,3345,-1,3346,3345,3398,-1,3346,3398,3399,-1,3399,3305,3326,-1,3326,3325,3396,-1,3393,3395,3333,-1,3394,3325,3395,-1,3332,3331,3335,-1,3393,3333,3332,-1,3334,3328,3327,-1,3331,3334,3335,-1,3328,3330,3329,-1,3320,3322,3329,-1,3400,3401,3402,-1,3402,3403,3404,-1,3404,3400,3402,-1,3405,3406,3407,-1,3407,3408,3405,-1,3409,3410,3411,-1,3411,3412,3409,-1,3413,3414,3415,-1,3416,3417,3418,-1,3419,3420,3421,-1,3415,3416,3413,-1,3417,3416,3422,-1,3416,3418,3413,-1,3423,3421,3424,-1,3423,3422,3421,-1,3421,3422,3416,-1,3425,3420,3419,-1,3416,3419,3421,-1,3426,3427,3428,-1,3285,3287,3429,-1,3430,3431,3432,-1,3287,3289,3429,-1,3429,3289,3291,-1,3433,3434,3435,-1,3435,3436,3437,-1,3438,3263,3212,-1,3274,3439,3272,-1,3429,3440,3285,-1,3429,3291,3282,-1,3440,3441,3283,-1,3283,3285,3440,-1,3209,3442,3443,-1,3283,3441,3235,-1,3444,3218,3445,-1,3445,3210,3443,-1,3214,3446,3447,-1,3214,3222,3448,-1,3449,3450,3212,-1,3214,3447,3212,-1,3451,3267,3263,-1,3452,3451,3263,-1,3260,3268,3453,-1,3454,3268,3267,-1,3455,3456,3252,-1,3457,3271,3260,-1,3458,3459,3248,-1,3272,3439,3458,-1,3460,3459,3461,-1,3275,3248,3459,-1,3250,3460,3462,-1,3460,3250,3275,-1,3460,3275,3459,-1,3462,3229,3279,-1,3462,3279,3280,-1,3437,3463,3464,-1,3248,3272,3458,-1,3250,3462,3280,-1,3465,3463,3436,-1,3463,3431,3430,-1,3456,3439,3274,-1,3252,3456,3274,-1,3455,3271,3457,-1,3271,3455,3252,-1,3453,3457,3260,-1,3454,3453,3268,-1,3451,3454,3267,-1,3452,3263,3438,-1,3450,3466,3212,-1,3438,3212,3466,-1,3214,3448,3446,-1,3447,3449,3212,-1,3426,3467,3427,-1,3444,3448,3222,-1,3444,3219,3218,-1,3222,3219,3444,-1,3218,3223,3445,-1,3445,3223,3210,-1,3442,3209,3235,-1,3209,3443,3210,-1,3468,3442,3441,-1,3235,3441,3442,-1,3469,3470,3441,-1,3441,3470,3468,-1,3428,3427,3471,-1,3426,3472,3473,-1,3474,3475,3426,-1,3426,3475,3472,-1,3441,3428,3469,-1,3463,3465,3476,-1,3430,3464,3463,-1,3477,3476,3478,-1,3476,3465,3478,-1,3436,3463,3437,-1,3441,3436,3435,-1,3434,3433,3475,-1,3474,3434,3475,-1,3467,3426,3473,-1,3441,3435,3428,-1,3471,3469,3428,-1,3435,3434,3428,-1,3479,3373,3480,-1,2898,3481,3482,-1,3480,2905,3483,-1,3484,3363,3362,-1,3370,3485,3486,-1,3480,3372,2905,-1,2897,3481,2898,-1,2859,2897,2843,-1,2859,3481,2897,-1,3479,3485,3371,-1,3479,3371,3373,-1,2859,2858,3487,-1,3481,2859,3487,-1,3482,2902,2898,-1,2905,2902,3483,-1,3482,3483,2902,-1,3486,3484,3362,-1,3370,3371,3485,-1,3375,3363,3488,-1,3484,3488,3363,-1,3489,3376,3375,-1,3375,3488,3489,-1,3370,3486,3362,-1,3372,3480,3373,-1,3374,3384,2903,-1,2905,3372,3374,-1,2904,3387,3389,-1,3385,2904,2903,-1,2901,2926,3490,-1,3389,3388,2899,-1,3490,2926,2851,-1,3490,2851,3491,-1,2928,2926,2931,-1,2926,3390,2931,-1,2901,2900,2926,-1,2900,3391,3390,-1,3390,2926,2900,-1,3388,3391,2899,-1,2900,2899,3391,-1,2904,3385,3387,-1,3389,2899,2904,-1,3374,2903,2905,-1,3384,3385,2903,-1,2844,3490,3491,-1,2896,2901,3490,-1,3491,2851,2844,-1,2896,3490,2844,-1,2896,2844,2843,-1,2896,2843,2897,-1,3084,3386,3383,-1,2931,3086,2929,-1,3364,3377,3078,-1,3085,3028,3369,-1,3380,3379,3093,-1,3093,3099,3380,-1,3367,3052,3379,-1,3093,3379,3052,-1,3377,3380,3099,-1,3078,3377,3099,-1,3364,3085,3369,-1,3078,3085,3364,-1,3028,3084,3383,-1,3028,3383,3369,-1,2931,3386,3086,-1,3086,3386,3084,-1,3350,3052,3367,-1,3339,3098,3342,-1,3349,3097,3050,-1,3041,3309,3337,-1,3043,3310,3042,-1,3392,3336,3038,-1,3317,3037,3040,-1,3323,3035,3315,-1,3021,3034,3316,-1,3031,3030,3320,-1,3045,3321,3030,-1,3330,3057,3031,-1,3031,3320,3330,-1,3057,3328,3077,-1,3328,3057,3330,-1,3053,3077,3334,-1,3328,3334,3077,-1,3331,3054,3053,-1,3053,3334,3331,-1,3323,3321,3045,-1,3030,3321,3320,-1,3035,3021,3315,-1,3045,3035,3323,-1,3316,3034,3336,-1,3315,3021,3316,-1,3392,3038,3037,-1,3336,3034,3038,-1,3337,3317,3040,-1,3317,3392,3037,-1,3042,3309,3041,-1,3041,3337,3040,-1,3043,3339,3310,-1,3042,3310,3309,-1,3098,3097,3342,-1,3043,3098,3339,-1,3349,3050,3350,-1,3342,3097,3349,-1,3052,3350,3050,-1,3054,3331,3333,-1,3054,3333,3060,-1,3307,3347,3067,-1,3065,3325,3307,-1,3067,3065,3307,-1,3064,3325,3065,-1,3395,3063,3333,-1,3325,3064,3395,-1,3347,3072,3067,-1,3063,3395,3064,-1,3333,3063,3060,-1,3348,3072,3347,-1,3354,3071,3348,-1,3072,3348,3071,-1,3069,3354,3353,-1,3354,3069,3071,-1,3353,3361,3074,-1,3074,3069,3353,-1,3074,3361,3075,-1,3361,3365,3075,-1,3404,3492,3493,-1,3494,3401,3400,-1,3493,3400,3404,-1,3400,3493,3494,-1,3430,3495,3496,-1,3497,3437,3464,-1,3498,3499,3500,-1,3498,3500,3495,-1,3500,3499,3501,-1,3500,3502,3503,-1,3501,3502,3500,-1,3504,3505,3503,-1,3500,3503,3505,-1,3495,3432,3498,-1,3505,3504,3506,-1,3495,3430,3432,-1,3497,3464,3496,-1,3464,3430,3496,-1,3507,3508,3472,-1,3507,3509,3510,-1,3472,3508,3473,-1,3511,3512,3513,-1,3514,3515,3516,-1,3517,3518,3519,-1,3520,3521,3522,-1,3523,3524,3525,-1,3526,3527,3528,-1,3529,3530,3531,-1,3529,3524,3523,-1,3530,3532,3533,-1,3530,3533,3531,-1,3534,3014,3535,-1,3533,3534,3535,-1,3015,3014,3536,-1,3536,3014,3534,-1,3534,3533,3532,-1,3529,3531,3524,-1,3525,3537,3523,-1,3538,3015,3536,-1,3539,3540,3017,-1,3538,3017,3015,-1,3538,3541,3539,-1,3017,3538,3539,-1,3525,3542,3537,-1,3527,3542,3528,-1,3537,3542,3527,-1,3528,3518,3526,-1,3543,3518,3517,-1,3543,3526,3518,-1,3544,3519,3521,-1,3544,3517,3519,-1,3520,3522,3545,-1,3544,3521,3520,-1,3511,3513,3545,-1,3545,3522,3511,-1,3512,3515,3514,-1,3513,3512,3514,-1,3516,3546,3510,-1,3516,3515,3546,-1,3509,3507,3472,-1,3546,3507,3510,-1,3547,3548,2986,-1,3508,3547,3473,-1,3549,2978,2970,-1,2970,2981,3550,-1,3551,2987,3552,-1,2944,3553,3552,-1,3554,3555,2997,-1,2992,3556,2976,-1,3557,3558,3559,-1,2937,3560,2938,-1,3561,3562,3563,-1,3564,3565,3566,-1,3567,3568,3569,-1,3570,3571,3572,-1,3573,3574,3575,-1,3576,3577,3578,-1,3414,3413,3579,-1,3575,3580,3581,-1,3582,3583,3422,-1,3584,3585,3586,-1,3587,3588,3589,-1,3424,3590,3591,-1,3592,3593,3594,-1,3595,3594,3593,-1,3596,3592,3597,-1,3592,3594,3597,-1,3596,3597,3598,-1,3599,3357,3600,-1,3601,3602,3603,-1,3601,3604,3602,-1,3605,3606,3607,-1,3603,3606,3608,-1,3073,3075,3609,-1,3607,3075,3610,-1,3611,3070,3612,-1,3073,3612,3070,-1,3611,3613,3068,-1,3068,3070,3611,-1,3066,3613,3614,-1,3613,3066,3068,-1,3615,3061,3614,-1,3066,3614,3061,-1,3615,3616,3020,-1,3020,3061,3615,-1,3095,3616,3617,-1,3616,3095,3020,-1,3618,3048,3617,-1,3095,3617,3048,-1,3618,3619,3027,-1,3027,3048,3618,-1,3587,3595,3593,-1,3073,3609,3612,-1,3075,3607,3609,-1,3605,3607,3610,-1,3365,3610,3075,-1,3365,3599,3610,-1,3601,3603,3608,-1,3606,3605,3608,-1,3357,3599,3365,-1,3598,3602,3604,-1,3596,3598,3604,-1,3398,3620,3621,-1,3398,3621,3305,-1,3620,3345,3622,-1,3345,3620,3398,-1,3623,3622,3356,-1,3345,3356,3622,-1,3359,3624,3623,-1,3623,3356,3359,-1,3378,3624,3359,-1,3306,3305,3625,-1,3621,3625,3305,-1,3626,3306,3625,-1,3626,3600,3352,-1,3352,3306,3626,-1,3587,3589,3595,-1,3600,3357,3352,-1,3627,3589,3588,-1,3582,3422,3423,-1,3588,3591,3627,-1,3423,3424,3582,-1,3417,3628,3418,-1,3583,3417,3422,-1,3629,3586,3630,-1,3418,3631,3413,-1,3632,3633,3634,-1,3580,3629,3635,-1,3576,3636,3577,-1,3637,3638,3639,-1,3574,3636,3576,-1,3640,3568,3641,-1,3640,3641,3578,-1,3570,3569,3571,-1,3567,3569,3570,-1,3572,3571,3561,-1,3566,3563,3562,-1,3581,3573,3575,-1,3634,3639,3642,-1,3639,3638,3642,-1,3580,3635,3581,-1,3632,3634,3643,-1,3634,3642,3643,-1,3634,3644,3414,-1,3634,3633,3644,-1,3629,3630,3635,-1,3634,3414,3579,-1,3586,3585,3630,-1,3631,3579,3413,-1,3584,3645,3585,-1,3628,3631,3418,-1,3646,3584,3647,-1,3583,3628,3417,-1,3648,3646,3647,-1,3647,3649,3648,-1,3650,3590,3649,-1,3424,3591,3582,-1,3650,3627,3590,-1,3591,3590,3627,-1,3647,3650,3649,-1,3584,3646,3645,-1,3574,3573,3636,-1,3641,3568,3567,-1,3577,3640,3578,-1,3563,3572,3561,-1,3564,3558,3565,-1,3562,3564,3566,-1,3557,2938,3560,-1,3565,3558,3557,-1,3651,3560,2937,-1,2976,3554,2997,-1,3555,3651,2985,-1,3551,3556,2992,-1,3557,3559,2938,-1,3651,2937,2985,-1,3555,2985,2997,-1,3554,2976,3556,-1,2987,2944,3552,-1,2992,2987,3551,-1,2944,2978,3553,-1,3549,2970,3550,-1,3553,2978,3549,-1,3550,2981,3548,-1,2986,3467,3547,-1,3548,2981,2986,-1,3547,3467,3473,-1,3652,3653,3654,-1,3624,3378,3655,-1,3656,3655,3654,-1,475,3402,3657,-1,3360,3658,3358,-1,3403,3402,475,-1,3494,3402,3401,-1,3657,3402,3494,-1,3659,3657,3494,-1,3660,3661,3662,-1,3662,3657,3660,-1,3654,3653,3656,-1,3654,3662,3663,-1,3655,3358,3658,-1,3656,3624,3655,-1,3368,3664,3665,-1,3655,3378,3358,-1,3664,3355,3666,-1,3355,3313,3666,-1,3368,3665,3360,-1,3313,3489,3666,-1,3368,3355,3664,-1,3376,3489,3313,-1,3360,3665,3658,-1,3652,3654,3663,-1,3660,3657,3659,-1,3663,3662,3661,-1,2854,3657,3667,-1,3657,2854,475,-1,3667,2856,2855,-1,2854,3667,2855,-1,2857,3667,3487,-1,3667,2857,2856,-1,2857,3487,2858,-1,3657,3662,3654,-1,3664,3483,3482,-1,3655,3667,3654,-1,3657,3654,3667,-1,3655,3487,3667,-1,3665,3482,3481,-1,3655,3658,3487,-1,3479,3480,3489,-1,3483,3664,3666,-1,3488,3484,3485,-1,3488,3485,3479,-1,3484,3486,3485,-1,3666,3489,3480,-1,3489,3488,3479,-1,3665,3664,3482,-1,3483,3666,3480,-1,3658,3665,3481,-1,3658,3481,3487,-1,3668,3669,3670,-1,3671,3672,3673,-1,3674,3675,3676,-1,3668,3674,3677,-1,3678,3679,3680,-1,3681,3669,3677,-1,3681,3682,3683,-1,3684,3685,3686,-1,3687,3688,3678,-1,3689,3690,3579,-1,3683,3691,3692,-1,3680,3679,3691,-1,3693,3694,3695,-1,3696,3697,3698,-1,3699,3700,3701,-1,3702,3703,3704,-1,3705,3699,3704,-1,3706,3703,3702,-1,3707,3708,3709,-1,3710,3703,3706,-1,3708,3706,3709,-1,3706,3702,3709,-1,3707,3711,3712,-1,3713,3712,3714,-1,3712,3713,3707,-1,3715,3714,3716,-1,3713,3714,3715,-1,3669,3683,3717,-1,3680,3718,3719,-1,3720,3721,3722,-1,3722,3716,3720,-1,3716,3714,3720,-1,3668,3723,3675,-1,3724,3725,3676,-1,3726,3725,3727,-1,3675,3728,3724,-1,3729,3730,3726,-1,3727,3724,3731,-1,3730,3732,3733,-1,3734,3729,3727,-1,3735,3736,3733,-1,3729,3737,3732,-1,3736,3738,3739,-1,3735,3732,3740,-1,3741,3739,3742,-1,3743,3738,3735,-1,3744,3745,3741,-1,3738,3746,3742,-1,3745,3747,3748,-1,3744,3742,3749,-1,3750,3748,3751,-1,3752,3747,3744,-1,3753,3754,3750,-1,3747,3755,3751,-1,3754,3756,3757,-1,3753,3751,3758,-1,3759,3756,3760,-1,3761,3756,3753,-1,3762,3763,3759,-1,3759,3764,3757,-1,3763,3765,3673,-1,3764,3763,3672,-1,3766,3767,3673,-1,3768,3769,3770,-1,3771,3772,3767,-1,3773,3656,3653,-1,3653,3652,3773,-1,3624,3656,3623,-1,3773,3652,3769,-1,3774,3771,3767,-1,3775,3776,3777,-1,3768,3771,3774,-1,3768,3774,3769,-1,3661,3778,3770,-1,3671,3772,3779,-1,3659,3493,3492,-1,3660,3778,3661,-1,3494,3493,3659,-1,3492,3778,3659,-1,3660,3659,3778,-1,3661,3770,3663,-1,3780,3781,3782,-1,3671,3779,3776,-1,3783,3777,3776,-1,3779,3783,3776,-1,3784,3777,3785,-1,3785,3777,3783,-1,3786,3787,3784,-1,3788,3789,3790,-1,3784,3787,3777,-1,3786,3791,3787,-1,3765,3766,3673,-1,3671,3767,3772,-1,3775,3672,3776,-1,3769,3663,3770,-1,3673,3767,3671,-1,3766,3774,3767,-1,3773,3769,3792,-1,3663,3769,3652,-1,3769,3793,3792,-1,3656,3773,3623,-1,3787,3775,3777,-1,3794,3791,3786,-1,3794,3795,3791,-1,3672,3671,3776,-1,3775,3787,3796,-1,3762,3765,3763,-1,3796,3764,3775,-1,3766,3793,3774,-1,3763,3673,3672,-1,3793,3797,3792,-1,3792,3623,3773,-1,3774,3793,3769,-1,3793,3798,3797,-1,3622,3623,3792,-1,3791,3796,3787,-1,3799,3795,3794,-1,3799,3800,3795,-1,3764,3672,3775,-1,3796,3791,3801,-1,3760,3762,3759,-1,3801,3757,3796,-1,3765,3798,3766,-1,3759,3763,3764,-1,3798,3802,3797,-1,3797,3622,3792,-1,3766,3798,3793,-1,3798,3803,3802,-1,3620,3622,3797,-1,3795,3801,3791,-1,3804,3800,3799,-1,3804,3805,3800,-1,3757,3764,3796,-1,3801,3795,3806,-1,3761,3760,3756,-1,3806,3754,3801,-1,3762,3803,3765,-1,3756,3759,3757,-1,3803,3807,3802,-1,3802,3620,3797,-1,3765,3803,3798,-1,3803,3808,3807,-1,3621,3620,3802,-1,3800,3806,3795,-1,3809,3805,3804,-1,3805,3809,3810,-1,3754,3757,3801,-1,3806,3800,3811,-1,3758,3761,3753,-1,3811,3750,3806,-1,3760,3808,3762,-1,3753,3756,3754,-1,3808,3812,3807,-1,3807,3621,3802,-1,3762,3808,3803,-1,3808,3813,3812,-1,3625,3621,3807,-1,3805,3811,3800,-1,3814,3810,3809,-1,3810,3814,3815,-1,3750,3754,3806,-1,3811,3805,3816,-1,3755,3758,3751,-1,3816,3748,3811,-1,3761,3813,3760,-1,3751,3753,3750,-1,3813,3817,3812,-1,3812,3625,3807,-1,3760,3813,3808,-1,3813,3818,3817,-1,3626,3625,3812,-1,3810,3816,3805,-1,3819,3815,3814,-1,3815,3819,3820,-1,3748,3750,3811,-1,3816,3810,3821,-1,3752,3755,3747,-1,3821,3745,3816,-1,3758,3818,3761,-1,3747,3751,3748,-1,3818,3822,3817,-1,3817,3626,3812,-1,3761,3818,3813,-1,3818,3823,3822,-1,3600,3626,3817,-1,3815,3821,3810,-1,3824,3820,3819,-1,3820,3824,3825,-1,3745,3748,3816,-1,3821,3815,3826,-1,3749,3752,3744,-1,3826,3741,3821,-1,3755,3823,3758,-1,3744,3747,3745,-1,3823,3827,3822,-1,3822,3600,3817,-1,3758,3823,3818,-1,3823,3828,3827,-1,3599,3600,3822,-1,3820,3826,3815,-1,3829,3825,3824,-1,3825,3829,3830,-1,3741,3745,3821,-1,3826,3820,3831,-1,3746,3749,3742,-1,3831,3739,3826,-1,3752,3828,3755,-1,3742,3744,3741,-1,3828,3832,3827,-1,3827,3599,3822,-1,3755,3828,3823,-1,3828,3833,3832,-1,3610,3599,3827,-1,3825,3831,3820,-1,3834,3830,3829,-1,3830,3834,3835,-1,3739,3741,3826,-1,3831,3825,3836,-1,3743,3746,3738,-1,3836,3736,3831,-1,3749,3833,3752,-1,3738,3742,3739,-1,3833,3837,3832,-1,3832,3610,3827,-1,3752,3833,3828,-1,3833,3838,3837,-1,3605,3610,3832,-1,3830,3836,3825,-1,3839,3835,3834,-1,3835,3839,3840,-1,3736,3739,3831,-1,3836,3830,3841,-1,3740,3743,3735,-1,3841,3733,3836,-1,3746,3838,3749,-1,3735,3738,3736,-1,3608,3837,3842,-1,3837,3605,3832,-1,3749,3838,3833,-1,3838,3843,3842,-1,3608,3605,3837,-1,3835,3841,3830,-1,3844,3840,3839,-1,3840,3844,3845,-1,3733,3736,3836,-1,3841,3835,3846,-1,3737,3740,3732,-1,3730,3841,3846,-1,3743,3843,3746,-1,3732,3735,3733,-1,3601,3842,3847,-1,3838,3842,3837,-1,3746,3843,3838,-1,3843,3848,3847,-1,3608,3842,3601,-1,3840,3846,3835,-1,3849,3845,3844,-1,3845,3849,3850,-1,3730,3733,3841,-1,3846,3840,3851,-1,3734,3737,3729,-1,3726,3846,3851,-1,3740,3848,3743,-1,3729,3732,3730,-1,3604,3847,3852,-1,3843,3847,3842,-1,3743,3848,3843,-1,3848,3853,3852,-1,3601,3847,3604,-1,3845,3851,3840,-1,3854,3850,3849,-1,3850,3854,3855,-1,3726,3730,3846,-1,3851,3845,3856,-1,3731,3734,3727,-1,3725,3851,3856,-1,3737,3853,3740,-1,3727,3729,3726,-1,3596,3852,3857,-1,3848,3852,3847,-1,3740,3853,3848,-1,3853,3858,3857,-1,3604,3852,3596,-1,3850,3856,3845,-1,3859,3855,3854,-1,3855,3859,3860,-1,3725,3726,3851,-1,3856,3850,3861,-1,3728,3731,3724,-1,3676,3856,3861,-1,3734,3858,3737,-1,3724,3727,3725,-1,3592,3857,3862,-1,3853,3857,3852,-1,3737,3858,3853,-1,3858,3863,3862,-1,3596,3857,3592,-1,3855,3861,3850,-1,3789,3860,3859,-1,3864,3865,3866,-1,3676,3725,3856,-1,3867,3790,3864,-1,3723,3728,3675,-1,3674,3861,3868,-1,3731,3863,3734,-1,3675,3724,3676,-1,3593,3862,3869,-1,3858,3862,3857,-1,3734,3863,3858,-1,3863,3870,3869,-1,3592,3862,3593,-1,3855,3868,3861,-1,3868,3855,3860,-1,3788,3790,3867,-1,3674,3676,3861,-1,3871,3868,3860,-1,3670,3723,3668,-1,3677,3868,3871,-1,3728,3870,3731,-1,3668,3675,3674,-1,3587,3869,3872,-1,3863,3869,3862,-1,3731,3870,3863,-1,3870,3873,3872,-1,3593,3869,3587,-1,3860,3788,3871,-1,3788,3860,3789,-1,3874,3684,3686,-1,3677,3674,3868,-1,3875,3865,3874,-1,3717,3670,3669,-1,3876,3681,3871,-1,3723,3873,3728,-1,3669,3668,3677,-1,3588,3872,3877,-1,3870,3872,3869,-1,3728,3873,3870,-1,3873,3878,3877,-1,3587,3872,3588,-1,3788,3876,3871,-1,3876,3788,3867,-1,3866,3865,3875,-1,3681,3677,3871,-1,3879,3876,3867,-1,3692,3717,3683,-1,3682,3876,3879,-1,3670,3878,3723,-1,3683,3669,3681,-1,3591,3877,3880,-1,3873,3877,3872,-1,3723,3878,3873,-1,3878,3881,3880,-1,3588,3877,3591,-1,3867,3866,3879,-1,3866,3867,3864,-1,3696,3698,3882,-1,3682,3681,3876,-1,3684,3882,3685,-1,3679,3692,3691,-1,3682,3879,3718,-1,3717,3881,3670,-1,3691,3683,3682,-1,3582,3880,3883,-1,3878,3880,3877,-1,3670,3881,3878,-1,3881,3884,3883,-1,3591,3880,3582,-1,3866,3885,3879,-1,3885,3866,3875,-1,3718,3691,3682,-1,3885,3718,3879,-1,3886,3885,3875,-1,3887,3679,3678,-1,3719,3718,3885,-1,3692,3884,3717,-1,3718,3680,3691,-1,3583,3883,3888,-1,3881,3883,3880,-1,3717,3884,3881,-1,3884,3889,3888,-1,3582,3883,3583,-1,3875,3686,3886,-1,3686,3875,3874,-1,3719,3890,3687,-1,3886,3719,3885,-1,3697,3696,3700,-1,3891,3892,3688,-1,3886,3890,3719,-1,3679,3889,3692,-1,3680,3719,3687,-1,3628,3888,3893,-1,3884,3888,3883,-1,3692,3889,3884,-1,3889,3887,3893,-1,3583,3888,3628,-1,3686,3894,3886,-1,3894,3686,3685,-1,3780,3895,3890,-1,3894,3890,3886,-1,3685,3896,3894,-1,3687,3678,3680,-1,3894,3780,3890,-1,3678,3688,3897,-1,3895,3687,3890,-1,3631,3893,3689,-1,3889,3893,3888,-1,3679,3887,3889,-1,3887,3897,3689,-1,3628,3893,3631,-1,3685,3698,3896,-1,3698,3685,3882,-1,3898,3781,3694,-1,3896,3780,3894,-1,3899,3896,3698,-1,3895,3688,3687,-1,3896,3781,3780,-1,3897,3688,3892,-1,3895,3782,3891,-1,3897,3690,3689,-1,3887,3689,3893,-1,3678,3897,3887,-1,3892,3690,3897,-1,3631,3689,3579,-1,3899,3698,3697,-1,3900,3704,3701,-1,3694,3781,3899,-1,3899,3781,3896,-1,3899,3695,3694,-1,3891,3782,3901,-1,3895,3891,3688,-1,3780,3782,3895,-1,3901,3782,3898,-1,3902,3892,3891,-1,3891,3901,3902,-1,3902,3690,3892,-1,3903,3690,3902,-1,3579,3690,3634,-1,3697,3699,3695,-1,3699,3697,3700,-1,3693,3898,3694,-1,3697,3695,3899,-1,3695,3705,3693,-1,3781,3898,3782,-1,3904,3901,3898,-1,3693,3905,3898,-1,3904,3903,3902,-1,3904,3902,3901,-1,3903,3639,3690,-1,3690,3639,3634,-1,3701,3704,3699,-1,3900,3906,3702,-1,3693,3710,3907,-1,3699,3705,3695,-1,3693,3705,3703,-1,3693,3907,3905,-1,3898,3905,3904,-1,3900,3702,3704,-1,3906,3711,3709,-1,3693,3703,3710,-1,3704,3703,3705,-1,3906,3709,3702,-1,3707,3709,3711,-1,3908,3909,3910,-1,3911,3912,3913,-1,3914,3915,3916,-1,3917,3918,3919,-1,3918,3917,3912,-1,3539,3541,3919,-1,3540,3919,3918,-1,3911,3918,3912,-1,3915,3920,3921,-1,3540,3539,3919,-1,3922,3923,3921,-1,3924,3915,3914,-1,3920,3925,3926,-1,3927,3928,3929,-1,3930,3923,3931,-1,3932,3933,3934,-1,3925,3935,3530,-1,3936,3937,3938,-1,3939,3532,3530,-1,3940,3941,3942,-1,3943,3944,3945,-1,3946,3947,3948,-1,3949,3950,3951,-1,3952,3953,3954,-1,3955,3956,3947,-1,3957,3958,3959,-1,3954,3960,3961,-1,3961,3960,3909,-1,3962,3958,3963,-1,3964,3965,3966,-1,3967,3910,3968,-1,3964,3966,3509,-1,3966,3965,3968,-1,3969,3909,3908,-1,3963,3961,3962,-1,3962,3961,3969,-1,3970,3971,3972,-1,3958,3957,3963,-1,3969,3961,3909,-1,3959,3973,3957,-1,3974,3975,3976,-1,3973,3959,3977,-1,3975,3956,3978,-1,3945,3979,3948,-1,3950,3980,3952,-1,3943,3938,3981,-1,3982,3951,3940,-1,3927,3983,3923,-1,3984,3941,3933,-1,3930,3985,3936,-1,3986,3934,3928,-1,3929,3987,3983,-1,3988,3989,3990,-1,3991,3992,3988,-1,3988,3993,3994,-1,3991,3995,3996,-1,3996,3997,3991,-1,3996,3995,3998,-1,3970,3972,3973,-1,3999,4000,4001,-1,3957,3973,3972,-1,4002,4003,3993,-1,3957,4004,3963,-1,3974,4005,3910,-1,4004,3954,3963,-1,3974,3960,3975,-1,3967,3968,3965,-1,3908,3910,3967,-1,3909,3974,3910,-1,4006,3510,3966,-1,3968,4005,4006,-1,3509,3966,3510,-1,3972,4004,3957,-1,4007,3971,3970,-1,3971,4007,4008,-1,3954,3961,3963,-1,4004,3972,4009,-1,3960,3974,3909,-1,4004,4009,3952,-1,3975,3953,3956,-1,3953,3960,3954,-1,3516,4006,4010,-1,3968,4006,3966,-1,3910,4005,3968,-1,4005,3976,4010,-1,3510,4006,3516,-1,3971,4009,3972,-1,4011,4008,4007,-1,4000,4012,4013,-1,3952,3954,4004,-1,4009,3971,4014,-1,3953,3975,3960,-1,4014,3950,4009,-1,3956,3980,3947,-1,3980,3953,3952,-1,3514,4010,4015,-1,4005,4010,4006,-1,3974,3976,4005,-1,3976,3978,4015,-1,3516,4010,3514,-1,4008,4014,3971,-1,3999,4016,4011,-1,4012,4017,4018,-1,3950,3952,4009,-1,4014,4008,4019,-1,3980,3956,3953,-1,4019,3951,4014,-1,3947,3949,3948,-1,3949,3980,3950,-1,3513,4015,4020,-1,3976,4015,4010,-1,3975,3978,3976,-1,3978,3955,4020,-1,3514,4015,3513,-1,4008,4016,4019,-1,4016,4008,4011,-1,4021,4022,4023,-1,3951,3950,4014,-1,4019,4016,4024,-1,3949,3947,3980,-1,4019,4024,3940,-1,3948,3982,3945,-1,3982,3949,3951,-1,3545,4020,4025,-1,3978,4020,4015,-1,3956,3955,3978,-1,3955,3946,4025,-1,3513,4020,3545,-1,4016,4001,4024,-1,4001,4016,3999,-1,4013,4012,4018,-1,3940,3951,4019,-1,4024,4001,4026,-1,3982,3948,3949,-1,4024,4026,3941,-1,3945,3942,3943,-1,3942,3982,3940,-1,3520,4025,4027,-1,3955,4025,4020,-1,3947,3946,3955,-1,3946,3979,4027,-1,3545,4025,3520,-1,4001,4013,4026,-1,4013,4001,4000,-1,4018,4017,4028,-1,3941,3940,4024,-1,4029,4026,4013,-1,3942,3945,3982,-1,4026,4029,3933,-1,3943,3984,3938,-1,3984,3942,3941,-1,3544,4027,4030,-1,3946,4027,4025,-1,3948,3979,3946,-1,3979,3944,4030,-1,3520,4027,3544,-1,4018,4029,4013,-1,4031,4028,4017,-1,4032,4023,4033,-1,3933,3941,4026,-1,4034,4029,4018,-1,3984,3943,3942,-1,4029,4034,3934,-1,3938,3932,3936,-1,3932,3984,3933,-1,3517,4030,4035,-1,3979,4030,4027,-1,3945,3944,3979,-1,3944,3981,4035,-1,3544,4030,3517,-1,4028,4034,4018,-1,4022,4036,4031,-1,4037,4033,4038,-1,3934,3933,4029,-1,4039,4034,4028,-1,3932,3938,3984,-1,4034,4039,3928,-1,3936,3986,3930,-1,3986,3932,3934,-1,3543,4035,4040,-1,3944,4035,4030,-1,3943,3981,3944,-1,3981,3937,4040,-1,3517,4035,3543,-1,4028,4036,4039,-1,4036,4028,4031,-1,4038,3989,3994,-1,3928,3934,4034,-1,4039,4036,4041,-1,3986,3936,3932,-1,3929,3928,4039,-1,3930,3927,3923,-1,3927,3986,3928,-1,3526,4040,4042,-1,3981,4040,4035,-1,3938,3937,3981,-1,3937,3985,4042,-1,3543,4040,3526,-1,4036,4021,4041,-1,4021,4036,4022,-1,3925,3529,3926,-1,4041,3929,4039,-1,4021,4043,4041,-1,3927,3930,3986,-1,3929,4041,3987,-1,3983,3921,3923,-1,3927,3929,3983,-1,3527,4042,4044,-1,3937,4042,4040,-1,3936,3985,3937,-1,3985,3931,4044,-1,3526,4042,3527,-1,4021,4032,4043,-1,4032,4021,4023,-1,3987,4045,4046,-1,4043,3987,4041,-1,4032,4047,4043,-1,3983,4046,3921,-1,3987,4043,4045,-1,3921,4046,3915,-1,3983,3987,4046,-1,3537,4044,4048,-1,3985,4044,4042,-1,3930,3931,3985,-1,3931,3922,4048,-1,3527,4044,3537,-1,4032,4037,4047,-1,4037,4032,4033,-1,4045,4049,3916,-1,4047,4045,4043,-1,4037,4050,4047,-1,4046,3916,3915,-1,4047,4049,4045,-1,3920,3915,3924,-1,4046,4045,3916,-1,3523,4048,3926,-1,3931,4048,4044,-1,3923,3922,3931,-1,3922,3920,3926,-1,3537,4048,3523,-1,4037,3994,4050,-1,3994,4037,4038,-1,4003,4049,4050,-1,4050,4049,4047,-1,4050,3993,4003,-1,4051,3916,4049,-1,4049,4003,4051,-1,3924,3914,4052,-1,4051,3914,3916,-1,3935,3939,3530,-1,3922,3926,4048,-1,3921,3920,3922,-1,3925,3920,3924,-1,3523,3926,3529,-1,3989,3988,3994,-1,3990,3995,3991,-1,4051,4003,4053,-1,3994,3993,4050,-1,3993,3992,4002,-1,3914,4051,4054,-1,4003,4002,4053,-1,4052,3911,3913,-1,4053,4054,4051,-1,4052,4055,3935,-1,4054,4052,3914,-1,3925,3924,3935,-1,4052,3935,3924,-1,3529,3925,3530,-1,3990,3991,3988,-1,3988,3992,3993,-1,3997,4056,3992,-1,3991,3997,3992,-1,4056,4057,4002,-1,3992,4056,4002,-1,4057,4058,4053,-1,4002,4057,4053,-1,4058,3911,4054,-1,4053,4058,4054,-1,3911,4052,4054,-1,4055,4052,3913,-1,4055,4059,3935,-1,3939,3935,4059,-1,4060,4061,4062,-1,4063,4064,4065,-1,4066,4064,4063,-1,4067,4068,4069,-1,4070,4071,4072,-1,4073,4074,4075,-1,4076,4069,4068,-1,4077,4078,4071,-1,4079,4066,4063,-1,4078,4080,4081,-1,4071,4078,4082,-1,4076,4078,4081,-1,4083,4084,4085,-1,4086,4087,3496,-1,4083,4080,4088,-1,4089,4090,4091,-1,4089,4086,4090,-1,4092,4093,4088,-1,4087,4094,3496,-1,4090,4086,3495,-1,4077,4088,4080,-1,4094,3497,3496,-1,4065,4074,4073,-1,4081,4095,4076,-1,4096,4097,4098,-1,4099,4073,4060,-1,4100,4101,4067,-1,4102,4068,4101,-1,4103,4104,4105,-1,4102,4101,4106,-1,4106,4107,4102,-1,4104,4108,4109,-1,4096,4107,4097,-1,4110,4111,4112,-1,4096,4112,4111,-1,4112,4096,4098,-1,4111,4110,3721,-1,4113,4061,4114,-1,4097,4107,4106,-1,4115,4062,4113,-1,4061,4113,4062,-1,4116,4117,4118,-1,4061,4117,4114,-1,4118,4117,4119,-1,4114,4117,4116,-1,4120,4121,4122,-1,4120,4119,4121,-1,4122,4121,4123,-1,4106,4101,4100,-1,4124,4068,4102,-1,4101,4068,4067,-1,4066,4079,4124,-1,4095,4069,4076,-1,4067,4069,4095,-1,4068,4079,4076,-1,4079,4068,4124,-1,4104,4125,4126,-1,4081,4127,4095,-1,4076,4079,4082,-1,4080,4085,4081,-1,4127,4081,4085,-1,4063,4082,4079,-1,4074,4065,4064,-1,4128,4129,4130,-1,4082,4078,4076,-1,4082,4063,4131,-1,4132,4133,4134,-1,4087,4135,4136,-1,4083,4085,4080,-1,4077,4080,4078,-1,4089,4083,4088,-1,4084,4083,4091,-1,3505,4091,4090,-1,4131,4063,4065,-1,4137,4060,4075,-1,4125,4070,4072,-1,4131,4071,4082,-1,4065,4138,4131,-1,4125,4072,4126,-1,4071,4131,4072,-1,4092,4088,4077,-1,4092,4077,4070,-1,4093,4089,4088,-1,3500,3505,4090,-1,4089,4091,4083,-1,4093,4086,4089,-1,3495,3500,4090,-1,4073,4138,4065,-1,4108,4062,4139,-1,4126,4072,4138,-1,4138,4072,4131,-1,4126,4138,4099,-1,4129,4128,4140,-1,4092,4070,4128,-1,4071,4070,4077,-1,4125,4128,4070,-1,4093,4092,4132,-1,4128,4132,4092,-1,4086,4093,4087,-1,4132,4087,4093,-1,3496,3495,4086,-1,4075,4060,4073,-1,4061,4137,4141,-1,4104,4126,4099,-1,4073,4099,4138,-1,4062,4104,4099,-1,4103,4125,4104,-1,4128,4125,4140,-1,4133,4128,4130,-1,4133,4132,4128,-1,4135,4132,4134,-1,4135,4087,4132,-1,4087,4136,4094,-1,4137,4061,4060,-1,4141,4121,4117,-1,4139,4062,4115,-1,4060,4062,4099,-1,4108,4104,4062,-1,4105,4104,4109,-1,4103,4142,4125,-1,4125,4142,4140,-1,4141,4117,4061,-1,4119,4117,4121,-1,4143,4144,4145,-1,4146,4147,4148,-1,4149,3710,3706,-1,4084,4091,4150,-1,4151,4152,4153,-1,4154,4155,4156,-1,4157,4148,4147,-1,4143,4158,4144,-1,4159,4151,4160,-1,4160,4148,4157,-1,4148,4160,4151,-1,4161,4162,4163,-1,4163,4162,4164,-1,4165,4166,4167,-1,4162,4159,4164,-1,4162,4151,4159,-1,4168,4153,4152,-1,4151,4153,4148,-1,4169,4170,4171,-1,4172,4169,4171,-1,4169,4173,4152,-1,4173,4169,4172,-1,4173,4174,4152,-1,4175,4165,4167,-1,4175,4167,4174,-1,4176,4177,4178,-1,4167,4152,4174,-1,4167,4168,4152,-1,4168,4176,4149,-1,4179,4168,4149,-1,4178,4149,4176,-1,4180,4181,4182,-1,4183,3416,3415,-1,4184,3637,3639,-1,4185,3416,3639,-1,4186,4181,4180,-1,4187,4188,4189,-1,4189,4181,4186,-1,4190,4191,4192,-1,4193,4191,4190,-1,4191,4187,4192,-1,4194,4195,4196,-1,4188,4187,4191,-1,4181,4189,4188,-1,4197,4188,4185,-1,4181,4188,4197,-1,4196,3416,4185,-1,4196,4185,4194,-1,4198,182,3463,-1,4199,3639,3416,-1,4200,4199,3416,-1,4183,4200,3416,-1,4201,4184,3639,-1,4185,3903,4197,-1,3715,4149,3713,-1,4197,3905,3907,-1,3903,4185,3639,-1,4199,4201,3639,-1,4197,3904,3905,-1,3903,3904,4197,-1,3907,4149,4197,-1,3708,4149,3706,-1,3907,3710,4149,-1,3707,3713,4149,-1,3707,4149,3708,-1,3716,3722,4149,-1,3716,4149,3715,-1,4110,4179,3721,-1,3721,4149,3722,-1,4112,4098,4179,-1,4149,3721,4179,-1,4095,4179,4067,-1,4067,4179,4100,-1,4202,4203,4204,-1,4205,4202,4204,-1,4150,4179,4127,-1,4204,4206,4205,-1,181,4150,182,-1,4198,4207,4208,-1,4150,4091,182,-1,4091,3505,182,-1,4209,3463,3505,-1,4210,3463,4211,-1,4212,3505,4213,-1,3505,3506,4213,-1,4209,4211,3463,-1,3505,4212,4209,-1,3431,3463,4210,-1,4127,4085,4150,-1,4150,4085,4084,-1,182,4198,4208,-1,3505,3463,182,-1,4106,4100,4179,-1,4204,181,4155,-1,4155,4154,4214,-1,4143,4145,4179,-1,4214,4215,4155,-1,4215,4206,4155,-1,4145,4153,4179,-1,4206,4204,4155,-1,4098,4097,4179,-1,4179,4097,4106,-1,4179,4095,4127,-1,181,4204,4150,-1,4179,4153,4168,-1,4112,4179,4110,-1,4158,4216,4217,-1,4218,4217,4216,-1,4144,4158,4217,-1,4219,4218,4216,-1,4218,4219,4220,-1,4221,4222,4223,-1,4224,4222,4221,-1,4225,4223,4222,-1,4225,4220,4223,-1,4223,4220,4226,-1,4226,4220,4219,-1,4227,4228,4229,-1,4228,4227,4226,-1,4227,4230,4226,-1,4223,4226,4221,-1,4226,4230,4221,-1,4231,4159,4160,-1,4231,4232,4159,-1,4174,4173,4233,-1,4233,4234,4174,-1,4235,4236,4237,-1,4235,4238,4236,-1,4239,4224,4221,-1,4221,4230,4239,-1,4240,4163,4164,-1,4159,4241,4164,-1,4240,4164,4241,-1,4232,4241,4159,-1,4242,4163,4240,-1,4161,4242,4243,-1,4242,4161,4163,-1,4161,4243,4162,-1,4162,4243,4244,-1,4244,4151,4162,-1,4245,4244,4246,-1,4245,4152,4151,-1,4151,4244,4245,-1,4244,4247,4246,-1,4248,3465,3461,-1,3411,4246,4247,-1,4247,3408,3411,-1,4248,3459,3458,-1,3461,3459,4248,-1,3458,3439,4248,-1,4249,4250,4251,-1,4252,4249,3420,-1,4249,4251,3421,-1,4249,3421,3420,-1,3411,4253,4254,-1,3408,4255,4253,-1,4256,4249,4257,-1,4249,4252,4257,-1,4258,4249,4259,-1,4249,4256,4259,-1,4260,4249,4261,-1,4249,4258,4261,-1,4262,4249,4263,-1,4249,4260,4263,-1,4264,4249,4265,-1,4249,4262,4265,-1,4249,4264,4266,-1,4267,4268,3408,-1,3408,4253,3411,-1,4269,3411,4254,-1,3411,4270,4271,-1,4269,4270,3411,-1,3411,4272,4273,-1,4271,4272,3411,-1,3411,4274,4275,-1,4273,4274,3411,-1,4276,4277,3408,-1,4275,4278,3411,-1,4278,3412,3411,-1,3407,4279,3408,-1,4280,4281,4248,-1,4282,4248,4283,-1,4277,4284,3408,-1,3408,4279,4276,-1,3408,4285,4267,-1,4284,4285,3408,-1,4286,3408,4268,-1,4287,4255,3408,-1,4287,3408,4286,-1,4280,4253,4255,-1,4249,4266,4280,-1,4280,4266,4253,-1,4248,4249,4280,-1,4288,4248,4289,-1,4248,4281,4289,-1,4248,4288,4283,-1,4290,3465,4282,-1,4248,4282,3465,-1,4291,3465,4292,-1,3465,4290,4292,-1,4293,3465,4294,-1,3465,4291,4294,-1,3465,4293,4295,-1,3465,4295,3478,-1,3433,4296,3475,-1,3433,4297,4296,-1,3475,4296,4298,-1,4299,4300,4297,-1,4299,4297,3433,-1,4296,4301,4298,-1,4298,4300,4299,-1,4298,4301,4300,-1,4302,3472,3475,-1,3509,4302,3967,-1,3509,3965,3964,-1,3967,4302,3908,-1,3965,3509,3967,-1,3969,4302,3962,-1,3969,3908,4302,-1,3958,4302,3959,-1,3958,3962,4302,-1,3977,3959,4302,-1,4303,3977,4302,-1,3475,4298,4302,-1,3472,4302,3509,-1,4304,4302,4305,-1,4304,4303,4302,-1,4299,4305,4298,-1,4298,4305,4302,-1,4305,4299,4306,-1,4105,4306,4103,-1,4142,4306,4140,-1,4142,4103,4306,-1,4129,4306,4130,-1,4129,4140,4306,-1,4133,4306,4134,-1,4133,4130,4306,-1,4136,4306,3497,-1,4306,4135,4134,-1,4136,3497,4094,-1,4135,4306,4136,-1,4108,4306,4109,-1,4109,4306,4105,-1,4139,4306,4108,-1,4114,4306,4113,-1,4306,4115,4113,-1,4116,4306,4114,-1,3435,3437,4306,-1,4119,4306,4118,-1,4306,4116,4118,-1,4120,4122,4306,-1,4120,4306,4119,-1,4306,4123,4307,-1,4122,4123,4306,-1,4307,4308,4305,-1,4305,4306,4307,-1,4305,4309,4310,-1,4308,4309,4305,-1,4310,4311,4305,-1,4312,4313,4305,-1,4312,4305,4311,-1,4314,4315,4305,-1,4314,4305,4313,-1,4315,4316,4305,-1,4305,4316,4317,-1,4139,4115,4306,-1,3437,3497,4306,-1,4317,4304,4305,-1,4303,3973,3977,-1,351,352,4038,-1,365,4317,4316,-1,341,4011,342,-1,343,4007,3970,-1,4017,344,345,-1,4012,4000,346,-1,349,4022,347,-1,4031,345,347,-1,351,4033,349,-1,349,4033,4023,-1,3989,352,356,-1,4038,352,3989,-1,356,357,3990,-1,3990,3989,356,-1,359,3995,357,-1,359,3998,3995,-1,3995,3990,357,-1,386,3865,383,-1,344,4012,346,-1,362,4303,363,-1,362,361,3973,-1,343,342,4007,-1,4033,351,4038,-1,4022,349,4023,-1,4031,347,4022,-1,4017,345,4031,-1,4012,344,4017,-1,4000,341,346,-1,3999,4011,341,-1,3999,341,4000,-1,4007,342,4011,-1,3970,3973,361,-1,3970,361,343,-1,3973,4303,362,-1,4123,337,4307,-1,4137,339,338,-1,4121,4141,340,-1,336,4064,4066,-1,427,4074,4064,-1,4124,330,329,-1,336,4066,329,-1,4096,332,331,-1,331,4102,4107,-1,3721,368,371,-1,332,4111,371,-1,3714,374,423,-1,368,3720,423,-1,3906,373,372,-1,374,3711,372,-1,3701,441,377,-1,373,3900,377,-1,3696,379,380,-1,441,3700,380,-1,378,3874,386,-1,3882,3684,379,-1,381,3790,390,-1,381,383,3864,-1,387,3859,388,-1,387,390,3789,-1,397,3844,395,-1,397,388,3849,-1,394,3834,392,-1,394,395,3839,-1,413,3784,3785,-1,3829,392,3834,-1,3824,398,400,-1,392,3829,400,-1,3809,403,401,-1,401,3819,3814,-1,3799,407,406,-1,403,3804,406,-1,3786,409,3794,-1,407,3794,409,-1,412,3786,3784,-1,3786,412,409,-1,413,412,3784,-1,406,3804,3799,-1,407,3799,3794,-1,403,3809,3804,-1,401,3814,3809,-1,401,398,3819,-1,400,3829,3824,-1,398,3824,3819,-1,394,3839,3834,-1,3844,397,3849,-1,3844,3839,395,-1,388,3859,3854,-1,3854,3849,388,-1,3789,3859,387,-1,381,3864,3790,-1,390,3790,3789,-1,383,3865,3864,-1,386,3874,3865,-1,378,3684,3874,-1,379,3696,3882,-1,379,3684,378,-1,380,3700,3696,-1,441,3701,3700,-1,377,3900,3701,-1,373,3906,3900,-1,372,3711,3906,-1,374,3712,3711,-1,423,3720,3714,-1,374,3714,3712,-1,368,3721,3720,-1,371,4111,3721,-1,332,4096,4111,-1,331,330,4102,-1,331,4107,4096,-1,329,4066,4124,-1,330,4124,4102,-1,4064,336,427,-1,339,4075,427,-1,4075,4074,427,-1,338,4141,4137,-1,339,4137,4075,-1,337,4121,340,-1,340,4141,338,-1,337,4308,4307,-1,4123,4121,337,-1,4309,337,4310,-1,4309,4308,337,-1,337,365,4311,-1,4311,4310,337,-1,365,4313,4312,-1,4311,365,4312,-1,365,4315,4314,-1,4313,365,4314,-1,4317,365,364,-1,4315,365,4316,-1,363,4304,364,-1,4317,364,4304,-1,4303,4304,363,-1,195,203,4318,-1,195,4318,3016,-1,4057,4319,4058,-1,4057,4056,4319,-1,4320,3017,3540,-1,3017,4320,4321,-1,3017,4322,2916,-1,4322,3017,4321,-1,2916,4323,4324,-1,4322,4323,2916,-1,4324,2921,2916,-1,359,360,3998,-1,3918,4319,3540,-1,4319,4320,3540,-1,4319,3911,4058,-1,4319,3918,3911,-1,465,4056,3997,-1,4056,465,4319,-1,465,3996,3998,-1,3997,3996,465,-1,465,3998,360,-1,4325,4326,3082,-1,4327,4328,4329,-1,4330,4331,4332,-1,4333,4334,4335,-1,4336,4337,4338,-1,4339,4340,4341,-1,4342,4343,4344,-1,4345,4346,4347,-1,4348,4349,4350,-1,4351,4352,4353,-1,4354,4355,4356,-1,4357,4358,4359,-1,4360,4361,4362,-1,4363,4364,4365,-1,4366,4367,4368,-1,4369,4370,4371,-1,4372,4373,4374,-1,4375,4376,4377,-1,4378,4379,4380,-1,4381,4382,4383,-1,4384,4385,4386,-1,4387,4388,4389,-1,4390,4391,4392,-1,4393,4394,4395,-1,4396,4397,4398,-1,4399,4400,4401,-1,4402,4403,4404,-1,4405,4406,4407,-1,4408,4409,4407,-1,4410,4406,4411,-1,4405,4411,4406,-1,4412,4413,4414,-1,4415,4414,4416,-1,4417,4412,4418,-1,4412,4417,4413,-1,4418,4419,4420,-1,4420,4417,4418,-1,4421,4422,4419,-1,4420,4419,4422,-1,4423,4421,4424,-1,4421,4423,4422,-1,4424,4425,4426,-1,4426,4423,4424,-1,4427,4428,4425,-1,4426,4425,4428,-1,4429,4427,4430,-1,4427,4429,4428,-1,4430,4431,4432,-1,4432,4429,4430,-1,4433,4434,4431,-1,4432,4431,4434,-1,4435,4433,4436,-1,4433,4435,4434,-1,4436,4437,4438,-1,4438,4435,4436,-1,4439,4440,4437,-1,4438,4437,4440,-1,4441,4439,4442,-1,4439,4441,4440,-1,3025,4318,4441,-1,4441,4442,3025,-1,4318,3024,3016,-1,3025,3024,4318,-1,4416,4410,4415,-1,4414,4413,4416,-1,4415,4410,4411,-1,4407,4409,4405,-1,4409,4408,4399,-1,4403,4401,4400,-1,4400,4399,4408,-1,4443,4402,4404,-1,4402,4401,4403,-1,4395,4394,4443,-1,4443,4404,4395,-1,4396,4398,4393,-1,4398,4394,4393,-1,4387,4397,4388,-1,4397,4396,4388,-1,4444,4389,4391,-1,4387,4389,4444,-1,4383,4390,4392,-1,4390,4444,4391,-1,4382,4381,4385,-1,4383,4392,4381,-1,4386,4385,4445,-1,4382,4385,4384,-1,4377,4376,4445,-1,4386,4445,4376,-1,4379,4375,4380,-1,4375,4377,4380,-1,4369,4378,4370,-1,4379,4378,4369,-1,4371,4373,4372,-1,4370,4373,4371,-1,4374,4365,4446,-1,4374,4446,4372,-1,4364,4363,4368,-1,4446,4365,4364,-1,4366,4358,4367,-1,4363,4366,4368,-1,4359,4447,4357,-1,4358,4357,4367,-1,4447,4361,4360,-1,4361,4447,4359,-1,4362,4351,4353,-1,4362,4353,4360,-1,4354,4356,4352,-1,4354,4352,4351,-1,4346,4448,4355,-1,4448,4356,4355,-1,4347,4349,4345,-1,4346,4345,4448,-1,4339,4348,4350,-1,4350,4349,4347,-1,4342,4341,4340,-1,4341,4348,4339,-1,4344,4343,4449,-1,4342,4340,4343,-1,4335,4334,4449,-1,4344,4449,4334,-1,4337,4333,4338,-1,4333,4335,4338,-1,4327,4336,4328,-1,4337,4336,4327,-1,4329,4450,4332,-1,4328,4450,4329,-1,4331,4330,4326,-1,4332,4450,4330,-1,4331,4326,4325,-1,3089,3083,4451,-1,4451,3082,4326,-1,4451,3083,3082,-1,322,321,3089,-1,322,3089,4451,-1,414,3785,475,-1,475,3783,3779,-1,3785,3783,475,-1,475,3772,3771,-1,3779,3772,475,-1,475,3768,3770,-1,3771,3768,475,-1,3778,3492,475,-1,3770,3778,475,-1,3403,475,3492,-1,3492,3404,3403,-1,3785,414,413,-1,4346,285,286,-1,305,307,4330,-1,4326,4330,307,-1,286,289,4350,-1,4408,4407,235,-1,307,322,4326,-1,4400,4408,230,-1,4451,4326,322,-1,4452,4330,4450,-1,4450,4453,4454,-1,4338,299,4455,-1,4336,4456,4328,-1,4335,4449,295,-1,4335,299,4338,-1,4339,292,4340,-1,293,296,4343,-1,281,4354,4351,-1,4354,283,4355,-1,4361,275,4362,-1,4362,282,4351,-1,4359,276,318,-1,4359,318,4361,-1,270,269,4366,-1,276,4358,269,-1,4374,271,4365,-1,270,4363,271,-1,267,4373,4370,-1,4374,4373,265,-1,4378,4380,257,-1,4378,259,4370,-1,262,4380,4377,-1,4445,253,252,-1,4377,252,262,-1,4381,4392,255,-1,4385,255,253,-1,4389,250,4391,-1,4392,4391,248,-1,243,4388,4396,-1,4388,242,4389,-1,4395,238,4393,-1,4396,4393,245,-1,4404,240,236,-1,238,4395,236,-1,4406,233,4407,-1,4400,240,4403,-1,4410,4416,228,-1,226,4406,4410,-1,4417,222,4413,-1,4416,4413,221,-1,4346,4355,285,-1,222,4417,224,-1,4422,218,216,-1,224,4420,216,-1,219,4426,4428,-1,4423,219,218,-1,4429,209,4428,-1,4434,204,4432,-1,4429,4432,213,-1,4435,207,205,-1,4435,205,4434,-1,207,4438,199,-1,4438,207,4435,-1,4440,4441,202,-1,4438,4440,199,-1,4441,4318,203,-1,203,202,4441,-1,202,199,4440,-1,4434,205,204,-1,4432,204,213,-1,4429,213,209,-1,4428,209,219,-1,4423,4426,219,-1,4422,4423,218,-1,4420,4422,216,-1,4417,4420,224,-1,4413,222,221,-1,4416,221,228,-1,4410,228,226,-1,4406,226,233,-1,4407,233,235,-1,4408,235,230,-1,4400,230,240,-1,4404,4403,240,-1,4395,4404,236,-1,4393,238,245,-1,4396,245,243,-1,4388,243,242,-1,4389,242,250,-1,4391,250,248,-1,4392,248,255,-1,4385,4381,255,-1,4445,4385,253,-1,4377,4445,252,-1,4380,262,257,-1,4378,257,259,-1,4370,259,267,-1,4373,267,265,-1,4374,265,271,-1,4363,4365,271,-1,4366,4363,270,-1,4358,4366,269,-1,4359,4358,276,-1,4361,318,275,-1,4362,275,282,-1,4351,282,281,-1,4354,281,283,-1,4355,283,285,-1,4346,286,4347,-1,4339,4350,289,-1,4350,4347,286,-1,293,4340,292,-1,292,4339,289,-1,296,4449,4343,-1,293,4343,4340,-1,295,299,4335,-1,296,295,4449,-1,302,4457,299,-1,4336,4338,4458,-1,4455,299,4457,-1,4455,4458,4338,-1,4336,4459,4456,-1,4458,4459,4336,-1,4456,4453,4328,-1,305,4330,4452,-1,4328,4453,4450,-1,4450,4454,4452,-1,303,305,4460,-1,305,4452,4460,-1,4456,4461,4462,-1,4463,4453,4462,-1,4456,4462,4453,-1,4463,4464,4454,-1,4454,4453,4463,-1,4452,4464,4465,-1,4464,4452,4454,-1,306,4460,4465,-1,4452,4465,4460,-1,303,4460,306,-1,4459,4461,4456,-1,4466,4459,4458,-1,4459,4466,4461,-1,4455,4467,4458,-1,4466,4458,4467,-1,4455,4457,4468,-1,4468,4467,4455,-1,4469,4457,302,-1,4457,4469,4468,-1,4469,302,301,-1,4470,4471,4472,-1,4473,4474,4475,-1,328,327,4476,-1,4477,4478,4479,-1,4475,4480,4473,-1,4481,4482,4483,-1,4481,4483,4484,-1,325,4485,4486,-1,4486,4487,4482,-1,323,4485,325,-1,4465,323,306,-1,4485,4487,4486,-1,4482,4487,4483,-1,4484,4471,4481,-1,4472,4471,4484,-1,4461,4472,4484,-1,4470,4472,4479,-1,4480,4477,4473,-1,4478,4477,4480,-1,4478,4470,4479,-1,4474,4476,4475,-1,328,4474,301,-1,323,4465,4485,-1,4464,4485,4465,-1,4485,4464,4487,-1,4463,4487,4464,-1,4487,4463,4483,-1,4462,4483,4463,-1,4483,4462,4484,-1,4461,4484,4462,-1,4461,4466,4472,-1,4472,4466,4479,-1,4466,4467,4479,-1,4479,4467,4477,-1,4467,4468,4477,-1,4477,4468,4473,-1,4468,4469,4473,-1,4474,328,4476,-1,4473,4469,4474,-1,301,4474,4469,-1,326,325,4486,-1,326,4486,4482,-1,4481,4471,326,-1,326,4482,4481,-1,4470,4478,326,-1,4470,326,4471,-1,4478,4480,326,-1,326,4475,4476,-1,4480,4475,326,-1,326,4476,327,-1,3535,4488,4489,-1,3535,4490,4488,-1,3535,3014,4490,-1,3535,4489,4491,-1,4492,4490,3014,-1,4492,3014,3025,-1,4493,4492,4442,-1,3025,4442,4492,-1,4494,4495,4442,-1,4442,4495,4493,-1,4496,4497,4498,-1,4499,4500,4501,-1,4502,4503,4504,-1,4497,4496,4505,-1,4506,4507,4508,-1,4506,4505,4496,-1,4509,4510,4511,-1,4512,4513,4507,-1,4514,4515,4516,-1,4516,4510,4517,-1,4518,4519,4520,-1,4520,4515,4521,-1,4522,4523,4524,-1,4524,4519,4525,-1,4499,4526,4527,-1,4526,4523,4528,-1,4529,4530,4531,-1,4501,4532,4530,-1,4533,4534,4535,-1,4529,4536,4534,-1,4537,4538,4539,-1,4533,4540,4538,-1,4541,4542,4543,-1,4537,4544,4542,-1,4545,4546,4547,-1,4541,4548,4546,-1,4547,4546,4548,-1,4549,4550,4551,-1,4551,4545,4552,-1,4553,4554,4555,-1,4555,4550,4556,-1,4557,4558,4559,-1,4559,4554,4560,-1,4561,4562,4563,-1,4564,4558,4561,-1,4565,4566,4567,-1,4565,4568,4562,-1,4569,4570,4571,-1,4569,4572,4566,-1,4573,4574,4575,-1,4575,4576,4577,-1,4502,4578,4579,-1,4578,4574,4580,-1,4581,4582,4583,-1,4504,4584,4582,-1,4585,4586,4587,-1,4581,4588,4586,-1,4589,4590,4591,-1,4585,4592,4590,-1,4593,4594,4595,-1,4589,4596,4594,-1,4597,4598,4599,-1,4593,4598,4597,-1,4600,4601,4602,-1,4602,4597,4599,-1,4603,4604,4605,-1,4605,4601,4606,-1,4607,4608,4609,-1,4609,4604,4610,-1,4611,4612,4613,-1,4613,4608,4614,-1,4615,4616,4617,-1,4617,4612,4618,-1,4619,4620,4621,-1,4621,4616,4619,-1,4621,4620,4622,-1,4617,4618,4615,-1,4616,4615,4619,-1,4612,4611,4618,-1,4613,4614,4611,-1,4608,4607,4614,-1,4609,4610,4607,-1,4604,4603,4610,-1,4605,4606,4603,-1,4601,4600,4606,-1,4602,4599,4600,-1,4593,4595,4598,-1,4595,4594,4596,-1,4590,4592,4591,-1,4589,4591,4596,-1,4585,4587,4592,-1,4586,4588,4587,-1,4581,4583,4588,-1,4582,4584,4583,-1,4504,4503,4584,-1,4502,4579,4503,-1,4578,4580,4579,-1,4574,4573,4580,-1,4575,4577,4573,-1,4576,4570,4577,-1,4571,4572,4569,-1,4576,4571,4570,-1,4572,4567,4566,-1,4567,4568,4565,-1,4568,4563,4562,-1,4563,4564,4561,-1,4558,4557,4561,-1,4559,4560,4557,-1,4554,4553,4560,-1,4555,4556,4553,-1,4550,4549,4556,-1,4551,4552,4549,-1,4545,4547,4552,-1,4548,4541,4543,-1,4543,4542,4544,-1,4538,4540,4539,-1,4537,4539,4544,-1,4533,4535,4540,-1,4534,4536,4535,-1,4529,4531,4536,-1,4530,4532,4531,-1,4501,4500,4532,-1,4499,4527,4500,-1,4526,4528,4527,-1,4523,4522,4528,-1,4524,4525,4522,-1,4519,4518,4525,-1,4520,4521,4518,-1,4515,4514,4521,-1,4516,4517,4514,-1,4510,4509,4517,-1,4511,4512,4509,-1,4513,4508,4507,-1,4511,4513,4512,-1,4508,4505,4506,-1,4497,4623,4498,-1,4623,4492,4498,-1,4492,4623,4490,-1,3567,4624,4625,-1,4626,3641,4625,-1,4572,4627,4567,-1,4626,4628,3578,-1,4572,4571,4629,-1,3576,4628,4630,-1,4631,4571,4576,-1,4632,3574,4630,-1,4575,4633,4576,-1,4632,4634,3575,-1,3535,4635,3533,-1,3580,4634,4636,-1,4575,4574,4637,-1,4638,3629,4636,-1,4639,4574,4578,-1,4638,4640,3586,-1,4502,4641,4578,-1,3584,4640,4642,-1,4643,4502,4504,-1,4644,3647,4642,-1,4645,4643,4504,-1,4644,4646,3650,-1,4582,4647,4645,-1,3627,4646,4648,-1,4647,4581,4649,-1,4650,3589,4648,-1,4651,4649,4586,-1,4650,4652,3595,-1,4653,4651,4585,-1,4654,4655,4656,-1,4590,4589,4657,-1,4658,4656,4659,-1,4652,4660,3594,-1,4661,4662,4658,-1,4663,3597,4660,-1,4662,4664,4665,-1,4663,4666,3598,-1,4667,4665,4668,-1,3602,4666,4669,-1,4670,4671,4667,-1,4672,3603,4669,-1,4671,4673,4674,-1,4672,4675,3606,-1,4676,4677,4674,-1,3607,4675,4678,-1,4677,4679,4680,-1,3609,4678,4681,-1,4682,4680,4683,-1,4684,3612,4681,-1,4685,4686,4682,-1,4684,4687,3611,-1,4688,4689,3614,-1,3613,4687,4688,-1,3615,4689,4690,-1,4685,4612,4617,-1,4691,4692,4693,-1,4694,4685,4617,-1,3618,4695,3619,-1,4690,4696,3616,-1,3617,4697,3618,-1,4698,4695,4697,-1,4698,4697,4691,-1,3618,4697,4695,-1,4622,4699,4693,-1,4698,4691,4699,-1,4700,4701,4702,-1,4568,4567,4701,-1,3570,4703,4624,-1,4700,4704,4705,-1,4706,4707,4704,-1,4708,4703,3572,-1,4706,4709,4710,-1,3563,4711,4708,-1,4712,4709,4713,-1,4714,4711,3566,-1,4715,4716,4713,-1,3565,4717,4714,-1,4715,4718,4719,-1,4717,3557,4720,-1,4721,4718,4722,-1,4723,4720,3560,-1,4724,4725,4722,-1,3651,4726,4723,-1,4724,4727,4728,-1,3555,4729,4726,-1,4730,4727,4731,-1,4729,3554,4732,-1,4733,4734,4731,-1,4735,4732,3556,-1,4733,4736,4737,-1,3551,4738,4735,-1,4739,4736,4740,-1,3552,4741,4738,-1,4742,4743,4740,-1,3553,4744,4741,-1,4742,4745,4746,-1,4744,3549,4747,-1,4748,4745,4749,-1,4750,4747,3550,-1,4751,4752,4749,-1,3548,4753,4750,-1,4751,4754,4755,-1,4753,3547,4756,-1,4757,4754,4758,-1,4759,4756,3508,-1,4760,4761,4758,-1,3507,4762,4759,-1,4760,4763,4764,-1,4762,3546,4765,-1,4766,4763,4767,-1,4768,4765,3515,-1,4769,4770,4767,-1,3512,4771,4768,-1,4769,4772,4773,-1,4771,3511,4774,-1,4775,3521,4776,-1,4775,4774,3522,-1,4516,4515,4777,-1,4515,4520,4778,-1,4779,4510,4516,-1,4776,3519,4780,-1,4510,4781,4511,-1,4782,4780,3518,-1,4513,4511,4783,-1,3528,4784,4782,-1,4785,4508,4513,-1,4784,3542,4786,-1,4508,4787,4505,-1,4788,4786,3525,-1,4789,4635,4790,-1,4791,4788,3524,-1,3535,4491,4635,-1,4790,4491,4489,-1,4505,4792,4497,-1,4789,4792,4787,-1,4793,4623,4497,-1,4623,4488,4490,-1,4696,3617,3616,-1,4622,4693,4621,-1,4696,4697,3617,-1,4699,4691,4693,-1,4691,4696,4692,-1,4621,4693,4794,-1,4697,4696,4691,-1,4690,3616,3615,-1,4621,4794,4616,-1,4692,4794,4693,-1,4795,4692,4690,-1,4616,4794,4694,-1,4696,4690,4692,-1,4689,3615,3614,-1,4694,4794,4795,-1,4692,4795,4794,-1,4795,4689,4686,-1,4616,4694,4617,-1,4690,4689,4795,-1,4688,3614,3613,-1,4694,4686,4685,-1,4795,4686,4694,-1,4686,4688,4682,-1,4612,4685,4683,-1,4689,4688,4686,-1,4687,3613,3611,-1,4685,4682,4683,-1,4612,4683,4613,-1,4682,4687,4680,-1,4613,4683,4679,-1,4688,4687,4682,-1,4684,3611,3612,-1,4683,4680,4679,-1,4613,4679,4608,-1,4680,4684,4677,-1,4608,4679,4676,-1,4687,4684,4680,-1,4681,3612,3609,-1,4679,4677,4676,-1,4608,4676,4609,-1,4677,4681,4674,-1,4609,4676,4673,-1,4684,4681,4677,-1,4678,3609,3607,-1,4676,4674,4673,-1,4609,4673,4604,-1,4671,4674,4678,-1,4604,4673,4670,-1,4681,4678,4674,-1,4675,3607,3606,-1,4670,4668,4605,-1,4673,4671,4670,-1,4671,4675,4667,-1,4604,4670,4605,-1,4678,4675,4671,-1,4672,3606,3603,-1,4668,4664,4601,-1,4670,4667,4668,-1,4667,4672,4665,-1,4605,4668,4601,-1,4675,4672,4667,-1,4669,3603,3602,-1,4664,4661,4602,-1,4668,4665,4664,-1,4665,4669,4662,-1,4601,4664,4602,-1,4672,4669,4665,-1,4666,3602,3598,-1,4661,4659,4597,-1,4664,4662,4661,-1,4662,4666,4658,-1,4602,4661,4597,-1,4669,4666,4662,-1,4663,3598,3597,-1,4659,4655,4593,-1,4661,4658,4659,-1,4658,4663,4656,-1,4597,4659,4593,-1,4666,4663,4658,-1,4660,3597,3594,-1,4593,4655,4594,-1,4656,4655,4659,-1,4656,4660,4654,-1,4594,4655,4796,-1,4663,4660,4656,-1,4652,3594,3595,-1,4594,4796,4589,-1,4654,4796,4655,-1,4654,4652,4797,-1,4589,4796,4657,-1,4660,4652,4654,-1,4650,3595,3589,-1,4796,4797,4657,-1,4654,4797,4796,-1,4797,4650,4798,-1,4590,4657,4653,-1,4652,4650,4797,-1,4648,3589,3627,-1,4653,4657,4798,-1,4797,4798,4657,-1,4798,4648,4799,-1,4590,4653,4585,-1,4650,4648,4798,-1,4646,3627,3650,-1,4651,4653,4799,-1,4798,4799,4653,-1,4799,4646,4800,-1,4585,4651,4586,-1,4648,4646,4799,-1,4644,3650,3647,-1,4649,4651,4800,-1,4799,4800,4651,-1,4800,4644,4801,-1,4586,4649,4581,-1,4646,4644,4800,-1,4642,3647,3584,-1,4647,4649,4801,-1,4800,4801,4649,-1,4801,4642,4802,-1,4581,4647,4582,-1,4644,4642,4801,-1,4640,3584,3586,-1,4645,4647,4802,-1,4801,4802,4647,-1,4802,4640,4803,-1,4582,4645,4504,-1,4642,4640,4802,-1,4638,3586,3629,-1,4645,4803,4643,-1,4802,4803,4645,-1,4803,4638,4804,-1,4502,4643,4641,-1,4640,4638,4803,-1,4636,3629,3580,-1,4643,4804,4641,-1,4803,4804,4643,-1,4804,4636,4805,-1,4578,4641,4639,-1,4638,4636,4804,-1,4634,3580,3575,-1,4641,4805,4639,-1,4804,4805,4641,-1,4805,4634,4806,-1,4574,4639,4637,-1,4636,4634,4805,-1,4632,3575,3574,-1,4639,4806,4637,-1,4805,4806,4639,-1,4806,4632,4807,-1,4575,4637,4633,-1,4634,4632,4806,-1,3576,4630,3574,-1,4637,4807,4633,-1,4806,4807,4637,-1,4807,4630,4808,-1,4576,4633,4631,-1,4632,4630,4807,-1,3578,4628,3576,-1,4633,4808,4631,-1,4807,4808,4633,-1,4808,4628,4809,-1,4571,4631,4629,-1,4630,4628,4808,-1,3641,4626,3578,-1,4631,4809,4629,-1,4808,4809,4631,-1,4809,4626,4810,-1,4572,4629,4627,-1,4628,4626,4809,-1,3567,4625,3641,-1,4629,4810,4627,-1,4809,4810,4629,-1,4810,4625,4702,-1,4567,4627,4701,-1,4626,4625,4810,-1,3570,4624,3567,-1,4627,4702,4701,-1,4810,4702,4627,-1,4702,4624,4700,-1,4568,4701,4705,-1,4625,4624,4702,-1,3572,4703,3570,-1,4568,4705,4563,-1,4700,4705,4701,-1,4700,4703,4704,-1,4563,4705,4707,-1,4624,4703,4700,-1,3563,4708,3572,-1,4563,4707,4564,-1,4704,4707,4705,-1,4704,4708,4706,-1,4564,4707,4710,-1,4703,4708,4704,-1,3566,4711,3563,-1,4710,4712,4558,-1,4707,4706,4710,-1,4706,4711,4709,-1,4564,4710,4558,-1,4708,4711,4706,-1,3565,4714,3566,-1,4712,4716,4559,-1,4710,4709,4712,-1,4709,4714,4713,-1,4558,4712,4559,-1,4711,4714,4709,-1,3557,4717,3565,-1,4716,4719,4554,-1,4712,4713,4716,-1,4713,4717,4715,-1,4559,4716,4554,-1,4714,4717,4713,-1,3560,4720,3557,-1,4719,4721,4555,-1,4716,4715,4719,-1,4715,4720,4718,-1,4554,4719,4555,-1,4717,4720,4715,-1,3651,4723,3560,-1,4721,4725,4550,-1,4719,4718,4721,-1,4718,4723,4722,-1,4555,4721,4550,-1,4720,4723,4718,-1,3555,4726,3651,-1,4550,4725,4551,-1,4722,4725,4721,-1,4722,4726,4724,-1,4551,4725,4728,-1,4723,4726,4722,-1,3554,4729,3555,-1,4551,4728,4545,-1,4724,4728,4725,-1,4724,4729,4727,-1,4545,4728,4730,-1,4726,4729,4724,-1,3556,4732,3554,-1,4545,4730,4546,-1,4727,4730,4728,-1,4727,4732,4731,-1,4546,4730,4734,-1,4729,4732,4727,-1,3551,4735,3556,-1,4546,4734,4541,-1,4731,4734,4730,-1,4731,4735,4733,-1,4541,4734,4737,-1,4732,4735,4731,-1,3552,4738,3551,-1,4541,4737,4542,-1,4733,4737,4734,-1,4733,4738,4736,-1,4542,4737,4739,-1,4735,4738,4733,-1,3553,4741,3552,-1,4542,4739,4537,-1,4736,4739,4737,-1,4736,4741,4740,-1,4537,4739,4743,-1,4738,4741,4736,-1,3549,4744,3553,-1,4537,4743,4538,-1,4740,4743,4739,-1,4740,4744,4742,-1,4538,4743,4746,-1,4741,4744,4740,-1,3550,4747,3549,-1,4538,4746,4533,-1,4742,4746,4743,-1,4742,4747,4745,-1,4533,4746,4748,-1,4744,4747,4742,-1,3548,4750,3550,-1,4533,4748,4534,-1,4745,4748,4746,-1,4745,4750,4749,-1,4534,4748,4752,-1,4747,4750,4745,-1,3547,4753,3548,-1,4534,4752,4529,-1,4749,4752,4748,-1,4749,4753,4751,-1,4529,4752,4755,-1,4750,4753,4749,-1,3508,4756,3547,-1,4529,4755,4530,-1,4751,4755,4752,-1,4751,4756,4754,-1,4530,4755,4757,-1,4753,4756,4751,-1,3507,4759,3508,-1,4530,4757,4501,-1,4754,4757,4755,-1,4754,4759,4758,-1,4501,4757,4761,-1,4756,4759,4754,-1,3546,4762,3507,-1,4501,4761,4499,-1,4758,4761,4757,-1,4758,4762,4760,-1,4499,4761,4764,-1,4759,4762,4758,-1,3515,4765,3546,-1,4499,4764,4526,-1,4760,4764,4761,-1,4760,4765,4763,-1,4526,4764,4766,-1,4762,4765,4760,-1,3512,4768,3515,-1,4526,4766,4523,-1,4763,4766,4764,-1,4763,4768,4767,-1,4523,4766,4770,-1,4765,4768,4763,-1,3511,4771,3512,-1,4523,4770,4524,-1,4767,4770,4766,-1,4767,4771,4769,-1,4524,4770,4773,-1,4768,4771,4767,-1,3522,4774,3511,-1,4524,4773,4519,-1,4769,4773,4770,-1,4769,4774,4772,-1,4519,4773,4811,-1,4771,4774,4769,-1,3521,4775,3522,-1,4519,4811,4520,-1,4772,4811,4773,-1,4772,4775,4812,-1,4520,4811,4778,-1,4774,4775,4772,-1,3519,4776,3521,-1,4811,4812,4778,-1,4772,4812,4811,-1,4812,4776,4813,-1,4515,4778,4777,-1,4775,4776,4812,-1,3518,4780,3519,-1,4778,4813,4777,-1,4812,4813,4778,-1,4813,4780,4814,-1,4516,4777,4779,-1,4776,4780,4813,-1,3528,4782,3518,-1,4777,4814,4779,-1,4813,4814,4777,-1,4814,4782,4815,-1,4510,4779,4781,-1,4780,4782,4814,-1,3542,4784,3528,-1,4779,4815,4781,-1,4814,4815,4779,-1,4815,4784,4816,-1,4511,4781,4783,-1,4782,4784,4815,-1,3525,4786,3542,-1,4781,4816,4783,-1,4815,4816,4781,-1,4816,4786,4817,-1,4513,4783,4785,-1,4784,4786,4816,-1,3524,4788,3525,-1,4783,4817,4785,-1,4816,4817,4783,-1,4817,4788,4818,-1,4508,4785,4787,-1,4786,4788,4817,-1,3531,4791,3524,-1,4785,4818,4787,-1,4817,4818,4785,-1,4818,4791,4789,-1,4505,4787,4792,-1,4788,4791,4818,-1,3531,3533,4791,-1,4793,4792,4790,-1,4818,4789,4787,-1,4792,4789,4790,-1,4497,4792,4793,-1,4791,3533,4635,-1,4789,4791,4635,-1,4793,4489,4488,-1,4491,4790,4635,-1,4488,4623,4793,-1,4489,4793,4790,-1,4325,4819,4820,-1,4325,4620,4819,-1,4325,3082,4620,-1,4325,4820,4821,-1,4622,4620,3082,-1,4622,3082,3027,-1,4699,4622,3619,-1,3027,3619,4622,-1,4695,4698,3619,-1,3619,4698,4699,-1,4822,4823,4824,-1,4825,4826,4822,-1,4562,4827,4828,-1,4826,4829,4830,-1,4831,4565,4828,-1,4832,4830,4833,-1,4831,4834,4566,-1,4835,4836,4832,-1,4569,4834,4837,-1,4836,4838,4839,-1,4840,4570,4837,-1,4841,4839,4842,-1,4840,4843,4577,-1,4844,4845,4841,-1,4573,4843,4846,-1,4845,4847,4848,-1,4580,4846,4849,-1,4850,4848,4851,-1,4852,4579,4849,-1,4853,4560,4553,-1,4852,4854,4503,-1,4503,4854,4584,-1,4360,4851,4447,-1,4583,4584,4855,-1,4360,4353,4856,-1,4857,4588,4583,-1,4858,4353,4352,-1,4859,4860,4861,-1,4356,4862,4352,-1,4863,4861,4864,-1,4865,4592,4866,-1,4867,4868,4863,-1,4591,4865,4869,-1,4868,4870,4871,-1,4869,4596,4591,-1,4872,4598,4873,-1,4595,4874,4873,-1,4872,4875,4599,-1,4341,4870,4348,-1,4876,4877,4878,-1,4341,4342,4879,-1,4880,4881,4876,-1,4882,4600,4875,-1,4875,4600,4599,-1,4882,4883,4606,-1,4606,4883,4603,-1,4333,4880,4334,-1,4884,4885,4886,-1,4887,4333,4337,-1,4888,4889,4885,-1,4890,4891,4607,-1,4889,4892,4893,-1,4614,4891,4894,-1,4890,4607,4610,-1,4895,4611,4894,-1,4619,4819,4620,-1,4332,4331,4892,-1,4619,4896,4819,-1,4897,4893,4898,-1,4820,4896,4898,-1,4615,4896,4619,-1,4325,4821,4899,-1,4898,4899,4821,-1,4823,4900,4901,-1,4561,4902,4827,-1,4557,4903,4902,-1,4904,4900,4905,-1,4906,4905,4907,-1,4553,4556,4908,-1,4909,4910,4907,-1,4911,4556,4549,-1,4909,4912,4913,-1,4552,4914,4549,-1,4915,4912,4916,-1,4552,4547,4917,-1,4918,4919,4916,-1,4920,4547,4548,-1,4918,4921,4922,-1,4543,4923,4548,-1,4924,4921,4925,-1,4543,4544,4926,-1,4927,4928,4925,-1,4539,4929,4544,-1,4540,4930,4539,-1,4394,4931,4932,-1,4540,4535,4933,-1,4934,4443,4932,-1,4935,4535,4536,-1,4934,4936,4402,-1,4531,4937,4536,-1,4401,4936,4938,-1,4531,4532,4939,-1,4940,4399,4938,-1,4941,4532,4500,-1,4940,4942,4409,-1,4527,4943,4500,-1,4405,4942,4944,-1,4527,4528,4945,-1,4946,4411,4944,-1,4947,4528,4522,-1,4946,4948,4415,-1,4525,4949,4522,-1,4414,4948,4950,-1,4525,4518,4951,-1,4952,4412,4950,-1,4953,4518,4521,-1,4952,4954,4418,-1,4514,4955,4521,-1,4419,4954,4956,-1,4514,4517,4957,-1,4958,4421,4956,-1,4959,4517,4509,-1,4421,4958,4424,-1,4512,4960,4509,-1,4424,4961,4425,-1,4512,4507,4962,-1,4427,4425,4963,-1,4964,4507,4506,-1,4965,4430,4427,-1,4496,4966,4506,-1,4430,4967,4431,-1,4498,4968,4496,-1,4433,4431,4969,-1,4970,4498,4492,-1,4971,4972,4973,-1,4495,4974,4493,-1,4970,4974,4973,-1,4493,4970,4492,-1,4437,4975,4439,-1,4433,4972,4436,-1,4437,4436,4971,-1,4442,4439,4494,-1,4895,4618,4611,-1,4819,4896,4820,-1,4615,4897,4896,-1,4820,4898,4821,-1,4331,4899,4892,-1,4899,4331,4325,-1,4896,4897,4898,-1,4615,4618,4897,-1,4899,4893,4892,-1,4898,4893,4899,-1,4893,4895,4889,-1,4332,4892,4888,-1,4893,4897,4895,-1,4618,4895,4897,-1,4888,4884,4329,-1,4892,4889,4888,-1,4894,4885,4889,-1,4332,4888,4329,-1,4895,4894,4889,-1,4611,4614,4894,-1,4329,4884,4327,-1,4885,4884,4888,-1,4885,4891,4886,-1,4327,4884,4976,-1,4894,4891,4885,-1,4614,4607,4891,-1,4884,4886,4976,-1,4327,4976,4337,-1,4886,4890,4977,-1,4337,4976,4887,-1,4890,4886,4891,-1,4978,4610,4603,-1,4976,4977,4887,-1,4886,4977,4976,-1,4977,4978,4881,-1,4333,4887,4880,-1,4977,4890,4978,-1,4610,4978,4890,-1,4887,4881,4880,-1,4977,4881,4887,-1,4881,4883,4876,-1,4334,4880,4878,-1,4881,4978,4883,-1,4603,4883,4978,-1,4880,4876,4878,-1,4334,4878,4344,-1,4876,4882,4877,-1,4344,4878,4979,-1,4883,4882,4876,-1,4606,4600,4882,-1,4878,4877,4979,-1,4344,4979,4342,-1,4877,4875,4980,-1,4342,4979,4879,-1,4875,4877,4882,-1,4872,4599,4598,-1,4979,4980,4879,-1,4877,4980,4979,-1,4980,4872,4871,-1,4341,4879,4870,-1,4875,4872,4980,-1,4873,4598,4595,-1,4879,4871,4870,-1,4980,4871,4879,-1,4871,4873,4868,-1,4348,4870,4867,-1,4872,4873,4871,-1,4874,4595,4596,-1,4867,4864,4349,-1,4870,4868,4867,-1,4868,4874,4863,-1,4348,4867,4349,-1,4868,4873,4874,-1,4588,4981,4587,-1,4864,4860,4345,-1,4867,4863,4864,-1,4863,4869,4861,-1,4349,4864,4345,-1,4863,4874,4869,-1,4596,4869,4874,-1,4345,4860,4448,-1,4861,4860,4864,-1,4861,4865,4859,-1,4448,4860,4982,-1,4869,4865,4861,-1,4591,4592,4865,-1,4448,4982,4356,-1,4859,4982,4860,-1,4859,4866,4983,-1,4356,4982,4862,-1,4865,4866,4859,-1,4592,4587,4866,-1,4982,4983,4862,-1,4859,4983,4982,-1,4983,4981,4984,-1,4352,4862,4858,-1,4983,4866,4981,-1,4587,4981,4866,-1,4862,4984,4858,-1,4983,4984,4862,-1,4984,4857,4985,-1,4353,4858,4856,-1,4984,4981,4857,-1,4588,4857,4981,-1,4858,4985,4856,-1,4984,4985,4858,-1,4985,4855,4850,-1,4360,4856,4851,-1,4985,4857,4855,-1,4583,4855,4857,-1,4856,4850,4851,-1,4985,4850,4856,-1,4850,4854,4848,-1,4447,4851,4847,-1,4850,4855,4854,-1,4584,4854,4855,-1,4447,4847,4357,-1,4848,4847,4851,-1,4848,4852,4845,-1,4357,4847,4844,-1,4854,4852,4848,-1,4503,4579,4852,-1,4357,4844,4367,-1,4845,4844,4847,-1,4845,4849,4841,-1,4367,4844,4842,-1,4852,4849,4845,-1,4579,4580,4849,-1,4367,4842,4368,-1,4841,4842,4844,-1,4839,4841,4846,-1,4368,4842,4838,-1,4849,4846,4841,-1,4580,4573,4846,-1,4368,4838,4364,-1,4839,4838,4842,-1,4836,4839,4843,-1,4364,4838,4835,-1,4846,4843,4839,-1,4573,4577,4843,-1,4835,4833,4446,-1,4838,4836,4835,-1,4836,4840,4832,-1,4364,4835,4446,-1,4843,4840,4836,-1,4577,4570,4840,-1,4833,4829,4372,-1,4835,4832,4833,-1,4832,4837,4830,-1,4446,4833,4372,-1,4840,4837,4832,-1,4570,4569,4837,-1,4829,4825,4371,-1,4833,4830,4829,-1,4830,4834,4826,-1,4372,4829,4371,-1,4837,4834,4830,-1,4569,4566,4834,-1,4825,4824,4369,-1,4829,4826,4825,-1,4826,4831,4822,-1,4371,4825,4369,-1,4834,4831,4826,-1,4566,4565,4831,-1,4824,4901,4379,-1,4825,4822,4824,-1,4822,4828,4823,-1,4369,4824,4379,-1,4831,4828,4822,-1,4565,4562,4828,-1,4901,4904,4375,-1,4824,4823,4901,-1,4823,4827,4900,-1,4379,4901,4375,-1,4828,4827,4823,-1,4562,4561,4827,-1,4904,4906,4376,-1,4901,4900,4904,-1,4900,4902,4905,-1,4375,4904,4376,-1,4827,4902,4900,-1,4561,4557,4902,-1,4906,4910,4386,-1,4904,4905,4906,-1,4903,4907,4905,-1,4376,4906,4386,-1,4902,4903,4905,-1,4557,4560,4903,-1,4906,4907,4910,-1,4386,4910,4384,-1,4907,4853,4909,-1,4384,4910,4913,-1,4907,4903,4853,-1,4560,4853,4903,-1,4910,4909,4913,-1,4384,4913,4382,-1,4909,4908,4912,-1,4382,4913,4915,-1,4909,4853,4908,-1,4553,4908,4853,-1,4913,4912,4915,-1,4382,4915,4383,-1,4912,4911,4916,-1,4383,4915,4919,-1,4912,4908,4911,-1,4556,4911,4908,-1,4915,4916,4919,-1,4383,4919,4390,-1,4916,4914,4918,-1,4390,4919,4922,-1,4916,4911,4914,-1,4549,4914,4911,-1,4919,4918,4922,-1,4390,4922,4444,-1,4918,4917,4921,-1,4444,4922,4924,-1,4918,4914,4917,-1,4552,4917,4914,-1,4922,4921,4924,-1,4444,4924,4387,-1,4921,4920,4925,-1,4387,4924,4928,-1,4921,4917,4920,-1,4547,4920,4917,-1,4924,4925,4928,-1,4387,4928,4397,-1,4927,4925,4923,-1,4397,4928,4986,-1,4925,4920,4923,-1,4548,4923,4920,-1,4928,4927,4986,-1,4397,4986,4398,-1,4987,4927,4926,-1,4398,4986,4931,-1,4927,4923,4926,-1,4543,4926,4923,-1,4931,4986,4987,-1,4927,4987,4986,-1,4987,4929,4988,-1,4398,4931,4394,-1,4987,4926,4929,-1,4544,4929,4926,-1,4932,4931,4988,-1,4987,4988,4931,-1,4988,4930,4989,-1,4394,4932,4443,-1,4988,4929,4930,-1,4539,4930,4929,-1,4934,4932,4989,-1,4988,4989,4932,-1,4989,4933,4990,-1,4443,4934,4402,-1,4989,4930,4933,-1,4540,4933,4930,-1,4936,4934,4990,-1,4989,4990,4934,-1,4990,4935,4991,-1,4402,4936,4401,-1,4990,4933,4935,-1,4535,4935,4933,-1,4938,4936,4991,-1,4990,4991,4936,-1,4991,4937,4992,-1,4401,4938,4399,-1,4991,4935,4937,-1,4536,4937,4935,-1,4940,4938,4992,-1,4991,4992,4938,-1,4992,4939,4993,-1,4399,4940,4409,-1,4992,4937,4939,-1,4531,4939,4937,-1,4942,4940,4993,-1,4992,4993,4940,-1,4993,4941,4994,-1,4409,4942,4405,-1,4993,4939,4941,-1,4532,4941,4939,-1,4944,4942,4994,-1,4993,4994,4942,-1,4994,4943,4995,-1,4405,4944,4411,-1,4994,4941,4943,-1,4500,4943,4941,-1,4946,4944,4995,-1,4994,4995,4944,-1,4995,4945,4996,-1,4411,4946,4415,-1,4995,4943,4945,-1,4527,4945,4943,-1,4948,4946,4996,-1,4995,4996,4946,-1,4996,4947,4997,-1,4415,4948,4414,-1,4996,4945,4947,-1,4528,4947,4945,-1,4950,4948,4997,-1,4996,4997,4948,-1,4997,4949,4998,-1,4414,4950,4412,-1,4997,4947,4949,-1,4522,4949,4947,-1,4952,4950,4998,-1,4997,4998,4950,-1,4998,4951,4999,-1,4412,4952,4418,-1,4998,4949,4951,-1,4525,4951,4949,-1,4954,4952,4999,-1,4998,4999,4952,-1,4999,4953,5000,-1,4418,4954,4419,-1,4999,4951,4953,-1,4518,4953,4951,-1,4956,4954,5000,-1,4999,5000,4954,-1,5000,4955,5001,-1,4419,4956,4421,-1,5000,4953,4955,-1,4521,4955,4953,-1,4956,5001,4958,-1,5000,5001,4956,-1,5001,4957,5002,-1,4424,4958,4961,-1,5001,4955,4957,-1,4514,4957,4955,-1,4958,5002,4961,-1,5001,5002,4958,-1,5002,4959,5003,-1,4425,4961,4963,-1,5002,4957,4959,-1,4517,4959,4957,-1,4961,5003,4963,-1,5002,5003,4961,-1,5003,4960,5004,-1,4427,4963,4965,-1,5003,4959,4960,-1,4509,4960,4959,-1,4963,5004,4965,-1,5003,5004,4963,-1,5004,4962,5005,-1,4430,4965,4967,-1,5004,4960,4962,-1,4512,4962,4960,-1,4965,5005,4967,-1,5004,5005,4965,-1,5005,4964,5006,-1,4431,4967,4969,-1,5005,4962,4964,-1,4507,4964,4962,-1,4967,5006,4969,-1,5005,5006,4967,-1,5006,4966,5007,-1,4433,4969,4972,-1,5006,4964,4966,-1,4506,4966,4964,-1,4969,5007,4972,-1,5006,5007,4969,-1,5007,4968,4973,-1,4436,4972,4971,-1,5007,4966,4968,-1,4496,4968,4966,-1,4975,4971,4974,-1,5007,4973,4972,-1,4971,4973,4974,-1,4437,4971,4975,-1,4968,4498,4970,-1,4973,4968,4970,-1,4975,4495,4494,-1,4493,4974,4970,-1,4494,4439,4975,-1,4495,4975,4974,-1,2874,2917,2881,-1,2873,2920,2869,-1,2884,2881,2917,-1,2917,2874,2869,-1,2917,2885,2884,-1,2869,2920,2917,-1,2873,2878,2920,-1,2917,5008,2885,-1,2919,2920,2878,-1,5008,2917,5009,-1,2878,2877,2919,-1,5009,2917,2921,-1,2921,5010,5011,-1,2921,5011,5009,-1,2921,5012,5010,-1,5012,4324,3536,-1,2921,4324,5012,-1,3536,4323,4322,-1,4324,4323,3536,-1,4321,5013,3538,-1,3538,4322,4321,-1,4321,4320,5013,-1,4322,3538,3536,-1,3534,5012,3536,-1,2840,5014,2841,-1,5015,2842,5014,-1,5016,5010,5017,-1,2839,2872,5014,-1,5014,2840,2839,-1,5017,5010,5012,-1,5018,5012,3534,-1,2838,2872,2839,-1,3534,3532,5018,-1,2841,5014,2842,-1,5012,5018,5017,-1,3913,5019,4055,-1,5011,5020,5009,-1,5020,5011,5016,-1,5008,5009,5021,-1,5020,5021,5009,-1,2883,2885,5008,-1,5008,5021,2883,-1,5011,5010,5016,-1,3939,4059,5019,-1,5022,3912,3917,-1,5022,5019,3913,-1,3917,3919,5015,-1,5022,3917,5015,-1,5015,3541,5013,-1,3541,3538,5013,-1,5019,5018,3939,-1,5018,3532,3939,-1,5022,3913,3912,-1,5019,4059,4055,-1,5015,3919,3541,-1,465,5015,5013,-1,5015,465,2842,-1,5013,4320,4319,-1,5013,4319,465,-1,466,2837,2842,-1,466,2842,465,-1,454,2837,460,-1,460,2837,466,-1,454,460,450,-1,2887,5021,5020,-1,2868,2875,2882,-1,2875,2868,2870,-1,2882,2883,2876,-1,2876,2868,2882,-1,2889,5016,2871,-1,2876,2883,2879,-1,5017,5018,2872,-1,5014,5019,5015,-1,5019,5014,5018,-1,5022,5015,5019,-1,5014,2872,5018,-1,5017,2871,5016,-1,2872,2871,5017,-1,2889,2887,5020,-1,2889,5020,5016,-1,2883,5021,2879,-1,2879,5021,2887,-1,3433,4306,4299,-1,3433,3435,4306,-1,3502,3501,4209,-1,4209,4212,3502,-1,3503,3502,4212,-1,3503,4212,4213,-1,4213,3504,3503,-1,3501,4211,4209,-1,4213,3506,3504,-1,4211,3499,4210,-1,3499,4211,3501,-1,3431,4210,3498,-1,3499,3498,4210,-1,3432,3431,3498,-1,5023,5024,5025,-1,5026,5024,5027,-1,5024,5026,5025,-1,5028,5029,5027,-1,5026,5027,5029,-1,5028,5030,5031,-1,5031,5029,5028,-1,5030,3477,5032,-1,5030,5032,5031,-1,3477,3478,5032,-1,5033,5032,3478,-1,3478,4295,5033,-1,5034,5023,5025,-1,5023,5034,5035,-1,5036,5034,5037,-1,5034,5036,5035,-1,5038,5039,5037,-1,5036,5037,5039,-1,5038,5040,5041,-1,5041,5039,5038,-1,5042,5040,5043,-1,5040,5042,5041,-1,5042,5043,3406,-1,3407,5044,4279,-1,3406,5043,3407,-1,5043,5044,3407,-1,5045,5046,5047,-1,5048,5049,5050,-1,5045,5051,5046,-1,183,3476,5028,-1,3405,4244,5052,-1,3477,5030,3476,-1,5053,5049,5048,-1,5049,5054,5055,-1,5054,5049,5053,-1,5056,184,5054,-1,5057,5058,5059,-1,5058,5056,5060,-1,5059,5058,5060,-1,5061,3476,183,-1,5058,184,5056,-1,5028,3476,5030,-1,184,5055,5054,-1,183,5062,5063,-1,5063,5061,183,-1,5024,184,5027,-1,5027,184,183,-1,5027,183,5028,-1,5055,5024,5023,-1,5024,5055,184,-1,5055,5035,5036,-1,5023,5035,5055,-1,5055,5039,5041,-1,5036,5039,5055,-1,5042,5052,5041,-1,5055,5041,5052,-1,5042,3406,3405,-1,5042,3405,5052,-1,4242,4240,4243,-1,4243,4241,4244,-1,4241,4243,4240,-1,4241,4232,4244,-1,4232,4231,4244,-1,4231,5047,5046,-1,5064,4229,5065,-1,5066,4231,5046,-1,4244,4231,5066,-1,5052,4244,5066,-1,5065,5052,5064,-1,5052,5066,5064,-1,5065,4229,4228,-1,4227,4229,4144,-1,4144,4217,4227,-1,5064,4145,4229,-1,4145,4144,4229,-1,4153,5064,5066,-1,4153,4145,5064,-1,4148,5066,5046,-1,5066,4148,4153,-1,4147,5045,5047,-1,4231,4157,5047,-1,4147,5047,4157,-1,4160,4157,4231,-1,4146,5045,4147,-1,5051,4146,4148,-1,4146,5051,5045,-1,5051,4148,5046,-1,4218,4230,4227,-1,4227,4217,4218,-1,5067,4239,4218,-1,4218,4239,4230,-1,5067,4218,4225,-1,4218,4220,4225,-1,4222,5067,4225,-1,5067,4222,4239,-1,4239,4222,4224,-1,4244,3408,4247,-1,3408,4244,3405,-1,4198,3476,5061,-1,3476,4198,3463,-1,4207,4198,5061,-1,4207,5061,5063,-1,4206,4215,5056,-1,4206,5056,5054,-1,4207,5063,5062,-1,4207,5062,4208,-1,5062,183,182,-1,5062,182,4208,-1,4202,5048,5050,-1,5049,4203,5050,-1,4202,5050,4203,-1,4204,4203,5049,-1,4205,5048,4202,-1,5053,4205,4206,-1,4205,5053,5048,-1,5053,4206,5054,-1,5049,4150,4204,-1,4150,5049,5055,-1,5055,5052,4179,-1,4179,4150,5055,-1,4143,5052,5065,-1,5052,4143,4179,-1,4228,4143,5065,-1,4216,4226,4219,-1,4143,4228,4158,-1,4216,4158,4228,-1,4228,4226,4216,-1,4154,5059,5060,-1,5056,4214,5060,-1,4154,5060,4214,-1,4215,4214,5056,-1,4156,5059,4154,-1,5057,4156,4155,-1,4156,5057,5059,-1,5057,4155,5058,-1,4155,181,184,-1,4155,184,5058,-1,5068,4282,4283,-1,4290,5068,5069,-1,5068,4290,4282,-1,5069,4291,4292,-1,4290,5069,4292,-1,4291,5070,4294,-1,5070,4291,5069,-1,5070,5033,4293,-1,4294,5070,4293,-1,4283,5071,5068,-1,5033,4295,4293,-1,4288,5071,4283,-1,5072,5071,4289,-1,4288,4289,5071,-1,4280,5072,4281,-1,5072,4289,4281,-1,4280,4255,5073,-1,5073,5072,4280,-1,5074,4255,4287,-1,4255,5074,5073,-1,5075,5074,4286,-1,4287,4286,5074,-1,4267,5075,4268,-1,5075,4286,4268,-1,4267,4285,5076,-1,5076,5075,4267,-1,5076,4284,5077,-1,4284,5076,4285,-1,5077,4277,4276,-1,4284,4277,5077,-1,5077,4276,5044,-1,5044,4276,4279,-1,5078,5079,5080,-1,5081,5082,5083,-1,5084,5085,5086,-1,5086,5085,5083,-1,5033,5070,5082,-1,5087,5088,5089,-1,5087,5090,5088,-1,5075,5076,5091,-1,5080,5092,5078,-1,5093,5094,5095,-1,5093,5096,5097,-1,5044,5095,5077,-1,5094,5093,5097,-1,5098,5097,5096,-1,5099,5080,5079,-1,5092,5100,5101,-1,5091,5099,5079,-1,5073,5101,5072,-1,5090,5101,5100,-1,5090,5100,5088,-1,5087,5089,5084,-1,5089,5085,5084,-1,5102,5081,5103,-1,5082,5070,5086,-1,5104,5102,5103,-1,5081,5102,5105,-1,5099,5098,5106,-1,5095,5094,5077,-1,5097,5099,5091,-1,5076,5077,5094,-1,5098,5099,5097,-1,5080,5106,5107,-1,5076,5094,5091,-1,5097,5091,5094,-1,5106,5080,5099,-1,5092,5107,5108,-1,5074,5075,5079,-1,5091,5079,5075,-1,5107,5092,5080,-1,5100,5108,5109,-1,5073,5074,5078,-1,5079,5078,5074,-1,5108,5100,5092,-1,5088,5109,5110,-1,5073,5078,5101,-1,5092,5101,5078,-1,5109,5088,5100,-1,5089,5110,5111,-1,5071,5072,5090,-1,5101,5090,5072,-1,5110,5089,5088,-1,5085,5111,5112,-1,5068,5071,5087,-1,5090,5087,5071,-1,5111,5085,5089,-1,5083,5112,5113,-1,5069,5068,5084,-1,5087,5084,5068,-1,5112,5083,5085,-1,5081,5113,5103,-1,5070,5069,5086,-1,5084,5086,5069,-1,5113,5081,5083,-1,5083,5082,5086,-1,5033,5082,5105,-1,5081,5105,5082,-1,5114,5115,5116,-1,5112,5111,5096,-1,5116,5115,5117,-1,5114,5118,5115,-1,5119,5116,5117,-1,5119,5104,5120,-1,5120,5116,5119,-1,5121,5103,5113,-1,5120,5104,5122,-1,5110,5098,5111,-1,5112,5096,5123,-1,5107,5109,5108,-1,5109,5107,5110,-1,5110,5106,5098,-1,5110,5107,5106,-1,5112,5123,5113,-1,5098,5096,5111,-1,5121,5113,5123,-1,5104,5103,5122,-1,5122,5103,5121,-1,5124,5125,5126,-1,5127,5128,5129,-1,5130,5131,5132,-1,5132,5131,5129,-1,5044,5043,5128,-1,5133,5134,5135,-1,5133,5136,5134,-1,5029,5031,5137,-1,5126,5138,5124,-1,5102,5139,5105,-1,5102,5104,5140,-1,5033,5105,5032,-1,5139,5102,5140,-1,5119,5140,5104,-1,5141,5126,5125,-1,5138,5142,5143,-1,5137,5141,5125,-1,5025,5143,5034,-1,5136,5143,5142,-1,5136,5142,5134,-1,5133,5135,5130,-1,5135,5131,5130,-1,5093,5127,5123,-1,5128,5043,5132,-1,5096,5093,5123,-1,5127,5093,5095,-1,5141,5119,5117,-1,5105,5139,5032,-1,5140,5141,5137,-1,5031,5032,5139,-1,5119,5141,5140,-1,5126,5117,5115,-1,5031,5139,5137,-1,5140,5137,5139,-1,5117,5126,5141,-1,5138,5115,5118,-1,5026,5029,5125,-1,5137,5125,5029,-1,5115,5138,5126,-1,5142,5118,5114,-1,5025,5026,5124,-1,5125,5124,5026,-1,5118,5142,5138,-1,5134,5114,5116,-1,5025,5124,5143,-1,5138,5143,5124,-1,5114,5134,5142,-1,5135,5116,5120,-1,5037,5034,5136,-1,5143,5136,5034,-1,5116,5135,5134,-1,5131,5120,5122,-1,5038,5037,5133,-1,5136,5133,5037,-1,5120,5131,5135,-1,5129,5122,5121,-1,5040,5038,5130,-1,5133,5130,5038,-1,5122,5129,5131,-1,5127,5121,5123,-1,5043,5040,5132,-1,5130,5132,5040,-1,5121,5127,5129,-1,5129,5128,5132,-1,5044,5128,5095,-1,5127,5095,5128,-1,4246,3410,4245,-1,3410,4246,3411,-1,5144,5145,5146,-1,5147,5148,5149,-1,5150,5151,5152,-1,5146,5153,5154,-1,5155,5156,5157,-1,5158,5159,5160,-1,5161,5149,5148,-1,5149,4234,5162,-1,4234,5149,5161,-1,4234,4233,5162,-1,5163,5157,5156,-1,4233,5163,4245,-1,5156,4245,5163,-1,4245,5162,4233,-1,5164,5152,5165,-1,5146,5166,5153,-1,5154,5167,5168,-1,5146,5169,5166,-1,5170,5146,5145,-1,5171,5169,5172,-1,5166,5169,5171,-1,5173,5171,3419,-1,5171,5173,5174,-1,5174,5175,5171,-1,3419,5172,5176,-1,3425,3419,5176,-1,5177,5178,5179,-1,5170,5180,5146,-1,5146,5180,5169,-1,5172,3419,5171,-1,5166,5181,5153,-1,5182,5154,5168,-1,5178,5177,5183,-1,5150,5159,5158,-1,5178,5183,5166,-1,5166,5183,5181,-1,5162,5150,5158,-1,5154,5153,5167,-1,5146,5150,5184,-1,5144,5146,5184,-1,5184,5150,5185,-1,5186,5187,5150,-1,5150,5187,5151,-1,5186,5162,5188,-1,3410,5189,5188,-1,5162,4245,5188,-1,3410,5188,4245,-1,5186,5150,5162,-1,5165,5152,5190,-1,5164,5150,5152,-1,5191,5152,5192,-1,5193,5194,5151,-1,5193,5151,5187,-1,5164,5195,5150,-1,5189,5196,5197,-1,3410,5198,5199,-1,3410,5199,5189,-1,5197,5192,5189,-1,5189,5199,5200,-1,5189,5200,5201,-1,5189,5201,5202,-1,5189,5202,5196,-1,5152,5189,5192,-1,5203,5195,5198,-1,5195,5185,5150,-1,5152,5191,5204,-1,5152,5204,5190,-1,5195,5205,5185,-1,5205,5206,5185,-1,5207,5208,5206,-1,5209,5207,5206,-1,5210,5203,5198,-1,5210,5198,5211,-1,5212,5205,5195,-1,5213,5185,5206,-1,5195,5203,5212,-1,5208,5213,5206,-1,5198,3410,5214,-1,3410,5215,5214,-1,5198,5214,5211,-1,5216,5217,5210,-1,5216,5210,5211,-1,5203,5218,5219,-1,5219,5212,5203,-1,5206,5215,5220,-1,5221,3409,5213,-1,5220,5215,5222,-1,5220,5223,5206,-1,5224,5220,5222,-1,5206,5223,5209,-1,5225,5226,5227,-1,5225,5228,5229,-1,5213,5208,5230,-1,5213,5230,5221,-1,5228,5231,5229,-1,5232,5221,5233,-1,5232,5234,5221,-1,5235,5234,5236,-1,5237,5238,5239,-1,5240,5235,5236,-1,5222,5237,5224,-1,5241,5242,5243,-1,5244,5245,5246,-1,5247,5242,5241,-1,5244,5248,5249,-1,5250,5242,5247,-1,5251,5242,5250,-1,5244,5246,5248,-1,5215,3410,5252,-1,3410,5251,5252,-1,5215,5252,5253,-1,5215,5253,5254,-1,5215,5254,5255,-1,5215,5255,5222,-1,5246,5245,5256,-1,5248,5246,5237,-1,5237,5246,5257,-1,5257,5238,5237,-1,5237,5239,5224,-1,5224,5239,5258,-1,5224,5258,5226,-1,5226,5225,5229,-1,5226,5229,5224,-1,5259,5236,5234,-1,3410,3409,5260,-1,5242,5240,5243,-1,3410,5260,5261,-1,5251,3410,5242,-1,3410,5261,5242,-1,5242,5235,5240,-1,5232,5262,5234,-1,5259,5234,5262,-1,5233,5221,5230,-1,3409,5221,5260,-1,5263,5264,5265,-1,5266,5267,5268,-1,5267,5269,5268,-1,5265,5266,5268,-1,5270,5265,5268,-1,5271,5270,5272,-1,5273,5272,5270,-1,5270,5271,5263,-1,5263,5265,5270,-1,5263,5274,5264,-1,5275,5276,5277,-1,5278,5160,5159,-1,5279,5280,5278,-1,5159,5279,5278,-1,4236,4238,5281,-1,5282,5283,5284,-1,5281,5283,4236,-1,5281,5285,5283,-1,5282,5284,5279,-1,5285,5284,5283,-1,5282,5159,4178,-1,5159,5282,5279,-1,4178,4177,5286,-1,4178,5286,5282,-1,5282,5286,5287,-1,5288,4236,5283,-1,5283,5282,5287,-1,5288,5283,5287,-1,5288,4237,4236,-1,5289,5290,5288,-1,5287,5280,5289,-1,5288,5290,4237,-1,5290,4235,4237,-1,5288,5287,5289,-1,5280,5287,5286,-1,5286,5278,5280,-1,5284,5285,5289,-1,5280,5279,5284,-1,4238,4235,5281,-1,5285,5281,5290,-1,5281,4235,5290,-1,5289,5285,5290,-1,5289,5280,5284,-1,5160,5278,4177,-1,5160,4176,5158,-1,4176,5160,4177,-1,5278,5286,4177,-1,5158,4168,5162,-1,4168,5158,4176,-1,4167,5149,5162,-1,5162,4168,4167,-1,5148,4165,4175,-1,4174,5161,4175,-1,5148,4175,5161,-1,4234,5161,4174,-1,5147,4165,5148,-1,4166,5147,5149,-1,5147,4166,4165,-1,4166,5149,4167,-1,4178,5159,5150,-1,5150,4149,4178,-1,5146,4149,5150,-1,4149,5146,4197,-1,5154,4181,4197,-1,4197,5146,5154,-1,5168,4180,4182,-1,4181,5182,4182,-1,5168,4182,5182,-1,5154,5182,4181,-1,5167,4180,5168,-1,4186,5167,5153,-1,5167,4186,4180,-1,4186,5153,4189,-1,5173,4195,5174,-1,5173,4196,4195,-1,5181,4189,5153,-1,5181,4187,4189,-1,5174,4194,5175,-1,4194,5174,4195,-1,5175,4194,4185,-1,4185,5171,5175,-1,5171,4188,5166,-1,4188,5171,4185,-1,4191,5178,5166,-1,5166,4188,4191,-1,5177,4190,4192,-1,4187,5183,4192,-1,5177,4192,5183,-1,5181,5183,4187,-1,5179,4190,5177,-1,4193,5179,5178,-1,5179,4193,4190,-1,4193,5178,4191,-1,5173,3416,4196,-1,3416,5173,3419,-1,4199,4200,3632,-1,3633,4200,4183,-1,4200,3633,3632,-1,3415,3644,4183,-1,3633,4183,3644,-1,3414,3644,3415,-1,3643,4199,3632,-1,3643,3642,4201,-1,4201,4199,3643,-1,4201,3642,4184,-1,3637,4184,3638,-1,4184,3642,3638,-1,5291,5145,5144,-1,5292,3420,5293,-1,5184,5294,5144,-1,5291,5144,5294,-1,5184,5185,5295,-1,5295,5294,5184,-1,5296,5185,5213,-1,5185,5296,5295,-1,5297,5213,3409,-1,5296,5213,5297,-1,3412,5298,5297,-1,3409,3412,5297,-1,5299,5145,5291,-1,3412,4278,5298,-1,5145,5299,5170,-1,5180,5299,5300,-1,5299,5180,5170,-1,5301,5169,5300,-1,5180,5300,5169,-1,5301,5302,5172,-1,5172,5169,5301,-1,5176,5302,5293,-1,5302,5176,5172,-1,5176,5293,3425,-1,4252,3420,5292,-1,3425,5293,3420,-1,5303,4269,5304,-1,4270,5303,4271,-1,4270,4269,5303,-1,4272,4271,5305,-1,5303,5305,4271,-1,5305,5306,4273,-1,4273,4272,5305,-1,4275,4274,5306,-1,5306,4274,4273,-1,5298,4278,4275,-1,4275,5306,5298,-1,4254,5304,4269,-1,5307,5304,4253,-1,4254,4253,5304,-1,4264,5307,4266,-1,5307,4253,4266,-1,4264,4265,5308,-1,5308,5307,4264,-1,5309,4265,4262,-1,4265,5309,5308,-1,5310,5309,4263,-1,4262,4263,5309,-1,4261,5310,4260,-1,5310,4263,4260,-1,4261,4258,5311,-1,5311,5310,4261,-1,5311,4259,5312,-1,4259,5311,4258,-1,5312,4256,4257,-1,4259,4256,5312,-1,5312,4257,5292,-1,5292,4257,4252,-1,5313,5314,5315,-1,5316,5298,5306,-1,5306,5305,5317,-1,5318,5305,5303,-1,5314,5319,5315,-1,5320,5321,5322,-1,5323,5307,5324,-1,5325,5326,5327,-1,5328,5329,5330,-1,5331,5326,5332,-1,5326,5333,5334,-1,5292,5335,5327,-1,5332,5325,5336,-1,5331,5333,5326,-1,5337,5338,5336,-1,5322,5321,5329,-1,5334,5333,5339,-1,5340,5341,5342,-1,5328,5322,5329,-1,5315,5323,5343,-1,5343,5324,5342,-1,5319,5314,5318,-1,5315,5344,5313,-1,5345,5317,5318,-1,5314,5346,5345,-1,5347,5345,5348,-1,5347,5316,5317,-1,5306,5317,5316,-1,5348,5345,5346,-1,5347,5317,5345,-1,5305,5318,5317,-1,5304,5319,5303,-1,5346,5314,5313,-1,5345,5318,5314,-1,5303,5319,5318,-1,5343,5323,5324,-1,5319,5304,5323,-1,5344,5315,5343,-1,5319,5323,5315,-1,5304,5307,5323,-1,5341,5343,5342,-1,5343,5341,5344,-1,5307,5308,5324,-1,5310,5321,5309,-1,5324,5308,5320,-1,5340,5342,5322,-1,5324,5320,5342,-1,5308,5309,5320,-1,5340,5322,5328,-1,5342,5320,5322,-1,5309,5321,5320,-1,5312,5334,5311,-1,5321,5310,5339,-1,5330,5329,5333,-1,5321,5339,5329,-1,5310,5311,5339,-1,5330,5333,5331,-1,5329,5339,5333,-1,5311,5334,5339,-1,5327,5312,5292,-1,5335,5337,5325,-1,5332,5326,5325,-1,5334,5312,5327,-1,5326,5334,5327,-1,5337,5336,5325,-1,5335,5325,5327,-1,5348,5330,5331,-1,5344,5341,5340,-1,5340,5328,5344,-1,5328,5346,5313,-1,5328,5313,5344,-1,5346,5330,5348,-1,5330,5346,5328,-1,5332,5349,5350,-1,5351,5352,5353,-1,5354,5336,5338,-1,5355,5356,5357,-1,5351,5357,5356,-1,5358,5357,5351,-1,5338,5353,5352,-1,5353,5358,5351,-1,5349,5336,5354,-1,5354,5338,5352,-1,5350,5331,5332,-1,5349,5332,5336,-1,5331,5350,5348,-1,5358,5359,5360,-1,5335,5292,5293,-1,5293,5302,5361,-1,5362,5302,5301,-1,5359,5363,5360,-1,5364,5365,5366,-1,5367,5299,5368,-1,5369,5370,5371,-1,5351,5372,5352,-1,5354,5370,5349,-1,5370,5373,5374,-1,5298,5316,5371,-1,5349,5369,5350,-1,5354,5373,5370,-1,5347,5348,5350,-1,5366,5365,5372,-1,5374,5373,5375,-1,5356,5355,5376,-1,5351,5366,5372,-1,5360,5367,5377,-1,5377,5368,5376,-1,5363,5359,5362,-1,5360,5357,5358,-1,5378,5361,5362,-1,5359,5353,5378,-1,5337,5378,5338,-1,5337,5335,5361,-1,5293,5361,5335,-1,5338,5378,5353,-1,5337,5361,5378,-1,5302,5362,5361,-1,5300,5363,5301,-1,5353,5359,5358,-1,5378,5362,5359,-1,5301,5363,5362,-1,5377,5367,5368,-1,5363,5300,5367,-1,5357,5360,5377,-1,5363,5367,5360,-1,5300,5299,5367,-1,5355,5377,5376,-1,5377,5355,5357,-1,5299,5291,5368,-1,5295,5365,5294,-1,5368,5291,5364,-1,5356,5376,5366,-1,5368,5364,5376,-1,5291,5294,5364,-1,5356,5366,5351,-1,5376,5364,5366,-1,5294,5365,5364,-1,5297,5374,5296,-1,5365,5295,5375,-1,5352,5372,5373,-1,5365,5375,5372,-1,5295,5296,5375,-1,5352,5373,5354,-1,5372,5375,5373,-1,5296,5374,5375,-1,5371,5297,5298,-1,5316,5347,5369,-1,5349,5370,5369,-1,5374,5297,5371,-1,5370,5374,5371,-1,5347,5350,5369,-1,5316,5369,5371,-1,5156,4169,4152,-1,4152,4245,5156,-1,4171,5157,5163,-1,4233,4172,5163,-1,4171,5163,4172,-1,4173,4172,4233,-1,4170,5157,4171,-1,5155,4170,4169,-1,4170,5155,5157,-1,5155,4169,5156,-1,3424,3421,4251,-1,3424,4251,3590,-1,4250,3646,3648,-1,4250,3648,4251,-1,3590,4251,3649,-1,4251,3648,3649,-1,3646,4250,4249,-1,3646,4249,3645,-1,5379,5380,5381,-1,5382,4249,4248,-1,5383,5384,3564,-1,3562,5385,5383,-1,4249,5386,5387,-1,4249,5382,5386,-1,5388,5389,3558,-1,5379,5390,5391,-1,5391,5380,5379,-1,5381,5380,3559,-1,3558,5389,3559,-1,5381,3559,5389,-1,3561,3571,5387,-1,5384,3558,3564,-1,3558,5384,5388,-1,3564,3562,5383,-1,3562,3561,5385,-1,5385,3561,5387,-1,3569,4249,3571,-1,5387,3571,4249,-1,3640,4249,3568,-1,4249,3569,3568,-1,3636,4249,3577,-1,4249,3640,3577,-1,3581,4249,3573,-1,4249,3636,3573,-1,3630,4249,3635,-1,4249,3581,3635,-1,3645,4249,3585,-1,4249,3630,3585,-1,2936,2938,3559,-1,2984,2983,5390,-1,2999,5380,5391,-1,5389,2991,2993,-1,5379,5381,2998,-1,3001,2991,5388,-1,5389,5388,2991,-1,5384,3001,5388,-1,2998,5381,2993,-1,5381,5389,2993,-1,5379,2984,5390,-1,5379,2998,2984,-1,2983,2999,5391,-1,5390,2983,5391,-1,2936,3559,5380,-1,2999,2936,5380,-1,5383,2996,3001,-1,5383,3001,5384,-1,2940,2939,4248,-1,2940,3439,3456,-1,4248,2939,5382,-1,3454,3451,2955,-1,2946,2948,3457,-1,2957,3466,3450,-1,2959,3452,3438,-1,3449,2963,3450,-1,2957,3450,2963,-1,3449,3447,2964,-1,2964,2963,3449,-1,2973,3447,3446,-1,3447,2973,2964,-1,3448,2967,3446,-1,2973,3446,2967,-1,3448,3444,2961,-1,2961,2967,3448,-1,2956,3466,2957,-1,3438,3466,2956,-1,2953,3452,2959,-1,2959,3438,2956,-1,3451,2953,2955,-1,2953,3451,3452,-1,3453,3454,2951,-1,2951,3454,2955,-1,2946,3457,3453,-1,3453,2951,2946,-1,2948,2949,3455,-1,3457,2948,3455,-1,3456,2949,2940,-1,2949,3456,3455,-1,2940,4248,3439,-1,2994,5387,3004,-1,3002,5386,5382,-1,2996,5383,5385,-1,5385,2994,2996,-1,5387,2994,5385,-1,5387,5386,3004,-1,3002,5382,2939,-1,3004,5386,3002,-1,2961,3444,3445,-1,2961,3445,2962,-1,3468,2968,2979,-1,2977,3442,2979,-1,2979,3442,3468,-1,3443,3442,2977,-1,3443,2943,3445,-1,3443,2977,2943,-1,2962,3445,2943,-1,3468,3470,2968,-1,2968,3470,2969,-1,2980,2969,3469,-1,3470,3469,2969,-1,2980,3471,2982,-1,3471,2980,3469,-1,3427,2986,2982,-1,2982,3471,3427,-1,3427,3467,2986,-1,475,2854,2853,-1,475,2853,476,-1,2853,2828,480,-1,480,2828,2826,-1,2853,480,476,-1,5392,5393,5394,-1,3335,3327,5395,-1,5396,5397,5394,-1,5398,5399,5400,-1,5401,5400,5402,-1,5403,3326,3396,-1,5404,5398,5405,-1,5406,3343,3346,-1,5407,5408,5409,-1,5410,3311,3344,-1,5411,5412,5410,-1,3311,5413,3312,-1,5410,5413,3311,-1,5414,5415,5416,-1,5417,5414,5416,-1,5418,5414,5417,-1,5413,5412,5416,-1,3343,5419,3344,-1,5408,5420,5406,-1,5420,5411,5419,-1,5421,3399,3326,-1,3346,3399,5409,-1,5403,5405,5422,-1,5407,5421,5422,-1,5399,3394,3393,-1,5404,3396,3394,-1,5423,3332,3335,-1,5423,5401,5402,-1,5424,5396,5425,-1,5393,5401,5423,-1,3322,5426,3329,-1,5426,5424,5425,-1,5425,3329,5426,-1,5397,5396,5424,-1,5396,5393,5395,-1,3327,3329,5425,-1,5394,5393,5396,-1,5401,5392,5427,-1,3327,5425,5395,-1,5396,5395,5425,-1,5392,5401,5393,-1,5400,5427,5428,-1,3335,5395,5423,-1,5393,5423,5395,-1,5427,5400,5401,-1,5398,5428,5429,-1,3393,3332,5402,-1,5423,5402,3332,-1,5428,5398,5400,-1,5405,5429,5430,-1,3393,5402,5399,-1,5400,5399,5402,-1,5429,5405,5398,-1,5422,5430,5431,-1,3394,5399,5404,-1,5398,5404,5399,-1,5430,5422,5405,-1,5407,5431,5432,-1,3396,5404,5403,-1,5405,5403,5404,-1,5431,5407,5422,-1,5408,5432,5433,-1,3326,5403,5421,-1,5422,5421,5403,-1,5432,5408,5407,-1,5420,5433,5434,-1,3399,5421,5409,-1,5407,5409,5421,-1,5433,5420,5408,-1,5411,5434,5435,-1,3346,5409,5406,-1,5408,5406,5409,-1,5434,5411,5420,-1,5412,5435,5436,-1,3343,5406,5419,-1,5420,5419,5406,-1,5435,5412,5411,-1,5436,5417,5416,-1,3344,5419,5410,-1,5411,5410,5419,-1,5436,5416,5412,-1,5412,5413,5410,-1,3312,5413,5415,-1,5416,5415,5413,-1,5437,5438,5439,-1,3397,3381,5440,-1,5441,5418,5439,-1,5442,5443,5444,-1,5445,5444,5446,-1,5447,3308,3340,-1,5448,5442,5449,-1,5450,3319,3318,-1,5451,5452,5453,-1,5454,3314,3324,-1,5455,5456,5454,-1,3314,5457,3322,-1,5454,5457,3314,-1,5424,5426,5458,-1,5459,5424,5458,-1,5397,5424,5459,-1,5457,5456,5458,-1,3319,5460,3324,-1,5452,5461,5450,-1,5461,5455,5460,-1,5462,3338,3308,-1,3318,3338,5453,-1,5447,5449,5463,-1,5451,5462,5463,-1,5443,3341,3351,-1,5448,3340,3341,-1,5464,3366,3397,-1,5464,5445,5446,-1,5414,5441,5465,-1,5438,5445,5464,-1,3312,5415,3382,-1,5415,5414,5465,-1,5465,3382,5415,-1,5418,5441,5414,-1,5441,5438,5440,-1,3381,3382,5465,-1,5439,5438,5441,-1,5445,5437,5466,-1,3381,5465,5440,-1,5441,5440,5465,-1,5437,5445,5438,-1,5444,5466,5467,-1,3397,5440,5464,-1,5438,5464,5440,-1,5466,5444,5445,-1,5442,5467,5468,-1,3351,3366,5446,-1,5464,5446,3366,-1,5467,5442,5444,-1,5449,5468,5469,-1,3351,5446,5443,-1,5444,5443,5446,-1,5468,5449,5442,-1,5463,5469,5470,-1,3341,5443,5448,-1,5442,5448,5443,-1,5469,5463,5449,-1,5451,5470,5471,-1,3340,5448,5447,-1,5449,5447,5448,-1,5470,5451,5463,-1,5452,5471,5472,-1,3308,5447,5462,-1,5463,5462,5447,-1,5471,5452,5451,-1,5461,5472,5473,-1,3338,5462,5453,-1,5451,5453,5462,-1,5472,5461,5452,-1,5455,5473,5474,-1,3318,5453,5450,-1,5452,5450,5453,-1,5473,5455,5461,-1,5456,5474,5475,-1,3319,5450,5460,-1,5461,5460,5450,-1,5474,5456,5455,-1,5475,5459,5458,-1,3324,5460,5454,-1,5455,5454,5460,-1,5475,5458,5456,-1,5456,5457,5454,-1,3322,5457,5426,-1,5458,5426,5457,-1,5476,5459,5475,-1,5397,5477,5478,-1,5473,5472,5479,-1,5480,5481,5474,-1,5482,5470,5469,-1,5483,5484,5471,-1,5466,5485,5467,-1,5468,5486,5487,-1,5488,5466,5437,-1,5466,5488,5485,-1,5437,5439,5489,-1,5489,5488,5437,-1,5418,5490,5439,-1,5489,5439,5490,-1,5468,5467,5486,-1,5485,5486,5467,-1,5482,5469,5487,-1,5487,5469,5468,-1,5471,5470,5483,-1,5483,5470,5482,-1,5472,5484,5479,-1,5472,5471,5484,-1,5473,5480,5474,-1,5473,5479,5480,-1,5481,5476,5475,-1,5474,5481,5475,-1,5477,5397,5459,-1,5476,5477,5459,-1,5491,5417,5436,-1,5418,5492,5490,-1,5434,5433,5493,-1,5494,5495,5435,-1,5496,5431,5430,-1,5497,5498,5432,-1,5427,5499,5428,-1,5429,5500,5501,-1,5502,5427,5392,-1,5427,5502,5499,-1,5392,5394,5503,-1,5503,5502,5392,-1,5397,5478,5394,-1,5503,5394,5478,-1,5429,5428,5500,-1,5499,5500,5428,-1,5496,5430,5501,-1,5501,5430,5429,-1,5432,5431,5497,-1,5497,5431,5496,-1,5433,5498,5493,-1,5433,5432,5498,-1,5434,5494,5435,-1,5434,5493,5494,-1,5495,5491,5436,-1,5435,5495,5436,-1,5492,5418,5417,-1,5491,5492,5417,-1,5496,5504,5497,-1,5505,5492,5491,-1,5506,5507,5508,-1,5490,5492,5509,-1,5510,5511,5512,-1,5510,5513,5511,-1,5514,5515,5516,-1,5517,5518,5519,-1,5520,5521,5522,-1,5523,5524,5525,-1,5526,5527,5528,-1,5529,5522,5526,-1,3029,5528,5530,-1,5530,3047,3029,-1,5527,5526,5478,-1,3058,5528,3029,-1,5478,5526,5503,-1,5521,5499,5502,-1,5529,3081,5520,-1,5521,5524,5523,-1,5516,5501,5500,-1,5516,5523,5525,-1,5504,5515,5531,-1,3059,5531,5514,-1,5518,5532,5519,-1,5504,5532,5518,-1,5517,5512,5511,-1,5493,5498,5517,-1,5513,5508,5507,-1,5494,5513,5495,-1,5533,5506,3090,-1,5506,5505,5507,-1,5529,3058,3081,-1,5530,5528,5527,-1,5528,3058,5529,-1,5503,5526,5522,-1,5529,5526,5528,-1,5520,5522,5529,-1,5502,5522,5521,-1,5522,5502,5503,-1,3081,3076,5520,-1,5524,3076,3055,-1,5520,3076,5524,-1,5499,5521,5523,-1,5524,5521,5520,-1,3055,3056,5525,-1,5500,5523,5516,-1,5523,5500,5499,-1,3055,5525,5524,-1,3059,5514,3056,-1,5515,5514,5531,-1,5501,5516,5515,-1,5516,5525,5514,-1,3056,5514,5525,-1,5496,5515,5504,-1,5515,5496,5501,-1,3059,3019,5531,-1,5532,3019,3018,-1,5531,3019,5532,-1,5497,5504,5518,-1,5532,5504,5531,-1,3018,3096,5519,-1,5498,5518,5517,-1,5518,5498,5497,-1,3018,5519,5532,-1,5512,3096,3094,-1,5519,3096,5512,-1,5493,5517,5511,-1,5512,5517,5519,-1,3094,3062,5510,-1,5494,5511,5513,-1,5511,5494,5493,-1,3094,5510,5512,-1,5508,3062,3049,-1,5510,3062,5508,-1,5495,5513,5507,-1,5508,5513,5510,-1,5533,5509,5505,-1,5491,5507,5505,-1,5507,5491,5495,-1,5508,3049,5506,-1,3090,5506,3049,-1,5509,5492,5505,-1,5533,5505,5506,-1,5482,5534,5483,-1,5535,5477,5476,-1,5536,5537,5538,-1,5478,5477,5527,-1,5539,5540,5541,-1,5539,5542,5540,-1,5543,5544,5545,-1,5546,5547,5548,-1,5549,5550,5551,-1,5552,5553,5554,-1,5555,5509,5556,-1,5557,5551,5555,-1,3032,5556,5533,-1,5533,3090,3032,-1,5509,5555,5490,-1,3080,5556,3032,-1,5490,5555,5489,-1,5550,5485,5488,-1,5557,3079,5549,-1,5550,5553,5552,-1,5545,5487,5486,-1,5545,5552,5554,-1,5534,5544,5558,-1,3039,5558,5543,-1,5547,5559,5548,-1,5534,5559,5547,-1,5546,5541,5540,-1,5479,5484,5546,-1,5542,5538,5537,-1,5480,5542,5481,-1,5530,5536,3047,-1,5536,5535,5537,-1,5557,3080,3079,-1,5533,5556,5509,-1,5556,3080,5557,-1,5489,5555,5551,-1,5557,5555,5556,-1,5549,5551,5557,-1,5488,5551,5550,-1,5551,5488,5489,-1,3079,3092,5549,-1,5553,3092,3091,-1,5549,3092,5553,-1,5485,5550,5552,-1,5553,5550,5549,-1,3091,3051,5554,-1,5486,5552,5545,-1,5552,5486,5485,-1,3091,5554,5553,-1,3039,5543,3051,-1,5544,5543,5558,-1,5487,5545,5544,-1,5545,5554,5543,-1,3051,5543,5554,-1,5482,5544,5534,-1,5544,5482,5487,-1,3039,3036,5558,-1,5559,3036,3033,-1,5558,3036,5559,-1,5483,5534,5547,-1,5559,5534,5558,-1,3033,3023,5548,-1,5484,5547,5546,-1,5547,5484,5483,-1,3033,5548,5559,-1,5541,3023,3022,-1,5548,3023,5541,-1,5479,5546,5540,-1,5541,5546,5548,-1,3022,3044,5539,-1,5480,5540,5542,-1,5540,5480,5479,-1,3022,5539,5541,-1,5538,3044,3046,-1,5539,3044,5538,-1,5481,5542,5537,-1,5538,5542,5539,-1,5530,5527,5535,-1,5476,5537,5535,-1,5537,5476,5481,-1,5538,3046,5536,-1,3047,5536,3046,-1,5527,5477,5535,-1,5530,5535,5536,-1,3105,3266,3304,-1,3198,3104,3109,-1,3302,3301,3140,-1,3142,3143,3303,-1,3100,3299,3298,-1,3102,3141,3300,-1,3295,3135,3134,-1,3297,3137,3136,-1,3133,3135,3294,-1,3295,3294,3135,-1,3133,3293,3189,-1,3293,3133,3294,-1,3132,3133,3189,-1,3293,3292,3189,-1,3191,3190,3284,-1,3295,3134,3296,-1,3284,3190,3286,-1,3191,3234,3192,-1,3234,3191,3284,-1,3230,3184,3192,-1,3192,3234,3230,-1,3288,3186,3290,-1,3230,3199,3184,-1,3190,3187,3286,-1,3186,3288,3187,-1,3187,3288,3286,-1,3188,3292,3290,-1,3290,3186,3188,-1,3134,3137,3296,-1,3188,3189,3292,-1,3136,3298,3297,-1,3137,3297,3296,-1,3102,3299,3100,-1,3100,3298,3136,-1,3301,3300,3141,-1,3300,3299,3102,-1,3302,3140,3142,-1,3301,3141,3140,-1,3303,3143,3304,-1,3302,3142,3303,-1,3105,3104,3266,-1,3143,3105,3304,-1,3198,3266,3104,-1,3013,459,460,-1,460,464,3013,-1,3013,463,3012,-1,464,463,3013,-1,456,3012,463,-1,3012,456,455,-1,2827,480,2826,-1,2827,3026,480,-1,3026,3087,477,-1,477,480,3026,-1,2829,478,3088,-1,479,478,2829,-1,477,3088,478,-1,3088,477,3087,-1,2848,2908,2867,-1,2908,2906,2867,-1,2891,2867,2906,-1,2908,2848,2865,-1,488,487,472,-1,495,494,474,-1,490,471,470,-1,481,495,474,-1,490,470,494,-1,474,494,470,-1,488,472,471,-1,490,488,471,-1,473,472,487,-1,487,492,473,-1,468,473,492,-1,473,468,8,-1,30,402,473,-1,8,30,473,-1,468,492,493,-1,8,468,348,-1,467,468,493,-1,493,483,467,-1,5560,96,5561,-1,5561,96,98,-1,5562,333,5563,-1,137,333,5564,-1,137,5564,134,-1,5565,5564,333,-1,5563,333,5566,-1,333,5562,5565,-1,333,5567,5568,-1,5566,333,5568,-1,333,5569,5567,-1,333,2,5569,-1,5560,2,333,-1,2,1,5569,-1,1,95,5569,-1,5570,2,5560,-1,5571,5572,5560,-1,5560,5572,5570,-1,5573,5574,5560,-1,5560,5574,5571,-1,5575,5573,5560,-1,5561,5575,5560,-1,5576,5577,5578,-1,5579,5580,5581,-1,5582,5580,5579,-1,5582,5583,5578,-1,5576,5578,5583,-1,5582,5578,5580,-1,5584,5585,5586,-1,5585,5587,5569,-1,5584,5564,5565,-1,5584,5587,5585,-1,5564,5584,5586,-1,5569,5587,5567,-1,5588,5589,5590,-1,7,5591,5592,-1,6,5591,7,-1,6,5593,5590,-1,5588,5590,5593,-1,6,5590,5591,-1,5594,5595,3,-1,5595,5596,5561,-1,5594,5596,5595,-1,2,5570,5594,-1,2,5594,3,-1,5561,5596,5575,-1,7,422,5576,-1,5597,5577,422,-1,7,55,4,-1,83,5598,5588,-1,5577,5576,422,-1,7,5576,55,-1,5599,422,5600,-1,5599,5597,422,-1,5601,422,5581,-1,5601,5600,422,-1,5581,422,5579,-1,422,48,5579,-1,5579,48,47,-1,422,7,5598,-1,82,83,5588,-1,5589,5588,5598,-1,5602,5603,5598,-1,5598,5603,5589,-1,5604,5605,5598,-1,5598,5605,5602,-1,5592,5604,5598,-1,7,5592,5598,-1,54,55,5576,-1,5576,5583,54,-1,95,125,5585,-1,5585,5569,95,-1,49,54,5583,-1,5583,5582,49,-1,132,134,5564,-1,5564,5586,132,-1,47,49,5582,-1,5582,5579,47,-1,125,132,5586,-1,5586,5585,125,-1,5606,5607,5608,-1,5609,5610,5611,-1,5612,5613,5598,-1,5614,5615,5608,-1,5616,5615,5614,-1,5609,5617,5610,-1,5615,5606,5608,-1,5618,5609,5611,-1,5619,5620,5618,-1,5618,5611,5619,-1,5620,5621,5622,-1,5621,5620,5619,-1,5623,5622,5624,-1,5621,5624,5622,-1,5625,5615,5623,-1,5623,5624,5625,-1,5615,155,5606,-1,155,5615,5625,-1,154,5626,155,-1,5627,5626,5628,-1,5627,5628,5629,-1,5627,155,5626,-1,5606,155,5627,-1,5560,5598,5613,-1,5627,5630,5631,-1,370,5560,334,-1,333,334,5560,-1,369,5560,370,-1,422,5598,424,-1,5598,369,424,-1,5560,369,5598,-1,5631,5630,5612,-1,5630,5613,5612,-1,5631,5606,5627,-1,29,5610,5617,-1,5617,5609,25,-1,25,29,5617,-1,5618,31,5609,-1,25,5609,31,-1,35,5618,5620,-1,5618,35,31,-1,5620,5622,33,-1,33,35,5620,-1,5623,34,5622,-1,33,5622,34,-1,39,5623,5615,-1,5623,39,34,-1,29,10,5610,-1,5611,10,16,-1,10,5611,5610,-1,16,18,5619,-1,5619,5611,16,-1,20,5621,18,-1,5619,18,5621,-1,5624,20,28,-1,20,5624,5621,-1,28,24,5625,-1,5625,5624,28,-1,5625,24,155,-1,24,23,155,-1,5630,107,5613,-1,109,5630,5627,-1,5630,109,107,-1,107,97,5613,-1,5613,97,5560,-1,97,96,5560,-1,5631,81,80,-1,5606,5631,80,-1,5606,80,78,-1,5631,5612,81,-1,81,5612,83,-1,5612,5598,83,-1,5632,5616,5633,-1,5634,5635,5616,-1,5632,41,40,-1,39,5615,5636,-1,5635,5633,5616,-1,5632,5633,41,-1,5637,5616,5638,-1,5637,5634,5616,-1,5639,5616,5640,-1,5639,5638,5616,-1,5640,5616,5641,-1,43,5642,44,-1,5642,399,44,-1,43,5641,5642,-1,5641,5616,5642,-1,5632,5615,5616,-1,38,39,5636,-1,5643,5636,5615,-1,5644,5645,5615,-1,5615,5645,5643,-1,5646,5647,5615,-1,5615,5647,5644,-1,5648,5646,5615,-1,5632,5648,5615,-1,417,5649,391,-1,5650,385,384,-1,393,399,5651,-1,382,5649,384,-1,415,416,396,-1,389,416,393,-1,415,393,416,-1,389,5651,5649,-1,389,393,5651,-1,5642,5651,399,-1,5649,417,389,-1,384,5649,5650,-1,391,5649,382,-1,5641,5652,5653,-1,5654,5633,5635,-1,5655,5633,5654,-1,5655,5654,5653,-1,5641,5653,5640,-1,5655,5653,5652,-1,5656,5657,5658,-1,5656,5658,5659,-1,5660,5661,5662,-1,5663,5661,5660,-1,5660,5664,5663,-1,5661,5665,5662,-1,5661,5666,5665,-1,5663,5664,5667,-1,5632,5668,5669,-1,5670,5636,5643,-1,5671,5636,5670,-1,5671,5670,5669,-1,5632,5669,5648,-1,5671,5669,5668,-1,5650,5649,5608,-1,5608,5607,5650,-1,5606,78,5665,-1,5665,78,77,-1,5656,5607,5664,-1,5650,5659,62,-1,5659,5650,5607,-1,5650,62,61,-1,5656,5659,5607,-1,5607,5606,5664,-1,5664,71,5656,-1,71,70,5656,-1,5667,5664,5606,-1,5672,5673,5606,-1,5606,5673,5667,-1,5674,5675,5606,-1,5606,5675,5672,-1,5666,5674,5606,-1,5665,5666,5606,-1,26,38,5636,-1,5636,5671,26,-1,5662,77,73,-1,5662,5665,77,-1,32,26,5671,-1,5671,5668,32,-1,5668,40,32,-1,5668,5632,40,-1,65,71,5664,-1,5664,5660,65,-1,73,65,5660,-1,5660,5662,73,-1,385,61,63,-1,385,5650,61,-1,5652,43,37,-1,5652,5641,43,-1,60,62,5659,-1,5659,5658,60,-1,37,36,5655,-1,5655,5652,37,-1,36,41,5633,-1,5633,5655,36,-1,5657,70,64,-1,5657,5656,70,-1,64,60,5658,-1,5658,5657,64,-1,5649,5651,5614,-1,5614,5608,5649,-1,5651,5642,5616,-1,5616,5614,5651,-1,180,5627,5629,-1,177,109,5627,-1,150,112,118,-1,174,147,5629,-1,174,122,147,-1,177,5627,180,-1,150,118,180,-1,177,110,109,-1,5629,150,180,-1,174,116,122,-1,150,5629,147,-1,116,174,173,-1,116,173,117,-1,174,5628,162,-1,5628,174,5629,-1,162,5626,166,-1,5626,162,5628,-1,166,154,159,-1,154,166,5626,-1,19,175,161,-1,19,161,22,-1,110,177,179,-1,110,179,105,-1,21,176,175,-1,21,175,19,-1,15,156,176,-1,15,176,21,-1,111,178,180,-1,111,180,118,-1,105,179,178,-1,105,178,111,-1,79,82,5588,-1,5588,5593,79,-1,98,108,5595,-1,5595,5561,98,-1,5,79,5593,-1,5593,6,5,-1,108,0,3,-1,3,5595,108,-1,5676,419,418,-1,5676,5677,419,-1,446,420,5678,-1,5678,5679,446,-1,440,5680,439,-1,5680,440,5681,-1,447,5682,5683,-1,447,5683,448,-1,5680,5677,5676,-1,5680,5681,5677,-1,5679,5678,5683,-1,5683,5682,5679,-1,5682,446,5679,-1,5682,447,446,-1,437,5684,436,-1,5684,437,5685,-1,335,5686,5687,-1,335,5687,428,-1,5688,435,434,-1,5688,5689,435,-1,426,425,5690,-1,5690,5691,426,-1,5685,5688,5684,-1,5688,5685,5689,-1,5686,5691,5690,-1,5686,5690,5687,-1,5691,5686,335,-1,5691,335,426,-1,100,151,146,-1,100,146,115,-1,88,5692,5693,-1,5694,76,5693,-1,88,5693,76,-1,5694,5695,75,-1,75,76,5694,-1,68,5695,5696,-1,5695,68,75,-1,5697,69,5696,-1,68,5696,69,-1,91,69,5697,-1,90,5692,88,-1,5698,90,87,-1,90,5698,5692,-1,58,5699,87,-1,5698,87,5699,-1,58,57,5700,-1,5700,5699,58,-1,5701,57,53,-1,57,5701,5700,-1,5701,53,5702,-1,5703,5704,5705,-1,5706,5697,5696,-1,5706,5696,5707,-1,5708,5707,5709,-1,5710,5711,5705,-1,5712,5713,5699,-1,5714,5715,5716,-1,5717,5718,5719,-1,5720,5721,5722,-1,5723,5717,5724,-1,5725,5717,5726,-1,5723,5724,5702,-1,5718,5717,5723,-1,5718,5727,5719,-1,5721,5720,5728,-1,5712,5721,5728,-1,5729,5713,5730,-1,5731,5730,5728,-1,5716,5715,5705,-1,5705,5711,5716,-1,5732,5708,5704,-1,5709,5710,5704,-1,5733,5708,5734,-1,5709,5707,5695,-1,5706,5707,5733,-1,5696,5695,5707,-1,5734,5708,5732,-1,5733,5707,5708,-1,5695,5694,5709,-1,5693,5710,5694,-1,5732,5704,5703,-1,5708,5709,5704,-1,5694,5710,5709,-1,5692,5711,5693,-1,5703,5705,5715,-1,5704,5710,5705,-1,5693,5711,5710,-1,5699,5713,5698,-1,5711,5692,5729,-1,5714,5716,5730,-1,5711,5729,5716,-1,5692,5698,5729,-1,5714,5730,5731,-1,5716,5729,5730,-1,5698,5713,5729,-1,5728,5713,5712,-1,5731,5728,5720,-1,5730,5713,5728,-1,5699,5700,5712,-1,5735,5700,5701,-1,5712,5700,5735,-1,5722,5721,5725,-1,5735,5721,5712,-1,5724,5701,5702,-1,5722,5725,5726,-1,5721,5735,5725,-1,5735,5701,5724,-1,5725,5735,5724,-1,5726,5717,5719,-1,5725,5724,5717,-1,5727,5736,5737,-1,5722,5738,5739,-1,5740,5737,5741,-1,5741,5737,5742,-1,5740,5727,5737,-1,5738,5722,5726,-1,5740,5743,5727,-1,5731,5734,5703,-1,5720,5739,5744,-1,5732,5703,5734,-1,5731,5703,5714,-1,5714,5703,5715,-1,5720,5744,5734,-1,5731,5720,5734,-1,5738,5726,5743,-1,5739,5720,5722,-1,5726,5719,5743,-1,5743,5719,5727,-1,5737,5745,5746,-1,5723,5702,5747,-1,5723,5747,5748,-1,5749,5748,5750,-1,5751,5752,5746,-1,5753,5754,5755,-1,5741,5742,5756,-1,5757,5733,5744,-1,5743,5758,5738,-1,5706,5757,5759,-1,5760,5757,5739,-1,5706,5759,5697,-1,5733,5757,5706,-1,5733,5734,5744,-1,5758,5743,5761,-1,5753,5758,5761,-1,5762,5754,5763,-1,5740,5763,5761,-1,5756,5742,5746,-1,5746,5752,5756,-1,5736,5749,5745,-1,5750,5751,5745,-1,5718,5749,5727,-1,5750,5748,5764,-1,5723,5748,5718,-1,5747,5764,5748,-1,5727,5749,5736,-1,5718,5748,5749,-1,5764,5765,5750,-1,5766,5751,5765,-1,5736,5745,5737,-1,5749,5750,5745,-1,5765,5751,5750,-1,5767,5752,5766,-1,5737,5746,5742,-1,5745,5751,5746,-1,5766,5752,5751,-1,5755,5754,5768,-1,5752,5767,5762,-1,5741,5756,5763,-1,5752,5762,5756,-1,5767,5768,5762,-1,5741,5763,5740,-1,5756,5762,5763,-1,5768,5754,5762,-1,5761,5754,5753,-1,5740,5761,5743,-1,5763,5754,5761,-1,5755,5769,5753,-1,5770,5769,5771,-1,5753,5769,5770,-1,5738,5758,5760,-1,5770,5758,5753,-1,5759,5771,5697,-1,5738,5760,5739,-1,5758,5770,5760,-1,5770,5771,5759,-1,5760,5770,5759,-1,5739,5757,5744,-1,5760,5759,5757,-1,72,5767,5766,-1,5765,93,5766,-1,72,5766,93,-1,5765,5764,66,-1,66,93,5765,-1,67,5764,5747,-1,5764,67,66,-1,5702,94,5747,-1,67,5747,94,-1,53,94,5702,-1,74,5767,72,-1,5768,74,89,-1,74,5768,5767,-1,84,5755,89,-1,5768,89,5755,-1,84,92,5769,-1,5769,5755,84,-1,5771,92,91,-1,92,5771,5769,-1,5771,91,5697,-1,5772,124,5773,-1,5772,5774,120,-1,120,124,5772,-1,121,5774,5775,-1,5774,121,120,-1,5776,103,5775,-1,121,5775,103,-1,5776,5777,139,-1,139,103,5776,-1,5777,114,139,-1,123,5773,124,-1,5778,123,127,-1,123,5778,5773,-1,135,5779,127,-1,5778,127,5779,-1,135,136,5780,-1,5780,5779,135,-1,5781,136,138,-1,136,5781,5780,-1,5781,138,5782,-1,5783,5784,5785,-1,5786,5777,5776,-1,5787,5776,5775,-1,5788,5789,5790,-1,5791,5786,5792,-1,5772,5773,5788,-1,5787,5793,5792,-1,5794,5795,5796,-1,5785,5797,5783,-1,5794,5798,5799,-1,5798,5800,5799,-1,5794,5799,5795,-1,5800,5781,5782,-1,5798,5794,5784,-1,5801,5789,5788,-1,5802,5797,5801,-1,5790,5789,5803,-1,5802,5783,5797,-1,5804,5790,5803,-1,5793,5804,5803,-1,5805,5791,5806,-1,5792,5786,5787,-1,5807,5806,5808,-1,5791,5808,5806,-1,5785,5796,5809,-1,5800,5798,5781,-1,5794,5785,5784,-1,5780,5781,5798,-1,5796,5785,5794,-1,5797,5809,5810,-1,5779,5780,5784,-1,5798,5784,5780,-1,5809,5797,5785,-1,5801,5810,5811,-1,5778,5779,5783,-1,5784,5783,5779,-1,5810,5801,5797,-1,5789,5811,5812,-1,5773,5778,5802,-1,5783,5802,5778,-1,5811,5789,5801,-1,5803,5812,5813,-1,5773,5802,5788,-1,5801,5788,5802,-1,5812,5803,5789,-1,5793,5813,5814,-1,5774,5772,5790,-1,5788,5790,5772,-1,5813,5793,5803,-1,5792,5814,5815,-1,5775,5774,5804,-1,5790,5804,5774,-1,5814,5792,5793,-1,5808,5791,5815,-1,5775,5804,5787,-1,5793,5787,5804,-1,5815,5791,5792,-1,5791,5805,5786,-1,5777,5786,5805,-1,5787,5786,5776,-1,5814,5816,5817,-1,5809,5811,5810,-1,5795,5809,5796,-1,5809,5795,5812,-1,5812,5811,5809,-1,5815,5818,5808,-1,5812,5795,5813,-1,5807,5819,5820,-1,5821,5807,5820,-1,5820,5819,5822,-1,5820,5822,5823,-1,5818,5819,5807,-1,5817,5818,5815,-1,5808,5818,5807,-1,5816,5814,5813,-1,5817,5815,5814,-1,5795,5824,5813,-1,5816,5813,5824,-1,5825,5826,5827,-1,5828,5782,5829,-1,5830,5829,5831,-1,5832,5833,5834,-1,5835,5828,5836,-1,5837,5838,5832,-1,5830,5839,5836,-1,5840,5807,5821,-1,5827,5841,5825,-1,5840,5842,5806,-1,5842,5805,5806,-1,5840,5806,5807,-1,5805,5843,5777,-1,5842,5840,5826,-1,5844,5833,5832,-1,5845,5841,5844,-1,5834,5833,5846,-1,5845,5825,5841,-1,5847,5834,5846,-1,5839,5847,5846,-1,5800,5835,5799,-1,5836,5828,5830,-1,5795,5799,5824,-1,5835,5824,5799,-1,5827,5821,5820,-1,5805,5842,5843,-1,5840,5827,5826,-1,5848,5843,5842,-1,5821,5827,5840,-1,5841,5820,5823,-1,5849,5848,5826,-1,5842,5826,5848,-1,5820,5841,5827,-1,5844,5823,5822,-1,5850,5849,5825,-1,5826,5825,5849,-1,5823,5844,5841,-1,5833,5822,5819,-1,5838,5850,5845,-1,5825,5845,5850,-1,5822,5833,5844,-1,5846,5819,5818,-1,5838,5845,5832,-1,5844,5832,5845,-1,5819,5846,5833,-1,5839,5818,5817,-1,5851,5837,5834,-1,5832,5834,5837,-1,5818,5839,5846,-1,5836,5817,5816,-1,5831,5851,5847,-1,5834,5847,5851,-1,5817,5836,5839,-1,5824,5835,5816,-1,5831,5847,5830,-1,5839,5830,5847,-1,5816,5835,5836,-1,5835,5800,5828,-1,5782,5828,5800,-1,5830,5828,5829,-1,5837,140,5838,-1,5837,5851,142,-1,142,140,5837,-1,106,5851,5831,-1,5851,106,142,-1,5829,141,5831,-1,106,5831,141,-1,5829,5782,143,-1,143,141,5829,-1,5782,138,143,-1,129,5838,140,-1,5850,129,128,-1,129,5850,5838,-1,99,5849,128,-1,5850,128,5849,-1,99,101,5848,-1,5848,5849,99,-1,5843,101,114,-1,101,5843,5848,-1,5843,114,5777,-1,
        ]
    }
}
Shape{
    appearance Appearance {
        material  Material 	{
            diffuseColor 0.803921568627451 0.5843137254901961 0.19215686274509805
            specularColor 0.7529411764705882 0.7529411764705882 0.7529411764705882
            ambientIntensity 1.0
            transparency 1.0
            shininess 0.5
        }
    }
    geometry IndexedFaceSet {
        ccw TRUE
        solid FALSE
        coord DEF co Coordinate {
            point [
                -2.2638 -5.6496 5.031, -2.5 -5.6496 5.031, -2.2638 -5.6496 5.2672, -2.4212 -5.6496 5.7396, -2.5 -5.6496 5.5034, -2.5 -5.6496 5.7396, -2.5 -5.6496 5.2672, -2.3425 -5.6496 5.7396, -2.2638 -5.6496 5.5034, -2.2638 -5.6496 5.7396, -2.2638 -5.6601 4.9916, -2.2638 -5.689 4.9628, -2.5 -5.6601 4.9916, -2.5 -5.689 4.9628, -2.2638 -5.7283 4.9522, -2.5 -5.7283 4.9522, -2.5 -7.6575 5.9562, -2.5 -7.6469 5.9956, -2.5 -7.6181 6.0244, -2.5 -5.7736 4.9522, -2.5 -7.5787 6.0349, -2.5 -7.3189 5.4515, -2.5 -7.2901 5.4227, -2.5 -6.1679 4.9522, -2.5 -6.0886 4.9522, -2.5 -5.7736 4.6373, -2.5 -6.0886 4.6373, -2.5 -7.6181 4.4319, -2.5 -7.6575 4.3637, -2.5 -7.6469 4.403, -2.5 -7.2795 5.3833, -2.5 -5.6496 6.0349, -2.5 -7.3583 4.4424, -2.5 -7.6575 3.9483, -2.5 -7.6181 3.8801, -2.5 -7.6469 3.9089, -2.5 -7.5787 3.8696, -2.5 -7.5787 4.4424, -2.5 -7.6181 5.4726, -2.5 -7.6469 5.5015, -2.5 -7.6575 5.5408, -2.5 -6.1679 3.8696, -2.5 -7.2901 4.4818, -2.5 -7.2795 4.5211, -2.5 -7.3189 4.453, -2.5 -7.3583 5.4621, -2.5 -7.5787 5.4621, -2.2638 -7.6469 5.5015, -2.2638 -7.6575 5.5408, -2.2638 -7.6181 5.4726, -2.2638 -7.5787 5.4621, -2.2638 -7.3189 5.4515, -2.2638 -7.2901 5.4227, -2.2638 -7.5787 6.0349, -2.2638 -7.2795 4.5211, -2.2638 -7.2901 4.4818, -2.2638 -6.1679 3.8696, -2.2638 -6.1679 4.9522, -2.2638 -5.6496 6.0349, -2.2638 -7.2795 5.3833, -2.2638 -6.0886 4.9522, -2.2638 -7.6575 3.9483, -2.2638 -7.5787 3.8696, -2.2638 -7.3583 4.4424, -2.2638 -7.6181 4.4319, -2.2638 -7.6469 4.403, -2.2638 -7.6575 4.3637, -2.2638 -7.6181 3.8801, -2.2638 -7.6469 3.9089, -2.2638 -7.6575 5.9562, -2.2638 -7.6181 6.0244, -2.2638 -7.6469 5.9956, -2.2638 -7.5787 4.4424, -2.2638 -7.3189 4.453, -2.2638 -5.7736 4.5585, -2.2638 -5.7736 4.9522, -2.2638 -6.0886 4.5585, -2.2638 -7.3583 5.4621, 1.5271 1.3793 5.4439, 1.5271 2.1263 5.4439, 1.5271 2.1082 5.4002, 1.5271 2.0934 5.3549, 1.5271 2.0822 5.3073, 1.5271 2.0739 5.2584, 1.5271 2.0676 5.2087, 1.5271 2.0644 5.1579, 1.5271 2.062 5.1069, 1.5271 2.0607 5.0555, 1.5271 2.0602 5.0039, 1.5271 1.3793 4.4606, 1.5271 2.06 4.9523, 1.5271 2.0604 4.849, 1.5271 2.0598 4.9005, 1.5271 2.0635 4.7463, 1.5271 2.0614 4.7975, 1.5271 2.0731 4.6455, 1.5271 2.0676 4.6959, 1.5271 2.0934 4.5497, 1.5271 2.0816 4.5968, 1.5271 2.1263 4.4606, 1.5271 2.1082 4.5043, 1.7617 2.4139 4.641, 1.6744 2.3752 4.6103, 1.6924 2.3786 4.6425, 1.8299 2.4139 5.1362, 1.7334 2.3881 5.1775, 1.819 2.4139 5.1631, 1.8068 2.4139 5.1892, 1.6461 2.3725 5.3431, 1.6321 2.3737 5.3679, 1.705 2.4139 5.3286, 1.8391 2.4139 5.1089, 1.7492 2.3919 5.1355, 1.7159 2.3839 5.2164, 1.7252 2.4139 5.308, 1.6977 2.3798 5.2523, 1.7932 2.4139 5.2147, 1.5867 2.3139 5.3779, 1.662 2.3734 5.3155, 1.5988 2.3142 5.3411, 1.6794 2.3761 5.2853, 1.7781 2.4139 5.2395, 1.7441 2.4139 5.2861, 1.5608 2.2946 5.4293, 1.7617 2.4139 5.2632, 1.6124 2.3182 5.3032, 1.5295 2.1563 5.4093, 1.5286 2.155 5.4433, 1.5527 2.2395 5.3734, 1.8468 2.4139 5.081, 1.7625 2.3952 5.0907, 1.6205 2.378 5.3896, 1.5872 2.3443 5.416, 1.8533 2.4139 5.0527, 1.7724 2.3976 5.0436, 1.8581 2.4139 5.0243, 1.6205 2.387 5.3963, 1.6838 2.4149 5.3486, 1.8607 2.4139 4.9956, 1.6401 2.4037 5.3831, 1.6618 2.413 5.3669, 1.7783 2.3991 4.9948, 1.8627 2.4139 4.9376, 1.7799 2.3995 4.9451, 1.8622 2.4139 4.9665, 1.8617 2.4139 4.9087, 1.7771 2.3988 4.8957, 1.8588 2.4139 4.88, 1.6974 2.3628 4.9451, 1.6959 2.362 4.9949, 1.8539 2.4139 4.8514, 1.77 2.3971 4.8472, 1.8473 2.4139 4.8231, 1.759 2.3943 4.8007, 1.8401 2.4139 4.7952, 1.7449 2.3909 4.7567, 1.8303 2.4139 4.7678, 1.8194 2.4139 4.741, 1.8072 2.4139 4.7149, 1.7933 2.4139 4.6895, 1.7286 2.3869 4.7156, 1.7108 2.3827 4.6775, 1.7781 2.4139 4.6648, 1.6527 2.3381 4.7105, 1.6667 2.3458 4.7539, 1.744 2.4139 4.6182, 1.7251 2.4139 4.5963, 1.6573 2.373 4.5809, 1.705 2.4139 4.5755, 1.6418 2.3726 4.554, 1.5505 2.2394 4.5176, 1.5951 2.3137 4.5528, 1.5836 2.3147 4.5163, 1.6837 2.4139 4.556, 1.6205 2.3874 4.5081, 1.6029 2.3669 4.4973, 1.6285 2.3747 4.53, 1.5733 2.32 4.4812, 1.6401 2.4037 4.5214, 1.6617 2.4132 4.5375, 1.5611 2.2945 4.4753, 1.5509 2.2678 4.4706, 1.5359 2.2124 4.4641, 1.5311 2.184 4.4622, 1.5684 2.2486 4.6113, 1.6227 2.3226 4.629, 1.6083 2.3168 4.5904, 1.5289 2.1571 4.4786, 1.5872 2.3443 4.4885, 1.5425 2.2404 4.4669, 1.6377 2.3301 4.669, 1.6099 2.2895 4.7971, 1.6789 2.3526 4.7993, 1.6885 2.3579 4.8466, 1.6948 2.3614 4.8954, 1.6907 2.3591 5.0441, 1.6819 2.3543 5.0919, 1.6704 2.3479 5.1379, 1.6568 2.3404 5.1818, 1.5929 2.2723 5.188, 1.6032 2.2828 5.1413, 1.642 2.3324 5.2239, 1.627 2.3247 5.2642, 1.5357 2.2125 5.4404, 1.5455 2.2417 5.4208, 1.5731 2.3201 5.4233, 1.603 2.3668 5.4071, 1.5588 2.2417 4.5648, 1.5789 2.2584 4.6573, 1.5898 2.2692 4.7033, 1.5537 2.1991 4.7447, 1.6004 2.2799 4.7497, 1.6174 2.2971 4.8456, 1.6225 2.3021 4.895, 1.6234 2.303 4.9952, 1.6245 2.3041 4.9451, 1.5689 2.227 4.9956, 1.6192 2.2988 5.0449, 1.6122 2.2919 5.0936, 1.582 2.2614 5.2341, 1.5713 2.2512 5.28, 1.5614 2.2433 5.3264, 1.5314 2.1839 5.4422, 1.5418 2.2405 5.4378, 1.5505 2.2681 5.434, 1.5285 2.1551 4.4612, 1.5317 2.157 4.5359, 1.5359 2.1634 4.5908, 1.5412 2.1739 4.6436, 1.5473 2.1863 4.6946, 1.5598 2.2106 4.7944, 1.5349 2.1345 4.8429, 1.5648 2.2198 4.8443, 1.5682 2.2259 4.8945, 1.5696 2.2284 4.945, 1.566 2.2219 5.0459, 1.5613 2.2135 5.0958, 1.5555 2.2025 5.1456, 1.5491 2.19 5.1955, 1.5429 2.1773 5.2462, 1.5373 2.1661 5.2984, 1.5328 2.1583 5.3527, 1.5283 2.0985 4.6854, 1.5303 2.1119 4.7392, 1.5326 2.1244 4.7915, 1.5365 2.1413 4.894, 1.5372 2.144 4.945, 1.5368 2.1425 4.9959, 1.5354 2.1369 5.047, 1.5333 2.1276 5.0983, 1.5309 2.1157 5.1502, 1.5288 2.1023 5.2035, -2.0053 2.1082 5.4002, -2.0053 2.1263 5.4439, -2.0053 1.3793 5.4439, -2.0053 2.06 4.9522, -2.0053 1.3793 4.4606, -2.0053 2.0602 4.9006, -2.0053 2.0816 5.3077, -2.0053 2.0934 5.3548, -2.0053 2.0676 5.2086, -2.0053 2.0731 5.259, -2.0053 2.0614 5.1071, -2.0053 2.0635 5.1582, -2.0053 2.0598 5.004, -2.0053 2.0604 5.0555, -2.0053 2.062 4.7976, -2.0053 2.0607 4.849, -2.0053 2.0676 4.6958, -2.0053 2.0644 4.7466, -2.0053 2.0822 4.5972, -2.0053 2.0739 4.6461, -2.0053 2.1082 4.5043, -2.0053 2.0934 4.5497, -2.0053 2.1263 4.4606, -2.1601 2.3771 5.2829, -2.1781 2.3807 5.2503, -2.2381 2.4139 5.266, -2.2986 2.4139 4.7443, -2.3099 2.4139 4.7727, -2.2262 2.3919 4.7615, -2.2858 2.4139 4.7167, -2.2103 2.3881 4.7207, -2.1929 2.384 4.6828, -2.2555 2.4139 4.6637, -2.1748 2.38 4.648, -2.2381 2.4139 4.6386, -2.3193 2.4139 4.8017, -2.2398 2.3952 4.8051, -2.3271 2.4139 4.8312, -2.1241 2.3733 4.5598, -2.1105 2.3748 4.5357, -2.1988 2.4139 4.592, -2.0898 2.3185 4.5973, -2.1568 2.3765 4.6159, -2.0566 2.3296 4.4839, -2.0721 2.3546 4.4922, -2.2193 2.4139 4.6146, -2.1398 2.3741 4.5865, -2.0765 2.3149 4.5601, -2.0647 2.3149 4.5241, -2.2714 2.4139 4.6898, -2.039 2.2434 4.5731, -2.0106 2.1582 4.5457, -2.0076 2.1571 4.4897, -2.1775 2.4144 4.5701, -2.0897 2.3773 4.5025, -2.2503 2.3977 4.8512, -2.3334 2.4139 4.8611, -2.1548 2.4146 4.5497, -2.3375 2.4139 4.8914, -2.1094 2.3967 4.5153, -2.1312 2.4103 4.5309, -2.2571 2.3993 4.899, -2.3404 2.4139 4.9218, -2.2596 2.3999 4.9477, -2.3414 2.4139 4.9523, -2.3403 2.4139 4.9828, -2.2578 2.3995 4.9966, -2.3377 2.4139 5.0133, -2.2519 2.3981 5.0447, -2.3337 2.4139 5.0435, -2.1766 2.3634 4.9477, -2.1751 2.3626 4.9968, -2.3279 2.4139 5.0734, -2.3199 2.4139 5.1031, -2.3102 2.4139 5.132, -2.242 2.3957 5.0911, -2.2289 2.3925 5.1352, -2.2988 2.4139 5.1603, -2.2859 2.4139 5.188, -2.2134 2.3888 5.1765, -2.2715 2.4139 5.215, -2.1961 2.3848 5.2149, -2.2556 2.4139 5.241, -2.2192 2.4139 5.29, -2.1217 2.3335 5.2222, -2.1363 2.3413 5.1808, -2.1428 2.3745 5.3127, -2.0667 2.3146 5.3739, -2.1128 2.3743 5.3646, -2.0564 2.3187 5.4086, -2.199 2.4139 5.3128, -2.0567 2.3297 5.4207, -2.101 2.378 5.3862, -2.0318 2.2753 5.4327, -2.1548 2.4139 5.3549, -2.1316 2.4094 5.3734, -2.1094 2.3977 5.3894, -2.0897 2.3773 5.402, -2.0722 2.3546 5.4123, -2.0432 2.3031 5.4274, -2.1269 2.3733 5.34, -2.1775 2.4139 5.3345, -2.0788 2.3153 5.3376, -2.008 2.1567 5.4043, -2.0319 2.2404 5.3692, -2.0246 2.2419 5.4158, -2.0923 2.3195 5.3003, -2.0407 2.2445 5.323, -2.0223 2.2466 5.4369, -2.015 2.2171 5.44, -2.1068 2.3259 5.2619, -2.0821 2.2836 5.1409, -2.1497 2.3487 5.1375, -2.1611 2.3549 5.0922, -2.1697 2.3597 5.0452, -2.1744 2.3622 4.8987, -2.1684 2.3589 4.8506, -2.1592 2.3539 4.8038, -2.1473 2.3474 4.7589, -2.1337 2.3399 4.716, -2.07 2.2713 4.7092, -2.0803 2.2818 4.7551, -2.119 2.3321 4.6749, -2.1041 2.3246 4.6354, -2.0305 2.2402 4.5268, -2.0235 2.243 4.4802, -2.043 2.3031 4.4771, -2.0505 2.2525 5.2774, -2.0215 2.1784 5.2442, -2.0612 2.2626 5.2323, -2.0719 2.2733 5.1869, -2.091 2.2925 5.094, -2.1021 2.3035 4.9971, -2.0979 2.2993 5.046, -2.0473 2.2274 4.9974, -2.1034 2.3048 4.9477, -2.1016 2.303 4.8984, -2.0968 2.2983 4.8496, -2.0895 2.291 4.8018, -2.0592 2.2606 4.6639, -2.0487 2.2508 4.6187, -2.0147 2.2171 4.4644, -2.0219 2.2467 4.4675, -2.0314 2.2754 4.4717, -2.0098 2.1871 5.4421, -2.0066 2.1568 5.4434, -2.0113 2.1592 5.3488, -2.0159 2.1671 5.2955, -2.0277 2.1909 5.1943, -2.034 2.2032 5.1452, -2.0398 2.2139 5.0962, -2.0444 2.2223 5.047, -2.0481 2.2289 4.9477, -2.0469 2.2267 4.8979, -2.0436 2.221 4.8484, -2.0388 2.2121 4.7993, -2.0329 2.201 4.7503, -2.0265 2.1886 4.7011, -2.0204 2.1762 4.651, -2.015 2.1654 4.5994, -2.0067 2.1567 4.4612, -2.0098 2.1871 4.4624, -2.0071 2.1029 5.2022, -2.0092 2.116 5.1498, -2.0115 2.1278 5.0986, -2.0136 2.1369 5.0481, -2.015 2.1426 4.9978, -2.0155 2.1443 4.9476, -2.0148 2.1419 4.8974, -2.0133 2.1355 4.8471, -2.0111 2.1258 4.7965, -2.0088 2.1137 4.7452, -0.74 1.3427 3.212, 0.2618 1.3427 3.212, 0.2618 2.0731 3.212, -0.74 2.0731 3.212, 0.2427 2.2535 3.1627, -0.721 2.2535 3.1625, -0.7357 2.1671 3.1992, 0.2574 2.1671 3.1993, 0.1048 2.4067 2.9776, 0.0285 2.4215 2.9228, -0.583 2.4062 2.9772, 0.1675 2.3758 3.0419, -0.6923 2.3249 3.1068, 0.2138 2.3248 3.1072, -0.3291 2.4275 2.8576, -0.4209 2.4267 2.8822, -0.1491 2.4275 2.8576, -0.0573 2.4266 2.8822, -0.5066 2.4211 2.9228, -0.646 2.3757 3.0413, -0.8297 -5.9252 3.2457, -0.436 -5.9252 3.2457, -0.8297 -5.9252 3.2024, -0.8297 -5.9252 3.1591, 0.3514 -5.9252 3.1591, 0.3514 -5.9252 3.2024, -0.0423 -5.9252 3.2457, 0.3514 -5.9252 3.2457, 0.3514 -5.9252 3.1158, -0.0423 -5.9252 3.0292, -0.436 -5.9252 3.0292, -0.8297 -5.9252 3.1158, -0.8297 -5.9252 3.0725, 0.3514 -5.9252 3.0725, -0.8297 -5.9252 3.0292, 0.3514 -5.9252 3.0292, -1.1052 -7.8327 3.0292, -1.1655 -7.8207 3.0292, -1.2166 -7.7865 3.0292, 0.7845 -7.6752 3.0292, 0.627 -7.8327 3.0292, -1.2507 -7.7355 3.0292, -1.2627 -7.6752 3.0292, -1.2627 -5.9252 3.0292, 0.7845 -5.9252 3.0292, 0.7384 -7.7865 3.0292, 0.7725 -7.7355 3.0292, 0.6873 -7.8207 3.0292, 0.7384 -7.7865 3.2457, 0.6873 -7.8207 3.2457, 0.627 -7.8327 3.2457, 0.7725 -7.7355 3.2457, 0.7845 -7.6752 3.2457, 0.7845 -5.9252 3.2457, -1.2627 -7.6752 3.2457, -1.2627 -5.9252 3.2457, -1.1052 -7.8327 3.2457, -1.2166 -7.7865 3.2457, -1.1655 -7.8207 3.2457, -1.2507 -7.7355 3.2457, 0.7845 -7.7539 2.4026, 0.7845 -5.9252 2.5994, 0.7845 -7.7539 2.5994, 0.7845 -5.9252 2.4026, 0.7451 -7.8221 2.4026, 0.774 -7.7933 2.4026, 0.7451 -7.8221 2.5994, 0.7058 -7.8327 2.5994, 0.7058 -7.8327 2.4026, 0.774 -7.7933 2.5994, -0.538 -6.9191 2.5994, -0.5245 -6.8776 2.5994, -1.2627 -5.9252 2.5994, 0.0109 -6.8519 2.5994, 0.0463 -6.8776 2.5994, 0.3514 -5.9252 2.5994, -0.8297 -5.9252 2.5994, -0.4891 -6.8519 2.5994, -0.4454 -6.8519 2.5994, -0.0681 -6.8776 2.5994, -0.0328 -6.8519 2.5994, -0.0423 -5.9252 2.5994, 0.0598 -6.9191 2.5994, 0.0703 -7.7933 2.5994, 0.0991 -7.8221 2.5994, 0.1385 -7.8327 2.5994, 0.0598 -7.7539 2.5994, -0.436 -5.9252 2.5994, -1.2627 -7.7539 2.5994, -0.6167 -7.8327 2.5994, -1.184 -7.8327 2.5994, -1.2522 -7.7933 2.5994, -1.2234 -7.8221 2.5994, -0.5485 -7.7933 2.5994, -0.5774 -7.8221 2.5994, -0.538 -7.7539 2.5994, -0.3966 -6.9191 2.5994, -0.0816 -7.872 2.5994, -0.0816 -6.9191 2.5994, -0.4101 -6.8776 2.5994, -0.3966 -7.872 2.5994, -0.0816 -7.9834 2.5533, -0.3966 -7.9834 2.5533, -0.3966 -8.0175 2.5022, -0.3966 -8.0295 2.4419, -0.0816 -8.0175 2.5022, -0.0816 -8.0295 2.4419, -0.0816 -7.9323 2.5874, -0.3966 -7.9323 2.5874, -0.3966 -7.8327 2.3238, -0.3966 -7.7933 2.392, -0.3966 -7.7539 2.4026, -0.3966 -7.8221 2.3632, -0.3966 -6.9191 2.4026, -0.3966 -8.0295 -1.1812, -0.3966 -7.8327 -1.1812, -0.1788 -7.8327 -1.3267, -0.2391 -8.0295 -1.3387, -0.2391 -7.8327 -1.3387, -0.1277 -7.8327 -1.2926, -0.1788 -8.0295 -1.3267, -0.1277 -8.0295 -1.2926, -0.0936 -7.8327 -1.2415, -0.0816 -7.8327 -1.1812, -0.0936 -8.0295 -1.2415, -0.0816 -8.0295 -1.1812, -0.2994 -8.0295 -1.3267, -0.3505 -8.0295 -1.2926, -0.2994 -7.8327 -1.3267, -0.3846 -8.0295 -1.2415, -0.3505 -7.8327 -1.2926, -0.3846 -7.8327 -1.2415, -0.0816 -7.8327 2.3238, -0.0816 -7.7933 2.392, -0.0816 -7.8221 2.3632, -0.0816 -7.7539 2.4026, -0.0816 -6.9191 2.4026, -0.0328 -6.8519 2.4026, -0.0681 -6.8776 2.4026, 0.0109 -6.8519 2.4026, 0.0463 -6.8776 2.4026, 0.0598 -6.9191 2.4026, 0.0598 -7.7539 2.4026, 0.0991 -7.8221 2.4026, 0.1385 -7.8327 2.4026, 0.0703 -7.7933 2.4026, -0.4454 -6.8519 2.4026, -0.4891 -6.8519 2.4026, -0.436 -5.9252 2.4026, -0.5245 -6.8776 2.4026, -0.8297 -5.9252 2.4026, -0.0423 -5.9252 2.4026, 0.3514 -5.9252 2.4026, -0.4101 -6.8776 2.4026, -0.538 -6.9191 2.4026, -1.2627 -5.9252 2.4026, -1.2522 -7.7933 2.4026, -1.184 -7.8327 2.4026, -1.2234 -7.8221 2.4026, -0.5485 -7.7933 2.4026, -0.5774 -7.8221 2.4026, -0.6167 -7.8327 2.4026, -0.538 -7.7539 2.4026, -1.2627 -7.7539 2.4026, -0.8297 -5.9252 2.56, -0.8297 -5.9252 2.5207, 0.3514 -5.9252 2.5207, 0.3514 -5.9252 2.56, 0.3514 -5.9252 2.4813, -0.8297 -5.9252 2.4813, -0.8297 -5.9252 2.4419, 0.3514 -5.9252 2.4419, 2.0316 -7.6968 4.0467, 2.0316 -7.6853 3.9737, 2.0316 -7.6517 3.9079, 2.0316 -6.3386 4.8473, 2.0316 -5.9252 5.4422, 2.0316 -6.471 4.8473, 2.0316 -7.5995 3.8556, 2.0316 -7.5336 3.8221, 2.0316 -6.471 3.8105, 2.0316 -7.2862 4.4803, 2.0316 -7.4606 3.8105, 2.0316 -7.2756 4.5197, 2.0316 -5.9252 5.1447, 2.0316 -7.2756 5.3848, 2.0316 -5.9252 5.7396, 2.0316 -6.3386 4.5717, 2.0316 -6.0236 4.5717, 2.0316 -6.0236 4.8473, 2.0316 -5.9252 4.8473, 2.0316 -7.4606 6.094, 2.0316 -7.3543 5.4636, 2.0316 -7.315 5.453, 2.0316 -7.2862 5.4242, 2.0316 -7.5336 6.0824, 2.0316 -7.6968 5.8578, 2.0316 -7.6517 5.9966, 2.0316 -7.6853 5.9308, 2.0316 -7.5995 6.0489, 2.0316 -7.6968 5.5423, 2.0316 -7.6575 5.4741, 2.0316 -7.6181 5.4636, 2.0316 -7.6863 5.503, 2.0316 -7.6575 4.4304, 2.0316 -7.6863 4.4015, 2.0316 -7.6968 4.3622, 2.0316 -5.9252 6.094, 2.0316 -7.3543 4.4409, 2.0316 -7.315 4.4515, 2.0316 -7.6181 4.4409, 1.7757 -7.6863 4.4015, 1.7757 -7.6968 4.3622, 1.7757 -7.6575 4.4304, 1.7757 -7.6181 4.4409, 1.7757 -7.6968 4.0467, 1.7757 -7.5336 3.8221, 1.7757 -7.5995 3.8556, 1.7757 -7.2862 5.4242, 1.7757 -7.4606 6.094, 1.7757 -5.9252 6.094, 1.7757 -6.471 3.8105, 1.7757 -7.4606 3.8105, 1.7757 -7.2862 4.4803, 1.7757 -7.315 4.4515, 1.7757 -7.3543 4.4409, 1.7757 -6.3386 4.8473, 1.7757 -6.471 4.8473, 1.7757 -5.9252 5.4422, 1.7757 -6.0236 4.8473, 1.7757 -5.9252 5.1447, 1.7757 -5.9252 4.8473, 1.7757 -5.9252 5.7396, 1.7757 -7.315 5.453, 1.7757 -7.3543 5.4636, 1.7757 -7.6575 5.4741, 1.7757 -7.6863 5.503, 1.7757 -7.6968 5.5423, 1.7757 -7.5995 6.0489, 1.7757 -7.6968 5.8578, 1.7757 -7.6517 5.9966, 1.7757 -7.6853 5.9308, 1.7757 -7.6181 5.4636, 1.7757 -7.5336 6.0824, 1.7757 -6.0236 4.5717, 1.7757 -7.2756 4.5197, 1.7757 -6.3386 4.5717, 1.7757 -7.2756 5.3848, 1.7757 -7.6517 3.9079, 1.7757 -7.6853 3.9737, 2.3357 -6.0236 4.4929, 2.3751 -6.0236 4.2855, 2.3357 -6.0236 4.2961, 2.4977 -6.0236 4.4403, 2.4144 -6.0236 4.2173, 2.4209 -6.0236 4.4794, 2.4039 -6.0236 4.2567, 1.8283 -6.0236 4.4097, 1.8893 -6.0236 4.3487, 1.9661 -6.0236 4.3096, 1.7892 -6.0236 4.4865, 2.0513 -6.0236 4.2961, 2.0422 -6.0236 4.5323, 2.1104 -6.0236 4.4929, 2.071 -6.0236 4.5035, 2.5587 -6.0236 4.3793, 2.6113 -6.0236 4.2173, 2.5978 -6.0236 4.3025, 2.6113 -6.0236 -1.1812, 2.4144 -6.0236 -1.1812, 2.6113 -6.2414 -1.3267, 2.4144 -6.1811 -1.3387, 2.6113 -6.1811 -1.3387, 2.6113 -6.2924 -1.2926, 2.4144 -6.2414 -1.3267, 2.4144 -6.2924 -1.2926, 2.6113 -6.3266 -1.2415, 2.6113 -6.3386 -1.1812, 2.4144 -6.3266 -1.2415, 2.4144 -6.3386 -1.1812, 2.4144 -6.1208 -1.3267, 2.4144 -6.0697 -1.2926, 2.6113 -6.1208 -1.3267, 2.4144 -6.0356 -1.2415, 2.6113 -6.0697 -1.2926, 2.6113 -6.0356 -1.2415, 2.6113 -6.3386 4.2173, 2.5978 -6.3386 4.3025, 2.5587 -6.3386 4.3793, 2.3751 -6.3386 4.2855, 2.4039 -6.3386 4.2567, 2.4209 -6.3386 4.4794, 2.4977 -6.3386 4.4403, 2.4144 -6.3386 4.2173, 2.3357 -6.3386 4.4929, 2.3357 -6.3386 4.2961, 2.0513 -6.3386 4.2961, 2.1104 -6.3386 4.4929, 1.9661 -6.3386 4.3096, 2.071 -6.3386 4.5035, 2.0422 -6.3386 4.5323, 1.7892 -6.3386 4.4865, 1.8283 -6.3386 4.4097, 1.8893 -6.3386 4.3487, 1.9293 -5.9252 5.7396, 1.8781 -5.9252 5.7396, 1.8269 -5.9252 5.7396, 1.9804 -5.9252 5.7396, 1.3947 -5.1279 2.3058, 1.3948 -5.1279 2.9107, 1.3948 -4.7342 2.9107, 1.3947 -4.7342 2.3058, 1.3948 -4.7342 -0.2704, 1.3948 -5.1279 -0.2704, 1.3554 -5.1279 2.9107, 1.3554 -5.1279 2.2818, 1.3554 -4.7342 2.2818, 1.3554 -4.7342 2.9107, 1.6309 -4.7342 2.4671, 1.631 -5.1279 2.9107, 1.6309 -5.1279 2.4671, 1.631 -4.7342 -0.2704, 1.631 -5.1279 -0.2704, 1.631 -4.7342 2.9107, 1.2587 -4.7342 -0.9679, 1.2544 -4.7342 -0.8535, 1.2749 -4.7342 -0.7408, 1.3757 -4.7342 -0.4016, 1.39 -4.7342 -0.3367, 1.49 -4.7342 -0.8703, 1.2875 -4.7342 -1.0788, 1.3325 -4.7342 -1.1968, 1.6237 -4.7342 -0.3707, 1.6021 -4.7342 -0.4689, 1.5849 -4.7342 2.4331, 1.4432 -4.7342 2.3363, 1.491 -4.7342 2.3677, 1.5382 -4.7342 2.3999, 1.5013 -4.7342 -0.8081, 1.5083 -4.7342 -0.9947, 1.4923 -4.7342 -0.9335, 1.5532 -4.7342 -1.1127, 1.6222 -4.8969 -1.2939, 1.6222 -4.9653 -1.2939, 1.4014 -4.8969 -1.378, 1.3931 -4.8327 -1.3561, 1.6139 -4.8327 -1.272, 1.3775 -4.7803 -1.315, 1.5982 -4.7803 -1.231, 1.5772 -4.7461 -1.1756, 1.3564 -4.7461 -1.2597, 1.4014 -4.9653 -1.378, 1.3931 -5.0295 -1.3561, 1.6139 -5.0295 -1.272, 1.5982 -5.0819 -1.231, 1.3775 -5.0819 -1.315, 1.5772 -5.1161 -1.1756, 1.3564 -5.1161 -1.2597, 1.5532 -5.1279 -1.1127, 1.3325 -5.1279 -1.1968, 1.2875 -5.1279 -1.0788, 1.2749 -5.1279 -0.7408, 1.2587 -5.1279 -0.9679, 1.2544 -5.1279 -0.8535, 1.3757 -5.1279 -0.4016, 1.39 -5.1279 -0.3367, 1.5013 -5.1279 -0.8081, 1.6021 -5.1279 -0.4689, 1.6237 -5.1279 -0.3707, 1.49 -5.1279 -0.8703, 1.491 -5.1279 2.3677, 1.5382 -5.1279 2.3999, 1.5849 -5.1279 2.4331, 1.4431 -5.1279 2.3363, 1.4923 -5.1279 -0.9335, 1.5083 -5.1279 -0.9947, -1.8729 -5.1279 2.3058, -1.8729 -4.7342 2.3058, -1.873 -4.7342 2.9107, -1.873 -4.7342 -0.2704, -1.873 -5.1279 -0.2704, -1.873 -5.1279 2.9107, -2.0803 -5.1279 -0.4689, -1.9795 -5.1279 -0.8081, -2.1092 -5.1279 -0.2704, -2.1019 -5.1279 -0.3707, -2.0631 -5.1279 2.4331, -2.1091 -5.1279 2.4671, -1.9682 -5.1279 -0.8703, -1.8682 -5.1279 -0.3367, -1.7531 -5.1279 -0.7408, -1.7369 -5.1279 -0.9679, -1.7326 -5.1279 -0.8535, -1.9692 -5.1279 2.3677, -2.0164 -5.1279 2.3999, -2.0314 -5.1279 -1.1127, -1.8107 -5.1279 -1.1968, -1.9865 -5.1279 -0.9947, -1.9214 -5.1279 2.3363, -1.8539 -5.1279 -0.4016, -1.7657 -5.1279 -1.0788, -1.9706 -5.1279 -0.9335, -1.8796 -4.8969 -1.378, -1.8796 -4.9653 -1.378, -2.1004 -4.8969 -1.2939, -2.0921 -4.8327 -1.272, -1.8713 -4.8327 -1.3561, -2.0764 -4.7803 -1.231, -1.8557 -4.7803 -1.315, -1.8346 -4.7461 -1.2597, -2.0554 -4.7461 -1.1756, -2.0314 -4.7342 -1.1127, -1.8107 -4.7342 -1.1968, -2.1004 -4.9653 -1.2939, -2.0921 -5.0295 -1.272, -1.8713 -5.0295 -1.3561, -1.8557 -5.0819 -1.315, -2.0764 -5.0819 -1.231, -1.8346 -5.1161 -1.2597, -2.0554 -5.1161 -1.1756, -1.9865 -4.7342 -0.9947, -1.7369 -4.7342 -0.9679, -1.7531 -4.7342 -0.7408, -1.7326 -4.7342 -0.8535, -1.8539 -4.7342 -0.4016, -1.7657 -4.7342 -1.0788, -2.0803 -4.7342 -0.4689, -1.9692 -4.7342 2.3677, -1.9795 -4.7342 -0.8081, -1.9682 -4.7342 -0.8703, -2.0164 -4.7342 2.3999, -1.9214 -4.7342 2.3363, -2.1092 -4.7342 -0.2704, -2.0631 -4.7342 2.4331, -2.1091 -4.7342 2.4671, -2.1019 -4.7342 -0.3707, -1.9706 -4.7342 -0.9335, -1.8682 -4.7342 -0.3367, -2.1092 -5.1279 2.9107, -2.1092 -4.7342 2.9107, -1.8336 -4.7342 2.2818, -1.8336 -5.1279 2.2818, -1.8336 -5.1279 2.9107, -1.8336 -4.7342 2.9107, -3.0895 -6.0886 -1.1812, -2.8926 -6.0886 -1.1812, -2.8926 -6.0886 4.2042, -2.427 -6.0886 4.3339, -2.8533 -6.0886 4.5192, -2.8837 -6.0886 4.2494, -2.8581 -6.0886 4.2877, -3.0895 -6.0886 4.283, -2.9263 -6.0886 4.5076, -2.3611 -6.0886 4.3674, -2.8197 -6.0886 4.3133, -2.7745 -6.0886 4.3223, -2.3089 -6.0886 4.4197, -2.2753 -6.0886 4.4855, -2.6181 -6.0886 4.5192, -2.5 -6.0886 4.3223, -2.5729 -6.0886 4.5282, -2.9921 -6.0886 4.4741, -2.509 -6.0886 4.5921, -2.5346 -6.0886 4.5538, -3.0444 -6.0886 4.4218, -3.0779 -6.0886 4.356, -3.0444 -5.7736 4.4218, -3.0779 -5.7736 4.356, -3.0895 -5.7736 4.283, -2.9921 -5.7736 4.4741, -2.9263 -5.7736 4.5076, -2.8533 -5.7736 4.5192, -2.8926 -5.7736 4.2042, -2.5729 -5.7736 4.5282, -2.5346 -5.7736 4.5538, -2.5 -5.7736 4.3223, -2.427 -5.7736 4.3339, -2.509 -5.7736 4.5921, -2.3089 -5.7736 4.4197, -2.3611 -5.7736 4.3674, -2.2753 -5.7736 4.4855, -2.6181 -5.7736 4.5192, -2.7745 -5.7736 4.3223, -2.8197 -5.7736 4.3133, -2.8581 -5.7736 4.2877, -2.8837 -5.7736 4.2494, -3.0895 -5.7736 -1.1812, -2.8926 -5.7736 -1.1812, -3.0895 -5.8197 -1.2926, -3.0895 -5.7856 -1.2415, -3.0895 -6.0424 -1.2926, -3.0895 -6.0766 -1.2415, -3.0895 -5.8708 -1.3267, -3.0895 -5.9311 -1.3387, -3.0895 -5.9914 -1.3267, -2.8926 -5.9914 -1.3267, -2.8926 -5.9311 -1.3387, -2.8926 -6.0424 -1.2926, -2.8926 -6.0766 -1.2415, -2.8926 -5.8708 -1.3267, -2.8926 -5.8197 -1.2926, -2.8926 -5.7856 -1.2415
            ]
        }
        coordIndex [
            0,1,2,-1,3,4,5,-1,3,6,4,-1,7,6,3,-1,1,6,2,-1,8,6,7,-1,2,6,8,-1,9,8,7,-1,10,11,12,-1,1,0,10,-1,10,12,1,-1,12,11,13,-1,11,14,13,-1,13,14,15,-1,16,17,18,-1,1,19,6,-1,16,18,20,-1,21,20,22,-1,22,5,23,-1,24,23,4,-1,12,13,1,-1,5,4,23,-1,19,1,15,-1,1,13,15,-1,19,24,6,-1,19,25,24,-1,26,24,25,-1,27,28,29,-1,22,23,30,-1,24,4,6,-1,31,5,22,-1,32,33,28,-1,34,35,33,-1,33,36,34,-1,37,28,27,-1,32,28,37,-1,38,39,40,-1,41,42,43,-1,36,33,32,-1,36,32,44,-1,41,44,42,-1,36,44,41,-1,41,43,23,-1,20,21,45,-1,23,43,30,-1,20,31,22,-1,40,16,45,-1,20,45,16,-1,45,46,40,-1,40,46,38,-1,39,38,47,-1,48,40,39,-1,39,47,48,-1,47,38,49,-1,38,46,49,-1,49,46,50,-1,51,52,53,-1,54,55,56,-1,9,57,8,-1,53,52,58,-1,54,57,59,-1,60,8,57,-1,56,57,54,-1,61,62,63,-1,64,65,66,-1,62,61,67,-1,61,68,67,-1,69,70,71,-1,72,66,63,-1,72,64,66,-1,47,49,48,-1,66,61,63,-1,63,62,73,-1,56,73,62,-1,56,55,73,-1,74,75,76,-1,59,57,52,-1,2,60,75,-1,14,11,0,-1,10,0,11,-1,76,75,60,-1,0,75,14,-1,75,0,2,-1,52,57,9,-1,60,2,8,-1,58,52,9,-1,77,51,53,-1,69,77,53,-1,70,69,53,-1,77,69,48,-1,77,48,50,-1,48,49,50,-1,69,16,40,-1,69,40,48,-1,66,33,61,-1,33,66,28,-1,71,70,17,-1,16,69,71,-1,71,17,16,-1,17,70,18,-1,70,53,18,-1,18,53,20,-1,53,31,20,-1,31,53,58,-1,78,79,80,-1,78,81,82,-1,80,81,78,-1,78,83,84,-1,82,83,78,-1,78,85,86,-1,84,85,78,-1,78,87,88,-1,86,87,78,-1,89,78,90,-1,88,90,78,-1,91,89,92,-1,89,90,92,-1,93,89,94,-1,89,91,94,-1,95,89,96,-1,89,93,96,-1,97,89,98,-1,89,95,98,-1,99,89,100,-1,89,97,100,-1,101,102,103,-1,104,105,106,-1,105,107,106,-1,108,109,110,-1,104,111,112,-1,107,105,113,-1,105,104,112,-1,114,108,110,-1,113,115,116,-1,117,118,119,-1,115,120,121,-1,114,122,118,-1,117,123,108,-1,120,118,122,-1,124,121,120,-1,119,118,120,-1,120,122,124,-1,116,115,121,-1,125,120,115,-1,126,127,128,-1,111,129,130,-1,113,116,107,-1,131,109,132,-1,111,130,112,-1,133,134,130,-1,129,133,130,-1,135,134,133,-1,131,110,109,-1,136,137,131,-1,138,134,135,-1,137,136,139,-1,140,137,139,-1,141,134,138,-1,142,143,144,-1,141,138,144,-1,142,145,143,-1,141,144,143,-1,146,145,147,-1,145,146,143,-1,148,149,143,-1,147,150,146,-1,151,146,150,-1,151,150,152,-1,152,153,151,-1,154,153,152,-1,155,156,157,-1,154,156,153,-1,158,155,157,-1,156,155,153,-1,158,159,160,-1,160,155,158,-1,161,159,162,-1,159,161,160,-1,162,103,161,-1,163,164,160,-1,165,102,101,-1,101,103,162,-1,102,166,167,-1,166,102,165,-1,167,168,169,-1,170,171,172,-1,173,174,175,-1,172,176,177,-1,174,173,178,-1,173,179,178,-1,175,176,173,-1,180,181,172,-1,168,176,169,-1,168,167,166,-1,170,182,183,-1,169,171,167,-1,184,185,186,-1,100,187,99,-1,183,187,170,-1,176,175,188,-1,177,176,188,-1,168,173,176,-1,181,189,172,-1,169,176,172,-1,102,167,186,-1,171,186,167,-1,103,102,185,-1,102,186,185,-1,190,163,161,-1,185,190,103,-1,191,192,164,-1,190,161,103,-1,164,192,155,-1,163,160,161,-1,192,193,153,-1,164,155,160,-1,151,193,194,-1,155,192,153,-1,146,194,148,-1,193,151,153,-1,195,141,149,-1,194,146,151,-1,196,134,195,-1,148,143,146,-1,130,196,197,-1,149,141,143,-1,198,112,197,-1,195,134,141,-1,199,197,200,-1,196,130,134,-1,105,201,113,-1,197,112,130,-1,113,202,115,-1,198,201,105,-1,119,125,128,-1,202,113,201,-1,203,204,128,-1,125,115,202,-1,108,118,117,-1,125,119,120,-1,205,132,109,-1,114,118,108,-1,131,132,206,-1,136,131,206,-1,137,110,131,-1,172,177,180,-1,172,189,170,-1,169,172,171,-1,186,171,207,-1,170,207,171,-1,185,208,190,-1,207,184,186,-1,209,210,211,-1,185,184,208,-1,209,163,190,-1,190,208,209,-1,211,164,163,-1,209,211,163,-1,193,192,212,-1,211,191,164,-1,194,193,213,-1,191,212,192,-1,214,215,216,-1,212,213,193,-1,215,148,194,-1,194,213,215,-1,214,149,148,-1,148,215,214,-1,217,195,149,-1,149,214,217,-1,218,196,195,-1,195,217,218,-1,198,197,199,-1,196,218,200,-1,201,198,219,-1,201,220,202,-1,112,198,105,-1,198,199,219,-1,202,221,125,-1,201,219,220,-1,222,128,127,-1,220,221,202,-1,223,204,203,-1,221,128,125,-1,204,224,117,-1,117,119,204,-1,123,117,224,-1,123,205,108,-1,108,205,109,-1,170,189,182,-1,187,183,225,-1,207,170,226,-1,170,187,226,-1,184,207,227,-1,207,226,227,-1,228,208,184,-1,184,227,228,-1,229,209,208,-1,208,228,229,-1,230,231,232,-1,209,229,210,-1,191,211,230,-1,211,210,230,-1,212,191,232,-1,191,230,232,-1,213,212,233,-1,212,232,233,-1,234,215,213,-1,233,234,213,-1,214,235,217,-1,234,216,215,-1,217,236,218,-1,216,235,214,-1,218,237,200,-1,235,236,217,-1,196,200,197,-1,218,236,237,-1,238,199,200,-1,200,237,238,-1,239,219,199,-1,199,238,239,-1,240,220,219,-1,219,239,240,-1,241,221,220,-1,241,220,240,-1,126,241,80,-1,221,241,126,-1,203,128,222,-1,204,223,224,-1,119,128,204,-1,99,187,225,-1,187,100,226,-1,100,97,226,-1,226,97,227,-1,97,98,227,-1,228,227,98,-1,228,242,229,-1,242,228,95,-1,243,210,229,-1,243,229,242,-1,244,230,210,-1,210,243,244,-1,232,245,233,-1,230,244,231,-1,233,246,234,-1,232,231,245,-1,234,247,216,-1,233,245,246,-1,216,248,235,-1,234,246,247,-1,235,249,236,-1,216,247,248,-1,236,250,237,-1,235,248,249,-1,251,250,84,-1,236,249,250,-1,251,237,250,-1,239,238,83,-1,251,83,238,-1,82,81,240,-1,82,240,239,-1,241,81,80,-1,81,241,240,-1,126,80,79,-1,127,126,79,-1,128,221,126,-1,98,95,228,-1,95,96,242,-1,243,96,93,-1,96,243,242,-1,244,93,94,-1,93,244,243,-1,91,244,94,-1,244,91,231,-1,92,231,91,-1,231,92,245,-1,90,245,92,-1,245,90,246,-1,88,246,90,-1,246,88,247,-1,87,247,88,-1,247,87,248,-1,86,248,87,-1,248,86,249,-1,85,249,86,-1,249,85,250,-1,84,250,85,-1,83,251,84,-1,238,237,251,-1,83,82,239,-1,252,253,254,-1,255,256,257,-1,254,258,259,-1,252,254,259,-1,254,260,261,-1,258,254,261,-1,254,262,263,-1,260,254,263,-1,254,264,265,-1,262,254,265,-1,254,256,255,-1,264,254,255,-1,256,266,267,-1,257,256,267,-1,256,268,269,-1,266,256,269,-1,256,270,271,-1,268,256,271,-1,256,272,273,-1,270,256,273,-1,272,256,274,-1,275,276,277,-1,278,279,280,-1,281,282,283,-1,284,285,286,-1,287,280,279,-1,288,287,289,-1,278,280,282,-1,290,291,292,-1,281,278,282,-1,285,293,294,-1,291,295,296,-1,292,297,298,-1,298,299,300,-1,294,298,297,-1,297,286,294,-1,298,294,299,-1,294,286,285,-1,301,285,284,-1,281,283,301,-1,302,303,304,-1,301,283,285,-1,291,305,292,-1,306,291,296,-1,280,287,288,-1,307,288,289,-1,289,308,307,-1,306,309,305,-1,310,307,308,-1,311,312,309,-1,313,310,314,-1,314,315,313,-1,313,307,310,-1,316,317,315,-1,316,315,314,-1,318,317,319,-1,317,318,315,-1,320,318,321,-1,319,321,318,-1,322,318,323,-1,320,321,324,-1,325,326,327,-1,325,327,324,-1,328,326,329,-1,320,324,327,-1,330,331,329,-1,326,328,327,-1,330,332,331,-1,328,329,331,-1,333,332,334,-1,332,333,331,-1,277,276,334,-1,333,334,276,-1,277,335,275,-1,333,336,337,-1,335,338,275,-1,339,340,341,-1,335,342,338,-1,343,340,344,-1,341,345,339,-1,346,347,348,-1,348,349,346,-1,350,344,349,-1,349,344,346,-1,341,343,351,-1,352,342,353,-1,340,353,344,-1,338,352,354,-1,342,352,338,-1,355,356,357,-1,358,354,359,-1,252,355,253,-1,343,344,350,-1,346,344,353,-1,340,343,341,-1,353,340,352,-1,357,360,361,-1,354,339,356,-1,352,340,339,-1,275,338,358,-1,338,354,358,-1,276,362,336,-1,358,362,275,-1,337,363,364,-1,362,276,275,-1,337,364,331,-1,336,333,276,-1,328,364,365,-1,333,337,331,-1,327,365,366,-1,331,364,328,-1,320,366,323,-1,365,327,328,-1,315,322,367,-1,366,320,327,-1,368,313,367,-1,323,318,320,-1,369,307,368,-1,322,315,318,-1,370,288,369,-1,367,313,315,-1,370,371,280,-1,368,307,313,-1,372,370,373,-1,369,288,307,-1,282,374,283,-1,370,280,288,-1,285,283,375,-1,371,374,282,-1,299,293,376,-1,375,283,374,-1,376,377,299,-1,293,285,375,-1,290,298,300,-1,293,299,294,-1,300,378,290,-1,292,298,290,-1,309,306,311,-1,291,306,305,-1,351,345,341,-1,360,357,345,-1,345,357,339,-1,352,339,354,-1,357,356,339,-1,379,380,381,-1,354,356,359,-1,362,358,379,-1,358,359,379,-1,381,336,362,-1,362,379,381,-1,382,337,336,-1,381,382,336,-1,365,364,383,-1,382,363,337,-1,384,385,386,-1,363,383,364,-1,385,366,365,-1,365,383,385,-1,384,323,366,-1,366,385,384,-1,387,322,323,-1,323,384,387,-1,388,367,322,-1,322,387,388,-1,389,368,367,-1,367,388,389,-1,390,369,368,-1,368,389,390,-1,373,370,369,-1,369,390,373,-1,372,371,370,-1,374,371,391,-1,280,371,282,-1,371,372,391,-1,272,304,303,-1,374,391,392,-1,302,293,375,-1,392,302,375,-1,393,377,376,-1,302,376,293,-1,300,394,395,-1,300,299,377,-1,378,300,395,-1,378,295,290,-1,290,295,291,-1,361,396,357,-1,355,396,397,-1,357,396,355,-1,398,359,356,-1,356,355,398,-1,399,379,359,-1,359,398,399,-1,399,261,380,-1,379,399,380,-1,382,381,400,-1,381,380,400,-1,363,382,401,-1,382,400,401,-1,383,363,402,-1,363,401,402,-1,403,385,383,-1,402,403,383,-1,384,404,387,-1,403,386,385,-1,387,405,388,-1,386,404,384,-1,388,406,389,-1,404,405,387,-1,389,407,390,-1,405,406,388,-1,390,408,373,-1,389,406,407,-1,373,409,372,-1,390,407,408,-1,372,410,391,-1,408,409,373,-1,391,411,392,-1,372,409,410,-1,374,392,375,-1,411,391,410,-1,303,302,392,-1,392,411,303,-1,376,412,413,-1,376,302,304,-1,393,376,413,-1,393,394,377,-1,300,377,394,-1,253,355,397,-1,252,259,398,-1,252,398,355,-1,399,259,258,-1,259,399,398,-1,399,258,261,-1,414,380,261,-1,414,400,380,-1,401,400,415,-1,400,414,415,-1,402,401,416,-1,401,415,416,-1,403,402,417,-1,402,416,417,-1,386,403,418,-1,403,417,418,-1,404,386,419,-1,386,418,419,-1,405,404,420,-1,404,419,420,-1,406,405,421,-1,405,420,421,-1,422,407,406,-1,406,421,422,-1,423,408,407,-1,407,422,423,-1,409,408,268,-1,423,268,408,-1,271,410,409,-1,411,270,273,-1,270,411,410,-1,303,273,272,-1,273,303,411,-1,304,272,274,-1,274,412,304,-1,376,304,412,-1,414,261,260,-1,260,263,414,-1,414,263,415,-1,263,262,415,-1,415,262,416,-1,262,265,416,-1,416,265,417,-1,265,264,417,-1,417,264,418,-1,264,255,418,-1,418,255,419,-1,255,257,419,-1,419,257,420,-1,257,267,420,-1,420,267,421,-1,267,266,421,-1,421,266,422,-1,266,269,422,-1,422,269,423,-1,269,268,423,-1,268,271,409,-1,271,270,410,-1,424,425,426,-1,424,426,427,-1,428,429,430,-1,427,426,431,-1,432,433,434,-1,435,436,437,-1,438,439,440,-1,441,442,433,-1,439,442,441,-1,441,440,439,-1,433,442,434,-1,434,443,432,-1,443,436,435,-1,435,432,443,-1,437,429,428,-1,437,436,429,-1,427,431,430,-1,431,428,430,-1,444,445,446,-1,447,446,445,-1,445,448,447,-1,449,450,451,-1,448,450,449,-1,445,450,448,-1,448,452,447,-1,453,454,455,-1,452,455,447,-1,455,452,453,-1,454,456,455,-1,453,452,457,-1,456,454,458,-1,459,453,457,-1,460,461,462,-1,463,464,453,-1,460,462,465,-1,460,465,466,-1,454,466,458,-1,467,458,466,-1,460,466,454,-1,464,460,453,-1,454,453,460,-1,453,459,463,-1,459,468,463,-1,469,464,470,-1,464,463,470,-1,464,469,471,-1,469,472,473,-1,474,471,473,-1,469,473,471,-1,464,471,474,-1,470,472,469,-1,475,470,463,-1,470,475,472,-1,475,463,476,-1,476,451,450,-1,451,476,477,-1,445,474,450,-1,444,478,445,-1,479,478,444,-1,445,478,480,-1,481,482,480,-1,483,480,478,-1,483,481,480,-1,474,445,480,-1,472,474,473,-1,474,476,450,-1,476,474,475,-1,472,475,474,-1,464,480,460,-1,480,464,474,-1,481,462,461,-1,460,482,461,-1,481,461,482,-1,480,482,460,-1,483,462,481,-1,465,483,478,-1,483,465,462,-1,465,478,466,-1,478,467,466,-1,467,478,479,-1,484,485,486,-1,485,484,487,-1,488,489,490,-1,491,492,488,-1,488,490,491,-1,490,489,493,-1,489,484,493,-1,493,484,486,-1,494,495,496,-1,497,498,499,-1,500,495,501,-1,502,503,504,-1,499,505,497,-1,498,506,485,-1,485,499,498,-1,493,491,490,-1,507,508,509,-1,509,491,510,-1,510,507,509,-1,486,491,493,-1,510,491,486,-1,486,506,510,-1,486,485,506,-1,497,505,504,-1,495,500,496,-1,505,511,504,-1,512,494,496,-1,513,512,514,-1,515,516,514,-1,514,512,515,-1,517,513,518,-1,517,519,513,-1,520,521,522,-1,519,512,513,-1,519,494,512,-1,523,503,502,-1,503,523,522,-1,504,511,502,-1,500,501,511,-1,511,501,502,-1,522,523,520,-1,524,521,520,-1,525,526,527,-1,528,529,527,-1,525,527,529,-1,530,529,528,-1,531,526,525,-1,532,531,521,-1,531,532,526,-1,532,521,524,-1,528,527,526,-1,524,533,532,-1,534,524,535,-1,534,536,524,-1,537,535,520,-1,520,535,524,-1,533,526,532,-1,533,524,536,-1,538,528,533,-1,526,533,528,-1,539,538,533,-1,540,541,542,-1,540,543,544,-1,544,541,540,-1,545,543,546,-1,543,545,544,-1,547,548,546,-1,545,546,548,-1,549,548,547,-1,550,542,541,-1,551,552,550,-1,542,550,552,-1,551,553,554,-1,554,552,551,-1,555,553,538,-1,553,555,554,-1,555,538,539,-1,554,555,539,-1,554,539,533,-1,533,552,554,-1,533,556,542,-1,542,552,533,-1,556,543,540,-1,542,556,540,-1,543,556,547,-1,546,543,547,-1,557,521,558,-1,531,556,521,-1,556,558,521,-1,559,522,521,-1,559,521,557,-1,559,560,522,-1,525,529,530,-1,531,525,556,-1,530,556,525,-1,530,549,556,-1,556,549,547,-1,538,553,551,-1,528,538,551,-1,528,551,550,-1,528,541,530,-1,541,528,550,-1,530,544,545,-1,541,544,530,-1,548,549,545,-1,530,545,549,-1,504,561,497,-1,562,504,503,-1,504,562,561,-1,560,562,503,-1,560,503,522,-1,561,563,497,-1,563,564,498,-1,498,497,563,-1,498,564,506,-1,564,565,506,-1,566,510,506,-1,506,565,566,-1,508,507,567,-1,568,509,508,-1,508,567,568,-1,567,507,569,-1,507,510,569,-1,569,510,566,-1,568,567,569,-1,492,568,484,-1,568,569,566,-1,570,571,572,-1,484,568,566,-1,573,574,571,-1,565,484,566,-1,575,576,563,-1,576,487,564,-1,575,570,572,-1,577,561,562,-1,537,577,562,-1,537,560,535,-1,560,559,535,-1,577,570,561,-1,560,537,562,-1,572,571,574,-1,573,578,579,-1,579,574,573,-1,580,581,582,-1,583,584,585,-1,585,581,586,-1,586,583,585,-1,587,581,580,-1,586,581,587,-1,587,578,586,-1,587,579,578,-1,570,575,561,-1,576,564,563,-1,575,563,561,-1,565,564,487,-1,487,484,565,-1,488,492,489,-1,492,484,489,-1,500,511,588,-1,589,588,511,-1,511,590,589,-1,591,505,499,-1,590,505,591,-1,511,505,590,-1,590,592,589,-1,575,572,593,-1,592,593,589,-1,593,592,575,-1,572,594,593,-1,575,592,595,-1,594,572,574,-1,576,575,595,-1,596,597,598,-1,599,600,601,-1,596,598,602,-1,596,602,603,-1,604,605,606,-1,606,596,603,-1,601,607,604,-1,599,608,600,-1,601,609,607,-1,601,600,610,-1,611,612,613,-1,613,614,608,-1,611,613,599,-1,615,616,617,-1,613,608,599,-1,618,615,617,-1,615,619,620,-1,621,622,620,-1,620,619,623,-1,621,620,623,-1,624,625,626,-1,627,625,624,-1,620,624,626,-1,628,629,630,-1,601,610,618,-1,626,616,620,-1,615,620,616,-1,618,631,615,-1,631,618,610,-1,601,618,609,-1,632,606,633,-1,607,605,604,-1,606,605,633,-1,596,632,634,-1,606,632,596,-1,596,634,630,-1,630,634,628,-1,629,628,635,-1,636,630,629,-1,629,635,636,-1,635,628,637,-1,628,634,637,-1,637,634,638,-1,639,640,641,-1,642,643,644,-1,645,646,647,-1,648,646,649,-1,650,651,652,-1,653,654,655,-1,651,642,656,-1,657,658,643,-1,659,660,661,-1,662,663,664,-1,663,665,664,-1,646,640,639,-1,661,663,666,-1,666,659,661,-1,635,637,636,-1,663,658,666,-1,636,638,639,-1,663,662,667,-1,667,643,663,-1,643,642,657,-1,658,663,643,-1,642,644,656,-1,650,653,668,-1,645,669,651,-1,654,650,652,-1,653,650,654,-1,669,645,647,-1,668,670,650,-1,651,656,652,-1,669,671,651,-1,651,671,642,-1,648,647,646,-1,641,672,639,-1,673,639,672,-1,649,646,639,-1,639,638,649,-1,636,637,638,-1,636,639,596,-1,636,596,630,-1,624,663,661,-1,663,624,620,-1,641,598,672,-1,673,672,597,-1,598,597,672,-1,596,639,673,-1,673,597,596,-1,598,641,602,-1,602,640,603,-1,640,602,641,-1,640,646,603,-1,603,646,606,-1,646,604,606,-1,604,646,645,-1,601,604,645,-1,645,651,601,-1,614,613,653,-1,653,655,614,-1,651,599,601,-1,651,650,599,-1,674,675,676,-1,677,678,679,-1,678,680,679,-1,681,653,682,-1,682,613,683,-1,653,684,668,-1,613,682,653,-1,681,684,653,-1,685,612,686,-1,676,687,674,-1,685,683,612,-1,683,613,612,-1,685,688,687,-1,685,686,688,-1,685,687,676,-1,674,679,675,-1,689,678,677,-1,675,679,680,-1,689,690,678,-1,691,690,689,-1,690,692,678,-1,678,692,693,-1,694,695,696,-1,694,697,698,-1,698,695,694,-1,699,697,700,-1,697,699,698,-1,701,702,700,-1,699,700,702,-1,703,702,701,-1,704,696,695,-1,705,706,704,-1,696,704,706,-1,705,707,708,-1,708,706,705,-1,709,707,693,-1,707,709,708,-1,709,693,692,-1,697,701,700,-1,710,701,697,-1,694,696,710,-1,694,710,697,-1,690,696,706,-1,696,690,710,-1,692,690,708,-1,706,708,690,-1,692,708,709,-1,710,711,712,-1,713,714,715,-1,716,715,717,-1,718,719,713,-1,713,715,718,-1,720,719,721,-1,722,611,599,-1,720,723,724,-1,650,725,726,-1,650,670,725,-1,727,650,726,-1,727,722,599,-1,599,650,727,-1,720,611,722,-1,720,724,611,-1,723,720,721,-1,712,716,717,-1,721,719,718,-1,714,717,715,-1,710,717,703,-1,712,717,710,-1,703,701,710,-1,717,678,695,-1,703,699,702,-1,717,698,699,-1,699,703,717,-1,695,678,704,-1,698,717,695,-1,705,693,707,-1,704,678,705,-1,693,705,678,-1,675,714,713,-1,676,675,713,-1,676,713,719,-1,675,680,714,-1,714,680,717,-1,680,678,717,-1,719,685,676,-1,685,719,720,-1,682,726,681,-1,684,681,725,-1,726,725,681,-1,670,668,684,-1,684,725,670,-1,726,682,727,-1,727,683,722,-1,683,727,682,-1,683,685,722,-1,722,685,720,-1,688,724,723,-1,687,688,723,-1,687,723,721,-1,688,686,724,-1,724,686,611,-1,686,612,611,-1,674,721,718,-1,721,674,687,-1,677,712,689,-1,691,689,711,-1,712,711,689,-1,710,690,691,-1,691,711,710,-1,712,677,716,-1,716,679,715,-1,679,716,677,-1,679,674,715,-1,715,674,718,-1,654,608,614,-1,600,608,728,-1,654,652,729,-1,654,729,608,-1,729,652,730,-1,614,655,654,-1,730,652,656,-1,728,608,729,-1,731,610,600,-1,728,731,600,-1,660,659,627,-1,624,661,660,-1,660,627,624,-1,627,659,625,-1,659,666,625,-1,625,666,626,-1,616,626,666,-1,666,658,616,-1,618,657,642,-1,609,618,642,-1,609,642,671,-1,618,617,657,-1,657,617,658,-1,617,616,658,-1,671,607,609,-1,671,669,607,-1,633,647,648,-1,632,633,648,-1,632,648,649,-1,633,605,647,-1,647,605,669,-1,605,607,669,-1,649,634,632,-1,649,638,634,-1,623,664,621,-1,622,621,665,-1,664,665,621,-1,663,620,622,-1,622,665,663,-1,664,623,662,-1,662,619,667,-1,619,662,623,-1,619,615,667,-1,667,615,643,-1,615,644,643,-1,644,615,631,-1,512,579,587,-1,579,512,496,-1,516,515,582,-1,581,514,516,-1,516,582,581,-1,582,515,580,-1,515,512,580,-1,580,512,587,-1,492,509,568,-1,509,492,491,-1,585,513,514,-1,585,514,581,-1,584,583,518,-1,513,585,584,-1,584,518,513,-1,518,583,517,-1,583,586,517,-1,517,586,519,-1,519,586,578,-1,578,494,519,-1,501,571,502,-1,573,501,495,-1,501,573,571,-1,578,573,495,-1,578,495,494,-1,571,570,502,-1,570,577,523,-1,523,502,570,-1,523,577,520,-1,577,537,520,-1,557,536,534,-1,559,557,534,-1,559,534,535,-1,557,558,536,-1,536,558,533,-1,558,556,533,-1,463,477,476,-1,477,463,468,-1,732,733,734,-1,735,736,737,-1,735,737,732,-1,732,734,735,-1,738,739,740,-1,740,741,738,-1,742,743,744,-1,745,742,744,-1,746,745,744,-1,742,747,743,-1,748,749,750,-1,751,752,753,-1,748,750,754,-1,754,750,755,-1,756,757,745,-1,755,750,751,-1,742,745,758,-1,759,760,736,-1,745,757,761,-1,736,735,759,-1,760,761,757,-1,758,745,761,-1,736,760,757,-1,762,736,757,-1,763,755,764,-1,753,736,762,-1,751,753,755,-1,753,752,736,-1,755,753,764,-1,763,765,755,-1,766,767,768,-1,769,770,766,-1,766,768,769,-1,770,771,772,-1,771,770,769,-1,773,772,774,-1,771,774,772,-1,755,765,773,-1,773,774,755,-1,768,767,775,-1,776,775,777,-1,767,777,775,-1,778,779,776,-1,776,777,778,-1,779,780,781,-1,780,779,778,-1,780,782,781,-1,781,782,783,-1,755,783,754,-1,784,754,783,-1,755,774,781,-1,775,769,768,-1,771,776,779,-1,769,776,771,-1,776,769,775,-1,774,779,781,-1,774,771,779,-1,781,783,755,-1,749,785,750,-1,754,784,786,-1,748,786,787,-1,749,748,787,-1,754,786,748,-1,785,749,787,-1,751,750,785,-1,751,785,788,-1,789,752,788,-1,788,752,751,-1,736,752,789,-1,789,737,736,-1,790,791,737,-1,785,784,783,-1,791,792,746,-1,793,737,789,-1,785,787,786,-1,794,746,795,-1,796,746,744,-1,746,796,795,-1,746,794,791,-1,794,797,737,-1,737,791,794,-1,732,737,797,-1,737,793,790,-1,793,789,788,-1,783,793,788,-1,786,784,785,-1,785,783,788,-1,793,783,798,-1,783,799,798,-1,799,783,782,-1,792,745,746,-1,791,757,756,-1,756,745,792,-1,791,756,792,-1,791,790,762,-1,791,762,757,-1,764,793,798,-1,763,764,798,-1,763,798,799,-1,764,753,793,-1,793,753,790,-1,753,762,790,-1,782,765,799,-1,763,799,765,-1,782,780,773,-1,766,777,767,-1,778,770,772,-1,777,770,778,-1,770,777,766,-1,780,772,773,-1,780,778,772,-1,773,765,782,-1,800,801,802,-1,803,801,804,-1,802,805,800,-1,801,800,804,-1,804,806,807,-1,806,808,809,-1,808,810,811,-1,812,813,804,-1,814,815,816,-1,817,818,808,-1,819,820,821,-1,808,818,810,-1,808,806,817,-1,817,804,822,-1,804,817,806,-1,800,822,804,-1,804,807,812,-1,812,823,813,-1,820,823,812,-1,815,814,824,-1,814,820,824,-1,823,820,814,-1,825,820,812,-1,825,821,820,-1,826,827,828,-1,829,830,826,-1,826,828,829,-1,830,831,832,-1,831,830,829,-1,833,832,834,-1,831,834,832,-1,835,836,833,-1,833,834,835,-1,828,827,837,-1,838,837,839,-1,827,839,837,-1,840,841,838,-1,838,839,840,-1,841,842,843,-1,842,841,840,-1,842,820,843,-1,843,820,819,-1,835,819,821,-1,838,829,828,-1,829,841,831,-1,838,841,829,-1,838,828,837,-1,834,831,843,-1,831,841,843,-1,834,843,819,-1,834,819,835,-1,835,821,844,-1,845,846,847,-1,836,848,846,-1,845,849,846,-1,803,850,851,-1,852,803,853,-1,854,851,850,-1,855,803,851,-1,856,854,850,-1,803,855,801,-1,857,856,858,-1,857,854,856,-1,856,850,859,-1,803,852,850,-1,836,844,860,-1,803,861,853,-1,853,836,860,-1,853,861,848,-1,836,853,848,-1,835,844,836,-1,846,849,836,-1,820,836,849,-1,830,839,827,-1,839,832,840,-1,830,832,839,-1,830,827,826,-1,842,840,833,-1,840,832,833,-1,842,833,836,-1,842,836,820,-1,820,849,824,-1,816,846,814,-1,824,849,845,-1,815,845,847,-1,816,815,847,-1,824,845,815,-1,846,816,847,-1,814,848,823,-1,814,846,848,-1,861,813,848,-1,848,813,823,-1,804,813,861,-1,861,803,804,-1,858,856,811,-1,858,862,863,-1,862,858,811,-1,811,856,808,-1,859,808,856,-1,850,806,809,-1,809,808,859,-1,850,809,859,-1,852,806,850,-1,852,807,806,-1,825,853,860,-1,821,825,860,-1,821,860,844,-1,825,812,853,-1,853,812,852,-1,812,807,852,-1,864,865,866,-1,864,866,867,-1,65,64,29,-1,28,66,65,-1,65,29,28,-1,29,64,27,-1,64,72,27,-1,27,72,37,-1,32,37,72,-1,72,63,32,-1,42,73,55,-1,43,42,55,-1,43,55,54,-1,42,44,73,-1,73,44,63,-1,44,32,63,-1,54,30,43,-1,54,59,30,-1,21,52,51,-1,45,21,51,-1,45,51,77,-1,21,22,52,-1,52,22,59,-1,22,30,59,-1,77,46,45,-1,77,50,46,-1,35,34,68,-1,61,33,35,-1,35,68,61,-1,68,34,67,-1,34,36,67,-1,67,36,62,-1,36,56,62,-1,56,36,41,-1,41,23,57,-1,57,56,41,-1,23,24,60,-1,60,57,23,-1,19,15,14,-1,14,75,19,-1,868,869,870,-1,24,26,871,-1,872,873,874,-1,868,870,875,-1,873,872,876,-1,24,877,60,-1,872,878,879,-1,880,60,877,-1,60,881,76,-1,877,24,871,-1,880,881,60,-1,882,872,879,-1,883,884,882,-1,885,870,876,-1,883,871,26,-1,886,883,26,-1,883,887,884,-1,883,886,887,-1,883,882,879,-1,870,873,876,-1,878,872,874,-1,875,870,888,-1,885,888,870,-1,875,888,889,-1,885,890,888,-1,889,888,891,-1,890,891,888,-1,892,875,889,-1,889,891,892,-1,890,885,893,-1,893,876,894,-1,876,893,885,-1,876,872,894,-1,894,872,895,-1,890,896,892,-1,897,898,899,-1,25,19,900,-1,25,899,901,-1,75,902,903,-1,19,903,900,-1,75,904,902,-1,75,74,904,-1,19,75,903,-1,899,25,900,-1,901,899,898,-1,905,897,899,-1,906,905,899,-1,906,895,905,-1,906,907,895,-1,895,908,909,-1,907,908,895,-1,893,894,896,-1,896,910,892,-1,896,911,910,-1,893,896,890,-1,892,891,890,-1,896,894,909,-1,909,894,895,-1,912,910,913,-1,914,915,868,-1,892,912,916,-1,912,892,910,-1,916,917,892,-1,875,918,914,-1,917,918,875,-1,875,914,868,-1,917,875,892,-1,919,917,920,-1,919,921,918,-1,918,917,919,-1,914,921,922,-1,921,914,918,-1,869,915,922,-1,914,922,915,-1,868,915,869,-1,916,920,917,-1,912,923,916,-1,920,916,923,-1,912,913,924,-1,924,923,912,-1,925,913,910,-1,913,925,924,-1,925,910,911,-1,924,911,896,-1,924,925,911,-1,923,924,896,-1,896,870,920,-1,920,923,896,-1,870,919,920,-1,869,922,921,-1,870,921,919,-1,921,870,869,-1,878,874,908,-1,878,907,879,-1,907,878,908,-1,879,907,906,-1,909,908,874,-1,873,896,909,-1,909,874,873,-1,873,870,896,-1,883,879,906,-1,883,906,899,-1,877,902,880,-1,881,880,904,-1,902,904,880,-1,74,76,881,-1,881,904,74,-1,902,877,903,-1,903,871,900,-1,871,903,877,-1,871,883,900,-1,900,883,899,-1,884,887,898,-1,884,897,882,-1,897,884,898,-1,882,897,905,-1,901,898,887,-1,886,25,901,-1,901,887,886,-1,886,26,25,-1,872,905,895,-1,905,872,882,-1,
        ]
    }
}
Shape{
    appearance Appearance {
        material  Material 	{
            diffuseColor 0.7215686274509804 0.7215686274509804 0.7215686274509804
            specularColor 0.7529411764705882 0.7529411764705882 0.7529411764705882
            ambientIntensity 1.0
            transparency 1.0
            shininess 0.5
        }
    }
    geometry IndexedFaceSet {
        ccw TRUE
        solid FALSE
        coord DEF co Coordinate {
            point [
                -3.6072 -2.8499 1.9147, -3.6072 -2.9187 0.8643, -3.6072 -2.9796 0.8739, -3.6072 -2.7451 0.2167, -3.6072 -2.7731 0.2716, -3.6072 -2.7827 0.3324, -3.6072 -1.2008 0.6855, -3.6072 -1.2008 0.3624, -3.6072 -1.7426 0.098, -3.6072 -1.2008 1.1, -3.6072 -1.2008 1.0086, -3.6072 -1.8296 1.9147, -3.6072 -1.699 0.0545, -3.6072 -1.2008 -0.3433, -3.6072 -1.2008 -0.7259, -3.6072 -1.6614 -0.0613, -3.6072 -1.671 -0.0004, -3.6072 -1.6614 -1.1084, -3.6072 -1.2008 -1.1084, -3.6072 -1.4711 -1.3352, -3.6072 -1.3159 -1.3079, -3.6072 -1.3911 -1.3352, -3.6072 -1.6075 -1.2565, -3.6072 -1.5463 -1.3079, -3.6072 -1.2147 -1.1872, -3.6072 -1.2547 -1.2565, -3.6072 -1.6475 -1.1872, -3.6072 -1.2008 0.0393, -3.6072 -1.7974 0.126, -3.6072 -1.8583 0.1356, -3.6072 -2.7827 0.6771, -3.6072 -2.5859 0.1356, -3.6072 -2.6467 0.1452, -3.6072 -2.7016 0.1732, -3.6072 -2.7924 0.7379, -3.6072 -2.8203 0.7928, -3.6072 -2.8639 0.8363, -3.6072 -2.9714 1.9266, -3.6072 -3.3697 2.1889, -3.6072 -4.3701 1.3049, -3.6072 -4.3701 2.1025, -3.6072 -3.2913 2.0953, -3.6072 -4.5079 1.1671, -3.6072 -4.5079 0.8739, -3.6072 -3.4797 2.5335, -3.6072 -3.4657 2.4122, -3.6072 -4.5079 2.2403, -3.6072 -4.5079 2.5335, -3.6072 -3.1963 2.0186, -3.6072 -3.4286 2.2959, -3.6072 -3.0883 1.9616, -3.6072 -1.6685 1.9984, -3.6072 -1.2008 1.843, -3.6072 -1.2008 1.4715, -3.6072 -1.7677 1.9247, -3.6072 -1.7122 1.9536, -3.6072 -1.6411 2.0547, -3.6072 -1.2008 2.2145, -3.6072 -1.6638 2.2177, -3.6072 -1.6411 2.1684, -3.6072 -1.6991 2.259, -3.6072 -2.557 3.4147, -3.6072 -2.557 3.0182, -3.5709 -2.6502 3.1007, -3.5902 -2.6245 3.4745, -3.5902 -2.6245 3.078, -3.6027 -2.5938 3.4473, -3.6027 -2.5938 3.0508, -3.5709 -2.6502 3.4973, -3.5457 -2.6715 3.1196, -3.5137 -2.6878 3.134, -3.5457 -2.6715 3.5161, -3.5137 -2.6878 3.5305, -3.4694 -2.6948 3.1402, -3.4694 -2.6948 3.5367, -2.6629 -2.6948 3.5367, -3.2923 -2.5177 3.38, -2.6629 -2.5177 3.38, -3.3216 -2.512 3.375, -3.3421 -2.4999 3.3642, -3.3571 -2.4836 3.3499, -3.367 -2.4636 3.3322, -3.371 -1.2008 2.2145, -3.371 -2.4389 3.3103, -3.371 -1.2008 -1.1084, -3.371 -1.2008 0.0393, -3.371 -1.3911 -1.3352, -3.371 -1.4711 -1.3352, -3.371 -1.3159 -1.3079, -3.371 -1.2547 -1.2565, -3.371 -1.2147 -1.1872, -3.371 -1.5463 -1.3079, -3.371 -1.6075 -1.2565, -3.371 -1.6475 -1.1872, -3.371 -1.6614 -1.1084, -3.371 -1.6614 -0.0613, -3.371 -1.699 0.0545, -3.371 -1.671 -0.0004, -3.371 -1.7426 0.098, -3.371 -1.7974 0.126, -3.371 -1.8583 0.1356, -3.371 -2.5859 0.1356, -3.371 -2.7451 0.2167, -3.371 -2.7731 0.2716, -3.371 -2.7827 0.3324, -3.371 -2.7016 0.1732, -3.371 -2.6467 0.1452, -3.371 -1.7677 1.9247, -3.371 -1.8296 1.9147, -3.371 -2.7827 0.6771, -3.371 -2.7924 0.7379, -3.371 -2.8203 0.7928, -3.371 -2.8499 1.9147, -3.371 -2.9714 1.9266, -3.371 -2.9796 0.8739, -3.371 -3.3697 2.1889, -3.371 -4.3701 2.1025, -3.371 -4.3701 1.3049, -3.371 -3.2913 2.0953, -3.371 -4.5079 1.1671, -3.371 -4.5079 0.8739, -3.371 -4.5079 2.5335, -3.371 -3.4797 2.5335, -3.371 -3.4657 2.4122, -3.371 -4.5079 2.2403, -3.371 -3.4286 2.2959, -3.371 -3.1963 2.0186, -3.371 -3.0883 1.9616, -3.371 -2.9187 0.8643, -3.371 -2.8639 0.8363, -3.371 -1.7122 1.9536, -3.371 -1.6685 1.9984, -3.371 -1.6411 2.0547, -3.371 -1.6411 2.1684, -3.371 -1.6638 2.2177, -3.371 -1.6991 2.259, -3.371 -2.4389 2.9138, -3.3273 -2.5095 2.9762, -3.3502 -2.4922 2.9609, -3.2923 -2.5177 2.9834, -3.3654 -2.4692 2.9405, -2.6629 -2.5177 2.9834, -2.6629 -2.6948 3.1402, -3.371 -2.6662 3.6637, -3.371 -1.2008 3.3099, -3.371 -1.2008 3.6618, -3.371 -2.6662 4.0157, -3.6072 -1.2008 3.3099, -3.6072 -2.6662 3.6637, -3.6072 -1.2008 3.6618, -3.6072 -2.6662 4.0157, 0.2137 -5.1573 7.3037, 0.2137 -5.0648 7.2654, 0.2137 -4.9655 7.2523, 0.2137 -5.2977 7.4441, 0.2137 -5.2367 7.3647, 0.2137 -5.0354 7.4209, 0.2137 -5.1805 7.566, 0.2137 -5.3491 7.6359, 0.2137 -5.336 7.5366, 0.2137 -5.1484 7.503, 0.2137 -1.0463 8.3649, 0.2137 -0.9704 8.5029, 0.2137 -1.174 8.4236, 0.2137 -5.1916 7.6359, 0.2137 -4.9852 8.3819, 0.2137 -5.0811 8.3624, 0.2137 -4.9733 8.2249, 0.2137 -5.1692 8.3199, 0.2137 -5.2441 8.2569, 0.2137 -1.3088 8.4632, 0.2137 -5.0419 8.2091, 0.2137 -1.1188 8.5711, 0.2137 -1.448 8.483, 0.2137 -1.2755 8.6171, 0.2137 -1.4372 8.6401, 0.2137 -0.2104 8.0848, 0.2137 -0.2863 7.9468, 0.2137 -5.3012 8.1775, 0.2137 -5.1506 8.1223, 0.2137 -5.1028 8.1739, 0.2137 -5.1916 7.9893, 0.2137 -1.5885 8.4825, 0.2137 -1.6005 8.6395, 0.2137 -5.1811 8.0589, 0.2137 -5.3369 8.0864, 0.2137 -5.3491 7.9893, 0.2137 -4.9655 7.4098, 0.2137 -5.0984 7.453, 0.2137 -4.5079 7.4098, 0.2137 -4.5079 7.2523, -0.6919 -4.5079 7.2523, -0.6919 -4.9655 7.2523, -0.6919 -5.1573 7.3037, -0.6919 -5.0648 7.2654, -0.6919 -5.3491 7.6359, -0.6919 -5.1805 7.566, -0.6919 -5.336 7.5366, -0.6919 -5.2977 7.4441, -0.6919 -5.0354 7.4209, -0.6919 -5.2367 7.3647, -0.6919 -4.9655 7.4098, -0.6919 -5.1916 7.6359, -0.6919 -5.1484 7.503, -0.6919 -5.0984 7.453, -0.6919 -4.9852 8.3819, -0.6919 -4.9733 8.2249, -0.6919 -5.0811 8.3624, -0.6919 -5.3012 8.1775, -0.6919 -5.1028 8.1739, -0.6919 -5.1506 8.1223, -0.6919 -5.2441 8.2569, -0.6919 -5.1692 8.3199, -0.6919 -1.174 8.4236, -0.6919 -1.3088 8.4632, -0.6919 -0.9704 8.5029, -0.6919 -5.0419 8.2091, -0.6919 -1.448 8.483, -0.6919 -1.1188 8.5711, -0.6919 -1.0463 8.3649, -0.6919 -1.2755 8.6171, -0.6919 -1.4372 8.6401, -0.6919 -0.2104 8.0848, -0.6919 -0.2863 7.9468, -0.6919 -1.5885 8.4825, -0.6919 -1.6005 8.6395, -0.6919 -5.1811 8.0589, -0.6919 -5.3369 8.0864, -0.6919 -5.3491 7.9893, -0.6919 -5.1916 7.9893, -0.6919 -4.5079 7.4098, 1.3722 -5.9252 5.7396, 1.4509 -5.9252 5.1097, 1.3328 -5.9252 5.7396, 1.3722 -5.9252 4.1648, 1.4509 -5.9252 4.7948, 1.4509 -5.9252 4.4798, 1.4115 -5.9252 4.1648, 1.4509 -5.9252 4.1648, 1.4115 -5.9252 5.7396, 1.4509 -5.9252 5.4247, 1.4509 -5.9252 5.7396, 1.2541 -5.9252 5.1097, 1.2541 -5.9252 5.4247, 1.2934 -5.9252 5.7396, 1.2541 -5.9252 5.7396, 1.2541 -5.9252 4.7948, 1.2934 -5.9252 4.1648, 1.2541 -5.9252 4.1648, 1.2541 -5.9252 4.4798, 1.3328 -5.9252 4.1648, 1.2541 -7.7598 4.9522, 1.2541 -7.7362 4.9522, 1.2541 -7.8386 4.8735, 1.2541 -7.5787 6.094, 1.2541 -7.6575 6.0152, 1.2541 -7.6181 6.0834, 1.2541 -7.2926 4.4958, 1.2541 -7.2138 3.8105, 1.2541 -5.9252 3.8105, 1.2541 -7.3264 4.5775, 1.2541 -7.6469 6.0546, 1.2541 -7.6575 5.031, 1.2541 -5.9252 6.094, 1.2541 -7.3014 4.54, 1.2541 -7.2926 3.8893, 1.2541 -7.2532 3.8211, 1.2541 -7.282 3.8499, 1.2541 -7.3639 4.6025, 1.2541 -7.4081 4.6113, 1.2541 -7.668 4.9916, 1.2541 -7.6968 4.9628, 1.2541 -7.8386 4.6113, 1.2541 -7.828 4.9129, 1.2541 -7.7992 4.9417, 1.4509 -7.828 4.9129, 1.4509 -7.7992 4.9417, 1.4509 -7.8386 4.8735, 1.4509 -7.7598 4.9522, 1.4509 -7.7362 4.9522, 1.4509 -7.6968 4.9628, 1.4509 -7.668 4.9916, 1.4509 -7.6575 5.031, 1.4509 -7.6575 6.0152, 1.4509 -7.6469 6.0546, 1.4509 -7.6181 6.0834, 1.4509 -7.5787 6.094, 1.4509 -5.9252 6.094, 1.4509 -7.5236 4.6113, 1.4509 -7.3361 4.5861, 1.4509 -7.5236 4.4958, 1.4509 -7.5122 4.5459, 1.4509 -7.4801 4.5861, 1.4509 -7.4338 4.6084, 1.4509 -7.2926 3.8893, 1.4509 -7.282 3.8499, 1.4509 -7.2532 3.8211, 1.4509 -7.3824 4.6084, 1.4509 -7.2926 4.4958, 1.4509 -7.304 4.5459, 1.4509 -7.2138 3.8105, 1.4509 -5.9252 3.8105, 1.4509 -7.8386 4.6113, 1.2542 -7.4517 4.6028, 1.2556 -7.4888 4.5784, 1.2615 -7.5146 4.5404, 1.2741 -7.5236 4.4958, 0.9841 -7.5236 1.4489, 0.8684 -7.5236 1.7823, 0.9294 -7.5236 1.8802, 1.7333 -7.5236 3.9773, 1.5365 -7.5236 3.9773, 1.6941 -7.5236 4.2024, 1.7333 -7.5236 2.8558, 1.031 -7.5236 1.6666, 0.996 -7.5236 1.5602, 1.6999 -7.5236 2.6474, 1.7249 -7.5236 2.7502, 1.6589 -7.5236 2.5498, 0.9841 -7.5236 -1.1812, 0.7873 -7.5236 1.4489, 1.6462 -7.5236 4.3065, 1.5812 -7.5236 4.401, 1.7235 -7.5236 4.0915, 1.4843 -7.5236 4.5184, 1.5241 -7.5236 4.0842, 1.4595 -7.5236 4.562, 1.4878 -7.5236 4.1854, 1.6029 -7.5236 2.4599, 1.5365 -7.5236 2.8558, 1.0877 -7.5236 1.7632, 1.4446 -7.5236 2.5769, 1.2988 -7.5236 4.442, 1.4293 -7.5236 4.2757, 1.3324 -7.5236 4.3932, 1.4949 -7.5236 2.6626, 1.526 -7.5236 2.757, 0.8237 -7.5236 1.676, 0.7965 -7.5236 1.5639, 0.7873 -7.5236 -1.1812, 0.9841 -7.7414 -1.3267, 0.7873 -7.6811 -1.3387, 0.9841 -7.6811 -1.3387, 0.9841 -7.7924 -1.2926, 0.7873 -7.7414 -1.3267, 0.7873 -7.7924 -1.2926, 0.9841 -7.8266 -1.2415, 0.9841 -7.8386 -1.1812, 0.7873 -7.8266 -1.2415, 0.7873 -7.8386 -1.1812, 0.7873 -7.6208 -1.3267, 0.7873 -7.5698 -1.2926, 0.9841 -7.6208 -1.3267, 0.7873 -7.5356 -1.2415, 0.9841 -7.5698 -1.2926, 0.9841 -7.5356 -1.2415, 0.9841 -7.8386 1.4489, 0.8684 -7.8386 1.7823, 0.8237 -7.8386 1.676, 1.5365 -7.8386 3.9773, 1.7333 -7.8386 2.8558, 1.7333 -7.8386 3.9773, 1.031 -7.8386 1.6666, 0.9294 -7.8386 1.8802, 0.996 -7.8386 1.5602, 1.6462 -7.8386 4.3065, 1.5812 -7.8386 4.401, 1.6999 -7.8386 2.6474, 1.7249 -7.8386 2.7502, 1.6589 -7.8386 2.5498, 1.6941 -7.8386 4.2024, 1.7235 -7.8386 4.0915, 1.4843 -7.8386 4.5184, 1.5241 -7.8386 4.0842, 1.4595 -7.8386 4.562, 1.4293 -7.8386 4.2757, 1.4878 -7.8386 4.1854, 1.3324 -7.8386 4.3932, 1.2897 -7.8386 4.4592, 1.2631 -7.8386 4.5332, 1.0877 -7.8386 1.7632, 1.4446 -7.8386 2.5769, 1.5365 -7.8386 2.8558, 1.6029 -7.8386 2.4599, 1.4949 -7.8386 2.6626, 1.526 -7.8386 2.757, 0.7873 -7.8386 1.4489, 0.7965 -7.8386 1.5639, -1.019 3.6417 10.1911, -0.9874 3.6417 10.2557, -0.9874 3.6024 10.2557, -1.019 3.6024 10.1911, 0.6252 3.6417 10.4171, 0.7042 3.6417 10.3687, 0.6568 3.6417 10.3848, 0.6094 3.6417 10.4656, 0.6568 3.6417 10.5947, 0.7042 3.6417 10.6109, 0.6252 3.6417 10.5624, 0.6094 3.6417 10.514, 1.0046 3.6417 10.6109, 1.0046 3.6417 10.3687, 0.5483 3.6417 9.5715, 0.0086 3.6417 9.9328, 0.0718 3.6417 9.9328, -2.1606 3.6417 10.9917, -1.7463 3.6417 10.6916, -1.8411 3.6417 10.6916, -0.8034 3.6417 11.685, -0.5826 3.6417 11.4952, -0.9626 3.6417 11.6548, 1.0995 3.6417 10.6916, 1.6795 3.6417 10.3517, 1.6186 3.6417 10.2211, -2.0372 3.6417 10.1316, -1.9467 3.6417 10.0315, -1.816 3.6417 11.4198, -1.3036 3.6417 10.6916, -1.9283 3.6417 11.3364, -1.7463 3.6417 9.9328, -1.7463 3.6417 10.288, -1.3036 3.6417 10.288, -1.7463 3.6417 10.3848, -1.3036 3.6417 10.3848, -2.1958 3.6417 10.8563, -2.2076 3.6417 10.7169, -1.3036 3.6417 9.9328, 1.316 3.6417 9.9185, 1.1854 3.6417 9.8576, 1.0995 3.6417 9.9328, -2.1103 3.6417 10.245, -1.8411 3.6417 9.9475, -2.1639 3.6417 10.3689, -2.1966 3.6417 10.4998, -2.2076 3.6417 10.6343, -2.1031 3.6417 11.1192, -2.0249 3.6417 11.2352, -1.6912 3.6417 11.4832, -0.6846 3.6417 11.3007, -0.698 3.6417 11.1909, -1.3592 3.6417 11.5679, -1.5575 3.6417 11.5245, -0.4821 3.6417 11.7242, -0.4998 3.6417 11.5685, -0.6433 3.6417 11.7087, -0.6454 3.6417 11.4041, -1.1609 3.6417 11.6113, -0.3202 3.6417 11.732, -0.4018 3.6417 11.6199, -0.1838 3.6417 11.6464, -0.2944 3.6417 11.6464, -0.1582 3.6417 11.732, 0.1649 3.6417 11.7088, 0.1044 3.6417 11.4952, 0.0216 3.6417 11.5685, -0.0764 3.6417 11.6199, 0.0036 3.6417 11.7242, 0.4844 3.6417 11.6549, 0.6827 3.6417 11.6114, 0.1672 3.6417 11.4041, 0.2064 3.6417 11.3007, 0.881 3.6417 11.568, 1.7176 3.6417 10.8564, 1.6824 3.6417 10.9918, 0.72 3.6417 10.6916, 1.45 3.6417 11.3366, 0.2198 3.6417 11.1909, 1.2129 3.6417 11.4833, 1.3377 3.6417 11.42, 1.5467 3.6417 11.2354, 1.0793 3.6417 11.5247, 0.2064 3.6417 11.0811, -0.6396 3.6417 10.5786, -0.5764 3.6417 10.4979, -0.8767 3.6417 10.514, 0.309 3.6417 10.1104, 0.3248 3.6417 10.1911, 0.641 3.6417 10.288, 0.2141 3.6417 9.9812, 0.2774 3.6417 10.0458, 0.6457 3.6417 9.7626, 0.5303 3.6417 10.401, 0.5777 3.6417 10.3364, 0.7115 3.6417 9.7961, 0.72 3.6417 10.2718, 0.2351 3.6417 9.2173, 0.5483 3.6417 9.1707, 0.5934 3.6417 9.7103, 0.1509 3.6417 9.9489, -0.8293 3.6417 10.5786, -0.7819 3.6417 10.5947, -0.8609 3.6417 10.5463, -0.6846 3.6417 11.0811, -0.6454 3.6417 10.9776, -1.2087 3.6417 10.6916, -0.687 3.6417 10.6916, -0.7661 3.6417 10.6916, -0.5826 3.6417 10.8866, -0.0808 3.6417 9.2407, -0.8609 3.6417 9.9489, -0.7819 3.6417 9.9328, -1.0716 3.6417 9.7101, -0.3974 3.6417 9.2407, -0.0705 3.6417 9.9489, -1.0381 3.6417 9.6443, -0.7133 3.6417 9.2173, -1.0265 3.6417 9.5713, -0.6554 3.6417 9.9328, -0.5289 3.6417 10.1426, -0.6238 3.6417 10.288, -0.5606 3.6417 10.3203, -1.2627 3.6417 9.8075, -1.2087 3.6417 9.9328, -1.1897 3.6417 9.7959, -1.0265 3.6417 9.1707, -0.5922 3.6417 10.5463, -0.9242 3.6417 9.9812, -1.1239 3.6417 9.7624, -1.3808 3.6417 9.8075, -1.4957 3.6417 9.8155, -1.6084 3.6417 9.8394, -1.7166 3.6417 9.8787, -1.8184 3.6417 9.9328, 0.3253 3.6417 11.6856, -0.6396 3.6417 10.3848, -0.687 3.6417 10.3687, -0.7819 3.6417 10.3687, 0.0216 3.6417 10.8132, 0.2299 3.6417 10.6916, -0.0764 3.6417 10.7618, -0.687 3.6417 10.5947, -0.5764 3.6417 9.9489, 1.0046 3.6417 10.2718, 1.0046 3.6417 9.9328, -0.4341 3.6417 10.1426, -0.2444 3.6417 10.1911, -0.2286 3.6417 10.1104, 1.0462 3.6417 9.8202, 1.7294 3.6417 10.6345, 1.7168 3.6417 10.4909, 1.7294 3.6417 10.717, 1.6249 3.6417 11.1194, -0.9716 3.6417 10.514, -0.9242 3.6417 10.3203, -0.4973 3.6417 10.5786, -0.5606 3.6417 10.6432, -0.4018 3.6417 10.7618, -0.5764 3.6417 10.4656, -0.4998 3.6417 10.8132, -0.6238 3.6417 10.6755, -0.2944 3.6417 10.7354, -0.2444 3.6417 10.6916, 0.5599 3.6417 9.6445, -0.4973 3.6417 9.9973, -0.1337 3.6417 9.9812, -0.5922 3.6417 10.4171, -0.1969 3.6417 10.0458, -0.4815 3.6417 10.4494, -0.4815 3.6417 10.514, -1.019 3.6417 10.1104, -0.9874 3.6417 10.0458, -0.4973 3.6417 10.3848, -0.687 3.6417 10.2718, -0.7819 3.6417 10.2718, -0.9242 3.6417 10.175, -0.8926 3.6417 10.2234, -0.8609 3.6417 10.3526, -0.9242 3.6417 10.1265, -0.8451 3.6417 10.2557, -0.6554 3.6417 10.0296, -0.5447 3.6417 10.0942, -0.5922 3.6417 10.0458, -0.7819 3.6417 10.0296, -0.8926 3.6417 10.0781, -0.4499 3.6417 10.0781, -0.8451 3.6417 10.0458, -0.1838 3.6417 10.7354, -0.1495 3.6417 10.6916, -0.8451 3.6417 10.6755, -0.9084 3.6417 10.6271, -0.9558 3.6417 10.5624, 0.1044 3.6417 10.8866, 0.0086 3.6417 10.0296, -0.0546 3.6417 10.0458, -0.1021 3.6417 10.0781, 0.1351 3.6417 10.0458, 0.0718 3.6417 10.0296, 0.1825 3.6417 10.0781, 0.2141 3.6417 10.1265, -0.1337 3.6417 10.1265, 0.7845 3.6417 9.8077, 0.3248 3.6417 10.6916, 1.536 3.6417 10.103, 0.1672 3.6417 10.9776, -0.1495 3.6417 10.1911, 0.2299 3.6417 10.1911, 0.5303 3.6417 10.5624, 0.5145 3.6417 10.514, 0.5145 3.6417 10.4494, 0.9026 3.6417 9.8077, 1.4341 3.6417 10.0011, 0.641 3.6417 10.6755, 0.5777 3.6417 10.6271, -0.4044 3.6417 11.3413, -0.4415 3.6417 11.2514, -0.4453 3.6417 11.2856, 0.0011 3.6417 11.5389, -0.014 3.6417 11.4033, -0.0792 3.6417 11.4559, -0.5064 3.6417 11.3029, -0.4639 3.6417 11.3439, -0.4722 3.6417 11.3069, -0.0738 3.6417 11.3413, -0.136 3.6417 11.1947, -0.1338 3.6417 11.3881, -0.4347 3.6417 11.3307, -0.0435 3.6417 11.3307, -0.3616 3.6417 11.158, -0.4578 3.6417 11.1928, 0.1837 3.6417 11.1909, 0.0792 3.6417 11.1435, 0.0798 3.6417 11.2337, -0.3359 3.6417 11.1637, -0.433 3.6417 11.0636, -0.4449 3.6417 11.0727, -0.4195 3.6417 11.0702, -0.2721 3.6417 10.8362, -0.389 3.6417 10.7955, -0.4164 3.6417 10.9452, -0.2061 3.6417 10.8362, -0.1881 3.6417 10.7711, -0.2901 3.6417 10.7711, -0.1225 3.6417 11.1199, -0.0934 3.6417 10.9986, -0.1502 3.6417 11.137, -0.1559 3.6417 11.169, -0.1071 3.6417 10.9671, -0.0945 3.6417 10.9352, -0.0499 3.6417 11.0413, -0.4793 3.6417 10.8429, -0.4478 3.6417 10.9437, -0.0068 3.6417 11.1656, -0.0011 3.6417 11.1517, -0.0218 3.6417 11.1665, -0.0185 3.6417 11.0934, -0.0913 3.6417 11.1291, -0.3781 3.6417 11.1374, -0.459 3.6417 11.1319, -0.4739 3.6417 10.9612, -0.5556 3.6417 10.9105, -0.0143 3.6417 11.3439, 0.038 3.6417 11.2763, 0.007 3.6417 11.271, -0.2061 3.6417 11.412, -0.3221 3.6417 11.4891, -0.389 3.6417 11.5862, -0.2901 3.6417 11.6106, -0.5556 3.6417 11.4713, -0.4642 3.6417 11.4034, -0.4759 3.6417 11.3736, -0.5395 3.6417 11.1274, -0.6619 3.6417 11.1909, -0.5354 3.6417 11.2175, -0.5185 3.6417 11.0396, -0.6135 3.6417 10.9944, -0.6497 3.6417 11.0897, -0.6497 3.6417 11.2921, -0.399 3.6417 11.4559, -0.4793 3.6417 11.5389, -0.2391 3.6417 11.5004, -0.6135 3.6417 11.3874, -0.3922 3.6417 10.9654, -0.3444 3.6417 11.3881, -0.2721 3.6417 11.412, 0.066 3.6417 11.262, 0.1714 3.6417 11.2921, -0.3008 3.6417 11.1286, 0.0049 3.6417 10.9811, 0.0774 3.6417 10.9105, 0.0011 3.6417 10.8429, 0.1353 3.6417 10.9944, 0.0535 3.6417 11.0571, 0.1714 3.6417 11.0897, -0.0629 3.6417 10.9216, -0.0892 3.6417 10.7955, -0.3122 3.6417 11.1523, 0.1353 3.6417 11.3874, -0.3066 3.6417 11.103, -0.1561 3.6417 11.4891, -0.1881 3.6417 11.6106, -0.0892 3.6417 11.5862, 0.0774 3.6417 11.4713, -0.0023 3.6417 11.3735, 1.0046 3.6024 10.2718, 1.0046 3.6024 9.9328, 1.0995 3.6024 9.9328, 1.0995 3.6024 10.6916, -0.1838 3.6024 10.7354, -0.1881 3.6024 10.7711, -0.0892 3.6024 10.7955, 0.0774 3.6024 11.4713, 0.0011 3.6024 11.5389, 0.1044 3.6024 11.4952, 0.0011 3.6024 10.8429, -0.0764 3.6024 10.7618, -0.2901 3.6024 10.7711, -0.2944 3.6024 10.7354, -0.4018 3.6024 10.7618, -0.389 3.6024 10.7955, -0.4793 3.6024 10.8429, -0.4998 3.6024 10.8132, 0.0216 3.6024 10.8132, 0.1044 3.6024 10.8866, -0.5826 3.6024 10.8866, -0.5556 3.6024 10.9105, 0.0774 3.6024 10.9105, 0.1672 3.6024 10.9776, 0.2198 3.6024 11.1909, 0.1837 3.6024 11.1909, 0.2064 3.6024 11.3007, -0.6454 3.6024 10.9776, -0.6135 3.6024 10.9944, -0.0892 3.6024 11.5862, 0.0216 3.6024 11.5685, 0.1353 3.6024 11.3874, 0.1672 3.6024 11.4041, -0.2901 3.6024 11.6106, -0.389 3.6024 11.5862, -0.2944 3.6024 11.6464, -0.4018 3.6024 11.6199, -0.4793 3.6024 11.5389, -0.1881 3.6024 11.6106, -0.0764 3.6024 11.6199, -0.1838 3.6024 11.6464, -0.6454 3.6024 11.4041, -0.5556 3.6024 11.4713, -0.6135 3.6024 11.3874, -0.5826 3.6024 11.4952, -0.4998 3.6024 11.5685, 0.1714 3.6024 11.2921, -0.6619 3.6024 11.1909, -0.6497 3.6024 11.0897, -0.6846 3.6024 11.0811, 0.2064 3.6024 11.0811, 0.1714 3.6024 11.0897, 0.1353 3.6024 10.9944, -0.698 3.6024 11.1909, -0.6846 3.6024 11.3007, -0.6497 3.6024 11.2921, -0.2721 3.6024 11.412, -0.3221 3.6024 11.4891, -0.2391 3.6024 11.5004, -0.1561 3.6024 11.4891, -0.2061 3.6024 11.412, -0.4642 3.6024 11.4034, -0.399 3.6024 11.4559, -0.4044 3.6024 11.3413, -0.4639 3.6024 11.3439, -0.4759 3.6024 11.3736, -0.4347 3.6024 11.3307, -0.3444 3.6024 11.3881, -0.014 3.6024 11.4033, -0.0738 3.6024 11.3413, -0.0792 3.6024 11.4559, -0.0143 3.6024 11.3439, -0.0435 3.6024 11.3307, -0.0023 3.6024 11.3735, -0.1338 3.6024 11.3881, -0.2721 3.6024 10.8362, -0.2061 3.6024 10.8362, 0.038 3.6024 11.2763, 0.066 3.6024 11.262, 0.0798 3.6024 11.2337, -0.0945 3.6024 10.9352, -0.1071 3.6024 10.9671, -0.0934 3.6024 10.9986, -0.0011 3.6024 11.1517, -0.0068 3.6024 11.1656, 0.0792 3.6024 11.1435, -0.0629 3.6024 10.9216, -0.0499 3.6024 11.0413, 0.0049 3.6024 10.9811, -0.0185 3.6024 11.0934, 0.0535 3.6024 11.0571, 0.007 3.6024 11.271, -0.0218 3.6024 11.1665, -0.1502 3.6024 11.137, -0.1559 3.6024 11.169, -0.136 3.6024 11.1947, -0.0913 3.6024 11.1291, -0.1225 3.6024 11.1199, -0.4722 3.6024 11.3069, -0.4415 3.6024 11.2514, -0.4578 3.6024 11.1928, -0.5185 3.6024 11.0396, -0.4449 3.6024 11.0727, -0.4739 3.6024 10.9612, -0.433 3.6024 11.0636, -0.4478 3.6024 10.9437, -0.5064 3.6024 11.3029, -0.459 3.6024 11.1319, -0.5395 3.6024 11.1274, -0.4453 3.6024 11.2856, -0.5354 3.6024 11.2175, -0.3922 3.6024 10.9654, -0.4164 3.6024 10.9452, -0.4195 3.6024 11.0702, -0.3616 3.6024 11.158, -0.3359 3.6024 11.1637, -0.3066 3.6024 11.103, -0.3781 3.6024 11.1374, -0.3122 3.6024 11.1523, -0.3008 3.6024 11.1286, 0.7042 3.6024 10.3687, 0.641 3.6024 10.288, 0.6568 3.6024 10.3848, 0.72 3.6024 10.2718, 1.0046 3.6024 10.3687, 0.7042 3.6024 10.6109, 0.6568 3.6024 10.5947, 0.641 3.6024 10.6755, 0.6094 3.6024 10.4656, 0.5145 3.6024 10.514, 0.6094 3.6024 10.514, 0.5777 3.6024 10.6271, 0.5303 3.6024 10.5624, 0.6252 3.6024 10.5624, 0.5777 3.6024 10.3364, 0.6252 3.6024 10.4171, 0.72 3.6024 10.6916, 1.0046 3.6024 10.6109, 0.5145 3.6024 10.4494, 0.5303 3.6024 10.401, -0.1495 3.6024 10.6916, -0.1495 3.6024 10.1911, -0.2444 3.6024 10.1911, 0.1351 3.6024 10.0458, 0.1509 3.6024 9.9489, 0.0718 3.6024 10.0296, -0.2286 3.6024 10.1104, -0.1337 3.6024 10.1265, -0.1969 3.6024 10.0458, -0.1021 3.6024 10.0781, 0.0086 3.6024 9.9328, -0.0705 3.6024 9.9489, 0.0086 3.6024 10.0296, -0.0546 3.6024 10.0458, -0.1337 3.6024 9.9812, 0.0718 3.6024 9.9328, 0.1825 3.6024 10.0781, 0.2141 3.6024 9.9812, 0.2141 3.6024 10.1265, 0.2774 3.6024 10.0458, 0.309 3.6024 10.1104, 0.2299 3.6024 10.1911, 0.2299 3.6024 10.6916, 0.3248 3.6024 10.6916, 0.3248 3.6024 10.1911, -0.2444 3.6024 10.6916, -0.6396 3.6024 10.3848, -0.6238 3.6024 10.288, -0.687 3.6024 10.3687, -0.9084 3.6024 10.6271, -0.8451 3.6024 10.6755, -0.8293 3.6024 10.5786, -0.7819 3.6024 10.2718, -0.7819 3.6024 10.3687, -0.4815 3.6024 10.514, -0.4815 3.6024 10.4494, -0.5764 3.6024 10.4656, -0.8609 3.6024 10.3526, -0.5922 3.6024 10.4171, -0.5606 3.6024 10.3203, -0.4973 3.6024 10.3848, -0.5764 3.6024 10.4979, -0.4341 3.6024 10.1426, -0.4499 3.6024 10.0781, -0.5289 3.6024 10.1426, -0.687 3.6024 10.2718, -0.7819 3.6024 10.0296, -0.8609 3.6024 9.9489, -0.8451 3.6024 10.0458, -0.4973 3.6024 9.9973, -0.5922 3.6024 10.0458, -0.5447 3.6024 10.0942, -0.7819 3.6024 9.9328, -0.6554 3.6024 10.0296, -0.6554 3.6024 9.9328, -0.6238 3.6024 10.6755, -0.687 3.6024 10.5947, -0.687 3.6024 10.6916, -0.7819 3.6024 10.5947, -0.7661 3.6024 10.6916, -0.8451 3.6024 10.2557, -0.9242 3.6024 10.3203, -0.9242 3.6024 10.175, -0.8926 3.6024 10.2234, -0.9874 3.6024 10.0458, -1.019 3.6024 10.1104, -0.9242 3.6024 10.1265, -0.8926 3.6024 10.0781, -0.9242 3.6024 9.9812, -0.5764 3.6024 9.9489, -0.9558 3.6024 10.5624, -0.8609 3.6024 10.5463, -0.4973 3.6024 10.5786, -0.5922 3.6024 10.5463, -0.5606 3.6024 10.6432, -0.6396 3.6024 10.5786, -0.8767 3.6024 10.514, -0.9716 3.6024 10.514, -1.3036 3.6024 10.6916, -1.2087 3.6024 10.6916, -1.3036 3.6024 10.3848, -1.8411 3.6024 10.6916, -1.7463 3.6024 10.6916, -1.7463 3.6024 10.3848, -1.3036 3.6024 10.288, -1.7463 3.6024 10.288, -1.2087 3.6024 9.9328, -1.3036 3.6024 9.9328, -1.8411 3.6024 9.9475, -1.7463 3.6024 9.9328, -1.8298 3.6024 9.94, -1.8184 3.6024 9.9328, -1.6636 3.4055 9.8574, -1.7942 3.4055 9.9183, -1.9123 3.4055 10.0009, -2.0968 3.4055 10.2209, -1.3808 3.4055 9.8075, -1.5244 3.4055 9.82, -2.1577 3.4055 10.3515, -2.0142 3.4055 10.1028, -2.2076 3.4055 10.6343, -2.195 3.4055 10.4907, 1.3165 3.4055 9.9188, 0.7845 3.4055 9.8077, 0.9026 3.4055 9.8077, -1.7212 3.4055 11.4703, -1.5575 3.4055 11.5245, -1.6408 3.4055 11.5017, -1.7976 3.4055 11.4309, -1.8697 3.4055 11.3836, -1.9971 3.4055 11.268, -1.9365 3.4055 11.329, -1.3592 3.4055 11.5679, -2.0512 3.4055 11.2008, -2.1368 3.4055 11.0515, -2.098 3.4055 11.1283, -2.1676 3.4055 10.971, -2.1897 3.4055 10.8878, -1.1609 3.4055 11.6113, -2.2028 3.4055 10.8029, -2.2078 3.4055 10.7169, -0.6433 3.4055 11.7087, -1.1897 3.4055 9.7959, -0.4821 3.4055 11.7242, -0.9626 3.4055 11.6548, -1.1239 3.4055 9.7624, 0.6457 3.4055 9.7626, 0.7115 3.4055 9.7961, 0.3253 3.4055 11.6856, 0.4844 3.4055 11.6549, 0.0036 3.4055 11.7242, 0.1649 3.4055 11.7088, 1.6795 3.4055 10.3523, 1.7168 3.4055 10.4908, 1.7294 3.4055 10.6757, 1.7287 3.4055 10.717, 1.434 3.4055 10.0011, 1.5363 3.4055 10.1035, 1.619 3.4055 10.2218, 1.7175 3.4055 10.8568, 1.682 3.4055 10.9926, 0.881 3.4055 11.568, 1.7289 3.4055 10.6345, 1.5464 3.4055 11.2357, 1.0793 3.4055 11.5247, 1.4496 3.4055 11.3369, 1.3369 3.4055 11.4204, 1.2132 3.4055 11.4832, 1.6244 3.4055 11.1201, 0.6827 3.4055 11.6114, 1.1862 3.4055 9.8579, 1.0468 3.4055 9.8204, -0.1582 3.4055 11.732, 0.5599 3.4055 9.6445, -0.3974 3.4055 9.28, -0.0808 3.4055 9.28, -1.0716 3.4055 9.7101, -0.3202 3.4055 11.732, 0.5934 3.4055 9.7103, -1.0381 3.4055 9.6443, 0.235 3.4055 9.2569, 0.5483 3.4055 9.5715, 0.5483 3.4055 9.2108, -1.0265 3.4055 9.5713, -1.0265 3.4055 9.2108, -0.7132 3.4055 9.2569, -1.2627 3.4055 9.8075, -0.8034 3.4055 11.685, 0.5483 3.3591 9.0972, 0.5483 3.5937 8.9893, 0.5483 3.6298 9.0778, 0.5483 2.6181 8.8097, 0.5483 3.2874 8.8097, 0.5483 3.248 9.0505, 0.5483 3.3773 8.8215, 0.5483 3.3078 9.0625, 0.5483 3.3935 9.1493, 0.5483 3.4637 8.8577, 0.5483 2.6181 9.0505, 0.5483 3.5372 8.9148, 0.2567 3.5943 9.0364, 0.2368 3.3791 8.8725, 0.2354 3.2874 8.8606, -0.0806 3.2874 8.8861, -0.7452 3.6297 9.1213, -0.735 3.5943 9.0364, -1.0265 3.5937 8.9893, 0.267 3.6297 9.1213, -0.7151 3.3791 8.8725, -0.7193 3.4646 8.9077, -0.3995 3.4646 8.9335, -1.0265 3.5372 8.9148, -0.7261 3.538 8.9636, -0.0764 3.538 8.9898, -0.0787 3.4646 8.9335, -0.0801 3.3791 8.8981, -1.0265 3.4637 8.8577, -1.0265 3.3773 8.8215, -1.0265 3.2874 8.8097, -0.4018 3.538 8.9898, -0.0735 3.5943 9.0631, -0.4082 3.6297 9.1485, -1.0265 3.6298 9.0778, -0.4047 3.5943 9.0631, -0.3981 3.3791 8.8981, -0.7136 3.2874 8.8606, -0.07 3.6297 9.1485, 0.2411 3.4646 8.9077, -0.3976 3.2874 8.8861, 0.2479 3.538 8.9636, -1.0265 2.6181 8.8097, -1.0265 3.248 9.0505, -1.0265 2.6181 9.0505, -1.0265 3.3078 9.0625, -1.0265 3.3935 9.1493, -1.0265 3.3591 9.0972, 0.2365 3.3083 9.1104, -0.0803 3.3083 9.1345, -0.0807 3.248 9.1225, -0.4012 3.3936 9.2196, -0.7244 3.3936 9.195, 0.2462 3.3936 9.195, 0.2404 3.3594 9.1443, -0.398 3.3083 9.1345, -0.3975 3.248 9.1225, -0.079 3.3594 9.1685, -0.077 3.3936 9.2196, 0.2352 3.248 9.0984, -0.7186 3.3594 9.1443, -0.7147 3.3083 9.1104, -0.7134 3.248 9.0984, -0.3992 3.3594 9.1685, 1.7767 2.5787 8.6064, 1.7513 2.6076 8.6203, 1.7859 1.752 8.6013, 0.8511 2.6181 8.9806, 0.7392 -5.4134 9.0092, 1.0559 -5.4134 8.9195, 1.7167 2.6181 8.6388, 1.578 1.752 8.7091, -0.2391 -5.4134 9.1255, -1.8426 -5.4134 8.8051, -1.5341 -5.4134 8.9195, -1.6261 2.6181 8.8883, -0.5679 -5.4134 9.1125, -0.8947 -5.4134 9.0737, -1.8426 1.752 8.8051, 0.4165 -5.4134 9.0737, -1.2174 -5.4134 9.0092, -1.3293 2.6181 8.9806, -2.2295 2.6076 8.6203, -2.2641 1.752 8.6013, -2.1949 2.6181 8.6388, -2.0562 1.752 8.7091, -1.9151 2.6181 8.7741, -2.2641 2.5394 8.6013, -2.2549 2.5787 8.6064, 0.0897 -5.4134 9.1125, 1.1478 2.6181 8.8883, 1.3644 -5.4134 8.8051, 1.4369 2.6181 8.7741, 1.3644 1.752 8.8051, 1.7859 2.5394 8.6013, 1.6366 2.6076 8.4137, 1.602 2.6181 8.4322, 1.662 2.5787 8.3998, 1.6713 2.5394 8.3947, -1.5669 2.6181 8.6586, -1.4608 -5.4134 8.6949, -1.7519 -5.4134 8.587, 1.6713 1.752 8.3947, 1.4752 1.752 8.4964, -1.7519 1.752 8.587, -1.8276 2.6181 8.5546, -0.5493 -5.4134 8.877, -0.8576 -5.4134 8.8404, -1.9534 1.752 8.4964, 0.3794 -5.4134 8.8404, -1.1621 -5.4134 8.7795, -1.2994 2.6181 8.7438, -2.0802 2.6181 8.4322, -2.1495 1.752 8.3947, -2.1148 2.6076 8.4137, -2.1402 2.5787 8.3998, -2.1495 2.5394 8.3947, -0.2391 -5.4134 8.8893, 0.0711 -5.4134 8.877, 0.6839 -5.4134 8.7795, 0.9826 -5.4134 8.6949, 0.8212 2.6181 8.7438, 1.0886 2.6181 8.6586, 1.2737 -5.4134 8.587, 1.2737 1.752 8.587, 1.3494 2.6181 8.5546, -2.0147 -7.8386 3.9773, -2.0147 -7.5236 2.8558, -2.0147 -7.5236 3.9773, -2.0147 -7.8386 2.8558, -1.3466 -7.5236 1.7823, -1.302 -7.5236 1.676, -1.4624 -7.5236 1.4489, -2.1723 -7.5236 4.2024, -2.2115 -7.5236 3.9773, -1.4742 -7.5236 1.5602, -1.5093 -7.5236 1.6666, -1.4076 -7.5236 1.8802, -2.2115 -7.5236 2.8558, -2.1781 -7.5236 2.6474, -2.2031 -7.5236 2.7502, -2.1371 -7.5236 2.5498, -2.1244 -7.5236 4.3065, -2.0594 -7.5236 4.401, -2.2017 -7.5236 4.0915, -1.9625 -7.5236 4.5184, -2.0024 -7.5236 4.0842, -1.9291 -7.5236 4.4958, -1.9377 -7.5236 4.562, -1.966 -7.5236 4.1854, -1.9291 -7.5236 4.6113, -2.0811 -7.5236 2.4599, -1.5659 -7.5236 1.7632, -1.9228 -7.5236 2.5769, -1.777 -7.5236 4.442, -1.7523 -7.5236 4.4958, -1.9075 -7.5236 4.2757, -1.8106 -7.5236 4.3932, -1.9731 -7.5236 2.6626, -2.0042 -7.5236 2.757, -1.2747 -7.5236 1.5639, -1.2655 -7.5236 1.4489, -1.4624 -7.5236 -1.1812, -1.2655 -7.5236 -1.1812, -1.2655 -7.7414 -1.3267, -1.4624 -7.6811 -1.3387, -1.2655 -7.6811 -1.3387, -1.2655 -7.7924 -1.2926, -1.4624 -7.7414 -1.3267, -1.4624 -7.7924 -1.2926, -1.2655 -7.8266 -1.2415, -1.2655 -7.8386 -1.1812, -1.4624 -7.8266 -1.2415, -1.4624 -7.8386 -1.1812, -1.4624 -7.6208 -1.3267, -1.4624 -7.5698 -1.2926, -1.2655 -7.6208 -1.3267, -1.4624 -7.5356 -1.2415, -1.2655 -7.5698 -1.2926, -1.2655 -7.5356 -1.2415, -1.2655 -7.8386 1.4489, -1.4624 -7.8386 1.4489, -1.3466 -7.8386 1.7823, -1.4076 -7.8386 1.8802, -2.2115 -7.8386 3.9773, -2.2115 -7.8386 2.8558, -2.1244 -7.8386 4.3065, -2.0594 -7.8386 4.401, -1.5093 -7.8386 1.6666, -1.4742 -7.8386 1.5602, -2.1781 -7.8386 2.6474, -2.2031 -7.8386 2.7502, -2.1371 -7.8386 2.5498, -2.1723 -7.8386 4.2024, -2.2017 -7.8386 4.0915, -1.9625 -7.8386 4.5184, -2.0024 -7.8386 4.0842, -1.9377 -7.8386 4.562, -1.9075 -7.8386 4.2757, -1.9291 -7.8386 4.6113, -1.966 -7.8386 4.1854, -1.9291 -7.8386 4.8735, -1.8106 -7.8386 4.3932, -1.7323 -7.8386 4.8735, -1.7679 -7.8386 4.4592, -1.7323 -7.8386 4.6113, -1.7413 -7.8386 4.5332, -1.5659 -7.8386 1.7632, -1.9228 -7.8386 2.5769, -2.0811 -7.8386 2.4599, -1.9731 -7.8386 2.6626, -2.0042 -7.8386 2.757, -1.302 -7.8386 1.676, -1.2747 -7.8386 1.5639, -1.9291 -7.6469 6.0546, -1.9291 -7.6181 6.0834, -1.9291 -7.6575 6.0152, -1.9291 -7.5122 4.5459, -1.9291 -7.5787 6.094, -1.9291 -7.6575 5.031, -1.9291 -7.4338 4.6084, -1.9291 -7.4801 4.5861, -1.9291 -7.2926 3.8893, -1.9291 -7.2532 3.8211, -1.9291 -7.282 3.8499, -1.9291 -7.3361 4.5861, -1.9291 -5.9252 6.094, -1.9291 -5.9252 3.8105, -1.9291 -7.304 4.5459, -1.9291 -7.2926 4.4958, -1.9291 -7.2138 3.8105, -1.9291 -7.3824 4.6084, -1.9291 -7.7598 4.9522, -1.9291 -7.7992 4.9417, -1.9291 -7.7362 4.9522, -1.9291 -7.6968 4.9628, -1.9291 -7.668 4.9916, -1.9291 -7.828 4.9129, -1.7323 -7.828 4.9129, -1.7323 -7.7992 4.9417, -1.7323 -7.7598 4.9522, -1.7323 -7.7362 4.9522, -1.7323 -7.6968 4.9628, -1.7323 -7.668 4.9916, -1.7323 -7.6575 5.031, -1.7323 -7.6575 6.0152, -1.7323 -7.6469 6.0546, -1.7323 -7.6181 6.0834, -1.7323 -7.5787 6.094, -1.7323 -5.9252 6.094, -1.7323 -5.9252 3.8105, -1.7323 -7.2138 3.8105, -1.7323 -7.2532 3.8211, -1.7323 -7.282 3.8499, -1.7323 -7.2926 3.8893, -1.7323 -7.2926 4.4958, -1.7323 -7.3639 4.6025, -1.7323 -7.4081 4.6113, -1.7323 -7.3264 4.5775, -1.7323 -7.3014 4.54, -1.7324 -7.4517 4.6028, -1.7339 -7.4888 4.5784, -1.7397 -7.5146 4.5404
            ]
        }
        coordIndex [
            0,1,2,-1,3,4,5,-1,6,7,8,-1,9,10,11,-1,7,12,8,-1,13,14,15,-1,12,7,16,-1,17,18,19,-1,20,21,18,-1,22,17,23,-1,24,25,18,-1,21,19,18,-1,18,25,20,-1,17,22,26,-1,17,14,18,-1,23,17,19,-1,13,15,27,-1,17,15,14,-1,28,29,10,-1,16,27,15,-1,28,6,8,-1,16,7,27,-1,10,6,28,-1,30,31,5,-1,10,29,11,-1,31,32,5,-1,5,32,33,-1,31,30,29,-1,5,33,3,-1,29,34,11,-1,30,34,29,-1,35,0,11,-1,36,0,35,-1,0,2,37,-1,38,39,40,-1,39,41,2,-1,42,39,43,-1,40,44,45,-1,43,39,2,-1,40,46,47,-1,47,44,40,-1,48,2,41,-1,45,49,40,-1,49,38,40,-1,38,41,39,-1,50,37,2,-1,50,2,48,-1,51,52,53,-1,0,36,1,-1,9,11,54,-1,34,35,11,-1,53,54,55,-1,54,53,9,-1,55,51,53,-1,51,56,52,-1,52,56,57,-1,58,57,59,-1,57,56,59,-1,57,58,60,-1,57,60,61,-1,60,62,61,-1,63,64,65,-1,65,66,67,-1,66,65,64,-1,62,67,61,-1,66,61,67,-1,64,63,68,-1,68,63,69,-1,69,70,71,-1,71,68,69,-1,72,70,73,-1,70,72,71,-1,72,73,74,-1,75,76,74,-1,76,75,77,-1,76,78,74,-1,74,79,80,-1,78,79,74,-1,61,71,72,-1,80,81,74,-1,82,57,83,-1,61,83,57,-1,64,61,66,-1,61,72,83,-1,61,68,71,-1,64,68,61,-1,74,81,72,-1,81,83,72,-1,13,84,14,-1,13,27,85,-1,85,84,13,-1,18,14,84,-1,86,87,21,-1,20,88,86,-1,86,21,20,-1,88,25,89,-1,25,88,20,-1,90,89,24,-1,25,24,89,-1,18,84,90,-1,90,24,18,-1,21,87,19,-1,23,19,91,-1,87,91,19,-1,92,22,23,-1,23,91,92,-1,22,93,26,-1,93,22,92,-1,93,94,26,-1,26,94,17,-1,17,94,95,-1,17,95,15,-1,12,96,8,-1,97,12,16,-1,95,97,16,-1,97,96,12,-1,95,16,15,-1,8,96,98,-1,98,99,28,-1,28,8,98,-1,28,99,29,-1,99,100,29,-1,29,100,101,-1,29,101,31,-1,33,102,3,-1,4,3,103,-1,102,103,3,-1,104,5,4,-1,4,103,104,-1,102,33,105,-1,105,32,106,-1,32,105,33,-1,32,31,106,-1,106,31,101,-1,87,86,84,-1,84,89,90,-1,86,88,84,-1,84,88,89,-1,94,92,91,-1,94,91,87,-1,92,94,93,-1,95,94,84,-1,87,84,94,-1,85,95,84,-1,97,95,85,-1,96,97,85,-1,107,99,98,-1,98,96,85,-1,99,108,100,-1,108,99,107,-1,104,106,101,-1,103,102,104,-1,106,104,105,-1,104,102,105,-1,109,101,100,-1,104,101,109,-1,110,109,100,-1,110,108,111,-1,112,113,114,-1,112,111,108,-1,115,116,117,-1,118,117,114,-1,119,120,117,-1,114,117,120,-1,121,116,122,-1,122,116,123,-1,124,116,121,-1,125,123,116,-1,114,126,118,-1,125,116,115,-1,115,117,118,-1,127,114,113,-1,127,126,114,-1,128,112,114,-1,112,128,129,-1,129,111,112,-1,98,130,107,-1,110,100,108,-1,85,131,130,-1,98,85,130,-1,85,82,131,-1,82,132,131,-1,82,133,132,-1,82,134,133,-1,82,135,134,-1,135,82,83,-1,136,135,83,-1,137,138,79,-1,137,78,139,-1,78,137,79,-1,139,78,76,-1,80,79,138,-1,140,81,80,-1,80,138,140,-1,140,136,81,-1,136,83,81,-1,60,135,136,-1,140,73,62,-1,139,73,137,-1,60,136,62,-1,73,140,138,-1,62,136,140,-1,138,137,73,-1,141,142,139,-1,142,73,139,-1,62,73,69,-1,73,70,69,-1,67,63,65,-1,62,69,63,-1,63,67,62,-1,73,75,74,-1,75,73,142,-1,76,141,139,-1,141,76,77,-1,51,55,130,-1,51,131,56,-1,131,51,130,-1,56,131,132,-1,107,130,55,-1,54,108,107,-1,107,55,54,-1,54,11,108,-1,133,134,58,-1,59,133,58,-1,60,58,134,-1,134,135,60,-1,0,112,108,-1,0,108,11,-1,41,38,115,-1,118,41,115,-1,123,125,49,-1,115,38,125,-1,49,125,38,-1,122,45,44,-1,122,123,45,-1,45,123,49,-1,41,118,48,-1,50,48,126,-1,118,126,48,-1,50,127,37,-1,127,50,126,-1,113,0,37,-1,37,127,113,-1,113,112,0,-1,47,121,122,-1,47,122,44,-1,46,121,47,-1,121,46,124,-1,43,120,119,-1,43,119,42,-1,124,46,40,-1,124,40,116,-1,117,40,39,-1,117,116,40,-1,117,42,119,-1,42,117,39,-1,2,120,43,-1,120,2,114,-1,35,111,36,-1,110,35,34,-1,109,110,34,-1,110,111,35,-1,109,34,30,-1,36,111,129,-1,129,128,1,-1,1,36,129,-1,1,128,2,-1,128,114,2,-1,5,109,30,-1,109,5,104,-1,143,144,145,-1,143,145,146,-1,147,143,148,-1,143,147,144,-1,149,148,150,-1,148,149,147,-1,150,146,145,-1,150,145,149,-1,146,150,148,-1,146,148,143,-1,151,152,153,-1,154,155,156,-1,157,158,159,-1,159,154,160,-1,161,162,163,-1,157,164,158,-1,165,166,167,-1,167,168,169,-1,166,168,167,-1,163,162,170,-1,171,167,169,-1,170,172,173,-1,162,172,170,-1,174,175,173,-1,176,162,161,-1,161,177,176,-1,178,179,180,-1,181,158,164,-1,165,167,182,-1,175,183,173,-1,173,172,174,-1,182,173,183,-1,165,182,183,-1,169,178,171,-1,184,179,185,-1,178,180,171,-1,178,185,179,-1,186,181,184,-1,185,186,184,-1,186,158,181,-1,156,155,187,-1,160,157,159,-1,160,154,188,-1,188,154,156,-1,187,155,151,-1,151,153,187,-1,153,189,187,-1,189,153,190,-1,191,153,192,-1,153,191,190,-1,193,192,194,-1,195,196,197,-1,198,199,200,-1,193,200,201,-1,196,195,202,-1,203,204,198,-1,205,206,207,-1,208,209,210,-1,206,211,212,-1,207,206,212,-1,213,214,215,-1,216,211,206,-1,214,217,218,-1,213,215,219,-1,220,217,221,-1,218,215,214,-1,222,219,215,-1,223,219,222,-1,205,224,206,-1,221,217,225,-1,217,220,218,-1,224,225,217,-1,205,225,224,-1,211,216,208,-1,226,227,210,-1,208,216,209,-1,208,210,227,-1,228,226,229,-1,227,226,228,-1,228,229,195,-1,203,197,196,-1,195,229,202,-1,204,199,198,-1,197,203,198,-1,199,201,200,-1,201,192,193,-1,201,230,192,-1,230,191,192,-1,201,187,189,-1,201,189,230,-1,203,157,160,-1,164,196,202,-1,156,201,199,-1,199,204,188,-1,188,204,160,-1,156,187,201,-1,156,199,188,-1,203,196,157,-1,204,203,160,-1,164,157,196,-1,164,202,229,-1,164,229,181,-1,209,171,180,-1,167,216,206,-1,184,229,226,-1,226,210,179,-1,179,210,180,-1,184,181,229,-1,184,226,179,-1,209,216,171,-1,210,209,180,-1,167,171,216,-1,167,206,224,-1,167,224,182,-1,214,163,170,-1,161,213,219,-1,182,224,173,-1,224,217,173,-1,217,214,170,-1,173,217,170,-1,213,161,163,-1,214,213,163,-1,161,219,223,-1,161,223,177,-1,177,223,222,-1,177,222,176,-1,176,222,215,-1,176,215,162,-1,172,220,174,-1,172,162,218,-1,218,220,172,-1,162,215,218,-1,221,174,220,-1,175,221,225,-1,221,175,174,-1,175,225,183,-1,183,225,205,-1,183,205,165,-1,211,169,168,-1,166,212,168,-1,211,168,212,-1,166,165,207,-1,207,212,166,-1,165,205,207,-1,208,169,211,-1,208,227,178,-1,178,169,208,-1,185,227,228,-1,227,185,178,-1,185,228,186,-1,186,228,195,-1,186,195,158,-1,200,155,154,-1,159,198,154,-1,200,154,198,-1,159,158,197,-1,197,198,159,-1,158,195,197,-1,193,155,200,-1,193,194,151,-1,151,155,193,-1,152,194,192,-1,194,152,151,-1,152,192,153,-1,231,232,233,-1,234,235,236,-1,235,233,232,-1,237,236,238,-1,237,234,236,-1,239,240,231,-1,231,240,232,-1,240,239,241,-1,242,233,235,-1,242,235,234,-1,242,243,233,-1,243,244,233,-1,245,244,243,-1,242,234,246,-1,247,248,249,-1,246,234,250,-1,250,247,249,-1,246,250,249,-1,251,252,253,-1,254,255,256,-1,248,257,249,-1,258,248,259,-1,245,243,254,-1,260,254,243,-1,261,256,255,-1,254,262,255,-1,263,245,254,-1,264,242,246,-1,257,258,265,-1,264,246,257,-1,265,266,267,-1,257,248,258,-1,262,268,269,-1,269,270,262,-1,270,269,271,-1,260,268,262,-1,266,265,258,-1,271,269,272,-1,249,257,246,-1,243,242,260,-1,264,260,242,-1,254,260,262,-1,272,252,271,-1,252,272,253,-1,253,273,274,-1,253,274,251,-1,275,276,273,-1,253,277,275,-1,275,273,253,-1,273,276,274,-1,276,278,274,-1,274,278,251,-1,278,252,251,-1,252,278,279,-1,270,280,281,-1,262,270,281,-1,262,281,282,-1,270,271,280,-1,280,271,279,-1,271,252,279,-1,255,262,282,-1,255,282,283,-1,284,285,261,-1,255,283,284,-1,284,261,255,-1,261,285,256,-1,285,286,256,-1,256,286,254,-1,286,263,254,-1,263,286,287,-1,288,280,279,-1,289,240,286,-1,288,290,291,-1,292,293,288,-1,282,281,293,-1,294,295,296,-1,288,291,292,-1,297,282,293,-1,235,298,236,-1,232,299,235,-1,300,238,298,-1,238,236,298,-1,294,296,300,-1,300,298,294,-1,301,238,300,-1,299,298,235,-1,232,240,289,-1,299,232,289,-1,286,241,287,-1,286,240,241,-1,286,282,289,-1,286,285,283,-1,285,284,283,-1,286,283,282,-1,282,297,289,-1,280,288,281,-1,293,281,288,-1,279,302,288,-1,302,279,277,-1,277,279,278,-1,275,277,276,-1,277,278,276,-1,258,301,300,-1,301,258,259,-1,296,295,266,-1,258,300,296,-1,296,266,258,-1,266,295,267,-1,295,294,267,-1,267,294,265,-1,257,265,294,-1,294,298,257,-1,268,289,297,-1,269,268,297,-1,299,289,260,-1,268,260,289,-1,264,257,298,-1,264,299,260,-1,299,264,298,-1,269,297,293,-1,303,293,292,-1,293,303,269,-1,292,291,304,-1,304,303,292,-1,290,305,291,-1,304,291,305,-1,290,306,305,-1,307,308,309,-1,310,311,312,-1,310,313,311,-1,314,315,309,-1,316,313,317,-1,316,318,313,-1,307,319,320,-1,312,311,321,-1,311,322,321,-1,312,323,310,-1,324,322,325,-1,290,326,324,-1,290,324,327,-1,290,288,326,-1,318,328,329,-1,330,309,331,-1,332,306,290,-1,333,290,327,-1,309,330,314,-1,334,332,290,-1,333,334,290,-1,325,327,324,-1,325,322,311,-1,318,329,313,-1,313,329,311,-1,335,336,328,-1,328,336,329,-1,328,331,335,-1,328,330,331,-1,308,307,337,-1,315,307,309,-1,337,307,320,-1,338,337,320,-1,339,320,319,-1,340,341,342,-1,340,343,344,-1,344,341,340,-1,345,343,346,-1,343,345,344,-1,347,348,346,-1,345,346,348,-1,349,348,347,-1,350,342,341,-1,351,352,350,-1,342,350,352,-1,351,353,354,-1,354,352,351,-1,355,353,339,-1,353,355,354,-1,355,339,319,-1,343,347,346,-1,356,347,343,-1,340,342,356,-1,340,356,343,-1,307,342,352,-1,342,307,356,-1,319,307,354,-1,352,354,307,-1,319,354,355,-1,357,358,356,-1,359,360,361,-1,362,363,364,-1,356,363,357,-1,365,366,359,-1,367,368,360,-1,367,360,369,-1,370,365,359,-1,359,361,370,-1,370,361,371,-1,372,373,366,-1,374,302,375,-1,374,376,372,-1,277,253,377,-1,378,253,272,-1,378,272,379,-1,380,381,363,-1,362,380,363,-1,378,377,253,-1,369,382,383,-1,302,377,375,-1,377,302,277,-1,375,376,374,-1,376,373,372,-1,373,359,366,-1,369,360,382,-1,359,382,360,-1,384,383,385,-1,383,382,385,-1,383,384,381,-1,383,381,380,-1,364,363,356,-1,386,356,358,-1,386,358,387,-1,386,347,356,-1,386,349,347,-1,339,353,351,-1,341,320,350,-1,320,339,351,-1,386,320,341,-1,350,320,351,-1,344,386,341,-1,349,386,345,-1,344,345,386,-1,349,345,348,-1,338,358,337,-1,338,320,387,-1,387,358,338,-1,320,386,387,-1,357,337,358,-1,308,357,363,-1,357,308,337,-1,308,363,309,-1,309,363,381,-1,309,381,331,-1,384,336,335,-1,329,385,382,-1,385,336,384,-1,381,335,331,-1,381,384,335,-1,329,336,385,-1,329,382,359,-1,329,359,311,-1,373,327,325,-1,333,376,375,-1,376,327,373,-1,359,325,311,-1,359,373,325,-1,333,327,376,-1,333,375,377,-1,333,377,334,-1,378,332,377,-1,379,306,378,-1,332,334,377,-1,378,306,332,-1,272,269,303,-1,303,304,272,-1,305,379,304,-1,272,304,379,-1,306,379,305,-1,302,326,288,-1,324,374,372,-1,374,324,326,-1,302,374,326,-1,324,372,366,-1,324,366,322,-1,321,370,312,-1,321,322,365,-1,365,370,321,-1,322,366,365,-1,371,312,370,-1,323,371,361,-1,371,323,312,-1,323,361,310,-1,310,361,360,-1,310,360,313,-1,317,367,316,-1,317,313,368,-1,368,367,317,-1,313,360,368,-1,369,316,367,-1,318,369,383,-1,369,318,316,-1,318,383,328,-1,328,383,380,-1,328,380,330,-1,362,315,314,-1,307,364,356,-1,364,315,362,-1,380,314,330,-1,380,362,314,-1,307,315,364,-1,388,389,390,-1,390,391,388,-1,392,393,394,-1,393,392,395,-1,396,397,398,-1,399,397,400,-1,399,398,397,-1,399,400,395,-1,400,393,395,-1,393,400,401,-1,402,403,404,-1,405,406,407,-1,408,409,410,-1,411,412,413,-1,414,407,415,-1,416,417,418,-1,419,420,421,-1,417,422,406,-1,423,422,417,-1,405,407,424,-1,407,425,424,-1,426,419,421,-1,427,428,429,-1,414,430,407,-1,407,431,415,-1,407,432,433,-1,430,432,407,-1,433,434,407,-1,434,425,407,-1,435,436,406,-1,435,406,405,-1,417,436,418,-1,436,417,406,-1,437,417,416,-1,438,439,440,-1,439,437,441,-1,440,439,441,-1,442,443,444,-1,445,446,410,-1,442,447,448,-1,449,450,451,-1,450,447,451,-1,452,453,454,-1,455,456,454,-1,457,458,459,-1,457,459,453,-1,460,458,461,-1,458,460,459,-1,462,411,463,-1,464,465,411,-1,466,467,468,-1,465,469,411,-1,467,466,470,-1,464,471,466,-1,465,464,468,-1,461,470,466,-1,472,473,474,-1,475,476,477,-1,478,479,480,-1,476,481,482,-1,483,479,475,-1,477,476,482,-1,477,484,475,-1,479,483,480,-1,475,484,483,-1,485,402,486,-1,487,488,478,-1,489,490,491,-1,492,493,494,-1,472,474,491,-1,495,496,497,-1,498,402,485,-1,499,500,501,-1,502,503,498,-1,504,501,500,-1,505,506,502,-1,504,500,507,-1,508,509,510,-1,511,512,513,-1,507,506,504,-1,505,514,506,-1,473,472,515,-1,516,499,517,-1,512,517,513,-1,512,511,426,-1,511,518,426,-1,518,519,426,-1,520,521,419,-1,519,520,426,-1,419,426,520,-1,521,522,419,-1,444,443,409,-1,460,461,466,-1,448,443,442,-1,523,453,452,-1,453,523,457,-1,452,454,456,-1,451,455,449,-1,456,455,451,-1,450,448,447,-1,438,440,446,-1,409,445,410,-1,409,408,444,-1,438,446,445,-1,437,439,417,-1,439,492,417,-1,524,525,526,-1,417,492,494,-1,527,528,529,-1,530,491,490,-1,507,531,502,-1,484,532,533,-1,534,535,536,-1,537,429,428,-1,538,539,411,-1,538,411,540,-1,463,411,541,-1,411,469,541,-1,466,468,464,-1,542,543,389,-1,544,545,546,-1,547,474,473,-1,497,496,493,-1,548,546,549,-1,544,550,551,-1,530,472,491,-1,404,488,552,-1,531,553,554,-1,524,547,555,-1,556,554,553,-1,557,558,551,-1,559,560,512,-1,561,535,510,-1,508,510,534,-1,547,524,526,-1,509,508,562,-1,526,474,547,-1,563,564,565,-1,526,566,474,-1,567,563,562,-1,474,566,542,-1,563,565,568,-1,542,566,543,-1,494,389,388,-1,542,389,494,-1,512,388,559,-1,494,388,512,-1,516,512,560,-1,564,563,567,-1,516,517,512,-1,499,501,517,-1,569,570,571,-1,569,572,508,-1,507,502,506,-1,503,531,554,-1,567,572,573,-1,503,502,531,-1,534,536,574,-1,535,561,557,-1,552,402,404,-1,570,569,508,-1,575,573,572,-1,567,562,572,-1,508,572,562,-1,551,535,557,-1,576,529,577,-1,550,544,546,-1,545,549,546,-1,549,495,548,-1,548,495,497,-1,493,496,578,-1,493,578,494,-1,494,578,579,-1,542,494,580,-1,494,579,580,-1,544,551,558,-1,550,576,551,-1,534,510,535,-1,528,527,581,-1,536,556,574,-1,480,487,478,-1,574,556,553,-1,582,583,584,-1,503,403,498,-1,585,586,587,-1,498,403,402,-1,587,584,588,-1,488,487,552,-1,588,584,589,-1,484,533,590,-1,533,429,537,-1,591,528,581,-1,411,592,429,-1,591,581,593,-1,412,411,539,-1,577,529,528,-1,577,528,594,-1,594,528,595,-1,584,587,582,-1,586,582,587,-1,594,595,589,-1,588,589,595,-1,576,577,551,-1,591,596,597,-1,593,471,464,-1,597,598,591,-1,591,598,476,-1,476,598,481,-1,590,483,484,-1,533,537,599,-1,429,592,600,-1,411,413,592,-1,533,599,590,-1,600,427,429,-1,462,540,411,-1,593,464,601,-1,593,601,591,-1,596,591,602,-1,591,601,602,-1,603,604,605,-1,606,607,608,-1,609,610,611,-1,612,613,614,-1,605,615,603,-1,616,613,612,-1,617,618,604,-1,619,620,621,-1,622,617,604,-1,623,624,625,-1,626,627,628,-1,629,630,631,-1,632,633,634,-1,635,634,629,-1,629,636,637,-1,629,634,636,-1,638,633,632,-1,628,639,640,-1,641,642,643,-1,644,638,645,-1,618,646,647,-1,646,618,617,-1,648,640,649,-1,650,651,652,-1,614,613,653,-1,653,613,635,-1,654,655,656,-1,657,658,659,-1,660,661,662,-1,663,649,664,-1,665,660,663,-1,646,625,647,-1,624,647,625,-1,664,665,663,-1,666,609,662,-1,661,660,665,-1,667,658,668,-1,656,669,654,-1,654,667,655,-1,657,659,670,-1,670,609,666,-1,666,662,661,-1,649,663,648,-1,639,628,627,-1,649,640,639,-1,626,628,671,-1,672,673,622,-1,621,674,675,-1,629,653,635,-1,676,673,626,-1,677,678,679,-1,638,632,645,-1,677,680,678,-1,681,620,682,-1,680,677,681,-1,642,644,643,-1,683,679,684,-1,643,644,645,-1,630,629,684,-1,673,676,685,-1,634,633,636,-1,629,631,626,-1,684,637,683,-1,679,683,677,-1,682,680,681,-1,619,682,620,-1,675,674,686,-1,619,621,675,-1,613,616,652,-1,686,674,651,-1,627,626,631,-1,687,626,671,-1,626,687,676,-1,684,629,637,-1,688,669,689,-1,688,690,608,-1,689,690,688,-1,691,686,692,-1,616,650,652,-1,650,692,651,-1,651,692,686,-1,691,692,607,-1,691,607,606,-1,690,606,608,-1,689,669,656,-1,603,622,604,-1,685,622,673,-1,655,667,668,-1,670,659,609,-1,668,658,657,-1,610,615,611,-1,609,659,610,-1,611,615,605,-1,622,603,672,-1,533,532,693,-1,693,694,533,-1,429,533,694,-1,694,695,429,-1,411,429,695,-1,695,696,411,-1,697,698,699,-1,700,701,702,-1,699,703,704,-1,705,698,706,-1,705,707,708,-1,709,708,710,-1,711,703,712,-1,709,713,714,-1,712,715,716,-1,717,718,719,-1,720,721,714,-1,722,723,701,-1,724,700,725,-1,726,727,728,-1,729,727,730,-1,722,731,732,-1,733,731,726,-1,734,735,736,-1,737,738,730,-1,719,739,725,-1,740,741,742,-1,717,743,744,-1,735,734,737,-1,743,716,745,-1,742,746,740,-1,746,747,748,-1,720,741,721,-1,742,741,720,-1,720,714,713,-1,713,709,710,-1,710,708,707,-1,707,705,706,-1,706,698,697,-1,697,699,704,-1,704,703,711,-1,712,703,715,-1,716,715,745,-1,743,745,744,-1,717,744,718,-1,719,718,739,-1,725,739,724,-1,725,700,702,-1,702,701,723,-1,723,722,732,-1,732,731,733,-1,733,726,728,-1,728,727,729,-1,729,730,738,-1,737,730,735,-1,734,736,747,-1,746,748,740,-1,747,736,748,-1,749,750,751,-1,751,752,753,-1,754,755,756,-1,757,758,754,-1,754,756,759,-1,757,754,759,-1,760,755,750,-1,755,760,756,-1,761,762,763,-1,760,750,749,-1,761,764,765,-1,764,761,766,-1,761,765,762,-1,763,762,767,-1,753,768,749,-1,753,752,767,-1,763,767,752,-1,751,753,749,-1,753,769,768,-1,770,771,772,-1,773,774,775,-1,772,776,777,-1,778,776,772,-1,779,780,781,-1,782,783,781,-1,773,775,779,-1,780,782,781,-1,775,780,779,-1,782,776,783,-1,770,772,777,-1,783,776,778,-1,770,777,784,-1,784,777,785,-1,786,787,788,-1,788,785,789,-1,788,789,790,-1,786,788,790,-1,788,784,785,-1,791,792,793,-1,794,795,796,-1,796,797,798,-1,791,793,799,-1,800,794,801,-1,791,802,792,-1,799,793,803,-1,801,793,800,-1,793,801,803,-1,797,804,805,-1,800,795,794,-1,797,805,798,-1,795,797,796,-1,804,797,806,-1,807,808,809,-1,810,804,806,-1,808,811,809,-1,809,811,812,-1,810,807,809,-1,810,809,804,-1,813,814,815,-1,813,816,814,-1,695,694,693,-1,817,816,813,-1,693,816,817,-1,695,693,696,-1,818,819,820,-1,821,822,823,-1,820,819,824,-1,825,824,826,-1,827,828,815,-1,696,693,817,-1,829,696,830,-1,696,817,830,-1,820,829,818,-1,830,818,829,-1,819,826,824,-1,825,823,822,-1,826,823,825,-1,831,821,832,-1,821,831,822,-1,821,828,832,-1,832,828,827,-1,827,815,814,-1,833,834,835,-1,836,837,838,-1,839,840,841,-1,842,841,840,-1,843,844,845,-1,846,847,842,-1,843,838,848,-1,849,850,836,-1,851,852,849,-1,853,852,851,-1,851,854,853,-1,854,855,856,-1,854,857,853,-1,854,856,857,-1,849,852,850,-1,850,837,836,-1,837,848,838,-1,843,845,838,-1,844,846,845,-1,844,847,846,-1,847,841,842,-1,839,834,840,-1,839,835,834,-1,835,858,833,-1,859,860,861,-1,862,863,864,-1,861,865,866,-1,867,868,869,-1,870,866,865,-1,859,871,872,-1,872,860,859,-1,873,871,869,-1,874,867,869,-1,875,876,877,-1,861,878,865,-1,879,880,881,-1,882,883,884,-1,885,886,887,-1,878,861,860,-1,888,889,890,-1,891,892,889,-1,893,870,865,-1,893,894,870,-1,895,391,390,-1,896,390,894,-1,897,898,899,-1,897,899,900,-1,881,901,900,-1,883,902,886,-1,877,876,884,-1,882,884,876,-1,883,882,902,-1,902,887,886,-1,885,879,886,-1,885,880,879,-1,880,901,881,-1,901,897,900,-1,895,899,898,-1,898,391,895,-1,390,896,895,-1,896,894,893,-1,903,862,904,-1,863,891,864,-1,871,873,872,-1,873,869,868,-1,867,874,905,-1,905,906,907,-1,874,906,905,-1,907,908,888,-1,906,908,907,-1,908,889,888,-1,890,889,892,-1,892,891,863,-1,864,904,862,-1,904,909,903,-1,903,909,910,-1,911,912,913,-1,914,915,916,-1,917,918,913,-1,916,918,914,-1,919,917,912,-1,912,917,913,-1,919,920,917,-1,914,918,921,-1,918,916,913,-1,918,922,921,-1,921,922,923,-1,922,924,923,-1,535,551,858,-1,858,835,535,-1,536,535,835,-1,835,839,536,-1,556,536,839,-1,839,841,556,-1,554,556,841,-1,841,847,554,-1,503,554,847,-1,847,844,503,-1,403,503,844,-1,844,843,403,-1,404,403,843,-1,843,848,404,-1,488,404,848,-1,848,837,488,-1,478,488,837,-1,837,850,478,-1,479,478,850,-1,850,852,479,-1,475,479,852,-1,852,853,475,-1,476,475,853,-1,853,857,476,-1,591,476,857,-1,857,856,591,-1,595,528,855,-1,855,854,595,-1,588,595,854,-1,854,851,588,-1,587,588,851,-1,851,849,587,-1,585,587,849,-1,849,836,585,-1,586,585,836,-1,836,838,586,-1,582,586,838,-1,838,845,582,-1,583,582,845,-1,845,846,583,-1,584,583,846,-1,846,842,584,-1,589,584,842,-1,842,840,589,-1,594,589,840,-1,840,834,594,-1,577,594,834,-1,834,833,577,-1,568,565,896,-1,896,893,568,-1,565,564,895,-1,895,896,565,-1,564,567,899,-1,899,895,564,-1,567,573,900,-1,900,899,567,-1,573,575,881,-1,881,900,573,-1,575,572,879,-1,879,881,575,-1,572,569,886,-1,886,879,572,-1,569,571,883,-1,883,886,569,-1,571,570,884,-1,884,883,571,-1,570,508,877,-1,877,884,570,-1,508,534,875,-1,875,877,508,-1,534,574,876,-1,876,875,534,-1,574,553,882,-1,882,876,574,-1,553,531,902,-1,902,882,553,-1,531,507,887,-1,887,902,531,-1,507,500,885,-1,885,887,507,-1,500,499,880,-1,880,885,500,-1,499,516,901,-1,901,880,499,-1,516,560,897,-1,897,901,516,-1,560,559,898,-1,898,897,560,-1,559,388,391,-1,391,898,559,-1,925,926,521,-1,927,921,926,-1,414,928,430,-1,926,522,521,-1,925,521,520,-1,519,929,930,-1,519,930,520,-1,518,929,519,-1,925,520,930,-1,924,522,926,-1,921,923,926,-1,926,923,924,-1,430,928,931,-1,932,414,415,-1,933,433,934,-1,432,934,433,-1,434,433,933,-1,432,931,934,-1,932,415,927,-1,432,430,931,-1,414,932,928,-1,921,927,431,-1,415,431,927,-1,431,407,914,-1,914,921,431,-1,494,512,919,-1,919,912,494,-1,512,426,920,-1,920,919,512,-1,426,421,917,-1,917,920,426,-1,420,419,922,-1,922,918,420,-1,419,522,924,-1,924,922,419,-1,935,936,937,-1,938,939,940,-1,939,941,942,-1,938,941,939,-1,943,939,944,-1,939,942,944,-1,945,943,946,-1,943,945,939,-1,947,945,948,-1,945,946,948,-1,949,950,945,-1,949,945,947,-1,951,945,952,-1,950,952,945,-1,953,951,952,-1,954,955,956,-1,951,955,957,-1,958,959,960,-1,961,960,962,-1,963,960,964,-1,936,965,966,-1,967,968,960,-1,936,969,970,-1,970,971,936,-1,972,973,974,-1,975,967,960,-1,976,977,974,-1,977,978,979,-1,979,980,977,-1,977,976,978,-1,981,976,974,-1,974,982,972,-1,974,973,981,-1,960,936,966,-1,982,968,972,-1,936,935,969,-1,983,935,937,-1,983,937,984,-1,975,960,966,-1,965,936,971,-1,960,982,962,-1,960,968,982,-1,963,985,960,-1,964,960,961,-1,986,987,988,-1,955,958,960,-1,985,955,960,-1,989,959,958,-1,985,990,955,-1,959,989,991,-1,986,991,992,-1,989,992,991,-1,993,994,988,-1,995,994,993,-1,992,996,987,-1,986,988,994,-1,996,997,998,-1,998,987,996,-1,999,926,929,-1,953,933,955,-1,956,955,990,-1,986,992,987,-1,1000,955,954,-1,955,951,953,-1,955,1000,957,-1,955,934,999,-1,929,926,925,-1,929,925,930,-1,999,932,927,-1,926,999,927,-1,999,931,928,-1,932,999,928,-1,955,933,934,-1,931,999,934,-1,600,592,969,-1,935,427,600,-1,600,969,935,-1,427,983,428,-1,983,427,935,-1,537,428,984,-1,983,984,428,-1,937,599,537,-1,537,984,937,-1,969,592,970,-1,971,970,413,-1,592,413,970,-1,412,965,971,-1,971,413,412,-1,965,539,966,-1,539,965,412,-1,539,538,966,-1,966,538,975,-1,599,936,590,-1,936,599,937,-1,480,959,487,-1,960,480,483,-1,480,960,959,-1,936,960,483,-1,936,483,590,-1,959,991,487,-1,991,986,552,-1,552,487,991,-1,552,986,402,-1,986,994,402,-1,402,994,995,-1,1001,1002,1003,-1,1004,1005,1006,-1,402,995,486,-1,1007,1008,1006,-1,486,995,1009,-1,1007,1006,1005,-1,1010,1008,1007,-1,1006,1011,1004,-1,1008,1012,1001,-1,1012,1008,1010,-1,1003,1009,1001,-1,1012,1002,1001,-1,1009,1003,486,-1,1002,1013,1003,-1,1014,1015,1016,-1,1017,1018,1019,-1,1020,486,1003,-1,486,1020,485,-1,1021,1022,1023,-1,1024,1019,1025,-1,1023,1026,1027,-1,1016,1028,1014,-1,1022,1029,1025,-1,1007,1005,1015,-1,1025,1029,1024,-1,1030,1029,1022,-1,1019,1018,1025,-1,1021,1031,1030,-1,1032,1033,1026,-1,1020,1003,1013,-1,505,502,1034,-1,1035,1017,1019,-1,1017,514,505,-1,1017,1035,514,-1,502,498,1034,-1,1034,1017,505,-1,1022,1025,1032,-1,1018,1034,1036,-1,1032,1023,1022,-1,1032,1025,1036,-1,1021,1037,1038,-1,1031,1021,1038,-1,1030,1022,1021,-1,1034,1018,1017,-1,498,485,1039,-1,1027,1037,1023,-1,1018,1036,1025,-1,1036,1033,1032,-1,1028,1027,1040,-1,1032,1026,1023,-1,1037,1028,1041,-1,1038,1037,1041,-1,1021,1023,1037,-1,1036,1034,1039,-1,1039,1034,498,-1,1042,1026,1013,-1,1036,1039,1033,-1,1026,1033,1013,-1,1040,1027,1042,-1,1027,1026,1042,-1,1028,1040,1014,-1,1041,1028,1016,-1,1037,1027,1028,-1,1033,1039,1020,-1,485,1020,1039,-1,1002,1012,1042,-1,1033,1020,1013,-1,1002,1042,1013,-1,1012,1010,1040,-1,1012,1040,1042,-1,1010,1007,1014,-1,1010,1014,1040,-1,1015,1014,1007,-1,1043,1044,1031,-1,1044,1043,1045,-1,1046,1030,1044,-1,1047,514,1035,-1,1035,1019,1048,-1,514,1047,997,-1,997,506,514,-1,997,996,506,-1,1024,1048,1019,-1,1048,1047,1035,-1,1046,1024,1029,-1,1024,1046,1048,-1,1044,1030,1031,-1,1029,1030,1046,-1,501,989,517,-1,992,501,504,-1,501,992,989,-1,996,992,504,-1,996,504,506,-1,989,958,517,-1,958,955,513,-1,513,517,958,-1,513,955,511,-1,955,999,511,-1,511,999,929,-1,511,929,518,-1,1049,1050,1051,-1,987,998,1052,-1,987,1052,988,-1,998,997,1053,-1,1054,1055,1009,-1,1056,1057,1050,-1,995,1054,1009,-1,1058,1054,1059,-1,1060,1049,1051,-1,1059,988,1052,-1,1052,998,1053,-1,1051,1050,1057,-1,1008,1060,1006,-1,1048,1046,1061,-1,1048,1061,1053,-1,1046,1044,1062,-1,1048,1053,1047,-1,1053,997,1047,-1,1062,1063,1056,-1,1061,1046,1062,-1,1061,1064,1052,-1,1044,1063,1062,-1,1052,1053,1061,-1,988,1059,993,-1,1063,1057,1056,-1,1061,1062,1064,-1,1064,1058,1059,-1,1062,1056,1064,-1,1052,1064,1059,-1,1055,1001,1009,-1,1050,1049,1055,-1,1064,1056,1058,-1,1058,1050,1055,-1,1056,1050,1058,-1,1059,1054,993,-1,995,993,1054,-1,1001,1049,1008,-1,1058,1055,1054,-1,1001,1055,1049,-1,1060,1008,1049,-1,1065,1066,1067,-1,1068,1069,1070,-1,1071,1072,1067,-1,1051,1057,1073,-1,1074,1075,1076,-1,1057,1077,1073,-1,1077,1063,1078,-1,1079,1074,1076,-1,1006,1060,1080,-1,1078,1045,1081,-1,1045,1078,1044,-1,1082,1075,1081,-1,1083,1084,1085,-1,1082,1081,1045,-1,1086,1087,1085,-1,1088,1084,1089,-1,1084,1083,1089,-1,1087,1086,1079,-1,1086,1085,1084,-1,1075,1082,1076,-1,1076,1087,1079,-1,1063,1044,1078,-1,1090,1051,1073,-1,1063,1077,1057,-1,1090,1080,1060,-1,1060,1051,1090,-1,1011,1080,1069,-1,1011,1006,1080,-1,1068,1070,1091,-1,1011,1069,1068,-1,1091,1070,1092,-1,1072,1093,1094,-1,1066,1071,1067,-1,1093,1091,1094,-1,1091,1092,1094,-1,1071,1093,1072,-1,1067,1095,1065,-1,1066,1065,1096,-1,1097,1071,1066,-1,1066,1096,1097,-1,1096,1065,1098,-1,1065,1095,1098,-1,1098,1095,1099,-1,1100,1101,1102,-1,1097,1103,1104,-1,1096,1103,1097,-1,1105,1106,1100,-1,1100,1102,1105,-1,1107,1108,1038,-1,1105,1109,1106,-1,1005,1110,1015,-1,1108,1111,1043,-1,1043,1031,1108,-1,1112,1111,1101,-1,1113,1109,1114,-1,1112,1043,1111,-1,1109,1113,1106,-1,1115,1114,1116,-1,1115,1113,1114,-1,1100,1112,1101,-1,1117,1116,1114,-1,1038,1041,1107,-1,1031,1038,1108,-1,1107,1041,1118,-1,1016,1119,1118,-1,1041,1016,1118,-1,1119,1015,1110,-1,1015,1119,1016,-1,1004,1120,1110,-1,1004,1110,1005,-1,1121,1120,1122,-1,1004,1122,1120,-1,1121,1123,1124,-1,1123,1121,1122,-1,1125,1126,1104,-1,1126,1125,1123,-1,1123,1125,1124,-1,1097,1104,1126,-1,1103,1098,1099,-1,1098,1103,1096,-1,1123,1091,1093,-1,1091,1123,1122,-1,1122,1004,1068,-1,1068,1091,1122,-1,1004,1011,1068,-1,1126,1123,1093,-1,1071,1126,1093,-1,1126,1071,1097,-1,1076,1082,1112,-1,1082,1043,1112,-1,1082,1045,1043,-1,1100,1076,1112,-1,1087,1100,1106,-1,1100,1087,1076,-1,1085,1106,1113,-1,1087,1106,1085,-1,1085,1113,1115,-1,1083,1115,1116,-1,1115,1083,1085,-1,1116,1089,1083,-1,1116,1117,1089,-1,1089,1117,1088,-1,1117,1084,1088,-1,1084,1117,1114,-1,1067,1104,1103,-1,1094,1125,1072,-1,1072,1125,1104,-1,1104,1067,1072,-1,1084,1109,1086,-1,1079,1086,1105,-1,1086,1109,1105,-1,1084,1114,1109,-1,1094,1092,1124,-1,1094,1124,1125,-1,1111,1108,1075,-1,1118,1077,1078,-1,1073,1077,1118,-1,1081,1107,1078,-1,1107,1118,1078,-1,1108,1081,1075,-1,1081,1108,1107,-1,1075,1074,1111,-1,1101,1111,1074,-1,1120,1121,1092,-1,1069,1119,1110,-1,1074,1102,1101,-1,1120,1070,1110,-1,1118,1119,1080,-1,1090,1073,1118,-1,1090,1118,1080,-1,1080,1119,1069,-1,1069,1110,1070,-1,1070,1120,1092,-1,1092,1121,1124,-1,1105,1102,1074,-1,1105,1074,1079,-1,1095,1103,1099,-1,1103,1095,1067,-1,1127,1128,1129,-1,1127,1130,1128,-1,1131,1132,1133,-1,1134,1129,1135,-1,1136,1137,1138,-1,1133,1138,1131,-1,1135,1129,1139,-1,1140,1141,1139,-1,1140,1139,1142,-1,1134,1143,1129,-1,1129,1143,1144,-1,1134,1135,1145,-1,1146,1147,1144,-1,1148,1146,1149,-1,1148,1150,1146,-1,1148,1149,1151,-1,1142,1128,1152,-1,1153,1154,1138,-1,1155,1148,1156,-1,1157,1150,1148,-1,1138,1137,1153,-1,1158,1148,1155,-1,1157,1148,1158,-1,1147,1146,1150,-1,1147,1129,1144,-1,1142,1139,1128,-1,1139,1129,1128,-1,1159,1152,1160,-1,1152,1128,1160,-1,1152,1159,1154,-1,1152,1154,1153,-1,1132,1161,1162,-1,1136,1138,1133,-1,1133,1162,1163,-1,1133,1132,1162,-1,1162,1164,1163,-1,1165,1166,1167,-1,1165,1168,1169,-1,1169,1166,1165,-1,1170,1168,1171,-1,1168,1170,1169,-1,1172,1173,1171,-1,1170,1171,1173,-1,1174,1173,1172,-1,1175,1167,1166,-1,1176,1177,1175,-1,1167,1175,1177,-1,1176,1178,1179,-1,1179,1177,1176,-1,1180,1178,1163,-1,1178,1180,1179,-1,1180,1163,1164,-1,1179,1164,1162,-1,1179,1180,1164,-1,1177,1179,1162,-1,1162,1181,1167,-1,1167,1177,1162,-1,1181,1165,1167,-1,1172,1171,1168,-1,1181,1168,1165,-1,1168,1181,1172,-1,1182,1183,1184,-1,1185,1186,1127,-1,1187,1127,1188,-1,1184,1189,1190,-1,1191,1186,1192,-1,1191,1193,1186,-1,1182,1174,1181,-1,1194,1127,1187,-1,1127,1194,1185,-1,1194,1195,1185,-1,1196,1188,1197,-1,1198,1199,1200,-1,1198,1196,1201,-1,1202,1203,1204,-1,1205,1206,1204,-1,1205,1207,1206,-1,1208,1184,1209,-1,1189,1184,1208,-1,1205,1204,1203,-1,1193,1210,1130,-1,1200,1199,1203,-1,1203,1202,1200,-1,1199,1198,1201,-1,1201,1196,1197,-1,1197,1188,1127,-1,1193,1130,1186,-1,1127,1186,1130,-1,1211,1212,1210,-1,1210,1212,1130,-1,1210,1209,1211,-1,1210,1208,1209,-1,1190,1182,1184,-1,1213,1181,1214,-1,1183,1182,1213,-1,1181,1213,1182,-1,1172,1181,1174,-1,1182,1133,1166,-1,1174,1170,1173,-1,1182,1169,1170,-1,1170,1174,1182,-1,1166,1133,1175,-1,1169,1182,1166,-1,1176,1163,1178,-1,1175,1133,1176,-1,1163,1176,1133,-1,1189,1208,1153,-1,1182,1136,1133,-1,1190,1137,1136,-1,1189,1137,1190,-1,1182,1190,1136,-1,1153,1137,1189,-1,1208,1152,1153,-1,1208,1210,1152,-1,1191,1140,1142,-1,1152,1193,1142,-1,1191,1142,1193,-1,1210,1193,1152,-1,1192,1140,1191,-1,1141,1192,1186,-1,1192,1141,1140,-1,1141,1186,1139,-1,1186,1135,1139,-1,1186,1185,1135,-1,1194,1134,1145,-1,1135,1195,1145,-1,1194,1145,1195,-1,1185,1195,1135,-1,1187,1134,1194,-1,1143,1187,1188,-1,1187,1143,1134,-1,1143,1188,1144,-1,1188,1146,1144,-1,1188,1196,1146,-1,1198,1200,1151,-1,1196,1149,1146,-1,1149,1198,1151,-1,1196,1198,1149,-1,1215,1216,1217,-1,1218,1148,1151,-1,1219,1220,1217,-1,1221,1222,1151,-1,1223,1224,1225,-1,1151,1222,1218,-1,1220,1219,1226,-1,1216,1219,1217,-1,1227,1228,1229,-1,1226,1219,1227,-1,1229,1228,1230,-1,1223,1231,1224,-1,1231,1223,1230,-1,1231,1230,1228,-1,1226,1227,1229,-1,1220,1232,1221,-1,1232,1220,1226,-1,1233,1202,1234,-1,1151,1235,1236,-1,1220,1221,1237,-1,1151,1236,1237,-1,1221,1151,1237,-1,1151,1200,1235,-1,1234,1202,1238,-1,1202,1233,1235,-1,1235,1200,1202,-1,1239,1240,1238,-1,1202,1204,1239,-1,1239,1238,1202,-1,1238,1240,1234,-1,1240,1241,1234,-1,1234,1241,1233,-1,1233,1241,1242,-1,1242,1235,1233,-1,1237,1243,1244,-1,1220,1237,1244,-1,1220,1244,1245,-1,1237,1236,1243,-1,1243,1236,1242,-1,1236,1235,1242,-1,1220,1246,1217,-1,1220,1245,1246,-1,1247,1248,1215,-1,1217,1246,1247,-1,1247,1215,1217,-1,1215,1248,1216,-1,1248,1249,1216,-1,1216,1249,1219,-1,1219,1249,1250,-1,1250,1227,1219,-1,1228,1250,1251,-1,1250,1228,1227,-1,1252,1231,1228,-1,1228,1251,1252,-1,1253,1254,1224,-1,1231,1252,1253,-1,1253,1224,1231,-1,1224,1254,1225,-1,1254,1255,1225,-1,1225,1255,1223,-1,1256,1230,1223,-1,1256,1223,1255,-1,1232,1257,1258,-1,1226,1259,1257,-1,1257,1232,1226,-1,1260,1259,1229,-1,1226,1229,1259,-1,1260,1230,1256,-1,1230,1260,1229,-1,1221,1232,1258,-1,1258,1261,1221,-1,1222,1261,1262,-1,1261,1222,1221,-1,1262,1263,1218,-1,1218,1222,1262,-1,1218,1263,1148,-1,1263,1156,1148,-1,1262,1207,1263,-1,1203,1158,1155,-1,1205,1155,1156,-1,1155,1205,1203,-1,1263,1207,1156,-1,1205,1156,1207,-1,1207,1262,1206,-1,1258,1206,1261,-1,1206,1262,1261,-1,1206,1242,1204,-1,1248,1246,1249,-1,1252,1256,1255,-1,1254,1253,1255,-1,1251,1260,1256,-1,1247,1246,1248,-1,1204,1241,1240,-1,1249,1246,1245,-1,1260,1251,1250,-1,1258,1244,1243,-1,1244,1258,1245,-1,1257,1245,1258,-1,1259,1245,1257,-1,1253,1252,1255,-1,1252,1251,1256,-1,1249,1259,1250,-1,1260,1250,1259,-1,1245,1259,1249,-1,1258,1243,1206,-1,1242,1206,1243,-1,1204,1240,1239,-1,1204,1242,1241,-1,1203,1157,1158,-1,1203,1199,1157,-1,1197,1127,1129,-1,1199,1150,1157,-1,1201,1147,1150,-1,1197,1147,1201,-1,1199,1201,1150,-1,1129,1147,1197,-1,1211,1209,1154,-1,1130,1160,1128,-1,1212,1159,1160,-1,1211,1159,1212,-1,1130,1212,1160,-1,1154,1159,1211,-1,1209,1138,1154,-1,1209,1184,1138,-1,1213,1132,1131,-1,1138,1183,1131,-1,1213,1131,1183,-1,1184,1183,1138,-1,1214,1132,1213,-1,1161,1214,1181,-1,1214,1161,1132,-1,1161,1181,1162,-1,
        ]
    }
}
Shape{
    appearance Appearance {
        material  Material 	{
            diffuseColor 0.7529411764705882 0.7529411764705882 0.7529411764705882
            specularColor 0.7529411764705882 0.7529411764705882 0.7529411764705882
            ambientIntensity 1.0
            transparency 1.0
            shininess 0.5
        }
    }
    geometry IndexedFaceSet {
        ccw TRUE
        solid FALSE
        coord DEF co Coordinate {
            point [
                -3.6072 -1.6411 2.0547, -3.371 -1.6411 2.1684, -3.6072 -1.6411 2.1684, -3.371 -1.6411 2.0547
            ]
        }
        coordIndex [
            0,1,2,-1,1,0,3,-1,
        ]
    }
}
Shape{
    appearance Appearance {
        material  Material 	{
            diffuseColor 0.9647058823529412 0.9647058823529412 0.9647058823529412
            specularColor 0.7529411764705882 0.7529411764705882 0.7529411764705882
            ambientIntensity 1.0
            transparency 1.0
            shininess 0.5
        }
    }
    geometry IndexedFaceSet {
        ccw TRUE
        solid FALSE
        coord DEF co Coordinate {
            point [
                0.6507 -1.6642 0.6806, 0.6507 -1.6642 0.6412, 0.2137 -1.6642 0.6412, 0.2137 -1.6642 0.6806, 0.2137 -1.7188 0.6412, 0.2137 -1.7188 0.6806, 0.5949 -1.7188 0.6412, 0.5949 -1.7188 0.6806, 0.5949 -1.992 0.6412, 0.5949 -1.992 0.6806, 0.6507 -1.992 0.6412, 0.6507 -1.992 0.6806, 0.2973 -2.1467 0.6412, 0.2787 -2.0921 0.6412, 0.3252 -2.1285 0.6412, 0.3252 -2.4199 0.6412, 0.2787 -2.4108 0.6412, 0.3252 -2.3652 0.6412, 0.6414 -2.1649 0.6412, 0.5949 -2.2105 0.6412, 0.5856 -2.174 0.6412, 0.5949 -2.2924 0.6412, 0.6414 -2.3379 0.6412, 0.5856 -2.3288 0.6412, 0.6228 -2.3743 0.6412, 0.567 -2.3561 0.6412, 0.6507 -2.2924 0.6412, 0.6507 -2.2105 0.6412, 0.567 -2.1467 0.6412, 0.6228 -2.1285 0.6412, 0.5391 -2.1285 0.6412, 0.5856 -2.0921 0.6412, 0.5484 -2.0739 0.6412, 0.5019 -2.1194 0.6412, 0.3159 -2.0739 0.6412, 0.3624 -2.1194 0.6412, 0.3624 -2.0648 0.6412, 0.5019 -2.0648 0.6412, 0.2787 -2.174 0.6412, 0.2415 -2.1285 0.6412, 0.223 -2.1649 0.6412, 0.2694 -2.2105 0.6412, 0.2137 -2.2924 0.6412, 0.2137 -2.2105 0.6412, 0.2694 -2.2924 0.6412, 0.2787 -2.3288 0.6412, 0.223 -2.3379 0.6412, 0.2973 -2.3561 0.6412, 0.2415 -2.3743 0.6412, 0.5856 -2.4108 0.6412, 0.5391 -2.3652 0.6412, 0.5391 -2.4199 0.6412, 0.6507 -2.4927 0.6412, 0.4461 -2.5473 0.6412, 0.2137 -2.4927 0.6412, 0.3903 -2.5473 0.6412, 0.6507 -2.8204 0.6412, 0.5949 -2.5473 0.6412, 0.4461 -2.784 0.6412, 0.3903 -2.784 0.6412, 0.2694 -2.5473 0.6412, 0.2694 -2.8204 0.6412, 0.2137 -2.8204 0.6412, 0.5949 -2.8204 0.6412, 0.5484 -3.2483 0.6412, 0.5019 -3.2028 0.6412, 0.5391 -3.1937 0.6412, 0.5019 -3.2575 0.6412, 0.3624 -3.2028 0.6412, 0.3624 -3.2575 0.6412, 0.2787 -3.2301 0.6412, 0.2973 -3.1755 0.6412, 0.3252 -3.1937 0.6412, 0.2787 -3.1482 0.6412, 0.2415 -3.1937 0.6412, 0.223 -3.1573 0.6412, 0.2694 -3.1118 0.6412, 0.2137 -3.1118 0.6412, 0.3159 -3.2483 0.6412, 0.2694 -2.9479 0.6412, 0.2137 -2.8933 0.6412, 0.5949 -2.9479 0.6412, 0.6507 -2.8933 0.6412, 0.5949 -3.1118 0.6412, 0.6414 -3.1573 0.6412, 0.5856 -3.1482 0.6412, 0.567 -3.1755 0.6412, 0.6228 -3.1937 0.6412, 0.5856 -3.2301 0.6412, 0.6507 -3.1118 0.6412, 0.6507 -3.6945 0.6412, 0.2137 -3.5488 0.6412, 0.5019 -3.5943 0.6412, 0.5391 -3.4213 0.6412, 0.6507 -3.3303 0.6412, 0.6507 -3.3849 0.6412, 0.5019 -3.4304 0.6412, 0.6507 -3.6398 0.6412, 0.5391 -3.6034 0.6412, 0.2137 -3.476 0.6412, 0.2508 -3.5124 0.6412, 0.5391 -2.3652 0.6806, 0.5391 -2.4199 0.6806, 0.5856 -2.4108 0.6806, 0.6228 -2.3743 0.6806, 0.6414 -2.3379 0.6806, 0.6507 -2.2924 0.6806, 0.6507 -2.2105 0.6806, 0.6414 -2.1649 0.6806, 0.6228 -2.1285 0.6806, 0.5856 -2.0921 0.6806, 0.5484 -2.0739 0.6806, 0.5019 -2.0648 0.6806, 0.3624 -2.0648 0.6806, 0.3159 -2.0739 0.6806, 0.2787 -2.0921 0.6806, 0.2415 -2.1285 0.6806, 0.223 -2.1649 0.6806, 0.2137 -2.2105 0.6806, 0.2137 -2.2924 0.6806, 0.223 -2.3379 0.6806, 0.2415 -2.3743 0.6806, 0.2787 -2.4108 0.6806, 0.3252 -2.4199 0.6806, 0.3252 -2.3652 0.6806, 0.2973 -2.3561 0.6806, 0.2787 -2.3288 0.6806, 0.2694 -2.2924 0.6806, 0.2694 -2.2105 0.6806, 0.2787 -2.174 0.6806, 0.2973 -2.1467 0.6806, 0.3252 -2.1285 0.6806, 0.3624 -2.1194 0.6806, 0.5019 -2.1194 0.6806, 0.5391 -2.1285 0.6806, 0.567 -2.1467 0.6806, 0.5856 -2.174 0.6806, 0.5949 -2.2105 0.6806, 0.5949 -2.2924 0.6806, 0.5856 -2.3288 0.6806, 0.567 -2.3561 0.6806, 0.5949 -2.5473 0.6806, 0.5949 -2.8204 0.6806, 0.6507 -2.8204 0.6806, 0.6507 -2.4927 0.6806, 0.2137 -2.4927 0.6806, 0.2137 -2.8204 0.6806, 0.2694 -2.8204 0.6806, 0.2694 -2.5473 0.6806, 0.3903 -2.5473 0.6806, 0.3903 -2.784 0.6806, 0.4461 -2.784 0.6806, 0.4461 -2.5473 0.6806, 0.2137 -2.8933 0.6806, 0.2137 -3.1118 0.6806, 0.223 -3.1573 0.6806, 0.2415 -3.1937 0.6806, 0.2787 -3.2301 0.6806, 0.3159 -3.2483 0.6806, 0.3624 -3.2575 0.6806, 0.5019 -3.2575 0.6806, 0.5484 -3.2483 0.6806, 0.5856 -3.2301 0.6806, 0.6228 -3.1937 0.6806, 0.6414 -3.1573 0.6806, 0.6507 -3.1118 0.6806, 0.6507 -2.8933 0.6806, 0.2694 -3.1118 0.6806, 0.2694 -2.9479 0.6806, 0.5949 -2.9479 0.6806, 0.5949 -3.1118 0.6806, 0.5856 -3.1482 0.6806, 0.567 -3.1755 0.6806, 0.5391 -3.1937 0.6806, 0.5019 -3.2028 0.6806, 0.3624 -3.2028 0.6806, 0.3252 -3.1937 0.6806, 0.2973 -3.1755 0.6806, 0.2787 -3.1482 0.6806, 0.2137 -3.476 0.6806, 0.2137 -3.5488 0.6806, 0.6507 -3.6945 0.6806, 0.6507 -3.6398 0.6806, 0.5391 -3.6034 0.6806, 0.5391 -3.4213 0.6806, 0.6507 -3.3849 0.6806, 0.6507 -3.3303 0.6806, 0.5019 -3.5943 0.6806, 0.2508 -3.5124 0.6806, 0.5019 -3.4304 0.6806, 0.5145 3.6417 10.514, 0.5303 3.6417 10.5624, 0.5303 3.6024 10.5624, 0.5145 3.6024 10.514, 0.5145 3.6417 10.4494, 0.5145 3.6024 10.4494, 0.5303 3.6417 10.401, 0.5303 3.6024 10.401, 0.5777 3.6417 10.3364, 0.5777 3.6024 10.3364, 0.641 3.6417 10.288, 0.641 3.6024 10.288, 0.72 3.6417 10.2718, 0.72 3.6024 10.2718, 1.0046 3.6417 10.2718, 1.0046 3.6024 10.2718, 0.72 3.6417 10.6916, 1.0995 3.6417 10.6916, 1.0995 3.6024 10.6916, 0.72 3.6024 10.6916, 0.641 3.6417 10.6755, 0.641 3.6024 10.6755, 0.5777 3.6417 10.6271, 0.5777 3.6024 10.6271, -0.6846 3.6024 11.3007, -0.698 3.6024 11.1909, -0.698 3.6417 11.1909, -0.4998 3.6024 11.5685, -0.5826 3.6024 11.4952, -0.5826 3.6417 11.4952, -0.6454 3.6024 11.4041, -0.6846 3.6417 11.3007, -0.6454 3.6417 11.4041, -0.2944 3.6417 11.6464, -0.1838 3.6024 11.6464, -0.2944 3.6024 11.6464, -0.4998 3.6417 11.5685, -0.4018 3.6417 11.6199, -0.4018 3.6024 11.6199, 0.0216 3.6024 11.5685, 0.0216 3.6417 11.5685, 0.1044 3.6024 11.4952, -0.0764 3.6024 11.6199, -0.1838 3.6417 11.6464, -0.0764 3.6417 11.6199, 0.1044 3.6417 11.4952, 0.1672 3.6417 11.4041, 0.1672 3.6024 11.4041, 0.2064 3.6417 11.3007, 0.2064 3.6024 11.3007, 0.2198 3.6024 11.1909, 0.2198 3.6417 11.1909, 0.2064 3.6024 11.0811, 0.0216 3.6024 10.8132, 0.1044 3.6024 10.8866, 0.1044 3.6417 10.8866, 0.1672 3.6024 10.9776, 0.2064 3.6417 11.0811, 0.1672 3.6417 10.9776, -0.1838 3.6417 10.7354, -0.2944 3.6024 10.7354, -0.1838 3.6024 10.7354, 0.0216 3.6417 10.8132, -0.0764 3.6417 10.7618, -0.0764 3.6024 10.7618, -0.4998 3.6024 10.8132, -0.4998 3.6417 10.8132, -0.5826 3.6024 10.8866, -0.4018 3.6024 10.7618, -0.2944 3.6417 10.7354, -0.4018 3.6417 10.7618, -0.5826 3.6417 10.8866, -0.6454 3.6417 10.9776, -0.6454 3.6024 10.9776, -0.6846 3.6417 11.0811, -0.6846 3.6024 11.0811, -0.1881 3.6417 10.7711, -0.1881 3.6024 10.7711, -0.2901 3.6024 10.7711, -0.0892 3.6417 10.7955, -0.0892 3.6024 10.7955, 0.0011 3.6024 10.8429, 0.0011 3.6417 10.8429, 0.0774 3.6417 10.9105, 0.0774 3.6024 10.9105, 0.1353 3.6417 10.9944, 0.1353 3.6024 10.9944, 0.1714 3.6024 11.0897, 0.1714 3.6417 11.0897, 0.1837 3.6417 11.1909, 0.1837 3.6024 11.1909, -0.2901 3.6417 10.7711, -0.389 3.6024 10.7955, -0.389 3.6417 10.7955, -0.4793 3.6024 10.8429, -0.4793 3.6417 10.8429, -0.5556 3.6417 10.9105, -0.5556 3.6024 10.9105, -0.6135 3.6024 10.9944, -0.6135 3.6417 10.9944, -0.6497 3.6024 11.0897, -0.6497 3.6417 11.0897, -0.6619 3.6024 11.1909, -0.6619 3.6417 11.1909, -0.2901 3.6417 11.6106, -0.2901 3.6024 11.6106, -0.1881 3.6024 11.6106, -0.389 3.6417 11.5862, -0.389 3.6024 11.5862, -0.4793 3.6024 11.5389, -0.4793 3.6417 11.5389, -0.5556 3.6417 11.4713, -0.5556 3.6024 11.4713, -0.6135 3.6417 11.3874, -0.6135 3.6024 11.3874, -0.6497 3.6024 11.2921, -0.6497 3.6417 11.2921, -0.1881 3.6417 11.6106, -0.0892 3.6024 11.5862, -0.0892 3.6417 11.5862, 0.0011 3.6024 11.5389, 0.0011 3.6417 11.5389, 0.0774 3.6417 11.4713, 0.0774 3.6024 11.4713, 0.1353 3.6024 11.3874, 0.1353 3.6417 11.3874, 0.1714 3.6024 11.2921, 0.1714 3.6417 11.2921, -0.2061 3.6417 10.8362, -0.2721 3.6417 10.8362, -0.2721 3.6024 10.8362, -0.2061 3.6024 10.8362, -0.2061 3.6417 11.412, -0.2061 3.6024 11.412, -0.1338 3.6024 11.3881, -0.1338 3.6417 11.3881, -0.0738 3.6024 11.3413, -0.0738 3.6417 11.3413, -0.0023 3.6024 11.3735, -0.014 3.6024 11.4033, -0.014 3.6417 11.4033, -0.0435 3.6024 11.3307, -0.0435 3.6417 11.3307, -0.0143 3.6024 11.3439, -0.0023 3.6417 11.3735, -0.0143 3.6417 11.3439, -0.1561 3.6417 11.4891, -0.0792 3.6024 11.4559, -0.1561 3.6024 11.4891, -0.0792 3.6417 11.4559, -0.3221 3.6024 11.4891, -0.399 3.6024 11.4559, -0.399 3.6417 11.4559, -0.3221 3.6417 11.4891, -0.2391 3.6417 11.5004, -0.2391 3.6024 11.5004, -0.4642 3.6024 11.4034, -0.4642 3.6417 11.4034, -0.4347 3.6024 11.3307, -0.4044 3.6024 11.3413, -0.4044 3.6417 11.3413, -0.4759 3.6024 11.3736, -0.4759 3.6417 11.3736, -0.4639 3.6024 11.3439, -0.4347 3.6417 11.3307, -0.4639 3.6417 11.3439, -0.3444 3.6024 11.3881, -0.3444 3.6417 11.3881, -0.2721 3.6024 11.412, -0.2721 3.6417 11.412, -0.136 3.6417 11.1947, 0.007 3.6417 11.271, 0.007 3.6024 11.271, -0.136 3.6024 11.1947, -0.1225 3.6024 11.1199, -0.0913 3.6024 11.1291, -0.0913 3.6417 11.1291, -0.1559 3.6024 11.169, -0.1559 3.6417 11.169, -0.1502 3.6024 11.137, -0.1225 3.6417 11.1199, -0.1502 3.6417 11.137, -0.0218 3.6417 11.1665, -0.0218 3.6024 11.1665, -0.0068 3.6024 11.1656, -0.0068 3.6417 11.1656, -0.0011 3.6024 11.1517, -0.0011 3.6417 11.1517, -0.0185 3.6024 11.0934, -0.0499 3.6024 11.0413, -0.0185 3.6417 11.0934, -0.0499 3.6417 11.0413, -0.0934 3.6024 10.9986, -0.0934 3.6417 10.9986, -0.0945 3.6024 10.9352, -0.0629 3.6024 10.9216, -0.0629 3.6417 10.9216, -0.1071 3.6417 10.9671, -0.1071 3.6024 10.9671, -0.0945 3.6417 10.9352, 0.0792 3.6024 11.1435, 0.0798 3.6024 11.2337, 0.0798 3.6417 11.2337, 0.0049 3.6024 10.9811, 0.0049 3.6417 10.9811, 0.0535 3.6024 11.0571, 0.0792 3.6417 11.1435, 0.0535 3.6417 11.0571, 0.038 3.6024 11.2763, 0.066 3.6417 11.262, 0.066 3.6024 11.262, 0.038 3.6417 11.2763, -0.3066 3.6417 11.103, -0.3922 3.6417 10.9654, -0.3922 3.6024 10.9654, -0.3066 3.6024 11.103, -0.3616 3.6024 11.158, -0.3781 3.6024 11.1374, -0.3781 3.6417 11.1374, -0.3008 3.6024 11.1286, -0.3122 3.6024 11.1523, -0.3122 3.6417 11.1523, -0.3359 3.6024 11.1637, -0.3616 3.6417 11.158, -0.3359 3.6417 11.1637, -0.3008 3.6417 11.1286, -0.4195 3.6417 11.0702, -0.4195 3.6024 11.0702, -0.433 3.6024 11.0636, -0.433 3.6417 11.0636, -0.4449 3.6024 11.0727, -0.4449 3.6417 11.0727, -0.459 3.6024 11.1319, -0.4578 3.6024 11.1928, -0.459 3.6417 11.1319, -0.4578 3.6417 11.1928, -0.4415 3.6024 11.2514, -0.4415 3.6417 11.2514, -0.4722 3.6024 11.3069, -0.5064 3.6024 11.3029, -0.5064 3.6417 11.3029, -0.4453 3.6417 11.2856, -0.4453 3.6024 11.2856, -0.4722 3.6417 11.3069, -0.5185 3.6024 11.0396, -0.4739 3.6024 10.9612, -0.4739 3.6417 10.9612, -0.5354 3.6024 11.2175, -0.5354 3.6417 11.2175, -0.5395 3.6024 11.1274, -0.5185 3.6417 11.0396, -0.5395 3.6417 11.1274, -0.4164 3.6024 10.9452, -0.4478 3.6417 10.9437, -0.4478 3.6024 10.9437, -0.4164 3.6417 10.9452, 0.7042 3.6417 10.3687, 1.0046 3.6417 10.3687, 1.0046 3.6024 10.3687, 0.7042 3.6024 10.3687, 0.6568 3.6417 10.3848, 0.6568 3.6024 10.3848, 0.6252 3.6417 10.4171, 0.6252 3.6024 10.4171, 0.6094 3.6417 10.4656, 0.6094 3.6024 10.4656, 0.6094 3.6417 10.514, 0.6094 3.6024 10.514, 0.6252 3.6417 10.5624, 0.6252 3.6024 10.5624, 0.6568 3.6417 10.5947, 0.6568 3.6024 10.5947, 0.7042 3.6417 10.6109, 0.7042 3.6024 10.6109, 1.0046 3.6417 10.6109, 1.0046 3.6024 10.6109, 0.2299 3.6417 10.6916, 0.3248 3.6417 10.6916, 0.3248 3.6024 10.6916, 0.2299 3.6024 10.6916, -0.2444 3.6417 10.6916, -0.1495 3.6417 10.6916, -0.1495 3.6024 10.6916, -0.2444 3.6024 10.6916, -0.8767 3.6417 10.514, -0.9716 3.6417 10.514, -0.9716 3.6024 10.514, -0.8767 3.6024 10.514, -0.8609 3.6417 10.5463, -0.8609 3.6024 10.5463, -0.8293 3.6417 10.5786, -0.8293 3.6024 10.5786, -0.7819 3.6417 10.5947, -0.7819 3.6024 10.5947, -0.687 3.6417 10.5947, -0.687 3.6024 10.5947, -0.6396 3.6417 10.5786, -0.6396 3.6024 10.5786, -0.5922 3.6417 10.5463, -0.5922 3.6024 10.5463, -0.5764 3.6417 10.4979, -0.5764 3.6024 10.4979, -0.5764 3.6417 10.4656, -0.5764 3.6024 10.4656, -0.5922 3.6417 10.4171, -0.5922 3.6024 10.4171, -0.6396 3.6417 10.3848, -0.6396 3.6024 10.3848, -0.687 3.6417 10.3687, -0.687 3.6024 10.3687, -0.7819 3.6417 10.3687, -0.7819 3.6024 10.3687, -0.8609 3.6417 10.3526, -0.8609 3.6024 10.3526, -0.9242 3.6417 10.3203, -0.9242 3.6024 10.3203, -0.9874 3.6417 10.2557, -0.9874 3.6024 10.2557, -0.9558 3.6417 10.5624, -0.9558 3.6024 10.5624, -0.9084 3.6417 10.6271, -0.9084 3.6024 10.6271, -0.8451 3.6417 10.6755, -0.8451 3.6024 10.6755, -0.7661 3.6417 10.6916, -0.7661 3.6024 10.6916, -0.687 3.6417 10.6916, -0.687 3.6024 10.6916, -0.6238 3.6417 10.6755, -0.6238 3.6024 10.6755, -0.5606 3.6417 10.6432, -0.5606 3.6024 10.6432, -0.4973 3.6417 10.5786, -0.4973 3.6024 10.5786, -0.4815 3.6417 10.514, -0.4815 3.6024 10.514, -0.4815 3.6417 10.4494, -0.4815 3.6024 10.4494, -0.4973 3.6417 10.3848, -0.4973 3.6024 10.3848, -0.5606 3.6417 10.3203, -0.5606 3.6024 10.3203, -0.6238 3.6417 10.288, -0.6238 3.6024 10.288, -0.687 3.6417 10.2718, -0.687 3.6024 10.2718, -0.7819 3.6417 10.2718, -0.7819 3.6024 10.2718, -0.8451 3.6417 10.2557, -0.8451 3.6024 10.2557, -1.8411 3.6417 10.6916, -1.7463 3.6417 10.6916, -1.7463 3.6024 10.6916, -1.8411 3.6024 10.6916, -1.7463 3.6417 10.3848, -1.7463 3.6024 10.3848, -1.3036 3.6417 10.3848, -1.3036 3.6024 10.3848, -1.3036 3.6417 10.6916, -1.3036 3.6024 10.6916, -1.2087 3.6417 10.6916, -1.2087 3.6024 10.6916, -1.3036 3.6417 10.288, -1.7463 3.6417 10.288, -1.7463 3.6024 10.288, -1.3036 3.6024 10.288, -2.2076 3.6417 10.6343, -2.2078 3.4055 10.7169, -2.2076 3.6417 10.7169, -2.2076 3.4055 10.6343, -2.1031 3.6417 11.1192, -2.098 3.4055 11.1283, -2.0512 3.4055 11.2008, -1.9971 3.4055 11.268, -2.0249 3.6417 11.2352, -1.9365 3.4055 11.329, -1.9283 3.6417 11.3364, -1.8697 3.4055 11.3836, -1.816 3.6417 11.4198, -1.7976 3.4055 11.4309, -1.7212 3.4055 11.4703, -1.6408 3.4055 11.5017, -1.6912 3.6417 11.4832, -1.5575 3.4055 11.5245, -1.5575 3.6417 11.5245, -2.1368 3.4055 11.0515, -2.1676 3.4055 10.971, -2.1606 3.6417 10.9917, -2.1958 3.6417 10.8563, -2.1897 3.4055 10.8878, -2.2028 3.4055 10.8029, -1.1609 3.4055 11.6113, -1.1609 3.6417 11.6113, -1.3592 3.6417 11.5679, -1.3592 3.4055 11.5679, -0.9626 3.4055 11.6548, -0.9626 3.6417 11.6548, -0.1582 3.6417 11.732, -0.3202 3.6417 11.732, -0.1582 3.4055 11.732, 0.0036 3.4055 11.7242, 0.0036 3.6417 11.7242, 0.1649 3.4055 11.7088, 0.1649 3.6417 11.7088, 0.3253 3.6417 11.6856, 0.3253 3.4055 11.6856, 0.4844 3.4055 11.6549, 0.4844 3.6417 11.6549, -0.3202 3.4055 11.732, -0.4821 3.4055 11.7242, -0.4821 3.6417 11.7242, -0.6433 3.6417 11.7087, -0.6433 3.4055 11.7087, -0.8034 3.6417 11.685, -0.8034 3.4055 11.685, 0.6827 3.4055 11.6114, 0.881 3.4055 11.568, 0.6827 3.6417 11.6114, 0.881 3.6417 11.568, 1.0793 3.4055 11.5247, 1.0793 3.6417 11.5247, 1.6244 3.4055 11.1201, 1.5467 3.6417 11.2354, 1.5464 3.4055 11.2357, 1.682 3.4055 10.9926, 1.6249 3.6417 11.1194, 1.6824 3.6417 10.9918, 1.7175 3.4055 10.8568, 1.7287 3.4055 10.717, 1.7176 3.6417 10.8564, 1.7294 3.6417 10.717, 1.45 3.6417 11.3366, 1.3377 3.6417 11.42, 1.4496 3.4055 11.3369, 1.2129 3.6417 11.4833, 1.3369 3.4055 11.4204, 1.2132 3.4055 11.4832, 1.7294 3.4055 10.6757, 1.7294 3.6417 10.6345, 1.7289 3.4055 10.6345
            ]
        }
        coordIndex [
            0,1,2,-1,0,2,3,-1,3,2,4,-1,3,4,5,-1,5,4,6,-1,5,6,7,-1,7,6,8,-1,7,8,9,-1,9,8,10,-1,9,10,11,-1,11,10,1,-1,11,1,0,-1,6,10,8,-1,6,2,1,-1,6,4,2,-1,10,6,1,-1,12,13,14,-1,15,16,17,-1,18,19,20,-1,21,22,23,-1,23,24,25,-1,26,19,27,-1,28,29,20,-1,30,31,28,-1,32,31,30,-1,30,33,32,-1,14,34,35,-1,33,36,37,-1,38,39,12,-1,40,39,38,-1,41,40,38,-1,42,43,44,-1,45,46,44,-1,47,48,45,-1,17,16,47,-1,25,49,50,-1,16,48,47,-1,48,46,45,-1,46,42,44,-1,43,41,44,-1,43,40,41,-1,12,39,13,-1,13,34,14,-1,34,36,35,-1,35,36,33,-1,37,32,33,-1,28,31,29,-1,20,29,18,-1,18,27,19,-1,26,21,19,-1,26,22,21,-1,22,24,23,-1,24,49,25,-1,49,51,50,-1,52,53,54,-1,53,55,54,-1,52,56,57,-1,55,58,59,-1,60,61,62,-1,62,54,60,-1,60,54,55,-1,58,55,53,-1,53,52,57,-1,56,63,57,-1,64,65,66,-1,67,65,64,-1,67,68,65,-1,67,69,68,-1,70,71,72,-1,73,71,74,-1,75,73,74,-1,75,76,73,-1,76,75,77,-1,68,78,72,-1,79,77,80,-1,81,80,82,-1,83,84,85,-1,79,76,77,-1,86,85,87,-1,74,71,70,-1,70,72,78,-1,78,68,69,-1,86,88,66,-1,88,64,66,-1,88,86,87,-1,87,85,84,-1,89,83,81,-1,84,83,89,-1,80,81,79,-1,89,81,82,-1,90,91,92,-1,93,94,95,-1,93,96,94,-1,97,90,98,-1,92,96,98,-1,92,98,90,-1,91,99,100,-1,96,93,98,-1,91,100,92,-1,100,99,96,-1,94,96,99,-1,101,50,51,-1,101,51,102,-1,102,51,49,-1,102,49,103,-1,103,49,24,-1,103,24,104,-1,104,24,22,-1,104,22,105,-1,105,22,26,-1,105,26,106,-1,106,26,27,-1,106,27,107,-1,107,27,18,-1,107,18,108,-1,108,18,29,-1,108,29,109,-1,109,29,31,-1,109,31,110,-1,110,31,32,-1,110,32,111,-1,111,32,37,-1,111,37,112,-1,112,37,36,-1,112,36,113,-1,113,36,34,-1,113,34,114,-1,114,34,13,-1,114,13,115,-1,115,13,39,-1,115,39,116,-1,116,39,40,-1,116,40,117,-1,117,40,43,-1,117,43,118,-1,118,43,42,-1,118,42,119,-1,119,42,46,-1,119,46,120,-1,120,46,48,-1,120,48,121,-1,121,48,16,-1,121,16,122,-1,122,16,15,-1,122,15,123,-1,123,15,17,-1,123,17,124,-1,124,17,47,-1,124,47,125,-1,125,47,45,-1,125,45,126,-1,126,45,44,-1,126,44,127,-1,127,44,41,-1,127,41,128,-1,128,41,38,-1,128,38,129,-1,129,38,12,-1,129,12,130,-1,130,12,14,-1,130,14,131,-1,131,14,35,-1,131,35,132,-1,132,35,33,-1,132,33,133,-1,133,33,30,-1,133,30,134,-1,134,30,28,-1,134,28,135,-1,135,28,20,-1,135,20,136,-1,136,20,19,-1,136,19,137,-1,137,19,21,-1,137,21,138,-1,138,21,23,-1,138,23,139,-1,139,23,25,-1,139,25,140,-1,140,25,50,-1,140,50,101,-1,141,57,63,-1,141,63,142,-1,142,63,56,-1,142,56,143,-1,143,56,52,-1,143,52,144,-1,144,52,54,-1,144,54,145,-1,145,54,62,-1,145,62,146,-1,146,62,61,-1,146,61,147,-1,147,61,60,-1,147,60,148,-1,148,60,55,-1,148,55,149,-1,149,55,59,-1,149,59,150,-1,150,59,58,-1,150,58,151,-1,151,58,53,-1,151,53,152,-1,152,53,57,-1,152,57,141,-1,153,80,77,-1,153,77,154,-1,154,77,75,-1,154,75,155,-1,155,75,74,-1,155,74,156,-1,156,74,70,-1,156,70,157,-1,157,70,78,-1,157,78,158,-1,158,78,69,-1,158,69,159,-1,159,69,67,-1,159,67,160,-1,160,67,64,-1,160,64,161,-1,161,64,88,-1,161,88,162,-1,162,88,87,-1,162,87,163,-1,163,87,84,-1,163,84,164,-1,164,84,89,-1,164,89,165,-1,165,89,82,-1,165,82,166,-1,166,82,80,-1,166,80,153,-1,167,76,79,-1,167,79,168,-1,168,79,81,-1,168,81,169,-1,169,81,83,-1,169,83,170,-1,170,83,85,-1,170,85,171,-1,171,85,86,-1,171,86,172,-1,172,86,66,-1,172,66,173,-1,173,66,65,-1,173,65,174,-1,174,65,68,-1,174,68,175,-1,175,68,72,-1,175,72,176,-1,176,72,71,-1,176,71,177,-1,177,71,73,-1,177,73,178,-1,178,73,76,-1,178,76,167,-1,179,99,91,-1,179,91,180,-1,180,91,90,-1,180,90,181,-1,181,90,97,-1,181,97,182,-1,182,97,98,-1,182,98,183,-1,183,98,93,-1,183,93,184,-1,184,93,95,-1,184,95,185,-1,185,95,94,-1,185,94,186,-1,186,94,99,-1,186,99,179,-1,187,92,100,-1,187,100,188,-1,188,100,96,-1,188,96,189,-1,189,96,92,-1,189,92,187,-1,190,191,192,-1,192,193,190,-1,194,190,193,-1,193,195,194,-1,196,194,195,-1,195,197,196,-1,198,196,197,-1,197,199,198,-1,200,198,199,-1,199,201,200,-1,202,200,201,-1,201,203,202,-1,204,202,203,-1,203,205,204,-1,206,207,208,-1,208,209,206,-1,210,206,209,-1,209,211,210,-1,212,210,211,-1,211,213,212,-1,191,212,213,-1,213,192,191,-1,214,215,216,-1,217,218,219,-1,220,221,222,-1,223,224,225,-1,226,227,228,-1,229,230,231,-1,232,233,234,-1,235,236,237,-1,237,231,235,-1,238,239,236,-1,237,236,239,-1,240,238,241,-1,238,240,239,-1,230,229,234,-1,231,230,235,-1,224,233,232,-1,232,234,229,-1,227,223,225,-1,223,233,224,-1,226,228,217,-1,227,225,228,-1,219,218,222,-1,226,217,219,-1,220,214,221,-1,218,220,222,-1,216,221,214,-1,242,240,241,-1,243,244,245,-1,246,247,248,-1,249,250,251,-1,252,253,254,-1,255,256,257,-1,258,259,260,-1,261,262,263,-1,263,257,261,-1,264,265,262,-1,263,262,265,-1,215,264,216,-1,264,215,265,-1,256,255,260,-1,257,256,261,-1,250,259,258,-1,258,260,255,-1,253,249,251,-1,249,259,250,-1,252,254,243,-1,253,251,254,-1,245,244,248,-1,252,243,245,-1,246,242,247,-1,244,246,248,-1,241,247,242,-1,266,267,268,-1,267,269,270,-1,269,267,266,-1,271,270,272,-1,269,272,270,-1,273,274,271,-1,271,272,273,-1,274,275,276,-1,275,274,273,-1,277,276,278,-1,275,278,276,-1,279,280,277,-1,277,278,279,-1,266,268,281,-1,282,283,281,-1,281,268,282,-1,283,284,285,-1,284,283,282,-1,286,285,287,-1,284,287,285,-1,288,289,286,-1,286,287,288,-1,289,290,291,-1,290,289,288,-1,290,292,291,-1,291,292,293,-1,294,295,296,-1,295,297,298,-1,297,295,294,-1,299,298,300,-1,297,300,298,-1,301,302,299,-1,299,300,301,-1,302,303,304,-1,303,302,301,-1,305,304,306,-1,303,306,304,-1,293,292,305,-1,305,306,293,-1,294,296,307,-1,308,309,307,-1,307,296,308,-1,309,310,311,-1,310,309,308,-1,312,311,313,-1,310,313,311,-1,314,315,312,-1,312,313,314,-1,315,316,317,-1,316,315,314,-1,316,280,317,-1,317,280,279,-1,318,319,320,-1,320,321,318,-1,322,318,321,-1,321,323,322,-1,322,324,325,-1,323,324,322,-1,326,325,324,-1,325,326,327,-1,328,329,330,-1,326,331,332,-1,333,334,335,-1,327,326,332,-1,333,335,331,-1,332,331,335,-1,328,330,334,-1,333,328,334,-1,336,337,338,-1,329,339,330,-1,340,341,342,-1,343,344,345,-1,346,347,341,-1,342,341,347,-1,345,340,343,-1,340,342,343,-1,344,336,338,-1,345,344,338,-1,339,329,337,-1,336,339,337,-1,348,349,350,-1,346,351,352,-1,353,354,355,-1,347,346,352,-1,353,355,351,-1,352,351,355,-1,348,350,354,-1,353,348,354,-1,350,356,357,-1,349,356,350,-1,358,357,356,-1,357,358,359,-1,319,359,358,-1,358,320,319,-1,360,361,362,-1,362,363,360,-1,364,365,366,-1,363,367,368,-1,369,370,371,-1,360,363,368,-1,369,371,367,-1,368,367,371,-1,364,366,370,-1,369,364,370,-1,372,366,365,-1,365,373,372,-1,372,374,375,-1,373,374,372,-1,376,375,374,-1,375,376,377,-1,378,379,380,-1,377,376,378,-1,378,380,377,-1,380,379,381,-1,379,382,381,-1,381,382,383,-1,384,385,386,-1,382,387,383,-1,388,389,387,-1,384,389,388,-1,382,388,387,-1,386,389,384,-1,390,391,392,-1,385,393,394,-1,395,396,397,-1,386,385,394,-1,395,397,393,-1,394,393,397,-1,390,392,396,-1,395,390,396,-1,398,362,361,-1,391,399,392,-1,400,401,399,-1,398,401,400,-1,391,400,399,-1,361,401,398,-1,402,403,404,-1,404,405,402,-1,406,407,408,-1,409,410,411,-1,412,413,414,-1,405,415,402,-1,415,405,409,-1,411,410,414,-1,415,409,411,-1,412,406,413,-1,410,412,414,-1,408,413,406,-1,416,408,407,-1,407,417,416,-1,416,418,419,-1,417,418,416,-1,420,419,418,-1,419,420,421,-1,422,423,424,-1,421,420,422,-1,422,424,421,-1,424,423,425,-1,423,426,425,-1,425,426,427,-1,428,429,430,-1,426,431,427,-1,432,433,431,-1,428,433,432,-1,426,432,431,-1,430,433,428,-1,434,435,436,-1,429,437,438,-1,439,440,441,-1,430,429,438,-1,439,441,437,-1,438,437,441,-1,434,436,440,-1,439,434,440,-1,442,404,403,-1,435,443,436,-1,444,445,443,-1,442,445,444,-1,435,444,443,-1,403,445,442,-1,446,447,448,-1,448,449,446,-1,450,446,449,-1,449,451,450,-1,452,450,451,-1,451,453,452,-1,454,452,453,-1,453,455,454,-1,456,454,455,-1,455,457,456,-1,458,456,457,-1,457,459,458,-1,460,458,459,-1,459,461,460,-1,462,460,461,-1,461,463,462,-1,464,462,463,-1,463,465,464,-1,447,464,465,-1,465,448,447,-1,466,467,468,-1,468,469,466,-1,470,471,472,-1,472,473,470,-1,474,475,476,-1,476,477,474,-1,478,474,477,-1,477,479,478,-1,480,478,479,-1,479,481,480,-1,482,480,481,-1,481,483,482,-1,484,482,483,-1,483,485,484,-1,486,484,485,-1,485,487,486,-1,488,486,487,-1,487,489,488,-1,490,488,489,-1,489,491,490,-1,492,490,491,-1,491,493,492,-1,494,492,493,-1,493,495,494,-1,496,494,495,-1,495,497,496,-1,498,496,497,-1,497,499,498,-1,500,498,499,-1,499,501,500,-1,502,500,501,-1,501,503,502,-1,504,502,503,-1,503,505,504,-1,506,504,505,-1,505,507,506,-1,475,508,509,-1,509,476,475,-1,508,510,511,-1,511,509,508,-1,510,512,513,-1,513,511,510,-1,512,514,515,-1,515,513,512,-1,514,516,517,-1,517,515,514,-1,516,518,519,-1,519,517,516,-1,518,520,521,-1,521,519,518,-1,520,522,523,-1,523,521,520,-1,522,524,525,-1,525,523,522,-1,524,526,527,-1,527,525,524,-1,526,528,529,-1,529,527,526,-1,528,530,531,-1,531,529,528,-1,530,532,533,-1,533,531,530,-1,532,534,535,-1,535,533,532,-1,534,536,537,-1,537,535,534,-1,536,538,539,-1,539,537,536,-1,540,541,542,-1,542,543,540,-1,541,544,545,-1,545,542,541,-1,544,546,547,-1,547,545,544,-1,546,548,549,-1,549,547,546,-1,548,550,551,-1,551,549,548,-1,552,553,554,-1,554,555,552,-1,556,557,558,-1,557,556,559,-1,560,561,562,-1,563,564,562,-1,560,562,564,-1,563,565,566,-1,566,564,563,-1,566,567,568,-1,567,566,565,-1,568,569,570,-1,567,569,568,-1,571,572,570,-1,568,570,572,-1,571,573,574,-1,574,572,571,-1,560,575,561,-1,576,575,577,-1,560,577,575,-1,577,578,579,-1,579,576,577,-1,580,578,558,-1,578,580,579,-1,580,558,557,-1,581,582,583,-1,583,584,581,-1,585,582,581,-1,585,586,582,-1,574,584,583,-1,574,573,584,-1,587,588,589,-1,590,591,587,-1,587,589,590,-1,591,592,593,-1,592,591,590,-1,594,593,595,-1,592,595,593,-1,596,597,594,-1,594,595,596,-1,589,588,598,-1,599,598,600,-1,588,600,598,-1,601,602,599,-1,599,600,601,-1,602,603,604,-1,603,602,601,-1,603,586,604,-1,604,586,585,-1,605,606,607,-1,597,596,605,-1,605,607,597,-1,607,606,608,-1,606,609,608,-1,608,609,610,-1,611,612,613,-1,611,614,615,-1,615,612,611,-1,616,614,617,-1,614,616,615,-1,618,619,617,-1,616,617,619,-1,620,619,618,-1,621,613,612,-1,622,623,621,-1,613,621,623,-1,622,624,625,-1,625,623,622,-1,626,624,610,-1,624,626,625,-1,626,610,609,-1,620,618,627,-1,620,627,628,-1,628,627,629,-1,
        ]
    }
}