#VRML V2.0 utf8
# 3D model generated by easyeda2kicad.py (https://github.com/uPesy/easyeda2kicad.py)

Shape{
    appearance Appearance {
        material  Material 	{
            diffuseColor 0.5019607843137255 0.5019607843137255 0.5019607843137255
            specularColor 0.44313725490196076 0.44313725490196076 0.44313725490196076
            ambientIntensity 0.502
            transparency 0.0
            shininess 0.5
        }
    }
    geometry IndexedFaceSet {
        ccw TRUE
        solid FALSE
        coord DEF co Coordinate {
            point [
                0.0172 -0.661 1.5748, 0.0172 -0.6885 1.5748, 0.0839 -0.6885 1.5748, 0.0172 -0.551 1.5748, 0.0172 -0.5713 1.5748, 0.0839 -0.5713 1.5748, 0.0545 -0.481 1.5748, 0.0545 -0.5425 1.5748, 0.0821 -0.5425 1.5748, 0.1104 -0.4811 1.5748, 0.1157 -0.4804 1.5748, 0.0881 -0.4804 1.5748, 0.1283 -0.5505 1.5748, 0.1238 -0.551 1.5748, 0.1468 -0.551 1.5748, 0.1597 -0.489 1.5748, 0.1597 -0.5112 1.5748, 0.1785 -0.5112 1.5748, 0.1641 -0.6606 1.5748, 0.1611 -0.661 1.5748, 0.1785 -0.661 1.5748, 0.1488 -0.6608 1.5748, 0.1468 -0.6601 1.5748, 0.1468 -0.661 1.5748, 0.2466 -0.599 1.5748, 0.2466 -0.6212 1.5748, 0.2596 -0.6212 1.5748, -0.3256 -0.5767 1.5748, -0.3246 -0.5713 1.5748, -0.5999 -0.5713 1.5748, -0.0427 -0.5353 1.5748, -0.0293 -0.5467 1.5748, 0.0172 -0.4804 1.5748, -0.098 -0.4804 1.5748, -0.0867 -0.4881 1.5748, -0.0706 -0.5066 1.5748, -0.0601 -0.527 1.5748, -0.0573 -0.5279 1.5748, -0.211 -0.4804 1.5748, -0.201 -0.4742 1.5748, -0.5999 0.8364 1.5748, -0.1782 -0.4654 1.5748, -0.429 0.9725 1.5748, -0.1537 -0.4624 1.5748, 0.0172 0.9725 1.5748, -0.1334 -0.4645 1.5748, -0.1087 -0.4733 1.5748, -0.3026 -0.526 1.5748, -0.2984 -0.5221 1.5748, -0.5999 -0.4804 1.5748, -0.2129 -0.4816 1.5748, -0.2819 -0.5109 1.5748, -0.2635 -0.5043 1.5748, -0.2459 -0.5024 1.5748, -0.2245 -0.4916 1.5748, -0.2403 -0.5027 1.5748, -0.2346 -0.5033 1.5748, -0.5999 -0.551 1.5748, -0.3218 -0.5572 1.5748, -0.3189 -0.551 1.5748, -0.3136 -0.5397 1.5748, -0.2657 -0.6596 1.5748, -0.274 -0.657 1.5748, -0.5999 -0.661 1.5748, -0.2916 -0.6479 1.5748, -0.3051 -0.636 1.5748, -0.3068 -0.634 1.5748, -0.3173 -0.6181 1.5748, -0.3239 -0.5997 1.5748, -0.3258 -0.5822 1.5748, -0.5999 -0.6885 1.5748, -0.2392 -0.6885 1.5748, -0.2438 -0.6865 1.5748, -0.2534 -0.6793 1.5748, -0.2607 -0.6702 1.5748, -0.265 -0.661 1.5748, -0.2208 -0.6931 1.5748, -0.429 -0.9724 1.5748, -0.2188 -0.6932 1.5748, 0.0172 -0.9724 1.5748, -0.2069 -0.6917 1.5748, -0.1726 -0.661 1.5748, -0.1726 -0.6611 1.5748, -0.1785 -0.6721 1.5748, -0.1861 -0.6807 1.5748, -0.1959 -0.6875 1.5748, -0.1984 -0.6885 1.5748, -0.0295 -0.6384 1.5748, -0.0433 -0.6501 1.5748, -0.02 -0.6253 1.5748, -0.1818 -0.6108 1.5748, -0.1158 -0.5763 1.5748, -0.1904 -0.603 1.5748, -0.2009 -0.5974 1.5748, -0.1095 -0.6318 1.5748, -0.1061 -0.6305 1.5748, -0.1005 -0.6025 1.5748, -0.042 -0.5878 1.5748, -0.0443 -0.5784 1.5748, -0.0481 -0.5713 1.5748, -0.2935 -0.5713 1.5748, -0.1126 -0.6339 1.5748, -0.106 -0.6602 1.5748, -0.1093 -0.659 1.5748, -0.1125 -0.6568 1.5748, -0.1139 -0.6554 1.5748, -0.2907 -0.6008 1.5748, -0.2847 -0.6109 1.5748, -0.2597 -0.616 1.5748, -0.2759 -0.62 1.5748, -0.2652 -0.6266 1.5748, -0.2415 -0.5997 1.5748, -0.2516 -0.6067 1.5748, -0.2948 -0.5812 1.5748, -0.2942 -0.5888 1.5748, -0.1025 -0.6301 1.5748, -0.102 -0.6301 1.5748, -0.1005 -0.6304 1.5748, -0.0584 -0.6573 1.5748, -0.0744 -0.6606 1.5748, -0.1034 -0.6606 1.5748, -0.2306 -0.5955 1.5748, -0.2188 -0.5941 1.5748, -0.2128 -0.5944 1.5748, -0.0134 -0.5758 1.5748, -0.0112 -0.5916 1.5748, -0.0113 -0.5936 1.5748, -0.0136 -0.6097 1.5748, -0.1177 -0.6453 1.5748, -0.1177 -0.6439 1.5748, -0.1695 -0.6389 1.5748, -0.1168 -0.6401 1.5748, -0.115 -0.6367 1.5748, -0.116 -0.6523 1.5748, -0.1173 -0.6489 1.5748, -0.1698 -0.6489 1.5748, -0.1695 -0.6439 1.5748, -0.0518 -0.6182 1.5748, -0.0464 -0.6105 1.5748, -0.043 -0.6017 1.5748, -0.0418 -0.5921 1.5748, -0.0995 -0.6306 1.5748, -0.0773 -0.6306 1.5748, -0.0685 -0.6289 1.5748, -0.0598 -0.6249 1.5748, -0.0525 -0.6189 1.5748, -0.0842 -0.5536 1.5748, -0.2891 -0.5583 1.5748, -0.2933 -0.5693 1.5748, -0.0803 -0.5536 1.5748, -0.0489 -0.5698 1.5748, -0.0547 -0.5634 1.5748, -0.0623 -0.5581 1.5748, -0.0709 -0.5548 1.5748, -0.1045 -0.5121 1.5748, -0.1077 -0.5092 1.5748, -0.2193 -0.5393 1.5748, -0.0938 -0.5257 1.5748, -0.2839 -0.551 1.5748, -0.2229 -0.5374 1.5748, -0.0848 -0.551 1.5748, -0.0866 -0.5418 1.5748, -0.1216 -0.4997 1.5748, -0.1371 -0.4939 1.5748, -0.2122 -0.5244 1.5748, -0.1532 -0.492 1.5748, -0.234 -0.5333 1.5748, -0.2455 -0.5319 1.5748, -0.2505 -0.5322 1.5748, -0.1715 -0.4944 1.5748, -0.1876 -0.5009 1.5748, -0.2013 -0.5111 1.5748, -0.2627 -0.5351 1.5748, -0.2737 -0.5409 1.5748, -0.2822 -0.5485 1.5748, -0.0263 -0.551 1.5748, -0.0194 -0.5608 1.5748, -0.0152 -0.5713 1.5748, 0.2815 -0.661 1.5748, 0.2815 -0.5713 1.5748, 0.2733 -0.599 1.5748, 0.2733 -0.591 1.5748, 0.2749 -0.6525 1.5748, 0.2749 -0.6604 1.5748, 0.2596 -0.661 1.5748, 0.2466 -0.6525 1.5748, 0.2596 -0.6525 1.5748, 0.2466 -0.6292 1.5748, 0.2596 -0.6292 1.5748, 0.2714 -0.6292 1.5748, 0.2714 -0.6212 1.5748, 0.2596 -0.599 1.5748, 0.2596 -0.6604 1.5748, 0.2376 -0.6604 1.5748, 0.2329 -0.661 1.5748, 0.2376 -0.591 1.5748, 0.0947 -0.6368 1.5748, 0.096 -0.6228 1.5748, 0.0929 -0.6393 1.5748, 0.0917 -0.6424 1.5748, 0.1427 -0.6497 1.5748, 0.131 -0.6285 1.5748, 0.1427 -0.6587 1.5748, 0.131 -0.6604 1.5748, 0.118 -0.6577 1.5748, 0.1148 -0.6598 1.5748, 0.1223 -0.6604 1.5748, 0.1116 -0.661 1.5748, 0.1152 -0.6171 1.5748, 0.1123 -0.6168 1.5748, 0.1076 -0.631 1.5748, 0.0881 -0.6885 1.5748, 0.1018 -0.661 1.5748, 0.0881 -0.661 1.5748, 0.1017 -0.661 1.5748, 0.0984 -0.6597 1.5748, 0.0973 -0.6345 1.5748, 0.101 -0.6326 1.5748, 0.102 -0.619 1.5748, 0.1075 -0.6172 1.5748, 0.0954 -0.6577 1.5748, 0.0946 -0.6568 1.5748, 0.0927 -0.6542 1.5748, 0.1459 -0.6516 1.5748, 0.1468 -0.652 1.5748, 0.1468 -0.6336 1.5748, 0.1223 -0.6527 1.5748, 0.1221 -0.6527 1.5748, 0.1207 -0.6548 1.5748, 0.0917 -0.6513 1.5748, 0.0912 -0.6471 1.5748, 0.0881 -0.5713 1.5748, 0.096 -0.6143 1.5748, 0.0978 -0.6133 1.5748, 0.1042 -0.6108 1.5748, 0.1131 -0.6097 1.5748, 0.1432 -0.6276 1.5748, 0.1301 -0.6212 1.5748, 0.1428 -0.6242 1.5748, 0.1223 -0.6289 1.5748, 0.122 -0.6251 1.5748, 0.1211 -0.622 1.5748, 0.1201 -0.6202 1.5748, 0.1131 -0.6097 1.5748, 0.1192 -0.6104 1.5748, 0.1226 -0.6116 1.5748, 0.1467 -0.6336 1.5748, 0.1453 -0.6321 1.5748, 0.1441 -0.6303 1.5748, 0.1188 -0.6188 1.5748, 0.1172 -0.6178 1.5748, 0.1431 -0.6214 1.5748, 0.144 -0.6186 1.5748, 0.1287 -0.6175 1.5748, 0.1455 -0.6163 1.5748, 0.1268 -0.6148 1.5748, 0.1254 -0.6134 1.5748, 0.1506 -0.661 1.5748, 0.1468 -0.6885 1.5748, 0.1562 -0.6616 1.5748, 0.1738 -0.6119 1.5748, 0.1738 -0.6204 1.5748, 0.1468 -0.6151 1.5748, 0.1468 -0.5713 1.5748, 0.1484 -0.6137 1.5748, 0.1505 -0.6124 1.5748, 0.1758 -0.6504 1.5748, 0.1747 -0.6532 1.5748, 0.1731 -0.6554 1.5748, 0.1551 -0.6106 1.5748, 0.1621 -0.6097 1.5748, 0.1785 -0.5713 1.5748, 0.1682 -0.6103 1.5748, 0.1733 -0.6387 1.5748, 0.1749 -0.6411 1.5748, 0.1758 -0.6437 1.5748, 0.1762 -0.6469 1.5748, 0.1706 -0.6576 1.5748, 0.1686 -0.6589 1.5748, 0.1612 -0.6168 1.5748, 0.1587 -0.617 1.5748, 0.1518 -0.6234 1.5748, 0.1563 -0.6176 1.5748, 0.1544 -0.6186 1.5748, 0.1518 -0.6246 1.5748, 0.1522 -0.626 1.5748, 0.1528 -0.6271 1.5748, 0.1536 -0.6281 1.5748, 0.1567 -0.63 1.5748, 0.1673 -0.6175 1.5748, 0.1621 -0.6323 1.5748, 0.1722 -0.6194 1.5748, 0.1654 -0.6337 1.5748, 0.1712 -0.6369 1.5748, 0.1531 -0.6198 1.5748, 0.1523 -0.6209 1.5748, 0.1519 -0.6221 1.5748, 0.1513 -0.6538 1.5748, 0.156 -0.6386 1.5748, 0.1508 -0.6363 1.5748, 0.157 -0.6545 1.5748, 0.1574 -0.6545 1.5748, 0.1617 -0.641 1.5748, 0.1619 -0.654 1.5748, 0.1673 -0.6478 1.5748, 0.1672 -0.6467 1.5748, 0.1641 -0.6532 1.5748, 0.1649 -0.6527 1.5748, 0.1659 -0.6518 1.5748, 0.1667 -0.6507 1.5748, 0.1671 -0.6494 1.5748, 0.1668 -0.6453 1.5748, 0.1661 -0.6442 1.5748, 0.165 -0.6431 1.5748, 0.3069 -0.5314 1.5748, 0.2815 -0.5314 1.5748, 0.314 -0.5504 1.5748, 0.2815 -0.551 1.5748, 0.3239 -0.5504 1.5748, 0.278 -0.5314 1.5748, 0.2714 -0.5504 1.5748, 0.2596 -0.551 1.5748, 0.2615 -0.5504 1.5748, 0.2596 -0.4804 1.5748, 0.2815 -0.4979 1.5748, 0.2815 -0.4804 1.5748, 0.2879 -0.481 1.5748, 0.2975 -0.481 1.5748, 0.2329 -0.4804 1.5748, 0.1946 -0.4804 1.5748, 0.221 -0.481 1.5748, 0.2012 -0.481 1.5748, 0.2012 -0.5504 1.5748, 0.1946 -0.551 1.5748, 0.2203 -0.5504 1.5748, 0.2329 -0.551 1.5748, 0.2321 -0.5489 1.5748, 0.2558 -0.5273 1.5748, 0.2523 -0.5345 1.5748, 0.2496 -0.4926 1.5748, 0.2539 -0.4986 1.5748, 0.2472 -0.5407 1.5748, 0.24 -0.5458 1.5748, 0.2329 -0.5486 1.5748, 0.2472 -0.4902 1.5748, 0.2315 -0.4822 1.5748, 0.2329 -0.4827 1.5748, 0.2399 -0.4852 1.5748, 0.2565 -0.5052 1.5748, 0.2576 -0.5148 1.5748, 0.2574 -0.5192 1.5748, 0.1865 -0.489 1.5748, 0.1865 -0.481 1.5748, 0.1785 -0.4804 1.5748, 0.1785 -0.481 1.5748, 0.1881 -0.5425 1.5748, 0.1881 -0.5504 1.5748, 0.1785 -0.551 1.5748, 0.1845 -0.5191 1.5748, 0.1785 -0.5191 1.5748, 0.1785 -0.5425 1.5748, 0.1597 -0.5191 1.5748, 0.1597 -0.5425 1.5748, 0.1845 -0.5112 1.5748, 0.1785 -0.489 1.5748, 0.1508 -0.481 1.5748, 0.1468 -0.4804 1.5748, 0.1508 -0.5504 1.5748, -0.874 -0.8149 1.5748, -0.635 -0.8149 1.5748, -0.6298 -0.8155 1.5748, -0.6248 -0.8173 1.5748, -0.2324 -0.6913 1.5748, -0.5999 -0.8363 1.5748, -0.6203 -0.8201 1.5748, -0.635 0.815 1.5748, -0.874 0.815 1.5748, -0.874 -0.4804 1.5748, -0.6203 0.8201 1.5748, -0.6248 0.8173 1.5748, -0.6298 0.8156 1.5748, 0.874 0.815 1.5748, 0.874 -0.4804 1.5748, 0.874 -0.551 1.5748, 0.635 0.815 1.5748, 0.6297 0.8156 1.5748, 0.6248 0.8173 1.5748, 0.4289 0.9725 1.5748, 0.2815 0.9725 1.5748, 0.6203 0.8201 1.5748, 0.2815 -0.6885 1.5748, 0.6297 -0.8155 1.5748, 0.874 -0.6885 1.5748, 0.635 -0.8149 1.5748, 0.874 -0.8149 1.5748, 0.4289 -0.9724 1.5748, 0.6203 -0.8201 1.5748, 0.6248 -0.8173 1.5748, 0.1296 -0.4806 1.5748, 0.1369 -0.4827 1.5748, 0.1785 -0.5504 1.5748, 0.1369 -0.492 1.5748, 0.1357 -0.5481 1.5748, 0.1222 -0.5434 1.5748, 0.1301 -0.542 1.5748, 0.1369 -0.5389 1.5748, 0.1369 -0.5475 1.5748, 0.1291 -0.489 1.5748, 0.1205 -0.4879 1.5748, 0.0944 -0.5165 1.5748, 0.0978 -0.5316 1.5748, 0.1012 -0.5363 1.5748, 0.1025 -0.5376 1.5748, 0.1071 -0.5408 1.5748, 0.112 -0.5427 1.5748, 0.119 -0.5436 1.5748, 0.1017 -0.4956 1.5748, 0.0979 -0.5009 1.5748, 0.1064 -0.4917 1.5748, 0.1118 -0.4892 1.5748, 0.1179 -0.488 1.5748, 0.0955 -0.5069 1.5748, 0.1361 -0.4916 1.5748, 0.0944 -0.519 1.5748, 0.0955 -0.526 1.5748, 0.1205 -0.4799 1.5748, 0.0881 0.9725 1.5748, 0.1468 0.9725 1.5748, 0.1206 -0.4799 1.5748, 0.1278 -0.4804 1.5748, 0.09 -0.4966 1.5748, 0.095 -0.4901 1.5748, 0.0967 -0.4885 1.5748, 0.1031 -0.4839 1.5748, 0.0839 -0.4804 1.5748, 0.0867 -0.5043 1.5748, 0.0881 -0.501 1.5748, 0.0881 -0.5327 1.5748, 0.0864 -0.5284 1.5748, 0.0839 -0.551 1.5748, 0.085 -0.517 1.5748, 0.0851 -0.5134 1.5748, 0.0994 -0.5467 1.5748, 0.0939 -0.5421 1.5748, 0.0881 -0.551 1.5748, 0.0892 -0.5356 1.5748, 0.1177 -0.5515 1.5748, 0.1135 -0.5513 1.5748, 0.1116 -0.551 1.5748, 0.106 -0.5498 1.5748, 0.1113 -0.6611 1.5748, 0.1069 -0.6616 1.5748, 0.2193 -0.6109 1.5748, 0.2283 -0.6109 1.5748, 0.2329 -0.5713 1.5748, 0.2596 -0.591 1.5748, 0.2596 -0.5713 1.5748, 0.2085 -0.661 1.5748, 0.2034 -0.6481 1.5748, 0.2044 -0.6522 1.5748, 0.2047 -0.6522 1.5748, 0.1946 -0.5713 1.5748, 0.1946 -0.6229 1.5748, 0.2057 -0.6482 1.5748, 0.2051 -0.6505 1.5748, 0.1946 -0.661 1.5748, 0.1946 -0.6462 1.5748, 0.1807 -0.6109 1.5748, 0.1904 -0.6109 1.5748, 0.2001 -0.6603 1.5748, 0.1999 -0.661 1.5748, 0.1963 -0.6693 1.5748, 0.1785 -0.6885 1.5748, 0.1825 -0.683 1.5748, 0.1825 -0.6753 1.5748, 0.1843 -0.6759 1.5748, 0.1874 -0.6763 1.5748, 0.1877 -0.6763 1.5748, 0.1898 -0.676 1.5748, 0.1917 -0.6752 1.5748, 0.1929 -0.6743 1.5748, 0.1946 -0.6725 1.5748, 0.1946 -0.6724 1.5748, 0.1946 -0.6821 1.5748, 0.1919 -0.6833 1.5748, 0.1946 -0.6885 1.5748, 0.1881 -0.6837 1.5748, 0.1862 -0.6837 1.5748, 0.2329 -0.6885 1.5748, 0.1982 -0.6798 1.5748, 0.1953 -0.6819 1.5748, 0.2058 -0.6679 1.5748, 0.2018 -0.6756 1.5748, -0.874 -0.551 1.5748, -0.874 -0.5713 1.5748, -0.874 -0.661 1.5748, -0.874 -0.6885 1.5748, 0.0821 -0.5504 1.5748, 0.0456 -0.5504 1.5748, 0.0456 -0.481 1.5748, 0.0545 -0.599 1.5748, 0.0545 -0.6212 1.5748, 0.0813 -0.599 1.5748, 0.0793 -0.6212 1.5748, 0.0829 -0.6525 1.5748, 0.0839 -0.661 1.5748, 0.0829 -0.6604 1.5748, 0.0456 -0.6604 1.5748, 0.0545 -0.6292 1.5748, 0.0545 -0.6525 1.5748, 0.0793 -0.6292 1.5748, 0.0813 -0.591 1.5748, 0.0456 -0.591 1.5748, 0.0839 0.9725 1.5748, 0.2596 0.9725 1.5748, 0.2329 0.9725 1.5748, 0.1946 0.9725 1.5748, 0.1785 0.9725 1.5748, 0.2815 -0.9724 1.5748, 0.2596 -0.6885 1.5748, 0.2596 -0.9724 1.5748, 0.2329 -0.9724 1.5748, 0.1946 -0.9724 1.5748, 0.1785 -0.9724 1.5748, 0.1468 -0.9724 1.5748, 0.0881 -0.9724 1.5748, 0.0839 -0.9724 1.5748, 0.3582 -0.6604 1.5748, 0.3483 -0.6604 1.5748, 0.4008 -0.6604 1.5748, 0.3938 -0.6414 1.5748, 0.3649 -0.6414 1.5748, 0.4107 -0.6604 1.5748, 0.874 -0.661 1.5748, 0.3843 -0.591 1.5748, 0.874 -0.5713 1.5748, 0.3748 -0.591 1.5748, 0.3426 -0.6374 1.5748, 0.3443 -0.6292 1.5748, 0.3445 -0.6248 1.5748, 0.3433 -0.6152 1.5748, 0.3392 -0.6445 1.5748, 0.334 -0.6507 1.5748, 0.3268 -0.6558 1.5748, 0.288 -0.591 1.5748, 0.288 -0.6604 1.5748, 0.3071 -0.6604 1.5748, 0.319 -0.6589 1.5748, 0.334 -0.6002 1.5748, 0.3364 -0.6026 1.5748, 0.3407 -0.6086 1.5748, 0.3078 -0.591 1.5748, 0.3184 -0.5922 1.5748, 0.3268 -0.5953 1.5748, 0.9842 0.8268 0.3031, 0.9842 0.8268 0.0394, 0.6309 0.8268 0.3031, 0.6309 0.8268 0.0394, 0.4331 0.9843 0.3031, 0.4331 0.9843 0.0394, -0.4331 0.9843 0.3031, -0.4331 0.9843 0.0394, -0.6309 0.8268 0.3031, -0.6309 0.8268 0.0394, -0.9843 0.8268 0.3031, -0.9843 0.8268 0.0394, -0.9843 -0.8267 0.3031, -0.9843 -0.8267 0.0394, -0.6309 -0.8267 0.3031, -0.6309 -0.8267 0.0394, -0.4331 -0.9842 0.3031, -0.4331 -0.9842 0.0394, 0.4331 -0.9842 0.3031, 0.4331 -0.9842 0.0394, 0.6309 -0.8267 0.3031, 0.6309 -0.8267 0.0394, 0.9842 -0.8267 0.3031, 0.9842 -0.8267 0.0394, 0.5935 -0.7597 0.315, 0.5678 -0.7796 0.315, 0.6267 -0.8149 0.315, -0.6942 0.6698 0.315, -0.9725 0.815 0.315, -0.7307 0.6297 0.315, -0.7319 0.6283 0.315, -0.3021 -0.9159 0.315, -0.3084 -0.914 0.315, -0.429 -0.9724 0.315, -0.3607 -0.8946 0.315, 0.9536 -0.1444 0.315, 0.9437 -0.1995 0.315, 0.9724 -0.8149 0.315, 0.941 -0.2108 0.315, 0.9305 -0.2539 0.315, 0.7609 -0.5927 0.315, 0.7887 -0.5548 0.315, 0.7942 -0.5474 0.315, 0.8613 0.4341 0.315, 0.862 0.4328 0.315, 0.9724 0.815 0.315, 0.8856 0.3823 0.315, 0.6267 0.815 0.315, 0.4528 0.8516 0.315, 0.4748 0.8391 0.315, 0.5015 0.8239 0.315, 0.5489 0.7932 0.315, 0.5549 0.7888 0.315, -0.6268 0.815 0.315, -0.5936 0.7598 0.315, -0.5765 0.7734 0.315, -0.8985 0.3509 0.315, -0.916 0.3021 0.315, -0.9173 0.2984 0.315, 0.4321 -0.8624 0.315, 0.3817 -0.8858 0.315, 0.4289 -0.9724 0.315, -0.0445 -0.9635 0.315, -0.1004 -0.9593 0.315, -0.3903 -0.8816 0.315, -0.412 -0.8721 0.315, -0.4624 -0.8465 0.315, 0.7305 -0.6295 0.315, 0.7249 -0.6363 0.315, 0.6939 -0.6699 0.315, 0.6646 0.6988 0.315, 0.6701 0.6938 0.315, 0.3518 0.8982 0.315, 0.3903 0.8818 0.315, 0.4029 0.8764 0.315, -0.5307 0.8055 0.315, -0.5163 0.8144 0.315, -0.429 0.9725 0.315, 0.4289 0.9725 0.315, 0.1999 0.9436 0.315, 0.2108 0.941 0.315, 0.2549 0.9303 0.315, 0.2994 0.917 0.315, 0.3021 0.916 0.315, -0.6653 0.698 0.315, -0.6538 0.7092 0.315, -0.6204 0.7386 0.315, 0.9159 -0.302 0.315, 0.9142 -0.3076 0.315, 0.8946 -0.3605 0.315, 0.8522 -0.4517 0.315, 0.8391 -0.4748 0.315, 0.8246 -0.5003 0.315, 0.6652 -0.698 0.315, 0.6541 -0.7089 0.315, 0.612 -0.7454 0.315, 0.7459 0.6115 0.315, 0.7597 0.5936 0.315, 0.7804 0.5668 0.315, 0.8063 0.5294 0.315, 0.8994 0.3475 0.315, 0.9063 0.3302 0.315, 0.924 0.2766 0.315, 0.9478 0.1789 0.315, 0.95 0.1654 0.315, 0.9566 0.1237 0.315, 0.9618 0.0715 0.315, -0.483 0.835 0.315, -0.4336 0.8617 0.315, -0.3825 0.8855 0.315, -0.2881 0.9205 0.315, -0.2577 0.9291 0.315, -0.2343 0.9357 0.315, -0.1796 0.9477 0.315, 0.0336 0.964 0.315, 0.0892 0.9604 0.315, 0.4341 -0.8613 0.315, 0.277 -0.9239 0.315, 0.2576 -0.9291 0.315, 0.2229 -0.9384 0.315, 0.1676 -0.9499 0.315, 0.1654 -0.9502 0.315, 0.1223 -0.9568 0.315, 0.0714 -0.9618 0.315, -0.1175 -0.957 0.315, -0.1563 -0.9518 0.315, -0.2008 -0.9434 0.315, -0.5407 -0.7988 0.315, -0.6268 -0.8149 0.315, -0.4933 -0.8288 0.315, -0.4749 -0.8393 0.315, 0.9622 0.0681 0.315, 0.9645 0.0121 0.315, 0.9639 -0.0231 0.315, 0.9635 -0.0443 0.315, 0.9604 -0.0888 0.315, 0.9569 -0.1175 0.315, 0.5857 0.7664 0.315, 0.629 0.7313 0.315, 0.6296 0.7307 0.315, 0.698 0.6652 0.315, 0.7091 0.6539 0.315, 0.8144 0.5163 0.315, 0.8356 0.4818 0.315, -0.1654 0.95 0.315, -0.1241 0.9566 0.315, -0.0715 0.9619 0.315, 0.1175 0.957 0.315, 0.1447 0.9537 0.315, -0.964 0.0341 0.315, -0.9604 0.09 0.315, -0.8818 0.3903 0.315, -0.8766 0.4025 0.315, -0.8515 0.4532 0.315, -0.7996 0.5395 0.315, -0.7886 0.5548 0.315, -0.7671 0.5849 0.315, 0.5215 -0.8114 0.315, 0.5163 -0.8145 0.315, 0.4731 -0.8406 0.315, 0.3475 -0.8994 0.315, 0.33 -0.9063 0.315, -0.2108 -0.941 0.315, -0.2551 -0.9302 0.315, 0.8818 -0.3903 0.315, 0.8769 -0.4016 0.315, 0.9292 0.2577 0.315, 0.9358 0.2336 0.315, -0.3476 0.8997 0.315, -0.341 0.9023 0.315, -0.5548 -0.7886 0.315, -0.5862 -0.766 0.315, -0.9725 -0.8149 0.315, -0.6297 -0.7307 0.315, -0.6632 -0.7004 0.315, -0.7741 -0.5755 0.315, -0.7598 -0.5935 0.315, -0.7395 -0.6193 0.315, -0.8062 -0.5295 0.315, -0.8144 -0.5162 0.315, -0.8359 -0.4813 0.315, -0.9209 -0.2869 0.315, -0.9291 -0.2576 0.315, -0.936 -0.233 0.315, -0.948 -0.1778 0.315, -0.9501 -0.1653 0.315, -0.9554 -0.1326 0.315, -0.9615 -0.0773 0.315, -0.9618 -0.0714 0.315, -0.9644 -0.0217 0.315, -0.9641 0.0232 0.315, -0.957 0.1176 0.315, -0.9534 0.146 0.315, -0.9456 0.1905 0.315, 0.0669 -0.9622 0.315, 0.0113 -0.9645 0.315, -0.0232 -0.9639 0.315, -0.0678 0.9622 0.315, -0.0221 0.9644 0.315, 0.0231 0.9641 0.315, -0.6981 -0.6653 0.315, -0.7025 -0.661 0.315, -0.8577 -0.4413 0.315, -0.8612 -0.434 0.315, -0.8817 -0.3911 0.315, -0.8996 -0.3475 0.315, -0.9028 -0.3396 0.315, -0.9409 0.2108 0.315, -0.933 0.245 0.315, -0.8393 0.4749 0.315, -0.8296 0.4922 0.315
            ]
        }
        coordIndex [
            0,1,2,-1,3,4,5,-1,6,7,8,-1,9,10,11,-1,12,13,14,-1,15,16,17,-1,18,19,20,-1,21,22,23,-1,24,25,26,-1,27,28,29,-1,30,31,32,-1,32,31,3,-1,33,34,32,-1,32,34,35,-1,35,36,32,-1,32,36,37,-1,32,37,30,-1,38,39,40,-1,40,39,41,-1,40,41,42,-1,42,41,43,-1,42,43,44,-1,44,43,45,-1,44,45,46,-1,47,48,49,-1,50,38,49,-1,48,51,49,-1,49,51,52,-1,49,52,50,-1,50,52,53,-1,50,53,54,-1,54,53,55,-1,54,55,56,-1,29,28,57,-1,28,58,57,-1,57,58,59,-1,57,59,49,-1,49,59,60,-1,49,60,47,-1,61,62,63,-1,62,64,63,-1,63,64,65,-1,63,65,66,-1,66,67,63,-1,63,67,68,-1,63,68,29,-1,29,68,69,-1,29,69,27,-1,70,71,72,-1,72,73,70,-1,70,73,74,-1,70,74,63,-1,63,74,75,-1,63,75,61,-1,76,77,78,-1,78,77,79,-1,78,79,80,-1,0,81,1,-1,1,81,82,-1,1,82,83,-1,83,84,1,-1,1,84,85,-1,1,85,86,-1,87,88,0,-1,87,0,89,-1,90,91,92,-1,92,91,93,-1,94,95,96,-1,97,98,91,-1,91,98,99,-1,91,99,100,-1,94,96,101,-1,102,103,81,-1,81,103,104,-1,81,104,105,-1,106,107,108,-1,108,107,109,-1,108,109,110,-1,111,100,112,-1,112,100,113,-1,112,113,108,-1,108,113,114,-1,108,114,106,-1,95,115,96,-1,96,115,116,-1,96,116,117,-1,88,118,0,-1,0,118,119,-1,0,119,81,-1,81,119,120,-1,81,120,102,-1,111,121,100,-1,100,121,122,-1,100,122,91,-1,91,122,123,-1,91,123,93,-1,124,125,4,-1,4,125,126,-1,4,126,0,-1,0,126,127,-1,0,127,89,-1,128,129,130,-1,130,129,131,-1,130,131,96,-1,96,131,132,-1,96,132,101,-1,105,133,81,-1,81,133,134,-1,81,134,135,-1,135,134,128,-1,135,128,136,-1,136,128,130,-1,137,138,96,-1,96,138,139,-1,96,139,91,-1,91,139,140,-1,91,140,97,-1,117,141,96,-1,96,141,142,-1,96,142,143,-1,143,144,96,-1,96,144,145,-1,96,145,137,-1,146,147,148,-1,148,100,146,-1,146,100,99,-1,146,99,149,-1,149,99,150,-1,150,151,149,-1,149,151,152,-1,149,152,153,-1,154,155,156,-1,154,156,157,-1,158,156,159,-1,147,146,158,-1,158,146,160,-1,158,160,156,-1,156,160,161,-1,156,161,157,-1,155,162,156,-1,156,162,163,-1,156,163,164,-1,164,163,165,-1,159,166,158,-1,158,166,167,-1,158,167,168,-1,169,170,165,-1,165,170,171,-1,165,171,164,-1,172,173,168,-1,168,173,174,-1,168,174,158,-1,31,175,3,-1,3,175,176,-1,3,176,4,-1,4,176,177,-1,4,177,124,-1,178,179,180,-1,180,179,181,-1,180,182,178,-1,178,182,183,-1,178,183,184,-1,185,186,187,-1,187,186,188,-1,188,186,189,-1,189,186,182,-1,189,182,190,-1,190,182,180,-1,190,180,26,-1,26,180,191,-1,26,191,24,-1,183,192,184,-1,184,192,193,-1,184,193,194,-1,194,193,195,-1,196,197,198,-1,198,197,199,-1,200,201,202,-1,202,201,203,-1,202,203,22,-1,204,205,206,-1,206,205,207,-1,206,207,203,-1,208,209,210,-1,211,212,213,-1,213,212,214,-1,213,214,215,-1,196,216,197,-1,197,216,217,-1,197,217,218,-1,218,217,210,-1,218,210,219,-1,219,210,209,-1,215,220,213,-1,213,220,221,-1,213,221,222,-1,223,224,225,-1,226,227,206,-1,206,227,228,-1,206,228,204,-1,222,229,213,-1,213,229,230,-1,213,230,231,-1,231,230,199,-1,231,199,232,-1,232,199,197,-1,232,233,231,-1,231,233,234,-1,231,234,235,-1,223,225,200,-1,201,236,237,-1,237,236,238,-1,239,240,210,-1,210,240,241,-1,210,241,242,-1,235,243,231,-1,231,243,244,-1,231,244,245,-1,225,246,200,-1,200,246,247,-1,200,247,201,-1,201,247,248,-1,201,248,236,-1,242,249,210,-1,210,249,250,-1,210,250,208,-1,238,251,237,-1,237,251,252,-1,237,252,253,-1,253,252,254,-1,253,254,255,-1,255,254,256,-1,21,23,257,-1,257,23,258,-1,257,258,259,-1,260,261,20,-1,254,262,263,-1,263,262,264,-1,263,264,265,-1,266,267,20,-1,20,267,268,-1,265,269,263,-1,263,269,270,-1,263,270,271,-1,271,270,272,-1,271,272,260,-1,273,274,261,-1,261,274,275,-1,261,275,20,-1,20,275,276,-1,20,276,266,-1,268,277,20,-1,20,277,278,-1,20,278,18,-1,279,280,281,-1,281,280,282,-1,281,282,283,-1,281,284,279,-1,279,284,285,-1,279,285,286,-1,286,287,279,-1,279,287,288,-1,279,288,289,-1,289,288,290,-1,289,290,291,-1,291,290,292,-1,291,292,261,-1,261,292,293,-1,261,293,273,-1,294,295,283,-1,283,295,296,-1,283,296,281,-1,297,298,224,-1,224,298,299,-1,224,299,225,-1,297,300,298,-1,298,300,301,-1,298,301,302,-1,302,301,303,-1,302,304,305,-1,303,306,302,-1,302,306,307,-1,302,307,308,-1,308,309,302,-1,302,309,310,-1,302,310,304,-1,305,311,302,-1,302,311,312,-1,302,312,313,-1,314,315,316,-1,316,315,317,-1,316,317,318,-1,315,319,317,-1,317,319,320,-1,317,320,321,-1,321,320,322,-1,321,322,323,-1,323,322,324,-1,323,324,325,-1,325,324,326,-1,325,326,327,-1,328,329,330,-1,330,329,331,-1,331,329,332,-1,332,329,333,-1,332,333,334,-1,334,333,335,-1,334,335,336,-1,337,338,321,-1,339,340,323,-1,338,341,321,-1,321,341,342,-1,321,342,335,-1,335,342,343,-1,335,343,336,-1,339,323,344,-1,330,345,328,-1,328,345,346,-1,328,346,323,-1,323,346,347,-1,323,347,344,-1,340,348,323,-1,323,348,349,-1,323,349,321,-1,321,349,350,-1,321,350,337,-1,351,329,352,-1,352,329,353,-1,352,353,354,-1,329,355,333,-1,333,355,356,-1,333,356,357,-1,358,359,360,-1,360,359,361,-1,360,361,362,-1,360,355,358,-1,358,355,329,-1,358,329,363,-1,363,329,351,-1,363,351,17,-1,17,351,364,-1,17,364,15,-1,354,353,365,-1,365,353,366,-1,365,366,367,-1,368,369,70,-1,70,369,370,-1,70,370,371,-1,76,372,77,-1,77,372,71,-1,77,71,373,-1,373,71,70,-1,373,70,374,-1,374,70,371,-1,375,376,377,-1,38,40,49,-1,49,40,378,-1,49,378,379,-1,375,377,380,-1,381,325,382,-1,382,325,327,-1,382,327,383,-1,381,384,325,-1,325,384,385,-1,325,385,386,-1,387,388,389,-1,389,388,386,-1,390,391,392,-1,392,391,393,-1,392,393,394,-1,395,396,390,-1,390,396,397,-1,390,397,391,-1,398,399,366,-1,356,400,357,-1,357,400,367,-1,357,367,14,-1,14,367,366,-1,14,366,401,-1,401,366,399,-1,12,14,402,-1,403,404,401,-1,401,404,405,-1,401,405,14,-1,14,405,406,-1,14,406,402,-1,407,408,409,-1,410,411,401,-1,401,411,412,-1,401,412,413,-1,413,414,401,-1,401,414,415,-1,401,415,403,-1,416,417,418,-1,418,417,419,-1,408,420,409,-1,409,420,419,-1,409,419,421,-1,421,419,417,-1,407,409,422,-1,422,409,423,-1,422,423,401,-1,401,423,424,-1,401,424,410,-1,10,425,426,-1,426,425,427,-1,427,425,428,-1,427,428,429,-1,11,430,431,-1,431,432,11,-1,11,432,433,-1,11,433,9,-1,434,435,11,-1,11,435,436,-1,11,436,430,-1,437,438,439,-1,439,438,440,-1,439,440,434,-1,434,440,441,-1,434,441,435,-1,442,443,444,-1,444,443,445,-1,446,447,231,-1,231,447,448,-1,231,448,444,-1,444,448,449,-1,444,449,442,-1,13,446,263,-1,263,446,231,-1,263,231,254,-1,254,231,245,-1,254,245,256,-1,22,203,23,-1,23,203,207,-1,23,207,258,-1,258,207,450,-1,258,450,211,-1,211,450,451,-1,211,451,212,-1,452,453,454,-1,181,179,455,-1,455,179,456,-1,455,456,195,-1,195,456,454,-1,195,454,194,-1,194,454,453,-1,194,453,457,-1,458,459,460,-1,454,461,452,-1,452,461,462,-1,452,462,463,-1,463,462,458,-1,463,458,464,-1,464,458,460,-1,465,466,20,-1,20,466,467,-1,260,20,271,-1,271,20,467,-1,271,467,461,-1,461,467,468,-1,461,468,462,-1,469,466,470,-1,470,466,465,-1,470,465,471,-1,472,473,474,-1,475,476,20,-1,259,258,19,-1,19,258,472,-1,19,472,20,-1,20,472,474,-1,20,474,475,-1,476,477,20,-1,20,477,478,-1,20,478,479,-1,479,480,20,-1,20,480,481,-1,20,481,465,-1,465,481,482,-1,465,482,471,-1,483,484,485,-1,485,484,486,-1,485,486,472,-1,472,486,487,-1,472,487,473,-1,488,489,485,-1,485,489,490,-1,485,490,483,-1,457,491,488,-1,488,491,492,-1,488,492,489,-1,379,380,49,-1,49,380,377,-1,49,377,57,-1,57,377,493,-1,57,493,29,-1,29,493,494,-1,29,494,63,-1,63,494,495,-1,63,495,70,-1,70,495,496,-1,70,496,368,-1,32,6,434,-1,434,6,8,-1,434,8,439,-1,439,8,497,-1,439,497,498,-1,5,439,3,-1,3,439,498,-1,3,498,32,-1,32,498,499,-1,32,499,6,-1,500,501,502,-1,502,501,503,-1,5,504,505,-1,505,504,506,-1,505,506,507,-1,508,509,510,-1,510,509,504,-1,503,510,502,-1,502,510,504,-1,502,504,511,-1,511,504,5,-1,511,5,512,-1,512,5,4,-1,512,4,507,-1,507,4,0,-1,507,0,505,-1,505,0,2,-1,10,426,11,-1,11,426,513,-1,11,513,434,-1,434,513,44,-1,434,44,32,-1,32,44,46,-1,32,46,33,-1,2,211,505,-1,505,211,213,-1,505,213,5,-1,5,213,231,-1,5,231,439,-1,439,231,444,-1,439,444,437,-1,437,444,445,-1,386,388,325,-1,325,388,514,-1,325,514,323,-1,323,514,515,-1,323,515,328,-1,328,515,516,-1,328,516,329,-1,329,516,517,-1,329,517,353,-1,353,517,427,-1,353,427,366,-1,366,427,429,-1,366,429,398,-1,13,263,14,-1,14,263,271,-1,14,271,357,-1,357,271,461,-1,357,461,333,-1,333,461,454,-1,333,454,335,-1,335,454,456,-1,335,456,321,-1,321,456,179,-1,321,179,317,-1,395,390,518,-1,518,390,519,-1,518,519,520,-1,520,519,488,-1,520,488,521,-1,521,488,485,-1,521,485,522,-1,522,485,472,-1,522,472,523,-1,523,472,258,-1,523,258,524,-1,524,258,211,-1,524,211,525,-1,525,211,2,-1,525,2,526,-1,526,2,1,-1,526,1,79,-1,79,1,86,-1,79,86,80,-1,527,528,178,-1,529,530,531,-1,531,527,529,-1,529,527,178,-1,529,178,532,-1,532,178,533,-1,532,533,534,-1,534,533,535,-1,327,318,383,-1,383,318,317,-1,383,317,535,-1,535,317,179,-1,535,179,534,-1,534,179,536,-1,537,528,538,-1,538,528,536,-1,538,536,539,-1,539,536,540,-1,537,541,528,-1,528,541,542,-1,528,542,543,-1,544,179,545,-1,545,179,178,-1,545,178,546,-1,546,178,528,-1,546,528,547,-1,547,528,543,-1,548,549,536,-1,536,549,550,-1,536,550,540,-1,544,551,179,-1,179,551,552,-1,179,552,536,-1,536,552,553,-1,536,553,548,-1,457,488,194,-1,194,488,519,-1,194,519,184,-1,184,519,390,-1,184,390,178,-1,178,390,392,-1,178,392,533,-1,554,555,556,-1,556,555,557,-1,556,557,558,-1,558,557,559,-1,558,559,560,-1,560,559,561,-1,560,561,562,-1,562,561,563,-1,562,563,564,-1,564,563,565,-1,564,565,566,-1,566,565,567,-1,566,567,568,-1,568,567,569,-1,568,569,570,-1,570,569,571,-1,570,571,572,-1,572,571,573,-1,572,573,574,-1,574,573,575,-1,574,575,576,-1,576,575,577,-1,576,577,554,-1,554,577,555,-1,578,579,580,-1,581,582,583,-1,583,582,584,-1,585,586,587,-1,587,586,588,-1,589,590,591,-1,591,590,592,-1,591,592,593,-1,594,591,595,-1,595,591,596,-1,597,598,599,-1,599,598,600,-1,601,602,603,-1,603,604,601,-1,601,604,605,-1,601,605,606,-1,607,608,609,-1,610,582,611,-1,611,582,612,-1,613,614,615,-1,616,617,587,-1,588,618,587,-1,587,618,619,-1,587,619,620,-1,594,621,591,-1,591,621,622,-1,591,622,623,-1,624,625,599,-1,626,627,601,-1,601,627,628,-1,601,628,602,-1,609,629,607,-1,607,629,630,-1,607,630,631,-1,632,633,634,-1,634,635,632,-1,632,635,636,-1,632,636,601,-1,601,636,637,-1,601,637,626,-1,581,638,582,-1,582,638,639,-1,582,639,607,-1,607,639,640,-1,607,640,608,-1,593,641,591,-1,591,641,642,-1,591,642,643,-1,644,645,591,-1,591,645,646,-1,591,646,596,-1,623,647,591,-1,591,647,648,-1,591,648,580,-1,580,648,649,-1,580,649,578,-1,650,651,599,-1,599,651,652,-1,599,652,653,-1,600,654,599,-1,599,654,655,-1,599,655,656,-1,657,658,599,-1,599,658,659,-1,599,659,660,-1,630,661,631,-1,631,661,662,-1,631,662,663,-1,664,665,631,-1,631,665,666,-1,631,666,667,-1,632,668,669,-1,613,615,670,-1,671,672,615,-1,615,672,673,-1,615,673,674,-1,674,675,615,-1,615,675,676,-1,615,676,677,-1,617,678,587,-1,587,678,679,-1,587,679,680,-1,681,682,683,-1,683,682,587,-1,683,587,684,-1,684,587,620,-1,660,685,599,-1,599,685,686,-1,599,686,591,-1,591,686,687,-1,591,687,688,-1,688,689,591,-1,591,689,690,-1,591,690,589,-1,606,691,601,-1,601,691,692,-1,601,692,599,-1,599,692,693,-1,599,693,624,-1,625,694,599,-1,599,694,695,-1,599,695,650,-1,653,696,599,-1,599,696,697,-1,599,697,597,-1,667,698,631,-1,631,698,699,-1,631,699,700,-1,669,701,632,-1,632,701,702,-1,632,702,633,-1,703,704,582,-1,610,705,582,-1,582,705,706,-1,582,706,707,-1,708,709,582,-1,582,709,710,-1,582,710,584,-1,579,711,580,-1,580,711,712,-1,580,712,615,-1,615,712,713,-1,615,713,670,-1,614,714,615,-1,615,714,715,-1,615,715,671,-1,680,716,587,-1,587,716,717,-1,587,717,585,-1,643,718,591,-1,591,718,719,-1,591,719,644,-1,656,720,599,-1,599,720,721,-1,599,721,657,-1,663,722,631,-1,631,722,723,-1,631,723,664,-1,681,724,682,-1,682,724,725,-1,682,725,726,-1,726,725,727,-1,726,727,728,-1,729,726,730,-1,730,726,731,-1,729,732,726,-1,726,732,733,-1,726,733,734,-1,735,736,726,-1,726,736,737,-1,726,737,738,-1,738,739,726,-1,726,739,740,-1,726,740,741,-1,741,742,726,-1,726,742,743,-1,726,743,582,-1,582,743,744,-1,582,744,703,-1,704,745,582,-1,582,745,746,-1,582,746,747,-1,677,748,615,-1,615,748,749,-1,615,749,587,-1,587,749,750,-1,587,750,616,-1,700,751,631,-1,631,751,752,-1,631,752,632,-1,632,752,753,-1,632,753,668,-1,728,754,726,-1,726,754,755,-1,726,755,731,-1,734,756,726,-1,726,756,757,-1,726,757,758,-1,758,759,726,-1,726,759,760,-1,726,760,735,-1,747,761,582,-1,582,761,762,-1,582,762,612,-1,707,763,582,-1,582,763,764,-1,582,764,708,-1,555,577,557,-1,557,577,575,-1,557,575,559,-1,573,563,575,-1,575,563,561,-1,575,561,559,-1,567,565,569,-1,569,565,563,-1,569,563,571,-1,571,563,573,-1,
        ]
    }
}
Shape{
    appearance Appearance {
        material  Material 	{
            diffuseColor 0.0 0.0 0.0
            specularColor 0.0 0.0 0.0
            ambientIntensity 0.0
            transparency 0.0
            shininess 0.5
        }
    }
    geometry IndexedFaceSet {
        ccw TRUE
        solid FALSE
        coord DEF co Coordinate {
            point [
                0.6229 0.5742 0.7995, 0.594 0.6041 0.7995, 0.5881 0.5983 0.923, 0.8438 -0.076 0.7995, 0.8472 0.0071 0.7995, 0.8389 0.0072 0.923, 0.8086 0.2528 0.7995, 0.78 0.3308 0.7995, 0.7723 0.3277 0.923, 0.7438 0.4056 0.7995, 0.7004 0.4766 0.7995, 0.6935 0.472 0.923, 0.8424 0.0901 0.7995, 0.8295 0.1723 0.7995, 0.8214 0.1707 0.923, 0.7505 -0.3931 0.7995, 0.7854 -0.3176 0.7995, 0.7778 -0.3144 0.923, 0.5429 -0.6503 0.7995, 0.6041 -0.594 0.7995, 0.5983 -0.5881 0.923, -0.076 -0.8438 0.7995, 0.0071 -0.8472 0.7995, 0.0072 -0.8389 0.923, 0.2527 -0.8086 0.7995, 0.3308 -0.78 0.7995, 0.3277 -0.7723 0.923, 0.4056 -0.7438 0.7995, 0.4765 -0.7004 0.7995, 0.472 -0.6935 0.923, 0.0901 -0.8424 0.7995, 0.1722 -0.8295 0.7995, 0.1707 -0.8214 0.923, -0.3931 -0.7505 0.7995, -0.3177 -0.7854 0.7995, -0.3145 -0.7778 0.923, -0.2392 -0.8127 0.7995, -0.1583 -0.8322 0.7995, -0.1567 -0.8242 0.923, -0.532 -0.6593 0.7995, -0.4648 -0.7083 0.7995, -0.4601 -0.7015 0.923, -0.6504 -0.5429 0.7995, -0.5941 -0.6041 0.7995, -0.5882 -0.5983 0.923, -0.8087 -0.2527 0.7995, -0.78 -0.3307 0.7995, -0.7724 -0.3276 0.923, -0.7438 -0.4056 0.7995, -0.7005 -0.4765 0.7995, -0.6936 -0.472 0.923, -0.8424 -0.0901 0.7995, -0.8295 -0.1722 0.7995, -0.8214 -0.1707 0.923, -0.8438 0.076 0.7995, -0.8472 -0.0071 0.7995, -0.839 -0.0071 0.923, -0.7505 0.3931 0.7995, -0.7855 0.3177 0.7995, -0.7779 0.3145 0.923, -0.8128 0.2392 0.7995, -0.8323 0.1583 0.7995, -0.8242 0.1567 0.923, -0.6594 0.532 0.7995, -0.7083 0.4648 0.7995, -0.7015 0.4602 0.923, -0.543 0.6504 0.7995, -0.6041 0.5941 0.7995, -0.5983 0.5882 0.923, -0.2527 0.8087 0.7995, -0.3308 0.78 0.7995, -0.3277 0.7724 0.923, -0.0901 0.8424 0.7995, -0.1723 0.8295 0.7995, -0.1707 0.8214 0.923, 0.0759 0.8438 0.7995, -0.0071 0.8472 0.7995, -0.0072 0.839 0.923, 0.3931 0.7505 0.7995, 0.3176 0.7855 0.7995, 0.3144 0.7779 0.923, 0.2391 0.8128 0.7995, 0.1583 0.8323 0.7995, 0.1566 0.8242 0.923, 0.5319 0.6594 0.7995, 0.4647 0.7083 0.7995, 0.4601 0.7015 0.923, 0.5266 0.6531 0.923, 0.3891 0.7433 0.923, 0.2367 0.8049 0.923, 0.0751 0.8356 0.923, -0.0894 0.8342 0.923, -0.2504 0.8008 0.923, -0.4056 0.7438 0.7995, -0.4018 0.7365 0.923, -0.4766 0.7005 0.7995, -0.5378 0.644 0.923, 0.5216 0.6574 1.0474, 0.5835 0.6031 1.0474, 0.5167 0.6725 1.1728, 0.5801 0.6187 1.1728, 0.3833 0.7466 1.0474, 0.4546 0.7054 1.0474, 0.3756 0.7604 1.1728, 0.4483 0.7199 1.1728, 0.2303 0.807 1.0474, 0.3083 0.7806 1.0474, 0.22 0.8191 1.1728, 0.2993 0.7936 1.1728, 0.0684 0.8364 1.0474, 0.1501 0.8257 1.0474, 0.056 0.8463 1.1728, 0.1387 0.8367 1.1728, 0.3571 0.7891 1.2992, 0.3658 0.7848 1.2992, 0.4073 0.7644 1.2992, 0.4409 0.7451 1.2992, 0.4558 0.7366 1.2992, 0.5025 0.7055 1.2992, 0.0319 0.8656 1.2992, 0.0376 0.8652 1.2992, 0.0877 0.8617 1.2992, 0.1222 0.8571 1.2992, 0.1431 0.8543 1.2992, 0.1982 0.8432 1.2992, 0.2057 0.8412 1.2992, 0.2522 0.8286 1.2992, 0.2871 0.8168 1.2992, 0.3052 0.8106 1.2992, -0.096 0.8337 1.0474, -0.0139 0.8391 1.0474, -0.1102 0.841 1.1728, -0.0272 0.8477 1.1728, -0.2568 0.799 1.0474, -0.1773 0.8203 1.0474, -0.2721 0.8033 1.1728, -0.1921 0.8261 1.1728, -0.4078 0.7335 1.0474, -0.3339 0.77 1.0474, -0.4236 0.7348 1.1728, -0.3496 0.7728 1.1728, -0.4721 0.6936 0.923, -0.543 0.6399 1.0474, -0.4777 0.69 1.0474, -0.5588 0.638 1.1728, -0.4936 0.6897 1.1728, -0.298 0.8133 1.2992, -0.2964 0.8138 1.2992, -0.2449 0.8308 1.2992, -0.2151 0.8386 1.2992, -0.1908 0.8449 1.2992, -0.1356 0.8555 1.2992, -0.5852 0.6385 1.2992, -0.5836 0.64 1.2992, -0.5411 0.6764 1.2992, -0.5196 0.6925 1.2992, -0.4963 0.7099 1.2992, -0.4493 0.7406 1.2992, -0.4005 0.768 1.2992, -0.3745 0.7805 1.2992, -0.3501 0.7923 1.2992, -0.1319 0.856 1.2992, -0.0801 0.8625 1.2992, -0.0473 0.8645 1.2992, -0.0243 0.8658 1.2992, -0.6531 0.5267 0.923, -0.7433 0.3892 0.923, -0.8049 0.2367 0.923, -0.8356 0.0751 0.923, -0.8342 -0.0893 0.923, -0.8008 -0.2504 0.923, -0.7365 -0.4018 0.923, -0.644 -0.5377 0.923, -0.6574 0.5216 1.0474, -0.6031 0.5836 1.0474, -0.6725 0.5168 1.1728, -0.6187 0.5802 1.1728, -0.7465 0.3834 1.0474, -0.7054 0.4547 1.0474, -0.7604 0.3756 1.1728, -0.7199 0.4484 1.1728, -0.807 0.2304 1.0474, -0.7805 0.3084 1.0474, -0.8191 0.2201 1.1728, -0.7936 0.2993 1.1728, -0.8364 0.0685 1.0474, -0.8256 0.1502 1.0474, -0.8463 0.0561 1.1728, -0.8367 0.1387 1.1728, -0.7849 0.3659 1.2992, -0.7824 0.3716 1.2992, -0.7568 0.4213 1.2992, -0.745 0.4409 1.2992, -0.728 0.4693 1.2992, -0.6985 0.512 1.2992, -0.8651 0.0377 1.2992, -0.8648 0.0479 1.2992, -0.86 0.1036 1.2992, -0.8571 0.1223 1.2992, -0.8515 0.1589 1.2992, -0.8411 0.2058 1.2992, -0.8394 0.2138 1.2992, -0.8239 0.2675 1.2992, -0.8168 0.2871 1.2992, -0.8049 0.3201 1.2992, -0.8337 -0.096 1.0474, -0.8391 -0.0138 1.0474, -0.841 -0.1101 1.1728, -0.8477 -0.0272 1.1728, -0.7989 -0.2568 1.0474, -0.8202 -0.1772 1.0474, -0.8033 -0.2721 1.1728, -0.8261 -0.192 1.1728, -0.7335 -0.4077 1.0474, -0.77 -0.3339 1.0474, -0.7348 -0.4235 1.1728, -0.7728 -0.3495 1.1728, -0.6399 -0.543 1.0474, -0.69 -0.4776 1.0474, -0.638 -0.5588 1.1728, -0.6897 -0.4935 1.1728, -0.8136 -0.2962 1.2992, -0.8186 -0.2829 1.2992, -0.8352 -0.2296 1.2992, -0.8387 -0.215 1.2992, -0.8483 -0.1752 1.2992, -0.8558 -0.1318 1.2992, -0.6382 -0.5849 1.2992, -0.6507 -0.5717 1.2992, -0.6862 -0.5286 1.2992, -0.6926 -0.5196 1.2992, -0.7189 -0.4831 1.2992, -0.7401 -0.4492 1.2992, -0.7487 -0.4355 1.2992, -0.7752 -0.3863 1.2992, -0.7806 -0.3745 1.2992, -0.7986 -0.3354 1.2992, -0.8578 -0.1198 1.2992, -0.8638 -0.0642 1.2992, -0.8645 -0.0473 1.2992, -0.8661 -0.0083 1.2992, -0.6961 0.5155 1.2992, -0.6614 0.5593 1.2992, -0.6447 0.5778 1.2992, -0.6239 0.6009 1.2992, -0.5267 -0.653 0.923, -0.3892 -0.7432 0.923, -0.2367 -0.8049 0.923, -0.0751 -0.8356 0.923, 0.0893 -0.8342 0.923, 0.2504 -0.8007 0.923, 0.4018 -0.7365 0.923, 0.5377 -0.6439 0.923, 0.6594 -0.5319 0.7995, 0.653 -0.5267 0.923, 0.7083 -0.4647 0.7995, 0.7432 -0.3891 0.923, 0.8127 -0.2391 0.7995, 0.8049 -0.2367 0.923, 0.8322 -0.1583 0.7995, 0.8356 -0.0751 0.923, 0.8342 0.0894 0.923, 0.8007 0.2504 0.923, 0.7365 0.4018 0.923, 0.6503 0.5429 0.7995, 0.6439 0.5378 0.923, -0.5216 -0.6574 1.0474, -0.5836 -0.6031 1.0474, -0.5168 -0.6725 1.1728, -0.5802 -0.6186 1.1728, -0.3834 -0.7465 1.0474, -0.4547 -0.7053 1.0474, -0.3756 -0.7604 1.1728, -0.4483 -0.7199 1.1728, -0.2304 -0.8069 1.0474, -0.3083 -0.7805 1.0474, -0.2201 -0.819 1.1728, -0.2993 -0.7936 1.1728, -0.0685 -0.8364 1.0474, -0.1501 -0.8256 1.0474, -0.056 -0.8462 1.1728, -0.1387 -0.8366 1.1728, 0.096 -0.8336 1.0474, 0.0138 -0.8391 1.0474, 0.1101 -0.8409 1.1728, 0.0272 -0.8477 1.1728, 0.2568 -0.7989 1.0474, 0.1773 -0.8202 1.0474, 0.2721 -0.8032 1.1728, 0.192 -0.826 1.1728, 0.4077 -0.7334 1.0474, 0.3339 -0.7699 1.0474, 0.4236 -0.7347 1.1728, 0.3495 -0.7727 1.1728, 0.543 -0.6398 1.0474, 0.4776 -0.6899 1.0474, 0.5588 -0.638 1.1728, 0.4935 -0.6897 1.1728, -0.3658 -0.7846 1.2992, -0.3859 -0.7754 1.2992, -0.4351 -0.7489 1.2992, -0.4411 -0.7452 1.2992, -0.4826 -0.7192 1.2992, -0.5119 -0.6982 1.2992, -0.0377 -0.8649 1.2992, -0.0637 -0.8638 1.2992, -0.1193 -0.8579 1.2992, -0.1223 -0.8574 1.2992, -0.1745 -0.8483 1.2992, -0.2057 -0.8409 1.2992, -0.2291 -0.8353 1.2992, -0.2825 -0.8188 1.2992, -0.2872 -0.817 1.2992, -0.3348 -0.7988 1.2992, 0.2962 -0.8134 1.2992, 0.2752 -0.8212 1.2992, 0.2217 -0.8373 1.2992, 0.2151 -0.8388 1.2992, 0.1671 -0.8498 1.2992, 0.1318 -0.8556 1.2992, 0.5849 -0.6381 1.2992, 0.5655 -0.656 1.2992, 0.5221 -0.6911 1.2992, 0.5198 -0.6927 1.2992, 0.4763 -0.7234 1.2992, 0.4492 -0.74 1.2992, 0.4284 -0.7527 1.2992, 0.379 -0.7788 1.2992, 0.3746 -0.7808 1.2992, 0.3279 -0.8017 1.2992, -0.0 -0.8661 1.2992, -0.0106 -0.866 1.2992, 0.1117 -0.8589 1.2992, 0.056 -0.8643 1.2992, 0.0473 -0.8646 1.2992, 0.6574 -0.5216 1.0474, 0.6031 -0.5835 1.0474, 0.6725 -0.5167 1.1728, 0.6186 -0.5802 1.1728, 0.7015 -0.4601 0.923, 0.7465 -0.3833 1.0474, 0.7053 -0.4546 1.0474, 0.7604 -0.3756 1.1728, 0.7199 -0.4483 1.1728, 0.8069 -0.2303 1.0474, 0.7805 -0.3083 1.0474, 0.819 -0.22 1.1728, 0.7936 -0.2993 1.1728, 0.8242 -0.1566 0.923, 0.8364 -0.0685 1.0474, 0.8256 -0.1501 1.0474, 0.8462 -0.056 1.1728, 0.8367 -0.1387 1.1728, 0.8337 0.096 1.0474, 0.8391 0.0139 1.0474, 0.8409 0.1102 1.1728, 0.8477 0.0272 1.1728, 0.7989 0.2569 1.0474, 0.8202 0.1773 1.0474, 0.8033 0.2721 1.1728, 0.826 0.1921 1.1728, 0.7335 0.4078 1.0474, 0.7699 0.3339 1.0474, 0.7347 0.4236 1.1728, 0.7728 0.3496 1.1728, 0.6398 0.543 1.0474, 0.6899 0.4777 1.0474, 0.638 0.5588 1.1728, 0.6897 0.4936 1.1728, 0.7846 -0.3657 1.2992, 0.7717 -0.3932 1.2992, 0.7448 -0.4421 1.2992, 0.7146 -0.4894 1.2992, 0.7453 -0.4411 1.2992, 0.8567 -0.1274 1.2992, 0.8467 -0.1826 1.2992, 0.866 -0.0159 1.2992, 0.8649 -0.0376 1.2992, 0.8631 -0.0719 1.2992, 0.8573 -0.1223 1.2992, 0.8161 -0.2902 1.2992, 0.7956 -0.3424 1.2992, 0.8409 -0.2056 1.2992, 0.8331 -0.237 1.2992, 0.817 -0.2872 1.2992, 0.8076 0.313 1.2992, 0.8135 0.2962 1.2992, 0.8262 0.2601 1.2992, 0.8388 0.2151 1.2992, 0.8412 0.2063 1.2992, 0.8528 0.1514 1.2992, 0.6098 0.5894 1.1728, 0.6087 0.6156 1.2992, 0.6291 0.5953 1.2992, 0.6124 0.5738 1.0474, 0.6168 0.5687 0.923, 0.6382 0.585 1.2992, 0.6663 0.5534 1.2992, 0.6925 0.5197 1.2992, 0.7006 0.5093 1.2992, 0.7321 0.4629 1.2992, 0.7401 0.4493 1.2992, 0.7605 0.4146 1.2992, 0.7806 0.3746 1.2992, 0.7857 0.3646 1.2992, 0.8556 0.1318 1.2992, 0.8608 0.0959 1.2992, 0.8646 0.0473 1.2992, 0.8652 0.0402 1.2992, 0.6982 -0.5118 1.2992, 0.6814 -0.5346 1.2992, 0.6455 -0.5774 1.2992, 0.6068 -0.618 1.2992, -0.5862 -0.766 0.315, -0.549 -0.7411 0.4347, -0.619 -0.6837 0.4347, -0.5548 -0.7886 0.315, -0.5407 -0.7988 0.315, -0.4737 -0.7913 0.4347, -0.4933 -0.8288 0.315, -0.4749 -0.8393 0.315, -0.2108 -0.941 0.315, -0.2236 -0.8948 0.4347, -0.2551 -0.9302 0.315, -0.3102 -0.8686 0.4347, -0.3021 -0.9159 0.315, -0.3084 -0.914 0.315, -0.0447 -0.9212 0.4347, -0.1348 -0.9123 0.4347, -0.1004 -0.9593 0.315, -0.2008 -0.9434 0.315, -0.1563 -0.9518 0.315, -0.1175 -0.957 0.315, -0.4624 -0.8465 0.315, -0.412 -0.8721 0.315, -0.3938 -0.834 0.4347, -0.3903 -0.8816 0.315, -0.3607 -0.8946 0.315, -0.0445 -0.9635 0.315, -0.0232 -0.9639 0.315, 0.0458 -0.9212 0.4347, 0.0113 -0.9645 0.315, 0.0669 -0.9622 0.315, 0.1654 -0.9502 0.315, 0.1359 -0.9122 0.4347, 0.1223 -0.9568 0.315, 0.0714 -0.9618 0.315, 0.277 -0.9239 0.315, 0.33 -0.9063 0.315, 0.2246 -0.8945 0.4347, 0.3112 -0.8682 0.4347, 0.1676 -0.9499 0.315, 0.2229 -0.9384 0.315, 0.2576 -0.9291 0.315, 0.4341 -0.8613 0.315, 0.4731 -0.8406 0.315, 0.3948 -0.8335 0.4347, 0.4746 -0.7908 0.4347, 0.5163 -0.8145 0.315, 0.5215 -0.8114 0.315, 0.5498 -0.7404 0.4347, 0.5678 -0.7796 0.315, 0.5935 -0.7597 0.315, 0.3475 -0.8994 0.315, 0.3817 -0.8858 0.315, 0.4321 -0.8624 0.315, 0.612 -0.7454 0.315, 0.6541 -0.7089 0.315, 0.6198 -0.683 0.4347, 0.6652 -0.698 0.315, 0.6838 -0.6189 0.4347, 0.6939 -0.6699 0.315, 0.7249 -0.6363 0.315, 0.7305 -0.6295 0.315, 0.7609 -0.5927 0.315, 0.7411 -0.5489 0.4347, 0.8391 -0.4748 0.315, 0.8522 -0.4517 0.315, 0.7913 -0.4736 0.4347, 0.834 -0.3938 0.4347, 0.7887 -0.5548 0.315, 0.7942 -0.5474 0.315, 0.8246 -0.5003 0.315, 0.9142 -0.3076 0.315, 0.9159 -0.302 0.315, 0.8686 -0.3102 0.4347, 0.9305 -0.2539 0.315, 0.8948 -0.2235 0.4347, 0.9123 -0.1347 0.4347, 0.9569 -0.1175 0.315, 0.9212 -0.0447 0.4347, 0.9604 -0.0888 0.315, 0.941 -0.2108 0.315, 0.9437 -0.1995 0.315, 0.9536 -0.1444 0.315, 0.8769 -0.4016 0.315, 0.8818 -0.3903 0.315, 0.8946 -0.3605 0.315, 0.9635 -0.0443 0.315, 0.9639 -0.0231 0.315, 0.9212 0.0458 0.4347, 0.9645 0.0121 0.315, 0.9622 0.0681 0.315, 0.9618 0.0715 0.315, 0.9566 0.1237 0.315, 0.9122 0.1359 0.4347, 0.95 0.1654 0.315, 0.9478 0.1789 0.315, 0.8945 0.2247 0.4347, 0.9358 0.2336 0.315, 0.9292 0.2577 0.315, 0.8144 0.5163 0.315, 0.7908 0.4747 0.4347, 0.8356 0.4818 0.315, 0.8335 0.3949 0.4347, 0.8613 0.4341 0.315, 0.862 0.4328 0.315, 0.6296 0.7307 0.315, 0.6241 0.706 0.3747, 0.658 0.6745 0.3747, 0.698 0.6652 0.315, 0.6701 0.6938 0.315, 0.6646 0.6988 0.315, 0.7091 0.6539 0.315, 0.683 0.6198 0.4347, 0.7459 0.6115 0.315, 0.7404 0.5499 0.4347, 0.8063 0.5294 0.315, 0.7804 0.5668 0.315, 0.7597 0.5936 0.315, 0.924 0.2766 0.315, 0.9063 0.3302 0.315, 0.8682 0.3113 0.4347, 0.8994 0.3475 0.315, 0.8856 0.3823 0.315, 0.6517 0.6526 0.4347, 0.6189 0.6838 0.4347, 0.5489 0.7411 0.4347, 0.5549 0.7888 0.315, 0.5857 0.7664 0.315, 0.629 0.7313 0.315, 0.5489 0.7932 0.315, 0.5015 0.8239 0.315, 0.4736 0.7914 0.4347, 0.4748 0.8391 0.315, 0.3938 0.834 0.4347, 0.4528 0.8516 0.315, 0.4029 0.8764 0.315, 0.2994 0.917 0.315, 0.2549 0.9303 0.315, 0.3102 0.8686 0.4347, 0.2235 0.8948 0.4347, 0.1347 0.9124 0.4347, 0.1175 0.957 0.315, 0.0447 0.9212 0.4347, 0.0892 0.9604 0.315, 0.2108 0.941 0.315, 0.1999 0.9436 0.315, 0.1447 0.9537 0.315, 0.3903 0.8818 0.315, 0.3518 0.8982 0.315, 0.3021 0.916 0.315, -0.0678 0.9622 0.315, -0.0715 0.9619 0.315, -0.0459 0.9212 0.4347, -0.1241 0.9566 0.315, -0.1359 0.9123 0.4347, -0.341 0.9023 0.315, -0.3113 0.8682 0.4347, -0.2881 0.9205 0.315, -0.2247 0.8945 0.4347, -0.2577 0.9291 0.315, -0.1654 0.95 0.315, -0.1796 0.9477 0.315, -0.2343 0.9357 0.315, -0.483 0.835 0.315, -0.4747 0.7908 0.4347, -0.3949 0.8336 0.4347, -0.5499 0.7405 0.4347, -0.5936 0.7598 0.315, -0.6198 0.683 0.4347, -0.6204 0.7386 0.315, -0.6538 0.7092 0.315, -0.5163 0.8144 0.315, -0.5307 0.8055 0.315, -0.5765 0.7734 0.315, -0.3476 0.8997 0.315, -0.3825 0.8855 0.315, -0.4336 0.8617 0.315, 0.0336 0.964 0.315, 0.0231 0.9641 0.315, -0.0221 0.9644 0.315, -0.6653 0.698 0.315, -0.6942 0.6698 0.315, -0.6838 0.619 0.4347, -0.7671 0.5849 0.315, -0.7411 0.549 0.4347, -0.7319 0.6283 0.315, -0.7307 0.6297 0.315, -0.7914 0.4737 0.4347, -0.8393 0.4749 0.315, -0.834 0.3938 0.4347, -0.8515 0.4532 0.315, -0.8766 0.4025 0.315, -0.7886 0.5548 0.315, -0.7996 0.5395 0.315, -0.8296 0.4922 0.315, -0.8686 0.3102 0.4347, -0.9173 0.2984 0.315, -0.8948 0.2236 0.4347, -0.933 0.245 0.315, -0.9409 0.2108 0.315, -0.964 0.0341 0.315, -0.9212 0.0447 0.4347, -0.9604 0.09 0.315, -0.9124 0.1348 0.4347, -0.9456 0.1905 0.315, -0.9534 0.146 0.315, -0.957 0.1176 0.315, -0.8818 0.3903 0.315, -0.8985 0.3509 0.315, -0.916 0.3021 0.315, -0.9212 -0.0458 0.4347, -0.9615 -0.0773 0.315, -0.9122 -0.1358 0.4347, -0.9554 -0.1326 0.315, -0.9501 -0.1653 0.315, -0.948 -0.1778 0.315, -0.936 -0.233 0.315, -0.8945 -0.2246 0.4347, -0.9291 -0.2576 0.315, -0.8682 -0.3112 0.4347, -0.9209 -0.2869 0.315, -0.9028 -0.3396 0.315, -0.8577 -0.4413 0.315, -0.8359 -0.4813 0.315, -0.8335 -0.3948 0.4347, -0.7908 -0.4746 0.4347, -0.7405 -0.5498 0.4347, -0.7598 -0.5935 0.315, -0.683 -0.6198 0.4347, -0.7395 -0.6193 0.315, -0.7025 -0.661 0.315, -0.8144 -0.5162 0.315, -0.8062 -0.5295 0.315, -0.7741 -0.5755 0.315, -0.8996 -0.3475 0.315, -0.8817 -0.3911 0.315, -0.8612 -0.434 0.315, -0.9641 0.0232 0.315, -0.9644 -0.0217 0.315, -0.9618 -0.0714 0.315, -0.6981 -0.6653 0.315, -0.6632 -0.7004 0.315, -0.6297 -0.7307 0.315, -0.6699 -0.584 0.5553, -0.659 -0.5584 0.677, -0.7239 -0.5155 0.5553, -0.7106 -0.4911 0.677, -0.771 -0.4421 0.5553, -0.7553 -0.4191 0.677, -0.8107 -0.3644 0.5553, -0.7928 -0.343 0.677, -0.8424 -0.2832 0.5553, -0.8226 -0.2637 0.677, -0.8661 -0.1993 0.5553, -0.8444 -0.1818 0.677, -0.8815 -0.1134 0.5553, -0.8582 -0.0981 0.677, -0.8884 -0.0265 0.5553, -0.8637 -0.0135 0.677, -0.8867 0.0607 0.5553, -0.8609 0.0712 0.677, -0.8765 0.1474 0.5553, -0.8497 0.1552 0.677, -0.8578 0.2326 0.5553, -0.8305 0.2378 0.677, -0.8309 0.3155 0.5553, -0.8032 0.318 0.677, -0.796 0.3954 0.5553, -0.7681 0.3952 0.677, -0.7534 0.4715 0.5553, -0.7257 0.4686 0.677, -0.7036 0.5431 0.5553, -0.6763 0.5375 0.677, -0.647 0.6095 0.5553, -0.6204 0.6012 0.677, -0.5841 0.6699 0.5553, -0.5584 0.6591 0.677, -0.5156 0.7239 0.5553, -0.4911 0.7106 0.677, -0.4422 0.771 0.5553, -0.4191 0.7553 0.677, -0.3645 0.8107 0.5553, -0.3431 0.7928 0.677, -0.2833 0.8425 0.5553, -0.2637 0.8226 0.677, -0.1993 0.8661 0.5553, -0.1818 0.8444 0.677, -0.1135 0.8815 0.5553, -0.0982 0.8582 0.677, -0.0265 0.8884 0.5553, -0.0136 0.8637 0.677, 0.0607 0.8867 0.5553, 0.0711 0.8609 0.677, 0.1473 0.8765 0.5553, 0.1552 0.8497 0.677, 0.2325 0.8578 0.5553, 0.2377 0.8305 0.677, 0.3155 0.831 0.5553, 0.318 0.8032 0.677, 0.3954 0.796 0.5553, 0.3951 0.7681 0.677, 0.4715 0.7534 0.5553, 0.4685 0.7257 0.677, 0.5431 0.7035 0.5553, 0.5374 0.6763 0.677, 0.6094 0.6469 0.5553, 0.6011 0.6203 0.677, 0.6404 0.6163 0.5553, 0.6308 0.5901 0.677, 0.6699 0.5841 0.5553, 0.659 0.5584 0.677, 0.7239 0.5156 0.5553, 0.7105 0.4911 0.677, 0.771 0.4422 0.5553, 0.7553 0.4191 0.677, 0.8106 0.3645 0.5553, 0.7928 0.3431 0.677, 0.8424 0.2833 0.5553, 0.8225 0.2637 0.677, 0.8661 0.1993 0.5553, 0.8444 0.1818 0.677, 0.8815 0.1135 0.5553, 0.8582 0.0982 0.677, 0.8884 0.0265 0.5553, 0.8637 0.0136 0.677, 0.8867 -0.0607 0.5553, 0.8608 -0.0711 0.677, 0.8764 -0.1473 0.5553, 0.8497 -0.1552 0.677, 0.8578 -0.2325 0.5553, 0.8304 -0.2377 0.677, 0.8309 -0.3155 0.5553, 0.8031 -0.318 0.677, 0.796 -0.3954 0.5553, 0.7681 -0.3951 0.677, 0.7533 -0.4715 0.5553, 0.7256 -0.4685 0.677, 0.7035 -0.5431 0.5553, 0.6762 -0.5374 0.677, 0.6469 -0.6094 0.5553, 0.6203 -0.6011 0.677, 0.5841 -0.6699 0.5553, 0.5584 -0.659 0.677, 0.5156 -0.7239 0.5553, 0.4911 -0.7105 0.677, 0.4421 -0.771 0.5553, 0.4191 -0.7553 0.677, 0.3644 -0.8106 0.5553, 0.3431 -0.7927 0.677, 0.2832 -0.8424 0.5553, 0.2637 -0.8225 0.677, 0.1993 -0.8661 0.5553, 0.1818 -0.8444 0.677, 0.1134 -0.8815 0.5553, 0.0981 -0.8582 0.677, 0.0265 -0.8884 0.5553, 0.0136 -0.8637 0.677, -0.0607 -0.8867 0.5553, -0.0712 -0.8608 0.677, -0.1473 -0.8764 0.5553, -0.1552 -0.8497 0.677, -0.2325 -0.8578 0.5553, -0.2378 -0.8304 0.677, -0.3155 -0.8309 0.5553, -0.318 -0.8031 0.677, -0.3954 -0.7959 0.5553, -0.3952 -0.7681 0.677, -0.4715 -0.7533 0.5553, -0.4686 -0.7256 0.677, -0.5431 -0.7035 0.5553, -0.5375 -0.6762 0.677, -0.6095 -0.6469 0.5553, -0.6012 -0.6203 0.677, 0.5119 0.6983 1.2992, 0.5471 0.6715 1.2992, 0.5778 0.6448 1.2992, 0.5892 0.6348 1.2992, -0.5282 -0.6864 1.2992, -0.5714 -0.651 1.2992, -0.5779 -0.6448 1.2992, -0.6122 -0.6127 1.2992
            ]
        }
        coordIndex [
            0,1,2,-1,3,4,5,-1,6,7,8,-1,9,10,11,-1,12,13,14,-1,15,16,17,-1,18,19,20,-1,21,22,23,-1,24,25,26,-1,27,28,29,-1,30,31,32,-1,33,34,35,-1,36,37,38,-1,39,40,41,-1,42,43,44,-1,45,46,47,-1,48,49,50,-1,51,52,53,-1,54,55,56,-1,57,58,59,-1,60,61,62,-1,63,64,65,-1,66,67,68,-1,69,70,71,-1,72,73,74,-1,75,76,77,-1,78,79,80,-1,81,82,83,-1,84,85,86,-1,1,84,87,-1,85,78,88,-1,79,81,89,-1,82,75,90,-1,76,72,91,-1,73,69,92,-1,70,93,94,-1,95,66,96,-1,1,87,2,-1,2,87,97,-1,2,97,98,-1,98,97,99,-1,98,99,100,-1,85,88,86,-1,86,88,101,-1,86,101,102,-1,102,101,103,-1,102,103,104,-1,79,89,80,-1,80,89,105,-1,80,105,106,-1,106,105,107,-1,106,107,108,-1,82,90,83,-1,83,90,109,-1,83,109,110,-1,110,109,111,-1,110,111,112,-1,113,114,103,-1,103,114,115,-1,103,115,104,-1,104,115,116,-1,104,116,117,-1,84,86,87,-1,87,86,102,-1,87,102,97,-1,97,102,104,-1,97,104,99,-1,99,104,117,-1,99,117,118,-1,119,120,111,-1,111,120,121,-1,111,121,112,-1,112,121,122,-1,112,122,123,-1,81,83,89,-1,89,83,110,-1,89,110,105,-1,105,110,112,-1,105,112,107,-1,107,112,123,-1,107,123,124,-1,124,125,107,-1,107,125,126,-1,107,126,108,-1,108,126,127,-1,108,127,128,-1,78,80,88,-1,88,80,106,-1,88,106,101,-1,101,106,108,-1,101,108,103,-1,103,108,128,-1,103,128,113,-1,76,91,77,-1,77,91,129,-1,77,129,130,-1,130,129,131,-1,130,131,132,-1,73,92,74,-1,74,92,133,-1,74,133,134,-1,134,133,135,-1,134,135,136,-1,70,94,71,-1,71,94,137,-1,71,137,138,-1,138,137,139,-1,138,139,140,-1,95,96,141,-1,141,96,142,-1,141,142,143,-1,143,142,144,-1,143,144,145,-1,146,147,135,-1,135,147,148,-1,135,148,136,-1,136,148,149,-1,136,149,150,-1,72,74,91,-1,91,74,134,-1,91,134,129,-1,129,134,136,-1,129,136,131,-1,131,136,150,-1,131,150,151,-1,152,153,144,-1,144,153,154,-1,144,154,145,-1,145,154,155,-1,145,155,156,-1,156,139,145,-1,145,139,137,-1,145,137,143,-1,143,137,94,-1,143,94,141,-1,141,94,93,-1,141,93,95,-1,156,157,139,-1,139,157,158,-1,139,158,140,-1,140,158,159,-1,140,159,160,-1,69,71,92,-1,92,71,138,-1,92,138,133,-1,133,138,140,-1,133,140,135,-1,135,140,160,-1,135,160,146,-1,151,161,131,-1,131,161,162,-1,131,162,132,-1,132,162,163,-1,132,163,164,-1,75,77,90,-1,90,77,130,-1,90,130,109,-1,109,130,132,-1,109,132,111,-1,111,132,164,-1,111,164,119,-1,67,63,165,-1,64,57,166,-1,58,60,167,-1,61,54,168,-1,55,51,169,-1,52,45,170,-1,46,48,171,-1,49,42,172,-1,67,165,68,-1,68,165,173,-1,68,173,174,-1,174,173,175,-1,174,175,176,-1,64,166,65,-1,65,166,177,-1,65,177,178,-1,178,177,179,-1,178,179,180,-1,58,167,59,-1,59,167,181,-1,59,181,182,-1,182,181,183,-1,182,183,184,-1,61,168,62,-1,62,168,185,-1,62,185,186,-1,186,185,187,-1,186,187,188,-1,189,190,179,-1,179,190,191,-1,179,191,180,-1,180,191,192,-1,180,192,193,-1,63,65,165,-1,165,65,178,-1,165,178,173,-1,173,178,180,-1,173,180,175,-1,175,180,193,-1,175,193,194,-1,195,196,187,-1,187,196,197,-1,187,197,188,-1,188,197,198,-1,188,198,199,-1,60,62,167,-1,167,62,186,-1,167,186,181,-1,181,186,188,-1,181,188,183,-1,183,188,199,-1,183,199,200,-1,200,201,183,-1,183,201,202,-1,183,202,184,-1,184,202,203,-1,184,203,204,-1,57,59,166,-1,166,59,182,-1,166,182,177,-1,177,182,184,-1,177,184,179,-1,179,184,204,-1,179,204,189,-1,55,169,56,-1,56,169,205,-1,56,205,206,-1,206,205,207,-1,206,207,208,-1,52,170,53,-1,53,170,209,-1,53,209,210,-1,210,209,211,-1,210,211,212,-1,46,171,47,-1,47,171,213,-1,47,213,214,-1,214,213,215,-1,214,215,216,-1,49,172,50,-1,50,172,217,-1,50,217,218,-1,218,217,219,-1,218,219,220,-1,221,222,211,-1,211,222,223,-1,211,223,212,-1,212,223,224,-1,212,224,225,-1,51,53,169,-1,169,53,210,-1,169,210,205,-1,205,210,212,-1,205,212,207,-1,207,212,225,-1,207,225,226,-1,227,228,219,-1,219,228,229,-1,219,229,220,-1,220,229,230,-1,220,230,231,-1,48,50,171,-1,171,50,218,-1,171,218,213,-1,213,218,220,-1,213,220,215,-1,215,220,231,-1,215,231,232,-1,232,233,215,-1,215,233,234,-1,215,234,216,-1,216,234,235,-1,216,235,236,-1,45,47,170,-1,170,47,214,-1,170,214,209,-1,209,214,216,-1,209,216,211,-1,211,216,236,-1,211,236,221,-1,226,237,207,-1,207,237,238,-1,207,238,208,-1,208,238,239,-1,208,239,240,-1,54,56,168,-1,168,56,206,-1,168,206,185,-1,185,206,208,-1,185,208,187,-1,187,208,240,-1,187,240,195,-1,194,241,175,-1,175,241,242,-1,175,242,176,-1,176,242,243,-1,176,243,244,-1,66,68,96,-1,96,68,174,-1,96,174,142,-1,142,174,176,-1,142,176,144,-1,144,176,244,-1,144,244,152,-1,43,39,245,-1,40,33,246,-1,34,36,247,-1,37,21,248,-1,22,30,249,-1,31,24,250,-1,25,27,251,-1,28,18,252,-1,19,253,254,-1,255,15,256,-1,16,257,258,-1,259,3,260,-1,4,12,261,-1,13,6,262,-1,7,9,263,-1,10,264,265,-1,43,245,44,-1,44,245,266,-1,44,266,267,-1,267,266,268,-1,267,268,269,-1,40,246,41,-1,41,246,270,-1,41,270,271,-1,271,270,272,-1,271,272,273,-1,34,247,35,-1,35,247,274,-1,35,274,275,-1,275,274,276,-1,275,276,277,-1,37,248,38,-1,38,248,278,-1,38,278,279,-1,279,278,280,-1,279,280,281,-1,22,249,23,-1,23,249,282,-1,23,282,283,-1,283,282,284,-1,283,284,285,-1,31,250,32,-1,32,250,286,-1,32,286,287,-1,287,286,288,-1,287,288,289,-1,25,251,26,-1,26,251,290,-1,26,290,291,-1,291,290,292,-1,291,292,293,-1,28,252,29,-1,29,252,294,-1,29,294,295,-1,295,294,296,-1,295,296,297,-1,298,299,272,-1,272,299,300,-1,272,300,273,-1,273,300,301,-1,273,301,302,-1,39,41,245,-1,245,41,271,-1,245,271,266,-1,266,271,273,-1,266,273,268,-1,268,273,302,-1,268,302,303,-1,304,305,280,-1,280,305,306,-1,280,306,281,-1,281,306,307,-1,281,307,308,-1,36,38,247,-1,247,38,279,-1,247,279,274,-1,274,279,281,-1,274,281,276,-1,276,281,308,-1,276,308,309,-1,309,310,276,-1,276,310,311,-1,276,311,277,-1,277,311,312,-1,277,312,313,-1,33,35,246,-1,246,35,275,-1,246,275,270,-1,270,275,277,-1,270,277,272,-1,272,277,313,-1,272,313,298,-1,314,315,288,-1,288,315,316,-1,288,316,289,-1,289,316,317,-1,289,317,318,-1,30,32,249,-1,249,32,287,-1,249,287,282,-1,282,287,289,-1,282,289,284,-1,284,289,318,-1,284,318,319,-1,320,321,296,-1,296,321,322,-1,296,322,297,-1,297,322,323,-1,297,323,324,-1,27,29,251,-1,251,29,295,-1,251,295,290,-1,290,295,297,-1,290,297,292,-1,292,297,324,-1,292,324,325,-1,325,326,292,-1,292,326,327,-1,292,327,293,-1,293,327,328,-1,293,328,329,-1,24,26,250,-1,250,26,291,-1,250,291,286,-1,286,291,293,-1,286,293,288,-1,288,293,329,-1,288,329,314,-1,330,331,285,-1,319,332,284,-1,284,332,333,-1,284,333,285,-1,285,333,334,-1,285,334,330,-1,21,23,248,-1,248,23,283,-1,248,283,278,-1,278,283,285,-1,278,285,280,-1,280,285,331,-1,280,331,304,-1,19,254,20,-1,20,254,335,-1,20,335,336,-1,336,335,337,-1,336,337,338,-1,255,256,339,-1,339,256,340,-1,339,340,341,-1,341,340,342,-1,341,342,343,-1,16,258,17,-1,17,258,344,-1,17,344,345,-1,345,344,346,-1,345,346,347,-1,259,260,348,-1,348,260,349,-1,348,349,350,-1,350,349,351,-1,350,351,352,-1,4,261,5,-1,5,261,353,-1,5,353,354,-1,354,353,355,-1,354,355,356,-1,13,262,14,-1,14,262,357,-1,14,357,358,-1,358,357,359,-1,358,359,360,-1,7,263,8,-1,8,263,361,-1,8,361,362,-1,362,361,363,-1,362,363,364,-1,10,265,11,-1,11,265,365,-1,11,365,366,-1,366,365,367,-1,366,367,368,-1,342,369,370,-1,371,372,343,-1,342,370,343,-1,343,370,373,-1,343,373,371,-1,372,337,343,-1,343,337,335,-1,343,335,341,-1,341,335,254,-1,341,254,339,-1,339,254,253,-1,339,253,255,-1,374,375,352,-1,376,377,351,-1,351,377,378,-1,351,378,352,-1,352,378,379,-1,352,379,374,-1,375,346,352,-1,352,346,344,-1,352,344,350,-1,350,344,258,-1,350,258,348,-1,348,258,257,-1,348,257,259,-1,380,381,347,-1,375,382,346,-1,346,382,383,-1,346,383,347,-1,347,383,384,-1,347,384,380,-1,15,17,256,-1,256,17,345,-1,256,345,340,-1,340,345,347,-1,340,347,342,-1,342,347,381,-1,342,381,369,-1,385,386,359,-1,359,386,387,-1,359,387,360,-1,360,387,388,-1,360,388,389,-1,12,14,261,-1,261,14,358,-1,261,358,353,-1,353,358,360,-1,353,360,355,-1,355,360,389,-1,355,389,390,-1,391,392,393,-1,393,367,391,-1,391,367,365,-1,391,365,394,-1,394,365,265,-1,394,265,395,-1,395,265,264,-1,395,264,0,-1,393,396,367,-1,367,396,397,-1,367,397,368,-1,368,397,398,-1,368,398,399,-1,9,11,263,-1,263,11,366,-1,263,366,361,-1,361,366,368,-1,361,368,363,-1,363,368,399,-1,363,399,400,-1,400,401,363,-1,363,401,402,-1,363,402,364,-1,364,402,403,-1,364,403,404,-1,6,8,262,-1,262,8,362,-1,262,362,357,-1,357,362,364,-1,357,364,359,-1,359,364,404,-1,359,404,385,-1,390,405,355,-1,355,405,406,-1,355,406,356,-1,356,406,407,-1,356,407,408,-1,3,5,260,-1,260,5,354,-1,260,354,349,-1,349,354,356,-1,349,356,351,-1,351,356,408,-1,351,408,376,-1,372,409,337,-1,337,409,410,-1,337,410,338,-1,338,410,411,-1,338,411,412,-1,18,20,252,-1,252,20,336,-1,252,336,294,-1,294,336,338,-1,294,338,296,-1,296,338,412,-1,296,412,320,-1,413,414,415,-1,413,416,414,-1,414,416,417,-1,414,417,418,-1,418,417,419,-1,418,419,420,-1,421,422,423,-1,423,422,424,-1,423,424,425,-1,425,424,426,-1,427,428,429,-1,421,430,422,-1,422,430,431,-1,422,431,428,-1,428,431,432,-1,428,432,429,-1,420,433,418,-1,418,433,434,-1,418,434,435,-1,435,434,436,-1,435,436,424,-1,424,436,437,-1,424,437,426,-1,429,438,427,-1,427,438,439,-1,427,439,440,-1,440,439,441,-1,440,441,442,-1,443,444,445,-1,445,444,440,-1,445,440,446,-1,446,440,442,-1,447,448,449,-1,449,448,450,-1,443,451,444,-1,444,451,452,-1,444,452,449,-1,449,452,453,-1,449,453,447,-1,454,455,456,-1,456,455,457,-1,455,458,457,-1,457,458,459,-1,457,459,460,-1,460,459,461,-1,460,461,462,-1,448,463,450,-1,450,463,464,-1,450,464,456,-1,456,464,465,-1,456,465,454,-1,462,466,460,-1,460,466,467,-1,460,467,468,-1,468,467,469,-1,468,469,470,-1,470,469,471,-1,470,471,472,-1,472,473,470,-1,470,473,474,-1,470,474,475,-1,476,477,478,-1,478,477,479,-1,474,480,475,-1,475,480,481,-1,475,481,478,-1,478,481,482,-1,478,482,476,-1,483,484,485,-1,485,484,486,-1,485,486,487,-1,488,489,490,-1,490,489,491,-1,486,492,487,-1,487,492,493,-1,487,493,488,-1,488,493,494,-1,488,494,489,-1,477,495,479,-1,479,495,496,-1,479,496,485,-1,485,496,497,-1,485,497,483,-1,491,498,490,-1,490,498,499,-1,490,499,500,-1,500,499,501,-1,500,501,502,-1,502,503,500,-1,500,503,504,-1,500,504,505,-1,504,506,505,-1,505,506,507,-1,505,507,508,-1,508,507,509,-1,508,509,510,-1,511,512,513,-1,513,512,514,-1,513,514,515,-1,515,514,516,-1,517,518,519,-1,520,521,519,-1,519,521,522,-1,519,522,517,-1,523,524,525,-1,525,524,526,-1,511,527,512,-1,512,527,528,-1,512,528,526,-1,526,528,529,-1,526,529,525,-1,510,530,508,-1,508,530,531,-1,508,531,532,-1,532,531,533,-1,532,533,514,-1,514,533,534,-1,514,534,516,-1,523,520,524,-1,524,520,519,-1,524,519,535,-1,535,519,518,-1,535,518,536,-1,536,518,537,-1,538,537,539,-1,539,537,518,-1,539,518,540,-1,540,518,517,-1,538,541,537,-1,537,541,542,-1,537,542,543,-1,543,542,544,-1,543,544,545,-1,545,544,546,-1,545,546,547,-1,548,549,550,-1,550,549,551,-1,552,553,554,-1,554,553,555,-1,549,556,551,-1,551,556,557,-1,551,557,552,-1,552,557,558,-1,552,558,553,-1,547,559,545,-1,545,559,560,-1,545,560,550,-1,550,560,561,-1,550,561,548,-1,562,563,564,-1,564,563,565,-1,564,565,566,-1,567,568,569,-1,569,568,570,-1,569,570,571,-1,565,572,566,-1,566,572,573,-1,566,573,570,-1,570,573,574,-1,570,574,571,-1,575,576,577,-1,578,579,580,-1,580,579,581,-1,580,581,582,-1,575,583,576,-1,576,583,584,-1,576,584,578,-1,578,584,585,-1,578,585,579,-1,567,586,568,-1,568,586,587,-1,568,587,577,-1,577,587,588,-1,577,588,575,-1,555,589,554,-1,554,589,590,-1,554,590,564,-1,564,590,591,-1,564,591,562,-1,582,592,580,-1,580,592,593,-1,580,593,594,-1,595,596,597,-1,597,596,594,-1,597,594,598,-1,598,594,593,-1,599,600,601,-1,601,600,602,-1,601,602,603,-1,595,604,596,-1,596,604,605,-1,596,605,599,-1,599,605,606,-1,599,606,600,-1,607,608,609,-1,609,608,610,-1,609,610,611,-1,612,613,614,-1,614,613,615,-1,611,616,609,-1,609,616,617,-1,609,617,615,-1,615,617,618,-1,615,618,614,-1,603,619,601,-1,601,619,620,-1,601,620,607,-1,607,620,621,-1,607,621,608,-1,622,623,624,-1,624,623,625,-1,624,625,626,-1,626,627,624,-1,624,627,628,-1,624,628,629,-1,629,628,630,-1,629,630,631,-1,631,630,632,-1,631,632,633,-1,634,635,636,-1,636,635,637,-1,638,639,640,-1,640,639,641,-1,640,641,642,-1,635,643,637,-1,637,643,644,-1,637,644,638,-1,638,644,645,-1,638,645,639,-1,633,646,631,-1,631,646,647,-1,631,647,636,-1,636,647,648,-1,636,648,634,-1,612,649,613,-1,613,649,650,-1,613,650,622,-1,622,650,651,-1,622,651,623,-1,642,652,640,-1,640,652,653,-1,640,653,415,-1,415,653,654,-1,415,654,413,-1,655,656,657,-1,657,656,658,-1,657,658,659,-1,659,658,660,-1,659,660,661,-1,661,660,662,-1,661,662,663,-1,663,662,664,-1,663,664,665,-1,665,664,666,-1,665,666,667,-1,667,666,668,-1,667,668,669,-1,669,668,670,-1,669,670,671,-1,671,670,672,-1,671,672,673,-1,673,672,674,-1,673,674,675,-1,675,674,676,-1,675,676,677,-1,677,676,678,-1,677,678,679,-1,679,678,680,-1,679,680,681,-1,681,680,682,-1,681,682,683,-1,683,682,684,-1,683,684,685,-1,685,684,686,-1,685,686,687,-1,687,686,688,-1,687,688,689,-1,689,688,690,-1,689,690,691,-1,691,690,692,-1,691,692,693,-1,693,692,694,-1,693,694,695,-1,695,694,696,-1,695,696,697,-1,697,696,698,-1,697,698,699,-1,699,698,700,-1,699,700,701,-1,701,700,702,-1,701,702,703,-1,703,702,704,-1,703,704,705,-1,705,704,706,-1,705,706,707,-1,707,706,708,-1,707,708,709,-1,709,708,710,-1,709,710,711,-1,711,710,712,-1,711,712,713,-1,713,712,714,-1,713,714,715,-1,715,714,716,-1,715,716,717,-1,717,716,718,-1,717,718,719,-1,719,718,720,-1,719,720,721,-1,721,720,722,-1,721,722,723,-1,723,722,724,-1,723,724,725,-1,725,724,726,-1,725,726,727,-1,727,726,728,-1,727,728,729,-1,729,728,730,-1,729,730,731,-1,731,730,732,-1,731,732,733,-1,733,732,734,-1,733,734,735,-1,735,734,736,-1,735,736,737,-1,737,736,738,-1,737,738,739,-1,739,738,740,-1,739,740,741,-1,741,740,742,-1,741,742,743,-1,743,742,744,-1,743,744,745,-1,745,744,746,-1,745,746,747,-1,747,746,748,-1,747,748,749,-1,749,748,750,-1,749,750,751,-1,751,750,752,-1,751,752,753,-1,753,752,754,-1,753,754,755,-1,755,754,756,-1,755,756,757,-1,757,756,758,-1,757,758,759,-1,759,758,760,-1,759,760,761,-1,761,760,762,-1,761,762,763,-1,763,762,764,-1,763,764,765,-1,765,764,766,-1,765,766,767,-1,767,766,768,-1,767,768,769,-1,769,768,770,-1,769,770,771,-1,771,770,772,-1,771,772,773,-1,773,772,774,-1,773,774,775,-1,775,774,776,-1,775,776,777,-1,777,776,778,-1,777,778,779,-1,779,778,780,-1,779,780,781,-1,781,780,782,-1,781,782,783,-1,783,782,784,-1,783,784,655,-1,655,784,656,-1,640,655,638,-1,638,655,657,-1,638,657,637,-1,637,657,659,-1,637,659,636,-1,636,659,661,-1,636,661,631,-1,631,661,663,-1,631,663,629,-1,629,663,665,-1,629,665,624,-1,624,665,667,-1,624,667,622,-1,622,667,669,-1,622,669,613,-1,613,669,671,-1,613,671,615,-1,615,671,673,-1,615,673,609,-1,609,673,675,-1,609,675,607,-1,607,675,677,-1,607,677,601,-1,601,677,679,-1,601,679,599,-1,599,679,681,-1,599,681,596,-1,596,681,683,-1,596,683,594,-1,594,683,685,-1,594,685,580,-1,580,685,687,-1,580,687,578,-1,578,687,689,-1,578,689,576,-1,576,689,691,-1,576,691,577,-1,577,691,693,-1,577,693,568,-1,568,693,695,-1,568,695,570,-1,570,695,697,-1,570,697,566,-1,566,697,699,-1,566,699,564,-1,564,699,701,-1,564,701,554,-1,554,701,703,-1,554,703,552,-1,552,703,705,-1,552,705,551,-1,551,705,707,-1,551,707,550,-1,550,707,709,-1,550,709,545,-1,545,709,711,-1,545,711,543,-1,543,711,713,-1,543,713,537,-1,537,713,715,-1,537,715,536,-1,536,715,717,-1,536,717,535,-1,535,717,719,-1,535,719,524,-1,524,719,721,-1,524,721,526,-1,526,721,723,-1,526,723,512,-1,512,723,725,-1,512,725,514,-1,514,725,727,-1,514,727,532,-1,532,727,729,-1,532,729,508,-1,508,729,731,-1,508,731,505,-1,505,731,733,-1,505,733,500,-1,500,733,735,-1,500,735,490,-1,490,735,737,-1,490,737,488,-1,488,737,739,-1,488,739,487,-1,487,739,741,-1,487,741,485,-1,485,741,743,-1,485,743,479,-1,479,743,745,-1,479,745,478,-1,478,745,747,-1,478,747,475,-1,475,747,749,-1,475,749,470,-1,470,749,751,-1,470,751,468,-1,468,751,753,-1,468,753,460,-1,460,753,755,-1,460,755,457,-1,457,755,757,-1,457,757,456,-1,456,757,759,-1,456,759,450,-1,450,759,761,-1,450,761,449,-1,449,761,763,-1,449,763,444,-1,444,763,765,-1,444,765,440,-1,440,765,767,-1,440,767,427,-1,427,767,769,-1,427,769,428,-1,428,769,771,-1,428,771,422,-1,422,771,773,-1,422,773,424,-1,424,773,775,-1,424,775,435,-1,435,775,777,-1,435,777,418,-1,418,777,779,-1,418,779,414,-1,414,779,781,-1,414,781,415,-1,415,781,783,-1,415,783,640,-1,640,783,655,-1,118,785,99,-1,99,785,786,-1,99,786,100,-1,100,786,787,-1,100,787,788,-1,0,2,395,-1,395,2,98,-1,395,98,394,-1,394,98,100,-1,394,100,391,-1,391,100,788,-1,391,788,392,-1,303,789,268,-1,268,789,790,-1,268,790,269,-1,269,790,791,-1,269,791,792,-1,42,44,172,-1,172,44,267,-1,172,267,217,-1,217,267,269,-1,217,269,219,-1,219,269,792,-1,219,792,227,-1,656,42,658,-1,658,42,49,-1,658,49,660,-1,660,49,48,-1,660,48,662,-1,662,48,46,-1,662,46,664,-1,664,46,45,-1,664,45,666,-1,666,45,52,-1,666,52,668,-1,668,52,51,-1,668,51,670,-1,670,51,55,-1,670,55,672,-1,672,55,54,-1,672,54,674,-1,674,54,61,-1,674,61,676,-1,676,61,60,-1,676,60,678,-1,678,60,58,-1,678,58,680,-1,680,58,57,-1,680,57,682,-1,682,57,64,-1,682,64,684,-1,684,64,63,-1,684,63,686,-1,686,63,67,-1,686,67,688,-1,688,67,66,-1,688,66,690,-1,690,66,95,-1,690,95,692,-1,692,95,93,-1,692,93,694,-1,694,93,70,-1,694,70,696,-1,696,70,69,-1,696,69,698,-1,698,69,73,-1,698,73,700,-1,700,73,72,-1,700,72,702,-1,702,72,76,-1,702,76,704,-1,704,76,75,-1,704,75,706,-1,706,75,82,-1,706,82,708,-1,708,82,81,-1,708,81,710,-1,710,81,79,-1,710,79,712,-1,712,79,78,-1,712,78,714,-1,714,78,85,-1,714,85,716,-1,716,85,84,-1,716,84,718,-1,718,84,1,-1,718,1,720,-1,720,1,0,-1,720,0,722,-1,722,0,264,-1,722,264,724,-1,724,264,10,-1,724,10,726,-1,726,10,9,-1,726,9,728,-1,728,9,7,-1,728,7,730,-1,730,7,6,-1,730,6,732,-1,732,6,13,-1,732,13,734,-1,734,13,12,-1,734,12,736,-1,736,12,4,-1,736,4,738,-1,738,4,3,-1,738,3,740,-1,740,3,259,-1,740,259,742,-1,742,259,257,-1,742,257,744,-1,744,257,16,-1,744,16,746,-1,746,16,15,-1,746,15,748,-1,748,15,255,-1,748,255,750,-1,750,255,253,-1,750,253,752,-1,752,253,19,-1,752,19,754,-1,754,19,18,-1,754,18,756,-1,756,18,28,-1,756,28,758,-1,758,28,27,-1,758,27,760,-1,760,27,25,-1,760,25,762,-1,762,25,24,-1,762,24,764,-1,764,24,31,-1,764,31,766,-1,766,31,30,-1,766,30,768,-1,768,30,22,-1,768,22,770,-1,770,22,21,-1,770,21,772,-1,772,21,37,-1,772,37,774,-1,774,37,36,-1,774,36,776,-1,776,36,34,-1,776,34,778,-1,778,34,33,-1,778,33,780,-1,780,33,40,-1,780,40,782,-1,782,40,39,-1,782,39,784,-1,784,39,43,-1,784,43,656,-1,656,43,42,-1,
        ]
    }
}
Shape{
    appearance Appearance {
        material  Material 	{
            diffuseColor 0.5019607843137255 0.5019607843137255 0.5019607843137255
            specularColor 0.44313725490196076 0.44313725490196076 0.44313725490196076
            ambientIntensity 0.502
            transparency 0.0
            shininess 0.5
        }
    }
    geometry IndexedFaceSet {
        ccw TRUE
        solid FALSE
        coord DEF co Coordinate {
            point [
                0.874 0.8268 1.311, 0.635 0.8268 1.311, 0.874 0.8268 1.563, 0.635 0.8268 1.563, 0.6276 0.8294 1.311, 0.4363 0.9817 1.311, 0.6276 0.8294 1.563, 0.4363 0.9817 1.563, 0.4289 0.9843 1.311, -0.429 0.9843 1.311, 0.4289 0.9843 1.563, -0.429 0.9843 1.563, -0.4363 0.9817 1.311, -0.6277 0.8294 1.311, -0.4363 0.9817 1.563, -0.6277 0.8294 1.563, -0.635 0.8268 1.311, -0.874 0.8268 1.311, -0.635 0.8268 1.563, -0.874 0.8268 1.563, -0.635 -0.8267 1.563, -0.874 -0.8267 1.563, -0.635 -0.8267 1.311, -0.874 -0.8267 1.311, -0.6277 -0.8293 1.311, -0.4363 -0.9817 1.311, -0.6277 -0.8293 1.563, -0.4363 -0.9817 1.563, -0.429 -0.9842 1.311, 0.4289 -0.9842 1.311, -0.429 -0.9842 1.563, 0.4289 -0.9842 1.563, 0.4363 -0.9817 1.311, 0.6276 -0.8293 1.311, 0.4363 -0.9817 1.563, 0.6276 -0.8293 1.563, 0.635 -0.8267 1.311, 0.874 -0.8267 1.311, 0.635 -0.8267 1.563, 0.874 -0.8267 1.563, -0.6507 -0.5717 1.2992, -0.6298 -0.8155 1.2992, -0.635 -0.8149 1.2992, -0.6298 0.8156 1.2992, -0.6248 0.8173 1.2992, -0.5411 0.6764 1.2992, -0.5196 0.6925 1.2992, -0.6203 0.8201 1.2992, -0.4963 0.7099 1.2992, -0.6862 -0.5286 1.2992, -0.874 -0.8149 1.2992, -0.6926 -0.5196 1.2992, -0.8571 0.1223 1.2992, -0.86 0.1036 1.2992, -0.874 0.815 1.2992, -0.8648 0.0479 1.2992, -0.7806 -0.3745 1.2992, -0.7752 -0.3863 1.2992, -0.7487 -0.4355 1.2992, 0.7857 0.3646 1.2992, 0.6248 0.8173 1.2992, 0.8076 0.313 1.2992, 0.6297 0.8156 1.2992, 0.635 0.815 1.2992, -0.6248 -0.8173 1.2992, -0.6382 -0.5849 1.2992, -0.6122 -0.6127 1.2992, -0.5282 -0.6864 1.2992, -0.6203 -0.8201 1.2992, -0.5714 -0.651 1.2992, -0.5779 -0.6448 1.2992, -0.7401 -0.4492 1.2992, -0.7189 -0.4831 1.2992, -0.8168 0.2871 1.2992, -0.8239 0.2675 1.2992, -0.8394 0.2138 1.2992, -0.8651 0.0377 1.2992, -0.8661 -0.0083 1.2992, -0.8645 -0.0473 1.2992, -0.8638 -0.0642 1.2992, -0.8578 -0.1198 1.2992, -0.8558 -0.1318 1.2992, -0.8483 -0.1752 1.2992, -0.8387 -0.215 1.2992, -0.8352 -0.2296 1.2992, -0.8186 -0.2829 1.2992, -0.8136 -0.2962 1.2992, -0.7986 -0.3354 1.2992, -0.5836 0.64 1.2992, -0.5852 0.6385 1.2992, -0.635 0.815 1.2992, -0.6239 0.6009 1.2992, -0.745 0.4409 1.2992, -0.7568 0.4213 1.2992, -0.7824 0.3716 1.2992, -0.8411 0.2058 1.2992, -0.8515 0.1589 1.2992, 0.5119 0.6983 1.2992, 0.5025 0.7055 1.2992, 0.6203 0.8201 1.2992, 0.4558 0.7366 1.2992, 0.4289 0.9725 1.2992, 0.4409 0.7451 1.2992, 0.4073 0.7644 1.2992, 0.3658 0.7848 1.2992, 0.3571 0.7891 1.2992, 0.3052 0.8106 1.2992, 0.2871 0.8168 1.2992, 0.2522 0.8286 1.2992, 0.7806 0.3746 1.2992, 0.7605 0.4146 1.2992, 0.7401 0.4493 1.2992, 0.7321 0.4629 1.2992, 0.7006 0.5093 1.2992, 0.6925 0.5197 1.2992, 0.5471 0.6715 1.2992, 0.5778 0.6448 1.2992, 0.635 -0.8149 1.2992, 0.6455 -0.5774 1.2992, 0.874 -0.8149 1.2992, 0.6814 -0.5346 1.2992, -0.2291 -0.8353 1.2992, -0.2057 -0.8409 1.2992, -0.429 -0.9724 1.2992, -0.1745 -0.8483 1.2992, -0.1223 -0.8574 1.2992, -0.6447 0.5778 1.2992, -0.6614 0.5593 1.2992, -0.6961 0.5155 1.2992, -0.7849 0.3659 1.2992, -0.8049 0.3201 1.2992, 0.2057 0.8412 1.2992, 0.1982 0.8432 1.2992, 0.1431 0.8543 1.2992, 0.6663 0.5534 1.2992, 0.6382 0.585 1.2992, 0.6291 0.5953 1.2992, 0.6087 0.6156 1.2992, 0.5892 0.6348 1.2992, 0.6982 -0.5118 1.2992, 0.7146 -0.4894 1.2992, 0.7448 -0.4421 1.2992, -0.5119 -0.6982 1.2992, -0.4826 -0.7192 1.2992, -0.4411 -0.7452 1.2992, -0.4351 -0.7489 1.2992, -0.3859 -0.7754 1.2992, -0.3658 -0.7846 1.2992, -0.3348 -0.7988 1.2992, -0.2872 -0.817 1.2992, -0.2825 -0.8188 1.2992, 0.056 -0.8643 1.2992, 0.1117 -0.8589 1.2992, 0.4289 -0.9724 1.2992, 0.1318 -0.8556 1.2992, 0.1671 -0.8498 1.2992, 0.2151 -0.8388 1.2992, 0.2217 -0.8373 1.2992, 0.2752 -0.8212 1.2992, 0.2962 -0.8134 1.2992, 0.3279 -0.8017 1.2992, 0.3746 -0.7808 1.2992, 0.4763 -0.7234 1.2992, 0.5198 -0.6927 1.2992, 0.6203 -0.8201 1.2992, 0.5221 -0.6911 1.2992, 0.6248 -0.8173 1.2992, 0.5655 -0.656 1.2992, 0.6297 -0.8155 1.2992, 0.5849 -0.6381 1.2992, 0.6068 -0.618 1.2992, -0.6985 0.512 1.2992, -0.728 0.4693 1.2992, 0.7453 -0.4411 1.2992, 0.7717 -0.3932 1.2992, 0.7846 -0.3657 1.2992, 0.7956 -0.3424 1.2992, 0.8161 -0.2902 1.2992, 0.817 -0.2872 1.2992, -0.1193 -0.8579 1.2992, -0.0637 -0.8638 1.2992, -0.0377 -0.8649 1.2992, -0.0106 -0.866 1.2992, -0.0 -0.8661 1.2992, 0.0473 -0.8646 1.2992, 0.379 -0.7788 1.2992, 0.4284 -0.7527 1.2992, 0.4492 -0.74 1.2992, 0.1222 0.8571 1.2992, 0.0877 0.8617 1.2992, 0.0376 0.8652 1.2992, -0.2449 0.8308 1.2992, -0.429 0.9725 1.2992, -0.2151 0.8386 1.2992, -0.1908 0.8449 1.2992, -0.3501 0.7923 1.2992, -0.3745 0.7805 1.2992, -0.4005 0.768 1.2992, -0.4493 0.7406 1.2992, 0.8331 -0.237 1.2992, 0.8409 -0.2056 1.2992, 0.8467 -0.1826 1.2992, 0.8567 -0.1274 1.2992, 0.8573 -0.1223 1.2992, 0.8631 -0.0719 1.2992, 0.8646 0.0473 1.2992, 0.8608 0.0959 1.2992, 0.874 0.815 1.2992, 0.0319 0.8656 1.2992, -0.0243 0.8658 1.2992, -0.0473 0.8645 1.2992, -0.0801 0.8625 1.2992, -0.2964 0.8138 1.2992, -0.298 0.8133 1.2992, 0.8412 0.2063 1.2992, 0.8388 0.2151 1.2992, 0.8262 0.2601 1.2992, 0.8135 0.2962 1.2992, -0.1319 0.856 1.2992, -0.1356 0.8555 1.2992, 0.8649 -0.0376 1.2992, 0.866 -0.0159 1.2992, 0.8652 0.0402 1.2992, 0.8556 0.1318 1.2992, 0.8528 0.1514 1.2992, -0.8858 0.815 1.311, -0.8858 -0.8149 1.311, -0.8858 0.815 1.563, -0.8858 -0.8149 1.563, 0.8858 0.815 1.563, 0.8858 -0.8149 1.563, 0.8858 0.815 1.311, 0.8858 -0.8149 1.311, -0.4361 0.9814 1.308, -0.6274 0.8291 1.308, -0.4353 0.9805 1.3051, -0.6267 0.8281 1.3051, -0.4342 0.979 1.3027, -0.6255 0.8267 1.3027, -0.4326 0.9771 1.3008, -0.624 0.8248 1.3008, -0.4309 0.9749 1.2996, -0.6222 0.8225 1.2996, -0.6324 0.8271 1.311, -0.635 0.8264 1.308, -0.6323 0.8267 1.308, -0.635 0.8252 1.3051, -0.6321 0.8256 1.3051, -0.635 0.8233 1.3027, -0.6316 0.8237 1.3027, -0.635 0.8209 1.3008, -0.6311 0.8213 1.3008, -0.635 0.818 1.2996, -0.6305 0.8186 1.2996, -0.6299 0.828 1.311, -0.6297 0.8276 1.308, -0.6292 0.8265 1.3051, -0.6284 0.8249 1.3027, -0.6274 0.8226 1.3008, -0.6261 0.8201 1.2996, -0.4341 0.9831 1.311, -0.4316 0.984 1.311, -0.4339 0.9828 1.308, -0.4315 0.9836 1.308, -0.4334 0.9817 1.3051, -0.4312 0.9824 1.3051, -0.4326 0.98 1.3027, -0.4308 0.9806 1.3027, -0.4315 0.9778 1.3008, -0.4303 0.9782 1.3008, -0.4303 0.9752 1.2996, -0.4296 0.9755 1.2996, -0.429 0.9839 1.308, -0.429 0.9827 1.3051, -0.429 0.9808 1.3027, -0.429 0.9784 1.3008, -0.429 0.9755 1.2996, -0.874 0.8264 1.308, -0.874 0.8252 1.3051, -0.874 0.8233 1.3027, -0.874 0.8209 1.3008, -0.874 0.818 1.2996, -0.6324 0.8271 1.563, -0.6299 0.828 1.563, -0.6274 0.8291 1.566, -0.6222 0.8225 1.5744, -0.6203 0.8201 1.5748, -0.5999 0.8364 1.5748, -0.4361 0.9814 1.566, -0.6267 0.8281 1.5689, -0.4353 0.9805 1.5689, -0.6255 0.8267 1.5713, -0.4342 0.979 1.5713, -0.624 0.8248 1.5732, -0.4326 0.9771 1.5732, -0.4309 0.9749 1.5744, -0.429 0.9725 1.5748, -0.4316 0.984 1.563, -0.4341 0.9831 1.563, 0.4289 0.9839 1.308, 0.4289 0.9827 1.3051, 0.4289 0.9808 1.3027, 0.4289 0.9784 1.3008, 0.4289 0.9755 1.2996, -0.8767 0.8265 1.311, -0.8791 0.8256 1.311, -0.8771 0.8264 1.311, -0.877 0.826 1.308, -0.8813 0.8241 1.311, -0.8799 0.8252 1.311, -0.8797 0.8249 1.308, -0.8832 0.8223 1.311, -0.8824 0.8233 1.311, -0.8821 0.8231 1.308, -0.8846 0.8201 1.311, -0.8843 0.8209 1.311, -0.8839 0.8207 1.308, -0.8855 0.8176 1.311, -0.8854 0.818 1.311, -0.8851 0.8179 1.308, -0.8839 0.8176 1.3051, -0.8829 0.8201 1.3051, -0.8821 0.8172 1.3027, -0.8813 0.8192 1.3027, -0.8797 0.8165 1.3008, -0.8791 0.8179 1.3008, -0.877 0.8158 1.2996, -0.8767 0.8165 1.2996, -0.8813 0.8222 1.3051, -0.8799 0.8209 1.3027, -0.8782 0.8192 1.3008, -0.8762 0.8172 1.2996, -0.8854 0.815 1.308, -0.8843 0.815 1.3051, -0.8824 0.815 1.3027, -0.8799 0.815 1.3008, -0.8771 0.815 1.2996, -0.8791 0.8238 1.3051, -0.8767 0.8249 1.3051, -0.8782 0.8222 1.3027, -0.8762 0.8231 1.3027, -0.877 0.8201 1.3008, -0.8756 0.8207 1.3008, -0.8756 0.8176 1.2996, -0.8748 0.8179 1.2996, -0.635 0.815 1.5748, -0.6298 0.8156 1.5748, -0.635 0.818 1.5744, -0.6305 0.8186 1.5744, -0.635 0.8209 1.5732, -0.6311 0.8213 1.5732, -0.635 0.8233 1.5713, -0.6316 0.8237 1.5713, -0.635 0.8252 1.5689, -0.6321 0.8256 1.5689, -0.635 0.8264 1.566, -0.6323 0.8267 1.566, -0.6248 0.8173 1.5748, -0.6261 0.8201 1.5744, -0.6274 0.8226 1.5732, -0.6284 0.8249 1.5713, -0.6292 0.8265 1.5689, -0.6297 0.8276 1.566, -0.4339 0.9828 1.566, -0.4334 0.9817 1.5689, -0.4326 0.98 1.5713, -0.4315 0.9778 1.5732, -0.4303 0.9752 1.5744, -0.4296 0.9755 1.5744, -0.4303 0.9782 1.5732, -0.4308 0.9806 1.5713, -0.4312 0.9824 1.5689, -0.4315 0.9836 1.566, -0.429 0.9839 1.566, -0.429 0.9827 1.5689, -0.429 0.9808 1.5713, -0.429 0.9784 1.5732, -0.429 0.9755 1.5744, 0.4315 0.984 1.311, 0.434 0.9831 1.311, 0.4315 0.9836 1.308, 0.4339 0.9828 1.308, 0.4312 0.9824 1.3051, 0.4334 0.9817 1.3051, 0.4308 0.9806 1.3027, 0.4325 0.98 1.3027, 0.4302 0.9782 1.3008, 0.4315 0.9778 1.3008, 0.4296 0.9755 1.2996, 0.4302 0.9752 1.2996, 0.436 0.9814 1.308, 0.4353 0.9805 1.3051, 0.4341 0.979 1.3027, 0.4326 0.9771 1.3008, 0.4308 0.9749 1.2996, -0.8854 -0.8149 1.308, -0.8843 -0.8149 1.3051, -0.8824 -0.8149 1.3027, -0.8799 -0.8149 1.3008, -0.8771 -0.8149 1.2996, -0.8767 0.8265 1.563, -0.8771 0.8264 1.563, -0.8791 0.8256 1.563, -0.8799 0.8252 1.563, -0.8813 0.8241 1.563, -0.8824 0.8233 1.563, -0.8832 0.8223 1.563, -0.8843 0.8209 1.563, -0.8846 0.8201 1.563, -0.8854 0.818 1.563, -0.8855 0.8176 1.563, -0.874 0.8264 1.566, -0.874 0.8252 1.5689, -0.874 0.8233 1.5713, -0.874 0.8209 1.5732, -0.874 0.818 1.5744, -0.874 0.815 1.5748, 0.4289 0.9839 1.566, 0.4289 0.9827 1.5689, 0.4289 0.9808 1.5713, 0.4289 0.9784 1.5732, 0.4289 0.9755 1.5744, 0.0172 0.9725 1.5748, 0.0881 0.9725 1.5748, 0.1468 0.9725 1.5748, 0.0839 0.9725 1.5748, 0.1785 0.9725 1.5748, 0.1946 0.9725 1.5748, 0.2329 0.9725 1.5748, 0.2596 0.9725 1.5748, 0.2815 0.9725 1.5748, 0.4289 0.9725 1.5748, 0.434 0.9831 1.563, 0.4315 0.984 1.563, 0.6274 0.8291 1.308, 0.6267 0.8281 1.3051, 0.6255 0.8267 1.3027, 0.624 0.8248 1.3008, 0.6222 0.8225 1.2996, -0.8771 -0.8263 1.311, -0.8799 -0.8252 1.311, -0.877 -0.826 1.308, -0.8797 -0.8248 1.308, -0.8767 -0.8248 1.3051, -0.8791 -0.8238 1.3051, -0.8762 -0.823 1.3027, -0.8782 -0.8222 1.3027, -0.8756 -0.8206 1.3008, -0.877 -0.82 1.3008, -0.8748 -0.8179 1.2996, -0.8756 -0.8176 1.2996, -0.8824 -0.8233 1.311, -0.8821 -0.823 1.308, -0.8813 -0.8222 1.3051, -0.8799 -0.8208 1.3027, -0.8782 -0.8191 1.3008, -0.8762 -0.8171 1.2996, -0.874 -0.8263 1.308, -0.874 -0.8252 1.3051, -0.874 -0.8233 1.3027, -0.874 -0.8208 1.3008, -0.874 -0.818 1.2996, -0.8843 -0.8208 1.311, -0.8854 -0.818 1.311, -0.8839 -0.8206 1.308, -0.8851 -0.8179 1.308, -0.8829 -0.82 1.3051, -0.8839 -0.8176 1.3051, -0.8813 -0.8191 1.3027, -0.8821 -0.8171 1.3027, -0.8791 -0.8179 1.3008, -0.8797 -0.8165 1.3008, -0.8767 -0.8165 1.2996, -0.877 -0.8157 1.2996, -0.877 0.826 1.566, -0.8797 0.8249 1.566, -0.8821 0.8231 1.566, -0.8839 0.8207 1.566, -0.8851 0.8179 1.566, -0.8854 0.815 1.566, -0.8839 0.8176 1.5689, -0.8843 0.815 1.5689, -0.8821 0.8172 1.5713, -0.8824 0.815 1.5713, -0.8797 0.8165 1.5732, -0.8799 0.815 1.5732, -0.877 0.8158 1.5744, -0.8771 0.815 1.5744, -0.8829 0.8201 1.5689, -0.8813 0.8192 1.5713, -0.8791 0.8179 1.5732, -0.8767 0.8165 1.5744, -0.8813 0.8222 1.5689, -0.8799 0.8209 1.5713, -0.8782 0.8192 1.5732, -0.8762 0.8172 1.5744, -0.8791 0.8238 1.5689, -0.8782 0.8222 1.5713, -0.877 0.8201 1.5732, -0.8756 0.8176 1.5744, -0.8767 0.8249 1.5689, -0.8762 0.8231 1.5713, -0.8756 0.8207 1.5732, -0.8748 0.8179 1.5744, 0.4315 0.9836 1.566, 0.4312 0.9824 1.5689, 0.4308 0.9806 1.5713, 0.4302 0.9782 1.5732, 0.4296 0.9755 1.5744, 0.4302 0.9752 1.5744, 0.4315 0.9778 1.5732, 0.4325 0.98 1.5713, 0.4334 0.9817 1.5689, 0.4339 0.9828 1.566, 0.436 0.9814 1.566, 0.4353 0.9805 1.5689, 0.4341 0.979 1.5713, 0.4326 0.9771 1.5732, 0.4308 0.9749 1.5744, 0.6299 0.828 1.311, 0.6297 0.8276 1.308, 0.6292 0.8265 1.3051, 0.6284 0.8249 1.3027, 0.6273 0.8226 1.3008, 0.6261 0.8201 1.2996, 0.6324 0.8271 1.311, 0.6323 0.8267 1.308, 0.632 0.8256 1.3051, 0.6316 0.8237 1.3027, 0.6311 0.8213 1.3008, 0.6304 0.8186 1.2996, 0.635 0.8264 1.308, 0.635 0.8252 1.3051, 0.635 0.8233 1.3027, 0.635 0.8209 1.3008, 0.635 0.818 1.2996, -0.635 -0.8263 1.308, -0.635 -0.8252 1.3051, -0.635 -0.8233 1.3027, -0.635 -0.8208 1.3008, -0.635 -0.818 1.2996, -0.8854 -0.818 1.563, -0.8843 -0.8208 1.563, -0.8824 -0.8233 1.563, -0.8799 -0.8252 1.563, -0.8771 -0.8263 1.563, -0.8854 -0.8149 1.566, -0.8843 -0.8149 1.5689, -0.8824 -0.8149 1.5713, -0.8799 -0.8149 1.5732, -0.8771 -0.8149 1.5744, -0.874 -0.8149 1.5748, -0.874 -0.6885 1.5748, -0.874 -0.661 1.5748, -0.874 -0.5713 1.5748, -0.874 -0.551 1.5748, -0.874 -0.4804 1.5748, 0.6274 0.8291 1.566, 0.6267 0.8281 1.5689, 0.6255 0.8267 1.5713, 0.624 0.8248 1.5732, 0.6222 0.8225 1.5744, 0.6203 0.8201 1.5748, 0.6299 0.828 1.563, 0.6324 0.8271 1.563, 0.874 0.8264 1.308, 0.874 0.8252 1.3051, 0.874 0.8233 1.3027, 0.874 0.8209 1.3008, 0.874 0.818 1.2996, -0.6299 -0.8279 1.311, -0.6274 -0.829 1.308, -0.6297 -0.8275 1.308, -0.6267 -0.8281 1.3051, -0.6292 -0.8265 1.3051, -0.6255 -0.8266 1.3027, -0.6284 -0.8248 1.3027, -0.624 -0.8247 1.3008, -0.6274 -0.8226 1.3008, -0.6222 -0.8225 1.2996, -0.6261 -0.82 1.2996, -0.6324 -0.827 1.311, -0.6323 -0.8266 1.308, -0.6321 -0.8255 1.3051, -0.6316 -0.8237 1.3027, -0.6311 -0.8213 1.3008, -0.6305 -0.8185 1.2996, -0.874 -0.8263 1.566, -0.877 -0.826 1.566, -0.877 -0.82 1.5732, -0.8756 -0.8176 1.5744, -0.8762 -0.8171 1.5744, -0.877 -0.8157 1.5744, -0.8748 -0.8179 1.5744, -0.8756 -0.8206 1.5732, -0.8762 -0.823 1.5713, -0.874 -0.818 1.5744, -0.8782 -0.8191 1.5732, -0.8767 -0.8165 1.5744, -0.8791 -0.8179 1.5732, -0.8797 -0.8165 1.5732, -0.874 -0.8208 1.5732, -0.874 -0.8233 1.5713, -0.874 -0.8252 1.5689, -0.8782 -0.8222 1.5713, -0.8799 -0.8208 1.5713, -0.8813 -0.8191 1.5713, -0.8821 -0.8171 1.5713, -0.8767 -0.8248 1.5689, -0.8791 -0.8238 1.5689, -0.8813 -0.8222 1.5689, -0.8829 -0.82 1.5689, -0.8839 -0.8176 1.5689, -0.8797 -0.8248 1.566, -0.8821 -0.823 1.566, -0.8839 -0.8206 1.566, -0.8851 -0.8179 1.566, 0.6248 0.8173 1.5748, 0.6261 0.8201 1.5744, 0.6273 0.8226 1.5732, 0.6284 0.8249 1.5713, 0.6292 0.8265 1.5689, 0.6297 0.8276 1.566, 0.6297 0.8156 1.5748, 0.6304 0.8186 1.5744, 0.6311 0.8213 1.5732, 0.6316 0.8237 1.5713, 0.632 0.8256 1.5689, 0.6323 0.8267 1.566, 0.635 0.815 1.5748, 0.635 0.818 1.5744, 0.635 0.8209 1.5732, 0.635 0.8233 1.5713, 0.635 0.8252 1.5689, 0.635 0.8264 1.566, 0.8766 0.815 1.2996, 0.8769 0.8158 1.2996, 0.8855 0.815 1.3084, 0.8854 0.818 1.311, 0.885 0.8179 1.308, 0.8854 0.815 1.308, 0.8846 0.815 1.3059, 0.8839 0.8176 1.3051, 0.8842 0.815 1.3051, 0.8832 0.815 1.3037, 0.8821 0.8172 1.3027, 0.8823 0.815 1.3027, 0.8813 0.815 1.3019, 0.8797 0.8165 1.3008, 0.8771 0.8264 1.311, 0.8799 0.8252 1.311, 0.8769 0.826 1.308, 0.8797 0.8249 1.308, 0.8766 0.8249 1.3051, 0.8791 0.8238 1.3051, 0.8762 0.8231 1.3027, 0.8782 0.8222 1.3027, 0.8755 0.8207 1.3008, 0.8769 0.8201 1.3008, 0.8748 0.8179 1.2996, 0.8755 0.8176 1.2996, 0.8823 0.8233 1.311, 0.8821 0.8231 1.308, 0.8812 0.8222 1.3051, 0.8799 0.8209 1.3027, 0.8782 0.8192 1.3008, 0.8762 0.8172 1.2996, 0.8842 0.8209 1.311, 0.8839 0.8207 1.308, 0.8829 0.8201 1.3051, 0.8812 0.8192 1.3027, 0.8791 0.8179 1.3008, 0.8766 0.8165 1.2996, 0.8799 0.815 1.3008, 0.8791 0.815 1.3005, 0.8771 0.815 1.2996, -0.4361 -0.9813 1.308, -0.4353 -0.9804 1.3051, -0.4342 -0.9789 1.3027, -0.4326 -0.977 1.3008, -0.4309 -0.9748 1.2996, -0.6299 -0.8279 1.563, -0.6324 -0.827 1.563, -0.635 -0.8263 1.566, -0.635 -0.8252 1.5689, -0.635 -0.8233 1.5713, -0.635 -0.8208 1.5732, -0.635 -0.818 1.5744, -0.635 -0.8149 1.5748, 0.874 0.8264 1.566, 0.874 0.8252 1.5689, 0.874 0.8233 1.5713, 0.874 0.8209 1.5732, 0.874 0.818 1.5744, 0.874 0.815 1.5748, 0.8854 0.818 1.563, 0.8842 0.8209 1.563, 0.8823 0.8233 1.563, 0.8799 0.8252 1.563, 0.8771 0.8264 1.563, 0.8855 -0.8149 1.3084, 0.8854 -0.8149 1.308, 0.8846 -0.8149 1.3059, 0.8842 -0.8149 1.3051, 0.8832 -0.8149 1.3037, 0.8823 -0.8149 1.3027, 0.8813 -0.8149 1.3019, 0.8799 -0.8149 1.3008, 0.8791 -0.8149 1.3005, 0.8771 -0.8149 1.2996, 0.8766 -0.8149 1.2996, -0.4316 -0.9839 1.311, -0.4341 -0.9831 1.311, -0.4315 -0.9835 1.308, -0.4339 -0.9827 1.308, -0.4312 -0.9824 1.3051, -0.4334 -0.9816 1.3051, -0.4308 -0.9806 1.3027, -0.4326 -0.9799 1.3027, -0.4303 -0.9782 1.3008, -0.4315 -0.9777 1.3008, -0.4296 -0.9754 1.2996, -0.4303 -0.9752 1.2996, -0.429 -0.9838 1.308, -0.429 -0.9826 1.3051, -0.429 -0.9808 1.3027, -0.429 -0.9783 1.3008, -0.429 -0.9755 1.2996, -0.6203 -0.8201 1.5748, -0.6248 -0.8173 1.5748, -0.6222 -0.8225 1.5744, -0.6261 -0.82 1.5744, -0.624 -0.8247 1.5732, -0.6274 -0.8226 1.5732, -0.6255 -0.8266 1.5713, -0.6284 -0.8248 1.5713, -0.6267 -0.8281 1.5689, -0.6292 -0.8265 1.5689, -0.6274 -0.829 1.566, -0.6297 -0.8275 1.566, -0.6298 -0.8155 1.5748, -0.6305 -0.8185 1.5744, -0.6311 -0.8213 1.5732, -0.6316 -0.8237 1.5713, -0.6321 -0.8255 1.5689, -0.6323 -0.8266 1.566, 0.8769 0.826 1.566, 0.8769 0.8201 1.5732, 0.8755 0.8176 1.5744, 0.8762 0.8172 1.5744, 0.8771 0.815 1.5744, 0.8769 0.8158 1.5744, 0.8748 0.8179 1.5744, 0.8755 0.8207 1.5732, 0.8762 0.8231 1.5713, 0.8782 0.8192 1.5732, 0.8766 0.8165 1.5744, 0.8791 0.8179 1.5732, 0.8797 0.8165 1.5732, 0.8799 0.815 1.5732, 0.8782 0.8222 1.5713, 0.8799 0.8209 1.5713, 0.8812 0.8192 1.5713, 0.8821 0.8172 1.5713, 0.8823 0.815 1.5713, 0.8766 0.8249 1.5689, 0.8791 0.8238 1.5689, 0.8812 0.8222 1.5689, 0.8829 0.8201 1.5689, 0.8839 0.8176 1.5689, 0.8842 0.815 1.5689, 0.8797 0.8249 1.566, 0.8821 0.8231 1.566, 0.8839 0.8207 1.566, 0.885 0.8179 1.566, 0.8854 0.815 1.566, 0.8764 -0.8168 1.2996, 0.8759 -0.8173 1.2996, 0.8765 -0.8261 1.308, 0.8766 -0.8264 1.311, 0.8789 -0.8252 1.308, 0.8791 -0.8256 1.311, 0.8829 -0.822 1.308, 0.8832 -0.8223 1.311, 0.8814 -0.8242 1.311, 0.8855 -0.8176 1.311, 0.8851 -0.8175 1.308, 0.8846 -0.8201 1.311, 0.8843 -0.8199 1.308, 0.8832 -0.8194 1.3051, 0.884 -0.8172 1.3051, 0.8821 -0.8168 1.3027, 0.874 -0.8263 1.308, 0.874 -0.8252 1.3051, 0.8763 -0.8249 1.3051, 0.8759 -0.8231 1.3027, 0.8776 -0.8225 1.3027, 0.8798 -0.8162 1.3008, 0.8815 -0.8186 1.3027, 0.882 -0.8213 1.3051, 0.8811 -0.8239 1.308, 0.8766 -0.8203 1.3008, 0.8777 -0.8195 1.3008, 0.8804 -0.8229 1.3051, 0.8805 -0.8201 1.3027, 0.8793 -0.8175 1.3008, 0.877 -0.8156 1.2996, 0.8753 -0.8177 1.2996, 0.8753 -0.8207 1.3008, 0.8747 -0.8179 1.2996, 0.874 -0.8233 1.3027, 0.874 -0.8208 1.3008, 0.874 -0.818 1.2996, 0.8784 -0.8241 1.3051, 0.8792 -0.8215 1.3027, 0.8786 -0.8186 1.3008, 0.8768 -0.8163 1.2996, 0.4289 -0.9838 1.308, 0.4289 -0.9826 1.3051, 0.4289 -0.9808 1.3027, 0.4289 -0.9783 1.3008, 0.4289 -0.9755 1.2996, -0.4341 -0.9831 1.563, -0.4316 -0.9839 1.563, -0.5999 -0.8363 1.5748, -0.4309 -0.9748 1.5744, -0.4326 -0.977 1.5732, -0.4342 -0.9789 1.5713, -0.4353 -0.9804 1.5689, -0.4361 -0.9813 1.566, -0.429 -0.9724 1.5748, 0.8854 -0.8149 1.566, 0.8842 -0.8149 1.5689, 0.8823 -0.8149 1.5713, 0.8799 -0.8149 1.5732, 0.8771 -0.8149 1.5744, 0.874 -0.4804 1.5748, 0.874 -0.551 1.5748, 0.874 -0.5713 1.5748, 0.874 -0.661 1.5748, 0.874 -0.6885 1.5748, 0.874 -0.8149 1.5748, 0.8766 -0.8264 1.563, 0.8771 -0.8263 1.563, 0.8791 -0.8255 1.563, 0.8799 -0.8252 1.563, 0.8813 -0.8241 1.563, 0.8823 -0.8233 1.563, 0.8832 -0.8222 1.563, 0.8855 -0.8176 1.563, 0.8854 -0.818 1.563, 0.8846 -0.82 1.563, 0.8842 -0.8208 1.563, 0.635 -0.8263 1.308, 0.635 -0.8252 1.3051, 0.635 -0.8233 1.3027, 0.635 -0.8208 1.3008, 0.635 -0.818 1.2996, 0.436 -0.9813 1.308, 0.6274 -0.829 1.308, 0.4353 -0.9804 1.3051, 0.6267 -0.8281 1.3051, 0.4341 -0.9789 1.3027, 0.6255 -0.8266 1.3027, 0.4326 -0.977 1.3008, 0.624 -0.8247 1.3008, 0.4308 -0.9748 1.2996, 0.6222 -0.8225 1.2996, 0.434 -0.9831 1.311, 0.4315 -0.9839 1.311, 0.4339 -0.9827 1.308, 0.4315 -0.9835 1.308, 0.4334 -0.9816 1.3051, 0.4312 -0.9824 1.3051, 0.4325 -0.9799 1.3027, 0.4308 -0.9806 1.3027, 0.4315 -0.9777 1.3008, 0.4302 -0.9782 1.3008, 0.4302 -0.9752 1.2996, 0.4296 -0.9754 1.2996, -0.4315 -0.9835 1.566, -0.429 -0.9838 1.566, -0.4312 -0.9824 1.5689, -0.429 -0.9826 1.5689, -0.4308 -0.9806 1.5713, -0.429 -0.9808 1.5713, -0.4303 -0.9782 1.5732, -0.429 -0.9783 1.5732, -0.4296 -0.9754 1.5744, -0.4303 -0.9752 1.5744, -0.4315 -0.9777 1.5732, -0.4326 -0.9799 1.5713, -0.4334 -0.9816 1.5689, -0.4339 -0.9827 1.566, -0.429 -0.9755 1.5744, 0.8769 -0.826 1.566, 0.8797 -0.8248 1.566, 0.8821 -0.823 1.566, 0.8839 -0.8206 1.566, 0.885 -0.8179 1.566, 0.8839 -0.8176 1.5689, 0.8821 -0.8171 1.5713, 0.8797 -0.8165 1.5732, 0.8769 -0.8157 1.5744, 0.8829 -0.82 1.5689, 0.8812 -0.8191 1.5713, 0.8791 -0.8179 1.5732, 0.8766 -0.8165 1.5744, 0.8812 -0.8222 1.5689, 0.8799 -0.8208 1.5713, 0.8782 -0.8191 1.5732, 0.8762 -0.8171 1.5744, 0.8791 -0.8238 1.5689, 0.8782 -0.8222 1.5713, 0.8769 -0.82 1.5732, 0.8755 -0.8176 1.5744, 0.8766 -0.8248 1.5689, 0.8762 -0.823 1.5713, 0.8755 -0.8206 1.5732, 0.8748 -0.8179 1.5744, 0.874 -0.8263 1.566, 0.874 -0.8252 1.5689, 0.874 -0.8233 1.5713, 0.874 -0.8208 1.5732, 0.874 -0.818 1.5744, 0.6324 -0.827 1.311, 0.6323 -0.8266 1.308, 0.632 -0.8255 1.3051, 0.6316 -0.8237 1.3027, 0.6311 -0.8213 1.3008, 0.6304 -0.8185 1.2996, 0.6299 -0.8279 1.311, 0.6297 -0.8275 1.308, 0.6292 -0.8265 1.3051, 0.6284 -0.8248 1.3027, 0.6273 -0.8226 1.3008, 0.6261 -0.82 1.2996, 0.4315 -0.9839 1.563, 0.434 -0.9831 1.563, 0.4289 -0.9838 1.566, 0.4289 -0.9826 1.5689, 0.4289 -0.9808 1.5713, 0.4289 -0.9783 1.5732, 0.4289 -0.9755 1.5744, 0.4289 -0.9724 1.5748, 0.2815 -0.9724 1.5748, 0.2596 -0.9724 1.5748, 0.2329 -0.9724 1.5748, 0.1946 -0.9724 1.5748, 0.1785 -0.9724 1.5748, 0.1468 -0.9724 1.5748, 0.0881 -0.9724 1.5748, 0.0839 -0.9724 1.5748, 0.0172 -0.9724 1.5748, 0.635 -0.8263 1.566, 0.635 -0.8252 1.5689, 0.635 -0.8233 1.5713, 0.635 -0.8208 1.5732, 0.635 -0.818 1.5744, 0.635 -0.8149 1.5748, 0.6324 -0.827 1.563, 0.6299 -0.8279 1.563, 0.4339 -0.9827 1.566, 0.436 -0.9813 1.566, 0.4334 -0.9816 1.5689, 0.4353 -0.9804 1.5689, 0.4325 -0.9799 1.5713, 0.4341 -0.9789 1.5713, 0.4315 -0.9777 1.5732, 0.4326 -0.977 1.5732, 0.4302 -0.9752 1.5744, 0.4296 -0.9754 1.5744, 0.4302 -0.9782 1.5732, 0.4308 -0.9806 1.5713, 0.4312 -0.9824 1.5689, 0.4315 -0.9835 1.566, 0.4308 -0.9748 1.5744, 0.6297 -0.8155 1.5748, 0.6304 -0.8185 1.5744, 0.6311 -0.8213 1.5732, 0.6316 -0.8237 1.5713, 0.632 -0.8255 1.5689, 0.6323 -0.8266 1.566, 0.6248 -0.8173 1.5748, 0.6261 -0.82 1.5744, 0.6273 -0.8226 1.5732, 0.6284 -0.8248 1.5713, 0.6292 -0.8265 1.5689, 0.6297 -0.8275 1.566, 0.6203 -0.8201 1.5748, 0.6222 -0.8225 1.5744, 0.624 -0.8247 1.5732, 0.6255 -0.8266 1.5713, 0.6267 -0.8281 1.5689, 0.6274 -0.829 1.566, -0.9818 -0.8243 0.3103, -0.9808 -0.8233 0.3115, -0.9808 0.8233 0.3115, -0.9784 -0.8208 0.3134, -0.9784 0.8209 0.3134, -0.9755 -0.818 0.3146, -0.9755 0.818 0.3146, -0.9725 -0.8149 0.315, -0.9725 0.815 0.315, -0.9839 0.8264 0.3062, -0.9834 -0.8258 0.3077, -0.9834 0.8259 0.3077, -0.9827 -0.8252 0.3091, -0.9827 0.8252 0.3091, -0.9818 0.8244 0.3103, -0.9843 0.8268 0.3031, -0.9843 -0.8267 0.3031, -0.9842 0.8267 0.3047, -0.9842 -0.8266 0.3047, -0.9839 -0.8263 0.3062, -0.6288 -0.8208 0.3134, -0.6278 -0.818 0.3146, -0.6268 -0.8149 0.315, -0.6304 -0.8252 0.3091, -0.6301 -0.8243 0.3103, -0.6297 -0.8233 0.3115, -0.6309 -0.8267 0.3031, -0.6309 -0.8266 0.3047, -0.6308 -0.8263 0.3062, -0.6306 -0.8258 0.3077, -0.6309 0.8268 0.3031, -0.6309 0.8267 0.3047, -0.6308 0.8264 0.3062, -0.6306 0.8259 0.3077, -0.6304 0.8252 0.3091, -0.6301 0.8244 0.3103, -0.6297 0.8233 0.3115, -0.6288 0.8209 0.3134, -0.6278 0.818 0.3146, -0.6268 0.815 0.315, -0.429 -0.9724 0.315, -0.43 -0.9755 0.3146, -0.431 -0.9783 0.3134, -0.4319 -0.9808 0.3115, -0.4322 -0.9818 0.3103, -0.4325 -0.9826 0.3091, -0.4328 -0.9833 0.3077, -0.433 -0.9838 0.3062, -0.4331 -0.9841 0.3047, -0.4331 -0.9842 0.3031, -0.4331 0.9843 0.3031, -0.4331 0.9842 0.3047, -0.433 0.9839 0.3062, -0.4328 0.9834 0.3077, -0.4325 0.9827 0.3091, -0.4322 0.9818 0.3103, -0.4319 0.9808 0.3115, -0.431 0.9784 0.3134, -0.43 0.9755 0.3146, -0.429 0.9725 0.315, 0.4289 -0.9724 0.315, 0.43 -0.9755 0.3146, 0.431 -0.9783 0.3134, 0.4318 -0.9808 0.3115, 0.4322 -0.9818 0.3103, 0.4325 -0.9826 0.3091, 0.4327 -0.9833 0.3077, 0.4331 -0.9842 0.3031, 0.433 -0.9841 0.3047, 0.4329 -0.9838 0.3062, 0.4331 0.9843 0.3031, 0.433 0.9842 0.3047, 0.4329 0.9839 0.3062, 0.4327 0.9834 0.3077, 0.4325 0.9827 0.3091, 0.4322 0.9818 0.3103, 0.4318 0.9808 0.3115, 0.431 0.9784 0.3134, 0.43 0.9755 0.3146, 0.4289 0.9725 0.315, 0.6288 -0.8208 0.3134, 0.6278 -0.818 0.3146, 0.6267 -0.8149 0.315, 0.6309 -0.8267 0.3031, 0.6308 -0.8266 0.3047, 0.6307 -0.8263 0.3062, 0.6306 -0.8258 0.3077, 0.6303 -0.8252 0.3091, 0.63 -0.8243 0.3103, 0.6297 -0.8233 0.3115, 0.6309 0.8268 0.3031, 0.6308 0.8267 0.3047, 0.6307 0.8264 0.3062, 0.6306 0.8259 0.3077, 0.6303 0.8252 0.3091, 0.63 0.8244 0.3103, 0.6297 0.8233 0.3115, 0.6288 0.8209 0.3134, 0.6278 0.818 0.3146, 0.6267 0.815 0.315, 0.9783 -0.8208 0.3134, 0.9755 -0.818 0.3146, 0.9724 -0.8149 0.315, 0.9842 -0.8267 0.3031, 0.9841 -0.8266 0.3047, 0.9838 -0.8263 0.3062, 0.9833 -0.8258 0.3077, 0.9826 -0.8252 0.3091, 0.9818 -0.8243 0.3103, 0.9808 -0.8233 0.3115, 0.9808 0.8233 0.3115, 0.9842 0.8268 0.3031, 0.9841 0.8267 0.3047, 0.9838 0.8264 0.3062, 0.9833 0.8259 0.3077, 0.9826 0.8252 0.3091, 0.9818 0.8244 0.3103, 0.9783 0.8209 0.3134, 0.9755 0.818 0.3146, 0.9724 0.815 0.315
            ]
        }
        coordIndex [
            0,1,2,-1,2,1,3,-1,4,5,6,-1,6,5,7,-1,8,9,10,-1,10,9,11,-1,12,13,14,-1,14,13,15,-1,16,17,18,-1,18,17,19,-1,20,21,22,-1,22,21,23,-1,24,25,26,-1,26,25,27,-1,28,29,30,-1,30,29,31,-1,32,33,34,-1,34,33,35,-1,36,37,38,-1,38,37,39,-1,40,41,42,-1,43,44,45,-1,45,44,46,-1,46,44,47,-1,46,47,48,-1,40,42,49,-1,49,42,50,-1,49,50,51,-1,52,53,54,-1,54,53,55,-1,56,57,50,-1,50,57,58,-1,59,60,61,-1,61,60,62,-1,61,62,63,-1,41,40,64,-1,64,40,65,-1,64,65,66,-1,67,68,69,-1,69,68,64,-1,69,64,70,-1,70,64,66,-1,58,71,50,-1,50,71,72,-1,50,72,51,-1,73,74,54,-1,54,74,75,-1,55,76,54,-1,54,76,77,-1,54,77,50,-1,50,77,78,-1,50,78,79,-1,79,80,50,-1,50,80,81,-1,50,81,82,-1,82,83,50,-1,50,83,84,-1,50,84,85,-1,85,86,50,-1,50,86,87,-1,50,87,56,-1,45,88,43,-1,43,88,89,-1,43,89,90,-1,90,89,91,-1,90,91,54,-1,92,93,54,-1,54,93,94,-1,75,95,54,-1,54,95,96,-1,54,96,52,-1,97,98,99,-1,99,98,100,-1,99,100,101,-1,101,100,102,-1,102,103,101,-1,101,103,104,-1,101,104,105,-1,105,106,101,-1,101,106,107,-1,101,107,108,-1,59,109,60,-1,60,109,110,-1,60,110,111,-1,111,112,60,-1,60,112,113,-1,60,113,114,-1,97,99,115,-1,115,99,60,-1,115,60,116,-1,117,118,119,-1,119,118,120,-1,121,122,123,-1,123,122,124,-1,123,124,125,-1,91,126,54,-1,54,126,127,-1,54,127,128,-1,94,129,54,-1,54,129,130,-1,54,130,73,-1,108,131,101,-1,101,131,132,-1,101,132,133,-1,114,134,60,-1,60,134,135,-1,60,135,136,-1,136,137,60,-1,60,137,138,-1,60,138,116,-1,120,139,119,-1,119,139,140,-1,119,140,141,-1,67,142,68,-1,68,142,143,-1,68,143,123,-1,123,143,144,-1,123,144,145,-1,145,146,123,-1,123,146,147,-1,123,147,148,-1,148,149,123,-1,123,149,150,-1,123,150,121,-1,151,152,153,-1,153,152,154,-1,153,154,155,-1,155,156,153,-1,153,156,157,-1,153,157,158,-1,158,159,153,-1,153,159,160,-1,153,160,161,-1,162,163,164,-1,164,163,165,-1,164,165,166,-1,166,165,167,-1,166,167,168,-1,168,167,169,-1,168,169,117,-1,117,169,170,-1,117,170,118,-1,128,171,54,-1,54,171,172,-1,54,172,92,-1,141,173,119,-1,119,173,174,-1,119,174,175,-1,175,176,119,-1,119,176,177,-1,119,177,178,-1,125,179,123,-1,123,179,180,-1,123,180,181,-1,181,182,123,-1,123,182,183,-1,123,183,153,-1,153,183,184,-1,153,184,151,-1,161,185,153,-1,153,185,186,-1,153,186,164,-1,164,186,187,-1,164,187,162,-1,133,188,101,-1,101,188,189,-1,101,189,190,-1,191,192,193,-1,193,192,194,-1,195,196,192,-1,192,196,197,-1,192,197,47,-1,47,197,198,-1,47,198,48,-1,178,199,119,-1,119,199,200,-1,119,200,201,-1,201,202,119,-1,119,202,203,-1,119,203,204,-1,205,206,207,-1,190,208,101,-1,101,208,209,-1,101,209,192,-1,192,209,210,-1,192,210,211,-1,191,212,192,-1,192,212,213,-1,192,213,195,-1,214,215,207,-1,207,215,216,-1,207,216,63,-1,63,216,217,-1,63,217,61,-1,211,218,192,-1,192,218,219,-1,192,219,194,-1,204,220,119,-1,119,220,221,-1,119,221,207,-1,207,221,222,-1,207,222,205,-1,206,223,207,-1,207,223,224,-1,207,224,214,-1,225,226,227,-1,227,226,228,-1,229,230,231,-1,231,230,232,-1,13,12,233,-1,13,233,234,-1,234,233,235,-1,234,235,236,-1,236,235,237,-1,236,237,238,-1,238,237,239,-1,238,239,240,-1,240,239,241,-1,240,241,242,-1,242,241,192,-1,242,192,47,-1,16,243,244,-1,244,243,245,-1,244,245,246,-1,246,245,247,-1,246,247,248,-1,248,247,249,-1,248,249,250,-1,250,249,251,-1,250,251,252,-1,252,251,253,-1,252,253,90,-1,90,253,43,-1,243,254,245,-1,245,254,255,-1,245,255,247,-1,247,255,256,-1,247,256,249,-1,249,256,257,-1,249,257,251,-1,251,257,258,-1,251,258,253,-1,253,258,259,-1,253,259,43,-1,43,259,44,-1,254,13,255,-1,255,13,234,-1,255,234,256,-1,256,234,236,-1,256,236,257,-1,257,236,238,-1,257,238,258,-1,258,238,240,-1,258,240,259,-1,259,240,242,-1,259,242,44,-1,44,242,47,-1,260,261,262,-1,262,261,263,-1,262,263,264,-1,264,263,265,-1,264,265,266,-1,266,265,267,-1,266,267,268,-1,268,267,269,-1,268,269,270,-1,270,269,271,-1,270,271,192,-1,261,9,263,-1,263,9,272,-1,263,272,265,-1,265,272,273,-1,265,273,267,-1,267,273,274,-1,267,274,269,-1,269,274,275,-1,269,275,271,-1,271,275,276,-1,271,276,192,-1,12,260,233,-1,233,260,262,-1,233,262,235,-1,235,262,264,-1,235,264,237,-1,237,264,266,-1,237,266,239,-1,239,266,268,-1,239,268,241,-1,241,268,270,-1,241,270,192,-1,17,16,244,-1,17,244,277,-1,277,244,246,-1,277,246,278,-1,278,246,248,-1,278,248,279,-1,279,248,250,-1,279,250,280,-1,280,250,252,-1,280,252,281,-1,281,252,90,-1,281,90,54,-1,16,18,243,-1,243,18,282,-1,243,282,254,-1,254,282,283,-1,254,283,13,-1,13,283,15,-1,14,15,284,-1,285,286,287,-1,14,284,288,-1,288,284,289,-1,288,289,290,-1,290,289,291,-1,290,291,292,-1,292,291,293,-1,292,293,294,-1,294,293,285,-1,294,285,295,-1,295,285,287,-1,295,287,296,-1,11,9,261,-1,11,261,297,-1,297,261,260,-1,297,260,298,-1,298,260,12,-1,298,12,14,-1,9,8,299,-1,9,299,272,-1,272,299,300,-1,272,300,273,-1,273,300,301,-1,273,301,274,-1,274,301,302,-1,274,302,275,-1,275,302,303,-1,275,303,276,-1,276,303,101,-1,276,101,192,-1,304,17,277,-1,305,306,307,-1,308,309,310,-1,311,312,313,-1,314,315,316,-1,317,318,319,-1,318,314,319,-1,319,314,316,-1,319,316,320,-1,320,316,321,-1,320,321,322,-1,322,321,323,-1,322,323,324,-1,324,323,325,-1,324,325,326,-1,326,325,327,-1,326,327,54,-1,315,311,316,-1,316,311,313,-1,316,313,321,-1,321,313,328,-1,321,328,323,-1,323,328,329,-1,323,329,325,-1,325,329,330,-1,325,330,327,-1,327,330,331,-1,327,331,54,-1,225,317,332,-1,332,317,319,-1,332,319,333,-1,333,319,320,-1,333,320,334,-1,334,320,322,-1,334,322,335,-1,335,322,324,-1,335,324,336,-1,336,324,326,-1,336,326,54,-1,309,305,310,-1,310,305,307,-1,310,307,337,-1,337,307,338,-1,337,338,339,-1,339,338,340,-1,339,340,341,-1,341,340,342,-1,341,342,343,-1,343,342,344,-1,343,344,54,-1,306,304,307,-1,307,304,277,-1,307,277,338,-1,338,277,278,-1,338,278,340,-1,340,278,279,-1,340,279,342,-1,342,279,280,-1,342,280,344,-1,344,280,281,-1,344,281,54,-1,312,308,313,-1,313,308,310,-1,313,310,328,-1,328,310,337,-1,328,337,329,-1,329,337,339,-1,329,339,330,-1,330,339,341,-1,330,341,331,-1,331,341,343,-1,331,343,54,-1,345,346,347,-1,347,346,348,-1,347,348,349,-1,349,348,350,-1,349,350,351,-1,351,350,352,-1,351,352,353,-1,353,352,354,-1,353,354,355,-1,355,354,356,-1,355,356,18,-1,18,356,282,-1,346,357,348,-1,348,357,358,-1,348,358,350,-1,350,358,359,-1,350,359,352,-1,352,359,360,-1,352,360,354,-1,354,360,361,-1,354,361,356,-1,356,361,362,-1,356,362,282,-1,282,362,283,-1,357,286,358,-1,358,286,285,-1,358,285,359,-1,359,285,293,-1,359,293,360,-1,360,293,291,-1,360,291,361,-1,361,291,289,-1,361,289,362,-1,362,289,284,-1,362,284,283,-1,283,284,15,-1,298,14,363,-1,363,14,288,-1,363,288,364,-1,364,288,290,-1,364,290,365,-1,365,290,292,-1,365,292,366,-1,366,292,294,-1,366,294,367,-1,367,368,366,-1,366,368,369,-1,366,369,365,-1,365,369,370,-1,365,370,364,-1,364,370,371,-1,364,371,363,-1,363,371,372,-1,363,372,298,-1,298,372,297,-1,11,297,373,-1,373,297,372,-1,373,372,374,-1,374,372,371,-1,374,371,375,-1,375,371,370,-1,375,370,376,-1,376,370,369,-1,376,369,377,-1,377,369,368,-1,377,368,296,-1,367,296,368,-1,294,295,367,-1,367,295,296,-1,378,379,380,-1,380,379,381,-1,380,381,382,-1,382,381,383,-1,382,383,384,-1,384,383,385,-1,384,385,386,-1,386,385,387,-1,386,387,388,-1,388,387,389,-1,388,389,101,-1,379,5,381,-1,381,5,390,-1,381,390,383,-1,383,390,391,-1,383,391,385,-1,385,391,392,-1,385,392,387,-1,387,392,393,-1,387,393,389,-1,389,393,394,-1,389,394,101,-1,8,378,299,-1,299,378,380,-1,299,380,300,-1,300,380,382,-1,300,382,301,-1,301,382,384,-1,301,384,302,-1,302,384,386,-1,302,386,303,-1,303,386,388,-1,303,388,101,-1,226,225,332,-1,226,332,395,-1,395,332,333,-1,395,333,396,-1,396,333,334,-1,396,334,397,-1,397,334,335,-1,397,335,398,-1,398,335,336,-1,398,336,399,-1,399,336,54,-1,399,54,50,-1,17,304,19,-1,19,304,400,-1,400,304,401,-1,401,304,306,-1,401,306,402,-1,402,306,305,-1,402,305,403,-1,403,305,309,-1,403,309,404,-1,404,309,308,-1,404,308,405,-1,405,308,312,-1,405,312,406,-1,406,312,311,-1,406,311,407,-1,407,311,315,-1,407,315,408,-1,408,315,314,-1,408,314,409,-1,409,314,318,-1,409,318,410,-1,318,317,410,-1,410,317,225,-1,410,225,227,-1,18,19,411,-1,18,411,355,-1,355,411,412,-1,355,412,353,-1,353,412,413,-1,353,413,351,-1,351,413,414,-1,351,414,349,-1,349,414,415,-1,349,415,347,-1,347,415,416,-1,347,416,345,-1,10,11,373,-1,10,373,417,-1,417,373,374,-1,417,374,418,-1,418,374,375,-1,418,375,419,-1,419,375,376,-1,419,376,420,-1,420,376,377,-1,420,377,421,-1,377,296,422,-1,423,424,421,-1,377,422,421,-1,421,422,425,-1,421,425,423,-1,424,426,421,-1,421,426,427,-1,421,427,428,-1,428,429,421,-1,421,429,430,-1,421,430,431,-1,7,5,379,-1,7,379,432,-1,432,379,378,-1,432,378,433,-1,433,378,8,-1,433,8,10,-1,5,4,434,-1,5,434,390,-1,390,434,435,-1,390,435,391,-1,391,435,436,-1,391,436,392,-1,392,436,437,-1,392,437,393,-1,393,437,438,-1,393,438,394,-1,394,438,99,-1,394,99,101,-1,439,440,441,-1,441,440,442,-1,441,442,443,-1,443,442,444,-1,443,444,445,-1,445,444,446,-1,445,446,447,-1,447,446,448,-1,447,448,449,-1,449,448,450,-1,449,450,50,-1,440,451,442,-1,442,451,452,-1,442,452,444,-1,444,452,453,-1,444,453,446,-1,446,453,454,-1,446,454,448,-1,448,454,455,-1,448,455,450,-1,450,455,456,-1,450,456,50,-1,23,439,457,-1,457,439,441,-1,457,441,458,-1,458,441,443,-1,458,443,459,-1,459,443,445,-1,459,445,460,-1,460,445,447,-1,460,447,461,-1,461,447,449,-1,461,449,50,-1,462,463,464,-1,464,463,465,-1,464,465,466,-1,466,465,467,-1,466,467,468,-1,468,467,469,-1,468,469,470,-1,470,469,471,-1,470,471,472,-1,472,471,473,-1,472,473,50,-1,463,226,465,-1,465,226,395,-1,465,395,467,-1,467,395,396,-1,467,396,469,-1,469,396,397,-1,469,397,471,-1,471,397,398,-1,471,398,473,-1,473,398,399,-1,473,399,50,-1,451,462,452,-1,452,462,464,-1,452,464,453,-1,453,464,466,-1,453,466,454,-1,454,466,468,-1,454,468,455,-1,455,468,470,-1,455,470,456,-1,456,470,472,-1,456,472,50,-1,400,401,474,-1,402,403,475,-1,404,405,476,-1,406,407,477,-1,408,409,478,-1,410,227,479,-1,409,410,478,-1,478,410,479,-1,478,479,480,-1,480,479,481,-1,480,481,482,-1,482,481,483,-1,482,483,484,-1,484,483,485,-1,484,485,486,-1,486,485,487,-1,486,487,416,-1,407,408,477,-1,477,408,478,-1,477,478,488,-1,488,478,480,-1,488,480,489,-1,489,480,482,-1,489,482,490,-1,490,482,484,-1,490,484,491,-1,491,484,486,-1,491,486,416,-1,405,406,476,-1,476,406,477,-1,476,477,492,-1,492,477,488,-1,492,488,493,-1,493,488,489,-1,493,489,494,-1,494,489,490,-1,494,490,495,-1,495,490,491,-1,495,491,416,-1,403,404,475,-1,475,404,476,-1,475,476,496,-1,496,476,492,-1,496,492,497,-1,497,492,493,-1,497,493,498,-1,498,493,494,-1,498,494,499,-1,499,494,495,-1,499,495,416,-1,401,402,474,-1,474,402,475,-1,474,475,500,-1,500,475,496,-1,500,496,501,-1,501,496,497,-1,501,497,502,-1,502,497,498,-1,502,498,503,-1,503,498,499,-1,503,499,416,-1,19,400,411,-1,411,400,474,-1,411,474,412,-1,412,474,500,-1,412,500,413,-1,413,500,501,-1,413,501,414,-1,414,501,502,-1,414,502,415,-1,415,502,503,-1,415,503,416,-1,433,10,504,-1,504,10,417,-1,504,417,505,-1,505,417,418,-1,505,418,506,-1,506,418,419,-1,506,419,507,-1,507,419,420,-1,507,420,508,-1,508,509,507,-1,507,509,510,-1,507,510,506,-1,506,510,511,-1,506,511,505,-1,505,511,512,-1,505,512,504,-1,504,512,513,-1,504,513,433,-1,433,513,432,-1,7,432,514,-1,514,432,513,-1,514,513,515,-1,515,513,512,-1,515,512,516,-1,516,512,511,-1,516,511,517,-1,517,511,510,-1,517,510,518,-1,518,510,509,-1,518,509,431,-1,508,431,509,-1,420,421,508,-1,508,421,431,-1,4,519,434,-1,434,519,520,-1,434,520,435,-1,435,520,521,-1,435,521,436,-1,436,521,522,-1,436,522,437,-1,437,522,523,-1,437,523,438,-1,438,523,524,-1,438,524,99,-1,99,524,60,-1,519,525,520,-1,520,525,526,-1,520,526,521,-1,521,526,527,-1,521,527,522,-1,522,527,528,-1,522,528,523,-1,523,528,529,-1,523,529,524,-1,524,529,530,-1,524,530,60,-1,60,530,62,-1,525,1,526,-1,526,1,531,-1,526,531,527,-1,527,531,532,-1,527,532,528,-1,528,532,533,-1,528,533,529,-1,529,533,534,-1,529,534,530,-1,530,534,535,-1,530,535,62,-1,62,535,63,-1,22,23,457,-1,22,457,536,-1,536,457,458,-1,536,458,537,-1,537,458,459,-1,537,459,538,-1,538,459,460,-1,538,460,539,-1,539,460,461,-1,539,461,540,-1,540,461,50,-1,540,50,42,-1,228,226,463,-1,228,463,541,-1,541,463,462,-1,541,462,542,-1,542,462,451,-1,542,451,543,-1,543,451,440,-1,543,440,544,-1,544,440,439,-1,544,439,545,-1,545,439,23,-1,545,23,21,-1,227,228,546,-1,227,546,479,-1,479,546,547,-1,479,547,481,-1,481,547,548,-1,481,548,483,-1,483,548,549,-1,483,549,485,-1,485,549,550,-1,485,550,487,-1,550,551,552,-1,552,553,550,-1,550,553,554,-1,550,554,555,-1,555,556,550,-1,550,556,416,-1,550,416,487,-1,6,7,514,-1,6,514,557,-1,557,514,515,-1,557,515,558,-1,558,515,516,-1,558,516,559,-1,559,516,517,-1,559,517,560,-1,560,517,518,-1,560,518,561,-1,561,518,431,-1,561,431,562,-1,4,6,519,-1,519,6,563,-1,519,563,525,-1,525,563,564,-1,525,564,1,-1,1,564,3,-1,1,0,565,-1,1,565,531,-1,531,565,566,-1,531,566,532,-1,532,566,567,-1,532,567,533,-1,533,567,568,-1,533,568,534,-1,534,568,569,-1,534,569,535,-1,535,569,207,-1,535,207,63,-1,24,570,571,-1,571,570,572,-1,571,572,573,-1,573,572,574,-1,573,574,575,-1,575,574,576,-1,575,576,577,-1,577,576,578,-1,577,578,579,-1,579,578,580,-1,579,580,68,-1,68,580,64,-1,570,581,572,-1,572,581,582,-1,572,582,574,-1,574,582,583,-1,574,583,576,-1,576,583,584,-1,576,584,578,-1,578,584,585,-1,578,585,580,-1,580,585,586,-1,580,586,64,-1,64,586,41,-1,581,22,582,-1,582,22,536,-1,582,536,583,-1,583,536,537,-1,583,537,584,-1,584,537,538,-1,584,538,585,-1,585,538,539,-1,585,539,586,-1,586,539,540,-1,586,540,41,-1,41,540,42,-1,21,587,588,-1,589,590,591,-1,551,550,592,-1,591,590,551,-1,593,551,590,-1,593,590,594,-1,594,590,589,-1,594,589,595,-1,596,551,593,-1,597,598,599,-1,599,598,592,-1,599,592,600,-1,600,592,550,-1,600,550,549,-1,596,593,601,-1,601,593,594,-1,601,594,602,-1,602,594,595,-1,602,595,603,-1,604,597,605,-1,605,597,599,-1,605,599,606,-1,606,599,600,-1,606,600,607,-1,607,600,549,-1,607,549,548,-1,608,604,609,-1,609,604,605,-1,609,605,610,-1,610,605,606,-1,610,606,611,-1,611,606,607,-1,611,607,612,-1,612,607,548,-1,612,548,547,-1,587,608,588,-1,588,608,609,-1,588,609,613,-1,613,609,610,-1,613,610,614,-1,614,610,611,-1,614,611,615,-1,615,611,612,-1,615,612,616,-1,616,612,547,-1,616,547,546,-1,21,588,545,-1,545,588,613,-1,545,613,544,-1,544,613,614,-1,544,614,543,-1,543,614,615,-1,543,615,542,-1,542,615,616,-1,542,616,541,-1,541,616,546,-1,541,546,228,-1,598,551,592,-1,587,603,608,-1,608,603,595,-1,608,595,604,-1,604,595,589,-1,604,589,597,-1,597,589,591,-1,597,591,598,-1,598,591,551,-1,562,617,561,-1,561,617,618,-1,561,618,560,-1,560,618,619,-1,560,619,559,-1,559,619,620,-1,559,620,558,-1,558,620,621,-1,558,621,557,-1,557,621,622,-1,557,622,6,-1,6,622,563,-1,617,623,618,-1,618,623,624,-1,618,624,619,-1,619,624,625,-1,619,625,620,-1,620,625,626,-1,620,626,621,-1,621,626,627,-1,621,627,622,-1,622,627,628,-1,622,628,563,-1,563,628,564,-1,623,629,624,-1,624,629,630,-1,624,630,625,-1,625,630,631,-1,625,631,626,-1,626,631,632,-1,626,632,627,-1,627,632,633,-1,627,633,628,-1,628,633,634,-1,628,634,564,-1,564,634,3,-1,635,207,636,-1,231,637,638,-1,638,637,639,-1,637,640,639,-1,639,640,641,-1,639,641,642,-1,641,643,642,-1,642,643,644,-1,642,644,645,-1,644,646,645,-1,645,646,647,-1,645,647,648,-1,649,650,651,-1,651,650,652,-1,651,652,653,-1,653,652,654,-1,653,654,655,-1,655,654,656,-1,655,656,657,-1,657,656,658,-1,657,658,659,-1,659,658,660,-1,659,660,207,-1,650,661,652,-1,652,661,662,-1,652,662,654,-1,654,662,663,-1,654,663,656,-1,656,663,664,-1,656,664,658,-1,658,664,665,-1,658,665,660,-1,660,665,666,-1,660,666,207,-1,0,649,565,-1,565,649,651,-1,565,651,566,-1,566,651,653,-1,566,653,567,-1,567,653,655,-1,567,655,568,-1,568,655,657,-1,568,657,569,-1,569,657,659,-1,569,659,207,-1,667,638,668,-1,668,638,639,-1,668,639,669,-1,669,639,642,-1,669,642,670,-1,670,642,645,-1,670,645,671,-1,671,645,648,-1,671,648,672,-1,672,648,636,-1,672,636,207,-1,647,673,648,-1,648,673,674,-1,648,674,636,-1,636,674,675,-1,636,675,635,-1,661,667,662,-1,662,667,668,-1,662,668,663,-1,663,668,669,-1,663,669,664,-1,664,669,670,-1,664,670,665,-1,665,670,671,-1,665,671,666,-1,666,671,672,-1,666,672,207,-1,25,24,571,-1,25,571,676,-1,676,571,573,-1,676,573,677,-1,677,573,575,-1,677,575,678,-1,678,575,577,-1,678,577,679,-1,679,577,579,-1,679,579,680,-1,680,579,68,-1,680,68,123,-1,24,26,570,-1,570,26,681,-1,570,681,581,-1,581,681,682,-1,581,682,22,-1,22,682,20,-1,21,20,683,-1,21,683,587,-1,587,683,684,-1,587,684,603,-1,603,684,685,-1,603,685,602,-1,602,685,686,-1,602,686,601,-1,601,686,687,-1,601,687,596,-1,596,687,688,-1,596,688,551,-1,2,3,634,-1,2,634,689,-1,689,634,633,-1,689,633,690,-1,690,633,632,-1,690,632,691,-1,691,632,631,-1,691,631,692,-1,692,631,630,-1,692,630,693,-1,693,630,629,-1,693,629,694,-1,229,231,638,-1,229,638,695,-1,695,638,667,-1,695,667,696,-1,696,667,661,-1,696,661,697,-1,697,661,650,-1,697,650,698,-1,698,650,649,-1,698,649,699,-1,699,649,0,-1,699,0,2,-1,232,700,231,-1,231,700,637,-1,637,700,640,-1,640,700,701,-1,640,701,641,-1,641,701,702,-1,641,702,643,-1,643,702,703,-1,643,703,644,-1,644,703,704,-1,644,704,646,-1,646,704,705,-1,646,705,647,-1,647,705,706,-1,647,706,673,-1,673,706,707,-1,673,707,674,-1,674,707,708,-1,674,708,675,-1,675,708,709,-1,675,709,635,-1,709,710,635,-1,635,710,119,-1,635,119,207,-1,711,712,713,-1,713,712,714,-1,713,714,715,-1,715,714,716,-1,715,716,717,-1,717,716,718,-1,717,718,719,-1,719,718,720,-1,719,720,721,-1,721,720,722,-1,721,722,123,-1,712,25,714,-1,714,25,676,-1,714,676,716,-1,716,676,677,-1,716,677,718,-1,718,677,678,-1,718,678,720,-1,720,678,679,-1,720,679,722,-1,722,679,680,-1,722,680,123,-1,28,711,723,-1,723,711,713,-1,723,713,724,-1,724,713,715,-1,724,715,725,-1,725,715,717,-1,725,717,726,-1,726,717,719,-1,726,719,727,-1,727,719,721,-1,727,721,123,-1,728,729,730,-1,730,729,731,-1,730,731,732,-1,732,731,733,-1,732,733,734,-1,734,733,735,-1,734,735,736,-1,736,735,737,-1,736,737,738,-1,738,737,739,-1,738,739,26,-1,26,739,681,-1,729,740,731,-1,731,740,741,-1,731,741,733,-1,733,741,742,-1,733,742,735,-1,735,742,743,-1,735,743,737,-1,737,743,744,-1,737,744,739,-1,739,744,745,-1,739,745,681,-1,681,745,682,-1,740,688,741,-1,741,688,687,-1,741,687,742,-1,742,687,686,-1,742,686,743,-1,743,686,685,-1,743,685,744,-1,744,685,684,-1,744,684,745,-1,745,684,683,-1,745,683,682,-1,682,683,20,-1,2,689,746,-1,747,748,749,-1,694,750,751,-1,749,748,694,-1,752,694,748,-1,752,748,753,-1,753,748,747,-1,753,747,754,-1,693,694,752,-1,755,756,757,-1,757,756,751,-1,757,751,758,-1,758,751,750,-1,758,750,759,-1,693,752,692,-1,692,752,753,-1,692,753,691,-1,691,753,754,-1,691,754,690,-1,760,755,761,-1,761,755,757,-1,761,757,762,-1,762,757,758,-1,762,758,763,-1,763,758,759,-1,763,759,764,-1,765,760,766,-1,766,760,761,-1,766,761,767,-1,767,761,762,-1,767,762,768,-1,768,762,763,-1,768,763,769,-1,769,763,764,-1,769,764,770,-1,689,765,746,-1,746,765,766,-1,746,766,771,-1,771,766,767,-1,771,767,772,-1,772,767,768,-1,772,768,773,-1,773,768,769,-1,773,769,774,-1,774,769,770,-1,774,770,775,-1,2,746,699,-1,699,746,771,-1,699,771,698,-1,698,771,772,-1,698,772,697,-1,697,772,773,-1,697,773,696,-1,696,773,774,-1,696,774,695,-1,695,774,775,-1,695,775,229,-1,756,694,751,-1,689,690,765,-1,765,690,754,-1,765,754,760,-1,760,754,747,-1,760,747,755,-1,755,747,749,-1,755,749,756,-1,756,749,694,-1,776,777,119,-1,778,779,37,-1,780,781,779,-1,782,783,784,-1,232,785,700,-1,700,785,786,-1,700,786,701,-1,787,783,788,-1,788,783,782,-1,788,782,789,-1,701,786,702,-1,702,786,790,-1,702,790,703,-1,785,787,786,-1,786,787,788,-1,786,788,790,-1,790,788,789,-1,790,789,791,-1,792,793,794,-1,794,795,796,-1,708,707,797,-1,797,707,791,-1,797,791,798,-1,798,791,789,-1,798,789,799,-1,799,789,782,-1,799,782,800,-1,800,782,784,-1,800,784,781,-1,707,706,791,-1,791,706,705,-1,791,705,790,-1,790,705,704,-1,790,704,703,-1,796,801,802,-1,781,780,800,-1,800,780,803,-1,800,803,799,-1,799,803,804,-1,799,804,798,-1,798,804,805,-1,798,805,797,-1,797,805,806,-1,797,806,708,-1,777,776,802,-1,802,801,777,-1,777,801,807,-1,777,807,119,-1,796,795,801,-1,801,795,808,-1,801,808,807,-1,807,808,809,-1,807,809,119,-1,794,793,795,-1,795,793,810,-1,795,810,808,-1,808,810,811,-1,808,811,809,-1,809,811,812,-1,809,812,119,-1,119,710,806,-1,806,710,709,-1,806,709,708,-1,779,778,780,-1,780,778,813,-1,780,813,803,-1,803,813,814,-1,803,814,804,-1,804,814,815,-1,804,815,805,-1,805,815,816,-1,805,816,806,-1,806,816,119,-1,37,792,778,-1,778,792,794,-1,778,794,813,-1,813,794,796,-1,813,796,814,-1,814,796,802,-1,814,802,815,-1,815,802,776,-1,815,776,816,-1,816,776,119,-1,29,28,723,-1,29,723,817,-1,817,723,724,-1,817,724,818,-1,818,724,725,-1,818,725,819,-1,819,725,726,-1,819,726,820,-1,820,726,727,-1,820,727,821,-1,821,727,123,-1,821,123,153,-1,27,25,712,-1,27,712,822,-1,822,712,711,-1,822,711,823,-1,823,711,28,-1,823,28,30,-1,824,728,730,-1,825,732,826,-1,826,732,734,-1,826,734,827,-1,827,734,736,-1,827,736,828,-1,828,736,738,-1,828,738,829,-1,829,738,26,-1,829,26,27,-1,830,824,825,-1,825,824,730,-1,825,730,732,-1,230,229,775,-1,230,775,831,-1,831,775,770,-1,831,770,832,-1,832,770,764,-1,832,764,833,-1,833,764,759,-1,833,759,834,-1,834,759,750,-1,834,750,835,-1,750,694,836,-1,750,836,835,-1,835,836,837,-1,835,837,838,-1,838,839,835,-1,835,839,840,-1,835,840,841,-1,37,779,39,-1,39,779,842,-1,842,779,843,-1,843,779,781,-1,843,781,844,-1,844,781,845,-1,845,781,784,-1,845,784,846,-1,846,784,847,-1,847,784,783,-1,847,783,848,-1,849,850,787,-1,787,850,851,-1,787,851,783,-1,783,851,852,-1,783,852,848,-1,787,785,849,-1,849,785,232,-1,849,232,230,-1,37,36,853,-1,37,853,792,-1,792,853,854,-1,792,854,793,-1,793,854,855,-1,793,855,810,-1,810,855,856,-1,810,856,811,-1,811,856,857,-1,811,857,812,-1,812,857,117,-1,812,117,119,-1,33,32,858,-1,33,858,859,-1,859,858,860,-1,859,860,861,-1,861,860,862,-1,861,862,863,-1,863,862,864,-1,863,864,865,-1,865,864,866,-1,865,866,867,-1,867,866,153,-1,867,153,164,-1,868,869,870,-1,870,869,871,-1,870,871,872,-1,872,871,873,-1,872,873,874,-1,874,873,875,-1,874,875,876,-1,876,875,877,-1,876,877,878,-1,878,877,879,-1,878,879,153,-1,869,29,871,-1,871,29,817,-1,871,817,873,-1,873,817,818,-1,873,818,875,-1,875,818,819,-1,875,819,877,-1,877,819,820,-1,877,820,879,-1,879,820,821,-1,879,821,153,-1,32,868,858,-1,858,868,870,-1,858,870,860,-1,860,870,872,-1,860,872,862,-1,862,872,874,-1,862,874,864,-1,864,874,876,-1,864,876,866,-1,866,876,878,-1,866,878,153,-1,823,30,880,-1,880,30,881,-1,880,881,882,-1,882,881,883,-1,882,883,884,-1,884,883,885,-1,884,885,886,-1,886,885,887,-1,886,887,888,-1,888,889,886,-1,886,889,890,-1,886,890,884,-1,884,890,891,-1,884,891,882,-1,882,891,892,-1,882,892,880,-1,880,892,893,-1,880,893,823,-1,823,893,822,-1,27,822,829,-1,829,822,893,-1,829,893,828,-1,828,893,892,-1,828,892,827,-1,827,892,891,-1,827,891,826,-1,826,891,890,-1,826,890,825,-1,825,890,889,-1,825,889,830,-1,888,830,889,-1,887,894,888,-1,888,894,830,-1,842,843,895,-1,844,845,896,-1,846,847,897,-1,848,852,898,-1,851,850,899,-1,849,230,831,-1,850,849,899,-1,899,849,831,-1,899,831,900,-1,900,831,832,-1,900,832,901,-1,901,832,833,-1,901,833,902,-1,902,833,834,-1,902,834,903,-1,903,834,835,-1,903,835,841,-1,852,851,898,-1,898,851,899,-1,898,899,904,-1,904,899,900,-1,904,900,905,-1,905,900,901,-1,905,901,906,-1,906,901,902,-1,906,902,907,-1,907,902,903,-1,907,903,841,-1,847,848,897,-1,897,848,898,-1,897,898,908,-1,908,898,904,-1,908,904,909,-1,909,904,905,-1,909,905,910,-1,910,905,906,-1,910,906,911,-1,911,906,907,-1,911,907,841,-1,845,846,896,-1,896,846,897,-1,896,897,912,-1,912,897,908,-1,912,908,913,-1,913,908,909,-1,913,909,914,-1,914,909,910,-1,914,910,915,-1,915,910,911,-1,915,911,841,-1,843,844,895,-1,895,844,896,-1,895,896,916,-1,916,896,912,-1,916,912,917,-1,917,912,913,-1,917,913,918,-1,918,913,914,-1,918,914,919,-1,919,914,915,-1,919,915,841,-1,39,842,920,-1,920,842,895,-1,920,895,921,-1,921,895,916,-1,921,916,922,-1,922,916,917,-1,922,917,923,-1,923,917,918,-1,923,918,924,-1,924,918,919,-1,924,919,841,-1,36,925,853,-1,853,925,926,-1,853,926,854,-1,854,926,927,-1,854,927,855,-1,855,927,928,-1,855,928,856,-1,856,928,929,-1,856,929,857,-1,857,929,930,-1,857,930,117,-1,117,930,168,-1,925,931,926,-1,926,931,932,-1,926,932,927,-1,927,932,933,-1,927,933,928,-1,928,933,934,-1,928,934,929,-1,929,934,935,-1,929,935,930,-1,930,935,936,-1,930,936,168,-1,168,936,166,-1,931,33,932,-1,932,33,859,-1,932,859,933,-1,933,859,861,-1,933,861,934,-1,934,861,863,-1,934,863,935,-1,935,863,865,-1,935,865,936,-1,936,865,867,-1,936,867,166,-1,166,867,164,-1,31,29,869,-1,31,869,937,-1,937,869,868,-1,937,868,938,-1,938,868,32,-1,938,32,34,-1,30,31,939,-1,30,939,881,-1,881,939,940,-1,881,940,883,-1,883,940,941,-1,883,941,885,-1,885,941,942,-1,885,942,887,-1,887,942,943,-1,887,943,894,-1,944,945,943,-1,943,945,946,-1,943,946,947,-1,947,948,943,-1,943,948,949,-1,943,949,950,-1,950,951,943,-1,943,951,952,-1,943,952,894,-1,894,952,953,-1,894,953,830,-1,38,39,920,-1,38,920,954,-1,954,920,921,-1,954,921,955,-1,955,921,922,-1,955,922,956,-1,956,922,923,-1,956,923,957,-1,957,923,924,-1,957,924,958,-1,958,924,841,-1,958,841,959,-1,36,38,925,-1,925,38,960,-1,925,960,931,-1,931,960,961,-1,931,961,33,-1,33,961,35,-1,938,34,962,-1,962,34,963,-1,962,963,964,-1,964,963,965,-1,964,965,966,-1,966,965,967,-1,966,967,968,-1,968,967,969,-1,968,969,970,-1,970,971,968,-1,968,971,972,-1,968,972,966,-1,966,972,973,-1,966,973,964,-1,964,973,974,-1,964,974,962,-1,962,974,975,-1,962,975,938,-1,938,975,937,-1,31,937,939,-1,939,937,975,-1,939,975,940,-1,940,975,974,-1,940,974,941,-1,941,974,973,-1,941,973,942,-1,942,973,972,-1,942,972,943,-1,943,972,971,-1,943,971,944,-1,970,944,971,-1,969,976,970,-1,970,976,944,-1,959,977,958,-1,958,977,978,-1,958,978,957,-1,957,978,979,-1,957,979,956,-1,956,979,980,-1,956,980,955,-1,955,980,981,-1,955,981,954,-1,954,981,982,-1,954,982,38,-1,38,982,960,-1,977,983,978,-1,978,983,984,-1,978,984,979,-1,979,984,985,-1,979,985,980,-1,980,985,986,-1,980,986,981,-1,981,986,987,-1,981,987,982,-1,982,987,988,-1,982,988,960,-1,960,988,961,-1,983,989,984,-1,984,989,990,-1,984,990,985,-1,985,990,991,-1,985,991,986,-1,986,991,992,-1,986,992,987,-1,987,992,993,-1,987,993,988,-1,988,993,994,-1,988,994,961,-1,961,994,35,-1,34,35,994,-1,34,994,963,-1,963,994,993,-1,963,993,965,-1,965,993,992,-1,965,992,967,-1,967,992,991,-1,967,991,969,-1,969,991,990,-1,969,990,976,-1,976,990,989,-1,976,989,944,-1,995,996,997,-1,997,996,998,-1,997,998,999,-1,999,998,1000,-1,999,1000,1001,-1,1001,1000,1002,-1,1001,1002,1003,-1,1004,1005,1006,-1,1006,1005,1007,-1,1006,1007,1008,-1,1008,1007,995,-1,1008,995,1009,-1,1009,995,997,-1,1010,1011,1012,-1,1012,1011,1013,-1,1012,1013,1004,-1,1004,1013,1014,-1,1004,1014,1005,-1,996,1015,998,-1,998,1015,1016,-1,998,1016,1000,-1,1000,1016,1017,-1,1000,1017,1002,-1,1018,1019,996,-1,996,1019,1020,-1,996,1020,1015,-1,1011,1021,1013,-1,1013,1021,1022,-1,1013,1022,1014,-1,1014,1022,1023,-1,1014,1023,1005,-1,1005,1023,1024,-1,1005,1024,1007,-1,1007,1024,1018,-1,1007,1018,995,-1,995,1018,996,-1,1025,1010,1026,-1,1026,1010,1012,-1,1026,1012,1027,-1,1027,1012,1004,-1,1027,1004,1028,-1,1028,1004,1006,-1,1028,1006,1029,-1,1029,1006,1008,-1,1029,1008,1030,-1,1030,1008,1009,-1,1030,1009,1031,-1,1009,997,1031,-1,1031,997,999,-1,1031,999,1032,-1,1032,999,1001,-1,1032,1001,1033,-1,1033,1001,1003,-1,1033,1003,1034,-1,1035,1017,1016,-1,1035,1016,1036,-1,1036,1016,1015,-1,1036,1015,1037,-1,1037,1015,1020,-1,1037,1020,1038,-1,1038,1020,1019,-1,1038,1019,1039,-1,1039,1019,1018,-1,1039,1018,1040,-1,1040,1018,1024,-1,1040,1024,1041,-1,1041,1024,1023,-1,1041,1023,1042,-1,1042,1023,1022,-1,1042,1022,1043,-1,1043,1022,1021,-1,1043,1021,1044,-1,1045,1025,1046,-1,1046,1025,1026,-1,1046,1026,1047,-1,1047,1026,1027,-1,1047,1027,1048,-1,1048,1027,1028,-1,1048,1028,1049,-1,1049,1028,1029,-1,1049,1029,1050,-1,1050,1029,1030,-1,1050,1030,1051,-1,1030,1031,1051,-1,1051,1031,1032,-1,1051,1032,1052,-1,1052,1032,1033,-1,1052,1033,1053,-1,1053,1033,1034,-1,1053,1034,1054,-1,1055,1035,1036,-1,1055,1036,1056,-1,1056,1036,1037,-1,1056,1037,1057,-1,1057,1037,1038,-1,1057,1038,1058,-1,1058,1038,1059,-1,1059,1038,1039,-1,1059,1039,1060,-1,1042,1061,1041,-1,1041,1061,1060,-1,1041,1060,1040,-1,1040,1060,1039,-1,1044,1062,1043,-1,1043,1062,1063,-1,1043,1063,1042,-1,1042,1063,1064,-1,1042,1064,1061,-1,1065,1045,1046,-1,1065,1046,1066,-1,1066,1046,1047,-1,1066,1047,1067,-1,1067,1047,1048,-1,1067,1048,1068,-1,1068,1048,1049,-1,1068,1049,1069,-1,1069,1049,1070,-1,1070,1049,1050,-1,1070,1050,1071,-1,1050,1051,1071,-1,1071,1051,1052,-1,1071,1052,1072,-1,1072,1052,1053,-1,1072,1053,1073,-1,1073,1053,1054,-1,1073,1054,1074,-1,1058,1075,1057,-1,1057,1075,1076,-1,1057,1076,1056,-1,1056,1076,1077,-1,1056,1077,1055,-1,1062,1078,1063,-1,1063,1078,1079,-1,1063,1079,1064,-1,1064,1079,1080,-1,1064,1080,1061,-1,1061,1080,1081,-1,1061,1081,1060,-1,1060,1081,1082,-1,1060,1082,1059,-1,1059,1082,1083,-1,1059,1083,1058,-1,1058,1083,1084,-1,1058,1084,1075,-1,1085,1065,1066,-1,1085,1066,1086,-1,1086,1066,1067,-1,1086,1067,1087,-1,1087,1067,1068,-1,1087,1068,1088,-1,1088,1068,1069,-1,1088,1069,1089,-1,1089,1069,1070,-1,1089,1070,1090,-1,1090,1070,1071,-1,1090,1071,1091,-1,1091,1071,1072,-1,1091,1072,1092,-1,1092,1072,1073,-1,1092,1073,1093,-1,1093,1073,1074,-1,1093,1074,1094,-1,1084,1095,1075,-1,1075,1095,1096,-1,1075,1096,1076,-1,1076,1096,1097,-1,1076,1097,1077,-1,1078,1098,1079,-1,1079,1098,1099,-1,1079,1099,1080,-1,1080,1099,1100,-1,1080,1100,1081,-1,1081,1100,1101,-1,1081,1101,1082,-1,1082,1101,1102,-1,1082,1102,1083,-1,1083,1102,1103,-1,1083,1103,1084,-1,1084,1103,1104,-1,1084,1104,1095,-1,1089,1090,1105,-1,1106,1085,1107,-1,1107,1085,1086,-1,1107,1086,1108,-1,1108,1086,1087,-1,1108,1087,1109,-1,1109,1087,1088,-1,1109,1088,1110,-1,1110,1088,1089,-1,1110,1089,1111,-1,1111,1089,1105,-1,1090,1091,1105,-1,1105,1091,1092,-1,1105,1092,1112,-1,1112,1092,1093,-1,1112,1093,1113,-1,1113,1093,1094,-1,1113,1094,1114,-1,1111,1105,1104,-1,1104,1105,1112,-1,1104,1112,1095,-1,1095,1112,1113,-1,1095,1113,1096,-1,1096,1113,1114,-1,1096,1114,1097,-1,1100,1109,1101,-1,1101,1109,1110,-1,1101,1110,1102,-1,1102,1110,1111,-1,1102,1111,1103,-1,1103,1111,1104,-1,1098,1106,1099,-1,1099,1106,1107,-1,1099,1107,1100,-1,1100,1107,1108,-1,1100,1108,1109,-1,
        ]
    }
}
Shape{
    appearance Appearance {
        material  Material 	{
            diffuseColor 0.0 0.0 0.0
            specularColor 0.0 0.0 0.0
            ambientIntensity 0.0
            transparency 0.0
            shininess 0.5
        }
    }
    geometry IndexedFaceSet {
        ccw TRUE
        solid FALSE
        coord DEF co Coordinate {
            point [
                0.0821 -0.5425 1.5787, 0.0821 -0.5504 1.5787, 0.0821 -0.5425 1.5748, 0.0821 -0.5504 1.5748, 0.0545 -0.5425 1.5787, 0.0545 -0.5425 1.5748, 0.0545 -0.481 1.5787, 0.0545 -0.481 1.5748, 0.0456 -0.481 1.5787, 0.0456 -0.481 1.5748, 0.0456 -0.5504 1.5787, 0.0456 -0.5504 1.5748, 0.1177 -0.5515 1.5787, 0.1177 -0.5515 1.5748, 0.1283 -0.5505 1.5787, 0.1238 -0.551 1.5748, 0.1283 -0.5505 1.5748, 0.1357 -0.5481 1.5748, 0.1357 -0.5481 1.5787, 0.1369 -0.5475 1.5748, 0.1369 -0.5475 1.5787, 0.1369 -0.5389 1.5787, 0.1369 -0.5389 1.5748, 0.1301 -0.542 1.5748, 0.1301 -0.542 1.5787, 0.1222 -0.5434 1.5748, 0.1222 -0.5434 1.5787, 0.119 -0.5436 1.5748, 0.119 -0.5436 1.5787, 0.112 -0.5427 1.5748, 0.112 -0.5427 1.5787, 0.1071 -0.5408 1.5748, 0.1071 -0.5408 1.5787, 0.1025 -0.5376 1.5748, 0.1025 -0.5376 1.5787, 0.1012 -0.5363 1.5748, 0.1012 -0.5363 1.5787, 0.0978 -0.5316 1.5748, 0.0978 -0.5316 1.5787, 0.0955 -0.526 1.5748, 0.0955 -0.526 1.5787, 0.0944 -0.519 1.5748, 0.0944 -0.519 1.5787, 0.0944 -0.5165 1.5748, 0.0944 -0.5165 1.5787, 0.0955 -0.5069 1.5748, 0.0955 -0.5069 1.5787, 0.0979 -0.5009 1.5748, 0.0979 -0.5009 1.5787, 0.1017 -0.4956 1.5748, 0.1017 -0.4956 1.5787, 0.1064 -0.4917 1.5748, 0.1064 -0.4917 1.5787, 0.1118 -0.4892 1.5748, 0.1118 -0.4892 1.5787, 0.1179 -0.488 1.5748, 0.1179 -0.488 1.5787, 0.1205 -0.4879 1.5748, 0.1205 -0.4879 1.5787, 0.1291 -0.489 1.5748, 0.1291 -0.489 1.5787, 0.1361 -0.4916 1.5748, 0.1361 -0.4916 1.5787, 0.1369 -0.492 1.5748, 0.1369 -0.492 1.5787, 0.1369 -0.4827 1.5787, 0.1369 -0.4827 1.5748, 0.1205 -0.4799 1.5748, 0.1205 -0.4799 1.5787, 0.1206 -0.4799 1.5787, 0.1296 -0.4806 1.5748, 0.1296 -0.4806 1.5787, 0.1278 -0.4804 1.5748, 0.1206 -0.4799 1.5748, 0.1157 -0.4804 1.5748, 0.1104 -0.4811 1.5787, 0.1104 -0.4811 1.5748, 0.1031 -0.4839 1.5748, 0.1031 -0.4839 1.5787, 0.0967 -0.4885 1.5748, 0.0967 -0.4885 1.5787, 0.095 -0.4901 1.5748, 0.095 -0.4901 1.5787, 0.09 -0.4966 1.5748, 0.0881 -0.501 1.5748, 0.0867 -0.5043 1.5787, 0.09 -0.4966 1.5787, 0.0867 -0.5043 1.5748, 0.0851 -0.5134 1.5748, 0.0851 -0.5134 1.5787, 0.085 -0.517 1.5748, 0.085 -0.517 1.5787, 0.0864 -0.5284 1.5748, 0.0881 -0.5327 1.5748, 0.0892 -0.5356 1.5787, 0.0864 -0.5284 1.5787, 0.0892 -0.5356 1.5748, 0.0939 -0.5421 1.5748, 0.0939 -0.5421 1.5787, 0.1135 -0.5513 1.5787, 0.0994 -0.5467 1.5748, 0.0994 -0.5467 1.5787, 0.106 -0.5498 1.5748, 0.106 -0.5498 1.5787, 0.1116 -0.551 1.5748, 0.1135 -0.5513 1.5748, 0.1881 -0.5425 1.5787, 0.1881 -0.5504 1.5787, 0.1881 -0.5425 1.5748, 0.1881 -0.5504 1.5748, 0.1597 -0.5425 1.5748, 0.1597 -0.5425 1.5787, 0.1785 -0.5425 1.5748, 0.1597 -0.5191 1.5787, 0.1597 -0.5191 1.5748, 0.1845 -0.5191 1.5787, 0.1785 -0.5191 1.5748, 0.1845 -0.5191 1.5748, 0.1845 -0.5112 1.5787, 0.1845 -0.5112 1.5748, 0.1597 -0.5112 1.5748, 0.1597 -0.5112 1.5787, 0.1785 -0.5112 1.5748, 0.1597 -0.489 1.5787, 0.1597 -0.489 1.5748, 0.1865 -0.489 1.5787, 0.1785 -0.489 1.5748, 0.1865 -0.489 1.5748, 0.1865 -0.481 1.5787, 0.1865 -0.481 1.5748, 0.1508 -0.481 1.5748, 0.1508 -0.481 1.5787, 0.1785 -0.481 1.5748, 0.1508 -0.5504 1.5787, 0.1508 -0.5504 1.5748, 0.1785 -0.5504 1.5748, 0.2443 -0.5309 1.5787, 0.2408 -0.5352 1.5787, 0.2472 -0.5407 1.5787, 0.2395 -0.5364 1.5787, 0.24 -0.5458 1.5787, 0.2349 -0.5394 1.5787, 0.2321 -0.5489 1.5787, 0.229 -0.5415 1.5787, 0.2203 -0.5504 1.5787, 0.2202 -0.5425 1.5787, 0.2012 -0.5504 1.5787, 0.2101 -0.5425 1.5787, 0.2012 -0.481 1.5787, 0.2101 -0.489 1.5787, 0.221 -0.481 1.5787, 0.2206 -0.489 1.5787, 0.2315 -0.4822 1.5787, 0.2295 -0.49 1.5787, 0.2399 -0.4852 1.5787, 0.2355 -0.4922 1.5787, 0.2472 -0.4902 1.5787, 0.2406 -0.4955 1.5787, 0.2496 -0.4926 1.5787, 0.2425 -0.4974 1.5787, 0.2539 -0.4986 1.5787, 0.2452 -0.5012 1.5787, 0.2565 -0.5052 1.5787, 0.2472 -0.5063 1.5787, 0.2576 -0.5148 1.5787, 0.2482 -0.5151 1.5787, 0.2574 -0.5192 1.5787, 0.248 -0.5194 1.5787, 0.2558 -0.5273 1.5787, 0.2467 -0.5258 1.5787, 0.2523 -0.5345 1.5787, 0.2203 -0.5504 1.5748, 0.2012 -0.5504 1.5748, 0.2472 -0.5407 1.5748, 0.2321 -0.5489 1.5748, 0.2329 -0.5486 1.5748, 0.24 -0.5458 1.5748, 0.2523 -0.5345 1.5748, 0.2558 -0.5273 1.5748, 0.2574 -0.5192 1.5748, 0.2576 -0.5148 1.5748, 0.2565 -0.5052 1.5748, 0.2539 -0.4986 1.5748, 0.2496 -0.4926 1.5748, 0.2472 -0.4902 1.5748, 0.221 -0.481 1.5748, 0.2399 -0.4852 1.5748, 0.2329 -0.4827 1.5748, 0.2315 -0.4822 1.5748, 0.2012 -0.481 1.5748, 0.2206 -0.489 1.5748, 0.2101 -0.489 1.5748, 0.2101 -0.5425 1.5748, 0.2202 -0.5425 1.5748, 0.2408 -0.5352 1.5748, 0.2395 -0.5364 1.5748, 0.2349 -0.5394 1.5748, 0.229 -0.5415 1.5748, 0.2482 -0.5151 1.5748, 0.248 -0.5194 1.5748, 0.2467 -0.5258 1.5748, 0.2443 -0.5309 1.5748, 0.2406 -0.4955 1.5748, 0.2425 -0.4974 1.5748, 0.2452 -0.5012 1.5748, 0.2472 -0.5063 1.5748, 0.2295 -0.49 1.5748, 0.2355 -0.4922 1.5748
            ]
        }
        coordIndex [
            0,1,2,-1,2,1,3,-1,4,0,5,-1,5,0,2,-1,6,4,7,-1,7,4,5,-1,8,6,9,-1,9,6,7,-1,10,8,11,-1,11,8,9,-1,1,10,3,-1,3,10,11,-1,6,8,4,-1,4,8,10,-1,4,10,0,-1,0,10,1,-1,12,13,14,-1,14,13,15,-1,15,16,14,-1,14,16,17,-1,14,17,18,-1,18,17,19,-1,18,19,20,-1,21,20,22,-1,22,20,19,-1,21,22,23,-1,21,23,24,-1,24,23,25,-1,24,25,26,-1,26,25,27,-1,26,27,28,-1,28,27,29,-1,28,29,30,-1,30,29,31,-1,30,31,32,-1,32,31,33,-1,32,33,34,-1,34,33,35,-1,34,35,36,-1,36,35,37,-1,36,37,38,-1,38,37,39,-1,38,39,40,-1,40,39,41,-1,40,41,42,-1,42,41,43,-1,42,43,44,-1,44,43,45,-1,44,45,46,-1,46,45,47,-1,46,47,48,-1,48,47,49,-1,48,49,50,-1,50,49,51,-1,50,51,52,-1,52,51,53,-1,52,53,54,-1,54,53,55,-1,54,55,56,-1,56,55,57,-1,56,57,58,-1,58,57,59,-1,58,59,60,-1,60,59,61,-1,60,61,62,-1,62,61,63,-1,62,63,64,-1,65,64,66,-1,66,64,63,-1,67,68,69,-1,65,66,70,-1,65,70,71,-1,71,70,72,-1,71,72,69,-1,69,72,73,-1,69,73,67,-1,68,67,74,-1,68,74,75,-1,74,76,75,-1,75,76,77,-1,75,77,78,-1,78,77,79,-1,78,79,80,-1,80,79,81,-1,80,81,82,-1,82,81,83,-1,84,85,83,-1,83,85,86,-1,83,86,82,-1,84,87,85,-1,85,87,88,-1,85,88,89,-1,89,88,90,-1,89,90,91,-1,91,90,92,-1,93,94,92,-1,92,94,95,-1,92,95,91,-1,93,96,94,-1,94,96,97,-1,94,97,98,-1,13,12,99,-1,98,97,100,-1,98,100,101,-1,101,100,102,-1,101,102,103,-1,103,102,104,-1,103,104,99,-1,99,104,105,-1,99,105,13,-1,62,64,65,-1,52,80,50,-1,50,80,82,-1,50,82,48,-1,48,82,86,-1,48,86,46,-1,62,65,60,-1,60,65,71,-1,60,71,58,-1,58,71,69,-1,58,69,56,-1,56,69,68,-1,56,68,54,-1,54,68,75,-1,54,75,52,-1,52,75,78,-1,52,78,80,-1,91,44,89,-1,89,44,46,-1,89,46,85,-1,85,46,86,-1,20,21,18,-1,18,21,24,-1,18,24,14,-1,14,24,26,-1,14,26,12,-1,12,26,28,-1,12,28,99,-1,99,28,30,-1,99,30,103,-1,103,30,32,-1,103,32,101,-1,101,32,34,-1,101,34,98,-1,98,34,36,-1,98,36,94,-1,94,36,38,-1,94,38,95,-1,95,38,40,-1,95,40,91,-1,91,40,42,-1,91,42,44,-1,106,107,108,-1,108,107,109,-1,110,111,112,-1,112,111,106,-1,112,106,108,-1,113,111,114,-1,114,111,110,-1,113,114,115,-1,115,114,116,-1,115,116,117,-1,118,115,119,-1,119,115,117,-1,120,121,122,-1,122,121,118,-1,122,118,119,-1,123,121,124,-1,124,121,120,-1,123,124,125,-1,125,124,126,-1,125,126,127,-1,128,125,129,-1,129,125,127,-1,130,131,132,-1,132,131,128,-1,132,128,129,-1,133,131,134,-1,134,131,130,-1,133,134,107,-1,107,134,135,-1,107,135,109,-1,133,107,106,-1,106,111,133,-1,133,111,113,-1,133,113,131,-1,125,128,123,-1,123,128,131,-1,123,131,121,-1,121,131,113,-1,121,113,118,-1,118,113,115,-1,136,137,138,-1,138,137,139,-1,138,139,140,-1,140,139,141,-1,140,141,142,-1,142,141,143,-1,142,143,144,-1,144,143,145,-1,144,145,146,-1,146,145,147,-1,146,147,148,-1,148,147,149,-1,148,149,150,-1,150,149,151,-1,150,151,152,-1,152,151,153,-1,152,153,154,-1,154,153,155,-1,154,155,156,-1,156,155,157,-1,156,157,158,-1,158,157,159,-1,158,159,160,-1,160,159,161,-1,160,161,162,-1,162,161,163,-1,162,163,164,-1,164,163,165,-1,164,165,166,-1,166,165,167,-1,166,167,168,-1,168,167,169,-1,168,169,170,-1,170,169,136,-1,170,136,138,-1,144,146,171,-1,171,146,172,-1,173,138,140,-1,144,171,174,-1,144,174,142,-1,142,174,175,-1,142,175,140,-1,140,175,176,-1,140,176,173,-1,138,173,177,-1,138,177,170,-1,170,177,178,-1,170,178,168,-1,168,178,179,-1,168,179,166,-1,166,179,180,-1,166,180,164,-1,164,180,181,-1,164,181,162,-1,162,181,182,-1,162,182,160,-1,160,182,183,-1,160,183,158,-1,158,183,184,-1,158,184,156,-1,185,150,152,-1,156,184,186,-1,156,186,154,-1,154,186,187,-1,154,187,152,-1,152,187,188,-1,152,188,185,-1,148,150,189,-1,189,150,185,-1,146,148,172,-1,172,148,189,-1,151,149,190,-1,190,149,191,-1,149,147,191,-1,191,147,192,-1,147,145,192,-1,192,145,193,-1,137,194,195,-1,137,195,139,-1,139,195,196,-1,139,196,141,-1,141,196,197,-1,141,197,143,-1,143,197,193,-1,143,193,145,-1,165,198,199,-1,165,199,167,-1,167,199,200,-1,167,200,169,-1,169,200,201,-1,169,201,136,-1,136,201,194,-1,136,194,137,-1,157,202,203,-1,157,203,159,-1,159,203,204,-1,159,204,161,-1,161,204,205,-1,161,205,163,-1,163,205,198,-1,163,198,165,-1,151,190,206,-1,151,206,153,-1,153,206,207,-1,153,207,155,-1,155,207,202,-1,155,202,157,-1,
        ]
    }
}
Shape{
    appearance Appearance {
        material  Material 	{
            diffuseColor 0.5019607843137255 0.5019607843137255 0.5019607843137255
            specularColor 0.44313725490196076 0.44313725490196076 0.44313725490196076
            ambientIntensity 0.502
            transparency 0.0
            shininess 0.5
        }
    }
    geometry IndexedFaceSet {
        ccw TRUE
        solid FALSE
        coord DEF co Coordinate {
            point [
                0.2101 -0.489 1.5748, 0.2101 -0.5425 1.5748, 0.2206 -0.489 1.5748, 0.2202 -0.5425 1.5748, 0.229 -0.5415 1.5748, 0.2349 -0.5394 1.5748, 0.2395 -0.5364 1.5748, 0.2408 -0.5352 1.5748, 0.2443 -0.5309 1.5748, 0.2467 -0.5258 1.5748, 0.248 -0.5194 1.5748, 0.2482 -0.5151 1.5748, 0.2472 -0.5063 1.5748, 0.2452 -0.5012 1.5748, 0.2425 -0.4974 1.5748, 0.2406 -0.4955 1.5748, 0.2295 -0.49 1.5748, 0.2355 -0.4922 1.5748
            ]
        }
        coordIndex [
            0,1,2,-1,2,1,3,-1,2,3,4,-1,4,5,2,-1,2,5,6,-1,2,6,7,-1,7,8,2,-1,2,8,9,-1,2,9,10,-1,10,11,2,-1,2,11,12,-1,2,12,13,-1,13,14,2,-1,2,14,15,-1,2,15,16,-1,16,15,17,-1,
        ]
    }
}
Shape{
    appearance Appearance {
        material  Material 	{
            diffuseColor 0.0 0.0 0.0
            specularColor 0.0 0.0 0.0
            ambientIntensity 0.0
            transparency 0.0
            shininess 0.5
        }
    }
    geometry IndexedFaceSet {
        ccw TRUE
        solid FALSE
        coord DEF co Coordinate {
            point [
                0.2809 -0.5236 1.5787, 0.278 -0.5314 1.5787, 0.3042 -0.5236 1.5787, 0.3069 -0.5314 1.5787, 0.2913 -0.4947 1.5787, 0.2879 -0.481 1.5787, 0.2615 -0.5504 1.5787, 0.2714 -0.5504 1.5787, 0.2919 -0.4927 1.5787, 0.2924 -0.4899 1.5787, 0.2975 -0.481 1.5787, 0.2926 -0.4899 1.5787, 0.2932 -0.4928 1.5787, 0.2937 -0.4947 1.5787, 0.3239 -0.5504 1.5787, 0.314 -0.5504 1.5787, 0.2975 -0.481 1.5748, 0.3239 -0.5504 1.5748, 0.2879 -0.481 1.5748, 0.2615 -0.5504 1.5748, 0.2815 -0.4979 1.5748, 0.2714 -0.5504 1.5748, 0.278 -0.5314 1.5748, 0.3069 -0.5314 1.5748, 0.2815 -0.5314 1.5748, 0.314 -0.5504 1.5748, 0.2809 -0.5236 1.5748, 0.3042 -0.5236 1.5748, 0.2937 -0.4947 1.5748, 0.2926 -0.4899 1.5748, 0.2932 -0.4928 1.5748, 0.2924 -0.4899 1.5748, 0.2913 -0.4947 1.5748, 0.2919 -0.4927 1.5748
            ]
        }
        coordIndex [
            0,1,2,-1,2,1,3,-1,4,5,0,-1,0,5,6,-1,0,6,1,-1,1,6,7,-1,4,8,5,-1,5,8,9,-1,5,9,10,-1,10,9,11,-1,10,11,12,-1,12,13,10,-1,10,13,2,-1,10,2,14,-1,14,2,3,-1,14,3,15,-1,10,14,16,-1,16,14,17,-1,5,10,18,-1,18,10,16,-1,19,6,20,-1,20,6,5,-1,20,5,18,-1,7,6,21,-1,21,6,19,-1,1,7,22,-1,22,7,21,-1,23,3,24,-1,24,3,1,-1,24,1,22,-1,15,3,25,-1,25,3,23,-1,14,15,17,-1,17,15,25,-1,0,2,26,-1,26,2,27,-1,2,13,27,-1,27,13,28,-1,11,29,30,-1,11,30,12,-1,12,30,28,-1,12,28,13,-1,11,9,29,-1,29,9,31,-1,4,32,33,-1,4,33,8,-1,8,33,31,-1,8,31,9,-1,4,0,32,-1,32,0,26,-1,
        ]
    }
}
Shape{
    appearance Appearance {
        material  Material 	{
            diffuseColor 0.5019607843137255 0.5019607843137255 0.5019607843137255
            specularColor 0.44313725490196076 0.44313725490196076 0.44313725490196076
            ambientIntensity 0.502
            transparency 0.0
            shininess 0.5
        }
    }
    geometry IndexedFaceSet {
        ccw TRUE
        solid FALSE
        coord DEF co Coordinate {
            point [
                0.2926 -0.4899 1.5748, 0.2924 -0.4899 1.5748, 0.2932 -0.4928 1.5748, 0.2919 -0.4927 1.5748, 0.2937 -0.4947 1.5748, 0.2913 -0.4947 1.5748, 0.3042 -0.5236 1.5748, 0.2809 -0.5236 1.5748
            ]
        }
        coordIndex [
            0,1,2,-1,2,1,3,-1,2,3,4,-1,4,3,5,-1,4,5,6,-1,6,5,7,-1,
        ]
    }
}
Shape{
    appearance Appearance {
        material  Material 	{
            diffuseColor 0.0 0.0 0.0
            specularColor 0.0 0.0 0.0
            ambientIntensity 0.0
            transparency 0.0
            shininess 0.5
        }
    }
    geometry IndexedFaceSet {
        ccw TRUE
        solid FALSE
        coord DEF co Coordinate {
            point [
                0.0829 -0.6525 1.5787, 0.0829 -0.6604 1.5787, 0.0829 -0.6525 1.5748, 0.0829 -0.6604 1.5748, 0.0545 -0.6525 1.5787, 0.0545 -0.6525 1.5748, 0.0545 -0.6292 1.5787, 0.0545 -0.6292 1.5748, 0.0793 -0.6292 1.5787, 0.0793 -0.6292 1.5748, 0.0793 -0.6212 1.5787, 0.0793 -0.6212 1.5748, 0.0545 -0.6212 1.5787, 0.0545 -0.6212 1.5748, 0.0545 -0.599 1.5787, 0.0545 -0.599 1.5748, 0.0813 -0.599 1.5787, 0.0813 -0.599 1.5748, 0.0813 -0.591 1.5787, 0.0813 -0.591 1.5748, 0.0456 -0.591 1.5787, 0.0456 -0.591 1.5748, 0.0456 -0.6604 1.5787, 0.0456 -0.6604 1.5748, 0.1223 -0.6604 1.5787, 0.131 -0.6604 1.5787, 0.1223 -0.6527 1.5787, 0.131 -0.6285 1.5787, 0.1223 -0.6289 1.5787, 0.1033 -0.6393 1.5787, 0.1054 -0.6384 1.5787, 0.1221 -0.6527 1.5787, 0.1175 -0.6515 1.5787, 0.1207 -0.6548 1.5787, 0.115 -0.6531 1.5787, 0.1107 -0.6371 1.5787, 0.1223 -0.6355 1.5787, 0.1223 -0.6403 1.5787, 0.1223 -0.6409 1.5787, 0.1217 -0.6447 1.5787, 0.1204 -0.6478 1.5787, 0.1186 -0.6504 1.5787, 0.122 -0.6251 1.5787, 0.1301 -0.6212 1.5787, 0.1211 -0.622 1.5787, 0.1287 -0.6175 1.5787, 0.1201 -0.6202 1.5787, 0.1268 -0.6148 1.5787, 0.1188 -0.6188 1.5787, 0.096 -0.6143 1.5787, 0.096 -0.6228 1.5787, 0.0978 -0.6133 1.5787, 0.102 -0.619 1.5787, 0.1042 -0.6108 1.5787, 0.1075 -0.6172 1.5787, 0.1131 -0.6097 1.5787, 0.1123 -0.6168 1.5787, 0.1131 -0.6097 1.5787, 0.1152 -0.6171 1.5787, 0.1192 -0.6104 1.5787, 0.1172 -0.6178 1.5787, 0.1226 -0.6116 1.5787, 0.1254 -0.6134 1.5787, 0.1018 -0.6515 1.5787, 0.0954 -0.6577 1.5787, 0.1025 -0.6522 1.5787, 0.0984 -0.6597 1.5787, 0.1042 -0.6534 1.5787, 0.1017 -0.661 1.5787, 0.1062 -0.6541 1.5787, 0.1069 -0.6616 1.5787, 0.1091 -0.6544 1.5787, 0.1113 -0.6611 1.5787, 0.1124 -0.6541 1.5787, 0.1148 -0.6598 1.5787, 0.118 -0.6577 1.5787, 0.1076 -0.631 1.5787, 0.101 -0.6326 1.5787, 0.1023 -0.6401 1.5787, 0.0973 -0.6345 1.5787, 0.1013 -0.6414 1.5787, 0.0947 -0.6368 1.5787, 0.1005 -0.6431 1.5787, 0.0929 -0.6393 1.5787, 0.1001 -0.645 1.5787, 0.0917 -0.6424 1.5787, 0.1 -0.6464 1.5787, 0.0912 -0.6471 1.5787, 0.1002 -0.6484 1.5787, 0.0917 -0.6513 1.5787, 0.1008 -0.65 1.5787, 0.0927 -0.6542 1.5787, 0.0946 -0.6568 1.5787, 0.1131 -0.6097 1.5748, 0.1042 -0.6108 1.5748, 0.0978 -0.6133 1.5748, 0.096 -0.6143 1.5748, 0.096 -0.6228 1.5748, 0.102 -0.619 1.5748, 0.1075 -0.6172 1.5748, 0.1123 -0.6168 1.5748, 0.1152 -0.6171 1.5748, 0.1172 -0.6178 1.5748, 0.1188 -0.6188 1.5748, 0.1201 -0.6202 1.5748, 0.1211 -0.622 1.5748, 0.122 -0.6251 1.5748, 0.1223 -0.6289 1.5748, 0.1076 -0.631 1.5748, 0.101 -0.6326 1.5748, 0.0973 -0.6345 1.5748, 0.0947 -0.6368 1.5748, 0.0929 -0.6393 1.5748, 0.0917 -0.6424 1.5748, 0.0912 -0.6471 1.5748, 0.0917 -0.6513 1.5748, 0.0927 -0.6542 1.5748, 0.0946 -0.6568 1.5748, 0.0954 -0.6577 1.5748, 0.1069 -0.6616 1.5748, 0.1018 -0.661 1.5748, 0.1017 -0.661 1.5748, 0.0984 -0.6597 1.5748, 0.1113 -0.6611 1.5748, 0.1116 -0.661 1.5748, 0.1148 -0.6598 1.5748, 0.118 -0.6577 1.5748, 0.1207 -0.6548 1.5748, 0.1221 -0.6527 1.5748, 0.1223 -0.6527 1.5748, 0.1223 -0.6604 1.5748, 0.131 -0.6604 1.5748, 0.131 -0.6285 1.5748, 0.1301 -0.6212 1.5748, 0.1287 -0.6175 1.5748, 0.1268 -0.6148 1.5748, 0.1254 -0.6134 1.5748, 0.1226 -0.6116 1.5748, 0.1192 -0.6104 1.5748, 0.1131 -0.6097 1.5748, 0.1023 -0.6401 1.5748, 0.1033 -0.6393 1.5748, 0.1054 -0.6384 1.5748, 0.1107 -0.6371 1.5748, 0.1 -0.6464 1.5748, 0.1001 -0.645 1.5748, 0.1005 -0.6431 1.5748, 0.1013 -0.6414 1.5748, 0.1025 -0.6522 1.5748, 0.1018 -0.6515 1.5748, 0.1008 -0.65 1.5748, 0.1002 -0.6484 1.5748, 0.1091 -0.6544 1.5748, 0.1062 -0.6541 1.5748, 0.1042 -0.6534 1.5748, 0.1186 -0.6504 1.5748, 0.1175 -0.6515 1.5748, 0.115 -0.6531 1.5748, 0.1124 -0.6541 1.5748, 0.1223 -0.6403 1.5748, 0.1223 -0.6409 1.5748, 0.1217 -0.6447 1.5748, 0.1204 -0.6478 1.5748, 0.1223 -0.6355 1.5748
            ]
        }
        coordIndex [
            0,1,2,-1,2,1,3,-1,4,0,5,-1,5,0,2,-1,6,4,7,-1,7,4,5,-1,8,6,9,-1,9,6,7,-1,10,8,11,-1,11,8,9,-1,12,10,13,-1,13,10,11,-1,14,12,15,-1,15,12,13,-1,16,14,17,-1,17,14,15,-1,18,16,19,-1,19,16,17,-1,20,18,21,-1,21,18,19,-1,22,20,23,-1,23,20,21,-1,1,22,3,-1,3,22,23,-1,16,18,14,-1,14,18,20,-1,14,20,12,-1,1,0,22,-1,22,0,4,-1,22,4,6,-1,8,10,6,-1,6,10,12,-1,6,12,22,-1,22,12,20,-1,24,25,26,-1,26,25,27,-1,28,29,30,-1,31,32,33,-1,33,32,34,-1,35,36,27,-1,27,36,37,-1,37,38,27,-1,27,38,39,-1,27,39,26,-1,26,39,40,-1,26,40,31,-1,31,40,41,-1,31,41,32,-1,30,35,28,-1,28,35,27,-1,28,27,42,-1,42,27,43,-1,42,43,44,-1,44,43,45,-1,44,45,46,-1,46,45,47,-1,46,47,48,-1,49,50,51,-1,51,50,52,-1,51,52,53,-1,53,52,54,-1,53,54,55,-1,55,54,56,-1,55,56,57,-1,57,56,58,-1,57,58,59,-1,59,58,60,-1,59,60,61,-1,61,60,48,-1,61,48,62,-1,62,48,47,-1,63,64,65,-1,65,64,66,-1,65,66,67,-1,67,66,68,-1,67,68,69,-1,69,68,70,-1,69,70,71,-1,71,70,72,-1,71,72,73,-1,73,72,74,-1,73,74,34,-1,34,74,75,-1,34,75,33,-1,28,76,29,-1,29,76,77,-1,29,77,78,-1,78,77,79,-1,78,79,80,-1,80,79,81,-1,80,81,82,-1,82,81,83,-1,82,83,84,-1,84,83,85,-1,84,85,86,-1,86,85,87,-1,86,87,88,-1,88,87,89,-1,88,89,90,-1,90,89,91,-1,90,91,63,-1,63,91,92,-1,63,92,64,-1,55,93,94,-1,55,94,53,-1,53,94,95,-1,53,95,51,-1,51,95,96,-1,51,96,49,-1,50,49,97,-1,97,49,96,-1,50,97,98,-1,50,98,52,-1,52,98,99,-1,52,99,54,-1,54,99,100,-1,54,100,56,-1,56,100,101,-1,56,101,58,-1,58,101,102,-1,58,102,60,-1,60,102,103,-1,60,103,48,-1,48,103,104,-1,48,104,46,-1,46,104,105,-1,46,105,44,-1,44,105,106,-1,44,106,42,-1,42,106,107,-1,42,107,28,-1,76,28,108,-1,108,28,107,-1,76,108,109,-1,76,109,77,-1,77,109,110,-1,77,110,79,-1,79,110,111,-1,79,111,81,-1,81,111,112,-1,81,112,83,-1,83,112,113,-1,83,113,85,-1,85,113,114,-1,85,114,87,-1,87,114,115,-1,87,115,89,-1,89,115,116,-1,89,116,91,-1,91,116,117,-1,91,117,92,-1,92,117,118,-1,92,118,64,-1,119,70,120,-1,120,70,68,-1,120,68,121,-1,121,68,66,-1,121,66,122,-1,122,66,64,-1,122,64,118,-1,70,119,123,-1,70,123,72,-1,72,123,124,-1,72,124,74,-1,124,125,74,-1,74,125,126,-1,74,126,75,-1,75,126,127,-1,75,127,33,-1,33,127,128,-1,33,128,31,-1,26,31,129,-1,129,31,128,-1,24,26,130,-1,130,26,129,-1,25,24,131,-1,131,24,130,-1,27,25,132,-1,132,25,131,-1,27,132,133,-1,27,133,43,-1,43,133,134,-1,43,134,45,-1,45,134,135,-1,45,135,47,-1,47,135,136,-1,47,136,62,-1,62,136,137,-1,62,137,61,-1,61,137,138,-1,61,138,59,-1,59,138,139,-1,59,139,57,-1,57,139,93,-1,57,93,55,-1,78,140,141,-1,78,141,29,-1,29,141,142,-1,29,142,30,-1,30,142,143,-1,30,143,35,-1,86,144,145,-1,86,145,84,-1,84,145,146,-1,84,146,82,-1,82,146,147,-1,82,147,80,-1,80,147,140,-1,80,140,78,-1,65,148,149,-1,65,149,63,-1,63,149,150,-1,63,150,90,-1,90,150,151,-1,90,151,88,-1,88,151,144,-1,88,144,86,-1,71,152,153,-1,71,153,69,-1,69,153,154,-1,69,154,67,-1,67,154,148,-1,67,148,65,-1,41,155,156,-1,41,156,32,-1,32,156,157,-1,32,157,34,-1,34,157,158,-1,34,158,73,-1,73,158,152,-1,73,152,71,-1,37,159,160,-1,37,160,38,-1,38,160,161,-1,38,161,39,-1,39,161,162,-1,39,162,40,-1,40,162,155,-1,40,155,41,-1,37,36,159,-1,159,36,163,-1,36,35,163,-1,163,35,143,-1,
        ]
    }
}
Shape{
    appearance Appearance {
        material  Material 	{
            diffuseColor 0.5019607843137255 0.5019607843137255 0.5019607843137255
            specularColor 0.44313725490196076 0.44313725490196076 0.44313725490196076
            ambientIntensity 0.502
            transparency 0.0
            shininess 0.5
        }
    }
    geometry IndexedFaceSet {
        ccw TRUE
        solid FALSE
        coord DEF co Coordinate {
            point [
                0.1223 -0.6409 1.5748, 0.1223 -0.6403 1.5748, 0.1023 -0.6401 1.5748, 0.1223 -0.6355 1.5748, 0.1107 -0.6371 1.5748, 0.1054 -0.6384 1.5748, 0.1033 -0.6393 1.5748, 0.1217 -0.6447 1.5748, 0.1013 -0.6414 1.5748, 0.1204 -0.6478 1.5748, 0.1018 -0.6515 1.5748, 0.1025 -0.6522 1.5748, 0.1175 -0.6515 1.5748, 0.1008 -0.65 1.5748, 0.115 -0.6531 1.5748, 0.1124 -0.6541 1.5748, 0.1091 -0.6544 1.5748, 0.1005 -0.6431 1.5748, 0.1001 -0.645 1.5748, 0.1186 -0.6504 1.5748, 0.1 -0.6464 1.5748, 0.1002 -0.6484 1.5748, 0.1042 -0.6534 1.5748, 0.1062 -0.6541 1.5748
            ]
        }
        coordIndex [
            0,1,2,-1,1,3,4,-1,4,5,1,-1,1,5,6,-1,1,6,2,-1,0,2,7,-1,7,2,8,-1,7,8,9,-1,10,11,12,-1,10,12,13,-1,14,12,15,-1,15,12,16,-1,8,17,9,-1,9,17,18,-1,9,18,19,-1,19,18,20,-1,19,20,12,-1,12,20,21,-1,12,21,13,-1,11,22,12,-1,12,22,23,-1,12,23,16,-1,
        ]
    }
}
Shape{
    appearance Appearance {
        material  Material 	{
            diffuseColor 0.0 0.0 0.0
            specularColor 0.0 0.0 0.0
            ambientIntensity 0.0
            transparency 0.0
            shininess 0.5
        }
    }
    geometry IndexedFaceSet {
        ccw TRUE
        solid FALSE
        coord DEF co Coordinate {
            point [
                0.1427 -0.6497 1.5748, 0.1427 -0.6497 1.5787, 0.1459 -0.6516 1.5787, 0.157 -0.6545 1.5787, 0.157 -0.6545 1.5748, 0.1513 -0.6538 1.5748, 0.1513 -0.6538 1.5787, 0.1468 -0.652 1.5748, 0.1459 -0.6516 1.5748, 0.1427 -0.6587 1.5787, 0.1427 -0.6587 1.5748, 0.1468 -0.6601 1.5748, 0.1488 -0.6608 1.5787, 0.1562 -0.6616 1.5748, 0.1562 -0.6616 1.5787, 0.1506 -0.661 1.5748, 0.1488 -0.6608 1.5748, 0.1641 -0.6606 1.5787, 0.1611 -0.661 1.5748, 0.1641 -0.6606 1.5748, 0.1686 -0.6589 1.5748, 0.1686 -0.6589 1.5787, 0.1706 -0.6576 1.5748, 0.1706 -0.6576 1.5787, 0.1731 -0.6554 1.5748, 0.1731 -0.6554 1.5787, 0.1747 -0.6532 1.5748, 0.1747 -0.6532 1.5787, 0.1758 -0.6504 1.5748, 0.1758 -0.6504 1.5787, 0.1762 -0.6469 1.5748, 0.1762 -0.6469 1.5787, 0.1758 -0.6437 1.5748, 0.1758 -0.6437 1.5787, 0.1749 -0.6411 1.5748, 0.1749 -0.6411 1.5787, 0.1733 -0.6387 1.5748, 0.1733 -0.6387 1.5787, 0.1712 -0.6369 1.5748, 0.1712 -0.6369 1.5787, 0.1654 -0.6337 1.5748, 0.1654 -0.6337 1.5787, 0.1621 -0.6323 1.5748, 0.1621 -0.6323 1.5787, 0.1567 -0.63 1.5748, 0.1567 -0.63 1.5787, 0.1536 -0.6281 1.5748, 0.1536 -0.6281 1.5787, 0.1528 -0.6271 1.5748, 0.1528 -0.6271 1.5787, 0.1522 -0.626 1.5748, 0.1522 -0.626 1.5787, 0.1518 -0.6246 1.5748, 0.1518 -0.6246 1.5787, 0.1518 -0.6234 1.5748, 0.1518 -0.6234 1.5787, 0.1519 -0.6221 1.5748, 0.1519 -0.6221 1.5787, 0.1523 -0.6209 1.5748, 0.1523 -0.6209 1.5787, 0.1531 -0.6198 1.5748, 0.1531 -0.6198 1.5787, 0.1544 -0.6186 1.5748, 0.1544 -0.6186 1.5787, 0.1563 -0.6176 1.5748, 0.1563 -0.6176 1.5787, 0.1587 -0.617 1.5748, 0.1587 -0.617 1.5787, 0.1612 -0.6168 1.5748, 0.1612 -0.6168 1.5787, 0.1673 -0.6175 1.5748, 0.1673 -0.6175 1.5787, 0.1722 -0.6194 1.5748, 0.1722 -0.6194 1.5787, 0.1738 -0.6204 1.5748, 0.1738 -0.6204 1.5787, 0.1738 -0.6119 1.5787, 0.1738 -0.6119 1.5748, 0.1682 -0.6103 1.5748, 0.1682 -0.6103 1.5787, 0.1621 -0.6097 1.5748, 0.1621 -0.6097 1.5787, 0.1551 -0.6106 1.5748, 0.1551 -0.6106 1.5787, 0.1505 -0.6124 1.5748, 0.1505 -0.6124 1.5787, 0.1484 -0.6137 1.5748, 0.1484 -0.6137 1.5787, 0.1468 -0.6151 1.5748, 0.1455 -0.6163 1.5787, 0.1455 -0.6163 1.5748, 0.144 -0.6186 1.5748, 0.144 -0.6186 1.5787, 0.1431 -0.6214 1.5748, 0.1431 -0.6214 1.5787, 0.1428 -0.6242 1.5748, 0.1428 -0.6242 1.5787, 0.1432 -0.6276 1.5748, 0.1432 -0.6276 1.5787, 0.1441 -0.6303 1.5748, 0.1441 -0.6303 1.5787, 0.1453 -0.6321 1.5748, 0.1453 -0.6321 1.5787, 0.156 -0.6386 1.5748, 0.156 -0.6386 1.5787, 0.1508 -0.6363 1.5787, 0.1467 -0.6336 1.5748, 0.1467 -0.6336 1.5787, 0.1468 -0.6336 1.5748, 0.1508 -0.6363 1.5748, 0.1617 -0.641 1.5748, 0.1617 -0.641 1.5787, 0.165 -0.6431 1.5748, 0.165 -0.6431 1.5787, 0.1661 -0.6442 1.5748, 0.1661 -0.6442 1.5787, 0.1668 -0.6453 1.5748, 0.1668 -0.6453 1.5787, 0.1672 -0.6467 1.5748, 0.1672 -0.6467 1.5787, 0.1673 -0.6478 1.5748, 0.1673 -0.6478 1.5787, 0.1671 -0.6494 1.5748, 0.1671 -0.6494 1.5787, 0.1667 -0.6507 1.5748, 0.1667 -0.6507 1.5787, 0.1659 -0.6518 1.5748, 0.1659 -0.6518 1.5787, 0.1649 -0.6527 1.5748, 0.1649 -0.6527 1.5787, 0.1641 -0.6532 1.5748, 0.1641 -0.6532 1.5787, 0.1619 -0.654 1.5748, 0.1619 -0.654 1.5787, 0.1574 -0.6545 1.5748, 0.1574 -0.6545 1.5787, 0.2193 -0.6109 1.5787, 0.2283 -0.6109 1.5787, 0.2193 -0.6109 1.5748, 0.2283 -0.6109 1.5748, 0.2057 -0.6482 1.5787, 0.2057 -0.6482 1.5748, 0.2051 -0.6505 1.5748, 0.2051 -0.6505 1.5787, 0.2047 -0.6522 1.5748, 0.2047 -0.6522 1.5787, 0.2044 -0.6522 1.5787, 0.2044 -0.6522 1.5748, 0.2034 -0.6481 1.5787, 0.2034 -0.6481 1.5748, 0.1904 -0.6109 1.5748, 0.1904 -0.6109 1.5787, 0.1946 -0.6229 1.5748, 0.1807 -0.6109 1.5787, 0.1807 -0.6109 1.5748, 0.2001 -0.6603 1.5748, 0.2001 -0.6603 1.5787, 0.1946 -0.6462 1.5748, 0.1963 -0.6693 1.5748, 0.1963 -0.6693 1.5787, 0.1999 -0.661 1.5748, 0.1946 -0.6724 1.5748, 0.1946 -0.6725 1.5787, 0.1946 -0.6725 1.5748, 0.1929 -0.6743 1.5748, 0.1929 -0.6743 1.5787, 0.1917 -0.6752 1.5748, 0.1917 -0.6752 1.5787, 0.1898 -0.676 1.5748, 0.1898 -0.676 1.5787, 0.1877 -0.6763 1.5748, 0.1877 -0.6763 1.5787, 0.1874 -0.6763 1.5748, 0.1874 -0.6763 1.5787, 0.1843 -0.6759 1.5748, 0.1843 -0.6759 1.5787, 0.1825 -0.6753 1.5748, 0.1825 -0.6753 1.5787, 0.1825 -0.683 1.5787, 0.1825 -0.683 1.5748, 0.1862 -0.6837 1.5748, 0.1862 -0.6837 1.5787, 0.1881 -0.6837 1.5748, 0.1881 -0.6837 1.5787, 0.1919 -0.6833 1.5748, 0.1919 -0.6833 1.5787, 0.1946 -0.6821 1.5748, 0.1953 -0.6819 1.5787, 0.1953 -0.6819 1.5748, 0.1982 -0.6798 1.5748, 0.1982 -0.6798 1.5787, 0.2018 -0.6756 1.5748, 0.2018 -0.6756 1.5787, 0.2058 -0.6679 1.5748, 0.2058 -0.6679 1.5787, 0.2085 -0.661 1.5748, 0.2749 -0.6525 1.5787, 0.2749 -0.6604 1.5787, 0.2749 -0.6525 1.5748, 0.2749 -0.6604 1.5748, 0.2466 -0.6525 1.5748, 0.2466 -0.6525 1.5787, 0.2596 -0.6525 1.5748, 0.2466 -0.6292 1.5787, 0.2466 -0.6292 1.5748, 0.2714 -0.6292 1.5787, 0.2596 -0.6292 1.5748, 0.2714 -0.6292 1.5748, 0.2714 -0.6212 1.5787, 0.2714 -0.6212 1.5748, 0.2466 -0.6212 1.5748, 0.2466 -0.6212 1.5787, 0.2596 -0.6212 1.5748, 0.2466 -0.599 1.5787, 0.2466 -0.599 1.5748, 0.2733 -0.599 1.5748, 0.2733 -0.599 1.5787, 0.2596 -0.599 1.5748, 0.2733 -0.591 1.5787, 0.2733 -0.591 1.5748, 0.2376 -0.591 1.5748, 0.2376 -0.591 1.5787, 0.2596 -0.591 1.5748, 0.2376 -0.6604 1.5787, 0.2376 -0.6604 1.5748, 0.2596 -0.6604 1.5748, 0.3311 -0.641 1.5787, 0.3277 -0.6453 1.5787, 0.334 -0.6507 1.5787, 0.3264 -0.6464 1.5787, 0.3268 -0.6558 1.5787, 0.3218 -0.6494 1.5787, 0.319 -0.6589 1.5787, 0.3159 -0.6515 1.5787, 0.3071 -0.6604 1.5787, 0.307 -0.6525 1.5787, 0.288 -0.6604 1.5787, 0.297 -0.6525 1.5787, 0.288 -0.591 1.5787, 0.297 -0.599 1.5787, 0.3078 -0.591 1.5787, 0.3075 -0.599 1.5787, 0.3184 -0.5922 1.5787, 0.3164 -0.6 1.5787, 0.3268 -0.5953 1.5787, 0.3224 -0.6022 1.5787, 0.334 -0.6002 1.5787, 0.3275 -0.6055 1.5787, 0.3364 -0.6026 1.5787, 0.3294 -0.6074 1.5787, 0.3407 -0.6086 1.5787, 0.3321 -0.6113 1.5787, 0.3433 -0.6152 1.5787, 0.334 -0.6163 1.5787, 0.3445 -0.6248 1.5787, 0.3351 -0.6251 1.5787, 0.3443 -0.6292 1.5787, 0.3348 -0.6295 1.5787, 0.3426 -0.6374 1.5787, 0.3335 -0.6358 1.5787, 0.3392 -0.6445 1.5787, 0.3071 -0.6604 1.5748, 0.288 -0.6604 1.5748, 0.319 -0.6589 1.5748, 0.3268 -0.6558 1.5748, 0.334 -0.6507 1.5748, 0.3392 -0.6445 1.5748, 0.3426 -0.6374 1.5748, 0.3443 -0.6292 1.5748, 0.3445 -0.6248 1.5748, 0.3433 -0.6152 1.5748, 0.3407 -0.6086 1.5748, 0.3364 -0.6026 1.5748, 0.334 -0.6002 1.5748, 0.3268 -0.5953 1.5748, 0.3184 -0.5922 1.5748, 0.3078 -0.591 1.5748, 0.288 -0.591 1.5748, 0.3075 -0.599 1.5748, 0.297 -0.599 1.5748, 0.297 -0.6525 1.5748, 0.307 -0.6525 1.5748, 0.3277 -0.6453 1.5748, 0.3264 -0.6464 1.5748, 0.3218 -0.6494 1.5748, 0.3159 -0.6515 1.5748, 0.3351 -0.6251 1.5748, 0.3348 -0.6295 1.5748, 0.3335 -0.6358 1.5748, 0.3311 -0.641 1.5748, 0.3275 -0.6055 1.5748, 0.3294 -0.6074 1.5748, 0.3321 -0.6113 1.5748, 0.334 -0.6163 1.5748, 0.3164 -0.6 1.5748, 0.3224 -0.6022 1.5748
            ]
        }
        coordIndex [
            0,1,2,-1,3,4,5,-1,3,5,6,-1,6,5,7,-1,6,7,2,-1,2,7,8,-1,2,8,0,-1,9,1,10,-1,10,1,0,-1,10,11,9,-1,9,11,12,-1,13,14,15,-1,15,14,12,-1,15,12,16,-1,16,12,11,-1,14,13,17,-1,17,13,18,-1,18,19,17,-1,17,19,20,-1,17,20,21,-1,21,20,22,-1,21,22,23,-1,23,22,24,-1,23,24,25,-1,25,24,26,-1,25,26,27,-1,27,26,28,-1,27,28,29,-1,29,28,30,-1,29,30,31,-1,31,30,32,-1,31,32,33,-1,33,32,34,-1,33,34,35,-1,35,34,36,-1,35,36,37,-1,37,36,38,-1,37,38,39,-1,39,38,40,-1,39,40,41,-1,41,40,42,-1,41,42,43,-1,43,42,44,-1,43,44,45,-1,45,44,46,-1,45,46,47,-1,47,46,48,-1,47,48,49,-1,49,48,50,-1,49,50,51,-1,51,50,52,-1,51,52,53,-1,53,52,54,-1,53,54,55,-1,55,54,56,-1,55,56,57,-1,57,56,58,-1,57,58,59,-1,59,58,60,-1,59,60,61,-1,61,60,62,-1,61,62,63,-1,63,62,64,-1,63,64,65,-1,65,64,66,-1,65,66,67,-1,67,66,68,-1,67,68,69,-1,69,68,70,-1,69,70,71,-1,71,70,72,-1,71,72,73,-1,73,72,74,-1,73,74,75,-1,76,75,77,-1,77,75,74,-1,76,77,78,-1,76,78,79,-1,79,78,80,-1,79,80,81,-1,81,80,82,-1,81,82,83,-1,83,82,84,-1,83,84,85,-1,85,84,86,-1,85,86,87,-1,86,88,87,-1,87,88,89,-1,88,90,89,-1,89,90,91,-1,89,91,92,-1,92,91,93,-1,92,93,94,-1,94,93,95,-1,94,95,96,-1,96,95,97,-1,96,97,98,-1,98,97,99,-1,98,99,100,-1,100,99,101,-1,100,101,102,-1,103,104,105,-1,102,101,106,-1,102,106,107,-1,107,106,108,-1,107,108,105,-1,105,108,109,-1,105,109,103,-1,104,103,110,-1,104,110,111,-1,111,110,112,-1,111,112,113,-1,113,112,114,-1,113,114,115,-1,115,114,116,-1,115,116,117,-1,117,116,118,-1,117,118,119,-1,119,118,120,-1,119,120,121,-1,121,120,122,-1,121,122,123,-1,123,122,124,-1,123,124,125,-1,125,124,126,-1,125,126,127,-1,127,126,128,-1,127,128,129,-1,129,128,130,-1,129,130,131,-1,131,130,132,-1,131,132,133,-1,133,132,134,-1,133,134,135,-1,135,134,4,-1,135,4,3,-1,59,61,87,-1,87,61,85,-1,85,61,63,-1,85,63,83,-1,125,25,27,-1,111,43,104,-1,104,43,45,-1,125,27,123,-1,123,27,29,-1,123,29,121,-1,121,29,31,-1,121,31,119,-1,119,31,33,-1,119,33,117,-1,117,33,35,-1,117,35,115,-1,115,35,37,-1,115,37,113,-1,113,37,39,-1,113,39,111,-1,111,39,41,-1,111,41,43,-1,25,125,23,-1,23,125,127,-1,23,127,21,-1,14,3,12,-1,12,3,6,-1,12,6,9,-1,9,6,2,-1,9,2,1,-1,63,65,83,-1,83,65,67,-1,83,67,81,-1,81,67,69,-1,81,69,79,-1,79,69,71,-1,79,71,76,-1,76,71,73,-1,76,73,75,-1,127,129,21,-1,21,129,131,-1,21,131,17,-1,17,131,133,-1,17,133,14,-1,14,133,135,-1,14,135,3,-1,87,89,59,-1,59,89,92,-1,59,92,57,-1,57,92,94,-1,57,94,55,-1,55,94,96,-1,55,96,53,-1,53,96,98,-1,53,98,51,-1,51,98,100,-1,51,100,49,-1,49,100,102,-1,49,102,47,-1,47,102,107,-1,47,107,45,-1,45,107,105,-1,45,105,104,-1,136,137,138,-1,138,137,139,-1,140,136,141,-1,141,136,138,-1,140,141,142,-1,140,142,143,-1,143,142,144,-1,143,144,145,-1,146,145,147,-1,147,145,144,-1,148,146,149,-1,149,146,147,-1,150,151,152,-1,152,151,148,-1,152,148,149,-1,153,151,154,-1,154,151,150,-1,155,156,157,-1,157,156,153,-1,157,153,154,-1,158,159,160,-1,160,159,156,-1,160,156,155,-1,158,161,159,-1,159,161,162,-1,161,163,162,-1,162,163,164,-1,162,164,165,-1,165,164,166,-1,165,166,167,-1,167,166,168,-1,167,168,169,-1,169,168,170,-1,169,170,171,-1,171,170,172,-1,171,172,173,-1,173,172,174,-1,173,174,175,-1,175,174,176,-1,175,176,177,-1,178,177,179,-1,179,177,176,-1,178,179,180,-1,178,180,181,-1,181,180,182,-1,181,182,183,-1,183,182,184,-1,183,184,185,-1,185,184,186,-1,185,186,187,-1,186,188,187,-1,187,188,189,-1,187,189,190,-1,190,189,191,-1,190,191,192,-1,192,191,193,-1,192,193,194,-1,139,137,195,-1,195,137,194,-1,195,194,193,-1,143,145,194,-1,137,136,194,-1,194,136,140,-1,194,140,143,-1,151,153,148,-1,148,153,156,-1,148,156,146,-1,145,146,194,-1,194,146,156,-1,194,156,192,-1,156,159,192,-1,192,159,162,-1,192,162,190,-1,190,162,165,-1,190,165,187,-1,187,165,167,-1,187,167,185,-1,185,167,169,-1,185,169,183,-1,183,169,171,-1,183,171,181,-1,181,171,173,-1,181,173,178,-1,178,173,175,-1,178,175,177,-1,196,197,198,-1,198,197,199,-1,200,201,202,-1,202,201,196,-1,202,196,198,-1,203,201,204,-1,204,201,200,-1,203,204,205,-1,205,204,206,-1,205,206,207,-1,208,205,209,-1,209,205,207,-1,210,211,212,-1,212,211,208,-1,212,208,209,-1,213,211,214,-1,214,211,210,-1,215,216,217,-1,217,216,213,-1,217,213,214,-1,218,216,219,-1,219,216,215,-1,220,221,222,-1,222,221,218,-1,222,218,219,-1,223,221,224,-1,224,221,220,-1,199,197,225,-1,225,197,223,-1,225,223,224,-1,197,196,223,-1,223,196,201,-1,205,208,203,-1,203,208,211,-1,216,218,213,-1,213,218,221,-1,213,221,211,-1,211,221,223,-1,211,223,203,-1,203,223,201,-1,226,227,228,-1,228,227,229,-1,228,229,230,-1,230,229,231,-1,230,231,232,-1,232,231,233,-1,232,233,234,-1,234,233,235,-1,234,235,236,-1,236,235,237,-1,236,237,238,-1,238,237,239,-1,238,239,240,-1,240,239,241,-1,240,241,242,-1,242,241,243,-1,242,243,244,-1,244,243,245,-1,244,245,246,-1,246,245,247,-1,246,247,248,-1,248,247,249,-1,248,249,250,-1,250,249,251,-1,250,251,252,-1,252,251,253,-1,252,253,254,-1,254,253,255,-1,254,255,256,-1,256,255,257,-1,256,257,258,-1,258,257,259,-1,258,259,260,-1,260,259,226,-1,260,226,228,-1,234,236,261,-1,261,236,262,-1,234,261,263,-1,234,263,232,-1,232,263,264,-1,232,264,230,-1,230,264,265,-1,230,265,228,-1,228,265,266,-1,228,266,260,-1,260,266,267,-1,260,267,258,-1,258,267,268,-1,258,268,256,-1,256,268,269,-1,256,269,254,-1,254,269,270,-1,254,270,252,-1,252,270,271,-1,252,271,250,-1,250,271,272,-1,250,272,248,-1,248,272,273,-1,248,273,246,-1,246,273,274,-1,246,274,244,-1,244,274,275,-1,244,275,242,-1,242,275,276,-1,242,276,240,-1,238,240,277,-1,277,240,276,-1,236,238,262,-1,262,238,277,-1,241,239,278,-1,278,239,279,-1,239,237,279,-1,279,237,280,-1,237,235,280,-1,280,235,281,-1,227,282,283,-1,227,283,229,-1,229,283,284,-1,229,284,231,-1,231,284,285,-1,231,285,233,-1,233,285,281,-1,233,281,235,-1,255,286,287,-1,255,287,257,-1,257,287,288,-1,257,288,259,-1,259,288,289,-1,259,289,226,-1,226,289,282,-1,226,282,227,-1,247,290,291,-1,247,291,249,-1,249,291,292,-1,249,292,251,-1,251,292,293,-1,251,293,253,-1,253,293,286,-1,253,286,255,-1,241,278,294,-1,241,294,243,-1,243,294,295,-1,243,295,245,-1,245,295,290,-1,245,290,247,-1,
        ]
    }
}
Shape{
    appearance Appearance {
        material  Material 	{
            diffuseColor 0.5019607843137255 0.5019607843137255 0.5019607843137255
            specularColor 0.44313725490196076 0.44313725490196076 0.44313725490196076
            ambientIntensity 0.502
            transparency 0.0
            shininess 0.5
        }
    }
    geometry IndexedFaceSet {
        ccw TRUE
        solid FALSE
        coord DEF co Coordinate {
            point [
                0.297 -0.599 1.5748, 0.297 -0.6525 1.5748, 0.3075 -0.599 1.5748, 0.307 -0.6525 1.5748, 0.3159 -0.6515 1.5748, 0.3218 -0.6494 1.5748, 0.3264 -0.6464 1.5748, 0.3277 -0.6453 1.5748, 0.3311 -0.641 1.5748, 0.3335 -0.6358 1.5748, 0.3348 -0.6295 1.5748, 0.3351 -0.6251 1.5748, 0.334 -0.6163 1.5748, 0.3321 -0.6113 1.5748, 0.3294 -0.6074 1.5748, 0.3275 -0.6055 1.5748, 0.3164 -0.6 1.5748, 0.3224 -0.6022 1.5748
            ]
        }
        coordIndex [
            0,1,2,-1,2,1,3,-1,2,3,4,-1,4,5,2,-1,2,5,6,-1,2,6,7,-1,7,8,2,-1,2,8,9,-1,2,9,10,-1,10,11,2,-1,2,11,12,-1,2,12,13,-1,13,14,2,-1,2,14,15,-1,2,15,16,-1,16,15,17,-1,
        ]
    }
}
Shape{
    appearance Appearance {
        material  Material 	{
            diffuseColor 0.0 0.0 0.0
            specularColor 0.0 0.0 0.0
            ambientIntensity 0.0
            transparency 0.0
            shininess 0.5
        }
    }
    geometry IndexedFaceSet {
        ccw TRUE
        solid FALSE
        coord DEF co Coordinate {
            point [
                0.3677 -0.6336 1.5787, 0.3649 -0.6414 1.5787, 0.391 -0.6336 1.5787, 0.3938 -0.6414 1.5787, 0.3781 -0.6048 1.5787, 0.3748 -0.591 1.5787, 0.3483 -0.6604 1.5787, 0.3582 -0.6604 1.5787, 0.3787 -0.6027 1.5787, 0.3792 -0.5999 1.5787, 0.3843 -0.591 1.5787, 0.3794 -0.5999 1.5787, 0.38 -0.6028 1.5787, 0.3805 -0.6048 1.5787, 0.4107 -0.6604 1.5787, 0.4008 -0.6604 1.5787, 0.3843 -0.591 1.5748, 0.4107 -0.6604 1.5748, 0.3748 -0.591 1.5748, 0.3483 -0.6604 1.5748, 0.3582 -0.6604 1.5748, 0.3649 -0.6414 1.5748, 0.3938 -0.6414 1.5748, 0.4008 -0.6604 1.5748, 0.3677 -0.6336 1.5748, 0.391 -0.6336 1.5748, 0.3805 -0.6048 1.5748, 0.3794 -0.5999 1.5748, 0.38 -0.6028 1.5748, 0.3792 -0.5999 1.5748, 0.3781 -0.6048 1.5748, 0.3787 -0.6027 1.5748
            ]
        }
        coordIndex [
            0,1,2,-1,2,1,3,-1,4,5,0,-1,0,5,6,-1,0,6,1,-1,1,6,7,-1,4,8,5,-1,5,8,9,-1,5,9,10,-1,10,9,11,-1,10,11,12,-1,12,13,10,-1,10,13,2,-1,10,2,14,-1,14,2,3,-1,14,3,15,-1,10,14,16,-1,16,14,17,-1,5,10,18,-1,18,10,16,-1,6,5,19,-1,19,5,18,-1,7,6,20,-1,20,6,19,-1,1,7,21,-1,21,7,20,-1,3,1,22,-1,22,1,21,-1,15,3,23,-1,23,3,22,-1,14,15,17,-1,17,15,23,-1,0,2,24,-1,24,2,25,-1,2,13,25,-1,25,13,26,-1,11,27,28,-1,11,28,12,-1,12,28,26,-1,12,26,13,-1,11,9,27,-1,27,9,29,-1,4,30,31,-1,4,31,8,-1,8,31,29,-1,8,29,9,-1,4,0,30,-1,30,0,24,-1,
        ]
    }
}
Shape{
    appearance Appearance {
        material  Material 	{
            diffuseColor 0.5019607843137255 0.5019607843137255 0.5019607843137255
            specularColor 0.44313725490196076 0.44313725490196076 0.44313725490196076
            ambientIntensity 0.502
            transparency 0.0
            shininess 0.5
        }
    }
    geometry IndexedFaceSet {
        ccw TRUE
        solid FALSE
        coord DEF co Coordinate {
            point [
                0.3794 -0.5999 1.5748, 0.3792 -0.5999 1.5748, 0.38 -0.6028 1.5748, 0.3787 -0.6027 1.5748, 0.3805 -0.6048 1.5748, 0.3781 -0.6048 1.5748, 0.391 -0.6336 1.5748, 0.3677 -0.6336 1.5748
            ]
        }
        coordIndex [
            0,1,2,-1,2,1,3,-1,2,3,4,-1,4,3,5,-1,4,5,6,-1,6,5,7,-1,
        ]
    }
}
Shape{
    appearance Appearance {
        material  Material 	{
            diffuseColor 0.0 0.0 0.0
            specularColor 0.0 0.0 0.0
            ambientIntensity 0.0
            transparency 0.0
            shininess 0.5
        }
    }
    geometry IndexedFaceSet {
        ccw TRUE
        solid FALSE
        coord DEF co Coordinate {
            point [
                -0.2607 -0.6702 1.5787, -0.2534 -0.6793 1.5787, -0.2652 -0.6266 1.5787, -0.0418 -0.5921 1.5787, -0.043 -0.6017 1.5787, -0.0136 -0.6097 1.5787, -0.2152 -0.6256 1.5787, -0.2106 -0.6272 1.5787, -0.1695 -0.6389 1.5787, -0.2067 -0.6299 1.5787, -0.2035 -0.6334 1.5787, -0.1005 -0.6025 1.5787, -0.1158 -0.5763 1.5787, -0.1818 -0.6108 1.5787, -0.2193 -0.6251 1.5787, -0.2322 -0.6587 1.5787, -0.2282 -0.6614 1.5787, -0.2438 -0.6865 1.5787, -0.2237 -0.6631 1.5787, -0.2759 -0.62 1.5787, -0.274 -0.657 1.5787, -0.2657 -0.6596 1.5787, -0.2014 -0.6375 1.5787, -0.2002 -0.6421 1.5787, -0.1695 -0.6439 1.5787, -0.2002 -0.6466 1.5787, -0.2235 -0.6256 1.5787, -0.2306 -0.5955 1.5787, -0.2278 -0.6271 1.5787, -0.2415 -0.5997 1.5787, -0.2318 -0.6297 1.5787, -0.2516 -0.6067 1.5787, -0.235 -0.6332 1.5787, -0.2597 -0.616 1.5787, -0.2373 -0.6375 1.5787, -0.2384 -0.6423 1.5787, -0.0842 -0.5536 1.5787, -0.0803 -0.5536 1.5787, -0.0601 -0.527 1.5787, -0.0709 -0.5548 1.5787, -0.0573 -0.5279 1.5787, -0.0623 -0.5581 1.5787, -0.0427 -0.5353 1.5787, -0.0293 -0.5467 1.5787, -0.2229 -0.5374 1.5787, -0.2193 -0.5393 1.5787, -0.2346 -0.5033 1.5787, -0.2122 -0.5244 1.5787, -0.2245 -0.4916 1.5787, -0.2013 -0.5111 1.5787, -0.2129 -0.4816 1.5787, -0.1876 -0.5009 1.5787, -0.201 -0.4742 1.5787, -0.2009 -0.5974 1.5787, -0.2128 -0.5944 1.5787, -0.2188 -0.5941 1.5787, -0.02 -0.6253 1.5787, -0.0464 -0.6105 1.5787, -0.0295 -0.6384 1.5787, -0.0867 -0.4881 1.5787, -0.1045 -0.5121 1.5787, -0.0706 -0.5066 1.5787, -0.0938 -0.5257 1.5787, -0.0866 -0.5418 1.5787, -0.2847 -0.6109 1.5787, -0.3051 -0.636 1.5787, -0.2916 -0.6479 1.5787, -0.2933 -0.5693 1.5787, -0.3256 -0.5767 1.5787, -0.2948 -0.5812 1.5787, -0.3258 -0.5822 1.5787, -0.2942 -0.5888 1.5787, -0.3239 -0.5997 1.5787, -0.2907 -0.6008 1.5787, -0.3173 -0.6181 1.5787, -0.3068 -0.634 1.5787, -0.0547 -0.5634 1.5787, -0.0489 -0.5698 1.5787, -0.0194 -0.5608 1.5787, -0.0443 -0.5784 1.5787, -0.0134 -0.5758 1.5787, -0.042 -0.5878 1.5787, -0.0112 -0.5916 1.5787, -0.0113 -0.5936 1.5787, -0.0518 -0.6182 1.5787, -0.0525 -0.6189 1.5787, -0.0433 -0.6501 1.5787, -0.0598 -0.6249 1.5787, -0.0584 -0.6573 1.5787, -0.0685 -0.6289 1.5787, -0.0744 -0.6606 1.5787, -0.0773 -0.6306 1.5787, -0.1034 -0.6606 1.5787, -0.0995 -0.6306 1.5787, -0.106 -0.6602 1.5787, -0.1782 -0.4654 1.5787, -0.1715 -0.4944 1.5787, -0.1537 -0.4624 1.5787, -0.1532 -0.492 1.5787, -0.1334 -0.4645 1.5787, -0.1371 -0.4939 1.5787, -0.1087 -0.4733 1.5787, -0.1216 -0.4997 1.5787, -0.1077 -0.5092 1.5787, -0.234 -0.5333 1.5787, -0.2403 -0.5027 1.5787, -0.2455 -0.5319 1.5787, -0.2459 -0.5024 1.5787, -0.2505 -0.5322 1.5787, -0.2635 -0.5043 1.5787, -0.2627 -0.5351 1.5787, -0.2819 -0.5109 1.5787, -0.2737 -0.5409 1.5787, -0.2984 -0.5221 1.5787, -0.2822 -0.5485 1.5787, -0.3026 -0.526 1.5787, -0.2891 -0.5583 1.5787, -0.3136 -0.5397 1.5787, -0.3218 -0.5572 1.5787, -0.2353 -0.6551 1.5787, -0.2374 -0.651 1.5787, -0.2384 -0.6465 1.5787, -0.1904 -0.603 1.5787, -0.2324 -0.6913 1.5787, -0.2208 -0.6931 1.5787, -0.2193 -0.6636 1.5787, -0.2188 -0.6932 1.5787, -0.2151 -0.6631 1.5787, -0.2069 -0.6917 1.5787, -0.2108 -0.6616 1.5787, -0.1959 -0.6875 1.5787, -0.2069 -0.6591 1.5787, -0.1861 -0.6807 1.5787, -0.2037 -0.6556 1.5787, -0.1785 -0.6721 1.5787, -0.2014 -0.6513 1.5787, -0.1726 -0.6611 1.5787, -0.1698 -0.6489 1.5787, -0.102 -0.6301 1.5787, -0.1139 -0.6554 1.5787, -0.1125 -0.6568 1.5787, -0.1177 -0.6453 1.5787, -0.1173 -0.6489 1.5787, -0.116 -0.6523 1.5787, -0.1005 -0.6304 1.5787, -0.1093 -0.659 1.5787, -0.1061 -0.6305 1.5787, -0.1095 -0.6318 1.5787, -0.1177 -0.6439 1.5787, -0.1126 -0.6339 1.5787, -0.115 -0.6367 1.5787, -0.1168 -0.6401 1.5787, -0.1025 -0.6301 1.5787, -0.0263 -0.551 1.5748, -0.0194 -0.5608 1.5748, -0.0152 -0.5713 1.5748, -0.0134 -0.5758 1.5748, -0.0112 -0.5916 1.5748, -0.0293 -0.5467 1.5748, -0.0427 -0.5353 1.5748, -0.0573 -0.5279 1.5748, -0.0601 -0.527 1.5748, -0.0706 -0.5066 1.5748, -0.0867 -0.4881 1.5748, -0.098 -0.4804 1.5748, -0.1087 -0.4733 1.5748, -0.1334 -0.4645 1.5748, -0.1537 -0.4624 1.5748, -0.1782 -0.4654 1.5748, -0.201 -0.4742 1.5748, -0.211 -0.4804 1.5748, -0.2129 -0.4816 1.5748, -0.2245 -0.4916 1.5748, -0.2346 -0.5033 1.5748, -0.2403 -0.5027 1.5748, -0.2459 -0.5024 1.5748, -0.2635 -0.5043 1.5748, -0.2819 -0.5109 1.5748, -0.2984 -0.5221 1.5748, -0.3026 -0.526 1.5748, -0.3136 -0.5397 1.5748, -0.3189 -0.551 1.5748, -0.3218 -0.5572 1.5748, -0.3246 -0.5713 1.5748, -0.3256 -0.5767 1.5748, -0.3258 -0.5822 1.5748, -0.3239 -0.5997 1.5748, -0.3173 -0.6181 1.5748, -0.3068 -0.634 1.5748, -0.3051 -0.636 1.5748, -0.2916 -0.6479 1.5748, -0.274 -0.657 1.5748, -0.2657 -0.6596 1.5748, -0.265 -0.661 1.5748, -0.2607 -0.6702 1.5748, -0.2534 -0.6793 1.5748, -0.2438 -0.6865 1.5748, -0.2392 -0.6885 1.5748, -0.2324 -0.6913 1.5748, -0.2208 -0.6931 1.5748, -0.2188 -0.6932 1.5748, -0.1695 -0.6439 1.5748, -0.2069 -0.6917 1.5748, -0.1984 -0.6885 1.5748, -0.1959 -0.6875 1.5748, -0.1861 -0.6807 1.5748, -0.1785 -0.6721 1.5748, -0.1726 -0.6611 1.5748, -0.1726 -0.661 1.5748, -0.1698 -0.6489 1.5748, -0.1695 -0.6389 1.5748, -0.1005 -0.6025 1.5748, -0.1158 -0.5763 1.5748, -0.1818 -0.6108 1.5748, -0.1904 -0.603 1.5748, -0.2009 -0.5974 1.5748, -0.2128 -0.5944 1.5748, -0.2188 -0.5941 1.5748, -0.2306 -0.5955 1.5748, -0.2415 -0.5997 1.5748, -0.2516 -0.6067 1.5748, -0.2597 -0.616 1.5748, -0.2652 -0.6266 1.5748, -0.2759 -0.62 1.5748, -0.2847 -0.6109 1.5748, -0.2907 -0.6008 1.5748, -0.2942 -0.5888 1.5748, -0.2948 -0.5812 1.5748, -0.2935 -0.5713 1.5748, -0.2933 -0.5693 1.5748, -0.2891 -0.5583 1.5748, -0.2839 -0.551 1.5748, -0.2822 -0.5485 1.5748, -0.2737 -0.5409 1.5748, -0.2627 -0.5351 1.5748, -0.2505 -0.5322 1.5748, -0.2455 -0.5319 1.5748, -0.234 -0.5333 1.5748, -0.2229 -0.5374 1.5748, -0.2193 -0.5393 1.5748, -0.2122 -0.5244 1.5748, -0.2013 -0.5111 1.5748, -0.1876 -0.5009 1.5748, -0.1715 -0.4944 1.5748, -0.1532 -0.492 1.5748, -0.1371 -0.4939 1.5748, -0.1216 -0.4997 1.5748, -0.1077 -0.5092 1.5748, -0.1045 -0.5121 1.5748, -0.0938 -0.5257 1.5748, -0.0866 -0.5418 1.5748, -0.0848 -0.551 1.5748, -0.0842 -0.5536 1.5748, -0.0803 -0.5536 1.5748, -0.0709 -0.5548 1.5748, -0.0623 -0.5581 1.5748, -0.0547 -0.5634 1.5748, -0.0489 -0.5698 1.5748, -0.0481 -0.5713 1.5748, -0.0443 -0.5784 1.5748, -0.042 -0.5878 1.5748, -0.0418 -0.5921 1.5748, -0.043 -0.6017 1.5748, -0.0464 -0.6105 1.5748, -0.0518 -0.6182 1.5748, -0.0525 -0.6189 1.5748, -0.0598 -0.6249 1.5748, -0.0685 -0.6289 1.5748, -0.0773 -0.6306 1.5748, -0.0995 -0.6306 1.5748, -0.1005 -0.6304 1.5748, -0.102 -0.6301 1.5748, -0.1025 -0.6301 1.5748, -0.1061 -0.6305 1.5748, -0.1095 -0.6318 1.5748, -0.1126 -0.6339 1.5748, -0.115 -0.6367 1.5748, -0.1168 -0.6401 1.5748, -0.1177 -0.6439 1.5748, -0.1177 -0.6453 1.5748, -0.1173 -0.6489 1.5748, -0.116 -0.6523 1.5748, -0.1139 -0.6554 1.5748, -0.1125 -0.6568 1.5748, -0.1093 -0.659 1.5748, -0.106 -0.6602 1.5748, -0.1034 -0.6606 1.5748, -0.0744 -0.6606 1.5748, -0.0584 -0.6573 1.5748, -0.0433 -0.6501 1.5748, -0.0295 -0.6384 1.5748, -0.02 -0.6253 1.5748, -0.0136 -0.6097 1.5748, -0.0113 -0.5936 1.5748, -0.2193 -0.6251 1.5748, -0.2152 -0.6256 1.5748, -0.2106 -0.6272 1.5748, -0.2067 -0.6299 1.5748, -0.2035 -0.6334 1.5748, -0.2014 -0.6375 1.5748, -0.2002 -0.6421 1.5748, -0.2002 -0.6466 1.5748, -0.2014 -0.6513 1.5748, -0.2037 -0.6556 1.5748, -0.2069 -0.6591 1.5748, -0.2108 -0.6616 1.5748, -0.2151 -0.6631 1.5748, -0.2193 -0.6636 1.5748, -0.2237 -0.6631 1.5748, -0.2282 -0.6614 1.5748, -0.2322 -0.6587 1.5748, -0.2353 -0.6551 1.5748, -0.2374 -0.651 1.5748, -0.2384 -0.6465 1.5748, -0.2384 -0.6423 1.5748, -0.2373 -0.6375 1.5748, -0.235 -0.6332 1.5748, -0.2318 -0.6297 1.5748, -0.2278 -0.6271 1.5748, -0.2235 -0.6256 1.5748
            ]
        }
        coordIndex [
            0,1,2,-1,3,4,5,-1,6,7,8,-1,8,7,9,-1,8,9,10,-1,11,12,8,-1,8,12,13,-1,8,13,6,-1,6,13,14,-1,15,1,16,-1,16,1,17,-1,16,17,18,-1,19,20,2,-1,2,20,21,-1,2,21,0,-1,10,22,8,-1,8,22,23,-1,8,23,24,-1,24,23,25,-1,26,27,28,-1,28,27,29,-1,28,29,30,-1,30,29,31,-1,30,31,32,-1,32,31,33,-1,32,33,34,-1,34,33,2,-1,34,2,35,-1,36,37,38,-1,38,37,39,-1,38,39,40,-1,40,39,41,-1,40,41,42,-1,42,41,43,-1,44,45,46,-1,46,45,47,-1,46,47,48,-1,48,47,49,-1,48,49,50,-1,50,49,51,-1,50,51,52,-1,53,54,26,-1,26,54,55,-1,26,55,27,-1,5,4,56,-1,56,4,57,-1,56,57,58,-1,59,60,61,-1,61,60,62,-1,61,62,38,-1,38,62,63,-1,38,63,36,-1,64,65,19,-1,19,65,66,-1,19,66,20,-1,67,68,69,-1,69,68,70,-1,69,70,71,-1,71,70,72,-1,71,72,73,-1,73,72,74,-1,73,74,64,-1,64,74,75,-1,64,75,65,-1,41,76,43,-1,43,76,77,-1,43,77,78,-1,78,77,79,-1,78,79,80,-1,80,79,81,-1,80,81,82,-1,82,81,3,-1,82,3,83,-1,83,3,5,-1,57,84,58,-1,58,84,85,-1,58,85,86,-1,86,85,87,-1,86,87,88,-1,88,87,89,-1,88,89,90,-1,90,89,91,-1,90,91,92,-1,92,91,93,-1,92,93,94,-1,52,51,95,-1,95,51,96,-1,95,96,97,-1,97,96,98,-1,97,98,99,-1,99,98,100,-1,99,100,101,-1,101,100,102,-1,101,102,59,-1,59,102,103,-1,59,103,60,-1,44,46,104,-1,104,46,105,-1,104,105,106,-1,106,105,107,-1,106,107,108,-1,108,107,109,-1,108,109,110,-1,110,109,111,-1,110,111,112,-1,112,111,113,-1,112,113,114,-1,114,113,115,-1,114,115,116,-1,116,115,117,-1,116,117,67,-1,67,117,118,-1,67,118,68,-1,15,119,1,-1,1,119,120,-1,1,120,2,-1,2,120,121,-1,2,121,35,-1,14,13,26,-1,26,13,122,-1,26,122,53,-1,17,123,18,-1,18,123,124,-1,18,124,125,-1,125,124,126,-1,125,126,127,-1,127,126,128,-1,127,128,129,-1,129,128,130,-1,129,130,131,-1,131,130,132,-1,131,132,133,-1,133,132,134,-1,133,134,135,-1,135,134,136,-1,135,136,25,-1,25,136,137,-1,25,137,24,-1,138,139,140,-1,141,142,138,-1,138,142,143,-1,138,143,139,-1,93,144,94,-1,94,144,138,-1,94,138,145,-1,145,138,140,-1,146,147,148,-1,147,149,148,-1,148,149,150,-1,148,150,151,-1,141,138,148,-1,148,138,152,-1,148,152,146,-1,153,43,154,-1,154,43,78,-1,154,78,155,-1,155,78,80,-1,155,80,156,-1,156,80,82,-1,156,82,157,-1,153,158,43,-1,43,158,159,-1,43,159,42,-1,42,159,160,-1,42,160,40,-1,40,160,161,-1,40,161,38,-1,38,161,162,-1,38,162,61,-1,61,162,163,-1,61,163,59,-1,101,59,164,-1,164,59,163,-1,164,165,101,-1,101,165,166,-1,101,166,99,-1,99,166,167,-1,99,167,97,-1,97,167,168,-1,97,168,95,-1,95,168,169,-1,95,169,52,-1,52,169,50,-1,50,169,170,-1,50,170,171,-1,50,171,172,-1,50,172,48,-1,48,172,173,-1,48,173,46,-1,46,173,174,-1,46,174,105,-1,105,174,175,-1,105,175,107,-1,107,175,176,-1,107,176,109,-1,109,176,177,-1,109,177,111,-1,111,177,178,-1,111,178,113,-1,113,178,179,-1,113,179,115,-1,118,117,180,-1,180,117,115,-1,180,115,179,-1,180,181,118,-1,118,181,182,-1,118,182,68,-1,68,182,183,-1,183,184,68,-1,68,184,185,-1,68,185,70,-1,70,185,186,-1,70,186,72,-1,72,186,187,-1,72,187,74,-1,74,187,188,-1,74,188,75,-1,75,188,189,-1,75,189,65,-1,65,189,190,-1,65,190,66,-1,66,190,191,-1,66,191,20,-1,20,191,192,-1,20,192,21,-1,21,192,193,-1,21,193,0,-1,193,194,0,-1,0,194,195,-1,0,195,1,-1,1,195,196,-1,1,196,17,-1,17,196,197,-1,17,197,123,-1,197,198,123,-1,123,198,199,-1,123,199,124,-1,124,199,200,-1,124,200,126,-1,201,24,137,-1,126,200,202,-1,203,130,202,-1,202,130,128,-1,202,128,126,-1,203,204,130,-1,130,204,205,-1,130,205,132,-1,132,205,206,-1,132,206,134,-1,134,206,207,-1,134,207,136,-1,136,207,208,-1,136,208,137,-1,137,208,209,-1,137,209,201,-1,8,24,210,-1,210,24,201,-1,11,8,211,-1,211,8,210,-1,12,11,212,-1,212,11,211,-1,13,12,213,-1,213,12,212,-1,13,213,214,-1,13,214,122,-1,122,214,215,-1,122,215,53,-1,53,215,216,-1,53,216,54,-1,54,216,217,-1,54,217,55,-1,55,217,218,-1,55,218,27,-1,27,218,219,-1,27,219,29,-1,29,219,220,-1,29,220,31,-1,31,220,221,-1,31,221,33,-1,33,221,222,-1,33,222,2,-1,2,222,223,-1,2,223,19,-1,19,223,224,-1,19,224,64,-1,64,224,225,-1,64,225,73,-1,73,225,226,-1,73,226,71,-1,71,226,227,-1,71,227,69,-1,69,227,228,-1,69,228,67,-1,67,228,229,-1,67,229,230,-1,231,114,230,-1,230,114,116,-1,230,116,67,-1,231,232,114,-1,114,232,233,-1,114,233,112,-1,112,233,234,-1,112,234,110,-1,110,234,235,-1,110,235,108,-1,108,235,236,-1,108,236,106,-1,106,236,237,-1,106,237,104,-1,104,237,238,-1,104,238,44,-1,44,238,239,-1,44,239,45,-1,45,239,240,-1,45,240,47,-1,47,240,241,-1,47,241,49,-1,49,241,242,-1,49,242,51,-1,51,242,243,-1,51,243,96,-1,96,243,244,-1,96,244,98,-1,98,244,245,-1,98,245,100,-1,100,245,246,-1,100,246,102,-1,102,246,247,-1,102,247,103,-1,103,247,248,-1,103,248,60,-1,60,248,249,-1,60,249,62,-1,62,249,250,-1,62,250,63,-1,63,250,36,-1,36,250,251,-1,36,251,252,-1,37,36,253,-1,253,36,252,-1,37,253,254,-1,37,254,39,-1,39,254,255,-1,39,255,41,-1,41,255,256,-1,41,256,76,-1,76,256,257,-1,76,257,77,-1,77,257,258,-1,77,258,79,-1,258,259,79,-1,79,259,260,-1,79,260,81,-1,81,260,261,-1,81,261,3,-1,3,261,262,-1,3,262,4,-1,4,262,263,-1,4,263,57,-1,57,263,264,-1,57,264,84,-1,84,264,265,-1,84,265,85,-1,85,265,266,-1,85,266,87,-1,87,266,267,-1,87,267,89,-1,89,267,268,-1,89,268,91,-1,93,91,269,-1,269,91,268,-1,93,269,270,-1,93,270,144,-1,144,270,271,-1,144,271,138,-1,138,271,272,-1,138,272,152,-1,152,272,273,-1,152,273,146,-1,146,273,274,-1,146,274,147,-1,147,274,275,-1,147,275,149,-1,149,275,276,-1,149,276,150,-1,150,276,277,-1,150,277,151,-1,151,277,278,-1,151,278,148,-1,148,278,279,-1,148,279,141,-1,141,279,280,-1,141,280,142,-1,142,280,281,-1,142,281,143,-1,143,281,282,-1,143,282,139,-1,139,282,283,-1,139,283,140,-1,140,283,284,-1,140,284,145,-1,145,284,285,-1,145,285,94,-1,94,285,286,-1,94,286,92,-1,90,92,287,-1,287,92,286,-1,90,287,288,-1,90,288,88,-1,88,288,289,-1,88,289,86,-1,86,289,290,-1,86,290,58,-1,58,290,291,-1,58,291,56,-1,56,291,292,-1,56,292,5,-1,5,292,293,-1,5,293,83,-1,83,293,157,-1,83,157,82,-1,14,294,295,-1,14,295,6,-1,6,295,296,-1,6,296,7,-1,7,296,297,-1,7,297,9,-1,9,297,298,-1,9,298,10,-1,10,298,299,-1,10,299,22,-1,22,299,300,-1,22,300,23,-1,23,300,301,-1,23,301,25,-1,25,301,302,-1,25,302,135,-1,135,302,303,-1,135,303,133,-1,133,303,304,-1,133,304,131,-1,131,304,305,-1,131,305,129,-1,129,305,306,-1,129,306,127,-1,127,306,307,-1,127,307,125,-1,125,307,308,-1,125,308,18,-1,18,308,309,-1,18,309,16,-1,16,309,310,-1,16,310,15,-1,15,310,311,-1,15,311,119,-1,119,311,312,-1,119,312,120,-1,120,312,313,-1,120,313,121,-1,121,313,314,-1,121,314,35,-1,35,314,315,-1,35,315,34,-1,34,315,316,-1,34,316,32,-1,32,316,317,-1,32,317,30,-1,30,317,318,-1,30,318,28,-1,28,318,319,-1,28,319,26,-1,26,319,294,-1,26,294,14,-1,
        ]
    }
}
Shape{
    appearance Appearance {
        material  Material 	{
            diffuseColor 0.5019607843137255 0.5019607843137255 0.5019607843137255
            specularColor 0.44313725490196076 0.44313725490196076 0.44313725490196076
            ambientIntensity 0.502
            transparency 0.0
            shininess 0.5
        }
    }
    geometry IndexedFaceSet {
        ccw TRUE
        solid FALSE
        coord DEF co Coordinate {
            point [
                -0.2193 -0.6251 1.5748, -0.2193 -0.6636 1.5748, -0.2151 -0.6631 1.5748, -0.2278 -0.6271 1.5748, -0.2384 -0.6423 1.5748, -0.2235 -0.6256 1.5748, -0.2384 -0.6465 1.5748, -0.2002 -0.6421 1.5748, -0.2014 -0.6375 1.5748, -0.2035 -0.6334 1.5748, -0.2067 -0.6299 1.5748, -0.2374 -0.651 1.5748, -0.2353 -0.6551 1.5748, -0.2322 -0.6587 1.5748, -0.2106 -0.6272 1.5748, -0.2152 -0.6256 1.5748, -0.2318 -0.6297 1.5748, -0.235 -0.6332 1.5748, -0.2373 -0.6375 1.5748, -0.2282 -0.6614 1.5748, -0.2237 -0.6631 1.5748, -0.2108 -0.6616 1.5748, -0.2069 -0.6591 1.5748, -0.2002 -0.6466 1.5748, -0.2037 -0.6556 1.5748, -0.2014 -0.6513 1.5748
            ]
        }
        coordIndex [
            0,1,2,-1,3,4,5,-1,5,4,6,-1,5,6,0,-1,7,8,2,-1,2,8,9,-1,2,9,10,-1,6,11,0,-1,0,11,12,-1,0,12,13,-1,10,14,2,-1,2,14,15,-1,2,15,0,-1,3,16,4,-1,4,16,17,-1,4,17,18,-1,13,19,0,-1,0,19,20,-1,0,20,1,-1,2,21,7,-1,7,21,22,-1,7,22,23,-1,23,22,24,-1,23,24,25,-1,
        ]
    }
}
Shape{
    appearance Appearance {
        material  Material 	{
            diffuseColor 0.7529411764705882 0.7529411764705882 0.7529411764705882
            specularColor 0.6627450980392157 0.6627450980392157 0.6627450980392157
            ambientIntensity 0.7529
            transparency 0.0
            shininess 0.5
        }
    }
    geometry IndexedFaceSet {
        ccw TRUE
        solid FALSE
        coord DEF co Coordinate {
            point [
                0.7959 -0.7874 0.0394, 0.9842 -0.7874 0.0394, 0.7959 -0.6734 0.0394, 0.9842 0.7874 0.0394, 0.792 -0.6734 0.0394, 0.4331 0.7874 0.0394, 0.7881 -0.6734 0.0394, 0.4331 -0.7874 0.0394, 0.7881 -0.7874 0.0394, 0.7781 -0.7874 0.034, 0.775 -0.7874 0.0299, 0.773 -0.7874 0.0252, 0.7822 -0.7874 0.0371, 0.7869 -0.7874 0.0391, 0.8059 -0.7874 0.034, 0.809 -0.7874 0.0299, 0.811 -0.7874 0.015, 0.9842 -0.7874 0.0, 0.8117 -0.7874 0.0201, 0.811 -0.7874 0.0252, 0.7971 -0.7874 0.0391, 0.8018 -0.7874 0.0371, 0.4331 -0.7874 0.0, 0.7822 -0.7874 0.003, 0.7781 -0.7874 0.0062, 0.809 -0.7874 0.0102, 0.8059 -0.7874 0.0062, 0.8018 -0.7874 0.003, 0.7971 -0.7874 0.0011, 0.792 -0.7874 0.0004, 0.7869 -0.7874 0.0011, 0.775 -0.7874 0.0102, 0.773 -0.7874 0.015, 0.7723 -0.7874 0.0201, 0.4331 0.7874 0.0, 0.9842 0.7874 0.0
            ]
        }
        coordIndex [
            0,1,2,-1,2,1,3,-1,2,3,4,-1,4,3,5,-1,4,5,6,-1,6,5,7,-1,6,7,8,-1,9,7,10,-1,10,7,11,-1,9,12,7,-1,7,12,13,-1,7,13,8,-1,1,14,15,-1,16,17,18,-1,18,17,1,-1,18,1,19,-1,19,1,15,-1,0,20,1,-1,1,20,21,-1,1,21,14,-1,22,23,24,-1,16,25,17,-1,17,25,26,-1,17,26,27,-1,27,28,17,-1,17,28,29,-1,17,29,22,-1,22,29,30,-1,22,30,23,-1,24,31,22,-1,22,31,32,-1,22,32,7,-1,7,32,33,-1,7,33,11,-1,34,22,5,-1,5,22,7,-1,35,34,3,-1,3,34,5,-1,17,35,1,-1,1,35,3,-1,34,35,22,-1,22,35,17,-1,
        ]
    }
}
Shape{
    appearance Appearance {
        material  Material 	{
            diffuseColor 1.0 0.6705882352941176 0.058823529411764705
            specularColor 0.8784313725490196 0.5882352941176471 0.050980392156862744
            ambientIntensity 0.6993
            transparency 0.0
            shininess 0.5
        }
    }
    geometry IndexedFaceSet {
        ccw TRUE
        solid FALSE
        coord DEF co Coordinate {
            point [
                0.792 -0.6734 0.0394, 0.7881 -0.6734 0.0394, 0.7881 -0.7874 0.0394, 0.7869 -0.8267 0.0391, 0.792 -0.8267 0.0398, 0.7971 -0.7874 0.0391, 0.7959 -0.7874 0.0394, 0.7959 -0.6734 0.0394, 0.7971 -0.8267 0.0391, 0.8018 -0.8267 0.0371, 0.8018 -0.7874 0.0371, 0.8059 -0.8267 0.034, 0.8059 -0.7874 0.034, 0.807 -0.8267 0.0329, 0.809 -0.7874 0.0299, 0.7869 -0.7874 0.0391, 0.7822 -0.7874 0.0371, 0.7822 -0.8267 0.0371, 0.7781 -0.7874 0.034, 0.7781 -0.8267 0.034, 0.775 -0.7874 0.0299, 0.775 -0.8267 0.0299, 0.773 -0.7874 0.0252, 0.773 -0.8267 0.0252, 0.7723 -0.7874 0.0201, 0.7723 -0.8267 0.0201, 0.773 -0.7874 0.015, 0.773 -0.8267 0.015, 0.775 -0.7874 0.0102, 0.775 -0.8267 0.0102, 0.7781 -0.7874 0.0062, 0.7781 -0.8267 0.0062, 0.7822 -0.7874 0.003, 0.7822 -0.8267 0.003, 0.7869 -0.7874 0.0011, 0.7869 -0.8267 0.0011, 0.792 -0.7874 0.0004, 0.792 -0.8267 0.0004, 0.7971 -0.7874 0.0011, 0.7971 -0.8267 0.0011, 0.8018 -0.7874 0.003, 0.8018 -0.8267 0.003, 0.8059 -0.7874 0.0062, 0.8059 -0.8267 0.0062, 0.809 -0.7874 0.0102, 0.809 -0.8267 0.0102, 0.811 -0.7874 0.015, 0.811 -0.8267 0.015, 0.8117 -0.7874 0.0201, 0.8117 -0.8267 0.0201, 0.811 -0.7874 0.0252, 0.811 -0.8267 0.0252, 0.809 -0.8267 0.0299, 0.3815 -0.3589 0.3484, 0.383 -0.3577 0.3437, 0.3685 -0.37 0.3386, 0.3835 -0.3572 0.3386, 0.383 -0.3577 0.3335, 0.3724 -0.3667 0.3576, 0.376 -0.3636 0.3556, 0.3791 -0.361 0.3525, 0.361 -0.3764 0.3556, 0.3647 -0.3733 0.3576, 0.3685 -0.37 0.3583, 0.3541 -0.3823 0.3437, 0.3556 -0.3811 0.3484, 0.3579 -0.379 0.3525, 0.3556 -0.3811 0.3287, 0.3541 -0.3823 0.3335, 0.3536 -0.3828 0.3386, 0.3647 -0.3733 0.3196, 0.361 -0.3764 0.3215, 0.3579 -0.379 0.3247, 0.376 -0.3636 0.3215, 0.3724 -0.3667 0.3196, 0.3685 -0.37 0.3189, 0.3815 -0.3589 0.3287, 0.3791 -0.361 0.3247, 0.8018 -0.8491 0.0594, 0.8059 -0.8522 0.0594, 0.8059 -0.8513 0.0529, 0.807 -0.8533 0.0594, 0.809 -0.8553 0.0518, 0.809 -0.8563 0.0594, 0.811 -0.8598 0.0506, 0.811 -0.861 0.0594, 0.8117 -0.8648 0.0493, 0.8117 -0.8661 0.0594, 0.811 -0.8697 0.0479, 0.811 -0.8712 0.0594, 0.809 -0.8743 0.0467, 0.809 -0.876 0.0594, 0.8059 -0.8782 0.0457, 0.8059 -0.88 0.0594, 0.8018 -0.8812 0.0448, 0.8018 -0.8832 0.0594, 0.7971 -0.8831 0.0443, 0.7971 -0.8851 0.0594, 0.792 -0.8838 0.0442, 0.792 -0.8858 0.0594, 0.7869 -0.8831 0.0443, 0.7869 -0.8851 0.0594, 0.7822 -0.8812 0.0448, 0.7822 -0.8832 0.0594, 0.7781 -0.8782 0.0457, 0.7781 -0.88 0.0594, 0.775 -0.8743 0.0467, 0.775 -0.876 0.0594, 0.773 -0.8697 0.0479, 0.773 -0.8712 0.0594, 0.7723 -0.8648 0.0493, 0.7723 -0.8661 0.0594, 0.773 -0.8598 0.0506, 0.773 -0.861 0.0594, 0.775 -0.8553 0.0518, 0.775 -0.8563 0.0594, 0.7781 -0.8513 0.0529, 0.7781 -0.8522 0.0594, 0.7822 -0.8483 0.0537, 0.7822 -0.8491 0.0594, 0.7869 -0.8464 0.0542, 0.7869 -0.8471 0.0594, 0.792 -0.8458 0.0544, 0.792 -0.8464 0.0594, 0.7971 -0.8464 0.0542, 0.7971 -0.8471 0.0594, 0.8018 -0.8483 0.0537, 0.792 -0.8438 0.0496, 0.7869 -0.8444 0.0493, 0.7822 -0.8461 0.0483, 0.7781 -0.8488 0.0467, 0.775 -0.8523 0.0447, 0.773 -0.8564 0.0423, 0.7723 -0.8608 0.0398, 0.773 -0.8652 0.0372, 0.775 -0.8694 0.0348, 0.7781 -0.8729 0.0328, 0.7822 -0.8756 0.0312, 0.7869 -0.8773 0.0303, 0.792 -0.8779 0.0299, 0.7971 -0.8773 0.0303, 0.8018 -0.8756 0.0312, 0.8059 -0.8729 0.0328, 0.809 -0.8694 0.0348, 0.811 -0.8652 0.0372, 0.8117 -0.8608 0.0398, 0.811 -0.8564 0.0423, 0.809 -0.8523 0.0447, 0.8059 -0.8488 0.0467, 0.8018 -0.8461 0.0483, 0.7971 -0.8444 0.0493, 0.792 -0.8407 0.0455, 0.7869 -0.8411 0.0451, 0.7822 -0.8425 0.0437, 0.7781 -0.8447 0.0415, 0.775 -0.8476 0.0386, 0.773 -0.851 0.0352, 0.7723 -0.8546 0.0316, 0.773 -0.8582 0.028, 0.775 -0.8615 0.0247, 0.7781 -0.8644 0.0218, 0.7822 -0.8666 0.0196, 0.7869 -0.868 0.0182, 0.792 -0.8685 0.0177, 0.7971 -0.868 0.0182, 0.8018 -0.8666 0.0196, 0.8059 -0.8644 0.0218, 0.809 -0.8615 0.0247, 0.811 -0.8582 0.028, 0.8117 -0.8546 0.0316, 0.811 -0.851 0.0352, 0.809 -0.8476 0.0386, 0.8059 -0.8447 0.0415, 0.8018 -0.8425 0.0437, 0.7971 -0.8411 0.0451, 0.792 -0.8366 0.0424, 0.7869 -0.8369 0.0418, 0.7822 -0.8379 0.0401, 0.7781 -0.8395 0.0374, 0.775 -0.8415 0.0339, 0.773 -0.8439 0.0298, 0.7723 -0.8464 0.0254, 0.773 -0.849 0.0209, 0.775 -0.8513 0.0168, 0.7781 -0.8534 0.0133, 0.7822 -0.855 0.0106, 0.7869 -0.8559 0.0089, 0.792 -0.8563 0.0083, 0.7971 -0.8559 0.0089, 0.8018 -0.855 0.0106, 0.8059 -0.8534 0.0133, 0.809 -0.8513 0.0168, 0.811 -0.849 0.0209, 0.8117 -0.8464 0.0254, 0.811 -0.8439 0.0298, 0.809 -0.8415 0.0339, 0.8059 -0.8395 0.0374, 0.8018 -0.8379 0.0401, 0.7971 -0.8369 0.0418, 0.792 -0.8318 0.0404, 0.7869 -0.832 0.0398, 0.7822 -0.8325 0.0379, 0.7781 -0.8333 0.0349, 0.775 -0.8344 0.0309, 0.773 -0.8356 0.0263, 0.7723 -0.8369 0.0214, 0.773 -0.8383 0.0165, 0.775 -0.8395 0.0119, 0.7781 -0.8405 0.008, 0.7822 -0.8413 0.005, 0.7869 -0.8419 0.0031, 0.792 -0.842 0.0024, 0.7971 -0.8419 0.0031, 0.8018 -0.8413 0.005, 0.8059 -0.8405 0.008, 0.809 -0.8395 0.0119, 0.811 -0.8383 0.0165, 0.8117 -0.8369 0.0214, 0.811 -0.8356 0.0263, 0.809 -0.8344 0.0309, 0.8059 -0.8333 0.0349, 0.8018 -0.8325 0.0379, 0.7971 -0.832 0.0398, 0.7904 -0.8857 0.2992, 0.7869 -0.885 0.2992, 0.7854 -0.8847 0.2992, 0.7822 -0.883 0.2992, 0.7808 -0.8823 0.2992, 0.7782 -0.8799 0.2992, 0.777 -0.8789 0.2992, 0.7751 -0.8759 0.2992, 0.7742 -0.8746 0.2992, 0.7731 -0.8712 0.2992, 0.7726 -0.8697 0.2992, 0.7725 -0.8661 0.2992, 0.7724 -0.8646 0.2992, 0.7731 -0.861 0.2992, 0.7734 -0.8595 0.2992, 0.7751 -0.8563 0.2992, 0.7758 -0.855 0.2992, 0.7782 -0.8523 0.2992, 0.7792 -0.8511 0.2992, 0.7822 -0.8492 0.2992, 0.7835 -0.8483 0.2992, 0.7869 -0.8472 0.2992, 0.7884 -0.8468 0.2992, 0.792 -0.8466 0.2992, 0.7935 -0.8465 0.2992, 0.7971 -0.8472 0.2992, 0.7986 -0.8476 0.2992, 0.8018 -0.8492 0.2992, 0.8032 -0.8499 0.2992, 0.8058 -0.8523 0.2992, 0.807 -0.8533 0.2992, 0.8089 -0.8563 0.2992, 0.8098 -0.8576 0.2992, 0.8109 -0.8611 0.2992, 0.8114 -0.8625 0.2992, 0.8115 -0.8661 0.2992, 0.8116 -0.8677 0.2992, 0.8109 -0.8712 0.2992, 0.8106 -0.8727 0.2992, 0.8089 -0.8759 0.2992, 0.8082 -0.8773 0.2992, 0.8058 -0.8799 0.2992, 0.8048 -0.8811 0.2992, 0.8018 -0.883 0.2992, 0.8005 -0.8839 0.2992, 0.7971 -0.885 0.2992, 0.7956 -0.8855 0.2992, 0.792 -0.8857 0.2992, 0.7788 -0.8506 0.3043, 0.7753 -0.8544 0.3045, 0.773 -0.859 0.305, 0.7718 -0.8639 0.3058, 0.772 -0.8689 0.3069, 0.7735 -0.8737 0.3081, 0.7762 -0.8779 0.3094, 0.7799 -0.8812 0.3107, 0.7843 -0.8834 0.3119, 0.7893 -0.8844 0.313, 0.7943 -0.884 0.3138, 0.7992 -0.8824 0.3143, 0.8035 -0.8796 0.3145, 0.8069 -0.8758 0.3143, 0.8093 -0.8712 0.3138, 0.8104 -0.8663 0.313, 0.8103 -0.8613 0.3119, 0.8088 -0.8565 0.3107, 0.8061 -0.8523 0.3094, 0.8024 -0.849 0.3081, 0.7979 -0.8468 0.3069, 0.793 -0.8458 0.3058, 0.7879 -0.8462 0.305, 0.7664 -0.8362 0.3189, 0.7697 -0.84 0.3182, 0.7626 -0.8395 0.3196, 0.766 -0.8435 0.3189, 0.759 -0.8426 0.3215, 0.7627 -0.847 0.3208, 0.7559 -0.8452 0.3247, 0.7601 -0.8502 0.3238, 0.7535 -0.8472 0.3287, 0.7584 -0.853 0.3277, 0.752 -0.8485 0.3335, 0.7577 -0.8553 0.3323, 0.7515 -0.8489 0.3386, 0.7581 -0.8567 0.3372, 0.752 -0.8485 0.3437, 0.7594 -0.8573 0.3422, 0.7535 -0.8472 0.3484, 0.7617 -0.8569 0.3467, 0.7559 -0.8452 0.3525, 0.7648 -0.8557 0.3507, 0.759 -0.8426 0.3556, 0.7684 -0.8537 0.3537, 0.7626 -0.8395 0.3576, 0.7724 -0.851 0.3556, 0.7664 -0.8362 0.3583, 0.7764 -0.8478 0.3563, 0.7703 -0.8329 0.3576, 0.7801 -0.8444 0.3556, 0.7739 -0.8298 0.3556, 0.7834 -0.8409 0.3537, 0.777 -0.8271 0.3525, 0.786 -0.8376 0.3507, 0.7794 -0.8251 0.3484, 0.7877 -0.8348 0.3467, 0.7809 -0.8238 0.3437, 0.7884 -0.8326 0.3422, 0.7814 -0.8234 0.3386, 0.788 -0.8311 0.3372, 0.7809 -0.8238 0.3335, 0.7867 -0.8306 0.3323, 0.7794 -0.8251 0.3287, 0.7844 -0.8309 0.3277, 0.777 -0.8271 0.3247, 0.7813 -0.8321 0.3238, 0.7739 -0.8298 0.3215, 0.7777 -0.8342 0.3208, 0.7703 -0.8329 0.3196, 0.7737 -0.8369 0.3189, 0.7728 -0.8437 0.3163, 0.7692 -0.8472 0.3168, 0.7662 -0.851 0.3185, 0.7641 -0.8549 0.3213, 0.7631 -0.8585 0.3248, 0.7631 -0.8615 0.3289, 0.7642 -0.8639 0.3333, 0.7664 -0.8654 0.3377, 0.7694 -0.866 0.3418, 0.7732 -0.8655 0.3454, 0.7773 -0.864 0.3481, 0.7815 -0.8617 0.3498, 0.7856 -0.8586 0.3504, 0.7893 -0.8551 0.3498, 0.7922 -0.8512 0.3481, 0.7943 -0.8474 0.3454, 0.7954 -0.8438 0.3418, 0.7953 -0.8407 0.3377, 0.7942 -0.8384 0.3333, 0.792 -0.8369 0.3289, 0.789 -0.8363 0.3248, 0.7853 -0.8368 0.3213, 0.7812 -0.8383 0.3185, 0.7769 -0.8406 0.3168, 0.7755 -0.8468 0.3131, 0.7719 -0.8504 0.3136, 0.7692 -0.8546 0.315, 0.7675 -0.8589 0.3172, 0.767 -0.8631 0.3201, 0.7677 -0.8669 0.3234, 0.7695 -0.8701 0.3271, 0.7724 -0.8724 0.3307, 0.7761 -0.8737 0.334, 0.7803 -0.8739 0.3369, 0.7849 -0.8729 0.3391, 0.7894 -0.8709 0.3405, 0.7935 -0.8679 0.341, 0.7971 -0.8643 0.3405, 0.7998 -0.8601 0.3391, 0.8015 -0.8558 0.3369, 0.802 -0.8516 0.334, 0.8013 -0.8477 0.3307, 0.7995 -0.8446 0.3271, 0.7966 -0.8423 0.3234, 0.793 -0.841 0.3201, 0.7887 -0.8408 0.3172, 0.7842 -0.8418 0.315, 0.7797 -0.8438 0.3136, 0.7775 -0.8491 0.3091, 0.774 -0.8529 0.3094, 0.7715 -0.8573 0.3104, 0.7702 -0.862 0.3119, 0.7701 -0.8667 0.314, 0.7712 -0.8711 0.3164, 0.7736 -0.8749 0.3189, 0.777 -0.8778 0.3214, 0.7811 -0.8797 0.3238, 0.7858 -0.8803 0.3259, 0.7907 -0.8797 0.3274, 0.7954 -0.8779 0.3284, 0.7996 -0.8751 0.3287, 0.8031 -0.8713 0.3284, 0.8056 -0.8669 0.3274, 0.807 -0.8622 0.3259, 0.8071 -0.8575 0.3238, 0.8059 -0.8531 0.3214, 0.8035 -0.8493 0.3189, 0.8002 -0.8464 0.3164, 0.796 -0.8445 0.314, 0.7913 -0.8439 0.3119, 0.7865 -0.8445 0.3104, 0.7818 -0.8463 0.3094, 0.7831 -0.8478 0.3045
            ]
        }
        coordIndex [
            0,1,2,-1,3,4,2,-1,5,6,4,-1,2,4,0,-1,0,4,6,-1,0,6,7,-1,4,8,5,-1,5,8,9,-1,5,9,10,-1,10,9,11,-1,10,11,12,-1,12,11,13,-1,12,13,14,-1,2,15,3,-1,3,15,16,-1,3,16,17,-1,17,16,18,-1,17,18,19,-1,19,18,20,-1,19,20,21,-1,21,20,22,-1,21,22,23,-1,23,22,24,-1,23,24,25,-1,25,24,26,-1,25,26,27,-1,27,26,28,-1,27,28,29,-1,29,28,30,-1,29,30,31,-1,31,30,32,-1,31,32,33,-1,33,32,34,-1,33,34,35,-1,35,34,36,-1,35,36,37,-1,37,36,38,-1,37,38,39,-1,39,38,40,-1,39,40,41,-1,41,40,42,-1,41,42,43,-1,43,42,44,-1,43,44,45,-1,45,44,46,-1,45,46,47,-1,47,46,48,-1,47,48,49,-1,49,48,50,-1,49,50,51,-1,51,50,14,-1,51,14,52,-1,52,14,13,-1,53,54,55,-1,55,54,56,-1,55,56,57,-1,58,59,55,-1,55,59,60,-1,55,60,53,-1,61,62,55,-1,55,62,63,-1,55,63,58,-1,64,65,55,-1,55,65,66,-1,55,66,61,-1,67,68,55,-1,55,68,69,-1,55,69,64,-1,70,71,55,-1,55,71,72,-1,55,72,67,-1,73,74,55,-1,55,74,75,-1,55,75,70,-1,57,76,55,-1,55,76,77,-1,55,77,73,-1,78,79,80,-1,80,79,81,-1,80,81,82,-1,82,81,83,-1,82,83,84,-1,84,83,85,-1,84,85,86,-1,86,85,87,-1,86,87,88,-1,88,87,89,-1,88,89,90,-1,90,89,91,-1,90,91,92,-1,92,91,93,-1,92,93,94,-1,94,93,95,-1,94,95,96,-1,96,95,97,-1,96,97,98,-1,98,97,99,-1,98,99,100,-1,100,99,101,-1,100,101,102,-1,102,101,103,-1,102,103,104,-1,104,103,105,-1,104,105,106,-1,106,105,107,-1,106,107,108,-1,108,107,109,-1,108,109,110,-1,110,109,111,-1,110,111,112,-1,112,111,113,-1,112,113,114,-1,114,113,115,-1,114,115,116,-1,116,115,117,-1,116,117,118,-1,118,117,119,-1,118,119,120,-1,120,119,121,-1,120,121,122,-1,122,121,123,-1,122,123,124,-1,124,123,125,-1,124,125,126,-1,126,125,78,-1,126,78,80,-1,122,127,120,-1,120,127,128,-1,120,128,118,-1,118,128,129,-1,118,129,116,-1,116,129,130,-1,116,130,114,-1,114,130,131,-1,114,131,112,-1,112,131,132,-1,112,132,110,-1,110,132,133,-1,110,133,108,-1,108,133,134,-1,108,134,106,-1,106,134,135,-1,106,135,104,-1,104,135,136,-1,104,136,102,-1,102,136,137,-1,102,137,100,-1,100,137,138,-1,100,138,98,-1,98,138,139,-1,98,139,96,-1,96,139,140,-1,96,140,94,-1,94,140,141,-1,94,141,92,-1,92,141,142,-1,92,142,90,-1,90,142,143,-1,90,143,88,-1,88,143,144,-1,88,144,86,-1,86,144,145,-1,86,145,84,-1,84,145,146,-1,84,146,82,-1,82,146,147,-1,82,147,80,-1,80,147,148,-1,80,148,126,-1,126,148,149,-1,126,149,124,-1,124,149,150,-1,124,150,122,-1,122,150,127,-1,127,151,128,-1,128,151,152,-1,128,152,129,-1,129,152,153,-1,129,153,130,-1,130,153,154,-1,130,154,131,-1,131,154,155,-1,131,155,132,-1,132,155,156,-1,132,156,133,-1,133,156,157,-1,133,157,134,-1,134,157,158,-1,134,158,135,-1,135,158,159,-1,135,159,136,-1,136,159,160,-1,136,160,137,-1,137,160,161,-1,137,161,138,-1,138,161,162,-1,138,162,139,-1,139,162,163,-1,139,163,140,-1,140,163,164,-1,140,164,141,-1,141,164,165,-1,141,165,142,-1,142,165,166,-1,142,166,143,-1,143,166,167,-1,143,167,144,-1,144,167,168,-1,144,168,145,-1,145,168,169,-1,145,169,146,-1,146,169,170,-1,146,170,147,-1,147,170,171,-1,147,171,148,-1,148,171,172,-1,148,172,149,-1,149,172,173,-1,149,173,150,-1,150,173,174,-1,150,174,127,-1,127,174,151,-1,151,175,152,-1,152,175,176,-1,152,176,153,-1,153,176,177,-1,153,177,154,-1,154,177,178,-1,154,178,155,-1,155,178,179,-1,155,179,156,-1,156,179,180,-1,156,180,157,-1,157,180,181,-1,157,181,158,-1,158,181,182,-1,158,182,159,-1,159,182,183,-1,159,183,160,-1,160,183,184,-1,160,184,161,-1,161,184,185,-1,161,185,162,-1,162,185,186,-1,162,186,163,-1,163,186,187,-1,163,187,164,-1,164,187,188,-1,164,188,165,-1,165,188,189,-1,165,189,166,-1,166,189,190,-1,166,190,167,-1,167,190,191,-1,167,191,168,-1,168,191,192,-1,168,192,169,-1,169,192,193,-1,169,193,170,-1,170,193,194,-1,170,194,171,-1,171,194,195,-1,171,195,172,-1,172,195,196,-1,172,196,173,-1,173,196,197,-1,173,197,174,-1,174,197,198,-1,174,198,151,-1,151,198,175,-1,175,199,176,-1,176,199,200,-1,176,200,177,-1,177,200,201,-1,177,201,178,-1,178,201,202,-1,178,202,179,-1,179,202,203,-1,179,203,180,-1,180,203,204,-1,180,204,181,-1,181,204,205,-1,181,205,182,-1,182,205,206,-1,182,206,183,-1,183,206,207,-1,183,207,184,-1,184,207,208,-1,184,208,185,-1,185,208,209,-1,185,209,186,-1,186,209,210,-1,186,210,187,-1,187,210,211,-1,187,211,188,-1,188,211,212,-1,188,212,189,-1,189,212,213,-1,189,213,190,-1,190,213,214,-1,190,214,191,-1,191,214,215,-1,191,215,192,-1,192,215,216,-1,192,216,193,-1,193,216,217,-1,193,217,194,-1,194,217,218,-1,194,218,195,-1,195,218,219,-1,195,219,196,-1,196,219,220,-1,196,220,197,-1,197,220,221,-1,197,221,198,-1,198,221,222,-1,198,222,175,-1,175,222,199,-1,52,13,220,-1,220,13,11,-1,220,11,221,-1,221,11,9,-1,221,9,222,-1,222,9,8,-1,222,8,199,-1,199,8,4,-1,199,4,200,-1,200,4,3,-1,200,3,201,-1,201,3,17,-1,201,17,202,-1,202,17,19,-1,202,19,203,-1,203,19,21,-1,203,21,204,-1,204,21,23,-1,204,23,205,-1,205,23,25,-1,205,25,206,-1,206,25,27,-1,206,27,207,-1,207,27,29,-1,207,29,208,-1,208,29,31,-1,208,31,209,-1,209,31,33,-1,209,33,210,-1,210,33,35,-1,210,35,211,-1,211,35,37,-1,211,37,212,-1,212,37,39,-1,212,39,213,-1,213,39,41,-1,213,41,214,-1,214,41,43,-1,214,43,215,-1,215,43,45,-1,215,45,216,-1,216,45,47,-1,216,47,217,-1,217,47,49,-1,217,49,218,-1,218,49,51,-1,218,51,219,-1,219,51,52,-1,219,52,220,-1,101,99,223,-1,223,224,101,-1,101,224,225,-1,101,225,103,-1,225,226,103,-1,103,226,227,-1,103,227,105,-1,227,228,105,-1,105,228,229,-1,105,229,107,-1,229,230,107,-1,107,230,231,-1,107,231,109,-1,231,232,109,-1,109,232,233,-1,109,233,111,-1,233,234,111,-1,111,234,235,-1,111,235,113,-1,235,236,113,-1,113,236,237,-1,113,237,115,-1,237,238,115,-1,115,238,239,-1,115,239,117,-1,239,240,117,-1,117,240,241,-1,117,241,119,-1,241,242,119,-1,119,242,243,-1,119,243,121,-1,243,244,121,-1,121,244,245,-1,121,245,123,-1,245,246,123,-1,123,246,247,-1,123,247,125,-1,247,248,125,-1,125,248,249,-1,125,249,78,-1,249,250,78,-1,78,250,251,-1,78,251,79,-1,79,251,252,-1,79,252,81,-1,81,252,253,-1,81,253,83,-1,253,254,83,-1,83,254,255,-1,83,255,85,-1,255,256,85,-1,85,256,257,-1,85,257,87,-1,257,258,87,-1,87,258,259,-1,87,259,89,-1,259,260,89,-1,89,260,261,-1,89,261,91,-1,261,262,91,-1,91,262,263,-1,91,263,93,-1,263,264,93,-1,93,264,265,-1,93,265,95,-1,265,266,95,-1,95,266,267,-1,95,267,97,-1,267,268,97,-1,97,268,269,-1,97,269,99,-1,99,269,270,-1,99,270,223,-1,271,241,240,-1,271,240,272,-1,240,239,272,-1,272,239,238,-1,272,238,273,-1,238,237,273,-1,273,237,236,-1,273,236,274,-1,236,235,274,-1,274,235,234,-1,274,234,275,-1,234,233,275,-1,275,233,232,-1,275,232,276,-1,232,231,276,-1,276,231,230,-1,276,230,277,-1,230,229,277,-1,277,229,228,-1,277,228,278,-1,228,227,278,-1,278,227,226,-1,278,226,279,-1,226,225,279,-1,279,225,224,-1,279,224,280,-1,224,223,280,-1,280,223,270,-1,280,270,281,-1,270,269,281,-1,281,269,268,-1,281,268,282,-1,268,267,282,-1,282,267,266,-1,282,266,283,-1,266,265,283,-1,283,265,264,-1,283,264,284,-1,264,263,284,-1,284,263,262,-1,284,262,285,-1,262,261,285,-1,285,261,260,-1,285,260,286,-1,260,259,286,-1,286,259,258,-1,286,258,287,-1,258,257,287,-1,287,257,256,-1,287,256,288,-1,256,255,288,-1,288,255,254,-1,288,254,289,-1,254,253,289,-1,289,253,252,-1,289,252,290,-1,252,251,290,-1,290,251,250,-1,290,250,291,-1,250,249,291,-1,291,249,248,-1,291,248,292,-1,248,247,292,-1,292,247,246,-1,292,246,293,-1,294,295,296,-1,296,295,297,-1,296,297,298,-1,298,297,299,-1,298,299,300,-1,300,299,301,-1,300,301,302,-1,302,301,303,-1,302,303,304,-1,304,303,305,-1,304,305,306,-1,306,305,307,-1,306,307,308,-1,308,307,309,-1,308,309,310,-1,310,309,311,-1,310,311,312,-1,312,311,313,-1,312,313,314,-1,314,313,315,-1,314,315,316,-1,316,315,317,-1,316,317,318,-1,318,317,319,-1,318,319,320,-1,320,319,321,-1,320,321,322,-1,322,321,323,-1,322,323,324,-1,324,323,325,-1,324,325,326,-1,326,325,327,-1,326,327,328,-1,328,327,329,-1,328,329,330,-1,330,329,331,-1,330,331,332,-1,332,331,333,-1,332,333,334,-1,334,333,335,-1,334,335,336,-1,336,335,337,-1,336,337,338,-1,338,337,339,-1,338,339,340,-1,340,339,341,-1,340,341,294,-1,295,342,297,-1,297,342,343,-1,297,343,299,-1,299,343,344,-1,299,344,301,-1,301,344,345,-1,301,345,303,-1,303,345,346,-1,303,346,305,-1,305,346,347,-1,305,347,307,-1,307,347,348,-1,307,348,309,-1,309,348,349,-1,309,349,311,-1,311,349,350,-1,311,350,313,-1,313,350,351,-1,313,351,315,-1,315,351,352,-1,315,352,317,-1,317,352,353,-1,317,353,319,-1,319,353,354,-1,319,354,321,-1,321,354,355,-1,321,355,323,-1,323,355,356,-1,323,356,325,-1,325,356,357,-1,325,357,327,-1,327,357,358,-1,327,358,329,-1,329,358,359,-1,329,359,331,-1,331,359,360,-1,331,360,333,-1,333,360,361,-1,333,361,335,-1,335,361,362,-1,335,362,337,-1,337,362,363,-1,337,363,339,-1,339,363,364,-1,339,364,341,-1,341,364,365,-1,342,366,343,-1,343,366,367,-1,343,367,344,-1,344,367,368,-1,344,368,345,-1,345,368,369,-1,345,369,346,-1,346,369,370,-1,346,370,347,-1,347,370,371,-1,347,371,348,-1,348,371,372,-1,348,372,349,-1,349,372,373,-1,349,373,350,-1,350,373,374,-1,350,374,351,-1,351,374,375,-1,351,375,352,-1,352,375,376,-1,352,376,353,-1,353,376,377,-1,353,377,354,-1,354,377,378,-1,354,378,355,-1,355,378,379,-1,355,379,356,-1,356,379,380,-1,356,380,357,-1,357,380,381,-1,357,381,358,-1,358,381,382,-1,358,382,359,-1,359,382,383,-1,359,383,360,-1,360,383,384,-1,360,384,361,-1,361,384,385,-1,361,385,362,-1,362,385,386,-1,362,386,363,-1,363,386,387,-1,363,387,364,-1,364,387,388,-1,364,388,365,-1,365,388,389,-1,366,390,367,-1,367,390,391,-1,367,391,368,-1,368,391,392,-1,368,392,369,-1,369,392,393,-1,369,393,370,-1,370,393,394,-1,370,394,371,-1,371,394,395,-1,371,395,372,-1,372,395,396,-1,372,396,373,-1,373,396,397,-1,373,397,374,-1,374,397,398,-1,374,398,375,-1,375,398,399,-1,375,399,376,-1,376,399,400,-1,376,400,377,-1,377,400,401,-1,377,401,378,-1,378,401,402,-1,378,402,379,-1,379,402,403,-1,379,403,380,-1,380,403,404,-1,380,404,381,-1,381,404,405,-1,381,405,382,-1,382,405,406,-1,382,406,383,-1,383,406,407,-1,383,407,384,-1,384,407,408,-1,384,408,385,-1,385,408,409,-1,385,409,386,-1,386,409,410,-1,386,410,387,-1,387,410,411,-1,387,411,388,-1,388,411,412,-1,388,412,389,-1,389,412,413,-1,390,271,391,-1,391,271,272,-1,391,272,392,-1,392,272,273,-1,392,273,393,-1,393,273,274,-1,393,274,394,-1,394,274,275,-1,394,275,395,-1,395,275,276,-1,395,276,396,-1,396,276,277,-1,396,277,397,-1,397,277,278,-1,397,278,398,-1,398,278,279,-1,398,279,399,-1,399,279,280,-1,399,280,400,-1,400,280,281,-1,400,281,401,-1,401,281,282,-1,401,282,402,-1,402,282,283,-1,402,283,403,-1,403,283,284,-1,403,284,404,-1,404,284,285,-1,404,285,405,-1,405,285,286,-1,405,286,406,-1,406,286,287,-1,406,287,407,-1,407,287,288,-1,407,288,408,-1,408,288,289,-1,408,289,409,-1,409,289,290,-1,409,290,410,-1,410,290,291,-1,410,291,411,-1,411,291,292,-1,411,292,412,-1,412,292,293,-1,412,293,413,-1,413,293,414,-1,246,245,293,-1,293,245,244,-1,293,244,414,-1,414,244,243,-1,414,243,242,-1,294,341,295,-1,295,341,365,-1,295,365,342,-1,342,365,389,-1,342,389,366,-1,366,389,413,-1,366,413,390,-1,390,413,414,-1,390,414,271,-1,271,414,242,-1,271,242,241,-1,69,308,64,-1,64,308,310,-1,64,310,65,-1,65,310,312,-1,65,312,66,-1,66,312,314,-1,66,314,61,-1,61,314,316,-1,61,316,62,-1,62,316,318,-1,62,318,63,-1,63,318,320,-1,63,320,58,-1,58,320,322,-1,58,322,59,-1,59,322,324,-1,59,324,60,-1,60,324,326,-1,60,326,53,-1,53,326,328,-1,53,328,54,-1,54,328,330,-1,54,330,56,-1,56,330,332,-1,56,332,57,-1,57,332,334,-1,57,334,76,-1,76,334,336,-1,76,336,77,-1,77,336,338,-1,77,338,73,-1,73,338,340,-1,73,340,74,-1,74,340,294,-1,74,294,75,-1,75,294,296,-1,75,296,70,-1,70,296,298,-1,70,298,71,-1,71,298,300,-1,71,300,72,-1,72,300,302,-1,72,302,67,-1,67,302,304,-1,67,304,68,-1,68,304,306,-1,68,306,69,-1,69,306,308,-1,
        ]
    }
}
Shape{
    appearance Appearance {
        material  Material 	{
            diffuseColor 0.7529411764705882 0.7529411764705882 0.7529411764705882
            specularColor 0.6627450980392157 0.6627450980392157 0.6627450980392157
            ambientIntensity 0.7529
            transparency 0.0
            shininess 0.5
        }
    }
    geometry IndexedFaceSet {
        ccw TRUE
        solid FALSE
        coord DEF co Coordinate {
            point [
                -0.9843 0.7874 0.0394, -0.9843 -0.7874 0.0394, -0.796 -0.6734 0.0394, -0.796 -0.7874 0.0394, -0.7881 -0.7874 0.0394, -0.4331 -0.7874 0.0394, -0.7881 -0.6734 0.0394, -0.4331 0.7874 0.0394, -0.792 -0.6734 0.0398, -0.8111 -0.7874 0.0252, -0.8091 -0.7874 0.0299, -0.806 -0.7874 0.034, -0.9843 -0.7874 0.0, -0.8111 -0.7874 0.015, -0.8117 -0.7874 0.0201, -0.7869 -0.7874 0.0391, -0.7822 -0.7874 0.0371, -0.7781 -0.7874 0.034, -0.775 -0.7874 0.0299, -0.8019 -0.7874 0.0371, -0.7971 -0.7874 0.0391, -0.7822 -0.7874 0.003, -0.4331 -0.7874 0.0, -0.7781 -0.7874 0.0062, -0.775 -0.7874 0.0102, -0.8019 -0.7874 0.003, -0.806 -0.7874 0.0062, -0.8091 -0.7874 0.0102, -0.773 -0.7874 0.0252, -0.7724 -0.7874 0.0201, -0.773 -0.7874 0.015, -0.7869 -0.7874 0.0011, -0.792 -0.7874 0.0004, -0.7971 -0.7874 0.0011, -0.4331 0.7874 0.0, -0.9843 0.7874 0.0
            ]
        }
        coordIndex [
            0,1,2,-1,2,1,3,-1,4,5,6,-1,6,5,7,-1,0,2,7,-1,7,2,8,-1,7,8,6,-1,9,10,1,-1,1,10,11,-1,12,13,1,-1,1,13,14,-1,1,14,9,-1,5,4,15,-1,15,16,5,-1,5,16,17,-1,5,17,18,-1,11,19,1,-1,1,19,20,-1,1,20,3,-1,21,22,23,-1,23,22,24,-1,25,26,12,-1,12,26,27,-1,12,27,13,-1,18,28,5,-1,5,28,29,-1,5,29,22,-1,22,29,30,-1,22,30,24,-1,21,31,22,-1,22,31,32,-1,22,32,12,-1,12,32,33,-1,12,33,25,-1,22,34,5,-1,5,34,7,-1,34,35,7,-1,7,35,0,-1,35,12,0,-1,0,12,1,-1,35,34,12,-1,12,34,22,-1,
        ]
    }
}
Shape{
    appearance Appearance {
        material  Material 	{
            diffuseColor 1.0 0.6705882352941176 0.058823529411764705
            specularColor 0.8784313725490196 0.5882352941176471 0.050980392156862744
            ambientIntensity 0.6993
            transparency 0.0
            shininess 0.5
        }
    }
    geometry IndexedFaceSet {
        ccw TRUE
        solid FALSE
        coord DEF co Coordinate {
            point [
                -0.792 -0.6734 0.0398, -0.796 -0.6734 0.0394, -0.796 -0.7874 0.0394, -0.7971 -0.8267 0.0391, -0.792 -0.8267 0.0398, -0.7869 -0.7874 0.0391, -0.7881 -0.7874 0.0394, -0.7881 -0.6734 0.0394, -0.7869 -0.8267 0.0391, -0.7822 -0.8267 0.0371, -0.7822 -0.7874 0.0371, -0.7781 -0.8267 0.034, -0.7781 -0.7874 0.034, -0.775 -0.8267 0.0299, -0.775 -0.7874 0.0299, -0.773 -0.8267 0.0252, -0.773 -0.7874 0.0252, -0.7724 -0.8267 0.0201, -0.7724 -0.7874 0.0201, -0.773 -0.8267 0.015, -0.773 -0.7874 0.015, -0.775 -0.8267 0.0102, -0.775 -0.7874 0.0102, -0.7781 -0.8267 0.0062, -0.7781 -0.7874 0.0062, -0.7822 -0.8267 0.003, -0.7822 -0.7874 0.003, -0.7869 -0.8267 0.0011, -0.7869 -0.7874 0.0011, -0.792 -0.8267 0.0004, -0.792 -0.7874 0.0004, -0.7971 -0.8267 0.0011, -0.7971 -0.7874 0.0011, -0.8019 -0.8267 0.003, -0.8019 -0.7874 0.003, -0.806 -0.8267 0.0062, -0.806 -0.7874 0.0062, -0.8091 -0.8267 0.0102, -0.8091 -0.7874 0.0102, -0.8111 -0.8267 0.015, -0.8111 -0.7874 0.015, -0.8117 -0.8267 0.0201, -0.8117 -0.7874 0.0201, -0.8111 -0.8267 0.0252, -0.8111 -0.7874 0.0252, -0.8091 -0.8267 0.0299, -0.8091 -0.7874 0.0299, -0.807 -0.8267 0.0329, -0.806 -0.7874 0.034, -0.7971 -0.7874 0.0391, -0.8019 -0.7874 0.0371, -0.8019 -0.8267 0.0371, -0.806 -0.8267 0.034, -0.3815 -0.3589 0.3287, -0.383 -0.3577 0.3335, -0.3686 -0.37 0.3386, -0.3835 -0.3572 0.3386, -0.383 -0.3577 0.3437, -0.3724 -0.3667 0.3196, -0.3761 -0.3636 0.3215, -0.3792 -0.361 0.3247, -0.3611 -0.3764 0.3215, -0.3647 -0.3733 0.3196, -0.3686 -0.37 0.3189, -0.3541 -0.3823 0.3335, -0.3556 -0.3811 0.3287, -0.358 -0.379 0.3247, -0.3556 -0.3811 0.3484, -0.3541 -0.3823 0.3437, -0.3536 -0.3828 0.3386, -0.3647 -0.3733 0.3576, -0.3611 -0.3764 0.3556, -0.358 -0.379 0.3525, -0.3761 -0.3636 0.3556, -0.3724 -0.3667 0.3576, -0.3686 -0.37 0.3583, -0.3815 -0.3589 0.3484, -0.3792 -0.361 0.3525, -0.806 -0.8333 0.0349, -0.8091 -0.8344 0.0309, -0.8111 -0.8356 0.0263, -0.8117 -0.8369 0.0214, -0.8111 -0.8383 0.0165, -0.8091 -0.8395 0.0119, -0.806 -0.8405 0.008, -0.8019 -0.8413 0.005, -0.7971 -0.8419 0.0031, -0.792 -0.842 0.0024, -0.7869 -0.8419 0.0031, -0.7822 -0.8413 0.005, -0.7781 -0.8405 0.008, -0.775 -0.8395 0.0119, -0.773 -0.8383 0.0165, -0.7724 -0.8369 0.0214, -0.773 -0.8356 0.0263, -0.775 -0.8344 0.0309, -0.7781 -0.8333 0.0349, -0.7822 -0.8325 0.0379, -0.7869 -0.832 0.0398, -0.792 -0.8318 0.0404, -0.7971 -0.832 0.0398, -0.8019 -0.8325 0.0379, -0.792 -0.8366 0.0424, -0.7869 -0.8369 0.0418, -0.7822 -0.8379 0.0401, -0.7781 -0.8395 0.0374, -0.775 -0.8415 0.0339, -0.773 -0.8439 0.0298, -0.7724 -0.8464 0.0254, -0.773 -0.849 0.0209, -0.775 -0.8513 0.0168, -0.7781 -0.8534 0.0133, -0.7822 -0.855 0.0106, -0.7869 -0.8559 0.0089, -0.792 -0.8563 0.0083, -0.7971 -0.8559 0.0089, -0.8019 -0.855 0.0106, -0.806 -0.8534 0.0133, -0.8091 -0.8513 0.0168, -0.8111 -0.849 0.0209, -0.8117 -0.8464 0.0254, -0.8111 -0.8439 0.0298, -0.8091 -0.8415 0.0339, -0.806 -0.8395 0.0374, -0.8019 -0.8379 0.0401, -0.7971 -0.8369 0.0418, -0.792 -0.8407 0.0455, -0.7869 -0.8411 0.0451, -0.7822 -0.8425 0.0437, -0.7781 -0.8447 0.0415, -0.775 -0.8476 0.0386, -0.773 -0.851 0.0352, -0.7724 -0.8546 0.0316, -0.773 -0.8582 0.028, -0.775 -0.8615 0.0247, -0.7781 -0.8644 0.0218, -0.7822 -0.8666 0.0196, -0.7869 -0.868 0.0182, -0.792 -0.8685 0.0177, -0.7971 -0.868 0.0182, -0.8019 -0.8666 0.0196, -0.806 -0.8644 0.0218, -0.8091 -0.8615 0.0247, -0.8111 -0.8582 0.028, -0.8117 -0.8546 0.0316, -0.8111 -0.851 0.0352, -0.8091 -0.8476 0.0386, -0.806 -0.8447 0.0415, -0.8019 -0.8425 0.0437, -0.7971 -0.8411 0.0451, -0.792 -0.8438 0.0496, -0.7869 -0.8444 0.0493, -0.7822 -0.8461 0.0483, -0.7781 -0.8488 0.0467, -0.775 -0.8523 0.0447, -0.773 -0.8564 0.0423, -0.7724 -0.8608 0.0398, -0.773 -0.8652 0.0372, -0.775 -0.8694 0.0348, -0.7781 -0.8729 0.0328, -0.7822 -0.8756 0.0312, -0.7869 -0.8773 0.0303, -0.792 -0.8779 0.0299, -0.7971 -0.8773 0.0303, -0.8019 -0.8756 0.0312, -0.806 -0.8729 0.0328, -0.8091 -0.8694 0.0348, -0.8111 -0.8652 0.0372, -0.8117 -0.8608 0.0398, -0.8111 -0.8564 0.0423, -0.8091 -0.8523 0.0447, -0.806 -0.8488 0.0467, -0.8019 -0.8461 0.0483, -0.7971 -0.8444 0.0493, -0.792 -0.8458 0.0544, -0.7869 -0.8464 0.0542, -0.7822 -0.8483 0.0537, -0.7781 -0.8513 0.0529, -0.775 -0.8553 0.0518, -0.773 -0.8598 0.0506, -0.7724 -0.8648 0.0493, -0.773 -0.8697 0.0479, -0.775 -0.8743 0.0467, -0.7781 -0.8782 0.0457, -0.7822 -0.8812 0.0448, -0.7869 -0.8831 0.0443, -0.792 -0.8838 0.0442, -0.7971 -0.8831 0.0443, -0.8019 -0.8812 0.0448, -0.806 -0.8782 0.0457, -0.8091 -0.8743 0.0467, -0.8111 -0.8697 0.0479, -0.8117 -0.8648 0.0493, -0.8111 -0.8598 0.0506, -0.8091 -0.8553 0.0518, -0.806 -0.8513 0.0529, -0.8019 -0.8483 0.0537, -0.7971 -0.8464 0.0542, -0.8091 -0.8563 0.0594, -0.807 -0.8533 0.0594, -0.806 -0.8522 0.0594, -0.8019 -0.8491 0.0594, -0.7971 -0.8471 0.0594, -0.792 -0.8464 0.0594, -0.7869 -0.8471 0.0594, -0.7822 -0.8491 0.0594, -0.7781 -0.8522 0.0594, -0.775 -0.8563 0.0594, -0.773 -0.861 0.0594, -0.7724 -0.8661 0.0594, -0.773 -0.8712 0.0594, -0.775 -0.876 0.0594, -0.7781 -0.88 0.0594, -0.7822 -0.8832 0.0594, -0.7869 -0.8851 0.0594, -0.792 -0.8858 0.0594, -0.7971 -0.8851 0.0594, -0.8019 -0.8832 0.0594, -0.806 -0.88 0.0594, -0.8091 -0.876 0.0594, -0.8111 -0.8712 0.0594, -0.8117 -0.8661 0.0594, -0.8111 -0.861 0.0594, -0.7956 -0.8855 0.2992, -0.7971 -0.885 0.2992, -0.8005 -0.8839 0.2992, -0.8018 -0.883 0.2992, -0.8048 -0.8811 0.2992, -0.8059 -0.8799 0.2992, -0.8083 -0.8773 0.2992, -0.809 -0.8759 0.2992, -0.8106 -0.8727 0.2992, -0.8109 -0.8712 0.2992, -0.8117 -0.8677 0.2992, -0.8116 -0.8661 0.2992, -0.8114 -0.8625 0.2992, -0.8109 -0.8611 0.2992, -0.8098 -0.8576 0.2992, -0.809 -0.8563 0.2992, -0.807 -0.8533 0.2992, -0.8059 -0.8523 0.2992, -0.8032 -0.8499 0.2992, -0.8018 -0.8492 0.2992, -0.7986 -0.8476 0.2992, -0.7971 -0.8472 0.2992, -0.7936 -0.8465 0.2992, -0.792 -0.8466 0.2992, -0.7885 -0.8468 0.2992, -0.787 -0.8472 0.2992, -0.7836 -0.8483 0.2992, -0.7823 -0.8492 0.2992, -0.7793 -0.8511 0.2992, -0.7782 -0.8523 0.2992, -0.7758 -0.855 0.2992, -0.7751 -0.8563 0.2992, -0.7735 -0.8595 0.2992, -0.7732 -0.861 0.2992, -0.7724 -0.8646 0.2992, -0.7725 -0.8661 0.2992, -0.7727 -0.8697 0.2992, -0.7732 -0.8712 0.2992, -0.7743 -0.8746 0.2992, -0.7751 -0.8759 0.2992, -0.7771 -0.8789 0.2992, -0.7782 -0.8799 0.2992, -0.7809 -0.8823 0.2992, -0.7823 -0.883 0.2992, -0.7855 -0.8847 0.2992, -0.787 -0.885 0.2992, -0.7905 -0.8857 0.2992, -0.792 -0.8857 0.2992, -0.7788 -0.8506 0.3043, -0.7754 -0.8544 0.3045, -0.773 -0.859 0.305, -0.7719 -0.8639 0.3058, -0.772 -0.8689 0.3069, -0.7735 -0.8737 0.3081, -0.7762 -0.8779 0.3094, -0.7799 -0.8812 0.3107, -0.7844 -0.8834 0.3119, -0.7893 -0.8844 0.313, -0.7944 -0.884 0.3138, -0.7992 -0.8824 0.3143, -0.8035 -0.8796 0.3145, -0.807 -0.8758 0.3143, -0.8093 -0.8712 0.3138, -0.8105 -0.8663 0.313, -0.8103 -0.8613 0.3119, -0.8088 -0.8565 0.3107, -0.8061 -0.8523 0.3094, -0.8024 -0.849 0.3081, -0.798 -0.8468 0.3069, -0.793 -0.8458 0.3058, -0.788 -0.8462 0.305, -0.7831 -0.8478 0.3045, -0.7775 -0.8491 0.3091, -0.774 -0.8529 0.3094, -0.7715 -0.8573 0.3104, -0.7702 -0.862 0.3119, -0.7701 -0.8667 0.314, -0.7713 -0.8711 0.3164, -0.7736 -0.8749 0.3189, -0.777 -0.8778 0.3214, -0.7812 -0.8797 0.3238, -0.7859 -0.8803 0.3259, -0.7907 -0.8797 0.3274, -0.7954 -0.8779 0.3284, -0.7997 -0.8751 0.3287, -0.8032 -0.8713 0.3284, -0.8057 -0.8669 0.3274, -0.807 -0.8622 0.3259, -0.8071 -0.8575 0.3238, -0.8059 -0.8531 0.3214, -0.8036 -0.8493 0.3189, -0.8002 -0.8464 0.3164, -0.796 -0.8445 0.314, -0.7914 -0.8439 0.3119, -0.7865 -0.8445 0.3104, -0.7818 -0.8463 0.3094, -0.7755 -0.8468 0.3131, -0.7719 -0.8504 0.3136, -0.7692 -0.8546 0.315, -0.7676 -0.8589 0.3172, -0.7671 -0.8631 0.3201, -0.7678 -0.8669 0.3234, -0.7696 -0.8701 0.3271, -0.7724 -0.8724 0.3307, -0.7761 -0.8737 0.334, -0.7804 -0.8739 0.3369, -0.7849 -0.8729 0.3391, -0.7894 -0.8709 0.3405, -0.7936 -0.8679 0.341, -0.7972 -0.8643 0.3405, -0.7999 -0.8601 0.3391, -0.8015 -0.8558 0.3369, -0.802 -0.8516 0.334, -0.8014 -0.8477 0.3307, -0.7995 -0.8446 0.3271, -0.7967 -0.8423 0.3234, -0.793 -0.841 0.3201, -0.7887 -0.8408 0.3172, -0.7842 -0.8418 0.315, -0.7797 -0.8438 0.3136, -0.7729 -0.8437 0.3163, -0.7692 -0.8472 0.3168, -0.7662 -0.851 0.3185, -0.7642 -0.8549 0.3213, -0.7631 -0.8585 0.3248, -0.7631 -0.8615 0.3289, -0.7643 -0.8639 0.3333, -0.7665 -0.8654 0.3377, -0.7695 -0.866 0.3418, -0.7732 -0.8655 0.3454, -0.7773 -0.864 0.3481, -0.7816 -0.8617 0.3498, -0.7856 -0.8586 0.3504, -0.7893 -0.8551 0.3498, -0.7923 -0.8512 0.3481, -0.7944 -0.8474 0.3454, -0.7954 -0.8438 0.3418, -0.7954 -0.8407 0.3377, -0.7942 -0.8384 0.3333, -0.7921 -0.8369 0.3289, -0.789 -0.8363 0.3248, -0.7853 -0.8368 0.3213, -0.7812 -0.8383 0.3185, -0.777 -0.8406 0.3168, -0.7698 -0.84 0.3182, -0.766 -0.8435 0.3189, -0.7627 -0.847 0.3208, -0.7602 -0.8502 0.3238, -0.7585 -0.853 0.3277, -0.7578 -0.8553 0.3323, -0.7581 -0.8567 0.3372, -0.7595 -0.8573 0.3422, -0.7618 -0.8569 0.3467, -0.7648 -0.8557 0.3507, -0.7685 -0.8537 0.3537, -0.7724 -0.851 0.3556, -0.7764 -0.8478 0.3563, -0.7802 -0.8444 0.3556, -0.7834 -0.8409 0.3537, -0.786 -0.8376 0.3507, -0.7877 -0.8348 0.3467, -0.7884 -0.8326 0.3422, -0.7881 -0.8311 0.3372, -0.7867 -0.8306 0.3323, -0.7844 -0.8309 0.3277, -0.7813 -0.8321 0.3238, -0.7777 -0.8342 0.3208, -0.7738 -0.8369 0.3189, -0.7665 -0.8362 0.3189, -0.7626 -0.8395 0.3196, -0.759 -0.8426 0.3215, -0.7559 -0.8452 0.3247, -0.7535 -0.8472 0.3287, -0.752 -0.8485 0.3335, -0.7515 -0.8489 0.3386, -0.752 -0.8485 0.3437, -0.7535 -0.8472 0.3484, -0.7559 -0.8452 0.3525, -0.759 -0.8426 0.3556, -0.7626 -0.8395 0.3576, -0.7665 -0.8362 0.3583, -0.7704 -0.8329 0.3576, -0.774 -0.8298 0.3556, -0.7771 -0.8271 0.3525, -0.7794 -0.8251 0.3484, -0.7809 -0.8238 0.3437, -0.7815 -0.8234 0.3386, -0.7809 -0.8238 0.3335, -0.7794 -0.8251 0.3287, -0.7771 -0.8271 0.3247, -0.774 -0.8298 0.3215, -0.7704 -0.8329 0.3196
            ]
        }
        coordIndex [
            0,1,2,-1,3,4,2,-1,5,6,4,-1,2,4,0,-1,0,4,6,-1,0,6,7,-1,4,8,5,-1,5,8,9,-1,5,9,10,-1,10,9,11,-1,10,11,12,-1,12,11,13,-1,12,13,14,-1,14,13,15,-1,14,15,16,-1,16,15,17,-1,16,17,18,-1,18,17,19,-1,18,19,20,-1,20,19,21,-1,20,21,22,-1,22,21,23,-1,22,23,24,-1,24,23,25,-1,24,25,26,-1,26,25,27,-1,26,27,28,-1,28,27,29,-1,28,29,30,-1,30,29,31,-1,30,31,32,-1,32,31,33,-1,32,33,34,-1,34,33,35,-1,34,35,36,-1,36,35,37,-1,36,37,38,-1,38,37,39,-1,38,39,40,-1,40,39,41,-1,40,41,42,-1,42,41,43,-1,42,43,44,-1,44,43,45,-1,44,45,46,-1,46,45,47,-1,46,47,48,-1,2,49,3,-1,3,49,50,-1,3,50,51,-1,51,50,48,-1,51,48,52,-1,52,48,47,-1,53,54,55,-1,55,54,56,-1,55,56,57,-1,58,59,55,-1,55,59,60,-1,55,60,53,-1,61,62,55,-1,55,62,63,-1,55,63,58,-1,64,65,55,-1,55,65,66,-1,55,66,61,-1,67,68,55,-1,55,68,69,-1,55,69,64,-1,70,71,55,-1,55,71,72,-1,55,72,67,-1,73,74,55,-1,55,74,75,-1,55,75,70,-1,57,76,55,-1,55,76,77,-1,55,77,73,-1,51,52,78,-1,78,52,47,-1,78,47,79,-1,79,47,45,-1,79,45,80,-1,80,45,43,-1,80,43,81,-1,81,43,41,-1,81,41,82,-1,82,41,39,-1,82,39,83,-1,83,39,37,-1,83,37,84,-1,84,37,35,-1,84,35,85,-1,85,35,33,-1,85,33,86,-1,86,33,31,-1,86,31,87,-1,87,31,29,-1,87,29,88,-1,88,29,27,-1,88,27,89,-1,89,27,25,-1,89,25,90,-1,90,25,23,-1,90,23,91,-1,91,23,21,-1,91,21,92,-1,92,21,19,-1,92,19,93,-1,93,19,17,-1,93,17,94,-1,94,17,15,-1,94,15,95,-1,95,15,13,-1,95,13,96,-1,96,13,11,-1,96,11,97,-1,97,11,9,-1,97,9,98,-1,98,9,8,-1,98,8,99,-1,99,8,4,-1,99,4,100,-1,100,4,3,-1,100,3,101,-1,101,3,51,-1,101,51,78,-1,99,102,98,-1,98,102,103,-1,98,103,97,-1,97,103,104,-1,97,104,96,-1,96,104,105,-1,96,105,95,-1,95,105,106,-1,95,106,94,-1,94,106,107,-1,94,107,93,-1,93,107,108,-1,93,108,92,-1,92,108,109,-1,92,109,91,-1,91,109,110,-1,91,110,90,-1,90,110,111,-1,90,111,89,-1,89,111,112,-1,89,112,88,-1,88,112,113,-1,88,113,87,-1,87,113,114,-1,87,114,86,-1,86,114,115,-1,86,115,85,-1,85,115,116,-1,85,116,84,-1,84,116,117,-1,84,117,83,-1,83,117,118,-1,83,118,82,-1,82,118,119,-1,82,119,81,-1,81,119,120,-1,81,120,80,-1,80,120,121,-1,80,121,79,-1,79,121,122,-1,79,122,78,-1,78,122,123,-1,78,123,101,-1,101,123,124,-1,101,124,100,-1,100,124,125,-1,100,125,99,-1,99,125,102,-1,102,126,103,-1,103,126,127,-1,103,127,104,-1,104,127,128,-1,104,128,105,-1,105,128,129,-1,105,129,106,-1,106,129,130,-1,106,130,107,-1,107,130,131,-1,107,131,108,-1,108,131,132,-1,108,132,109,-1,109,132,133,-1,109,133,110,-1,110,133,134,-1,110,134,111,-1,111,134,135,-1,111,135,112,-1,112,135,136,-1,112,136,113,-1,113,136,137,-1,113,137,114,-1,114,137,138,-1,114,138,115,-1,115,138,139,-1,115,139,116,-1,116,139,140,-1,116,140,117,-1,117,140,141,-1,117,141,118,-1,118,141,142,-1,118,142,119,-1,119,142,143,-1,119,143,120,-1,120,143,144,-1,120,144,121,-1,121,144,145,-1,121,145,122,-1,122,145,146,-1,122,146,123,-1,123,146,147,-1,123,147,124,-1,124,147,148,-1,124,148,125,-1,125,148,149,-1,125,149,102,-1,102,149,126,-1,126,150,127,-1,127,150,151,-1,127,151,128,-1,128,151,152,-1,128,152,129,-1,129,152,153,-1,129,153,130,-1,130,153,154,-1,130,154,131,-1,131,154,155,-1,131,155,132,-1,132,155,156,-1,132,156,133,-1,133,156,157,-1,133,157,134,-1,134,157,158,-1,134,158,135,-1,135,158,159,-1,135,159,136,-1,136,159,160,-1,136,160,137,-1,137,160,161,-1,137,161,138,-1,138,161,162,-1,138,162,139,-1,139,162,163,-1,139,163,140,-1,140,163,164,-1,140,164,141,-1,141,164,165,-1,141,165,142,-1,142,165,166,-1,142,166,143,-1,143,166,167,-1,143,167,144,-1,144,167,168,-1,144,168,145,-1,145,168,169,-1,145,169,146,-1,146,169,170,-1,146,170,147,-1,147,170,171,-1,147,171,148,-1,148,171,172,-1,148,172,149,-1,149,172,173,-1,149,173,126,-1,126,173,150,-1,150,174,151,-1,151,174,175,-1,151,175,152,-1,152,175,176,-1,152,176,153,-1,153,176,177,-1,153,177,154,-1,154,177,178,-1,154,178,155,-1,155,178,179,-1,155,179,156,-1,156,179,180,-1,156,180,157,-1,157,180,181,-1,157,181,158,-1,158,181,182,-1,158,182,159,-1,159,182,183,-1,159,183,160,-1,160,183,184,-1,160,184,161,-1,161,184,185,-1,161,185,162,-1,162,185,186,-1,162,186,163,-1,163,186,187,-1,163,187,164,-1,164,187,188,-1,164,188,165,-1,165,188,189,-1,165,189,166,-1,166,189,190,-1,166,190,167,-1,167,190,191,-1,167,191,168,-1,168,191,192,-1,168,192,169,-1,169,192,193,-1,169,193,170,-1,170,193,194,-1,170,194,171,-1,171,194,195,-1,171,195,172,-1,172,195,196,-1,172,196,173,-1,173,196,197,-1,173,197,150,-1,150,197,174,-1,198,199,195,-1,195,199,200,-1,195,200,196,-1,196,200,201,-1,196,201,197,-1,197,201,202,-1,197,202,174,-1,174,202,203,-1,174,203,175,-1,175,203,204,-1,175,204,176,-1,176,204,205,-1,176,205,177,-1,177,205,206,-1,177,206,178,-1,178,206,207,-1,178,207,179,-1,179,207,208,-1,179,208,180,-1,180,208,209,-1,180,209,181,-1,181,209,210,-1,181,210,182,-1,182,210,211,-1,182,211,183,-1,183,211,212,-1,183,212,184,-1,184,212,213,-1,184,213,185,-1,185,213,214,-1,185,214,186,-1,186,214,215,-1,186,215,187,-1,187,215,216,-1,187,216,188,-1,188,216,217,-1,188,217,189,-1,189,217,218,-1,189,218,190,-1,190,218,219,-1,190,219,191,-1,191,219,220,-1,191,220,192,-1,192,220,221,-1,192,221,193,-1,193,221,222,-1,193,222,194,-1,194,222,198,-1,194,198,195,-1,223,216,215,-1,223,224,216,-1,216,224,225,-1,216,225,217,-1,225,226,217,-1,217,226,227,-1,217,227,218,-1,227,228,218,-1,218,228,229,-1,218,229,219,-1,229,230,219,-1,219,230,231,-1,219,231,220,-1,231,232,220,-1,220,232,233,-1,220,233,221,-1,233,234,221,-1,221,234,235,-1,221,235,222,-1,235,236,222,-1,222,236,237,-1,222,237,198,-1,198,237,238,-1,198,238,199,-1,199,238,239,-1,199,239,200,-1,239,240,200,-1,200,240,241,-1,200,241,201,-1,241,242,201,-1,201,242,243,-1,201,243,202,-1,243,244,202,-1,202,244,245,-1,202,245,203,-1,245,246,203,-1,203,246,247,-1,203,247,204,-1,247,248,204,-1,204,248,249,-1,204,249,205,-1,249,250,205,-1,205,250,251,-1,205,251,206,-1,251,252,206,-1,206,252,253,-1,206,253,207,-1,253,254,207,-1,207,254,255,-1,207,255,208,-1,255,256,208,-1,208,256,257,-1,208,257,209,-1,257,258,209,-1,209,258,259,-1,209,259,210,-1,259,260,210,-1,210,260,261,-1,210,261,211,-1,261,262,211,-1,211,262,263,-1,211,263,212,-1,263,264,212,-1,212,264,265,-1,212,265,213,-1,265,266,213,-1,213,266,267,-1,213,267,214,-1,267,268,214,-1,214,268,269,-1,214,269,215,-1,215,269,270,-1,215,270,223,-1,252,271,272,-1,273,254,272,-1,272,254,253,-1,272,253,252,-1,274,256,273,-1,273,256,255,-1,273,255,254,-1,275,258,274,-1,274,258,257,-1,274,257,256,-1,276,260,275,-1,275,260,259,-1,275,259,258,-1,277,262,276,-1,276,262,261,-1,276,261,260,-1,278,264,277,-1,277,264,263,-1,277,263,262,-1,279,266,278,-1,278,266,265,-1,278,265,264,-1,280,268,279,-1,279,268,267,-1,279,267,266,-1,281,270,280,-1,280,270,269,-1,280,269,268,-1,282,224,281,-1,281,224,223,-1,281,223,270,-1,283,226,282,-1,282,226,225,-1,282,225,224,-1,284,228,283,-1,283,228,227,-1,283,227,226,-1,285,230,284,-1,284,230,229,-1,284,229,228,-1,286,232,285,-1,285,232,231,-1,285,231,230,-1,287,234,286,-1,286,234,233,-1,286,233,232,-1,288,236,287,-1,287,236,235,-1,287,235,234,-1,289,238,288,-1,288,238,237,-1,288,237,236,-1,290,240,289,-1,289,240,239,-1,289,239,238,-1,291,242,290,-1,290,242,241,-1,290,241,240,-1,292,244,291,-1,291,244,243,-1,291,243,242,-1,293,246,292,-1,292,246,245,-1,292,245,244,-1,294,248,293,-1,293,248,247,-1,293,247,246,-1,252,251,271,-1,271,251,250,-1,271,250,294,-1,294,250,249,-1,294,249,248,-1,271,295,272,-1,272,295,296,-1,272,296,273,-1,273,296,297,-1,273,297,274,-1,274,297,298,-1,274,298,275,-1,275,298,299,-1,275,299,276,-1,276,299,300,-1,276,300,277,-1,277,300,301,-1,277,301,278,-1,278,301,302,-1,278,302,279,-1,279,302,303,-1,279,303,280,-1,280,303,304,-1,280,304,281,-1,281,304,305,-1,281,305,282,-1,282,305,306,-1,282,306,283,-1,283,306,307,-1,283,307,284,-1,284,307,308,-1,284,308,285,-1,285,308,309,-1,285,309,286,-1,286,309,310,-1,286,310,287,-1,287,310,311,-1,287,311,288,-1,288,311,312,-1,288,312,289,-1,289,312,313,-1,289,313,290,-1,290,313,314,-1,290,314,291,-1,291,314,315,-1,291,315,292,-1,292,315,316,-1,292,316,293,-1,293,316,317,-1,293,317,294,-1,294,317,318,-1,294,318,271,-1,271,318,295,-1,295,319,296,-1,296,319,320,-1,296,320,297,-1,297,320,321,-1,297,321,298,-1,298,321,322,-1,298,322,299,-1,299,322,323,-1,299,323,300,-1,300,323,324,-1,300,324,301,-1,301,324,325,-1,301,325,302,-1,302,325,326,-1,302,326,303,-1,303,326,327,-1,303,327,304,-1,304,327,328,-1,304,328,305,-1,305,328,329,-1,305,329,306,-1,306,329,330,-1,306,330,307,-1,307,330,331,-1,307,331,308,-1,308,331,332,-1,308,332,309,-1,309,332,333,-1,309,333,310,-1,310,333,334,-1,310,334,311,-1,311,334,335,-1,311,335,312,-1,312,335,336,-1,312,336,313,-1,313,336,337,-1,313,337,314,-1,314,337,338,-1,314,338,315,-1,315,338,339,-1,315,339,316,-1,316,339,340,-1,316,340,317,-1,317,340,341,-1,317,341,318,-1,318,341,342,-1,318,342,295,-1,295,342,319,-1,319,343,320,-1,320,343,344,-1,320,344,321,-1,321,344,345,-1,321,345,322,-1,322,345,346,-1,322,346,323,-1,323,346,347,-1,323,347,324,-1,324,347,348,-1,324,348,325,-1,325,348,349,-1,325,349,326,-1,326,349,350,-1,326,350,327,-1,327,350,351,-1,327,351,328,-1,328,351,352,-1,328,352,329,-1,329,352,353,-1,329,353,330,-1,330,353,354,-1,330,354,331,-1,331,354,355,-1,331,355,332,-1,332,355,356,-1,332,356,333,-1,333,356,357,-1,333,357,334,-1,334,357,358,-1,334,358,335,-1,335,358,359,-1,335,359,336,-1,336,359,360,-1,336,360,337,-1,337,360,361,-1,337,361,338,-1,338,361,362,-1,338,362,339,-1,339,362,363,-1,339,363,340,-1,340,363,364,-1,340,364,341,-1,341,364,365,-1,341,365,342,-1,342,365,366,-1,342,366,319,-1,319,366,343,-1,343,367,344,-1,344,367,368,-1,344,368,345,-1,345,368,369,-1,345,369,346,-1,346,369,370,-1,346,370,347,-1,347,370,371,-1,347,371,348,-1,348,371,372,-1,348,372,349,-1,349,372,373,-1,349,373,350,-1,350,373,374,-1,350,374,351,-1,351,374,375,-1,351,375,352,-1,352,375,376,-1,352,376,353,-1,353,376,377,-1,353,377,354,-1,354,377,378,-1,354,378,355,-1,355,378,379,-1,355,379,356,-1,356,379,380,-1,356,380,357,-1,357,380,381,-1,357,381,358,-1,358,381,382,-1,358,382,359,-1,359,382,383,-1,359,383,360,-1,360,383,384,-1,360,384,361,-1,361,384,385,-1,361,385,362,-1,362,385,386,-1,362,386,363,-1,363,386,387,-1,363,387,364,-1,364,387,388,-1,364,388,365,-1,365,388,389,-1,365,389,366,-1,366,389,390,-1,366,390,343,-1,343,390,367,-1,367,391,368,-1,368,391,392,-1,368,392,369,-1,369,392,393,-1,369,393,370,-1,370,393,394,-1,370,394,371,-1,371,394,395,-1,371,395,372,-1,372,395,396,-1,372,396,373,-1,373,396,397,-1,373,397,374,-1,374,397,398,-1,374,398,375,-1,375,398,399,-1,375,399,376,-1,376,399,400,-1,376,400,377,-1,377,400,401,-1,377,401,378,-1,378,401,402,-1,378,402,379,-1,379,402,403,-1,379,403,380,-1,380,403,404,-1,380,404,381,-1,381,404,405,-1,381,405,382,-1,382,405,406,-1,382,406,383,-1,383,406,407,-1,383,407,384,-1,384,407,408,-1,384,408,385,-1,385,408,409,-1,385,409,386,-1,386,409,410,-1,386,410,387,-1,387,410,411,-1,387,411,388,-1,388,411,412,-1,388,412,389,-1,389,412,413,-1,389,413,390,-1,390,413,414,-1,390,414,367,-1,367,414,391,-1,69,396,64,-1,64,396,395,-1,64,395,65,-1,65,395,394,-1,65,394,66,-1,66,394,393,-1,66,393,61,-1,61,393,392,-1,61,392,62,-1,62,392,391,-1,62,391,63,-1,63,391,414,-1,63,414,58,-1,58,414,413,-1,58,413,59,-1,59,413,412,-1,59,412,60,-1,60,412,411,-1,60,411,53,-1,53,411,410,-1,53,410,54,-1,54,410,409,-1,54,409,56,-1,56,409,408,-1,56,408,57,-1,57,408,407,-1,57,407,76,-1,76,407,406,-1,76,406,77,-1,77,406,405,-1,77,405,73,-1,73,405,404,-1,73,404,74,-1,74,404,403,-1,74,403,75,-1,75,403,402,-1,75,402,70,-1,70,402,401,-1,70,401,71,-1,71,401,400,-1,71,400,72,-1,72,400,399,-1,72,399,67,-1,67,399,398,-1,67,398,68,-1,68,398,397,-1,68,397,69,-1,69,397,396,-1,
        ]
    }
}