#VRML V2.0 utf8
# 3D model generated by easyeda2kicad.py (https://github.com/uPesy/easyeda2kicad.py)

Shape{
    appearance Appearance {
        material  Material 	{
            diffuseColor 0.7529411764705882 0.7529411764705882 0.7529411764705882
            specularColor 0.3764705882352941 0.3764705882352941 0.3764705882352941
            ambientIntensity 0.7529
            transparency 0.0
            shininess 0.5
        }
    }
    geometry IndexedFaceSet {
        ccw TRUE
        solid FALSE
        coord DEF co Coordinate {
            point [
                1.9393 1.8366 1.4892, 1.9393 1.8788 1.4892, 1.9393 1.8788 1.5284, 1.9393 1.5076 1.5602, 1.9393 1.5066 1.5631, 1.9393 1.5066 1.5284, 1.9393 1.7944 1.4512, 1.9393 1.8366 1.4512, 1.9393 1.2544 1.559, 1.9393 1.2801 1.5372, 1.9393 1.3702 1.6641, 1.9393 1.3702 1.5284, 1.9393 1.1704 1.6494, 1.9393 1.2017 1.6131, 1.9393 1.2216 1.5745, 1.9393 1.2261 1.5729, 1.9393 0.7102 2.4705, 1.9393 -0.1165 2.4705, 1.9393 0.7102 2.1555, 1.9393 -0.1165 1.6641, 1.9393 1.3702 2.1555, 1.9393 1.128 1.6779, 1.9393 1.1486 1.6641, 1.9393 0.9506 1.6761, 1.9393 0.9944 1.693, 1.9393 1.0413 1.6987, 1.9393 1.0804 1.6946, 1.9393 0.9312 1.6641, 1.9393 0.9275 1.6617, 1.9393 -0.1165 1.5284, 1.9393 0.7237 1.5284, 1.9393 0.7319 1.547, 1.9393 0.7548 1.5764, 1.9393 0.8265 1.6173, 1.9393 0.8639 1.6219, 1.9393 0.9052 1.6427, 1.9393 0.8748 1.6213, 1.9393 0.8857 1.62, 1.9393 0.7612 1.5824, 1.9393 0.7913 1.6036, 1.9393 0.7796 1.3396, 1.9393 0.75 1.3648, 1.9393 -0.1165 1.3167, 1.9393 0.8139 1.3228, 1.9393 0.8271 1.3167, 1.9393 0.8259 1.3192, 1.9393 0.7284 1.3956, 1.9393 0.7148 1.4309, 1.9393 -0.1165 1.4892, 1.9393 0.7102 1.4682, 1.9393 0.7105 1.4772, 1.9393 0.7126 1.4892, 1.9393 0.7168 1.5129, 1.9393 -0.1165 1.2638, 1.9393 0.8768 1.2638, 1.9393 0.8682 1.2674, 1.9393 0.8497 1.2814, 1.9393 0.8355 1.2988, 1.9393 0.5993 -0.0204, 1.9393 0.602 0.0, 1.9393 0.5232 -0.0787, 1.9393 0.2476 -0.0787, 1.9393 0.9957 -0.4724, 1.9393 1.3702 -0.4724, 1.9393 0.9957 0.1181, 1.9393 1.3702 1.2638, 1.9393 0.9553 1.2638, 1.9393 0.5436 -0.0761, 1.9393 0.5626 -0.0682, 1.9393 0.192 -0.0557, 1.9393 0.2083 -0.0682, 1.9393 0.2273 -0.0761, 1.9393 0.5789 -0.0557, 1.9393 0.5914 -0.0394, 1.9393 -0.0935 0.8794, 1.9393 -0.0772 0.8669, 1.9393 -0.0582 0.859, 1.9393 0.9391 1.2576, 1.9393 0.9161 1.2547, 1.9393 0.602 0.1181, 1.9393 0.1689 0.8563, 1.9393 0.1689 0.0, 1.9393 0.1716 -0.0204, 1.9393 0.1794 -0.0394, 1.9393 -0.0378 0.8563, 1.9393 0.8901 1.2582, 1.9393 0.9125 1.2548, 1.9393 -0.1165 0.935, 1.9393 -0.1139 0.9147, 1.9393 -0.106 0.8957, 1.9393 1.3702 1.3167, 1.9393 1.0049 1.3167, 1.9393 1.0048 1.316, 1.9393 0.9935 1.2949, 1.9393 0.9792 1.2789, 1.9393 0.9603 1.2657, 1.9393 1.3112 1.4813, 1.9393 1.3155 1.4502, 1.9393 1.3702 1.4892, 1.9393 1.1261 1.3726, 1.9393 1.1326 1.3752, 1.9393 1.1438 1.4293, 1.9393 1.2804 1.36, 1.9393 1.2547 1.3382, 1.9393 0.9872 1.4132, 1.9393 1.1144 1.4796, 1.9393 0.9706 1.4283, 1.9393 0.9504 1.4391, 1.9393 1.1203 1.3685, 1.9393 1.2993 1.3863, 1.9393 1.3112 1.4164, 1.9393 1.14 1.3762, 1.9393 1.1409 1.3761, 1.9393 1.1438 1.3755, 1.9393 0.778 1.432, 1.9393 0.7892 1.4131, 1.9393 0.8373 1.4031, 1.9393 0.8061 1.3956, 1.9393 0.8269 1.3828, 1.9393 0.8724 1.4346, 1.9393 0.7723 1.4892, 1.9393 0.853 1.4211, 1.9393 0.77 1.4701, 1.9393 0.7711 1.4552, 1.9393 0.8933 1.4426, 1.9393 0.9161 1.4454, 1.9393 0.9275 1.4447, 1.9393 1.1106 1.3467, 1.9393 1.1108 1.3505, 1.9393 1.011 1.3591, 1.9393 1.1127 1.3577, 1.9393 1.1164 1.3642, 1.9393 1.1328 1.3182, 1.9393 1.1265 1.3207, 1.9393 1.1203 1.325, 1.9393 1.1181 1.3273, 1.9393 1.114 1.3332, 1.9393 1.1115 1.3397, 1.9393 1.0104 1.3394, 1.9393 1.011 1.3496, 1.9393 1.2386 1.4004, 1.9393 1.2487 1.4154, 1.9393 1.2548 1.4325, 1.9393 1.2567 1.4492, 1.9393 1.2563 1.4571, 1.9393 1.2257 1.324, 1.9393 1.1941 1.3173, 1.9393 1.1381 1.3173, 1.9393 1.1457 1.3752, 1.9393 1.1884 1.3752, 1.9393 1.2001 1.377, 1.9393 1.2174 1.3835, 1.9393 1.2323 1.3939, 1.9393 1.1827 1.5232, 1.9393 1.1751 1.5232, 1.9393 1.2445 1.4892, 1.9393 1.1992 1.5214, 1.9393 1.2519 1.4754, 1.9393 0.7728 1.4931, 1.9393 0.781 1.5143, 1.9393 1.2432 1.4918, 1.9393 1.2308 1.5054, 1.9393 1.2159 1.5154, 1.9393 1.1545 1.5805, 1.9393 1.133 1.606, 1.9393 0.9151 1.5507, 1.9393 1.1309 1.6079, 1.9393 1.1043 1.6264, 1.9393 0.9297 1.5808, 1.9393 0.7908 1.5284, 1.9393 0.9087 1.5543, 1.9393 1.174 1.5284, 1.9393 1.1692 1.55, 1.9393 0.8874 1.5621, 1.9393 0.8648 1.565, 1.9393 0.8547 1.5644, 1.9393 0.951 1.6062, 1.9393 1.0745 1.6378, 1.9393 0.9763 1.6247, 1.9393 1.0423 1.6418, 1.9393 1.0073 1.6373, 1.9393 0.8313 1.5588, 1.9393 0.8102 1.5475, 1.9393 0.7941 1.5332, 1.9393 1.2865 1.5284, 1.9393 1.2995 1.5102, 1.9393 1.308 1.4892, 1.9393 1.8631 1.4359, 1.9393 1.8788 1.3167, 1.9393 1.8631 1.4512, 1.9393 1.8594 1.3779, 1.9393 1.8594 1.3932, 1.9393 1.8366 1.3932, 1.9393 1.8366 1.4359, 1.9393 1.8116 1.3932, 1.9393 1.8116 1.4359, 1.9393 1.7591 1.4131, 1.9393 1.7764 1.4131, 1.9393 1.7117 1.4892, 1.9393 1.7117 1.3899, 1.9393 1.7285 1.3415, 1.9393 1.733 1.3413, 1.9393 1.8116 1.3779, 1.9393 1.8116 1.333, 1.9393 1.8366 1.3779, 1.9393 1.8366 1.333, 1.9393 1.8662 1.333, 1.9393 1.8662 1.3178, 1.9393 1.8366 1.3167, 1.9393 1.8366 1.3178, 1.9393 1.7944 1.3178, 1.9393 1.7305 1.3336, 1.9393 1.731 1.3336, 1.9393 1.7318 1.3369, 1.9393 1.6118 1.3384, 1.9393 1.5949 1.4892, 1.9393 1.5949 1.3167, 1.9393 1.6184 1.3344, 1.9393 1.6196 1.3339, 1.9393 1.6196 1.3693, 1.9393 1.6167 1.3723, 1.9393 1.6145 1.3758, 1.9393 1.6127 1.3809, 1.9393 1.6119 1.3874, 1.9393 1.6126 1.3934, 1.9393 1.6194 1.3694, 1.9393 1.6267 1.3167, 1.9393 1.6238 1.317, 1.9393 1.6196 1.3167, 1.9393 1.6196 1.3184, 1.9393 1.6118 1.3211, 1.9393 1.6377 1.3155, 1.9393 1.6196 1.2638, 1.9393 1.6482 1.3167, 1.9393 1.6806 1.2638, 1.9393 1.6706 1.3595, 1.9393 1.6737 1.3549, 1.9393 1.6716 1.3948, 1.9393 1.6226 1.4077, 1.9393 1.6275 1.4106, 1.9393 1.6196 1.4892, 1.9393 1.6806 1.3167, 1.9393 1.6734 1.3317, 1.9393 1.6702 1.3273, 1.9393 1.6146 1.3987, 1.9393 1.6177 1.4033, 1.9393 1.6196 1.4049, 1.9393 1.6755 1.3499, 1.9393 1.6762 1.3437, 1.9393 1.6754 1.337, 1.9393 1.6367 1.4139, 1.9393 1.649 1.4153, 1.9393 1.6806 1.4892, 1.9393 1.6716 1.4111, 1.9393 1.6583 1.4147, 1.9393 1.6655 1.3231, 1.9393 1.6606 1.3202, 1.9393 1.6515 1.317, 1.9393 1.6474 1.4017, 1.9393 1.6425 1.4013, 1.9393 1.6292 1.3889, 1.9393 1.638 1.4002, 1.9393 1.6342 1.3982, 1.9393 1.6293 1.3867, 1.9393 1.63 1.3841, 1.9393 1.6312 1.3818, 1.9393 1.6328 1.38, 1.9393 1.6387 1.3763, 1.9393 1.6584 1.4005, 1.9393 1.649 1.3718, 1.9393 1.6678 1.397, 1.9393 1.6555 1.3692, 1.9393 1.6666 1.363, 1.9393 1.6317 1.3959, 1.9393 1.6303 1.3938, 1.9393 1.6295 1.3915, 1.9393 1.6288 1.3304, 1.9393 1.6372 1.3597, 1.9393 1.6273 1.3642, 1.9393 1.6393 1.3292, 1.9393 1.6401 1.3292, 1.9393 1.6482 1.3551, 1.9393 1.6486 1.3301, 1.9393 1.659 1.3421, 1.9393 1.6589 1.3442, 1.9393 1.6529 1.3317, 1.9393 1.6545 1.3327, 1.9393 1.6564 1.3344, 1.9393 1.6578 1.3365, 1.9393 1.6587 1.3389, 1.9393 1.6581 1.3468, 1.9393 1.6568 1.349, 1.9393 1.6547 1.3512, 1.9393 2.0037 1.5284, 1.9393 1.9604 1.5295, 1.9393 1.9414 1.5295, 1.9393 1.9096 1.6629, 1.9393 2.0037 1.6641, 1.9393 1.8788 1.6641, 1.9393 1.8594 1.5295, 1.9393 1.8403 1.5295, 1.9393 1.8366 1.5284, 1.9393 1.8788 1.566, 1.9393 1.8722 1.566, 1.9393 1.8366 1.6641, 1.9393 1.8788 1.6305, 1.9393 1.8911 1.6629, 1.9393 1.6991 1.5447, 1.9393 1.6991 1.5295, 1.9393 1.7117 1.5284, 1.9393 1.696 1.6476, 1.9393 1.7117 1.6641, 1.9393 1.696 1.6629, 1.9393 1.6806 1.6641, 1.9393 1.6806 1.6629, 1.9393 1.6922 1.5896, 1.9393 1.6922 1.6049, 1.9393 1.6806 1.6049, 1.9393 1.6806 1.6476, 1.9393 1.6445 1.6049, 1.9393 1.6445 1.6476, 1.9393 1.6273 1.5295, 1.9393 1.6196 1.5284, 1.9393 1.6806 1.5284, 1.9393 1.6273 1.6629, 1.9393 1.6196 1.6641, 1.9393 1.6806 1.5295, 1.9393 1.5066 2.1555, 1.9393 1.4986 2.1555, 1.9393 1.4986 1.6641, 1.9393 2.0037 2.1555, 1.9393 1.8788 2.1555, 1.9393 1.8366 2.1555, 1.9393 1.7117 2.1555, 1.9393 1.6806 2.1555, 1.9393 1.6196 2.1555, 1.9393 1.5949 1.6641, 1.9393 1.5949 2.1555, 1.9393 1.5827 1.6641, 1.9393 2.5015 2.4705, 1.9393 2.0488 2.4705, 1.9393 2.5015 1.6641, 1.9393 2.0488 2.1555, 1.9393 2.5015 -0.0787, 1.9393 2.5902 0.0, 1.9393 2.5902 0.8563, 1.9393 2.8172 0.859, 1.9393 2.8362 0.8669, 1.9393 2.8756 0.935, 1.9393 2.5114 -0.0787, 1.9393 2.5318 -0.0761, 1.9393 2.5508 -0.0682, 1.9393 2.2358 -0.0787, 1.9393 2.5015 1.2638, 1.9393 2.7968 0.8563, 1.9393 2.5671 -0.0557, 1.9393 2.5796 -0.0394, 1.9393 2.5875 -0.0204, 1.9393 2.8525 0.8794, 1.9393 2.865 0.8957, 1.9393 2.8729 0.9147, 1.9393 2.1598 -0.0204, 1.9393 2.1676 -0.0394, 1.9393 2.1801 -0.0557, 1.9393 2.1965 -0.0682, 1.9393 2.2154 -0.0761, 1.9393 1.7117 1.2638, 1.9393 1.7634 0.1181, 1.9393 1.8366 1.2638, 1.9393 1.8366 0.1181, 1.9393 1.8788 1.2638, 1.9393 1.8788 0.1181, 1.9393 2.0037 1.2638, 1.9393 2.0037 0.1181, 1.9393 2.1571 0.1181, 1.9393 2.1571 0.0, 1.9393 1.5313 1.6332, 1.9393 1.525 1.6238, 1.9393 1.5949 1.549, 1.9393 1.5207 1.612, 1.9393 1.5187 1.5947, 1.9393 1.5187 1.5935, 1.9393 1.587 1.5455, 1.9393 1.5719 1.5428, 1.9393 1.5855 1.6477, 1.9393 1.5691 1.6496, 1.9393 1.5632 1.6494, 1.9393 1.5517 1.647, 1.9393 1.6006 1.6417, 1.9393 1.6006 1.5515, 1.9393 1.599 1.6426, 1.9393 1.5949 1.6441, 1.9393 1.5413 1.642, 1.9393 1.5328 1.6348, 1.9393 1.5208 1.5771, 1.9393 1.525 1.5662, 1.9393 1.5318 1.5566, 1.9393 1.544 1.5475, 1.9393 1.5536 1.544, 1.9393 1.5661 1.5426, 1.9393 1.5351 1.5535, 1.9393 1.5874 1.6636, 1.9393 1.5949 1.6614, 1.9393 1.6006 1.6597, 1.9393 1.5066 1.6641, 1.9393 1.5066 1.6244, 1.9393 1.5103 1.633, 1.9393 1.5371 1.6581, 1.9393 1.5513 1.6633, 1.9393 1.5587 1.6641, 1.9393 1.569 1.6652, 1.9393 1.5702 1.6652, 1.9393 1.5199 1.6455, 1.9393 1.5239 1.6493, 1.9393 1.504 1.6182, 1.9393 1.5026 1.5747, 1.9393 1.4986 1.5284, 1.9393 1.5007 1.5937, 1.9393 1.5009 1.6009, 1.9393 1.5404 1.5308, 1.9393 1.5279 1.5369, 1.9393 1.5178 1.5455, 1.9393 1.5152 1.5484, 1.9393 1.5517 1.5284, 1.9393 1.5066 1.4892, 1.9393 1.5547 1.5277, 1.9393 1.5636 1.5272, 1.9393 1.5753 1.5284, 1.9393 1.6006 1.535, 1.9393 1.5984 1.5339, 1.9393 1.5949 1.5284, 1.9393 1.5949 1.5328, 1.9393 1.5841 1.5292, 1.9393 1.5194 1.3633, 1.9393 1.5219 1.3902, 1.9393 1.516 1.3585, 1.9393 1.5137 1.3526, 1.9393 1.5066 1.3167, 1.9393 1.5154 1.3301, 1.9393 1.5134 1.3357, 1.9393 1.5725 1.3325, 1.9393 1.572 1.3325, 1.9393 1.5725 1.3178, 1.9393 1.5694 1.3286, 1.9393 1.5641 1.3229, 1.9393 1.5245 1.3677, 1.9393 1.5317 1.3713, 1.9393 1.5326 1.397, 1.9393 1.5442 1.3744, 1.9393 1.5588 1.4011, 1.9393 1.5532 1.4017, 1.9393 1.5431 1.4006, 1.9393 1.5647 1.4144, 1.9393 1.5718 1.4123, 1.9393 1.5264 1.3191, 1.9393 1.5208 1.323, 1.9393 1.5189 1.3249, 1.9393 1.5774 1.4091, 1.9393 1.5818 1.4048, 1.9393 1.5852 1.3994, 1.9393 1.5219 1.4064, 1.9393 1.5258 1.4086, 1.9393 1.5383 1.4133, 1.9393 1.5547 1.4153, 1.9393 1.5725 1.3784, 1.9393 1.5719 1.3858, 1.9393 1.5702 1.3917, 1.9393 1.5682 1.3952, 1.9393 1.5126 1.3433, 1.9393 1.5126 1.3454, 1.9393 1.5879 1.3918, 1.9393 1.5892 1.3791, 1.9393 1.5892 1.3178, 1.9393 1.5657 1.3978, 1.9393 1.5627 1.3998, 1.9393 1.5519 1.3167, 1.9393 1.5514 1.3165, 1.9393 1.5949 1.2638, 1.9393 1.5066 1.2638, 1.9393 1.5428 1.3155, 1.9393 1.5331 1.3167, 1.9393 1.5328 1.3167, 1.9393 1.7036 1.4131, 1.9393 1.6849 1.4131, 1.9393 1.7217 1.3167, 1.9393 1.7223 1.318, 1.9393 1.7117 1.345, 1.9393 1.715 1.3007, 1.9393 1.7117 1.3167, 1.9393 1.7117 1.2947, 1.9393 1.7117 1.2946, 1.9393 1.6883 1.2891, 1.9393 1.6883 1.2743, 1.9393 1.6918 1.288, 1.9393 1.6978 1.2872, 1.9393 1.7018 1.2877, 1.9393 1.7117 1.2759, 1.9393 1.7059 1.2737, 1.9393 1.6991 1.2729, 1.9393 1.6954 1.273, 1.9393 1.7055 1.289, 1.9393 1.7086 1.2912, 1.9393 1.7331 1.3034, 1.9393 1.7256 1.2887, 1.9393 1.7384 1.3167, 1.9393 1.7195 1.2813, 1.9393 1.7183 1.2803, 1.9393 1.7125 1.2762, 1.9393 1.7634 -0.4724, 1.9393 1.7117 -0.4724, 1.9393 1.6806 -0.4724, 1.9393 1.6196 -0.4724, 1.9393 1.5949 -0.4724, 1.9393 1.5066 -0.4724, 1.9393 1.5582 1.3189, 1.9393 1.4248 1.4512, 1.9393 1.4936 1.4512, 1.9393 1.4986 1.4892, 1.9393 1.4936 1.4359, 1.9393 1.4966 1.333, 1.9393 1.4986 1.3167, 1.9393 1.4966 1.3178, 1.9393 1.4248 1.3178, 1.9393 1.4986 1.2638, 1.9393 1.4986 -0.4724, 1.9393 1.4421 1.3779, 1.9393 1.4421 1.333, 1.9393 1.4898 1.3779, 1.9393 1.4898 1.3932, 1.9393 1.4421 1.3932, 1.9393 1.4421 1.4359, 1.9393 1.9964 1.3622, 1.9393 1.9899 1.3484, 1.9393 2.0037 1.3167, 1.9393 1.9934 1.4164, 1.9393 1.9981 1.4035, 1.9393 2.0037 1.4892, 1.9393 2.0 1.3862, 1.9393 1.9996 1.3779, 1.9393 1.9799 1.3365, 1.9393 1.9765 1.3336, 1.9393 1.9633 1.3251, 1.9393 1.9505 1.4488, 1.9393 1.9665 1.4428, 1.9393 1.9474 1.3197, 1.9393 1.9281 1.3178, 1.9393 1.8914 1.3178, 1.9393 1.8914 1.4512, 1.9393 1.9295 1.4512, 1.9393 1.9799 1.4336, 1.9393 1.9853 1.4282, 1.9393 2.0265 1.3178, 1.9393 2.0074 1.3178, 1.9393 2.1085 1.3178, 1.9393 2.0949 1.3543, 1.9393 2.0393 1.3543, 1.9393 2.0583 1.4512, 1.9393 2.0767 1.4512, 1.9393 2.5015 1.3167, 1.9393 1.9277 1.566, 1.9393 1.4952 1.5447, 1.9393 1.4952 1.5295, 1.9393 1.4248 1.5295, 1.9393 1.4421 1.5447, 1.9393 1.4421 1.6629, 1.9393 1.4248 1.6629, 1.9393 1.761 1.5295, 1.9393 1.7243 1.5295, 1.9393 1.6806 1.5447, 1.9393 1.6806 1.5896, 1.9393 1.6445 1.5447, 1.9393 1.6445 1.5896, 1.9393 1.8293 1.5739, 1.9393 1.8228 1.5601, 1.9393 1.8128 1.5482, 1.9393 1.7243 1.6629, 1.9393 1.7623 1.6629, 1.9393 1.7834 1.6605, 1.9393 1.7994 1.6545, 1.9393 1.8262 1.6281, 1.9393 1.831 1.6152, 1.9393 1.8329 1.5979, 1.9393 1.8325 1.5896, 1.9393 1.8094 1.5453, 1.9393 1.7962 1.5368, 1.9393 1.7803 1.5315, 1.9393 1.8128 1.6453, 1.9393 1.8181 1.6399, 1.9393 2.1275 1.3178, 1.9393 2.5015 1.4892, 1.9393 2.5015 1.5284, 1.9393 2.8756 1.2638, 1.9393 2.8756 1.3167, 1.9393 2.8756 1.4892, 1.9393 2.8756 1.5284, 1.9393 2.8756 1.6641, 1.9393 2.8756 2.4705, -0.9839 -1.4354 -1.3091, -0.9839 -1.3173 -1.3091, -0.9534 -1.3173 -1.305, -0.9534 -1.4354 -1.305, -0.9249 -1.3173 -1.2932, -0.9249 -1.4354 -1.2932, -0.9004 -1.3173 -1.2745, -0.9004 -1.4354 -1.2745, -0.9839 -1.2583 -0.8292, -0.9839 -1.2583 0.3913, -0.9631 -1.261 0.3913, -0.9631 -1.261 -0.8292, -0.9435 -1.2689 0.3913, -0.9435 -1.2689 -0.8292, -0.9267 -1.2815 0.3913, -0.9267 -1.2815 -0.8292, -0.9136 -1.298 0.3913, -0.9136 -1.298 -0.8292, -0.9052 -1.3173 0.3913, -0.9052 -1.3173 -0.8292, 0.9846 -1.4354 -1.3091, 0.9846 -1.3173 -1.3091, 1.0151 -1.3173 -1.305, 1.0151 -1.4354 -1.305, 1.0436 -1.3173 -1.2932, 1.0436 -1.4354 -1.2932, 1.0681 -1.3173 -1.2745, 1.0681 -1.4354 -1.2745, 0.9846 -1.2583 -0.8292, 0.9846 -1.2583 0.3913, 1.0055 -1.261 0.3913, 1.0055 -1.261 -0.8292, 1.025 -1.2689 0.3913, 1.025 -1.2689 -0.8292, 1.0418 -1.2815 0.3913, 1.0418 -1.2815 -0.8292, 1.0549 -1.298 0.3913, 1.0549 -1.298 -0.8292, 1.0633 -1.3173 0.3913, 1.0633 -1.3173 -0.8292, 0.0003 -1.4354 -1.3091, 0.0003 -1.3173 -1.3091, 0.0309 -1.3173 -1.305, 0.0309 -1.4354 -1.305, 0.0594 -1.3173 -1.2932, 0.0594 -1.4354 -1.2932, 0.0838 -1.3173 -1.2745, 0.0838 -1.4354 -1.2745, 0.0003 -1.2583 -0.8292, 0.0003 -1.2583 0.3913, 0.0212 -1.261 0.3913, 0.0212 -1.261 -0.8292, 0.0407 -1.2689 0.3913, 0.0407 -1.2689 -0.8292, 0.0575 -1.2815 0.3913, 0.0575 -1.2815 -0.8292, 0.0706 -1.298 0.3913, 0.0706 -1.298 -0.8292, 0.0791 -1.3173 0.3913, 0.0791 -1.3173 -0.8292
            ]
        }
        coordIndex [
            0,1,2,-1,3,4,5,-1,6,7,0,-1,8,9,10,-1,10,9,11,-1,10,12,13,-1,13,14,10,-1,10,14,15,-1,10,15,8,-1,16,17,18,-1,18,17,19,-1,20,21,10,-1,10,21,22,-1,10,22,12,-1,23,24,18,-1,18,24,25,-1,18,25,20,-1,20,25,26,-1,20,26,21,-1,23,18,27,-1,27,18,19,-1,27,19,28,-1,29,30,19,-1,19,30,31,-1,19,31,32,-1,19,33,28,-1,28,33,34,-1,28,34,35,-1,35,34,36,-1,35,36,37,-1,32,38,19,-1,19,38,39,-1,19,39,33,-1,40,41,42,-1,40,42,43,-1,43,42,44,-1,43,44,45,-1,41,46,42,-1,42,46,47,-1,42,47,48,-1,48,47,49,-1,49,50,48,-1,48,50,51,-1,48,51,29,-1,29,51,52,-1,29,52,30,-1,53,54,42,-1,42,54,55,-1,55,56,42,-1,42,56,57,-1,42,57,44,-1,58,59,60,-1,60,59,61,-1,62,63,64,-1,64,63,65,-1,64,65,66,-1,60,67,68,-1,69,70,71,-1,68,72,60,-1,60,72,73,-1,60,73,58,-1,74,75,76,-1,66,77,64,-1,64,77,78,-1,64,78,79,-1,79,80,59,-1,59,80,81,-1,59,81,61,-1,61,81,82,-1,61,82,71,-1,71,82,83,-1,71,83,69,-1,53,84,54,-1,54,84,80,-1,54,80,85,-1,85,80,79,-1,85,79,86,-1,86,79,78,-1,53,87,84,-1,84,87,88,-1,84,88,76,-1,76,88,89,-1,76,89,74,-1,90,91,65,-1,65,91,92,-1,65,92,93,-1,93,94,65,-1,65,94,95,-1,65,95,66,-1,96,97,98,-1,99,100,101,-1,102,103,90,-1,104,105,106,-1,106,105,107,-1,99,101,108,-1,102,90,109,-1,98,97,90,-1,90,97,110,-1,90,110,109,-1,100,111,101,-1,101,111,112,-1,101,112,113,-1,114,115,116,-1,116,115,117,-1,116,117,118,-1,119,120,121,-1,121,120,122,-1,121,122,116,-1,116,122,123,-1,116,123,114,-1,119,124,120,-1,120,124,125,-1,120,125,105,-1,105,125,126,-1,105,126,107,-1,127,128,129,-1,129,128,130,-1,129,130,101,-1,101,130,131,-1,101,131,108,-1,132,133,91,-1,91,133,134,-1,91,134,135,-1,135,136,91,-1,91,136,137,-1,91,137,138,-1,138,137,127,-1,138,127,139,-1,139,127,129,-1,140,141,101,-1,101,141,142,-1,101,142,105,-1,105,142,143,-1,105,143,144,-1,103,145,90,-1,90,145,146,-1,90,146,91,-1,91,146,147,-1,91,147,132,-1,113,148,101,-1,101,148,149,-1,101,149,150,-1,150,151,101,-1,101,151,152,-1,101,152,140,-1,153,154,155,-1,153,155,156,-1,144,157,105,-1,105,157,155,-1,105,155,120,-1,120,155,154,-1,120,154,158,-1,158,154,159,-1,160,161,155,-1,155,161,162,-1,155,162,156,-1,163,164,165,-1,164,166,165,-1,165,166,167,-1,165,167,168,-1,169,165,170,-1,159,154,169,-1,169,154,171,-1,169,171,165,-1,165,171,172,-1,165,172,163,-1,170,173,169,-1,169,173,174,-1,169,174,175,-1,168,167,176,-1,176,167,177,-1,176,177,178,-1,178,177,179,-1,178,179,180,-1,181,182,175,-1,175,182,183,-1,175,183,169,-1,9,184,11,-1,11,184,185,-1,11,185,98,-1,98,185,186,-1,98,186,96,-1,187,188,1,-1,0,7,1,-1,1,7,189,-1,1,189,187,-1,190,188,191,-1,191,188,187,-1,191,187,192,-1,192,187,193,-1,192,193,194,-1,194,193,195,-1,196,197,198,-1,199,200,201,-1,202,203,204,-1,204,203,205,-1,204,205,190,-1,190,205,206,-1,190,206,188,-1,188,206,207,-1,188,207,208,-1,208,207,209,-1,208,209,210,-1,211,212,200,-1,200,212,213,-1,200,213,201,-1,214,215,216,-1,217,218,219,-1,220,221,214,-1,221,222,214,-1,214,222,223,-1,214,223,215,-1,215,223,224,-1,217,219,214,-1,214,219,225,-1,214,225,220,-1,226,227,228,-1,228,227,229,-1,228,229,216,-1,216,229,230,-1,216,230,214,-1,231,232,233,-1,233,232,234,-1,235,236,237,-1,238,239,240,-1,241,242,243,-1,224,244,215,-1,215,244,245,-1,215,245,240,-1,240,245,246,-1,240,246,238,-1,247,248,241,-1,241,248,249,-1,241,249,242,-1,239,250,240,-1,240,250,251,-1,240,251,252,-1,236,247,237,-1,237,247,241,-1,237,241,253,-1,253,241,252,-1,253,252,254,-1,254,252,251,-1,243,255,241,-1,241,255,256,-1,241,256,257,-1,258,259,260,-1,260,259,261,-1,260,261,262,-1,260,263,258,-1,258,263,264,-1,258,264,265,-1,265,266,258,-1,258,266,267,-1,258,267,268,-1,268,267,269,-1,268,269,270,-1,270,269,271,-1,270,271,237,-1,237,271,272,-1,237,272,235,-1,273,274,262,-1,262,274,275,-1,262,275,260,-1,276,277,218,-1,218,277,278,-1,218,278,219,-1,276,279,277,-1,277,279,280,-1,277,280,281,-1,281,280,282,-1,281,283,284,-1,282,285,281,-1,281,285,286,-1,281,286,287,-1,287,288,281,-1,281,288,289,-1,281,289,283,-1,284,290,281,-1,281,290,291,-1,281,291,292,-1,293,294,295,-1,294,293,296,-1,296,293,297,-1,296,297,298,-1,299,300,301,-1,2,302,303,-1,301,300,304,-1,304,300,305,-1,304,305,298,-1,298,305,306,-1,298,306,296,-1,307,308,309,-1,310,311,312,-1,312,311,313,-1,312,313,314,-1,315,311,316,-1,316,311,310,-1,316,310,317,-1,317,310,318,-1,317,318,319,-1,319,318,320,-1,321,322,323,-1,314,313,324,-1,324,313,325,-1,324,325,321,-1,309,308,323,-1,323,308,326,-1,323,326,321,-1,327,328,329,-1,297,330,298,-1,298,330,331,-1,298,331,304,-1,304,331,332,-1,304,332,311,-1,311,332,333,-1,311,333,313,-1,313,333,334,-1,313,334,325,-1,325,334,335,-1,325,335,336,-1,336,335,337,-1,336,337,338,-1,339,340,341,-1,341,340,342,-1,343,344,345,-1,346,347,348,-1,343,349,344,-1,344,349,350,-1,344,350,351,-1,352,343,353,-1,353,343,345,-1,353,345,348,-1,348,345,354,-1,348,354,346,-1,351,355,344,-1,344,355,356,-1,344,356,357,-1,347,358,348,-1,348,358,359,-1,348,359,360,-1,352,361,362,-1,362,363,352,-1,352,363,364,-1,352,364,365,-1,366,367,368,-1,368,367,369,-1,368,369,370,-1,370,369,371,-1,370,371,372,-1,372,371,373,-1,372,373,353,-1,353,373,374,-1,353,374,352,-1,352,374,375,-1,352,375,361,-1,376,377,378,-1,378,377,379,-1,379,380,378,-1,378,380,381,-1,378,381,382,-1,382,381,383,-1,384,385,378,-1,378,385,386,-1,378,386,387,-1,321,325,322,-1,322,325,388,-1,322,388,389,-1,389,388,390,-1,389,390,378,-1,378,390,391,-1,378,391,384,-1,387,392,378,-1,378,392,393,-1,378,393,376,-1,394,395,396,-1,397,398,381,-1,381,398,399,-1,381,399,383,-1,394,396,381,-1,381,396,400,-1,381,400,397,-1,338,401,336,-1,336,401,402,-1,336,402,325,-1,325,402,403,-1,325,403,388,-1,404,405,406,-1,407,408,404,-1,404,408,409,-1,404,409,327,-1,327,409,410,-1,327,410,337,-1,337,410,411,-1,337,411,338,-1,406,412,404,-1,404,412,413,-1,404,413,407,-1,327,329,404,-1,404,329,414,-1,404,414,405,-1,4,415,416,-1,416,415,417,-1,416,417,329,-1,329,417,418,-1,329,418,414,-1,419,420,5,-1,420,421,5,-1,5,421,422,-1,5,422,3,-1,419,5,423,-1,423,5,424,-1,423,424,425,-1,425,424,426,-1,426,424,215,-1,426,215,427,-1,389,428,322,-1,322,428,429,-1,322,429,430,-1,430,429,431,-1,430,431,432,-1,433,434,435,-1,435,434,436,-1,437,438,439,-1,440,441,442,-1,442,441,443,-1,442,443,444,-1,433,445,434,-1,434,445,446,-1,434,446,447,-1,447,446,448,-1,449,450,448,-1,448,450,451,-1,448,451,447,-1,452,453,215,-1,454,455,437,-1,437,455,456,-1,437,456,438,-1,453,457,215,-1,215,457,458,-1,215,458,459,-1,460,461,424,-1,424,461,462,-1,424,462,215,-1,215,462,463,-1,215,463,452,-1,464,465,448,-1,448,465,466,-1,448,466,467,-1,439,468,437,-1,437,468,469,-1,437,469,424,-1,424,469,436,-1,424,436,460,-1,460,436,434,-1,459,470,215,-1,215,470,471,-1,215,471,216,-1,216,471,472,-1,216,472,442,-1,467,473,448,-1,448,473,474,-1,448,474,449,-1,475,476,477,-1,477,476,478,-1,476,479,478,-1,478,479,480,-1,478,480,437,-1,437,480,481,-1,437,481,454,-1,201,196,199,-1,199,196,198,-1,199,198,482,-1,482,198,483,-1,484,485,486,-1,487,488,489,-1,489,488,490,-1,488,241,491,-1,257,233,241,-1,241,233,234,-1,241,234,491,-1,491,234,492,-1,491,493,488,-1,488,493,494,-1,488,494,495,-1,496,497,366,-1,366,497,498,-1,366,498,234,-1,234,498,499,-1,234,499,492,-1,495,500,488,-1,488,500,501,-1,488,501,490,-1,502,503,368,-1,502,368,504,-1,503,505,368,-1,368,505,506,-1,368,506,366,-1,366,506,507,-1,366,507,496,-1,508,367,509,-1,509,367,366,-1,509,366,510,-1,510,366,234,-1,510,234,511,-1,511,234,232,-1,511,232,512,-1,512,232,477,-1,512,477,513,-1,513,477,478,-1,231,226,232,-1,232,226,228,-1,232,228,477,-1,477,228,216,-1,477,216,475,-1,475,216,442,-1,475,442,514,-1,514,442,444,-1,515,516,517,-1,516,518,517,-1,517,518,519,-1,517,519,520,-1,520,519,521,-1,520,521,522,-1,515,98,522,-1,522,98,90,-1,522,90,520,-1,520,90,65,-1,520,65,523,-1,523,65,63,-1,523,63,524,-1,525,526,527,-1,527,526,519,-1,527,519,528,-1,528,519,518,-1,528,518,529,-1,529,518,530,-1,531,532,533,-1,534,535,536,-1,536,535,537,-1,536,537,533,-1,533,537,538,-1,533,538,531,-1,532,539,533,-1,533,539,540,-1,533,540,541,-1,536,542,543,-1,541,544,533,-1,533,544,545,-1,533,545,188,-1,188,545,546,-1,188,546,1,-1,1,546,547,-1,1,547,548,-1,543,549,536,-1,536,549,550,-1,536,550,534,-1,551,552,533,-1,553,554,555,-1,533,552,536,-1,536,552,556,-1,536,556,557,-1,4,416,5,-1,5,416,517,-1,5,517,424,-1,424,517,520,-1,424,520,437,-1,437,520,523,-1,437,523,478,-1,478,523,524,-1,478,524,513,-1,432,427,430,-1,430,427,215,-1,430,215,322,-1,322,215,240,-1,322,240,323,-1,323,240,252,-1,323,252,309,-1,353,558,372,-1,372,558,533,-1,372,533,370,-1,370,533,188,-1,370,188,368,-1,368,188,208,-1,368,208,504,-1,504,208,210,-1,504,210,197,-1,197,210,6,-1,197,6,198,-1,198,6,0,-1,198,0,301,-1,301,0,2,-1,301,2,299,-1,299,2,303,-1,559,302,295,-1,295,302,2,-1,295,2,293,-1,293,2,1,-1,293,1,536,-1,536,1,548,-1,536,548,542,-1,329,560,416,-1,416,560,561,-1,416,561,562,-1,563,560,564,-1,564,560,329,-1,564,329,10,-1,10,329,328,-1,10,328,20,-1,515,517,98,-1,98,517,416,-1,98,416,11,-1,11,416,562,-1,11,562,10,-1,10,562,565,-1,10,565,564,-1,566,567,309,-1,309,567,311,-1,309,311,307,-1,307,311,315,-1,307,315,568,-1,568,315,569,-1,568,569,570,-1,570,569,571,-1,572,573,301,-1,301,573,574,-1,567,575,311,-1,311,575,576,-1,311,576,304,-1,304,576,577,-1,304,577,578,-1,579,580,304,-1,304,580,581,-1,304,581,301,-1,301,581,582,-1,301,582,572,-1,574,583,301,-1,301,583,584,-1,301,584,585,-1,578,586,304,-1,304,586,587,-1,304,587,579,-1,585,566,301,-1,301,566,309,-1,301,309,198,-1,198,309,252,-1,198,252,483,-1,483,252,241,-1,483,241,486,-1,486,241,488,-1,486,488,484,-1,484,488,487,-1,555,551,553,-1,553,551,533,-1,553,533,588,-1,588,533,558,-1,588,558,557,-1,557,558,589,-1,557,589,536,-1,536,589,590,-1,536,590,293,-1,293,590,341,-1,293,341,297,-1,297,341,342,-1,297,342,330,-1,348,591,353,-1,353,591,592,-1,353,592,558,-1,558,592,593,-1,558,593,589,-1,589,593,594,-1,589,594,590,-1,590,594,595,-1,590,595,341,-1,341,595,596,-1,341,596,339,-1,597,598,599,-1,597,599,600,-1,600,599,601,-1,600,601,602,-1,602,601,603,-1,602,603,604,-1,605,606,607,-1,605,607,608,-1,608,607,609,-1,608,609,610,-1,610,609,611,-1,610,611,612,-1,612,611,613,-1,612,613,614,-1,614,613,615,-1,614,615,616,-1,617,618,619,-1,617,619,620,-1,620,619,621,-1,620,621,622,-1,622,621,623,-1,622,623,624,-1,625,626,627,-1,625,627,628,-1,628,627,629,-1,628,629,630,-1,630,629,631,-1,630,631,632,-1,632,631,633,-1,632,633,634,-1,634,633,635,-1,634,635,636,-1,637,638,639,-1,637,639,640,-1,640,639,641,-1,640,641,642,-1,642,641,643,-1,642,643,644,-1,645,646,647,-1,645,647,648,-1,648,647,649,-1,648,649,650,-1,650,649,651,-1,650,651,652,-1,652,651,653,-1,652,653,654,-1,654,653,655,-1,654,655,656,-1,
        ]
    }
}
Shape{
    appearance Appearance {
        material  Material 	{
            diffuseColor 0.25098039215686274 0.25098039215686274 0.25098039215686274
            specularColor 0.25098039215686274 0.25098039215686274 0.25098039215686274
            ambientIntensity 0.251
            transparency 0.0
            shininess 0.5
        }
    }
    geometry IndexedFaceSet {
        ccw TRUE
        solid FALSE
        coord DEF co Coordinate {
            point [
                1.0822 0.0429 2.628, 1.0893 0.0444 2.6484, 1.1078 0.0497 2.628, 0.9777 -0.0085 2.628, 0.938 -0.0482 2.628, 0.9477 -0.0464 2.6716, 0.8496 -0.2303 2.628, 0.8468 -0.274 2.628, 0.8648 -0.274 2.702, 0.8723 -0.146 2.628, 0.8598 -0.1923 2.628, 0.8744 -0.1916 2.6985, 0.9159 -0.0703 2.628, 0.9026 -0.1142 2.6882, 0.8898 -0.1155 2.628, 1.0021 0.0056 2.628, 1.0534 0.0352 2.628, 1.007 0.0075 2.6499, 1.0602 0.037 2.628, 1.0276 0.0075 2.6901, 1.1377 0.0578 2.628, 1.1071 0.0444 2.6688, 1.1421 0.058 2.628, 1.1293 0.0444 2.6843, 1.1565 0.059 2.628, 1.1546 0.0444 2.6939, 1.1699 0.0599 2.628, 1.1814 0.0444 2.6972, 1.1814 0.0606 2.628, 1.2083 0.0444 2.6939, 1.1929 0.0599 2.628, 1.2336 0.0444 2.6843, 1.2064 0.059 2.628, 1.2558 0.0444 2.6688, 1.2208 0.058 2.628, 1.2828 0.0431 2.628, 1.268 0.0492 2.628, 1.2736 0.0444 2.6484, 1.2476 0.0533 2.628, 1.2251 0.0578 2.628, 1.3612 0.0063 2.628, 1.3487 0.0158 2.628, 1.3558 0.0075 2.6499, 1.3068 0.0332 2.628, 1.3352 0.0075 2.6901, 1.4151 -0.0464 2.6716, 1.4256 -0.0472 2.628, 1.4181 -0.0374 2.628, 1.4603 -0.1142 2.6882, 1.4745 -0.1145 2.628, 1.4712 -0.1067 2.628, 1.4981 -0.274 2.702, 1.5161 -0.274 2.628, 1.5052 -0.1917 2.628, 1.0573 0.0075 2.7242, 1.0944 0.0075 2.75, 1.1366 0.0075 2.7662, 1.1814 0.0075 2.7717, 1.2263 0.0075 2.7662, 1.2685 0.0075 2.75, 1.3055 0.0075 2.7242, 0.9753 -0.0464 2.7255, 1.0151 -0.0464 2.7712, 1.0648 -0.0464 2.8058, 1.1213 -0.0464 2.8275, 1.1814 -0.0464 2.8349, 1.2415 -0.0464 2.8275, 1.2981 -0.0464 2.8058, 1.3477 -0.0464 2.7712, 1.3875 -0.0464 2.7255, 0.9355 -0.1142 2.7525, 0.983 -0.1142 2.8069, 1.0422 -0.1142 2.8483, 1.1097 -0.1142 2.8741, 1.1814 -0.1142 2.8829, 1.2531 -0.1142 2.8741, 1.3206 -0.1142 2.8483, 1.3798 -0.1142 2.8069, 1.4273 -0.1142 2.7525, 0.9106 -0.1916 2.7693, 0.9629 -0.1916 2.8293, 1.0282 -0.1916 2.8749, 1.1025 -0.1916 2.9033, 1.1814 -0.1916 2.913, 1.2604 -0.1916 2.9033, 1.3347 -0.1916 2.8749, 1.3999 -0.1916 2.8293, 1.4522 -0.1916 2.7693, 1.4885 -0.1916 2.6985, 1.5047 -0.1874 2.628, 0.9022 -0.274 2.7751, 0.9561 -0.274 2.8369, 1.0234 -0.274 2.8839, 1.1 -0.274 2.9133, 1.1814 -0.274 2.9232, 1.2629 -0.274 2.9133, 1.3395 -0.274 2.8839, 1.4068 -0.274 2.8369, 1.4607 -0.274 2.7751, 0.2346 1.3795 0.4331, 0.2346 1.3795 0.7067, 0.2266 1.3189 0.7067, 0.2266 1.3189 0.4331, 0.2032 1.2624 0.7067, 0.2032 1.2624 0.4331, 0.166 1.2139 0.7067, 0.166 1.2139 0.4331, 0.1174 1.1767 0.7067, 0.1174 1.1767 0.4331, 0.061 1.1533 0.7067, 0.061 1.1533 0.4331, 0.0003 1.1453 0.7067, 0.0003 1.1453 0.4331, -0.0603 1.1533 0.7067, -0.0603 1.1533 0.4331, -0.1168 1.1767 0.7067, -0.1168 1.1767 0.4331, -0.1653 1.2139 0.7067, -0.1653 1.2139 0.4331, -0.2025 1.2624 0.7067, -0.2025 1.2624 0.4331, -0.2259 1.3189 0.7067, -0.2259 1.3189 0.4331, -0.2339 1.3795 0.7067, -0.2339 1.3795 0.4331, 0.1558 1.3795 0.3543, 0.1505 1.3393 0.3543, 0.135 1.3018 0.3543, 0.1103 1.2696 0.3543, 0.0781 1.2448 0.3543, 0.0406 1.2293 0.3543, 0.0003 1.224 0.3543, -0.0399 1.2293 0.3543, -0.0774 1.2448 0.3543, -0.1096 1.2696 0.3543, -0.1344 1.3018 0.3543, -0.1499 1.3393 0.3543, -0.1552 1.3795 0.3543, -1.0816 2.7162 2.628, -1.0886 2.7147 2.6484, -1.1072 2.7093 2.628, -0.9771 2.7676 2.628, -0.9374 2.8072 2.628, -0.9471 2.8055 2.6716, -0.849 2.9894 2.628, -0.8461 3.0331 2.628, -0.8641 3.0331 2.702, -0.8716 2.905 2.628, -0.8592 2.9514 2.628, -0.8737 2.9506 2.6985, -0.9153 2.8293 2.628, -0.9019 2.8732 2.6882, -0.8892 2.8745 2.628, -1.0015 2.7535 2.628, -1.0527 2.7239 2.628, -1.0064 2.7515 2.6499, -1.0595 2.7221 2.628, -1.027 2.7515 2.6901, -1.1371 2.7013 2.628, -1.1064 2.7147 2.6688, -1.1414 2.701 2.628, -1.1286 2.7147 2.6843, -1.1558 2.7001 2.628, -1.1539 2.7147 2.6939, -1.1693 2.6992 2.628, -1.1808 2.7147 2.6972, -1.1808 2.6984 2.628, -1.2077 2.7147 2.6939, -1.1923 2.6992 2.628, -1.2329 2.7147 2.6843, -1.2057 2.7001 2.628, -1.2551 2.7147 2.6688, -1.2201 2.701 2.628, -1.2822 2.716 2.628, -1.2674 2.7098 2.628, -1.2729 2.7147 2.6484, -1.247 2.7058 2.628, -1.2245 2.7013 2.628, -1.3605 2.7528 2.628, -1.3481 2.7433 2.628, -1.3552 2.7515 2.6499, -1.3061 2.7259 2.628, -1.3346 2.7515 2.6901, -1.4145 2.8055 2.6716, -1.425 2.8063 2.628, -1.4174 2.7964 2.628, -1.4596 2.8732 2.6882, -1.4738 2.8736 2.628, -1.4706 2.8657 2.628, -1.4974 3.0331 2.702, -1.5154 3.0331 2.628, -1.5046 2.9507 2.628, -1.0567 2.7515 2.7242, -1.0937 2.7515 2.75, -1.1359 2.7515 2.7662, -1.1808 2.7515 2.7717, -1.2256 2.7515 2.7662, -1.2678 2.7515 2.75, -1.3049 2.7515 2.7242, -0.9747 2.8055 2.7255, -1.0145 2.8055 2.7712, -1.0641 2.8055 2.8058, -1.1207 2.8055 2.8275, -1.1808 2.8055 2.8349, -1.2409 2.8055 2.8275, -1.2974 2.8055 2.8058, -1.3471 2.8055 2.7712, -1.3869 2.8055 2.7255, -0.9349 2.8732 2.7525, -0.9824 2.8732 2.8069, -1.0416 2.8732 2.8483, -1.1091 2.8732 2.8741, -1.1808 2.8732 2.8829, -1.2525 2.8732 2.8741, -1.32 2.8732 2.8483, -1.3792 2.8732 2.8069, -1.4267 2.8732 2.7525, -0.91 2.9506 2.7693, -0.9623 2.9506 2.8293, -1.0275 2.9506 2.8749, -1.1018 2.9506 2.9033, -1.1808 2.9506 2.913, -1.2598 2.9506 2.9033, -1.3341 2.9506 2.8749, -1.3993 2.9506 2.8293, -1.4516 2.9506 2.7693, -1.4878 2.9506 2.6985, -1.504 2.9465 2.628, -0.9015 3.0331 2.7751, -0.9554 3.0331 2.8369, -1.0227 3.0331 2.8839, -1.0993 3.0331 2.9133, -1.1808 3.0331 2.9232, -1.2622 3.0331 2.9133, -1.3388 3.0331 2.8839, -1.4061 3.0331 2.8369, -1.46 3.0331 2.7751, 1.255 3.3568 2.628, 1.2736 3.3514 2.6484, 1.2806 3.35 2.628, 0.8582 3.1197 2.628, 0.8576 3.1154 2.628, 0.8744 3.1155 2.6985, 0.8468 3.0331 2.628, 0.8916 3.2004 2.628, 0.8884 3.1926 2.628, 0.9026 3.1929 2.6882, 0.9448 3.2697 2.628, 0.9372 3.2598 2.628, 0.9477 3.2607 2.6716, 1.0141 3.3229 2.628, 1.0017 3.3134 2.628, 1.007 3.3146 2.6499, 1.1152 3.3604 2.628, 1.0948 3.3563 2.628, 1.0893 3.3514 2.6484, 1.08 3.3502 2.628, 1.0561 3.3403 2.628, 1.1377 3.3648 2.628, 1.1071 3.3514 2.6688, 1.1421 3.3651 2.628, 1.1293 3.3514 2.6843, 1.1565 3.3661 2.628, 1.1546 3.3514 2.6939, 1.1699 3.367 2.628, 1.1814 3.3514 2.6972, 1.1814 3.3677 2.628, 1.2083 3.3514 2.6939, 1.1929 3.367 2.628, 1.2336 3.3514 2.6843, 1.2064 3.3661 2.628, 1.2558 3.3514 2.6688, 1.2208 3.3651 2.628, 1.2251 3.3648 2.628, 1.3607 3.3127 2.628, 1.3095 3.3422 2.628, 1.3558 3.3146 2.6499, 1.3027 3.3441 2.628, 1.3352 3.3146 2.6901, 1.4151 3.2607 2.6716, 1.4248 3.2589 2.628, 1.3851 3.2986 2.628, 1.4603 3.1929 2.6882, 1.473 3.1916 2.628, 1.4469 3.2368 2.628, 1.4885 3.1155 2.6985, 1.503 3.1148 2.628, 1.4906 3.1611 2.628, 1.4981 3.0331 2.702, 1.5161 3.0331 2.628, 1.5132 3.0767 2.628, 1.0276 3.3146 2.6901, 1.0573 3.3146 2.7242, 1.0944 3.3146 2.75, 1.1366 3.3146 2.7662, 1.1814 3.3146 2.7717, 1.2263 3.3146 2.7662, 1.2685 3.3146 2.75, 1.3055 3.3146 2.7242, 0.9753 3.2607 2.7255, 1.0151 3.2607 2.7712, 1.0648 3.2607 2.8058, 1.1213 3.2607 2.8275, 1.1814 3.2607 2.8349, 1.2415 3.2607 2.8275, 1.2981 3.2607 2.8058, 1.3477 3.2607 2.7712, 1.3875 3.2607 2.7255, 0.9355 3.1929 2.7525, 0.983 3.1929 2.8069, 1.0422 3.1929 2.8483, 1.1097 3.1929 2.8741, 1.1814 3.1929 2.8829, 1.2531 3.1929 2.8741, 1.3206 3.1929 2.8483, 1.3798 3.1929 2.8069, 1.4273 3.1929 2.7525, 0.9106 3.1155 2.7693, 0.9629 3.1155 2.8293, 1.0282 3.1155 2.8749, 1.1025 3.1155 2.9033, 1.1814 3.1155 2.913, 1.2604 3.1155 2.9033, 1.3347 3.1155 2.8749, 1.3999 3.1155 2.8293, 1.4522 3.1155 2.7693, 0.8648 3.0331 2.702, 0.9022 3.0331 2.7751, 0.9561 3.0331 2.8369, 1.0234 3.0331 2.8839, 1.1 3.0331 2.9133, 1.1814 3.0331 2.9232, 1.2629 3.0331 2.9133, 1.3395 3.0331 2.8839, 1.4068 3.0331 2.8369, 1.4607 3.0331 2.7751, -1.2544 -0.5978 2.628, -1.2729 -0.5924 2.6484, -1.28 -0.5909 2.628, -0.8575 -0.3606 2.628, -0.857 -0.3564 2.628, -0.8737 -0.3565 2.6985, -0.8461 -0.274 2.628, -0.891 -0.4413 2.628, -0.8877 -0.4335 2.628, -0.9019 -0.4339 2.6882, -0.9442 -0.5107 2.628, -0.9366 -0.5008 2.628, -0.9471 -0.5016 2.6716, -1.0135 -0.5638 2.628, -1.001 -0.5543 2.628, -1.0064 -0.5555 2.6499, -1.1146 -0.6013 2.628, -1.0942 -0.5973 2.628, -1.0886 -0.5924 2.6484, -1.0794 -0.5911 2.628, -1.0555 -0.5812 2.628, -1.1371 -0.6058 2.628, -1.1064 -0.5924 2.6688, -1.1414 -0.6061 2.628, -1.1286 -0.5924 2.6843, -1.1558 -0.607 2.628, -1.1539 -0.5924 2.6939, -1.1693 -0.6079 2.628, -1.1808 -0.5924 2.6972, -1.1808 -0.6087 2.628, -1.2077 -0.5924 2.6939, -1.1923 -0.6079 2.628, -1.2329 -0.5924 2.6843, -1.2057 -0.607 2.628, -1.2551 -0.5924 2.6688, -1.2201 -0.6061 2.628, -1.2245 -0.6058 2.628, -1.3601 -0.5536 2.628, -1.3088 -0.5832 2.628, -1.3552 -0.5555 2.6499, -1.302 -0.585 2.628, -1.3346 -0.5555 2.6901, -1.4145 -0.5016 2.6716, -1.4242 -0.4998 2.628, -1.3845 -0.5395 2.628, -1.4596 -0.4339 2.6882, -1.4724 -0.4325 2.628, -1.4463 -0.4777 2.628, -1.4878 -0.3565 2.6985, -1.5024 -0.3557 2.628, -1.49 -0.4021 2.628, -1.4974 -0.274 2.702, -1.5154 -0.274 2.628, -1.5126 -0.3177 2.628, -1.027 -0.5555 2.6901, -1.0567 -0.5555 2.7242, -1.0937 -0.5555 2.75, -1.1359 -0.5555 2.7662, -1.1808 -0.5555 2.7717, -1.2256 -0.5555 2.7662, -1.2678 -0.5555 2.75, -1.3049 -0.5555 2.7242, -0.9747 -0.5016 2.7255, -1.0145 -0.5016 2.7712, -1.0641 -0.5016 2.8058, -1.1207 -0.5016 2.8275, -1.1808 -0.5016 2.8349, -1.2409 -0.5016 2.8275, -1.2974 -0.5016 2.8058, -1.3471 -0.5016 2.7712, -1.3869 -0.5016 2.7255, -0.9349 -0.4339 2.7525, -0.9824 -0.4339 2.8069, -1.0416 -0.4339 2.8483, -1.1091 -0.4339 2.8741, -1.1808 -0.4339 2.8829, -1.2525 -0.4339 2.8741, -1.32 -0.4339 2.8483, -1.3792 -0.4339 2.8069, -1.4267 -0.4339 2.7525, -0.91 -0.3565 2.7693, -0.9623 -0.3565 2.8293, -1.0275 -0.3565 2.8749, -1.1018 -0.3565 2.9033, -1.1808 -0.3565 2.913, -1.2598 -0.3565 2.9033, -1.3341 -0.3565 2.8749, -1.3993 -0.3565 2.8293, -1.4516 -0.3565 2.7693, -0.8641 -0.274 2.702, -0.9015 -0.274 2.7751, -0.9554 -0.274 2.8369, -1.0227 -0.274 2.8839, -1.0993 -0.274 2.9133, -1.1808 -0.274 2.9232, -1.2622 -0.274 2.9133, -1.3388 -0.274 2.8839, -1.4061 -0.274 2.8369, -1.46 -0.274 2.7751
            ]
        }
        coordIndex [
            0,1,2,-1,3,4,5,-1,6,7,8,-1,9,10,11,-1,11,10,6,-1,4,12,13,-1,13,12,14,-1,13,14,9,-1,3,5,15,-1,16,15,17,-1,16,17,18,-1,18,17,19,-1,18,19,0,-1,2,1,20,-1,20,1,21,-1,20,21,22,-1,22,21,23,-1,22,23,24,-1,24,23,25,-1,24,25,26,-1,26,25,27,-1,26,27,28,-1,28,27,29,-1,28,29,30,-1,30,29,31,-1,30,31,32,-1,32,31,33,-1,32,33,34,-1,35,36,37,-1,37,36,38,-1,37,38,33,-1,33,38,39,-1,33,39,34,-1,40,41,42,-1,42,41,43,-1,42,43,44,-1,45,46,47,-1,48,49,50,-1,51,52,53,-1,0,19,1,-1,1,19,54,-1,1,54,21,-1,21,54,55,-1,21,55,23,-1,23,55,56,-1,23,56,25,-1,25,56,57,-1,25,57,27,-1,27,57,58,-1,27,58,29,-1,29,58,59,-1,29,59,31,-1,31,59,60,-1,31,60,33,-1,33,60,44,-1,33,44,37,-1,37,44,43,-1,37,43,35,-1,15,5,17,-1,17,5,61,-1,17,61,19,-1,19,61,62,-1,19,62,54,-1,54,62,63,-1,54,63,55,-1,55,63,64,-1,55,64,56,-1,56,64,65,-1,56,65,57,-1,57,65,66,-1,57,66,58,-1,58,66,67,-1,58,67,59,-1,59,67,68,-1,59,68,60,-1,60,68,69,-1,60,69,44,-1,44,69,45,-1,44,45,42,-1,42,45,47,-1,42,47,40,-1,4,13,5,-1,5,13,70,-1,5,70,61,-1,61,70,71,-1,61,71,62,-1,62,71,72,-1,62,72,63,-1,63,72,73,-1,63,73,64,-1,64,73,74,-1,64,74,65,-1,65,74,75,-1,65,75,66,-1,66,75,76,-1,66,76,67,-1,67,76,77,-1,67,77,68,-1,68,77,78,-1,68,78,69,-1,69,78,48,-1,69,48,45,-1,45,48,50,-1,45,50,46,-1,9,11,13,-1,13,11,79,-1,13,79,70,-1,70,79,80,-1,70,80,71,-1,71,80,81,-1,71,81,72,-1,72,81,82,-1,72,82,73,-1,73,82,83,-1,73,83,74,-1,74,83,84,-1,74,84,75,-1,75,84,85,-1,75,85,76,-1,76,85,86,-1,76,86,77,-1,77,86,87,-1,77,87,78,-1,78,87,88,-1,78,88,48,-1,48,88,89,-1,48,89,49,-1,6,8,11,-1,11,8,90,-1,11,90,79,-1,79,90,91,-1,79,91,80,-1,80,91,92,-1,80,92,81,-1,81,92,93,-1,81,93,82,-1,82,93,94,-1,82,94,83,-1,83,94,95,-1,83,95,84,-1,84,95,96,-1,84,96,85,-1,85,96,97,-1,85,97,86,-1,86,97,98,-1,86,98,87,-1,87,98,51,-1,87,51,88,-1,88,51,53,-1,88,53,89,-1,99,100,101,-1,99,101,102,-1,102,101,103,-1,102,103,104,-1,104,103,105,-1,104,105,106,-1,106,105,107,-1,106,107,108,-1,108,107,109,-1,108,109,110,-1,110,109,111,-1,110,111,112,-1,112,111,113,-1,112,113,114,-1,114,113,115,-1,114,115,116,-1,116,115,117,-1,116,117,118,-1,118,117,119,-1,118,119,120,-1,120,119,121,-1,120,121,122,-1,122,121,123,-1,122,123,124,-1,125,99,102,-1,125,102,126,-1,126,102,104,-1,126,104,127,-1,127,104,106,-1,127,106,128,-1,128,106,108,-1,128,108,129,-1,129,108,110,-1,129,110,130,-1,130,110,112,-1,130,112,131,-1,131,112,114,-1,131,114,132,-1,132,114,116,-1,132,116,133,-1,133,116,118,-1,133,118,134,-1,134,118,120,-1,134,120,135,-1,135,120,122,-1,135,122,136,-1,136,122,124,-1,136,124,137,-1,138,139,140,-1,141,142,143,-1,144,145,146,-1,147,148,149,-1,149,148,144,-1,142,150,151,-1,151,150,152,-1,151,152,147,-1,141,143,153,-1,154,153,155,-1,154,155,156,-1,156,155,157,-1,156,157,138,-1,140,139,158,-1,158,139,159,-1,158,159,160,-1,160,159,161,-1,160,161,162,-1,162,161,163,-1,162,163,164,-1,164,163,165,-1,164,165,166,-1,166,165,167,-1,166,167,168,-1,168,167,169,-1,168,169,170,-1,170,169,171,-1,170,171,172,-1,173,174,175,-1,175,174,176,-1,175,176,171,-1,171,176,177,-1,171,177,172,-1,178,179,180,-1,180,179,181,-1,180,181,182,-1,183,184,185,-1,186,187,188,-1,189,190,191,-1,138,157,139,-1,139,157,192,-1,139,192,159,-1,159,192,193,-1,159,193,161,-1,161,193,194,-1,161,194,163,-1,163,194,195,-1,163,195,165,-1,165,195,196,-1,165,196,167,-1,167,196,197,-1,167,197,169,-1,169,197,198,-1,169,198,171,-1,171,198,182,-1,171,182,175,-1,175,182,181,-1,175,181,173,-1,153,143,155,-1,155,143,199,-1,155,199,157,-1,157,199,200,-1,157,200,192,-1,192,200,201,-1,192,201,193,-1,193,201,202,-1,193,202,194,-1,194,202,203,-1,194,203,195,-1,195,203,204,-1,195,204,196,-1,196,204,205,-1,196,205,197,-1,197,205,206,-1,197,206,198,-1,198,206,207,-1,198,207,182,-1,182,207,183,-1,182,183,180,-1,180,183,185,-1,180,185,178,-1,142,151,143,-1,143,151,208,-1,143,208,199,-1,199,208,209,-1,199,209,200,-1,200,209,210,-1,200,210,201,-1,201,210,211,-1,201,211,202,-1,202,211,212,-1,202,212,203,-1,203,212,213,-1,203,213,204,-1,204,213,214,-1,204,214,205,-1,205,214,215,-1,205,215,206,-1,206,215,216,-1,206,216,207,-1,207,216,186,-1,207,186,183,-1,183,186,188,-1,183,188,184,-1,147,149,151,-1,151,149,217,-1,151,217,208,-1,208,217,218,-1,208,218,209,-1,209,218,219,-1,209,219,210,-1,210,219,220,-1,210,220,211,-1,211,220,221,-1,211,221,212,-1,212,221,222,-1,212,222,213,-1,213,222,223,-1,213,223,214,-1,214,223,224,-1,214,224,215,-1,215,224,225,-1,215,225,216,-1,216,225,226,-1,216,226,186,-1,186,226,227,-1,186,227,187,-1,144,146,149,-1,149,146,228,-1,149,228,217,-1,217,228,229,-1,217,229,218,-1,218,229,230,-1,218,230,219,-1,219,230,231,-1,219,231,220,-1,220,231,232,-1,220,232,221,-1,221,232,233,-1,221,233,222,-1,222,233,234,-1,222,234,223,-1,223,234,235,-1,223,235,224,-1,224,235,236,-1,224,236,225,-1,225,236,189,-1,225,189,226,-1,226,189,191,-1,226,191,227,-1,237,238,239,-1,240,241,242,-1,242,241,243,-1,244,245,246,-1,246,245,240,-1,247,248,249,-1,249,248,244,-1,250,251,252,-1,252,251,247,-1,253,254,255,-1,255,254,256,-1,255,256,257,-1,253,255,258,-1,258,255,259,-1,258,259,260,-1,260,259,261,-1,260,261,262,-1,262,261,263,-1,262,263,264,-1,264,263,265,-1,264,265,266,-1,266,265,267,-1,266,267,268,-1,268,267,269,-1,268,269,270,-1,270,269,271,-1,270,271,272,-1,238,237,271,-1,271,237,273,-1,271,273,272,-1,274,275,276,-1,276,275,277,-1,276,277,278,-1,279,280,281,-1,282,283,284,-1,285,286,287,-1,288,289,290,-1,250,252,257,-1,257,252,291,-1,257,291,255,-1,255,291,292,-1,255,292,259,-1,259,292,293,-1,259,293,261,-1,261,293,294,-1,261,294,263,-1,263,294,295,-1,263,295,265,-1,265,295,296,-1,265,296,267,-1,267,296,297,-1,267,297,269,-1,269,297,298,-1,269,298,271,-1,271,298,278,-1,271,278,238,-1,238,278,277,-1,238,277,239,-1,247,249,252,-1,252,249,299,-1,252,299,291,-1,291,299,300,-1,291,300,292,-1,292,300,301,-1,292,301,293,-1,293,301,302,-1,293,302,294,-1,294,302,303,-1,294,303,295,-1,295,303,304,-1,295,304,296,-1,296,304,305,-1,296,305,297,-1,297,305,306,-1,297,306,298,-1,298,306,307,-1,298,307,278,-1,278,307,279,-1,278,279,276,-1,276,279,281,-1,276,281,274,-1,244,246,249,-1,249,246,308,-1,249,308,299,-1,299,308,309,-1,299,309,300,-1,300,309,310,-1,300,310,301,-1,301,310,311,-1,301,311,302,-1,302,311,312,-1,302,312,303,-1,303,312,313,-1,303,313,304,-1,304,313,314,-1,304,314,305,-1,305,314,315,-1,305,315,306,-1,306,315,316,-1,306,316,307,-1,307,316,282,-1,307,282,279,-1,279,282,284,-1,279,284,280,-1,240,242,246,-1,246,242,317,-1,246,317,308,-1,308,317,318,-1,308,318,309,-1,309,318,319,-1,309,319,310,-1,310,319,320,-1,310,320,311,-1,311,320,321,-1,311,321,312,-1,312,321,322,-1,312,322,313,-1,313,322,323,-1,313,323,314,-1,314,323,324,-1,314,324,315,-1,315,324,325,-1,315,325,316,-1,316,325,285,-1,316,285,282,-1,282,285,287,-1,282,287,283,-1,243,326,242,-1,242,326,327,-1,242,327,317,-1,317,327,328,-1,317,328,318,-1,318,328,329,-1,318,329,319,-1,319,329,330,-1,319,330,320,-1,320,330,331,-1,320,331,321,-1,321,331,332,-1,321,332,322,-1,322,332,333,-1,322,333,323,-1,323,333,334,-1,323,334,324,-1,324,334,335,-1,324,335,325,-1,325,335,288,-1,325,288,285,-1,285,288,290,-1,285,290,286,-1,336,337,338,-1,339,340,341,-1,341,340,342,-1,343,344,345,-1,345,344,339,-1,346,347,348,-1,348,347,343,-1,349,350,351,-1,351,350,346,-1,352,353,354,-1,354,353,355,-1,354,355,356,-1,352,354,357,-1,357,354,358,-1,357,358,359,-1,359,358,360,-1,359,360,361,-1,361,360,362,-1,361,362,363,-1,363,362,364,-1,363,364,365,-1,365,364,366,-1,365,366,367,-1,367,366,368,-1,367,368,369,-1,369,368,370,-1,369,370,371,-1,337,336,370,-1,370,336,372,-1,370,372,371,-1,373,374,375,-1,375,374,376,-1,375,376,377,-1,378,379,380,-1,381,382,383,-1,384,385,386,-1,387,388,389,-1,349,351,356,-1,356,351,390,-1,356,390,354,-1,354,390,391,-1,354,391,358,-1,358,391,392,-1,358,392,360,-1,360,392,393,-1,360,393,362,-1,362,393,394,-1,362,394,364,-1,364,394,395,-1,364,395,366,-1,366,395,396,-1,366,396,368,-1,368,396,397,-1,368,397,370,-1,370,397,377,-1,370,377,337,-1,337,377,376,-1,337,376,338,-1,346,348,351,-1,351,348,398,-1,351,398,390,-1,390,398,399,-1,390,399,391,-1,391,399,400,-1,391,400,392,-1,392,400,401,-1,392,401,393,-1,393,401,402,-1,393,402,394,-1,394,402,403,-1,394,403,395,-1,395,403,404,-1,395,404,396,-1,396,404,405,-1,396,405,397,-1,397,405,406,-1,397,406,377,-1,377,406,378,-1,377,378,375,-1,375,378,380,-1,375,380,373,-1,343,345,348,-1,348,345,407,-1,348,407,398,-1,398,407,408,-1,398,408,399,-1,399,408,409,-1,399,409,400,-1,400,409,410,-1,400,410,401,-1,401,410,411,-1,401,411,402,-1,402,411,412,-1,402,412,403,-1,403,412,413,-1,403,413,404,-1,404,413,414,-1,404,414,405,-1,405,414,415,-1,405,415,406,-1,406,415,381,-1,406,381,378,-1,378,381,383,-1,378,383,379,-1,339,341,345,-1,345,341,416,-1,345,416,407,-1,407,416,417,-1,407,417,408,-1,408,417,418,-1,408,418,409,-1,409,418,419,-1,409,419,410,-1,410,419,420,-1,410,420,411,-1,411,420,421,-1,411,421,412,-1,412,421,422,-1,412,422,413,-1,413,422,423,-1,413,423,414,-1,414,423,424,-1,414,424,415,-1,415,424,384,-1,415,384,381,-1,381,384,386,-1,381,386,382,-1,342,425,341,-1,341,425,426,-1,341,426,416,-1,416,426,427,-1,416,427,417,-1,417,427,428,-1,417,428,418,-1,418,428,429,-1,418,429,419,-1,419,429,430,-1,419,430,420,-1,420,430,431,-1,420,431,421,-1,421,431,432,-1,421,432,422,-1,422,432,433,-1,422,433,423,-1,423,433,434,-1,423,434,424,-1,424,434,387,-1,424,387,384,-1,384,387,389,-1,384,389,385,-1,
        ]
    }
}
Shape{
    appearance Appearance {
        material  Material 	{
            diffuseColor 0.7529411764705882 0.7529411764705882 0.7529411764705882
            specularColor 0.3764705882352941 0.3764705882352941 0.3764705882352941
            ambientIntensity 0.7529
            transparency 0.0
            shininess 0.5
        }
    }
    geometry IndexedFaceSet {
        ccw TRUE
        solid FALSE
        coord DEF co Coordinate {
            point [
                1.7917 1.3697 -1.5064, 1.9335 1.3697 -1.5748, 1.9388 1.272 -1.5637, 1.797 1.272 -1.4953, 1.9545 1.1805 -1.5312, 1.8127 1.1805 -1.4628, 1.9796 1.1008 -1.4792, 1.8378 1.1008 -1.4108, 2.0125 1.0378 -1.411, 1.8707 1.0378 -1.3426, 2.0511 0.9957 -1.3309, 1.9093 0.9957 -1.2625, 1.3015 1.3795 3.888, 1.3389 1.3795 3.7896, 1.3097 1.6578 3.7896, 1.2731 1.6501 3.888, 1.2232 1.924 3.7896, 1.189 1.9088 3.888, 1.0833 2.1663 3.7896, 1.053 2.1443 3.888, 0.896 2.3743 3.7896, 0.871 2.3465 3.888, 0.6696 2.5388 3.7896, 0.6509 2.5064 3.888, 0.414 2.6526 3.7896, 0.4024 2.617 3.888, 0.1402 2.7108 3.7896, 0.1363 2.6736 3.888, -0.1396 2.7108 3.7896, -0.1357 2.6736 3.888, -0.4133 2.6526 3.7896, -0.4018 2.617 3.888, -0.669 2.5388 3.7896, -0.6503 2.5064 3.888, -0.8954 2.3743 3.7896, -0.8703 2.3465 3.888, -1.0826 2.1663 3.7896, -1.0524 2.1443 3.888, -1.2225 1.924 3.7896, -1.1884 1.9088 3.888, -1.309 1.6578 3.7896, -1.2724 1.6501 3.888, -1.3383 1.3795 3.7896, -1.3009 1.3795 3.888, -1.3009 1.3795 4.5768, -1.2724 1.6501 4.5768, -1.1884 1.9088 4.5768, -1.0524 2.1443 4.5768, -0.8703 2.3465 4.5768, -0.6503 2.5064 4.5768, -0.4018 2.617 4.5768, -0.1357 2.6736 4.5768, 0.1363 2.6736 4.5768, 0.4024 2.617 4.5768, 0.6509 2.5064 4.5768, 0.871 2.3465 4.5768, 1.053 2.1443 4.5768, 1.189 1.9088 4.5768, 1.2731 1.6501 4.5768, 1.3015 1.3795 4.5768, -1.3383 1.3795 2.628, -1.309 1.6578 2.628, -1.2225 1.924 2.628, -1.0826 2.1663 2.628, -0.8954 2.3743 2.628, -0.669 2.5388 2.628, -0.4133 2.6526 2.628, -0.1396 2.7108 2.628, 0.0003 2.7108 2.628, 0.1402 2.7108 2.628, 0.414 2.6526 2.628, 0.6696 2.5388 2.628, 0.896 2.3743 2.628, 1.0833 2.1663 2.628, 1.2232 1.924 2.628, 1.3097 1.6578 2.628, 1.3389 1.3795 2.628
            ]
        }
        coordIndex [
            0,1,2,-1,0,2,3,-1,3,2,4,-1,3,4,5,-1,5,4,6,-1,5,6,7,-1,7,6,8,-1,7,8,9,-1,9,8,10,-1,9,10,11,-1,12,13,14,-1,12,14,15,-1,15,14,16,-1,15,16,17,-1,17,16,18,-1,17,18,19,-1,19,18,20,-1,19,20,21,-1,21,20,22,-1,21,22,23,-1,23,22,24,-1,23,24,25,-1,25,24,26,-1,25,26,27,-1,27,26,28,-1,27,28,29,-1,29,28,30,-1,29,30,31,-1,31,30,32,-1,31,32,33,-1,33,32,34,-1,33,34,35,-1,35,34,36,-1,35,36,37,-1,37,36,38,-1,37,38,39,-1,39,38,40,-1,39,40,41,-1,41,40,42,-1,41,42,43,-1,43,44,45,-1,43,45,41,-1,41,45,46,-1,41,46,39,-1,39,46,47,-1,39,47,37,-1,37,47,48,-1,37,48,35,-1,35,48,49,-1,35,49,33,-1,33,49,50,-1,33,50,31,-1,31,50,51,-1,31,51,29,-1,29,51,52,-1,29,52,27,-1,27,52,53,-1,27,53,25,-1,25,53,54,-1,25,54,23,-1,23,54,55,-1,23,55,21,-1,21,55,56,-1,21,56,19,-1,19,56,57,-1,19,57,17,-1,17,57,58,-1,17,58,15,-1,15,58,59,-1,15,59,12,-1,60,42,40,-1,60,40,61,-1,61,40,38,-1,61,38,62,-1,62,38,36,-1,62,36,63,-1,63,36,34,-1,63,34,64,-1,64,34,32,-1,64,32,65,-1,65,32,30,-1,65,30,66,-1,66,30,28,-1,66,28,67,-1,67,28,68,-1,68,28,26,-1,68,26,69,-1,69,26,24,-1,69,24,70,-1,70,24,22,-1,70,22,71,-1,71,22,20,-1,71,20,72,-1,72,20,18,-1,72,18,73,-1,73,18,16,-1,73,16,74,-1,74,16,14,-1,74,14,75,-1,75,14,13,-1,75,13,76,-1,
        ]
    }
}
Shape{
    appearance Appearance {
        material  Material 	{
            diffuseColor 0.25098039215686274 0.25098039215686274 0.25098039215686274
            specularColor 0.25098039215686274 0.25098039215686274 0.25098039215686274
            ambientIntensity 0.251
            transparency 0.0
            shininess 0.5
        }
    }
    geometry IndexedFaceSet {
        ccw TRUE
        solid FALSE
        coord DEF co Coordinate {
            point [
                0.394 1.6748 8.9764, 0.394 1.6748 9.7638, 0.3806 1.7767 8.9764, 0.3806 1.7767 9.7638, 0.3413 1.8716 8.9764, 0.3413 1.8716 9.7638, 0.2787 1.9532 8.9764, 0.2787 1.9532 9.7638, 0.1972 2.0158 8.9764, 0.1972 2.0158 9.7638, 0.1022 2.0551 8.9764, 0.1022 2.0551 9.7638, 0.0003 2.0685 8.9764, 0.0003 2.0685 9.7638, -0.1016 2.0551 8.9764, -0.1016 2.0551 9.7638, -0.1965 2.0158 8.9764, -0.1965 2.0158 9.7638, -0.2781 1.9532 8.9764, -0.2781 1.9532 9.7638, -0.3406 1.8716 8.9764, -0.3406 1.8716 9.7638, -0.38 1.7767 8.9764, -0.38 1.7767 9.7638, -0.3934 1.6748 8.9764, -0.3934 1.6748 9.7638, -1.1906 1.3795 5.0394, -1.1906 1.3795 4.5768, -1.1608 1.1145 4.5768, -1.1608 1.1145 5.0394, -1.0727 0.8628 4.5768, -1.0727 0.8628 5.0394, -0.9308 0.637 4.5768, -0.9308 0.637 5.0394, -0.7422 0.4484 4.5768, -0.7422 0.4484 5.0394, -0.5164 0.3065 4.5768, -0.5164 0.3065 5.0394, -0.2647 0.2184 4.5768, -0.2647 0.2184 5.0394, 0.0003 0.1886 4.5768, 0.0003 0.1886 5.0394, 0.2653 0.2184 4.5768, 0.2653 0.2184 5.0394, 0.5171 0.3065 4.5768, 0.5171 0.3065 5.0394, 0.7429 0.4484 4.5768, 0.7429 0.4484 5.0394, 0.9314 0.637 4.5768, 0.9314 0.637 5.0394, 1.0733 0.8628 4.5768, 1.0733 0.8628 5.0394, 1.1614 1.1145 4.5768, 1.1614 1.1145 5.0394, 1.1913 1.3795 4.5768, 1.1913 1.3795 5.0394, -1.1662 1.1948 9.1732, -1.1808 1.3795 9.1732, -1.1808 1.3795 5.0394, -1.1614 1.1748 9.1732, -1.1628 1.1744 5.0394, -1.123 1.0145 9.1732, -1.1096 0.9756 5.0394, -1.1072 0.9765 9.1732, -1.052 0.8433 9.1732, -1.0225 0.789 5.0394, -1.0225 0.789 9.1732, 1.1814 1.3795 9.1732, 1.1814 1.3795 5.0394, 1.1669 1.5643 9.1732, 1.1518 1.6423 5.0394, 1.1483 1.6415 9.1732, 1.1236 1.7445 9.1732, 1.0645 1.892 5.0394, 1.0628 1.8913 9.1732, 1.0527 1.9157 9.1732, 0.9237 2.1159 5.0394, 0.9559 2.0738 9.1732, 0.7367 2.3029 5.0394, 0.8355 2.2147 9.1732, 0.9215 2.114 9.1732, 0.5121 2.442 9.1732, 0.5365 2.4319 9.1732, 0.5128 2.4437 5.0394, 0.6946 2.3351 9.1732, 0.7348 2.3007 9.1732, 0.3653 2.5028 9.1732, 0.2631 2.531 5.0394, 0.2623 2.5275 9.1732, 0.1851 2.5461 9.1732, 0.0003 2.5606 5.0394, 0.0003 2.5606 9.1732, -0.1844 2.5461 9.1732, -0.2625 2.531 5.0394, -0.2617 2.5275 9.1732, -0.3647 2.5028 9.1732, -0.5121 2.4437 5.0394, -0.5115 2.442 9.1732, -0.5359 2.4319 9.1732, -0.7361 2.3029 5.0394, -0.6939 2.3351 9.1732, -0.9552 2.0738 9.1732, -0.9208 2.114 9.1732, -0.9231 2.1159 5.0394, -0.8348 2.2147 9.1732, -0.7342 2.3007 9.1732, -1.052 1.9157 9.1732, -1.0638 1.892 5.0394, -1.0622 1.8913 9.1732, -1.123 1.7445 9.1732, -1.1512 1.6423 5.0394, -1.1477 1.6415 9.1732, -1.1662 1.5643 9.1732, 1.1669 1.1975 9.2049, 1.1669 1.1948 9.1746, 1.1669 1.2051 9.2343, 1.1669 1.2175 9.262, 1.1669 1.2342 9.2873, 1.1669 1.2549 9.3096, 1.1669 1.2789 9.3282, 1.1669 1.3056 9.3426, 1.1669 1.3344 9.3524, 1.1669 1.3643 9.3574, 1.1669 1.3947 9.3574, 1.1669 1.4247 9.3524, 1.1669 1.4534 9.3426, 1.1669 1.4802 9.3282, 1.1669 1.5042 9.3096, 1.1669 1.5248 9.2873, 1.1669 1.5416 9.262, 1.1669 1.5539 9.2343, 1.1669 1.5616 9.2049, 1.1621 1.1748 9.1732, 1.1669 1.1948 9.1732, 0.2543 2.3704 9.7638, 0.3633 2.3273 9.7638, 0.3653 2.3647 9.7129, 0.6996 2.1261 9.7638, 0.8341 1.9639 9.7638, 0.8355 2.0364 9.6891, 1.0527 0.8433 9.1772, 1.0527 0.8512 9.265, 1.0231 0.7892 9.1776, 1.0201 0.7943 9.2751, 1.0195 0.7953 9.2955, 1.0527 0.8734 9.3503, 1.0129 0.8067 9.3679, 1.0527 0.9093 9.4308, 1.0085 0.8142 9.416, 1.0124 0.8076 9.3739, 1.0527 0.9578 9.5044, 0.99 0.8455 9.5341, 0.9993 0.8299 9.4752, 0.9558 0.9016 9.6742, 0.9642 0.8883 9.6473, 1.0527 1.0178 9.569, 0.9781 0.8652 9.5863, 0.9795 0.8629 9.5801, 0.9415 0.9912 9.7638, 0.9273 0.9472 9.7638, 0.9559 1.0014 9.7555, 0.9323 0.9395 9.7502, 0.9559 0.9111 9.6857, 0.9512 0.9091 9.6892, 0.9554 1.0345 9.7638, 1.0527 1.0875 9.6229, 0.9819 1.1171 9.7638, 1.0527 1.1651 9.6647, 1.0056 1.1909 9.7638, 1.0079 1.229 9.7638, 1.0527 1.4236 9.7076, 1.014 1.3297 9.7638, 1.0527 1.3355 9.7076, 1.0527 1.2485 9.6932, 1.0046 1.5314 9.7638, 1.021 1.4464 9.7638, 1.0199 1.4285 9.7638, 1.0527 1.5105 9.6932, 1.0527 1.5939 9.6647, 0.9833 1.6412 9.7638, 0.9724 1.6977 9.7638, 1.0527 1.6716 9.6229, 0.9553 1.7339 9.7638, 0.9559 1.7576 9.7555, 0.9387 1.7691 9.7638, 0.9559 1.8479 9.6857, 0.867 1.9207 9.7638, 0.863 1.9291 9.7638, 0.9559 1.9255 9.602, 0.6943 2.1299 9.7638, 0.4923 2.2763 9.7638, 0.5365 2.3025 9.6788, 0.5347 2.2455 9.7638, 0.6912 2.1321 9.7638, 0.1845 2.3792 9.7638, 0.0003 2.4154 9.7407, 0.0003 2.4024 9.7638, 0.3653 2.5028 9.1816, 0.5365 2.4319 9.1811, 0.8355 2.2147 9.1795, 0.9559 2.0737 9.1784, 1.1236 1.7445 9.176, 1.1669 1.5643 9.1746, 1.1079 0.9765 9.1732, 1.1236 1.0145 9.1732, 1.1236 1.0146 9.176, 1.0232 0.789 9.1732, 1.0527 0.8433 9.1732, 0.1851 2.4026 9.7337, 0.1851 2.4806 9.5585, 0.0003 2.4943 9.5633, 0.1851 2.5289 9.3729, 0.0003 2.5432 9.3754, 0.1851 2.5461 9.182, 0.0003 2.5606 9.1821, 0.3653 2.4398 9.5442, 0.3653 2.4862 9.3655, 0.5365 2.3728 9.5208, 0.5365 2.4164 9.3534, 0.6942 2.1305 9.7627, 0.6946 2.2175 9.6323, 0.6946 2.2814 9.4888, 0.6946 2.3209 9.3368, 0.6946 2.335 9.1804, 0.8355 2.112 9.5745, 0.8355 2.1678 9.4491, 0.8355 2.2024 9.3162, 0.9559 1.9884 9.5068, 0.9559 2.0348 9.4025, 0.9559 2.0635 9.2921, 1.0527 1.7413 9.569, 1.0527 1.8012 9.5044, 1.0527 1.8498 9.4308, 1.0527 1.8856 9.3503, 1.0527 1.9078 9.265, 1.0527 1.9157 9.1772, 1.1236 1.0199 9.2357, 1.1236 1.035 9.2938, 1.1236 1.0594 9.3486, 1.1236 1.0925 9.3987, 1.1236 1.1333 9.4426, 1.1236 1.1807 9.4793, 1.1236 1.2336 9.5078, 1.1236 1.2903 9.5271, 1.1236 1.3495 9.537, 1.1236 1.4095 9.537, 1.1236 1.4687 9.5271, 1.1236 1.5255 9.5078, 1.1236 1.5783 9.4793, 1.1236 1.6258 9.4426, 1.1236 1.6666 9.3987, 1.1236 1.6996 9.3486, 1.1236 1.724 9.2938, 1.1236 1.7391 9.2357, -0.2556 -0.274 0.7067, -0.2556 -0.274 0.3051, -0.2469 -0.3403 0.3051, -0.2469 -0.3403 0.7067, -0.2213 -0.402 0.3051, -0.2213 -0.402 0.7067, -0.1806 -0.455 0.3051, -0.1806 -0.455 0.7067, -0.1276 -0.4956 0.3051, -0.1276 -0.4956 0.7067, -0.0659 -0.5212 0.3051, -0.0659 -0.5212 0.7067, 0.0003 -0.5299 0.3051, 0.0003 -0.5299 0.7067, 0.0666 -0.5212 0.3051, 0.0666 -0.5212 0.7067, 0.1283 -0.4956 0.3051, 0.1283 -0.4956 0.7067, 0.1813 -0.455 0.3051, 0.1813 -0.455 0.7067, 0.2219 -0.402 0.3051, 0.2219 -0.402 0.7067, 0.2475 -0.3403 0.3051, 0.2475 -0.3403 0.7067, 0.2562 -0.274 0.3051, 0.2562 -0.274 0.7067, 0.1718 -0.274 -0.0098, 0.166 -0.3184 -0.0098, 0.1489 -0.3598 -0.0098, 0.1216 -0.3953 -0.0098, 0.0861 -0.4226 -0.0098, 0.0447 -0.4397 -0.0098, 0.0003 -0.4455 -0.0098, -0.0441 -0.4397 -0.0098, -0.0854 -0.4226 -0.0098, -0.121 -0.3953 -0.0098, -0.1482 -0.3598 -0.0098, -0.1653 -0.3184 -0.0098, -0.1712 -0.274 -0.0098, -1.4957 -0.274 0.7067, -1.4957 -0.274 0.4705, -1.485 -0.3555 0.4705, -1.485 -0.3555 0.7067, -1.4535 -0.4315 0.4705, -1.4535 -0.4315 0.7067, -1.4035 -0.4967 0.4705, -1.4035 -0.4967 0.7067, -1.3383 -0.5468 0.4705, -1.3383 -0.5468 0.7067, -1.3077 -0.5595 0.7067, -1.2623 -0.5782 0.4705, -1.2623 -0.5782 0.7067, -1.1808 -0.589 0.4705, -1.1808 -0.589 0.7067, -1.0993 -0.5782 0.4705, -1.0993 -0.5782 0.7067, -1.0539 -0.5595 0.7067, -1.0233 -0.5468 0.4705, -1.0233 -0.5468 0.7067, -0.9581 -0.4967 0.4705, -0.9581 -0.4967 0.7067, -0.908 -0.4315 0.4705, -0.908 -0.4315 0.7067, -0.8766 -0.3555 0.4705, -0.8766 -0.3555 0.7067, -0.8658 -0.274 0.4705, -0.8658 -0.274 0.7067, -0.9446 -0.274 0.1161, -0.9526 -0.3352 0.1161, -0.9762 -0.3921 0.1161, -1.0137 -0.4411 0.1161, -1.0627 -0.4786 0.1161, -1.1196 -0.5022 0.1161, -1.1808 -0.5102 0.1161, -1.2419 -0.5022 0.1161, -1.2989 -0.4786 0.1161, -1.3478 -0.4411 0.1161, -1.3854 -0.3921 0.1161, -1.409 -0.3352 0.1161, -1.417 -0.274 0.1161, -1.1808 -0.274 0.313, -1.3513 -0.1756 0.1161, -1.32 -0.1348 0.1161, -1.3709 -0.2231 0.1161, -1.3776 -0.274 0.1161, -1.2317 -0.0839 0.1161, -1.1808 -0.0772 0.1161, -1.2792 -0.1035 0.1161, -1.0824 -0.1035 0.1161, -1.0416 -0.1348 0.1161, -1.1298 -0.0839 0.1161, -0.9906 -0.2231 0.1161, -0.9839 -0.274 0.1161, -1.0103 -0.1756 0.1161, 1.5043 -0.274 0.4705, 1.5043 -0.274 0.7067, 1.5003 -0.3039 0.7067, 1.4933 -0.3576 0.4705, 1.4933 -0.3576 0.7067, 1.461 -0.4354 0.7067, 1.461 -0.4354 0.4705, 1.4097 -0.5023 0.7067, 1.4097 -0.5023 0.4705, 1.3428 -0.5536 0.7067, 1.3428 -0.5536 0.4705, 1.3287 -0.5595 0.7067, 1.265 -0.5859 0.4705, 1.265 -0.5859 0.7067, 1.1814 -0.5969 0.7067, 1.1814 -0.5969 0.4705, 1.0979 -0.5859 0.7067, 1.0979 -0.5859 0.4705, 1.0341 -0.5595 0.7067, 1.02 -0.5536 0.4705, 1.02 -0.5536 0.7067, 0.9531 -0.5023 0.7067, 0.9531 -0.5023 0.4705, 0.9018 -0.4354 0.7067, 0.9018 -0.4354 0.4705, 0.8696 -0.3576 0.7067, 0.8696 -0.3576 0.4705, 0.8586 -0.274 0.7067, 0.8586 -0.274 0.4705, 1.4176 -0.274 0.1161, 1.4096 -0.3352 0.1161, 1.386 -0.3921 0.1161, 1.3485 -0.4411 0.1161, 1.2995 -0.4786 0.1161, 1.2426 -0.5022 0.1161, 1.1814 -0.5102 0.1161, 1.1203 -0.5022 0.1161, 1.0633 -0.4786 0.1161, 1.0144 -0.4411 0.1161, 0.9769 -0.3921 0.1161, 0.9533 -0.3352 0.1161, 0.9452 -0.274 0.1161, 1.1814 -0.274 0.313, 1.0109 -0.1756 0.1161, 1.0422 -0.1348 0.1161, 0.9913 -0.2231 0.1161, 0.9846 -0.274 0.1161, 1.1305 -0.0839 0.1161, 1.1814 -0.0772 0.1161, 1.083 -0.1035 0.1161, 1.2798 -0.1035 0.1161, 1.3206 -0.1348 0.1161, 1.2324 -0.0839 0.1161, 1.3716 -0.2231 0.1161, 1.3783 -0.274 0.1161, 1.3519 -0.1756 0.1161, 0.2562 3.0331 0.7067, 0.2562 3.0331 0.3051, 0.2475 3.0993 0.3051, 0.2475 3.0993 0.7067, 0.2219 3.161 0.3051, 0.2219 3.161 0.7067, 0.1813 3.214 0.3051, 0.1813 3.214 0.7067, 0.1283 3.2547 0.3051, 0.1283 3.2547 0.7067, 0.0666 3.2803 0.3051, 0.0666 3.2803 0.7067, 0.0003 3.289 0.3051, 0.0003 3.289 0.7067, -0.0659 3.2803 0.3051, -0.0659 3.2803 0.7067, -0.1276 3.2547 0.3051, -0.1276 3.2547 0.7067, -0.1806 3.214 0.3051, -0.1806 3.214 0.7067, -0.2213 3.161 0.3051, -0.2213 3.161 0.7067, -0.2469 3.0993 0.3051, -0.2469 3.0993 0.7067, -0.2556 3.0331 0.3051, -0.2556 3.0331 0.7067, -0.1712 3.0331 -0.0098, -0.1653 3.0775 -0.0098, -0.1482 3.1188 -0.0098, -0.121 3.1543 -0.0098, -0.0854 3.1816 -0.0098, -0.0441 3.1987 -0.0098, 0.0003 3.2046 -0.0098, 0.0447 3.1987 -0.0098, 0.0861 3.1816 -0.0098, 0.1216 3.1543 -0.0098, 0.1489 3.1188 -0.0098, 0.166 3.0775 -0.0098, 0.1718 3.0331 -0.0098, 1.4964 3.0331 0.7067, 1.4964 3.0331 0.4705, 1.4857 3.1146 0.4705, 1.4857 3.1146 0.7067, 1.4542 3.1905 0.4705, 1.4542 3.1905 0.7067, 1.4041 3.2558 0.4705, 1.4041 3.2558 0.7067, 1.3389 3.3058 0.4705, 1.3389 3.3058 0.7067, 1.3083 3.3185 0.7067, 1.2629 3.3373 0.4705, 1.2629 3.3373 0.7067, 1.1814 3.348 0.4705, 1.1814 3.348 0.7067, 1.0999 3.3373 0.4705, 1.0999 3.3373 0.7067, 1.0545 3.3185 0.7067, 1.0239 3.3058 0.4705, 1.0239 3.3058 0.7067, 0.9587 3.2558 0.4705, 0.9587 3.2558 0.7067, 0.9087 3.1905 0.4705, 0.9087 3.1905 0.7067, 0.8772 3.1146 0.4705, 0.8772 3.1146 0.7067, 0.8665 3.0331 0.4705, 0.8665 3.0331 0.7067, 0.9452 3.0331 0.1161, 0.9533 3.0942 0.1161, 0.9769 3.1512 0.1161, 1.0144 3.2001 0.1161, 1.0633 3.2376 0.1161, 1.1203 3.2612 0.1161, 1.1814 3.2693 0.1161, 1.2426 3.2612 0.1161, 1.2995 3.2376 0.1161, 1.3485 3.2001 0.1161, 1.386 3.1512 0.1161, 1.4096 3.0942 0.1161, 1.4176 3.0331 0.1161, 1.1814 3.0331 0.313, 1.3519 2.9346 0.1161, 1.3206 2.8939 0.1161, 1.3716 2.9821 0.1161, 1.3783 3.0331 0.1161, 1.2324 2.8429 0.1161, 1.1814 2.8362 0.1161, 1.2798 2.8626 0.1161, 1.083 2.8626 0.1161, 1.0422 2.8939 0.1161, 1.1305 2.8429 0.1161, 0.9913 2.9821 0.1161, 0.9846 3.0331 0.1161, 1.0109 2.9346 0.1161, -1.5036 3.0331 0.4705, -1.5036 3.0331 0.7067, -1.4997 3.063 0.7067, -1.4926 3.1166 0.4705, -1.4926 3.1166 0.7067, -1.4604 3.1945 0.7067, -1.4604 3.1945 0.4705, -1.4091 3.2613 0.7067, -1.4091 3.2613 0.4705, -1.3422 3.3126 0.7067, -1.3422 3.3126 0.4705, -1.3281 3.3185 0.7067, -1.2643 3.3449 0.4705, -1.2643 3.3449 0.7067, -1.1808 3.3559 0.7067, -1.1808 3.3559 0.4705, -1.0972 3.3449 0.7067, -1.0972 3.3449 0.4705, -1.0335 3.3185 0.7067, -1.0194 3.3126 0.4705, -1.0194 3.3126 0.7067, -0.9525 3.2613 0.7067, -0.9525 3.2613 0.4705, -0.9012 3.1945 0.7067, -0.9012 3.1945 0.4705, -0.8689 3.1166 0.7067, -0.8689 3.1166 0.4705, -0.8579 3.0331 0.7067, -0.8579 3.0331 0.4705, -1.417 3.0331 0.1161, -1.409 3.0942 0.1161, -1.3854 3.1512 0.1161, -1.3478 3.2001 0.1161, -1.2989 3.2376 0.1161, -1.2419 3.2612 0.1161, -1.1808 3.2693 0.1161, -1.1196 3.2612 0.1161, -1.0627 3.2376 0.1161, -1.0137 3.2001 0.1161, -0.9762 3.1512 0.1161, -0.9526 3.0942 0.1161, -0.9446 3.0331 0.1161, -1.1808 3.0331 0.313, -1.0103 2.9346 0.1161, -1.0416 2.8939 0.1161, -0.9906 2.9821 0.1161, -0.9839 3.0331 0.1161, -1.1298 2.8429 0.1161, -1.1808 2.8362 0.1161, -1.0824 2.8626 0.1161, -1.2792 2.8626 0.1161, -1.32 2.8939 0.1161, -1.2317 2.8429 0.1161, -1.3709 2.9821 0.1161, -1.3776 3.0331 0.1161, -1.3513 2.9346 0.1161, 0.5909 3.5449 2.4705, 0.5909 3.4366 2.4705, 1.2602 3.5449 2.4705, 1.2306 3.4366 2.4705, 1.3824 3.5288 2.4705, 1.3529 3.4205 2.4705, 1.4964 3.4816 2.4705, 1.4669 3.3733 2.4705, 1.5942 3.4065 2.4705, 1.5647 3.2982 2.4705, 1.6539 3.3336 2.4705, 1.6398 3.2004 2.4705, 1.6539 3.1741 2.4705, -1.6532 3.1741 2.4705, -1.6391 3.2004 2.4705, -1.6532 3.3336 2.4705, -1.5641 3.2982 2.4705, -1.5936 3.4065 2.4705, -1.4662 3.3733 2.4705, -0.5902 3.4366 2.4705, -0.5902 3.5449 2.4705, -1.23 3.4366 2.4705, -1.2595 3.5449 2.4705, -1.3523 3.4205 2.4705, -1.3818 3.5288 2.4705, -1.4957 3.4816 2.4705, -1.6532 -0.4151 2.4705, -1.6532 -0.9433 2.4705, -1.6391 -0.4413 2.4705, -1.5641 -0.5392 2.4705, -1.6166 -0.9855 2.4705, -1.3523 -0.6615 2.4705, -1.4662 -0.6143 2.4705, -0.7871 -1.1008 2.4705, -0.7871 -0.6776 2.4705, -1.3383 -1.1008 2.4705, -1.23 -0.6776 2.4705, -1.4402 -1.0874 2.4705, -1.5351 -1.048 2.4705, 1.6539 -0.9433 2.4705, 1.6539 -0.4151 2.4705, 1.6398 -0.4413 2.4705, 1.5647 -0.5392 2.4705, 1.4669 -0.6143 2.4705, 1.6173 -0.9855 2.4705, 1.3529 -0.6615 2.4705, 1.5358 -1.048 2.4705, 0.7877 -0.6776 2.4705, 0.7877 -1.1008 2.4705, 1.2306 -0.6776 2.4705, 1.3389 -1.1008 2.4705, 1.4408 -1.0874 2.4705, 0.8074 -1.1008 0.876, 0.8074 -1.1008 0.7067, 1.3389 -1.1008 0.7067, 0.0003 -1.1008 0.7067, 0.1775 -1.1008 0.7067, 0.1775 -1.1008 0.876, -1.3383 -1.1008 0.7067, -1.2792 -1.1008 1.1909, -1.2792 -1.1008 1.3091, 0.2956 -1.1008 1.1909, -0.7871 -1.1008 1.8799, 0.6893 -1.1008 1.3091, 0.7877 -1.1008 1.8799, 1.2798 -1.1008 1.3091, -0.6887 -1.1008 1.3091, -0.295 -1.1008 1.1909, -0.8068 -1.1008 0.876, -0.1768 -1.1008 0.876, -0.1768 -1.1008 0.7067, 0.2956 -1.1008 1.3091, 0.6893 -1.1008 1.1909, 1.2798 -1.1008 1.1909, -0.8068 -1.1008 0.7067, -0.6887 -1.1008 1.1909, -0.295 -1.1008 1.3091, 0.1882 -1.0193 0.7067, -1.4997 3.3185 0.7067, 0.574 -0.7966 0.7067, 0.5613 -0.7949 0.7067, 0.5613 -0.5595 0.7067, 0.0666 -0.0268 0.7067, 0.0003 -0.0181 0.7067, 0.2039 0.1868 0.7067, -0.5568 3.3185 0.7067, 0.0003 3.3185 0.7067, -0.5568 2.7604 0.7067, -0.2469 2.9668 0.7067, -0.453 2.8052 0.7067, -0.2213 2.9051 0.7067, -0.1806 2.8521 0.7067, -0.2772 2.7765 0.7067, -0.2461 2.7476 0.7067, -0.3173 2.7992 0.7067, -0.3617 2.8119 0.7067, -0.4077 2.814 0.7067, -0.2019 2.6635 0.7067, -0.2178 2.7067 0.7067, 0.0003 2.7142 0.7067, -0.2228 2.7142 0.7067, 0.0003 2.7476 0.7067, -0.2434 2.7451 0.7067, 0.0003 1.6138 0.7067, -0.1965 1.7653 0.7067, 0.0003 2.162 0.7067, -0.1965 2.162 0.7067, -0.1965 2.6176 0.7067, -0.0603 1.6058 0.7067, -0.1168 1.5824 0.7067, -0.2723 1.716 0.7067, -0.1653 1.5452 0.7067, -0.3362 1.6521 0.7067, -0.2025 1.4966 0.7067, -0.3854 1.5764 0.7067, -1.3316 1.7223 0.7067, -1.3119 1.6748 0.7067, -1.4997 1.3795 0.7067, -1.2806 1.634 0.7067, -1.2398 1.6027 0.7067, -0.2259 1.4402 0.7067, -0.2339 1.3795 0.7067, -0.5568 1.5764 0.7067, -0.5568 1.3795 0.7067, -1.1414 1.5764 0.7067, -1.1924 1.5831 0.7067, -1.2107 2.7142 0.7067, -1.1808 2.7102 0.7067, -1.1788 2.3003 0.7067, -1.4997 2.7142 0.7067, -1.2661 2.162 0.7067, -1.4997 2.162 0.7067, -1.3383 2.0477 0.7067, -1.3383 1.7732 0.7067, -0.9724 2.5162 0.7067, -1.1509 2.7142 0.7067, -0.7272 2.6868 0.7067, -0.6638 2.7142 0.7067, -1.0972 2.7212 0.7067, -0.5864 2.7476 0.7067, -1.0335 2.7476 0.7067, -1.0194 2.7535 0.7067, -0.9525 2.8048 0.7067, -0.9012 2.8716 0.7067, -0.8689 2.9495 0.7067, -0.5568 -0.5595 0.7067, -0.8766 -0.1925 0.7067, -0.5568 0.0409 0.7067, -0.908 -0.1165 0.7067, -0.9581 -0.0513 0.7067, -1.0233 -0.0013 0.7067, -1.0993 0.0302 0.7067, -1.1808 0.0409 0.7067, -1.4997 -0.8488 0.7067, -0.4918 -0.7858 0.7067, -0.5568 -0.7944 0.7067, -0.5733 -0.7966 0.7067, -0.6493 -0.828 0.7067, -0.6764 -0.8488 0.7067, -1.4997 -0.5595 0.7067, -1.4997 0.5636 0.7067, -1.3383 -0.0013 0.7067, -1.3383 0.0409 0.7067, -1.2623 0.0302 0.7067, -1.4035 -0.0513 0.7067, -1.4535 -0.1165 0.7067, -1.485 -0.1925 0.7067, -1.1924 1.176 0.7067, -1.2398 1.1563 0.7067, -1.2806 1.125 0.7067, -1.3119 1.0842 0.7067, -1.3316 1.0368 0.7067, -1.3383 0.9858 0.7067, -1.3383 0.5636 0.7067, 0.0003 0.5636 0.7067, -0.1965 0.5636 0.7067, 0.0003 1.1453 0.7067, -0.1965 0.9938 0.7067, -0.3854 1.1827 0.7067, -0.5568 1.1827 0.7067, -1.1414 1.1827 0.7067, -0.2259 1.3189 0.7067, -0.2025 1.2624 0.7067, -0.3362 1.1069 0.7067, -0.1653 1.2139 0.7067, -0.2723 1.043 0.7067, -0.1168 1.1767 0.7067, -0.0603 1.1533 0.7067, 0.0003 -0.5595 0.7067, -0.0659 -0.0268 0.7067, -0.1965 0.2378 0.7067, -0.2469 -0.2078 0.7067, -0.3934 0.0409 0.7067, -0.3424 0.0476 0.7067, -0.2213 -0.1461 0.7067, -0.295 0.0673 0.7067, -0.1806 -0.0931 0.7067, -0.1276 -0.0524 0.7067, -0.2542 0.0986 0.7067, -0.2229 0.1394 0.7067, -0.2032 0.1868 0.7067, 0.394 0.0409 0.7067, 0.5613 0.0409 0.7067, 0.2219 -0.1461 0.7067, 0.2475 -0.2078 0.7067, 0.1283 -0.0524 0.7067, 0.2235 0.1394 0.7067, 0.2548 0.0986 0.7067, 0.1813 -0.0931 0.7067, 0.2956 0.0673 0.7067, 0.3431 0.0476 0.7067, 0.1972 0.9938 0.7067, 0.1972 0.5636 0.7067, 0.1972 0.2378 0.7067, 0.061 1.1533 0.7067, 0.1174 1.1767 0.7067, 0.2729 1.043 0.7067, 0.166 1.2139 0.7067, 0.3368 1.1069 0.7067, 0.2032 1.2624 0.7067, 0.3861 1.1827 0.7067, 1.3125 1.0842 0.7067, 1.2812 1.125 0.7067, 1.5003 1.3795 0.7067, 1.2405 1.1563 0.7067, 0.2266 1.3189 0.7067, 0.2346 1.3795 0.7067, 0.5613 1.1827 0.7067, 0.5613 1.3795 0.7067, 1.1421 1.1827 0.7067, 1.193 1.176 0.7067, 1.3389 0.5636 0.7067, 1.3389 0.9858 0.7067, 1.3322 1.0368 0.7067, 1.265 0.0378 0.7067, 1.2523 0.0409 0.7067, 1.3389 0.0409 0.7067, 1.5003 -0.2441 0.7067, 1.4933 -0.1905 0.7067, 1.5003 0.5636 0.7067, 1.461 -0.1126 0.7067, 1.4097 -0.0457 0.7067, 1.3428 0.0056 0.7067, 1.7326 -0.5595 0.7067, 1.5003 -0.5595 0.7067, 1.5003 -0.8488 0.7067, 0.6499 -0.828 0.7067, 0.677 -0.8488 0.7067, 1.1106 0.0409 0.7067, 1.0979 0.0378 0.7067, 1.02 0.0056 0.7067, 0.9531 -0.0457 0.7067, 0.9018 -0.1126 0.7067, 0.8696 -0.1905 0.7067, 1.193 1.5831 0.7067, 1.2405 1.6027 0.7067, 1.2812 1.634 0.7067, 1.3125 1.6748 0.7067, 1.3322 1.7223 0.7067, 1.3389 1.7732 0.7067, 1.5003 2.162 0.7067, 0.3861 1.5764 0.7067, 0.5613 1.5764 0.7067, 1.1421 1.5764 0.7067, 0.166 1.5452 0.7067, 0.1174 1.5824 0.7067, 0.1972 1.7653 0.7067, 0.2266 1.4402 0.7067, 0.2032 1.4966 0.7067, 0.3368 1.6521 0.7067, 0.2729 1.716 0.7067, 0.2234 2.7142 0.7067, 0.2185 2.7067 0.7067, 0.061 1.6058 0.7067, 0.1972 2.162 0.7067, 0.1972 2.6176 0.7067, 0.2026 2.6635 0.7067, 0.244 2.7451 0.7067, 0.2467 2.7476 0.7067, -0.1276 2.8114 0.7067, -0.0659 2.7859 0.7067, 0.0003 2.7772 0.7067, 0.5613 3.3185 0.7067, 0.0666 2.7859 0.7067, 0.1283 2.8114 0.7067, 0.2778 2.7765 0.7067, 0.1813 2.8521 0.7067, 0.318 2.7992 0.7067, 0.2219 2.9051 0.7067, 0.5613 2.7587 0.7067, 0.4537 2.8052 0.7067, 0.2475 2.9668 0.7067, 0.4084 2.814 0.7067, 0.3623 2.8119 0.7067, 0.8772 2.9515 0.7067, 0.587 2.7476 0.7067, 0.9087 2.8756 0.7067, 0.9587 2.8104 0.7067, 1.0239 2.7603 0.7067, 1.0545 2.7476 0.7067, 0.6644 2.7142 0.7067, 1.5003 2.7142 0.7067, 0.7279 2.6868 0.7067, 0.9731 2.5162 0.7067, 1.3389 2.0477 0.7067, 1.2667 2.162 0.7067, 1.1795 2.3003 0.7067, 1.4041 2.8104 0.7067, 1.4542 2.8756 0.7067, 1.5003 2.7476 0.7067, 1.5003 3.3185 0.7067, 1.3389 2.7603 0.7067, 1.0999 2.7288 0.7067, 1.1814 2.7181 0.7067, 1.2629 2.7288 0.7067, 1.3083 2.7476 0.7067, 1.4857 2.9515 0.7067, 1.2602 3.5449 0.7067, 0.5613 3.5449 0.7067, -1.6611 3.3185 0.7067, -1.6687 3.3087 0.7067, -1.7159 3.1947 0.7067, -1.732 3.0724 0.7067, -1.3818 3.5288 0.7067, -1.2595 3.5449 0.7067, -1.4997 2.7476 0.7067, -1.3281 2.7476 0.7067, -1.2643 2.7212 0.7067, -1.4997 3.0032 0.7067, -1.4926 2.9495 0.7067, -1.4604 2.8716 0.7067, -1.4091 2.8048 0.7067, -1.3422 2.7535 0.7067, 0.2697 -0.8781 0.7067, 0.2197 -0.9433 0.7067, 0.0003 -0.8488 0.7067, 0.4924 -0.7858 0.7067, 0.4109 -0.7966 0.7067, 0.335 -0.828 0.7067, 0.3079 -0.8488 0.7067, 0.7967 -1.0193 0.7067, 0.7652 -0.9433 0.7067, 0.7152 -0.8781 0.7067, 1.4408 -1.0874 0.7067, 1.5003 -1.0627 0.7067, 1.6799 -0.9039 0.7067, 1.6173 -0.9855 0.7067, 1.5358 -1.048 0.7067, 1.7326 -0.7071 0.7067, 1.7192 -0.809 0.7067, 1.7027 -0.8488 0.7067, 1.5942 3.4065 0.7067, 1.6618 3.3185 0.7067, 1.6693 3.3087 0.7067, 1.3824 3.5288 0.7067, 1.4964 3.4816 0.7067, 1.5003 3.4786 0.7067, -1.5936 3.4065 0.7067, -1.4997 3.4786 0.7067, -1.4957 3.4816 0.7067, -1.702 -0.8488 0.7067, -1.7185 -0.809 0.7067, -1.5351 -1.048 0.7067, -1.6166 -0.9855 0.7067, -1.6792 -0.9039 0.7067, -0.7145 -0.8781 0.7067, -0.7646 -0.9433 0.7067, -0.796 -1.0193 0.7067, -1.4402 -1.0874 0.7067, -1.4997 -1.0627 0.7067, -0.4103 -0.7966 0.7067, -0.1876 -1.0193 0.7067, -0.219 -0.9433 0.7067, -0.2691 -0.8781 0.7067, -0.3072 -0.8488 0.7067, -0.3343 -0.828 0.7067, 0.0003 3.5449 0.7067, -0.5568 3.5449 0.7067, 1.7165 3.1947 0.7067, 1.7326 3.0724 0.7067, 1.7326 2.7476 0.7067, 1.7326 2.7142 0.7067, 1.7326 2.162 0.7067, 1.7326 1.3795 0.7067, 1.7326 0.5636 0.7067, -1.732 2.7476 0.7067, -1.732 2.7142 0.7067, -1.732 2.162 0.7067, -1.732 1.3795 0.7067, -1.732 0.5636 0.7067, -1.732 -0.5595 0.7067, -1.732 -0.7071 0.7067, 1.7326 3.0724 2.3917, 1.7325 3.083 2.3919, 1.724 3.1622 2.4003, 1.6673 3.3076 2.457, 1.7007 3.2432 2.4237, 1.7148 3.1942 2.4096, 1.7326 -0.7071 2.3917, 1.6769 -0.9089 2.4474, 1.6794 -0.9037 2.4449, 1.7086 -0.8425 2.4158, 1.7177 -0.8086 2.4067, 1.7268 -0.7743 2.3975, -1.732 -0.7071 2.3917, -1.7311 -0.733 2.3926, -1.6771 -0.9027 2.4466, -1.6977 -0.8677 2.426, -1.7178 -0.8087 2.4059, -1.7209 -0.7997 2.4028, -1.732 3.0724 2.3917, -1.7057 3.2278 2.418, -1.7141 3.1943 2.4096, -1.7262 3.1461 2.3975, -1.6694 3.3075 2.4543, -1.6686 3.3086 2.4551, 0.5909 3.5449 2.3524, -0.5902 3.5449 2.3524, -0.5902 3.4268 2.4705, -0.5902 3.4268 2.3524, 0.5909 3.4268 2.3524, 0.5909 3.4268 2.4705, -0.7871 -0.5496 1.8799, -0.7871 -0.5496 2.4705, 0.7877 -0.5496 1.8799, 0.7877 -0.5496 2.4705, -1.3513 3.1315 0.1161, -1.32 3.1723 0.1161, -1.3709 3.084 0.1161, -1.2317 3.2232 0.1161, -1.1808 3.2299 0.1161, -1.2792 3.2035 0.1161, -1.0824 3.2035 0.1161, -1.0416 3.1723 0.1161, -1.1298 3.2232 0.1161, -0.9906 3.084 0.1161, -1.0103 3.1315 0.1161, -1.1196 2.8049 0.1161, -1.1808 2.7968 0.1161, -1.2419 2.8049 0.1161, -1.2989 2.8285 0.1161, -1.3478 2.866 0.1161, -1.3854 2.915 0.1161, -1.409 2.9719 0.1161, -0.9526 2.9719 0.1161, -0.9762 2.915 0.1161, -1.0137 2.866 0.1161, -1.0627 2.8285 0.1161, -0.8689 2.9495 0.4705, -0.9012 2.8716 0.4705, -0.9525 2.8048 0.4705, -1.0194 2.7535 0.4705, -1.0972 2.7212 0.4705, -1.1808 2.7102 0.4705, -1.2643 2.7212 0.4705, -1.3422 2.7535 0.4705, -1.4091 2.8048 0.4705, -1.4604 2.8716 0.4705, -1.4926 2.9495 0.4705, 1.0109 3.1315 0.1161, 1.0422 3.1723 0.1161, 0.9913 3.084 0.1161, 1.1305 3.2232 0.1161, 1.1814 3.2299 0.1161, 1.083 3.2035 0.1161, 1.2798 3.2035 0.1161, 1.3206 3.1723 0.1161, 1.2324 3.2232 0.1161, 1.3716 3.084 0.1161, 1.3519 3.1315 0.1161, 1.2426 2.8049 0.1161, 1.1814 2.7968 0.1161, 1.1203 2.8049 0.1161, 1.0633 2.8285 0.1161, 1.0144 2.866 0.1161, 0.9769 2.915 0.1161, 0.9533 2.9719 0.1161, 1.4096 2.9719 0.1161, 1.386 2.915 0.1161, 1.3485 2.866 0.1161, 1.2995 2.8285 0.1161, 1.4857 2.9515 0.4705, 1.4542 2.8756 0.4705, 1.4041 2.8104 0.4705, 1.3389 2.7603 0.4705, 1.2629 2.7288 0.4705, 1.1814 2.7181 0.4705, 1.0999 2.7288 0.4705, 1.0239 2.7603 0.4705, 0.9587 2.8104 0.4705, 0.9087 2.8756 0.4705, 0.8772 2.9515 0.4705, -0.0441 2.8674 -0.0098, -0.0854 2.8845 -0.0098, -0.121 2.9118 -0.0098, 0.0861 2.8845 -0.0098, 0.166 2.9887 -0.0098, 0.1489 2.9473 -0.0098, 0.1216 2.9118 -0.0098, 0.0447 2.8674 -0.0098, 0.0003 2.8616 -0.0098, -0.1653 2.9887 -0.0098, -0.1482 2.9473 -0.0098, 0.2475 2.9668 0.3051, 0.2219 2.9051 0.3051, 0.1813 2.8521 0.3051, 0.1283 2.8114 0.3051, 0.0666 2.7859 0.3051, 0.0003 2.7772 0.3051, -0.0659 2.7859 0.3051, -0.1276 2.8114 0.3051, -0.1806 2.8521 0.3051, -0.2213 2.9051 0.3051, -0.2469 2.9668 0.3051, 1.3519 -0.3724 0.1161, 1.3206 -0.4132 0.1161, 1.3716 -0.325 0.1161, 1.2324 -0.4642 0.1161, 1.1814 -0.4709 0.1161, 1.2798 -0.4445 0.1161, 1.083 -0.4445 0.1161, 1.0422 -0.4132 0.1161, 1.1305 -0.4642 0.1161, 0.9913 -0.325 0.1161, 1.0109 -0.3724 0.1161, 1.3485 -0.107 0.1161, 1.386 -0.1559 0.1161, 1.4096 -0.2129 0.1161, 0.9533 -0.2129 0.1161, 0.9769 -0.1559 0.1161, 1.0144 -0.107 0.1161, 1.0633 -0.0694 0.1161, 1.1203 -0.0458 0.1161, 1.1814 -0.0378 0.1161, 1.2426 -0.0458 0.1161, 1.2995 -0.0694 0.1161, 0.8696 -0.1905 0.4705, 0.9018 -0.1126 0.4705, 0.9531 -0.0457 0.4705, 1.02 0.0056 0.4705, 1.0979 0.0378 0.4705, 1.1814 0.0488 0.4705, 1.265 0.0378 0.4705, 1.3428 0.0056 0.4705, 1.4097 -0.0457 0.4705, 1.461 -0.1126 0.4705, 1.4933 -0.1905 0.4705, 1.1814 0.0488 0.876, 1.2523 0.0409 0.876, 1.1106 0.0409 0.876, -1.0103 -0.3724 0.1161, -1.0416 -0.4132 0.1161, -0.9906 -0.325 0.1161, -1.1298 -0.4642 0.1161, -1.1808 -0.4709 0.1161, -1.0824 -0.4445 0.1161, -1.2792 -0.4445 0.1161, -1.32 -0.4132 0.1161, -1.2317 -0.4642 0.1161, -1.3709 -0.325 0.1161, -1.3513 -0.3724 0.1161, -1.409 -0.2129 0.1161, -1.3854 -0.1559 0.1161, -1.3478 -0.107 0.1161, -1.2989 -0.0694 0.1161, -1.2419 -0.0458 0.1161, -1.1808 -0.0378 0.1161, -1.1196 -0.0458 0.1161, -1.0627 -0.0694 0.1161, -1.0137 -0.107 0.1161, -0.9762 -0.1559 0.1161, -0.9526 -0.2129 0.1161, -1.485 -0.1925 0.4705, -1.4535 -0.1165 0.4705, -1.4035 -0.0513 0.4705, -1.3383 -0.0013 0.4705, -1.2623 0.0302 0.4705, -1.1808 0.0409 0.4705, -1.0993 0.0302 0.4705, -1.0233 -0.0013 0.4705, -0.9581 -0.0513 0.4705, -0.908 -0.1165 0.4705, -0.8766 -0.1925 0.4705, -0.0854 -0.1255 -0.0098, -0.0441 -0.1084 -0.0098, 0.0003 -0.1025 -0.0098, 0.0447 -0.1084 -0.0098, 0.0861 -0.1255 -0.0098, 0.1216 -0.1527 -0.0098, -0.1482 -0.1883 -0.0098, -0.121 -0.1527 -0.0098, 0.1489 -0.1883 -0.0098, 0.166 -0.2296 -0.0098, -0.1653 -0.2296 -0.0098, -0.2469 -0.2078 0.3051, -0.2213 -0.1461 0.3051, -0.1806 -0.0931 0.3051, -0.1276 -0.0524 0.3051, -0.0659 -0.0268 0.3051, 0.0003 -0.0181 0.3051, 0.0666 -0.0268 0.3051, 0.1283 -0.0524 0.3051, 0.1813 -0.0931 0.3051, 0.2219 -0.1461 0.3051, 0.2475 -0.2078 0.3051, 0.4537 2.8052 0.876, 0.7279 2.6868 0.876, 0.9731 2.5162 0.876, 1.1795 2.3003 0.876, 1.3389 2.0477 0.876, 0.1972 2.6176 0.876, 0.2026 2.6635 0.876, 0.2185 2.7067 0.876, 0.244 2.7451 0.876, 0.2778 2.7765 0.876, 0.318 2.7992 0.876, 0.3623 2.8119 0.876, 0.4084 2.814 0.876, 0.1972 1.7653 0.876, 0.3861 1.5764 0.876, 0.3368 1.6521 0.876, 0.2729 1.716 0.876, 1.1421 1.5764 0.876, 1.3389 1.7732 0.876, 1.3322 1.7223 0.876, 1.3125 1.6748 0.876, 1.2812 1.634 0.876, 1.2405 1.6027 0.876, 1.193 1.5831 0.876, 1.3389 0.0409 0.876, 1.3389 0.9858 0.876, 1.1421 1.1827 0.876, 1.193 1.176 0.876, 1.2405 1.1563 0.876, 1.2812 1.125 0.876, 1.3125 1.0842 0.876, 1.3322 1.0368 0.876, 0.3861 1.1827 0.876, 0.1972 0.9938 0.876, 0.2729 1.043 0.876, 0.3368 1.1069 0.876, 0.1972 0.2378 0.876, 0.394 0.0409 0.876, 0.3431 0.0476 0.876, 0.2956 0.0673 0.876, 0.2548 0.0986 0.876, 0.2235 0.1394 0.876, 0.2039 0.1868 0.876, -0.3934 0.0409 0.876, -1.3383 0.0409 0.876, -0.1965 0.2378 0.876, -0.2032 0.1868 0.876, -0.2229 0.1394 0.876, -0.2542 0.0986 0.876, -0.295 0.0673 0.876, -0.3424 0.0476 0.876, -0.1965 0.9938 0.876, -0.3854 1.1827 0.876, -0.3362 1.1069 0.876, -0.2723 1.043 0.876, -1.1414 1.1827 0.876, -1.3383 0.9858 0.876, -1.3316 1.0368 0.876, -1.3119 1.0842 0.876, -1.2806 1.125 0.876, -1.2398 1.1563 0.876, -1.1924 1.176 0.876, -0.453 2.8052 0.876, -1.3383 2.0477 0.876, -1.1788 2.3003 0.876, -0.9724 2.5162 0.876, -0.7272 2.6868 0.876, -1.3383 1.7732 0.876, -1.1414 1.5764 0.876, -1.1924 1.5831 0.876, -1.2398 1.6027 0.876, -1.2806 1.634 0.876, -1.3119 1.6748 0.876, -1.3316 1.7223 0.876, -0.3854 1.5764 0.876, -0.1965 1.7653 0.876, -0.2723 1.716 0.876, -0.3362 1.6521 0.876, -0.1965 2.6176 0.876, -0.4077 2.814 0.876, -0.3617 2.8119 0.876, -0.3173 2.7992 0.876, -0.2772 2.7765 0.876, -0.2434 2.7451 0.876, -0.2178 2.7067 0.876, -0.2019 2.6635 0.876, 0.1882 -1.0193 0.876, 0.2197 -0.9433 0.876, 0.2697 -0.8781 0.876, 0.335 -0.828 0.876, 0.4109 -0.7966 0.876, 0.4924 -0.7858 0.876, 0.574 -0.7966 0.876, 0.6499 -0.828 0.876, 0.7152 -0.8781 0.876, 0.7652 -0.9433 0.876, 0.7967 -1.0193 0.876, -0.796 -1.0193 0.876, -0.7646 -0.9433 0.876, -0.7145 -0.8781 0.876, -0.6493 -0.828 0.876, -0.5733 -0.7966 0.876, -0.4918 -0.7858 0.876, -0.4103 -0.7966 0.876, -0.3343 -0.828 0.876, -0.2691 -0.8781 0.876, -0.219 -0.9433 0.876, -0.1876 -1.0193 0.876, 0.3806 1.5729 9.7638, 0.2787 1.3964 9.7638, 0.1972 1.3338 9.7638, 0.1022 1.2945 9.7638, 0.0003 1.2811 9.7638, -0.9267 0.9472 9.7638, -0.1016 1.2945 9.7638, -0.1965 1.3338 9.7638, -0.2781 1.3964 9.7638, -0.9408 0.9912 9.7638, -0.9718 1.6977 9.7638, -0.38 1.5729 9.7638, -0.9827 1.6412 9.7638, -1.0039 1.5314 9.7638, -0.938 1.7691 9.7638, -0.9547 1.7339 9.7638, -0.4917 2.2763 9.7638, 0.3413 1.4779 9.7638, -0.6989 2.1261 9.7638, -0.8335 1.9639 9.7638, -0.8624 1.9291 9.7638, -0.8663 1.9207 9.7638, -0.5341 2.2455 9.7638, -0.6906 2.1321 9.7638, -0.6936 2.1299 9.7638, -1.0204 1.4464 9.7638, -1.0193 1.4285 9.7638, -0.3406 1.4779 9.7638, -1.0133 1.3297 9.7638, -1.0073 1.229 9.7638, -0.2536 2.3704 9.7638, -0.3626 2.3273 9.7638, -0.1838 2.3792 9.7638, -1.005 1.1909 9.7638, -0.9813 1.1171 9.7638, -0.9547 1.0345 9.7638, -1.123 1.1333 9.4426, -1.1662 1.2549 9.3096, -1.1662 1.2342 9.2873, -1.123 1.4687 9.5271, -1.1662 1.4247 9.3524, -1.1662 1.3947 9.3574, -1.1662 1.2789 9.3282, -1.1662 1.3056 9.3426, -1.1662 1.4534 9.3426, -1.1662 1.5643 9.1746, -1.0123 0.8067 9.3679, -1.0117 0.8077 9.3739, -1.052 0.8734 9.3503, -1.0079 0.8142 9.416, -0.9986 0.8299 9.4752, -1.052 0.9093 9.4308, -1.052 1.1651 9.6647, -1.052 1.2485 9.6932, -0.1844 2.4026 9.7337, -0.3647 2.3647 9.7129, -0.5359 2.3025 9.6788, -0.6939 2.2175 9.6323, -0.6935 2.1305 9.7627, -0.8348 2.0364 9.6891, -0.9552 1.9255 9.602, -1.052 1.5105 9.6932, -1.052 1.4236 9.7076, -0.9505 0.9091 9.6892, -0.9322 0.9386 9.7486, -0.9552 1.0014 9.7555, -0.9552 0.9017 9.6741, -0.9552 0.9111 9.6857, -0.9639 0.8877 9.646, -1.052 1.0178 9.569, -0.9775 0.8652 9.5863, -0.9789 0.8628 9.5801, -1.019 0.7953 9.2948, -1.0224 0.7892 9.1776, -1.052 0.8433 9.1772, -1.123 1.0146 9.176, -1.1662 1.1948 9.1746, -1.123 1.7445 9.176, -1.052 1.9157 9.1772, -0.8348 2.2147 9.1795, -0.9552 2.0737 9.1784, -0.6939 2.335 9.1804, -0.3647 2.5028 9.1816, -0.5359 2.4319 9.1811, -0.1844 2.5461 9.182, -1.123 1.5255 9.5078, -1.052 1.5939 9.6647, -1.052 1.6716 9.6229, -1.123 1.5783 9.4793, -1.1662 1.4802 9.3282, -1.1662 1.3643 9.3574, -1.123 1.4095 9.537, -0.9552 1.7576 9.7555, -1.052 1.3355 9.7076, -1.123 1.3495 9.537, -1.123 1.2903 9.5271, -1.1662 1.3344 9.3524, -1.123 1.2336 9.5078, -1.123 1.1807 9.4793, -1.052 1.0875 9.6229, -0.9895 0.8454 9.5338, -1.052 0.9578 9.5044, -1.123 1.0925 9.3987, -1.123 1.0594 9.3486, -1.1662 1.2175 9.262, -1.1662 1.2051 9.2343, -1.123 1.035 9.2938, -1.0195 0.7943 9.2751, -1.052 0.8512 9.265, -1.123 1.0199 9.2357, -1.1662 1.1975 9.2049, -1.1662 1.5248 9.2873, -1.1662 1.5042 9.3096, -1.123 1.6666 9.3987, -1.123 1.6258 9.4426, -1.052 1.8012 9.5044, -1.052 1.7413 9.569, -0.9552 1.8479 9.6857, -0.8348 2.112 9.5745, -0.9552 1.9884 9.5068, -1.052 1.8498 9.4308, -1.123 1.6996 9.3486, -1.1662 1.5416 9.262, -0.1844 2.5289 9.3729, -0.3647 2.4862 9.3655, -0.5359 2.4164 9.3534, -0.6939 2.3209 9.3368, -0.8348 2.2024 9.3162, -0.9552 2.0635 9.2921, -1.052 1.9078 9.265, -1.123 1.7391 9.2357, -1.1662 1.5616 9.2049, -1.1662 1.5539 9.2343, -1.123 1.724 9.2938, -1.052 1.8856 9.3503, -0.9552 2.0348 9.4025, -0.8348 2.1678 9.4491, -0.6939 2.2814 9.4888, -0.5359 2.3728 9.5208, -0.3647 2.4398 9.5442, -0.1844 2.4806 9.5585, 1.0232 0.789 5.0394, 1.1102 0.9756 5.0394, 1.1635 1.1744 5.0394, 1.1614 1.6445 4.5768, 1.1614 1.6445 5.0394, 1.0733 1.8963 4.5768, 1.0733 1.8963 5.0394, 0.9314 2.1221 4.5768, 0.9314 2.1221 5.0394, 0.7429 2.3106 4.5768, 0.7429 2.3106 5.0394, 0.5171 2.4525 4.5768, 0.5171 2.4525 5.0394, 0.2653 2.5406 4.5768, 0.2653 2.5406 5.0394, 0.0003 2.5705 4.5768, 0.0003 2.5705 5.0394, -0.2647 2.5406 4.5768, -0.2647 2.5406 5.0394, -0.5164 2.4525 4.5768, -0.5164 2.4525 5.0394, -0.7422 2.3106 4.5768, -0.7422 2.3106 5.0394, -0.9308 2.1221 4.5768, -0.9308 2.1221 5.0394, -1.0727 1.8963 4.5768, -1.0727 1.8963 5.0394, -1.1608 1.6445 4.5768, -1.1608 1.6445 5.0394, -0.38 1.5729 8.9764, -0.3406 1.4779 8.9764, -0.2781 1.3964 8.9764, -0.1965 1.3338 8.9764, -0.1016 1.2945 8.9764, 0.0003 1.2811 8.9764, 0.1022 1.2945 8.9764, 0.1972 1.3338 8.9764, 0.2787 1.3964 8.9764, 0.3413 1.4779 8.9764, 0.3806 1.5729 8.9764
            ]
        }
        coordIndex [
            0,1,2,-1,2,1,3,-1,2,3,4,-1,4,3,5,-1,4,5,6,-1,6,5,7,-1,6,7,8,-1,8,7,9,-1,8,9,10,-1,10,9,11,-1,10,11,12,-1,12,11,13,-1,12,13,14,-1,14,13,15,-1,14,15,16,-1,16,15,17,-1,16,17,18,-1,18,17,19,-1,18,19,20,-1,20,19,21,-1,20,21,22,-1,22,21,23,-1,22,23,24,-1,24,23,25,-1,26,27,28,-1,26,28,29,-1,29,28,30,-1,29,30,31,-1,31,30,32,-1,31,32,33,-1,33,32,34,-1,33,34,35,-1,35,34,36,-1,35,36,37,-1,37,36,38,-1,37,38,39,-1,39,38,40,-1,39,40,41,-1,41,40,42,-1,41,42,43,-1,43,42,44,-1,43,44,45,-1,45,44,46,-1,45,46,47,-1,47,46,48,-1,47,48,49,-1,49,48,50,-1,49,50,51,-1,51,50,52,-1,51,52,53,-1,53,52,54,-1,53,54,55,-1,56,57,58,-1,56,58,59,-1,59,58,60,-1,59,60,61,-1,61,60,62,-1,61,62,63,-1,63,62,64,-1,64,62,65,-1,64,65,66,-1,67,68,69,-1,69,68,70,-1,69,70,71,-1,71,70,72,-1,72,70,73,-1,72,73,74,-1,74,73,75,-1,75,73,76,-1,75,76,77,-1,78,79,76,-1,76,79,80,-1,76,80,77,-1,81,82,83,-1,83,82,84,-1,83,84,78,-1,78,84,85,-1,78,85,79,-1,81,83,86,-1,86,83,87,-1,86,87,88,-1,88,87,89,-1,89,87,90,-1,89,90,91,-1,91,90,92,-1,92,90,93,-1,92,93,94,-1,94,93,95,-1,95,93,96,-1,95,96,97,-1,97,96,98,-1,98,96,99,-1,98,99,100,-1,101,102,103,-1,103,102,104,-1,103,104,99,-1,99,104,105,-1,99,105,100,-1,101,103,106,-1,106,103,107,-1,106,107,108,-1,108,107,109,-1,109,107,110,-1,109,110,111,-1,111,110,112,-1,112,110,58,-1,112,58,57,-1,113,114,67,-1,113,67,115,-1,116,115,67,-1,117,116,67,-1,118,117,67,-1,119,118,67,-1,120,119,67,-1,121,120,67,-1,122,121,67,-1,123,122,67,-1,124,123,67,-1,125,124,67,-1,126,125,67,-1,127,126,67,-1,128,127,67,-1,129,128,67,-1,130,129,67,-1,131,130,67,-1,132,133,114,-1,114,133,67,-1,134,135,136,-1,137,138,139,-1,140,141,142,-1,142,141,143,-1,143,141,144,-1,144,141,145,-1,144,145,146,-1,147,148,145,-1,145,148,149,-1,145,149,146,-1,150,151,147,-1,147,151,152,-1,147,152,148,-1,153,154,155,-1,155,154,156,-1,155,156,150,-1,150,156,157,-1,150,157,151,-1,158,159,160,-1,160,159,161,-1,160,161,162,-1,162,161,163,-1,162,163,153,-1,164,165,166,-1,166,165,167,-1,166,167,168,-1,168,167,169,-1,170,171,172,-1,172,171,169,-1,172,169,173,-1,173,169,167,-1,174,175,170,-1,170,175,176,-1,170,176,171,-1,170,177,174,-1,174,177,178,-1,174,178,179,-1,179,178,180,-1,180,178,181,-1,180,181,182,-1,182,183,184,-1,184,183,185,-1,184,185,186,-1,186,185,187,-1,187,185,188,-1,187,188,138,-1,137,139,189,-1,135,190,191,-1,191,190,192,-1,191,192,193,-1,134,136,194,-1,195,196,194,-1,197,86,88,-1,198,82,81,-1,199,79,85,-1,200,77,80,-1,201,72,74,-1,67,69,202,-1,202,69,71,-1,131,67,202,-1,203,204,205,-1,205,204,132,-1,142,206,140,-1,140,206,207,-1,140,207,203,-1,194,208,195,-1,195,208,209,-1,195,209,210,-1,210,209,211,-1,210,211,212,-1,212,211,213,-1,212,213,214,-1,214,213,89,-1,214,89,91,-1,194,136,208,-1,208,136,215,-1,208,215,209,-1,209,215,216,-1,209,216,211,-1,211,216,197,-1,211,197,213,-1,213,197,88,-1,213,88,89,-1,135,191,136,-1,136,191,217,-1,136,217,215,-1,215,217,218,-1,215,218,216,-1,216,218,198,-1,216,198,197,-1,197,198,81,-1,197,81,86,-1,189,219,193,-1,193,219,220,-1,193,220,191,-1,191,220,221,-1,191,221,217,-1,217,221,222,-1,217,222,218,-1,218,222,223,-1,218,223,198,-1,198,223,84,-1,198,84,82,-1,189,139,219,-1,219,139,224,-1,219,224,220,-1,220,224,225,-1,220,225,221,-1,221,225,226,-1,221,226,222,-1,222,226,199,-1,222,199,223,-1,223,199,85,-1,223,85,84,-1,138,188,139,-1,139,188,227,-1,139,227,224,-1,224,227,228,-1,224,228,225,-1,225,228,229,-1,225,229,226,-1,226,229,200,-1,226,200,199,-1,199,200,80,-1,199,80,79,-1,182,181,183,-1,183,181,230,-1,183,230,185,-1,185,230,231,-1,185,231,188,-1,188,231,232,-1,188,232,227,-1,227,232,233,-1,227,233,228,-1,228,233,234,-1,228,234,229,-1,229,234,235,-1,229,235,200,-1,200,235,75,-1,200,75,77,-1,153,155,162,-1,162,155,165,-1,162,165,160,-1,160,165,164,-1,160,164,158,-1,203,205,140,-1,140,205,236,-1,140,236,141,-1,141,236,237,-1,141,237,145,-1,145,237,238,-1,145,238,147,-1,147,238,239,-1,147,239,150,-1,150,239,240,-1,150,240,155,-1,155,240,241,-1,155,241,165,-1,165,241,242,-1,165,242,167,-1,167,242,243,-1,167,243,173,-1,173,243,244,-1,173,244,172,-1,172,244,245,-1,172,245,170,-1,170,245,246,-1,170,246,177,-1,177,246,247,-1,177,247,178,-1,178,247,248,-1,178,248,181,-1,181,248,249,-1,181,249,230,-1,230,249,250,-1,230,250,231,-1,231,250,251,-1,231,251,232,-1,232,251,252,-1,232,252,233,-1,233,252,253,-1,233,253,234,-1,234,253,201,-1,234,201,235,-1,235,201,74,-1,235,74,75,-1,132,114,205,-1,205,114,113,-1,205,113,236,-1,236,113,115,-1,236,115,237,-1,237,115,116,-1,237,116,238,-1,238,116,117,-1,238,117,239,-1,239,117,118,-1,239,118,240,-1,240,118,119,-1,240,119,241,-1,241,119,120,-1,241,120,242,-1,242,120,121,-1,242,121,243,-1,243,121,122,-1,243,122,244,-1,244,122,123,-1,244,123,245,-1,245,123,124,-1,245,124,246,-1,246,124,125,-1,246,125,247,-1,247,125,126,-1,247,126,248,-1,248,126,127,-1,248,127,249,-1,249,127,128,-1,249,128,250,-1,250,128,129,-1,250,129,251,-1,251,129,130,-1,251,130,252,-1,252,130,131,-1,252,131,253,-1,253,131,202,-1,253,202,201,-1,201,202,71,-1,201,71,72,-1,254,255,256,-1,254,256,257,-1,257,256,258,-1,257,258,259,-1,259,258,260,-1,259,260,261,-1,261,260,262,-1,261,262,263,-1,263,262,264,-1,263,264,265,-1,265,264,266,-1,265,266,267,-1,267,266,268,-1,267,268,269,-1,269,268,270,-1,269,270,271,-1,271,270,272,-1,271,272,273,-1,273,272,274,-1,273,274,275,-1,275,274,276,-1,275,276,277,-1,277,276,278,-1,277,278,279,-1,280,278,276,-1,280,276,281,-1,281,276,274,-1,281,274,282,-1,282,274,272,-1,282,272,283,-1,283,272,270,-1,283,270,284,-1,284,270,268,-1,284,268,285,-1,285,268,266,-1,285,266,286,-1,286,266,264,-1,286,264,287,-1,287,264,262,-1,287,262,288,-1,288,262,260,-1,288,260,289,-1,289,260,258,-1,289,258,290,-1,290,258,256,-1,290,256,291,-1,291,256,255,-1,291,255,292,-1,293,294,295,-1,293,295,296,-1,296,295,297,-1,296,297,298,-1,298,297,299,-1,298,299,300,-1,300,299,301,-1,300,301,302,-1,302,301,303,-1,303,301,304,-1,303,304,305,-1,305,304,306,-1,305,306,307,-1,307,306,308,-1,307,308,309,-1,309,308,310,-1,310,308,311,-1,310,311,312,-1,312,311,313,-1,312,313,314,-1,314,313,315,-1,314,315,316,-1,316,315,317,-1,316,317,318,-1,318,317,319,-1,318,319,320,-1,321,319,317,-1,321,317,322,-1,322,317,315,-1,322,315,323,-1,323,315,313,-1,323,313,324,-1,324,313,311,-1,324,311,325,-1,325,311,308,-1,325,308,326,-1,326,308,306,-1,326,306,327,-1,327,306,304,-1,327,304,328,-1,328,304,301,-1,328,301,329,-1,329,301,299,-1,329,299,330,-1,330,299,297,-1,330,297,331,-1,331,297,295,-1,331,295,332,-1,332,295,294,-1,332,294,333,-1,334,335,336,-1,337,335,334,-1,338,337,334,-1,334,339,340,-1,341,339,334,-1,336,341,334,-1,334,342,343,-1,344,342,334,-1,340,344,334,-1,334,345,346,-1,347,345,334,-1,343,347,334,-1,348,349,350,-1,348,350,351,-1,350,352,351,-1,351,352,353,-1,351,353,354,-1,354,353,355,-1,354,355,356,-1,356,355,357,-1,356,357,358,-1,358,357,359,-1,358,359,360,-1,359,361,360,-1,360,361,362,-1,360,362,363,-1,363,362,364,-1,363,364,365,-1,365,364,366,-1,365,366,367,-1,366,368,367,-1,367,368,369,-1,367,369,370,-1,370,369,371,-1,370,371,372,-1,372,371,373,-1,372,373,374,-1,374,373,375,-1,374,375,376,-1,377,348,351,-1,377,351,378,-1,378,351,354,-1,378,354,379,-1,379,354,356,-1,379,356,380,-1,380,356,358,-1,380,358,381,-1,381,358,360,-1,381,360,382,-1,382,360,363,-1,382,363,383,-1,383,363,365,-1,383,365,384,-1,384,365,367,-1,384,367,385,-1,385,367,370,-1,385,370,386,-1,386,370,372,-1,386,372,387,-1,387,372,374,-1,387,374,388,-1,388,374,376,-1,388,376,389,-1,390,391,392,-1,393,391,390,-1,394,393,390,-1,390,395,396,-1,397,395,390,-1,392,397,390,-1,390,398,399,-1,400,398,390,-1,396,400,390,-1,390,401,402,-1,403,401,390,-1,399,403,390,-1,404,405,406,-1,404,406,407,-1,407,406,408,-1,407,408,409,-1,409,408,410,-1,409,410,411,-1,411,410,412,-1,411,412,413,-1,413,412,414,-1,413,414,415,-1,415,414,416,-1,415,416,417,-1,417,416,418,-1,417,418,419,-1,419,418,420,-1,419,420,421,-1,421,420,422,-1,421,422,423,-1,423,422,424,-1,423,424,425,-1,425,424,426,-1,425,426,427,-1,427,426,428,-1,427,428,429,-1,430,428,426,-1,430,426,431,-1,431,426,424,-1,431,424,432,-1,432,424,422,-1,432,422,433,-1,433,422,420,-1,433,420,434,-1,434,420,418,-1,434,418,435,-1,435,418,416,-1,435,416,436,-1,436,416,414,-1,436,414,437,-1,437,414,412,-1,437,412,438,-1,438,412,410,-1,438,410,439,-1,439,410,408,-1,439,408,440,-1,440,408,406,-1,440,406,441,-1,441,406,405,-1,441,405,442,-1,443,444,445,-1,443,445,446,-1,446,445,447,-1,446,447,448,-1,448,447,449,-1,448,449,450,-1,450,449,451,-1,450,451,452,-1,452,451,453,-1,453,451,454,-1,453,454,455,-1,455,454,456,-1,455,456,457,-1,457,456,458,-1,457,458,459,-1,459,458,460,-1,460,458,461,-1,460,461,462,-1,462,461,463,-1,462,463,464,-1,464,463,465,-1,464,465,466,-1,466,465,467,-1,466,467,468,-1,468,467,469,-1,468,469,470,-1,471,469,467,-1,471,467,472,-1,472,467,465,-1,472,465,473,-1,473,465,463,-1,473,463,474,-1,474,463,461,-1,474,461,475,-1,475,461,458,-1,475,458,476,-1,476,458,456,-1,476,456,477,-1,477,456,454,-1,477,454,478,-1,478,454,451,-1,478,451,479,-1,479,451,449,-1,479,449,480,-1,480,449,447,-1,480,447,481,-1,481,447,445,-1,481,445,482,-1,482,445,444,-1,482,444,483,-1,484,485,486,-1,487,485,484,-1,488,487,484,-1,484,489,490,-1,491,489,484,-1,486,491,484,-1,484,492,493,-1,494,492,484,-1,490,494,484,-1,484,495,496,-1,497,495,484,-1,493,497,484,-1,498,499,500,-1,498,500,501,-1,500,502,501,-1,501,502,503,-1,501,503,504,-1,504,503,505,-1,504,505,506,-1,506,505,507,-1,506,507,508,-1,508,507,509,-1,508,509,510,-1,509,511,510,-1,510,511,512,-1,510,512,513,-1,513,512,514,-1,513,514,515,-1,515,514,516,-1,515,516,517,-1,516,518,517,-1,517,518,519,-1,517,519,520,-1,520,519,521,-1,520,521,522,-1,522,521,523,-1,522,523,524,-1,524,523,525,-1,524,525,526,-1,527,498,501,-1,527,501,528,-1,528,501,504,-1,528,504,529,-1,529,504,506,-1,529,506,530,-1,530,506,508,-1,530,508,531,-1,531,508,510,-1,531,510,532,-1,532,510,513,-1,532,513,533,-1,533,513,515,-1,533,515,534,-1,534,515,517,-1,534,517,535,-1,535,517,520,-1,535,520,536,-1,536,520,522,-1,536,522,537,-1,537,522,524,-1,537,524,538,-1,538,524,526,-1,538,526,539,-1,540,541,542,-1,543,541,540,-1,544,543,540,-1,540,545,546,-1,547,545,540,-1,542,547,540,-1,540,548,549,-1,550,548,540,-1,546,550,540,-1,540,551,552,-1,553,551,540,-1,549,553,540,-1,554,555,556,-1,556,555,557,-1,556,557,558,-1,558,557,559,-1,558,559,560,-1,560,559,561,-1,560,561,562,-1,562,561,563,-1,562,563,564,-1,564,563,565,-1,564,565,566,-1,567,568,569,-1,569,568,570,-1,569,570,571,-1,571,570,572,-1,573,574,575,-1,575,574,576,-1,575,576,577,-1,577,576,578,-1,577,578,572,-1,572,578,579,-1,572,579,571,-1,580,581,582,-1,582,581,583,-1,584,585,581,-1,581,585,586,-1,581,586,583,-1,587,588,589,-1,589,588,590,-1,589,590,591,-1,591,590,585,-1,591,585,592,-1,592,585,584,-1,593,594,595,-1,595,596,593,-1,593,596,597,-1,593,597,598,-1,598,597,599,-1,598,599,600,-1,601,602,603,-1,603,602,604,-1,603,604,599,-1,599,604,605,-1,599,605,600,-1,606,607,608,-1,609,610,611,-1,612,613,614,-1,611,606,615,-1,616,617,618,-1,618,617,619,-1,618,619,602,-1,616,614,620,-1,612,614,589,-1,589,614,616,-1,589,616,587,-1,621,622,615,-1,615,622,623,-1,615,623,611,-1,611,623,624,-1,611,624,609,-1,625,615,626,-1,626,615,606,-1,626,606,627,-1,627,606,608,-1,627,608,619,-1,619,608,604,-1,619,604,602,-1,612,628,613,-1,613,628,622,-1,613,622,629,-1,629,622,621,-1,629,621,620,-1,620,621,630,-1,620,630,616,-1,616,630,625,-1,616,625,617,-1,617,625,626,-1,631,610,609,-1,502,500,632,-1,633,634,635,-1,636,637,638,-1,518,516,639,-1,640,419,639,-1,639,419,421,-1,421,423,639,-1,639,423,425,-1,639,425,427,-1,427,429,641,-1,641,429,642,-1,641,642,643,-1,644,645,646,-1,646,645,647,-1,646,648,644,-1,644,648,649,-1,644,649,642,-1,642,649,650,-1,642,650,643,-1,651,652,653,-1,653,652,654,-1,653,654,655,-1,655,654,656,-1,655,656,647,-1,657,658,659,-1,659,658,660,-1,659,660,653,-1,653,660,661,-1,653,661,651,-1,657,662,658,-1,658,662,663,-1,658,663,664,-1,664,663,665,-1,664,665,666,-1,666,665,667,-1,666,667,668,-1,669,670,671,-1,671,670,672,-1,671,672,673,-1,667,674,668,-1,668,674,675,-1,668,675,676,-1,676,675,677,-1,676,677,678,-1,678,677,671,-1,678,671,679,-1,679,671,673,-1,680,681,682,-1,683,684,685,-1,685,684,686,-1,685,686,671,-1,671,686,687,-1,671,687,669,-1,682,681,688,-1,688,681,689,-1,688,689,690,-1,690,689,691,-1,691,689,692,-1,691,692,693,-1,693,692,694,-1,693,694,695,-1,427,641,639,-1,639,641,525,-1,639,525,523,-1,523,521,639,-1,639,521,519,-1,639,519,518,-1,695,696,693,-1,693,696,697,-1,693,697,641,-1,641,697,698,-1,641,698,525,-1,699,310,312,-1,699,318,320,-1,320,700,701,-1,701,700,702,-1,701,702,703,-1,312,314,699,-1,699,314,316,-1,699,316,318,-1,703,704,701,-1,701,704,705,-1,701,705,706,-1,305,307,707,-1,305,707,303,-1,708,709,699,-1,699,709,710,-1,699,710,310,-1,310,710,711,-1,310,711,309,-1,309,711,712,-1,309,712,307,-1,296,713,293,-1,293,713,714,-1,715,716,717,-1,717,716,706,-1,296,298,713,-1,713,298,300,-1,713,300,302,-1,715,718,716,-1,716,718,719,-1,716,719,714,-1,714,719,720,-1,714,720,293,-1,721,722,671,-1,671,722,723,-1,671,723,724,-1,724,725,671,-1,671,725,726,-1,671,726,714,-1,714,726,727,-1,714,727,716,-1,728,729,730,-1,730,729,731,-1,675,732,677,-1,677,732,733,-1,677,733,671,-1,671,733,734,-1,671,734,721,-1,675,735,732,-1,732,735,736,-1,732,736,737,-1,737,736,738,-1,737,738,739,-1,739,738,740,-1,739,740,731,-1,731,740,741,-1,731,741,730,-1,265,267,742,-1,259,699,257,-1,257,699,254,-1,728,637,729,-1,729,637,743,-1,729,743,744,-1,320,701,699,-1,699,701,745,-1,699,745,254,-1,259,261,699,-1,699,261,263,-1,699,263,265,-1,701,746,745,-1,745,746,747,-1,745,747,748,-1,748,747,749,-1,748,749,750,-1,750,749,751,-1,749,752,751,-1,751,752,753,-1,751,753,743,-1,743,753,754,-1,743,754,744,-1,755,756,757,-1,271,273,635,-1,271,635,269,-1,635,279,756,-1,756,279,758,-1,756,758,757,-1,273,275,635,-1,635,275,277,-1,635,277,279,-1,636,638,759,-1,638,760,759,-1,759,760,761,-1,759,761,762,-1,762,761,763,-1,762,763,757,-1,757,763,764,-1,757,764,755,-1,730,765,728,-1,728,765,766,-1,728,766,637,-1,637,766,767,-1,637,767,638,-1,730,768,765,-1,765,768,769,-1,765,769,770,-1,770,769,771,-1,770,771,772,-1,772,771,773,-1,772,773,774,-1,775,776,777,-1,777,776,778,-1,773,779,774,-1,774,779,780,-1,774,780,781,-1,781,780,782,-1,781,782,783,-1,783,782,777,-1,783,777,784,-1,784,777,778,-1,785,786,777,-1,777,786,787,-1,777,787,775,-1,788,789,790,-1,791,792,793,-1,793,792,794,-1,793,794,795,-1,777,793,785,-1,785,793,795,-1,785,795,790,-1,790,795,796,-1,790,796,788,-1,797,798,350,-1,357,355,798,-1,355,353,798,-1,798,353,352,-1,798,352,350,-1,364,362,799,-1,799,362,361,-1,799,361,798,-1,798,361,359,-1,798,359,357,-1,633,635,800,-1,800,635,366,-1,800,366,801,-1,373,371,635,-1,802,803,756,-1,756,803,804,-1,756,804,805,-1,371,369,635,-1,635,369,368,-1,635,368,366,-1,805,806,756,-1,756,806,807,-1,756,807,635,-1,635,807,375,-1,635,375,373,-1,808,809,777,-1,777,809,810,-1,777,810,811,-1,811,812,777,-1,777,812,813,-1,777,813,814,-1,780,815,782,-1,782,815,816,-1,782,816,777,-1,777,816,817,-1,777,817,808,-1,818,819,820,-1,780,821,815,-1,815,821,822,-1,815,822,823,-1,823,822,818,-1,823,818,824,-1,824,818,820,-1,653,825,826,-1,819,827,820,-1,820,827,657,-1,820,657,828,-1,828,657,659,-1,828,659,829,-1,829,659,653,-1,829,653,830,-1,830,653,826,-1,825,653,831,-1,831,653,655,-1,831,655,832,-1,645,833,647,-1,647,833,834,-1,647,834,655,-1,655,834,835,-1,655,835,832,-1,411,413,836,-1,836,413,415,-1,836,415,640,-1,640,415,417,-1,640,417,419,-1,835,837,832,-1,832,837,838,-1,832,838,839,-1,839,838,840,-1,839,840,841,-1,841,840,842,-1,843,844,845,-1,845,844,846,-1,845,846,842,-1,842,846,847,-1,842,847,841,-1,404,407,836,-1,836,407,409,-1,836,409,411,-1,460,462,836,-1,836,462,464,-1,836,464,466,-1,466,468,836,-1,836,468,843,-1,836,843,404,-1,404,843,845,-1,468,470,843,-1,843,470,848,-1,843,848,849,-1,849,848,850,-1,849,850,851,-1,851,852,849,-1,849,852,853,-1,849,853,854,-1,854,855,856,-1,856,855,857,-1,813,858,814,-1,814,858,859,-1,814,859,855,-1,855,859,860,-1,855,860,857,-1,861,862,863,-1,448,450,864,-1,864,450,452,-1,864,452,453,-1,861,863,865,-1,853,866,854,-1,854,866,867,-1,854,867,855,-1,855,867,868,-1,855,868,863,-1,863,868,869,-1,863,869,865,-1,862,870,863,-1,863,870,443,-1,863,443,864,-1,864,443,446,-1,864,446,448,-1,457,459,871,-1,871,459,460,-1,871,460,872,-1,873,632,874,-1,874,632,500,-1,874,500,875,-1,875,500,876,-1,632,509,507,-1,507,505,632,-1,632,505,503,-1,632,503,502,-1,509,877,511,-1,511,877,878,-1,511,878,512,-1,683,879,880,-1,682,684,680,-1,680,684,683,-1,680,683,881,-1,881,683,880,-1,882,883,879,-1,879,883,884,-1,884,885,879,-1,879,885,886,-1,879,886,880,-1,887,888,889,-1,889,888,631,-1,634,890,635,-1,635,890,742,-1,635,742,269,-1,269,742,267,-1,890,891,742,-1,742,891,892,-1,742,892,889,-1,889,892,893,-1,889,893,887,-1,894,895,799,-1,366,364,801,-1,801,364,799,-1,801,799,896,-1,896,799,895,-1,607,894,608,-1,608,894,799,-1,608,799,897,-1,897,799,898,-1,899,900,799,-1,799,900,901,-1,799,901,898,-1,797,902,798,-1,798,902,903,-1,798,903,799,-1,799,903,904,-1,799,904,899,-1,905,906,864,-1,864,906,907,-1,457,871,455,-1,455,871,908,-1,455,908,453,-1,453,908,909,-1,453,909,864,-1,864,909,910,-1,864,910,905,-1,873,911,632,-1,632,911,912,-1,632,912,509,-1,509,912,913,-1,509,913,877,-1,914,915,707,-1,707,915,713,-1,707,713,303,-1,303,713,302,-1,916,917,707,-1,707,917,918,-1,707,918,914,-1,307,712,707,-1,707,712,919,-1,707,919,920,-1,920,921,707,-1,707,921,628,-1,707,628,612,-1,612,922,707,-1,707,922,923,-1,707,923,916,-1,265,742,699,-1,699,742,924,-1,699,924,708,-1,925,926,889,-1,926,927,889,-1,889,927,928,-1,889,928,742,-1,742,928,929,-1,742,929,924,-1,631,609,889,-1,889,609,624,-1,889,624,925,-1,460,836,872,-1,872,836,640,-1,872,640,930,-1,930,640,639,-1,930,639,931,-1,931,639,516,-1,931,516,878,-1,878,516,514,-1,878,514,512,-1,907,932,864,-1,864,932,933,-1,864,933,863,-1,863,933,934,-1,863,934,855,-1,855,934,935,-1,855,935,814,-1,814,935,936,-1,814,936,777,-1,777,936,937,-1,777,937,793,-1,793,937,938,-1,793,938,791,-1,791,938,797,-1,791,797,349,-1,349,797,350,-1,500,499,876,-1,876,499,882,-1,876,882,939,-1,939,882,879,-1,939,879,940,-1,940,879,683,-1,940,683,941,-1,941,683,685,-1,941,685,942,-1,942,685,671,-1,942,671,943,-1,943,671,714,-1,943,714,944,-1,944,714,713,-1,944,713,945,-1,945,713,915,-1,871,556,558,-1,946,933,947,-1,947,933,932,-1,947,932,948,-1,871,558,908,-1,908,558,560,-1,908,560,909,-1,909,560,910,-1,910,560,562,-1,910,562,905,-1,905,562,564,-1,905,564,906,-1,906,564,949,-1,906,949,907,-1,907,949,950,-1,907,950,932,-1,932,950,951,-1,932,951,948,-1,936,935,946,-1,946,935,934,-1,946,934,933,-1,902,797,952,-1,952,797,938,-1,952,938,946,-1,946,938,937,-1,946,937,936,-1,953,593,598,-1,903,902,952,-1,953,900,954,-1,954,900,899,-1,954,899,955,-1,955,899,904,-1,955,904,956,-1,956,904,903,-1,956,903,957,-1,957,903,952,-1,953,598,900,-1,900,598,600,-1,900,600,901,-1,901,600,898,-1,898,600,605,-1,898,605,897,-1,897,605,604,-1,897,604,608,-1,612,589,591,-1,958,945,959,-1,959,945,915,-1,918,960,961,-1,918,961,914,-1,914,961,962,-1,914,962,915,-1,915,962,963,-1,915,963,959,-1,960,918,581,-1,581,918,917,-1,581,917,584,-1,584,917,916,-1,584,916,592,-1,592,916,923,-1,592,923,591,-1,591,923,922,-1,591,922,612,-1,944,945,958,-1,940,964,939,-1,939,964,876,-1,940,941,964,-1,964,941,942,-1,964,942,958,-1,958,942,943,-1,958,943,944,-1,875,876,964,-1,965,874,966,-1,966,874,875,-1,966,875,967,-1,967,875,964,-1,965,968,874,-1,874,968,969,-1,874,969,873,-1,873,969,569,-1,873,569,911,-1,911,569,571,-1,911,571,912,-1,912,571,913,-1,571,579,913,-1,913,579,578,-1,913,578,877,-1,877,578,576,-1,877,576,878,-1,554,556,970,-1,970,556,871,-1,970,871,872,-1,576,574,878,-1,878,574,971,-1,878,971,931,-1,931,971,970,-1,931,970,930,-1,930,970,872,-1,972,973,573,-1,573,973,971,-1,573,971,574,-1,554,970,555,-1,555,970,974,-1,555,974,975,-1,974,973,975,-1,975,973,972,-1,974,970,973,-1,973,970,971,-1,587,616,588,-1,588,616,976,-1,588,976,977,-1,976,978,977,-1,977,978,979,-1,979,978,601,-1,601,978,618,-1,601,618,602,-1,618,978,616,-1,616,978,976,-1,594,593,953,-1,953,954,594,-1,594,954,955,-1,594,955,956,-1,947,948,566,-1,566,948,951,-1,951,950,566,-1,566,950,949,-1,566,949,564,-1,956,957,594,-1,594,957,952,-1,594,952,566,-1,566,952,946,-1,566,946,947,-1,960,581,580,-1,567,569,969,-1,960,580,961,-1,969,968,567,-1,567,968,965,-1,567,965,966,-1,966,967,567,-1,567,967,964,-1,567,964,580,-1,580,964,958,-1,580,958,959,-1,959,963,580,-1,580,963,962,-1,580,962,961,-1,540,980,981,-1,982,980,540,-1,552,982,540,-1,540,983,984,-1,985,983,540,-1,981,985,540,-1,540,986,987,-1,988,986,540,-1,984,988,540,-1,540,989,544,-1,990,989,540,-1,987,990,540,-1,545,991,546,-1,546,991,992,-1,546,992,550,-1,550,992,993,-1,550,993,548,-1,548,993,994,-1,548,994,549,-1,549,994,995,-1,549,995,553,-1,553,995,996,-1,553,996,551,-1,551,996,997,-1,551,997,552,-1,552,997,527,-1,552,527,982,-1,982,527,528,-1,982,528,980,-1,980,528,529,-1,980,529,981,-1,981,529,530,-1,981,530,985,-1,985,530,531,-1,985,531,983,-1,983,531,532,-1,983,532,984,-1,984,532,533,-1,984,533,988,-1,988,533,534,-1,988,534,986,-1,986,534,535,-1,986,535,987,-1,987,535,536,-1,987,536,990,-1,990,536,537,-1,990,537,989,-1,989,537,538,-1,989,538,544,-1,544,538,539,-1,544,539,543,-1,543,539,998,-1,543,998,541,-1,541,998,999,-1,541,999,542,-1,542,999,1000,-1,542,1000,547,-1,547,1000,1001,-1,547,1001,545,-1,545,1001,991,-1,539,526,1002,-1,539,1002,998,-1,998,1002,1003,-1,998,1003,999,-1,999,1003,1004,-1,999,1004,1000,-1,1000,1004,1005,-1,1000,1005,1001,-1,1001,1005,1006,-1,1001,1006,991,-1,991,1006,1007,-1,991,1007,992,-1,992,1007,1008,-1,992,1008,993,-1,993,1008,1009,-1,993,1009,994,-1,994,1009,1010,-1,994,1010,995,-1,995,1010,1011,-1,995,1011,996,-1,996,1011,1012,-1,996,1012,997,-1,997,1012,498,-1,997,498,527,-1,526,525,698,-1,526,698,1002,-1,1002,698,697,-1,1002,697,1003,-1,1003,697,696,-1,1003,696,1004,-1,1004,696,695,-1,1004,695,1005,-1,1005,695,694,-1,1005,694,1006,-1,694,692,1006,-1,1006,692,689,-1,1006,689,1007,-1,689,681,1007,-1,1007,681,680,-1,1007,680,1008,-1,680,881,1008,-1,1008,881,880,-1,1008,880,1009,-1,499,498,882,-1,882,498,1012,-1,882,1012,883,-1,883,1012,1011,-1,883,1011,884,-1,884,1011,1010,-1,884,1010,885,-1,885,1010,1009,-1,885,1009,886,-1,886,1009,880,-1,484,1013,1014,-1,1015,1013,484,-1,496,1015,484,-1,484,1016,1017,-1,1018,1016,484,-1,1014,1018,484,-1,484,1019,1020,-1,1021,1019,484,-1,1017,1021,484,-1,484,1022,488,-1,1023,1022,484,-1,1020,1023,484,-1,489,1024,490,-1,490,1024,1025,-1,490,1025,494,-1,494,1025,1026,-1,494,1026,492,-1,492,1026,1027,-1,492,1027,493,-1,493,1027,1028,-1,493,1028,497,-1,497,1028,1029,-1,497,1029,495,-1,495,1029,1030,-1,495,1030,496,-1,496,1030,471,-1,496,471,1015,-1,1015,471,472,-1,1015,472,1013,-1,1013,472,473,-1,1013,473,1014,-1,1014,473,474,-1,1014,474,1018,-1,1018,474,475,-1,1018,475,1016,-1,1016,475,476,-1,1016,476,1017,-1,1017,476,477,-1,1017,477,1021,-1,1021,477,478,-1,1021,478,1019,-1,1019,478,479,-1,1019,479,1020,-1,1020,479,480,-1,1020,480,1023,-1,1023,480,481,-1,1023,481,1022,-1,1022,481,482,-1,1022,482,488,-1,488,482,483,-1,488,483,487,-1,487,483,1031,-1,487,1031,485,-1,485,1031,1032,-1,485,1032,486,-1,486,1032,1033,-1,486,1033,491,-1,491,1033,1034,-1,491,1034,489,-1,489,1034,1024,-1,483,444,1035,-1,483,1035,1031,-1,1031,1035,1036,-1,1031,1036,1032,-1,1032,1036,1037,-1,1032,1037,1033,-1,1033,1037,1038,-1,1033,1038,1034,-1,1034,1038,1039,-1,1034,1039,1024,-1,1024,1039,1040,-1,1024,1040,1025,-1,1025,1040,1041,-1,1025,1041,1026,-1,1026,1041,1042,-1,1026,1042,1027,-1,1027,1042,1043,-1,1027,1043,1028,-1,1028,1043,1044,-1,1028,1044,1029,-1,1029,1044,1045,-1,1029,1045,1030,-1,1030,1045,469,-1,1030,469,471,-1,470,469,1045,-1,470,1045,848,-1,848,1045,1044,-1,848,1044,850,-1,850,1044,1043,-1,850,1043,851,-1,851,1043,1042,-1,851,1042,852,-1,852,1042,853,-1,853,1042,1041,-1,853,1041,866,-1,866,1041,1040,-1,866,1040,867,-1,867,1040,1039,-1,867,1039,868,-1,868,1039,869,-1,869,1039,1038,-1,869,1038,865,-1,865,1038,1037,-1,865,1037,861,-1,861,1037,1036,-1,861,1036,862,-1,862,1036,1035,-1,862,1035,870,-1,870,1035,444,-1,870,444,443,-1,1046,1047,1048,-1,431,432,1049,-1,1049,432,433,-1,1049,433,434,-1,1050,434,442,-1,442,434,441,-1,1050,1051,434,-1,434,1051,1052,-1,434,1052,1049,-1,1053,1054,1055,-1,1055,1054,1046,-1,1055,1046,1056,-1,1056,1046,1048,-1,1053,1055,1049,-1,1049,1055,430,-1,1049,430,431,-1,435,436,434,-1,434,436,437,-1,434,437,438,-1,438,439,434,-1,434,439,440,-1,434,440,441,-1,442,405,1057,-1,442,1057,1050,-1,1050,1057,1058,-1,1050,1058,1051,-1,1051,1058,1059,-1,1051,1059,1052,-1,1052,1059,1060,-1,1052,1060,1049,-1,1049,1060,1061,-1,1049,1061,1053,-1,1053,1061,1062,-1,1053,1062,1054,-1,1054,1062,1063,-1,1054,1063,1046,-1,1046,1063,1064,-1,1046,1064,1047,-1,1047,1064,1065,-1,1047,1065,1048,-1,1048,1065,1066,-1,1048,1066,1056,-1,1056,1066,1067,-1,1056,1067,1055,-1,1055,1067,428,-1,1055,428,430,-1,429,428,1067,-1,429,1067,642,-1,642,1067,1066,-1,642,1066,644,-1,644,1066,1065,-1,644,1065,645,-1,645,1065,1064,-1,645,1064,833,-1,833,1064,1063,-1,833,1063,834,-1,834,1063,1062,-1,834,1062,835,-1,835,1062,1061,-1,835,1061,837,-1,837,1061,1060,-1,837,1060,838,-1,838,1060,1059,-1,838,1059,840,-1,840,1059,1058,-1,840,1058,842,-1,842,1058,1057,-1,842,1057,845,-1,845,1057,405,-1,845,405,404,-1,390,1068,1069,-1,1070,1068,390,-1,402,1070,390,-1,390,1071,1072,-1,1073,1071,390,-1,1069,1073,390,-1,390,1074,1075,-1,1076,1074,390,-1,1072,1076,390,-1,390,1077,394,-1,1078,1077,390,-1,1075,1078,390,-1,399,1079,403,-1,403,1079,1080,-1,403,1080,401,-1,401,1080,1081,-1,401,1081,402,-1,402,1081,377,-1,402,377,1070,-1,1070,377,378,-1,1070,378,1068,-1,1068,378,379,-1,1068,379,1069,-1,1069,379,380,-1,1069,380,1073,-1,1073,380,381,-1,1073,381,1071,-1,1071,381,382,-1,1071,382,1072,-1,1072,382,383,-1,1072,383,1076,-1,1076,383,384,-1,1076,384,1074,-1,1074,384,385,-1,1074,385,1075,-1,1075,385,386,-1,1075,386,1078,-1,1078,386,387,-1,1078,387,1077,-1,1077,387,388,-1,1077,388,394,-1,394,388,389,-1,394,389,393,-1,393,389,1082,-1,393,1082,391,-1,391,1082,1083,-1,391,1083,392,-1,392,1083,1084,-1,392,1084,397,-1,397,1084,1085,-1,397,1085,395,-1,395,1085,1086,-1,395,1086,396,-1,396,1086,1087,-1,396,1087,400,-1,400,1087,1088,-1,400,1088,398,-1,398,1088,1089,-1,398,1089,399,-1,399,1089,1079,-1,389,376,1090,-1,389,1090,1082,-1,1082,1090,1091,-1,1082,1091,1083,-1,1083,1091,1092,-1,1083,1092,1084,-1,1084,1092,1093,-1,1084,1093,1085,-1,1085,1093,1094,-1,1085,1094,1086,-1,1086,1094,1095,-1,1086,1095,1087,-1,1087,1095,1096,-1,1087,1096,1088,-1,1088,1096,1097,-1,1088,1097,1089,-1,1089,1097,1098,-1,1089,1098,1079,-1,1079,1098,1099,-1,1079,1099,1080,-1,1080,1099,1100,-1,1080,1100,1081,-1,1081,1100,348,-1,1081,348,377,-1,349,348,791,-1,791,348,1100,-1,791,1100,792,-1,792,1100,1099,-1,792,1099,794,-1,794,1099,1098,-1,794,1098,795,-1,795,1098,1097,-1,795,1097,796,-1,796,1097,1096,-1,796,1096,788,-1,1101,1102,789,-1,803,802,1095,-1,788,1096,789,-1,789,1096,1095,-1,789,1095,1101,-1,1101,1095,802,-1,1101,802,1103,-1,1095,1094,803,-1,803,1094,1093,-1,803,1093,804,-1,804,1093,1092,-1,804,1092,805,-1,805,1092,1091,-1,805,1091,806,-1,806,1091,1090,-1,806,1090,807,-1,807,1090,376,-1,807,376,375,-1,334,1104,1105,-1,1106,1104,334,-1,346,1106,334,-1,334,1107,1108,-1,1109,1107,334,-1,1105,1109,334,-1,334,1110,1111,-1,1112,1110,334,-1,1108,1112,334,-1,334,1113,338,-1,1114,1113,334,-1,1111,1114,334,-1,338,333,337,-1,337,333,1115,-1,337,1115,335,-1,335,1115,1116,-1,335,1116,336,-1,336,1116,1117,-1,336,1117,341,-1,341,1117,1118,-1,341,1118,339,-1,339,1118,1119,-1,339,1119,340,-1,340,1119,1120,-1,340,1120,344,-1,344,1120,1121,-1,344,1121,342,-1,342,1121,1122,-1,342,1122,343,-1,343,1122,1123,-1,343,1123,347,-1,347,1123,1124,-1,347,1124,345,-1,345,1124,1125,-1,345,1125,346,-1,346,1125,321,-1,346,321,1106,-1,1106,321,322,-1,1106,322,1104,-1,1104,322,323,-1,1104,323,1105,-1,1105,323,324,-1,1105,324,1109,-1,1109,324,325,-1,1109,325,1107,-1,1107,325,326,-1,1107,326,1108,-1,1108,326,327,-1,1108,327,1112,-1,1112,327,328,-1,1112,328,1110,-1,1110,328,329,-1,1110,329,1111,-1,1111,329,330,-1,1111,330,1114,-1,1114,330,331,-1,1114,331,1113,-1,1113,331,332,-1,1113,332,338,-1,338,332,333,-1,333,294,1126,-1,333,1126,1115,-1,1115,1126,1127,-1,1115,1127,1116,-1,1116,1127,1128,-1,1116,1128,1117,-1,1117,1128,1129,-1,1117,1129,1118,-1,1118,1129,1130,-1,1118,1130,1119,-1,1119,1130,1131,-1,1119,1131,1120,-1,1120,1131,1132,-1,1120,1132,1121,-1,1121,1132,1133,-1,1121,1133,1122,-1,1122,1133,1134,-1,1122,1134,1123,-1,1123,1134,1135,-1,1123,1135,1124,-1,1124,1135,1136,-1,1124,1136,1125,-1,1125,1136,319,-1,1125,319,321,-1,320,319,1136,-1,320,1136,700,-1,700,1136,1135,-1,700,1135,702,-1,702,1135,1134,-1,702,1134,703,-1,703,1134,1133,-1,703,1133,704,-1,704,1133,1132,-1,704,1132,705,-1,705,1132,1131,-1,705,1131,706,-1,706,1131,1130,-1,706,1130,717,-1,717,1130,1129,-1,717,1129,715,-1,715,1129,1128,-1,715,1128,718,-1,718,1128,1127,-1,718,1127,719,-1,719,1127,1126,-1,719,1126,720,-1,720,1126,294,-1,720,294,293,-1,1137,1138,282,-1,282,1138,1139,-1,1139,1140,282,-1,282,1140,1141,-1,282,1141,1142,-1,283,284,1143,-1,1143,284,285,-1,1143,285,286,-1,283,1143,282,-1,282,1143,1144,-1,282,1144,1137,-1,1142,1145,282,-1,282,1145,1146,-1,282,1146,281,-1,281,1146,280,-1,289,290,1143,-1,1143,290,291,-1,1143,291,1147,-1,1147,291,292,-1,286,287,1143,-1,1143,287,288,-1,1143,288,289,-1,292,255,1148,-1,292,1148,1147,-1,1147,1148,1149,-1,1147,1149,1143,-1,1143,1149,1150,-1,1143,1150,1144,-1,1144,1150,1151,-1,1144,1151,1137,-1,1137,1151,1152,-1,1137,1152,1138,-1,1138,1152,1153,-1,1138,1153,1139,-1,1139,1153,1154,-1,1139,1154,1140,-1,1140,1154,1155,-1,1140,1155,1141,-1,1141,1155,1156,-1,1141,1156,1142,-1,1142,1156,1157,-1,1142,1157,1145,-1,1145,1157,1158,-1,1145,1158,1146,-1,1146,1158,278,-1,1146,278,280,-1,279,278,1158,-1,279,1158,758,-1,758,1158,1157,-1,758,1157,757,-1,757,1157,1156,-1,757,1156,762,-1,762,1156,1155,-1,762,1155,759,-1,759,1155,1154,-1,759,1154,636,-1,636,1154,1153,-1,636,1153,637,-1,637,1153,1152,-1,637,1152,743,-1,743,1152,1151,-1,743,1151,751,-1,751,1151,1150,-1,751,1150,750,-1,750,1150,1149,-1,750,1149,748,-1,748,1149,1148,-1,748,1148,745,-1,745,1148,255,-1,745,255,254,-1,844,843,1159,-1,1159,843,849,-1,1159,849,1160,-1,849,854,1160,-1,1160,854,856,-1,1160,856,1161,-1,1161,856,857,-1,1161,857,1162,-1,1162,857,860,-1,1162,860,1163,-1,1163,860,859,-1,1163,859,858,-1,1164,829,1165,-1,1165,829,830,-1,1165,830,1166,-1,830,826,1166,-1,1166,826,825,-1,1166,825,1167,-1,825,831,1167,-1,1167,831,832,-1,1167,832,1168,-1,1168,832,839,-1,1168,839,1169,-1,1169,839,841,-1,1169,841,1170,-1,1170,841,847,-1,1170,847,1171,-1,1171,847,846,-1,1171,846,1159,-1,1159,846,844,-1,829,1164,828,-1,828,1164,1172,-1,828,1172,820,-1,1173,815,823,-1,1173,823,1174,-1,1174,823,824,-1,1174,824,1175,-1,1175,824,820,-1,1175,820,1172,-1,1176,817,1173,-1,1173,817,816,-1,1173,816,815,-1,1177,813,1178,-1,1178,813,812,-1,1178,812,1179,-1,1179,812,811,-1,1179,811,1180,-1,1180,811,810,-1,1180,810,1181,-1,1181,810,809,-1,1181,809,1182,-1,1182,809,808,-1,1182,808,1176,-1,1176,808,817,-1,858,813,1163,-1,1163,813,1177,-1,790,1183,785,-1,785,1183,1184,-1,785,1184,786,-1,1185,783,1186,-1,1186,783,784,-1,1186,784,1187,-1,1187,784,778,-1,1187,778,1188,-1,1188,778,776,-1,1188,776,1189,-1,1189,776,775,-1,1189,775,1190,-1,1190,775,787,-1,1190,787,1184,-1,1184,787,786,-1,783,1185,781,-1,781,1185,1191,-1,781,1191,774,-1,1192,765,770,-1,1192,770,1193,-1,1193,770,772,-1,1193,772,1194,-1,1194,772,774,-1,1194,774,1191,-1,765,1192,766,-1,766,1192,1195,-1,766,1195,767,-1,1196,755,1197,-1,1197,755,764,-1,1197,764,1198,-1,1198,764,763,-1,1198,763,1199,-1,1199,763,761,-1,1199,761,1200,-1,1200,761,760,-1,1200,760,1201,-1,1201,760,638,-1,1201,638,1195,-1,1195,638,767,-1,1103,802,1196,-1,1196,802,756,-1,1196,756,755,-1,790,789,1183,-1,1183,789,1102,-1,1202,746,701,-1,1202,701,1203,-1,1203,701,706,-1,1203,706,716,-1,1204,744,1205,-1,1205,744,754,-1,1205,754,1206,-1,1206,754,753,-1,1206,753,1207,-1,1207,753,752,-1,1207,752,1208,-1,1208,752,749,-1,1208,749,1209,-1,1209,749,747,-1,1209,747,1202,-1,1202,747,746,-1,1210,731,1204,-1,1204,731,729,-1,1204,729,744,-1,1211,732,737,-1,1211,737,1212,-1,1212,737,739,-1,1212,739,1213,-1,1213,739,731,-1,1213,731,1210,-1,1214,734,1211,-1,1211,734,733,-1,1211,733,732,-1,1215,726,1216,-1,1216,726,725,-1,1216,725,1217,-1,1217,725,724,-1,1217,724,1218,-1,1218,724,723,-1,1218,723,1219,-1,1219,723,722,-1,1219,722,1220,-1,1220,722,721,-1,1220,721,1214,-1,1214,721,734,-1,1203,716,1215,-1,1215,716,727,-1,1215,727,726,-1,641,643,1221,-1,1222,686,684,-1,1222,684,1223,-1,1223,684,682,-1,1223,682,1224,-1,1224,682,688,-1,1224,688,1225,-1,688,690,1225,-1,1225,690,691,-1,1225,691,1221,-1,1221,691,693,-1,1221,693,641,-1,687,686,1226,-1,1226,686,1222,-1,1227,678,1228,-1,1228,678,679,-1,1228,679,1229,-1,1229,679,673,-1,1229,673,1230,-1,1230,673,672,-1,1230,672,1231,-1,1231,672,670,-1,1231,670,1232,-1,1232,670,669,-1,1232,669,1226,-1,1226,669,687,-1,678,1227,676,-1,676,1227,1233,-1,676,1233,668,-1,1234,658,664,-1,1234,664,1235,-1,1235,664,666,-1,1235,666,1236,-1,1236,666,668,-1,1236,668,1233,-1,1237,661,1234,-1,1234,661,660,-1,1234,660,658,-1,1221,643,1238,-1,1238,643,650,-1,1238,650,1239,-1,1239,650,649,-1,1239,649,1240,-1,1240,649,648,-1,1240,648,1241,-1,648,646,1241,-1,1241,646,647,-1,1241,647,1242,-1,647,656,1242,-1,1242,656,654,-1,1242,654,1243,-1,1243,654,652,-1,1243,652,1244,-1,1244,652,651,-1,1244,651,1237,-1,1237,651,661,-1,611,610,1245,-1,1245,610,631,-1,1245,631,1246,-1,1246,631,888,-1,1246,888,1247,-1,888,887,1247,-1,1247,887,893,-1,1247,893,1248,-1,1248,893,892,-1,1248,892,1249,-1,1249,892,891,-1,1249,891,1250,-1,891,890,1250,-1,1250,890,634,-1,1250,634,1251,-1,1251,634,633,-1,1251,633,1252,-1,633,800,1252,-1,1252,800,801,-1,1252,801,1253,-1,1253,801,896,-1,1253,896,1254,-1,1254,896,895,-1,1254,895,1255,-1,1255,895,894,-1,1255,894,606,-1,606,894,607,-1,622,628,1256,-1,1256,628,921,-1,1256,921,1257,-1,1257,921,920,-1,1257,920,1258,-1,920,919,1258,-1,1258,919,712,-1,1258,712,1259,-1,1259,712,711,-1,1259,711,1260,-1,711,710,1260,-1,1260,710,709,-1,1260,709,1261,-1,1261,709,708,-1,1261,708,1262,-1,1262,708,924,-1,1262,924,1263,-1,924,929,1263,-1,1263,929,928,-1,1263,928,1264,-1,1264,928,927,-1,1264,927,1265,-1,1265,927,926,-1,1265,926,1266,-1,1266,926,925,-1,1266,925,623,-1,623,925,624,-1,180,1,179,-1,179,1,1267,-1,179,1267,174,-1,174,1267,175,-1,159,1268,1269,-1,1269,1270,159,-1,159,1270,1271,-1,159,1271,1272,-1,1272,1271,1273,-1,1273,1274,1272,-1,1272,1274,1275,-1,1272,1275,1276,-1,25,1277,1278,-1,1278,1277,1279,-1,1278,1279,1280,-1,23,1281,25,-1,25,1281,1282,-1,25,1282,1277,-1,1283,19,17,-1,168,169,1284,-1,1284,169,171,-1,1284,171,1267,-1,1267,171,176,-1,1267,176,175,-1,159,158,1268,-1,1268,158,164,-1,1268,164,1284,-1,1284,164,166,-1,1284,166,168,-1,21,1285,23,-1,23,1285,1286,-1,1286,1287,23,-1,23,1287,1288,-1,23,1288,1281,-1,1283,1289,19,-1,19,1289,1290,-1,19,1290,21,-1,21,1290,1291,-1,21,1291,1285,-1,137,5,138,-1,138,5,3,-1,138,3,187,-1,1280,1292,1278,-1,1278,1292,1293,-1,1278,1293,1294,-1,1294,1293,1295,-1,1294,1295,1296,-1,15,1297,17,-1,17,1297,1298,-1,17,1298,1283,-1,9,134,11,-1,11,134,194,-1,11,194,13,-1,13,194,196,-1,13,196,15,-1,15,196,1299,-1,15,1299,1297,-1,7,190,9,-1,9,190,135,-1,9,135,134,-1,137,189,5,-1,5,189,193,-1,5,193,7,-1,7,193,192,-1,7,192,190,-1,180,182,1,-1,1,182,184,-1,1,184,3,-1,3,184,186,-1,3,186,187,-1,1296,1300,1294,-1,1294,1300,1301,-1,1294,1301,1275,-1,1275,1301,1302,-1,1275,1302,1276,-1,1303,1304,1305,-1,1306,1307,1308,-1,1305,1304,57,-1,57,1309,1310,-1,1308,1307,57,-1,1311,57,1307,-1,111,112,1312,-1,1312,112,57,-1,1313,1314,1315,-1,1316,1317,1318,-1,1302,1301,1319,-1,1300,1296,1320,-1,196,195,1321,-1,1322,1297,1321,-1,1321,1297,1299,-1,1321,1299,196,-1,1323,1283,1322,-1,1322,1283,1298,-1,1322,1298,1297,-1,1324,1290,1323,-1,1323,1290,1289,-1,1323,1289,1283,-1,1291,1325,1285,-1,1285,1325,1326,-1,1285,1326,1286,-1,1286,1326,1287,-1,1287,1326,1327,-1,1287,1327,1288,-1,1292,1280,1328,-1,1328,1280,1279,-1,1329,1293,1292,-1,1330,1331,1332,-1,1333,1334,1335,-1,1335,1334,1336,-1,1335,1336,1337,-1,1337,1336,1338,-1,1313,1315,1339,-1,66,1340,64,-1,64,1340,1341,-1,64,1341,63,-1,63,1341,1342,-1,57,56,1343,-1,1343,56,59,-1,1343,59,1342,-1,1342,59,61,-1,1342,61,63,-1,109,1344,108,-1,108,1344,1345,-1,1346,102,1347,-1,1347,102,101,-1,1347,101,1345,-1,1345,101,106,-1,1345,106,108,-1,1348,105,1346,-1,1346,105,104,-1,1346,104,102,-1,1349,97,1350,-1,1350,97,98,-1,1350,98,1348,-1,1348,98,100,-1,1348,100,105,-1,1351,94,1349,-1,1349,94,95,-1,1349,95,97,-1,214,91,1351,-1,1351,91,92,-1,1351,92,94,-1,1311,1307,1352,-1,1352,1307,1306,-1,1352,1306,1353,-1,1353,1354,1352,-1,1352,1354,1355,-1,1352,1355,1311,-1,1311,1355,1356,-1,1311,1356,57,-1,57,1357,1308,-1,1308,1357,1358,-1,1308,1358,1306,-1,1306,1358,1328,-1,1306,1328,1353,-1,1353,1328,1279,-1,1353,1279,1354,-1,1354,1279,1277,-1,1354,1277,1359,-1,1359,1277,1282,-1,1359,1282,1281,-1,1295,1293,1360,-1,1360,1293,1329,-1,1360,1329,1361,-1,1296,1295,1320,-1,1320,1295,1360,-1,1320,1360,1362,-1,1362,1360,1361,-1,1362,1361,1363,-1,1363,1310,1362,-1,1362,1310,1364,-1,1362,1364,1320,-1,1320,1364,1319,-1,1320,1319,1300,-1,1300,1319,1301,-1,1310,1309,1364,-1,1364,1309,1365,-1,1364,1365,1319,-1,1319,1365,1366,-1,1319,1366,1302,-1,1302,1366,1332,-1,1302,1332,1276,-1,1276,1332,1331,-1,1276,1331,1272,-1,1363,57,1310,-1,1292,1328,1329,-1,1329,1328,1358,-1,1329,1358,1361,-1,1361,1358,1357,-1,1361,1357,1363,-1,1363,1357,57,-1,1367,1338,1368,-1,1368,1338,1336,-1,1368,1336,1369,-1,1317,1367,1318,-1,1318,1367,1368,-1,1318,1368,1370,-1,1370,1368,1369,-1,1370,1369,1371,-1,1371,1372,1370,-1,1370,1372,1373,-1,1370,1373,1318,-1,1318,1373,1315,-1,1318,1315,1316,-1,1316,1315,1314,-1,1374,1339,1375,-1,1375,1339,1315,-1,1375,1315,1376,-1,1376,1315,1373,-1,1376,1373,1377,-1,1377,1373,1372,-1,1377,1372,57,-1,1371,57,1372,-1,1336,1303,1369,-1,1369,1303,1305,-1,1369,1305,1371,-1,1371,1305,57,-1,1340,1374,1341,-1,1341,1374,1375,-1,1341,1375,1342,-1,1342,1375,1376,-1,1342,1376,1343,-1,1343,1376,1377,-1,1343,1377,57,-1,1378,1379,1380,-1,1380,1379,1381,-1,1380,1381,1382,-1,1382,1381,1383,-1,1382,1383,1327,-1,1327,1383,1384,-1,1327,1384,1288,-1,1281,1288,1359,-1,1359,1288,1384,-1,1359,1384,1354,-1,1354,1384,1383,-1,1354,1383,1355,-1,1355,1383,1381,-1,1355,1381,1356,-1,1356,1381,1379,-1,1356,1379,57,-1,1378,57,1379,-1,1333,1330,1334,-1,1334,1330,1332,-1,1334,1332,1336,-1,1336,1332,1366,-1,1336,1366,1303,-1,1303,1366,1365,-1,1303,1365,1304,-1,1304,1365,1309,-1,1304,1309,57,-1,1291,1290,1325,-1,1325,1290,1324,-1,1325,1324,1326,-1,1326,1324,1385,-1,1326,1385,1327,-1,1327,1385,1386,-1,1327,1386,1382,-1,1382,1386,1387,-1,1382,1387,1380,-1,1380,1387,1388,-1,1380,1388,1378,-1,1378,1388,1389,-1,1378,1389,57,-1,212,214,1390,-1,1390,214,1351,-1,1390,1351,1391,-1,1391,1351,1349,-1,1391,1349,1392,-1,1392,1349,1350,-1,1392,1350,1393,-1,1393,1350,1348,-1,1393,1348,1394,-1,1394,1348,1346,-1,1394,1346,1395,-1,1395,1346,1347,-1,1395,1347,1396,-1,1396,1347,1345,-1,1396,1345,1397,-1,1397,1345,1344,-1,1397,1344,1398,-1,1398,1399,1397,-1,1397,1399,1400,-1,1397,1400,1396,-1,1396,1400,1401,-1,1396,1401,1395,-1,1395,1401,1402,-1,1395,1402,1394,-1,1394,1402,1403,-1,1394,1403,1393,-1,1393,1403,1404,-1,1393,1404,1392,-1,1392,1404,1405,-1,1392,1405,1391,-1,1391,1405,1406,-1,1391,1406,1390,-1,1390,1406,1407,-1,1390,1407,212,-1,212,1407,210,-1,195,210,1321,-1,1321,210,1407,-1,1321,1407,1322,-1,1322,1407,1406,-1,1322,1406,1323,-1,1323,1406,1405,-1,1323,1405,1324,-1,1324,1405,1404,-1,1324,1404,1385,-1,1385,1404,1403,-1,1385,1403,1386,-1,1386,1403,1402,-1,1386,1402,1387,-1,1387,1402,1401,-1,1387,1401,1388,-1,1388,1401,1400,-1,1388,1400,1389,-1,1389,1400,1399,-1,1389,1399,57,-1,1398,57,1399,-1,109,111,1344,-1,1344,111,1312,-1,1344,1312,1398,-1,1398,1312,57,-1,206,1408,207,-1,207,1408,1409,-1,207,1409,203,-1,203,1409,204,-1,204,1409,1410,-1,204,1410,132,-1,132,1410,133,-1,133,1410,68,-1,133,68,67,-1,66,65,206,-1,206,65,1408,-1,55,54,1411,-1,55,1411,1412,-1,1412,1411,1413,-1,1412,1413,1414,-1,1414,1413,1415,-1,1414,1415,1416,-1,1416,1415,1417,-1,1416,1417,1418,-1,1418,1417,1419,-1,1418,1419,1420,-1,1420,1419,1421,-1,1420,1421,1422,-1,1422,1421,1423,-1,1422,1423,1424,-1,1424,1423,1425,-1,1424,1425,1426,-1,1426,1425,1427,-1,1426,1427,1428,-1,1428,1427,1429,-1,1428,1429,1430,-1,1430,1429,1431,-1,1430,1431,1432,-1,1432,1431,1433,-1,1432,1433,1434,-1,1434,1433,1435,-1,1434,1435,1436,-1,1436,1435,27,-1,1436,27,26,-1,41,43,39,-1,39,43,37,-1,65,43,45,-1,55,1412,70,-1,70,1412,73,-1,73,1412,1414,-1,73,1414,76,-1,76,1414,1416,-1,76,1416,78,-1,78,1416,1418,-1,78,1418,83,-1,83,1418,1420,-1,83,1420,87,-1,87,1420,1422,-1,87,1422,90,-1,90,1422,1424,-1,90,1424,93,-1,93,1424,1426,-1,93,1426,96,-1,96,1426,1428,-1,96,1428,99,-1,99,1428,1430,-1,99,1430,103,-1,103,1430,1432,-1,103,1432,107,-1,107,1432,1434,-1,107,1434,110,-1,110,1434,1436,-1,110,1436,58,-1,58,1436,26,-1,58,26,60,-1,60,26,29,-1,60,29,62,-1,62,29,31,-1,62,31,65,-1,65,31,33,-1,65,33,43,-1,43,33,35,-1,43,35,37,-1,70,68,55,-1,55,68,1410,-1,55,1410,53,-1,53,1410,1409,-1,53,1409,51,-1,51,1409,1408,-1,51,1408,49,-1,49,1408,65,-1,49,65,47,-1,47,65,45,-1,1340,66,206,-1,206,142,1340,-1,1340,142,143,-1,1340,143,1374,-1,1374,143,144,-1,1374,144,1339,-1,1339,144,146,-1,1339,146,1313,-1,148,152,1338,-1,148,1338,149,-1,149,1338,146,-1,146,1338,1367,-1,146,1367,1317,-1,1317,1316,146,-1,146,1316,1314,-1,146,1314,1313,-1,154,153,1337,-1,152,151,1338,-1,1338,151,157,-1,1338,157,1337,-1,1337,157,156,-1,1337,156,154,-1,159,1272,1331,-1,159,1331,161,-1,161,1331,1330,-1,161,1330,163,-1,163,1330,1333,-1,163,1333,153,-1,153,1333,1335,-1,153,1335,1337,-1,24,25,1437,-1,1437,25,1278,-1,1437,1278,1438,-1,1438,1278,1294,-1,1438,1294,1439,-1,1439,1294,1275,-1,1439,1275,1440,-1,1440,1275,1274,-1,1440,1274,1441,-1,1441,1274,1273,-1,1441,1273,1442,-1,1442,1273,1271,-1,1442,1271,1443,-1,1443,1271,1270,-1,1443,1270,1444,-1,1444,1270,1269,-1,1444,1269,1445,-1,1445,1269,1268,-1,1445,1268,1446,-1,1446,1268,1284,-1,1446,1284,1447,-1,1447,1284,1267,-1,1447,1267,0,-1,0,1267,1,-1,1446,1447,24,-1,18,20,2,-1,1446,24,1445,-1,1447,0,24,-1,24,0,2,-1,24,2,22,-1,22,2,20,-1,4,6,14,-1,14,6,8,-1,14,8,12,-1,12,8,10,-1,4,14,2,-1,2,14,16,-1,2,16,18,-1,1439,24,1438,-1,1438,24,1437,-1,1439,1440,24,-1,24,1440,1441,-1,24,1441,1442,-1,1442,1443,24,-1,24,1443,1444,-1,24,1444,1445,-1,
        ]
    }
}
Shape{
    appearance Appearance {
        material  Material 	{
            diffuseColor 0.7529411764705882 0.7529411764705882 0.7529411764705882
            specularColor 0.3764705882352941 0.3764705882352941 0.3764705882352941
            ambientIntensity 0.7529
            transparency 0.0
            shininess 0.5
        }
    }
    geometry IndexedFaceSet {
        ccw TRUE
        solid FALSE
        coord DEF co Coordinate {
            point [
                -1.7812 -0.1165 2.4705, -1.7812 0.7102 2.4705, -1.7024 -0.1165 2.4705, -1.7516 0.7102 2.4705, -1.6863 -0.3274 2.4705, -1.7024 -0.2051 2.4705, -1.6532 -0.4151 2.4705, -1.6532 3.1741 2.4705, -1.7516 2.0488 2.4705, -1.7812 2.0488 2.4705, -1.7812 2.8756 2.4705, -1.7024 2.8756 2.4705, -1.7024 2.9642 2.4705, -1.6863 3.0864 2.4705, 1.7523 0.7102 2.628, 1.7523 0.7102 2.4705, 1.7523 1.3795 2.628, 1.7523 2.0488 2.4705, 1.7523 2.0488 2.628, 1.7818 0.7102 2.628, 1.7818 0.7102 2.4705, 1.7818 2.0488 2.4705, 1.7818 2.8756 2.4705, 1.7818 2.0488 2.1555, 1.7818 2.8756 0.935, 1.7818 0.5993 -0.0204, 1.7818 0.5914 -0.0394, 1.7818 0.5232 -0.0787, 1.7818 1.7634 0.1181, 1.7818 1.7634 -0.4724, 1.7818 0.9957 -0.4724, 1.7818 0.602 0.0, 1.7818 0.1689 0.0, 1.7818 0.602 0.1181, 1.7818 0.1689 0.8563, 1.7818 0.9957 0.1181, 1.7818 0.5789 -0.0557, 1.7818 0.5626 -0.0682, 1.7818 0.5436 -0.0761, 1.7818 2.8525 0.8794, 1.7818 2.8362 0.8669, 1.7818 0.2273 -0.0761, 1.7818 0.2083 -0.0682, 1.7818 0.192 -0.0557, 1.7818 2.5902 0.8563, 1.7818 0.7102 2.1555, 1.7818 2.7968 0.8563, 1.7818 2.8172 0.859, 1.7818 2.1571 0.1181, 1.7818 2.1571 0.0, 1.7818 2.5902 0.0, 1.7818 -0.1165 2.4705, 1.7818 -0.1165 0.935, 1.7818 -0.1139 0.9147, 1.7818 -0.106 0.8957, 1.7818 0.1794 -0.0394, 1.7818 0.1716 -0.0204, 1.7818 0.2476 -0.0787, 1.7818 -0.0378 0.8563, 1.7818 -0.0582 0.859, 1.7818 2.8729 0.9147, 1.7818 2.865 0.8957, 1.7818 2.5875 -0.0204, 1.7818 2.5796 -0.0394, 1.7818 2.5671 -0.0557, 1.7818 2.5508 -0.0682, 1.7818 2.5318 -0.0761, 1.7818 2.5114 -0.0787, 1.7818 2.2358 -0.0787, 1.7818 2.1598 -0.0204, 1.7818 2.2154 -0.0761, 1.7818 2.1965 -0.0682, 1.7818 2.1801 -0.0557, 1.7818 2.1676 -0.0394, 1.7818 -0.0772 0.8669, 1.7818 -0.0935 0.8794, 1.7031 -0.1165 2.628, 1.7031 -0.1165 2.4705, 1.7818 -0.1165 2.628, 1.7031 -0.2051 2.628, 1.7031 -0.2051 2.4705, 1.687 -0.3274 2.628, 1.687 -0.3274 2.4705, 1.6539 -0.4151 2.4705, 1.6398 -0.4413 2.628, 1.6398 -0.4413 2.4705, 1.5647 -0.5392 2.628, 1.5647 -0.5392 2.4705, 1.4669 -0.6143 2.628, 1.4669 -0.6143 2.4705, 1.3529 -0.6615 2.628, 1.3529 -0.6615 2.4705, 1.2306 -0.6776 2.628, 1.2306 -0.6776 2.4705, 0.7877 -0.6776 2.4705, 0.4137 -0.6776 2.628, 0.4137 -0.6776 2.4705, 0.4137 -0.776 2.628, 0.4137 -0.776 2.4705, -0.4131 -0.776 2.628, -0.4131 -0.776 2.4705, 0.0003 -0.776 2.628, -0.4131 -0.6776 2.628, -0.4131 -0.6776 2.4705, -1.23 -0.6776 2.628, -1.23 -0.6776 2.4705, -0.7871 -0.6776 2.4705, -1.3523 -0.6615 2.628, -1.3523 -0.6615 2.4705, -1.4662 -0.6143 2.628, -1.4662 -0.6143 2.4705, -1.5641 -0.5392 2.628, -1.5641 -0.5392 2.4705, -1.6391 -0.4413 2.628, -1.6391 -0.4413 2.4705, -1.6863 -0.3274 2.628, -1.7024 -0.2051 2.628, -1.7024 -0.1165 2.628, -1.7812 -0.1165 2.628, -1.7812 2.5902 0.0, -1.7812 2.5902 0.8563, -1.7812 2.5114 -0.0787, -1.7812 0.5993 -0.0204, -1.7812 0.602 0.0, -1.7812 0.5232 -0.0787, -1.7812 2.0488 2.1555, -1.7812 0.2273 -0.0761, -1.7812 0.2476 -0.0787, -1.7812 0.1689 0.0, -1.7812 0.1689 0.8563, -1.7812 0.602 0.1181, -1.7812 0.9957 0.1181, -1.7812 0.9957 -0.4724, -1.7812 1.7634 -0.4724, -1.7812 1.7634 0.1181, -1.7812 0.5436 -0.0761, -1.7812 0.5626 -0.0682, -1.7812 0.7102 2.1555, -1.7812 -0.1165 0.935, -1.7812 0.1716 -0.0204, -1.7812 0.1794 -0.0394, -1.7812 0.192 -0.0557, -1.7812 0.5789 -0.0557, -1.7812 0.5914 -0.0394, -1.7812 2.8756 0.935, -1.7812 2.7968 0.8563, -1.7812 0.2083 -0.0682, -1.7812 2.2154 -0.0761, -1.7812 2.2358 -0.0787, -1.7812 2.1571 0.0, -1.7812 2.1571 0.1181, -1.7812 -0.0378 0.8563, -1.7812 2.1676 -0.0394, -1.7812 2.1801 -0.0557, -1.7812 2.1965 -0.0682, -1.7812 2.5508 -0.0682, -1.7812 2.5671 -0.0557, -1.7812 2.5796 -0.0394, -1.7812 2.5318 -0.0761, -1.7812 2.5875 -0.0204, -1.7812 -0.1139 0.9147, -1.7812 -0.106 0.8957, -1.7812 -0.0935 0.8794, -1.7812 -0.0772 0.8669, -1.7812 -0.0582 0.859, -1.7812 2.8525 0.8794, -1.7812 2.8362 0.8669, -1.7812 2.8172 0.859, -1.7812 2.865 0.8957, -1.7812 2.8729 0.9147, -1.7812 2.1598 -0.0204, -1.7516 0.7102 2.628, -1.7812 0.7102 2.628, -1.7516 2.0488 2.628, -1.7516 1.3795 2.628, -1.7812 2.0488 2.628, -1.7024 2.8756 2.628, -1.7812 2.8756 2.628, -1.7024 2.9642 2.628, -1.6863 3.0864 2.628, -1.6391 3.2004 2.628, -1.6391 3.2004 2.4705, -1.5641 3.2982 2.628, -1.5641 3.2982 2.4705, -1.4662 3.3733 2.628, -1.4662 3.3733 2.4705, -1.3523 3.4205 2.628, -1.3523 3.4205 2.4705, -1.23 3.4366 2.628, -1.23 3.4366 2.4705, -0.5902 3.4366 2.4705, -0.4131 3.4366 2.628, -0.4131 3.4366 2.4705, -0.4131 3.535 2.628, -0.4131 3.535 2.4705, 0.4137 3.535 2.4705, 0.0003 3.535 2.628, 0.4137 3.535 2.628, 0.4137 3.4366 2.628, 0.4137 3.4366 2.4705, 1.2306 3.4366 2.628, 1.2306 3.4366 2.4705, 0.5909 3.4366 2.4705, 1.3529 3.4205 2.628, 1.3529 3.4205 2.4705, 1.4669 3.3733 2.628, 1.4669 3.3733 2.4705, 1.5647 3.2982 2.628, 1.5647 3.2982 2.4705, 1.6398 3.2004 2.628, 1.6398 3.2004 2.4705, 1.6539 3.1741 2.4705, 1.687 3.0864 2.628, 1.687 3.0864 2.4705, 1.7031 2.9642 2.628, 1.7031 2.9642 2.4705, 1.7031 2.8756 2.628, 1.7031 2.8756 2.4705, 1.7818 2.8756 2.628, 1.7818 2.0488 2.628, 1.1929 2.6992 2.628, 1.1814 2.6984 2.628, 0.9372 3.2598 2.628, 0.9448 3.2697 2.628, 1.473 3.1916 2.628, 1.4906 3.1611 2.628, 1.4756 2.8764 2.628, 1.4712 2.8657 2.628, 1.4284 2.8099 2.628, 1.4181 2.7964 2.628, 1.366 2.7565 2.628, 1.1421 2.701 2.628, 1.1377 2.7013 2.628, 1.0833 2.1663 2.628, 1.0017 3.3134 2.628, 1.0141 3.3229 2.628, 1.0561 3.3403 2.628, 1.3607 3.3127 2.628, 1.3095 3.3422 2.628, 1.3027 3.3441 2.628, 1.5161 3.0331 2.628, 1.5054 2.9522 2.628, 1.5047 2.9465 2.628, 1.1565 2.7001 2.628, 0.6696 2.5388 2.628, 0.9777 2.7676 2.628, 0.9348 2.8105 2.628, 1.3851 3.2986 2.628, 1.4248 3.2589 2.628, 1.4469 3.2368 2.628, 1.503 3.1148 2.628, 1.5132 3.0767 2.628, 1.3487 2.7433 2.628, 1.3068 2.7259 2.628, 1.29 2.7189 2.628, 1.268 2.7098 2.628, 1.2476 2.7058 2.628, 1.2251 2.7013 2.628, 0.9968 2.7566 2.628, 0.896 2.3743 2.628, 1.0534 2.7239 2.628, 1.1929 3.367 2.628, 1.2064 3.3661 2.628, 1.2208 3.3651 2.628, 1.2251 3.3648 2.628, 1.255 3.3568 2.628, 1.2806 3.35 2.628, 1.1078 2.7093 2.628, 1.0736 2.7185 2.628, 1.0602 2.7221 2.628, 0.0003 2.7108 2.628, 0.1402 2.7108 2.628, 0.8582 3.1197 2.628, 0.8884 3.1926 2.628, 0.8916 3.2004 2.628, 1.1152 3.3604 2.628, 1.0948 3.3563 2.628, 1.08 3.3502 2.628, 1.1377 3.3648 2.628, 1.1421 3.3651 2.628, 1.1565 3.3661 2.628, 1.2208 2.701 2.628, 1.2064 2.7001 2.628, 1.1699 3.367 2.628, 1.1814 3.3677 2.628, 0.9159 2.8293 2.628, 0.8883 2.8772 2.628, 0.414 2.6526 2.628, 0.8723 2.905 2.628, 0.8594 2.9528 2.628, 0.8496 2.9894 2.628, 0.8468 3.0331 2.628, 0.8576 3.1154 2.628, -0.9338 3.2563 2.628, -0.891 3.2004 2.628, -1.2201 2.701 2.628, -1.2245 2.7013 2.628, -1.2057 2.7001 2.628, -1.247 2.7058 2.628, -1.2674 2.7098 2.628, -1.3061 2.7259 2.628, -1.3481 2.7433 2.628, -1.3605 2.7528 2.628, -1.4174 2.7964 2.628, -1.0555 3.3403 2.628, -1.0135 3.3229 2.628, -1.1808 2.6984 2.628, -1.2225 1.924 2.628, -1.0826 2.1663 2.628, -1.1923 2.6992 2.628, -1.2822 2.716 2.628, -1.4739 3.189 2.628, -1.4463 3.2368 2.628, -1.4274 3.2557 2.628, -1.3088 3.3422 2.628, -1.3654 3.3096 2.628, -1.3845 3.2986 2.628, -0.9962 3.3096 2.628, -0.9442 3.2697 2.628, -0.8866 3.1898 2.628, -0.8575 3.1197 2.628, -0.8568 3.1139 2.628, -0.4133 2.6526 2.628, -0.8892 2.8745 2.628, -0.669 2.5388 2.628, -0.9153 2.8293 2.628, -0.9374 2.8072 2.628, -1.425 2.8063 2.628, -1.4706 2.8657 2.628, -1.4738 2.8736 2.628, -1.5028 3.1133 2.628, -1.49 3.1611 2.628, -0.1396 2.7108 2.628, -0.8461 3.0331 2.628, -0.9771 2.7676 2.628, -1.0015 2.7535 2.628, -0.8954 2.3743 2.628, -1.0527 2.7239 2.628, -1.0595 2.7221 2.628, -1.504 2.9465 2.628, -1.5046 2.9507 2.628, -1.5154 3.0331 2.628, -1.5126 3.0767 2.628, -0.849 2.9894 2.628, -0.8592 2.9514 2.628, -0.8716 2.905 2.628, -1.1414 2.701 2.628, -1.1558 2.7001 2.628, -1.1693 2.6992 2.628, -1.0816 2.7162 2.628, -1.1072 2.7093 2.628, -1.1371 2.7013 2.628, -1.2544 3.3568 2.628, -1.2886 3.3477 2.628, -1.302 3.3441 2.628, -1.2245 3.3648 2.628, -1.2201 3.3651 2.628, -1.2057 3.3661 2.628, -1.1923 3.367 2.628, -1.1808 3.3677 2.628, -1.1693 3.367 2.628, -1.1558 3.3661 2.628, -1.1414 3.3651 2.628, -1.1371 3.3648 2.628, -1.1146 3.3604 2.628, -1.0942 3.3563 2.628, -1.0722 3.3472 2.628, -1.0826 0.5927 2.628, -1.2225 0.8351 2.628, -1.309 1.1012 2.628, -1.3383 1.3795 2.628, -1.309 1.6578 2.628, -1.475 -0.1173 2.628, -1.4706 -0.1067 2.628, -1.4463 -0.4777 2.628, -1.4724 -0.4325 2.628, -1.1371 -0.6058 2.628, -1.1414 -0.6061 2.628, -1.302 -0.585 2.628, -1.3088 -0.5832 2.628, -1.5048 -0.1931 2.628, -1.504 -0.1874 2.628, -1.0555 -0.5812 2.628, -1.0794 -0.5911 2.628, -1.0942 -0.5973 2.628, -1.1146 -0.6013 2.628, -1.4242 -0.4998 2.628, -1.3845 -0.5395 2.628, -1.49 -0.4021 2.628, -1.5024 -0.3557 2.628, -1.5126 -0.3177 2.628, -1.5154 -0.274 2.628, -1.4277 -0.0508 2.628, -1.4174 -0.0374 2.628, -1.3653 0.0026 2.628, -1.3481 0.0158 2.628, 0.0003 0.0483 2.628, -0.1396 0.0483 2.628, -0.8575 -0.3606 2.628, -0.8877 -0.4335 2.628, -0.891 -0.4413 2.628, -0.9366 -0.5008 2.628, -0.9442 -0.5107 2.628, -1.001 -0.5543 2.628, -1.0135 -0.5638 2.628, -1.1558 -0.607 2.628, -1.1693 -0.6079 2.628, -1.1808 -0.6087 2.628, -1.3601 -0.5536 2.628, -1.0595 0.037 2.628, -1.0527 0.0352 2.628, -0.8954 0.3848 2.628, -0.9961 0.0025 2.628, -0.669 0.2203 2.628, -0.9771 -0.0085 2.628, -0.9342 -0.0514 2.628, -0.849 -0.2303 2.628, -0.8461 -0.274 2.628, -1.3061 0.0332 2.628, -1.2894 0.0401 2.628, -1.2674 0.0492 2.628, -1.1923 -0.6079 2.628, -1.2057 -0.607 2.628, -1.2201 -0.6061 2.628, -0.857 -0.3564 2.628, -1.2245 -0.6058 2.628, -1.2544 -0.5978 2.628, -1.28 -0.5909 2.628, -0.9153 -0.0703 2.628, -0.8877 -0.1181 2.628, -0.4133 0.1065 2.628, -0.8716 -0.146 2.628, -0.8588 -0.1938 2.628, -1.247 0.0533 2.628, -1.2245 0.0578 2.628, -1.2201 0.058 2.628, -1.2057 0.059 2.628, -1.1923 0.0599 2.628, -1.1808 0.0606 2.628, -1.1693 0.0599 2.628, -1.1558 0.059 2.628, -1.1414 0.058 2.628, -1.1371 0.0578 2.628, -1.1072 0.0497 2.628, -1.073 0.0406 2.628, 0.1402 0.0483 2.628, 0.6696 0.2203 2.628, 0.9159 -0.0703 2.628, 0.938 -0.0482 2.628, 1.428 -0.4966 2.628, 1.2208 0.058 2.628, 1.2251 0.0578 2.628, 0.8898 -0.1155 2.628, 0.414 0.1065 2.628, 0.8723 -0.146 2.628, 1.0534 0.0352 2.628, 0.896 0.3848 2.628, 1.0021 0.0056 2.628, 0.9777 -0.0085 2.628, 1.3068 0.0332 2.628, 1.3487 0.0158 2.628, 1.3612 0.0063 2.628, 1.4181 -0.0374 2.628, 1.4745 -0.4299 2.628, 1.4469 -0.4777 2.628, 1.3095 -0.5832 2.628, 1.3661 -0.5505 2.628, 1.3851 -0.5395 2.628, 1.3027 -0.585 2.628, 1.2892 -0.5886 2.628, 1.255 -0.5978 2.628, 1.2251 -0.6058 2.628, 1.2208 -0.6061 2.628, 1.2064 -0.607 2.628, 1.0822 0.0429 2.628, 1.1078 0.0497 2.628, 1.1377 0.0578 2.628, 1.1421 0.058 2.628, 1.1565 0.059 2.628, 1.1699 0.0599 2.628, 1.1814 0.0606 2.628, 1.2476 0.0533 2.628, 1.268 0.0492 2.628, 1.0561 -0.5812 2.628, 1.0141 -0.5638 2.628, 0.9969 -0.5506 2.628, 0.9448 -0.5107 2.628, 1.2828 0.0431 2.628, 1.3097 1.1012 2.628, 1.3389 1.3795 2.628, 1.3097 1.6578 2.628, 1.2232 1.924 2.628, 1.1699 2.6992 2.628, 1.4256 -0.0472 2.628, 1.4712 -0.1067 2.628, 1.4745 -0.1145 2.628, 1.1929 0.0599 2.628, 1.2064 0.059 2.628, 1.1929 -0.6079 2.628, 1.1814 -0.6087 2.628, 1.1699 -0.6079 2.628, 1.1377 -0.6058 2.628, 1.1152 -0.6013 2.628, 1.0948 -0.5973 2.628, 1.0728 -0.5882 2.628, 0.9345 -0.4972 2.628, 0.8916 -0.4413 2.628, 0.8872 -0.4307 2.628, 1.2232 0.8351 2.628, 1.0833 0.5927 2.628, 1.0602 0.037 2.628, 1.5047 -0.1874 2.628, 1.5052 -0.1917 2.628, 1.5161 -0.274 2.628, 1.1565 -0.607 2.628, 1.1421 -0.6061 2.628, 1.5132 -0.3177 2.628, 1.5034 -0.3543 2.628, 1.4906 -0.4021 2.628, 0.8598 -0.1923 2.628, 0.8496 -0.2303 2.628, 0.8582 -0.3606 2.628, 0.8574 -0.3549 2.628, 0.8468 -0.274 2.628, 1.9393 0.7102 2.4705, 1.9353 0.7102 2.5055, 1.9237 0.7102 2.5388, 1.8501 0.7102 2.6124, 1.8169 0.7102 2.624, 1.88 0.7102 2.5936, 1.9049 0.7102 2.5687, 1.9393 0.7102 2.1555, 1.9393 2.0037 2.1555, 1.9393 2.0488 2.1555, 1.9393 1.4986 2.1555, 1.9393 1.5066 2.1555, 1.9393 1.8788 2.1555, 1.9393 1.3702 2.1555, 1.9393 1.5949 2.1555, 1.9393 1.6196 2.1555, 1.9393 1.6806 2.1555, 1.9393 1.7117 2.1555, 1.9393 1.8366 2.1555, 1.9393 2.0488 2.4705, 1.9393 2.8756 2.4705, 1.9393 2.8756 1.6641, 1.9393 2.8756 1.5284, 1.9393 2.8756 1.4892, 1.9393 2.8756 1.3167, 1.9393 2.8756 1.2638, 1.9393 2.8756 0.935, 1.9393 2.8729 0.9147, 1.9393 2.865 0.8957, 1.9393 2.8525 0.8794, 1.9393 2.8362 0.8669, 1.9393 2.8172 0.859, 1.9393 2.7968 0.8563, 1.9393 2.5902 0.8563, 1.9393 2.5902 0.0, 1.9393 2.5875 -0.0204, 1.9393 2.5796 -0.0394, 1.9393 2.5671 -0.0557, 1.9393 2.5508 -0.0682, 1.9393 2.5318 -0.0761, 1.9393 2.5114 -0.0787, 1.9393 2.2358 -0.0787, 1.9393 2.5015 -0.0787, 1.9393 2.2154 -0.0761, 1.9393 2.1965 -0.0682, 1.9393 2.1801 -0.0557, 1.9393 2.1676 -0.0394, 1.9393 2.1598 -0.0204, 1.9393 2.1571 0.0, 1.9393 2.1571 0.1181, 1.9393 1.8366 0.1181, 1.9393 1.7634 0.1181, 1.9393 2.0037 0.1181, 1.9393 1.8788 0.1181, 1.9393 1.7634 -0.4724, 1.7854 1.7634 -0.506, 1.7854 0.9957 -0.506, 1.7961 1.7634 -0.5381, 1.7961 0.9957 -0.5381, 1.8134 1.7634 -0.5671, 1.8134 0.9957 -0.5671, 1.8365 1.7634 -0.5917, 1.8365 0.9957 -0.5917, 1.9393 0.9957 0.1181, 1.9393 0.9957 -0.4724, 1.9393 0.602 0.1181, 1.9393 0.602 0.0, 1.9393 0.5993 -0.0204, 1.9393 0.5914 -0.0394, 1.9393 0.5789 -0.0557, 1.9393 0.5626 -0.0682, 1.9393 0.5436 -0.0761, 1.9393 0.5232 -0.0787, 1.9393 0.2476 -0.0787, 1.9393 0.2273 -0.0761, 1.9393 0.2083 -0.0682, 1.9393 0.192 -0.0557, 1.9393 0.1794 -0.0394, 1.9393 0.1716 -0.0204, 1.9393 0.1689 0.0, 1.9393 0.1689 0.8563, 1.9393 -0.0378 0.8563, 1.9393 -0.0582 0.859, 1.9393 -0.0772 0.8669, 1.9393 -0.0935 0.8794, 1.9393 -0.106 0.8957, 1.9393 -0.1139 0.9147, 1.9393 -0.1165 0.935, 1.9393 -0.1165 1.2638, 1.9393 -0.1165 1.3167, 1.9393 -0.1165 1.4892, 1.9393 -0.1165 2.4705, 1.9393 -0.1165 1.6641, 1.9393 -0.1165 1.5284, 1.8169 -0.1165 2.624, 1.9353 -0.1165 2.5055, 1.9237 -0.1165 2.5388, 1.9049 -0.1165 2.5687, 1.88 -0.1165 2.5936, 1.8501 -0.1165 2.6124, -1.8925 -0.1165 2.5818, -1.9176 -0.1165 2.5492, -1.9333 -0.1165 2.5112, -1.9387 -0.1165 2.4705, -1.8219 -0.1165 2.6226, -1.8599 -0.1165 2.6069, -1.9387 0.7102 2.1555, -1.9387 2.0488 2.1555, -1.9387 0.7102 2.4705, -1.9387 -0.1165 0.935, -1.9387 -0.1139 0.9147, -1.9387 -0.106 0.8957, -1.9387 -0.0935 0.8794, -1.9387 -0.0772 0.8669, -1.9387 -0.0582 0.859, -1.9387 -0.0378 0.8563, -1.9387 0.1689 0.8563, -1.9387 0.1689 0.0, -1.9387 0.1716 -0.0204, -1.9387 0.1794 -0.0394, -1.9387 0.192 -0.0557, -1.9387 0.2083 -0.0682, -1.9387 0.2273 -0.0761, -1.9387 0.2476 -0.0787, -1.9387 0.5232 -0.0787, -1.9387 0.5436 -0.0761, -1.9387 0.5626 -0.0682, -1.9387 0.5789 -0.0557, -1.9387 0.5914 -0.0394, -1.9387 0.5993 -0.0204, -1.9387 0.602 0.0, -1.9387 0.602 0.1181, -1.9387 0.9957 0.1181, -1.9387 0.9957 -0.4724, -1.7848 0.9957 -0.506, -1.7848 1.7634 -0.506, -1.7955 0.9957 -0.5381, -1.7955 1.7634 -0.5381, -1.8128 0.9957 -0.5671, -1.8128 1.7634 -0.5671, -1.8359 0.9957 -0.5917, -1.8359 1.7634 -0.5917, -1.9387 1.7634 0.1181, -1.9387 1.7634 -0.4724, -1.9387 2.1571 0.1181, -1.9387 2.1571 0.0, -1.9387 2.1598 -0.0204, -1.9387 2.1676 -0.0394, -1.9387 2.1801 -0.0557, -1.9387 2.1965 -0.0682, -1.9387 2.2154 -0.0761, -1.9387 2.2358 -0.0787, -1.9387 2.5114 -0.0787, -1.9387 2.5318 -0.0761, -1.9387 2.5508 -0.0682, -1.9387 2.5671 -0.0557, -1.9387 2.5796 -0.0394, -1.9387 2.5875 -0.0204, -1.9387 2.5902 0.0, -1.9387 2.5902 0.8563, -1.9387 2.7968 0.8563, -1.9387 2.8172 0.859, -1.9387 2.8362 0.8669, -1.9387 2.8525 0.8794, -1.9387 2.865 0.8957, -1.9387 2.8729 0.9147, -1.9387 2.8756 0.935, -1.9387 2.8756 2.4705, -1.9387 2.0488 2.4705, -1.9333 0.7102 2.5112, -1.9176 0.7102 2.5492, -1.8925 0.7102 2.5818, -1.8599 0.7102 2.6069, -1.8219 0.7102 2.6226, -1.8925 2.0488 2.5818, -1.9176 2.0488 2.5492, -1.9333 2.0488 2.5112, -1.8219 2.0488 2.6226, -1.8599 2.0488 2.6069, -1.9333 2.8756 2.5112, -1.9176 2.8756 2.5492, -1.8925 2.8756 2.5818, -1.8599 2.8756 2.6069, -1.8219 2.8756 2.6226, 1.9353 2.8756 2.5055, 1.8169 2.8756 2.624, 1.8501 2.8756 2.6124, 1.88 2.8756 2.5936, 1.9049 2.8756 2.5687, 1.9237 2.8756 2.5388, 1.8169 2.0488 2.624, 1.8501 2.0488 2.6124, 1.9237 2.0488 2.5388, 1.9353 2.0488 2.5055, 1.9049 2.0488 2.5687, 1.88 2.0488 2.5936, 1.3389 1.3795 3.7896, 1.3097 1.1012 3.7896, 1.2232 0.8351 3.7896, 1.0833 0.5927 3.7896, 0.896 0.3848 3.7896, 0.6696 0.2203 3.7896, 0.414 0.1065 3.7896, 0.1402 0.0483 3.7896, -0.1396 0.0483 3.7896, -0.4133 0.1065 3.7896, -0.669 0.2203 3.7896, -0.8954 0.3848 3.7896, -1.0826 0.5927 3.7896, -1.2225 0.8351 3.7896, -1.309 1.1012 3.7896, -1.3383 1.3795 3.7896, 1.3015 1.3795 3.888, 1.3015 1.3795 4.5768, 1.2731 1.109 4.5768, 1.2731 1.109 3.888, 1.189 0.8503 4.5768, 1.189 0.8503 3.888, 1.053 0.6147 4.5768, 1.053 0.6147 3.888, 0.871 0.4126 4.5768, 0.871 0.4126 3.888, 0.6509 0.2527 4.5768, 0.6509 0.2527 3.888, 0.4024 0.142 4.5768, 0.4024 0.142 3.888, 0.1363 0.0855 4.5768, 0.1363 0.0855 3.888, -0.1357 0.0855 4.5768, -0.1357 0.0855 3.888, -0.4018 0.142 4.5768, -0.4018 0.142 3.888, -0.6503 0.2527 4.5768, -0.6503 0.2527 3.888, -0.8703 0.4126 4.5768, -0.8703 0.4126 3.888, -1.0524 0.6147 4.5768, -1.0524 0.6147 3.888, -1.1884 0.8503 4.5768, -1.1884 0.8503 3.888, -1.2724 1.109 4.5768, -1.2724 1.109 3.888, -1.3009 1.3795 4.5768, -1.3009 1.3795 3.888, 1.9393 2.5015 2.4705, 2.0676 0.9957 -0.7908, 2.0676 1.7634 -0.7908, -2.0669 1.7634 -0.7908, -2.0669 0.9957 -0.7908, 1.9393 1.5066 -0.4724, 1.9393 1.4986 -0.4724, 2.1704 1.7634 -0.6715, 2.1704 0.9957 -0.6715, 1.9393 1.3702 -0.4724, 1.9393 1.6806 -0.4724, 1.9393 1.7117 -0.4724, 1.9393 1.6196 -0.4724, 1.9393 1.5949 -0.4724, 2.0884 1.7634 -0.8911, 2.0884 0.9957 -0.8911, 2.0953 1.7634 -0.8703, 2.0953 0.9957 -0.8703, 2.0965 1.7634 -0.8483, 2.0965 0.9957 -0.8483, 2.0921 1.7634 -0.8268, 2.0921 0.9957 -0.8268, 2.0822 1.7634 -0.8072, 2.0822 0.9957 -0.8072, -2.1697 1.7634 -0.6715, -2.1697 0.9957 -0.6715, -2.0878 0.9957 -0.8911, -2.0878 1.7634 -0.8911, -2.0939 0.9957 -0.8739, -2.0939 1.7634 -0.8739, -2.0961 0.9957 -0.8557, -2.0961 1.7634 -0.8557, -2.0944 0.9957 -0.8374, -2.0944 1.7634 -0.8374, -2.0887 0.9957 -0.82, -2.0887 1.7634 -0.82, -2.0794 0.9957 -0.8042, -2.0794 1.7634 -0.8042, 2.2124 0.9957 -0.7186, 2.2124 1.7634 -0.7186, 2.2407 0.9957 -0.7749, 2.2407 1.7634 -0.7749, 2.2536 0.9957 -0.8367, 2.2536 1.7634 -0.8367, 2.25 0.9957 -0.8996, 2.25 1.7634 -0.8996, 2.2303 0.9957 -0.9595, 2.2303 1.7634 -0.9595, 1.9093 0.9957 -1.2625, 1.9627 1.7634 -1.1518, 1.8707 1.0378 -1.3426, 1.7917 1.3697 -1.5064, 1.797 1.272 -1.4953, 1.7975 1.4716 -1.4943, 1.8127 1.1805 -1.4628, 1.8378 1.1008 -1.4108, 1.9184 1.75 -1.2436, 1.8772 1.7106 -1.3291, 1.8418 1.6481 -1.4025, 1.8146 1.5665 -1.4589, -2.2056 1.7634 -0.71, -2.2056 0.9957 -0.71, -2.2323 1.7634 -0.7553, -2.2323 0.9957 -0.7553, -2.2486 1.7634 -0.8054, -2.2486 0.9957 -0.8054, -2.2536 1.7634 -0.8577, -2.2536 0.9957 -0.8577, -2.2472 1.7634 -0.91, -2.2472 0.9957 -0.91, -2.2296 1.7634 -0.9595, -2.2296 0.9957 -0.9595, -1.8357 1.1043 -1.4137, -1.798 1.4812 -1.4919, -1.8691 1.0391 -1.3444, -1.9087 0.9957 -1.2625, -1.8157 1.5734 -1.4552, -1.843 1.6523 -1.3987, -1.878 1.7126 -1.326, -1.8106 1.1868 -1.4658, -1.7954 1.2813 -1.4973, -1.7911 1.3817 -1.5062, -1.9621 1.7634 -1.1518, -1.9186 1.7505 -1.2418, 2.1045 1.7634 -1.2202, 2.0511 0.9957 -1.3309, 2.0125 1.0378 -1.411, 1.9796 1.1008 -1.4792, 1.9545 1.1805 -1.5312, 1.9388 1.272 -1.5637, 1.9335 1.3697 -1.5748, 1.9393 1.4716 -1.5627, 1.9564 1.5665 -1.5273, 1.9836 1.6481 -1.4709, 2.019 1.7106 -1.3975, 2.0603 1.75 -1.312, -2.0199 1.7126 -1.3944, -1.9848 1.6523 -1.4671, -1.9524 1.1868 -1.5342, -1.9575 1.5734 -1.5236, -2.0505 0.9957 -1.3309, -2.1039 1.7634 -1.2202, -2.011 1.0391 -1.4128, -1.9776 1.1043 -1.4821, -2.0605 1.7505 -1.3102, -1.9399 1.4812 -1.5603, -1.9329 1.3817 -1.5746, -1.9372 1.2813 -1.5658, 0.0003 2.5705 4.5768, -0.1357 2.6736 4.5768, -0.2647 2.5406 4.5768, -0.4018 2.617 4.5768, -0.5164 2.4525 4.5768, -0.6503 2.5064 4.5768, -0.7422 2.3106 4.5768, -0.8703 2.3465 4.5768, -0.9308 2.1221 4.5768, -1.0524 2.1443 4.5768, -1.0727 1.8963 4.5768, -1.1884 1.9088 4.5768, -1.1608 1.6445 4.5768, -1.2724 1.6501 4.5768, -1.1906 1.3795 4.5768, -1.1608 1.1145 4.5768, -1.0727 0.8628 4.5768, -0.9308 0.637 4.5768, -0.7422 0.4484 4.5768, -0.5164 0.3065 4.5768, -0.2647 0.2184 4.5768, 0.0003 0.1886 4.5768, 0.2653 0.2184 4.5768, 0.5171 0.3065 4.5768, 0.7429 0.4484 4.5768, 0.9314 0.637 4.5768, 1.0733 0.8628 4.5768, 1.1614 1.1145 4.5768, 1.1913 1.3795 4.5768, 1.1614 1.6445 4.5768, 1.2731 1.6501 4.5768, 1.0733 1.8963 4.5768, 1.189 1.9088 4.5768, 0.9314 2.1221 4.5768, 1.053 2.1443 4.5768, 0.7429 2.3106 4.5768, 0.871 2.3465 4.5768, 0.5171 2.4525 4.5768, 0.6509 2.5064 4.5768, 0.2653 2.5406 4.5768, 0.4024 2.617 4.5768, 0.1363 2.6736 4.5768, -0.7871 -0.5496 2.4705, 0.7877 -0.5496 2.4705, 0.5909 3.4268 2.4705, -0.5902 3.4268 2.4705
            ]
        }
        coordIndex [
            0,1,2,-1,2,1,3,-1,4,5,6,-1,6,5,2,-1,6,2,7,-1,7,2,3,-1,7,3,8,-1,9,10,8,-1,8,10,11,-1,8,11,7,-1,7,11,12,-1,7,12,13,-1,14,15,16,-1,16,15,17,-1,16,17,18,-1,19,20,14,-1,14,20,15,-1,21,22,23,-1,23,22,24,-1,25,26,27,-1,28,29,30,-1,31,32,33,-1,33,32,34,-1,33,34,35,-1,26,36,27,-1,27,36,37,-1,27,37,38,-1,39,40,23,-1,41,42,43,-1,44,45,46,-1,46,45,23,-1,46,23,47,-1,47,23,40,-1,30,35,28,-1,28,35,45,-1,28,45,48,-1,48,45,44,-1,48,44,49,-1,49,44,50,-1,51,20,52,-1,52,20,45,-1,52,45,53,-1,53,45,54,-1,43,55,41,-1,41,55,56,-1,41,56,57,-1,57,56,32,-1,57,32,27,-1,27,32,31,-1,27,31,25,-1,35,34,45,-1,45,34,58,-1,45,58,59,-1,24,60,23,-1,23,60,61,-1,23,61,39,-1,62,63,50,-1,50,63,64,-1,50,64,65,-1,65,66,50,-1,50,66,67,-1,50,67,49,-1,49,67,68,-1,49,68,69,-1,69,68,70,-1,70,71,69,-1,69,71,72,-1,69,72,73,-1,59,74,45,-1,45,74,75,-1,45,75,54,-1,76,77,78,-1,78,77,51,-1,79,80,76,-1,76,80,77,-1,79,81,80,-1,80,81,82,-1,82,81,83,-1,83,81,84,-1,83,84,85,-1,85,84,86,-1,85,86,87,-1,87,86,88,-1,87,88,89,-1,89,88,90,-1,89,90,91,-1,91,90,92,-1,91,92,93,-1,93,92,94,-1,94,92,95,-1,94,95,96,-1,97,98,95,-1,95,98,96,-1,99,100,101,-1,101,100,98,-1,101,98,97,-1,102,103,99,-1,99,103,100,-1,104,105,102,-1,102,105,106,-1,102,106,103,-1,105,104,107,-1,105,107,108,-1,108,107,109,-1,108,109,110,-1,110,109,111,-1,110,111,112,-1,112,111,113,-1,112,113,114,-1,114,113,6,-1,6,113,115,-1,6,115,4,-1,4,115,116,-1,4,116,5,-1,117,2,116,-1,116,2,5,-1,118,0,117,-1,117,0,2,-1,119,120,121,-1,122,123,124,-1,10,9,125,-1,126,127,128,-1,128,127,124,-1,128,124,129,-1,124,123,129,-1,129,123,130,-1,129,130,131,-1,132,133,131,-1,131,133,134,-1,124,135,136,-1,1,0,137,-1,137,0,138,-1,139,140,141,-1,136,142,124,-1,124,142,143,-1,124,143,122,-1,144,10,145,-1,145,10,120,-1,139,141,128,-1,128,141,146,-1,128,146,126,-1,147,148,149,-1,149,148,121,-1,149,121,150,-1,150,121,120,-1,150,120,134,-1,134,120,10,-1,134,10,131,-1,131,10,125,-1,131,125,129,-1,129,125,137,-1,129,137,151,-1,152,153,154,-1,155,156,157,-1,121,158,119,-1,119,158,155,-1,119,155,159,-1,159,155,157,-1,138,160,137,-1,137,160,161,-1,137,161,162,-1,162,163,137,-1,137,163,164,-1,137,164,151,-1,165,145,166,-1,166,145,167,-1,165,168,145,-1,145,168,169,-1,145,169,144,-1,147,149,154,-1,154,149,170,-1,154,170,152,-1,171,3,172,-1,172,3,1,-1,173,8,174,-1,174,8,3,-1,174,3,171,-1,175,9,173,-1,173,9,8,-1,176,11,177,-1,177,11,10,-1,178,12,176,-1,176,12,11,-1,178,179,12,-1,12,179,13,-1,13,179,7,-1,7,179,180,-1,7,180,181,-1,181,180,182,-1,181,182,183,-1,183,182,184,-1,183,184,185,-1,185,184,186,-1,185,186,187,-1,187,186,188,-1,187,188,189,-1,189,188,190,-1,190,188,191,-1,190,191,192,-1,193,194,191,-1,191,194,192,-1,194,193,195,-1,195,193,196,-1,195,196,197,-1,198,199,197,-1,197,199,195,-1,200,201,198,-1,198,201,202,-1,198,202,199,-1,201,200,203,-1,201,203,204,-1,204,203,205,-1,204,205,206,-1,206,205,207,-1,206,207,208,-1,208,207,209,-1,208,209,210,-1,210,209,211,-1,211,209,212,-1,211,212,213,-1,213,212,214,-1,213,214,215,-1,216,217,214,-1,214,217,215,-1,218,22,216,-1,216,22,217,-1,18,17,219,-1,219,17,21,-1,220,221,18,-1,222,223,198,-1,224,225,216,-1,226,227,216,-1,216,227,18,-1,216,18,218,-1,218,18,219,-1,227,228,18,-1,18,228,229,-1,18,229,230,-1,231,232,233,-1,223,234,198,-1,198,234,235,-1,198,235,236,-1,237,205,238,-1,238,205,203,-1,238,203,239,-1,240,241,216,-1,216,241,242,-1,216,242,226,-1,231,233,243,-1,244,245,246,-1,237,247,205,-1,205,247,248,-1,205,248,207,-1,207,248,249,-1,207,249,209,-1,209,249,212,-1,225,250,216,-1,216,250,251,-1,216,251,240,-1,230,252,18,-1,18,252,253,-1,18,253,254,-1,254,255,18,-1,18,255,256,-1,18,256,257,-1,245,244,258,-1,258,244,259,-1,258,259,260,-1,261,262,200,-1,200,262,263,-1,263,264,200,-1,200,264,265,-1,200,265,203,-1,203,265,266,-1,203,266,239,-1,224,216,249,-1,249,216,214,-1,249,214,212,-1,232,267,233,-1,233,267,268,-1,233,268,259,-1,259,268,269,-1,259,269,260,-1,197,196,198,-1,198,196,270,-1,198,270,271,-1,272,273,198,-1,198,273,274,-1,198,274,222,-1,275,200,276,-1,276,200,198,-1,276,198,277,-1,277,198,236,-1,275,278,200,-1,200,278,279,-1,200,279,280,-1,257,281,18,-1,18,281,282,-1,18,282,220,-1,280,283,200,-1,200,283,284,-1,200,284,261,-1,246,285,244,-1,244,285,286,-1,244,286,287,-1,287,286,288,-1,287,288,271,-1,271,288,289,-1,289,290,271,-1,271,290,291,-1,271,291,198,-1,198,291,292,-1,198,292,272,-1,176,177,175,-1,293,294,191,-1,295,296,173,-1,295,173,297,-1,296,298,173,-1,173,298,299,-1,173,299,175,-1,300,301,176,-1,176,301,302,-1,176,302,303,-1,304,305,191,-1,306,307,308,-1,307,306,173,-1,173,306,309,-1,173,309,297,-1,175,299,176,-1,176,299,310,-1,176,310,300,-1,311,182,180,-1,311,312,182,-1,182,312,313,-1,182,313,184,-1,314,186,315,-1,315,186,184,-1,315,184,316,-1,316,184,313,-1,305,317,191,-1,191,317,318,-1,191,318,293,-1,294,319,191,-1,191,319,320,-1,191,320,321,-1,322,323,324,-1,324,323,325,-1,324,325,326,-1,303,327,176,-1,176,327,328,-1,176,328,329,-1,179,330,180,-1,180,330,331,-1,180,331,311,-1,196,193,270,-1,270,193,191,-1,270,191,332,-1,332,191,321,-1,332,321,333,-1,326,334,324,-1,324,334,335,-1,324,335,336,-1,336,335,337,-1,336,337,338,-1,329,339,176,-1,176,339,340,-1,176,340,178,-1,178,340,341,-1,178,341,179,-1,179,341,342,-1,179,342,330,-1,333,343,332,-1,332,343,344,-1,332,344,322,-1,322,344,345,-1,322,345,323,-1,346,347,308,-1,308,347,348,-1,308,348,306,-1,338,349,336,-1,336,349,350,-1,336,350,308,-1,308,350,351,-1,308,351,346,-1,352,188,353,-1,353,188,186,-1,353,186,354,-1,354,186,314,-1,352,355,188,-1,188,355,356,-1,188,356,357,-1,357,358,188,-1,188,358,359,-1,188,359,360,-1,360,361,188,-1,188,361,362,-1,188,362,363,-1,363,364,188,-1,188,364,365,-1,188,365,191,-1,191,365,366,-1,191,366,304,-1,117,367,118,-1,118,367,171,-1,118,171,172,-1,367,368,171,-1,171,368,369,-1,171,369,174,-1,174,369,370,-1,174,370,173,-1,173,370,371,-1,173,371,307,-1,372,373,117,-1,111,374,375,-1,104,376,377,-1,378,379,107,-1,111,375,113,-1,116,380,117,-1,117,380,381,-1,117,381,372,-1,382,383,102,-1,102,383,384,-1,102,384,104,-1,104,384,385,-1,104,385,376,-1,374,111,386,-1,386,111,109,-1,386,109,387,-1,375,388,113,-1,113,388,389,-1,113,389,115,-1,115,389,390,-1,115,390,116,-1,116,390,391,-1,116,391,380,-1,373,392,117,-1,117,392,393,-1,117,393,367,-1,367,393,394,-1,367,394,395,-1,99,101,102,-1,102,101,396,-1,102,396,397,-1,102,398,399,-1,399,400,102,-1,102,400,401,-1,102,401,402,-1,402,403,102,-1,102,403,404,-1,102,404,382,-1,377,405,104,-1,104,405,406,-1,104,406,407,-1,107,379,109,-1,109,379,408,-1,109,408,387,-1,409,410,411,-1,411,410,412,-1,411,412,413,-1,413,412,414,-1,413,414,415,-1,416,417,397,-1,395,418,367,-1,367,418,419,-1,367,419,420,-1,407,421,104,-1,104,421,422,-1,104,422,423,-1,397,417,102,-1,102,417,424,-1,102,424,398,-1,423,425,104,-1,104,425,426,-1,104,426,107,-1,107,426,427,-1,107,427,378,-1,415,428,413,-1,413,428,429,-1,413,429,430,-1,430,429,431,-1,430,431,397,-1,397,431,432,-1,397,432,416,-1,420,433,367,-1,367,433,434,-1,367,434,435,-1,435,436,367,-1,367,436,437,-1,367,437,438,-1,438,439,367,-1,367,439,440,-1,367,440,441,-1,441,442,367,-1,367,442,443,-1,367,443,411,-1,411,443,444,-1,411,444,409,-1,76,78,19,-1,101,97,396,-1,396,97,95,-1,396,95,445,-1,446,447,448,-1,449,88,86,-1,450,451,14,-1,447,446,452,-1,452,446,453,-1,452,453,454,-1,455,456,457,-1,457,456,446,-1,457,446,458,-1,458,446,448,-1,459,460,76,-1,76,460,461,-1,76,461,462,-1,84,463,86,-1,86,463,464,-1,86,464,449,-1,465,90,466,-1,466,90,88,-1,466,88,467,-1,467,88,449,-1,465,468,90,-1,90,468,469,-1,90,469,92,-1,92,469,470,-1,470,471,92,-1,92,471,472,-1,92,472,473,-1,474,475,14,-1,14,475,476,-1,14,476,477,-1,477,478,14,-1,14,478,479,-1,14,479,480,-1,451,481,14,-1,14,481,482,-1,14,482,19,-1,483,484,95,-1,95,484,485,-1,95,485,486,-1,19,482,76,-1,76,482,487,-1,76,487,459,-1,488,14,489,-1,489,14,16,-1,489,16,490,-1,490,16,18,-1,490,18,491,-1,491,18,221,-1,491,221,233,-1,233,221,492,-1,233,492,243,-1,462,493,76,-1,76,493,494,-1,76,494,495,-1,480,496,14,-1,14,496,497,-1,14,497,450,-1,473,498,92,-1,92,498,499,-1,92,499,500,-1,501,502,92,-1,92,502,503,-1,92,503,95,-1,95,503,504,-1,95,504,483,-1,486,505,95,-1,95,505,506,-1,95,506,507,-1,488,508,14,-1,14,508,509,-1,14,509,474,-1,474,509,456,-1,474,456,510,-1,510,456,455,-1,495,511,76,-1,76,511,512,-1,76,512,79,-1,79,512,513,-1,79,513,81,-1,500,514,92,-1,92,514,515,-1,92,515,501,-1,513,516,81,-1,81,516,517,-1,81,517,84,-1,84,517,518,-1,84,518,463,-1,454,453,519,-1,519,453,445,-1,519,445,520,-1,507,521,95,-1,95,521,522,-1,95,522,445,-1,445,522,523,-1,445,523,520,-1,524,20,525,-1,525,20,526,-1,527,20,528,-1,528,20,19,-1,527,529,20,-1,20,529,530,-1,20,530,526,-1,531,45,524,-1,524,45,20,-1,532,533,23,-1,534,535,23,-1,532,23,536,-1,534,23,537,-1,537,23,45,-1,537,45,531,-1,535,538,23,-1,23,538,539,-1,23,539,540,-1,540,541,23,-1,23,541,542,-1,23,542,536,-1,543,21,533,-1,533,21,23,-1,22,544,545,-1,22,545,24,-1,24,545,546,-1,24,546,547,-1,547,548,24,-1,24,548,549,-1,24,549,550,-1,24,550,551,-1,24,551,60,-1,60,551,552,-1,60,552,61,-1,61,552,553,-1,61,553,39,-1,39,553,554,-1,39,554,40,-1,40,554,555,-1,40,555,47,-1,47,555,556,-1,47,556,46,-1,557,44,556,-1,556,44,46,-1,558,50,557,-1,557,50,44,-1,50,558,559,-1,50,559,62,-1,62,559,560,-1,62,560,63,-1,63,560,561,-1,63,561,64,-1,64,561,562,-1,64,562,65,-1,65,562,563,-1,65,563,66,-1,66,563,564,-1,66,564,67,-1,565,68,566,-1,566,68,67,-1,566,67,564,-1,68,565,567,-1,68,567,70,-1,70,567,568,-1,70,568,71,-1,71,568,569,-1,71,569,72,-1,72,569,570,-1,72,570,73,-1,73,570,571,-1,73,571,69,-1,69,571,572,-1,69,572,49,-1,573,48,572,-1,572,48,49,-1,574,575,28,-1,48,573,576,-1,48,576,28,-1,28,576,577,-1,28,577,574,-1,578,29,575,-1,575,29,28,-1,30,29,579,-1,30,579,580,-1,580,579,581,-1,580,581,582,-1,582,581,583,-1,582,583,584,-1,584,583,585,-1,584,585,586,-1,587,35,588,-1,588,35,30,-1,589,33,587,-1,587,33,35,-1,590,31,589,-1,589,31,33,-1,31,590,591,-1,31,591,25,-1,25,591,592,-1,25,592,26,-1,26,592,593,-1,26,593,36,-1,36,593,594,-1,36,594,37,-1,37,594,595,-1,37,595,38,-1,38,595,596,-1,38,596,27,-1,597,57,596,-1,596,57,27,-1,57,597,598,-1,57,598,41,-1,41,598,599,-1,41,599,42,-1,42,599,600,-1,42,600,43,-1,43,600,601,-1,43,601,55,-1,55,601,602,-1,55,602,56,-1,56,602,603,-1,56,603,32,-1,604,34,603,-1,603,34,32,-1,605,58,604,-1,604,58,34,-1,58,605,606,-1,58,606,59,-1,59,606,607,-1,59,607,74,-1,74,607,608,-1,74,608,75,-1,75,608,609,-1,75,609,54,-1,54,609,610,-1,54,610,53,-1,53,610,611,-1,53,611,52,-1,611,612,52,-1,52,612,613,-1,52,613,614,-1,615,51,616,-1,616,51,52,-1,616,52,617,-1,617,52,614,-1,618,78,51,-1,615,619,51,-1,51,619,620,-1,51,620,621,-1,621,622,51,-1,51,622,623,-1,51,623,618,-1,624,625,0,-1,0,625,626,-1,0,626,627,-1,118,628,0,-1,0,628,629,-1,0,629,624,-1,137,125,630,-1,630,125,631,-1,632,1,630,-1,630,1,137,-1,138,0,633,-1,633,0,627,-1,138,633,634,-1,138,634,160,-1,160,634,635,-1,160,635,161,-1,161,635,636,-1,161,636,162,-1,162,636,637,-1,162,637,163,-1,163,637,638,-1,163,638,164,-1,164,638,639,-1,164,639,151,-1,129,151,640,-1,640,151,639,-1,128,129,641,-1,641,129,640,-1,128,641,642,-1,128,642,139,-1,139,642,643,-1,139,643,140,-1,140,643,644,-1,140,644,141,-1,141,644,645,-1,141,645,146,-1,146,645,646,-1,146,646,126,-1,126,646,647,-1,126,647,127,-1,124,127,648,-1,648,127,647,-1,124,648,649,-1,124,649,135,-1,135,649,650,-1,135,650,136,-1,136,650,651,-1,136,651,142,-1,142,651,652,-1,142,652,143,-1,143,652,653,-1,143,653,122,-1,122,653,654,-1,122,654,123,-1,130,123,655,-1,655,123,654,-1,131,130,656,-1,656,130,655,-1,132,131,657,-1,657,131,656,-1,133,132,658,-1,133,658,659,-1,659,658,660,-1,659,660,661,-1,661,660,662,-1,661,662,663,-1,663,662,664,-1,663,664,665,-1,134,133,666,-1,666,133,667,-1,150,134,668,-1,668,134,666,-1,149,150,669,-1,669,150,668,-1,149,669,670,-1,149,670,170,-1,170,670,671,-1,170,671,152,-1,152,671,672,-1,152,672,153,-1,153,672,673,-1,153,673,154,-1,154,673,674,-1,154,674,147,-1,147,674,675,-1,147,675,148,-1,121,148,676,-1,676,148,675,-1,121,676,677,-1,121,677,158,-1,158,677,678,-1,158,678,155,-1,155,678,679,-1,155,679,156,-1,156,679,680,-1,156,680,157,-1,157,680,681,-1,157,681,159,-1,159,681,682,-1,159,682,119,-1,120,119,683,-1,683,119,682,-1,145,120,684,-1,684,120,683,-1,145,684,685,-1,145,685,167,-1,167,685,686,-1,167,686,166,-1,166,686,687,-1,166,687,165,-1,165,687,688,-1,165,688,168,-1,168,688,689,-1,168,689,169,-1,169,689,690,-1,169,690,144,-1,10,144,691,-1,691,144,690,-1,631,125,692,-1,692,125,9,-1,632,693,1,-1,1,693,694,-1,1,694,695,-1,695,696,1,-1,1,696,697,-1,1,697,172,-1,698,699,9,-1,9,699,700,-1,9,700,692,-1,175,701,9,-1,9,701,702,-1,9,702,698,-1,691,703,10,-1,10,703,704,-1,10,704,705,-1,705,706,10,-1,10,706,707,-1,10,707,177,-1,708,544,22,-1,218,709,22,-1,22,709,710,-1,22,710,711,-1,711,712,22,-1,22,712,713,-1,22,713,708,-1,219,21,714,-1,714,21,715,-1,716,21,717,-1,717,21,543,-1,716,718,21,-1,21,718,719,-1,21,719,715,-1,489,720,721,-1,489,721,488,-1,488,721,722,-1,488,722,508,-1,508,722,723,-1,508,723,509,-1,509,723,724,-1,509,724,456,-1,456,724,725,-1,456,725,446,-1,446,725,726,-1,446,726,453,-1,453,726,727,-1,453,727,445,-1,445,727,396,-1,396,727,728,-1,396,728,397,-1,397,728,729,-1,397,729,430,-1,430,729,730,-1,430,730,413,-1,413,730,731,-1,413,731,411,-1,411,731,732,-1,411,732,367,-1,367,732,733,-1,367,733,368,-1,368,733,734,-1,368,734,369,-1,369,734,735,-1,369,735,370,-1,736,737,738,-1,736,738,739,-1,739,738,740,-1,739,740,741,-1,741,740,742,-1,741,742,743,-1,743,742,744,-1,743,744,745,-1,745,744,746,-1,745,746,747,-1,747,746,748,-1,747,748,749,-1,749,748,750,-1,749,750,751,-1,751,750,752,-1,751,752,753,-1,753,752,754,-1,753,754,755,-1,755,754,756,-1,755,756,757,-1,757,756,758,-1,757,758,759,-1,759,758,760,-1,759,760,761,-1,761,760,762,-1,761,762,763,-1,763,762,764,-1,763,764,765,-1,765,764,766,-1,765,766,767,-1,767,735,734,-1,767,734,765,-1,765,734,733,-1,765,733,763,-1,763,733,732,-1,763,732,761,-1,761,732,731,-1,761,731,759,-1,759,731,730,-1,759,730,757,-1,757,730,729,-1,757,729,755,-1,755,729,728,-1,755,728,753,-1,753,728,727,-1,753,727,751,-1,751,727,726,-1,751,726,749,-1,749,726,725,-1,749,725,747,-1,747,725,724,-1,747,724,745,-1,745,724,723,-1,745,723,743,-1,743,723,722,-1,743,722,741,-1,741,722,721,-1,741,721,739,-1,739,721,720,-1,739,720,736,-1,19,78,618,-1,19,618,528,-1,528,618,623,-1,528,623,527,-1,527,623,622,-1,527,622,529,-1,529,622,621,-1,529,621,530,-1,530,621,620,-1,530,620,526,-1,526,620,619,-1,526,619,525,-1,525,619,615,-1,525,615,524,-1,768,544,708,-1,717,713,716,-1,716,713,712,-1,716,712,718,-1,718,712,711,-1,718,711,719,-1,719,711,710,-1,719,710,715,-1,715,710,709,-1,715,709,714,-1,714,709,218,-1,714,218,219,-1,543,768,717,-1,717,768,708,-1,717,708,713,-1,175,177,707,-1,175,707,701,-1,701,707,706,-1,701,706,702,-1,702,706,705,-1,702,705,698,-1,698,705,704,-1,698,704,699,-1,699,704,703,-1,699,703,700,-1,700,703,691,-1,700,691,692,-1,118,172,697,-1,118,697,628,-1,628,697,696,-1,628,696,629,-1,629,696,695,-1,629,695,624,-1,624,695,694,-1,624,694,625,-1,625,694,693,-1,625,693,626,-1,626,693,632,-1,626,632,627,-1,578,585,583,-1,583,581,578,-1,578,581,579,-1,578,579,29,-1,769,586,770,-1,770,586,585,-1,588,30,580,-1,580,582,588,-1,588,582,584,-1,588,584,586,-1,627,632,633,-1,633,632,630,-1,653,652,648,-1,666,667,657,-1,640,648,641,-1,641,648,647,-1,641,647,646,-1,652,651,648,-1,648,651,650,-1,648,650,649,-1,630,640,639,-1,646,645,641,-1,641,645,644,-1,641,644,642,-1,642,644,643,-1,692,691,631,-1,631,691,690,-1,631,690,689,-1,683,630,684,-1,684,630,631,-1,684,631,685,-1,685,631,686,-1,677,676,682,-1,682,676,683,-1,630,656,640,-1,640,656,655,-1,640,655,648,-1,648,655,654,-1,648,654,653,-1,680,679,678,-1,657,656,666,-1,666,656,630,-1,666,630,668,-1,668,630,683,-1,668,683,669,-1,669,683,676,-1,669,676,675,-1,689,688,631,-1,631,688,687,-1,631,687,686,-1,639,638,630,-1,630,638,637,-1,630,637,636,-1,677,682,678,-1,678,682,681,-1,678,681,680,-1,636,635,630,-1,630,635,634,-1,630,634,633,-1,675,674,669,-1,669,674,673,-1,669,673,670,-1,670,673,672,-1,670,672,671,-1,658,132,657,-1,664,662,657,-1,657,662,660,-1,657,660,658,-1,665,664,771,-1,771,664,772,-1,667,133,659,-1,659,661,667,-1,667,661,663,-1,667,663,665,-1,773,774,775,-1,775,774,776,-1,776,774,777,-1,776,777,588,-1,778,775,779,-1,779,775,578,-1,778,780,775,-1,775,780,781,-1,775,781,773,-1,585,578,770,-1,770,578,775,-1,782,783,784,-1,784,783,785,-1,784,785,786,-1,786,785,787,-1,786,787,788,-1,788,787,789,-1,788,789,790,-1,790,789,791,-1,790,791,770,-1,770,791,769,-1,776,588,769,-1,769,588,586,-1,792,793,667,-1,667,793,657,-1,657,793,664,-1,664,793,772,-1,794,795,796,-1,796,795,797,-1,796,797,798,-1,798,797,799,-1,798,799,800,-1,800,799,801,-1,800,801,802,-1,802,801,803,-1,802,803,804,-1,804,803,805,-1,804,805,772,-1,772,805,771,-1,771,792,665,-1,665,792,667,-1,775,776,806,-1,775,806,807,-1,807,806,808,-1,807,808,809,-1,809,808,810,-1,809,810,811,-1,811,810,812,-1,811,812,813,-1,813,812,814,-1,813,814,815,-1,770,775,790,-1,790,775,807,-1,790,807,788,-1,788,807,809,-1,788,809,786,-1,786,809,811,-1,786,811,784,-1,784,811,813,-1,784,813,782,-1,782,813,815,-1,783,782,816,-1,816,782,817,-1,816,817,818,-1,819,820,817,-1,819,817,821,-1,820,822,817,-1,817,822,823,-1,817,823,818,-1,817,824,825,-1,825,826,817,-1,817,826,827,-1,817,827,821,-1,783,814,785,-1,785,814,812,-1,785,812,787,-1,787,812,810,-1,787,810,789,-1,789,810,808,-1,789,808,791,-1,791,808,806,-1,791,806,769,-1,769,806,776,-1,793,792,828,-1,793,828,829,-1,829,828,830,-1,829,830,831,-1,831,830,832,-1,831,832,833,-1,833,832,834,-1,833,834,835,-1,835,834,836,-1,835,836,837,-1,837,836,838,-1,837,838,839,-1,772,793,804,-1,804,793,829,-1,804,829,802,-1,802,829,831,-1,802,831,800,-1,800,831,833,-1,800,833,798,-1,798,833,835,-1,798,835,796,-1,796,835,837,-1,796,837,794,-1,794,837,839,-1,795,838,797,-1,797,838,836,-1,797,836,799,-1,799,836,834,-1,799,834,801,-1,801,834,832,-1,801,832,803,-1,803,832,830,-1,803,830,805,-1,805,830,828,-1,805,828,771,-1,771,828,792,-1,840,841,842,-1,842,841,843,-1,841,844,843,-1,843,844,845,-1,843,845,846,-1,840,847,841,-1,841,847,848,-1,841,848,849,-1,795,794,850,-1,850,794,843,-1,850,843,851,-1,851,843,846,-1,815,814,852,-1,852,814,853,-1,852,853,854,-1,854,855,852,-1,852,855,856,-1,852,856,857,-1,857,858,852,-1,852,858,859,-1,852,859,860,-1,860,861,852,-1,852,861,862,-1,852,862,863,-1,852,817,815,-1,815,817,782,-1,817,852,863,-1,817,863,824,-1,824,863,862,-1,824,862,825,-1,825,862,861,-1,825,861,826,-1,826,861,860,-1,826,860,827,-1,827,860,859,-1,827,859,821,-1,821,859,858,-1,821,858,819,-1,783,816,814,-1,814,816,853,-1,864,865,866,-1,866,865,867,-1,839,838,868,-1,868,838,869,-1,868,869,870,-1,870,869,871,-1,871,869,866,-1,866,869,872,-1,866,872,864,-1,867,873,866,-1,866,873,874,-1,866,874,875,-1,843,794,868,-1,868,794,839,-1,838,795,869,-1,869,795,850,-1,843,868,870,-1,843,870,842,-1,842,870,871,-1,842,871,840,-1,840,871,866,-1,840,866,847,-1,847,866,875,-1,847,875,848,-1,848,875,874,-1,848,874,849,-1,849,874,873,-1,849,873,841,-1,841,873,867,-1,841,867,844,-1,844,867,865,-1,844,865,845,-1,845,865,864,-1,845,864,846,-1,846,864,872,-1,846,872,851,-1,851,872,869,-1,851,869,850,-1,876,877,878,-1,878,877,879,-1,878,879,880,-1,880,879,881,-1,880,881,882,-1,882,881,883,-1,882,883,884,-1,884,883,885,-1,884,885,886,-1,886,885,887,-1,886,887,888,-1,888,887,889,-1,888,889,890,-1,890,889,766,-1,890,766,891,-1,891,766,764,-1,891,764,892,-1,892,764,762,-1,892,762,893,-1,893,762,760,-1,893,760,894,-1,894,760,758,-1,894,758,895,-1,895,758,756,-1,895,756,896,-1,896,756,754,-1,896,754,897,-1,754,752,897,-1,897,752,750,-1,897,750,898,-1,898,750,748,-1,898,748,899,-1,899,748,746,-1,899,746,900,-1,900,746,744,-1,900,744,901,-1,901,744,742,-1,901,742,902,-1,902,742,740,-1,902,740,903,-1,903,740,738,-1,903,738,904,-1,904,738,737,-1,904,737,905,-1,905,737,906,-1,905,906,907,-1,907,906,908,-1,907,908,909,-1,909,908,910,-1,909,910,911,-1,911,910,912,-1,911,912,913,-1,913,912,914,-1,913,914,915,-1,915,914,916,-1,915,916,876,-1,876,916,917,-1,876,917,877,-1,22,21,217,-1,217,21,17,-1,213,215,211,-1,211,215,217,-1,211,217,83,-1,83,217,17,-1,83,17,15,-1,20,51,15,-1,15,51,77,-1,15,77,83,-1,83,77,80,-1,83,80,82,-1,918,919,96,-1,96,919,94,-1,106,918,103,-1,103,918,96,-1,103,96,100,-1,100,96,98,-1,199,202,920,-1,921,190,192,-1,194,195,192,-1,192,195,199,-1,192,199,921,-1,921,199,920,-1,
        ]
    }
}
Shape{
    appearance Appearance {
        material  Material 	{
            diffuseColor 0.25098039215686274 0.25098039215686274 0.25098039215686274
            specularColor 0.25098039215686274 0.25098039215686274 0.25098039215686274
            ambientIntensity 0.251
            transparency 0.0
            shininess 0.5
        }
    }
    geometry IndexedFaceSet {
        ccw TRUE
        solid FALSE
        coord DEF co Coordinate {
            point [
                -0.9771 -0.0085 2.628, -0.9961 0.0025 2.628, -1.0017 0.0041 2.6516, -1.4882 -0.1931 2.6987, -1.5048 -0.1931 2.628, -1.5154 -0.274 2.628, -1.4609 -0.1168 2.6887, -1.475 -0.1173 2.628, -1.504 -0.1874 2.628, -1.4173 -0.0498 2.6727, -1.4277 -0.0508 2.628, -1.4706 -0.1067 2.628, -1.3599 0.0041 2.6516, -1.3653 0.0026 2.628, -1.4174 -0.0374 2.628, -1.247 0.0533 2.628, -1.2674 0.0492 2.628, -1.2788 0.0418 2.6523, -1.2894 0.0401 2.628, -1.3061 0.0332 2.628, -1.2245 0.0578 2.628, -1.2599 0.0418 2.674, -1.2201 0.058 2.628, -1.2363 0.0418 2.6905, -1.2057 0.059 2.628, -1.2094 0.0418 2.7008, -1.1923 0.0599 2.628, -1.1808 0.0418 2.7043, -1.1808 0.0606 2.628, -1.1522 0.0418 2.7008, -1.1693 0.0599 2.628, -1.1253 0.0418 2.6905, -1.1558 0.059 2.628, -1.1017 0.0418 2.674, -1.1414 0.058 2.628, -1.0595 0.037 2.628, -1.073 0.0406 2.628, -1.0828 0.0418 2.6523, -1.1072 0.0497 2.628, -1.1371 0.0578 2.628, -1.0527 0.0352 2.628, -1.0229 0.0041 2.6929, -0.9153 -0.0703 2.628, -0.9342 -0.0514 2.628, -0.9442 -0.0498 2.6727, -0.8716 -0.146 2.628, -0.8877 -0.1181 2.628, -0.9006 -0.1168 2.6887, -0.8734 -0.1931 2.6987, -0.8588 -0.1938 2.628, -0.8641 -0.274 2.702, -0.8461 -0.274 2.628, -0.849 -0.2303 2.628, -1.4974 -0.274 2.702, -1.46 -0.274 2.7751, -1.4519 -0.1931 2.7695, -1.4061 -0.274 2.8369, -1.3995 -0.1931 2.8296, -1.3388 -0.274 2.8839, -1.3342 -0.1931 2.8752, -1.2622 -0.274 2.9133, -1.2598 -0.1931 2.9037, -1.1808 -0.274 2.9232, -1.1808 -0.1931 2.9134, -1.0993 -0.274 2.9133, -1.1017 -0.1931 2.9037, -1.0227 -0.274 2.8839, -1.0273 -0.1931 2.8752, -0.9554 -0.274 2.8369, -0.962 -0.1931 2.8296, -0.9015 -0.274 2.7751, -0.9097 -0.1931 2.7695, -0.9337 -0.1168 2.7533, -0.9814 -0.1168 2.808, -1.0409 -0.1168 2.8496, -1.1087 -0.1168 2.8755, -1.1808 -0.1168 2.8844, -1.2528 -0.1168 2.8755, -1.3206 -0.1168 2.8496, -1.3801 -0.1168 2.808, -1.4279 -0.1168 2.7533, -0.9722 -0.0498 2.7272, -1.0125 -0.0498 2.7734, -1.0627 -0.0498 2.8085, -1.1199 -0.0498 2.8304, -1.1808 -0.0498 2.8379, -1.2416 -0.0498 2.8304, -1.2988 -0.0498 2.8085, -1.3491 -0.0498 2.7734, -1.3894 -0.0498 2.7272, -1.0534 0.0041 2.7279, -1.0914 0.0041 2.7544, -1.1347 0.0041 2.771, -1.1808 0.0041 2.7767, -1.2268 0.0041 2.771, -1.2702 0.0041 2.7544, -1.3082 0.0041 2.7279, -1.3387 0.0041 2.6929, -1.3481 0.0158 2.628, 0.9777 2.7676 2.628, 0.9968 2.7566 2.628, 1.0024 2.7549 2.6516, 1.4888 2.9521 2.6987, 1.5054 2.9522 2.628, 1.5161 3.0331 2.628, 1.4616 2.8759 2.6887, 1.4756 2.8764 2.628, 1.5047 2.9465 2.628, 1.418 2.8088 2.6727, 1.4284 2.8099 2.628, 1.4712 2.8657 2.628, 1.3605 2.7549 2.6516, 1.366 2.7565 2.628, 1.4181 2.7964 2.628, 1.2476 2.7058 2.628, 1.268 2.7098 2.628, 1.2794 2.7173 2.6523, 1.29 2.7189 2.628, 1.3068 2.7259 2.628, 1.2251 2.7013 2.628, 1.2605 2.7173 2.674, 1.2208 2.701 2.628, 1.2369 2.7173 2.6905, 1.2064 2.7001 2.628, 1.21 2.7173 2.7008, 1.1929 2.6992 2.628, 1.1814 2.7173 2.7043, 1.1814 2.6984 2.628, 1.1528 2.7173 2.7008, 1.1699 2.6992 2.628, 1.1259 2.7173 2.6905, 1.1565 2.7001 2.628, 1.1023 2.7173 2.674, 1.1421 2.701 2.628, 1.0602 2.7221 2.628, 1.0736 2.7185 2.628, 1.0834 2.7173 2.6523, 1.1078 2.7093 2.628, 1.1377 2.7013 2.628, 1.0534 2.7239 2.628, 1.0235 2.7549 2.6929, 0.9159 2.8293 2.628, 0.9348 2.8105 2.628, 0.9449 2.8088 2.6727, 0.8723 2.905 2.628, 0.8883 2.8772 2.628, 0.9013 2.8759 2.6887, 0.874 2.9521 2.6987, 0.8594 2.9528 2.628, 0.8648 3.0331 2.702, 0.8468 3.0331 2.628, 0.8496 2.9894 2.628, 1.4981 3.0331 2.702, 1.4607 3.0331 2.7751, 1.4525 2.9521 2.7695, 1.4068 3.0331 2.8369, 1.4002 2.9521 2.8296, 1.3395 3.0331 2.8839, 1.3349 2.9521 2.8752, 1.2629 3.0331 2.9133, 1.2605 2.9521 2.9037, 1.1814 3.0331 2.9232, 1.1814 2.9521 2.9134, 1.1 3.0331 2.9133, 1.1024 2.9521 2.9037, 1.0234 3.0331 2.8839, 1.028 2.9521 2.8752, 0.9561 3.0331 2.8369, 0.9627 2.9521 2.8296, 0.9022 3.0331 2.7751, 0.9103 2.9521 2.7695, 0.9344 2.8759 2.7533, 0.9821 2.8759 2.808, 1.0416 2.8759 2.8496, 1.1094 2.8759 2.8755, 1.1814 2.8759 2.8844, 1.2535 2.8759 2.8755, 1.3213 2.8759 2.8496, 1.3808 2.8759 2.808, 1.4285 2.8759 2.7533, 0.9728 2.8088 2.7272, 1.0131 2.8088 2.7734, 1.0634 2.8088 2.8085, 1.1206 2.8088 2.8304, 1.1814 2.8088 2.8379, 1.2423 2.8088 2.8304, 1.2995 2.8088 2.8085, 1.3497 2.8088 2.7734, 1.39 2.8088 2.7272, 1.054 2.7549 2.7279, 1.092 2.7549 2.7544, 1.1354 2.7549 2.771, 1.1814 2.7549 2.7767, 1.2275 2.7549 2.771, 1.2708 2.7549 2.7544, 1.3088 2.7549 2.7279, 1.3393 2.7549 2.6929, 1.3487 2.7433 2.628, -0.9442 3.2697 2.628, -0.9962 3.3096 2.628, -1.0017 3.3112 2.6516, -1.0555 3.3403 2.628, -1.0722 3.3472 2.628, -1.0828 3.3489 2.6523, -1.3845 3.2986 2.628, -1.4274 3.2557 2.628, -1.4173 3.2573 2.6727, -1.4882 3.114 2.6987, -1.5028 3.1133 2.628, -1.5126 3.0767 2.628, -1.4463 3.2368 2.628, -1.4739 3.189 2.628, -1.4609 3.1903 2.6887, -1.49 3.1611 2.628, -1.2544 3.3568 2.628, -1.2886 3.3477 2.628, -1.2788 3.3489 2.6523, -1.302 3.3441 2.628, -1.2245 3.3648 2.628, -1.2599 3.3489 2.674, -1.2201 3.3651 2.628, -1.2363 3.3489 2.6905, -1.2057 3.3661 2.628, -1.2094 3.3489 2.7008, -1.1923 3.367 2.628, -1.1808 3.3489 2.7043, -1.1808 3.3677 2.628, -1.1522 3.3489 2.7008, -1.1693 3.367 2.628, -1.1253 3.3489 2.6905, -1.1558 3.3661 2.628, -1.1017 3.3489 2.674, -1.1414 3.3651 2.628, -1.0942 3.3563 2.628, -1.1146 3.3604 2.628, -1.1371 3.3648 2.628, -1.0135 3.3229 2.628, -1.0229 3.3112 2.6929, -0.891 3.2004 2.628, -0.9338 3.2563 2.628, -0.9442 3.2573 2.6727, -0.8575 3.1197 2.628, -0.8866 3.1898 2.628, -0.9006 3.1903 2.6887, -0.8734 3.114 2.6987, -0.8568 3.1139 2.628, -0.8641 3.0331 2.702, -0.8461 3.0331 2.628, -0.9097 3.114 2.7695, -0.9015 3.0331 2.7751, -0.962 3.114 2.8296, -0.9554 3.0331 2.8369, -1.0273 3.114 2.8752, -1.0227 3.0331 2.8839, -1.1017 3.114 2.9037, -1.0993 3.0331 2.9133, -1.1808 3.114 2.9134, -1.1808 3.0331 2.9232, -1.2598 3.114 2.9037, -1.2622 3.0331 2.9133, -1.3342 3.114 2.8752, -1.3388 3.0331 2.8839, -1.3995 3.114 2.8296, -1.4061 3.0331 2.8369, -1.4519 3.114 2.7695, -1.46 3.0331 2.7751, -1.4974 3.0331 2.702, -1.5154 3.0331 2.628, -0.9337 3.1903 2.7533, -0.9814 3.1903 2.808, -1.0409 3.1903 2.8496, -1.1087 3.1903 2.8755, -1.1808 3.1903 2.8844, -1.2528 3.1903 2.8755, -1.3206 3.1903 2.8496, -1.3801 3.1903 2.808, -1.4279 3.1903 2.7533, -0.9722 3.2573 2.7272, -1.0125 3.2573 2.7734, -1.0627 3.2573 2.8085, -1.1199 3.2573 2.8304, -1.1808 3.2573 2.8379, -1.2416 3.2573 2.8304, -1.2988 3.2573 2.8085, -1.3491 3.2573 2.7734, -1.3894 3.2573 2.7272, -1.0534 3.3112 2.7279, -1.0914 3.3112 2.7544, -1.1347 3.3112 2.771, -1.1808 3.3112 2.7767, -1.2268 3.3112 2.771, -1.2702 3.3112 2.7544, -1.3082 3.3112 2.7279, -1.3387 3.3112 2.6929, -1.3599 3.3112 2.6516, -1.3654 3.3096 2.628, -1.3088 3.3422 2.628, 0.1505 1.4198 0.3543, -0.1552 1.3795 0.3543, -0.1499 1.4198 0.3543, 0.135 1.3018 0.3543, -0.0774 1.2448 0.3543, 0.1505 1.3393 0.3543, -0.1096 1.2696 0.3543, -0.1344 1.3018 0.3543, 0.1558 1.3795 0.3543, -0.1499 1.3393 0.3543, -0.1344 1.4573 0.3543, -0.1096 1.4895 0.3543, -0.0774 1.5142 0.3543, 0.1103 1.2696 0.3543, 0.0781 1.2448 0.3543, -0.0399 1.2293 0.3543, 0.0406 1.2293 0.3543, 0.0003 1.224 0.3543, 0.1103 1.4895 0.3543, 0.0003 1.535 0.3543, 0.0781 1.5142 0.3543, 0.0406 1.5297 0.3543, -0.0399 1.5297 0.3543, 0.135 1.4573 0.3543, -0.2339 1.3795 0.4331, -0.2259 1.4402 0.4331, -0.2025 1.4966 0.4331, -0.1653 1.5452 0.4331, -0.1168 1.5824 0.4331, -0.0603 1.6058 0.4331, 0.0003 1.6138 0.4331, 0.061 1.6058 0.4331, 0.1174 1.5824 0.4331, 0.166 1.5452 0.4331, 0.2032 1.4966 0.4331, 0.2266 1.4402 0.4331, 0.2346 1.3795 0.4331, -0.2339 1.3795 0.7067, -0.2259 1.4402 0.7067, -0.2025 1.4966 0.7067, -0.1653 1.5452 0.7067, -0.1168 1.5824 0.7067, -0.0603 1.6058 0.7067, 0.0003 1.6138 0.7067, 0.061 1.6058 0.7067, 0.1174 1.5824 0.7067, 0.166 1.5452 0.7067, 0.2032 1.4966 0.7067, 0.2266 1.4402 0.7067, 0.2346 1.3795 0.7067, 0.9448 -0.5107 2.628, 0.9969 -0.5506 2.628, 1.0024 -0.5522 2.6516, 1.0561 -0.5812 2.628, 1.0728 -0.5882 2.628, 1.0834 -0.5898 2.6523, 1.3851 -0.5395 2.628, 1.428 -0.4966 2.628, 1.418 -0.4983 2.6727, 1.4888 -0.355 2.6987, 1.5034 -0.3543 2.628, 1.5132 -0.3177 2.628, 1.4469 -0.4777 2.628, 1.4745 -0.4299 2.628, 1.4616 -0.4312 2.6887, 1.4906 -0.4021 2.628, 1.255 -0.5978 2.628, 1.2892 -0.5886 2.628, 1.2794 -0.5898 2.6523, 1.3027 -0.585 2.628, 1.2251 -0.6058 2.628, 1.2605 -0.5898 2.674, 1.2208 -0.6061 2.628, 1.2369 -0.5898 2.6905, 1.2064 -0.607 2.628, 1.21 -0.5898 2.7008, 1.1929 -0.6079 2.628, 1.1814 -0.5898 2.7043, 1.1814 -0.6087 2.628, 1.1528 -0.5898 2.7008, 1.1699 -0.6079 2.628, 1.1259 -0.5898 2.6905, 1.1565 -0.607 2.628, 1.1023 -0.5898 2.674, 1.1421 -0.6061 2.628, 1.0948 -0.5973 2.628, 1.1152 -0.6013 2.628, 1.1377 -0.6058 2.628, 1.0141 -0.5638 2.628, 1.0235 -0.5522 2.6929, 0.8916 -0.4413 2.628, 0.9345 -0.4972 2.628, 0.9449 -0.4983 2.6727, 0.8582 -0.3606 2.628, 0.8872 -0.4307 2.628, 0.9013 -0.4312 2.6887, 0.874 -0.355 2.6987, 0.8574 -0.3549 2.628, 0.8648 -0.274 2.702, 0.8468 -0.274 2.628, 0.9103 -0.355 2.7695, 0.9022 -0.274 2.7751, 0.9627 -0.355 2.8296, 0.9561 -0.274 2.8369, 1.028 -0.355 2.8752, 1.0234 -0.274 2.8839, 1.1024 -0.355 2.9037, 1.1 -0.274 2.9133, 1.1814 -0.355 2.9134, 1.1814 -0.274 2.9232, 1.2605 -0.355 2.9037, 1.2629 -0.274 2.9133, 1.3349 -0.355 2.8752, 1.3395 -0.274 2.8839, 1.4002 -0.355 2.8296, 1.4068 -0.274 2.8369, 1.4525 -0.355 2.7695, 1.4607 -0.274 2.7751, 1.4981 -0.274 2.702, 1.5161 -0.274 2.628, 0.9344 -0.4312 2.7533, 0.9821 -0.4312 2.808, 1.0416 -0.4312 2.8496, 1.1094 -0.4312 2.8755, 1.1814 -0.4312 2.8844, 1.2535 -0.4312 2.8755, 1.3213 -0.4312 2.8496, 1.3808 -0.4312 2.808, 1.4285 -0.4312 2.7533, 0.9728 -0.4983 2.7272, 1.0131 -0.4983 2.7734, 1.0634 -0.4983 2.8085, 1.1206 -0.4983 2.8304, 1.1814 -0.4983 2.8379, 1.2423 -0.4983 2.8304, 1.2995 -0.4983 2.8085, 1.3497 -0.4983 2.7734, 1.39 -0.4983 2.7272, 1.054 -0.5522 2.7279, 1.092 -0.5522 2.7544, 1.1354 -0.5522 2.771, 1.1814 -0.5522 2.7767, 1.2275 -0.5522 2.771, 1.2708 -0.5522 2.7544, 1.3088 -0.5522 2.7279, 1.3393 -0.5522 2.6929, 1.3605 -0.5522 2.6516, 1.3661 -0.5505 2.628, 1.3095 -0.5832 2.628, -0.8068 -1.1008 0.876, -0.796 -1.0193 0.876, -0.1768 -1.1008 0.876, -0.7646 -0.9433 0.876, -0.7145 -0.8781 0.876, -0.6493 -0.828 0.876, -0.5733 -0.7966 0.876, -0.2691 -0.8781 0.876, -0.219 -0.9433 0.876, -0.3343 -0.828 0.876, -0.4103 -0.7966 0.876, -0.4918 -0.7858 0.876, -0.1876 -1.0193 0.876, 0.8074 -1.1008 0.876, 0.1775 -1.1008 0.876, 0.1882 -1.0193 0.876, 0.2197 -0.9433 0.876, 0.2697 -0.8781 0.876, 0.7967 -1.0193 0.876, 0.335 -0.828 0.876, 0.4109 -0.7966 0.876, 0.4924 -0.7858 0.876, 0.574 -0.7966 0.876, 0.6499 -0.828 0.876, 0.7152 -0.8781 0.876, 0.7652 -0.9433 0.876, -1.3383 1.7732 0.876, -1.3383 2.0477 0.876, -1.1788 2.3003 0.876, -0.1965 2.6176 0.876, -0.1965 1.7653 0.876, -0.2723 1.716 0.876, -0.7272 2.6868 0.876, -0.9724 2.5162 0.876, -0.3362 1.6521 0.876, -1.2398 1.6027 0.876, -1.2806 1.634 0.876, -1.3119 1.6748 0.876, -1.3316 1.7223 0.876, -1.1414 1.5764 0.876, -0.3854 1.5764 0.876, -0.453 2.8052 0.876, -0.4077 2.814 0.876, -0.3617 2.8119 0.876, -1.1924 1.5831 0.876, -0.2434 2.7451 0.876, -0.2772 2.7765 0.876, -0.3173 2.7992 0.876, -0.2178 2.7067 0.876, -0.2019 2.6635 0.876, -1.1414 1.1827 0.876, -0.3854 1.1827 0.876, -0.3362 1.1069 0.876, -1.1924 1.176 0.876, -1.3383 0.9858 0.876, -1.3383 0.0409 0.876, -0.2723 1.043 0.876, -0.3934 0.0409 0.876, -0.1965 0.9938 0.876, -0.1965 0.2378 0.876, -1.3119 1.0842 0.876, -1.2806 1.125 0.876, -1.2398 1.1563 0.876, -0.2229 0.1394 0.876, -0.2542 0.0986 0.876, -0.295 0.0673 0.876, -0.2032 0.1868 0.876, -0.3424 0.0476 0.876, -1.3316 1.0368 0.876, 1.3389 0.9858 0.876, 1.3389 0.0409 0.876, 1.2523 0.0409 0.876, 0.2729 1.043 0.876, 0.3368 1.1069 0.876, 1.1814 0.0488 0.876, 0.1972 0.2378 0.876, 0.1972 0.9938 0.876, 0.3861 1.1827 0.876, 1.1421 1.1827 0.876, 1.193 1.176 0.876, 1.3322 1.0368 0.876, 1.3125 1.0842 0.876, 1.2812 1.125 0.876, 1.2405 1.1563 0.876, 1.1106 0.0409 0.876, 0.394 0.0409 0.876, 0.3431 0.0476 0.876, 0.2956 0.0673 0.876, 0.2548 0.0986 0.876, 0.2235 0.1394 0.876, 0.2039 0.1868 0.876, 0.2729 1.716 0.876, 0.9731 2.5162 0.876, 0.3368 1.6521 0.876, 1.1795 2.3003 0.876, 1.3389 2.0477 0.876, 1.3389 1.7732 0.876, 1.1421 1.5764 0.876, 0.3861 1.5764 0.876, 0.1972 1.7653 0.876, 0.1972 2.6176 0.876, 0.7279 2.6868 0.876, 1.3125 1.6748 0.876, 1.2812 1.634 0.876, 1.2405 1.6027 0.876, 1.3322 1.7223 0.876, 1.193 1.5831 0.876, 0.4537 2.8052 0.876, 0.2026 2.6635 0.876, 0.2185 2.7067 0.876, 0.4084 2.814 0.876, 0.3623 2.8119 0.876, 0.318 2.7992 0.876, 0.244 2.7451 0.876, 0.2778 2.7765 0.876
            ]
        }
        coordIndex [
            0,1,2,-1,3,4,5,-1,6,7,8,-1,9,10,11,-1,12,13,14,-1,15,16,17,-1,17,16,18,-1,17,18,19,-1,15,17,20,-1,20,17,21,-1,20,21,22,-1,22,21,23,-1,22,23,24,-1,24,23,25,-1,24,25,26,-1,26,25,27,-1,26,27,28,-1,28,27,29,-1,28,29,30,-1,30,29,31,-1,30,31,32,-1,32,31,33,-1,32,33,34,-1,35,36,37,-1,37,36,38,-1,37,38,33,-1,33,38,39,-1,33,39,34,-1,1,40,2,-1,2,40,35,-1,2,35,41,-1,42,43,44,-1,44,43,0,-1,45,46,47,-1,47,46,42,-1,48,49,45,-1,50,51,52,-1,5,53,3,-1,3,53,54,-1,3,54,55,-1,55,54,56,-1,55,56,57,-1,57,56,58,-1,57,58,59,-1,59,58,60,-1,59,60,61,-1,61,60,62,-1,61,62,63,-1,63,62,64,-1,63,64,65,-1,65,64,66,-1,65,66,67,-1,67,66,68,-1,67,68,69,-1,69,68,70,-1,69,70,71,-1,71,70,50,-1,71,50,48,-1,48,50,52,-1,48,52,49,-1,45,47,48,-1,48,47,72,-1,48,72,71,-1,71,72,73,-1,71,73,69,-1,69,73,74,-1,69,74,67,-1,67,74,75,-1,67,75,65,-1,65,75,76,-1,65,76,63,-1,63,76,77,-1,63,77,61,-1,61,77,78,-1,61,78,59,-1,59,78,79,-1,59,79,57,-1,57,79,80,-1,57,80,55,-1,55,80,6,-1,55,6,3,-1,3,6,8,-1,3,8,4,-1,42,44,47,-1,47,44,81,-1,47,81,72,-1,72,81,82,-1,72,82,73,-1,73,82,83,-1,73,83,74,-1,74,83,84,-1,74,84,75,-1,75,84,85,-1,75,85,76,-1,76,85,86,-1,76,86,77,-1,77,86,87,-1,77,87,78,-1,78,87,88,-1,78,88,79,-1,79,88,89,-1,79,89,80,-1,80,89,9,-1,80,9,6,-1,6,9,11,-1,6,11,7,-1,0,2,44,-1,44,2,41,-1,44,41,81,-1,81,41,90,-1,81,90,82,-1,82,90,91,-1,82,91,83,-1,83,91,92,-1,83,92,84,-1,84,92,93,-1,84,93,85,-1,85,93,94,-1,85,94,86,-1,86,94,95,-1,86,95,87,-1,87,95,96,-1,87,96,88,-1,88,96,97,-1,88,97,89,-1,89,97,12,-1,89,12,9,-1,9,12,14,-1,9,14,10,-1,35,37,41,-1,41,37,33,-1,41,33,90,-1,90,33,31,-1,90,31,91,-1,91,31,29,-1,91,29,92,-1,92,29,27,-1,92,27,93,-1,93,27,25,-1,93,25,94,-1,94,25,23,-1,94,23,95,-1,95,23,21,-1,95,21,96,-1,96,21,17,-1,96,17,97,-1,97,17,19,-1,97,19,12,-1,12,19,98,-1,12,98,13,-1,99,100,101,-1,102,103,104,-1,105,106,107,-1,108,109,110,-1,111,112,113,-1,114,115,116,-1,116,115,117,-1,116,117,118,-1,114,116,119,-1,119,116,120,-1,119,120,121,-1,121,120,122,-1,121,122,123,-1,123,122,124,-1,123,124,125,-1,125,124,126,-1,125,126,127,-1,127,126,128,-1,127,128,129,-1,129,128,130,-1,129,130,131,-1,131,130,132,-1,131,132,133,-1,134,135,136,-1,136,135,137,-1,136,137,132,-1,132,137,138,-1,132,138,133,-1,100,139,101,-1,101,139,134,-1,101,134,140,-1,141,142,143,-1,143,142,99,-1,144,145,146,-1,146,145,141,-1,147,148,144,-1,149,150,151,-1,104,152,102,-1,102,152,153,-1,102,153,154,-1,154,153,155,-1,154,155,156,-1,156,155,157,-1,156,157,158,-1,158,157,159,-1,158,159,160,-1,160,159,161,-1,160,161,162,-1,162,161,163,-1,162,163,164,-1,164,163,165,-1,164,165,166,-1,166,165,167,-1,166,167,168,-1,168,167,169,-1,168,169,170,-1,170,169,149,-1,170,149,147,-1,147,149,151,-1,147,151,148,-1,144,146,147,-1,147,146,171,-1,147,171,170,-1,170,171,172,-1,170,172,168,-1,168,172,173,-1,168,173,166,-1,166,173,174,-1,166,174,164,-1,164,174,175,-1,164,175,162,-1,162,175,176,-1,162,176,160,-1,160,176,177,-1,160,177,158,-1,158,177,178,-1,158,178,156,-1,156,178,179,-1,156,179,154,-1,154,179,105,-1,154,105,102,-1,102,105,107,-1,102,107,103,-1,141,143,146,-1,146,143,180,-1,146,180,171,-1,171,180,181,-1,171,181,172,-1,172,181,182,-1,172,182,173,-1,173,182,183,-1,173,183,174,-1,174,183,184,-1,174,184,175,-1,175,184,185,-1,175,185,176,-1,176,185,186,-1,176,186,177,-1,177,186,187,-1,177,187,178,-1,178,187,188,-1,178,188,179,-1,179,188,108,-1,179,108,105,-1,105,108,110,-1,105,110,106,-1,99,101,143,-1,143,101,140,-1,143,140,180,-1,180,140,189,-1,180,189,181,-1,181,189,190,-1,181,190,182,-1,182,190,191,-1,182,191,183,-1,183,191,192,-1,183,192,184,-1,184,192,193,-1,184,193,185,-1,185,193,194,-1,185,194,186,-1,186,194,195,-1,186,195,187,-1,187,195,196,-1,187,196,188,-1,188,196,111,-1,188,111,108,-1,108,111,113,-1,108,113,109,-1,134,136,140,-1,140,136,132,-1,140,132,189,-1,189,132,130,-1,189,130,190,-1,190,130,128,-1,190,128,191,-1,191,128,126,-1,191,126,192,-1,192,126,124,-1,192,124,193,-1,193,124,122,-1,193,122,194,-1,194,122,120,-1,194,120,195,-1,195,120,116,-1,195,116,196,-1,196,116,118,-1,196,118,111,-1,111,118,197,-1,111,197,112,-1,198,199,200,-1,201,202,203,-1,204,205,206,-1,207,208,209,-1,210,211,212,-1,212,211,213,-1,214,215,216,-1,216,215,217,-1,214,216,218,-1,218,216,219,-1,218,219,220,-1,220,219,221,-1,220,221,222,-1,222,221,223,-1,222,223,224,-1,224,223,225,-1,224,225,226,-1,226,225,227,-1,226,227,228,-1,228,227,229,-1,228,229,230,-1,230,229,231,-1,230,231,232,-1,202,233,203,-1,203,233,234,-1,203,234,231,-1,231,234,235,-1,231,235,232,-1,199,236,200,-1,200,236,201,-1,200,201,237,-1,238,239,240,-1,240,239,198,-1,241,242,243,-1,243,242,238,-1,244,245,241,-1,246,247,245,-1,245,244,246,-1,246,244,248,-1,246,248,249,-1,249,248,250,-1,249,250,251,-1,251,250,252,-1,251,252,253,-1,253,252,254,-1,253,254,255,-1,255,254,256,-1,255,256,257,-1,257,256,258,-1,257,258,259,-1,259,258,260,-1,259,260,261,-1,261,260,262,-1,261,262,263,-1,263,262,264,-1,263,264,265,-1,265,264,207,-1,265,207,266,-1,266,207,209,-1,266,209,267,-1,241,243,244,-1,244,243,268,-1,244,268,248,-1,248,268,269,-1,248,269,250,-1,250,269,270,-1,250,270,252,-1,252,270,271,-1,252,271,254,-1,254,271,272,-1,254,272,256,-1,256,272,273,-1,256,273,258,-1,258,273,274,-1,258,274,260,-1,260,274,275,-1,260,275,262,-1,262,275,276,-1,262,276,264,-1,264,276,212,-1,264,212,207,-1,207,212,213,-1,207,213,208,-1,238,240,243,-1,243,240,277,-1,243,277,268,-1,268,277,278,-1,268,278,269,-1,269,278,279,-1,269,279,270,-1,270,279,280,-1,270,280,271,-1,271,280,281,-1,271,281,272,-1,272,281,282,-1,272,282,273,-1,273,282,283,-1,273,283,274,-1,274,283,284,-1,274,284,275,-1,275,284,285,-1,275,285,276,-1,276,285,206,-1,276,206,212,-1,212,206,205,-1,212,205,210,-1,198,200,240,-1,240,200,237,-1,240,237,277,-1,277,237,286,-1,277,286,278,-1,278,286,287,-1,278,287,279,-1,279,287,288,-1,279,288,280,-1,280,288,289,-1,280,289,281,-1,281,289,290,-1,281,290,282,-1,282,290,291,-1,282,291,283,-1,283,291,292,-1,283,292,284,-1,284,292,293,-1,284,293,285,-1,285,293,294,-1,285,294,206,-1,206,294,295,-1,206,295,204,-1,201,203,237,-1,237,203,231,-1,237,231,286,-1,286,231,229,-1,286,229,287,-1,287,229,227,-1,287,227,288,-1,288,227,225,-1,288,225,289,-1,289,225,223,-1,289,223,290,-1,290,223,221,-1,290,221,291,-1,291,221,219,-1,291,219,292,-1,292,219,216,-1,292,216,293,-1,293,216,217,-1,293,217,294,-1,294,217,296,-1,294,296,295,-1,297,298,299,-1,300,301,302,-1,302,301,303,-1,302,303,304,-1,297,305,298,-1,298,305,302,-1,298,302,306,-1,306,302,304,-1,299,307,297,-1,297,307,308,-1,297,308,309,-1,300,310,301,-1,301,310,311,-1,301,311,312,-1,312,311,313,-1,312,313,314,-1,315,316,317,-1,317,316,318,-1,309,319,297,-1,297,319,316,-1,297,316,320,-1,320,316,315,-1,298,321,322,-1,298,322,299,-1,299,322,323,-1,299,323,307,-1,307,323,324,-1,307,324,308,-1,308,324,325,-1,308,325,309,-1,309,325,326,-1,309,326,319,-1,319,326,327,-1,319,327,316,-1,316,327,328,-1,316,328,318,-1,318,328,329,-1,318,329,317,-1,317,329,330,-1,317,330,315,-1,315,330,331,-1,315,331,320,-1,320,331,332,-1,320,332,297,-1,297,332,333,-1,297,333,305,-1,321,334,335,-1,321,335,322,-1,322,335,336,-1,322,336,323,-1,323,336,337,-1,323,337,324,-1,324,337,338,-1,324,338,325,-1,325,338,339,-1,325,339,326,-1,326,339,340,-1,326,340,327,-1,327,340,341,-1,327,341,328,-1,328,341,342,-1,328,342,329,-1,329,342,343,-1,329,343,330,-1,330,343,344,-1,330,344,331,-1,331,344,345,-1,331,345,332,-1,332,345,346,-1,332,346,333,-1,347,348,349,-1,350,351,352,-1,353,354,355,-1,356,357,358,-1,359,360,361,-1,361,360,362,-1,363,364,365,-1,365,364,366,-1,363,365,367,-1,367,365,368,-1,367,368,369,-1,369,368,370,-1,369,370,371,-1,371,370,372,-1,371,372,373,-1,373,372,374,-1,373,374,375,-1,375,374,376,-1,375,376,377,-1,377,376,378,-1,377,378,379,-1,379,378,380,-1,379,380,381,-1,351,382,352,-1,352,382,383,-1,352,383,380,-1,380,383,384,-1,380,384,381,-1,348,385,349,-1,349,385,350,-1,349,350,386,-1,387,388,389,-1,389,388,347,-1,390,391,392,-1,392,391,387,-1,393,394,390,-1,395,396,394,-1,394,393,395,-1,395,393,397,-1,395,397,398,-1,398,397,399,-1,398,399,400,-1,400,399,401,-1,400,401,402,-1,402,401,403,-1,402,403,404,-1,404,403,405,-1,404,405,406,-1,406,405,407,-1,406,407,408,-1,408,407,409,-1,408,409,410,-1,410,409,411,-1,410,411,412,-1,412,411,413,-1,412,413,414,-1,414,413,356,-1,414,356,415,-1,415,356,358,-1,415,358,416,-1,390,392,393,-1,393,392,417,-1,393,417,397,-1,397,417,418,-1,397,418,399,-1,399,418,419,-1,399,419,401,-1,401,419,420,-1,401,420,403,-1,403,420,421,-1,403,421,405,-1,405,421,422,-1,405,422,407,-1,407,422,423,-1,407,423,409,-1,409,423,424,-1,409,424,411,-1,411,424,425,-1,411,425,413,-1,413,425,361,-1,413,361,356,-1,356,361,362,-1,356,362,357,-1,387,389,392,-1,392,389,426,-1,392,426,417,-1,417,426,427,-1,417,427,418,-1,418,427,428,-1,418,428,419,-1,419,428,429,-1,419,429,420,-1,420,429,430,-1,420,430,421,-1,421,430,431,-1,421,431,422,-1,422,431,432,-1,422,432,423,-1,423,432,433,-1,423,433,424,-1,424,433,434,-1,424,434,425,-1,425,434,355,-1,425,355,361,-1,361,355,354,-1,361,354,359,-1,347,349,389,-1,389,349,386,-1,389,386,426,-1,426,386,435,-1,426,435,427,-1,427,435,436,-1,427,436,428,-1,428,436,437,-1,428,437,429,-1,429,437,438,-1,429,438,430,-1,430,438,439,-1,430,439,431,-1,431,439,440,-1,431,440,432,-1,432,440,441,-1,432,441,433,-1,433,441,442,-1,433,442,434,-1,434,442,443,-1,434,443,355,-1,355,443,444,-1,355,444,353,-1,350,352,386,-1,386,352,380,-1,386,380,435,-1,435,380,378,-1,435,378,436,-1,436,378,376,-1,436,376,437,-1,437,376,374,-1,437,374,438,-1,438,374,372,-1,438,372,439,-1,439,372,370,-1,439,370,440,-1,440,370,368,-1,440,368,441,-1,441,368,365,-1,441,365,442,-1,442,365,366,-1,442,366,443,-1,443,366,445,-1,443,445,444,-1,446,447,448,-1,448,447,449,-1,449,450,448,-1,448,450,451,-1,448,451,452,-1,453,454,455,-1,455,454,456,-1,452,457,448,-1,448,457,456,-1,448,456,458,-1,458,456,454,-1,459,460,461,-1,461,462,459,-1,459,462,463,-1,459,463,464,-1,463,465,466,-1,466,467,463,-1,463,467,468,-1,463,468,469,-1,469,470,463,-1,463,470,471,-1,463,471,464,-1,472,473,474,-1,475,476,477,-1,478,475,479,-1,479,475,477,-1,479,477,474,-1,474,477,480,-1,481,482,483,-1,484,472,485,-1,485,472,474,-1,485,474,486,-1,486,474,480,-1,478,487,475,-1,475,487,488,-1,475,488,489,-1,484,485,483,-1,483,485,490,-1,483,490,481,-1,491,489,492,-1,492,489,493,-1,491,494,489,-1,489,494,495,-1,489,495,475,-1,496,497,498,-1,499,496,500,-1,500,496,501,-1,496,498,501,-1,501,498,502,-1,501,502,503,-1,503,502,504,-1,503,504,505,-1,506,507,508,-1,509,510,511,-1,505,512,503,-1,503,512,509,-1,503,509,513,-1,513,509,511,-1,499,500,508,-1,508,500,514,-1,508,514,506,-1,515,516,517,-1,518,519,520,-1,521,522,518,-1,519,523,520,-1,520,523,524,-1,520,524,525,-1,526,515,527,-1,527,515,517,-1,527,517,528,-1,528,517,520,-1,528,520,529,-1,529,520,525,-1,520,530,518,-1,518,530,531,-1,518,531,521,-1,521,531,532,-1,521,532,533,-1,533,534,521,-1,521,534,535,-1,521,535,536,-1,537,538,539,-1,539,538,540,-1,539,540,541,-1,541,542,539,-1,539,542,543,-1,539,543,544,-1,537,545,538,-1,538,545,546,-1,538,546,547,-1,548,549,550,-1,542,551,543,-1,543,551,548,-1,543,548,552,-1,552,548,550,-1,547,546,553,-1,553,546,554,-1,553,554,555,-1,556,553,557,-1,557,553,558,-1,555,559,553,-1,553,559,560,-1,553,560,558,-1,
        ]
    }
}
Shape{
    appearance Appearance {
        material  Material 	{
            diffuseColor 0.7529411764705882 0.7529411764705882 0.7529411764705882
            specularColor 0.3764705882352941 0.3764705882352941 0.3764705882352941
            ambientIntensity 0.7529
            transparency 0.0
            shininess 0.5
        }
    }
    geometry IndexedFaceSet {
        ccw TRUE
        solid FALSE
        coord DEF co Coordinate {
            point [
                0.2956 -1.2386 1.3091, 0.2956 -1.2386 1.1909, 0.2956 -1.1008 1.3091, 0.2956 -1.1008 1.1909, -0.295 -1.2386 1.1909, -0.295 -1.2386 1.3091, -0.295 -1.1008 1.1909, -0.295 -1.1008 1.3091, 0.2956 -1.259 1.1883, 0.2956 -1.2895 1.3024, 0.2956 -1.278 1.1804, 0.2956 -1.337 1.2827, 0.2956 -1.2943 1.1679, 0.2956 -1.3778 1.2514, 0.2956 -1.3068 1.1516, 0.2956 -1.4091 1.2106, 0.2956 -1.3146 1.1326, 0.2956 -1.4287 1.1632, 0.2956 -1.3173 1.1122, 0.2956 -1.4354 1.1122, -0.295 -1.3173 1.1122, -0.295 -1.4354 1.1122, -0.295 -1.3146 1.1326, -0.295 -1.4287 1.1632, -0.295 -1.3068 1.1516, -0.295 -1.4091 1.2106, -0.295 -1.2943 1.1679, -0.295 -1.3778 1.2514, -0.295 -1.278 1.1804, -0.295 -1.337 1.2827, -0.295 -1.259 1.1883, -0.295 -1.2895 1.3024, 0.0791 -1.3173 0.3913, 0.0706 -1.298 0.3913, 0.0686 -1.298 0.4081, 0.0575 -1.2815 0.3913, 0.0559 -1.2815 0.405, 0.0407 -1.2689 0.3913, 0.0395 -1.2689 0.401, 0.0003 -1.2583 0.3913, -0.0182 -1.261 0.401, -0.0153 -1.261 0.4051, -0.02 -1.261 0.3963, -0.0206 -1.261 0.3913, -0.0071 -1.261 0.4108, -0.0022 -1.261 0.412, -0.0115 -1.261 0.4085, 0.0077 -1.261 0.4108, 0.0122 -1.261 0.4085, 0.0028 -1.261 0.412, 0.0188 -1.261 0.401, 0.0206 -1.261 0.3963, 0.016 -1.261 0.4051, 0.0212 -1.261 0.3913, 0.0361 -1.2689 0.4101, 0.0305 -1.2689 0.4181, 0.0233 -1.2689 0.4245, 0.0146 -1.2689 0.4291, 0.0052 -1.2689 0.4314, -0.0045 -1.2689 0.4314, -0.014 -1.2689 0.4291, -0.0226 -1.2689 0.4245, -0.0299 -1.2689 0.4181, -0.0354 -1.2689 0.4101, -0.0389 -1.2689 0.401, -0.0401 -1.2689 0.3913, 0.051 -1.2815 0.4179, 0.0432 -1.2815 0.4292, 0.0328 -1.2815 0.4384, 0.0206 -1.2815 0.4448, 0.0072 -1.2815 0.4481, -0.0066 -1.2815 0.4481, -0.02 -1.2815 0.4448, -0.0322 -1.2815 0.4384, -0.0425 -1.2815 0.4292, -0.0504 -1.2815 0.4179, -0.0552 -1.2815 0.405, -0.0569 -1.2815 0.3913, 0.0626 -1.298 0.424, 0.0529 -1.298 0.4379, 0.0403 -1.298 0.4491, 0.0253 -1.298 0.457, 0.0088 -1.298 0.4611, -0.0082 -1.298 0.4611, -0.0246 -1.298 0.457, -0.0396 -1.298 0.4491, -0.0523 -1.298 0.4379, -0.0619 -1.298 0.424, -0.0679 -1.298 0.4081, -0.07 -1.298 0.3913, 0.0768 -1.3173 0.4101, 0.07 -1.3173 0.4279, 0.0593 -1.3173 0.4435, 0.0451 -1.3173 0.4561, 0.0282 -1.3173 0.4649, 0.0098 -1.3173 0.4695, -0.0092 -1.3173 0.4695, -0.0276 -1.3173 0.4649, -0.0444 -1.3173 0.4561, -0.0586 -1.3173 0.4435, -0.0694 -1.3173 0.4279, -0.0761 -1.3173 0.4101, -0.0784 -1.3173 0.3913, -0.0784 -1.3173 -0.8292, -0.07 -1.298 -0.8292, -0.0569 -1.2815 -0.8292, -0.0401 -1.2689 -0.8292, -0.0206 -1.261 -0.8292, 0.0003 -1.2583 -0.8292, -0.0198 -1.261 -0.8346, -0.0178 -1.261 -0.8396, -0.0144 -1.261 -0.8439, -0.0101 -1.261 -0.8473, -0.0051 -1.261 -0.8493, 0.0003 -1.261 -0.8501, 0.0057 -1.261 -0.8493, 0.0108 -1.261 -0.8473, 0.0151 -1.261 -0.8439, 0.0184 -1.261 -0.8396, 0.0205 -1.261 -0.8346, 0.0212 -1.261 -0.8292, 0.0407 -1.2689 -0.8292, 0.0393 -1.2689 -0.8396, 0.0575 -1.2815 -0.8292, 0.0556 -1.2815 -0.844, 0.0706 -1.298 -0.8292, 0.0682 -1.298 -0.8474, 0.0791 -1.3173 -0.8292, 0.0764 -1.3173 -0.8496, 0.0685 -1.3173 -0.8686, 0.0612 -1.298 -0.8643, 0.056 -1.3173 -0.8849, 0.05 -1.298 -0.8789, 0.0397 -1.3173 -0.8974, 0.0355 -1.298 -0.8901, 0.0207 -1.3173 -0.9052, 0.0185 -1.298 -0.8971, 0.0003 -1.3173 -0.9079, 0.0003 -1.298 -0.8995, -0.0201 -1.3173 -0.9052, -0.0179 -1.298 -0.8971, -0.039 -1.3173 -0.8974, -0.0348 -1.298 -0.8901, -0.0554 -1.3173 -0.8849, -0.0494 -1.298 -0.8789, -0.0679 -1.3173 -0.8686, -0.0606 -1.298 -0.8643, -0.0757 -1.3173 -0.8496, -0.0676 -1.298 -0.8474, 0.0499 -1.2815 -0.8578, 0.0408 -1.2815 -0.8696, 0.0289 -1.2815 -0.8787, 0.0151 -1.2815 -0.8845, 0.0003 -1.2815 -0.8864, -0.0145 -1.2815 -0.8845, -0.0283 -1.2815 -0.8787, -0.0401 -1.2815 -0.8696, -0.0492 -1.2815 -0.8578, -0.055 -1.2815 -0.844, 0.0353 -1.2689 -0.8494, 0.0289 -1.2689 -0.8577, 0.0205 -1.2689 -0.8642, 0.0108 -1.2689 -0.8682, 0.0003 -1.2689 -0.8696, -0.0101 -1.2689 -0.8682, -0.0199 -1.2689 -0.8642, -0.0282 -1.2689 -0.8577, -0.0347 -1.2689 -0.8494, -0.0387 -1.2689 -0.8396, 0.2956 -1.4354 0.096, 0.2956 -1.3173 0.096, 0.1578 -1.3173 0.096, 0.1578 -1.4354 0.096, 0.1578 -1.3173 -1.2005, 0.1578 -1.4354 -1.2005, -0.1572 -1.4354 -1.2005, -0.1572 -1.4354 0.096, -0.1572 -1.3173 -1.2005, -0.1572 -1.3173 0.096, -0.295 -1.3173 0.096, -0.295 -1.4354 0.096, 0.0309 -1.3173 -1.305, 0.0003 -1.3173 -1.3091, -0.0832 -1.3173 -1.2745, -0.0587 -1.3173 -1.2932, -0.0302 -1.3173 -1.305, 0.0838 -1.3173 -1.2745, 0.0594 -1.3173 -1.2932, 0.0594 -1.4354 -1.2932, 0.0838 -1.4354 -1.2745, -0.0832 -1.4354 -1.2745, -0.0587 -1.4354 -1.2932, -0.0302 -1.4354 -1.305, 0.0003 -1.4354 -1.3091, 0.0309 -1.4354 -1.305, 0.6893 -1.2386 1.1909, 0.6893 -1.2386 1.3091, 0.6893 -1.1008 1.1909, 0.6893 -1.1008 1.3091, 1.2798 -1.2386 1.3091, 1.2798 -1.2386 1.1909, 1.2798 -1.1008 1.3091, 1.2798 -1.1008 1.1909, 0.6893 -1.3173 1.1122, 0.6893 -1.4354 1.1122, 0.6893 -1.3146 1.1326, 0.6893 -1.4287 1.1632, 0.6893 -1.3068 1.1516, 0.6893 -1.4091 1.2106, 0.6893 -1.2943 1.1679, 0.6893 -1.3778 1.2514, 0.6893 -1.278 1.1804, 0.6893 -1.337 1.2827, 0.6893 -1.259 1.1883, 0.6893 -1.2895 1.3024, 1.2798 -1.259 1.1883, 1.2798 -1.2895 1.3024, 1.2798 -1.278 1.1804, 1.2798 -1.337 1.2827, 1.2798 -1.2943 1.1679, 1.2798 -1.3778 1.2514, 1.2798 -1.3068 1.1516, 1.2798 -1.4091 1.2106, 1.2798 -1.3146 1.1326, 1.2798 -1.4287 1.1632, 1.2798 -1.3173 1.1122, 1.2798 -1.4354 1.1122, 1.0633 -1.3173 0.3913, 1.0549 -1.298 0.3913, 1.0528 -1.298 0.4081, 1.0418 -1.2815 0.3913, 1.0401 -1.2815 0.405, 1.025 -1.2689 0.3913, 1.0238 -1.2689 0.401, 0.9846 -1.2583 0.3913, 0.9661 -1.261 0.401, 0.9689 -1.261 0.4051, 0.9643 -1.261 0.3963, 0.9637 -1.261 0.3913, 0.9772 -1.261 0.4108, 0.9821 -1.261 0.412, 0.9727 -1.261 0.4085, 0.992 -1.261 0.4108, 0.9964 -1.261 0.4085, 0.9871 -1.261 0.412, 1.0031 -1.261 0.401, 1.0048 -1.261 0.3963, 1.0002 -1.261 0.4051, 1.0055 -1.261 0.3913, 1.0203 -1.2689 0.4101, 1.0148 -1.2689 0.4181, 1.0075 -1.2689 0.4245, 0.9989 -1.2689 0.4291, 0.9894 -1.2689 0.4314, 0.9797 -1.2689 0.4314, 0.9703 -1.2689 0.4291, 0.9616 -1.2689 0.4245, 0.9543 -1.2689 0.4181, 0.9488 -1.2689 0.4101, 0.9454 -1.2689 0.401, 0.9442 -1.2689 0.3913, 1.0352 -1.2815 0.4179, 1.0274 -1.2815 0.4292, 1.0171 -1.2815 0.4384, 1.0049 -1.2815 0.4448, 0.9915 -1.2815 0.4481, 0.9777 -1.2815 0.4481, 0.9643 -1.2815 0.4448, 0.9521 -1.2815 0.4384, 0.9417 -1.2815 0.4292, 0.9339 -1.2815 0.4179, 0.929 -1.2815 0.405, 0.9273 -1.2815 0.3913, 1.0468 -1.298 0.424, 1.0372 -1.298 0.4379, 1.0245 -1.298 0.4491, 1.0095 -1.298 0.457, 0.993 -1.298 0.4611, 0.9761 -1.298 0.4611, 0.9596 -1.298 0.457, 0.9446 -1.298 0.4491, 0.932 -1.298 0.4379, 0.9223 -1.298 0.424, 0.9163 -1.298 0.4081, 0.9143 -1.298 0.3913, 1.061 -1.3173 0.4101, 1.0543 -1.3173 0.4279, 1.0435 -1.3173 0.4435, 1.0293 -1.3173 0.4561, 1.0125 -1.3173 0.4649, 0.9941 -1.3173 0.4695, 0.9751 -1.3173 0.4695, 0.9567 -1.3173 0.4649, 0.9398 -1.3173 0.4561, 0.9256 -1.3173 0.4435, 0.9149 -1.3173 0.4279, 0.9081 -1.3173 0.4101, 0.9058 -1.3173 0.3913, 0.9644 -1.261 -0.8346, 0.9637 -1.261 -0.8292, 0.9846 -1.2583 -0.8292, 0.9665 -1.261 -0.8396, 0.9698 -1.261 -0.8439, 0.9741 -1.261 -0.8473, 0.9792 -1.261 -0.8493, 0.9846 -1.261 -0.8501, 0.99 -1.261 -0.8493, 0.995 -1.261 -0.8473, 0.9993 -1.261 -0.8439, 1.0027 -1.261 -0.8396, 1.0047 -1.261 -0.8346, 1.0055 -1.261 -0.8292, 1.025 -1.2689 -0.8292, 1.0236 -1.2689 -0.8396, 1.0418 -1.2815 -0.8292, 1.0399 -1.2815 -0.844, 1.0549 -1.298 -0.8292, 1.0525 -1.298 -0.8474, 1.0633 -1.3173 -0.8292, 1.0606 -1.3173 -0.8496, 1.0528 -1.3173 -0.8686, 1.0455 -1.298 -0.8643, 1.0403 -1.3173 -0.8849, 1.0343 -1.298 -0.8789, 1.0239 -1.3173 -0.8974, 1.0197 -1.298 -0.8901, 1.005 -1.3173 -0.9052, 1.0028 -1.298 -0.8971, 0.9846 -1.3173 -0.9079, 0.9846 -1.298 -0.8995, 0.9642 -1.3173 -0.9052, 0.9664 -1.298 -0.8971, 0.9452 -1.3173 -0.8974, 0.9494 -1.298 -0.8901, 0.9289 -1.3173 -0.8849, 0.9349 -1.298 -0.8789, 0.9164 -1.3173 -0.8686, 0.9237 -1.298 -0.8643, 0.9085 -1.3173 -0.8496, 0.9167 -1.298 -0.8474, 0.9058 -1.3173 -0.8292, 0.9143 -1.298 -0.8292, 1.0341 -1.2815 -0.8578, 1.025 -1.2815 -0.8696, 1.0132 -1.2815 -0.8787, 0.9994 -1.2815 -0.8845, 0.9846 -1.2815 -0.8864, 0.9698 -1.2815 -0.8845, 0.956 -1.2815 -0.8787, 0.9441 -1.2815 -0.8696, 0.935 -1.2815 -0.8578, 0.9293 -1.2815 -0.844, 0.9273 -1.2815 -0.8292, 1.0195 -1.2689 -0.8494, 1.0131 -1.2689 -0.8577, 1.0048 -1.2689 -0.8642, 0.995 -1.2689 -0.8682, 0.9846 -1.2689 -0.8696, 0.9741 -1.2689 -0.8682, 0.9644 -1.2689 -0.8642, 0.956 -1.2689 -0.8577, 0.9496 -1.2689 -0.8494, 0.9456 -1.2689 -0.8396, 0.9442 -1.2689 -0.8292, 1.2798 -1.4354 0.096, 1.1421 -1.4354 0.096, 1.2798 -1.3173 0.096, 1.1421 -1.3173 0.096, 1.1421 -1.3173 -1.2005, 1.1421 -1.4354 -1.2005, 0.8271 -1.4354 -1.2005, 0.8271 -1.4354 0.096, 0.8271 -1.3173 -1.2005, 0.8271 -1.3173 0.096, 0.6893 -1.4354 0.096, 0.6893 -1.3173 0.096, 1.0151 -1.3173 -1.305, 0.9846 -1.3173 -1.3091, 0.9011 -1.3173 -1.2745, 0.9255 -1.3173 -1.2932, 0.954 -1.3173 -1.305, 1.0681 -1.3173 -1.2745, 1.0436 -1.3173 -1.2932, 1.0436 -1.4354 -1.2932, 1.0681 -1.4354 -1.2745, 0.9011 -1.4354 -1.2745, 0.9255 -1.4354 -1.2932, 0.954 -1.4354 -1.305, 0.9846 -1.4354 -1.3091, 1.0151 -1.4354 -1.305, -0.6887 -1.1008 1.1909, -0.6887 -1.2386 1.1909, -1.2792 -1.1008 1.1909, -1.2792 -1.2386 1.1909, -1.2792 -1.2386 1.3091, -1.2792 -1.1008 1.3091, -0.6887 -1.2386 1.3091, -0.6887 -1.1008 1.3091, -0.6887 -1.4354 1.1122, -0.6887 -1.4354 0.096, -0.6887 -1.3173 1.1122, -0.6887 -1.3173 0.096, -1.2792 -1.3173 1.1122, -1.2792 -1.3173 0.096, -1.2792 -1.4354 1.1122, -1.2792 -1.4354 0.096, -0.9004 -1.4354 -1.2745, -0.8264 -1.4354 -1.2005, -0.8264 -1.4354 0.096, -1.1414 -1.4354 -1.2005, -1.1414 -1.4354 0.096, -0.9249 -1.4354 -1.2932, -1.0674 -1.4354 -1.2745, -1.043 -1.4354 -1.2932, -1.0145 -1.4354 -1.305, -0.9839 -1.4354 -1.3091, -0.9534 -1.4354 -1.305, -0.8264 -1.3173 0.096, -0.9075 -1.3173 0.4101, -0.9142 -1.3173 0.4279, -0.925 -1.3173 0.4435, -0.9392 -1.3173 0.4561, -0.9052 -1.3173 0.3913, -0.9052 -1.3173 -0.8292, -0.8264 -1.3173 -1.2005, -0.9079 -1.3173 -0.8496, -1.0429 -1.3173 0.4435, -1.0287 -1.3173 0.4561, -1.0119 -1.3173 0.4649, -1.0604 -1.3173 0.4101, -1.0627 -1.3173 0.3913, -1.1414 -1.3173 0.096, -1.0627 -1.3173 -0.8292, -1.1414 -1.3173 -1.2005, -1.06 -1.3173 -0.8496, -1.0521 -1.3173 -0.8686, -0.9534 -1.3173 -1.305, -0.9839 -1.3173 -1.3091, -0.9839 -1.3173 -0.9079, -0.9446 -1.3173 -0.8974, -0.9283 -1.3173 -0.8849, -0.9157 -1.3173 -0.8686, -1.0537 -1.3173 0.4279, -0.956 -1.3173 0.4649, -0.9744 -1.3173 0.4695, -0.9934 -1.3173 0.4695, -1.0396 -1.3173 -0.8849, -1.0233 -1.3173 -0.8974, -1.0674 -1.3173 -1.2745, -1.0043 -1.3173 -0.9052, -1.043 -1.3173 -1.2932, -1.0145 -1.3173 -1.305, -0.9636 -1.3173 -0.9052, -0.9004 -1.3173 -1.2745, -0.9249 -1.3173 -1.2932, -1.0542 -1.298 0.3913, -1.0542 -1.298 -0.8292, -1.0412 -1.2815 0.3913, -1.0412 -1.2815 -0.8292, -1.0243 -1.2689 0.3913, -1.0243 -1.2689 -0.8292, -1.0048 -1.261 0.3913, -1.0048 -1.261 -0.8292, -0.9839 -1.2583 0.3913, -0.9839 -1.2583 -0.8292, -0.9136 -1.298 0.3913, -0.9157 -1.298 0.4081, -0.9267 -1.2815 0.3913, -0.9284 -1.2815 0.405, -0.9435 -1.2689 0.3913, -0.9447 -1.2689 0.401, -1.0024 -1.261 0.401, -0.9996 -1.261 0.4051, -1.0042 -1.261 0.3963, -0.9913 -1.261 0.4108, -0.9864 -1.261 0.412, -0.9958 -1.261 0.4085, -0.9765 -1.261 0.4108, -0.9721 -1.261 0.4085, -0.9814 -1.261 0.412, -0.9654 -1.261 0.401, -0.9637 -1.261 0.3963, -0.9683 -1.261 0.4051, -0.9631 -1.261 0.3913, -0.9482 -1.2689 0.4101, -0.9537 -1.2689 0.4181, -0.961 -1.2689 0.4245, -0.9696 -1.2689 0.4291, -0.9791 -1.2689 0.4314, -0.9888 -1.2689 0.4314, -0.9983 -1.2689 0.4291, -1.0069 -1.2689 0.4245, -1.0142 -1.2689 0.4181, -1.0197 -1.2689 0.4101, -1.0231 -1.2689 0.401, -0.9333 -1.2815 0.4179, -0.9411 -1.2815 0.4292, -0.9514 -1.2815 0.4384, -0.9636 -1.2815 0.4448, -0.977 -1.2815 0.4481, -0.9908 -1.2815 0.4481, -1.0042 -1.2815 0.4448, -1.0164 -1.2815 0.4384, -1.0268 -1.2815 0.4292, -1.0346 -1.2815 0.4179, -1.0395 -1.2815 0.405, -0.9217 -1.298 0.424, -0.9313 -1.298 0.4379, -0.944 -1.298 0.4491, -0.959 -1.298 0.457, -0.9755 -1.298 0.4611, -0.9924 -1.298 0.4611, -1.0089 -1.298 0.457, -1.0239 -1.298 0.4491, -1.0366 -1.298 0.4379, -1.0462 -1.298 0.424, -1.0522 -1.298 0.4081, -1.0041 -1.261 -0.8346, -1.002 -1.261 -0.8396, -0.9987 -1.261 -0.8439, -0.9944 -1.261 -0.8473, -0.9893 -1.261 -0.8493, -0.9839 -1.261 -0.8501, -0.9785 -1.261 -0.8493, -0.9735 -1.261 -0.8473, -0.9692 -1.261 -0.8439, -0.9658 -1.261 -0.8396, -0.9638 -1.261 -0.8346, -0.9631 -1.261 -0.8292, -0.9435 -1.2689 -0.8292, -0.9449 -1.2689 -0.8396, -0.9267 -1.2815 -0.8292, -0.9287 -1.2815 -0.844, -0.9136 -1.298 -0.8292, -0.916 -1.298 -0.8474, -0.923 -1.298 -0.8643, -0.9342 -1.298 -0.8789, -0.9488 -1.298 -0.8901, -0.9657 -1.298 -0.8971, -0.9839 -1.298 -0.8995, -1.0021 -1.298 -0.8971, -1.0191 -1.298 -0.8901, -1.0336 -1.298 -0.8789, -1.0448 -1.298 -0.8643, -1.0518 -1.298 -0.8474, -0.9344 -1.2815 -0.8578, -0.9435 -1.2815 -0.8696, -0.9553 -1.2815 -0.8787, -0.9691 -1.2815 -0.8845, -0.9839 -1.2815 -0.8864, -0.9987 -1.2815 -0.8845, -1.0125 -1.2815 -0.8787, -1.0244 -1.2815 -0.8696, -1.0335 -1.2815 -0.8578, -1.0392 -1.2815 -0.844, -0.949 -1.2689 -0.8494, -0.9554 -1.2689 -0.8577, -0.9637 -1.2689 -0.8642, -0.9735 -1.2689 -0.8682, -0.9839 -1.2689 -0.8696, -0.9944 -1.2689 -0.8682, -1.0041 -1.2689 -0.8642, -1.0125 -1.2689 -0.8577, -1.0189 -1.2689 -0.8494, -1.0229 -1.2689 -0.8396, -0.6887 -1.259 1.1883, -0.6887 -1.2895 1.3024, -0.6887 -1.278 1.1804, -0.6887 -1.337 1.2827, -0.6887 -1.2943 1.1679, -0.6887 -1.3778 1.2514, -0.6887 -1.3068 1.1516, -0.6887 -1.4091 1.2106, -0.6887 -1.3146 1.1326, -0.6887 -1.4287 1.1632, -1.2792 -1.3146 1.1326, -1.2792 -1.4287 1.1632, -1.2792 -1.3068 1.1516, -1.2792 -1.4091 1.2106, -1.2792 -1.2943 1.1679, -1.2792 -1.3778 1.2514, -1.2792 -1.278 1.1804, -1.2792 -1.337 1.2827, -1.2792 -1.259 1.1883, -1.2792 -1.2895 1.3024
            ]
        }
        coordIndex [
            0,1,2,-1,2,1,3,-1,4,5,6,-1,6,5,7,-1,1,4,3,-1,3,4,6,-1,7,5,2,-1,2,5,0,-1,1,0,8,-1,8,0,9,-1,8,9,10,-1,10,9,11,-1,10,11,12,-1,12,11,13,-1,12,13,14,-1,14,13,15,-1,14,15,16,-1,16,15,17,-1,16,17,18,-1,18,17,19,-1,20,21,22,-1,22,21,23,-1,22,23,24,-1,24,23,25,-1,24,25,26,-1,26,25,27,-1,26,27,28,-1,28,27,29,-1,28,29,30,-1,30,29,31,-1,30,31,4,-1,4,31,5,-1,18,20,16,-1,16,20,22,-1,16,22,14,-1,14,22,24,-1,14,24,12,-1,12,24,26,-1,12,26,10,-1,10,26,28,-1,10,28,8,-1,8,28,30,-1,8,30,1,-1,1,30,4,-1,32,33,34,-1,33,35,36,-1,35,37,38,-1,39,40,41,-1,42,40,39,-1,43,42,39,-1,39,44,45,-1,46,44,39,-1,41,46,39,-1,39,47,48,-1,49,47,39,-1,45,49,39,-1,39,50,51,-1,52,50,39,-1,48,52,39,-1,37,53,51,-1,51,53,39,-1,37,51,38,-1,38,51,50,-1,38,50,54,-1,54,50,52,-1,54,52,55,-1,55,52,48,-1,55,48,56,-1,56,48,47,-1,56,47,57,-1,57,47,49,-1,57,49,58,-1,58,49,45,-1,58,45,59,-1,59,45,44,-1,59,44,60,-1,60,44,46,-1,60,46,61,-1,61,46,41,-1,61,41,62,-1,62,41,40,-1,62,40,63,-1,63,40,42,-1,63,42,64,-1,64,42,43,-1,64,43,65,-1,35,38,36,-1,36,38,54,-1,36,54,66,-1,66,54,55,-1,66,55,67,-1,67,55,56,-1,67,56,68,-1,68,56,57,-1,68,57,69,-1,69,57,58,-1,69,58,70,-1,70,58,59,-1,70,59,71,-1,71,59,60,-1,71,60,72,-1,72,60,61,-1,72,61,73,-1,73,61,62,-1,73,62,74,-1,74,62,63,-1,74,63,75,-1,75,63,64,-1,75,64,76,-1,76,64,65,-1,76,65,77,-1,33,36,34,-1,34,36,66,-1,34,66,78,-1,78,66,67,-1,78,67,79,-1,79,67,68,-1,79,68,80,-1,80,68,69,-1,80,69,81,-1,81,69,70,-1,81,70,82,-1,82,70,71,-1,82,71,83,-1,83,71,72,-1,83,72,84,-1,84,72,73,-1,84,73,85,-1,85,73,74,-1,85,74,86,-1,86,74,75,-1,86,75,87,-1,87,75,76,-1,87,76,88,-1,88,76,77,-1,88,77,89,-1,32,34,90,-1,90,34,78,-1,90,78,91,-1,91,78,79,-1,91,79,92,-1,92,79,80,-1,92,80,93,-1,93,80,81,-1,93,81,94,-1,94,81,82,-1,94,82,95,-1,95,82,83,-1,95,83,96,-1,96,83,84,-1,96,84,97,-1,97,84,85,-1,97,85,98,-1,98,85,86,-1,98,86,99,-1,99,86,87,-1,99,87,100,-1,100,87,88,-1,100,88,101,-1,101,88,89,-1,101,89,102,-1,103,102,89,-1,103,89,104,-1,104,89,77,-1,104,77,105,-1,105,77,65,-1,105,65,106,-1,106,65,43,-1,106,43,107,-1,107,43,39,-1,107,39,108,-1,109,107,108,-1,109,108,110,-1,111,110,108,-1,112,111,108,-1,113,112,108,-1,114,113,108,-1,115,114,108,-1,116,115,108,-1,117,116,108,-1,118,117,108,-1,119,118,108,-1,120,119,108,-1,120,121,122,-1,121,123,124,-1,123,125,126,-1,125,127,128,-1,125,128,126,-1,126,128,129,-1,126,129,130,-1,130,129,131,-1,130,131,132,-1,132,131,133,-1,132,133,134,-1,134,133,135,-1,134,135,136,-1,136,135,137,-1,136,137,138,-1,138,137,139,-1,138,139,140,-1,140,139,141,-1,140,141,142,-1,142,141,143,-1,142,143,144,-1,144,143,145,-1,144,145,146,-1,146,145,147,-1,146,147,148,-1,148,147,103,-1,148,103,104,-1,123,126,124,-1,124,126,130,-1,124,130,149,-1,149,130,132,-1,149,132,150,-1,150,132,134,-1,150,134,151,-1,151,134,136,-1,151,136,152,-1,152,136,138,-1,152,138,153,-1,153,138,140,-1,153,140,154,-1,154,140,142,-1,154,142,155,-1,155,142,144,-1,155,144,156,-1,156,144,146,-1,156,146,157,-1,157,146,148,-1,157,148,158,-1,158,148,104,-1,158,104,105,-1,121,124,122,-1,122,124,149,-1,122,149,159,-1,159,149,150,-1,159,150,160,-1,160,150,151,-1,160,151,161,-1,161,151,152,-1,161,152,162,-1,162,152,153,-1,162,153,163,-1,163,153,154,-1,163,154,164,-1,164,154,155,-1,164,155,165,-1,165,155,156,-1,165,156,166,-1,166,156,157,-1,166,157,167,-1,167,157,158,-1,167,158,168,-1,168,158,105,-1,168,105,106,-1,120,122,119,-1,119,122,159,-1,119,159,118,-1,118,159,160,-1,118,160,117,-1,117,160,161,-1,117,161,116,-1,116,161,162,-1,116,162,115,-1,115,162,163,-1,115,163,114,-1,114,163,164,-1,114,164,113,-1,113,164,165,-1,113,165,112,-1,112,165,166,-1,112,166,111,-1,111,166,167,-1,111,167,110,-1,110,167,168,-1,110,168,109,-1,109,168,106,-1,109,106,107,-1,19,169,18,-1,18,169,170,-1,170,169,171,-1,171,169,172,-1,173,171,174,-1,174,171,172,-1,175,176,177,-1,177,176,178,-1,178,176,179,-1,179,176,180,-1,20,179,21,-1,21,179,180,-1,0,5,31,-1,0,31,9,-1,9,31,29,-1,9,29,11,-1,11,29,27,-1,11,27,13,-1,13,27,25,-1,13,25,15,-1,15,25,23,-1,15,23,17,-1,17,23,21,-1,17,21,19,-1,18,170,171,-1,100,101,20,-1,90,18,32,-1,32,18,171,-1,32,171,127,-1,127,171,173,-1,127,173,128,-1,20,101,179,-1,179,101,102,-1,179,102,178,-1,178,102,103,-1,178,103,177,-1,177,103,147,-1,177,147,145,-1,181,182,137,-1,133,131,173,-1,173,131,129,-1,173,129,128,-1,90,91,18,-1,18,91,92,-1,18,92,93,-1,97,98,20,-1,20,98,99,-1,20,99,100,-1,145,143,177,-1,177,143,141,-1,177,141,183,-1,183,141,139,-1,183,139,184,-1,184,139,137,-1,184,137,185,-1,185,137,182,-1,133,173,135,-1,135,173,186,-1,135,186,137,-1,137,186,187,-1,137,187,181,-1,93,94,18,-1,18,94,95,-1,18,95,20,-1,20,95,96,-1,20,96,97,-1,169,19,172,-1,172,19,21,-1,21,180,176,-1,188,189,176,-1,21,176,172,-1,172,176,189,-1,172,189,174,-1,175,190,176,-1,176,190,191,-1,176,191,192,-1,192,193,176,-1,176,193,194,-1,176,194,188,-1,189,186,174,-1,174,186,173,-1,190,183,184,-1,190,184,191,-1,191,184,185,-1,191,185,192,-1,192,185,182,-1,192,182,193,-1,175,177,190,-1,190,177,183,-1,195,196,197,-1,197,196,198,-1,199,200,201,-1,201,200,202,-1,202,200,197,-1,197,200,195,-1,196,199,198,-1,198,199,201,-1,203,204,205,-1,205,204,206,-1,205,206,207,-1,207,206,208,-1,207,208,209,-1,209,208,210,-1,209,210,211,-1,211,210,212,-1,211,212,213,-1,213,212,214,-1,213,214,195,-1,195,214,196,-1,200,199,215,-1,215,199,216,-1,215,216,217,-1,217,216,218,-1,217,218,219,-1,219,218,220,-1,219,220,221,-1,221,220,222,-1,221,222,223,-1,223,222,224,-1,223,224,225,-1,225,224,226,-1,227,228,229,-1,228,230,231,-1,230,232,233,-1,234,235,236,-1,237,235,234,-1,238,237,234,-1,234,239,240,-1,241,239,234,-1,236,241,234,-1,234,242,243,-1,244,242,234,-1,240,244,234,-1,234,245,246,-1,247,245,234,-1,243,247,234,-1,232,248,246,-1,246,248,234,-1,232,246,233,-1,233,246,245,-1,233,245,249,-1,249,245,247,-1,249,247,250,-1,250,247,243,-1,250,243,251,-1,251,243,242,-1,251,242,252,-1,252,242,244,-1,252,244,253,-1,253,244,240,-1,253,240,254,-1,254,240,239,-1,254,239,255,-1,255,239,241,-1,255,241,256,-1,256,241,236,-1,256,236,257,-1,257,236,235,-1,257,235,258,-1,258,235,237,-1,258,237,259,-1,259,237,238,-1,259,238,260,-1,230,233,231,-1,231,233,249,-1,231,249,261,-1,261,249,250,-1,261,250,262,-1,262,250,251,-1,262,251,263,-1,263,251,252,-1,263,252,264,-1,264,252,253,-1,264,253,265,-1,265,253,254,-1,265,254,266,-1,266,254,255,-1,266,255,267,-1,267,255,256,-1,267,256,268,-1,268,256,257,-1,268,257,269,-1,269,257,258,-1,269,258,270,-1,270,258,259,-1,270,259,271,-1,271,259,260,-1,271,260,272,-1,228,231,229,-1,229,231,261,-1,229,261,273,-1,273,261,262,-1,273,262,274,-1,274,262,263,-1,274,263,275,-1,275,263,264,-1,275,264,276,-1,276,264,265,-1,276,265,277,-1,277,265,266,-1,277,266,278,-1,278,266,267,-1,278,267,279,-1,279,267,268,-1,279,268,280,-1,280,268,269,-1,280,269,281,-1,281,269,270,-1,281,270,282,-1,282,270,271,-1,282,271,283,-1,283,271,272,-1,283,272,284,-1,227,229,285,-1,285,229,273,-1,285,273,286,-1,286,273,274,-1,286,274,287,-1,287,274,275,-1,287,275,288,-1,288,275,276,-1,288,276,289,-1,289,276,277,-1,289,277,290,-1,290,277,278,-1,290,278,291,-1,291,278,279,-1,291,279,292,-1,292,279,280,-1,292,280,293,-1,293,280,281,-1,293,281,294,-1,294,281,282,-1,294,282,295,-1,295,282,283,-1,295,283,296,-1,296,283,284,-1,296,284,297,-1,298,299,300,-1,298,300,301,-1,302,301,300,-1,303,302,300,-1,304,303,300,-1,305,304,300,-1,306,305,300,-1,307,306,300,-1,308,307,300,-1,309,308,300,-1,310,309,300,-1,311,310,300,-1,311,312,313,-1,312,314,315,-1,314,316,317,-1,316,318,319,-1,316,319,317,-1,317,319,320,-1,317,320,321,-1,321,320,322,-1,321,322,323,-1,323,322,324,-1,323,324,325,-1,325,324,326,-1,325,326,327,-1,327,326,328,-1,327,328,329,-1,329,328,330,-1,329,330,331,-1,331,330,332,-1,331,332,333,-1,333,332,334,-1,333,334,335,-1,335,334,336,-1,335,336,337,-1,337,336,338,-1,337,338,339,-1,339,338,340,-1,339,340,341,-1,314,317,315,-1,315,317,321,-1,315,321,342,-1,342,321,323,-1,342,323,343,-1,343,323,325,-1,343,325,344,-1,344,325,327,-1,344,327,345,-1,345,327,329,-1,345,329,346,-1,346,329,331,-1,346,331,347,-1,347,331,333,-1,347,333,348,-1,348,333,335,-1,348,335,349,-1,349,335,337,-1,349,337,350,-1,350,337,339,-1,350,339,351,-1,351,339,341,-1,351,341,352,-1,312,315,313,-1,313,315,342,-1,313,342,353,-1,353,342,343,-1,353,343,354,-1,354,343,344,-1,354,344,355,-1,355,344,345,-1,355,345,356,-1,356,345,346,-1,356,346,357,-1,357,346,347,-1,357,347,358,-1,358,347,348,-1,358,348,359,-1,359,348,349,-1,359,349,360,-1,360,349,350,-1,360,350,361,-1,361,350,351,-1,361,351,362,-1,362,351,352,-1,362,352,363,-1,311,313,310,-1,310,313,353,-1,310,353,309,-1,309,353,354,-1,309,354,308,-1,308,354,355,-1,308,355,307,-1,307,355,356,-1,307,356,306,-1,306,356,357,-1,306,357,305,-1,305,357,358,-1,305,358,304,-1,304,358,359,-1,304,359,303,-1,303,359,360,-1,303,360,302,-1,302,360,361,-1,302,361,301,-1,301,361,362,-1,301,362,298,-1,298,362,363,-1,298,363,299,-1,340,297,284,-1,340,284,341,-1,341,284,272,-1,341,272,352,-1,352,272,260,-1,352,260,363,-1,363,260,238,-1,363,238,299,-1,299,238,234,-1,299,234,300,-1,225,203,223,-1,223,203,205,-1,223,205,221,-1,221,205,207,-1,221,207,219,-1,219,207,209,-1,219,209,217,-1,217,209,211,-1,217,211,215,-1,215,211,213,-1,215,213,200,-1,200,213,195,-1,364,365,366,-1,366,365,367,-1,368,367,369,-1,369,367,365,-1,370,371,372,-1,372,371,373,-1,371,374,373,-1,373,374,375,-1,203,375,204,-1,204,375,374,-1,199,196,214,-1,199,214,216,-1,216,214,212,-1,216,212,218,-1,218,212,210,-1,218,210,220,-1,220,210,208,-1,220,208,222,-1,222,208,206,-1,222,206,224,-1,224,206,204,-1,224,204,226,-1,226,364,225,-1,225,364,366,-1,225,366,367,-1,296,297,373,-1,373,297,340,-1,373,340,372,-1,372,340,338,-1,372,338,336,-1,285,225,227,-1,227,225,367,-1,227,367,318,-1,318,367,368,-1,318,368,319,-1,285,286,225,-1,225,286,287,-1,225,287,288,-1,294,203,293,-1,293,203,292,-1,373,375,296,-1,296,375,203,-1,296,203,295,-1,295,203,294,-1,376,377,328,-1,324,322,368,-1,368,322,320,-1,368,320,319,-1,288,289,225,-1,225,289,290,-1,225,290,203,-1,203,290,291,-1,203,291,292,-1,336,334,372,-1,372,334,332,-1,372,332,378,-1,378,332,330,-1,378,330,379,-1,379,330,328,-1,379,328,380,-1,380,328,377,-1,324,368,326,-1,326,368,381,-1,326,381,328,-1,328,381,382,-1,328,382,376,-1,364,226,365,-1,365,226,204,-1,204,374,371,-1,383,384,371,-1,204,371,365,-1,365,371,384,-1,365,384,369,-1,370,385,371,-1,371,385,386,-1,371,386,387,-1,387,388,371,-1,371,388,389,-1,371,389,383,-1,369,384,368,-1,368,384,381,-1,385,378,379,-1,385,379,386,-1,386,379,380,-1,386,380,387,-1,387,380,377,-1,387,377,388,-1,385,370,378,-1,378,370,372,-1,390,391,392,-1,392,391,393,-1,393,394,392,-1,392,394,395,-1,394,396,395,-1,395,396,397,-1,396,391,397,-1,397,391,390,-1,398,399,400,-1,400,399,401,-1,402,403,404,-1,404,403,405,-1,406,407,408,-1,399,398,408,-1,408,398,404,-1,409,408,410,-1,410,408,404,-1,410,404,405,-1,406,408,411,-1,409,412,408,-1,408,412,413,-1,408,413,414,-1,414,415,408,-1,408,415,416,-1,408,416,411,-1,400,401,417,-1,418,419,400,-1,400,419,420,-1,400,420,421,-1,418,400,422,-1,422,400,417,-1,422,417,423,-1,423,417,424,-1,423,424,425,-1,426,402,427,-1,427,402,428,-1,429,430,431,-1,431,430,432,-1,431,432,433,-1,433,432,434,-1,433,434,435,-1,436,437,438,-1,439,440,424,-1,424,440,441,-1,424,441,425,-1,431,403,429,-1,429,403,402,-1,429,402,442,-1,442,402,426,-1,421,443,400,-1,400,443,444,-1,400,444,402,-1,402,444,445,-1,402,445,428,-1,435,446,433,-1,433,446,447,-1,433,447,448,-1,448,447,449,-1,448,449,450,-1,450,449,438,-1,450,438,451,-1,451,438,437,-1,439,424,452,-1,452,424,453,-1,452,453,438,-1,438,453,454,-1,438,454,436,-1,432,430,455,-1,432,455,456,-1,456,455,457,-1,456,457,458,-1,458,457,459,-1,458,459,460,-1,460,459,461,-1,460,461,462,-1,462,461,463,-1,462,463,464,-1,424,417,407,-1,407,417,408,-1,399,408,401,-1,401,408,417,-1,410,405,431,-1,431,405,403,-1,409,410,433,-1,433,410,431,-1,422,465,466,-1,465,467,468,-1,467,469,470,-1,463,471,472,-1,473,471,463,-1,461,473,463,-1,463,474,475,-1,476,474,463,-1,472,476,463,-1,463,477,478,-1,479,477,463,-1,475,479,463,-1,463,480,481,-1,482,480,463,-1,478,482,463,-1,469,483,481,-1,481,483,463,-1,469,481,470,-1,470,481,480,-1,470,480,484,-1,484,480,482,-1,484,482,485,-1,485,482,478,-1,485,478,486,-1,486,478,477,-1,486,477,487,-1,487,477,479,-1,487,479,488,-1,488,479,475,-1,488,475,489,-1,489,475,474,-1,489,474,490,-1,490,474,476,-1,490,476,491,-1,491,476,472,-1,491,472,492,-1,492,472,471,-1,492,471,493,-1,493,471,473,-1,493,473,494,-1,494,473,461,-1,494,461,459,-1,467,470,468,-1,468,470,484,-1,468,484,495,-1,495,484,485,-1,495,485,496,-1,496,485,486,-1,496,486,497,-1,497,486,487,-1,497,487,498,-1,498,487,488,-1,498,488,499,-1,499,488,489,-1,499,489,500,-1,500,489,490,-1,500,490,501,-1,501,490,491,-1,501,491,502,-1,502,491,492,-1,502,492,503,-1,503,492,493,-1,503,493,504,-1,504,493,494,-1,504,494,505,-1,505,494,459,-1,505,459,457,-1,465,468,466,-1,466,468,495,-1,466,495,506,-1,506,495,496,-1,506,496,507,-1,507,496,497,-1,507,497,508,-1,508,497,498,-1,508,498,509,-1,509,498,499,-1,509,499,510,-1,510,499,500,-1,510,500,511,-1,511,500,501,-1,511,501,512,-1,512,501,502,-1,512,502,513,-1,513,502,503,-1,513,503,514,-1,514,503,504,-1,514,504,515,-1,515,504,505,-1,515,505,516,-1,516,505,457,-1,516,457,455,-1,422,466,418,-1,418,466,506,-1,418,506,419,-1,419,506,507,-1,419,507,420,-1,420,507,508,-1,420,508,421,-1,421,508,509,-1,421,509,443,-1,443,509,510,-1,443,510,444,-1,444,510,511,-1,444,511,445,-1,445,511,512,-1,445,512,428,-1,428,512,513,-1,428,513,427,-1,427,513,514,-1,427,514,426,-1,426,514,515,-1,426,515,442,-1,442,515,516,-1,442,516,429,-1,429,516,455,-1,429,455,430,-1,517,462,464,-1,517,464,518,-1,519,518,464,-1,520,519,464,-1,521,520,464,-1,522,521,464,-1,523,522,464,-1,524,523,464,-1,525,524,464,-1,526,525,464,-1,527,526,464,-1,528,527,464,-1,528,529,530,-1,529,531,532,-1,531,533,534,-1,533,423,425,-1,533,425,534,-1,534,425,441,-1,534,441,535,-1,535,441,440,-1,535,440,536,-1,536,440,439,-1,536,439,537,-1,537,439,452,-1,537,452,538,-1,538,452,438,-1,538,438,539,-1,539,438,449,-1,539,449,540,-1,540,449,447,-1,540,447,541,-1,541,447,446,-1,541,446,542,-1,542,446,435,-1,542,435,543,-1,543,435,434,-1,543,434,544,-1,544,434,432,-1,544,432,456,-1,531,534,532,-1,532,534,535,-1,532,535,545,-1,545,535,536,-1,545,536,546,-1,546,536,537,-1,546,537,547,-1,547,537,538,-1,547,538,548,-1,548,538,539,-1,548,539,549,-1,549,539,540,-1,549,540,550,-1,550,540,541,-1,550,541,551,-1,551,541,542,-1,551,542,552,-1,552,542,543,-1,552,543,553,-1,553,543,544,-1,553,544,554,-1,554,544,456,-1,554,456,458,-1,529,532,530,-1,530,532,545,-1,530,545,555,-1,555,545,546,-1,555,546,556,-1,556,546,547,-1,556,547,557,-1,557,547,548,-1,557,548,558,-1,558,548,549,-1,558,549,559,-1,559,549,550,-1,559,550,560,-1,560,550,551,-1,560,551,561,-1,561,551,552,-1,561,552,562,-1,562,552,553,-1,562,553,563,-1,563,553,554,-1,563,554,564,-1,564,554,458,-1,564,458,460,-1,528,530,527,-1,527,530,555,-1,527,555,526,-1,526,555,556,-1,526,556,525,-1,525,556,557,-1,525,557,524,-1,524,557,558,-1,524,558,523,-1,523,558,559,-1,523,559,522,-1,522,559,560,-1,522,560,521,-1,521,560,561,-1,521,561,520,-1,520,561,562,-1,520,562,519,-1,519,562,563,-1,519,563,518,-1,518,563,564,-1,518,564,517,-1,517,564,460,-1,517,460,462,-1,391,396,565,-1,565,396,566,-1,565,566,567,-1,567,566,568,-1,567,568,569,-1,569,568,570,-1,569,570,571,-1,571,570,572,-1,571,572,573,-1,573,572,574,-1,573,574,400,-1,400,574,398,-1,402,404,575,-1,575,404,576,-1,575,576,577,-1,577,576,578,-1,577,578,579,-1,579,578,580,-1,579,580,581,-1,581,580,582,-1,581,582,583,-1,583,582,584,-1,583,584,393,-1,393,584,394,-1,400,402,573,-1,573,402,575,-1,573,575,571,-1,571,575,577,-1,571,577,569,-1,569,577,579,-1,569,579,567,-1,567,579,581,-1,567,581,565,-1,565,581,583,-1,565,583,391,-1,391,583,393,-1,396,394,584,-1,396,584,566,-1,566,584,582,-1,566,582,568,-1,568,582,580,-1,568,580,570,-1,570,580,578,-1,570,578,572,-1,572,578,576,-1,572,576,574,-1,574,576,404,-1,574,404,398,-1,412,448,450,-1,412,450,413,-1,413,450,451,-1,413,451,414,-1,414,451,437,-1,414,437,415,-1,424,407,453,-1,453,407,406,-1,448,412,433,-1,433,412,409,-1,
        ]
    }
}
Shape{
    appearance Appearance {
        material  Material 	{
            diffuseColor 0.0 0.0 0.0
            specularColor 0.0 0.0 0.0
            ambientIntensity 0.0
            transparency 0.0
            shininess 0.5
        }
    }
    geometry IndexedFaceSet {
        ccw TRUE
        solid FALSE
        coord DEF co Coordinate {
            point [
                1.9432 1.4952 1.5447, 1.9432 1.4952 1.5295, 1.9393 1.4952 1.5447, 1.9393 1.4952 1.5295, 1.9432 1.4421 1.5447, 1.9393 1.4421 1.5447, 1.9432 1.4421 1.6629, 1.9393 1.4421 1.6629, 1.9432 1.4248 1.6629, 1.9393 1.4248 1.6629, 1.9432 1.4248 1.5295, 1.9393 1.4248 1.5295, 1.9432 1.5841 1.5292, 1.9432 1.5636 1.5272, 1.9393 1.5636 1.5272, 1.9393 1.5753 1.5284, 1.9393 1.5841 1.5292, 1.9432 1.5984 1.5339, 1.9393 1.5949 1.5328, 1.9393 1.5984 1.5339, 1.9393 1.6006 1.535, 1.9432 1.6006 1.535, 1.9432 1.6006 1.5515, 1.9393 1.6006 1.5515, 1.9393 1.5949 1.549, 1.9432 1.587 1.5455, 1.9393 1.587 1.5455, 1.9393 1.5719 1.5428, 1.9432 1.5719 1.5428, 1.9393 1.5661 1.5426, 1.9432 1.5661 1.5426, 1.9393 1.5536 1.544, 1.9432 1.5536 1.544, 1.9393 1.544 1.5475, 1.9432 1.544 1.5475, 1.9393 1.5351 1.5535, 1.9432 1.5351 1.5535, 1.9393 1.5318 1.5566, 1.9432 1.5318 1.5566, 1.9393 1.525 1.5662, 1.9432 1.525 1.5662, 1.9393 1.5208 1.5771, 1.9432 1.5208 1.5771, 1.9393 1.5187 1.5935, 1.9432 1.5187 1.5935, 1.9393 1.5187 1.5947, 1.9432 1.5187 1.5947, 1.9393 1.5207 1.612, 1.9432 1.5207 1.612, 1.9393 1.525 1.6238, 1.9432 1.525 1.6238, 1.9393 1.5313 1.6332, 1.9432 1.5313 1.6332, 1.9393 1.5328 1.6348, 1.9432 1.5328 1.6348, 1.9393 1.5413 1.642, 1.9432 1.5413 1.642, 1.9393 1.5517 1.647, 1.9432 1.5517 1.647, 1.9393 1.5632 1.6494, 1.9432 1.5632 1.6494, 1.9393 1.5691 1.6496, 1.9432 1.5691 1.6496, 1.9393 1.5855 1.6477, 1.9393 1.5949 1.6441, 1.9432 1.599 1.6426, 1.9432 1.5855 1.6477, 1.9393 1.599 1.6426, 1.9393 1.6006 1.6417, 1.9432 1.6006 1.6417, 1.9432 1.6006 1.6597, 1.9393 1.6006 1.6597, 1.9393 1.569 1.6652, 1.9432 1.569 1.6652, 1.9432 1.5702 1.6652, 1.9393 1.5949 1.6614, 1.9432 1.5874 1.6636, 1.9393 1.5874 1.6636, 1.9393 1.5827 1.6641, 1.9393 1.5702 1.6652, 1.9432 1.5513 1.6633, 1.9393 1.5587 1.6641, 1.9393 1.5513 1.6633, 1.9393 1.5371 1.6581, 1.9432 1.5371 1.6581, 1.9393 1.5239 1.6493, 1.9432 1.5239 1.6493, 1.9393 1.5199 1.6455, 1.9432 1.5199 1.6455, 1.9393 1.5103 1.633, 1.9393 1.5066 1.6244, 1.9432 1.504 1.6182, 1.9432 1.5103 1.633, 1.9393 1.504 1.6182, 1.9393 1.5009 1.6009, 1.9432 1.5009 1.6009, 1.9393 1.5007 1.5937, 1.9432 1.5007 1.5937, 1.9393 1.5026 1.5747, 1.9393 1.5066 1.5631, 1.9432 1.5076 1.5602, 1.9432 1.5026 1.5747, 1.9393 1.5076 1.5602, 1.9393 1.5152 1.5484, 1.9432 1.5152 1.5484, 1.9393 1.5178 1.5455, 1.9432 1.5178 1.5455, 1.9393 1.5404 1.5308, 1.9432 1.5279 1.5369, 1.9393 1.5279 1.5369, 1.9393 1.5517 1.5284, 1.9432 1.5547 1.5277, 1.9432 1.5404 1.5308, 1.9393 1.5547 1.5277, 1.9432 1.6991 1.5447, 1.9432 1.6991 1.5295, 1.9393 1.6991 1.5447, 1.9393 1.6991 1.5295, 1.9393 1.6445 1.5447, 1.9432 1.6445 1.5447, 1.9393 1.6806 1.5447, 1.9432 1.6445 1.5896, 1.9393 1.6445 1.5896, 1.9432 1.6922 1.5896, 1.9393 1.6806 1.5896, 1.9393 1.6922 1.5896, 1.9432 1.6922 1.6049, 1.9393 1.6922 1.6049, 1.9393 1.6445 1.6049, 1.9432 1.6445 1.6049, 1.9393 1.6806 1.6049, 1.9432 1.6445 1.6476, 1.9393 1.6445 1.6476, 1.9393 1.696 1.6476, 1.9432 1.696 1.6476, 1.9393 1.6806 1.6476, 1.9432 1.696 1.6629, 1.9393 1.696 1.6629, 1.9393 1.6273 1.6629, 1.9432 1.6273 1.6629, 1.9393 1.6806 1.6629, 1.9432 1.6273 1.5295, 1.9393 1.6273 1.5295, 1.9393 1.6806 1.5295, 1.9432 1.804 1.6313, 1.9432 1.8181 1.6399, 1.9432 1.8002 1.635, 1.9432 1.8128 1.6453, 1.9432 1.7899 1.6418, 1.9432 1.7994 1.6545, 1.9432 1.7782 1.6458, 1.9432 1.7834 1.6605, 1.9432 1.7617 1.6476, 1.9432 1.7623 1.6629, 1.9432 1.7415 1.6476, 1.9432 1.7243 1.6629, 1.9432 1.7415 1.5447, 1.9432 1.7243 1.5295, 1.9432 1.7609 1.5447, 1.9432 1.761 1.5295, 1.9432 1.7783 1.5467, 1.9432 1.7803 1.5315, 1.9432 1.7896 1.5508, 1.9432 1.7962 1.5368, 1.9432 1.7984 1.5566, 1.9432 1.8094 1.5453, 1.9432 1.8005 1.5586, 1.9432 1.8128 1.5482, 1.9432 1.8075 1.5674, 1.9432 1.8228 1.5601, 1.9432 1.812 1.5774, 1.9432 1.8293 1.5739, 1.9432 1.8144 1.5899, 1.9432 1.8325 1.5896, 1.9432 1.8148 1.5974, 1.9432 1.8329 1.5979, 1.9432 1.8129 1.614, 1.9432 1.831 1.6152, 1.9432 1.8091 1.6238, 1.9432 1.8262 1.6281, 1.9393 1.761 1.5295, 1.9393 1.7243 1.5295, 1.9393 1.7803 1.5315, 1.9393 1.7962 1.5368, 1.9393 1.8094 1.5453, 1.9393 1.8128 1.5482, 1.9393 1.8228 1.5601, 1.9393 1.8293 1.5739, 1.9393 1.8325 1.5896, 1.9393 1.8329 1.5979, 1.9393 1.831 1.6152, 1.9393 1.8262 1.6281, 1.9393 1.8181 1.6399, 1.9393 1.8128 1.6453, 1.9393 1.7994 1.6545, 1.9393 1.7834 1.6605, 1.9393 1.7623 1.6629, 1.9393 1.7243 1.6629, 1.9393 1.7617 1.6476, 1.9393 1.7415 1.6476, 1.9393 1.7415 1.5447, 1.9393 1.7609 1.5447, 1.9393 1.8005 1.5586, 1.9393 1.7984 1.5566, 1.9393 1.7896 1.5508, 1.9393 1.7783 1.5467, 1.9393 1.8148 1.5974, 1.9393 1.8144 1.5899, 1.9393 1.812 1.5774, 1.9393 1.8075 1.5674, 1.9393 1.8002 1.635, 1.9393 1.804 1.6313, 1.9393 1.8091 1.6238, 1.9393 1.8129 1.614, 1.9393 1.7782 1.6458, 1.9393 1.7899 1.6418
            ]
        }
        coordIndex [
            0,1,2,-1,2,1,3,-1,4,0,5,-1,5,0,2,-1,6,4,7,-1,7,4,5,-1,8,6,9,-1,9,6,7,-1,10,8,11,-1,11,8,9,-1,1,10,3,-1,3,10,11,-1,6,8,4,-1,4,8,10,-1,4,10,0,-1,0,10,1,-1,12,13,14,-1,14,15,12,-1,12,15,16,-1,12,16,17,-1,17,16,18,-1,18,19,17,-1,17,19,20,-1,17,20,21,-1,22,21,23,-1,23,21,20,-1,22,23,24,-1,22,24,25,-1,24,26,25,-1,25,26,27,-1,25,27,28,-1,28,27,29,-1,28,29,30,-1,30,29,31,-1,30,31,32,-1,32,31,33,-1,32,33,34,-1,34,33,35,-1,34,35,36,-1,36,35,37,-1,36,37,38,-1,38,37,39,-1,38,39,40,-1,40,39,41,-1,40,41,42,-1,42,41,43,-1,42,43,44,-1,44,43,45,-1,44,45,46,-1,46,45,47,-1,46,47,48,-1,48,47,49,-1,48,49,50,-1,50,49,51,-1,50,51,52,-1,52,51,53,-1,52,53,54,-1,54,53,55,-1,54,55,56,-1,56,55,57,-1,56,57,58,-1,58,57,59,-1,58,59,60,-1,60,59,61,-1,60,61,62,-1,62,61,63,-1,64,65,63,-1,63,65,66,-1,63,66,62,-1,64,67,65,-1,65,67,68,-1,65,68,69,-1,70,69,71,-1,71,69,68,-1,72,73,74,-1,70,71,75,-1,70,75,76,-1,75,77,76,-1,76,77,78,-1,76,78,74,-1,74,78,79,-1,74,79,72,-1,73,72,80,-1,80,72,81,-1,81,82,80,-1,80,82,83,-1,80,83,84,-1,84,83,85,-1,84,85,86,-1,86,85,87,-1,86,87,88,-1,88,87,89,-1,90,91,89,-1,89,91,92,-1,89,92,88,-1,90,93,91,-1,91,93,94,-1,91,94,95,-1,95,94,96,-1,95,96,97,-1,97,96,98,-1,99,100,98,-1,98,100,101,-1,98,101,97,-1,99,102,100,-1,100,102,103,-1,100,103,104,-1,104,103,105,-1,104,105,106,-1,107,108,109,-1,109,108,106,-1,109,106,105,-1,110,111,107,-1,107,111,112,-1,107,112,108,-1,110,113,111,-1,111,113,14,-1,111,14,13,-1,65,69,70,-1,40,42,101,-1,101,42,97,-1,65,70,66,-1,66,70,76,-1,66,76,62,-1,62,76,74,-1,62,74,60,-1,60,74,73,-1,60,73,58,-1,58,73,80,-1,58,80,56,-1,21,22,17,-1,17,22,25,-1,17,25,12,-1,12,25,13,-1,42,44,97,-1,97,44,46,-1,97,46,95,-1,95,46,48,-1,95,48,91,-1,88,54,86,-1,86,54,56,-1,86,56,84,-1,84,56,80,-1,101,100,40,-1,40,100,104,-1,40,104,38,-1,38,104,106,-1,38,106,36,-1,36,106,108,-1,36,108,34,-1,34,108,112,-1,34,112,32,-1,32,112,111,-1,32,111,30,-1,30,111,13,-1,30,13,28,-1,28,13,25,-1,91,48,92,-1,92,48,50,-1,92,50,88,-1,88,50,52,-1,88,52,54,-1,114,115,116,-1,116,115,117,-1,118,119,120,-1,120,119,114,-1,120,114,116,-1,121,119,122,-1,122,119,118,-1,121,122,123,-1,123,122,124,-1,123,124,125,-1,126,123,127,-1,127,123,125,-1,128,129,130,-1,130,129,126,-1,130,126,127,-1,131,129,132,-1,132,129,128,-1,133,134,135,-1,135,134,131,-1,135,131,132,-1,136,134,137,-1,137,134,133,-1,138,139,140,-1,140,139,136,-1,140,136,137,-1,141,139,142,-1,142,139,138,-1,117,115,143,-1,143,115,141,-1,143,141,142,-1,141,115,114,-1,114,119,141,-1,141,119,121,-1,141,121,139,-1,134,136,131,-1,131,136,139,-1,131,139,129,-1,129,139,121,-1,129,121,126,-1,126,121,123,-1,144,145,146,-1,146,145,147,-1,146,147,148,-1,148,147,149,-1,148,149,150,-1,150,149,151,-1,150,151,152,-1,152,151,153,-1,152,153,154,-1,154,153,155,-1,154,155,156,-1,156,155,157,-1,156,157,158,-1,158,157,159,-1,158,159,160,-1,160,159,161,-1,160,161,162,-1,162,161,163,-1,162,163,164,-1,164,163,165,-1,164,165,166,-1,166,165,167,-1,166,167,168,-1,168,167,169,-1,168,169,170,-1,170,169,171,-1,170,171,172,-1,172,171,173,-1,172,173,174,-1,174,173,175,-1,174,175,176,-1,176,175,177,-1,176,177,178,-1,178,177,179,-1,178,179,144,-1,144,179,145,-1,159,157,180,-1,180,157,181,-1,159,180,182,-1,159,182,161,-1,161,182,183,-1,161,183,163,-1,163,183,184,-1,163,184,165,-1,165,184,185,-1,165,185,167,-1,167,185,186,-1,167,186,169,-1,169,186,187,-1,169,187,171,-1,171,187,188,-1,171,188,173,-1,173,188,189,-1,173,189,175,-1,175,189,190,-1,175,190,177,-1,177,190,191,-1,177,191,179,-1,179,191,192,-1,179,192,145,-1,145,192,193,-1,145,193,147,-1,147,193,194,-1,147,194,149,-1,149,194,195,-1,149,195,151,-1,151,195,196,-1,151,196,153,-1,155,153,197,-1,197,153,196,-1,157,155,181,-1,181,155,197,-1,152,154,198,-1,198,154,199,-1,154,156,199,-1,199,156,200,-1,156,158,200,-1,200,158,201,-1,166,202,203,-1,166,203,164,-1,164,203,204,-1,164,204,162,-1,162,204,205,-1,162,205,160,-1,160,205,201,-1,160,201,158,-1,174,206,207,-1,174,207,172,-1,172,207,208,-1,172,208,170,-1,170,208,209,-1,170,209,168,-1,168,209,202,-1,168,202,166,-1,146,210,211,-1,146,211,144,-1,144,211,212,-1,144,212,178,-1,178,212,213,-1,178,213,176,-1,176,213,206,-1,176,206,174,-1,152,198,214,-1,152,214,150,-1,150,214,215,-1,150,215,148,-1,148,215,210,-1,148,210,146,-1,
        ]
    }
}
Shape{
    appearance Appearance {
        material  Material 	{
            diffuseColor 0.7529411764705882 0.7529411764705882 0.7529411764705882
            specularColor 0.3764705882352941 0.3764705882352941 0.3764705882352941
            ambientIntensity 0.7529
            transparency 0.0
            shininess 0.5
        }
    }
    geometry IndexedFaceSet {
        ccw TRUE
        solid FALSE
        coord DEF co Coordinate {
            point [
                1.9393 1.7415 1.6476, 1.9393 1.7415 1.5447, 1.9393 1.7617 1.6476, 1.9393 1.7609 1.5447, 1.9393 1.7984 1.5566, 1.9393 1.8005 1.5586, 1.9393 1.7783 1.5467, 1.9393 1.7896 1.5508, 1.9393 1.8075 1.5674, 1.9393 1.812 1.5774, 1.9393 1.8144 1.5899, 1.9393 1.8148 1.5974, 1.9393 1.8129 1.614, 1.9393 1.8091 1.6238, 1.9393 1.804 1.6313, 1.9393 1.8002 1.635, 1.9393 1.7782 1.6458, 1.9393 1.7899 1.6418
            ]
        }
        coordIndex [
            0,1,2,-1,2,1,3,-1,2,4,5,-1,3,6,2,-1,2,6,7,-1,2,7,4,-1,5,8,2,-1,2,8,9,-1,2,9,10,-1,10,11,2,-1,2,11,12,-1,2,12,13,-1,13,14,2,-1,2,14,15,-1,2,15,16,-1,16,15,17,-1,
        ]
    }
}
Shape{
    appearance Appearance {
        material  Material 	{
            diffuseColor 0.0 0.0 0.0
            specularColor 0.0 0.0 0.0
            ambientIntensity 0.0
            transparency 0.0
            shininess 0.5
        }
    }
    geometry IndexedFaceSet {
        ccw TRUE
        solid FALSE
        coord DEF co Coordinate {
            point [
                1.9432 1.8776 1.5811, 1.9432 1.8722 1.566, 1.9432 1.9224 1.5811, 1.9432 1.9277 1.566, 1.9432 1.8976 1.6365, 1.9432 1.8911 1.6629, 1.9432 1.8403 1.5295, 1.9432 1.8594 1.5295, 1.9432 1.8987 1.6405, 1.9432 1.8998 1.6459, 1.9432 1.9096 1.6629, 1.9432 1.9002 1.6459, 1.9432 1.9013 1.6402, 1.9432 1.9023 1.6365, 1.9432 1.9604 1.5295, 1.9432 1.9414 1.5295, 1.9393 1.9096 1.6629, 1.9393 1.9604 1.5295, 1.9393 1.8911 1.6629, 1.9393 1.8403 1.5295, 1.9393 1.8788 1.6305, 1.9393 1.8594 1.5295, 1.9393 1.8722 1.566, 1.9393 1.9277 1.566, 1.9393 1.8788 1.566, 1.9393 1.9414 1.5295, 1.9393 1.8776 1.5811, 1.9393 1.9224 1.5811, 1.9393 1.9023 1.6365, 1.9393 1.9002 1.6459, 1.9393 1.9013 1.6402, 1.9393 1.8998 1.6459, 1.9393 1.8976 1.6365, 1.9393 1.8987 1.6405
            ]
        }
        coordIndex [
            0,1,2,-1,2,1,3,-1,4,5,0,-1,0,5,6,-1,0,6,1,-1,1,6,7,-1,4,8,5,-1,5,8,9,-1,5,9,10,-1,10,9,11,-1,10,11,12,-1,12,13,10,-1,10,13,2,-1,10,2,14,-1,14,2,3,-1,14,3,15,-1,10,14,16,-1,16,14,17,-1,5,10,18,-1,18,10,16,-1,19,6,20,-1,20,6,5,-1,20,5,18,-1,7,6,21,-1,21,6,19,-1,1,7,22,-1,22,7,21,-1,23,3,24,-1,24,3,1,-1,24,1,22,-1,15,3,25,-1,25,3,23,-1,14,15,17,-1,17,15,25,-1,0,2,26,-1,26,2,27,-1,2,13,27,-1,27,13,28,-1,11,29,30,-1,11,30,12,-1,12,30,28,-1,12,28,13,-1,11,9,29,-1,29,9,31,-1,4,32,33,-1,4,33,8,-1,8,33,31,-1,8,31,9,-1,4,0,32,-1,32,0,26,-1,
        ]
    }
}
Shape{
    appearance Appearance {
        material  Material 	{
            diffuseColor 0.7529411764705882 0.7529411764705882 0.7529411764705882
            specularColor 0.3764705882352941 0.3764705882352941 0.3764705882352941
            ambientIntensity 0.7529
            transparency 0.0
            shininess 0.5
        }
    }
    geometry IndexedFaceSet {
        ccw TRUE
        solid FALSE
        coord DEF co Coordinate {
            point [
                1.9393 1.9002 1.6459, 1.9393 1.8998 1.6459, 1.9393 1.9013 1.6402, 1.9393 1.8987 1.6405, 1.9393 1.9023 1.6365, 1.9393 1.8976 1.6365, 1.9393 1.9224 1.5811, 1.9393 1.8776 1.5811
            ]
        }
        coordIndex [
            0,1,2,-1,2,1,3,-1,2,3,4,-1,4,3,5,-1,4,5,6,-1,6,5,7,-1,
        ]
    }
}
Shape{
    appearance Appearance {
        material  Material 	{
            diffuseColor 0.0 0.0 0.0
            specularColor 0.0 0.0 0.0
            ambientIntensity 0.0
            transparency 0.0
            shininess 0.5
        }
    }
    geometry IndexedFaceSet {
        ccw TRUE
        solid FALSE
        coord DEF co Coordinate {
            point [
                1.9432 1.4966 1.333, 1.9432 1.4966 1.3178, 1.9393 1.4966 1.333, 1.9393 1.4966 1.3178, 1.9432 1.4421 1.333, 1.9393 1.4421 1.333, 1.9432 1.4421 1.3779, 1.9393 1.4421 1.3779, 1.9432 1.4898 1.3779, 1.9393 1.4898 1.3779, 1.9432 1.4898 1.3932, 1.9393 1.4898 1.3932, 1.9432 1.4421 1.3932, 1.9393 1.4421 1.3932, 1.9432 1.4421 1.4359, 1.9393 1.4421 1.4359, 1.9432 1.4936 1.4359, 1.9393 1.4936 1.4359, 1.9432 1.4936 1.4512, 1.9393 1.4936 1.4512, 1.9432 1.4248 1.4512, 1.9393 1.4248 1.4512, 1.9432 1.4248 1.3178, 1.9393 1.4248 1.3178, 1.9432 1.5725 1.3178, 1.9432 1.5892 1.3178, 1.9432 1.5725 1.3325, 1.9432 1.5892 1.3791, 1.9432 1.5725 1.3784, 1.9432 1.5365 1.3586, 1.9432 1.5408 1.3605, 1.9432 1.5502 1.3626, 1.9432 1.5725 1.3656, 1.9432 1.5725 1.3565, 1.9432 1.572 1.3325, 1.9432 1.5632 1.335, 1.9432 1.5694 1.3286, 1.9432 1.5585 1.3318, 1.9432 1.5724 1.3554, 1.9432 1.5714 1.3479, 1.9432 1.5689 1.3419, 1.9432 1.5653 1.337, 1.9432 1.5719 1.3858, 1.9432 1.5879 1.3918, 1.9432 1.5702 1.3917, 1.9432 1.5852 1.3994, 1.9432 1.5682 1.3952, 1.9432 1.5818 1.4048, 1.9432 1.5657 1.3978, 1.9432 1.5774 1.4091, 1.9432 1.5627 1.3998, 1.9432 1.5718 1.4123, 1.9432 1.5588 1.4011, 1.9432 1.5647 1.4144, 1.9432 1.5532 1.4017, 1.9432 1.5547 1.4153, 1.9432 1.5431 1.4006, 1.9432 1.5383 1.4133, 1.9432 1.5326 1.397, 1.9432 1.5258 1.4086, 1.9432 1.5219 1.3902, 1.9432 1.5219 1.4064, 1.9432 1.533 1.335, 1.9432 1.5208 1.323, 1.9432 1.5344 1.3335, 1.9432 1.5264 1.3191, 1.9432 1.5377 1.3313, 1.9432 1.5328 1.3167, 1.9432 1.5415 1.3299, 1.9432 1.5428 1.3155, 1.9432 1.5472 1.3293, 1.9432 1.5514 1.3165, 1.9432 1.5534 1.33, 1.9432 1.5582 1.3189, 1.9432 1.5641 1.3229, 1.9432 1.5297 1.3473, 1.9432 1.5126 1.3454, 1.9432 1.5295 1.3447, 1.9432 1.5126 1.3433, 1.9432 1.53 1.3408, 1.9432 1.5134 1.3357, 1.9432 1.5311 1.3378, 1.9432 1.5154 1.3301, 1.9432 1.5189 1.3249, 1.9432 1.5442 1.3744, 1.9432 1.5317 1.3713, 1.9432 1.534 1.3567, 1.9432 1.5245 1.3677, 1.9432 1.532 1.3543, 1.9432 1.5194 1.3633, 1.9432 1.5305 1.3512, 1.9432 1.516 1.3585, 1.9432 1.5137 1.3526, 1.9393 1.5547 1.4153, 1.9393 1.5383 1.4133, 1.9393 1.5258 1.4086, 1.9393 1.5219 1.4064, 1.9393 1.5219 1.3902, 1.9393 1.5326 1.397, 1.9393 1.5431 1.4006, 1.9393 1.5532 1.4017, 1.9393 1.5588 1.4011, 1.9393 1.5627 1.3998, 1.9393 1.5657 1.3978, 1.9393 1.5682 1.3952, 1.9393 1.5702 1.3917, 1.9393 1.5719 1.3858, 1.9393 1.5725 1.3784, 1.9393 1.5442 1.3744, 1.9393 1.5317 1.3713, 1.9393 1.5245 1.3677, 1.9393 1.5194 1.3633, 1.9393 1.516 1.3585, 1.9393 1.5137 1.3526, 1.9393 1.5126 1.3454, 1.9393 1.5126 1.3433, 1.9393 1.5134 1.3357, 1.9393 1.5154 1.3301, 1.9393 1.5189 1.3249, 1.9393 1.5208 1.323, 1.9393 1.5428 1.3155, 1.9393 1.5331 1.3167, 1.9393 1.5328 1.3167, 1.9393 1.5264 1.3191, 1.9393 1.5514 1.3165, 1.9393 1.5519 1.3167, 1.9393 1.5582 1.3189, 1.9393 1.5641 1.3229, 1.9393 1.5694 1.3286, 1.9393 1.572 1.3325, 1.9393 1.5725 1.3325, 1.9393 1.5725 1.3178, 1.9393 1.5892 1.3178, 1.9393 1.5892 1.3791, 1.9393 1.5879 1.3918, 1.9393 1.5852 1.3994, 1.9393 1.5818 1.4048, 1.9393 1.5774 1.4091, 1.9393 1.5718 1.4123, 1.9393 1.5647 1.4144, 1.9393 1.534 1.3567, 1.9393 1.5365 1.3586, 1.9393 1.5408 1.3605, 1.9393 1.5502 1.3626, 1.9393 1.5295 1.3447, 1.9393 1.5297 1.3473, 1.9393 1.5305 1.3512, 1.9393 1.532 1.3543, 1.9393 1.5344 1.3335, 1.9393 1.533 1.335, 1.9393 1.5311 1.3378, 1.9393 1.53 1.3408, 1.9393 1.5472 1.3293, 1.9393 1.5415 1.3299, 1.9393 1.5377 1.3313, 1.9393 1.5653 1.337, 1.9393 1.5632 1.335, 1.9393 1.5585 1.3318, 1.9393 1.5534 1.33, 1.9393 1.5725 1.3565, 1.9393 1.5724 1.3554, 1.9393 1.5714 1.3479, 1.9393 1.5689 1.3419, 1.9393 1.5725 1.3656
            ]
        }
        coordIndex [
            0,1,2,-1,2,1,3,-1,4,0,5,-1,5,0,2,-1,6,4,7,-1,7,4,5,-1,8,6,9,-1,9,6,7,-1,10,8,11,-1,11,8,9,-1,12,10,13,-1,13,10,11,-1,14,12,15,-1,15,12,13,-1,16,14,17,-1,17,14,15,-1,18,16,19,-1,19,16,17,-1,20,18,21,-1,21,18,19,-1,22,20,23,-1,23,20,21,-1,1,22,3,-1,3,22,23,-1,16,18,14,-1,14,18,20,-1,14,20,12,-1,1,0,22,-1,22,0,4,-1,22,4,6,-1,8,10,6,-1,6,10,12,-1,6,12,22,-1,22,12,20,-1,24,25,26,-1,26,25,27,-1,28,29,30,-1,31,32,27,-1,27,32,33,-1,34,35,36,-1,36,35,37,-1,33,38,27,-1,27,38,39,-1,27,39,26,-1,26,39,40,-1,26,40,34,-1,34,40,41,-1,34,41,35,-1,30,31,28,-1,28,31,27,-1,28,27,42,-1,42,27,43,-1,42,43,44,-1,44,43,45,-1,44,45,46,-1,46,45,47,-1,46,47,48,-1,48,47,49,-1,48,49,50,-1,50,49,51,-1,50,51,52,-1,52,51,53,-1,52,53,54,-1,54,53,55,-1,54,55,56,-1,56,55,57,-1,56,57,58,-1,58,57,59,-1,58,59,60,-1,60,59,61,-1,62,63,64,-1,64,63,65,-1,64,65,66,-1,66,65,67,-1,66,67,68,-1,68,67,69,-1,68,69,70,-1,70,69,71,-1,70,71,72,-1,72,71,73,-1,72,73,37,-1,37,73,74,-1,37,74,36,-1,75,76,77,-1,77,76,78,-1,77,78,79,-1,79,78,80,-1,79,80,81,-1,81,80,82,-1,81,82,62,-1,62,82,83,-1,62,83,63,-1,28,84,29,-1,29,84,85,-1,29,85,86,-1,86,85,87,-1,86,87,88,-1,88,87,89,-1,88,89,90,-1,90,89,91,-1,90,91,75,-1,75,91,92,-1,75,92,76,-1,55,93,94,-1,55,94,57,-1,57,94,95,-1,57,95,59,-1,59,95,96,-1,59,96,61,-1,60,61,97,-1,97,61,96,-1,60,97,98,-1,60,98,58,-1,58,98,99,-1,58,99,56,-1,56,99,100,-1,56,100,54,-1,54,100,101,-1,54,101,52,-1,52,101,102,-1,52,102,50,-1,50,102,103,-1,50,103,48,-1,48,103,104,-1,48,104,46,-1,46,104,105,-1,46,105,44,-1,44,105,106,-1,44,106,42,-1,42,106,107,-1,42,107,28,-1,84,28,108,-1,108,28,107,-1,84,108,109,-1,84,109,85,-1,85,109,110,-1,85,110,87,-1,87,110,111,-1,87,111,89,-1,89,111,112,-1,89,112,91,-1,91,112,113,-1,91,113,92,-1,92,113,114,-1,92,114,76,-1,76,114,115,-1,76,115,78,-1,78,115,116,-1,78,116,80,-1,80,116,117,-1,80,117,82,-1,82,117,118,-1,82,118,83,-1,83,118,119,-1,83,119,63,-1,120,69,121,-1,121,69,67,-1,121,67,122,-1,122,67,65,-1,122,65,123,-1,123,65,63,-1,123,63,119,-1,69,120,124,-1,69,124,71,-1,71,124,125,-1,71,125,73,-1,125,126,73,-1,73,126,127,-1,73,127,74,-1,74,127,128,-1,74,128,36,-1,36,128,129,-1,36,129,34,-1,26,34,130,-1,130,34,129,-1,24,26,131,-1,131,26,130,-1,25,24,132,-1,132,24,131,-1,27,25,133,-1,133,25,132,-1,27,133,134,-1,27,134,43,-1,43,134,135,-1,43,135,45,-1,45,135,136,-1,45,136,47,-1,47,136,137,-1,47,137,49,-1,49,137,138,-1,49,138,51,-1,51,138,139,-1,51,139,53,-1,53,139,93,-1,53,93,55,-1,86,140,141,-1,86,141,29,-1,29,141,142,-1,29,142,30,-1,30,142,143,-1,30,143,31,-1,77,144,145,-1,77,145,75,-1,75,145,146,-1,75,146,90,-1,90,146,147,-1,90,147,88,-1,88,147,140,-1,88,140,86,-1,64,148,149,-1,64,149,62,-1,62,149,150,-1,62,150,81,-1,81,150,151,-1,81,151,79,-1,79,151,144,-1,79,144,77,-1,70,152,153,-1,70,153,68,-1,68,153,154,-1,68,154,66,-1,66,154,148,-1,66,148,64,-1,41,155,156,-1,41,156,35,-1,35,156,157,-1,35,157,37,-1,37,157,158,-1,37,158,72,-1,72,158,152,-1,72,152,70,-1,33,159,160,-1,33,160,38,-1,38,160,161,-1,38,161,39,-1,39,161,162,-1,39,162,40,-1,40,162,155,-1,40,155,41,-1,33,32,159,-1,159,32,163,-1,32,31,163,-1,163,31,143,-1,
        ]
    }
}
Shape{
    appearance Appearance {
        material  Material 	{
            diffuseColor 0.7529411764705882 0.7529411764705882 0.7529411764705882
            specularColor 0.3764705882352941 0.3764705882352941 0.3764705882352941
            ambientIntensity 0.7529
            transparency 0.0
            shininess 0.5
        }
    }
    geometry IndexedFaceSet {
        ccw TRUE
        solid FALSE
        coord DEF co Coordinate {
            point [
                1.9393 1.5725 1.3656, 1.9393 1.5502 1.3626, 1.9393 1.5725 1.3565, 1.9393 1.5408 1.3605, 1.9393 1.5365 1.3586, 1.9393 1.534 1.3567, 1.9393 1.5724 1.3554, 1.9393 1.5714 1.3479, 1.9393 1.532 1.3543, 1.9393 1.5689 1.3419, 1.9393 1.533 1.335, 1.9393 1.5344 1.3335, 1.9393 1.5632 1.335, 1.9393 1.5311 1.3378, 1.9393 1.5585 1.3318, 1.9393 1.5534 1.33, 1.9393 1.5472 1.3293, 1.9393 1.5305 1.3512, 1.9393 1.5297 1.3473, 1.9393 1.5653 1.337, 1.9393 1.5295 1.3447, 1.9393 1.53 1.3408, 1.9393 1.5377 1.3313, 1.9393 1.5415 1.3299
            ]
        }
        coordIndex [
            0,1,2,-1,2,1,3,-1,3,4,2,-1,2,4,5,-1,2,5,6,-1,6,5,7,-1,7,5,8,-1,7,8,9,-1,10,11,12,-1,10,12,13,-1,14,12,15,-1,15,12,16,-1,8,17,9,-1,9,17,18,-1,9,18,19,-1,19,18,20,-1,19,20,12,-1,12,20,21,-1,12,21,13,-1,11,22,12,-1,12,22,23,-1,12,23,16,-1,
        ]
    }
}
Shape{
    appearance Appearance {
        material  Material 	{
            diffuseColor 0.0 0.0 0.0
            specularColor 0.0 0.0 0.0
            ambientIntensity 0.0
            transparency 0.0
            shininess 0.5
        }
    }
    geometry IndexedFaceSet {
        ccw TRUE
        solid FALSE
        coord DEF co Coordinate {
            point [
                1.9393 1.6118 1.3384, 1.9432 1.6118 1.3384, 1.9432 1.6184 1.3344, 1.9432 1.6393 1.3292, 1.9393 1.6393 1.3292, 1.9393 1.6288 1.3304, 1.9432 1.6288 1.3304, 1.9393 1.6196 1.3339, 1.9393 1.6184 1.3344, 1.9432 1.6118 1.3211, 1.9393 1.6118 1.3211, 1.9432 1.6238 1.317, 1.9393 1.6196 1.3184, 1.9393 1.6377 1.3155, 1.9432 1.6377 1.3155, 1.9393 1.6267 1.3167, 1.9393 1.6238 1.317, 1.9432 1.6515 1.317, 1.9393 1.6482 1.3167, 1.9393 1.6515 1.317, 1.9393 1.6606 1.3202, 1.9432 1.6606 1.3202, 1.9393 1.6655 1.3231, 1.9432 1.6655 1.3231, 1.9393 1.6702 1.3273, 1.9432 1.6702 1.3273, 1.9393 1.6734 1.3317, 1.9432 1.6734 1.3317, 1.9393 1.6754 1.337, 1.9432 1.6754 1.337, 1.9393 1.6762 1.3437, 1.9432 1.6762 1.3437, 1.9393 1.6755 1.3499, 1.9432 1.6755 1.3499, 1.9393 1.6737 1.3549, 1.9432 1.6737 1.3549, 1.9393 1.6706 1.3595, 1.9432 1.6706 1.3595, 1.9393 1.6666 1.363, 1.9432 1.6666 1.363, 1.9393 1.6555 1.3692, 1.9432 1.6555 1.3692, 1.9393 1.649 1.3718, 1.9432 1.649 1.3718, 1.9393 1.6387 1.3763, 1.9432 1.6387 1.3763, 1.9393 1.6328 1.38, 1.9432 1.6328 1.38, 1.9393 1.6312 1.3818, 1.9432 1.6312 1.3818, 1.9393 1.63 1.3841, 1.9432 1.63 1.3841, 1.9393 1.6293 1.3867, 1.9432 1.6293 1.3867, 1.9393 1.6292 1.3889, 1.9432 1.6292 1.3889, 1.9393 1.6295 1.3915, 1.9432 1.6295 1.3915, 1.9393 1.6303 1.3938, 1.9432 1.6303 1.3938, 1.9393 1.6317 1.3959, 1.9432 1.6317 1.3959, 1.9393 1.6342 1.3982, 1.9432 1.6342 1.3982, 1.9393 1.638 1.4002, 1.9432 1.638 1.4002, 1.9393 1.6425 1.4013, 1.9432 1.6425 1.4013, 1.9393 1.6474 1.4017, 1.9432 1.6474 1.4017, 1.9393 1.6584 1.4005, 1.9432 1.6584 1.4005, 1.9393 1.6678 1.397, 1.9432 1.6678 1.397, 1.9393 1.6716 1.3948, 1.9432 1.6716 1.3948, 1.9432 1.6716 1.4111, 1.9393 1.6716 1.4111, 1.9393 1.6583 1.4147, 1.9432 1.6583 1.4147, 1.9393 1.649 1.4153, 1.9432 1.649 1.4153, 1.9393 1.6367 1.4139, 1.9432 1.6367 1.4139, 1.9393 1.6275 1.4106, 1.9432 1.6275 1.4106, 1.9393 1.6226 1.4077, 1.9432 1.6226 1.4077, 1.9432 1.6177 1.4033, 1.9393 1.6196 1.4049, 1.9393 1.6177 1.4033, 1.9393 1.6146 1.3987, 1.9432 1.6146 1.3987, 1.9393 1.6126 1.3934, 1.9432 1.6126 1.3934, 1.9393 1.6119 1.3874, 1.9432 1.6119 1.3874, 1.9393 1.6127 1.3809, 1.9432 1.6127 1.3809, 1.9393 1.6145 1.3758, 1.9432 1.6145 1.3758, 1.9393 1.6167 1.3723, 1.9432 1.6167 1.3723, 1.9393 1.6372 1.3597, 1.9432 1.6372 1.3597, 1.9432 1.6273 1.3642, 1.9393 1.6194 1.3694, 1.9432 1.6194 1.3694, 1.9393 1.6196 1.3693, 1.9393 1.6273 1.3642, 1.9393 1.6482 1.3551, 1.9432 1.6482 1.3551, 1.9393 1.6547 1.3512, 1.9432 1.6547 1.3512, 1.9393 1.6568 1.349, 1.9432 1.6568 1.349, 1.9393 1.6581 1.3468, 1.9432 1.6581 1.3468, 1.9393 1.6589 1.3442, 1.9432 1.6589 1.3442, 1.9393 1.659 1.3421, 1.9432 1.659 1.3421, 1.9393 1.6587 1.3389, 1.9432 1.6587 1.3389, 1.9393 1.6578 1.3365, 1.9432 1.6578 1.3365, 1.9393 1.6564 1.3344, 1.9432 1.6564 1.3344, 1.9393 1.6545 1.3327, 1.9432 1.6545 1.3327, 1.9393 1.6529 1.3317, 1.9432 1.6529 1.3317, 1.9393 1.6486 1.3301, 1.9432 1.6486 1.3301, 1.9393 1.6401 1.3292, 1.9432 1.6401 1.3292, 1.9432 1.7591 1.4131, 1.9432 1.7764 1.4131, 1.9393 1.7591 1.4131, 1.9393 1.7764 1.4131, 1.9432 1.733 1.3413, 1.9393 1.733 1.3413, 1.9393 1.7318 1.3369, 1.9432 1.7318 1.3369, 1.9393 1.731 1.3336, 1.9432 1.731 1.3336, 1.9432 1.7305 1.3336, 1.9393 1.7305 1.3336, 1.9432 1.7285 1.3415, 1.9393 1.7285 1.3415, 1.9393 1.7036 1.4131, 1.9432 1.7036 1.4131, 1.9393 1.7117 1.3899, 1.9432 1.6849 1.4131, 1.9393 1.6849 1.4131, 1.9393 1.7223 1.318, 1.9432 1.7223 1.318, 1.9393 1.7117 1.345, 1.9393 1.715 1.3007, 1.9432 1.715 1.3007, 1.9393 1.7217 1.3167, 1.9393 1.7117 1.2947, 1.9432 1.7117 1.2947, 1.9393 1.7117 1.2946, 1.9432 1.7086 1.2912, 1.9393 1.7086 1.2912, 1.9393 1.7055 1.289, 1.9432 1.7055 1.289, 1.9393 1.7018 1.2877, 1.9432 1.7018 1.2877, 1.9393 1.6978 1.2872, 1.9432 1.6978 1.2872, 1.9393 1.6918 1.288, 1.9432 1.6918 1.288, 1.9393 1.6883 1.2891, 1.9432 1.6883 1.2891, 1.9432 1.6883 1.2743, 1.9393 1.6883 1.2743, 1.9393 1.6954 1.273, 1.9432 1.6954 1.273, 1.9393 1.6991 1.2729, 1.9432 1.6991 1.2729, 1.9393 1.7059 1.2737, 1.9432 1.7059 1.2737, 1.9393 1.7117 1.2759, 1.9432 1.7125 1.2762, 1.9393 1.7125 1.2762, 1.9393 1.7183 1.2803, 1.9432 1.7183 1.2803, 1.9393 1.7195 1.2813, 1.9432 1.7195 1.2813, 1.9393 1.7256 1.2887, 1.9432 1.7256 1.2887, 1.9393 1.7331 1.3034, 1.9432 1.7331 1.3034, 1.9393 1.7384 1.3167, 1.9432 1.8662 1.333, 1.9432 1.8662 1.3178, 1.9393 1.8662 1.333, 1.9393 1.8662 1.3178, 1.9393 1.8116 1.333, 1.9432 1.8116 1.333, 1.9393 1.8366 1.333, 1.9432 1.8116 1.3779, 1.9393 1.8116 1.3779, 1.9393 1.8594 1.3779, 1.9432 1.8594 1.3779, 1.9393 1.8366 1.3779, 1.9432 1.8594 1.3932, 1.9393 1.8594 1.3932, 1.9393 1.8116 1.3932, 1.9432 1.8116 1.3932, 1.9393 1.8366 1.3932, 1.9432 1.8116 1.4359, 1.9393 1.8116 1.4359, 1.9393 1.8631 1.4359, 1.9432 1.8631 1.4359, 1.9393 1.8366 1.4359, 1.9432 1.8631 1.4512, 1.9393 1.8631 1.4512, 1.9393 1.7944 1.4512, 1.9432 1.7944 1.4512, 1.9393 1.8366 1.4512, 1.9432 1.7944 1.3178, 1.9393 1.7944 1.3178, 1.9393 1.8366 1.3178, 1.9432 1.9711 1.4196, 1.9432 1.9853 1.4282, 1.9432 1.9673 1.4233, 1.9432 1.9799 1.4336, 1.9432 1.957 1.4301, 1.9432 1.9665 1.4428, 1.9432 1.9453 1.4341, 1.9432 1.9505 1.4488, 1.9432 1.9288 1.4359, 1.9432 1.9295 1.4512, 1.9432 1.9086 1.4359, 1.9432 1.8914 1.4512, 1.9432 1.9086 1.333, 1.9432 1.8914 1.3178, 1.9432 1.928 1.333, 1.9432 1.9281 1.3178, 1.9432 1.9454 1.3349, 1.9432 1.9474 1.3197, 1.9432 1.9567 1.3391, 1.9432 1.9633 1.3251, 1.9432 1.9655 1.3449, 1.9432 1.9765 1.3336, 1.9432 1.9677 1.3469, 1.9432 1.9799 1.3365, 1.9432 1.9746 1.3557, 1.9432 1.9899 1.3484, 1.9432 1.9791 1.3657, 1.9432 1.9964 1.3622, 1.9432 1.9816 1.3782, 1.9432 1.9996 1.3779, 1.9432 1.9819 1.3857, 1.9432 2.0 1.3862, 1.9432 1.98 1.4023, 1.9432 1.9981 1.4035, 1.9432 1.9762 1.4121, 1.9432 1.9934 1.4164, 1.9393 1.9281 1.3178, 1.9393 1.8914 1.3178, 1.9393 1.9474 1.3197, 1.9393 1.9633 1.3251, 1.9393 1.9765 1.3336, 1.9393 1.9799 1.3365, 1.9393 1.9899 1.3484, 1.9393 1.9964 1.3622, 1.9393 1.9996 1.3779, 1.9393 2.0 1.3862, 1.9393 1.9981 1.4035, 1.9393 1.9934 1.4164, 1.9393 1.9853 1.4282, 1.9393 1.9799 1.4336, 1.9393 1.9665 1.4428, 1.9393 1.9505 1.4488, 1.9393 1.9295 1.4512, 1.9393 1.8914 1.4512, 1.9393 1.9288 1.4359, 1.9393 1.9086 1.4359, 1.9393 1.9086 1.333, 1.9393 1.928 1.333, 1.9393 1.9677 1.3469, 1.9393 1.9655 1.3449, 1.9393 1.9567 1.3391, 1.9393 1.9454 1.3349, 1.9393 1.9819 1.3857, 1.9393 1.9816 1.3782, 1.9393 1.9791 1.3657, 1.9393 1.9746 1.3557, 1.9393 1.9673 1.4233, 1.9393 1.9711 1.4196, 1.9393 1.9762 1.4121, 1.9393 1.98 1.4023, 1.9393 1.9453 1.4341, 1.9393 1.957 1.4301
            ]
        }
        coordIndex [
            0,1,2,-1,3,4,5,-1,3,5,6,-1,6,5,7,-1,6,7,2,-1,2,7,8,-1,2,8,0,-1,9,1,10,-1,10,1,0,-1,9,10,11,-1,11,10,12,-1,13,14,15,-1,15,14,11,-1,15,11,16,-1,16,11,12,-1,14,13,17,-1,17,13,18,-1,18,19,17,-1,17,19,20,-1,17,20,21,-1,21,20,22,-1,21,22,23,-1,23,22,24,-1,23,24,25,-1,25,24,26,-1,25,26,27,-1,27,26,28,-1,27,28,29,-1,29,28,30,-1,29,30,31,-1,31,30,32,-1,31,32,33,-1,33,32,34,-1,33,34,35,-1,35,34,36,-1,35,36,37,-1,37,36,38,-1,37,38,39,-1,39,38,40,-1,39,40,41,-1,41,40,42,-1,41,42,43,-1,43,42,44,-1,43,44,45,-1,45,44,46,-1,45,46,47,-1,47,46,48,-1,47,48,49,-1,49,48,50,-1,49,50,51,-1,51,50,52,-1,51,52,53,-1,53,52,54,-1,53,54,55,-1,55,54,56,-1,55,56,57,-1,57,56,58,-1,57,58,59,-1,59,58,60,-1,59,60,61,-1,61,60,62,-1,61,62,63,-1,63,62,64,-1,63,64,65,-1,65,64,66,-1,65,66,67,-1,67,66,68,-1,67,68,69,-1,69,68,70,-1,69,70,71,-1,71,70,72,-1,71,72,73,-1,73,72,74,-1,73,74,75,-1,76,75,77,-1,77,75,74,-1,76,77,78,-1,76,78,79,-1,79,78,80,-1,79,80,81,-1,81,80,82,-1,81,82,83,-1,83,82,84,-1,83,84,85,-1,85,84,86,-1,85,86,87,-1,87,86,88,-1,88,86,89,-1,89,90,88,-1,88,90,91,-1,88,91,92,-1,92,91,93,-1,92,93,94,-1,94,93,95,-1,94,95,96,-1,96,95,97,-1,96,97,98,-1,98,97,99,-1,98,99,100,-1,100,99,101,-1,100,101,102,-1,103,104,105,-1,102,101,106,-1,102,106,107,-1,107,106,108,-1,107,108,105,-1,105,108,109,-1,105,109,103,-1,104,103,110,-1,104,110,111,-1,111,110,112,-1,111,112,113,-1,113,112,114,-1,113,114,115,-1,115,114,116,-1,115,116,117,-1,117,116,118,-1,117,118,119,-1,119,118,120,-1,119,120,121,-1,121,120,122,-1,121,122,123,-1,123,122,124,-1,123,124,125,-1,125,124,126,-1,125,126,127,-1,127,126,128,-1,127,128,129,-1,129,128,130,-1,129,130,131,-1,131,130,132,-1,131,132,133,-1,133,132,134,-1,133,134,135,-1,135,134,4,-1,135,4,3,-1,61,63,85,-1,85,63,83,-1,111,43,104,-1,104,43,45,-1,21,23,127,-1,127,23,25,-1,127,25,125,-1,125,25,27,-1,125,27,123,-1,123,27,29,-1,123,29,121,-1,121,29,31,-1,121,31,119,-1,119,31,33,-1,119,33,117,-1,117,33,35,-1,117,35,115,-1,115,35,37,-1,115,37,113,-1,113,37,39,-1,113,39,111,-1,111,39,41,-1,111,41,43,-1,14,3,11,-1,11,3,6,-1,11,6,9,-1,9,6,2,-1,9,2,1,-1,63,65,83,-1,83,65,67,-1,83,67,81,-1,81,67,69,-1,81,69,79,-1,79,69,71,-1,79,71,76,-1,76,71,73,-1,76,73,75,-1,127,129,21,-1,21,129,131,-1,21,131,17,-1,17,131,133,-1,17,133,14,-1,14,133,135,-1,14,135,3,-1,85,87,61,-1,61,87,88,-1,61,88,59,-1,59,88,92,-1,59,92,57,-1,57,92,94,-1,57,94,55,-1,55,94,96,-1,55,96,53,-1,53,96,98,-1,53,98,51,-1,51,98,100,-1,51,100,49,-1,49,100,102,-1,49,102,47,-1,47,102,107,-1,47,107,45,-1,45,107,105,-1,45,105,104,-1,136,137,138,-1,138,137,139,-1,140,136,141,-1,141,136,138,-1,140,141,142,-1,140,142,143,-1,143,142,144,-1,143,144,145,-1,146,145,147,-1,147,145,144,-1,148,146,149,-1,149,146,147,-1,150,151,152,-1,152,151,148,-1,152,148,149,-1,153,151,154,-1,154,151,150,-1,155,156,157,-1,157,156,153,-1,157,153,154,-1,158,159,160,-1,160,159,156,-1,160,156,155,-1,159,158,161,-1,159,161,162,-1,162,161,163,-1,162,163,164,-1,163,165,164,-1,164,165,166,-1,164,166,167,-1,167,166,168,-1,167,168,169,-1,169,168,170,-1,169,170,171,-1,171,170,172,-1,171,172,173,-1,173,172,174,-1,173,174,175,-1,176,175,177,-1,177,175,174,-1,176,177,178,-1,176,178,179,-1,179,178,180,-1,179,180,181,-1,181,180,182,-1,181,182,183,-1,183,182,184,-1,183,184,185,-1,184,186,185,-1,185,186,187,-1,185,187,188,-1,188,187,189,-1,188,189,190,-1,190,189,191,-1,190,191,192,-1,192,191,193,-1,192,193,194,-1,139,137,195,-1,195,137,194,-1,195,194,193,-1,143,145,194,-1,137,136,194,-1,194,136,140,-1,194,140,143,-1,151,153,148,-1,148,153,156,-1,148,156,146,-1,192,162,190,-1,190,162,164,-1,175,176,173,-1,173,176,179,-1,173,179,171,-1,171,179,181,-1,171,181,169,-1,169,181,183,-1,169,183,167,-1,167,183,185,-1,167,185,164,-1,164,185,188,-1,164,188,190,-1,145,146,194,-1,194,146,156,-1,194,156,192,-1,192,156,159,-1,192,159,162,-1,196,197,198,-1,198,197,199,-1,200,201,202,-1,202,201,196,-1,202,196,198,-1,203,201,204,-1,204,201,200,-1,205,206,207,-1,207,206,203,-1,207,203,204,-1,208,206,209,-1,209,206,205,-1,210,211,212,-1,212,211,208,-1,212,208,209,-1,213,211,214,-1,214,211,210,-1,215,216,217,-1,217,216,213,-1,217,213,214,-1,218,216,219,-1,219,216,215,-1,220,221,222,-1,222,221,218,-1,222,218,219,-1,223,221,224,-1,224,221,220,-1,199,197,225,-1,225,197,223,-1,225,223,224,-1,197,196,223,-1,223,196,201,-1,206,208,203,-1,203,208,211,-1,216,218,213,-1,213,218,221,-1,213,221,211,-1,211,221,223,-1,211,223,203,-1,203,223,201,-1,226,227,228,-1,228,227,229,-1,228,229,230,-1,230,229,231,-1,230,231,232,-1,232,231,233,-1,232,233,234,-1,234,233,235,-1,234,235,236,-1,236,235,237,-1,236,237,238,-1,238,237,239,-1,238,239,240,-1,240,239,241,-1,240,241,242,-1,242,241,243,-1,242,243,244,-1,244,243,245,-1,244,245,246,-1,246,245,247,-1,246,247,248,-1,248,247,249,-1,248,249,250,-1,250,249,251,-1,250,251,252,-1,252,251,253,-1,252,253,254,-1,254,253,255,-1,254,255,256,-1,256,255,257,-1,256,257,258,-1,258,257,259,-1,258,259,260,-1,260,259,261,-1,260,261,226,-1,226,261,227,-1,241,239,262,-1,262,239,263,-1,241,262,264,-1,241,264,243,-1,243,264,265,-1,243,265,245,-1,245,265,266,-1,245,266,247,-1,247,266,267,-1,247,267,249,-1,249,267,268,-1,249,268,251,-1,251,268,269,-1,251,269,253,-1,253,269,270,-1,253,270,255,-1,255,270,271,-1,255,271,257,-1,257,271,272,-1,257,272,259,-1,259,272,273,-1,259,273,261,-1,261,273,274,-1,261,274,227,-1,227,274,275,-1,227,275,229,-1,229,275,276,-1,229,276,231,-1,231,276,277,-1,231,277,233,-1,233,277,278,-1,233,278,235,-1,237,235,279,-1,279,235,278,-1,239,237,263,-1,263,237,279,-1,234,236,280,-1,280,236,281,-1,236,238,281,-1,281,238,282,-1,238,240,282,-1,282,240,283,-1,248,284,285,-1,248,285,246,-1,246,285,286,-1,246,286,244,-1,244,286,287,-1,244,287,242,-1,242,287,283,-1,242,283,240,-1,256,288,289,-1,256,289,254,-1,254,289,290,-1,254,290,252,-1,252,290,291,-1,252,291,250,-1,250,291,284,-1,250,284,248,-1,228,292,293,-1,228,293,226,-1,226,293,294,-1,226,294,260,-1,260,294,295,-1,260,295,258,-1,258,295,288,-1,258,288,256,-1,234,280,296,-1,234,296,232,-1,232,296,297,-1,232,297,230,-1,230,297,292,-1,230,292,228,-1,
        ]
    }
}
Shape{
    appearance Appearance {
        material  Material 	{
            diffuseColor 0.7529411764705882 0.7529411764705882 0.7529411764705882
            specularColor 0.3764705882352941 0.3764705882352941 0.3764705882352941
            ambientIntensity 0.7529
            transparency 0.0
            shininess 0.5
        }
    }
    geometry IndexedFaceSet {
        ccw TRUE
        solid FALSE
        coord DEF co Coordinate {
            point [
                1.9393 1.9086 1.4359, 1.9393 1.9086 1.333, 1.9393 1.9288 1.4359, 1.9393 1.928 1.333, 1.9393 1.9655 1.3449, 1.9393 1.9677 1.3469, 1.9393 1.9454 1.3349, 1.9393 1.9567 1.3391, 1.9393 1.9746 1.3557, 1.9393 1.9791 1.3657, 1.9393 1.9816 1.3782, 1.9393 1.9819 1.3857, 1.9393 1.98 1.4023, 1.9393 1.9762 1.4121, 1.9393 1.9711 1.4196, 1.9393 1.9673 1.4233, 1.9393 1.9453 1.4341, 1.9393 1.957 1.4301
            ]
        }
        coordIndex [
            0,1,2,-1,2,1,3,-1,2,4,5,-1,3,6,2,-1,2,6,7,-1,2,7,4,-1,5,8,2,-1,2,8,9,-1,2,9,10,-1,10,11,2,-1,2,11,12,-1,2,12,13,-1,13,14,2,-1,2,14,15,-1,2,15,16,-1,16,15,17,-1,
        ]
    }
}
Shape{
    appearance Appearance {
        material  Material 	{
            diffuseColor 0.0 0.0 0.0
            specularColor 0.0 0.0 0.0
            ambientIntensity 0.0
            transparency 0.0
            shininess 0.5
        }
    }
    geometry IndexedFaceSet {
        ccw TRUE
        solid FALSE
        coord DEF co Coordinate {
            point [
                1.9432 2.0448 1.3694, 1.9432 2.0393 1.3543, 1.9432 2.0895 1.3694, 1.9432 2.0949 1.3543, 1.9432 2.0647 1.4248, 1.9432 2.0583 1.4512, 1.9432 2.0074 1.3178, 1.9432 2.0265 1.3178, 1.9432 2.0659 1.4288, 1.9432 2.0669 1.4342, 1.9432 2.0767 1.4512, 1.9432 2.0673 1.4342, 1.9432 2.0684 1.4285, 1.9432 2.0694 1.4248, 1.9432 2.1275 1.3178, 1.9432 2.1085 1.3178, 1.9393 2.0767 1.4512, 1.9393 2.1275 1.3178, 1.9393 2.0583 1.4512, 1.9393 2.0074 1.3178, 1.9393 2.0265 1.3178, 1.9393 2.0393 1.3543, 1.9393 2.0949 1.3543, 1.9393 2.1085 1.3178, 1.9393 2.0448 1.3694, 1.9393 2.0895 1.3694, 1.9393 2.0694 1.4248, 1.9393 2.0673 1.4342, 1.9393 2.0684 1.4285, 1.9393 2.0669 1.4342, 1.9393 2.0647 1.4248, 1.9393 2.0659 1.4288
            ]
        }
        coordIndex [
            0,1,2,-1,2,1,3,-1,4,5,0,-1,0,5,6,-1,0,6,1,-1,1,6,7,-1,4,8,5,-1,5,8,9,-1,5,9,10,-1,10,9,11,-1,10,11,12,-1,12,13,10,-1,10,13,2,-1,10,2,14,-1,14,2,3,-1,14,3,15,-1,10,14,16,-1,16,14,17,-1,5,10,18,-1,18,10,16,-1,6,5,19,-1,19,5,18,-1,7,6,20,-1,20,6,19,-1,1,7,21,-1,21,7,20,-1,3,1,22,-1,22,1,21,-1,15,3,23,-1,23,3,22,-1,14,15,17,-1,17,15,23,-1,0,2,24,-1,24,2,25,-1,2,13,25,-1,25,13,26,-1,11,27,28,-1,11,28,12,-1,12,28,26,-1,12,26,13,-1,11,9,27,-1,27,9,29,-1,4,30,31,-1,4,31,8,-1,8,31,29,-1,8,29,9,-1,4,0,30,-1,30,0,24,-1,
        ]
    }
}
Shape{
    appearance Appearance {
        material  Material 	{
            diffuseColor 0.7529411764705882 0.7529411764705882 0.7529411764705882
            specularColor 0.3764705882352941 0.3764705882352941 0.3764705882352941
            ambientIntensity 0.7529
            transparency 0.0
            shininess 0.5
        }
    }
    geometry IndexedFaceSet {
        ccw TRUE
        solid FALSE
        coord DEF co Coordinate {
            point [
                1.9393 2.0673 1.4342, 1.9393 2.0669 1.4342, 1.9393 2.0684 1.4285, 1.9393 2.0659 1.4288, 1.9393 2.0694 1.4248, 1.9393 2.0647 1.4248, 1.9393 2.0895 1.3694, 1.9393 2.0448 1.3694
            ]
        }
        coordIndex [
            0,1,2,-1,2,1,3,-1,2,3,4,-1,4,3,5,-1,4,5,6,-1,6,5,7,-1,
        ]
    }
}
Shape{
    appearance Appearance {
        material  Material 	{
            diffuseColor 0.0 0.0 0.0
            specularColor 0.0 0.0 0.0
            ambientIntensity 0.0
            transparency 0.0
            shininess 0.5
        }
    }
    geometry IndexedFaceSet {
        ccw TRUE
        solid FALSE
        coord DEF co Coordinate {
            point [
                1.9432 0.8355 1.2988, 1.9432 0.8497 1.2814, 1.9432 0.8269 1.3828, 1.9432 0.8102 1.5475, 1.9432 0.8313 1.5588, 1.9432 0.8265 1.6173, 1.9432 0.8857 1.62, 1.9432 0.9151 1.5507, 1.9432 0.9297 1.5808, 1.9432 0.8061 1.3956, 1.9432 0.8139 1.3228, 1.9432 0.8259 1.3192, 1.9432 0.8639 1.6219, 1.9432 0.923 1.3848, 1.9432 0.9318 1.3816, 1.9432 1.011 1.3591, 1.9432 0.9395 1.3765, 1.9432 0.9456 1.3697, 1.9432 1.1438 1.4293, 1.9432 1.1144 1.4796, 1.9432 0.9872 1.4132, 1.9432 0.9151 1.3856, 1.9432 0.9059 1.3845, 1.9432 0.8933 1.4426, 1.9432 0.8976 1.3812, 1.9432 0.8724 1.4346, 1.9432 0.8902 1.3759, 1.9432 0.853 1.4211, 1.9432 0.8864 1.3719, 1.9432 0.8373 1.4031, 1.9432 0.8815 1.3641, 1.9432 0.8787 1.3552, 1.9432 0.8782 1.3459, 1.9432 0.9504 1.4391, 1.9432 0.9275 1.4447, 1.9432 0.9161 1.4454, 1.9432 0.9497 1.3619, 1.9432 0.9519 1.3531, 1.9432 1.011 1.3496, 1.9432 0.9519 1.3444, 1.9432 1.0104 1.3394, 1.9432 1.2159 1.5154, 1.9432 1.2308 1.5054, 1.9432 1.2801 1.5372, 1.9432 1.2432 1.4918, 1.9432 1.2995 1.5102, 1.9432 1.2519 1.4754, 1.9432 1.3112 1.4813, 1.9432 1.3155 1.4502, 1.9432 0.9052 1.6427, 1.9432 0.951 1.6062, 1.9432 0.9275 1.6617, 1.9432 0.9763 1.6247, 1.9432 0.9506 1.6761, 1.9432 0.8547 1.5644, 1.9432 0.8648 1.565, 1.9432 0.8748 1.6213, 1.9432 0.8874 1.5621, 1.9432 0.9087 1.5543, 1.9432 0.9706 1.4283, 1.9432 1.1751 1.5232, 1.9432 1.1827 1.5232, 1.9432 1.2216 1.5745, 1.9432 1.1992 1.5214, 1.9432 1.2261 1.5729, 1.9432 1.2544 1.559, 1.9432 1.2804 1.36, 1.9432 1.2323 1.3939, 1.9432 1.2547 1.3382, 1.9432 1.2174 1.3835, 1.9432 1.2257 1.324, 1.9432 1.2001 1.377, 1.9432 1.1941 1.3173, 1.9432 1.1884 1.3752, 1.9432 1.1381 1.3173, 1.9432 1.1457 1.3752, 1.9432 1.1328 1.3182, 1.9432 0.88 1.337, 1.9432 0.8837 1.329, 1.9432 1.2563 1.4571, 1.9432 1.2567 1.4492, 1.9432 1.3112 1.4164, 1.9432 1.2548 1.4325, 1.9432 1.2993 1.3863, 1.9432 1.2487 1.4154, 1.9432 1.2386 1.4004, 1.9432 1.1704 1.6494, 1.9432 1.133 1.606, 1.9432 1.2017 1.6131, 1.9432 1.1545 1.5805, 1.9432 1.1692 1.55, 1.9432 0.7728 1.4931, 1.9432 0.7105 1.4772, 1.9432 0.77 1.4701, 1.9432 0.7102 1.4682, 1.9432 0.7711 1.4552, 1.9432 0.7148 1.4309, 1.9432 0.778 1.432, 1.9432 0.7284 1.3956, 1.9432 0.7892 1.4131, 1.9432 0.75 1.3648, 1.9432 0.7796 1.3396, 1.9432 0.7913 1.6036, 1.9432 0.7612 1.5824, 1.9432 0.7941 1.5332, 1.9432 0.7548 1.5764, 1.9432 0.781 1.5143, 1.9432 0.7319 1.547, 1.9432 0.7168 1.5129, 1.9432 1.0048 1.316, 1.9432 0.9496 1.3353, 1.9432 0.9935 1.2949, 1.9432 0.9452 1.3271, 1.9432 0.9792 1.2789, 1.9432 0.9401 1.3213, 1.9432 0.9603 1.2657, 1.9432 0.9329 1.3161, 1.9432 0.9391 1.2576, 1.9432 0.9246 1.3129, 1.9432 0.9161 1.2547, 1.9432 0.9151 1.3116, 1.9432 0.9125 1.2548, 1.9432 0.9135 1.3117, 1.9432 0.8901 1.2582, 1.9432 0.905 1.3131, 1.9432 0.8682 1.2674, 1.9432 0.8964 1.3167, 1.9432 0.8892 1.3223, 1.9432 0.9944 1.693, 1.9432 1.0073 1.6373, 1.9432 1.0413 1.6987, 1.9432 1.0423 1.6418, 1.9432 1.0804 1.6946, 1.9432 1.0745 1.6378, 1.9432 1.128 1.6779, 1.9432 1.1043 1.6264, 1.9432 1.1309 1.6079, 1.9432 1.1409 1.3761, 1.9432 1.1181 1.3273, 1.9432 1.1203 1.325, 1.9432 1.1438 1.3755, 1.9432 1.1265 1.3207, 1.9432 1.1106 1.3467, 1.9432 1.1115 1.3397, 1.9432 1.114 1.3332, 1.9432 1.1326 1.3752, 1.9432 1.1261 1.3726, 1.9432 1.1108 1.3505, 1.9432 1.1203 1.3685, 1.9432 1.1164 1.3642, 1.9432 1.1127 1.3577, 1.9432 1.14 1.3762, 1.9393 1.2865 1.5284, 1.9393 1.2995 1.5102, 1.9393 1.308 1.4892, 1.9393 1.3112 1.4813, 1.9393 1.3155 1.4502, 1.9393 1.2801 1.5372, 1.9393 1.2544 1.559, 1.9393 1.2261 1.5729, 1.9393 1.2216 1.5745, 1.9393 1.2017 1.6131, 1.9393 1.1704 1.6494, 1.9393 1.1486 1.6641, 1.9393 1.128 1.6779, 1.9393 1.0804 1.6946, 1.9393 1.0413 1.6987, 1.9393 0.9944 1.693, 1.9393 0.9506 1.6761, 1.9393 0.9312 1.6641, 1.9393 0.9275 1.6617, 1.9393 0.9052 1.6427, 1.9393 0.8857 1.62, 1.9393 0.8748 1.6213, 1.9393 0.8639 1.6219, 1.9393 0.8265 1.6173, 1.9393 0.7913 1.6036, 1.9393 0.7612 1.5824, 1.9393 0.7548 1.5764, 1.9393 0.7102 1.4682, 1.9393 0.7319 1.547, 1.9393 0.7237 1.5284, 1.9393 0.7168 1.5129, 1.9393 0.7126 1.4892, 1.9393 0.7105 1.4772, 1.9393 0.7148 1.4309, 1.9393 0.7284 1.3956, 1.9393 0.75 1.3648, 1.9393 0.7796 1.3396, 1.9393 0.8139 1.3228, 1.9393 0.8259 1.3192, 1.9393 0.8271 1.3167, 1.9393 0.8355 1.2988, 1.9393 0.8497 1.2814, 1.9393 0.8682 1.2674, 1.9393 0.8768 1.2638, 1.9393 0.8901 1.2582, 1.9393 0.9125 1.2548, 1.9393 0.9161 1.2547, 1.9393 1.011 1.3496, 1.9393 0.9391 1.2576, 1.9393 0.9553 1.2638, 1.9393 0.9603 1.2657, 1.9393 0.9792 1.2789, 1.9393 0.9935 1.2949, 1.9393 1.0048 1.316, 1.9393 1.0049 1.3167, 1.9393 1.0104 1.3394, 1.9393 1.011 1.3591, 1.9393 1.1438 1.4293, 1.9393 1.1144 1.4796, 1.9393 0.9872 1.4132, 1.9393 0.9706 1.4283, 1.9393 0.9504 1.4391, 1.9393 0.9275 1.4447, 1.9393 0.9161 1.4454, 1.9393 0.8933 1.4426, 1.9393 0.8724 1.4346, 1.9393 0.853 1.4211, 1.9393 0.8373 1.4031, 1.9393 0.8269 1.3828, 1.9393 0.8061 1.3956, 1.9393 0.7892 1.4131, 1.9393 0.778 1.432, 1.9393 0.7711 1.4552, 1.9393 0.77 1.4701, 1.9393 0.7723 1.4892, 1.9393 0.7728 1.4931, 1.9393 0.781 1.5143, 1.9393 0.7908 1.5284, 1.9393 0.7941 1.5332, 1.9393 0.8102 1.5475, 1.9393 0.8313 1.5588, 1.9393 0.8547 1.5644, 1.9393 0.8648 1.565, 1.9393 0.8874 1.5621, 1.9393 0.9087 1.5543, 1.9393 0.9151 1.5507, 1.9393 0.9297 1.5808, 1.9393 0.951 1.6062, 1.9393 0.9763 1.6247, 1.9393 1.0073 1.6373, 1.9393 1.0423 1.6418, 1.9393 1.0745 1.6378, 1.9393 1.1043 1.6264, 1.9393 1.1309 1.6079, 1.9393 1.133 1.606, 1.9393 1.1545 1.5805, 1.9393 1.1692 1.55, 1.9393 1.174 1.5284, 1.9393 1.1751 1.5232, 1.9393 1.1827 1.5232, 1.9393 1.1992 1.5214, 1.9393 1.2159 1.5154, 1.9393 1.2308 1.5054, 1.9393 1.2432 1.4918, 1.9393 1.2445 1.4892, 1.9393 1.2519 1.4754, 1.9393 1.2563 1.4571, 1.9393 1.2567 1.4492, 1.9393 1.2548 1.4325, 1.9393 1.2487 1.4154, 1.9393 1.2386 1.4004, 1.9393 1.2323 1.3939, 1.9393 1.2174 1.3835, 1.9393 1.2001 1.377, 1.9393 1.1884 1.3752, 1.9393 1.1457 1.3752, 1.9393 1.1438 1.3755, 1.9393 1.1409 1.3761, 1.9393 1.14 1.3762, 1.9393 1.1326 1.3752, 1.9393 1.1261 1.3726, 1.9393 1.1203 1.3685, 1.9393 1.1164 1.3642, 1.9393 1.1127 1.3577, 1.9393 1.1108 1.3505, 1.9393 1.1106 1.3467, 1.9393 1.1115 1.3397, 1.9393 1.114 1.3332, 1.9393 1.1181 1.3273, 1.9393 1.1203 1.325, 1.9393 1.1265 1.3207, 1.9393 1.1328 1.3182, 1.9393 1.1381 1.3173, 1.9393 1.1941 1.3173, 1.9393 1.2257 1.324, 1.9393 1.2547 1.3382, 1.9393 1.2804 1.36, 1.9393 1.2993 1.3863, 1.9393 1.3112 1.4164, 1.9393 0.9151 1.3856, 1.9393 0.923 1.3848, 1.9393 0.9318 1.3816, 1.9393 0.9395 1.3765, 1.9393 0.9456 1.3697, 1.9393 0.9497 1.3619, 1.9393 0.9519 1.3531, 1.9393 0.9519 1.3444, 1.9393 0.9496 1.3353, 1.9393 0.9452 1.3271, 1.9393 0.9401 1.3213, 1.9393 0.9329 1.3161, 1.9393 0.9246 1.3129, 1.9393 0.9151 1.3116, 1.9393 0.9135 1.3117, 1.9393 0.905 1.3131, 1.9393 0.8964 1.3167, 1.9393 0.8892 1.3223, 1.9393 0.8837 1.329, 1.9393 0.88 1.337, 1.9393 0.8782 1.3459, 1.9393 0.8787 1.3552, 1.9393 0.8815 1.3641, 1.9393 0.8864 1.3719, 1.9393 0.8902 1.3759, 1.9393 0.8976 1.3812, 1.9393 0.9059 1.3845
            ]
        }
        coordIndex [
            0,1,2,-1,3,4,5,-1,6,7,8,-1,9,10,2,-1,2,10,11,-1,2,11,0,-1,5,4,12,-1,13,14,15,-1,15,14,16,-1,15,16,17,-1,18,19,15,-1,15,19,20,-1,15,20,13,-1,13,20,21,-1,22,23,24,-1,24,23,25,-1,24,25,26,-1,26,25,27,-1,26,27,28,-1,28,27,29,-1,28,29,30,-1,30,29,2,-1,30,2,31,-1,31,2,32,-1,33,34,22,-1,22,34,35,-1,22,35,23,-1,17,36,15,-1,15,36,37,-1,15,37,38,-1,38,37,39,-1,38,39,40,-1,41,42,43,-1,43,42,44,-1,43,44,45,-1,45,44,46,-1,45,46,47,-1,47,46,48,-1,6,8,49,-1,49,8,50,-1,49,50,51,-1,51,50,52,-1,51,52,53,-1,4,54,12,-1,12,54,55,-1,12,55,56,-1,56,55,57,-1,56,57,6,-1,6,57,58,-1,6,58,7,-1,21,20,22,-1,22,20,59,-1,22,59,33,-1,60,61,62,-1,62,61,63,-1,62,63,64,-1,64,63,41,-1,64,41,65,-1,65,41,43,-1,66,67,68,-1,68,67,69,-1,68,69,70,-1,70,69,71,-1,70,71,72,-1,72,71,73,-1,72,73,74,-1,74,73,75,-1,74,75,76,-1,32,2,77,-1,77,2,1,-1,77,1,78,-1,46,79,48,-1,48,79,80,-1,48,80,81,-1,81,80,82,-1,81,82,83,-1,83,82,84,-1,83,84,66,-1,66,84,85,-1,66,85,67,-1,86,87,88,-1,88,87,89,-1,88,89,62,-1,62,89,90,-1,62,90,60,-1,91,92,93,-1,93,92,94,-1,93,94,95,-1,95,94,96,-1,95,96,97,-1,97,96,98,-1,97,98,99,-1,99,98,100,-1,99,100,9,-1,9,100,101,-1,9,101,10,-1,5,102,3,-1,3,102,103,-1,3,103,104,-1,104,103,105,-1,104,105,106,-1,106,105,107,-1,106,107,91,-1,91,107,108,-1,91,108,92,-1,40,39,109,-1,109,39,110,-1,109,110,111,-1,111,110,112,-1,111,112,113,-1,113,112,114,-1,113,114,115,-1,115,114,116,-1,115,116,117,-1,117,116,118,-1,117,118,119,-1,119,118,120,-1,119,120,121,-1,121,120,122,-1,121,122,123,-1,123,122,124,-1,123,124,125,-1,125,124,126,-1,125,126,1,-1,1,126,127,-1,1,127,78,-1,53,52,128,-1,128,52,129,-1,128,129,130,-1,130,129,131,-1,130,131,132,-1,132,131,133,-1,132,133,134,-1,134,133,135,-1,134,135,86,-1,86,135,136,-1,86,136,87,-1,137,138,139,-1,75,140,76,-1,76,140,137,-1,76,137,141,-1,141,137,139,-1,142,143,137,-1,137,143,144,-1,137,144,138,-1,145,146,147,-1,146,148,147,-1,147,148,149,-1,147,149,150,-1,142,137,147,-1,147,137,151,-1,147,151,145,-1,152,43,153,-1,153,43,45,-1,153,45,154,-1,154,45,47,-1,154,47,155,-1,155,47,48,-1,155,48,156,-1,152,157,43,-1,43,157,158,-1,43,158,65,-1,65,158,159,-1,65,159,64,-1,64,159,160,-1,64,160,62,-1,62,160,161,-1,62,161,88,-1,88,161,162,-1,88,162,86,-1,134,86,163,-1,163,86,162,-1,163,164,134,-1,134,164,165,-1,134,165,132,-1,132,165,166,-1,132,166,130,-1,130,166,167,-1,130,167,128,-1,128,167,168,-1,128,168,53,-1,53,168,51,-1,51,168,169,-1,51,169,170,-1,51,170,171,-1,51,171,49,-1,49,171,172,-1,49,172,6,-1,6,172,173,-1,6,173,56,-1,56,173,174,-1,56,174,12,-1,12,174,175,-1,12,175,5,-1,5,175,176,-1,5,176,102,-1,102,176,177,-1,102,177,103,-1,103,177,178,-1,103,178,105,-1,179,94,92,-1,105,178,180,-1,105,180,107,-1,107,180,181,-1,107,181,108,-1,181,182,108,-1,108,182,183,-1,108,183,92,-1,92,183,184,-1,92,184,179,-1,94,179,185,-1,94,185,96,-1,96,185,186,-1,96,186,98,-1,98,186,187,-1,98,187,100,-1,100,187,188,-1,100,188,101,-1,101,188,189,-1,101,189,10,-1,10,189,190,-1,10,190,11,-1,11,190,191,-1,11,191,0,-1,191,192,0,-1,0,192,193,-1,0,193,1,-1,1,193,194,-1,1,194,125,-1,125,194,195,-1,125,195,123,-1,195,196,123,-1,123,196,197,-1,123,197,121,-1,121,197,198,-1,121,198,119,-1,199,38,40,-1,119,198,200,-1,201,115,200,-1,200,115,117,-1,200,117,119,-1,201,202,115,-1,115,202,203,-1,115,203,113,-1,113,203,204,-1,113,204,111,-1,111,204,205,-1,111,205,109,-1,109,205,206,-1,109,206,40,-1,40,206,207,-1,40,207,199,-1,15,38,208,-1,208,38,199,-1,18,15,209,-1,209,15,208,-1,19,18,210,-1,210,18,209,-1,20,19,211,-1,211,19,210,-1,20,211,212,-1,20,212,59,-1,59,212,213,-1,59,213,33,-1,33,213,214,-1,33,214,34,-1,34,214,215,-1,34,215,35,-1,35,215,216,-1,35,216,23,-1,23,216,217,-1,23,217,25,-1,25,217,218,-1,25,218,27,-1,27,218,219,-1,27,219,29,-1,29,219,220,-1,29,220,2,-1,2,220,221,-1,2,221,9,-1,9,221,222,-1,9,222,99,-1,99,222,223,-1,99,223,97,-1,97,223,224,-1,97,224,95,-1,95,224,225,-1,95,225,93,-1,91,93,225,-1,225,226,91,-1,91,226,227,-1,91,227,228,-1,229,104,228,-1,228,104,106,-1,228,106,91,-1,229,230,104,-1,104,230,231,-1,104,231,3,-1,3,231,232,-1,3,232,4,-1,4,232,233,-1,4,233,54,-1,54,233,234,-1,54,234,55,-1,55,234,235,-1,55,235,57,-1,57,235,236,-1,57,236,58,-1,58,236,237,-1,58,237,7,-1,7,237,238,-1,7,238,8,-1,8,238,239,-1,8,239,50,-1,50,239,240,-1,50,240,52,-1,52,240,241,-1,52,241,129,-1,129,241,242,-1,129,242,131,-1,131,242,243,-1,131,243,133,-1,133,243,244,-1,133,244,135,-1,135,244,245,-1,135,245,136,-1,136,245,246,-1,136,246,87,-1,87,246,247,-1,87,247,89,-1,89,247,248,-1,89,248,90,-1,90,248,60,-1,60,248,249,-1,60,249,250,-1,61,60,251,-1,251,60,250,-1,61,251,252,-1,61,252,63,-1,63,252,253,-1,63,253,41,-1,41,253,254,-1,41,254,42,-1,42,254,255,-1,42,255,44,-1,44,255,256,-1,44,256,46,-1,256,257,46,-1,46,257,258,-1,46,258,79,-1,79,258,259,-1,79,259,80,-1,80,259,260,-1,80,260,82,-1,82,260,261,-1,82,261,84,-1,84,261,262,-1,84,262,85,-1,85,262,263,-1,85,263,67,-1,67,263,264,-1,67,264,69,-1,69,264,265,-1,69,265,71,-1,71,265,266,-1,71,266,73,-1,75,73,267,-1,267,73,266,-1,75,267,268,-1,75,268,140,-1,140,268,269,-1,140,269,137,-1,137,269,270,-1,137,270,151,-1,151,270,271,-1,151,271,145,-1,145,271,272,-1,145,272,146,-1,146,272,273,-1,146,273,148,-1,148,273,274,-1,148,274,149,-1,149,274,275,-1,149,275,150,-1,150,275,276,-1,150,276,147,-1,147,276,277,-1,147,277,142,-1,142,277,278,-1,142,278,143,-1,143,278,279,-1,143,279,144,-1,144,279,280,-1,144,280,138,-1,138,280,281,-1,138,281,139,-1,139,281,282,-1,139,282,141,-1,141,282,283,-1,141,283,76,-1,76,283,284,-1,76,284,74,-1,72,74,285,-1,285,74,284,-1,72,285,286,-1,72,286,70,-1,70,286,287,-1,70,287,68,-1,68,287,288,-1,68,288,66,-1,66,288,289,-1,66,289,83,-1,83,289,290,-1,83,290,81,-1,81,290,156,-1,81,156,48,-1,21,291,292,-1,21,292,13,-1,13,292,293,-1,13,293,14,-1,14,293,294,-1,14,294,16,-1,16,294,295,-1,16,295,17,-1,17,295,296,-1,17,296,36,-1,36,296,297,-1,36,297,37,-1,37,297,298,-1,37,298,39,-1,39,298,299,-1,39,299,110,-1,110,299,300,-1,110,300,112,-1,112,300,301,-1,112,301,114,-1,114,301,302,-1,114,302,116,-1,116,302,303,-1,116,303,118,-1,118,303,304,-1,118,304,120,-1,120,304,305,-1,120,305,122,-1,122,305,306,-1,122,306,124,-1,124,306,307,-1,124,307,126,-1,126,307,308,-1,126,308,127,-1,127,308,309,-1,127,309,78,-1,78,309,310,-1,78,310,77,-1,77,310,311,-1,77,311,32,-1,32,311,312,-1,32,312,31,-1,31,312,313,-1,31,313,30,-1,30,313,314,-1,30,314,28,-1,28,314,315,-1,28,315,26,-1,26,315,316,-1,26,316,24,-1,24,316,317,-1,24,317,22,-1,22,317,291,-1,22,291,21,-1,
        ]
    }
}
Shape{
    appearance Appearance {
        material  Material 	{
            diffuseColor 0.7529411764705882 0.7529411764705882 0.7529411764705882
            specularColor 0.3764705882352941 0.3764705882352941 0.3764705882352941
            ambientIntensity 0.7529
            transparency 0.0
            shininess 0.5
        }
    }
    geometry IndexedFaceSet {
        ccw TRUE
        solid FALSE
        coord DEF co Coordinate {
            point [
                1.9393 0.9135 1.3117, 1.9393 0.8902 1.3759, 1.9393 0.8864 1.3719, 1.9393 0.9246 1.3129, 1.9393 0.9329 1.3161, 1.9393 0.923 1.3848, 1.9393 0.9151 1.3856, 1.9393 0.9059 1.3845, 1.9393 0.8976 1.3812, 1.9393 0.88 1.337, 1.9393 0.8837 1.329, 1.9393 0.8892 1.3223, 1.9393 0.9151 1.3116, 1.9393 0.8815 1.3641, 1.9393 0.8787 1.3552, 1.9393 0.8782 1.3459, 1.9393 0.8964 1.3167, 1.9393 0.905 1.3131, 1.9393 0.9401 1.3213, 1.9393 0.9452 1.3271, 1.9393 0.9496 1.3353, 1.9393 0.9519 1.3444, 1.9393 0.9519 1.3531, 1.9393 0.9497 1.3619, 1.9393 0.9456 1.3697, 1.9393 0.9395 1.3765, 1.9393 0.9318 1.3816
            ]
        }
        coordIndex [
            0,1,2,-1,3,4,5,-1,6,7,0,-1,0,7,8,-1,0,8,1,-1,9,10,2,-1,2,10,11,-1,6,0,5,-1,5,0,12,-1,5,12,3,-1,13,14,2,-1,2,14,15,-1,2,15,9,-1,11,16,2,-1,2,16,17,-1,2,17,0,-1,4,18,5,-1,5,18,19,-1,5,19,20,-1,20,21,5,-1,5,21,22,-1,5,22,23,-1,23,24,5,-1,5,24,25,-1,5,25,26,-1,
        ]
    }
}