#VRML V2.0 utf8
# 3D model generated by easyeda2kicad.py (https://github.com/uPesy/easyeda2kicad.py)

Shape{
    appearance Appearance {
        material  Material 	{
            diffuseColor 0.8431372549019608 0.8156862745098039 0.7529411764705882
            specularColor 0.4235294117647059 0.40784313725490196 0.3764705882352941
            ambientIntensity 0.8167
            transparency 0.0
            shininess 0.5
        }
    }
    geometry IndexedFaceSet {
        ccw TRUE
        solid FALSE
        coord DEF co Coordinate {
            point [
                -0.0308 0.1737 0.0689, -0.0308 0.1391 0.0689, -0.0692 0.7677 0.0689, -0.0385 -0.1067 0.0689, -0.0692 -0.1432 0.0689, -0.0385 -0.1412 0.0689, 0.1305 -0.1412 0.0689, 0.192 -0.1249 0.0689, 0.192 -0.0903 0.0689, 0.1305 0.1737 0.0689, 0.0882 0.0009 0.0689, 0.0882 -0.1067 0.0689, -0.0231 0.0009 0.0689, -0.0231 0.0354 0.0689, 0.0882 0.0354 0.0689, 0.0882 0.1391 0.0689, 0.6145 -0.1412 0.0689, 0.2971 -0.1432 0.0689, 0.4531 -0.1412 0.0689, 0.3174 -0.1411 0.0689, 0.348 -0.1306 0.0689, 0.4096 0.0908 0.0689, 0.3912 0.1202 0.0689, 0.5722 0.1737 0.0689, 0.192 0.1651 0.0689, 0.192 0.1228 0.0689, 0.2967 0.1395 0.0689, 0.3203 0.131 0.0689, 0.1976 -0.0935 0.0689, 0.3421 0.1164 0.0689, 0.3611 0.0954 0.0689, 0.384 0.0129 0.0689, 0.3808 -0.0212 0.0689, 0.3723 -0.0483 0.0689, 0.3022 -0.1072 0.0689, 0.2728 -0.1105 0.0689, 0.3251 -0.0988 0.0689, 0.3444 -0.0857 0.0689, 0.3592 -0.0701 0.0689, 0.231 -0.1059 0.0689, 0.2274 0.138 0.0689, 0.2657 0.143 0.0689, 0.3741 0.0711 0.0689, 0.3825 0.0374 0.0689, 0.3733 -0.1144 0.0689, 0.3969 -0.0895 0.0689, 0.4531 -0.1067 0.0689, 0.4137 -0.0595 0.0689, 0.5722 -0.1067 0.0689, 0.3627 0.1476 0.0689, 0.3328 0.1648 0.0689, 0.2977 0.175 0.0689, 0.4232 -0.0262 0.0689, 0.4263 0.0103 0.0689, 0.4217 0.0551 0.0689, 0.2661 0.1776 0.0689, 0.2284 0.175 0.0689, 0.2573 -0.1432 0.0689, 0.27 -0.1449 0.0689, -0.0692 -0.7677 0.0689, 0.2786 -0.1451 0.0689, 0.6145 0.1737 0.0689, 1.9646 0.7677 0.0689, 1.9646 -0.1432 0.0689, 1.9646 -0.7677 0.0689, -1.9724 -0.7677 0.0689, -1.9724 -0.1432 0.0689, 0.2255 -0.1387 0.0689, -0.3765 -0.1412 0.0689, -0.3377 -0.0549 0.0689, -0.3197 -0.0831 0.0689, -0.6147 -0.1412 0.0689, -0.6607 -0.1412 0.0689, -0.5378 0.1737 0.0689, -1.9724 0.7677 0.0689, -0.4956 0.1737 0.0689, -0.2938 -0.1079 0.0689, -0.2609 -0.127 0.0689, -0.2246 -0.1378 0.0689, -0.1856 -0.1412 0.0689, -0.1 -0.1412 0.0689, -0.1 0.1737 0.0689, -0.1888 0.1737 0.0689, -0.3058 0.1327 0.0689, -0.3281 0.108 0.0689, -0.3427 0.0809 0.0689, -0.2344 0.1689 0.0689, -0.2712 0.1559 0.0689, -0.3055 0.1329 0.0689, -0.4226 -0.1412 0.0689, -0.4527 -0.0529 0.0689, -0.5828 -0.0529 0.0689, -0.3512 0.0498 0.0689, -0.3535 0.0202 0.0689, -0.349 -0.022 0.0689, -0.1024 -1.2795 0.6988, -0.1024 -1.2795 0.2657, 0.4882 -1.2795 0.2657, 0.7638 -1.2795 0.2657, 1.3543 -1.2795 0.2657, 0.7638 -1.2795 0.6988, 1.3543 -1.2795 0.6988, 1.6299 -1.2795 0.2657, 1.9252 -1.2795 0.2657, 1.6299 -1.2795 0.6988, 1.9252 -1.2795 2.0768, -1.9331 -1.2795 2.0768, 0.4882 -1.2795 0.6988, -1.3622 -1.2795 0.6988, -1.6378 -1.2795 0.6988, -1.9331 -1.2795 0.2657, -1.6378 -1.2795 0.2657, -1.3622 -1.2795 0.2657, -0.378 -1.2795 0.2657, -0.378 -1.2795 0.6988, -1.3622 -1.1614 0.2657, -1.6378 -1.1614 0.2657, -1.9724 -0.9646 0.2657, 1.6299 -1.1614 0.2657, -1.9724 -1.2402 0.2657, 1.3543 -1.1614 0.2657, 0.7638 -1.1614 0.2657, 1.9646 -0.9646 0.2657, 0.4882 -1.1614 0.2657, -1.9639 -1.2647 0.2657, -1.9685 -1.2572 0.2657, -1.9715 -1.2489 0.2657, 1.9449 -1.2743 0.2657, 1.9632 -1.2503 0.2657, 1.953 -1.268 0.2657, 1.9593 -1.2598 0.2657, 1.9646 -1.2402 0.2657, 1.9354 -1.2782 0.2657, -1.9576 -1.2709 0.2657, -1.9418 -1.2785 0.2657, -1.9502 -1.2756 0.2657, -0.378 -1.1614 0.2657, -0.1024 -1.1614 0.2657, 1.9252 -1.2402 2.1161, 1.9252 -0.698 2.1161, 1.2098 -0.698 2.1161, 1.0285 -0.0966 2.1161, 1.0311 -0.0983 2.1161, 1.2098 -0.0983 2.1161, -1.185 0.1081 2.1161, -1.1505 -0.0983 2.1161, -1.185 0.1504 2.1161, -1.1505 1.2402 2.1161, -1.2271 0.1632 2.1161, -1.2196 -0.0215 2.1161, -1.2887 -0.0215 2.1161, -1.3515 -0.0983 2.1161, -1.6839 1.2402 2.1161, -1.3954 0.113 2.1161, -1.3677 0.1381 2.1161, -1.3838 0.0571 2.1161, -1.3908 0.0287 2.1161, -1.2887 0.0131 2.1161, -1.3925 0.0039 2.1161, -1.3894 -0.0311 2.1161, -1.3813 -0.0585 2.1161, -1.2578 0.1315 2.1161, -1.2193 0.1241 2.1161, -1.1774 0.0131 2.1161, -1.4052 -0.0983 2.1161, -1.4072 -0.0961 2.1161, -1.6839 -0.0983 2.1161, -1.4235 -0.0654 2.1161, -1.4324 -0.0313 2.1161, -1.369 -0.0801 2.1161, -1.3518 -0.0982 2.1161, -1.4347 0.0012 2.1161, -1.4299 0.0453 2.1161, -1.4174 0.0804 2.1161, -1.2748 0.1321 2.1161, -1.3056 0.1285 2.1161, -1.3294 0.1196 2.1161, -1.3512 0.1047 2.1161, -1.3706 0.0828 2.1161, -1.3367 0.1549 2.1161, -1.301 0.1645 2.1161, -1.271 0.1667 2.1161, -1.3111 -0.118 2.1161, -1.2801 -0.1214 2.1161, -1.2196 -0.0983 2.1161, -1.2489 -0.1183 2.1161, -1.2234 -0.1094 2.1161, -1.2196 -0.1074 2.1161, -1.333 -0.1102 2.1161, -1.1774 -0.1295 2.1161, -1.1505 -0.698 2.1161, -1.1774 -0.0983 2.1161, -1.384 -0.1217 2.1161, -1.6839 -0.698 2.1161, -1.3547 -0.1409 2.1161, -1.2287 -0.1497 2.1161, -1.2835 -0.1559 2.1161, -1.3233 -0.1518 2.1161, -0.987 0.0451 2.1161, -0.9682 0.0386 2.1161, -0.9392 0.1197 2.1161, -0.9509 0.027 2.1161, -1.0869 0.1188 2.1161, -1.0664 0.1407 2.1161, -0.92 -0.0501 2.1161, -0.923 -0.0785 2.1161, -0.8912 -0.0983 2.1161, -0.9392 0.1542 2.1161, -0.8912 1.2402 2.1161, -0.9468 0.1584 2.1161, -0.9648 0.1642 2.1161, -1.0446 0.155 2.1161, -1.0184 0.1641 2.1161, -0.9923 0.1667 2.1161, -0.9373 0.0118 2.1161, -0.9273 -0.0072 2.1161, -0.9211 -0.0325 2.1161, -1.1108 -0.092 2.1161, -1.121 -0.052 2.1161, -1.0838 0.0027 2.1161, -1.0828 0.0027 2.1161, -1.0814 0.0362 2.1161, -1.0713 0.0206 2.1161, -1.0718 0.0725 2.1161, -1.0585 0.0329 2.1161, -1.0592 0.0961 2.1161, -1.0435 0.0416 2.1161, -1.0439 0.1132 2.1161, -1.027 0.0463 2.1161, -1.0283 0.1238 2.1161, -1.0106 0.0476 2.1161, -0.9646 0.129 2.1161, -0.9915 0.1321 2.1161, -1.0118 0.1298 2.1161, -1.1236 -0.0133 2.1161, -1.1186 0.0436 2.1161, -1.1055 0.0866 2.1161, -1.0475 -0.1526 2.1161, -1.0662 -0.1452 2.1161, -0.9597 -0.1365 2.1161, -0.9779 -0.1474 2.1161, -0.8912 -0.698 2.1161, -0.9994 -0.1541 2.1161, -1.0205 -0.1559 2.1161, -1.0833 -0.1331 2.1161, -1.0973 -0.1171 2.1161, -1.1074 -0.0983 2.1161, -0.9299 -0.0983 2.1161, -0.931 -0.1014 2.1161, -0.9436 -0.1209 2.1161, 1.1474 -0.1496 2.1161, 1.181 -0.1358 2.1161, 1.181 -0.1012 2.1161, 1.1754 -0.1043 2.1161, 1.0478 -0.1096 2.1161, 1.0708 -0.1181 2.1161, 1.1002 -0.1214 2.1161, 1.142 -0.1167 2.1161, 1.025 -0.1414 2.1161, 0.9997 -0.1252 2.1161, 0.9275 -0.698 2.1161, 0.9275 -0.0983 2.1161, 1.103 -0.1558 2.1161, 1.0943 -0.1559 2.1161, 1.0555 -0.1519 2.1161, 1.1446 0.1641 2.1161, 1.181 0.1542 2.1161, 1.2098 1.2402 2.1161, 0.989 0.002 2.1161, 0.9921 -0.0321 2.1161, 0.976 -0.1003 2.1161, 0.9749 -0.0983 2.1161, 0.9592 -0.0704 2.1161, 0.9633 0.0799 2.1161, 0.9818 0.1094 2.1161, 0.9275 1.2402 2.1161, 1.0102 0.1367 2.1161, 1.181 0.112 2.1161, 1.1455 0.1272 2.1161, 1.1072 0.1321 2.1161, 1.0762 0.1287 2.1161, 1.0007 -0.0592 2.1161, 1.0137 -0.081 2.1161, 1.0527 0.1201 2.1161, 1.0309 0.1056 2.1161, 1.0118 0.0846 2.1161, 0.9989 0.0602 2.1161, 0.9905 0.0265 2.1161, 0.9497 -0.037 2.1161, 0.9467 -0.0006 2.1161, 0.9512 0.0442 2.1161, 1.0401 0.1539 2.1161, 1.0752 0.1641 2.1161, 1.1069 0.1667 2.1161, 1.2961 0.0054 2.1161, 1.2692 0.0048 2.1161, 1.2425 0.0027 2.1161, 1.2542 0.1629 2.1161, 1.4038 0.1283 2.1161, 1.9252 -0.0983 2.1161, 1.4038 0.1629 2.1161, 1.9252 1.2402 2.1161, 1.3769 -0.0566 2.1161, 1.3539 -0.0095 2.1161, 1.3435 -0.0035 2.1161, 1.3413 0.0372 2.1161, 1.3658 0.03 2.1161, 1.387 0.0177 2.1161, 1.401 0.004 2.1161, 1.3615 -0.0983 2.1161, 1.3649 -0.0948 2.1161, 1.3718 -0.0831 2.1161, 1.3751 -0.0406 2.1161, 1.371 -0.0292 2.1161, 1.3636 -0.0183 2.1161, 1.3758 -0.0694 2.1161, 1.3236 0.0029 2.1161, 1.31 0.04 2.1161, 1.2875 0.1283 2.1161, 1.2809 0.0388 2.1161, 1.4114 -0.0133 2.1161, 1.4171 -0.032 2.1161, 1.4191 -0.054 2.1161, 1.2386 -0.1436 2.1161, 1.2386 -0.105 2.1161, 1.2701 -0.1171 2.1161, 1.4162 -0.0806 2.1161, 1.4099 -0.0983 2.1161, 1.409 -0.1008 2.1161, 1.3961 -0.12 2.1161, 1.3036 -0.1214 2.1161, 1.3243 -0.1194 2.1161, 1.355 -0.1051 2.1161, 1.3408 -0.114 2.1161, 1.3053 -0.1559 2.1161, 1.2712 -0.1537 2.1161, 1.2475 -0.1478 2.1161, 1.3786 -0.1356 2.1161, 1.3574 -0.147 2.1161, 1.327 -0.1546 2.1161, -0.2992 1.0236 2.1161, -0.2992 1.2402 2.1161, -0.4629 1.2402 2.1161, -0.4255 -0.0835 2.1161, -0.4128 -0.0636 2.1161, -0.4245 0.0939 2.1161, -0.387 -0.038 2.1161, -0.4629 -0.0983 2.1161, -0.4245 0.1324 2.1161, -0.0174 0.1629 2.1161, 0.0076 0.73 2.1161, -0.0348 0.73 2.1161, -0.3539 -0.013 2.1161, -0.3505 -0.0106 2.1161, -0.4139 0.1041 2.1161, -0.1787 0.1629 2.1161, -0.2951 0.1574 2.1161, -0.1516 0.7679 2.1161, -0.2015 0.8042 2.1161, -0.403 0.1504 2.1161, -0.3817 0.1608 2.1161, -0.3569 0.1661 2.1161, -0.0952 0.7428 2.1161, -0.0251 -0.0138 2.1161, 0.0076 -0.0983 2.1161, -0.0251 0.0208 2.1161, -0.0174 0.1283 2.1161, -0.1365 0.0208 2.1161, -0.1365 0.1283 2.1161, -0.343 0.1667 2.1161, -0.3163 0.1642 2.1161, -0.276 0.1456 2.1161, -0.2633 0.1325 2.1161, -0.2547 0.1179 2.1161, -0.2428 0.8501 2.1161, -0.2737 0.9035 2.1161, -0.2928 0.9622 2.1161, -0.2598 0.0293 2.1161, -0.2724 0.0103 2.1161, -0.1787 -0.0983 2.1161, -0.3025 -0.0182 2.1161, -0.3182 -0.0298 2.1161, -0.2944 0.0438 2.1161, -0.2882 0.061 2.1161, -0.3921 0.1194 2.1161, -0.2495 0.1011 2.1161, -0.2478 0.0823 2.1161, -0.2509 0.0534 2.1161, -0.3064 0.0265 2.1161, -0.2863 0.0793 2.1161, -0.2877 0.0929 2.1161, -0.2913 0.1034 2.1161, -0.3139 0.1255 2.1161, -0.3287 0.1304 2.1161, -0.3469 0.1321 2.1161, -0.3705 0.1287 2.1161, -0.3674 -0.0658 2.1161, -0.3826 -0.0808 2.1161, -0.3895 -0.0914 2.1161, -0.2968 0.1122 2.1161, -0.3041 0.1193 2.1161, 0.1516 -0.0138 2.1161, 0.1689 0.7862 2.1161, 0.1437 0.7679 2.1161, 0.1689 -0.0983 2.1161, 0.1516 -0.0445 2.1161, 0.0325 -0.0445 2.1161, 0.0325 -0.0138 2.1161, 0.0873 0.7428 2.1161, 0.0269 0.73 2.1161, 0.3859 0.1629 2.1161, 0.4282 0.1629 2.1161, 0.4455 1.2402 2.1161, 0.2861 -0.0983 2.1161, 0.2861 -0.0388 2.1161, 0.1862 0.1629 2.1161, 0.2913 1.2402 2.1161, 0.2913 1.0236 2.1161, 0.2849 0.9622 2.1161, 0.2658 0.9035 2.1161, 0.2323 0.1629 2.1161, 0.2349 0.8501 2.1161, 0.1936 0.8042 2.1161, 0.3079 0.0006 2.1161, 0.3085 0.0006 2.1161, 0.3042 0.0108 2.1161, 0.3121 0.0109 2.1161, 0.3004 0.0211 2.1161, 0.3166 0.0209 2.1161, 0.6183 1.2402 2.1161, 0.6183 -0.0983 2.1161, 0.6548 0.1629 2.1161, 0.6548 -0.0983 2.1161, 0.7892 0.158 2.1161, 0.826 0.1451 2.1161, 0.9039 -0.0328 2.1161, 0.8926 -0.0658 2.1161, 0.7437 0.1629 2.1161, 0.8603 0.1221 2.1161, 0.8606 0.1218 2.1161, 0.8829 0.0971 2.1161, 0.8975 0.07 2.1161, 0.906 0.039 2.1161, 0.9083 0.0093 2.1161, 0.8745 -0.0939 2.1161, 0.8699 -0.0983 2.1161, 0.8486 -0.1188 2.1161, 0.8157 -0.1379 2.1161, 0.7794 -0.1487 2.1161, 0.6183 -0.698 2.1161, 0.7404 -0.1521 2.1161, 0.6548 -0.1521 2.1161, 0.4455 -0.0983 2.1161, 0.3283 -0.0983 2.1161, 0.3283 -0.1521 2.1161, -0.3933 -0.1027 2.1161, -0.3948 -0.1175 2.1161, -0.2402 -0.1175 2.1161, -0.3918 -0.0983 2.1161, -0.1365 -0.1521 2.1161, -0.1365 -0.0983 2.1161, -0.1365 -0.0138 2.1161, -0.2402 -0.1521 2.1161, -0.4361 -0.1521 2.1161, -0.4629 -0.698 2.1161, -0.4361 -0.1365 2.1161, -0.4333 -0.1068 2.1161, -0.4305 -0.0983 2.1161, 0.0076 -0.698 2.1161, -0.1787 -0.1521 2.1161, -0.6972 0.1629 2.1161, -0.6473 0.1629 2.1161, -0.6243 1.2402 2.1161, -0.8624 -0.0983 2.1161, -0.8624 0.1629 2.1161, -0.8125 0.0268 2.1161, -0.8201 0.1629 2.1161, -0.8201 0.0152 2.1161, -0.8193 0.0152 2.1161, -0.8161 0.0211 2.1161, -0.6243 -0.0983 2.1161, -0.6862 -0.0983 2.1161, -0.6396 -0.1521 2.1161, -0.6243 -0.698 2.1161, -0.6934 -0.1521 2.1161, -0.8624 -0.1521 2.1161, -0.8201 -0.1521 2.1161, -0.7383 -0.0983 2.1161, -0.8201 -0.0983 2.1161, -0.8193 0.0023 2.1161, -0.8201 0.0023 2.1161, -0.8161 -0.0037 2.1161, -0.8125 -0.0095 2.1161, 0.3283 -0.0378 2.1161, 0.4627 -0.0138 2.1161, 0.5818 -0.0138 2.1161, 0.5818 -0.0445 2.1161, 0.4627 -0.0445 2.1161, -0.7817 0.0118 2.1161, -0.6089 -0.0138 2.1161, -0.4898 -0.0138 2.1161, -0.4898 -0.0445 2.1161, -0.6089 -0.0445 2.1161, 0.2861 -0.1521 2.1161, 0.1689 -0.698 2.1161, 0.4455 -0.698 2.1161, -1.9331 1.2402 2.1161, -1.9331 -0.0983 2.1161, -1.9331 -0.698 2.1161, 1.2098 -1.2402 2.1161, 0.9275 -1.2402 2.1161, 0.6183 -1.2402 2.1161, 0.4455 -1.2402 2.1161, 0.1689 -1.2402 2.1161, 0.0076 -1.2402 2.1161, -0.4629 -1.2402 2.1161, -0.6243 -1.2402 2.1161, -0.8912 -1.2402 2.1161, -1.1505 -1.2402 2.1161, -1.6839 -1.2402 2.1161, -1.9331 -1.2402 2.1161, 1.9646 -1.2402 2.0768, 1.9646 1.2402 2.0768, 1.9646 0.9646 0.2657, 1.9646 1.2402 0.2657, -1.6378 1.2795 0.2657, -1.9331 1.2795 0.2657, -1.6378 1.2795 0.6988, -1.9331 1.2795 2.0768, -1.3622 1.2795 0.6988, 1.9252 1.2795 0.2657, 1.6299 1.2795 0.2657, 1.6299 1.2795 0.6988, 0.2887 1.2795 2.0564, 0.2913 1.2795 2.0768, 1.9252 1.2795 2.0768, 1.3543 1.2795 0.2657, 0.7638 1.2795 0.2657, 1.3543 1.2795 0.6988, 0.7638 1.2795 0.6988, 0.2808 1.2795 2.0374, 0.4882 1.2795 0.2657, -0.1024 1.2795 0.2657, 0.4882 1.2795 0.6988, -0.1024 1.2795 0.6988, 0.252 1.2795 2.0086, 0.2683 1.2795 2.0211, -0.378 1.2795 0.6988, -0.378 1.2795 0.2657, -1.3622 1.2795 0.2657, -0.2992 1.2795 2.0768, -0.2965 1.2795 2.0564, -0.2887 1.2795 2.0374, -0.2598 1.2795 2.0086, -0.2409 1.2795 2.0007, -0.2205 1.2795 1.998, 0.2126 1.2795 1.998, 0.233 1.2795 2.0007, -0.2762 1.2795 2.0211, -1.9724 -1.2402 2.0768, -1.9724 1.2402 2.0768, -1.9724 1.2402 0.2657, -1.9724 0.9646 0.2657, 0.2126 1.2402 2.0374, -0.2205 1.2402 2.0374, 0.2126 1.0236 2.0374, -0.2205 1.0236 2.0374, -0.0521 0.8125 2.0374, -0.0039 0.8071 2.0374, -0.215 0.9754 2.0374, -0.199 0.9297 2.0374, -0.1732 0.8886 2.0374, 0.0442 0.8125 2.0374, 0.09 0.8285 2.0374, 0.1311 0.8543 2.0374, -0.1389 0.8543 2.0374, -0.0979 0.8285 2.0374, 0.1654 0.8886 2.0374, 0.1912 0.9297 2.0374, 0.2072 0.9754 2.0374, -1.9713 -1.2489 2.0768, -1.9711 -1.2503 2.0768, -1.9683 -1.2571 2.0768, -1.9672 -1.2598 2.0768, -1.9636 -1.2645 2.0768, -1.9574 -1.2707 2.0768, -1.9609 -1.268 2.0768, -1.9418 -1.2784 2.0768, -1.9433 -1.2782 2.0768, -1.9501 -1.2754 2.0768, -1.9528 -1.2743 2.0768, 1.9354 -1.2782 2.0768, 1.9449 -1.2743 2.0768, 1.953 -1.268 2.0768, 1.9593 -1.2598 2.0768, 1.9632 -1.2503 2.0768, 1.9252 -1.2503 2.1148, -1.9331 -1.2503 2.1148, -1.9331 -1.2598 2.1109, 1.9252 -1.2598 2.1109, -1.9331 -1.268 2.1046, 1.9252 -1.268 2.1046, -1.9331 -1.2743 2.0965, 1.9252 -1.2743 2.0965, -1.9331 -1.2782 2.087, 1.9252 -1.2782 2.087, -1.9698 -1.25 2.087, -1.966 -1.2592 2.087, -1.96 -1.267 2.087, -1.9521 -1.2731 2.087, -1.9429 -1.2769 2.087, -1.9419 -1.2731 2.0965, -1.9403 -1.267 2.1046, -1.9382 -1.2592 2.1109, -1.9357 -1.25 2.1148, -1.9501 -1.2697 2.0965, -1.947 -1.2643 2.1046, -1.9429 -1.2572 2.1109, -1.9382 -1.249 2.1148, -1.9572 -1.2643 2.0965, -1.9528 -1.2598 2.1046, -1.947 -1.2541 2.1109, -1.9403 -1.2474 2.1148, -1.9626 -1.2572 2.0965, -1.9572 -1.2541 2.1046, -1.9501 -1.25 2.1109, -1.9419 -1.2453 2.1148, -1.966 -1.249 2.0965, -1.96 -1.2474 2.1046, -1.9521 -1.2453 2.1109, -1.9429 -1.2428 2.1148, -1.9711 -1.2402 2.087, -1.9672 -1.2402 2.0965, -1.9609 -1.2402 2.1046, -1.9528 -1.2402 2.1109, -1.9433 -1.2402 2.1148, 1.9632 -1.2402 2.087, 1.9619 -1.25 2.087, 1.9422 -1.25 2.1109, 1.934 -1.2453 2.1148, 1.9324 -1.2474 2.1148, 1.9278 -1.25 2.1148, 1.935 -1.2428 2.1148, 1.9442 -1.2453 2.1109, 1.9521 -1.2474 2.1046, 1.9354 -1.2402 2.1148, 1.9391 -1.2541 2.1109, 1.9303 -1.249 2.1148, 1.935 -1.2572 2.1109, 1.9303 -1.2592 2.1109, 1.9449 -1.2402 2.1109, 1.953 -1.2402 2.1046, 1.9593 -1.2402 2.0965, 1.9493 -1.2541 2.1046, 1.9449 -1.2598 2.1046, 1.9391 -1.2643 2.1046, 1.9324 -1.267 2.1046, 1.9581 -1.249 2.0965, 1.9547 -1.2572 2.0965, 1.9493 -1.2643 2.0965, 1.9422 -1.2697 2.0965, 1.934 -1.2731 2.0965, 1.9581 -1.2592 2.087, 1.9521 -1.267 2.087, 1.9442 -1.2731 2.087, 1.935 -1.2769 2.087, -1.9433 1.2402 2.1148, -1.9528 1.2402 2.1109, -1.9609 1.2402 2.1046, -1.9672 1.2402 2.0965, -1.9711 1.2402 2.087, -1.9433 1.2782 0.2657, -1.9433 1.2782 2.0768, -1.9528 1.2743 0.2657, -1.9528 1.2743 2.0768, -1.9609 1.268 0.2657, -1.9609 1.268 2.0768, -1.9672 1.2598 0.2657, -1.9672 1.2598 2.0768, -1.9711 1.2503 0.2657, -1.9711 1.2503 2.0768, 1.9632 1.2503 0.2657, 1.9632 1.2503 2.0768, 1.9593 1.2598 0.2657, 1.9593 1.2598 2.0768, 1.953 1.268 0.2657, 1.953 1.268 2.0768, 1.9449 1.2743 0.2657, 1.9449 1.2743 2.0768, 1.9354 1.2782 0.2657, 1.9354 1.2782 2.0768, 1.9354 1.2402 2.1148, 1.9449 1.2402 2.1109, 1.953 1.2402 2.1046, 1.9593 1.2402 2.0965, 1.9632 1.2402 2.087, -1.9698 1.25 2.087, -1.9501 1.25 2.1109, -1.9419 1.2453 2.1148, -1.9403 1.2474 2.1148, -1.9331 1.2503 2.1148, -1.9357 1.25 2.1148, -1.9429 1.2428 2.1148, -1.9521 1.2453 2.1109, -1.96 1.2474 2.1046, -1.947 1.2541 2.1109, -1.9382 1.249 2.1148, -1.9429 1.2572 2.1109, -1.9382 1.2592 2.1109, -1.9331 1.2598 2.1109, -1.9572 1.2541 2.1046, -1.9528 1.2598 2.1046, -1.947 1.2643 2.1046, -1.9403 1.267 2.1046, -1.9331 1.268 2.1046, -1.966 1.249 2.0965, -1.9626 1.2572 2.0965, -1.9572 1.2643 2.0965, -1.9501 1.2697 2.0965, -1.9419 1.2731 2.0965, -1.9331 1.2743 2.0965, -1.966 1.2592 2.087, -1.96 1.267 2.087, -1.9521 1.2731 2.087, -1.9429 1.2769 2.087, -1.9331 1.2782 2.087, 1.9252 1.2782 2.087, 1.935 1.2769 2.087, 1.935 1.2572 2.1109, 1.9303 1.249 2.1148, 1.9324 1.2474 2.1148, 1.935 1.2428 2.1148, 1.9278 1.25 2.1148, 1.9303 1.2592 2.1109, 1.9324 1.267 2.1046, 1.9252 1.2503 2.1148, 1.9391 1.2541 2.1109, 1.934 1.2453 2.1148, 1.9422 1.25 2.1109, 1.9442 1.2453 2.1109, 1.9252 1.2598 2.1109, 1.9252 1.268 2.1046, 1.9252 1.2743 2.0965, 1.9391 1.2643 2.1046, 1.9449 1.2598 2.1046, 1.9493 1.2541 2.1046, 1.9521 1.2474 2.1046, 1.934 1.2731 2.0965, 1.9422 1.2697 2.0965, 1.9493 1.2643 2.0965, 1.9547 1.2572 2.0965, 1.9581 1.249 2.0965, 1.9442 1.2731 2.087, 1.9521 1.267 2.087, 1.9581 1.2592 2.087, 1.9619 1.25 2.087, -0.2992 1.2503 2.1148, -0.2992 1.2598 2.1109, -0.2992 1.268 2.1046, -0.2992 1.2743 2.0965, -0.2992 1.2782 2.087, 0.2913 1.2503 2.1148, 0.2913 1.2598 2.1109, 0.2913 1.268 2.1046, 0.2913 1.2743 2.0965, 0.2913 1.2782 2.087, -0.2894 1.2769 2.087, -0.2894 1.2572 2.1109, -0.2941 1.249 2.1148, -0.292 1.2474 2.1148, -0.289 1.2402 2.1148, -0.2894 1.2428 2.1148, -0.2966 1.25 2.1148, -0.2941 1.2592 2.1109, -0.292 1.267 2.1046, -0.2853 1.2541 2.1109, -0.2904 1.2453 2.1148, -0.2822 1.25 2.1109, -0.2802 1.2453 2.1109, -0.2795 1.2402 2.1109, -0.2853 1.2643 2.1046, -0.2795 1.2598 2.1046, -0.2751 1.2541 2.1046, -0.2723 1.2474 2.1046, -0.2714 1.2402 2.1046, -0.2904 1.2731 2.0965, -0.2822 1.2697 2.0965, -0.2751 1.2643 2.0965, -0.2697 1.2572 2.0965, -0.2663 1.249 2.0965, -0.2651 1.2402 2.0965, -0.2802 1.2731 2.087, -0.2723 1.267 2.087, -0.2663 1.2592 2.087, -0.2625 1.25 2.087, -0.2612 1.2402 2.087, -0.289 1.2782 2.0768, -0.2795 1.2743 2.0768, -0.2714 1.268 2.0768, -0.2651 1.2598 2.0768, -0.2612 1.2503 2.0768, -0.2598 1.2402 2.0768, 0.2126 1.2503 2.0361, -0.2205 1.2503 2.0361, 0.2126 1.2598 2.0321, -0.2205 1.2598 2.0321, 0.2126 1.268 2.0259, -0.2205 1.268 2.0259, 0.2126 1.2743 2.0177, -0.2205 1.2743 2.0177, 0.2126 1.2782 2.0082, -0.2205 1.2782 2.0082, 0.252 1.2402 2.0768, 0.2533 1.2402 2.087, 0.2546 1.25 2.087, 0.2743 1.25 2.1109, 0.2825 1.2453 2.1148, 0.2841 1.2474 2.1148, 0.2887 1.25 2.1148, 0.2815 1.2428 2.1148, 0.2723 1.2453 2.1109, 0.2644 1.2474 2.1046, 0.2811 1.2402 2.1148, 0.2774 1.2541 2.1109, 0.2862 1.249 2.1148, 0.2815 1.2572 2.1109, 0.2862 1.2592 2.1109, 0.2717 1.2402 2.1109, 0.2635 1.2402 2.1046, 0.2572 1.2402 2.0965, 0.2672 1.2541 2.1046, 0.2717 1.2598 2.1046, 0.2774 1.2643 2.1046, 0.2841 1.267 2.1046, 0.2584 1.249 2.0965, 0.2618 1.2572 2.0965, 0.2672 1.2643 2.0965, 0.2743 1.2697 2.0965, 0.2825 1.2731 2.0965, 0.2584 1.2592 2.087, 0.2644 1.267 2.087, 0.2723 1.2731 2.087, 0.2815 1.2769 2.087, 0.2533 1.2503 2.0768, 0.2572 1.2598 2.0768, 0.2635 1.268 2.0768, 0.2717 1.2743 2.0768, 0.2811 1.2782 2.0768, -0.2598 1.0236 2.0768, -0.2612 1.0236 2.087, -0.2651 1.0236 2.0965, -0.2714 1.0236 2.1046, -0.2795 1.0236 2.1109, -0.289 1.0236 2.1148, -0.2382 1.2782 2.0106, -0.2358 1.2743 2.0197, -0.2336 1.268 2.0276, -0.232 1.2598 2.0336, -0.231 1.2503 2.0374, -0.2307 1.2402 2.0387, -0.2548 1.2782 2.0174, -0.25 1.2743 2.0256, -0.2459 1.268 2.0327, -0.2428 1.2598 2.0381, -0.2408 1.2503 2.0415, -0.2402 1.2402 2.0427, -0.2689 1.2782 2.0283, -0.2622 1.2743 2.035, -0.2565 1.268 2.0408, -0.252 1.2598 2.0452, -0.2493 1.2503 2.048, -0.2483 1.2402 2.0489, -0.2798 1.2782 2.0425, -0.2716 1.2743 2.0472, -0.2646 1.268 2.0513, -0.2591 1.2598 2.0544, -0.2557 1.2503 2.0564, -0.2546 1.2402 2.0571, -0.2867 1.2782 2.059, -0.2775 1.2743 2.0615, -0.2696 1.268 2.0636, -0.2636 1.2598 2.0652, -0.2598 1.2503 2.0662, -0.2585 1.2402 2.0666, 0.2788 1.2782 2.059, 0.2696 1.2743 2.0615, 0.2618 1.268 2.0636, 0.2557 1.2598 2.0652, 0.2519 1.2503 2.0662, 0.2506 1.2402 2.0666, 0.272 1.2782 2.0425, 0.2637 1.2743 2.0472, 0.2567 1.268 2.0513, 0.2513 1.2598 2.0544, 0.2479 1.2503 2.0564, 0.2467 1.2402 2.0571, 0.2611 1.2782 2.0283, 0.2544 1.2743 2.035, 0.2486 1.268 2.0408, 0.2442 1.2598 2.0452, 0.2414 1.2503 2.048, 0.2404 1.2402 2.0489, 0.2469 1.2782 2.0174, 0.2421 1.2743 2.0256, 0.238 1.268 2.0327, 0.2349 1.2598 2.0381, 0.233 1.2503 2.0415, 0.2323 1.2402 2.0427, 0.2303 1.2782 2.0106, 0.2279 1.2743 2.0197, 0.2258 1.268 2.0276, 0.2242 1.2598 2.0336, 0.2231 1.2503 2.0374, 0.2228 1.2402 2.0387, 0.252 1.0236 2.0768, 0.2533 1.0236 2.087, 0.2572 1.0236 2.0965, 0.2635 1.0236 2.1046, 0.2717 1.0236 2.1109, 0.2811 1.0236 2.1148, -0.0337 0.7401 2.1148, -0.0327 0.7495 2.1109, -0.0891 0.7615 2.1109, -0.0319 0.7577 2.1046, -0.0866 0.7693 2.1046, -0.0312 0.7639 2.0965, -0.0846 0.7752 2.0965, 0.0527 0.7755 2.0768, 0.0228 0.7691 2.0768, 0.0229 0.7678 2.087, 0.1066 0.7942 2.0768, 0.0751 0.7802 2.0768, 0.0756 0.779 2.087, 0.1549 0.8245 2.0768, 0.124 0.802 2.0768, 0.1247 0.8008 2.087, 0.1954 0.8647 2.0768, 0.1673 0.8334 2.0768, 0.1682 0.8325 2.087, 0.226 0.9129 2.0768, 0.2031 0.8732 2.0768, 0.2042 0.8724 2.087, 0.2452 0.9668 2.0768, 0.2298 0.9195 2.0768, 0.2311 0.919 2.087, -0.0039 0.7691 2.0768, -0.0307 0.7691 2.0768, -0.0308 0.7678 2.087, -0.0834 0.779 2.087, -0.0606 0.7755 2.0768, -0.083 0.7802 2.0768, -0.1326 0.8008 2.087, -0.1144 0.7942 2.0768, -0.1319 0.802 2.0768, -0.1761 0.8325 2.087, -0.1628 0.8245 2.0768, -0.1752 0.8334 2.0768, -0.2121 0.8724 2.087, -0.2033 0.8647 2.0768, -0.211 0.8732 2.0768, -0.2389 0.919 2.087, -0.2339 0.9129 2.0768, -0.2377 0.9195 2.0768, -0.2531 0.9668 2.0768, -0.2556 0.9701 2.087, -0.2543 0.9704 2.0768, -0.1345 0.7974 2.0965, -0.1787 0.8295 2.0965, -0.2152 0.8701 2.0965, -0.2425 0.9174 2.0965, -0.2594 0.9693 2.0965, -0.1377 0.792 2.1046, -0.1829 0.8249 2.1046, -0.2203 0.8664 2.1046, -0.2483 0.9148 2.1046, -0.2655 0.968 2.1046, -0.1417 0.785 2.1109, -0.1883 0.8188 2.1109, -0.2269 0.8616 2.1109, -0.2557 0.9115 2.1109, -0.2735 0.9663 2.1109, 0.2074 0.8701 2.0965, 0.1708 0.8295 2.0965, 0.2124 0.8664 2.1046, 0.175 0.8249 2.1046, 0.219 0.8616 2.1109, 0.1805 0.8188 2.1109, 0.2267 0.8561 2.1148, 0.1868 0.8118 2.1148, 0.1267 0.7974 2.0965, 0.0768 0.7752 2.0965, 0.1298 0.792 2.1046, 0.0787 0.7693 2.1046, 0.1339 0.785 2.1109, 0.0812 0.7615 2.1109, 0.1386 0.7767 2.1148, 0.0842 0.7525 2.1148, 0.0234 0.7639 2.0965, 0.024 0.7577 2.1046, 0.0249 0.7495 2.1109, 0.0259 0.7401 2.1148, -0.092 0.7525 2.1148, -0.1465 0.7767 2.1148, -0.1947 0.8118 2.1148, -0.2346 0.8561 2.1148, -0.2644 0.9077 2.1148, -0.2828 0.9643 2.1148, 0.2464 0.9704 2.0768, 0.2477 0.9701 2.087, 0.2515 0.9693 2.0965, 0.2577 0.968 2.1046, 0.2656 0.9663 2.1109, 0.2749 0.9643 2.1148, 0.2347 0.9174 2.0965, 0.2404 0.9148 2.1046, 0.2478 0.9115 2.1109, 0.2565 0.9077 2.1148, -0.2585 1.0236 2.0666, -0.2546 1.0236 2.0571, -0.2483 1.0236 2.0489, -0.2402 1.0236 2.0427, -0.2307 1.0236 2.0387, 0.2506 1.0236 2.0666, 0.2467 1.0236 2.0571, 0.2404 1.0236 2.0489, 0.2323 1.0236 2.0427, 0.2228 1.0236 2.0387, -0.1627 0.8246 2.0666, -0.1144 0.7943 2.0666, -0.0606 0.7754 2.0666, -0.1453 0.8464 2.0387, -0.1812 0.8823 2.0387, -0.1886 0.8763 2.0427, -0.0039 0.7969 2.0387, 0.0465 0.8026 2.0387, 0.0944 0.8193 2.0387, 0.1374 0.8464 2.0387, 0.1733 0.8823 2.0387, 0.2003 0.9252 2.0387, 0.2171 0.9732 2.0387, -0.2241 0.9176 2.0489, -0.2168 0.9211 2.0427, -0.2082 0.9252 2.0387, -0.2483 0.9679 2.0571, -0.2422 0.9692 2.0489, -0.2342 0.9711 2.0427, -0.225 0.9732 2.0387, -0.2333 0.9132 2.0666, -0.203 0.8649 2.0666, -0.1999 0.8674 2.0571, 0.2442 0.967 2.0666, 0.2264 0.9711 2.0427, 0.2343 0.9692 2.0489, 0.2404 0.9679 2.0571, 0.2254 0.9132 2.0666, 0.2089 0.9211 2.0427, 0.2162 0.9176 2.0489, 0.2219 0.9149 2.0571, 0.1951 0.8649 2.0666, 0.1807 0.8763 2.0427, 0.1871 0.8713 2.0489, 0.192 0.8674 2.0571, 0.1548 0.8246 2.0666, 0.1433 0.8389 2.0427, 0.1484 0.8326 2.0489, 0.1523 0.8277 2.0571, 0.1065 0.7943 2.0666, 0.0986 0.8108 2.0427, 0.1021 0.8034 2.0489, 0.1048 0.7978 2.0571, 0.0527 0.7754 2.0666, 0.0486 0.7933 2.0427, 0.0504 0.7854 2.0489, 0.0518 0.7793 2.0571, -0.0039 0.7691 2.0666, -0.0039 0.7874 2.0427, -0.0039 0.7792 2.0489, -0.0039 0.773 2.0571, -0.0544 0.8026 2.0387, -0.0565 0.7933 2.0427, -0.0583 0.7854 2.0489, -0.0597 0.7793 2.0571, -0.1064 0.8108 2.0427, -0.11 0.8034 2.0489, -0.1127 0.7978 2.0571, -0.1563 0.8326 2.0489, -0.1602 0.8277 2.0571, -0.2521 0.967 2.0666, -0.2298 0.9149 2.0571, -0.195 0.8713 2.0489, -0.1512 0.8389 2.0427, -0.1023 0.8193 2.0387
            ]
        }
        coordIndex [
            0,1,2,-1,2,1,3,-1,2,3,4,-1,4,3,5,-1,4,5,6,-1,7,6,8,-1,8,6,9,-1,10,11,12,-1,12,11,3,-1,12,3,13,-1,13,3,1,-1,13,1,14,-1,14,1,15,-1,16,17,18,-1,18,17,19,-1,18,19,20,-1,21,22,23,-1,2,24,25,-1,26,27,28,-1,28,27,29,-1,28,29,30,-1,31,32,28,-1,28,32,33,-1,34,35,36,-1,36,35,37,-1,33,38,28,-1,28,38,37,-1,28,37,39,-1,39,37,35,-1,0,2,9,-1,9,2,25,-1,9,25,8,-1,8,25,40,-1,8,40,28,-1,28,40,41,-1,28,41,26,-1,30,42,28,-1,28,42,43,-1,28,43,31,-1,20,44,18,-1,18,44,45,-1,18,45,46,-1,46,45,47,-1,46,47,48,-1,49,50,2,-1,2,50,51,-1,47,52,48,-1,48,52,53,-1,48,53,23,-1,23,53,54,-1,23,54,21,-1,51,55,2,-1,2,55,56,-1,2,56,24,-1,57,58,59,-1,59,58,60,-1,59,60,17,-1,22,49,23,-1,23,49,2,-1,23,2,61,-1,61,2,62,-1,61,62,16,-1,16,62,63,-1,16,63,17,-1,17,63,64,-1,17,64,59,-1,65,66,59,-1,59,66,4,-1,59,4,57,-1,57,4,6,-1,57,6,67,-1,67,6,7,-1,68,69,70,-1,71,4,72,-1,72,4,66,-1,72,66,73,-1,73,66,74,-1,73,74,75,-1,75,74,2,-1,70,76,68,-1,68,76,77,-1,68,77,78,-1,79,80,4,-1,4,80,81,-1,4,81,2,-1,2,81,82,-1,83,84,75,-1,75,84,85,-1,82,86,2,-1,2,86,87,-1,2,87,75,-1,75,87,88,-1,75,88,83,-1,78,79,68,-1,68,79,4,-1,68,4,89,-1,89,4,71,-1,89,71,90,-1,90,71,91,-1,85,92,75,-1,75,92,93,-1,75,93,68,-1,68,93,94,-1,68,94,69,-1,95,96,97,-1,98,99,100,-1,100,99,101,-1,102,103,104,-1,104,103,105,-1,104,105,101,-1,101,105,106,-1,101,106,100,-1,100,106,107,-1,108,106,109,-1,109,106,110,-1,109,110,111,-1,112,113,108,-1,108,113,114,-1,108,114,106,-1,106,114,95,-1,106,95,107,-1,107,95,97,-1,115,116,117,-1,103,102,118,-1,116,111,117,-1,117,111,110,-1,117,110,119,-1,99,98,120,-1,120,98,121,-1,103,118,122,-1,122,118,120,-1,122,120,117,-1,117,120,121,-1,117,121,123,-1,124,125,110,-1,110,125,126,-1,110,126,119,-1,127,128,129,-1,129,128,130,-1,122,131,103,-1,103,131,128,-1,103,128,132,-1,132,128,127,-1,124,110,133,-1,133,110,134,-1,133,134,135,-1,136,113,112,-1,112,115,136,-1,136,115,117,-1,136,117,137,-1,137,117,123,-1,137,123,96,-1,96,123,97,-1,138,139,140,-1,141,142,143,-1,144,145,146,-1,146,145,147,-1,146,147,148,-1,149,150,151,-1,152,153,154,-1,155,156,157,-1,157,156,158,-1,157,158,150,-1,150,158,159,-1,150,159,160,-1,161,157,162,-1,162,157,163,-1,162,163,144,-1,164,165,166,-1,166,165,167,-1,166,167,168,-1,160,169,150,-1,150,169,170,-1,150,170,151,-1,168,171,166,-1,166,171,172,-1,166,172,152,-1,152,172,173,-1,152,173,153,-1,161,174,157,-1,157,174,175,-1,157,175,176,-1,176,177,157,-1,157,177,178,-1,157,178,155,-1,154,179,152,-1,152,179,180,-1,152,180,147,-1,147,180,181,-1,147,181,148,-1,182,183,184,-1,183,185,184,-1,184,185,186,-1,184,186,187,-1,149,151,184,-1,184,151,188,-1,184,188,182,-1,189,190,145,-1,144,163,145,-1,145,163,191,-1,145,191,189,-1,164,166,192,-1,192,166,193,-1,192,193,194,-1,189,195,190,-1,190,195,196,-1,190,196,193,-1,193,196,197,-1,193,197,194,-1,198,199,200,-1,200,199,201,-1,202,203,147,-1,204,205,206,-1,207,208,209,-1,209,208,210,-1,203,211,147,-1,147,211,212,-1,147,212,208,-1,208,212,213,-1,208,213,210,-1,201,214,200,-1,200,214,215,-1,200,215,206,-1,206,215,216,-1,206,216,204,-1,145,217,218,-1,219,220,221,-1,221,220,222,-1,221,222,223,-1,223,222,224,-1,223,224,225,-1,225,224,226,-1,225,226,227,-1,227,226,228,-1,227,228,229,-1,229,228,230,-1,200,231,198,-1,198,231,232,-1,198,232,230,-1,230,232,233,-1,230,233,229,-1,218,234,145,-1,145,234,235,-1,145,235,147,-1,147,235,236,-1,147,236,202,-1,190,237,238,-1,239,240,241,-1,241,240,242,-1,241,242,190,-1,190,242,243,-1,190,243,237,-1,238,244,190,-1,190,244,245,-1,190,245,145,-1,145,245,246,-1,145,246,217,-1,205,247,206,-1,206,247,248,-1,206,248,241,-1,241,248,249,-1,241,249,239,-1,250,140,251,-1,251,140,143,-1,251,143,252,-1,252,143,142,-1,252,142,253,-1,254,255,256,-1,254,256,142,-1,142,256,257,-1,142,257,253,-1,258,259,260,-1,260,259,261,-1,250,262,140,-1,140,262,263,-1,140,263,260,-1,260,263,264,-1,260,264,258,-1,265,266,267,-1,143,268,269,-1,259,270,261,-1,261,270,271,-1,261,271,272,-1,273,274,275,-1,275,274,276,-1,277,278,143,-1,143,278,279,-1,143,279,280,-1,269,281,143,-1,143,281,282,-1,143,282,141,-1,280,283,143,-1,143,283,284,-1,143,284,285,-1,285,286,143,-1,143,286,287,-1,143,287,268,-1,272,288,261,-1,261,288,289,-1,261,289,275,-1,275,289,290,-1,275,290,273,-1,276,291,275,-1,275,291,292,-1,275,292,267,-1,267,292,293,-1,267,293,265,-1,294,295,143,-1,143,295,296,-1,143,296,297,-1,298,299,300,-1,300,299,301,-1,300,301,297,-1,297,301,267,-1,297,267,143,-1,143,267,266,-1,143,266,277,-1,302,303,304,-1,305,306,298,-1,298,306,307,-1,298,307,299,-1,299,307,308,-1,143,309,294,-1,294,309,310,-1,294,310,311,-1,302,312,303,-1,303,312,313,-1,303,313,314,-1,311,315,294,-1,294,315,302,-1,294,302,316,-1,316,302,304,-1,305,298,317,-1,317,298,318,-1,317,318,319,-1,308,320,299,-1,299,320,321,-1,299,321,322,-1,140,323,143,-1,143,323,324,-1,143,324,309,-1,309,324,325,-1,322,326,299,-1,299,326,327,-1,299,327,139,-1,139,327,328,-1,139,328,329,-1,325,330,309,-1,309,330,331,-1,309,331,332,-1,332,331,333,-1,334,335,140,-1,140,335,336,-1,140,336,323,-1,329,337,139,-1,139,337,338,-1,139,338,140,-1,140,338,339,-1,140,339,334,-1,340,341,342,-1,343,344,345,-1,345,344,346,-1,343,345,347,-1,347,345,348,-1,347,348,342,-1,349,350,351,-1,346,352,345,-1,345,352,353,-1,345,353,354,-1,355,342,356,-1,355,357,358,-1,348,359,342,-1,342,359,360,-1,342,360,361,-1,349,351,355,-1,355,351,362,-1,355,362,357,-1,363,364,365,-1,365,364,366,-1,365,366,367,-1,367,366,368,-1,361,369,342,-1,342,369,370,-1,342,370,356,-1,356,371,355,-1,355,371,372,-1,355,372,373,-1,358,374,355,-1,355,374,375,-1,355,375,342,-1,342,375,376,-1,342,376,340,-1,377,378,379,-1,379,378,380,-1,379,380,381,-1,382,383,384,-1,373,385,355,-1,355,385,386,-1,355,386,379,-1,379,386,387,-1,379,387,377,-1,354,353,384,-1,384,353,388,-1,384,388,382,-1,383,389,384,-1,384,389,390,-1,384,390,391,-1,392,393,384,-1,384,393,394,-1,384,394,395,-1,381,396,379,-1,379,396,397,-1,379,397,398,-1,391,399,384,-1,384,399,400,-1,384,400,392,-1,401,402,403,-1,404,405,364,-1,364,405,406,-1,364,406,407,-1,403,408,401,-1,401,408,409,-1,401,409,407,-1,407,409,350,-1,407,350,364,-1,364,350,349,-1,364,349,366,-1,410,411,412,-1,413,414,404,-1,404,414,415,-1,412,416,417,-1,418,419,420,-1,419,421,420,-1,420,421,422,-1,420,422,415,-1,415,422,402,-1,415,402,404,-1,404,402,401,-1,404,401,405,-1,423,424,425,-1,425,424,426,-1,425,426,427,-1,417,418,412,-1,412,418,420,-1,412,420,410,-1,410,420,427,-1,410,427,428,-1,428,427,426,-1,429,430,431,-1,431,430,432,-1,433,434,275,-1,435,436,261,-1,429,431,275,-1,275,431,437,-1,275,437,433,-1,434,438,275,-1,275,438,439,-1,275,439,440,-1,440,441,275,-1,275,441,442,-1,275,442,261,-1,261,442,443,-1,261,443,435,-1,436,444,261,-1,261,444,445,-1,261,445,260,-1,260,445,446,-1,446,447,260,-1,260,447,448,-1,260,448,449,-1,449,448,450,-1,449,450,451,-1,452,453,454,-1,455,456,457,-1,455,457,458,-1,459,364,460,-1,460,364,363,-1,460,363,461,-1,462,463,464,-1,465,466,347,-1,347,466,467,-1,347,467,343,-1,468,459,469,-1,398,458,379,-1,379,458,457,-1,379,457,469,-1,469,457,462,-1,469,462,468,-1,468,462,464,-1,470,471,472,-1,206,473,474,-1,475,470,476,-1,476,470,472,-1,476,472,474,-1,474,472,208,-1,474,208,206,-1,206,208,207,-1,206,207,200,-1,477,478,476,-1,476,478,479,-1,476,479,475,-1,480,481,482,-1,483,482,484,-1,473,206,485,-1,485,206,241,-1,485,241,486,-1,487,488,484,-1,484,488,486,-1,484,486,483,-1,483,486,241,-1,489,490,491,-1,491,490,488,-1,491,488,492,-1,492,488,487,-1,493,453,411,-1,411,453,452,-1,411,452,412,-1,412,452,494,-1,412,494,429,-1,429,494,495,-1,429,495,430,-1,430,495,496,-1,430,496,452,-1,452,496,497,-1,452,497,494,-1,498,481,471,-1,471,481,480,-1,471,480,472,-1,472,480,499,-1,472,499,342,-1,342,499,500,-1,342,500,347,-1,347,500,501,-1,347,501,480,-1,480,501,502,-1,480,502,499,-1,503,504,454,-1,454,504,505,-1,454,505,452,-1,452,505,449,-1,452,449,430,-1,430,449,451,-1,430,451,432,-1,459,468,364,-1,364,468,504,-1,364,504,404,-1,404,504,503,-1,404,503,413,-1,482,483,480,-1,480,483,464,-1,480,464,347,-1,347,464,463,-1,347,463,465,-1,152,506,166,-1,166,506,507,-1,166,507,193,-1,193,507,508,-1,138,140,509,-1,509,140,260,-1,509,260,510,-1,510,260,449,-1,510,449,511,-1,511,449,505,-1,511,505,512,-1,512,505,504,-1,512,504,513,-1,513,504,468,-1,513,468,514,-1,514,468,464,-1,514,464,515,-1,515,464,483,-1,515,483,516,-1,516,483,241,-1,516,241,517,-1,517,241,190,-1,517,190,518,-1,518,190,193,-1,518,193,519,-1,519,193,508,-1,519,508,520,-1,521,131,522,-1,522,131,122,-1,64,62,122,-1,122,62,523,-1,122,523,522,-1,522,523,524,-1,525,526,527,-1,527,526,528,-1,527,528,529,-1,530,531,532,-1,533,534,535,-1,536,537,538,-1,538,537,539,-1,530,532,535,-1,535,532,540,-1,535,540,533,-1,541,542,543,-1,543,542,544,-1,538,545,532,-1,532,545,546,-1,532,546,540,-1,547,548,549,-1,550,551,528,-1,528,551,552,-1,553,554,543,-1,543,554,555,-1,543,555,539,-1,539,555,556,-1,539,556,538,-1,538,556,557,-1,538,557,545,-1,549,529,547,-1,547,529,528,-1,547,528,544,-1,544,528,552,-1,544,552,543,-1,543,552,558,-1,543,558,553,-1,117,119,559,-1,560,561,562,-1,74,65,562,-1,562,65,117,-1,562,117,560,-1,560,117,559,-1,563,564,565,-1,565,564,566,-1,565,567,568,-1,566,569,565,-1,565,569,570,-1,565,570,571,-1,568,572,565,-1,565,572,573,-1,565,573,574,-1,571,575,565,-1,565,575,576,-1,565,576,567,-1,574,577,565,-1,565,577,578,-1,565,578,579,-1,119,126,559,-1,559,126,580,-1,580,126,581,-1,581,126,125,-1,581,125,582,-1,582,125,583,-1,583,125,124,-1,583,124,584,-1,133,585,124,-1,124,585,586,-1,124,586,584,-1,587,588,135,-1,135,588,589,-1,135,589,133,-1,133,589,590,-1,133,590,585,-1,135,134,587,-1,587,134,110,-1,587,110,106,-1,105,103,132,-1,105,132,591,-1,591,132,127,-1,591,127,592,-1,592,127,129,-1,592,129,593,-1,593,129,130,-1,593,130,594,-1,594,130,128,-1,594,128,595,-1,595,128,131,-1,595,131,521,-1,138,509,596,-1,596,509,510,-1,596,510,511,-1,511,512,596,-1,596,512,513,-1,596,513,514,-1,514,515,597,-1,597,515,516,-1,597,516,517,-1,517,518,597,-1,597,518,519,-1,597,519,520,-1,514,597,596,-1,596,597,598,-1,596,598,599,-1,599,598,600,-1,599,600,601,-1,601,600,602,-1,601,602,603,-1,603,602,604,-1,603,604,605,-1,605,604,106,-1,605,106,105,-1,580,581,606,-1,582,583,607,-1,584,586,608,-1,585,590,609,-1,589,588,610,-1,587,106,604,-1,588,587,610,-1,610,587,604,-1,610,604,611,-1,611,604,602,-1,611,602,612,-1,612,602,600,-1,612,600,613,-1,613,600,598,-1,613,598,614,-1,614,598,597,-1,614,597,520,-1,590,589,609,-1,609,589,610,-1,609,610,615,-1,615,610,611,-1,615,611,616,-1,616,611,612,-1,616,612,617,-1,617,612,613,-1,617,613,618,-1,618,613,614,-1,618,614,520,-1,586,585,608,-1,608,585,609,-1,608,609,619,-1,619,609,615,-1,619,615,620,-1,620,615,616,-1,620,616,621,-1,621,616,617,-1,621,617,622,-1,622,617,618,-1,622,618,520,-1,583,584,607,-1,607,584,608,-1,607,608,623,-1,623,608,619,-1,623,619,624,-1,624,619,620,-1,624,620,625,-1,625,620,621,-1,625,621,626,-1,626,621,622,-1,626,622,520,-1,581,582,606,-1,606,582,607,-1,606,607,627,-1,627,607,623,-1,627,623,628,-1,628,623,624,-1,628,624,629,-1,629,624,625,-1,629,625,630,-1,630,625,626,-1,630,626,520,-1,559,580,631,-1,631,580,606,-1,631,606,632,-1,632,606,627,-1,632,627,633,-1,633,627,628,-1,633,628,634,-1,634,628,629,-1,634,629,635,-1,635,629,630,-1,635,630,520,-1,521,636,637,-1,638,639,640,-1,138,596,641,-1,640,639,138,-1,642,138,639,-1,642,639,643,-1,643,639,638,-1,643,638,644,-1,645,138,642,-1,646,647,648,-1,648,647,641,-1,648,641,649,-1,649,641,596,-1,649,596,599,-1,645,642,650,-1,650,642,643,-1,650,643,651,-1,651,643,644,-1,651,644,652,-1,653,646,654,-1,654,646,648,-1,654,648,655,-1,655,648,649,-1,655,649,656,-1,656,649,599,-1,656,599,601,-1,657,653,658,-1,658,653,654,-1,658,654,659,-1,659,654,655,-1,659,655,660,-1,660,655,656,-1,660,656,661,-1,661,656,601,-1,661,601,603,-1,636,657,637,-1,637,657,658,-1,637,658,662,-1,662,658,659,-1,662,659,663,-1,663,659,660,-1,663,660,664,-1,664,660,661,-1,664,661,665,-1,665,661,603,-1,665,603,605,-1,521,637,595,-1,595,637,662,-1,595,662,594,-1,594,662,663,-1,594,663,593,-1,593,663,664,-1,593,664,592,-1,592,664,665,-1,592,665,591,-1,591,665,605,-1,591,605,105,-1,647,138,641,-1,636,652,657,-1,657,652,644,-1,657,644,653,-1,653,644,638,-1,653,638,646,-1,646,638,640,-1,646,640,647,-1,647,640,138,-1,507,506,666,-1,520,508,635,-1,635,508,507,-1,507,666,635,-1,635,666,667,-1,635,667,634,-1,634,667,668,-1,634,668,633,-1,633,668,669,-1,633,669,632,-1,632,669,670,-1,632,670,631,-1,631,670,560,-1,631,560,559,-1,528,526,671,-1,528,671,672,-1,672,671,673,-1,672,673,674,-1,674,673,675,-1,674,675,676,-1,676,675,677,-1,676,677,678,-1,678,677,679,-1,678,679,680,-1,680,679,561,-1,680,561,560,-1,522,524,681,-1,522,681,682,-1,682,681,683,-1,682,683,684,-1,684,683,685,-1,684,685,686,-1,686,685,687,-1,686,687,688,-1,688,687,689,-1,688,689,690,-1,690,689,530,-1,690,530,535,-1,691,301,299,-1,138,645,139,-1,139,645,299,-1,299,645,691,-1,691,645,650,-1,691,650,692,-1,692,650,651,-1,692,651,693,-1,693,651,652,-1,693,652,694,-1,694,652,636,-1,694,636,695,-1,695,636,521,-1,695,521,522,-1,560,670,696,-1,697,698,699,-1,506,700,701,-1,699,698,506,-1,702,506,698,-1,702,698,703,-1,703,698,697,-1,703,697,704,-1,666,506,702,-1,705,706,707,-1,707,706,701,-1,707,701,708,-1,708,701,700,-1,708,700,709,-1,666,702,667,-1,667,702,703,-1,667,703,668,-1,668,703,704,-1,668,704,669,-1,710,705,711,-1,711,705,707,-1,711,707,712,-1,712,707,708,-1,712,708,713,-1,713,708,709,-1,713,709,714,-1,715,710,716,-1,716,710,711,-1,716,711,717,-1,717,711,712,-1,717,712,718,-1,718,712,713,-1,718,713,719,-1,719,713,714,-1,719,714,720,-1,670,715,696,-1,696,715,716,-1,696,716,721,-1,721,716,717,-1,721,717,722,-1,722,717,718,-1,722,718,723,-1,723,718,719,-1,723,719,724,-1,724,719,720,-1,724,720,725,-1,560,696,680,-1,680,696,721,-1,680,721,678,-1,678,721,722,-1,678,722,676,-1,676,722,723,-1,676,723,674,-1,674,723,724,-1,674,724,672,-1,672,724,725,-1,672,725,528,-1,706,506,701,-1,670,669,715,-1,715,669,704,-1,715,704,710,-1,710,704,697,-1,710,697,705,-1,705,697,699,-1,705,699,706,-1,706,699,506,-1,535,726,727,-1,728,729,730,-1,301,691,731,-1,730,729,301,-1,732,301,729,-1,732,729,733,-1,733,729,728,-1,733,728,734,-1,735,301,732,-1,736,737,738,-1,738,737,731,-1,738,731,739,-1,739,731,691,-1,739,691,692,-1,735,732,740,-1,740,732,733,-1,740,733,741,-1,741,733,734,-1,741,734,742,-1,743,736,744,-1,744,736,738,-1,744,738,745,-1,745,738,739,-1,745,739,746,-1,746,739,692,-1,746,692,693,-1,747,743,748,-1,748,743,744,-1,748,744,749,-1,749,744,745,-1,749,745,750,-1,750,745,746,-1,750,746,751,-1,751,746,693,-1,751,693,694,-1,726,747,727,-1,727,747,748,-1,727,748,752,-1,752,748,749,-1,752,749,753,-1,753,749,750,-1,753,750,754,-1,754,750,751,-1,754,751,755,-1,755,751,694,-1,755,694,695,-1,535,727,690,-1,690,727,752,-1,690,752,688,-1,688,752,753,-1,688,753,686,-1,686,753,754,-1,686,754,684,-1,684,754,755,-1,684,755,682,-1,682,755,695,-1,682,695,522,-1,737,301,731,-1,726,742,747,-1,747,742,734,-1,747,734,743,-1,743,734,728,-1,743,728,736,-1,736,728,730,-1,736,730,737,-1,737,730,301,-1,506,152,700,-1,700,152,147,-1,147,208,756,-1,208,472,756,-1,756,472,342,-1,756,342,341,-1,147,756,700,-1,700,756,757,-1,700,757,709,-1,709,757,758,-1,709,758,714,-1,714,758,759,-1,714,759,720,-1,720,759,760,-1,720,760,725,-1,725,760,550,-1,725,550,528,-1,267,301,735,-1,761,416,412,-1,412,429,761,-1,761,429,275,-1,761,275,267,-1,267,735,761,-1,761,735,740,-1,761,740,762,-1,762,740,741,-1,762,741,763,-1,763,741,742,-1,763,742,764,-1,764,742,726,-1,764,726,765,-1,765,726,535,-1,765,535,534,-1,550,760,766,-1,767,768,769,-1,341,770,771,-1,769,768,341,-1,772,341,768,-1,772,768,773,-1,773,768,767,-1,773,767,774,-1,756,341,772,-1,775,776,777,-1,777,776,771,-1,777,771,778,-1,778,771,770,-1,778,770,779,-1,756,772,757,-1,757,772,773,-1,757,773,758,-1,758,773,774,-1,758,774,759,-1,780,775,781,-1,781,775,777,-1,781,777,782,-1,782,777,778,-1,782,778,783,-1,783,778,779,-1,783,779,784,-1,785,780,786,-1,786,780,781,-1,786,781,787,-1,787,781,782,-1,787,782,788,-1,788,782,783,-1,788,783,789,-1,789,783,784,-1,789,784,790,-1,760,785,766,-1,766,785,786,-1,766,786,791,-1,791,786,787,-1,791,787,792,-1,792,787,788,-1,792,788,793,-1,793,788,789,-1,793,789,794,-1,794,789,790,-1,794,790,795,-1,550,766,796,-1,796,766,791,-1,796,791,797,-1,797,791,792,-1,797,792,798,-1,798,792,793,-1,798,793,799,-1,799,793,794,-1,799,794,800,-1,800,794,795,-1,800,795,801,-1,776,341,771,-1,760,759,785,-1,785,759,774,-1,785,774,780,-1,780,774,767,-1,780,767,775,-1,775,767,769,-1,775,769,776,-1,776,769,341,-1,564,563,802,-1,564,802,803,-1,803,802,804,-1,803,804,805,-1,805,804,806,-1,805,806,807,-1,807,806,808,-1,807,808,809,-1,809,808,810,-1,809,810,811,-1,811,810,556,-1,811,556,555,-1,812,813,814,-1,815,816,817,-1,416,761,818,-1,817,816,416,-1,819,416,816,-1,819,816,820,-1,820,816,815,-1,820,815,821,-1,822,416,819,-1,823,824,825,-1,825,824,818,-1,825,818,826,-1,826,818,761,-1,826,761,762,-1,822,819,827,-1,827,819,820,-1,827,820,828,-1,828,820,821,-1,828,821,829,-1,830,823,831,-1,831,823,825,-1,831,825,832,-1,832,825,826,-1,832,826,833,-1,833,826,762,-1,833,762,763,-1,834,830,835,-1,835,830,831,-1,835,831,836,-1,836,831,832,-1,836,832,837,-1,837,832,833,-1,837,833,838,-1,838,833,763,-1,838,763,764,-1,813,834,814,-1,814,834,835,-1,814,835,839,-1,839,835,836,-1,839,836,840,-1,840,836,837,-1,840,837,841,-1,841,837,838,-1,841,838,842,-1,842,838,764,-1,842,764,765,-1,812,814,843,-1,843,814,839,-1,843,839,844,-1,844,839,840,-1,844,840,845,-1,845,840,841,-1,845,841,846,-1,846,841,842,-1,846,842,847,-1,847,842,765,-1,847,765,534,-1,824,416,818,-1,813,829,834,-1,834,829,821,-1,834,821,830,-1,830,821,815,-1,830,815,823,-1,823,815,817,-1,823,817,824,-1,824,817,416,-1,848,801,795,-1,848,795,849,-1,849,795,790,-1,849,790,850,-1,850,790,784,-1,850,784,851,-1,851,784,779,-1,851,779,852,-1,852,779,770,-1,852,770,853,-1,853,770,341,-1,853,341,340,-1,555,554,811,-1,811,554,854,-1,811,854,809,-1,809,854,855,-1,809,855,807,-1,807,855,856,-1,807,856,805,-1,805,856,857,-1,805,857,803,-1,803,857,858,-1,803,858,564,-1,564,858,859,-1,554,553,854,-1,854,553,860,-1,854,860,855,-1,855,860,861,-1,855,861,856,-1,856,861,862,-1,856,862,857,-1,857,862,863,-1,857,863,858,-1,858,863,864,-1,858,864,859,-1,859,864,865,-1,553,558,860,-1,860,558,866,-1,860,866,861,-1,861,866,867,-1,861,867,862,-1,862,867,868,-1,862,868,863,-1,863,868,869,-1,863,869,864,-1,864,869,870,-1,864,870,865,-1,865,870,871,-1,558,552,866,-1,866,552,872,-1,866,872,867,-1,867,872,873,-1,867,873,868,-1,868,873,874,-1,868,874,869,-1,869,874,875,-1,869,875,870,-1,870,875,876,-1,870,876,871,-1,871,876,877,-1,552,551,872,-1,872,551,878,-1,872,878,873,-1,873,878,879,-1,873,879,874,-1,874,879,880,-1,874,880,875,-1,875,880,881,-1,875,881,876,-1,876,881,882,-1,876,882,877,-1,877,882,883,-1,551,550,878,-1,878,550,796,-1,878,796,879,-1,879,796,797,-1,879,797,880,-1,880,797,798,-1,880,798,881,-1,881,798,799,-1,881,799,882,-1,882,799,800,-1,882,800,883,-1,883,800,801,-1,534,533,847,-1,847,533,884,-1,847,884,846,-1,846,884,885,-1,846,885,845,-1,845,885,886,-1,845,886,844,-1,844,886,887,-1,844,887,843,-1,843,887,888,-1,843,888,812,-1,812,888,889,-1,533,540,884,-1,884,540,890,-1,884,890,885,-1,885,890,891,-1,885,891,886,-1,886,891,892,-1,886,892,887,-1,887,892,893,-1,887,893,888,-1,888,893,894,-1,888,894,889,-1,889,894,895,-1,540,546,890,-1,890,546,896,-1,890,896,891,-1,891,896,897,-1,891,897,892,-1,892,897,898,-1,892,898,893,-1,893,898,899,-1,893,899,894,-1,894,899,900,-1,894,900,895,-1,895,900,901,-1,546,545,896,-1,896,545,902,-1,896,902,897,-1,897,902,903,-1,897,903,898,-1,898,903,904,-1,898,904,899,-1,899,904,905,-1,899,905,900,-1,900,905,906,-1,900,906,901,-1,901,906,907,-1,545,557,902,-1,902,557,908,-1,902,908,903,-1,903,908,909,-1,903,909,904,-1,904,909,910,-1,904,910,905,-1,905,910,911,-1,905,911,906,-1,906,911,912,-1,906,912,907,-1,907,912,913,-1,557,556,908,-1,908,556,810,-1,908,810,909,-1,909,810,808,-1,909,808,910,-1,910,808,806,-1,910,806,911,-1,911,806,804,-1,911,804,912,-1,912,804,802,-1,912,802,913,-1,913,802,563,-1,812,914,915,-1,812,915,813,-1,813,915,916,-1,813,916,829,-1,829,916,917,-1,829,917,828,-1,828,917,918,-1,828,918,827,-1,827,918,919,-1,827,919,822,-1,822,919,417,-1,822,417,416,-1,920,921,922,-1,921,923,924,-1,923,925,926,-1,927,928,929,-1,930,931,932,-1,933,934,935,-1,936,937,938,-1,939,940,941,-1,942,943,944,-1,945,946,947,-1,947,946,948,-1,947,948,925,-1,946,949,948,-1,948,949,950,-1,948,950,951,-1,950,952,951,-1,951,952,953,-1,951,953,954,-1,953,955,954,-1,954,955,956,-1,954,956,957,-1,956,958,957,-1,957,958,959,-1,957,959,960,-1,960,959,961,-1,961,962,960,-1,960,962,963,-1,960,963,964,-1,963,965,964,-1,964,965,848,-1,964,848,849,-1,925,948,926,-1,926,948,951,-1,926,951,966,-1,966,951,954,-1,966,954,967,-1,967,954,957,-1,967,957,968,-1,968,957,960,-1,968,960,969,-1,969,960,964,-1,969,964,970,-1,970,964,849,-1,970,849,850,-1,923,926,924,-1,924,926,966,-1,924,966,971,-1,971,966,967,-1,971,967,972,-1,972,967,968,-1,972,968,973,-1,973,968,969,-1,973,969,974,-1,974,969,970,-1,974,970,975,-1,975,970,850,-1,975,850,851,-1,921,924,922,-1,922,924,971,-1,922,971,976,-1,976,971,972,-1,976,972,977,-1,977,972,973,-1,977,973,978,-1,978,973,974,-1,978,974,979,-1,979,974,975,-1,979,975,980,-1,980,975,851,-1,980,851,852,-1,940,936,941,-1,941,936,938,-1,941,938,981,-1,981,938,982,-1,981,982,983,-1,983,982,984,-1,983,984,985,-1,985,984,986,-1,985,986,987,-1,987,986,988,-1,987,988,421,-1,934,930,935,-1,935,930,932,-1,935,932,989,-1,989,932,990,-1,989,990,991,-1,991,990,992,-1,991,992,993,-1,993,992,994,-1,993,994,995,-1,995,994,996,-1,931,927,932,-1,932,927,929,-1,932,929,990,-1,990,929,997,-1,990,997,992,-1,992,997,998,-1,992,998,994,-1,994,998,999,-1,994,999,996,-1,996,999,1000,-1,920,922,1001,-1,1001,922,976,-1,1001,976,1002,-1,1002,976,977,-1,1002,977,1003,-1,1003,977,978,-1,1003,978,1004,-1,1004,978,979,-1,1004,979,1005,-1,1005,979,980,-1,1005,980,1006,-1,1006,980,852,-1,1006,852,853,-1,914,1007,915,-1,915,1007,1008,-1,915,1008,916,-1,916,1008,1009,-1,916,1009,917,-1,917,1009,1010,-1,917,1010,918,-1,918,1010,1011,-1,918,1011,919,-1,919,1011,1012,-1,919,1012,417,-1,417,1012,418,-1,1007,942,1008,-1,1008,942,944,-1,1008,944,1009,-1,1009,944,1013,-1,1009,1013,1010,-1,1010,1013,1014,-1,1010,1014,1011,-1,1011,1014,1015,-1,1011,1015,1012,-1,1012,1015,1016,-1,1012,1016,418,-1,418,1016,419,-1,943,939,944,-1,944,939,941,-1,944,941,1013,-1,1013,941,981,-1,1013,981,1014,-1,1014,981,983,-1,1014,983,1015,-1,1015,983,985,-1,1015,985,1016,-1,1016,985,987,-1,1016,987,419,-1,419,987,421,-1,403,402,988,-1,988,402,422,-1,988,422,421,-1,1000,408,996,-1,996,408,403,-1,996,403,995,-1,995,403,988,-1,995,988,993,-1,993,988,986,-1,993,986,991,-1,991,986,984,-1,991,984,989,-1,989,984,982,-1,989,982,935,-1,935,982,938,-1,935,938,933,-1,933,938,937,-1,351,350,1000,-1,1000,350,409,-1,1000,409,408,-1,928,945,929,-1,929,945,947,-1,929,947,997,-1,997,947,925,-1,997,925,998,-1,998,925,923,-1,998,923,999,-1,999,923,921,-1,999,921,1000,-1,1000,921,920,-1,1000,920,351,-1,351,920,1001,-1,351,1001,362,-1,362,1001,1002,-1,362,1002,357,-1,357,1002,1003,-1,357,1003,358,-1,358,1003,1004,-1,358,1004,374,-1,374,1004,1005,-1,374,1005,375,-1,375,1005,1006,-1,375,1006,376,-1,376,1006,853,-1,376,853,340,-1,801,848,883,-1,883,848,1017,-1,883,1017,877,-1,877,1017,1018,-1,877,1018,871,-1,871,1018,1019,-1,871,1019,865,-1,865,1019,1020,-1,865,1020,859,-1,859,1020,1021,-1,859,1021,564,-1,564,1021,566,-1,914,812,1022,-1,1022,812,889,-1,1022,889,1023,-1,1023,889,895,-1,1023,895,1024,-1,1024,895,901,-1,1024,901,1025,-1,1025,901,907,-1,1025,907,1026,-1,1026,907,913,-1,1026,913,565,-1,565,913,563,-1,956,955,1027,-1,953,952,1028,-1,950,949,1029,-1,1030,1031,1032,-1,572,568,1033,-1,573,572,1034,-1,574,573,1035,-1,577,574,1036,-1,578,577,1037,-1,579,578,1038,-1,565,579,1039,-1,571,1031,575,-1,575,1031,1030,-1,575,1030,576,-1,1040,1032,1041,-1,1041,1032,1031,-1,1041,1031,1042,-1,1042,1031,571,-1,1042,571,570,-1,1043,1040,1044,-1,1044,1040,1041,-1,1044,1041,1045,-1,1045,1041,1042,-1,1045,1042,1046,-1,1046,1042,570,-1,1046,570,569,-1,1017,1043,1018,-1,1018,1043,1044,-1,1018,1044,1019,-1,1019,1044,1045,-1,1019,1045,1020,-1,1020,1045,1046,-1,1020,1046,1021,-1,1021,1046,569,-1,1021,569,566,-1,1047,1048,1049,-1,1050,942,1007,-1,565,1039,1026,-1,1026,1039,1051,-1,1026,1051,1025,-1,1025,1051,1052,-1,1025,1052,1024,-1,1024,1052,1053,-1,1024,1053,1023,-1,1023,1053,1050,-1,1023,1050,1022,-1,1022,1050,1007,-1,1022,1007,914,-1,1054,939,943,-1,579,1038,1039,-1,1039,1038,1055,-1,1039,1055,1051,-1,1051,1055,1056,-1,1051,1056,1052,-1,1052,1056,1057,-1,1052,1057,1053,-1,1053,1057,1054,-1,1053,1054,1050,-1,1050,1054,943,-1,1050,943,942,-1,1058,936,940,-1,578,1037,1038,-1,1038,1037,1059,-1,1038,1059,1055,-1,1055,1059,1060,-1,1055,1060,1056,-1,1056,1060,1061,-1,1056,1061,1057,-1,1057,1061,1058,-1,1057,1058,1054,-1,1054,1058,940,-1,1054,940,939,-1,1062,933,937,-1,577,1036,1037,-1,1037,1036,1063,-1,1037,1063,1059,-1,1059,1063,1064,-1,1059,1064,1060,-1,1060,1064,1065,-1,1060,1065,1061,-1,1061,1065,1062,-1,1061,1062,1058,-1,1058,1062,937,-1,1058,937,936,-1,1066,930,934,-1,574,1035,1036,-1,1036,1035,1067,-1,1036,1067,1063,-1,1063,1067,1068,-1,1063,1068,1064,-1,1064,1068,1069,-1,1064,1069,1065,-1,1065,1069,1066,-1,1065,1066,1062,-1,1062,1066,934,-1,1062,934,933,-1,1070,927,931,-1,573,1034,1035,-1,1035,1034,1071,-1,1035,1071,1067,-1,1067,1071,1072,-1,1067,1072,1068,-1,1068,1072,1073,-1,1068,1073,1069,-1,1069,1073,1070,-1,1069,1070,1066,-1,1066,1070,931,-1,1066,931,930,-1,946,945,1074,-1,1074,945,928,-1,572,1033,1034,-1,1034,1033,1075,-1,1034,1075,1071,-1,1071,1075,1076,-1,1071,1076,1072,-1,1072,1076,1077,-1,1072,1077,1073,-1,1073,1077,1074,-1,1073,1074,1070,-1,1070,1074,928,-1,1070,928,927,-1,568,1078,1033,-1,1033,1078,1079,-1,1033,1079,1075,-1,1075,1079,1080,-1,1075,1080,1076,-1,1076,1080,1081,-1,1076,1081,1077,-1,1077,1081,1029,-1,1077,1029,1074,-1,1074,1029,949,-1,1074,949,946,-1,1078,1082,1079,-1,1079,1082,1083,-1,1079,1083,1080,-1,1080,1083,1084,-1,1080,1084,1081,-1,1081,1084,1028,-1,1081,1028,1029,-1,1029,1028,952,-1,1029,952,950,-1,1082,1085,1083,-1,1083,1085,1086,-1,1083,1086,1084,-1,1084,1086,1027,-1,1084,1027,1028,-1,1028,1027,955,-1,1028,955,953,-1,1085,1049,1086,-1,1086,1049,1048,-1,1086,1048,1027,-1,1027,1048,958,-1,1027,958,956,-1,965,963,1087,-1,1087,963,1047,-1,1087,1047,1088,-1,1088,1047,1049,-1,1088,1049,1089,-1,1089,1049,1085,-1,1089,1085,1090,-1,1090,1085,1082,-1,1090,1082,1091,-1,1091,1082,1078,-1,1091,1078,567,-1,567,1078,568,-1,963,962,1047,-1,1047,962,961,-1,1047,961,1048,-1,1048,961,959,-1,1048,959,958,-1,848,965,1017,-1,1017,965,1087,-1,1017,1087,1043,-1,1043,1087,1088,-1,1043,1088,1040,-1,1040,1088,1089,-1,1040,1089,1032,-1,1032,1089,1090,-1,1032,1090,1030,-1,1030,1090,1091,-1,1030,1091,576,-1,576,1091,567,-1,
        ]
    }
}
Shape{
    appearance Appearance {
        material  Material 	{
            diffuseColor 0.4392156862745098 0.4392156862745098 0.4392156862745098
            specularColor 0.2196078431372549 0.2196078431372549 0.2196078431372549
            ambientIntensity 0.4392
            transparency 0.0
            shininess 0.5
        }
    }
    geometry IndexedFaceSet {
        ccw TRUE
        solid FALSE
        coord DEF co Coordinate {
            point [
                1.4191 -0.054 2.1122, 1.4191 -0.054 2.1161, 1.4171 -0.032 2.1161, 1.4171 -0.032 2.1122, 1.4114 -0.0133 2.1161, 1.4114 -0.0133 2.1122, 1.401 0.004 2.1161, 1.401 0.004 2.1122, 1.387 0.0177 2.1161, 1.387 0.0177 2.1122, 1.3658 0.03 2.1161, 1.3658 0.03 2.1122, 1.3413 0.0372 2.1161, 1.3413 0.0372 2.1122, 1.31 0.04 2.1161, 1.31 0.04 2.1122, 1.4162 -0.0806 2.1122, 1.3053 -0.1559 2.1122, 1.3053 -0.1559 2.1161, 1.327 -0.1546 2.1161, 1.327 -0.1546 2.1122, 1.3574 -0.147 2.1161, 1.3574 -0.147 2.1122, 1.3786 -0.1356 2.1161, 1.3786 -0.1356 2.1122, 1.3961 -0.12 2.1161, 1.3961 -0.12 2.1122, 1.409 -0.1008 2.1161, 1.409 -0.1008 2.1122, 1.4099 -0.0983 2.1161, 1.4162 -0.0806 2.1161, 1.2386 -0.1436 2.1122, 1.2386 -0.1436 2.1161, 1.2475 -0.1478 2.1161, 1.2475 -0.1478 2.1122, 1.2712 -0.1537 2.1161, 1.2712 -0.1537 2.1122, 1.2386 -0.105 2.1122, 1.2386 -0.105 2.1161, 1.3036 -0.1214 2.1122, 1.3036 -0.1214 2.1161, 1.2701 -0.1171 2.1161, 1.2701 -0.1171 2.1122, 1.3769 -0.0566 2.1122, 1.3769 -0.0566 2.1161, 1.3758 -0.0694 2.1161, 1.3758 -0.0694 2.1122, 1.3718 -0.0831 2.1161, 1.3718 -0.0831 2.1122, 1.3649 -0.0948 2.1161, 1.3649 -0.0948 2.1122, 1.3615 -0.0983 2.1161, 1.355 -0.1051 2.1122, 1.355 -0.1051 2.1161, 1.3408 -0.114 2.1161, 1.3408 -0.114 2.1122, 1.3243 -0.1194 2.1161, 1.3243 -0.1194 2.1122, 1.2961 0.0054 2.1122, 1.2961 0.0054 2.1161, 1.3236 0.0029 2.1161, 1.3236 0.0029 2.1122, 1.3435 -0.0035 2.1161, 1.3435 -0.0035 2.1122, 1.3539 -0.0095 2.1161, 1.3539 -0.0095 2.1122, 1.3636 -0.0183 2.1161, 1.3636 -0.0183 2.1122, 1.371 -0.0292 2.1161, 1.371 -0.0292 2.1122, 1.3751 -0.0406 2.1161, 1.3751 -0.0406 2.1122, 1.2425 0.0027 2.1122, 1.2425 0.0027 2.1161, 1.2692 0.0048 2.1161, 1.2692 0.0048 2.1122, 1.2542 0.1629 2.1122, 1.2542 0.1629 2.1161, 1.4038 0.1629 2.1122, 1.4038 0.1629 2.1161, 1.4038 0.1283 2.1122, 1.4038 0.1283 2.1161, 1.2875 0.1283 2.1122, 1.2875 0.1283 2.1161, 1.2809 0.0388 2.1122, 1.2809 0.0388 2.1161, 1.181 -0.1012 2.1122, 1.181 -0.1358 2.1122, 1.181 -0.1012 2.1161, 1.181 -0.1358 2.1161, 1.0943 -0.1559 2.1122, 1.0943 -0.1559 2.1161, 1.103 -0.1558 2.1161, 1.103 -0.1558 2.1122, 1.1474 -0.1496 2.1161, 1.1474 -0.1496 2.1122, 0.9592 -0.0704 2.1161, 0.9497 -0.037 2.1122, 0.9497 -0.037 2.1161, 0.9467 -0.0006 2.1122, 0.9467 -0.0006 2.1161, 0.9749 -0.0983 2.1161, 0.976 -0.1003 2.1122, 0.9592 -0.0704 2.1122, 0.976 -0.1003 2.1161, 0.9997 -0.1252 2.1161, 0.9997 -0.1252 2.1122, 1.025 -0.1414 2.1161, 1.025 -0.1414 2.1122, 1.0555 -0.1519 2.1161, 1.0555 -0.1519 2.1122, 1.1069 0.1667 2.1122, 1.1069 0.1667 2.1161, 1.0752 0.1641 2.1161, 1.0752 0.1641 2.1122, 1.0401 0.1539 2.1161, 1.0401 0.1539 2.1122, 1.0102 0.1367 2.1161, 1.0102 0.1367 2.1122, 0.9818 0.1094 2.1161, 0.9818 0.1094 2.1122, 0.9633 0.0799 2.1161, 0.9633 0.0799 2.1122, 0.9512 0.0442 2.1161, 0.9512 0.0442 2.1122, 1.181 0.1542 2.1122, 1.181 0.1542 2.1161, 1.1446 0.1641 2.1161, 1.1446 0.1641 2.1122, 1.181 0.112 2.1122, 1.181 0.112 2.1161, 1.1072 0.1321 2.1122, 1.1072 0.1321 2.1161, 1.1455 0.1272 2.1161, 1.1455 0.1272 2.1122, 0.989 0.002 2.1122, 0.989 0.002 2.1161, 0.9905 0.0265 2.1161, 0.9905 0.0265 2.1122, 0.9989 0.0602 2.1161, 0.9989 0.0602 2.1122, 1.0118 0.0846 2.1161, 1.0118 0.0846 2.1122, 1.0309 0.1056 2.1161, 1.0309 0.1056 2.1122, 1.0527 0.1201 2.1161, 1.0527 0.1201 2.1122, 1.0762 0.1287 2.1161, 1.0762 0.1287 2.1122, 1.0478 -0.1096 2.1161, 1.0708 -0.1181 2.1122, 1.0708 -0.1181 2.1161, 1.1002 -0.1214 2.1122, 1.1002 -0.1214 2.1161, 1.0311 -0.0983 2.1161, 1.0285 -0.0966 2.1122, 1.0478 -0.1096 2.1122, 1.0285 -0.0966 2.1161, 1.0137 -0.081 2.1161, 1.0137 -0.081 2.1122, 1.0007 -0.0592 2.1161, 1.0007 -0.0592 2.1122, 0.9921 -0.0321 2.1161, 0.9921 -0.0321 2.1122, 1.1754 -0.1043 2.1161, 1.1754 -0.1043 2.1122, 1.142 -0.1167 2.1161, 1.142 -0.1167 2.1122, 0.7404 -0.1521 2.1122, 0.6548 -0.1521 2.1122, 0.7404 -0.1521 2.1161, 0.6548 -0.1521 2.1161, 0.6548 -0.0983 2.1161, 0.6548 0.1629 2.1122, 0.6548 0.1629 2.1161, 0.7437 0.1629 2.1122, 0.7437 0.1629 2.1161, 0.9083 0.0093 2.1122, 0.9083 0.0093 2.1161, 0.906 0.039 2.1161, 0.906 0.039 2.1122, 0.8975 0.07 2.1161, 0.8975 0.07 2.1122, 0.8829 0.0971 2.1161, 0.8829 0.0971 2.1122, 0.8606 0.1218 2.1161, 0.8606 0.1218 2.1122, 0.8603 0.1221 2.1161, 0.8603 0.1221 2.1122, 0.826 0.1451 2.1161, 0.826 0.1451 2.1122, 0.7892 0.158 2.1161, 0.7892 0.158 2.1122, 0.8486 -0.1188 2.1161, 0.8157 -0.1379 2.1122, 0.8157 -0.1379 2.1161, 0.7794 -0.1487 2.1122, 0.7794 -0.1487 2.1161, 0.8699 -0.0983 2.1161, 0.8745 -0.0939 2.1122, 0.8486 -0.1188 2.1122, 0.8745 -0.0939 2.1161, 0.8926 -0.0658 2.1161, 0.8926 -0.0658 2.1122, 0.9039 -0.0328 2.1161, 0.9039 -0.0328 2.1122, 0.8451 0.0841 2.1122, 0.8298 0.1004 2.1122, 0.8068 0.1152 2.1122, 0.7808 0.1243 2.1122, 0.7435 0.1283 2.1122, 0.697 0.1283 2.1122, 0.697 -0.1175 2.1122, 0.7418 -0.1175 2.1122, 0.775 -0.1144 2.1122, 0.8015 -0.1062 2.1122, 0.823 -0.0934 2.1122, 0.8406 -0.076 2.1122, 0.8539 -0.0542 2.1122, 0.8632 -0.0246 2.1122, 0.866 0.0084 2.1122, 0.8634 0.0398 2.1122, 0.856 0.0647 2.1122, 0.7435 0.1283 2.1161, 0.697 0.1283 2.1161, 0.7808 0.1243 2.1161, 0.8068 0.1152 2.1161, 0.8298 0.1004 2.1161, 0.8451 0.0841 2.1161, 0.856 0.0647 2.1161, 0.8634 0.0398 2.1161, 0.866 0.0084 2.1161, 0.8632 -0.0246 2.1161, 0.8539 -0.0542 2.1161, 0.8406 -0.076 2.1161, 0.823 -0.0934 2.1161, 0.8015 -0.1062 2.1161, 0.775 -0.1144 2.1161, 0.7418 -0.1175 2.1161, 0.697 -0.1175 2.1161, 0.5818 -0.0138 2.1122, 0.5818 -0.0445 2.1122, 0.5818 -0.0138 2.1161, 0.5818 -0.0445 2.1161, 0.4627 -0.0445 2.1122, 0.4627 -0.0445 2.1161, 0.4627 -0.0138 2.1122, 0.4627 -0.0138 2.1161, 0.3859 0.1629 2.1122, 0.4282 0.1629 2.1122, 0.3859 0.1629 2.1161, 0.4282 0.1629 2.1161, 0.3283 -0.0378 2.1122, 0.3283 -0.0378 2.1161, 0.3283 -0.0983 2.1161, 0.3283 -0.1521 2.1122, 0.3283 -0.1521 2.1161, 0.2861 -0.1521 2.1122, 0.2861 -0.1521 2.1161, 0.2861 -0.0983 2.1161, 0.2861 -0.0388 2.1122, 0.2861 -0.0388 2.1161, 0.1862 0.1629 2.1122, 0.1862 0.1629 2.1161, 0.2323 0.1629 2.1122, 0.2323 0.1629 2.1161, 0.3004 0.0211 2.1122, 0.3004 0.0211 2.1161, 0.3079 0.0006 2.1122, 0.3079 0.0006 2.1161, 0.3042 0.0108 2.1161, 0.3042 0.0108 2.1122, 0.3085 0.0006 2.1122, 0.3085 0.0006 2.1161, 0.3166 0.0209 2.1122, 0.3166 0.0209 2.1161, 0.3121 0.0109 2.1161, 0.3121 0.0109 2.1122, 0.1516 -0.0138 2.1122, 0.1516 -0.0445 2.1122, 0.1516 -0.0138 2.1161, 0.1516 -0.0445 2.1161, 0.0325 -0.0445 2.1122, 0.0325 -0.0445 2.1161, 0.0325 -0.0138 2.1122, 0.0325 -0.0138 2.1161, -0.0174 0.1629 2.1122, -0.0174 0.1283 2.1122, -0.0174 0.1629 2.1161, -0.0174 0.1283 2.1161, -0.1365 0.1283 2.1122, -0.1365 0.1283 2.1161, -0.1365 0.0208 2.1122, -0.1365 0.0208 2.1161, -0.0251 0.0208 2.1122, -0.0251 0.0208 2.1161, -0.0251 -0.0138 2.1122, -0.0251 -0.0138 2.1161, -0.1365 -0.0138 2.1122, -0.1365 -0.0138 2.1161, -0.1365 -0.0983 2.1161, -0.1365 -0.1521 2.1122, -0.1365 -0.1521 2.1161, -0.1787 -0.1521 2.1122, -0.1787 -0.1521 2.1161, -0.1787 -0.0983 2.1161, -0.1787 0.1629 2.1122, -0.1787 0.1629 2.1161, -0.2863 0.0793 2.1122, -0.2863 0.0793 2.1161, -0.2882 0.061 2.1161, -0.2882 0.061 2.1122, -0.2944 0.0438 2.1161, -0.2944 0.0438 2.1122, -0.3064 0.0265 2.1161, -0.3064 0.0265 2.1122, -0.3505 -0.0106 2.1161, -0.3505 -0.0106 2.1122, -0.3469 0.1321 2.1122, -0.3469 0.1321 2.1161, -0.3287 0.1304 2.1161, -0.3287 0.1304 2.1122, -0.3139 0.1255 2.1161, -0.3139 0.1255 2.1122, -0.3041 0.1193 2.1161, -0.3041 0.1193 2.1122, -0.2968 0.1122 2.1161, -0.2968 0.1122 2.1122, -0.2913 0.1034 2.1161, -0.2913 0.1034 2.1122, -0.2877 0.0929 2.1161, -0.2877 0.0929 2.1122, -0.4245 0.0939 2.1122, -0.4245 0.0939 2.1161, -0.4139 0.1041 2.1161, -0.4139 0.1041 2.1122, -0.3921 0.1194 2.1161, -0.3921 0.1194 2.1122, -0.3705 0.1287 2.1161, -0.3705 0.1287 2.1122, -0.4245 0.1324 2.1122, -0.4245 0.1324 2.1161, -0.343 0.1667 2.1122, -0.343 0.1667 2.1161, -0.3569 0.1661 2.1161, -0.3569 0.1661 2.1122, -0.3817 0.1608 2.1161, -0.3817 0.1608 2.1122, -0.403 0.1504 2.1161, -0.403 0.1504 2.1122, -0.2478 0.0823 2.1122, -0.2478 0.0823 2.1161, -0.2495 0.1011 2.1161, -0.2495 0.1011 2.1122, -0.2547 0.1179 2.1161, -0.2547 0.1179 2.1122, -0.2633 0.1325 2.1161, -0.2633 0.1325 2.1122, -0.276 0.1456 2.1161, -0.276 0.1456 2.1122, -0.2951 0.1574 2.1161, -0.2951 0.1574 2.1122, -0.3163 0.1642 2.1161, -0.3163 0.1642 2.1122, -0.3182 -0.0298 2.1122, -0.3182 -0.0298 2.1161, -0.3025 -0.0182 2.1161, -0.3025 -0.0182 2.1122, -0.2724 0.0103 2.1161, -0.2724 0.0103 2.1122, -0.2598 0.0293 2.1161, -0.2598 0.0293 2.1122, -0.2509 0.0534 2.1161, -0.2509 0.0534 2.1122, -0.3948 -0.1175 2.1122, -0.3948 -0.1175 2.1161, -0.3933 -0.1027 2.1161, -0.3933 -0.1027 2.1122, -0.3918 -0.0983 2.1161, -0.3895 -0.0914 2.1122, -0.3895 -0.0914 2.1161, -0.3826 -0.0808 2.1161, -0.3826 -0.0808 2.1122, -0.3674 -0.0658 2.1161, -0.3674 -0.0658 2.1122, -0.2402 -0.1175 2.1122, -0.2402 -0.1175 2.1161, -0.2402 -0.1521 2.1122, -0.2402 -0.1521 2.1161, -0.4361 -0.1521 2.1122, -0.4361 -0.1521 2.1161, -0.4361 -0.1365 2.1122, -0.4361 -0.1365 2.1161, -0.4255 -0.0835 2.1161, -0.4128 -0.0636 2.1122, -0.4128 -0.0636 2.1161, -0.387 -0.038 2.1122, -0.387 -0.038 2.1161, -0.3539 -0.013 2.1122, -0.3539 -0.013 2.1161, -0.4305 -0.0983 2.1161, -0.4333 -0.1068 2.1122, -0.4255 -0.0835 2.1122, -0.4333 -0.1068 2.1161, -0.4898 -0.0138 2.1122, -0.4898 -0.0445 2.1122, -0.4898 -0.0138 2.1161, -0.4898 -0.0445 2.1161, -0.6089 -0.0445 2.1122, -0.6089 -0.0445 2.1161, -0.6089 -0.0138 2.1122, -0.6089 -0.0138 2.1161, -0.7817 0.0118 2.1161, -0.7817 0.0118 2.1122, -0.6862 -0.0983 2.1161, -0.6396 -0.1521 2.1122, -0.6396 -0.1521 2.1161, -0.6934 -0.1521 2.1122, -0.6934 -0.1521 2.1161, -0.7383 -0.0983 2.1161, -0.8125 -0.0095 2.1122, -0.8125 -0.0095 2.1161, -0.8193 0.0023 2.1122, -0.8193 0.0023 2.1161, -0.8161 -0.0037 2.1161, -0.8161 -0.0037 2.1122, -0.8201 0.0023 2.1122, -0.8201 0.0023 2.1161, -0.8201 -0.0983 2.1161, -0.8201 -0.1521 2.1122, -0.8201 -0.1521 2.1161, -0.8624 -0.1521 2.1122, -0.8624 -0.1521 2.1161, -0.8624 -0.0983 2.1161, -0.8624 0.1629 2.1122, -0.8624 0.1629 2.1161, -0.8201 0.1629 2.1122, -0.8201 0.1629 2.1161, -0.8201 0.0152 2.1122, -0.8201 0.0152 2.1161, -0.8193 0.0152 2.1122, -0.8193 0.0152 2.1161, -0.8125 0.0268 2.1122, -0.8125 0.0268 2.1161, -0.8161 0.0211 2.1161, -0.8161 0.0211 2.1122, -0.6972 0.1629 2.1122, -0.6972 0.1629 2.1161, -0.6473 0.1629 2.1122, -0.6473 0.1629 2.1161, -0.9392 0.1542 2.1122, -0.9392 0.1197 2.1122, -0.9392 0.1542 2.1161, -0.9392 0.1197 2.1161, -0.9915 0.1321 2.1122, -0.9915 0.1321 2.1161, -0.9646 0.129 2.1161, -0.9646 0.129 2.1122, -1.0838 0.0027 2.1122, -1.0838 0.0027 2.1161, -1.0814 0.0362 2.1161, -1.0814 0.0362 2.1122, -1.0718 0.0725 2.1161, -1.0718 0.0725 2.1122, -1.0592 0.0961 2.1161, -1.0592 0.0961 2.1122, -1.0439 0.1132 2.1161, -1.0439 0.1132 2.1122, -1.0283 0.1238 2.1161, -1.0283 0.1238 2.1122, -1.0118 0.1298 2.1161, -1.0118 0.1298 2.1122, -1.0828 0.0027 2.1122, -1.0828 0.0027 2.1161, -1.0106 0.0476 2.1122, -1.0106 0.0476 2.1161, -1.027 0.0463 2.1161, -1.027 0.0463 2.1122, -1.0435 0.0416 2.1161, -1.0435 0.0416 2.1122, -1.0585 0.0329 2.1161, -1.0585 0.0329 2.1122, -1.0713 0.0206 2.1161, -1.0713 0.0206 2.1122, -0.92 -0.0501 2.1122, -0.92 -0.0501 2.1161, -0.9211 -0.0325 2.1161, -0.9211 -0.0325 2.1122, -0.9273 -0.0072 2.1161, -0.9273 -0.0072 2.1122, -0.9373 0.0118 2.1161, -0.9373 0.0118 2.1122, -0.9509 0.027 2.1161, -0.9509 0.027 2.1122, -0.9682 0.0386 2.1161, -0.9682 0.0386 2.1122, -0.987 0.0451 2.1161, -0.987 0.0451 2.1122, -0.923 -0.0785 2.1122, -1.0205 -0.1559 2.1122, -1.0205 -0.1559 2.1161, -0.9994 -0.1541 2.1161, -0.9994 -0.1541 2.1122, -0.9779 -0.1474 2.1161, -0.9779 -0.1474 2.1122, -0.9597 -0.1365 2.1161, -0.9597 -0.1365 2.1122, -0.9436 -0.1209 2.1161, -0.9436 -0.1209 2.1122, -0.931 -0.1014 2.1161, -0.931 -0.1014 2.1122, -0.9299 -0.0983 2.1161, -0.923 -0.0785 2.1161, -1.1236 -0.0133 2.1122, -1.1236 -0.0133 2.1161, -1.121 -0.052 2.1161, -1.121 -0.052 2.1122, -1.1108 -0.092 2.1161, -1.1108 -0.092 2.1122, -1.1074 -0.0983 2.1161, -1.0973 -0.1171 2.1122, -1.0973 -0.1171 2.1161, -1.0833 -0.1331 2.1161, -1.0833 -0.1331 2.1122, -1.0662 -0.1452 2.1161, -1.0662 -0.1452 2.1122, -1.0475 -0.1526 2.1161, -1.0475 -0.1526 2.1122, -0.9923 0.1667 2.1122, -0.9923 0.1667 2.1161, -1.0184 0.1641 2.1161, -1.0184 0.1641 2.1122, -1.0446 0.155 2.1161, -1.0446 0.155 2.1122, -1.0664 0.1407 2.1161, -1.0664 0.1407 2.1122, -1.0869 0.1188 2.1161, -1.0869 0.1188 2.1122, -1.1055 0.0866 2.1161, -1.1055 0.0866 2.1122, -1.1186 0.0436 2.1161, -1.1186 0.0436 2.1122, -0.9468 0.1584 2.1161, -0.9468 0.1584 2.1122, -0.9648 0.1642 2.1161, -0.9648 0.1642 2.1122, -1.081 -0.0401 2.1122, -1.0777 -0.0259 2.1122, -1.0535 -0.111 2.1122, -1.0626 -0.1024 2.1122, -1.0727 -0.0869 2.1122, -1.079 -0.069 2.1122, -1.0813 -0.0474 2.1122, -1.0707 -0.0122 2.1122, -1.0604 -0.0006 2.1122, -1.049 0.007 2.1122, -1.0369 0.0113 2.1122, -1.0212 0.0131 2.1122, -1.0113 0.0125 2.1122, -0.9988 0.0096 2.1122, -0.9886 0.0047 2.1122, -0.98 -0.0021 2.1122, -0.975 -0.0079 2.1122, -0.9684 -0.0197 2.1122, -0.9639 -0.0349 2.1122, -0.9623 -0.0543 2.1122, -0.9637 -0.0707 2.1122, -0.9679 -0.0854 2.1122, -0.9748 -0.098 2.1122, -0.9844 -0.1085 2.1122, -0.9946 -0.1154 2.1122, -1.0056 -0.1195 2.1122, -1.0208 -0.1214 2.1122, -1.0319 -0.1204 2.1122, -1.0435 -0.1169 2.1122, -1.0813 -0.0474 2.1161, -1.081 -0.0401 2.1161, -1.0777 -0.0259 2.1161, -1.0707 -0.0122 2.1161, -1.0604 -0.0006 2.1161, -1.049 0.007 2.1161, -1.0369 0.0113 2.1161, -1.0212 0.0131 2.1161, -1.0113 0.0125 2.1161, -0.9988 0.0096 2.1161, -0.9886 0.0047 2.1161, -0.98 -0.0021 2.1161, -0.975 -0.0079 2.1161, -0.9684 -0.0197 2.1161, -0.9639 -0.0349 2.1161, -0.9623 -0.0543 2.1161, -0.9637 -0.0707 2.1161, -0.9679 -0.0854 2.1161, -0.9748 -0.098 2.1161, -0.9844 -0.1085 2.1161, -0.9946 -0.1154 2.1161, -1.0056 -0.1195 2.1161, -1.0208 -0.1214 2.1161, -1.0319 -0.1204 2.1161, -1.0435 -0.1169 2.1161, -1.0535 -0.111 2.1161, -1.0626 -0.1024 2.1161, -1.0727 -0.0869 2.1161, -1.079 -0.069 2.1161, -1.1774 0.0131 2.1161, -1.1774 0.0131 2.1122, -1.1774 -0.0983 2.1161, -1.1774 -0.1295 2.1122, -1.1774 -0.1295 2.1161, -1.2835 -0.1559 2.1122, -1.2835 -0.1559 2.1161, -1.2287 -0.1497 2.1161, -1.2287 -0.1497 2.1122, -1.4347 0.0012 2.1122, -1.4347 0.0012 2.1161, -1.4324 -0.0313 2.1161, -1.4324 -0.0313 2.1122, -1.4235 -0.0654 2.1161, -1.4235 -0.0654 2.1122, -1.4072 -0.0961 2.1161, -1.4072 -0.0961 2.1122, -1.4052 -0.0983 2.1161, -1.384 -0.1217 2.1122, -1.384 -0.1217 2.1161, -1.3547 -0.1409 2.1161, -1.3547 -0.1409 2.1122, -1.3233 -0.1518 2.1161, -1.3233 -0.1518 2.1122, -1.271 0.1667 2.1122, -1.271 0.1667 2.1161, -1.301 0.1645 2.1161, -1.301 0.1645 2.1122, -1.3367 0.1549 2.1161, -1.3367 0.1549 2.1122, -1.3677 0.1381 2.1161, -1.3677 0.1381 2.1122, -1.3954 0.113 2.1161, -1.3954 0.113 2.1122, -1.4174 0.0804 2.1161, -1.4174 0.0804 2.1122, -1.4299 0.0453 2.1161, -1.4299 0.0453 2.1122, -1.185 0.1504 2.1122, -1.185 0.1504 2.1161, -1.2271 0.1632 2.1161, -1.2271 0.1632 2.1122, -1.185 0.1081 2.1122, -1.185 0.1081 2.1161, -1.2748 0.1321 2.1122, -1.2748 0.1321 2.1161, -1.2578 0.1315 2.1161, -1.2578 0.1315 2.1122, -1.2193 0.1241 2.1161, -1.2193 0.1241 2.1122, -1.3925 0.0039 2.1122, -1.3925 0.0039 2.1161, -1.3908 0.0287 2.1161, -1.3908 0.0287 2.1122, -1.3838 0.0571 2.1161, -1.3838 0.0571 2.1122, -1.3706 0.0828 2.1161, -1.3706 0.0828 2.1122, -1.3512 0.1047 2.1161, -1.3512 0.1047 2.1122, -1.3294 0.1196 2.1161, -1.3294 0.1196 2.1122, -1.3056 0.1285 2.1161, -1.3056 0.1285 2.1122, -1.2801 -0.1214 2.1122, -1.2801 -0.1214 2.1161, -1.3111 -0.118 2.1161, -1.3111 -0.118 2.1122, -1.333 -0.1102 2.1161, -1.333 -0.1102 2.1122, -1.3515 -0.0983 2.1161, -1.3518 -0.0982 2.1122, -1.3518 -0.0982 2.1161, -1.369 -0.0801 2.1161, -1.369 -0.0801 2.1122, -1.3813 -0.0585 2.1161, -1.3813 -0.0585 2.1122, -1.3894 -0.0311 2.1161, -1.3894 -0.0311 2.1122, -1.2196 -0.1074 2.1122, -1.2196 -0.1074 2.1161, -1.2234 -0.1094 2.1161, -1.2234 -0.1094 2.1122, -1.2489 -0.1183 2.1161, -1.2489 -0.1183 2.1122, -1.2196 -0.0215 2.1122, -1.2196 -0.0215 2.1161, -1.2196 -0.0983 2.1161, -1.2887 -0.0215 2.1122, -1.2887 -0.0215 2.1161, -1.2887 0.0131 2.1122, -1.2887 0.0131 2.1161
            ]
        }
        coordIndex [
            0,1,2,-1,0,2,3,-1,3,2,4,-1,3,4,5,-1,5,4,6,-1,5,6,7,-1,7,6,8,-1,7,8,9,-1,9,8,10,-1,9,10,11,-1,11,10,12,-1,11,12,13,-1,13,12,14,-1,13,14,15,-1,1,0,16,-1,17,18,19,-1,17,19,20,-1,20,19,21,-1,20,21,22,-1,22,21,23,-1,22,23,24,-1,24,23,25,-1,24,25,26,-1,26,25,27,-1,26,27,28,-1,28,27,29,-1,28,29,16,-1,16,29,30,-1,16,30,1,-1,31,32,33,-1,31,33,34,-1,34,33,35,-1,34,35,36,-1,36,35,18,-1,36,18,17,-1,31,37,32,-1,32,37,38,-1,39,40,41,-1,39,41,42,-1,42,41,38,-1,42,38,37,-1,43,44,45,-1,43,45,46,-1,46,45,47,-1,46,47,48,-1,48,47,49,-1,48,49,50,-1,50,49,51,-1,50,51,52,-1,51,53,52,-1,52,53,54,-1,52,54,55,-1,55,54,56,-1,55,56,57,-1,57,56,40,-1,57,40,39,-1,58,59,60,-1,58,60,61,-1,61,60,62,-1,61,62,63,-1,63,62,64,-1,63,64,65,-1,65,64,66,-1,65,66,67,-1,67,66,68,-1,67,68,69,-1,69,68,70,-1,69,70,71,-1,71,70,44,-1,71,44,43,-1,72,73,74,-1,72,74,75,-1,75,74,59,-1,75,59,58,-1,72,76,73,-1,73,76,77,-1,76,78,77,-1,77,78,79,-1,78,80,79,-1,79,80,81,-1,80,82,81,-1,81,82,83,-1,82,84,83,-1,83,84,85,-1,84,15,85,-1,85,15,14,-1,80,78,82,-1,82,78,76,-1,82,76,84,-1,76,72,84,-1,84,72,75,-1,84,75,15,-1,15,75,58,-1,15,58,13,-1,13,58,61,-1,13,61,11,-1,11,61,63,-1,11,63,9,-1,9,63,65,-1,9,65,7,-1,7,65,67,-1,7,67,5,-1,5,67,69,-1,5,69,3,-1,3,69,71,-1,3,71,0,-1,0,71,43,-1,0,43,16,-1,16,43,46,-1,16,46,28,-1,28,46,48,-1,28,48,26,-1,26,48,50,-1,26,50,24,-1,24,50,52,-1,24,52,22,-1,22,52,55,-1,22,55,20,-1,20,55,57,-1,20,57,17,-1,17,57,39,-1,17,39,36,-1,36,39,42,-1,36,42,34,-1,34,42,37,-1,34,37,31,-1,86,87,88,-1,88,87,89,-1,90,91,92,-1,90,92,93,-1,93,92,94,-1,93,94,95,-1,95,94,89,-1,95,89,87,-1,96,97,98,-1,98,97,99,-1,98,99,100,-1,101,102,96,-1,96,102,103,-1,96,103,97,-1,101,104,102,-1,102,104,105,-1,102,105,106,-1,106,105,107,-1,106,107,108,-1,108,107,109,-1,108,109,110,-1,110,109,91,-1,110,91,90,-1,111,112,113,-1,111,113,114,-1,114,113,115,-1,114,115,116,-1,116,115,117,-1,116,117,118,-1,118,117,119,-1,118,119,120,-1,120,119,121,-1,120,121,122,-1,122,121,123,-1,122,123,124,-1,124,123,100,-1,124,100,99,-1,125,126,127,-1,125,127,128,-1,128,127,112,-1,128,112,111,-1,125,129,126,-1,126,129,130,-1,131,132,133,-1,131,133,134,-1,134,133,130,-1,134,130,129,-1,135,136,137,-1,135,137,138,-1,138,137,139,-1,138,139,140,-1,140,139,141,-1,140,141,142,-1,142,141,143,-1,142,143,144,-1,144,143,145,-1,144,145,146,-1,146,145,147,-1,146,147,148,-1,148,147,132,-1,148,132,131,-1,149,150,151,-1,151,150,152,-1,151,152,153,-1,154,155,149,-1,149,155,156,-1,149,156,150,-1,154,157,155,-1,155,157,158,-1,155,158,159,-1,159,158,160,-1,159,160,161,-1,161,160,162,-1,161,162,163,-1,163,162,136,-1,163,136,135,-1,86,88,164,-1,86,164,165,-1,165,164,166,-1,165,166,167,-1,167,166,153,-1,167,153,152,-1,150,90,152,-1,152,90,93,-1,152,93,167,-1,167,93,95,-1,167,95,165,-1,165,95,87,-1,165,87,86,-1,129,125,134,-1,134,125,128,-1,134,128,131,-1,131,128,111,-1,131,111,148,-1,148,111,114,-1,148,114,146,-1,146,114,116,-1,146,116,144,-1,144,116,118,-1,144,118,142,-1,142,118,120,-1,142,120,140,-1,140,120,122,-1,140,122,138,-1,138,122,124,-1,138,124,135,-1,135,124,99,-1,135,99,163,-1,163,99,97,-1,163,97,161,-1,161,97,103,-1,161,103,159,-1,159,103,102,-1,159,102,155,-1,155,102,106,-1,155,106,156,-1,156,106,108,-1,156,108,150,-1,150,108,110,-1,150,110,90,-1,168,169,170,-1,170,169,171,-1,171,169,172,-1,172,169,173,-1,172,173,174,-1,173,175,174,-1,174,175,176,-1,177,178,179,-1,177,179,180,-1,180,179,181,-1,180,181,182,-1,182,181,183,-1,182,183,184,-1,184,183,185,-1,184,185,186,-1,186,185,187,-1,186,187,188,-1,188,187,189,-1,188,189,190,-1,190,189,191,-1,190,191,192,-1,192,191,176,-1,192,176,175,-1,193,194,195,-1,195,194,196,-1,195,196,197,-1,197,196,168,-1,197,168,170,-1,198,199,193,-1,193,199,200,-1,193,200,194,-1,198,201,199,-1,199,201,202,-1,199,202,203,-1,203,202,204,-1,203,204,205,-1,205,204,178,-1,205,178,177,-1,182,184,206,-1,206,184,186,-1,206,186,207,-1,207,186,188,-1,207,188,208,-1,208,188,190,-1,208,190,209,-1,209,190,192,-1,209,192,210,-1,210,192,175,-1,210,175,211,-1,211,175,173,-1,211,173,212,-1,212,173,169,-1,212,169,213,-1,213,169,168,-1,213,168,214,-1,214,168,196,-1,214,196,215,-1,215,196,194,-1,215,194,216,-1,216,194,200,-1,216,200,217,-1,217,200,199,-1,217,199,218,-1,218,199,203,-1,218,203,219,-1,219,203,205,-1,219,205,220,-1,220,205,177,-1,220,177,221,-1,221,177,180,-1,221,180,222,-1,222,180,182,-1,222,182,206,-1,210,211,223,-1,223,211,224,-1,210,223,225,-1,210,225,209,-1,209,225,226,-1,209,226,208,-1,208,226,227,-1,208,227,207,-1,207,227,228,-1,207,228,206,-1,206,228,229,-1,206,229,222,-1,222,229,230,-1,222,230,221,-1,221,230,231,-1,221,231,220,-1,220,231,232,-1,220,232,219,-1,219,232,233,-1,219,233,218,-1,218,233,234,-1,218,234,217,-1,217,234,235,-1,217,235,216,-1,216,235,236,-1,216,236,215,-1,215,236,237,-1,215,237,214,-1,214,237,238,-1,214,238,213,-1,212,213,239,-1,239,213,238,-1,211,212,224,-1,224,212,239,-1,240,241,242,-1,242,241,243,-1,241,244,243,-1,243,244,245,-1,244,246,245,-1,245,246,247,-1,246,240,247,-1,247,240,242,-1,246,244,240,-1,240,244,241,-1,248,249,250,-1,250,249,251,-1,249,252,251,-1,251,252,253,-1,253,252,254,-1,254,252,255,-1,254,255,256,-1,255,257,256,-1,256,257,258,-1,258,257,259,-1,259,257,260,-1,259,260,261,-1,260,262,261,-1,261,262,263,-1,262,264,263,-1,263,264,265,-1,264,266,265,-1,265,266,267,-1,268,269,270,-1,268,270,271,-1,271,270,267,-1,271,267,266,-1,268,272,269,-1,269,272,273,-1,274,275,276,-1,274,276,277,-1,277,276,273,-1,277,273,272,-1,274,248,275,-1,275,248,250,-1,252,249,248,-1,248,274,252,-1,252,274,277,-1,252,277,272,-1,272,268,252,-1,252,268,260,-1,252,260,255,-1,255,260,257,-1,264,262,266,-1,266,262,260,-1,266,260,271,-1,271,260,268,-1,278,279,280,-1,280,279,281,-1,279,282,281,-1,281,282,283,-1,282,284,283,-1,283,284,285,-1,284,278,285,-1,285,278,280,-1,284,282,278,-1,278,282,279,-1,286,287,288,-1,288,287,289,-1,287,290,289,-1,289,290,291,-1,290,292,291,-1,291,292,293,-1,292,294,293,-1,293,294,295,-1,294,296,295,-1,295,296,297,-1,296,298,297,-1,297,298,299,-1,299,298,300,-1,300,298,301,-1,300,301,302,-1,301,303,302,-1,302,303,304,-1,304,303,305,-1,305,303,306,-1,305,306,307,-1,306,286,307,-1,307,286,288,-1,306,303,298,-1,298,303,301,-1,287,286,290,-1,290,286,306,-1,290,306,292,-1,292,306,298,-1,292,298,294,-1,294,298,296,-1,308,309,310,-1,308,310,311,-1,311,310,312,-1,311,312,313,-1,313,312,314,-1,313,314,315,-1,315,314,316,-1,315,316,317,-1,318,319,320,-1,318,320,321,-1,321,320,322,-1,321,322,323,-1,323,322,324,-1,323,324,325,-1,325,324,326,-1,325,326,327,-1,327,326,328,-1,327,328,329,-1,329,328,330,-1,329,330,331,-1,331,330,309,-1,331,309,308,-1,332,333,334,-1,332,334,335,-1,335,334,336,-1,335,336,337,-1,337,336,338,-1,337,338,339,-1,339,338,319,-1,339,319,318,-1,332,340,333,-1,333,340,341,-1,342,343,344,-1,342,344,345,-1,345,344,346,-1,345,346,347,-1,347,346,348,-1,347,348,349,-1,349,348,341,-1,349,341,340,-1,350,351,352,-1,350,352,353,-1,353,352,354,-1,353,354,355,-1,355,354,356,-1,355,356,357,-1,357,356,358,-1,357,358,359,-1,359,358,360,-1,359,360,361,-1,361,360,362,-1,361,362,363,-1,363,362,343,-1,363,343,342,-1,364,365,366,-1,364,366,367,-1,367,366,368,-1,367,368,369,-1,369,368,370,-1,369,370,371,-1,371,370,372,-1,371,372,373,-1,373,372,351,-1,373,351,350,-1,374,375,376,-1,374,376,377,-1,377,376,378,-1,377,378,379,-1,378,380,379,-1,379,380,381,-1,379,381,382,-1,382,381,383,-1,382,383,384,-1,384,383,365,-1,384,365,364,-1,374,385,375,-1,375,385,386,-1,385,387,386,-1,386,387,388,-1,387,389,388,-1,388,389,390,-1,389,391,390,-1,390,391,392,-1,393,394,395,-1,395,394,396,-1,395,396,397,-1,397,396,398,-1,397,398,399,-1,399,398,317,-1,399,317,316,-1,400,401,393,-1,393,401,402,-1,393,402,394,-1,400,403,401,-1,401,403,392,-1,401,392,391,-1,387,385,389,-1,389,385,374,-1,318,345,339,-1,339,345,347,-1,339,347,337,-1,337,347,349,-1,337,349,335,-1,335,349,340,-1,335,340,332,-1,315,317,364,-1,364,317,398,-1,364,398,384,-1,384,398,396,-1,384,396,382,-1,382,396,394,-1,382,394,379,-1,379,394,402,-1,379,402,377,-1,377,402,401,-1,377,401,374,-1,374,401,391,-1,374,391,389,-1,364,367,315,-1,315,367,369,-1,315,369,313,-1,313,369,371,-1,313,371,311,-1,311,371,373,-1,311,373,308,-1,308,373,350,-1,308,350,331,-1,331,350,353,-1,331,353,329,-1,329,353,355,-1,329,355,327,-1,327,355,357,-1,327,357,325,-1,325,357,359,-1,325,359,323,-1,323,359,361,-1,323,361,321,-1,321,361,363,-1,321,363,318,-1,318,363,342,-1,318,342,345,-1,404,405,406,-1,406,405,407,-1,405,408,407,-1,407,408,409,-1,408,410,409,-1,409,410,411,-1,410,404,411,-1,411,404,406,-1,410,408,404,-1,404,408,405,-1,412,413,414,-1,414,413,415,-1,414,415,416,-1,415,417,416,-1,416,417,418,-1,418,417,419,-1,419,417,420,-1,419,420,421,-1,422,423,424,-1,422,424,425,-1,425,424,421,-1,425,421,420,-1,422,426,423,-1,423,426,427,-1,427,426,428,-1,428,426,429,-1,428,429,430,-1,429,431,430,-1,430,431,432,-1,432,431,433,-1,433,431,434,-1,433,434,435,-1,434,436,435,-1,435,436,437,-1,436,438,437,-1,437,438,439,-1,438,440,439,-1,439,440,441,-1,442,443,444,-1,442,444,445,-1,445,444,441,-1,445,441,440,-1,442,446,443,-1,443,446,447,-1,446,448,447,-1,447,448,449,-1,448,413,449,-1,449,413,412,-1,440,438,413,-1,436,434,438,-1,438,434,431,-1,431,429,426,-1,440,413,445,-1,431,426,438,-1,438,426,422,-1,438,422,413,-1,417,415,420,-1,420,415,413,-1,420,413,425,-1,425,413,422,-1,448,446,413,-1,413,446,442,-1,413,442,445,-1,450,451,452,-1,452,451,453,-1,454,455,456,-1,454,456,457,-1,457,456,453,-1,457,453,451,-1,458,459,460,-1,458,460,461,-1,461,460,462,-1,461,462,463,-1,463,462,464,-1,463,464,465,-1,465,464,466,-1,465,466,467,-1,467,466,468,-1,467,468,469,-1,469,468,470,-1,469,470,471,-1,471,470,455,-1,471,455,454,-1,458,472,459,-1,459,472,473,-1,474,475,476,-1,474,476,477,-1,477,476,478,-1,477,478,479,-1,479,478,480,-1,479,480,481,-1,481,480,482,-1,481,482,483,-1,483,482,473,-1,483,473,472,-1,484,485,486,-1,484,486,487,-1,487,486,488,-1,487,488,489,-1,489,488,490,-1,489,490,491,-1,491,490,492,-1,491,492,493,-1,493,492,494,-1,493,494,495,-1,495,494,496,-1,495,496,497,-1,497,496,475,-1,497,475,474,-1,485,484,498,-1,499,500,501,-1,499,501,502,-1,502,501,503,-1,502,503,504,-1,504,503,505,-1,504,505,506,-1,506,505,507,-1,506,507,508,-1,508,507,509,-1,508,509,510,-1,510,509,511,-1,510,511,498,-1,498,511,512,-1,498,512,485,-1,513,514,515,-1,513,515,516,-1,516,515,517,-1,516,517,518,-1,518,517,519,-1,518,519,520,-1,519,521,520,-1,520,521,522,-1,520,522,523,-1,523,522,524,-1,523,524,525,-1,525,524,526,-1,525,526,527,-1,527,526,500,-1,527,500,499,-1,528,529,530,-1,528,530,531,-1,531,530,532,-1,531,532,533,-1,533,532,534,-1,533,534,535,-1,535,534,536,-1,535,536,537,-1,537,536,538,-1,537,538,539,-1,539,538,540,-1,539,540,541,-1,541,540,514,-1,541,514,513,-1,450,452,542,-1,450,542,543,-1,543,542,544,-1,543,544,545,-1,545,544,529,-1,545,529,528,-1,546,547,516,-1,513,458,461,-1,451,450,543,-1,451,543,457,-1,457,543,545,-1,457,545,454,-1,454,545,528,-1,454,528,471,-1,471,528,531,-1,471,531,469,-1,469,531,533,-1,469,533,467,-1,467,533,535,-1,467,535,465,-1,465,535,537,-1,465,537,463,-1,463,537,539,-1,463,539,461,-1,461,539,541,-1,461,541,513,-1,525,548,523,-1,523,548,549,-1,523,549,520,-1,520,549,550,-1,520,550,518,-1,518,550,551,-1,518,551,516,-1,516,551,552,-1,516,552,546,-1,513,516,458,-1,458,516,547,-1,458,547,472,-1,472,547,553,-1,472,553,483,-1,483,553,554,-1,483,554,481,-1,481,554,555,-1,481,555,479,-1,479,555,556,-1,479,556,477,-1,477,556,557,-1,477,557,474,-1,474,557,558,-1,474,558,497,-1,497,558,559,-1,497,559,495,-1,495,559,560,-1,495,560,493,-1,493,560,561,-1,493,561,491,-1,491,561,562,-1,491,562,489,-1,489,562,563,-1,489,563,487,-1,487,563,564,-1,487,564,484,-1,484,564,565,-1,484,565,498,-1,498,565,566,-1,498,566,510,-1,510,566,567,-1,510,567,508,-1,508,567,568,-1,508,568,506,-1,506,568,569,-1,506,569,504,-1,504,569,570,-1,504,570,502,-1,502,570,571,-1,502,571,499,-1,499,571,572,-1,499,572,527,-1,527,572,573,-1,527,573,525,-1,525,573,574,-1,525,574,548,-1,552,575,576,-1,552,576,546,-1,546,576,577,-1,546,577,547,-1,547,577,578,-1,547,578,553,-1,553,578,579,-1,553,579,554,-1,554,579,580,-1,554,580,555,-1,555,580,581,-1,555,581,556,-1,556,581,582,-1,556,582,557,-1,557,582,583,-1,557,583,558,-1,558,583,584,-1,558,584,559,-1,559,584,585,-1,559,585,560,-1,560,585,586,-1,560,586,561,-1,561,586,587,-1,561,587,562,-1,562,587,588,-1,562,588,563,-1,563,588,589,-1,563,589,564,-1,564,589,590,-1,564,590,565,-1,565,590,591,-1,565,591,566,-1,566,591,592,-1,566,592,567,-1,567,592,593,-1,567,593,568,-1,568,593,594,-1,568,594,569,-1,569,594,595,-1,569,595,570,-1,570,595,596,-1,570,596,571,-1,571,596,597,-1,571,597,572,-1,572,597,598,-1,572,598,573,-1,573,598,599,-1,573,599,574,-1,574,599,600,-1,574,600,548,-1,548,600,601,-1,548,601,549,-1,549,601,602,-1,549,602,550,-1,550,602,603,-1,550,603,551,-1,551,603,575,-1,551,575,552,-1,604,605,606,-1,606,605,607,-1,606,607,608,-1,609,610,611,-1,609,611,612,-1,612,611,608,-1,612,608,607,-1,613,614,615,-1,613,615,616,-1,616,615,617,-1,616,617,618,-1,618,617,619,-1,618,619,620,-1,620,619,621,-1,620,621,622,-1,621,623,622,-1,622,623,624,-1,622,624,625,-1,625,624,626,-1,625,626,627,-1,627,626,610,-1,627,610,609,-1,628,629,630,-1,628,630,631,-1,631,630,632,-1,631,632,633,-1,633,632,634,-1,633,634,635,-1,635,634,636,-1,635,636,637,-1,637,636,638,-1,637,638,639,-1,639,638,640,-1,639,640,641,-1,641,640,614,-1,641,614,613,-1,642,643,644,-1,642,644,645,-1,645,644,629,-1,645,629,628,-1,642,646,643,-1,643,646,647,-1,648,649,650,-1,648,650,651,-1,651,650,652,-1,651,652,653,-1,653,652,647,-1,653,647,646,-1,654,655,656,-1,654,656,657,-1,657,656,658,-1,657,658,659,-1,659,658,660,-1,659,660,661,-1,661,660,662,-1,661,662,663,-1,663,662,664,-1,663,664,665,-1,665,664,666,-1,665,666,667,-1,667,666,649,-1,667,649,648,-1,668,669,670,-1,668,670,671,-1,671,670,672,-1,671,672,673,-1,673,672,674,-1,673,674,675,-1,674,676,675,-1,675,676,677,-1,675,677,678,-1,678,677,679,-1,678,679,680,-1,680,679,681,-1,680,681,682,-1,682,681,655,-1,682,655,654,-1,683,684,685,-1,683,685,686,-1,686,685,687,-1,686,687,688,-1,688,687,669,-1,688,669,668,-1,689,690,683,-1,683,690,691,-1,683,691,684,-1,689,692,690,-1,690,692,693,-1,692,694,693,-1,693,694,695,-1,694,605,695,-1,695,605,604,-1,694,692,605,-1,605,692,689,-1,605,689,607,-1,607,689,683,-1,607,683,612,-1,646,642,653,-1,653,642,645,-1,653,645,651,-1,651,645,628,-1,683,686,612,-1,612,686,688,-1,612,688,609,-1,609,688,668,-1,609,668,627,-1,627,668,671,-1,627,671,625,-1,625,671,673,-1,625,673,622,-1,622,673,675,-1,622,675,620,-1,620,675,678,-1,620,678,618,-1,618,678,680,-1,618,680,616,-1,616,680,682,-1,616,682,613,-1,613,682,654,-1,613,654,641,-1,641,654,657,-1,641,657,639,-1,639,657,659,-1,639,659,637,-1,637,659,661,-1,637,661,635,-1,635,661,663,-1,635,663,633,-1,633,663,665,-1,633,665,631,-1,631,665,667,-1,631,667,628,-1,628,667,648,-1,628,648,651,-1,
        ]
    }
}
Shape{
    appearance Appearance {
        material  Material 	{
            diffuseColor 0.8431372549019608 0.8156862745098039 0.7529411764705882
            specularColor 0.4235294117647059 0.40784313725490196 0.3764705882352941
            ambientIntensity 0.8167
            transparency 0.0
            shininess 0.5
        }
    }
    geometry IndexedFaceSet {
        ccw TRUE
        solid FALSE
        coord DEF co Coordinate {
            point [
                0.697 0.1283 2.1161, 0.697 -0.1175 2.1161, 0.7435 0.1283 2.1161, 0.7418 -0.1175 2.1161, 0.775 -0.1144 2.1161, 0.866 0.0084 2.1161, 0.8634 0.0398 2.1161, 0.856 0.0647 2.1161, 0.7808 0.1243 2.1161, 0.8015 -0.1062 2.1161, 0.823 -0.0934 2.1161, 0.8406 -0.076 2.1161, 0.8539 -0.0542 2.1161, 0.8632 -0.0246 2.1161, 0.8451 0.0841 2.1161, 0.8298 0.1004 2.1161, 0.8068 0.1152 2.1161, -0.9623 -0.0543 2.1161, -0.9639 -0.0349 2.1161, -1.0813 -0.0474 2.1161, -0.9684 -0.0197 2.1161, -0.975 -0.0079 2.1161, -0.98 -0.0021 2.1161, -0.9886 0.0047 2.1161, -0.9988 0.0096 2.1161, -1.0727 -0.0869 2.1161, -1.0626 -0.1024 2.1161, -0.9637 -0.0707 2.1161, -0.9679 -0.0854 2.1161, -1.0208 -0.1214 2.1161, -1.0319 -0.1204 2.1161, -1.0113 0.0125 2.1161, -1.0212 0.0131 2.1161, -1.081 -0.0401 2.1161, -1.0369 0.0113 2.1161, -1.049 0.007 2.1161, -1.079 -0.069 2.1161, -1.0535 -0.111 2.1161, -1.0435 -0.1169 2.1161, -1.0056 -0.1195 2.1161, -0.9946 -0.1154 2.1161, -0.9844 -0.1085 2.1161, -1.0604 -0.0006 2.1161, -1.0707 -0.0122 2.1161, -1.0777 -0.0259 2.1161, -0.9748 -0.098 2.1161, -1.9331 1.2795 0.2657, -1.6378 1.2795 0.2657, -1.6378 1.1614 0.2657, -1.9724 0.9646 0.2657, -1.9724 1.2402 0.2657, -1.9711 1.2503 0.2657, -1.9433 1.2782 0.2657, -1.3622 1.2795 0.2657, -0.378 1.2795 0.2657, -1.3622 1.1614 0.2657, -0.378 1.1614 0.2657, 1.9646 0.9646 0.2657, -0.1024 1.1614 0.2657, -1.9672 1.2598 0.2657, -1.9609 1.268 0.2657, -1.9528 1.2743 0.2657, 0.7638 1.1614 0.2657, 0.7638 1.2795 0.2657, 1.3543 1.2795 0.2657, 1.3543 1.1614 0.2657, 0.4882 1.1614 0.2657, 0.4882 1.2795 0.2657, -0.1024 1.2795 0.2657, 1.6299 1.1614 0.2657, 1.6299 1.2795 0.2657, 1.9252 1.2795 0.2657, 1.9354 1.2782 0.2657, 1.9632 1.2503 0.2657, 1.9646 1.2402 0.2657, 1.9449 1.2743 0.2657, 1.953 1.268 0.2657, 1.9593 1.2598 0.2657, -1.9724 -0.9646 0.2657, -1.9724 -0.7677 0.0689, 1.9646 -0.9646 0.2657, 1.9646 -0.7677 0.0689, -1.9724 0.7677 0.0689, 1.9646 0.7677 0.0689, 1.3543 -1.1614 0.2657, 1.3543 -1.1614 0.6988, 1.3543 -1.2795 0.2657, 1.3543 -1.2795 0.6988, 1.5905 -1.1614 0.6988, 1.6299 -1.1614 0.6988, 1.5905 -1.1909 0.6988, 1.6299 -1.2795 0.6988, 1.3937 -1.1909 0.6988, 1.3937 -1.1614 0.6988, 1.6299 -1.1614 0.2657, 1.6299 -1.2795 0.2657, 1.5905 -1.1614 0.6398, 1.3937 -1.1614 0.6398, 0.4882 -1.1614 0.2657, 0.4882 -1.1614 0.6988, 0.4882 -1.2795 0.2657, 0.4882 -1.2795 0.6988, 0.7244 -1.1614 0.6988, 0.7638 -1.1614 0.6988, 0.7244 -1.1909 0.6988, 0.7638 -1.2795 0.6988, 0.5276 -1.1909 0.6988, 0.5276 -1.1614 0.6988, 0.7638 -1.1614 0.2657, 0.7638 -1.2795 0.2657, 0.7244 -1.1614 0.6398, 0.5276 -1.1614 0.6398, -0.378 -1.1614 0.2657, -0.378 -1.1614 0.6988, -0.378 -1.2795 0.2657, -0.378 -1.2795 0.6988, -0.1417 -1.1614 0.6988, -0.1024 -1.1614 0.6988, -0.1417 -1.1909 0.6988, -0.1024 -1.2795 0.6988, -0.3386 -1.1909 0.6988, -0.3386 -1.1614 0.6988, -0.1024 -1.1614 0.2657, -0.1024 -1.2795 0.2657, -0.1417 -1.1614 0.6398, -0.3386 -1.1614 0.6398, -1.6378 -1.1614 0.2657, -1.6378 -1.1614 0.6988, -1.6378 -1.2795 0.2657, -1.6378 -1.2795 0.6988, -1.4095 -1.1614 0.6988, -1.3622 -1.1614 0.6988, -1.4095 -1.1909 0.6988, -1.3622 -1.2795 0.6988, -1.6063 -1.1909 0.6988, -1.6063 -1.1614 0.6988, -1.3622 -1.1614 0.2657, -1.3622 -1.2795 0.2657, -1.4095 -1.1614 0.6398, -1.6063 -1.1614 0.6398, 1.3543 1.1614 0.6988, 1.3543 1.2795 0.6988, 1.6299 1.1614 0.6988, 1.6299 1.2795 0.6988, 1.3937 1.1614 0.6988, 1.3937 1.1909 0.6988, 1.5905 1.1909 0.6988, 1.5905 1.1614 0.6988, 1.3937 1.1614 0.6398, 1.5905 1.1614 0.6398, 0.4882 1.1614 0.6988, 0.4882 1.2795 0.6988, 0.7638 1.1614 0.6988, 0.7638 1.2795 0.6988, 0.5276 1.1614 0.6988, 0.5276 1.1909 0.6988, 0.7244 1.1909 0.6988, 0.7244 1.1614 0.6988, 0.5276 1.1614 0.6398, 0.7244 1.1614 0.6398, -0.378 1.1614 0.6988, -0.378 1.2795 0.6988, -0.1024 1.1614 0.6988, -0.1024 1.2795 0.6988, -0.3386 1.1614 0.6988, -0.3386 1.1909 0.6988, -0.1417 1.1909 0.6988, -0.1417 1.1614 0.6988, -0.3386 1.1614 0.6398, -0.1417 1.1614 0.6398, -1.6378 1.1614 0.6988, -1.6378 1.2795 0.6988, -1.3622 1.1614 0.6988, -1.3622 1.2795 0.6988, -1.6063 1.1614 0.6988, -1.6063 1.1909 0.6988, -1.4095 1.1909 0.6988, -1.4095 1.1614 0.6988, -1.6063 1.1614 0.6398, -1.4095 1.1614 0.6398
            ]
        }
        coordIndex [
            0,1,2,-1,2,1,3,-1,2,3,4,-1,5,6,2,-1,2,6,7,-1,2,7,8,-1,4,9,2,-1,2,9,10,-1,2,10,11,-1,11,12,2,-1,2,12,13,-1,2,13,5,-1,14,15,7,-1,7,15,16,-1,7,16,8,-1,17,18,19,-1,19,18,20,-1,19,20,21,-1,21,22,19,-1,19,22,23,-1,19,23,24,-1,25,26,27,-1,28,27,29,-1,29,27,30,-1,24,31,19,-1,19,31,32,-1,19,32,33,-1,33,32,34,-1,33,34,35,-1,17,19,27,-1,27,19,36,-1,27,36,25,-1,26,37,27,-1,27,37,38,-1,27,38,30,-1,39,40,41,-1,35,42,33,-1,33,42,43,-1,33,43,44,-1,39,41,29,-1,29,41,45,-1,29,45,28,-1,46,47,48,-1,49,50,46,-1,46,50,51,-1,46,51,52,-1,53,54,55,-1,55,54,56,-1,46,48,49,-1,49,48,55,-1,49,55,57,-1,57,55,56,-1,57,56,58,-1,59,60,51,-1,51,60,61,-1,51,61,52,-1,62,63,64,-1,64,65,62,-1,62,65,57,-1,62,57,66,-1,66,57,58,-1,66,58,67,-1,67,58,68,-1,65,69,57,-1,57,69,70,-1,57,70,71,-1,72,73,71,-1,71,73,74,-1,71,74,57,-1,72,75,73,-1,73,75,76,-1,73,76,77,-1,78,79,80,-1,80,79,81,-1,82,49,83,-1,83,49,57,-1,84,85,86,-1,86,85,87,-1,88,89,90,-1,90,89,91,-1,90,91,92,-1,92,91,87,-1,92,87,93,-1,93,87,85,-1,89,94,91,-1,91,94,95,-1,89,88,96,-1,93,85,97,-1,97,85,84,-1,97,84,96,-1,96,84,94,-1,96,94,89,-1,98,99,100,-1,100,99,101,-1,102,103,104,-1,104,103,105,-1,104,105,106,-1,106,105,101,-1,106,101,107,-1,107,101,99,-1,103,108,105,-1,105,108,109,-1,103,102,110,-1,107,99,111,-1,111,99,98,-1,111,98,110,-1,110,98,108,-1,110,108,103,-1,112,113,114,-1,114,113,115,-1,116,117,118,-1,118,117,119,-1,118,119,120,-1,120,119,115,-1,120,115,121,-1,121,115,113,-1,117,122,119,-1,119,122,123,-1,117,116,124,-1,121,113,125,-1,125,113,112,-1,125,112,124,-1,124,112,122,-1,124,122,117,-1,126,127,128,-1,128,127,129,-1,130,131,132,-1,132,131,133,-1,132,133,134,-1,134,133,129,-1,134,129,135,-1,135,129,127,-1,131,136,133,-1,133,136,137,-1,131,130,138,-1,135,127,139,-1,139,127,126,-1,139,126,138,-1,138,126,136,-1,138,136,131,-1,140,65,141,-1,141,65,64,-1,69,142,70,-1,70,142,143,-1,144,140,145,-1,145,140,141,-1,145,141,146,-1,146,141,143,-1,146,143,147,-1,147,143,142,-1,140,144,148,-1,147,142,149,-1,149,142,69,-1,149,69,148,-1,148,69,65,-1,148,65,140,-1,150,66,151,-1,151,66,67,-1,62,152,63,-1,63,152,153,-1,154,150,155,-1,155,150,151,-1,155,151,156,-1,156,151,153,-1,156,153,157,-1,157,153,152,-1,150,154,158,-1,157,152,159,-1,159,152,62,-1,159,62,158,-1,158,62,66,-1,158,66,150,-1,160,56,161,-1,161,56,54,-1,58,162,68,-1,68,162,163,-1,164,160,165,-1,165,160,161,-1,165,161,166,-1,166,161,163,-1,166,163,167,-1,167,163,162,-1,160,164,168,-1,167,162,169,-1,169,162,58,-1,169,58,168,-1,168,58,56,-1,168,56,160,-1,170,48,171,-1,171,48,47,-1,55,172,53,-1,53,172,173,-1,174,170,175,-1,175,170,171,-1,175,171,176,-1,176,171,173,-1,176,173,177,-1,177,173,172,-1,170,174,178,-1,177,172,179,-1,179,172,55,-1,179,55,178,-1,178,55,48,-1,178,48,170,-1,
        ]
    }
}
Shape{
    appearance Appearance {
        material  Material 	{
            diffuseColor 0.8509803921568627 0.8509803921568627 0.8509803921568627
            specularColor 0.4235294117647059 0.4235294117647059 0.4235294117647059
            ambientIntensity 0.851
            transparency 0.0
            shininess 0.5
        }
    }
    geometry IndexedFaceSet {
        ccw TRUE
        solid FALSE
        coord DEF co Coordinate {
            point [
                1.3937 1.5354 0.0, 1.3937 1.5354 0.0591, 1.5905 1.5354 0.0, 1.5905 1.5354 0.0591, 1.5905 1.1909 0.6988, 1.5905 1.1614 0.6988, 1.5905 1.1909 0.6398, 1.5905 1.1614 0.6398, 1.3937 1.1909 0.6398, 1.3937 1.1614 0.6398, 1.3937 1.1909 0.6988, 1.3937 1.1614 0.6988, 1.5905 1.2205 0.6102, 1.5905 1.2795 0.6102, 1.5905 1.2195 0.6179, 1.5905 1.2765 0.6332, 1.5905 1.2165 0.625, 1.5905 1.2677 0.6545, 1.5905 1.2118 0.6311, 1.5905 1.2536 0.6729, 1.5905 1.2057 0.6358, 1.5905 1.2352 0.687, 1.5905 1.1986 0.6388, 1.5905 1.2139 0.6958, 1.3937 1.1986 0.6388, 1.3937 1.2057 0.6358, 1.3937 1.2118 0.6311, 1.3937 1.2165 0.625, 1.3937 1.2195 0.6179, 1.3937 1.2205 0.6102, 1.3937 1.2139 0.6958, 1.3937 1.2352 0.687, 1.3937 1.2536 0.6729, 1.3937 1.2677 0.6545, 1.3937 1.2765 0.6332, 1.3937 1.2795 0.6102, 1.5905 1.2795 0.1083, 1.5905 1.2205 0.1083, 1.3937 1.2205 0.1083, 1.3937 1.2795 0.1083, 1.5905 1.2808 0.0973, 1.5905 1.2232 0.0842, 1.5905 1.2844 0.0869, 1.5905 1.2312 0.0613, 1.5905 1.2903 0.0776, 1.5905 1.2441 0.0408, 1.5905 1.2981 0.0698, 1.5905 1.2612 0.0236, 1.5905 1.3074 0.0639, 1.5905 1.2818 0.0107, 1.5905 1.3178 0.0603, 1.5905 1.3046 0.0027, 1.5905 1.3287 0.0591, 1.5905 1.3287 0.0, 1.3937 1.3287 0.0, 1.3937 1.3046 0.0027, 1.3937 1.2818 0.0107, 1.3937 1.2612 0.0236, 1.3937 1.2441 0.0408, 1.3937 1.2312 0.0613, 1.3937 1.2232 0.0842, 1.3937 1.3287 0.0591, 1.3937 1.3178 0.0603, 1.3937 1.3074 0.0639, 1.3937 1.2981 0.0698, 1.3937 1.2903 0.0776, 1.3937 1.2844 0.0869, 1.3937 1.2808 0.0973, 0.5276 1.5354 0.0, 0.5276 1.5354 0.0591, 0.7244 1.5354 0.0, 0.7244 1.5354 0.0591, 0.7244 1.1909 0.6988, 0.7244 1.1614 0.6988, 0.7244 1.1909 0.6398, 0.7244 1.1614 0.6398, 0.5276 1.1909 0.6398, 0.5276 1.1614 0.6398, 0.5276 1.1909 0.6988, 0.5276 1.1614 0.6988, 0.7244 1.2205 0.6102, 0.7244 1.2795 0.6102, 0.7244 1.2195 0.6179, 0.7244 1.2765 0.6332, 0.7244 1.2165 0.625, 0.7244 1.2677 0.6545, 0.7244 1.2118 0.6311, 0.7244 1.2536 0.6729, 0.7244 1.2057 0.6358, 0.7244 1.2352 0.687, 0.7244 1.1986 0.6388, 0.7244 1.2139 0.6958, 0.5276 1.1986 0.6388, 0.5276 1.2057 0.6358, 0.5276 1.2118 0.6311, 0.5276 1.2165 0.625, 0.5276 1.2195 0.6179, 0.5276 1.2205 0.6102, 0.5276 1.2139 0.6958, 0.5276 1.2352 0.687, 0.5276 1.2536 0.6729, 0.5276 1.2677 0.6545, 0.5276 1.2765 0.6332, 0.5276 1.2795 0.6102, 0.7244 1.2795 0.1083, 0.7244 1.2205 0.1083, 0.5276 1.2205 0.1083, 0.5276 1.2795 0.1083, 0.7244 1.2808 0.0973, 0.7244 1.2232 0.0842, 0.7244 1.2844 0.0869, 0.7244 1.2312 0.0613, 0.7244 1.2903 0.0776, 0.7244 1.2441 0.0408, 0.7244 1.2981 0.0698, 0.7244 1.2612 0.0236, 0.7244 1.3074 0.0639, 0.7244 1.2818 0.0107, 0.7244 1.3178 0.0603, 0.7244 1.3046 0.0027, 0.7244 1.3287 0.0591, 0.7244 1.3287 0.0, 0.5276 1.3287 0.0, 0.5276 1.3046 0.0027, 0.5276 1.2818 0.0107, 0.5276 1.2612 0.0236, 0.5276 1.2441 0.0408, 0.5276 1.2312 0.0613, 0.5276 1.2232 0.0842, 0.5276 1.3287 0.0591, 0.5276 1.3178 0.0603, 0.5276 1.3074 0.0639, 0.5276 1.2981 0.0698, 0.5276 1.2903 0.0776, 0.5276 1.2844 0.0869, 0.5276 1.2808 0.0973, -0.3386 1.5354 0.0, -0.3386 1.5354 0.0591, -0.1417 1.5354 0.0, -0.1417 1.5354 0.0591, -0.1417 1.1909 0.6988, -0.1417 1.1614 0.6988, -0.1417 1.1909 0.6398, -0.1417 1.1614 0.6398, -0.3386 1.1909 0.6398, -0.3386 1.1614 0.6398, -0.3386 1.1909 0.6988, -0.3386 1.1614 0.6988, -0.1417 1.2205 0.6102, -0.1417 1.2795 0.6102, -0.1417 1.2195 0.6179, -0.1417 1.2765 0.6332, -0.1417 1.2165 0.625, -0.1417 1.2677 0.6545, -0.1417 1.2118 0.6311, -0.1417 1.2536 0.6729, -0.1417 1.2057 0.6358, -0.1417 1.2352 0.687, -0.1417 1.1986 0.6388, -0.1417 1.2139 0.6958, -0.3386 1.1986 0.6388, -0.3386 1.2057 0.6358, -0.3386 1.2118 0.6311, -0.3386 1.2165 0.625, -0.3386 1.2195 0.6179, -0.3386 1.2205 0.6102, -0.3386 1.2139 0.6958, -0.3386 1.2352 0.687, -0.3386 1.2536 0.6729, -0.3386 1.2677 0.6545, -0.3386 1.2765 0.6332, -0.3386 1.2795 0.6102, -0.1417 1.2795 0.1083, -0.1417 1.2205 0.1083, -0.3386 1.2205 0.1083, -0.3386 1.2795 0.1083, -0.1417 1.2808 0.0973, -0.1417 1.2232 0.0842, -0.1417 1.2844 0.0869, -0.1417 1.2312 0.0613, -0.1417 1.2903 0.0776, -0.1417 1.2441 0.0408, -0.1417 1.2981 0.0698, -0.1417 1.2612 0.0236, -0.1417 1.3074 0.0639, -0.1417 1.2818 0.0107, -0.1417 1.3178 0.0603, -0.1417 1.3046 0.0027, -0.1417 1.3287 0.0591, -0.1417 1.3287 0.0, -0.3386 1.3287 0.0, -0.3386 1.3046 0.0027, -0.3386 1.2818 0.0107, -0.3386 1.2612 0.0236, -0.3386 1.2441 0.0408, -0.3386 1.2312 0.0613, -0.3386 1.2232 0.0842, -0.3386 1.3287 0.0591, -0.3386 1.3178 0.0603, -0.3386 1.3074 0.0639, -0.3386 1.2981 0.0698, -0.3386 1.2903 0.0776, -0.3386 1.2844 0.0869, -0.3386 1.2808 0.0973, -1.6063 1.5354 0.0, -1.6063 1.5354 0.0591, -1.4095 1.5354 0.0, -1.4095 1.5354 0.0591, -1.4095 1.1909 0.6988, -1.4095 1.1614 0.6988, -1.4095 1.1909 0.6398, -1.4095 1.1614 0.6398, -1.6063 1.1909 0.6398, -1.6063 1.1614 0.6398, -1.6063 1.1909 0.6988, -1.6063 1.1614 0.6988, -1.4095 1.2205 0.6102, -1.4095 1.2795 0.6102, -1.4095 1.2195 0.6179, -1.4095 1.2765 0.6332, -1.4095 1.2165 0.625, -1.4095 1.2677 0.6545, -1.4095 1.2118 0.6311, -1.4095 1.2536 0.6729, -1.4095 1.2057 0.6358, -1.4095 1.2352 0.687, -1.4095 1.1986 0.6388, -1.4095 1.2139 0.6958, -1.6063 1.1986 0.6388, -1.6063 1.2057 0.6358, -1.6063 1.2118 0.6311, -1.6063 1.2165 0.625, -1.6063 1.2195 0.6179, -1.6063 1.2205 0.6102, -1.6063 1.2139 0.6958, -1.6063 1.2352 0.687, -1.6063 1.2536 0.6729, -1.6063 1.2677 0.6545, -1.6063 1.2765 0.6332, -1.6063 1.2795 0.6102, -1.4095 1.2795 0.1083, -1.4095 1.2205 0.1083, -1.6063 1.2205 0.1083, -1.6063 1.2795 0.1083, -1.4095 1.2808 0.0973, -1.4095 1.2232 0.0842, -1.4095 1.2844 0.0869, -1.4095 1.2312 0.0613, -1.4095 1.2903 0.0776, -1.4095 1.2441 0.0408, -1.4095 1.2981 0.0698, -1.4095 1.2612 0.0236, -1.4095 1.3074 0.0639, -1.4095 1.2818 0.0107, -1.4095 1.3178 0.0603, -1.4095 1.3046 0.0027, -1.4095 1.3287 0.0591, -1.4095 1.3287 0.0, -1.6063 1.3287 0.0, -1.6063 1.3046 0.0027, -1.6063 1.2818 0.0107, -1.6063 1.2612 0.0236, -1.6063 1.2441 0.0408, -1.6063 1.2312 0.0613, -1.6063 1.2232 0.0842, -1.6063 1.3287 0.0591, -1.6063 1.3178 0.0603, -1.6063 1.3074 0.0639, -1.6063 1.2981 0.0698, -1.6063 1.2903 0.0776, -1.6063 1.2844 0.0869, -1.6063 1.2808 0.0973, 1.3937 -1.5354 0.0591, 1.3937 -1.5354 0.0, 1.5905 -1.5354 0.0591, 1.5905 -1.5354 0.0, 1.3937 -1.1909 0.6988, 1.3937 -1.1614 0.6988, 1.3937 -1.1909 0.6398, 1.3937 -1.1614 0.6398, 1.5905 -1.1909 0.6398, 1.5905 -1.1614 0.6398, 1.5905 -1.1909 0.6988, 1.5905 -1.1614 0.6988, 1.3937 -1.2205 0.6102, 1.3937 -1.2795 0.6102, 1.3937 -1.2195 0.6179, 1.3937 -1.2765 0.6332, 1.3937 -1.2165 0.625, 1.3937 -1.2677 0.6545, 1.3937 -1.2118 0.6311, 1.3937 -1.2536 0.6729, 1.3937 -1.2057 0.6358, 1.3937 -1.2352 0.687, 1.3937 -1.1986 0.6388, 1.3937 -1.2139 0.6958, 1.5905 -1.1986 0.6388, 1.5905 -1.2057 0.6358, 1.5905 -1.2118 0.6311, 1.5905 -1.2165 0.625, 1.5905 -1.2195 0.6179, 1.5905 -1.2205 0.6102, 1.5905 -1.2139 0.6958, 1.5905 -1.2352 0.687, 1.5905 -1.2536 0.6729, 1.5905 -1.2677 0.6545, 1.5905 -1.2765 0.6332, 1.5905 -1.2795 0.6102, 1.3937 -1.2795 0.1083, 1.3937 -1.2205 0.1083, 1.5905 -1.2205 0.1083, 1.5905 -1.2795 0.1083, 1.3937 -1.2808 0.0973, 1.3937 -1.2232 0.0842, 1.3937 -1.2844 0.0869, 1.3937 -1.2312 0.0613, 1.3937 -1.2903 0.0776, 1.3937 -1.2441 0.0408, 1.3937 -1.2981 0.0698, 1.3937 -1.2612 0.0236, 1.3937 -1.3074 0.0639, 1.3937 -1.2818 0.0107, 1.3937 -1.3178 0.0603, 1.3937 -1.3046 0.0027, 1.3937 -1.3287 0.0591, 1.3937 -1.3287 0.0, 1.5905 -1.3287 0.0, 1.5905 -1.3046 0.0027, 1.5905 -1.2818 0.0107, 1.5905 -1.2612 0.0236, 1.5905 -1.2441 0.0408, 1.5905 -1.2312 0.0613, 1.5905 -1.2232 0.0842, 1.5905 -1.3287 0.0591, 1.5905 -1.3178 0.0603, 1.5905 -1.3074 0.0639, 1.5905 -1.2981 0.0698, 1.5905 -1.2903 0.0776, 1.5905 -1.2844 0.0869, 1.5905 -1.2808 0.0973, 0.5276 -1.5354 0.0591, 0.5276 -1.5354 0.0, 0.7244 -1.5354 0.0591, 0.7244 -1.5354 0.0, 0.5276 -1.1909 0.6988, 0.5276 -1.1614 0.6988, 0.5276 -1.1909 0.6398, 0.5276 -1.1614 0.6398, 0.7244 -1.1909 0.6398, 0.7244 -1.1614 0.6398, 0.7244 -1.1909 0.6988, 0.7244 -1.1614 0.6988, 0.5276 -1.2205 0.6102, 0.5276 -1.2795 0.6102, 0.5276 -1.2195 0.6179, 0.5276 -1.2765 0.6332, 0.5276 -1.2165 0.625, 0.5276 -1.2677 0.6545, 0.5276 -1.2118 0.6311, 0.5276 -1.2536 0.6729, 0.5276 -1.2057 0.6358, 0.5276 -1.2352 0.687, 0.5276 -1.1986 0.6388, 0.5276 -1.2139 0.6958, 0.7244 -1.1986 0.6388, 0.7244 -1.2057 0.6358, 0.7244 -1.2118 0.6311, 0.7244 -1.2165 0.625, 0.7244 -1.2195 0.6179, 0.7244 -1.2205 0.6102, 0.7244 -1.2139 0.6958, 0.7244 -1.2352 0.687, 0.7244 -1.2536 0.6729, 0.7244 -1.2677 0.6545, 0.7244 -1.2765 0.6332, 0.7244 -1.2795 0.6102, 0.5276 -1.2795 0.1083, 0.5276 -1.2205 0.1083, 0.7244 -1.2205 0.1083, 0.7244 -1.2795 0.1083, 0.5276 -1.2808 0.0973, 0.5276 -1.2232 0.0842, 0.5276 -1.2844 0.0869, 0.5276 -1.2312 0.0613, 0.5276 -1.2903 0.0776, 0.5276 -1.2441 0.0408, 0.5276 -1.2981 0.0698, 0.5276 -1.2612 0.0236, 0.5276 -1.3074 0.0639, 0.5276 -1.2818 0.0107, 0.5276 -1.3178 0.0603, 0.5276 -1.3046 0.0027, 0.5276 -1.3287 0.0591, 0.5276 -1.3287 0.0, 0.7244 -1.3287 0.0, 0.7244 -1.3046 0.0027, 0.7244 -1.2818 0.0107, 0.7244 -1.2612 0.0236, 0.7244 -1.2441 0.0408, 0.7244 -1.2312 0.0613, 0.7244 -1.2232 0.0842, 0.7244 -1.3287 0.0591, 0.7244 -1.3178 0.0603, 0.7244 -1.3074 0.0639, 0.7244 -1.2981 0.0698, 0.7244 -1.2903 0.0776, 0.7244 -1.2844 0.0869, 0.7244 -1.2808 0.0973, -0.3386 -1.5354 0.0591, -0.3386 -1.5354 0.0, -0.1417 -1.5354 0.0591, -0.1417 -1.5354 0.0, -0.3386 -1.1909 0.6988, -0.3386 -1.1614 0.6988, -0.3386 -1.1909 0.6398, -0.3386 -1.1614 0.6398, -0.1417 -1.1909 0.6398, -0.1417 -1.1614 0.6398, -0.1417 -1.1909 0.6988, -0.1417 -1.1614 0.6988, -0.3386 -1.2205 0.6102, -0.3386 -1.2795 0.6102, -0.3386 -1.2195 0.6179, -0.3386 -1.2765 0.6332, -0.3386 -1.2165 0.625, -0.3386 -1.2677 0.6545, -0.3386 -1.2118 0.6311, -0.3386 -1.2536 0.6729, -0.3386 -1.2057 0.6358, -0.3386 -1.2352 0.687, -0.3386 -1.1986 0.6388, -0.3386 -1.2139 0.6958, -0.1417 -1.1986 0.6388, -0.1417 -1.2057 0.6358, -0.1417 -1.2118 0.6311, -0.1417 -1.2165 0.625, -0.1417 -1.2195 0.6179, -0.1417 -1.2205 0.6102, -0.1417 -1.2139 0.6958, -0.1417 -1.2352 0.687, -0.1417 -1.2536 0.6729, -0.1417 -1.2677 0.6545, -0.1417 -1.2765 0.6332, -0.1417 -1.2795 0.6102, -0.3386 -1.2795 0.1083, -0.3386 -1.2205 0.1083, -0.1417 -1.2205 0.1083, -0.1417 -1.2795 0.1083, -0.3386 -1.2808 0.0973, -0.3386 -1.2232 0.0842, -0.3386 -1.2844 0.0869, -0.3386 -1.2312 0.0613, -0.3386 -1.2903 0.0776, -0.3386 -1.2441 0.0408, -0.3386 -1.2981 0.0698, -0.3386 -1.2612 0.0236, -0.3386 -1.3074 0.0639, -0.3386 -1.2818 0.0107, -0.3386 -1.3178 0.0603, -0.3386 -1.3046 0.0027, -0.3386 -1.3287 0.0591, -0.3386 -1.3287 0.0, -0.1417 -1.3287 0.0, -0.1417 -1.3046 0.0027, -0.1417 -1.2818 0.0107, -0.1417 -1.2612 0.0236, -0.1417 -1.2441 0.0408, -0.1417 -1.2312 0.0613, -0.1417 -1.2232 0.0842, -0.1417 -1.3287 0.0591, -0.1417 -1.3178 0.0603, -0.1417 -1.3074 0.0639, -0.1417 -1.2981 0.0698, -0.1417 -1.2903 0.0776, -0.1417 -1.2844 0.0869, -0.1417 -1.2808 0.0973, -1.6063 -1.5354 0.0591, -1.6063 -1.5354 0.0, -1.4095 -1.5354 0.0591, -1.4095 -1.5354 0.0, -1.6063 -1.1909 0.6988, -1.6063 -1.1614 0.6988, -1.6063 -1.1909 0.6398, -1.6063 -1.1614 0.6398, -1.4095 -1.1909 0.6398, -1.4095 -1.1614 0.6398, -1.4095 -1.1909 0.6988, -1.4095 -1.1614 0.6988, -1.6063 -1.2205 0.6102, -1.6063 -1.2795 0.6102, -1.6063 -1.2195 0.6179, -1.6063 -1.2765 0.6332, -1.6063 -1.2165 0.625, -1.6063 -1.2677 0.6545, -1.6063 -1.2118 0.6311, -1.6063 -1.2536 0.6729, -1.6063 -1.2057 0.6358, -1.6063 -1.2352 0.687, -1.6063 -1.1986 0.6388, -1.6063 -1.2139 0.6958, -1.4095 -1.1986 0.6388, -1.4095 -1.2057 0.6358, -1.4095 -1.2118 0.6311, -1.4095 -1.2165 0.625, -1.4095 -1.2195 0.6179, -1.4095 -1.2205 0.6102, -1.4095 -1.2139 0.6958, -1.4095 -1.2352 0.687, -1.4095 -1.2536 0.6729, -1.4095 -1.2677 0.6545, -1.4095 -1.2765 0.6332, -1.4095 -1.2795 0.6102, -1.6063 -1.2795 0.1083, -1.6063 -1.2205 0.1083, -1.4095 -1.2205 0.1083, -1.4095 -1.2795 0.1083, -1.6063 -1.2808 0.0973, -1.6063 -1.2232 0.0842, -1.6063 -1.2844 0.0869, -1.6063 -1.2312 0.0613, -1.6063 -1.2903 0.0776, -1.6063 -1.2441 0.0408, -1.6063 -1.2981 0.0698, -1.6063 -1.2612 0.0236, -1.6063 -1.3074 0.0639, -1.6063 -1.2818 0.0107, -1.6063 -1.3178 0.0603, -1.6063 -1.3046 0.0027, -1.6063 -1.3287 0.0591, -1.6063 -1.3287 0.0, -1.4095 -1.3287 0.0, -1.4095 -1.3046 0.0027, -1.4095 -1.2818 0.0107, -1.4095 -1.2612 0.0236, -1.4095 -1.2441 0.0408, -1.4095 -1.2312 0.0613, -1.4095 -1.2232 0.0842, -1.4095 -1.3287 0.0591, -1.4095 -1.3178 0.0603, -1.4095 -1.3074 0.0639, -1.4095 -1.2981 0.0698, -1.4095 -1.2903 0.0776, -1.4095 -1.2844 0.0869, -1.4095 -1.2808 0.0973
            ]
        }
        coordIndex [
            0,1,2,-1,2,1,3,-1,4,5,6,-1,6,5,7,-1,6,7,8,-1,8,7,9,-1,8,9,10,-1,10,9,11,-1,12,13,14,-1,14,13,15,-1,14,15,16,-1,16,15,17,-1,16,17,18,-1,18,17,19,-1,18,19,20,-1,20,19,21,-1,20,21,22,-1,22,21,23,-1,22,23,6,-1,6,23,4,-1,6,8,22,-1,22,8,24,-1,22,24,20,-1,20,24,25,-1,20,25,18,-1,18,25,26,-1,18,26,16,-1,16,26,27,-1,16,27,14,-1,14,27,28,-1,14,28,12,-1,12,28,29,-1,8,10,24,-1,24,10,30,-1,24,30,25,-1,25,30,31,-1,25,31,26,-1,26,31,32,-1,26,32,27,-1,27,32,33,-1,27,33,28,-1,28,33,34,-1,28,34,29,-1,29,34,35,-1,13,35,34,-1,13,34,15,-1,15,34,33,-1,15,33,17,-1,17,33,32,-1,17,32,19,-1,19,32,31,-1,19,31,21,-1,21,31,30,-1,21,30,23,-1,23,30,10,-1,23,10,4,-1,36,13,37,-1,37,13,12,-1,37,12,38,-1,38,12,29,-1,38,29,39,-1,39,29,35,-1,35,13,39,-1,39,13,36,-1,36,37,40,-1,40,37,41,-1,40,41,42,-1,42,41,43,-1,42,43,44,-1,44,43,45,-1,44,45,46,-1,46,45,47,-1,46,47,48,-1,48,47,49,-1,48,49,50,-1,50,49,51,-1,50,51,52,-1,52,51,53,-1,54,53,51,-1,54,51,55,-1,55,51,49,-1,55,49,56,-1,56,49,47,-1,56,47,57,-1,57,47,45,-1,57,45,58,-1,58,45,43,-1,58,43,59,-1,59,43,41,-1,59,41,60,-1,60,41,37,-1,60,37,38,-1,61,54,62,-1,62,54,55,-1,62,55,63,-1,63,55,56,-1,63,56,64,-1,64,56,57,-1,64,57,65,-1,65,57,58,-1,65,58,66,-1,66,58,59,-1,66,59,67,-1,67,59,60,-1,67,60,39,-1,39,60,38,-1,39,36,67,-1,67,36,40,-1,67,40,66,-1,66,40,42,-1,66,42,65,-1,65,42,44,-1,65,44,64,-1,64,44,46,-1,64,46,63,-1,63,46,48,-1,63,48,62,-1,62,48,50,-1,62,50,61,-1,61,50,52,-1,3,52,2,-1,2,52,53,-1,2,53,0,-1,0,53,54,-1,0,54,1,-1,1,54,61,-1,61,52,1,-1,1,52,3,-1,68,69,70,-1,70,69,71,-1,72,73,74,-1,74,73,75,-1,74,75,76,-1,76,75,77,-1,76,77,78,-1,78,77,79,-1,80,81,82,-1,82,81,83,-1,82,83,84,-1,84,83,85,-1,84,85,86,-1,86,85,87,-1,86,87,88,-1,88,87,89,-1,88,89,90,-1,90,89,91,-1,90,91,74,-1,74,91,72,-1,74,76,90,-1,90,76,92,-1,90,92,88,-1,88,92,93,-1,88,93,86,-1,86,93,94,-1,86,94,84,-1,84,94,95,-1,84,95,82,-1,82,95,96,-1,82,96,80,-1,80,96,97,-1,76,78,92,-1,92,78,98,-1,92,98,93,-1,93,98,99,-1,93,99,94,-1,94,99,100,-1,94,100,95,-1,95,100,101,-1,95,101,96,-1,96,101,102,-1,96,102,97,-1,97,102,103,-1,81,103,102,-1,81,102,83,-1,83,102,101,-1,83,101,85,-1,85,101,100,-1,85,100,87,-1,87,100,99,-1,87,99,89,-1,89,99,98,-1,89,98,91,-1,91,98,78,-1,91,78,72,-1,104,81,105,-1,105,81,80,-1,105,80,106,-1,106,80,97,-1,106,97,107,-1,107,97,103,-1,103,81,107,-1,107,81,104,-1,104,105,108,-1,108,105,109,-1,108,109,110,-1,110,109,111,-1,110,111,112,-1,112,111,113,-1,112,113,114,-1,114,113,115,-1,114,115,116,-1,116,115,117,-1,116,117,118,-1,118,117,119,-1,118,119,120,-1,120,119,121,-1,122,121,119,-1,122,119,123,-1,123,119,117,-1,123,117,124,-1,124,117,115,-1,124,115,125,-1,125,115,113,-1,125,113,126,-1,126,113,111,-1,126,111,127,-1,127,111,109,-1,127,109,128,-1,128,109,105,-1,128,105,106,-1,129,122,130,-1,130,122,123,-1,130,123,131,-1,131,123,124,-1,131,124,132,-1,132,124,125,-1,132,125,133,-1,133,125,126,-1,133,126,134,-1,134,126,127,-1,134,127,135,-1,135,127,128,-1,135,128,107,-1,107,128,106,-1,107,104,135,-1,135,104,108,-1,135,108,134,-1,134,108,110,-1,134,110,133,-1,133,110,112,-1,133,112,132,-1,132,112,114,-1,132,114,131,-1,131,114,116,-1,131,116,130,-1,130,116,118,-1,130,118,129,-1,129,118,120,-1,71,120,70,-1,70,120,121,-1,70,121,68,-1,68,121,122,-1,68,122,69,-1,69,122,129,-1,129,120,69,-1,69,120,71,-1,136,137,138,-1,138,137,139,-1,140,141,142,-1,142,141,143,-1,142,143,144,-1,144,143,145,-1,144,145,146,-1,146,145,147,-1,148,149,150,-1,150,149,151,-1,150,151,152,-1,152,151,153,-1,152,153,154,-1,154,153,155,-1,154,155,156,-1,156,155,157,-1,156,157,158,-1,158,157,159,-1,158,159,142,-1,142,159,140,-1,142,144,158,-1,158,144,160,-1,158,160,156,-1,156,160,161,-1,156,161,154,-1,154,161,162,-1,154,162,152,-1,152,162,163,-1,152,163,150,-1,150,163,164,-1,150,164,148,-1,148,164,165,-1,144,146,160,-1,160,146,166,-1,160,166,161,-1,161,166,167,-1,161,167,162,-1,162,167,168,-1,162,168,163,-1,163,168,169,-1,163,169,164,-1,164,169,170,-1,164,170,165,-1,165,170,171,-1,149,171,170,-1,149,170,151,-1,151,170,169,-1,151,169,153,-1,153,169,168,-1,153,168,155,-1,155,168,167,-1,155,167,157,-1,157,167,166,-1,157,166,159,-1,159,166,146,-1,159,146,140,-1,172,149,173,-1,173,149,148,-1,173,148,174,-1,174,148,165,-1,174,165,175,-1,175,165,171,-1,171,149,175,-1,175,149,172,-1,172,173,176,-1,176,173,177,-1,176,177,178,-1,178,177,179,-1,178,179,180,-1,180,179,181,-1,180,181,182,-1,182,181,183,-1,182,183,184,-1,184,183,185,-1,184,185,186,-1,186,185,187,-1,186,187,188,-1,188,187,189,-1,190,189,187,-1,190,187,191,-1,191,187,185,-1,191,185,192,-1,192,185,183,-1,192,183,193,-1,193,183,181,-1,193,181,194,-1,194,181,179,-1,194,179,195,-1,195,179,177,-1,195,177,196,-1,196,177,173,-1,196,173,174,-1,197,190,198,-1,198,190,191,-1,198,191,199,-1,199,191,192,-1,199,192,200,-1,200,192,193,-1,200,193,201,-1,201,193,194,-1,201,194,202,-1,202,194,195,-1,202,195,203,-1,203,195,196,-1,203,196,175,-1,175,196,174,-1,175,172,203,-1,203,172,176,-1,203,176,202,-1,202,176,178,-1,202,178,201,-1,201,178,180,-1,201,180,200,-1,200,180,182,-1,200,182,199,-1,199,182,184,-1,199,184,198,-1,198,184,186,-1,198,186,197,-1,197,186,188,-1,139,188,138,-1,138,188,189,-1,138,189,136,-1,136,189,190,-1,136,190,137,-1,137,190,197,-1,197,188,137,-1,137,188,139,-1,204,205,206,-1,206,205,207,-1,208,209,210,-1,210,209,211,-1,210,211,212,-1,212,211,213,-1,212,213,214,-1,214,213,215,-1,216,217,218,-1,218,217,219,-1,218,219,220,-1,220,219,221,-1,220,221,222,-1,222,221,223,-1,222,223,224,-1,224,223,225,-1,224,225,226,-1,226,225,227,-1,226,227,210,-1,210,227,208,-1,210,212,226,-1,226,212,228,-1,226,228,224,-1,224,228,229,-1,224,229,222,-1,222,229,230,-1,222,230,220,-1,220,230,231,-1,220,231,218,-1,218,231,232,-1,218,232,216,-1,216,232,233,-1,212,214,228,-1,228,214,234,-1,228,234,229,-1,229,234,235,-1,229,235,230,-1,230,235,236,-1,230,236,231,-1,231,236,237,-1,231,237,232,-1,232,237,238,-1,232,238,233,-1,233,238,239,-1,217,239,238,-1,217,238,219,-1,219,238,237,-1,219,237,221,-1,221,237,236,-1,221,236,223,-1,223,236,235,-1,223,235,225,-1,225,235,234,-1,225,234,227,-1,227,234,214,-1,227,214,208,-1,240,217,241,-1,241,217,216,-1,241,216,242,-1,242,216,233,-1,242,233,243,-1,243,233,239,-1,239,217,243,-1,243,217,240,-1,240,241,244,-1,244,241,245,-1,244,245,246,-1,246,245,247,-1,246,247,248,-1,248,247,249,-1,248,249,250,-1,250,249,251,-1,250,251,252,-1,252,251,253,-1,252,253,254,-1,254,253,255,-1,254,255,256,-1,256,255,257,-1,258,257,255,-1,258,255,259,-1,259,255,253,-1,259,253,260,-1,260,253,251,-1,260,251,261,-1,261,251,249,-1,261,249,262,-1,262,249,247,-1,262,247,263,-1,263,247,245,-1,263,245,264,-1,264,245,241,-1,264,241,242,-1,265,258,266,-1,266,258,259,-1,266,259,267,-1,267,259,260,-1,267,260,268,-1,268,260,261,-1,268,261,269,-1,269,261,262,-1,269,262,270,-1,270,262,263,-1,270,263,271,-1,271,263,264,-1,271,264,243,-1,243,264,242,-1,243,240,271,-1,271,240,244,-1,271,244,270,-1,270,244,246,-1,270,246,269,-1,269,246,248,-1,269,248,268,-1,268,248,250,-1,268,250,267,-1,267,250,252,-1,267,252,266,-1,266,252,254,-1,266,254,265,-1,265,254,256,-1,207,256,206,-1,206,256,257,-1,206,257,204,-1,204,257,258,-1,204,258,205,-1,205,258,265,-1,265,256,205,-1,205,256,207,-1,272,273,274,-1,274,273,275,-1,276,277,278,-1,278,277,279,-1,278,279,280,-1,280,279,281,-1,280,281,282,-1,282,281,283,-1,284,285,286,-1,286,285,287,-1,286,287,288,-1,288,287,289,-1,288,289,290,-1,290,289,291,-1,290,291,292,-1,292,291,293,-1,292,293,294,-1,294,293,295,-1,294,295,278,-1,278,295,276,-1,278,280,294,-1,294,280,296,-1,294,296,292,-1,292,296,297,-1,292,297,290,-1,290,297,298,-1,290,298,288,-1,288,298,299,-1,288,299,286,-1,286,299,300,-1,286,300,284,-1,284,300,301,-1,280,282,296,-1,296,282,302,-1,296,302,297,-1,297,302,303,-1,297,303,298,-1,298,303,304,-1,298,304,299,-1,299,304,305,-1,299,305,300,-1,300,305,306,-1,300,306,301,-1,301,306,307,-1,285,307,306,-1,285,306,287,-1,287,306,305,-1,287,305,289,-1,289,305,304,-1,289,304,291,-1,291,304,303,-1,291,303,293,-1,293,303,302,-1,293,302,295,-1,295,302,282,-1,295,282,276,-1,308,285,309,-1,309,285,284,-1,309,284,310,-1,310,284,301,-1,310,301,311,-1,311,301,307,-1,307,285,311,-1,311,285,308,-1,308,309,312,-1,312,309,313,-1,312,313,314,-1,314,313,315,-1,314,315,316,-1,316,315,317,-1,316,317,318,-1,318,317,319,-1,318,319,320,-1,320,319,321,-1,320,321,322,-1,322,321,323,-1,322,323,324,-1,324,323,325,-1,326,325,323,-1,326,323,327,-1,327,323,321,-1,327,321,328,-1,328,321,319,-1,328,319,329,-1,329,319,317,-1,329,317,330,-1,330,317,315,-1,330,315,331,-1,331,315,313,-1,331,313,332,-1,332,313,309,-1,332,309,310,-1,333,326,334,-1,334,326,327,-1,334,327,335,-1,335,327,328,-1,335,328,336,-1,336,328,329,-1,336,329,337,-1,337,329,330,-1,337,330,338,-1,338,330,331,-1,338,331,339,-1,339,331,332,-1,339,332,311,-1,311,332,310,-1,311,308,339,-1,339,308,312,-1,339,312,338,-1,338,312,314,-1,338,314,337,-1,337,314,316,-1,337,316,336,-1,336,316,318,-1,336,318,335,-1,335,318,320,-1,335,320,334,-1,334,320,322,-1,334,322,333,-1,333,322,324,-1,272,324,273,-1,273,324,325,-1,273,325,275,-1,275,325,326,-1,275,326,274,-1,274,326,333,-1,333,324,274,-1,274,324,272,-1,340,341,342,-1,342,341,343,-1,344,345,346,-1,346,345,347,-1,346,347,348,-1,348,347,349,-1,348,349,350,-1,350,349,351,-1,352,353,354,-1,354,353,355,-1,354,355,356,-1,356,355,357,-1,356,357,358,-1,358,357,359,-1,358,359,360,-1,360,359,361,-1,360,361,362,-1,362,361,363,-1,362,363,346,-1,346,363,344,-1,346,348,362,-1,362,348,364,-1,362,364,360,-1,360,364,365,-1,360,365,358,-1,358,365,366,-1,358,366,356,-1,356,366,367,-1,356,367,354,-1,354,367,368,-1,354,368,352,-1,352,368,369,-1,348,350,364,-1,364,350,370,-1,364,370,365,-1,365,370,371,-1,365,371,366,-1,366,371,372,-1,366,372,367,-1,367,372,373,-1,367,373,368,-1,368,373,374,-1,368,374,369,-1,369,374,375,-1,353,375,374,-1,353,374,355,-1,355,374,373,-1,355,373,357,-1,357,373,372,-1,357,372,359,-1,359,372,371,-1,359,371,361,-1,361,371,370,-1,361,370,363,-1,363,370,350,-1,363,350,344,-1,376,353,377,-1,377,353,352,-1,377,352,378,-1,378,352,369,-1,378,369,379,-1,379,369,375,-1,375,353,379,-1,379,353,376,-1,376,377,380,-1,380,377,381,-1,380,381,382,-1,382,381,383,-1,382,383,384,-1,384,383,385,-1,384,385,386,-1,386,385,387,-1,386,387,388,-1,388,387,389,-1,388,389,390,-1,390,389,391,-1,390,391,392,-1,392,391,393,-1,394,393,391,-1,394,391,395,-1,395,391,389,-1,395,389,396,-1,396,389,387,-1,396,387,397,-1,397,387,385,-1,397,385,398,-1,398,385,383,-1,398,383,399,-1,399,383,381,-1,399,381,400,-1,400,381,377,-1,400,377,378,-1,401,394,402,-1,402,394,395,-1,402,395,403,-1,403,395,396,-1,403,396,404,-1,404,396,397,-1,404,397,405,-1,405,397,398,-1,405,398,406,-1,406,398,399,-1,406,399,407,-1,407,399,400,-1,407,400,379,-1,379,400,378,-1,379,376,407,-1,407,376,380,-1,407,380,406,-1,406,380,382,-1,406,382,405,-1,405,382,384,-1,405,384,404,-1,404,384,386,-1,404,386,403,-1,403,386,388,-1,403,388,402,-1,402,388,390,-1,402,390,401,-1,401,390,392,-1,340,392,341,-1,341,392,393,-1,341,393,343,-1,343,393,394,-1,343,394,342,-1,342,394,401,-1,401,392,342,-1,342,392,340,-1,408,409,410,-1,410,409,411,-1,412,413,414,-1,414,413,415,-1,414,415,416,-1,416,415,417,-1,416,417,418,-1,418,417,419,-1,420,421,422,-1,422,421,423,-1,422,423,424,-1,424,423,425,-1,424,425,426,-1,426,425,427,-1,426,427,428,-1,428,427,429,-1,428,429,430,-1,430,429,431,-1,430,431,414,-1,414,431,412,-1,414,416,430,-1,430,416,432,-1,430,432,428,-1,428,432,433,-1,428,433,426,-1,426,433,434,-1,426,434,424,-1,424,434,435,-1,424,435,422,-1,422,435,436,-1,422,436,420,-1,420,436,437,-1,416,418,432,-1,432,418,438,-1,432,438,433,-1,433,438,439,-1,433,439,434,-1,434,439,440,-1,434,440,435,-1,435,440,441,-1,435,441,436,-1,436,441,442,-1,436,442,437,-1,437,442,443,-1,421,443,442,-1,421,442,423,-1,423,442,441,-1,423,441,425,-1,425,441,440,-1,425,440,427,-1,427,440,439,-1,427,439,429,-1,429,439,438,-1,429,438,431,-1,431,438,418,-1,431,418,412,-1,444,421,445,-1,445,421,420,-1,445,420,446,-1,446,420,437,-1,446,437,447,-1,447,437,443,-1,443,421,447,-1,447,421,444,-1,444,445,448,-1,448,445,449,-1,448,449,450,-1,450,449,451,-1,450,451,452,-1,452,451,453,-1,452,453,454,-1,454,453,455,-1,454,455,456,-1,456,455,457,-1,456,457,458,-1,458,457,459,-1,458,459,460,-1,460,459,461,-1,462,461,459,-1,462,459,463,-1,463,459,457,-1,463,457,464,-1,464,457,455,-1,464,455,465,-1,465,455,453,-1,465,453,466,-1,466,453,451,-1,466,451,467,-1,467,451,449,-1,467,449,468,-1,468,449,445,-1,468,445,446,-1,469,462,470,-1,470,462,463,-1,470,463,471,-1,471,463,464,-1,471,464,472,-1,472,464,465,-1,472,465,473,-1,473,465,466,-1,473,466,474,-1,474,466,467,-1,474,467,475,-1,475,467,468,-1,475,468,447,-1,447,468,446,-1,447,444,475,-1,475,444,448,-1,475,448,474,-1,474,448,450,-1,474,450,473,-1,473,450,452,-1,473,452,472,-1,472,452,454,-1,472,454,471,-1,471,454,456,-1,471,456,470,-1,470,456,458,-1,470,458,469,-1,469,458,460,-1,408,460,409,-1,409,460,461,-1,409,461,411,-1,411,461,462,-1,411,462,410,-1,410,462,469,-1,469,460,410,-1,410,460,408,-1,476,477,478,-1,478,477,479,-1,480,481,482,-1,482,481,483,-1,482,483,484,-1,484,483,485,-1,484,485,486,-1,486,485,487,-1,488,489,490,-1,490,489,491,-1,490,491,492,-1,492,491,493,-1,492,493,494,-1,494,493,495,-1,494,495,496,-1,496,495,497,-1,496,497,498,-1,498,497,499,-1,498,499,482,-1,482,499,480,-1,482,484,498,-1,498,484,500,-1,498,500,496,-1,496,500,501,-1,496,501,494,-1,494,501,502,-1,494,502,492,-1,492,502,503,-1,492,503,490,-1,490,503,504,-1,490,504,488,-1,488,504,505,-1,484,486,500,-1,500,486,506,-1,500,506,501,-1,501,506,507,-1,501,507,502,-1,502,507,508,-1,502,508,503,-1,503,508,509,-1,503,509,504,-1,504,509,510,-1,504,510,505,-1,505,510,511,-1,489,511,510,-1,489,510,491,-1,491,510,509,-1,491,509,493,-1,493,509,508,-1,493,508,495,-1,495,508,507,-1,495,507,497,-1,497,507,506,-1,497,506,499,-1,499,506,486,-1,499,486,480,-1,512,489,513,-1,513,489,488,-1,513,488,514,-1,514,488,505,-1,514,505,515,-1,515,505,511,-1,511,489,515,-1,515,489,512,-1,512,513,516,-1,516,513,517,-1,516,517,518,-1,518,517,519,-1,518,519,520,-1,520,519,521,-1,520,521,522,-1,522,521,523,-1,522,523,524,-1,524,523,525,-1,524,525,526,-1,526,525,527,-1,526,527,528,-1,528,527,529,-1,530,529,527,-1,530,527,531,-1,531,527,525,-1,531,525,532,-1,532,525,523,-1,532,523,533,-1,533,523,521,-1,533,521,534,-1,534,521,519,-1,534,519,535,-1,535,519,517,-1,535,517,536,-1,536,517,513,-1,536,513,514,-1,537,530,538,-1,538,530,531,-1,538,531,539,-1,539,531,532,-1,539,532,540,-1,540,532,533,-1,540,533,541,-1,541,533,534,-1,541,534,542,-1,542,534,535,-1,542,535,543,-1,543,535,536,-1,543,536,515,-1,515,536,514,-1,515,512,543,-1,543,512,516,-1,543,516,542,-1,542,516,518,-1,542,518,541,-1,541,518,520,-1,541,520,540,-1,540,520,522,-1,540,522,539,-1,539,522,524,-1,539,524,538,-1,538,524,526,-1,538,526,537,-1,537,526,528,-1,476,528,477,-1,477,528,529,-1,477,529,479,-1,479,529,530,-1,479,530,478,-1,478,530,537,-1,537,528,478,-1,478,528,476,-1,
        ]
    }
}
Shape{
    appearance Appearance {
        material  Material 	{
            diffuseColor 0.4392156862745098 0.4392156862745098 0.4392156862745098
            specularColor 0.2196078431372549 0.2196078431372549 0.2196078431372549
            ambientIntensity 0.4392
            transparency 0.0
            shininess 0.5
        }
    }
    geometry IndexedFaceSet {
        ccw TRUE
        solid FALSE
        coord DEF co Coordinate {
            point [
                -0.5378 0.1737 0.0728, -0.6607 -0.1412 0.0728, -0.5378 0.1737 0.0689, -0.6607 -0.1412 0.0689, -0.6147 -0.1412 0.0728, -0.6147 -0.1412 0.0689, -0.5828 -0.0529 0.0728, -0.5828 -0.0529 0.0689, -0.4527 -0.0529 0.0728, -0.4527 -0.0529 0.0689, -0.4226 -0.1412 0.0728, -0.4226 -0.1412 0.0689, -0.3765 -0.1412 0.0728, -0.3765 -0.1412 0.0689, -0.4956 0.1737 0.0728, -0.4956 0.1737 0.0689, -0.4633 -0.0183 0.0728, -0.5686 -0.0183 0.0728, -0.5103 0.1132 0.0728, -0.5133 0.1241 0.0728, -0.5153 0.1353 0.0728, -0.5164 0.1353 0.0728, -0.5184 0.1242 0.0728, -0.5212 0.1132 0.0728, -0.4633 -0.0183 0.0689, -0.5686 -0.0183 0.0689, -0.5103 0.1132 0.0689, -0.5133 0.1241 0.0689, -0.5153 0.1353 0.0689, -0.5164 0.1353 0.0689, -0.5184 0.1242 0.0689, -0.5212 0.1132 0.0689, -0.1856 -0.1412 0.0728, -0.1 -0.1412 0.0728, -0.1856 -0.1412 0.0689, -0.1 -0.1412 0.0689, -0.1 0.1737 0.0728, -0.1 0.1737 0.0689, -0.1888 0.1737 0.0728, -0.1888 0.1737 0.0689, -0.3535 0.0202 0.0728, -0.3535 0.0202 0.0689, -0.3512 0.0498 0.0689, -0.3512 0.0498 0.0728, -0.3427 0.0809 0.0689, -0.3427 0.0809 0.0728, -0.3281 0.108 0.0689, -0.3281 0.108 0.0728, -0.3058 0.1327 0.0689, -0.3058 0.1327 0.0728, -0.3055 0.1329 0.0689, -0.3055 0.1329 0.0728, -0.2712 0.1559 0.0689, -0.2712 0.1559 0.0728, -0.2344 0.1689 0.0689, -0.2344 0.1689 0.0728, -0.2246 -0.1378 0.0689, -0.2246 -0.1378 0.0728, -0.2609 -0.127 0.0689, -0.2609 -0.127 0.0728, -0.2938 -0.1079 0.0689, -0.2938 -0.1079 0.0728, -0.3197 -0.0831 0.0689, -0.3197 -0.0831 0.0728, -0.3377 -0.0549 0.0689, -0.3377 -0.0549 0.0728, -0.349 -0.022 0.0689, -0.349 -0.022 0.0728, -0.2902 0.095 0.0728, -0.2749 0.1112 0.0728, -0.2519 0.1261 0.0728, -0.2259 0.1352 0.0728, -0.1887 0.1391 0.0728, -0.1422 0.1391 0.0728, -0.1422 -0.1067 0.0728, -0.1869 -0.1067 0.0728, -0.2202 -0.1036 0.0728, -0.2467 -0.0953 0.0728, -0.2681 -0.0826 0.0728, -0.2858 -0.0651 0.0728, -0.2991 -0.0434 0.0728, -0.3083 -0.0138 0.0728, -0.3112 0.0193 0.0728, -0.3085 0.0506 0.0728, -0.3012 0.0756 0.0728, -0.1887 0.1391 0.0689, -0.1422 0.1391 0.0689, -0.2259 0.1352 0.0689, -0.2519 0.1261 0.0689, -0.2749 0.1112 0.0689, -0.2902 0.095 0.0689, -0.3012 0.0756 0.0689, -0.3085 0.0506 0.0689, -0.3112 0.0193 0.0689, -0.3083 -0.0138 0.0689, -0.2991 -0.0434 0.0689, -0.2858 -0.0651 0.0689, -0.2681 -0.0826 0.0689, -0.2467 -0.0953 0.0689, -0.2202 -0.1036 0.0689, -0.1869 -0.1067 0.0689, -0.1422 -0.1067 0.0689, -0.0385 -0.1067 0.0728, -0.0385 -0.1412 0.0728, -0.0385 -0.1067 0.0689, -0.0385 -0.1412 0.0689, 0.1305 -0.1412 0.0728, 0.1305 -0.1412 0.0689, 0.1305 0.1737 0.0728, 0.1305 0.1737 0.0689, -0.0308 0.1737 0.0728, -0.0308 0.1737 0.0689, -0.0308 0.1391 0.0728, -0.0308 0.1391 0.0689, 0.0882 0.1391 0.0728, 0.0882 0.1391 0.0689, 0.0882 0.0354 0.0728, 0.0882 0.0354 0.0689, -0.0231 0.0354 0.0728, -0.0231 0.0354 0.0689, -0.0231 0.0009 0.0728, -0.0231 0.0009 0.0689, 0.0882 0.0009 0.0728, 0.0882 0.0009 0.0689, 0.0882 -0.1067 0.0728, 0.0882 -0.1067 0.0689, 0.192 -0.0903 0.0728, 0.192 -0.1249 0.0728, 0.192 -0.0903 0.0689, 0.192 -0.1249 0.0689, 0.2255 -0.1387 0.0728, 0.2786 -0.1451 0.0728, 0.2786 -0.1451 0.0689, 0.27 -0.1449 0.0689, 0.27 -0.1449 0.0728, 0.2573 -0.1432 0.0689, 0.2255 -0.1387 0.0689, 0.2971 -0.1432 0.0689, 0.3174 -0.1411 0.0728, 0.3174 -0.1411 0.0689, 0.348 -0.1306 0.0728, 0.348 -0.1306 0.0689, 0.3733 -0.1144 0.0728, 0.3733 -0.1144 0.0689, 0.3969 -0.0895 0.0728, 0.3969 -0.0895 0.0689, 0.4137 -0.0595 0.0728, 0.4137 -0.0595 0.0689, 0.4232 -0.0262 0.0728, 0.4232 -0.0262 0.0689, 0.4263 0.0103 0.0728, 0.4263 0.0103 0.0689, 0.2661 0.1776 0.0728, 0.2661 0.1776 0.0689, 0.2977 0.175 0.0689, 0.2977 0.175 0.0728, 0.3328 0.1648 0.0689, 0.3328 0.1648 0.0728, 0.3627 0.1476 0.0689, 0.3627 0.1476 0.0728, 0.3912 0.1202 0.0689, 0.3912 0.1202 0.0728, 0.4096 0.0908 0.0689, 0.4096 0.0908 0.0728, 0.4217 0.0551 0.0689, 0.4217 0.0551 0.0728, 0.192 0.1651 0.0728, 0.192 0.1651 0.0689, 0.2284 0.175 0.0689, 0.2284 0.175 0.0728, 0.192 0.1228 0.0728, 0.192 0.1228 0.0689, 0.2657 0.143 0.0728, 0.2657 0.143 0.0689, 0.2274 0.138 0.0689, 0.2274 0.138 0.0728, 0.384 0.0129 0.0728, 0.384 0.0129 0.0689, 0.3825 0.0374 0.0689, 0.3825 0.0374 0.0728, 0.3741 0.0711 0.0689, 0.3741 0.0711 0.0728, 0.3611 0.0954 0.0689, 0.3611 0.0954 0.0728, 0.3421 0.1164 0.0689, 0.3421 0.1164 0.0728, 0.3203 0.131 0.0689, 0.3203 0.131 0.0728, 0.2967 0.1395 0.0689, 0.2967 0.1395 0.0728, 0.2728 -0.1105 0.0728, 0.2728 -0.1105 0.0689, 0.3022 -0.1072 0.0689, 0.3022 -0.1072 0.0728, 0.3251 -0.0988 0.0689, 0.3251 -0.0988 0.0728, 0.3444 -0.0857 0.0689, 0.3444 -0.0857 0.0728, 0.3592 -0.0701 0.0689, 0.3592 -0.0701 0.0728, 0.3723 -0.0483 0.0689, 0.3723 -0.0483 0.0728, 0.3808 -0.0212 0.0689, 0.3808 -0.0212 0.0728, 0.1976 -0.0935 0.0689, 0.1976 -0.0935 0.0728, 0.231 -0.1059 0.0689, 0.231 -0.1059 0.0728, 0.4531 -0.1067 0.0728, 0.4531 -0.1412 0.0728, 0.4531 -0.1067 0.0689, 0.4531 -0.1412 0.0689, 0.6145 -0.1412 0.0728, 0.6145 -0.1412 0.0689, 0.6145 0.1737 0.0728, 0.6145 0.1737 0.0689, 0.5722 0.1737 0.0728, 0.5722 0.1737 0.0689, 0.5722 -0.1067 0.0728, 0.5722 -0.1067 0.0689
            ]
        }
        coordIndex [
            0,1,2,-1,2,1,3,-1,1,4,3,-1,3,4,5,-1,4,6,5,-1,5,6,7,-1,6,8,7,-1,7,8,9,-1,8,10,9,-1,9,10,11,-1,10,12,11,-1,11,12,13,-1,12,14,13,-1,13,14,15,-1,14,0,15,-1,15,0,2,-1,16,8,17,-1,17,8,6,-1,18,14,16,-1,16,14,12,-1,16,12,8,-1,8,12,10,-1,18,19,14,-1,14,19,20,-1,14,20,0,-1,0,20,21,-1,0,21,22,-1,22,23,0,-1,0,23,17,-1,0,17,1,-1,1,17,6,-1,1,6,4,-1,16,17,24,-1,24,17,25,-1,18,16,26,-1,26,16,24,-1,18,26,27,-1,18,27,19,-1,19,27,28,-1,19,28,20,-1,21,20,29,-1,29,20,28,-1,21,29,30,-1,21,30,22,-1,22,30,31,-1,22,31,23,-1,17,23,25,-1,25,23,31,-1,32,33,34,-1,34,33,35,-1,33,36,35,-1,35,36,37,-1,36,38,37,-1,37,38,39,-1,40,41,42,-1,40,42,43,-1,43,42,44,-1,43,44,45,-1,45,44,46,-1,45,46,47,-1,47,46,48,-1,47,48,49,-1,49,48,50,-1,49,50,51,-1,51,50,52,-1,51,52,53,-1,53,52,54,-1,53,54,55,-1,55,54,39,-1,55,39,38,-1,32,34,56,-1,32,56,57,-1,57,56,58,-1,57,58,59,-1,59,58,60,-1,59,60,61,-1,61,60,62,-1,61,62,63,-1,63,62,64,-1,63,64,65,-1,65,64,66,-1,65,66,67,-1,67,66,41,-1,67,41,40,-1,45,47,68,-1,68,47,49,-1,68,49,69,-1,69,49,51,-1,69,51,70,-1,70,51,53,-1,70,53,71,-1,71,53,55,-1,71,55,72,-1,72,55,38,-1,72,38,73,-1,73,38,36,-1,73,36,74,-1,74,36,33,-1,74,33,75,-1,75,33,32,-1,75,32,76,-1,76,32,57,-1,76,57,77,-1,77,57,59,-1,77,59,78,-1,78,59,61,-1,78,61,79,-1,79,61,63,-1,79,63,80,-1,80,63,65,-1,80,65,81,-1,81,65,67,-1,81,67,82,-1,82,67,40,-1,82,40,83,-1,83,40,43,-1,83,43,84,-1,84,43,45,-1,84,45,68,-1,72,73,85,-1,85,73,86,-1,72,85,87,-1,72,87,71,-1,71,87,88,-1,71,88,70,-1,70,88,89,-1,70,89,69,-1,69,89,90,-1,69,90,68,-1,68,90,91,-1,68,91,84,-1,84,91,92,-1,84,92,83,-1,83,92,93,-1,83,93,82,-1,82,93,94,-1,82,94,81,-1,81,94,95,-1,81,95,80,-1,80,95,96,-1,80,96,79,-1,79,96,97,-1,79,97,78,-1,78,97,98,-1,78,98,77,-1,77,98,99,-1,77,99,76,-1,76,99,100,-1,76,100,75,-1,74,75,101,-1,101,75,100,-1,73,74,86,-1,86,74,101,-1,102,103,104,-1,104,103,105,-1,103,106,105,-1,105,106,107,-1,106,108,107,-1,107,108,109,-1,108,110,109,-1,109,110,111,-1,110,112,111,-1,111,112,113,-1,112,114,113,-1,113,114,115,-1,114,116,115,-1,115,116,117,-1,116,118,117,-1,117,118,119,-1,118,120,119,-1,119,120,121,-1,120,122,121,-1,121,122,123,-1,122,124,123,-1,123,124,125,-1,124,102,125,-1,125,102,104,-1,106,103,102,-1,102,124,106,-1,106,124,122,-1,106,122,108,-1,112,110,114,-1,114,110,108,-1,114,108,116,-1,116,108,122,-1,116,122,118,-1,118,122,120,-1,126,127,128,-1,128,127,129,-1,129,127,130,-1,131,132,133,-1,131,133,134,-1,134,133,135,-1,134,135,130,-1,130,135,136,-1,130,136,129,-1,132,131,137,-1,137,131,138,-1,137,138,139,-1,139,138,140,-1,139,140,141,-1,141,140,142,-1,141,142,143,-1,143,142,144,-1,143,144,145,-1,145,144,146,-1,145,146,147,-1,147,146,148,-1,147,148,149,-1,149,148,150,-1,149,150,151,-1,152,153,154,-1,152,154,155,-1,155,154,156,-1,155,156,157,-1,157,156,158,-1,157,158,159,-1,159,158,160,-1,159,160,161,-1,161,160,162,-1,161,162,163,-1,163,162,164,-1,163,164,165,-1,165,164,151,-1,165,151,150,-1,166,167,168,-1,166,168,169,-1,169,168,153,-1,169,153,152,-1,166,170,167,-1,167,170,171,-1,172,173,174,-1,172,174,175,-1,175,174,171,-1,175,171,170,-1,176,177,178,-1,176,178,179,-1,179,178,180,-1,179,180,181,-1,181,180,182,-1,181,182,183,-1,183,182,184,-1,183,184,185,-1,185,184,186,-1,185,186,187,-1,187,186,188,-1,187,188,189,-1,189,188,173,-1,189,173,172,-1,190,191,192,-1,190,192,193,-1,193,192,194,-1,193,194,195,-1,195,194,196,-1,195,196,197,-1,197,196,198,-1,197,198,199,-1,199,198,200,-1,199,200,201,-1,201,200,202,-1,201,202,203,-1,203,202,177,-1,203,177,176,-1,126,128,204,-1,126,204,205,-1,205,204,206,-1,205,206,207,-1,207,206,191,-1,207,191,190,-1,193,131,190,-1,190,131,134,-1,190,134,207,-1,207,134,130,-1,207,130,205,-1,205,130,127,-1,205,127,126,-1,170,166,175,-1,175,166,169,-1,175,169,172,-1,172,169,152,-1,172,152,189,-1,189,152,155,-1,189,155,187,-1,187,155,157,-1,187,157,185,-1,185,157,159,-1,185,159,183,-1,183,159,161,-1,183,161,181,-1,181,161,163,-1,181,163,179,-1,179,163,165,-1,179,165,176,-1,176,165,150,-1,176,150,203,-1,203,150,148,-1,203,148,201,-1,201,148,146,-1,201,146,199,-1,199,146,144,-1,199,144,197,-1,197,144,142,-1,197,142,195,-1,195,142,140,-1,195,140,193,-1,193,140,138,-1,193,138,131,-1,208,209,210,-1,210,209,211,-1,209,212,211,-1,211,212,213,-1,212,214,213,-1,213,214,215,-1,214,216,215,-1,215,216,217,-1,216,218,217,-1,217,218,219,-1,218,208,219,-1,219,208,210,-1,216,214,218,-1,218,214,212,-1,218,212,208,-1,208,212,209,-1,
        ]
    }
}
Shape{
    appearance Appearance {
        material  Material 	{
            diffuseColor 0.8431372549019608 0.8156862745098039 0.7529411764705882
            specularColor 0.4235294117647059 0.40784313725490196 0.3764705882352941
            ambientIntensity 0.8167
            transparency 0.0
            shininess 0.5
        }
    }
    geometry IndexedFaceSet {
        ccw TRUE
        solid FALSE
        coord DEF co Coordinate {
            point [
                -0.4633 -0.0183 0.0689, -0.5686 -0.0183 0.0689, -0.5103 0.1132 0.0689, -0.5212 0.1132 0.0689, -0.5133 0.1241 0.0689, -0.5184 0.1242 0.0689, -0.5153 0.1353 0.0689, -0.5164 0.1353 0.0689, -0.1422 0.1391 0.0689, -0.1422 -0.1067 0.0689, -0.1887 0.1391 0.0689, -0.1869 -0.1067 0.0689, -0.2202 -0.1036 0.0689, -0.3112 0.0193 0.0689, -0.3085 0.0506 0.0689, -0.3012 0.0756 0.0689, -0.2259 0.1352 0.0689, -0.2467 -0.0953 0.0689, -0.2681 -0.0826 0.0689, -0.2858 -0.0651 0.0689, -0.2991 -0.0434 0.0689, -0.3083 -0.0138 0.0689, -0.2902 0.095 0.0689, -0.2749 0.1112 0.0689, -0.2519 0.1261 0.0689
            ]
        }
        coordIndex [
            0,1,2,-1,2,1,3,-1,2,3,4,-1,4,3,5,-1,4,5,6,-1,6,5,7,-1,8,9,10,-1,10,9,11,-1,10,11,12,-1,13,14,10,-1,10,14,15,-1,10,15,16,-1,12,17,10,-1,10,17,18,-1,10,18,19,-1,19,20,10,-1,10,20,21,-1,10,21,13,-1,22,23,15,-1,15,23,24,-1,15,24,16,-1,
        ]
    }
}