#VRML V2.0 utf8
# 3D model generated by easyeda2kicad.py (https://github.com/uPesy/easyeda2kicad.py)

Shape{
    appearance Appearance {
        material  Material 	{
            diffuseColor 0.2235294117647059 0.2235294117647059 0.2235294117647059
            specularColor 0.11372549019607843 0.11372549019607843 0.11372549019607843
            ambientIntensity 0.2235
            transparency 0.0
            shininess 0.5
        }
    }
    geometry IndexedFaceSet {
        ccw TRUE
        solid FALSE
        coord DEF co Coordinate {
            point [
                1.2106 -1.0433 0.4429, 1.2106 -1.0433 0.3839, 1.3484 -1.0433 0.4429, 1.3484 -1.0433 0.3839, 0.9547 -1.0433 0.4429, 0.9547 -1.0433 0.3839, 1.0925 -1.0433 0.4429, 1.0925 -1.0433 0.3839, 0.6988 -1.0433 0.4429, 0.6988 -1.0433 0.3839, 0.8366 -1.0433 0.4429, 0.8366 -1.0433 0.3839, 0.4429 -1.0433 0.4429, 0.4429 -1.0433 0.3839, 0.5807 -1.0433 0.4429, 0.5807 -1.0433 0.3839, 0.187 -1.0433 0.4429, 0.187 -1.0433 0.3839, 0.3248 -1.0433 0.4429, 0.3248 -1.0433 0.3839, -0.0689 -1.0433 0.4429, -0.0689 -1.0433 0.3839, 0.0689 -1.0433 0.4429, 0.0689 -1.0433 0.3839, -0.3248 -1.0433 0.4429, -0.3248 -1.0433 0.3839, -0.187 -1.0433 0.4429, -0.187 -1.0433 0.3839, -0.5807 -1.0433 0.4429, -0.5807 -1.0433 0.3839, -0.4429 -1.0433 0.4429, -0.4429 -1.0433 0.3839, -0.8366 -1.0433 0.4429, -0.8366 -1.0433 0.3839, -0.6988 -1.0433 0.4429, -0.6988 -1.0433 0.3839, -1.0925 -1.0433 0.4429, -1.0925 -1.0433 0.3839, -0.9547 -1.0433 0.4429, -0.9547 -1.0433 0.3839, -1.3484 -1.0433 0.4429, -1.3484 -1.0433 0.3839, -1.2106 -1.0433 0.4429, -1.2106 -1.0433 0.3839, 1.2106 1.0433 0.3839, 1.2106 1.0433 0.4429, 1.3484 1.0433 0.3839, 1.3484 1.0433 0.4429, 0.9547 1.0433 0.3839, 0.9547 1.0433 0.4429, 1.0925 1.0433 0.3839, 1.0925 1.0433 0.4429, 0.6988 1.0433 0.3839, 0.6988 1.0433 0.4429, 0.8366 1.0433 0.3839, 0.8366 1.0433 0.4429, 0.4429 1.0433 0.3839, 0.4429 1.0433 0.4429, 0.5807 1.0433 0.3839, 0.5807 1.0433 0.4429, 0.187 1.0433 0.3839, 0.187 1.0433 0.4429, 0.3248 1.0433 0.3839, 0.3248 1.0433 0.4429, -0.0689 1.0433 0.3839, -0.0689 1.0433 0.4429, 0.0689 1.0433 0.3839, 0.0689 1.0433 0.4429, -0.3248 1.0433 0.3839, -0.3248 1.0433 0.4429, -0.187 1.0433 0.3839, -0.187 1.0433 0.4429, -0.5807 1.0433 0.3839, -0.5807 1.0433 0.4429, -0.4429 1.0433 0.3839, -0.4429 1.0433 0.4429, -0.8366 1.0433 0.3839, -0.8366 1.0433 0.4429, -0.6988 1.0433 0.3839, -0.6988 1.0433 0.4429, -1.0925 1.0433 0.3839, -1.0925 1.0433 0.4429, -0.9547 1.0433 0.3839, -0.9547 1.0433 0.4429, -1.3484 1.0433 0.3839, -1.3484 1.0433 0.4429, -1.2106 1.0433 0.3839, -1.2106 1.0433 0.4429, -1.5551 1.0433 0.3839, -1.5551 1.0433 0.4429, -1.4665 1.0433 0.3839, -1.4665 1.0433 0.4429, -1.5551 -1.0433 0.4429, -1.5551 -1.0433 0.3839, -1.4665 -1.0433 0.4429, -1.4665 -1.0433 0.3839, 0.8666 0.7527 0.7677, 0.8666 0.6818 0.7677, 0.8985 0.6818 0.7677, 1.0672 0.6028 0.7677, 1.0444 0.545 0.7677, 1.0726 0.545 0.7677, 0.993 0.5454 0.7677, 0.9897 0.545 0.7677, 1.0097 0.545 0.7677, 0.9311 0.7527 0.7677, 0.9372 0.7534 0.7677, 0.9053 0.7534 0.7677, 0.5838 0.6119 0.7677, 0.5937 0.6029 0.7677, 0.6168 0.6149 0.7677, 0.4315 0.6629 0.7677, 0.4355 0.672 0.7677, -0.3215 0.672 0.7677, 0.7733 0.672 0.7677, 0.8235 0.672 0.7677, 0.7695 0.6772 0.7677, 0.8235 0.7534 0.7677, 0.7541 0.6903 0.7677, 0.6822 0.7596 0.7677, 0.691 0.7534 0.7677, 0.7036 0.7446 0.7677, 0.7237 0.7208 0.7677, 0.7343 0.6996 0.7677, 0.7371 0.6987 0.7677, 0.6261 0.7742 0.7677, 0.654 0.7707 0.7677, 0.8235 0.9365 0.7677, 0.6013 0.7715 0.7677, -0.3215 0.9365 0.7677, 0.5748 0.7622 0.7677, 0.5602 0.7534 0.7677, -0.3215 0.7534 0.7677, 0.5578 0.752 0.7677, 0.4406 0.6834 0.7677, 0.4542 0.7008 0.7677, 0.4975 0.7254 0.7677, 0.5197 0.7281 0.7677, 0.5445 0.7406 0.7677, 0.5262 0.7278 0.7677, 0.5328 0.727 0.7677, 0.4583 0.7046 0.7677, 0.4764 0.7173 0.7677, -0.3215 0.6149 0.7677, 0.4275 0.6359 0.7677, 0.4276 0.6415 0.7677, 0.4687 0.559 0.7677, 0.4514 0.5738 0.7677, -0.3215 0.545 0.7677, 0.4892 0.5489 0.7677, 0.4382 0.5926 0.7677, 0.4302 0.6139 0.7677, 0.43 0.6149 0.7677, 0.4969 0.5465 0.7677, 0.4976 0.545 0.7677, 0.5026 0.5343 0.7677, 0.5111 0.5238 0.7677, 0.5746 0.5133 0.7677, 0.5648 0.5095 0.7677, 0.8235 -0.9365 0.7677, 0.551 0.5078 0.7677, -0.3215 -0.9365 0.7677, 0.5488 0.5078 0.7677, 0.5354 0.5099 0.7677, -0.3215 0.5133 0.7677, 0.5275 0.5133 0.7677, 0.5222 0.5155 0.7677, 0.6043 0.545 0.7677, 0.6043 0.5448 0.7677, 0.8235 0.5133 0.7677, 0.5976 0.5321 0.7677, 0.5888 0.5223 0.7677, 0.5775 0.5144 0.7677, 0.8235 0.6149 0.7677, 0.7894 0.6149 0.7677, 0.7881 0.6047 0.7677, 0.677 0.5786 0.7677, 0.6809 0.5801 0.7677, 0.6876 0.6125 0.7677, 0.7696 0.571 0.7677, 0.7541 0.5579 0.7677, 0.8235 0.545 0.7677, 0.6735 0.5761 0.7677, 0.6854 0.5807 0.7677, 0.6859 0.5806 0.7677, 0.6876 0.5802 0.7677, 0.7809 0.5867 0.7677, 0.6677 0.563 0.7677, 0.6678 0.5653 0.7677, 0.6079 0.5704 0.7677, 0.669 0.5696 0.7677, 0.6712 0.5735 0.7677, 0.7438 0.5944 0.7677, 0.7501 0.6033 0.7677, 0.681 0.5459 0.7677, 0.6772 0.5474 0.7677, 0.6735 0.55 0.7677, 0.6722 0.5513 0.7677, 0.6697 0.5549 0.7677, 0.6682 0.5588 0.7677, 0.6076 0.5588 0.7677, 0.6079 0.5647 0.7677, 0.7367 0.5494 0.7677, 0.7178 0.5454 0.7677, 0.6842 0.5454 0.7677, 0.6888 0.5801 0.7677, 0.7144 0.5801 0.7677, 0.7246 0.582 0.7677, 0.7346 0.5867 0.7677, 0.7431 0.5936 0.7677, 0.5579 0.6218 0.7677, 0.5717 0.6184 0.7677, 0.7057 0.672 0.7677, 0.551 0.6222 0.7677, 0.754 0.6134 0.7677, 0.7542 0.6149 0.7677, 0.6862 0.6149 0.7677, 0.7554 0.6245 0.7677, 0.7551 0.6295 0.7677, 0.5374 0.6205 0.7677, 0.4758 0.672 0.7677, 0.5248 0.6157 0.7677, 0.4699 0.6635 0.7677, 0.465 0.6508 0.7677, 0.4679 0.6149 0.7677, 0.5237 0.6149 0.7677, 0.464 0.6283 0.7677, 0.4633 0.637 0.7677, 0.7406 0.6576 0.7677, 0.7317 0.6637 0.7677, 0.7524 0.6404 0.7677, 0.7471 0.6502 0.7677, 0.7064 0.6689 0.7677, 0.67 0.6427 0.7677, 0.711 0.6689 0.7677, 0.7218 0.6676 0.7677, 0.5781 0.6149 0.7677, 0.4681 0.6143 0.7677, 0.5038 0.5969 0.7677, 0.5132 0.6077 0.7677, 0.4749 0.6028 0.7677, 0.4851 0.5923 0.7677, 0.4975 0.5846 0.7677, 0.6942 0.7031 0.7677, 0.6813 0.7184 0.7677, 0.5504 0.6854 0.7677, 0.6799 0.7198 0.7677, 0.6639 0.7309 0.7677, 0.5591 0.7034 0.7677, 0.5463 0.6877 0.7677, 0.7029 0.6847 0.7677, 0.5336 0.6923 0.7677, 0.5203 0.694 0.7677, 0.5144 0.6936 0.7677, 0.5719 0.7187 0.7677, 0.646 0.7377 0.7677, 0.5872 0.7298 0.7677, 0.6267 0.7401 0.7677, 0.6058 0.7374 0.7677, 0.5003 0.6903 0.7677, 0.4876 0.6836 0.7677, 0.4778 0.6748 0.7677, 0.7811 0.661 0.7677, 0.7881 0.6436 0.7677, 0.7907 0.6251 0.7677, 1.1971 0.6054 0.7677, 1.2 0.5977 0.7677, 1.2322 0.6149 0.7677, 1.1921 0.6124 0.7677, 1.2664 0.5456 0.7677, 1.1286 0.545 0.7677, 1.2779 0.5456 0.7677, 1.5073 0.545 0.7677, 1.2515 0.6149 0.7677, 1.5073 0.6149 0.7677, 1.2474 0.6257 0.7677, 1.1952 0.5639 0.7677, 1.1893 0.5569 0.7677, 1.2058 0.5456 0.7677, 1.1809 0.5509 0.7677, 1.1718 0.5473 0.7677, 1.1582 0.5456 0.7677, 1.2172 0.5456 0.7677, 1.2249 0.5675 0.7677, 1.2583 0.5675 0.7677, 1.2014 0.5867 0.7677, 1.2011 0.5816 0.7677, 1.1992 0.5722 0.7677, 1.1362 0.5456 0.7677, 1.1362 0.6149 0.7677, 1.1286 0.6149 0.7677, 1.1362 0.6257 0.7677, 1.1286 0.672 0.7677, 1.159 0.6257 0.7677, 1.1712 0.6244 0.7677, 1.5073 0.672 0.7677, 1.2363 0.6257 0.7677, 1.1809 0.6208 0.7677, 1.1893 0.6151 0.7677, 1.1895 0.6149 0.7677, 0.8666 0.6149 0.7677, 0.8666 0.5909 0.7677, 0.9005 0.6149 0.7677, 0.8952 0.5909 0.7677, 0.8666 0.5817 0.7677, 0.8666 0.5548 0.7677, 0.8952 0.5817 0.7677, 0.8993 0.5548 0.7677, 0.9005 0.545 0.7677, 0.8993 0.5456 0.7677, 0.8562 0.5456 0.7677, 0.8562 0.6257 0.7677, 0.8562 0.6149 0.7677, 0.8666 0.6165 0.7677, 0.8975 0.6165 0.7677, 0.8975 0.6257 0.7677, 0.9005 0.672 0.7677, 1.158 0.6946 0.7677, 1.1286 0.6946 0.7677, 1.1662 0.6727 0.7677, 1.1776 0.6727 0.7677, 1.1471 0.7527 0.7677, 1.5073 0.7534 0.7677, 1.1286 0.7534 0.7677, 1.1247 0.6946 0.7677, 1.117 0.6727 0.7677, 1.1033 0.672 0.7677, 1.1055 0.6727 0.7677, 1.1033 0.7534 0.7677, 1.1286 0.7333 0.7677, 1.136 0.7527 0.7677, 1.0097 0.7087 0.7677, 0.9881 0.7087 0.7677, 1.0097 0.6818 0.7677, 0.9881 0.6818 0.7677, 1.0283 0.7534 0.7677, 1.0097 0.7534 0.7677, 1.019 0.7527 0.7677, 1.0097 0.7527 0.7677, 1.0167 0.7087 0.7677, 1.0208 0.6818 0.7677, 1.0167 0.7179 0.7677, 1.019 0.7435 0.7677, 1.0097 0.7179 0.7677, 1.0097 0.7435 0.7677, 0.9881 0.7435 0.7677, 0.9881 0.7179 0.7677, 0.9777 0.6727 0.7677, 0.9731 0.672 0.7677, 1.0097 0.672 0.7677, 1.0283 0.672 0.7677, 1.0208 0.6727 0.7677, 1.0097 0.6727 0.7677, 0.9777 0.7527 0.7677, 0.9731 0.7534 0.7677, 0.9513 0.7534 0.7677, 0.9532 0.7533 0.7677, 0.9617 0.7508 0.7677, 0.9617 0.74 0.7677, 0.9617 0.6859 0.7677, 0.9617 0.676 0.7677, 0.9603 0.6753 0.7677, 0.9517 0.6725 0.7677, 0.9466 0.672 0.7677, 0.9527 0.7436 0.7677, 0.9428 0.7448 0.7677, 0.9608 0.7405 0.7677, 0.9388 0.7445 0.7677, 0.932 0.743 0.7677, 0.9258 0.7399 0.7677, 0.921 0.7359 0.7677, 0.9205 0.7353 0.7677, 0.9166 0.7297 0.7677, 0.9139 0.7228 0.7677, 0.9126 0.7118 0.7677, 0.9127 0.7079 0.7677, 0.9142 0.7001 0.7677, 0.9448 0.6807 0.7677, 0.9538 0.6824 0.7677, 0.9273 0.6837 0.7677, 0.933 0.6815 0.7677, 0.941 0.6805 0.7677, 0.9169 0.6938 0.7677, 0.9205 0.689 0.7677, 0.9221 0.6874 0.7677, 0.9427 0.7541 0.7677, 0.9053 0.9365 0.7677, 0.9731 0.9365 0.7677, 0.9075 0.7347 0.7677, 0.9133 0.7423 0.7677, 0.9153 0.7442 0.7677, 0.9228 0.7494 0.7677, 0.9005 0.7534 0.7677, 0.9037 0.7258 0.7677, 0.9053 0.7296 0.7677, 0.9053 0.693 0.7677, 0.9033 0.6981 0.7677, 0.9017 0.7112 0.7677, 0.9019 0.7154 0.7677, 0.926 0.6733 0.7677, 0.9185 0.6769 0.7677, 0.9053 0.672 0.7677, 0.912 0.6822 0.7677, 0.9114 0.683 0.7677, 0.9066 0.6898 0.7677, 0.9325 0.672 0.7677, 0.9053 0.6149 0.7677, 0.9347 0.6715 0.7677, 0.9395 0.6713 0.7677, 0.9731 0.6149 0.7677, 1.0989 0.6993 0.7677, 1.095 0.691 0.7677, 1.0726 0.7534 0.7677, 1.0726 0.7508 0.7677, 1.0806 0.7479 0.7677, 1.0726 0.6747 0.7677, 1.0726 0.672 0.7677, 1.0807 0.6779 0.7677, 1.089 0.6839 0.7677, 1.089 0.7421 0.7677, 1.0918 0.7394 0.7677, 1.0968 0.7324 0.7677, 1.0998 0.7248 0.7677, 1.1011 0.7137 0.7677, 1.1009 0.7086 0.7677, 1.0588 0.7527 0.7677, 1.071 0.7514 0.7677, 1.0715 0.6743 0.7677, 1.0579 0.6727 0.7677, 1.0359 0.6727 0.7677, 1.0359 0.7527 0.7677, 0.9366 0.5465 0.7677, 0.9326 0.545 0.7677, 0.9448 0.5456 0.7677, 0.9145 0.5891 0.7677, 0.9145 0.5988 0.7677, 0.9366 0.5956 0.7677, 0.9332 0.596 0.7677, 0.9279 0.5796 0.7677, 0.939 0.5481 0.7677, 0.921 0.545 0.7677, 0.9172 0.5464 0.7677, 0.9053 0.545 0.7677, 0.9127 0.5726 0.7677, 0.9156 0.5753 0.7677, 0.9196 0.5775 0.7677, 0.9214 0.5934 0.7677, 0.9277 0.5955 0.7677, 0.9138 0.5488 0.7677, 0.9127 0.5499 0.7677, 0.9106 0.553 0.7677, 0.9448 0.5545 0.7677, 0.9446 0.5545 0.7677, 0.9423 0.5512 0.7677, 0.9094 0.5564 0.7677, 0.9089 0.561 0.7677, 0.9094 0.5656 0.7677, 0.9106 0.5693 0.7677, 0.9714 0.5784 0.7677, 0.97 0.5804 0.7677, 0.9549 0.5824 0.7677, 0.9689 0.5835 0.7677, 0.9539 0.5908 0.7677, 0.9685 0.5874 0.7677, 0.9448 0.582 0.7677, 0.9445 0.5864 0.7677, 0.9434 0.59 0.7677, 0.9423 0.5921 0.7677, 0.941 0.6034 0.7677, 0.945 0.6021 0.7677, 0.972 0.5969 0.7677, 0.9482 0.6001 0.7677, 0.973 0.5766 0.7677, 0.9684 0.558 0.7677, 0.9731 0.5766 0.7677, 0.9727 0.5554 0.7677, 0.9731 0.5553 0.7677, 0.9166 0.6 0.7677, 0.924 0.6029 0.7677, 0.9342 0.6041 0.7677, 0.9689 0.591 0.7677, 0.9701 0.5942 0.7677, 0.9522 0.5951 0.7677, 0.9501 0.5982 0.7677, 0.9407 0.5937 0.7677, 0.939 0.5948 0.7677, 0.9326 0.545 0.7677, 0.9731 0.5133 0.7677, 0.9053 0.5133 0.7677, 0.927 0.5443 0.7677, 0.9212 0.545 0.7677, 0.9684 0.5477 0.7677, 0.9549 0.5456 0.7677, 0.9731 0.5459 0.7677, 0.9731 0.545 0.7677, 0.9743 0.5455 0.7677, 0.9784 0.545 0.7677, 0.984 0.5443 0.7677, 1.0097 0.6149 0.7677, 1.0043 0.6016 0.7677, 1.0043 0.5919 0.7677, 1.0037 0.5707 0.7677, 1.0056 0.5679 0.7677, 0.9749 0.5996 0.7677, 0.9774 0.6011 0.7677, 0.9731 0.5979 0.7677, 1.0067 0.5649 0.7677, 1.0071 0.5612 0.7677, 1.0066 0.5572 0.7677, 1.0054 0.554 0.7677, 1.0035 0.5513 0.7677, 0.9828 0.6032 0.7677, 0.9908 0.6041 0.7677, 0.9978 0.6035 0.7677, 1.0006 0.5488 0.7677, 0.9983 0.5474 0.7677, 0.9898 0.596 0.7677, 0.9868 0.5958 0.7677, 0.9788 0.5883 0.7677, 0.9841 0.5951 0.7677, 0.9819 0.5939 0.7677, 0.9789 0.587 0.7677, 0.9793 0.5854 0.7677, 0.9801 0.5841 0.7677, 0.981 0.583 0.7677, 0.9846 0.5808 0.7677, 0.996 0.5953 0.7677, 0.9908 0.5781 0.7677, 1.0017 0.5933 0.7677, 0.9947 0.5765 0.7677, 1.0013 0.5728 0.7677, 0.9804 0.5925 0.7677, 0.9795 0.5913 0.7677, 0.979 0.5899 0.7677, 0.979 0.5531 0.7677, 0.9837 0.5708 0.7677, 0.9777 0.5735 0.7677, 0.9849 0.5525 0.7677, 0.9854 0.5525 0.7677, 0.9903 0.568 0.7677, 0.9905 0.5531 0.7677, 0.9968 0.5602 0.7677, 0.9967 0.5615 0.7677, 0.9931 0.554 0.7677, 0.994 0.5546 0.7677, 0.9952 0.5556 0.7677, 0.9961 0.5569 0.7677, 0.9966 0.5583 0.7677, 0.9962 0.563 0.7677, 0.9954 0.5644 0.7677, 0.9942 0.5657 0.7677, 1.0384 0.5599 0.7677, 1.0397 0.5551 0.7677, 1.0399 0.5551 0.7677, 1.0726 0.6149 0.7677, 1.0283 0.6149 0.7677, 1.0568 0.6028 0.7677, 1.0283 0.5889 0.7677, 1.0412 0.5598 0.7677, 1.0404 0.5571 0.7677, 1.0283 0.545 0.7677, 1.0283 0.562 0.7677, 1.0123 0.6028 0.7677, 1.0235 0.6028 0.7677, 1.0347 0.5458 0.7677, 1.0344 0.545 0.7677, 1.0303 0.5354 0.7677, 1.0097 0.5133 0.7677, 1.0144 0.5195 0.7677, 1.0144 0.5285 0.7677, 1.0264 0.5296 0.7677, 1.0283 0.5317 0.7677, 1.0283 0.5318 0.7677, 1.0164 0.5278 0.7677, 1.02 0.5273 0.7677, 1.0283 0.5205 0.7677, 1.0249 0.5192 0.7677, 1.0283 0.5133 0.7677, 1.0208 0.5187 0.7677, 1.0186 0.5188 0.7677, 1.0226 0.5276 0.7677, 1.0248 0.5285 0.7677, 1.0412 0.537 0.7677, 1.0367 0.5282 0.7677, 1.0726 0.5133 0.7677, 1.033 0.5238 0.7677, 1.0323 0.5231 0.7677, 1.0288 0.5207 0.7677, 1.0883 0.5817 0.7677, 1.0883 0.5548 0.7677, 1.1033 0.5548 0.7677, 1.1211 0.5548 0.7677, 1.1211 0.5456 0.7677, 1.1033 0.545 0.7677, 1.117 0.5817 0.7677, 1.1033 0.5817 0.7677, 1.0883 0.6149 0.7677, 1.0883 0.5909 0.7677, 1.1033 0.5909 0.7677, 1.0883 0.6165 0.7677, 1.1033 0.6149 0.7677, 1.117 0.5909 0.7677, 1.078 0.5456 0.7677, 1.078 0.6149 0.7677, 1.078 0.6257 0.7677, 1.1033 0.5456 0.7677, 1.0097 0.9365 0.7677, 1.0283 0.9365 0.7677, 1.0726 0.9365 0.7677, 1.1033 0.9365 0.7677, 1.1286 0.9365 0.7677, 1.5073 0.9365 0.7677, 0.9005 0.9365 0.7677, 0.8562 0.6727 0.7677, 0.8562 0.7527 0.7677, 0.8985 0.6727 0.7677, 1.1033 0.6257 0.7677, 1.1192 0.6257 0.7677, 1.1192 0.6165 0.7677, 1.1033 0.6165 0.7677, 1.1033 0.5133 0.7677, 1.1286 0.5133 0.7677, 1.5073 0.5133 0.7677, 0.9005 0.5133 0.7677, 0.9005 -0.9365 0.7677, 0.9053 -0.9365 0.7677, 0.9731 -0.9365 0.7677, 1.0097 -0.9365 0.7677, 1.0283 -0.9365 0.7677, 1.0726 -0.9365 0.7677, 1.1033 -0.9365 0.7677, 1.1286 -0.9365 0.7677, 1.5073 -0.9365 0.7677, -1.5073 -0.9365 0.7677, -1.2474 -0.7797 0.7677, -1.2812 -0.7656 0.7677, -1.0705 -0.6439 0.7677, -1.0753 -0.6803 0.7677, -1.0893 -0.7142 0.7677, -1.1117 -0.7433 0.7677, -1.1407 -0.7656 0.7677, -1.1746 -0.7797 0.7677, -1.211 -0.7844 0.7677, -1.3103 -0.7433 0.7677, -1.3327 -0.7142 0.7677, -1.3467 -0.6803 0.7677, -1.2474 -0.5082 0.7677, -1.5073 0.5133 0.7677, -1.2812 -0.5223 0.7677, -1.3103 -0.5446 0.7677, -1.3515 -0.6439 0.7677, -1.3467 -0.6076 0.7677, -1.3327 -0.5737 0.7677, -1.211 -0.5035 0.7677, -1.1746 -0.5082 0.7677, -1.1407 -0.5223 0.7677, -1.5073 0.545 0.7677, -1.5073 0.6149 0.7677, -1.5073 0.672 0.7677, -1.5073 0.7534 0.7677, -1.5073 0.9365 0.7677, -1.1117 -0.5446 0.7677, -1.0893 -0.5737 0.7677, -1.0753 -0.6076 0.7677, 1.6142 -0.9843 0.3839, 1.6142 0.9843 0.3839, 1.6142 -0.9843 0.4429, 1.6142 0.9843 0.4429, 1.4665 1.0433 0.4429, 1.5551 1.0433 0.4429, 1.4665 1.0433 0.3839, 1.5551 1.0433 0.3839, -1.6142 0.9843 0.3839, -1.6142 -0.9843 0.3839, -1.6142 0.9843 0.4429, -1.6142 -0.9843 0.4429, 1.4665 -1.0433 0.3839, 1.5551 -1.0433 0.3839, 1.4665 -1.0433 0.4429, 1.5551 -1.0433 0.4429, -1.5073 -0.9365 0.0591, -1.5073 0.9365 0.0591, 1.5073 -0.9365 0.0591, 1.5073 0.9365 0.0591, 1.556 -1.0433 0.3838, 1.5073 -0.9946 0.1079, -1.5073 -0.9946 0.1079, -1.556 -1.0433 0.3838, 1.6142 -0.9851 0.3838, 1.5655 -0.9365 0.1079, 1.5655 0.9365 0.1079, 1.6142 0.9851 0.3838, -1.6142 0.9851 0.3838, -1.5655 0.9365 0.1079, -1.5655 -0.9365 0.1079, -1.6142 -0.9851 0.3838, -1.556 1.0433 0.3838, -1.5073 0.9946 0.1079, 1.5073 0.9946 0.1079, 1.556 1.0433 0.3838, 1.556 1.0433 0.443, 1.5073 0.9946 0.7189, -1.5073 0.9946 0.7189, -1.556 1.0433 0.443, -1.6142 -0.9851 0.443, -1.5655 -0.9365 0.7189, -1.5655 0.9365 0.7189, -1.6142 0.9851 0.443, 1.6142 0.9851 0.443, 1.5655 0.9365 0.7189, 1.5655 -0.9365 0.7189, 1.6142 -0.9851 0.443, -1.556 -1.0433 0.443, -1.5073 -0.9946 0.7189, 1.5073 -0.9946 0.7189, 1.556 -1.0433 0.443, 1.5073 0.9501 0.7661, -1.5073 0.9501 0.7661, -1.5073 0.9502 0.7661, 1.5073 0.9502 0.7661, -1.5073 0.963 0.7614, 1.5073 0.963 0.7614, -1.5073 0.9631 0.7614, 1.5073 0.9631 0.7614, -1.5073 0.9744 0.7539, 1.5073 0.9744 0.7539, -1.5073 0.9746 0.7537, 1.5073 0.9746 0.7537, -1.5073 0.9838 0.7439, 1.5073 0.9838 0.7439, -1.5073 0.984 0.7437, 1.5073 0.984 0.7437, -1.5073 0.9907 0.732, 1.5073 0.9907 0.732, -1.5073 0.9909 0.7317, 1.5073 0.9909 0.7317, 1.5172 0.9733 0.7537, 1.5142 0.9622 0.7614, 1.5109 0.9497 0.7661, 1.5142 0.9483 0.7661, 1.5192 0.9433 0.7661, 1.517 0.9462 0.7661, 1.5206 0.94 0.7661, 1.5214 0.989 0.7317, 1.5223 0.9922 0.7211, 1.5221 0.9923 0.7211, 1.5359 0.9863 0.7225, 1.5345 0.9836 0.7317, 1.536 0.9862 0.7225, 1.5458 0.9749 0.7317, 1.5479 0.977 0.7229, 1.5544 0.9637 0.7317, 1.5571 0.9652 0.7225, 1.5571 0.9651 0.7225, 1.5599 0.9506 0.7317, 1.5631 0.9514 0.7211, 1.5632 0.9513 0.7211, 1.5617 0.9365 0.7317, 1.521 0.9365 0.7661, 1.5207 0.9596 0.7614, 1.5262 0.9553 0.7614, 1.5304 0.9498 0.7614, 1.5331 0.9434 0.7614, 1.521 0.9365 0.7661, 1.5338 0.9365 0.7614, 1.534 0.9365 0.7614, 1.5453 0.9365 0.7539, 1.5264 0.9695 0.7537, 1.5343 0.9635 0.7537, 1.5404 0.9556 0.7537, 1.5442 0.9464 0.7537, 1.5197 0.9824 0.7437, 1.5311 0.9777 0.7437, 1.541 0.9701 0.7437, 1.5485 0.9603 0.7437, 1.5533 0.9488 0.7437, 1.5455 0.9365 0.7537, 1.5547 0.9365 0.7439, 1.5549 0.9365 0.7437, 1.5615 0.9365 0.732, -1.5547 0.9365 0.7439, -1.5455 0.9365 0.7537, -1.5442 0.9464 0.7537, -1.5331 0.9434 0.7614, -1.5206 0.94 0.7661, -1.5192 0.9433 0.7661, -1.5142 0.9483 0.7661, -1.517 0.9462 0.7661, -1.5109 0.9497 0.7661, -1.521 0.9365 0.7661, -1.5599 0.9506 0.7317, -1.5631 0.9514 0.7211, -1.5632 0.9513 0.7211, -1.5571 0.9651 0.7225, -1.5544 0.9637 0.7317, -1.5571 0.9652 0.7225, -1.5458 0.9749 0.7317, -1.5479 0.977 0.7229, -1.5345 0.9836 0.7317, -1.536 0.9862 0.7225, -1.5359 0.9863 0.7225, -1.5214 0.989 0.7317, -1.5223 0.9922 0.7211, -1.5221 0.9923 0.7211, -1.5453 0.9365 0.7539, -1.534 0.9365 0.7614, -1.5338 0.9365 0.7614, -1.521 0.9365 0.7661, -1.5304 0.9498 0.7614, -1.5262 0.9553 0.7614, -1.5207 0.9596 0.7614, -1.5142 0.9622 0.7614, -1.5404 0.9556 0.7537, -1.5343 0.9635 0.7537, -1.5264 0.9695 0.7537, -1.5172 0.9733 0.7537, -1.5615 0.9365 0.732, -1.5549 0.9365 0.7437, -1.5533 0.9488 0.7437, -1.5485 0.9603 0.7437, -1.541 0.9701 0.7437, -1.5311 0.9777 0.7437, -1.5197 0.9824 0.7437, -1.5617 0.9365 0.7317, 1.521 -0.9365 0.7661, 1.5617 -0.9365 0.7317, 1.5615 -0.9365 0.732, 1.5549 -0.9365 0.7437, 1.5547 -0.9365 0.7439, 1.5455 -0.9365 0.7537, 1.5453 -0.9365 0.7539, 1.534 -0.9365 0.7614, 1.5338 -0.9365 0.7614, 1.521 -0.9365 0.7661, 1.5849 1.0352 0.4448, 1.5846 1.0354 0.4447, 1.571 1.0411 0.4441, 1.5704 1.0412 0.444, 1.5969 1.026 0.445, 1.6061 1.014 0.4448, 1.6062 1.0138 0.4447, 1.612 1.0001 0.4441, 1.6121 0.9995 0.444, -1.6124 0.9974 0.4439, -1.612 1.0001 0.4441, -1.6079 1.0097 0.4445, -1.6061 1.014 0.4448, -1.6009 1.0208 0.4449, -1.5969 1.026 0.445, -1.5916 1.03 0.4449, -1.5849 1.0352 0.4448, -1.5806 1.0371 0.4445, -1.571 1.0411 0.4441, -1.5682 1.0415 0.4439, -1.5617 -0.9365 0.7317, -1.5615 -0.9365 0.732, -1.5549 -0.9365 0.7437, -1.5547 -0.9365 0.7439, -1.5455 -0.9365 0.7537, -1.5453 -0.9365 0.7539, -1.534 -0.9365 0.7614, -1.5338 -0.9365 0.7614, -1.521 -0.9365 0.7661, -1.521 -0.9365 0.7661, 1.5073 -0.9501 0.7661, -1.5073 -0.9909 0.7317, 1.5073 -0.9909 0.7317, -1.5073 -0.9907 0.732, 1.5073 -0.9907 0.732, -1.5073 -0.984 0.7437, 1.5073 -0.984 0.7437, -1.5073 -0.9838 0.7439, 1.5073 -0.9838 0.7439, -1.5073 -0.9746 0.7537, 1.5073 -0.9746 0.7537, -1.5073 -0.9744 0.7539, 1.5073 -0.9744 0.7539, -1.5073 -0.9631 0.7614, 1.5073 -0.9631 0.7614, -1.5073 -0.963 0.7614, 1.5073 -0.963 0.7614, -1.5073 -0.9502 0.7661, 1.5073 -0.9502 0.7661, -1.5073 -0.9501 0.7661, 1.5442 -0.9464 0.7537, 1.5331 -0.9434 0.7614, 1.5206 -0.94 0.7661, 1.5192 -0.9433 0.7661, 1.5142 -0.9483 0.7661, 1.517 -0.9462 0.7661, 1.5109 -0.9497 0.7661, 1.5599 -0.9506 0.7317, 1.5631 -0.9514 0.7211, 1.5632 -0.9513 0.7211, 1.5571 -0.9651 0.7225, 1.5544 -0.9637 0.7317, 1.5571 -0.9652 0.7225, 1.5458 -0.9749 0.7317, 1.5479 -0.977 0.7229, 1.5345 -0.9836 0.7317, 1.536 -0.9862 0.7225, 1.5359 -0.9863 0.7225, 1.5214 -0.989 0.7317, 1.5223 -0.9922 0.7211, 1.5221 -0.9923 0.7211, 1.5304 -0.9498 0.7614, 1.5262 -0.9553 0.7614, 1.5207 -0.9596 0.7614, 1.5142 -0.9622 0.7614, 1.5404 -0.9556 0.7537, 1.5343 -0.9635 0.7537, 1.5264 -0.9695 0.7537, 1.5172 -0.9733 0.7537, 1.5533 -0.9488 0.7437, 1.5485 -0.9603 0.7437, 1.541 -0.9701 0.7437, 1.5311 -0.9777 0.7437, 1.5197 -0.9824 0.7437, 1.5704 1.0412 0.3828, 1.571 1.0411 0.3827, 1.5846 1.0354 0.382, 1.5849 1.0352 0.382, 1.5969 1.026 0.3818, 1.6061 1.014 0.382, 1.6062 1.0138 0.382, 1.612 1.0001 0.3827, 1.6121 0.9995 0.3828, -1.5682 1.0415 0.3829, -1.571 1.0411 0.3827, -1.5806 1.0371 0.3822, -1.5849 1.0352 0.382, -1.5916 1.03 0.3819, -1.5969 1.026 0.3818, -1.6009 1.0208 0.3819, -1.6061 1.014 0.382, -1.6079 1.0097 0.3822, -1.612 1.0001 0.3827, -1.6124 0.9974 0.3829, -1.5179 -0.9829 0.7437, -1.5158 -0.9737 0.7537, -1.5133 -0.9625 0.7614, -1.5104 -0.9498 0.7661, -1.5133 -0.9488 0.7661, -1.5197 -0.9424 0.7661, -1.5181 -0.945 0.7661, -1.5207 -0.9395 0.7661, -1.5202 -0.9926 0.7208, -1.5195 -0.9895 0.7317, -1.5221 -0.9923 0.7211, -1.5309 -0.9855 0.7317, -1.5479 -0.977 0.7229, -1.5428 -0.9809 0.7228, -1.5413 -0.979 0.7317, -1.5359 -0.9863 0.7225, -1.5321 -0.9879 0.7221, -1.5518 -0.9719 0.7228, -1.5499 -0.9704 0.7317, -1.5571 -0.9651 0.7225, -1.5564 -0.9601 0.7317, -1.5588 -0.9613 0.7221, -1.5632 -0.9513 0.7211, -1.5604 -0.9486 0.7317, -1.5635 -0.9493 0.7208, -1.524 -0.9573 0.7614, -1.5282 -0.9531 0.7614, -1.5314 -0.948 0.7614, -1.5333 -0.9424 0.7614, -1.5189 -0.9605 0.7614, -1.5159 -0.9472 0.7661, -1.5239 -0.9709 0.7537, -1.5311 -0.9663 0.7537, -1.5372 -0.9603 0.7537, -1.5417 -0.953 0.7537, -1.5445 -0.945 0.7537, -1.528 -0.9793 0.7437, -1.537 -0.9737 0.7437, -1.5445 -0.9661 0.7437, -1.5502 -0.9571 0.7437, -1.5537 -0.9471 0.7437, 1.6061 -1.014 0.4448, 1.6062 -1.0138 0.4447, 1.612 -1.0001 0.4441, 1.6121 -0.9995 0.444, 1.5969 -1.026 0.445, 1.5849 -1.0352 0.4448, 1.5846 -1.0354 0.4447, 1.571 -1.0411 0.4441, 1.5704 -1.0412 0.444, 1.5632 0.9513 0.1057, 1.5631 0.9514 0.1056, 1.5571 0.9651 0.1043, 1.5571 0.9652 0.1043, 1.5479 0.977 0.1038, 1.536 0.9862 0.1043, 1.5359 0.9863 0.1043, 1.5223 0.9922 0.1056, 1.5221 0.9923 0.1057, -1.5073 0.9909 0.0951, 1.5073 0.9909 0.0951, -1.5073 0.9907 0.0947, 1.5073 0.9907 0.0947, -1.5073 0.984 0.0831, 1.5073 0.984 0.0831, -1.5073 0.9838 0.0829, 1.5073 0.9838 0.0829, -1.5073 0.9746 0.073, 1.5073 0.9746 0.073, -1.5073 0.9744 0.0729, 1.5073 0.9744 0.0729, -1.5073 0.9631 0.0654, 1.5073 0.9631 0.0654, -1.5073 0.963 0.0654, 1.5073 0.963 0.0654, -1.5073 0.9502 0.0607, 1.5073 0.9502 0.0607, -1.5073 0.9501 0.0607, 1.5073 0.9501 0.0607, -1.5221 0.9923 0.1057, -1.5359 0.9863 0.1043, -1.5223 0.9922 0.1056, -1.536 0.9862 0.1043, -1.5479 0.977 0.1038, -1.5571 0.9652 0.1043, -1.5571 0.9651 0.1043, -1.5631 0.9514 0.1056, -1.5632 0.9513 0.1057, -1.5704 -1.0412 0.444, -1.571 -1.0411 0.4441, -1.5846 -1.0354 0.4447, -1.5849 -1.0352 0.4448, -1.5969 -1.026 0.445, -1.6121 -0.9995 0.444, -1.612 -1.0001 0.4441, -1.6062 -1.0138 0.4447, -1.6061 -1.014 0.4448, 1.6121 -0.9995 0.3828, 1.612 -1.0001 0.3827, 1.6062 -1.0138 0.382, 1.6061 -1.014 0.382, 1.5969 -1.026 0.3818, 1.5849 -1.0352 0.382, 1.5846 -1.0354 0.382, 1.571 -1.0411 0.3827, 1.5704 -1.0412 0.3828, 1.521 0.9365 0.0607, 1.5206 0.94 0.0607, 1.5142 0.9622 0.0654, 1.5172 0.9733 0.073, 1.5197 0.9824 0.0831, 1.5214 0.989 0.0951, 1.5345 0.9836 0.0951, 1.5617 0.9365 0.0951, 1.5599 0.9506 0.0951, 1.5615 0.9365 0.0947, 1.5533 0.9488 0.0831, 1.5311 0.9777 0.0831, 1.5458 0.9749 0.0951, 1.5549 0.9365 0.0831, 1.5547 0.9365 0.0829, 1.5442 0.9464 0.073, 1.5264 0.9695 0.073, 1.541 0.9701 0.0831, 1.5455 0.9365 0.073, 1.5453 0.9365 0.0729, 1.5331 0.9434 0.0654, 1.5343 0.9635 0.073, 1.5207 0.9596 0.0654, 1.5109 0.9497 0.0607, 1.5544 0.9637 0.0951, 1.5485 0.9603 0.0831, 1.5404 0.9556 0.073, 1.5304 0.9498 0.0654, 1.5192 0.9433 0.0607, 1.5262 0.9553 0.0654, 1.5142 0.9483 0.0607, 1.517 0.9462 0.0607, 1.534 0.9365 0.0654, 1.5338 0.9365 0.0654, 1.521 0.9365 0.0607, -1.5109 0.9497 0.0607, -1.5338 0.9365 0.0654, -1.534 0.9365 0.0654, -1.5331 0.9434 0.0654, -1.5453 0.9365 0.0729, -1.5455 0.9365 0.073, -1.5442 0.9464 0.073, -1.5533 0.9488 0.0831, -1.5599 0.9506 0.0951, -1.5544 0.9637 0.0951, -1.5214 0.989 0.0951, -1.5617 0.9365 0.0951, -1.5615 0.9365 0.0947, -1.5549 0.9365 0.0831, -1.5547 0.9365 0.0829, -1.5197 0.9824 0.0831, -1.5485 0.9603 0.0831, -1.5458 0.9749 0.0951, -1.5172 0.9733 0.073, -1.5404 0.9556 0.073, -1.541 0.9701 0.0831, -1.5142 0.9622 0.0654, -1.5343 0.9635 0.073, -1.5304 0.9498 0.0654, -1.5206 0.94 0.0607, -1.5345 0.9836 0.0951, -1.5311 0.9777 0.0831, -1.5264 0.9695 0.073, -1.5207 0.9596 0.0654, -1.5142 0.9483 0.0607, -1.521 0.9365 0.0607, -1.521 0.9365 0.0607, -1.5262 0.9553 0.0654, -1.5192 0.9433 0.0607, -1.517 0.9462 0.0607, -1.6121 -0.9995 0.3828, -1.612 -1.0001 0.3827, -1.6062 -1.0138 0.382, -1.6061 -1.014 0.382, -1.5969 -1.026 0.3818, -1.5849 -1.0352 0.382, -1.5846 -1.0354 0.382, -1.571 -1.0411 0.3827, -1.5704 -1.0412 0.3828, 1.5202 -0.9926 0.106, 1.5221 -0.9923 0.1057, 1.5321 -0.9879 0.1047, 1.5359 -0.9863 0.1043, 1.5428 -0.9809 0.104, 1.5635 -0.9493 0.106, 1.5632 -0.9513 0.1057, 1.5588 -0.9613 0.1047, 1.5571 -0.9651 0.1043, 1.5518 -0.9719 0.104, 1.5479 -0.977 0.1038, 1.5617 -0.9365 0.0951, 1.5615 -0.9365 0.0947, 1.5549 -0.9365 0.0831, 1.5547 -0.9365 0.0829, 1.5455 -0.9365 0.073, 1.5453 -0.9365 0.0729, 1.534 -0.9365 0.0654, 1.5338 -0.9365 0.0654, 1.521 -0.9365 0.0607, 1.521 -0.9365 0.0607, -1.5617 -0.9365 0.0951, -1.5615 -0.9365 0.0947, -1.5549 -0.9365 0.0831, -1.5547 -0.9365 0.0829, -1.5455 -0.9365 0.073, -1.5453 -0.9365 0.0729, -1.534 -0.9365 0.0654, -1.5338 -0.9365 0.0654, -1.521 -0.9365 0.0607, -1.521 -0.9365 0.0607, -1.5635 -0.9493 0.106, -1.5632 -0.9513 0.1057, -1.5588 -0.9613 0.1047, -1.5571 -0.9651 0.1043, -1.5518 -0.9719 0.104, -1.5202 -0.9926 0.106, -1.5221 -0.9923 0.1057, -1.5321 -0.9879 0.1047, -1.5359 -0.9863 0.1043, -1.5428 -0.9809 0.104, -1.5479 -0.977 0.1038, 1.5073 -0.9501 0.0607, 1.5104 -0.9498 0.0607, 1.5181 -0.945 0.0607, 1.5159 -0.9472 0.0607, 1.5333 -0.9424 0.0654, 1.5445 -0.945 0.073, 1.5537 -0.9471 0.0831, 1.5604 -0.9486 0.0951, 1.5564 -0.9601 0.0951, 1.5413 -0.979 0.0951, 1.5309 -0.9855 0.0951, 1.5195 -0.9895 0.0951, 1.5073 -0.9909 0.0951, 1.5073 -0.9907 0.0947, 1.5179 -0.9829 0.0831, 1.5502 -0.9571 0.0831, 1.5499 -0.9704 0.0951, 1.5073 -0.984 0.0831, 1.5073 -0.9838 0.0829, 1.5158 -0.9737 0.073, 1.5417 -0.953 0.073, 1.5445 -0.9661 0.0831, 1.5073 -0.9746 0.073, 1.5073 -0.9744 0.0729, 1.5133 -0.9625 0.0654, 1.537 -0.9737 0.0831, 1.5372 -0.9603 0.073, 1.5314 -0.948 0.0654, 1.5207 -0.9395 0.0607, 1.524 -0.9573 0.0654, 1.528 -0.9793 0.0831, 1.5239 -0.9709 0.073, 1.5189 -0.9605 0.0654, 1.5133 -0.9488 0.0607, 1.5311 -0.9663 0.073, 1.5282 -0.9531 0.0654, 1.5197 -0.9424 0.0607, 1.5073 -0.9631 0.0654, 1.5073 -0.963 0.0654, 1.5073 -0.9502 0.0607, -1.5207 -0.9395 0.0607, -1.5159 -0.9472 0.0607, -1.5181 -0.945 0.0607, -1.5073 -0.963 0.0654, -1.5073 -0.9631 0.0654, -1.5133 -0.9625 0.0654, -1.5073 -0.9744 0.0729, -1.5073 -0.9746 0.073, -1.5158 -0.9737 0.073, -1.5179 -0.9829 0.0831, -1.5195 -0.9895 0.0951, -1.5309 -0.9855 0.0951, -1.5564 -0.9601 0.0951, -1.5604 -0.9486 0.0951, -1.5413 -0.979 0.0951, -1.5073 -0.9909 0.0951, -1.5073 -0.9907 0.0947, -1.5073 -0.984 0.0831, -1.5073 -0.9838 0.0829, -1.5537 -0.9471 0.0831, -1.528 -0.9793 0.0831, -1.5445 -0.945 0.073, -1.5239 -0.9709 0.073, -1.537 -0.9737 0.0831, -1.5499 -0.9704 0.0951, -1.5333 -0.9424 0.0654, -1.5445 -0.9661 0.0831, -1.5311 -0.9663 0.073, -1.5189 -0.9605 0.0654, -1.5104 -0.9498 0.0607, -1.5282 -0.9531 0.0654, -1.5502 -0.9571 0.0831, -1.5417 -0.953 0.073, -1.5314 -0.948 0.0654, -1.5197 -0.9424 0.0607, -1.5073 -0.9501 0.0607, -1.5073 -0.9502 0.0607, -1.5372 -0.9603 0.073, -1.524 -0.9573 0.0654, -1.5133 -0.9488 0.0607
            ]
        }
        coordIndex [
            0,1,2,-1,2,1,3,-1,4,5,6,-1,6,5,7,-1,8,9,10,-1,10,9,11,-1,12,13,14,-1,14,13,15,-1,16,17,18,-1,18,17,19,-1,20,21,22,-1,22,21,23,-1,24,25,26,-1,26,25,27,-1,28,29,30,-1,30,29,31,-1,32,33,34,-1,34,33,35,-1,36,37,38,-1,38,37,39,-1,40,41,42,-1,42,41,43,-1,44,45,46,-1,46,45,47,-1,48,49,50,-1,50,49,51,-1,52,53,54,-1,54,53,55,-1,56,57,58,-1,58,57,59,-1,60,61,62,-1,62,61,63,-1,64,65,66,-1,66,65,67,-1,68,69,70,-1,70,69,71,-1,72,73,74,-1,74,73,75,-1,76,77,78,-1,78,77,79,-1,80,81,82,-1,82,81,83,-1,84,85,86,-1,86,85,87,-1,88,89,90,-1,90,89,91,-1,92,93,94,-1,94,93,95,-1,96,97,98,-1,99,100,101,-1,102,103,104,-1,105,106,107,-1,108,109,110,-1,111,112,113,-1,114,115,116,-1,116,115,117,-1,116,117,118,-1,119,120,117,-1,117,120,121,-1,117,121,122,-1,122,123,117,-1,117,123,124,-1,117,124,118,-1,125,126,127,-1,127,126,119,-1,125,127,128,-1,128,127,129,-1,128,129,130,-1,130,129,131,-1,131,129,132,-1,131,132,133,-1,113,112,132,-1,132,112,134,-1,132,134,135,-1,132,136,133,-1,133,136,137,-1,133,137,138,-1,138,137,139,-1,138,139,140,-1,135,141,132,-1,132,141,142,-1,132,142,136,-1,143,144,113,-1,113,144,145,-1,113,145,111,-1,146,147,148,-1,146,148,149,-1,147,150,148,-1,148,150,151,-1,148,151,143,-1,143,151,152,-1,143,152,144,-1,153,149,154,-1,154,149,148,-1,154,148,155,-1,155,148,156,-1,157,158,159,-1,159,158,160,-1,159,160,161,-1,160,162,161,-1,161,162,163,-1,161,163,164,-1,164,163,165,-1,164,165,148,-1,148,165,166,-1,148,166,156,-1,167,168,169,-1,169,168,170,-1,170,171,169,-1,169,171,172,-1,169,172,157,-1,173,174,175,-1,176,177,178,-1,179,180,181,-1,176,178,182,-1,177,183,178,-1,178,183,184,-1,178,184,185,-1,173,175,181,-1,181,175,186,-1,181,186,179,-1,187,188,189,-1,189,188,190,-1,189,190,178,-1,178,190,191,-1,178,191,182,-1,178,192,193,-1,194,195,167,-1,167,195,196,-1,167,196,197,-1,197,198,167,-1,167,198,199,-1,167,199,200,-1,200,199,187,-1,200,187,201,-1,201,187,189,-1,180,202,181,-1,181,202,203,-1,181,203,167,-1,167,203,204,-1,167,204,194,-1,185,205,178,-1,178,205,206,-1,178,206,207,-1,207,208,178,-1,178,208,209,-1,178,209,192,-1,210,211,212,-1,210,212,213,-1,193,214,178,-1,178,214,215,-1,178,215,216,-1,216,215,217,-1,216,217,218,-1,219,220,221,-1,221,220,222,-1,221,222,223,-1,224,225,226,-1,226,225,221,-1,226,221,227,-1,227,221,223,-1,216,228,229,-1,218,230,216,-1,216,230,231,-1,216,231,228,-1,232,233,234,-1,234,233,216,-1,234,216,235,-1,235,216,229,-1,232,212,233,-1,233,212,211,-1,233,211,110,-1,110,211,236,-1,110,236,108,-1,237,238,224,-1,224,238,239,-1,224,239,225,-1,237,240,238,-1,238,240,241,-1,238,241,242,-1,243,244,245,-1,244,246,245,-1,245,246,247,-1,245,247,248,-1,220,245,249,-1,219,213,220,-1,220,213,212,-1,220,212,245,-1,245,212,250,-1,245,250,243,-1,249,251,220,-1,220,251,252,-1,220,252,253,-1,248,247,254,-1,254,247,255,-1,254,255,256,-1,256,255,257,-1,256,257,258,-1,259,260,253,-1,253,260,261,-1,253,261,220,-1,114,262,115,-1,115,262,263,-1,115,263,173,-1,173,263,264,-1,173,264,174,-1,265,266,267,-1,265,267,268,-1,269,270,271,-1,271,270,272,-1,271,272,273,-1,273,272,274,-1,273,274,275,-1,276,277,278,-1,278,277,279,-1,278,279,280,-1,280,281,278,-1,278,281,270,-1,278,270,282,-1,282,270,269,-1,282,269,283,-1,283,269,284,-1,266,285,267,-1,267,285,286,-1,267,286,278,-1,278,286,287,-1,278,287,276,-1,288,289,290,-1,290,289,291,-1,290,291,292,-1,292,291,293,-1,292,293,294,-1,274,295,275,-1,275,295,292,-1,275,292,296,-1,296,292,294,-1,294,297,296,-1,296,297,298,-1,296,298,267,-1,267,298,299,-1,267,299,268,-1,300,301,302,-1,302,301,303,-1,304,305,306,-1,306,305,307,-1,303,306,302,-1,302,306,307,-1,302,307,308,-1,308,307,309,-1,308,309,310,-1,311,115,312,-1,312,115,173,-1,312,173,310,-1,310,173,181,-1,310,181,308,-1,313,300,314,-1,314,300,302,-1,314,302,315,-1,315,302,316,-1,315,316,311,-1,317,318,319,-1,319,318,292,-1,319,292,320,-1,320,292,295,-1,320,295,321,-1,321,295,322,-1,321,322,323,-1,318,324,292,-1,292,324,325,-1,292,325,326,-1,326,325,327,-1,326,327,328,-1,328,327,329,-1,328,329,323,-1,323,329,330,-1,323,330,321,-1,331,332,333,-1,333,332,334,-1,335,336,337,-1,337,336,338,-1,331,333,339,-1,339,333,340,-1,339,340,341,-1,341,340,342,-1,341,342,343,-1,342,344,343,-1,343,344,345,-1,343,345,346,-1,347,348,349,-1,337,342,335,-1,335,342,340,-1,335,340,350,-1,350,340,351,-1,350,351,349,-1,349,351,352,-1,349,352,347,-1,338,336,353,-1,353,336,354,-1,353,354,347,-1,355,356,354,-1,354,356,357,-1,354,357,358,-1,359,360,348,-1,360,361,348,-1,348,361,362,-1,348,362,363,-1,364,365,359,-1,347,354,348,-1,348,354,358,-1,348,358,359,-1,359,358,366,-1,359,366,364,-1,365,367,359,-1,359,367,368,-1,359,368,369,-1,369,370,359,-1,359,370,371,-1,359,371,372,-1,372,373,359,-1,359,373,374,-1,359,374,375,-1,376,377,375,-1,375,377,378,-1,375,378,359,-1,379,380,381,-1,376,382,377,-1,377,382,383,-1,377,383,381,-1,381,383,384,-1,381,384,379,-1,385,355,386,-1,386,355,387,-1,107,388,389,-1,389,390,107,-1,107,390,391,-1,107,391,105,-1,392,393,107,-1,107,393,394,-1,107,394,388,-1,395,396,316,-1,316,396,397,-1,316,397,392,-1,392,397,398,-1,392,398,393,-1,399,400,401,-1,400,402,401,-1,401,402,403,-1,401,403,404,-1,399,401,405,-1,405,401,406,-1,405,406,407,-1,407,406,408,-1,408,406,409,-1,408,409,363,-1,410,411,326,-1,412,413,328,-1,328,413,414,-1,415,416,417,-1,417,416,326,-1,417,326,418,-1,418,326,411,-1,414,419,328,-1,328,419,420,-1,328,420,421,-1,421,422,328,-1,328,422,423,-1,328,423,326,-1,326,423,424,-1,326,424,410,-1,335,425,412,-1,412,425,426,-1,412,426,413,-1,415,427,416,-1,416,427,428,-1,416,428,350,-1,350,428,429,-1,350,429,335,-1,335,429,430,-1,335,430,425,-1,431,432,433,-1,434,435,406,-1,436,437,438,-1,431,433,439,-1,440,441,442,-1,443,444,434,-1,434,444,445,-1,434,445,446,-1,446,445,438,-1,446,438,447,-1,447,438,437,-1,441,448,442,-1,442,448,449,-1,442,449,450,-1,451,452,433,-1,433,452,453,-1,433,453,439,-1,450,454,442,-1,442,454,455,-1,442,455,406,-1,406,455,456,-1,406,456,434,-1,434,456,457,-1,434,457,443,-1,458,459,460,-1,460,459,461,-1,460,461,462,-1,462,461,463,-1,464,465,438,-1,438,465,466,-1,438,466,467,-1,468,469,470,-1,470,469,471,-1,472,473,474,-1,474,473,475,-1,474,475,476,-1,435,477,406,-1,406,477,478,-1,406,478,479,-1,463,480,462,-1,462,480,481,-1,462,481,482,-1,482,481,470,-1,482,470,483,-1,483,470,471,-1,467,484,438,-1,438,484,485,-1,438,485,436,-1,432,486,487,-1,487,486,488,-1,488,486,489,-1,488,489,490,-1,472,458,473,-1,473,458,460,-1,473,460,491,-1,491,460,492,-1,491,492,493,-1,493,492,494,-1,493,494,495,-1,495,494,496,-1,497,496,487,-1,487,496,494,-1,487,494,432,-1,432,494,492,-1,432,492,433,-1,498,499,500,-1,501,502,500,-1,503,504,409,-1,479,468,406,-1,406,468,470,-1,406,470,409,-1,409,470,505,-1,409,505,503,-1,506,507,104,-1,507,508,104,-1,104,508,509,-1,104,509,510,-1,504,511,409,-1,409,511,512,-1,409,512,498,-1,498,512,513,-1,498,513,499,-1,510,514,104,-1,104,514,515,-1,104,515,102,-1,516,517,518,-1,518,517,519,-1,518,519,520,-1,518,521,516,-1,516,521,522,-1,516,522,523,-1,523,524,516,-1,516,524,525,-1,516,525,526,-1,526,525,527,-1,526,527,528,-1,528,527,529,-1,528,529,500,-1,500,529,530,-1,500,530,501,-1,531,532,520,-1,520,532,533,-1,520,533,518,-1,534,535,476,-1,476,535,536,-1,476,536,474,-1,534,537,535,-1,535,537,538,-1,535,538,539,-1,539,538,540,-1,539,541,542,-1,540,543,539,-1,539,543,544,-1,539,544,545,-1,545,546,539,-1,539,546,547,-1,539,547,541,-1,542,548,539,-1,539,548,549,-1,539,549,550,-1,551,552,553,-1,554,555,556,-1,556,555,557,-1,556,557,558,-1,558,557,551,-1,558,551,559,-1,559,551,553,-1,560,561,104,-1,104,561,562,-1,502,506,500,-1,500,506,104,-1,500,104,498,-1,498,104,562,-1,498,562,555,-1,555,562,563,-1,555,563,557,-1,564,561,565,-1,565,561,560,-1,565,560,566,-1,567,568,569,-1,570,571,560,-1,560,571,572,-1,560,572,566,-1,497,487,103,-1,103,487,567,-1,103,567,104,-1,104,567,569,-1,104,569,560,-1,560,569,573,-1,560,573,574,-1,575,576,577,-1,577,576,578,-1,577,578,567,-1,567,578,579,-1,567,579,568,-1,574,580,560,-1,560,580,581,-1,560,581,570,-1,582,583,584,-1,582,584,100,-1,583,585,584,-1,584,585,586,-1,584,586,577,-1,577,586,587,-1,577,587,575,-1,588,589,590,-1,591,592,270,-1,270,592,593,-1,281,288,270,-1,270,288,290,-1,270,290,591,-1,591,290,594,-1,591,594,590,-1,590,594,595,-1,590,595,588,-1,596,597,598,-1,599,596,600,-1,600,596,598,-1,600,598,290,-1,290,598,601,-1,290,601,594,-1,602,603,554,-1,554,603,604,-1,592,605,593,-1,593,605,602,-1,593,602,101,-1,101,602,554,-1,101,554,99,-1,99,554,556,-1,355,354,387,-1,387,354,336,-1,387,336,606,-1,606,336,335,-1,606,335,607,-1,607,335,412,-1,607,412,608,-1,608,412,328,-1,608,328,609,-1,609,328,323,-1,609,323,610,-1,610,323,322,-1,610,322,611,-1,119,117,127,-1,127,117,392,-1,127,392,612,-1,612,392,107,-1,612,107,386,-1,386,107,106,-1,386,106,385,-1,311,316,115,-1,115,316,613,-1,115,613,117,-1,613,614,117,-1,117,614,96,-1,117,96,392,-1,392,96,98,-1,392,98,316,-1,316,98,615,-1,316,615,613,-1,363,409,348,-1,348,409,498,-1,348,498,349,-1,349,498,555,-1,349,555,350,-1,350,555,554,-1,350,554,416,-1,416,554,604,-1,416,604,326,-1,326,604,616,-1,326,616,292,-1,292,616,617,-1,292,617,290,-1,290,617,618,-1,290,618,600,-1,600,618,619,-1,600,619,599,-1,404,395,401,-1,401,395,316,-1,401,316,406,-1,406,316,302,-1,406,302,442,-1,442,302,308,-1,100,584,101,-1,101,584,620,-1,101,620,593,-1,593,620,621,-1,593,621,270,-1,270,621,622,-1,270,622,272,-1,167,169,181,-1,181,169,623,-1,181,623,308,-1,308,623,488,-1,308,488,442,-1,442,488,490,-1,442,490,440,-1,157,159,169,-1,169,159,624,-1,169,624,623,-1,623,624,625,-1,623,625,488,-1,488,625,626,-1,488,626,487,-1,487,626,627,-1,487,627,567,-1,567,627,628,-1,567,628,577,-1,577,628,629,-1,577,629,584,-1,584,629,630,-1,584,630,620,-1,620,630,631,-1,620,631,621,-1,621,631,632,-1,621,632,622,-1,633,634,635,-1,636,637,161,-1,161,637,638,-1,161,638,639,-1,639,640,161,-1,161,640,641,-1,161,641,633,-1,633,641,642,-1,633,642,634,-1,635,643,633,-1,633,643,644,-1,633,644,645,-1,646,647,648,-1,648,647,649,-1,645,650,633,-1,633,650,651,-1,633,651,647,-1,647,651,652,-1,647,652,649,-1,653,654,164,-1,164,654,655,-1,646,653,647,-1,647,653,164,-1,647,164,656,-1,656,164,148,-1,656,148,657,-1,657,148,143,-1,657,143,658,-1,658,143,113,-1,658,113,659,-1,659,113,132,-1,659,132,660,-1,660,132,129,-1,655,661,164,-1,164,661,662,-1,164,662,161,-1,161,662,663,-1,161,663,636,-1,664,665,666,-1,666,665,667,-1,668,669,670,-1,670,669,671,-1,672,673,674,-1,674,673,675,-1,676,677,678,-1,678,677,679,-1,680,681,682,-1,682,681,683,-1,684,677,685,-1,685,677,676,-1,685,676,3,-1,3,1,685,-1,685,1,7,-1,685,7,5,-1,5,11,685,-1,685,11,9,-1,685,9,15,-1,15,13,685,-1,685,13,19,-1,685,19,17,-1,17,23,685,-1,685,23,21,-1,685,21,686,-1,686,21,27,-1,27,25,686,-1,686,25,31,-1,686,31,29,-1,29,35,686,-1,686,35,33,-1,686,33,39,-1,39,37,686,-1,686,37,43,-1,686,43,41,-1,41,95,686,-1,686,95,93,-1,686,93,687,-1,664,688,689,-1,664,689,665,-1,665,689,690,-1,665,690,691,-1,692,693,672,-1,672,693,694,-1,672,694,673,-1,673,694,695,-1,696,88,697,-1,697,88,90,-1,697,90,84,-1,84,86,697,-1,697,86,80,-1,697,80,82,-1,82,76,697,-1,697,76,78,-1,697,78,72,-1,72,74,697,-1,697,74,68,-1,697,68,70,-1,70,64,697,-1,697,64,66,-1,697,66,698,-1,698,66,60,-1,60,62,698,-1,698,62,56,-1,698,56,58,-1,58,52,698,-1,698,52,54,-1,698,54,48,-1,48,50,698,-1,698,50,44,-1,698,44,46,-1,46,670,698,-1,698,670,671,-1,698,671,699,-1,700,669,701,-1,701,669,668,-1,701,668,47,-1,47,45,701,-1,701,45,51,-1,701,51,49,-1,49,55,701,-1,701,55,53,-1,701,53,59,-1,59,57,701,-1,701,57,63,-1,701,63,61,-1,61,67,701,-1,701,67,65,-1,701,65,702,-1,702,65,71,-1,71,69,702,-1,702,69,75,-1,702,75,73,-1,73,79,702,-1,702,79,77,-1,702,77,83,-1,83,81,702,-1,702,81,87,-1,702,87,85,-1,85,91,702,-1,702,91,89,-1,702,89,703,-1,704,705,675,-1,675,705,706,-1,675,706,674,-1,674,706,707,-1,708,709,667,-1,667,709,710,-1,667,710,666,-1,666,710,711,-1,712,92,713,-1,713,92,94,-1,713,94,40,-1,40,42,713,-1,713,42,36,-1,713,36,38,-1,38,32,713,-1,713,32,34,-1,713,34,28,-1,28,30,713,-1,713,30,24,-1,713,24,26,-1,26,20,713,-1,713,20,22,-1,713,22,714,-1,714,22,16,-1,16,18,714,-1,714,18,12,-1,714,12,14,-1,14,8,714,-1,714,8,10,-1,714,10,4,-1,4,6,714,-1,714,6,0,-1,714,0,2,-1,2,678,714,-1,714,678,679,-1,714,679,715,-1,129,127,716,-1,660,129,717,-1,717,129,716,-1,717,716,718,-1,718,716,719,-1,718,719,720,-1,720,719,721,-1,720,721,722,-1,722,721,723,-1,722,723,724,-1,724,723,725,-1,724,725,726,-1,726,725,727,-1,726,727,728,-1,728,727,729,-1,728,729,730,-1,730,729,731,-1,730,731,732,-1,732,731,733,-1,732,733,734,-1,734,733,735,-1,734,735,702,-1,702,735,701,-1,127,612,716,-1,716,612,386,-1,716,386,387,-1,387,606,716,-1,716,606,607,-1,716,607,608,-1,608,609,716,-1,716,609,610,-1,716,610,611,-1,729,727,736,-1,737,738,739,-1,611,740,741,-1,742,740,611,-1,739,738,611,-1,716,611,738,-1,743,744,745,-1,744,743,746,-1,746,743,747,-1,746,747,748,-1,748,747,749,-1,748,749,750,-1,750,749,751,-1,750,751,752,-1,752,751,753,-1,753,751,754,-1,753,754,755,-1,755,754,756,-1,756,754,757,-1,756,757,709,-1,758,742,611,-1,725,723,737,-1,737,723,721,-1,737,721,738,-1,738,721,719,-1,738,719,716,-1,759,741,760,-1,760,741,740,-1,760,740,761,-1,761,740,742,-1,761,742,762,-1,758,763,742,-1,742,763,764,-1,742,764,762,-1,762,764,765,-1,762,765,766,-1,736,759,767,-1,767,759,760,-1,767,760,768,-1,768,760,761,-1,768,761,769,-1,769,761,762,-1,769,762,770,-1,770,762,766,-1,733,731,771,-1,771,731,729,-1,729,736,771,-1,771,736,767,-1,771,767,772,-1,772,767,768,-1,772,768,773,-1,773,768,769,-1,773,769,774,-1,774,769,770,-1,774,770,775,-1,727,725,736,-1,736,725,737,-1,736,737,759,-1,759,737,739,-1,759,739,741,-1,741,739,611,-1,733,743,735,-1,735,743,745,-1,735,745,701,-1,766,776,770,-1,770,776,777,-1,770,777,775,-1,775,777,778,-1,775,778,779,-1,733,771,743,-1,743,771,772,-1,743,772,747,-1,747,772,773,-1,747,773,749,-1,749,773,774,-1,749,774,751,-1,751,774,775,-1,751,775,754,-1,754,775,779,-1,754,779,757,-1,780,781,782,-1,783,784,785,-1,660,786,787,-1,788,786,660,-1,785,784,660,-1,789,660,784,-1,790,791,792,-1,791,790,793,-1,793,790,794,-1,793,794,795,-1,795,794,796,-1,795,796,797,-1,797,796,798,-1,797,798,799,-1,799,798,800,-1,800,798,801,-1,800,801,802,-1,802,801,803,-1,803,801,734,-1,803,734,702,-1,717,788,660,-1,804,805,783,-1,783,805,806,-1,783,806,784,-1,784,806,807,-1,784,807,789,-1,808,787,809,-1,809,787,786,-1,809,786,810,-1,810,786,788,-1,810,788,811,-1,717,718,788,-1,788,718,720,-1,788,720,811,-1,811,720,722,-1,811,722,724,-1,782,808,812,-1,812,808,809,-1,812,809,813,-1,813,809,810,-1,813,810,814,-1,814,810,811,-1,814,811,815,-1,815,811,724,-1,816,817,818,-1,818,817,780,-1,780,782,818,-1,818,782,812,-1,818,812,819,-1,819,812,813,-1,819,813,820,-1,820,813,814,-1,820,814,821,-1,821,814,815,-1,821,815,822,-1,781,804,782,-1,782,804,783,-1,782,783,808,-1,808,783,785,-1,808,785,787,-1,787,785,660,-1,816,790,823,-1,823,790,792,-1,823,792,706,-1,724,726,815,-1,815,726,728,-1,815,728,822,-1,822,728,730,-1,822,730,732,-1,816,818,790,-1,790,818,819,-1,790,819,794,-1,794,819,820,-1,794,820,796,-1,796,820,821,-1,796,821,798,-1,798,821,822,-1,798,822,801,-1,801,822,732,-1,801,732,734,-1,758,611,322,-1,322,295,758,-1,758,295,274,-1,758,274,272,-1,622,632,824,-1,710,709,825,-1,825,709,757,-1,825,757,826,-1,826,757,779,-1,826,779,827,-1,827,779,778,-1,827,778,828,-1,828,778,777,-1,828,777,829,-1,829,777,776,-1,829,776,830,-1,830,776,766,-1,830,766,831,-1,831,766,765,-1,831,765,832,-1,832,765,764,-1,832,764,833,-1,833,764,763,-1,833,763,824,-1,824,763,758,-1,824,758,622,-1,622,758,272,-1,834,835,745,-1,745,835,836,-1,745,836,701,-1,701,836,837,-1,701,837,700,-1,745,744,834,-1,834,744,746,-1,834,746,838,-1,838,746,748,-1,748,750,838,-1,838,750,752,-1,838,752,839,-1,839,752,753,-1,839,753,840,-1,840,753,755,-1,840,755,841,-1,841,755,756,-1,841,756,842,-1,842,756,709,-1,842,709,708,-1,707,706,843,-1,843,706,792,-1,843,792,844,-1,844,792,845,-1,845,792,791,-1,845,791,846,-1,846,791,793,-1,846,793,847,-1,847,793,795,-1,847,795,848,-1,848,795,797,-1,848,797,849,-1,849,797,799,-1,849,799,850,-1,850,799,800,-1,850,800,851,-1,851,800,802,-1,851,802,852,-1,852,802,803,-1,852,803,853,-1,853,803,702,-1,853,702,703,-1,706,705,823,-1,823,705,854,-1,823,854,816,-1,816,854,855,-1,816,855,817,-1,817,855,856,-1,817,856,780,-1,780,856,857,-1,780,857,781,-1,781,857,858,-1,781,858,804,-1,804,858,859,-1,804,859,805,-1,805,859,860,-1,805,860,806,-1,806,860,861,-1,806,861,807,-1,807,861,862,-1,807,862,789,-1,789,862,863,-1,863,633,647,-1,863,647,789,-1,789,647,656,-1,789,656,657,-1,657,658,789,-1,789,658,659,-1,789,659,660,-1,864,632,631,-1,713,714,865,-1,865,714,866,-1,865,866,867,-1,867,866,868,-1,867,868,869,-1,869,868,870,-1,869,870,871,-1,871,870,872,-1,871,872,873,-1,873,872,874,-1,873,874,875,-1,875,874,876,-1,875,876,877,-1,877,876,878,-1,877,878,879,-1,879,878,880,-1,879,880,881,-1,881,880,882,-1,881,882,883,-1,883,882,864,-1,883,864,630,-1,630,864,631,-1,630,629,883,-1,883,629,628,-1,883,628,627,-1,627,626,883,-1,883,626,625,-1,883,625,624,-1,624,159,883,-1,883,159,161,-1,883,161,633,-1,828,829,884,-1,885,886,887,-1,632,888,889,-1,890,888,632,-1,887,886,632,-1,824,632,886,-1,891,892,893,-1,892,891,894,-1,894,891,895,-1,894,895,896,-1,896,895,897,-1,896,897,898,-1,898,897,899,-1,898,899,900,-1,900,899,901,-1,901,899,902,-1,901,902,903,-1,903,902,904,-1,904,902,866,-1,904,866,714,-1,864,890,632,-1,830,831,885,-1,885,831,832,-1,885,832,886,-1,886,832,833,-1,886,833,824,-1,905,889,906,-1,906,889,888,-1,906,888,907,-1,907,888,890,-1,907,890,908,-1,864,882,890,-1,890,882,880,-1,890,880,908,-1,908,880,878,-1,908,878,876,-1,884,905,909,-1,909,905,906,-1,909,906,910,-1,910,906,907,-1,910,907,911,-1,911,907,908,-1,911,908,912,-1,912,908,876,-1,826,827,913,-1,913,827,828,-1,828,884,913,-1,913,884,909,-1,913,909,914,-1,914,909,910,-1,914,910,915,-1,915,910,911,-1,915,911,916,-1,916,911,912,-1,916,912,917,-1,829,830,884,-1,884,830,885,-1,884,885,905,-1,905,885,887,-1,905,887,889,-1,889,887,632,-1,826,891,825,-1,825,891,893,-1,825,893,710,-1,876,874,912,-1,912,874,872,-1,912,872,917,-1,917,872,870,-1,917,870,868,-1,826,913,891,-1,891,913,914,-1,891,914,895,-1,895,914,915,-1,895,915,897,-1,897,915,916,-1,897,916,899,-1,899,916,917,-1,899,917,902,-1,902,917,868,-1,902,868,866,-1,671,669,699,-1,699,669,700,-1,699,700,918,-1,918,700,837,-1,918,837,919,-1,919,837,836,-1,919,836,920,-1,920,836,835,-1,920,835,921,-1,921,835,834,-1,921,834,922,-1,922,834,838,-1,922,838,923,-1,923,838,839,-1,923,839,924,-1,924,839,840,-1,924,840,925,-1,925,840,841,-1,925,841,926,-1,926,841,842,-1,926,842,691,-1,691,842,708,-1,691,708,665,-1,665,708,667,-1,89,88,703,-1,703,88,696,-1,703,696,853,-1,853,696,927,-1,853,927,852,-1,852,927,928,-1,852,928,851,-1,851,928,929,-1,851,929,850,-1,850,929,930,-1,850,930,849,-1,849,930,931,-1,849,931,848,-1,848,931,932,-1,848,932,847,-1,847,932,933,-1,847,933,846,-1,846,933,934,-1,846,934,845,-1,845,934,935,-1,845,935,844,-1,844,935,936,-1,844,936,843,-1,843,936,937,-1,843,937,707,-1,707,937,692,-1,707,692,674,-1,674,692,672,-1,867,869,938,-1,871,873,939,-1,940,941,942,-1,633,943,944,-1,945,943,633,-1,942,941,633,-1,883,633,941,-1,946,947,948,-1,948,947,949,-1,950,951,952,-1,952,951,953,-1,952,953,949,-1,949,953,954,-1,949,954,948,-1,950,952,955,-1,955,952,956,-1,955,956,957,-1,957,956,958,-1,957,958,959,-1,959,958,960,-1,960,958,961,-1,960,961,962,-1,962,961,854,-1,962,854,705,-1,863,945,633,-1,875,877,940,-1,940,877,879,-1,940,879,941,-1,941,879,881,-1,941,881,883,-1,963,944,964,-1,964,944,943,-1,964,943,965,-1,965,943,945,-1,965,945,966,-1,873,875,939,-1,939,875,940,-1,939,940,967,-1,967,940,942,-1,967,942,968,-1,968,942,633,-1,863,862,945,-1,945,862,861,-1,945,861,966,-1,966,861,860,-1,966,860,859,-1,969,963,970,-1,970,963,964,-1,970,964,971,-1,971,964,965,-1,971,965,972,-1,972,965,966,-1,972,966,973,-1,973,966,859,-1,938,969,974,-1,974,969,970,-1,974,970,975,-1,975,970,971,-1,975,971,976,-1,976,971,972,-1,976,972,977,-1,977,972,973,-1,977,973,978,-1,869,871,938,-1,938,871,939,-1,938,939,969,-1,969,939,967,-1,969,967,963,-1,963,967,968,-1,963,968,944,-1,944,968,633,-1,946,713,947,-1,947,713,865,-1,947,865,867,-1,859,858,973,-1,973,858,857,-1,973,857,978,-1,978,857,856,-1,978,856,855,-1,867,938,947,-1,947,938,974,-1,947,974,949,-1,949,974,975,-1,949,975,952,-1,952,975,976,-1,952,976,956,-1,956,976,977,-1,956,977,958,-1,958,977,978,-1,958,978,961,-1,961,978,855,-1,961,855,854,-1,979,980,893,-1,893,980,981,-1,893,981,710,-1,710,981,982,-1,710,982,711,-1,893,892,979,-1,979,892,894,-1,979,894,983,-1,983,894,896,-1,896,898,983,-1,983,898,900,-1,983,900,984,-1,984,900,901,-1,984,901,985,-1,985,901,903,-1,985,903,986,-1,986,903,904,-1,986,904,987,-1,987,904,714,-1,987,714,715,-1,923,924,988,-1,988,924,925,-1,988,925,690,-1,690,925,926,-1,690,926,691,-1,988,989,923,-1,923,989,990,-1,923,990,922,-1,922,990,991,-1,991,992,922,-1,922,992,993,-1,922,993,921,-1,921,993,994,-1,921,994,920,-1,920,994,995,-1,920,995,919,-1,919,995,996,-1,919,996,918,-1,918,996,698,-1,918,698,699,-1,697,698,997,-1,997,698,998,-1,997,998,999,-1,999,998,1000,-1,999,1000,1001,-1,1001,1000,1002,-1,1001,1002,1003,-1,1003,1002,1004,-1,1003,1004,1005,-1,1005,1004,1006,-1,1005,1006,1007,-1,1007,1006,1008,-1,1007,1008,1009,-1,1009,1008,1010,-1,1009,1010,1011,-1,1011,1010,1012,-1,1011,1012,1013,-1,1013,1012,1014,-1,1013,1014,1015,-1,1014,1016,1015,-1,1015,1016,683,-1,1015,683,681,-1,696,697,927,-1,927,697,1017,-1,927,1017,928,-1,1018,930,929,-1,928,1017,929,-1,929,1017,1019,-1,929,1019,1018,-1,930,1018,931,-1,931,1018,1020,-1,931,1020,932,-1,932,1020,1021,-1,932,1021,933,-1,933,1021,1022,-1,933,1022,934,-1,934,1022,1023,-1,934,1023,935,-1,935,1023,1024,-1,935,1024,936,-1,936,1024,1025,-1,936,1025,937,-1,937,1025,693,-1,937,693,692,-1,712,713,1026,-1,1026,713,946,-1,1026,946,1027,-1,1027,946,948,-1,1027,948,1028,-1,1028,948,954,-1,1028,954,1029,-1,954,953,1029,-1,1029,953,951,-1,1029,951,1030,-1,705,704,962,-1,962,704,1031,-1,962,1031,960,-1,960,1031,1032,-1,960,1032,959,-1,959,1032,1033,-1,959,1033,957,-1,957,1033,1034,-1,957,1034,955,-1,955,1034,1030,-1,955,1030,950,-1,950,1030,951,-1,664,666,688,-1,688,666,711,-1,688,711,1035,-1,1035,711,982,-1,1035,982,1036,-1,1036,982,981,-1,1036,981,1037,-1,1037,981,980,-1,1037,980,1038,-1,1038,980,979,-1,1038,979,1039,-1,1039,979,983,-1,1039,983,1040,-1,1040,983,984,-1,1040,984,1041,-1,1041,984,985,-1,1041,985,1042,-1,1042,985,986,-1,1042,986,1043,-1,1043,986,987,-1,1043,987,684,-1,684,987,715,-1,684,715,677,-1,677,715,679,-1,1044,683,1045,-1,1012,1010,1046,-1,1008,1006,1047,-1,1048,1049,1050,-1,988,690,1051,-1,990,989,1052,-1,1052,989,988,-1,996,995,1049,-1,1049,995,994,-1,1049,994,1050,-1,1050,994,993,-1,1050,993,992,-1,698,996,998,-1,998,996,1049,-1,998,1049,1000,-1,1000,1049,1048,-1,1000,1048,1002,-1,1002,1048,1004,-1,988,1051,1052,-1,1052,1051,1053,-1,1052,1053,1054,-1,1006,1004,1047,-1,1047,1004,1048,-1,1047,1048,1055,-1,1055,1048,1050,-1,1055,1050,1056,-1,1056,1050,992,-1,1053,1057,1054,-1,1054,1057,1058,-1,1054,1058,1059,-1,1010,1008,1046,-1,1046,1008,1047,-1,1046,1047,1060,-1,1060,1047,1055,-1,1060,1055,1061,-1,1061,1055,1056,-1,1058,1062,1059,-1,1059,1062,1063,-1,1059,1063,1064,-1,1061,1065,1060,-1,1060,1065,1066,-1,1060,1066,1046,-1,1046,1066,1067,-1,1046,1067,1012,-1,991,990,1068,-1,1068,990,1052,-1,1068,1052,1069,-1,1069,1052,1054,-1,1069,1054,1070,-1,1070,1054,1059,-1,1070,1059,1071,-1,1071,1059,1064,-1,1071,1064,1072,-1,1072,1064,1045,-1,1072,1045,683,-1,683,1016,1067,-1,1067,1016,1014,-1,1067,1014,1012,-1,1065,1073,1066,-1,1066,1073,1074,-1,1066,1074,1067,-1,1067,1074,683,-1,1073,1075,1074,-1,1074,1075,683,-1,1063,1076,1064,-1,1064,1076,1077,-1,1064,1077,1045,-1,1045,1077,1078,-1,1045,1078,1044,-1,992,991,1056,-1,1056,991,1068,-1,1056,1068,1061,-1,1061,1068,1069,-1,1061,1069,1065,-1,1065,1069,1070,-1,1065,1070,1073,-1,1073,1070,1071,-1,1073,1071,1075,-1,1075,1071,1072,-1,1075,1072,683,-1,1015,681,1079,-1,1080,1081,1082,-1,1083,1084,1085,-1,1086,1087,1088,-1,1017,697,997,-1,1018,1019,1089,-1,1089,1019,1017,-1,1025,1024,1087,-1,1087,1024,1023,-1,1087,1023,1088,-1,1088,1023,1022,-1,1088,1022,1021,-1,693,1025,1090,-1,1090,1025,1087,-1,1090,1087,1091,-1,1091,1087,1086,-1,1091,1086,1092,-1,1092,1086,1093,-1,1017,997,1089,-1,1089,997,999,-1,1089,999,1094,-1,1084,1093,1085,-1,1085,1093,1086,-1,1085,1086,1095,-1,1095,1086,1088,-1,1095,1088,1096,-1,1096,1088,1021,-1,999,1001,1094,-1,1094,1001,1003,-1,1094,1003,1097,-1,1081,1083,1082,-1,1082,1083,1085,-1,1082,1085,1098,-1,1098,1085,1095,-1,1098,1095,1099,-1,1099,1095,1096,-1,1003,1005,1097,-1,1097,1005,1007,-1,1097,1007,1100,-1,1099,1101,1098,-1,1098,1101,1102,-1,1098,1102,1082,-1,1082,1102,1103,-1,1082,1103,1080,-1,1020,1018,1104,-1,1104,1018,1089,-1,1104,1089,1105,-1,1105,1089,1094,-1,1105,1094,1106,-1,1106,1094,1097,-1,1106,1097,1107,-1,1107,1097,1100,-1,1107,1100,1108,-1,1108,1100,1079,-1,1108,1079,681,-1,681,1109,1103,-1,1103,1109,1110,-1,1103,1110,1080,-1,1101,1111,1102,-1,1102,1111,1112,-1,1102,1112,1103,-1,1103,1112,681,-1,1111,1113,1112,-1,1112,1113,681,-1,1007,1009,1100,-1,1100,1009,1011,-1,1100,1011,1079,-1,1079,1011,1013,-1,1079,1013,1015,-1,1021,1020,1096,-1,1096,1020,1104,-1,1096,1104,1099,-1,1099,1104,1105,-1,1099,1105,1101,-1,1101,1105,1106,-1,1101,1106,1111,-1,1111,1106,1107,-1,1111,1107,1113,-1,1113,1107,1108,-1,1113,1108,681,-1,675,673,704,-1,704,673,695,-1,704,695,1031,-1,1031,695,1114,-1,1031,1114,1032,-1,1032,1114,1115,-1,1032,1115,1033,-1,1033,1115,1116,-1,1033,1116,1034,-1,1034,1116,1117,-1,1034,1117,1030,-1,1030,1117,1118,-1,1030,1118,1029,-1,1029,1118,1119,-1,1029,1119,1028,-1,1028,1119,1120,-1,1028,1120,1027,-1,1027,1120,1121,-1,1027,1121,1026,-1,1026,1121,1122,-1,1026,1122,712,-1,712,1122,687,-1,712,687,92,-1,92,687,93,-1,684,685,1043,-1,1043,685,1123,-1,1043,1123,1042,-1,1042,1123,1124,-1,1042,1124,1041,-1,1041,1124,1125,-1,1041,1125,1040,-1,1125,1126,1040,-1,1040,1126,1127,-1,1040,1127,1039,-1,689,688,1128,-1,1128,688,1035,-1,1128,1035,1129,-1,1129,1035,1036,-1,1129,1036,1130,-1,1130,1036,1037,-1,1130,1037,1131,-1,1131,1037,1038,-1,1131,1038,1132,-1,1132,1038,1039,-1,1132,1039,1133,-1,1133,1039,1127,-1,690,689,1051,-1,1051,689,1134,-1,1051,1134,1053,-1,1053,1134,1135,-1,1053,1135,1057,-1,1057,1135,1136,-1,1057,1136,1058,-1,1058,1136,1137,-1,1058,1137,1062,-1,1062,1137,1138,-1,1062,1138,1063,-1,1063,1138,1139,-1,1063,1139,1076,-1,1076,1139,1140,-1,1076,1140,1077,-1,1077,1140,1141,-1,1077,1141,1078,-1,1078,1141,1142,-1,1078,1142,1044,-1,1142,1143,1044,-1,1044,1143,682,-1,1044,682,683,-1,694,693,1144,-1,1144,693,1090,-1,1144,1090,1145,-1,1145,1090,1091,-1,1145,1091,1146,-1,1146,1091,1092,-1,1146,1092,1147,-1,1147,1092,1093,-1,1147,1093,1148,-1,1148,1093,1084,-1,1148,1084,1149,-1,1149,1084,1083,-1,1149,1083,1150,-1,1150,1083,1081,-1,1150,1081,1151,-1,1151,1081,1080,-1,1151,1080,1152,-1,1152,1080,1110,-1,1152,1110,1153,-1,1110,1109,1153,-1,1153,1109,681,-1,1153,681,680,-1,695,694,1114,-1,1114,694,1154,-1,1114,1154,1115,-1,1115,1154,1155,-1,1115,1155,1116,-1,1116,1155,1156,-1,1116,1156,1117,-1,1156,1157,1117,-1,1117,1157,1158,-1,1117,1158,1118,-1,686,687,1159,-1,1159,687,1122,-1,1159,1122,1160,-1,1160,1122,1121,-1,1160,1121,1161,-1,1161,1121,1120,-1,1161,1120,1162,-1,1162,1120,1119,-1,1162,1119,1163,-1,1163,1119,1118,-1,1163,1118,1164,-1,1164,1118,1158,-1,1165,682,1166,-1,1167,1168,682,-1,1141,1140,1169,-1,1139,1138,1170,-1,1171,1172,1173,-1,1133,1127,1174,-1,1126,1125,1175,-1,1124,1123,1176,-1,1176,1123,685,-1,1173,1130,1131,-1,1130,1173,1129,-1,1129,1173,1172,-1,1129,1172,1128,-1,689,1128,1134,-1,1134,1128,1172,-1,1134,1172,1135,-1,1135,1172,1171,-1,1135,1171,1136,-1,1136,1171,1137,-1,685,1177,1176,-1,1176,1177,1178,-1,1176,1178,1179,-1,1138,1137,1170,-1,1170,1137,1171,-1,1170,1171,1180,-1,1180,1171,1173,-1,1180,1173,1181,-1,1181,1173,1131,-1,1181,1131,1132,-1,1178,1182,1179,-1,1179,1182,1183,-1,1179,1183,1184,-1,1140,1139,1169,-1,1169,1139,1170,-1,1169,1170,1185,-1,1185,1170,1180,-1,1185,1180,1186,-1,1186,1180,1181,-1,1186,1181,1174,-1,1174,1181,1132,-1,1174,1132,1133,-1,1183,1187,1184,-1,1184,1187,1188,-1,1184,1188,1189,-1,1174,1190,1186,-1,1186,1190,1191,-1,1186,1191,1185,-1,1185,1191,1192,-1,1185,1192,1169,-1,1169,1192,1193,-1,1169,1193,1141,-1,1168,1167,1194,-1,1125,1124,1175,-1,1175,1124,1176,-1,1175,1176,1195,-1,1195,1176,1179,-1,1195,1179,1196,-1,1196,1179,1184,-1,1196,1184,1197,-1,1197,1184,1189,-1,1197,1189,1198,-1,1198,1189,1166,-1,1198,1166,682,-1,682,1143,1193,-1,1193,1143,1142,-1,1193,1142,1141,-1,1190,1199,1191,-1,1191,1199,1200,-1,1191,1200,1192,-1,1192,1200,1201,-1,1192,1201,1193,-1,1193,1201,682,-1,1199,1194,1200,-1,1200,1194,1167,-1,1200,1167,1201,-1,1201,1167,682,-1,1188,1202,1189,-1,1189,1202,1203,-1,1189,1203,1166,-1,1166,1203,1204,-1,1166,1204,1165,-1,1127,1126,1174,-1,1174,1126,1175,-1,1174,1175,1190,-1,1190,1175,1195,-1,1190,1195,1199,-1,1199,1195,1196,-1,1199,1196,1194,-1,1194,1196,1197,-1,1194,1197,1168,-1,1168,1197,1198,-1,1168,1198,682,-1,1153,680,1205,-1,1206,1207,680,-1,1208,1209,1210,-1,1211,1212,1213,-1,1214,1215,1216,-1,1157,1156,1217,-1,1155,1154,1218,-1,1218,1154,694,-1,1219,1163,1164,-1,1216,1161,1162,-1,1161,1216,1160,-1,1160,1216,1215,-1,1160,1215,1159,-1,686,1159,1220,-1,1220,1159,1215,-1,1220,1215,1221,-1,1221,1215,1214,-1,1221,1214,1222,-1,1222,1214,1223,-1,694,1144,1218,-1,1218,1144,1145,-1,1218,1145,1224,-1,1212,1223,1213,-1,1213,1223,1214,-1,1213,1214,1225,-1,1225,1214,1216,-1,1225,1216,1219,-1,1219,1216,1162,-1,1219,1162,1163,-1,1145,1146,1224,-1,1224,1146,1147,-1,1224,1147,1226,-1,1209,1211,1210,-1,1210,1211,1213,-1,1210,1213,1227,-1,1227,1213,1225,-1,1227,1225,1228,-1,1228,1225,1219,-1,1228,1219,1229,-1,1229,1219,1164,-1,1229,1164,1158,-1,1147,1148,1226,-1,1226,1148,1149,-1,1226,1149,1230,-1,1229,1231,1228,-1,1228,1231,1232,-1,1228,1232,1227,-1,1227,1232,1233,-1,1227,1233,1210,-1,1210,1233,1234,-1,1210,1234,1208,-1,1207,1206,1235,-1,1156,1155,1217,-1,1217,1155,1218,-1,1217,1218,1236,-1,1236,1218,1224,-1,1236,1224,1237,-1,1237,1224,1226,-1,1237,1226,1238,-1,1238,1226,1230,-1,1238,1230,1239,-1,1239,1230,1205,-1,1239,1205,680,-1,680,1240,1234,-1,1234,1240,1241,-1,1234,1241,1208,-1,1231,1242,1232,-1,1232,1242,1243,-1,1232,1243,1233,-1,1233,1243,1244,-1,1233,1244,1234,-1,1234,1244,680,-1,1242,1235,1243,-1,1243,1235,1206,-1,1243,1206,1244,-1,1244,1206,680,-1,1149,1150,1230,-1,1230,1150,1151,-1,1230,1151,1205,-1,1205,1151,1152,-1,1205,1152,1153,-1,1158,1157,1229,-1,1229,1157,1217,-1,1229,1217,1231,-1,1231,1217,1236,-1,1231,1236,1242,-1,1242,1236,1237,-1,1242,1237,1235,-1,1235,1237,1238,-1,1235,1238,1207,-1,1207,1238,1239,-1,1207,1239,680,-1,685,686,1177,-1,1177,686,1220,-1,1177,1220,1178,-1,1178,1220,1221,-1,1178,1221,1182,-1,1182,1221,1222,-1,1182,1222,1183,-1,1183,1222,1223,-1,1183,1223,1187,-1,1187,1223,1212,-1,1187,1212,1188,-1,1188,1212,1211,-1,1188,1211,1202,-1,1202,1211,1209,-1,1202,1209,1203,-1,1203,1209,1208,-1,1203,1208,1204,-1,1204,1208,1241,-1,1204,1241,1165,-1,1241,1240,1165,-1,1165,1240,680,-1,1165,680,682,-1,
        ]
    }
}
Shape{
    appearance Appearance {
        material  Material 	{
            diffuseColor 0.4392156862745098 0.4392156862745098 0.4392156862745098
            specularColor 0.2196078431372549 0.2196078431372549 0.2196078431372549
            ambientIntensity 0.4392
            transparency 0.0
            shininess 0.5
        }
    }
    geometry IndexedFaceSet {
        ccw TRUE
        solid FALSE
        coord DEF co Coordinate {
            point [
                -1.0705 -0.6439 0.7283, -1.0705 -0.6439 0.7677, -1.0753 -0.6076 0.7283, -1.0753 -0.6076 0.7677, -1.0893 -0.5737 0.7283, -1.0893 -0.5737 0.7677, -1.1117 -0.5446 0.7283, -1.1117 -0.5446 0.7677, -1.1407 -0.5223 0.7283, -1.1407 -0.5223 0.7677, -1.1746 -0.5082 0.7283, -1.1746 -0.5082 0.7677, -1.211 -0.5035 0.7283, -1.211 -0.5035 0.7677, -1.2474 -0.5082 0.7283, -1.2474 -0.5082 0.7677, -1.2812 -0.5223 0.7283, -1.2812 -0.5223 0.7677, -1.3103 -0.5446 0.7283, -1.3103 -0.5446 0.7677, -1.3327 -0.5737 0.7283, -1.3327 -0.5737 0.7677, -1.3467 -0.6076 0.7283, -1.3467 -0.6076 0.7677, -1.3515 -0.6439 0.7283, -1.3515 -0.6439 0.7677, -1.3467 -0.6803 0.7283, -1.3467 -0.6803 0.7677, -1.3327 -0.7142 0.7283, -1.3327 -0.7142 0.7677, -1.3103 -0.7433 0.7283, -1.3103 -0.7433 0.7677, -1.2812 -0.7656 0.7283, -1.2812 -0.7656 0.7677, -1.2474 -0.7797 0.7283, -1.2474 -0.7797 0.7677, -1.211 -0.7844 0.7283, -1.211 -0.7844 0.7677, -1.1746 -0.7797 0.7283, -1.1746 -0.7797 0.7677, -1.1407 -0.7656 0.7283, -1.1407 -0.7656 0.7677, -1.1117 -0.7433 0.7283, -1.1117 -0.7433 0.7677, -1.0893 -0.7142 0.7283, -1.0893 -0.7142 0.7677, -1.0753 -0.6803 0.7283, -1.0753 -0.6803 0.7677, -1.211 -0.6439 0.7283
            ]
        }
        coordIndex [
            0,1,2,-1,2,1,3,-1,2,3,4,-1,4,3,5,-1,4,5,6,-1,6,5,7,-1,6,7,8,-1,8,7,9,-1,8,9,10,-1,10,9,11,-1,10,11,12,-1,12,11,13,-1,12,13,14,-1,14,13,15,-1,14,15,16,-1,16,15,17,-1,16,17,18,-1,18,17,19,-1,18,19,20,-1,20,19,21,-1,20,21,22,-1,22,21,23,-1,22,23,24,-1,24,23,25,-1,24,25,26,-1,26,25,27,-1,26,27,28,-1,28,27,29,-1,28,29,30,-1,30,29,31,-1,30,31,32,-1,32,31,33,-1,32,33,34,-1,34,33,35,-1,34,35,36,-1,36,35,37,-1,36,37,38,-1,38,37,39,-1,38,39,40,-1,40,39,41,-1,40,41,42,-1,42,41,43,-1,42,43,44,-1,44,43,45,-1,44,45,46,-1,46,45,47,-1,46,47,0,-1,0,47,1,-1,44,46,48,-1,48,46,0,-1,48,0,2,-1,38,40,48,-1,48,40,42,-1,48,42,44,-1,32,34,48,-1,48,34,36,-1,48,36,38,-1,26,28,48,-1,48,28,30,-1,48,30,32,-1,20,22,48,-1,48,22,24,-1,48,24,26,-1,14,16,48,-1,48,16,18,-1,48,18,20,-1,8,10,48,-1,48,10,12,-1,48,12,14,-1,2,4,48,-1,48,4,6,-1,48,6,8,-1,
        ]
    }
}
Shape{
    appearance Appearance {
        material  Material 	{
            diffuseColor 1.0 1.0 1.0
            specularColor 0.5019607843137255 0.5019607843137255 0.5019607843137255
            ambientIntensity 1.0
            transparency 0.0
            shininess 0.5
        }
    }
    geometry IndexedFaceSet {
        ccw TRUE
        solid FALSE
        coord DEF co Coordinate {
            point [
                0.8985 0.6818 0.7681, 0.8985 0.6727 0.7681, 0.8985 0.6818 0.7677, 0.8985 0.6727 0.7677, 0.8666 0.6818 0.7681, 0.8666 0.6818 0.7677, 0.8666 0.7527 0.7681, 0.8666 0.7527 0.7677, 0.8562 0.7527 0.7681, 0.8562 0.7527 0.7677, 0.8562 0.6727 0.7681, 0.8562 0.6727 0.7677, 0.9517 0.6725 0.7681, 0.9395 0.6713 0.7681, 0.9466 0.672 0.7677, 0.9395 0.6713 0.7677, 0.9517 0.6725 0.7677, 0.9603 0.6753 0.7677, 0.9603 0.6753 0.7681, 0.9617 0.676 0.7677, 0.9617 0.676 0.7681, 0.9617 0.6859 0.7681, 0.9617 0.6859 0.7677, 0.9538 0.6824 0.7677, 0.9538 0.6824 0.7681, 0.9448 0.6807 0.7677, 0.9448 0.6807 0.7681, 0.941 0.6805 0.7677, 0.941 0.6805 0.7681, 0.933 0.6815 0.7677, 0.933 0.6815 0.7681, 0.9273 0.6837 0.7677, 0.9273 0.6837 0.7681, 0.9221 0.6874 0.7677, 0.9221 0.6874 0.7681, 0.9205 0.689 0.7677, 0.9205 0.689 0.7681, 0.9169 0.6938 0.7677, 0.9169 0.6938 0.7681, 0.9142 0.7001 0.7677, 0.9142 0.7001 0.7681, 0.9127 0.7079 0.7677, 0.9127 0.7079 0.7681, 0.9126 0.7118 0.7677, 0.9126 0.7118 0.7681, 0.9139 0.7228 0.7677, 0.9139 0.7228 0.7681, 0.9166 0.7297 0.7677, 0.9166 0.7297 0.7681, 0.9205 0.7353 0.7677, 0.9205 0.7353 0.7681, 0.921 0.7359 0.7677, 0.921 0.7359 0.7681, 0.9258 0.7399 0.7677, 0.9258 0.7399 0.7681, 0.932 0.743 0.7677, 0.932 0.743 0.7681, 0.9388 0.7445 0.7677, 0.9388 0.7445 0.7681, 0.9428 0.7448 0.7677, 0.9428 0.7448 0.7681, 0.9527 0.7436 0.7677, 0.9527 0.7436 0.7681, 0.9608 0.7405 0.7677, 0.9608 0.7405 0.7681, 0.9617 0.74 0.7677, 0.9617 0.74 0.7681, 0.9617 0.7508 0.7681, 0.9617 0.7508 0.7677, 0.9427 0.7541 0.7677, 0.9427 0.7541 0.7681, 0.9513 0.7534 0.7677, 0.9532 0.7533 0.7681, 0.9532 0.7533 0.7677, 0.9372 0.7534 0.7677, 0.9311 0.7527 0.7681, 0.9311 0.7527 0.7677, 0.9228 0.7494 0.7677, 0.9228 0.7494 0.7681, 0.9153 0.7442 0.7677, 0.9153 0.7442 0.7681, 0.9133 0.7423 0.7677, 0.9133 0.7423 0.7681, 0.9075 0.7347 0.7677, 0.9075 0.7347 0.7681, 0.9053 0.7296 0.7677, 0.9037 0.7258 0.7681, 0.9037 0.7258 0.7677, 0.9019 0.7154 0.7677, 0.9019 0.7154 0.7681, 0.9017 0.7112 0.7677, 0.9017 0.7112 0.7681, 0.9033 0.6981 0.7677, 0.9033 0.6981 0.7681, 0.9053 0.693 0.7677, 0.9066 0.6898 0.7681, 0.9066 0.6898 0.7677, 0.9114 0.683 0.7677, 0.9114 0.683 0.7681, 0.912 0.6822 0.7677, 0.912 0.6822 0.7681, 0.9347 0.6715 0.7681, 0.9185 0.6769 0.7677, 0.9185 0.6769 0.7681, 0.926 0.6733 0.7677, 0.926 0.6733 0.7681, 0.9325 0.672 0.7677, 0.9347 0.6715 0.7677, 1.0208 0.6818 0.7681, 1.0208 0.6727 0.7681, 1.0208 0.6818 0.7677, 1.0208 0.6727 0.7677, 0.9881 0.6818 0.7677, 0.9881 0.6818 0.7681, 1.0097 0.6818 0.7677, 0.9881 0.7087 0.7681, 0.9881 0.7087 0.7677, 1.0167 0.7087 0.7677, 1.0167 0.7087 0.7681, 1.0097 0.7087 0.7677, 1.0167 0.7179 0.7681, 1.0167 0.7179 0.7677, 0.9881 0.7179 0.7677, 0.9881 0.7179 0.7681, 1.0097 0.7179 0.7677, 0.9881 0.7435 0.7681, 0.9881 0.7435 0.7677, 1.019 0.7435 0.7677, 1.019 0.7435 0.7681, 1.0097 0.7435 0.7677, 1.019 0.7527 0.7681, 1.019 0.7527 0.7677, 0.9777 0.7527 0.7677, 0.9777 0.7527 0.7681, 1.0097 0.7527 0.7677, 0.9777 0.6727 0.7681, 0.9777 0.6727 0.7677, 1.0097 0.6727 0.7677, 1.089 0.6839 0.7681, 1.0808 0.6893 0.7681, 1.0807 0.6779 0.7681, 1.0756 0.6857 0.7681, 1.0715 0.6743 0.7681, 1.069 0.6831 0.7681, 1.0579 0.6727 0.7681, 1.0579 0.6818 0.7681, 1.0359 0.6727 0.7681, 1.0462 0.6818 0.7681, 1.0359 0.7527 0.7681, 1.0462 0.7435 0.7681, 1.0588 0.7527 0.7681, 1.0583 0.7435 0.7681, 1.0595 0.7435 0.7681, 1.071 0.7514 0.7681, 1.0696 0.7421 0.7681, 1.0806 0.7479 0.7681, 1.0764 0.7395 0.7681, 1.089 0.7421 0.7681, 1.0815 0.736 0.7681, 1.0918 0.7394 0.7681, 1.0837 0.7338 0.7681, 1.0968 0.7324 0.7681, 1.0868 0.7293 0.7681, 1.0998 0.7248 0.7681, 1.089 0.7235 0.7681, 1.1011 0.7137 0.7681, 1.0902 0.7134 0.7681, 1.1009 0.7086 0.7681, 1.0899 0.7077 0.7681, 1.0989 0.6993 0.7681, 1.0882 0.7005 0.7681, 1.095 0.691 0.7681, 1.0854 0.6947 0.7681, 1.0817 0.6901 0.7681, 1.0579 0.6727 0.7677, 1.0359 0.6727 0.7677, 1.089 0.6839 0.7677, 1.0715 0.6743 0.7677, 1.0726 0.6747 0.7677, 1.0807 0.6779 0.7677, 1.095 0.691 0.7677, 1.0989 0.6993 0.7677, 1.1009 0.7086 0.7677, 1.1011 0.7137 0.7677, 1.0998 0.7248 0.7677, 1.0968 0.7324 0.7677, 1.0918 0.7394 0.7677, 1.089 0.7421 0.7677, 1.0588 0.7527 0.7677, 1.0806 0.7479 0.7677, 1.0726 0.7508 0.7677, 1.071 0.7514 0.7677, 1.0359 0.7527 0.7677, 1.0583 0.7435 0.7677, 1.0462 0.7435 0.7677, 1.0462 0.6818 0.7677, 1.0579 0.6818 0.7677, 1.0817 0.6901 0.7677, 1.0808 0.6893 0.7677, 1.0756 0.6857 0.7677, 1.069 0.6831 0.7677, 1.0902 0.7134 0.7677, 1.0899 0.7077 0.7677, 1.0882 0.7005 0.7677, 1.0854 0.6947 0.7677, 1.0815 0.736 0.7677, 1.0837 0.7338 0.7677, 1.0868 0.7293 0.7677, 1.089 0.7235 0.7677, 1.0595 0.7435 0.7677, 1.0696 0.7421 0.7677, 1.0764 0.7395 0.7677
            ]
        }
        coordIndex [
            0,1,2,-1,2,1,3,-1,4,0,5,-1,5,0,2,-1,6,4,7,-1,7,4,5,-1,8,6,9,-1,9,6,7,-1,10,8,11,-1,11,8,9,-1,1,10,3,-1,3,10,11,-1,6,8,4,-1,4,8,10,-1,4,10,0,-1,0,10,1,-1,12,13,14,-1,14,13,15,-1,14,16,12,-1,12,16,17,-1,12,17,18,-1,18,17,19,-1,18,19,20,-1,21,20,22,-1,22,20,19,-1,21,22,23,-1,21,23,24,-1,24,23,25,-1,24,25,26,-1,26,25,27,-1,26,27,28,-1,28,27,29,-1,28,29,30,-1,30,29,31,-1,30,31,32,-1,32,31,33,-1,32,33,34,-1,34,33,35,-1,34,35,36,-1,36,35,37,-1,36,37,38,-1,38,37,39,-1,38,39,40,-1,40,39,41,-1,40,41,42,-1,42,41,43,-1,42,43,44,-1,44,43,45,-1,44,45,46,-1,46,45,47,-1,46,47,48,-1,48,47,49,-1,48,49,50,-1,50,49,51,-1,50,51,52,-1,52,51,53,-1,52,53,54,-1,54,53,55,-1,54,55,56,-1,56,55,57,-1,56,57,58,-1,58,57,59,-1,58,59,60,-1,60,59,61,-1,60,61,62,-1,62,61,63,-1,62,63,64,-1,64,63,65,-1,64,65,66,-1,67,66,68,-1,68,66,65,-1,69,70,71,-1,71,70,72,-1,71,72,73,-1,73,72,67,-1,73,67,68,-1,70,69,74,-1,70,74,75,-1,74,76,75,-1,75,76,77,-1,75,77,78,-1,78,77,79,-1,78,79,80,-1,80,79,81,-1,80,81,82,-1,82,81,83,-1,82,83,84,-1,84,83,85,-1,84,85,86,-1,85,87,86,-1,86,87,88,-1,86,88,89,-1,89,88,90,-1,89,90,91,-1,91,90,92,-1,91,92,93,-1,93,92,94,-1,93,94,95,-1,94,96,95,-1,95,96,97,-1,95,97,98,-1,98,97,99,-1,98,99,100,-1,15,13,101,-1,100,99,102,-1,100,102,103,-1,103,102,104,-1,103,104,105,-1,105,104,106,-1,105,106,101,-1,101,106,107,-1,101,107,15,-1,54,56,75,-1,46,48,84,-1,84,48,82,-1,75,56,70,-1,56,58,70,-1,70,58,60,-1,70,60,72,-1,72,60,62,-1,72,62,67,-1,67,62,64,-1,67,64,66,-1,20,21,18,-1,18,21,24,-1,18,24,12,-1,12,24,26,-1,12,26,13,-1,13,26,28,-1,13,28,101,-1,101,28,30,-1,101,30,105,-1,105,30,32,-1,105,32,103,-1,103,32,34,-1,103,34,100,-1,100,34,36,-1,100,36,98,-1,98,36,38,-1,98,38,95,-1,91,44,89,-1,89,44,46,-1,89,46,86,-1,86,46,84,-1,48,50,82,-1,82,50,52,-1,82,52,80,-1,80,52,54,-1,80,54,78,-1,78,54,75,-1,95,38,93,-1,93,38,40,-1,93,40,91,-1,91,40,42,-1,91,42,44,-1,108,109,110,-1,110,109,111,-1,112,113,114,-1,114,113,108,-1,114,108,110,-1,115,113,116,-1,116,113,112,-1,117,118,119,-1,119,118,115,-1,119,115,116,-1,120,118,121,-1,121,118,117,-1,122,123,124,-1,124,123,120,-1,124,120,121,-1,125,123,126,-1,126,123,122,-1,127,128,129,-1,129,128,125,-1,129,125,126,-1,130,128,131,-1,131,128,127,-1,132,133,134,-1,134,133,130,-1,134,130,131,-1,135,133,136,-1,136,133,132,-1,111,109,137,-1,137,109,135,-1,137,135,136,-1,135,109,108,-1,108,113,135,-1,135,113,115,-1,135,115,133,-1,128,130,125,-1,125,130,133,-1,125,133,123,-1,123,133,115,-1,123,115,120,-1,120,115,118,-1,138,139,140,-1,140,139,141,-1,140,141,142,-1,142,141,143,-1,142,143,144,-1,144,143,145,-1,144,145,146,-1,146,145,147,-1,146,147,148,-1,148,147,149,-1,148,149,150,-1,149,151,150,-1,150,151,152,-1,150,152,153,-1,153,152,154,-1,153,154,155,-1,155,154,156,-1,155,156,157,-1,157,156,158,-1,157,158,159,-1,159,158,160,-1,159,160,161,-1,161,160,162,-1,161,162,163,-1,163,162,164,-1,163,164,165,-1,165,164,166,-1,165,166,167,-1,167,166,168,-1,167,168,169,-1,169,168,170,-1,169,170,171,-1,171,170,172,-1,171,172,138,-1,138,172,173,-1,138,173,139,-1,144,146,174,-1,174,146,175,-1,176,138,140,-1,144,174,177,-1,144,177,142,-1,142,177,178,-1,142,178,140,-1,140,178,179,-1,140,179,176,-1,138,176,180,-1,138,180,171,-1,171,180,181,-1,171,181,169,-1,169,181,182,-1,169,182,167,-1,167,182,183,-1,167,183,165,-1,165,183,184,-1,165,184,163,-1,163,184,185,-1,163,185,161,-1,161,185,186,-1,161,186,159,-1,159,186,187,-1,159,187,157,-1,188,150,153,-1,157,187,189,-1,157,189,155,-1,155,189,190,-1,155,190,153,-1,153,190,191,-1,153,191,188,-1,148,150,192,-1,192,150,188,-1,146,148,175,-1,175,148,192,-1,151,149,193,-1,193,149,194,-1,149,147,194,-1,194,147,195,-1,147,145,195,-1,195,145,196,-1,173,197,198,-1,173,198,139,-1,139,198,199,-1,139,199,141,-1,141,199,200,-1,141,200,143,-1,143,200,196,-1,143,196,145,-1,166,201,202,-1,166,202,168,-1,168,202,203,-1,168,203,170,-1,170,203,204,-1,170,204,172,-1,172,204,197,-1,172,197,173,-1,158,205,206,-1,158,206,160,-1,160,206,207,-1,160,207,162,-1,162,207,208,-1,162,208,164,-1,164,208,201,-1,164,201,166,-1,151,193,209,-1,151,209,152,-1,152,209,210,-1,152,210,154,-1,154,210,211,-1,154,211,156,-1,156,211,205,-1,156,205,158,-1,
        ]
    }
}
Shape{
    appearance Appearance {
        material  Material 	{
            diffuseColor 0.2235294117647059 0.2235294117647059 0.2235294117647059
            specularColor 0.11372549019607843 0.11372549019607843 0.11372549019607843
            ambientIntensity 0.2235
            transparency 0.0
            shininess 0.5
        }
    }
    geometry IndexedFaceSet {
        ccw TRUE
        solid FALSE
        coord DEF co Coordinate {
            point [
                1.0462 0.7435 0.7677, 1.0462 0.6818 0.7677, 1.0583 0.7435 0.7677, 1.0579 0.6818 0.7677, 1.0595 0.7435 0.7677, 1.069 0.6831 0.7677, 1.0756 0.6857 0.7677, 1.0808 0.6893 0.7677, 1.0817 0.6901 0.7677, 1.0854 0.6947 0.7677, 1.0902 0.7134 0.7677, 1.0815 0.736 0.7677, 1.0899 0.7077 0.7677, 1.0764 0.7395 0.7677, 1.0882 0.7005 0.7677, 1.0696 0.7421 0.7677, 1.089 0.7235 0.7677, 1.0868 0.7293 0.7677, 1.0837 0.7338 0.7677
            ]
        }
        coordIndex [
            0,1,2,-1,2,1,3,-1,2,3,4,-1,4,3,5,-1,4,5,6,-1,6,7,4,-1,4,7,8,-1,4,8,9,-1,10,11,12,-1,12,11,13,-1,9,14,4,-1,4,14,12,-1,4,12,15,-1,15,12,13,-1,16,17,10,-1,10,17,18,-1,10,18,11,-1,
        ]
    }
}
Shape{
    appearance Appearance {
        material  Material 	{
            diffuseColor 1.0 1.0 1.0
            specularColor 0.5019607843137255 0.5019607843137255 0.5019607843137255
            ambientIntensity 1.0
            transparency 0.0
            shininess 0.5
        }
    }
    geometry IndexedFaceSet {
        ccw TRUE
        solid FALSE
        coord DEF co Coordinate {
            point [
                1.1279 0.7036 0.7681, 1.1247 0.6946 0.7681, 1.1548 0.7036 0.7681, 1.158 0.6946 0.7681, 1.1399 0.7369 0.7681, 1.136 0.7527 0.7681, 1.1055 0.6727 0.7681, 1.117 0.6727 0.7681, 1.1406 0.7393 0.7681, 1.1412 0.7425 0.7681, 1.1471 0.7527 0.7681, 1.1415 0.7425 0.7681, 1.1421 0.7391 0.7681, 1.1427 0.7369 0.7681, 1.1776 0.6727 0.7681, 1.1662 0.6727 0.7681, 1.1471 0.7527 0.7677, 1.1776 0.6727 0.7677, 1.136 0.7527 0.7677, 1.1055 0.6727 0.7677, 1.1286 0.7333 0.7677, 1.117 0.6727 0.7677, 1.1247 0.6946 0.7677, 1.158 0.6946 0.7677, 1.1286 0.6946 0.7677, 1.1662 0.6727 0.7677, 1.1279 0.7036 0.7677, 1.1548 0.7036 0.7677, 1.1427 0.7369 0.7677, 1.1415 0.7425 0.7677, 1.1421 0.7391 0.7677, 1.1412 0.7425 0.7677, 1.1399 0.7369 0.7677, 1.1406 0.7393 0.7677
            ]
        }
        coordIndex [
            0,1,2,-1,2,1,3,-1,4,5,0,-1,0,5,6,-1,0,6,1,-1,1,6,7,-1,4,8,5,-1,5,8,9,-1,5,9,10,-1,10,9,11,-1,10,11,12,-1,12,13,10,-1,10,13,2,-1,10,2,14,-1,14,2,3,-1,14,3,15,-1,10,14,16,-1,16,14,17,-1,5,10,18,-1,18,10,16,-1,19,6,20,-1,20,6,5,-1,20,5,18,-1,7,6,21,-1,21,6,19,-1,1,7,22,-1,22,7,21,-1,23,3,24,-1,24,3,1,-1,24,1,22,-1,15,3,25,-1,25,3,23,-1,14,15,17,-1,17,15,25,-1,0,2,26,-1,26,2,27,-1,2,13,27,-1,27,13,28,-1,11,29,30,-1,11,30,12,-1,12,30,28,-1,12,28,13,-1,11,9,29,-1,29,9,31,-1,4,32,33,-1,4,33,8,-1,8,33,31,-1,8,31,9,-1,4,0,32,-1,32,0,26,-1,
        ]
    }
}
Shape{
    appearance Appearance {
        material  Material 	{
            diffuseColor 0.2235294117647059 0.2235294117647059 0.2235294117647059
            specularColor 0.11372549019607843 0.11372549019607843 0.11372549019607843
            ambientIntensity 0.2235
            transparency 0.0
            shininess 0.5
        }
    }
    geometry IndexedFaceSet {
        ccw TRUE
        solid FALSE
        coord DEF co Coordinate {
            point [
                1.1415 0.7425 0.7677, 1.1412 0.7425 0.7677, 1.1421 0.7391 0.7677, 1.1406 0.7393 0.7677, 1.1427 0.7369 0.7677, 1.1399 0.7369 0.7677, 1.1548 0.7036 0.7677, 1.1279 0.7036 0.7677
            ]
        }
        coordIndex [
            0,1,2,-1,2,1,3,-1,2,3,4,-1,4,3,5,-1,4,5,6,-1,6,5,7,-1,
        ]
    }
}
Shape{
    appearance Appearance {
        material  Material 	{
            diffuseColor 1.0 1.0 1.0
            specularColor 0.5019607843137255 0.5019607843137255 0.5019607843137255
            ambientIntensity 1.0
            transparency 0.0
            shininess 0.5
        }
    }
    geometry IndexedFaceSet {
        ccw TRUE
        solid FALSE
        coord DEF co Coordinate {
            point [
                0.8993 0.5548 0.7681, 0.8993 0.5456 0.7681, 0.8993 0.5548 0.7677, 0.8993 0.5456 0.7677, 0.8666 0.5548 0.7681, 0.8666 0.5548 0.7677, 0.8666 0.5817 0.7681, 0.8666 0.5817 0.7677, 0.8952 0.5817 0.7681, 0.8952 0.5817 0.7677, 0.8952 0.5909 0.7681, 0.8952 0.5909 0.7677, 0.8666 0.5909 0.7681, 0.8666 0.5909 0.7677, 0.8666 0.6165 0.7677, 0.8666 0.6165 0.7681, 0.8666 0.6149 0.7677, 0.8975 0.6165 0.7681, 0.8975 0.6165 0.7677, 0.8975 0.6257 0.7681, 0.8975 0.6257 0.7677, 0.8562 0.6257 0.7681, 0.8562 0.6257 0.7677, 0.8562 0.5456 0.7677, 0.8562 0.5456 0.7681, 0.8562 0.6149 0.7677, 0.9448 0.5456 0.7681, 0.9549 0.5456 0.7681, 0.9448 0.5545 0.7681, 0.9549 0.5824 0.7681, 0.9248 0.5709 0.7681, 0.9314 0.5725 0.7681, 0.9448 0.5743 0.7681, 0.9448 0.5689 0.7681, 0.9446 0.5545 0.7681, 0.9393 0.556 0.7681, 0.9423 0.5512 0.7681, 0.9364 0.554 0.7681, 0.9448 0.5682 0.7681, 0.9442 0.5637 0.7681, 0.9427 0.5601 0.7681, 0.9405 0.5572 0.7681, 0.941 0.6034 0.7681, 0.939 0.5948 0.7681, 0.945 0.6021 0.7681, 0.9407 0.5937 0.7681, 0.9227 0.5698 0.7681, 0.9448 0.582 0.7681, 0.9445 0.5864 0.7681, 0.9539 0.5908 0.7681, 0.9434 0.59 0.7681, 0.9522 0.5951 0.7681, 0.9423 0.5921 0.7681, 0.9501 0.5982 0.7681, 0.9482 0.6001 0.7681, 0.9145 0.5988 0.7681, 0.9145 0.5891 0.7681, 0.9166 0.6 0.7681, 0.9214 0.5934 0.7681, 0.924 0.6029 0.7681, 0.9277 0.5955 0.7681, 0.9342 0.6041 0.7681, 0.9332 0.596 0.7681, 0.9366 0.5956 0.7681, 0.9211 0.556 0.7681, 0.9138 0.5488 0.7681, 0.922 0.5551 0.7681, 0.9172 0.5464 0.7681, 0.924 0.5537 0.7681, 0.921 0.545 0.7681, 0.9263 0.5529 0.7681, 0.927 0.5443 0.7681, 0.9296 0.5525 0.7681, 0.9326 0.545 0.7681, 0.9334 0.5529 0.7681, 0.9366 0.5465 0.7681, 0.939 0.5481 0.7681, 0.9279 0.5796 0.7681, 0.9196 0.5775 0.7681, 0.9217 0.569 0.7681, 0.9156 0.5753 0.7681, 0.9205 0.5675 0.7681, 0.9127 0.5726 0.7681, 0.9197 0.5657 0.7681, 0.9106 0.5693 0.7681, 0.9192 0.5634 0.7681, 0.9094 0.5656 0.7681, 0.9191 0.5618 0.7681, 0.9089 0.561 0.7681, 0.9193 0.5595 0.7681, 0.9094 0.5564 0.7681, 0.92 0.5576 0.7681, 0.9106 0.553 0.7681, 0.9127 0.5499 0.7681, 0.9342 0.6041 0.7677, 0.924 0.6029 0.7677, 0.9166 0.6 0.7677, 0.9145 0.5988 0.7677, 0.9145 0.5891 0.7677, 0.9214 0.5934 0.7677, 0.9277 0.5955 0.7677, 0.9332 0.596 0.7677, 0.9366 0.5956 0.7677, 0.939 0.5948 0.7677, 0.9407 0.5937 0.7677, 0.9423 0.5921 0.7677, 0.9434 0.59 0.7677, 0.9445 0.5864 0.7677, 0.9448 0.582 0.7677, 0.9279 0.5796 0.7677, 0.9196 0.5775 0.7677, 0.9156 0.5753 0.7677, 0.9127 0.5726 0.7677, 0.9106 0.5693 0.7677, 0.9094 0.5656 0.7677, 0.9089 0.561 0.7677, 0.9094 0.5564 0.7677, 0.9106 0.553 0.7677, 0.9127 0.5499 0.7677, 0.9138 0.5488 0.7677, 0.927 0.5443 0.7677, 0.9212 0.545 0.7677, 0.921 0.545 0.7677, 0.9172 0.5464 0.7677, 0.9326 0.545 0.7677, 0.9326 0.545 0.7677, 0.9366 0.5465 0.7677, 0.939 0.5481 0.7677, 0.9423 0.5512 0.7677, 0.9446 0.5545 0.7677, 0.9448 0.5545 0.7677, 0.9448 0.5456 0.7677, 0.9549 0.5456 0.7677, 0.9549 0.5824 0.7677, 0.9539 0.5908 0.7677, 0.9522 0.5951 0.7677, 0.9501 0.5982 0.7677, 0.9482 0.6001 0.7677, 0.945 0.6021 0.7677, 0.941 0.6034 0.7677, 0.9217 0.569 0.7677, 0.9227 0.5698 0.7677, 0.9248 0.5709 0.7677, 0.9314 0.5725 0.7677, 0.9191 0.5618 0.7677, 0.9192 0.5634 0.7677, 0.9197 0.5657 0.7677, 0.9205 0.5675 0.7677, 0.922 0.5551 0.7677, 0.9211 0.556 0.7677, 0.92 0.5576 0.7677, 0.9193 0.5595 0.7677, 0.9296 0.5525 0.7677, 0.9263 0.5529 0.7677, 0.924 0.5537 0.7677, 0.9405 0.5572 0.7677, 0.9393 0.556 0.7677, 0.9364 0.554 0.7677, 0.9334 0.5529 0.7677, 0.9448 0.5689 0.7677, 0.9448 0.5682 0.7677, 0.9442 0.5637 0.7677, 0.9427 0.5601 0.7677, 0.9448 0.5743 0.7677
            ]
        }
        coordIndex [
            0,1,2,-1,2,1,3,-1,4,0,5,-1,5,0,2,-1,6,4,7,-1,7,4,5,-1,8,6,9,-1,9,6,7,-1,10,8,11,-1,11,8,9,-1,12,10,13,-1,13,10,11,-1,14,15,16,-1,16,15,12,-1,16,12,13,-1,17,15,18,-1,18,15,14,-1,19,17,20,-1,20,17,18,-1,21,19,22,-1,22,19,20,-1,23,24,25,-1,25,24,21,-1,25,21,22,-1,1,24,3,-1,3,24,23,-1,24,1,0,-1,0,4,24,-1,24,4,6,-1,24,6,21,-1,17,19,15,-1,15,19,21,-1,15,21,12,-1,12,21,6,-1,12,6,10,-1,10,6,8,-1,26,27,28,-1,28,27,29,-1,30,31,29,-1,29,31,32,-1,29,32,33,-1,34,35,36,-1,36,35,37,-1,33,38,29,-1,29,38,39,-1,29,39,28,-1,28,39,40,-1,28,40,34,-1,34,40,41,-1,34,41,35,-1,42,43,44,-1,44,43,45,-1,46,30,47,-1,47,30,29,-1,47,29,48,-1,48,29,49,-1,48,49,50,-1,50,49,51,-1,50,51,52,-1,52,51,53,-1,52,53,45,-1,45,53,54,-1,45,54,44,-1,55,56,57,-1,57,56,58,-1,57,58,59,-1,59,58,60,-1,59,60,61,-1,61,60,62,-1,61,62,42,-1,42,62,63,-1,42,63,43,-1,64,65,66,-1,66,65,67,-1,66,67,68,-1,68,67,69,-1,68,69,70,-1,70,69,71,-1,70,71,72,-1,72,71,73,-1,72,73,74,-1,74,73,75,-1,74,75,37,-1,37,75,76,-1,37,76,36,-1,47,77,46,-1,46,77,78,-1,46,78,79,-1,79,78,80,-1,79,80,81,-1,81,80,82,-1,81,82,83,-1,83,82,84,-1,83,84,85,-1,85,84,86,-1,85,86,87,-1,87,86,88,-1,87,88,89,-1,89,88,90,-1,89,90,91,-1,91,90,92,-1,91,92,64,-1,64,92,93,-1,64,93,65,-1,61,94,95,-1,61,95,59,-1,59,95,96,-1,59,96,57,-1,57,96,97,-1,57,97,55,-1,56,55,98,-1,98,55,97,-1,56,98,99,-1,56,99,58,-1,58,99,100,-1,58,100,60,-1,60,100,101,-1,60,101,62,-1,62,101,102,-1,62,102,63,-1,63,102,103,-1,63,103,43,-1,43,103,104,-1,43,104,45,-1,45,104,105,-1,45,105,52,-1,52,105,106,-1,52,106,50,-1,50,106,107,-1,50,107,48,-1,48,107,108,-1,48,108,47,-1,77,47,109,-1,109,47,108,-1,77,109,110,-1,77,110,78,-1,78,110,111,-1,78,111,80,-1,80,111,112,-1,80,112,82,-1,82,112,113,-1,82,113,84,-1,84,113,114,-1,84,114,86,-1,86,114,115,-1,86,115,88,-1,88,115,116,-1,88,116,90,-1,90,116,117,-1,90,117,92,-1,92,117,118,-1,92,118,93,-1,93,118,119,-1,93,119,65,-1,120,71,121,-1,121,71,69,-1,121,69,122,-1,122,69,67,-1,122,67,123,-1,123,67,65,-1,123,65,119,-1,71,120,124,-1,71,124,73,-1,73,124,125,-1,73,125,75,-1,125,126,75,-1,75,126,127,-1,75,127,76,-1,76,127,128,-1,76,128,36,-1,36,128,129,-1,36,129,34,-1,28,34,130,-1,130,34,129,-1,26,28,131,-1,131,28,130,-1,27,26,132,-1,132,26,131,-1,29,27,133,-1,133,27,132,-1,29,133,134,-1,29,134,49,-1,49,134,135,-1,49,135,51,-1,51,135,136,-1,51,136,53,-1,53,136,137,-1,53,137,54,-1,54,137,138,-1,54,138,44,-1,44,138,139,-1,44,139,42,-1,42,139,94,-1,42,94,61,-1,79,140,141,-1,79,141,46,-1,46,141,142,-1,46,142,30,-1,30,142,143,-1,30,143,31,-1,87,144,145,-1,87,145,85,-1,85,145,146,-1,85,146,83,-1,83,146,147,-1,83,147,81,-1,81,147,140,-1,81,140,79,-1,66,148,149,-1,66,149,64,-1,64,149,150,-1,64,150,91,-1,91,150,151,-1,91,151,89,-1,89,151,144,-1,89,144,87,-1,72,152,153,-1,72,153,70,-1,70,153,154,-1,70,154,68,-1,68,154,148,-1,68,148,66,-1,41,155,156,-1,41,156,35,-1,35,156,157,-1,35,157,37,-1,37,157,158,-1,37,158,74,-1,74,158,152,-1,74,152,72,-1,33,159,160,-1,33,160,38,-1,38,160,161,-1,38,161,39,-1,39,161,162,-1,39,162,40,-1,40,162,155,-1,40,155,41,-1,33,32,159,-1,159,32,163,-1,32,31,163,-1,163,31,143,-1,
        ]
    }
}
Shape{
    appearance Appearance {
        material  Material 	{
            diffuseColor 0.2235294117647059 0.2235294117647059 0.2235294117647059
            specularColor 0.11372549019607843 0.11372549019607843 0.11372549019607843
            ambientIntensity 0.2235
            transparency 0.0
            shininess 0.5
        }
    }
    geometry IndexedFaceSet {
        ccw TRUE
        solid FALSE
        coord DEF co Coordinate {
            point [
                0.9448 0.5682 0.7677, 0.9448 0.5689 0.7677, 0.9217 0.569 0.7677, 0.9448 0.5743 0.7677, 0.9314 0.5725 0.7677, 0.9248 0.5709 0.7677, 0.9227 0.5698 0.7677, 0.9442 0.5637 0.7677, 0.9205 0.5675 0.7677, 0.9427 0.5601 0.7677, 0.9211 0.556 0.7677, 0.922 0.5551 0.7677, 0.9393 0.556 0.7677, 0.92 0.5576 0.7677, 0.9364 0.554 0.7677, 0.9334 0.5529 0.7677, 0.9296 0.5525 0.7677, 0.9197 0.5657 0.7677, 0.9192 0.5634 0.7677, 0.9405 0.5572 0.7677, 0.9191 0.5618 0.7677, 0.9193 0.5595 0.7677, 0.924 0.5537 0.7677, 0.9263 0.5529 0.7677
            ]
        }
        coordIndex [
            0,1,2,-1,1,3,4,-1,4,5,1,-1,1,5,6,-1,1,6,2,-1,0,2,7,-1,7,2,8,-1,7,8,9,-1,10,11,12,-1,10,12,13,-1,14,12,15,-1,15,12,16,-1,8,17,9,-1,9,17,18,-1,9,18,19,-1,19,18,20,-1,19,20,12,-1,12,20,21,-1,12,21,13,-1,11,22,12,-1,12,22,23,-1,12,23,16,-1,
        ]
    }
}
Shape{
    appearance Appearance {
        material  Material 	{
            diffuseColor 1.0 1.0 1.0
            specularColor 0.5019607843137255 0.5019607843137255 0.5019607843137255
            ambientIntensity 1.0
            transparency 0.0
            shininess 0.5
        }
    }
    geometry IndexedFaceSet {
        ccw TRUE
        solid FALSE
        coord DEF co Coordinate {
            point [
                0.9849 0.5525 0.7681, 0.9849 0.5525 0.7677, 0.979 0.5531 0.7677, 0.9731 0.5553 0.7677, 0.9727 0.5554 0.7681, 0.979 0.5531 0.7681, 0.9727 0.5554 0.7677, 0.9684 0.558 0.7677, 0.9684 0.558 0.7681, 0.9684 0.5477 0.7681, 0.9684 0.5477 0.7677, 0.9743 0.5455 0.7681, 0.9731 0.5459 0.7677, 0.984 0.5443 0.7677, 0.984 0.5443 0.7681, 0.9784 0.545 0.7677, 0.9743 0.5455 0.7677, 0.993 0.5454 0.7681, 0.9897 0.545 0.7677, 0.993 0.5454 0.7677, 0.9983 0.5474 0.7677, 0.9983 0.5474 0.7681, 1.0006 0.5488 0.7677, 1.0006 0.5488 0.7681, 1.0035 0.5513 0.7677, 1.0035 0.5513 0.7681, 1.0054 0.554 0.7677, 1.0054 0.554 0.7681, 1.0066 0.5572 0.7677, 1.0066 0.5572 0.7681, 1.0071 0.5612 0.7677, 1.0071 0.5612 0.7681, 1.0067 0.5649 0.7677, 1.0067 0.5649 0.7681, 1.0056 0.5679 0.7677, 1.0056 0.5679 0.7681, 1.0037 0.5707 0.7677, 1.0037 0.5707 0.7681, 1.0013 0.5728 0.7677, 1.0013 0.5728 0.7681, 0.9947 0.5765 0.7677, 0.9947 0.5765 0.7681, 0.9908 0.5781 0.7677, 0.9908 0.5781 0.7681, 0.9846 0.5808 0.7677, 0.9846 0.5808 0.7681, 0.981 0.583 0.7677, 0.981 0.583 0.7681, 0.9801 0.5841 0.7677, 0.9801 0.5841 0.7681, 0.9793 0.5854 0.7677, 0.9793 0.5854 0.7681, 0.9789 0.587 0.7677, 0.9789 0.587 0.7681, 0.9788 0.5883 0.7677, 0.9788 0.5883 0.7681, 0.979 0.5899 0.7677, 0.979 0.5899 0.7681, 0.9795 0.5913 0.7677, 0.9795 0.5913 0.7681, 0.9804 0.5925 0.7677, 0.9804 0.5925 0.7681, 0.9819 0.5939 0.7677, 0.9819 0.5939 0.7681, 0.9841 0.5951 0.7677, 0.9841 0.5951 0.7681, 0.9868 0.5958 0.7677, 0.9868 0.5958 0.7681, 0.9898 0.596 0.7677, 0.9898 0.596 0.7681, 0.996 0.5953 0.7677, 0.996 0.5953 0.7681, 1.0017 0.5933 0.7677, 1.0017 0.5933 0.7681, 1.0043 0.5919 0.7677, 1.0043 0.5919 0.7681, 1.0043 0.6016 0.7681, 1.0043 0.6016 0.7677, 0.9978 0.6035 0.7677, 0.9978 0.6035 0.7681, 0.9908 0.6041 0.7677, 0.9908 0.6041 0.7681, 0.9828 0.6032 0.7677, 0.9828 0.6032 0.7681, 0.9774 0.6011 0.7677, 0.9774 0.6011 0.7681, 0.9749 0.5996 0.7677, 0.9749 0.5996 0.7681, 0.972 0.5969 0.7681, 0.9731 0.5979 0.7677, 0.972 0.5969 0.7677, 0.9701 0.5942 0.7677, 0.9701 0.5942 0.7681, 0.9689 0.591 0.7677, 0.9689 0.591 0.7681, 0.9685 0.5874 0.7677, 0.9685 0.5874 0.7681, 0.9689 0.5835 0.7677, 0.9689 0.5835 0.7681, 0.97 0.5804 0.7677, 0.97 0.5804 0.7681, 0.9714 0.5784 0.7677, 0.9714 0.5784 0.7681, 0.9837 0.5708 0.7677, 0.9837 0.5708 0.7681, 0.9777 0.5735 0.7681, 0.973 0.5766 0.7677, 0.973 0.5766 0.7681, 0.9731 0.5766 0.7677, 0.9777 0.5735 0.7677, 0.9903 0.568 0.7677, 0.9903 0.568 0.7681, 0.9942 0.5657 0.7677, 0.9942 0.5657 0.7681, 0.9954 0.5644 0.7677, 0.9954 0.5644 0.7681, 0.9962 0.563 0.7677, 0.9962 0.563 0.7681, 0.9967 0.5615 0.7677, 0.9967 0.5615 0.7681, 0.9968 0.5602 0.7677, 0.9968 0.5602 0.7681, 0.9966 0.5583 0.7677, 0.9966 0.5583 0.7681, 0.9961 0.5569 0.7677, 0.9961 0.5569 0.7681, 0.9952 0.5556 0.7677, 0.9952 0.5556 0.7681, 0.994 0.5546 0.7677, 0.994 0.5546 0.7681, 0.9931 0.554 0.7677, 0.9931 0.554 0.7681, 0.9905 0.5531 0.7677, 0.9905 0.5531 0.7681, 0.9854 0.5525 0.7677, 0.9854 0.5525 0.7681, 1.0568 0.6028 0.7681, 1.0672 0.6028 0.7681, 1.0568 0.6028 0.7677, 1.0672 0.6028 0.7677, 1.0412 0.5598 0.7681, 1.0412 0.5598 0.7677, 1.0404 0.5571 0.7677, 1.0404 0.5571 0.7681, 1.0399 0.5551 0.7677, 1.0399 0.5551 0.7681, 1.0397 0.5551 0.7681, 1.0397 0.5551 0.7677, 1.0384 0.5599 0.7681, 1.0384 0.5599 0.7677, 1.0235 0.6028 0.7677, 1.0235 0.6028 0.7681, 1.0283 0.5889 0.7677, 1.0123 0.6028 0.7681, 1.0123 0.6028 0.7677, 1.0347 0.5458 0.7677, 1.0347 0.5458 0.7681, 1.0283 0.562 0.7677, 1.0303 0.5354 0.7677, 1.0303 0.5354 0.7681, 1.0344 0.545 0.7677, 1.0283 0.5318 0.7677, 1.0283 0.5317 0.7681, 1.0283 0.5317 0.7677, 1.0264 0.5296 0.7677, 1.0264 0.5296 0.7681, 1.0248 0.5285 0.7677, 1.0248 0.5285 0.7681, 1.0226 0.5276 0.7677, 1.0226 0.5276 0.7681, 1.02 0.5273 0.7677, 1.02 0.5273 0.7681, 1.0164 0.5278 0.7677, 1.0164 0.5278 0.7681, 1.0144 0.5285 0.7677, 1.0144 0.5285 0.7681, 1.0144 0.5195 0.7681, 1.0144 0.5195 0.7677, 1.0186 0.5188 0.7677, 1.0186 0.5188 0.7681, 1.0208 0.5187 0.7677, 1.0208 0.5187 0.7681, 1.0249 0.5192 0.7677, 1.0283 0.5205 0.7677, 1.0288 0.5207 0.7681, 1.0249 0.5192 0.7681, 1.0288 0.5207 0.7677, 1.0323 0.5231 0.7677, 1.0323 0.5231 0.7681, 1.033 0.5238 0.7677, 1.033 0.5238 0.7681, 1.0367 0.5282 0.7677, 1.0367 0.5282 0.7681, 1.0412 0.537 0.7677, 1.0412 0.537 0.7681, 1.0444 0.545 0.7677, 1.1211 0.5548 0.7681, 1.1211 0.5456 0.7681, 1.1211 0.5548 0.7677, 1.1211 0.5456 0.7677, 1.0883 0.5548 0.7677, 1.0883 0.5548 0.7681, 1.1033 0.5548 0.7677, 1.0883 0.5817 0.7681, 1.0883 0.5817 0.7677, 1.117 0.5817 0.7677, 1.117 0.5817 0.7681, 1.1033 0.5817 0.7677, 1.117 0.5909 0.7681, 1.117 0.5909 0.7677, 1.0883 0.5909 0.7677, 1.0883 0.5909 0.7681, 1.1033 0.5909 0.7677, 1.0883 0.6165 0.7677, 1.0883 0.6165 0.7681, 1.0883 0.6149 0.7677, 1.1192 0.6165 0.7677, 1.1192 0.6165 0.7681, 1.1033 0.6165 0.7677, 1.1192 0.6257 0.7681, 1.1192 0.6257 0.7677, 1.078 0.6257 0.7677, 1.078 0.6257 0.7681, 1.1033 0.6257 0.7677, 1.078 0.5456 0.7677, 1.078 0.5456 0.7681, 1.078 0.6149 0.7677, 1.1033 0.5456 0.7677, 1.1893 0.5569 0.7681, 1.181 0.5623 0.7681, 1.1809 0.5509 0.7681, 1.1759 0.5587 0.7681, 1.1718 0.5473 0.7681, 1.1693 0.5561 0.7681, 1.1582 0.5456 0.7681, 1.1581 0.5548 0.7681, 1.1362 0.5456 0.7681, 1.1465 0.5548 0.7681, 1.1362 0.6257 0.7681, 1.1465 0.6165 0.7681, 1.159 0.6257 0.7681, 1.1586 0.6165 0.7681, 1.1598 0.6165 0.7681, 1.1712 0.6244 0.7681, 1.1699 0.6151 0.7681, 1.1809 0.6208 0.7681, 1.1767 0.6124 0.7681, 1.1893 0.6151 0.7681, 1.1817 0.609 0.7681, 1.1921 0.6124 0.7681, 1.1839 0.6068 0.7681, 1.1971 0.6054 0.7681, 1.1871 0.6023 0.7681, 1.2 0.5977 0.7681, 1.1893 0.5965 0.7681, 1.2014 0.5867 0.7681, 1.1905 0.5864 0.7681, 1.2011 0.5816 0.7681, 1.1902 0.5807 0.7681, 1.1992 0.5722 0.7681, 1.1885 0.5735 0.7681, 1.1952 0.5639 0.7681, 1.1857 0.5676 0.7681, 1.1819 0.5631 0.7681, 1.1582 0.5456 0.7677, 1.1362 0.5456 0.7677, 1.1718 0.5473 0.7677, 1.1809 0.5509 0.7677, 1.1893 0.5569 0.7677, 1.1952 0.5639 0.7677, 1.1992 0.5722 0.7677, 1.2011 0.5816 0.7677, 1.2014 0.5867 0.7677, 1.2 0.5977 0.7677, 1.1971 0.6054 0.7677, 1.1921 0.6124 0.7677, 1.1895 0.6149 0.7677, 1.1893 0.6151 0.7677, 1.1809 0.6208 0.7677, 1.1712 0.6244 0.7677, 1.159 0.6257 0.7677, 1.1362 0.6257 0.7677, 1.1362 0.6149 0.7677, 1.1586 0.6165 0.7677, 1.1465 0.6165 0.7677, 1.1465 0.5548 0.7677, 1.1581 0.5548 0.7677, 1.1819 0.5631 0.7677, 1.181 0.5623 0.7677, 1.1759 0.5587 0.7677, 1.1693 0.5561 0.7677, 1.1905 0.5864 0.7677, 1.1902 0.5807 0.7677, 1.1885 0.5735 0.7677, 1.1857 0.5676 0.7677, 1.1817 0.609 0.7677, 1.1839 0.6068 0.7677, 1.1871 0.6023 0.7677, 1.1893 0.5965 0.7677, 1.1598 0.6165 0.7677, 1.1699 0.6151 0.7677, 1.1767 0.6124 0.7677
            ]
        }
        coordIndex [
            0,1,2,-1,3,4,2,-1,2,4,5,-1,2,5,0,-1,3,6,4,-1,4,6,7,-1,4,7,8,-1,9,8,10,-1,10,8,7,-1,11,9,12,-1,12,9,10,-1,13,14,15,-1,15,14,11,-1,15,11,16,-1,16,11,12,-1,17,14,18,-1,18,14,13,-1,18,19,17,-1,17,19,20,-1,17,20,21,-1,21,20,22,-1,21,22,23,-1,23,22,24,-1,23,24,25,-1,25,24,26,-1,25,26,27,-1,27,26,28,-1,27,28,29,-1,29,28,30,-1,29,30,31,-1,31,30,32,-1,31,32,33,-1,33,32,34,-1,33,34,35,-1,35,34,36,-1,35,36,37,-1,37,36,38,-1,37,38,39,-1,39,38,40,-1,39,40,41,-1,41,40,42,-1,41,42,43,-1,43,42,44,-1,43,44,45,-1,45,44,46,-1,45,46,47,-1,47,46,48,-1,47,48,49,-1,49,48,50,-1,49,50,51,-1,51,50,52,-1,51,52,53,-1,53,52,54,-1,53,54,55,-1,55,54,56,-1,55,56,57,-1,57,56,58,-1,57,58,59,-1,59,58,60,-1,59,60,61,-1,61,60,62,-1,61,62,63,-1,63,62,64,-1,63,64,65,-1,65,64,66,-1,65,66,67,-1,67,66,68,-1,67,68,69,-1,69,68,70,-1,69,70,71,-1,71,70,72,-1,71,72,73,-1,73,72,74,-1,73,74,75,-1,76,75,77,-1,77,75,74,-1,76,77,78,-1,76,78,79,-1,79,78,80,-1,79,80,81,-1,81,80,82,-1,81,82,83,-1,83,82,84,-1,83,84,85,-1,85,84,86,-1,85,86,87,-1,88,87,89,-1,89,87,86,-1,89,90,88,-1,88,90,91,-1,88,91,92,-1,92,91,93,-1,92,93,94,-1,94,93,95,-1,94,95,96,-1,96,95,97,-1,96,97,98,-1,98,97,99,-1,98,99,100,-1,100,99,101,-1,100,101,102,-1,103,104,105,-1,102,101,106,-1,102,106,107,-1,107,106,108,-1,107,108,105,-1,105,108,109,-1,105,109,103,-1,104,103,110,-1,104,110,111,-1,111,110,112,-1,111,112,113,-1,113,112,114,-1,113,114,115,-1,115,114,116,-1,115,116,117,-1,117,116,118,-1,117,118,119,-1,119,118,120,-1,119,120,121,-1,121,120,122,-1,121,122,123,-1,123,122,124,-1,123,124,125,-1,125,124,126,-1,125,126,127,-1,127,126,128,-1,127,128,129,-1,129,128,130,-1,129,130,131,-1,131,130,132,-1,131,132,133,-1,133,132,134,-1,133,134,135,-1,135,134,1,-1,135,1,0,-1,61,63,85,-1,85,63,83,-1,111,43,104,-1,104,43,45,-1,21,23,127,-1,127,23,25,-1,127,25,125,-1,125,25,27,-1,125,27,123,-1,123,27,29,-1,123,29,121,-1,121,29,31,-1,121,31,119,-1,119,31,33,-1,119,33,117,-1,117,33,35,-1,117,35,115,-1,115,35,37,-1,115,37,113,-1,113,37,39,-1,113,39,111,-1,111,39,41,-1,111,41,43,-1,14,0,11,-1,11,0,5,-1,11,5,9,-1,9,5,4,-1,9,4,8,-1,63,65,83,-1,83,65,67,-1,83,67,81,-1,81,67,69,-1,81,69,79,-1,79,69,71,-1,79,71,76,-1,76,71,73,-1,76,73,75,-1,127,129,21,-1,21,129,131,-1,21,131,17,-1,17,131,133,-1,17,133,14,-1,14,133,135,-1,14,135,0,-1,85,87,61,-1,61,87,88,-1,61,88,59,-1,59,88,92,-1,59,92,57,-1,57,92,94,-1,57,94,55,-1,55,94,96,-1,55,96,53,-1,53,96,98,-1,53,98,51,-1,51,98,100,-1,51,100,49,-1,49,100,102,-1,49,102,47,-1,47,102,107,-1,47,107,45,-1,45,107,105,-1,45,105,104,-1,136,137,138,-1,138,137,139,-1,140,136,141,-1,141,136,138,-1,140,141,142,-1,140,142,143,-1,143,142,144,-1,143,144,145,-1,146,145,147,-1,147,145,144,-1,148,146,149,-1,149,146,147,-1,150,151,152,-1,152,151,148,-1,152,148,149,-1,153,151,154,-1,154,151,150,-1,155,156,157,-1,157,156,153,-1,157,153,154,-1,158,159,160,-1,160,159,156,-1,160,156,155,-1,158,161,159,-1,159,161,162,-1,161,163,162,-1,162,163,164,-1,162,164,165,-1,165,164,166,-1,165,166,167,-1,167,166,168,-1,167,168,169,-1,169,168,170,-1,169,170,171,-1,171,170,172,-1,171,172,173,-1,173,172,174,-1,173,174,175,-1,176,175,177,-1,177,175,174,-1,176,177,178,-1,176,178,179,-1,179,178,180,-1,179,180,181,-1,181,180,182,-1,183,184,182,-1,182,184,185,-1,182,185,181,-1,183,186,184,-1,184,186,187,-1,184,187,188,-1,188,187,189,-1,188,189,190,-1,190,189,191,-1,190,191,192,-1,192,191,193,-1,192,193,194,-1,139,137,195,-1,195,137,194,-1,195,194,193,-1,143,145,194,-1,137,136,194,-1,194,136,140,-1,194,140,143,-1,151,153,148,-1,148,153,156,-1,148,156,146,-1,175,176,173,-1,173,176,179,-1,173,179,171,-1,171,179,181,-1,171,181,169,-1,169,181,185,-1,169,185,167,-1,167,185,184,-1,167,184,165,-1,145,146,194,-1,194,146,156,-1,194,156,192,-1,156,159,192,-1,192,159,162,-1,192,162,190,-1,190,162,165,-1,190,165,188,-1,188,165,184,-1,196,197,198,-1,198,197,199,-1,200,201,202,-1,202,201,196,-1,202,196,198,-1,203,201,204,-1,204,201,200,-1,205,206,207,-1,207,206,203,-1,207,203,204,-1,208,206,209,-1,209,206,205,-1,210,211,212,-1,212,211,208,-1,212,208,209,-1,213,214,215,-1,215,214,211,-1,215,211,210,-1,216,217,218,-1,218,217,214,-1,218,214,213,-1,219,217,220,-1,220,217,216,-1,221,222,223,-1,223,222,219,-1,223,219,220,-1,224,225,226,-1,226,225,222,-1,226,222,221,-1,199,197,227,-1,227,197,225,-1,227,225,224,-1,225,197,196,-1,196,201,225,-1,225,201,203,-1,225,203,222,-1,217,219,214,-1,214,219,222,-1,214,222,211,-1,211,222,203,-1,211,203,208,-1,208,203,206,-1,228,229,230,-1,230,229,231,-1,230,231,232,-1,232,231,233,-1,232,233,234,-1,234,233,235,-1,234,235,236,-1,236,235,237,-1,236,237,238,-1,238,237,239,-1,238,239,240,-1,239,241,240,-1,240,241,242,-1,240,242,243,-1,243,242,244,-1,243,244,245,-1,245,244,246,-1,245,246,247,-1,247,246,248,-1,247,248,249,-1,249,248,250,-1,249,250,251,-1,251,250,252,-1,251,252,253,-1,253,252,254,-1,253,254,255,-1,255,254,256,-1,255,256,257,-1,257,256,258,-1,257,258,259,-1,259,258,260,-1,259,260,261,-1,261,260,262,-1,261,262,228,-1,228,262,263,-1,228,263,229,-1,234,236,264,-1,264,236,265,-1,234,264,266,-1,234,266,232,-1,232,266,267,-1,232,267,230,-1,230,267,268,-1,230,268,228,-1,228,268,269,-1,228,269,261,-1,261,269,270,-1,261,270,259,-1,259,270,271,-1,259,271,257,-1,257,271,272,-1,257,272,255,-1,255,272,273,-1,255,273,253,-1,253,273,274,-1,253,274,251,-1,251,274,275,-1,251,275,249,-1,249,275,247,-1,247,275,276,-1,247,276,277,-1,247,277,278,-1,247,278,245,-1,245,278,279,-1,245,279,243,-1,243,279,280,-1,243,280,240,-1,238,240,281,-1,281,240,280,-1,265,236,282,-1,282,236,238,-1,282,238,281,-1,241,239,283,-1,283,239,284,-1,239,237,284,-1,284,237,285,-1,237,235,285,-1,285,235,286,-1,263,287,288,-1,263,288,229,-1,229,288,289,-1,229,289,231,-1,231,289,290,-1,231,290,233,-1,233,290,286,-1,233,286,235,-1,256,291,292,-1,256,292,258,-1,258,292,293,-1,258,293,260,-1,260,293,294,-1,260,294,262,-1,262,294,287,-1,262,287,263,-1,248,295,296,-1,248,296,250,-1,250,296,297,-1,250,297,252,-1,252,297,298,-1,252,298,254,-1,254,298,291,-1,254,291,256,-1,241,283,299,-1,241,299,242,-1,242,299,300,-1,242,300,244,-1,244,300,301,-1,244,301,246,-1,246,301,295,-1,246,295,248,-1,
        ]
    }
}
Shape{
    appearance Appearance {
        material  Material 	{
            diffuseColor 0.2235294117647059 0.2235294117647059 0.2235294117647059
            specularColor 0.11372549019607843 0.11372549019607843 0.11372549019607843
            ambientIntensity 0.2235
            transparency 0.0
            shininess 0.5
        }
    }
    geometry IndexedFaceSet {
        ccw TRUE
        solid FALSE
        coord DEF co Coordinate {
            point [
                1.1465 0.6165 0.7677, 1.1465 0.5548 0.7677, 1.1586 0.6165 0.7677, 1.1581 0.5548 0.7677, 1.1598 0.6165 0.7677, 1.1693 0.5561 0.7677, 1.1759 0.5587 0.7677, 1.181 0.5623 0.7677, 1.1819 0.5631 0.7677, 1.1857 0.5676 0.7677, 1.1905 0.5864 0.7677, 1.1817 0.609 0.7677, 1.1902 0.5807 0.7677, 1.1767 0.6124 0.7677, 1.1885 0.5735 0.7677, 1.1699 0.6151 0.7677, 1.1893 0.5965 0.7677, 1.1871 0.6023 0.7677, 1.1839 0.6068 0.7677
            ]
        }
        coordIndex [
            0,1,2,-1,2,1,3,-1,2,3,4,-1,4,3,5,-1,4,5,6,-1,6,7,4,-1,4,7,8,-1,4,8,9,-1,10,11,12,-1,12,11,13,-1,9,14,4,-1,4,14,12,-1,4,12,15,-1,15,12,13,-1,16,17,10,-1,10,17,18,-1,10,18,11,-1,
        ]
    }
}
Shape{
    appearance Appearance {
        material  Material 	{
            diffuseColor 1.0 1.0 1.0
            specularColor 0.5019607843137255 0.5019607843137255 0.5019607843137255
            ambientIntensity 1.0
            transparency 0.0
            shininess 0.5
        }
    }
    geometry IndexedFaceSet {
        ccw TRUE
        solid FALSE
        coord DEF co Coordinate {
            point [
                1.2282 0.5766 0.7681, 1.2249 0.5675 0.7681, 1.2551 0.5766 0.7681, 1.2583 0.5675 0.7681, 1.2402 0.6099 0.7681, 1.2363 0.6257 0.7681, 1.2058 0.5456 0.7681, 1.2172 0.5456 0.7681, 1.2409 0.6123 0.7681, 1.2415 0.6155 0.7681, 1.2474 0.6257 0.7681, 1.2417 0.6155 0.7681, 1.2424 0.6121 0.7681, 1.243 0.6099 0.7681, 1.2779 0.5456 0.7681, 1.2664 0.5456 0.7681, 1.2474 0.6257 0.7677, 1.2515 0.6149 0.7677, 1.2779 0.5456 0.7677, 1.2363 0.6257 0.7677, 1.2058 0.5456 0.7677, 1.2322 0.6149 0.7677, 1.2172 0.5456 0.7677, 1.2249 0.5675 0.7677, 1.2583 0.5675 0.7677, 1.2664 0.5456 0.7677, 1.2282 0.5766 0.7677, 1.2551 0.5766 0.7677, 1.243 0.6099 0.7677, 1.2417 0.6155 0.7677, 1.2424 0.6121 0.7677, 1.2415 0.6155 0.7677, 1.2402 0.6099 0.7677, 1.2409 0.6123 0.7677
            ]
        }
        coordIndex [
            0,1,2,-1,2,1,3,-1,4,5,0,-1,0,5,6,-1,0,6,1,-1,1,6,7,-1,4,8,5,-1,5,8,9,-1,5,9,10,-1,10,9,11,-1,10,11,12,-1,12,13,10,-1,10,13,2,-1,10,2,14,-1,14,2,3,-1,14,3,15,-1,16,10,17,-1,17,10,14,-1,17,14,18,-1,5,10,19,-1,19,10,16,-1,20,6,21,-1,21,6,5,-1,21,5,19,-1,7,6,22,-1,22,6,20,-1,1,7,23,-1,23,7,22,-1,3,1,24,-1,24,1,23,-1,15,3,25,-1,25,3,24,-1,14,15,18,-1,18,15,25,-1,0,2,26,-1,26,2,27,-1,2,13,27,-1,27,13,28,-1,11,29,30,-1,11,30,12,-1,12,30,28,-1,12,28,13,-1,11,9,29,-1,29,9,31,-1,4,32,33,-1,4,33,8,-1,8,33,31,-1,8,31,9,-1,4,0,32,-1,32,0,26,-1,
        ]
    }
}
Shape{
    appearance Appearance {
        material  Material 	{
            diffuseColor 0.2235294117647059 0.2235294117647059 0.2235294117647059
            specularColor 0.11372549019607843 0.11372549019607843 0.11372549019607843
            ambientIntensity 0.2235
            transparency 0.0
            shininess 0.5
        }
    }
    geometry IndexedFaceSet {
        ccw TRUE
        solid FALSE
        coord DEF co Coordinate {
            point [
                1.2417 0.6155 0.7677, 1.2415 0.6155 0.7677, 1.2424 0.6121 0.7677, 1.2409 0.6123 0.7677, 1.243 0.6099 0.7677, 1.2402 0.6099 0.7677, 1.2551 0.5766 0.7677, 1.2282 0.5766 0.7677
            ]
        }
        coordIndex [
            0,1,2,-1,2,1,3,-1,2,3,4,-1,4,3,5,-1,4,5,6,-1,6,5,7,-1,
        ]
    }
}
Shape{
    appearance Appearance {
        material  Material 	{
            diffuseColor 1.0 1.0 1.0
            specularColor 0.5019607843137255 0.5019607843137255 0.5019607843137255
            ambientIntensity 1.0
            transparency 0.0
            shininess 0.5
        }
    }
    geometry IndexedFaceSet {
        ccw TRUE
        solid FALSE
        coord DEF co Coordinate {
            point [
                0.5026 0.5343 0.7681, 0.5111 0.5238 0.7681, 0.4975 0.5846 0.7681, 0.4876 0.6836 0.7681, 0.5003 0.6903 0.7681, 0.4975 0.7254 0.7681, 0.5328 0.727 0.7681, 0.5504 0.6854 0.7681, 0.5591 0.7034 0.7681, 0.6079 0.5647 0.7681, 0.6079 0.5704 0.7681, 0.5598 0.5843 0.7681, 0.5544 0.586 0.7681, 0.4851 0.5923 0.7681, 0.4892 0.5489 0.7681, 0.4969 0.5465 0.7681, 0.5197 0.7281 0.7681, 0.5683 0.5773 0.7681, 0.5709 0.5728 0.7681, 0.6076 0.5588 0.7681, 0.6876 0.6125 0.7681, 0.67 0.6427 0.7681, 0.5937 0.6029 0.7681, 0.5504 0.5864 0.7681, 0.5452 0.5857 0.7681, 0.5374 0.6205 0.7681, 0.5402 0.5838 0.7681, 0.5248 0.6157 0.7681, 0.5357 0.5808 0.7681, 0.5132 0.6077 0.7681, 0.5325 0.5773 0.7681, 0.5038 0.5969 0.7681, 0.5298 0.5724 0.7681, 0.5284 0.567 0.7681, 0.5717 0.6184 0.7681, 0.5579 0.6218 0.7681, 0.551 0.6222 0.7681, 0.5645 0.5813 0.7681, 0.5359 0.5474 0.7681, 0.5404 0.5443 0.7681, 0.5222 0.5155 0.7681, 0.5457 0.5425 0.7681, 0.7064 0.6689 0.7681, 0.711 0.6689 0.7681, 0.7343 0.6996 0.7681, 0.7218 0.6676 0.7681, 0.7371 0.6987 0.7681, 0.7317 0.6637 0.7681, 0.7541 0.6903 0.7681, 0.7695 0.6772 0.7681, 0.5445 0.7406 0.7681, 0.5719 0.7187 0.7681, 0.5578 0.752 0.7681, 0.5872 0.7298 0.7681, 0.5748 0.7622 0.7681, 0.5144 0.6936 0.7681, 0.5203 0.694 0.7681, 0.5262 0.7278 0.7681, 0.5336 0.6923 0.7681, 0.5463 0.6877 0.7681, 0.5838 0.6119 0.7681, 0.7696 0.571 0.7681, 0.7431 0.5936 0.7681, 0.7541 0.5579 0.7681, 0.7346 0.5867 0.7681, 0.7367 0.5494 0.7681, 0.7246 0.582 0.7681, 0.7178 0.5454 0.7681, 0.7144 0.5801 0.7681, 0.6842 0.5454 0.7681, 0.6888 0.5801 0.7681, 0.681 0.5459 0.7681, 0.5322 0.5515 0.7681, 0.5297 0.5562 0.7681, 0.5284 0.5614 0.7681, 0.7406 0.6576 0.7681, 0.7471 0.6502 0.7681, 0.7811 0.661 0.7681, 0.7524 0.6404 0.7681, 0.7881 0.6436 0.7681, 0.7551 0.6295 0.7681, 0.7907 0.6251 0.7681, 0.7554 0.6245 0.7681, 0.7881 0.6047 0.7681, 0.754 0.6134 0.7681, 0.7809 0.5867 0.7681, 0.7501 0.6033 0.7681, 0.7438 0.5944 0.7681, 0.7036 0.7446 0.7681, 0.6813 0.7184 0.7681, 0.7237 0.7208 0.7681, 0.6942 0.7031 0.7681, 0.7029 0.6847 0.7681, 0.465 0.6508 0.7681, 0.4276 0.6415 0.7681, 0.4633 0.637 0.7681, 0.4275 0.6359 0.7681, 0.464 0.6283 0.7681, 0.4302 0.6139 0.7681, 0.4681 0.6143 0.7681, 0.4382 0.5926 0.7681, 0.4749 0.6028 0.7681, 0.4514 0.5738 0.7681, 0.4687 0.559 0.7681, 0.6013 0.7715 0.7681, 0.6058 0.7374 0.7681, 0.6261 0.7742 0.7681, 0.6267 0.7401 0.7681, 0.654 0.7707 0.7681, 0.646 0.7377 0.7681, 0.6822 0.7596 0.7681, 0.6639 0.7309 0.7681, 0.6799 0.7198 0.7681, 0.4764 0.7173 0.7681, 0.4583 0.7046 0.7681, 0.4778 0.6748 0.7681, 0.4542 0.7008 0.7681, 0.4699 0.6635 0.7681, 0.4406 0.6834 0.7681, 0.4315 0.6629 0.7681, 0.6859 0.5806 0.7681, 0.6722 0.5513 0.7681, 0.6735 0.55 0.7681, 0.5724 0.5676 0.7681, 0.5725 0.562 0.7681, 0.6043 0.5448 0.7681, 0.5713 0.5565 0.7681, 0.5976 0.5321 0.7681, 0.5687 0.5516 0.7681, 0.5888 0.5223 0.7681, 0.5651 0.5475 0.7681, 0.5775 0.5144 0.7681, 0.5607 0.5445 0.7681, 0.5648 0.5095 0.7681, 0.5557 0.5426 0.7681, 0.551 0.5078 0.7681, 0.5504 0.542 0.7681, 0.5488 0.5078 0.7681, 0.5354 0.5099 0.7681, 0.6876 0.5802 0.7681, 0.6772 0.5474 0.7681, 0.6677 0.563 0.7681, 0.6682 0.5588 0.7681, 0.6697 0.5549 0.7681, 0.6809 0.5801 0.7681, 0.677 0.5786 0.7681, 0.6678 0.5653 0.7681, 0.6735 0.5761 0.7681, 0.6712 0.5735 0.7681, 0.669 0.5696 0.7681, 0.6854 0.5807 0.7681, 0.7907 0.6251 0.7677, 0.7881 0.6436 0.7677, 0.7811 0.661 0.7677, 0.7733 0.672 0.7677, 0.7695 0.6772 0.7677, 0.7541 0.6903 0.7677, 0.7371 0.6987 0.7677, 0.7343 0.6996 0.7677, 0.7237 0.7208 0.7677, 0.7036 0.7446 0.7677, 0.691 0.7534 0.7677, 0.6822 0.7596 0.7677, 0.654 0.7707 0.7677, 0.6261 0.7742 0.7677, 0.5578 0.752 0.7677, 0.5602 0.7534 0.7677, 0.5748 0.7622 0.7677, 0.6013 0.7715 0.7677, 0.5445 0.7406 0.7677, 0.5328 0.727 0.7677, 0.5262 0.7278 0.7677, 0.5197 0.7281 0.7677, 0.4975 0.7254 0.7677, 0.4764 0.7173 0.7677, 0.4583 0.7046 0.7677, 0.4542 0.7008 0.7677, 0.4406 0.6834 0.7677, 0.4355 0.672 0.7677, 0.4315 0.6629 0.7677, 0.4276 0.6415 0.7677, 0.4275 0.6359 0.7677, 0.43 0.6149 0.7677, 0.4302 0.6139 0.7677, 0.4382 0.5926 0.7677, 0.4514 0.5738 0.7677, 0.4687 0.559 0.7677, 0.4892 0.5489 0.7677, 0.4969 0.5465 0.7677, 0.4976 0.545 0.7677, 0.5026 0.5343 0.7677, 0.5111 0.5238 0.7677, 0.5222 0.5155 0.7677, 0.5275 0.5133 0.7677, 0.5354 0.5099 0.7677, 0.5488 0.5078 0.7677, 0.551 0.5078 0.7677, 0.6079 0.5647 0.7677, 0.5648 0.5095 0.7677, 0.5746 0.5133 0.7677, 0.5775 0.5144 0.7677, 0.5888 0.5223 0.7677, 0.5976 0.5321 0.7677, 0.6043 0.5448 0.7677, 0.6043 0.545 0.7677, 0.6076 0.5588 0.7677, 0.6079 0.5704 0.7677, 0.6876 0.6125 0.7677, 0.67 0.6427 0.7677, 0.6862 0.6149 0.7677, 0.5937 0.6029 0.7677, 0.6168 0.6149 0.7677, 0.5838 0.6119 0.7677, 0.5781 0.6149 0.7677, 0.5717 0.6184 0.7677, 0.5579 0.6218 0.7677, 0.551 0.6222 0.7677, 0.5374 0.6205 0.7677, 0.5248 0.6157 0.7677, 0.5237 0.6149 0.7677, 0.5132 0.6077 0.7677, 0.5038 0.5969 0.7677, 0.4975 0.5846 0.7677, 0.4633 0.637 0.7677, 0.4851 0.5923 0.7677, 0.4749 0.6028 0.7677, 0.4681 0.6143 0.7677, 0.4679 0.6149 0.7677, 0.464 0.6283 0.7677, 0.465 0.6508 0.7677, 0.4699 0.6635 0.7677, 0.4758 0.672 0.7677, 0.4778 0.6748 0.7677, 0.4876 0.6836 0.7677, 0.5003 0.6903 0.7677, 0.5144 0.6936 0.7677, 0.5203 0.694 0.7677, 0.5336 0.6923 0.7677, 0.5463 0.6877 0.7677, 0.5504 0.6854 0.7677, 0.5591 0.7034 0.7677, 0.5719 0.7187 0.7677, 0.5872 0.7298 0.7677, 0.6058 0.7374 0.7677, 0.6267 0.7401 0.7677, 0.7064 0.6689 0.7677, 0.7057 0.672 0.7677, 0.7029 0.6847 0.7677, 0.6942 0.7031 0.7677, 0.6813 0.7184 0.7677, 0.6799 0.7198 0.7677, 0.6639 0.7309 0.7677, 0.646 0.7377 0.7677, 0.711 0.6689 0.7677, 0.7218 0.6676 0.7677, 0.7317 0.6637 0.7677, 0.7406 0.6576 0.7677, 0.7471 0.6502 0.7677, 0.7524 0.6404 0.7677, 0.7551 0.6295 0.7677, 0.7554 0.6245 0.7677, 0.7542 0.6149 0.7677, 0.754 0.6134 0.7677, 0.7501 0.6033 0.7677, 0.7438 0.5944 0.7677, 0.7431 0.5936 0.7677, 0.7346 0.5867 0.7677, 0.7246 0.582 0.7677, 0.7144 0.5801 0.7677, 0.6888 0.5801 0.7677, 0.6876 0.5802 0.7677, 0.6859 0.5806 0.7677, 0.6854 0.5807 0.7677, 0.6809 0.5801 0.7677, 0.677 0.5786 0.7677, 0.6735 0.5761 0.7677, 0.6712 0.5735 0.7677, 0.669 0.5696 0.7677, 0.6678 0.5653 0.7677, 0.6677 0.563 0.7677, 0.6682 0.5588 0.7677, 0.6697 0.5549 0.7677, 0.6722 0.5513 0.7677, 0.6735 0.55 0.7677, 0.6772 0.5474 0.7677, 0.681 0.5459 0.7677, 0.6842 0.5454 0.7677, 0.7178 0.5454 0.7677, 0.7367 0.5494 0.7677, 0.7541 0.5579 0.7677, 0.7696 0.571 0.7677, 0.7894 0.6149 0.7677, 0.7881 0.6047 0.7677, 0.7809 0.5867 0.7677, 0.5504 0.5864 0.7677, 0.5544 0.586 0.7677, 0.5598 0.5843 0.7677, 0.5645 0.5813 0.7677, 0.5683 0.5773 0.7677, 0.5709 0.5728 0.7677, 0.5724 0.5676 0.7677, 0.5725 0.562 0.7677, 0.5713 0.5565 0.7677, 0.5687 0.5516 0.7677, 0.5651 0.5475 0.7677, 0.5607 0.5445 0.7677, 0.5557 0.5426 0.7677, 0.5504 0.542 0.7677, 0.5457 0.5425 0.7677, 0.5404 0.5443 0.7677, 0.5359 0.5474 0.7677, 0.5322 0.5515 0.7677, 0.5297 0.5562 0.7677, 0.5284 0.5614 0.7677, 0.5284 0.567 0.7677, 0.5298 0.5724 0.7677, 0.5325 0.5773 0.7677, 0.5357 0.5808 0.7677, 0.5402 0.5838 0.7677, 0.5452 0.5857 0.7677
            ]
        }
        coordIndex [
            0,1,2,-1,3,4,5,-1,6,7,8,-1,9,10,11,-1,11,10,12,-1,13,14,2,-1,2,14,15,-1,2,15,0,-1,5,4,16,-1,17,18,19,-1,20,21,10,-1,10,21,22,-1,10,22,12,-1,12,22,23,-1,24,25,26,-1,26,25,27,-1,26,27,28,-1,28,27,29,-1,28,29,30,-1,30,29,31,-1,30,31,32,-1,32,31,2,-1,32,2,33,-1,34,35,24,-1,24,35,36,-1,24,36,25,-1,9,11,19,-1,19,11,37,-1,19,37,17,-1,38,1,39,-1,39,1,40,-1,39,40,41,-1,42,43,44,-1,44,43,45,-1,44,45,46,-1,46,45,47,-1,46,47,48,-1,48,47,49,-1,6,8,50,-1,50,8,51,-1,50,51,52,-1,52,51,53,-1,52,53,54,-1,4,55,16,-1,16,55,56,-1,16,56,57,-1,57,56,58,-1,57,58,6,-1,6,58,59,-1,6,59,7,-1,23,22,24,-1,24,22,60,-1,24,60,34,-1,61,62,63,-1,63,62,64,-1,63,64,65,-1,65,64,66,-1,65,66,67,-1,67,66,68,-1,67,68,69,-1,69,68,70,-1,69,70,71,-1,38,72,1,-1,1,72,73,-1,1,73,2,-1,2,73,74,-1,2,74,33,-1,47,75,49,-1,49,75,76,-1,49,76,77,-1,77,76,78,-1,77,78,79,-1,79,78,80,-1,79,80,81,-1,81,80,82,-1,81,82,83,-1,83,82,84,-1,83,84,85,-1,85,84,86,-1,85,86,61,-1,61,86,87,-1,61,87,62,-1,88,89,90,-1,90,89,91,-1,90,91,44,-1,44,91,92,-1,44,92,42,-1,93,94,95,-1,95,94,96,-1,95,96,97,-1,97,96,98,-1,97,98,99,-1,99,98,100,-1,99,100,101,-1,101,100,102,-1,101,102,13,-1,13,102,103,-1,13,103,14,-1,54,53,104,-1,104,53,105,-1,104,105,106,-1,106,105,107,-1,106,107,108,-1,108,107,109,-1,108,109,110,-1,110,109,111,-1,110,111,88,-1,88,111,112,-1,88,112,89,-1,5,113,3,-1,3,113,114,-1,3,114,115,-1,115,114,116,-1,115,116,117,-1,117,116,118,-1,117,118,93,-1,93,118,119,-1,93,119,94,-1,120,121,122,-1,18,123,19,-1,19,123,124,-1,19,124,125,-1,125,124,126,-1,125,126,127,-1,127,126,128,-1,127,128,129,-1,129,128,130,-1,129,130,131,-1,131,130,132,-1,131,132,133,-1,133,132,134,-1,133,134,135,-1,135,134,136,-1,135,136,137,-1,137,136,41,-1,137,41,138,-1,138,41,40,-1,70,139,71,-1,71,139,120,-1,71,120,140,-1,140,120,122,-1,141,142,120,-1,120,142,143,-1,120,143,121,-1,144,145,146,-1,145,147,146,-1,146,147,148,-1,146,148,149,-1,141,120,146,-1,146,120,150,-1,146,150,144,-1,81,151,152,-1,81,152,79,-1,79,152,153,-1,79,153,77,-1,77,153,154,-1,77,154,49,-1,154,155,49,-1,49,155,156,-1,49,156,48,-1,48,156,157,-1,48,157,46,-1,46,157,158,-1,46,158,44,-1,44,158,159,-1,44,159,90,-1,90,159,160,-1,90,160,88,-1,110,88,161,-1,161,88,160,-1,161,162,110,-1,110,162,163,-1,110,163,108,-1,108,163,164,-1,108,164,106,-1,165,52,166,-1,166,52,54,-1,166,54,167,-1,167,54,104,-1,167,104,168,-1,168,104,106,-1,168,106,164,-1,52,165,169,-1,52,169,50,-1,50,169,170,-1,50,170,6,-1,6,170,171,-1,6,171,57,-1,57,171,172,-1,57,172,16,-1,16,172,173,-1,16,173,5,-1,5,173,174,-1,5,174,113,-1,113,174,175,-1,113,175,114,-1,114,175,176,-1,114,176,116,-1,116,176,177,-1,116,177,118,-1,118,177,178,-1,118,178,119,-1,178,179,119,-1,119,179,180,-1,119,180,94,-1,94,180,181,-1,94,181,96,-1,96,181,98,-1,98,181,182,-1,182,183,98,-1,98,183,184,-1,98,184,100,-1,100,184,185,-1,100,185,102,-1,102,185,186,-1,102,186,103,-1,103,186,187,-1,103,187,14,-1,14,187,188,-1,14,188,15,-1,15,188,189,-1,15,189,0,-1,189,190,0,-1,0,190,191,-1,0,191,1,-1,1,191,192,-1,1,192,40,-1,40,192,193,-1,40,193,138,-1,193,194,138,-1,138,194,195,-1,138,195,137,-1,137,195,196,-1,137,196,135,-1,197,9,19,-1,135,196,198,-1,135,198,133,-1,133,198,199,-1,133,199,131,-1,199,200,131,-1,131,200,201,-1,131,201,129,-1,129,201,202,-1,129,202,127,-1,127,202,203,-1,127,203,125,-1,125,203,204,-1,125,204,19,-1,19,204,205,-1,19,205,197,-1,10,9,206,-1,206,9,197,-1,20,10,207,-1,207,10,206,-1,208,21,209,-1,209,21,20,-1,209,20,207,-1,210,22,211,-1,211,22,21,-1,211,21,208,-1,22,210,212,-1,22,212,60,-1,60,212,213,-1,60,213,34,-1,213,214,34,-1,34,214,215,-1,34,215,35,-1,35,215,216,-1,35,216,36,-1,36,216,217,-1,36,217,25,-1,25,217,218,-1,25,218,27,-1,27,218,219,-1,27,219,29,-1,219,220,29,-1,29,220,221,-1,29,221,31,-1,31,221,222,-1,31,222,2,-1,223,95,97,-1,2,222,224,-1,2,224,13,-1,13,224,225,-1,13,225,101,-1,101,225,226,-1,101,226,99,-1,99,226,227,-1,99,227,97,-1,97,227,228,-1,97,228,223,-1,95,223,229,-1,95,229,93,-1,93,229,230,-1,93,230,117,-1,117,230,231,-1,117,231,115,-1,231,232,115,-1,115,232,233,-1,115,233,3,-1,3,233,234,-1,3,234,4,-1,4,234,235,-1,4,235,55,-1,55,235,236,-1,55,236,56,-1,56,236,237,-1,56,237,58,-1,58,237,238,-1,58,238,59,-1,59,238,239,-1,59,239,7,-1,7,239,240,-1,7,240,8,-1,8,240,241,-1,8,241,51,-1,51,241,242,-1,51,242,53,-1,53,242,243,-1,53,243,105,-1,105,243,244,-1,105,244,107,-1,245,42,246,-1,246,42,92,-1,246,92,247,-1,247,92,91,-1,247,91,248,-1,248,91,89,-1,248,89,249,-1,249,89,112,-1,249,112,250,-1,250,112,111,-1,250,111,251,-1,251,111,109,-1,251,109,252,-1,252,109,107,-1,252,107,244,-1,43,42,253,-1,253,42,245,-1,43,253,254,-1,43,254,45,-1,45,254,255,-1,45,255,47,-1,47,255,256,-1,47,256,75,-1,75,256,257,-1,75,257,76,-1,76,257,258,-1,76,258,78,-1,78,258,259,-1,78,259,80,-1,80,259,260,-1,80,260,82,-1,84,82,261,-1,261,82,260,-1,261,262,84,-1,84,262,263,-1,84,263,86,-1,86,263,264,-1,86,264,87,-1,87,264,265,-1,87,265,62,-1,62,265,266,-1,62,266,64,-1,64,266,267,-1,64,267,66,-1,66,267,268,-1,66,268,68,-1,70,68,269,-1,269,68,268,-1,70,269,270,-1,70,270,139,-1,139,270,271,-1,139,271,120,-1,120,271,272,-1,120,272,150,-1,150,272,273,-1,150,273,144,-1,144,273,274,-1,144,274,145,-1,145,274,275,-1,145,275,147,-1,147,275,276,-1,147,276,148,-1,148,276,277,-1,148,277,149,-1,149,277,278,-1,149,278,146,-1,146,278,279,-1,146,279,141,-1,141,279,280,-1,141,280,142,-1,142,280,281,-1,142,281,143,-1,143,281,282,-1,143,282,121,-1,121,282,283,-1,121,283,122,-1,122,283,284,-1,122,284,140,-1,140,284,285,-1,140,285,71,-1,71,285,286,-1,71,286,69,-1,67,69,287,-1,287,69,286,-1,67,287,288,-1,67,288,65,-1,65,288,289,-1,65,289,63,-1,63,289,290,-1,63,290,61,-1,151,81,291,-1,291,81,83,-1,291,83,292,-1,292,83,85,-1,292,85,293,-1,293,85,61,-1,293,61,290,-1,23,294,295,-1,23,295,12,-1,12,295,296,-1,12,296,11,-1,11,296,297,-1,11,297,37,-1,37,297,298,-1,37,298,17,-1,17,298,299,-1,17,299,18,-1,18,299,300,-1,18,300,123,-1,123,300,301,-1,123,301,124,-1,124,301,302,-1,124,302,126,-1,126,302,303,-1,126,303,128,-1,128,303,304,-1,128,304,130,-1,130,304,305,-1,130,305,132,-1,132,305,306,-1,132,306,134,-1,134,306,307,-1,134,307,136,-1,136,307,308,-1,136,308,41,-1,41,308,309,-1,41,309,39,-1,39,309,310,-1,39,310,38,-1,38,310,311,-1,38,311,72,-1,72,311,312,-1,72,312,73,-1,73,312,313,-1,73,313,74,-1,74,313,314,-1,74,314,33,-1,33,314,315,-1,33,315,32,-1,32,315,316,-1,32,316,30,-1,30,316,317,-1,30,317,28,-1,28,317,318,-1,28,318,26,-1,26,318,319,-1,26,319,24,-1,24,319,294,-1,24,294,23,-1,
        ]
    }
}
Shape{
    appearance Appearance {
        material  Material 	{
            diffuseColor 0.2235294117647059 0.2235294117647059 0.2235294117647059
            specularColor 0.11372549019607843 0.11372549019607843 0.11372549019607843
            ambientIntensity 0.2235
            transparency 0.0
            shininess 0.5
        }
    }
    geometry IndexedFaceSet {
        ccw TRUE
        solid FALSE
        coord DEF co Coordinate {
            point [
                0.5557 0.5426 0.7677, 0.5544 0.586 0.7677, 0.5504 0.542 0.7677, 0.5504 0.5864 0.7677, 0.5452 0.5857 0.7677, 0.5402 0.5838 0.7677, 0.5357 0.5808 0.7677, 0.5325 0.5773 0.7677, 0.5297 0.5562 0.7677, 0.5322 0.5515 0.7677, 0.5359 0.5474 0.7677, 0.5651 0.5475 0.7677, 0.5683 0.5773 0.7677, 0.5645 0.5813 0.7677, 0.5404 0.5443 0.7677, 0.5457 0.5425 0.7677, 0.5607 0.5445 0.7677, 0.5598 0.5843 0.7677, 0.5298 0.5724 0.7677, 0.5284 0.567 0.7677, 0.5284 0.5614 0.7677, 0.5713 0.5565 0.7677, 0.5725 0.562 0.7677, 0.5687 0.5516 0.7677, 0.5724 0.5676 0.7677, 0.5709 0.5728 0.7677
            ]
        }
        coordIndex [
            0,1,2,-1,2,1,3,-1,2,3,4,-1,4,5,2,-1,2,5,6,-1,2,6,7,-1,8,9,7,-1,7,9,10,-1,11,12,13,-1,10,14,7,-1,7,14,15,-1,7,15,2,-1,0,16,1,-1,1,16,11,-1,1,11,17,-1,17,11,13,-1,18,19,7,-1,7,19,20,-1,7,20,8,-1,21,22,23,-1,23,22,24,-1,23,24,11,-1,11,24,25,-1,11,25,12,-1,
        ]
    }
}
Shape{
    appearance Appearance {
        material  Material 	{
            diffuseColor 0.6470588235294118 0.6196078431372549 0.5882352941176471
            specularColor 0.45098039215686275 0.43529411764705883 0.4117647058823529
            ambientIntensity 0.6242
            transparency 0.0
            shininess 0.5
        }
    }
    geometry IndexedFaceSet {
        ccw TRUE
        solid FALSE
        coord DEF co Coordinate {
            point [
                -1.3484 -1.5354 0.0591, -1.3484 -1.3386 0.0591, -1.4665 -1.5354 0.0591, -1.4665 -1.3386 0.0591, -1.3484 -1.5354 0.0, -1.4665 -1.5354 0.0, -1.3484 -1.3386 0.0, -1.4665 -1.3386 0.0, -1.4665 -1.3151 0.0026, -1.3484 -1.3151 0.0026, -1.4665 -1.2928 0.0101, -1.3484 -1.2928 0.0101, -1.4665 -1.2727 0.0224, -1.3484 -1.2727 0.0224, -1.4665 -1.2556 0.0387, -1.3484 -1.2556 0.0387, -1.4665 -1.2425 0.0583, -1.3484 -1.2425 0.0583, -1.4665 -1.234 0.0802, -1.3484 -1.234 0.0802, -1.3484 -1.1624 0.3474, -1.4665 -1.1624 0.3474, -1.3484 -1.1575 0.3593, -1.4665 -1.1575 0.3593, -1.3484 -1.1497 0.3694, -1.4665 -1.1497 0.3694, -1.3484 -1.1395 0.3773, -1.4665 -1.1395 0.3773, -1.3484 -1.1276 0.3822, -1.4665 -1.1276 0.3822, -1.3484 -1.1149 0.3839, -1.4665 -1.1149 0.3839, -1.3484 -1.0433 0.3839, -1.4665 -1.0433 0.3839, -1.3484 -1.1149 0.4429, -1.3484 -1.0433 0.4429, -1.4665 -1.1149 0.4429, -1.4665 -1.0433 0.4429, -1.4665 -1.1429 0.4392, -1.3484 -1.1429 0.4392, -1.4665 -1.169 0.4284, -1.3484 -1.169 0.4284, -1.4665 -1.1914 0.4112, -1.3484 -1.1914 0.4112, -1.4665 -1.2087 0.3888, -1.3484 -1.2087 0.3888, -1.4665 -1.2195 0.3627, -1.3484 -1.2195 0.3627, -1.3484 -1.291 0.0955, -1.4665 -1.291 0.0955, -1.3484 -1.296 0.0837, -1.4665 -1.296 0.0837, -1.3484 -1.3038 0.0735, -1.4665 -1.3038 0.0735, -1.3484 -1.314 0.0656, -1.4665 -1.314 0.0656, -1.3484 -1.3258 0.0607, -1.4665 -1.3258 0.0607, -1.3484 1.3386 0.0591, -1.3484 1.5354 0.0591, -1.4665 1.3386 0.0591, -1.4665 1.5354 0.0591, -1.3484 1.3258 0.0607, -1.4665 1.3258 0.0607, -1.3484 1.314 0.0656, -1.4665 1.314 0.0656, -1.3484 1.3038 0.0735, -1.4665 1.3038 0.0735, -1.3484 1.296 0.0837, -1.4665 1.296 0.0837, -1.3484 1.291 0.0955, -1.4665 1.291 0.0955, -1.3484 1.2195 0.3627, -1.4665 1.2195 0.3627, -1.4665 1.2087 0.3888, -1.3484 1.2087 0.3888, -1.4665 1.1914 0.4112, -1.3484 1.1914 0.4112, -1.4665 1.169 0.4284, -1.3484 1.169 0.4284, -1.4665 1.1429 0.4392, -1.3484 1.1429 0.4392, -1.4665 1.1149 0.4429, -1.3484 1.1149 0.4429, -1.3484 1.0433 0.4429, -1.4665 1.0433 0.4429, -1.3484 1.1149 0.3839, -1.3484 1.0433 0.3839, -1.4665 1.1149 0.3839, -1.4665 1.0433 0.3839, -1.3484 1.1276 0.3822, -1.4665 1.1276 0.3822, -1.3484 1.1395 0.3773, -1.4665 1.1395 0.3773, -1.3484 1.1497 0.3694, -1.4665 1.1497 0.3694, -1.3484 1.1575 0.3593, -1.4665 1.1575 0.3593, -1.3484 1.1624 0.3474, -1.4665 1.1624 0.3474, -1.3484 1.234 0.0802, -1.4665 1.234 0.0802, -1.4665 1.2425 0.0583, -1.3484 1.2425 0.0583, -1.4665 1.2556 0.0387, -1.3484 1.2556 0.0387, -1.4665 1.2727 0.0224, -1.3484 1.2727 0.0224, -1.4665 1.2928 0.0101, -1.3484 1.2928 0.0101, -1.4665 1.3151 0.0026, -1.3484 1.3151 0.0026, -1.4665 1.3386 0.0, -1.3484 1.3386 0.0, -1.3484 1.5354 0.0, -1.4665 1.5354 0.0, -1.0925 1.3386 0.0591, -1.0925 1.5354 0.0591, -1.2106 1.3386 0.0591, -1.2106 1.5354 0.0591, -1.0925 1.3258 0.0607, -1.2106 1.3258 0.0607, -1.0925 1.314 0.0656, -1.2106 1.314 0.0656, -1.0925 1.3038 0.0735, -1.2106 1.3038 0.0735, -1.0925 1.296 0.0837, -1.2106 1.296 0.0837, -1.0925 1.291 0.0955, -1.2106 1.291 0.0955, -1.0925 1.2195 0.3627, -1.2106 1.2195 0.3627, -1.2106 1.2087 0.3888, -1.0925 1.2087 0.3888, -1.2106 1.1914 0.4112, -1.0925 1.1914 0.4112, -1.2106 1.169 0.4284, -1.0925 1.169 0.4284, -1.2106 1.1429 0.4392, -1.0925 1.1429 0.4392, -1.2106 1.1149 0.4429, -1.0925 1.1149 0.4429, -1.0925 1.0433 0.4429, -1.2106 1.0433 0.4429, -1.0925 1.1149 0.3839, -1.0925 1.0433 0.3839, -1.2106 1.1149 0.3839, -1.2106 1.0433 0.3839, -1.0925 1.1276 0.3822, -1.2106 1.1276 0.3822, -1.0925 1.1395 0.3773, -1.2106 1.1395 0.3773, -1.0925 1.1497 0.3694, -1.2106 1.1497 0.3694, -1.0925 1.1575 0.3593, -1.2106 1.1575 0.3593, -1.0925 1.1624 0.3474, -1.2106 1.1624 0.3474, -1.0925 1.234 0.0802, -1.2106 1.234 0.0802, -1.2106 1.2425 0.0583, -1.0925 1.2425 0.0583, -1.2106 1.2556 0.0387, -1.0925 1.2556 0.0387, -1.2106 1.2727 0.0224, -1.0925 1.2727 0.0224, -1.2106 1.2928 0.0101, -1.0925 1.2928 0.0101, -1.2106 1.3151 0.0026, -1.0925 1.3151 0.0026, -1.2106 1.3386 0.0, -1.0925 1.3386 0.0, -1.0925 1.5354 0.0, -1.2106 1.5354 0.0, -0.8366 1.3386 0.0591, -0.8366 1.5354 0.0591, -0.9547 1.3386 0.0591, -0.9547 1.5354 0.0591, -0.8366 1.3258 0.0607, -0.9547 1.3258 0.0607, -0.8366 1.314 0.0656, -0.9547 1.314 0.0656, -0.8366 1.3038 0.0735, -0.9547 1.3038 0.0735, -0.8366 1.296 0.0837, -0.9547 1.296 0.0837, -0.8366 1.291 0.0955, -0.9547 1.291 0.0955, -0.8366 1.2195 0.3627, -0.9547 1.2195 0.3627, -0.9547 1.2087 0.3888, -0.8366 1.2087 0.3888, -0.9547 1.1914 0.4112, -0.8366 1.1914 0.4112, -0.9547 1.169 0.4284, -0.8366 1.169 0.4284, -0.9547 1.1429 0.4392, -0.8366 1.1429 0.4392, -0.9547 1.1149 0.4429, -0.8366 1.1149 0.4429, -0.8366 1.0433 0.4429, -0.9547 1.0433 0.4429, -0.8366 1.1149 0.3839, -0.8366 1.0433 0.3839, -0.9547 1.1149 0.3839, -0.9547 1.0433 0.3839, -0.8366 1.1276 0.3822, -0.9547 1.1276 0.3822, -0.8366 1.1395 0.3773, -0.9547 1.1395 0.3773, -0.8366 1.1497 0.3694, -0.9547 1.1497 0.3694, -0.8366 1.1575 0.3593, -0.9547 1.1575 0.3593, -0.8366 1.1624 0.3474, -0.9547 1.1624 0.3474, -0.8366 1.234 0.0802, -0.9547 1.234 0.0802, -0.9547 1.2425 0.0583, -0.8366 1.2425 0.0583, -0.9547 1.2556 0.0387, -0.8366 1.2556 0.0387, -0.9547 1.2727 0.0224, -0.8366 1.2727 0.0224, -0.9547 1.2928 0.0101, -0.8366 1.2928 0.0101, -0.9547 1.3151 0.0026, -0.8366 1.3151 0.0026, -0.9547 1.3386 0.0, -0.8366 1.3386 0.0, -0.8366 1.5354 0.0, -0.9547 1.5354 0.0, -0.5807 1.3386 0.0591, -0.5807 1.5354 0.0591, -0.6988 1.3386 0.0591, -0.6988 1.5354 0.0591, -0.5807 1.3258 0.0607, -0.6988 1.3258 0.0607, -0.5807 1.314 0.0656, -0.6988 1.314 0.0656, -0.5807 1.3038 0.0735, -0.6988 1.3038 0.0735, -0.5807 1.296 0.0837, -0.6988 1.296 0.0837, -0.5807 1.291 0.0955, -0.6988 1.291 0.0955, -0.5807 1.2195 0.3627, -0.6988 1.2195 0.3627, -0.6988 1.2087 0.3888, -0.5807 1.2087 0.3888, -0.6988 1.1914 0.4112, -0.5807 1.1914 0.4112, -0.6988 1.169 0.4284, -0.5807 1.169 0.4284, -0.6988 1.1429 0.4392, -0.5807 1.1429 0.4392, -0.6988 1.1149 0.4429, -0.5807 1.1149 0.4429, -0.5807 1.0433 0.4429, -0.6988 1.0433 0.4429, -0.5807 1.1149 0.3839, -0.5807 1.0433 0.3839, -0.6988 1.1149 0.3839, -0.6988 1.0433 0.3839, -0.5807 1.1276 0.3822, -0.6988 1.1276 0.3822, -0.5807 1.1395 0.3773, -0.6988 1.1395 0.3773, -0.5807 1.1497 0.3694, -0.6988 1.1497 0.3694, -0.5807 1.1575 0.3593, -0.6988 1.1575 0.3593, -0.5807 1.1624 0.3474, -0.6988 1.1624 0.3474, -0.5807 1.234 0.0802, -0.6988 1.234 0.0802, -0.6988 1.2425 0.0583, -0.5807 1.2425 0.0583, -0.6988 1.2556 0.0387, -0.5807 1.2556 0.0387, -0.6988 1.2727 0.0224, -0.5807 1.2727 0.0224, -0.6988 1.2928 0.0101, -0.5807 1.2928 0.0101, -0.6988 1.3151 0.0026, -0.5807 1.3151 0.0026, -0.6988 1.3386 0.0, -0.5807 1.3386 0.0, -0.5807 1.5354 0.0, -0.6988 1.5354 0.0, -0.3248 1.3386 0.0591, -0.3248 1.5354 0.0591, -0.4429 1.3386 0.0591, -0.4429 1.5354 0.0591, -0.3248 1.3258 0.0607, -0.4429 1.3258 0.0607, -0.3248 1.314 0.0656, -0.4429 1.314 0.0656, -0.3248 1.3038 0.0735, -0.4429 1.3038 0.0735, -0.3248 1.296 0.0837, -0.4429 1.296 0.0837, -0.3248 1.291 0.0955, -0.4429 1.291 0.0955, -0.3248 1.2195 0.3627, -0.4429 1.2195 0.3627, -0.4429 1.2087 0.3888, -0.3248 1.2087 0.3888, -0.4429 1.1914 0.4112, -0.3248 1.1914 0.4112, -0.4429 1.169 0.4284, -0.3248 1.169 0.4284, -0.4429 1.1429 0.4392, -0.3248 1.1429 0.4392, -0.4429 1.1149 0.4429, -0.3248 1.1149 0.4429, -0.3248 1.0433 0.4429, -0.4429 1.0433 0.4429, -0.3248 1.1149 0.3839, -0.3248 1.0433 0.3839, -0.4429 1.1149 0.3839, -0.4429 1.0433 0.3839, -0.3248 1.1276 0.3822, -0.4429 1.1276 0.3822, -0.3248 1.1395 0.3773, -0.4429 1.1395 0.3773, -0.3248 1.1497 0.3694, -0.4429 1.1497 0.3694, -0.3248 1.1575 0.3593, -0.4429 1.1575 0.3593, -0.3248 1.1624 0.3474, -0.4429 1.1624 0.3474, -0.3248 1.234 0.0802, -0.4429 1.234 0.0802, -0.4429 1.2425 0.0583, -0.3248 1.2425 0.0583, -0.4429 1.2556 0.0387, -0.3248 1.2556 0.0387, -0.4429 1.2727 0.0224, -0.3248 1.2727 0.0224, -0.4429 1.2928 0.0101, -0.3248 1.2928 0.0101, -0.4429 1.3151 0.0026, -0.3248 1.3151 0.0026, -0.4429 1.3386 0.0, -0.3248 1.3386 0.0, -0.3248 1.5354 0.0, -0.4429 1.5354 0.0, -0.0689 1.3386 0.0591, -0.0689 1.5354 0.0591, -0.187 1.3386 0.0591, -0.187 1.5354 0.0591, -0.0689 1.3258 0.0607, -0.187 1.3258 0.0607, -0.0689 1.314 0.0656, -0.187 1.314 0.0656, -0.0689 1.3038 0.0735, -0.187 1.3038 0.0735, -0.0689 1.296 0.0837, -0.187 1.296 0.0837, -0.0689 1.291 0.0955, -0.187 1.291 0.0955, -0.0689 1.2195 0.3627, -0.187 1.2195 0.3627, -0.187 1.2087 0.3888, -0.0689 1.2087 0.3888, -0.187 1.1914 0.4112, -0.0689 1.1914 0.4112, -0.187 1.169 0.4284, -0.0689 1.169 0.4284, -0.187 1.1429 0.4392, -0.0689 1.1429 0.4392, -0.187 1.1149 0.4429, -0.0689 1.1149 0.4429, -0.0689 1.0433 0.4429, -0.187 1.0433 0.4429, -0.0689 1.1149 0.3839, -0.0689 1.0433 0.3839, -0.187 1.1149 0.3839, -0.187 1.0433 0.3839, -0.0689 1.1276 0.3822, -0.187 1.1276 0.3822, -0.0689 1.1395 0.3773, -0.187 1.1395 0.3773, -0.0689 1.1497 0.3694, -0.187 1.1497 0.3694, -0.0689 1.1575 0.3593, -0.187 1.1575 0.3593, -0.0689 1.1624 0.3474, -0.187 1.1624 0.3474, -0.0689 1.234 0.0802, -0.187 1.234 0.0802, -0.187 1.2425 0.0583, -0.0689 1.2425 0.0583, -0.187 1.2556 0.0387, -0.0689 1.2556 0.0387, -0.187 1.2727 0.0224, -0.0689 1.2727 0.0224, -0.187 1.2928 0.0101, -0.0689 1.2928 0.0101, -0.187 1.3151 0.0026, -0.0689 1.3151 0.0026, -0.187 1.3386 0.0, -0.0689 1.3386 0.0, -0.0689 1.5354 0.0, -0.187 1.5354 0.0, 0.187 1.3386 0.0591, 0.187 1.5354 0.0591, 0.0689 1.3386 0.0591, 0.0689 1.5354 0.0591, 0.187 1.3258 0.0607, 0.0689 1.3258 0.0607, 0.187 1.314 0.0656, 0.0689 1.314 0.0656, 0.187 1.3038 0.0735, 0.0689 1.3038 0.0735, 0.187 1.296 0.0837, 0.0689 1.296 0.0837, 0.187 1.291 0.0955, 0.0689 1.291 0.0955, 0.187 1.2195 0.3627, 0.0689 1.2195 0.3627, 0.0689 1.2087 0.3888, 0.187 1.2087 0.3888, 0.0689 1.1914 0.4112, 0.187 1.1914 0.4112, 0.0689 1.169 0.4284, 0.187 1.169 0.4284, 0.0689 1.1429 0.4392, 0.187 1.1429 0.4392, 0.0689 1.1149 0.4429, 0.187 1.1149 0.4429, 0.187 1.0433 0.4429, 0.0689 1.0433 0.4429, 0.187 1.1149 0.3839, 0.187 1.0433 0.3839, 0.0689 1.1149 0.3839, 0.0689 1.0433 0.3839, 0.187 1.1276 0.3822, 0.0689 1.1276 0.3822, 0.187 1.1395 0.3773, 0.0689 1.1395 0.3773, 0.187 1.1497 0.3694, 0.0689 1.1497 0.3694, 0.187 1.1575 0.3593, 0.0689 1.1575 0.3593, 0.187 1.1624 0.3474, 0.0689 1.1624 0.3474, 0.187 1.234 0.0802, 0.0689 1.234 0.0802, 0.0689 1.2425 0.0583, 0.187 1.2425 0.0583, 0.0689 1.2556 0.0387, 0.187 1.2556 0.0387, 0.0689 1.2727 0.0224, 0.187 1.2727 0.0224, 0.0689 1.2928 0.0101, 0.187 1.2928 0.0101, 0.0689 1.3151 0.0026, 0.187 1.3151 0.0026, 0.0689 1.3386 0.0, 0.187 1.3386 0.0, 0.187 1.5354 0.0, 0.0689 1.5354 0.0, 0.4429 1.3386 0.0591, 0.4429 1.5354 0.0591, 0.3248 1.3386 0.0591, 0.3248 1.5354 0.0591, 0.4429 1.3258 0.0607, 0.3248 1.3258 0.0607, 0.4429 1.314 0.0656, 0.3248 1.314 0.0656, 0.4429 1.3038 0.0735, 0.3248 1.3038 0.0735, 0.4429 1.296 0.0837, 0.3248 1.296 0.0837, 0.4429 1.291 0.0955, 0.3248 1.291 0.0955, 0.4429 1.2195 0.3627, 0.3248 1.2195 0.3627, 0.3248 1.2087 0.3888, 0.4429 1.2087 0.3888, 0.3248 1.1914 0.4112, 0.4429 1.1914 0.4112, 0.3248 1.169 0.4284, 0.4429 1.169 0.4284, 0.3248 1.1429 0.4392, 0.4429 1.1429 0.4392, 0.3248 1.1149 0.4429, 0.4429 1.1149 0.4429, 0.4429 1.0433 0.4429, 0.3248 1.0433 0.4429, 0.4429 1.1149 0.3839, 0.4429 1.0433 0.3839, 0.3248 1.1149 0.3839, 0.3248 1.0433 0.3839, 0.4429 1.1276 0.3822, 0.3248 1.1276 0.3822, 0.4429 1.1395 0.3773, 0.3248 1.1395 0.3773, 0.4429 1.1497 0.3694, 0.3248 1.1497 0.3694, 0.4429 1.1575 0.3593, 0.3248 1.1575 0.3593, 0.4429 1.1624 0.3474, 0.3248 1.1624 0.3474, 0.4429 1.234 0.0802, 0.3248 1.234 0.0802, 0.3248 1.2425 0.0583, 0.4429 1.2425 0.0583, 0.3248 1.2556 0.0387, 0.4429 1.2556 0.0387, 0.3248 1.2727 0.0224, 0.4429 1.2727 0.0224, 0.3248 1.2928 0.0101, 0.4429 1.2928 0.0101, 0.3248 1.3151 0.0026, 0.4429 1.3151 0.0026, 0.3248 1.3386 0.0, 0.4429 1.3386 0.0, 0.4429 1.5354 0.0, 0.3248 1.5354 0.0, 0.6988 1.3386 0.0591, 0.6988 1.5354 0.0591, 0.5807 1.3386 0.0591, 0.5807 1.5354 0.0591, 0.6988 1.3258 0.0607, 0.5807 1.3258 0.0607, 0.6988 1.314 0.0656, 0.5807 1.314 0.0656, 0.6988 1.3038 0.0735, 0.5807 1.3038 0.0735, 0.6988 1.296 0.0837, 0.5807 1.296 0.0837, 0.6988 1.291 0.0955, 0.5807 1.291 0.0955, 0.6988 1.2195 0.3627, 0.5807 1.2195 0.3627, 0.5807 1.2087 0.3888, 0.6988 1.2087 0.3888, 0.5807 1.1914 0.4112, 0.6988 1.1914 0.4112, 0.5807 1.169 0.4284, 0.6988 1.169 0.4284, 0.5807 1.1429 0.4392, 0.6988 1.1429 0.4392, 0.5807 1.1149 0.4429, 0.6988 1.1149 0.4429, 0.6988 1.0433 0.4429, 0.5807 1.0433 0.4429, 0.6988 1.1149 0.3839, 0.6988 1.0433 0.3839, 0.5807 1.1149 0.3839, 0.5807 1.0433 0.3839, 0.6988 1.1276 0.3822, 0.5807 1.1276 0.3822, 0.6988 1.1395 0.3773, 0.5807 1.1395 0.3773, 0.6988 1.1497 0.3694, 0.5807 1.1497 0.3694, 0.6988 1.1575 0.3593, 0.5807 1.1575 0.3593, 0.6988 1.1624 0.3474, 0.5807 1.1624 0.3474, 0.6988 1.234 0.0802, 0.5807 1.234 0.0802, 0.5807 1.2425 0.0583, 0.6988 1.2425 0.0583, 0.5807 1.2556 0.0387, 0.6988 1.2556 0.0387, 0.5807 1.2727 0.0224, 0.6988 1.2727 0.0224, 0.5807 1.2928 0.0101, 0.6988 1.2928 0.0101, 0.5807 1.3151 0.0026, 0.6988 1.3151 0.0026, 0.5807 1.3386 0.0, 0.6988 1.3386 0.0, 0.6988 1.5354 0.0, 0.5807 1.5354 0.0, 0.9547 1.3386 0.0591, 0.9547 1.5354 0.0591, 0.8366 1.3386 0.0591, 0.8366 1.5354 0.0591, 0.9547 1.3258 0.0607, 0.8366 1.3258 0.0607, 0.9547 1.314 0.0656, 0.8366 1.314 0.0656, 0.9547 1.3038 0.0735, 0.8366 1.3038 0.0735, 0.9547 1.296 0.0837, 0.8366 1.296 0.0837, 0.9547 1.291 0.0955, 0.8366 1.291 0.0955, 0.9547 1.2195 0.3627, 0.8366 1.2195 0.3627, 0.8366 1.2087 0.3888, 0.9547 1.2087 0.3888, 0.8366 1.1914 0.4112, 0.9547 1.1914 0.4112, 0.8366 1.169 0.4284, 0.9547 1.169 0.4284, 0.8366 1.1429 0.4392, 0.9547 1.1429 0.4392, 0.8366 1.1149 0.4429, 0.9547 1.1149 0.4429, 0.9547 1.0433 0.4429, 0.8366 1.0433 0.4429, 0.9547 1.1149 0.3839, 0.9547 1.0433 0.3839, 0.8366 1.1149 0.3839, 0.8366 1.0433 0.3839, 0.9547 1.1276 0.3822, 0.8366 1.1276 0.3822, 0.9547 1.1395 0.3773, 0.8366 1.1395 0.3773, 0.9547 1.1497 0.3694, 0.8366 1.1497 0.3694, 0.9547 1.1575 0.3593, 0.8366 1.1575 0.3593, 0.9547 1.1624 0.3474, 0.8366 1.1624 0.3474, 0.9547 1.234 0.0802, 0.8366 1.234 0.0802, 0.8366 1.2425 0.0583, 0.9547 1.2425 0.0583, 0.8366 1.2556 0.0387, 0.9547 1.2556 0.0387, 0.8366 1.2727 0.0224, 0.9547 1.2727 0.0224, 0.8366 1.2928 0.0101, 0.9547 1.2928 0.0101, 0.8366 1.3151 0.0026, 0.9547 1.3151 0.0026, 0.8366 1.3386 0.0, 0.9547 1.3386 0.0, 0.9547 1.5354 0.0, 0.8366 1.5354 0.0, 1.2106 1.3386 0.0591, 1.2106 1.5354 0.0591, 1.0925 1.3386 0.0591, 1.0925 1.5354 0.0591, 1.2106 1.3258 0.0607, 1.0925 1.3258 0.0607, 1.2106 1.314 0.0656, 1.0925 1.314 0.0656, 1.2106 1.3038 0.0735, 1.0925 1.3038 0.0735, 1.2106 1.296 0.0837, 1.0925 1.296 0.0837, 1.2106 1.291 0.0955, 1.0925 1.291 0.0955, 1.2106 1.2195 0.3627, 1.0925 1.2195 0.3627, 1.0925 1.2087 0.3888, 1.2106 1.2087 0.3888, 1.0925 1.1914 0.4112, 1.2106 1.1914 0.4112, 1.0925 1.169 0.4284, 1.2106 1.169 0.4284, 1.0925 1.1429 0.4392, 1.2106 1.1429 0.4392, 1.0925 1.1149 0.4429, 1.2106 1.1149 0.4429, 1.2106 1.0433 0.4429, 1.0925 1.0433 0.4429, 1.2106 1.1149 0.3839, 1.2106 1.0433 0.3839, 1.0925 1.1149 0.3839, 1.0925 1.0433 0.3839, 1.2106 1.1276 0.3822, 1.0925 1.1276 0.3822, 1.2106 1.1395 0.3773, 1.0925 1.1395 0.3773, 1.2106 1.1497 0.3694, 1.0925 1.1497 0.3694, 1.2106 1.1575 0.3593, 1.0925 1.1575 0.3593, 1.2106 1.1624 0.3474, 1.0925 1.1624 0.3474, 1.2106 1.234 0.0802, 1.0925 1.234 0.0802, 1.0925 1.2425 0.0583, 1.2106 1.2425 0.0583, 1.0925 1.2556 0.0387, 1.2106 1.2556 0.0387, 1.0925 1.2727 0.0224, 1.2106 1.2727 0.0224, 1.0925 1.2928 0.0101, 1.2106 1.2928 0.0101, 1.0925 1.3151 0.0026, 1.2106 1.3151 0.0026, 1.0925 1.3386 0.0, 1.2106 1.3386 0.0, 1.2106 1.5354 0.0, 1.0925 1.5354 0.0, 1.4665 1.3386 0.0591, 1.4665 1.5354 0.0591, 1.3484 1.3386 0.0591, 1.3484 1.5354 0.0591, 1.4665 1.3258 0.0607, 1.3484 1.3258 0.0607, 1.4665 1.314 0.0656, 1.3484 1.314 0.0656, 1.4665 1.3038 0.0735, 1.3484 1.3038 0.0735, 1.4665 1.296 0.0837, 1.3484 1.296 0.0837, 1.4665 1.291 0.0955, 1.3484 1.291 0.0955, 1.4665 1.2195 0.3627, 1.3484 1.2195 0.3627, 1.3484 1.2087 0.3888, 1.4665 1.2087 0.3888, 1.3484 1.1914 0.4112, 1.4665 1.1914 0.4112, 1.3484 1.169 0.4284, 1.4665 1.169 0.4284, 1.3484 1.1429 0.4392, 1.4665 1.1429 0.4392, 1.3484 1.1149 0.4429, 1.4665 1.1149 0.4429, 1.4665 1.0433 0.4429, 1.3484 1.0433 0.4429, 1.4665 1.1149 0.3839, 1.4665 1.0433 0.3839, 1.3484 1.1149 0.3839, 1.3484 1.0433 0.3839, 1.4665 1.1276 0.3822, 1.3484 1.1276 0.3822, 1.4665 1.1395 0.3773, 1.3484 1.1395 0.3773, 1.4665 1.1497 0.3694, 1.3484 1.1497 0.3694, 1.4665 1.1575 0.3593, 1.3484 1.1575 0.3593, 1.4665 1.1624 0.3474, 1.3484 1.1624 0.3474, 1.4665 1.234 0.0802, 1.3484 1.234 0.0802, 1.3484 1.2425 0.0583, 1.4665 1.2425 0.0583, 1.3484 1.2556 0.0387, 1.4665 1.2556 0.0387, 1.3484 1.2727 0.0224, 1.4665 1.2727 0.0224, 1.3484 1.2928 0.0101, 1.4665 1.2928 0.0101, 1.3484 1.3151 0.0026, 1.4665 1.3151 0.0026, 1.3484 1.3386 0.0, 1.4665 1.3386 0.0, 1.4665 1.5354 0.0, 1.3484 1.5354 0.0, -1.0925 -1.5354 0.0591, -1.0925 -1.3386 0.0591, -1.2106 -1.5354 0.0591, -1.2106 -1.3386 0.0591, -1.0925 -1.5354 0.0, -1.2106 -1.5354 0.0, -1.0925 -1.3386 0.0, -1.2106 -1.3386 0.0, -1.2106 -1.3151 0.0026, -1.0925 -1.3151 0.0026, -1.2106 -1.2928 0.0101, -1.0925 -1.2928 0.0101, -1.2106 -1.2727 0.0224, -1.0925 -1.2727 0.0224, -1.2106 -1.2556 0.0387, -1.0925 -1.2556 0.0387, -1.2106 -1.2425 0.0583, -1.0925 -1.2425 0.0583, -1.2106 -1.234 0.0802, -1.0925 -1.234 0.0802, -1.0925 -1.1624 0.3474, -1.2106 -1.1624 0.3474, -1.0925 -1.1575 0.3593, -1.2106 -1.1575 0.3593, -1.0925 -1.1497 0.3694, -1.2106 -1.1497 0.3694, -1.0925 -1.1395 0.3773, -1.2106 -1.1395 0.3773, -1.0925 -1.1276 0.3822, -1.2106 -1.1276 0.3822, -1.0925 -1.1149 0.3839, -1.2106 -1.1149 0.3839, -1.0925 -1.0433 0.3839, -1.2106 -1.0433 0.3839, -1.0925 -1.1149 0.4429, -1.0925 -1.0433 0.4429, -1.2106 -1.1149 0.4429, -1.2106 -1.0433 0.4429, -1.2106 -1.1429 0.4392, -1.0925 -1.1429 0.4392, -1.2106 -1.169 0.4284, -1.0925 -1.169 0.4284, -1.2106 -1.1914 0.4112, -1.0925 -1.1914 0.4112, -1.2106 -1.2087 0.3888, -1.0925 -1.2087 0.3888, -1.2106 -1.2195 0.3627, -1.0925 -1.2195 0.3627, -1.0925 -1.291 0.0955, -1.2106 -1.291 0.0955, -1.0925 -1.296 0.0837, -1.2106 -1.296 0.0837, -1.0925 -1.3038 0.0735, -1.2106 -1.3038 0.0735, -1.0925 -1.314 0.0656, -1.2106 -1.314 0.0656, -1.0925 -1.3258 0.0607, -1.2106 -1.3258 0.0607, -0.8366 -1.5354 0.0591, -0.8366 -1.3386 0.0591, -0.9547 -1.5354 0.0591, -0.9547 -1.3386 0.0591, -0.8366 -1.5354 0.0, -0.9547 -1.5354 0.0, -0.8366 -1.3386 0.0, -0.9547 -1.3386 0.0, -0.9547 -1.3151 0.0026, -0.8366 -1.3151 0.0026, -0.9547 -1.2928 0.0101, -0.8366 -1.2928 0.0101, -0.9547 -1.2727 0.0224, -0.8366 -1.2727 0.0224, -0.9547 -1.2556 0.0387, -0.8366 -1.2556 0.0387, -0.9547 -1.2425 0.0583, -0.8366 -1.2425 0.0583, -0.9547 -1.234 0.0802, -0.8366 -1.234 0.0802, -0.8366 -1.1624 0.3474, -0.9547 -1.1624 0.3474, -0.8366 -1.1575 0.3593, -0.9547 -1.1575 0.3593, -0.8366 -1.1497 0.3694, -0.9547 -1.1497 0.3694, -0.8366 -1.1395 0.3773, -0.9547 -1.1395 0.3773, -0.8366 -1.1276 0.3822, -0.9547 -1.1276 0.3822, -0.8366 -1.1149 0.3839, -0.9547 -1.1149 0.3839, -0.8366 -1.0433 0.3839, -0.9547 -1.0433 0.3839, -0.8366 -1.1149 0.4429, -0.8366 -1.0433 0.4429, -0.9547 -1.1149 0.4429, -0.9547 -1.0433 0.4429, -0.9547 -1.1429 0.4392, -0.8366 -1.1429 0.4392, -0.9547 -1.169 0.4284, -0.8366 -1.169 0.4284, -0.9547 -1.1914 0.4112, -0.8366 -1.1914 0.4112, -0.9547 -1.2087 0.3888, -0.8366 -1.2087 0.3888, -0.9547 -1.2195 0.3627, -0.8366 -1.2195 0.3627, -0.8366 -1.291 0.0955, -0.9547 -1.291 0.0955, -0.8366 -1.296 0.0837, -0.9547 -1.296 0.0837, -0.8366 -1.3038 0.0735, -0.9547 -1.3038 0.0735, -0.8366 -1.314 0.0656, -0.9547 -1.314 0.0656, -0.8366 -1.3258 0.0607, -0.9547 -1.3258 0.0607, -0.5807 -1.5354 0.0591, -0.5807 -1.3386 0.0591, -0.6988 -1.5354 0.0591, -0.6988 -1.3386 0.0591, -0.5807 -1.5354 0.0, -0.6988 -1.5354 0.0, -0.5807 -1.3386 0.0, -0.6988 -1.3386 0.0, -0.6988 -1.3151 0.0026, -0.5807 -1.3151 0.0026, -0.6988 -1.2928 0.0101, -0.5807 -1.2928 0.0101, -0.6988 -1.2727 0.0224, -0.5807 -1.2727 0.0224, -0.6988 -1.2556 0.0387, -0.5807 -1.2556 0.0387, -0.6988 -1.2425 0.0583, -0.5807 -1.2425 0.0583, -0.6988 -1.234 0.0802, -0.5807 -1.234 0.0802, -0.5807 -1.1624 0.3474, -0.6988 -1.1624 0.3474, -0.5807 -1.1575 0.3593, -0.6988 -1.1575 0.3593, -0.5807 -1.1497 0.3694, -0.6988 -1.1497 0.3694, -0.5807 -1.1395 0.3773, -0.6988 -1.1395 0.3773, -0.5807 -1.1276 0.3822, -0.6988 -1.1276 0.3822, -0.5807 -1.1149 0.3839, -0.6988 -1.1149 0.3839, -0.5807 -1.0433 0.3839, -0.6988 -1.0433 0.3839, -0.5807 -1.1149 0.4429, -0.5807 -1.0433 0.4429, -0.6988 -1.1149 0.4429, -0.6988 -1.0433 0.4429, -0.6988 -1.1429 0.4392, -0.5807 -1.1429 0.4392, -0.6988 -1.169 0.4284, -0.5807 -1.169 0.4284, -0.6988 -1.1914 0.4112, -0.5807 -1.1914 0.4112, -0.6988 -1.2087 0.3888, -0.5807 -1.2087 0.3888, -0.6988 -1.2195 0.3627, -0.5807 -1.2195 0.3627, -0.5807 -1.291 0.0955, -0.6988 -1.291 0.0955, -0.5807 -1.296 0.0837, -0.6988 -1.296 0.0837, -0.5807 -1.3038 0.0735, -0.6988 -1.3038 0.0735, -0.5807 -1.314 0.0656, -0.6988 -1.314 0.0656, -0.5807 -1.3258 0.0607, -0.6988 -1.3258 0.0607, -0.3248 -1.5354 0.0591, -0.3248 -1.3386 0.0591, -0.4429 -1.5354 0.0591, -0.4429 -1.3386 0.0591, -0.3248 -1.5354 0.0, -0.4429 -1.5354 0.0, -0.3248 -1.3386 0.0, -0.4429 -1.3386 0.0, -0.4429 -1.3151 0.0026, -0.3248 -1.3151 0.0026, -0.4429 -1.2928 0.0101, -0.3248 -1.2928 0.0101, -0.4429 -1.2727 0.0224, -0.3248 -1.2727 0.0224, -0.4429 -1.2556 0.0387, -0.3248 -1.2556 0.0387, -0.4429 -1.2425 0.0583, -0.3248 -1.2425 0.0583, -0.4429 -1.234 0.0802, -0.3248 -1.234 0.0802, -0.3248 -1.1624 0.3474, -0.4429 -1.1624 0.3474, -0.3248 -1.1575 0.3593, -0.4429 -1.1575 0.3593, -0.3248 -1.1497 0.3694, -0.4429 -1.1497 0.3694, -0.3248 -1.1395 0.3773, -0.4429 -1.1395 0.3773, -0.3248 -1.1276 0.3822, -0.4429 -1.1276 0.3822, -0.3248 -1.1149 0.3839, -0.4429 -1.1149 0.3839, -0.3248 -1.0433 0.3839, -0.4429 -1.0433 0.3839, -0.3248 -1.1149 0.4429, -0.3248 -1.0433 0.4429, -0.4429 -1.1149 0.4429, -0.4429 -1.0433 0.4429, -0.4429 -1.1429 0.4392, -0.3248 -1.1429 0.4392, -0.4429 -1.169 0.4284, -0.3248 -1.169 0.4284, -0.4429 -1.1914 0.4112, -0.3248 -1.1914 0.4112, -0.4429 -1.2087 0.3888, -0.3248 -1.2087 0.3888, -0.4429 -1.2195 0.3627, -0.3248 -1.2195 0.3627, -0.3248 -1.291 0.0955, -0.4429 -1.291 0.0955, -0.3248 -1.296 0.0837, -0.4429 -1.296 0.0837, -0.3248 -1.3038 0.0735, -0.4429 -1.3038 0.0735, -0.3248 -1.314 0.0656, -0.4429 -1.314 0.0656, -0.3248 -1.3258 0.0607, -0.4429 -1.3258 0.0607, -0.0689 -1.5354 0.0591, -0.0689 -1.3386 0.0591, -0.187 -1.5354 0.0591, -0.187 -1.3386 0.0591, -0.0689 -1.5354 0.0, -0.187 -1.5354 0.0, -0.0689 -1.3386 0.0, -0.187 -1.3386 0.0, -0.187 -1.3151 0.0026, -0.0689 -1.3151 0.0026, -0.187 -1.2928 0.0101, -0.0689 -1.2928 0.0101, -0.187 -1.2727 0.0224, -0.0689 -1.2727 0.0224, -0.187 -1.2556 0.0387, -0.0689 -1.2556 0.0387, -0.187 -1.2425 0.0583, -0.0689 -1.2425 0.0583, -0.187 -1.234 0.0802, -0.0689 -1.234 0.0802, -0.0689 -1.1624 0.3474, -0.187 -1.1624 0.3474, -0.0689 -1.1575 0.3593, -0.187 -1.1575 0.3593, -0.0689 -1.1497 0.3694, -0.187 -1.1497 0.3694, -0.0689 -1.1395 0.3773, -0.187 -1.1395 0.3773, -0.0689 -1.1276 0.3822, -0.187 -1.1276 0.3822, -0.0689 -1.1149 0.3839, -0.187 -1.1149 0.3839, -0.0689 -1.0433 0.3839, -0.187 -1.0433 0.3839, -0.0689 -1.1149 0.4429, -0.0689 -1.0433 0.4429, -0.187 -1.1149 0.4429, -0.187 -1.0433 0.4429, -0.187 -1.1429 0.4392, -0.0689 -1.1429 0.4392, -0.187 -1.169 0.4284, -0.0689 -1.169 0.4284, -0.187 -1.1914 0.4112, -0.0689 -1.1914 0.4112, -0.187 -1.2087 0.3888, -0.0689 -1.2087 0.3888, -0.187 -1.2195 0.3627, -0.0689 -1.2195 0.3627, -0.0689 -1.291 0.0955, -0.187 -1.291 0.0955, -0.0689 -1.296 0.0837, -0.187 -1.296 0.0837, -0.0689 -1.3038 0.0735, -0.187 -1.3038 0.0735, -0.0689 -1.314 0.0656, -0.187 -1.314 0.0656, -0.0689 -1.3258 0.0607, -0.187 -1.3258 0.0607, 0.187 -1.5354 0.0591, 0.187 -1.3386 0.0591, 0.0689 -1.5354 0.0591, 0.0689 -1.3386 0.0591, 0.187 -1.5354 0.0, 0.0689 -1.5354 0.0, 0.187 -1.3386 0.0, 0.0689 -1.3386 0.0, 0.0689 -1.3151 0.0026, 0.187 -1.3151 0.0026, 0.0689 -1.2928 0.0101, 0.187 -1.2928 0.0101, 0.0689 -1.2727 0.0224, 0.187 -1.2727 0.0224, 0.0689 -1.2556 0.0387, 0.187 -1.2556 0.0387, 0.0689 -1.2425 0.0583, 0.187 -1.2425 0.0583, 0.0689 -1.234 0.0802, 0.187 -1.234 0.0802, 0.187 -1.1624 0.3474, 0.0689 -1.1624 0.3474, 0.187 -1.1575 0.3593, 0.0689 -1.1575 0.3593, 0.187 -1.1497 0.3694, 0.0689 -1.1497 0.3694, 0.187 -1.1395 0.3773, 0.0689 -1.1395 0.3773, 0.187 -1.1276 0.3822, 0.0689 -1.1276 0.3822, 0.187 -1.1149 0.3839, 0.0689 -1.1149 0.3839, 0.187 -1.0433 0.3839, 0.0689 -1.0433 0.3839, 0.187 -1.1149 0.4429, 0.187 -1.0433 0.4429, 0.0689 -1.1149 0.4429, 0.0689 -1.0433 0.4429, 0.0689 -1.1429 0.4392, 0.187 -1.1429 0.4392, 0.0689 -1.169 0.4284, 0.187 -1.169 0.4284, 0.0689 -1.1914 0.4112, 0.187 -1.1914 0.4112, 0.0689 -1.2087 0.3888, 0.187 -1.2087 0.3888, 0.0689 -1.2195 0.3627, 0.187 -1.2195 0.3627, 0.187 -1.291 0.0955, 0.0689 -1.291 0.0955, 0.187 -1.296 0.0837, 0.0689 -1.296 0.0837, 0.187 -1.3038 0.0735, 0.0689 -1.3038 0.0735, 0.187 -1.314 0.0656, 0.0689 -1.314 0.0656, 0.187 -1.3258 0.0607, 0.0689 -1.3258 0.0607, 0.4429 -1.5354 0.0591, 0.4429 -1.3386 0.0591, 0.3248 -1.5354 0.0591, 0.3248 -1.3386 0.0591, 0.4429 -1.5354 0.0, 0.3248 -1.5354 0.0, 0.4429 -1.3386 0.0, 0.3248 -1.3386 0.0, 0.3248 -1.3151 0.0026, 0.4429 -1.3151 0.0026, 0.3248 -1.2928 0.0101, 0.4429 -1.2928 0.0101, 0.3248 -1.2727 0.0224, 0.4429 -1.2727 0.0224, 0.3248 -1.2556 0.0387, 0.4429 -1.2556 0.0387, 0.3248 -1.2425 0.0583, 0.4429 -1.2425 0.0583, 0.3248 -1.234 0.0802, 0.4429 -1.234 0.0802, 0.4429 -1.1624 0.3474, 0.3248 -1.1624 0.3474, 0.4429 -1.1575 0.3593, 0.3248 -1.1575 0.3593, 0.4429 -1.1497 0.3694, 0.3248 -1.1497 0.3694, 0.4429 -1.1395 0.3773, 0.3248 -1.1395 0.3773, 0.4429 -1.1276 0.3822, 0.3248 -1.1276 0.3822, 0.4429 -1.1149 0.3839, 0.3248 -1.1149 0.3839, 0.4429 -1.0433 0.3839, 0.3248 -1.0433 0.3839, 0.4429 -1.1149 0.4429, 0.4429 -1.0433 0.4429, 0.3248 -1.1149 0.4429, 0.3248 -1.0433 0.4429, 0.3248 -1.1429 0.4392, 0.4429 -1.1429 0.4392, 0.3248 -1.169 0.4284, 0.4429 -1.169 0.4284, 0.3248 -1.1914 0.4112, 0.4429 -1.1914 0.4112, 0.3248 -1.2087 0.3888, 0.4429 -1.2087 0.3888, 0.3248 -1.2195 0.3627, 0.4429 -1.2195 0.3627, 0.4429 -1.291 0.0955, 0.3248 -1.291 0.0955, 0.4429 -1.296 0.0837, 0.3248 -1.296 0.0837, 0.4429 -1.3038 0.0735, 0.3248 -1.3038 0.0735, 0.4429 -1.314 0.0656, 0.3248 -1.314 0.0656, 0.4429 -1.3258 0.0607, 0.3248 -1.3258 0.0607, 0.6988 -1.5354 0.0591, 0.6988 -1.3386 0.0591, 0.5807 -1.5354 0.0591, 0.5807 -1.3386 0.0591, 0.6988 -1.5354 0.0, 0.5807 -1.5354 0.0, 0.6988 -1.3386 0.0, 0.5807 -1.3386 0.0, 0.5807 -1.3151 0.0026, 0.6988 -1.3151 0.0026, 0.5807 -1.2928 0.0101, 0.6988 -1.2928 0.0101, 0.5807 -1.2727 0.0224, 0.6988 -1.2727 0.0224, 0.5807 -1.2556 0.0387, 0.6988 -1.2556 0.0387, 0.5807 -1.2425 0.0583, 0.6988 -1.2425 0.0583, 0.5807 -1.234 0.0802, 0.6988 -1.234 0.0802, 0.6988 -1.1624 0.3474, 0.5807 -1.1624 0.3474, 0.6988 -1.1575 0.3593, 0.5807 -1.1575 0.3593, 0.6988 -1.1497 0.3694, 0.5807 -1.1497 0.3694, 0.6988 -1.1395 0.3773, 0.5807 -1.1395 0.3773, 0.6988 -1.1276 0.3822, 0.5807 -1.1276 0.3822, 0.6988 -1.1149 0.3839, 0.5807 -1.1149 0.3839, 0.6988 -1.0433 0.3839, 0.5807 -1.0433 0.3839, 0.6988 -1.1149 0.4429, 0.6988 -1.0433 0.4429, 0.5807 -1.1149 0.4429, 0.5807 -1.0433 0.4429, 0.5807 -1.1429 0.4392, 0.6988 -1.1429 0.4392, 0.5807 -1.169 0.4284, 0.6988 -1.169 0.4284, 0.5807 -1.1914 0.4112, 0.6988 -1.1914 0.4112, 0.5807 -1.2087 0.3888, 0.6988 -1.2087 0.3888, 0.5807 -1.2195 0.3627, 0.6988 -1.2195 0.3627, 0.6988 -1.291 0.0955, 0.5807 -1.291 0.0955, 0.6988 -1.296 0.0837, 0.5807 -1.296 0.0837, 0.6988 -1.3038 0.0735, 0.5807 -1.3038 0.0735, 0.6988 -1.314 0.0656, 0.5807 -1.314 0.0656, 0.6988 -1.3258 0.0607, 0.5807 -1.3258 0.0607, 0.9547 -1.5354 0.0591, 0.9547 -1.3386 0.0591, 0.8366 -1.5354 0.0591, 0.8366 -1.3386 0.0591, 0.9547 -1.5354 0.0, 0.8366 -1.5354 0.0, 0.9547 -1.3386 0.0, 0.8366 -1.3386 0.0, 0.8366 -1.3151 0.0026, 0.9547 -1.3151 0.0026, 0.8366 -1.2928 0.0101, 0.9547 -1.2928 0.0101, 0.8366 -1.2727 0.0224, 0.9547 -1.2727 0.0224, 0.8366 -1.2556 0.0387, 0.9547 -1.2556 0.0387, 0.8366 -1.2425 0.0583, 0.9547 -1.2425 0.0583, 0.8366 -1.234 0.0802, 0.9547 -1.234 0.0802, 0.9547 -1.1624 0.3474, 0.8366 -1.1624 0.3474, 0.9547 -1.1575 0.3593, 0.8366 -1.1575 0.3593, 0.9547 -1.1497 0.3694, 0.8366 -1.1497 0.3694, 0.9547 -1.1395 0.3773, 0.8366 -1.1395 0.3773, 0.9547 -1.1276 0.3822, 0.8366 -1.1276 0.3822, 0.9547 -1.1149 0.3839, 0.8366 -1.1149 0.3839, 0.9547 -1.0433 0.3839, 0.8366 -1.0433 0.3839, 0.9547 -1.1149 0.4429, 0.9547 -1.0433 0.4429, 0.8366 -1.1149 0.4429, 0.8366 -1.0433 0.4429, 0.8366 -1.1429 0.4392, 0.9547 -1.1429 0.4392, 0.8366 -1.169 0.4284, 0.9547 -1.169 0.4284, 0.8366 -1.1914 0.4112, 0.9547 -1.1914 0.4112, 0.8366 -1.2087 0.3888, 0.9547 -1.2087 0.3888, 0.8366 -1.2195 0.3627, 0.9547 -1.2195 0.3627, 0.9547 -1.291 0.0955, 0.8366 -1.291 0.0955, 0.9547 -1.296 0.0837, 0.8366 -1.296 0.0837, 0.9547 -1.3038 0.0735, 0.8366 -1.3038 0.0735, 0.9547 -1.314 0.0656, 0.8366 -1.314 0.0656, 0.9547 -1.3258 0.0607, 0.8366 -1.3258 0.0607, 1.2106 -1.5354 0.0591, 1.2106 -1.3386 0.0591, 1.0925 -1.5354 0.0591, 1.0925 -1.3386 0.0591, 1.2106 -1.5354 0.0, 1.0925 -1.5354 0.0, 1.2106 -1.3386 0.0, 1.0925 -1.3386 0.0, 1.0925 -1.3151 0.0026, 1.2106 -1.3151 0.0026, 1.0925 -1.2928 0.0101, 1.2106 -1.2928 0.0101, 1.0925 -1.2727 0.0224, 1.2106 -1.2727 0.0224, 1.0925 -1.2556 0.0387, 1.2106 -1.2556 0.0387, 1.0925 -1.2425 0.0583, 1.2106 -1.2425 0.0583, 1.0925 -1.234 0.0802, 1.2106 -1.234 0.0802, 1.2106 -1.1624 0.3474, 1.0925 -1.1624 0.3474, 1.2106 -1.1575 0.3593, 1.0925 -1.1575 0.3593, 1.2106 -1.1497 0.3694, 1.0925 -1.1497 0.3694, 1.2106 -1.1395 0.3773, 1.0925 -1.1395 0.3773, 1.2106 -1.1276 0.3822, 1.0925 -1.1276 0.3822, 1.2106 -1.1149 0.3839, 1.0925 -1.1149 0.3839, 1.2106 -1.0433 0.3839, 1.0925 -1.0433 0.3839, 1.2106 -1.1149 0.4429, 1.2106 -1.0433 0.4429, 1.0925 -1.1149 0.4429, 1.0925 -1.0433 0.4429, 1.0925 -1.1429 0.4392, 1.2106 -1.1429 0.4392, 1.0925 -1.169 0.4284, 1.2106 -1.169 0.4284, 1.0925 -1.1914 0.4112, 1.2106 -1.1914 0.4112, 1.0925 -1.2087 0.3888, 1.2106 -1.2087 0.3888, 1.0925 -1.2195 0.3627, 1.2106 -1.2195 0.3627, 1.2106 -1.291 0.0955, 1.0925 -1.291 0.0955, 1.2106 -1.296 0.0837, 1.0925 -1.296 0.0837, 1.2106 -1.3038 0.0735, 1.0925 -1.3038 0.0735, 1.2106 -1.314 0.0656, 1.0925 -1.314 0.0656, 1.2106 -1.3258 0.0607, 1.0925 -1.3258 0.0607, 1.4665 -1.5354 0.0591, 1.4665 -1.3386 0.0591, 1.3484 -1.5354 0.0591, 1.3484 -1.3386 0.0591, 1.4665 -1.5354 0.0, 1.3484 -1.5354 0.0, 1.4665 -1.3386 0.0, 1.3484 -1.3386 0.0, 1.3484 -1.3151 0.0026, 1.4665 -1.3151 0.0026, 1.3484 -1.2928 0.0101, 1.4665 -1.2928 0.0101, 1.3484 -1.2727 0.0224, 1.4665 -1.2727 0.0224, 1.3484 -1.2556 0.0387, 1.4665 -1.2556 0.0387, 1.3484 -1.2425 0.0583, 1.4665 -1.2425 0.0583, 1.3484 -1.234 0.0802, 1.4665 -1.234 0.0802, 1.4665 -1.1624 0.3474, 1.3484 -1.1624 0.3474, 1.4665 -1.1575 0.3593, 1.3484 -1.1575 0.3593, 1.4665 -1.1497 0.3694, 1.3484 -1.1497 0.3694, 1.4665 -1.1395 0.3773, 1.3484 -1.1395 0.3773, 1.4665 -1.1276 0.3822, 1.3484 -1.1276 0.3822, 1.4665 -1.1149 0.3839, 1.3484 -1.1149 0.3839, 1.4665 -1.0433 0.3839, 1.3484 -1.0433 0.3839, 1.4665 -1.1149 0.4429, 1.4665 -1.0433 0.4429, 1.3484 -1.1149 0.4429, 1.3484 -1.0433 0.4429, 1.3484 -1.1429 0.4392, 1.4665 -1.1429 0.4392, 1.3484 -1.169 0.4284, 1.4665 -1.169 0.4284, 1.3484 -1.1914 0.4112, 1.4665 -1.1914 0.4112, 1.3484 -1.2087 0.3888, 1.4665 -1.2087 0.3888, 1.3484 -1.2195 0.3627, 1.4665 -1.2195 0.3627, 1.4665 -1.291 0.0955, 1.3484 -1.291 0.0955, 1.4665 -1.296 0.0837, 1.3484 -1.296 0.0837, 1.4665 -1.3038 0.0735, 1.3484 -1.3038 0.0735, 1.4665 -1.314 0.0656, 1.3484 -1.314 0.0656, 1.4665 -1.3258 0.0607, 1.3484 -1.3258 0.0607
            ]
        }
        coordIndex [
            0,1,2,-1,2,1,3,-1,4,0,5,-1,5,0,2,-1,6,4,7,-1,7,4,5,-1,6,7,8,-1,6,8,9,-1,9,8,10,-1,9,10,11,-1,11,10,12,-1,11,12,13,-1,13,12,14,-1,13,14,15,-1,15,14,16,-1,15,16,17,-1,17,16,18,-1,17,18,19,-1,20,19,21,-1,21,19,18,-1,20,21,22,-1,22,21,23,-1,22,23,24,-1,24,23,25,-1,24,25,26,-1,26,25,27,-1,26,27,28,-1,28,27,29,-1,28,29,30,-1,30,29,31,-1,32,30,33,-1,33,30,31,-1,34,35,36,-1,36,35,37,-1,34,36,38,-1,34,38,39,-1,39,38,40,-1,39,40,41,-1,41,40,42,-1,41,42,43,-1,43,42,44,-1,43,44,45,-1,45,44,46,-1,45,46,47,-1,48,47,49,-1,49,47,46,-1,48,49,50,-1,50,49,51,-1,50,51,52,-1,52,51,53,-1,52,53,54,-1,54,53,55,-1,54,55,56,-1,56,55,57,-1,56,57,1,-1,1,57,3,-1,0,4,1,-1,1,4,6,-1,1,6,56,-1,56,6,9,-1,56,9,54,-1,32,35,30,-1,30,35,34,-1,30,34,28,-1,28,34,39,-1,28,39,26,-1,26,39,41,-1,26,41,24,-1,24,41,43,-1,24,43,22,-1,22,43,45,-1,22,45,20,-1,20,45,47,-1,20,47,19,-1,19,47,48,-1,19,48,17,-1,17,48,50,-1,17,50,15,-1,15,50,52,-1,15,52,13,-1,13,52,54,-1,13,54,11,-1,11,54,9,-1,5,2,7,-1,7,2,3,-1,7,3,8,-1,8,3,57,-1,8,57,10,-1,10,57,55,-1,10,55,12,-1,12,55,53,-1,37,33,36,-1,36,33,31,-1,36,31,38,-1,38,31,29,-1,38,29,40,-1,40,29,27,-1,40,27,42,-1,42,27,25,-1,42,25,44,-1,44,25,23,-1,44,23,46,-1,46,23,21,-1,46,21,49,-1,49,21,18,-1,49,18,51,-1,51,18,16,-1,51,16,53,-1,53,16,14,-1,53,14,12,-1,58,59,60,-1,60,59,61,-1,58,60,62,-1,62,60,63,-1,62,63,64,-1,64,63,65,-1,64,65,66,-1,66,65,67,-1,66,67,68,-1,68,67,69,-1,68,69,70,-1,70,69,71,-1,72,70,73,-1,73,70,71,-1,72,73,74,-1,72,74,75,-1,75,74,76,-1,75,76,77,-1,77,76,78,-1,77,78,79,-1,79,78,80,-1,79,80,81,-1,81,80,82,-1,81,82,83,-1,84,83,85,-1,85,83,82,-1,86,87,88,-1,88,87,89,-1,86,88,90,-1,90,88,91,-1,90,91,92,-1,92,91,93,-1,92,93,94,-1,94,93,95,-1,94,95,96,-1,96,95,97,-1,96,97,98,-1,98,97,99,-1,100,98,101,-1,101,98,99,-1,100,101,102,-1,100,102,103,-1,103,102,104,-1,103,104,105,-1,105,104,106,-1,105,106,107,-1,107,106,108,-1,107,108,109,-1,109,108,110,-1,109,110,111,-1,111,110,112,-1,111,112,113,-1,114,113,115,-1,115,113,112,-1,59,114,61,-1,61,114,115,-1,114,59,113,-1,113,59,58,-1,113,58,111,-1,111,58,62,-1,111,62,109,-1,109,62,64,-1,109,64,107,-1,107,64,66,-1,84,87,83,-1,83,87,86,-1,83,86,81,-1,81,86,90,-1,81,90,79,-1,79,90,92,-1,79,92,77,-1,77,92,94,-1,77,94,75,-1,75,94,96,-1,75,96,72,-1,72,96,98,-1,72,98,70,-1,70,98,100,-1,70,100,68,-1,68,100,103,-1,68,103,66,-1,66,103,105,-1,66,105,107,-1,61,115,60,-1,60,115,112,-1,60,112,63,-1,63,112,110,-1,63,110,65,-1,89,85,88,-1,88,85,82,-1,88,82,91,-1,91,82,80,-1,91,80,93,-1,93,80,78,-1,93,78,95,-1,95,78,76,-1,95,76,97,-1,97,76,74,-1,97,74,99,-1,99,74,73,-1,99,73,101,-1,101,73,71,-1,101,71,102,-1,102,71,69,-1,102,69,104,-1,104,69,67,-1,104,67,106,-1,106,67,65,-1,106,65,108,-1,108,65,110,-1,116,117,118,-1,118,117,119,-1,116,118,120,-1,120,118,121,-1,120,121,122,-1,122,121,123,-1,122,123,124,-1,124,123,125,-1,124,125,126,-1,126,125,127,-1,126,127,128,-1,128,127,129,-1,130,128,131,-1,131,128,129,-1,130,131,132,-1,130,132,133,-1,133,132,134,-1,133,134,135,-1,135,134,136,-1,135,136,137,-1,137,136,138,-1,137,138,139,-1,139,138,140,-1,139,140,141,-1,142,141,143,-1,143,141,140,-1,144,145,146,-1,146,145,147,-1,144,146,148,-1,148,146,149,-1,148,149,150,-1,150,149,151,-1,150,151,152,-1,152,151,153,-1,152,153,154,-1,154,153,155,-1,154,155,156,-1,156,155,157,-1,158,156,159,-1,159,156,157,-1,158,159,160,-1,158,160,161,-1,161,160,162,-1,161,162,163,-1,163,162,164,-1,163,164,165,-1,165,164,166,-1,165,166,167,-1,167,166,168,-1,167,168,169,-1,169,168,170,-1,169,170,171,-1,172,171,173,-1,173,171,170,-1,117,172,119,-1,119,172,173,-1,172,117,171,-1,171,117,116,-1,171,116,169,-1,169,116,120,-1,169,120,167,-1,167,120,122,-1,167,122,165,-1,165,122,124,-1,142,145,141,-1,141,145,144,-1,141,144,139,-1,139,144,148,-1,139,148,137,-1,137,148,150,-1,137,150,135,-1,135,150,152,-1,135,152,133,-1,133,152,154,-1,133,154,130,-1,130,154,156,-1,130,156,128,-1,128,156,158,-1,128,158,126,-1,126,158,161,-1,126,161,124,-1,124,161,163,-1,124,163,165,-1,119,173,118,-1,118,173,170,-1,118,170,121,-1,121,170,168,-1,121,168,123,-1,147,143,146,-1,146,143,140,-1,146,140,149,-1,149,140,138,-1,149,138,151,-1,151,138,136,-1,151,136,153,-1,153,136,134,-1,153,134,155,-1,155,134,132,-1,155,132,157,-1,157,132,131,-1,157,131,159,-1,159,131,129,-1,159,129,160,-1,160,129,127,-1,160,127,162,-1,162,127,125,-1,162,125,164,-1,164,125,123,-1,164,123,166,-1,166,123,168,-1,174,175,176,-1,176,175,177,-1,174,176,178,-1,178,176,179,-1,178,179,180,-1,180,179,181,-1,180,181,182,-1,182,181,183,-1,182,183,184,-1,184,183,185,-1,184,185,186,-1,186,185,187,-1,188,186,189,-1,189,186,187,-1,188,189,190,-1,188,190,191,-1,191,190,192,-1,191,192,193,-1,193,192,194,-1,193,194,195,-1,195,194,196,-1,195,196,197,-1,197,196,198,-1,197,198,199,-1,200,199,201,-1,201,199,198,-1,202,203,204,-1,204,203,205,-1,202,204,206,-1,206,204,207,-1,206,207,208,-1,208,207,209,-1,208,209,210,-1,210,209,211,-1,210,211,212,-1,212,211,213,-1,212,213,214,-1,214,213,215,-1,216,214,217,-1,217,214,215,-1,216,217,218,-1,216,218,219,-1,219,218,220,-1,219,220,221,-1,221,220,222,-1,221,222,223,-1,223,222,224,-1,223,224,225,-1,225,224,226,-1,225,226,227,-1,227,226,228,-1,227,228,229,-1,230,229,231,-1,231,229,228,-1,175,230,177,-1,177,230,231,-1,230,175,229,-1,229,175,174,-1,229,174,227,-1,227,174,178,-1,227,178,225,-1,225,178,180,-1,225,180,223,-1,223,180,182,-1,200,203,199,-1,199,203,202,-1,199,202,197,-1,197,202,206,-1,197,206,195,-1,195,206,208,-1,195,208,193,-1,193,208,210,-1,193,210,191,-1,191,210,212,-1,191,212,188,-1,188,212,214,-1,188,214,186,-1,186,214,216,-1,186,216,184,-1,184,216,219,-1,184,219,182,-1,182,219,221,-1,182,221,223,-1,177,231,176,-1,176,231,228,-1,176,228,179,-1,179,228,226,-1,179,226,181,-1,205,201,204,-1,204,201,198,-1,204,198,207,-1,207,198,196,-1,207,196,209,-1,209,196,194,-1,209,194,211,-1,211,194,192,-1,211,192,213,-1,213,192,190,-1,213,190,215,-1,215,190,189,-1,215,189,217,-1,217,189,187,-1,217,187,218,-1,218,187,185,-1,218,185,220,-1,220,185,183,-1,220,183,222,-1,222,183,181,-1,222,181,224,-1,224,181,226,-1,232,233,234,-1,234,233,235,-1,232,234,236,-1,236,234,237,-1,236,237,238,-1,238,237,239,-1,238,239,240,-1,240,239,241,-1,240,241,242,-1,242,241,243,-1,242,243,244,-1,244,243,245,-1,246,244,247,-1,247,244,245,-1,246,247,248,-1,246,248,249,-1,249,248,250,-1,249,250,251,-1,251,250,252,-1,251,252,253,-1,253,252,254,-1,253,254,255,-1,255,254,256,-1,255,256,257,-1,258,257,259,-1,259,257,256,-1,260,261,262,-1,262,261,263,-1,260,262,264,-1,264,262,265,-1,264,265,266,-1,266,265,267,-1,266,267,268,-1,268,267,269,-1,268,269,270,-1,270,269,271,-1,270,271,272,-1,272,271,273,-1,274,272,275,-1,275,272,273,-1,274,275,276,-1,274,276,277,-1,277,276,278,-1,277,278,279,-1,279,278,280,-1,279,280,281,-1,281,280,282,-1,281,282,283,-1,283,282,284,-1,283,284,285,-1,285,284,286,-1,285,286,287,-1,288,287,289,-1,289,287,286,-1,233,288,235,-1,235,288,289,-1,288,233,287,-1,287,233,232,-1,287,232,285,-1,285,232,236,-1,285,236,283,-1,283,236,238,-1,283,238,281,-1,281,238,240,-1,258,261,257,-1,257,261,260,-1,257,260,255,-1,255,260,264,-1,255,264,253,-1,253,264,266,-1,253,266,251,-1,251,266,268,-1,251,268,249,-1,249,268,270,-1,249,270,246,-1,246,270,272,-1,246,272,244,-1,244,272,274,-1,244,274,242,-1,242,274,277,-1,242,277,240,-1,240,277,279,-1,240,279,281,-1,235,289,234,-1,234,289,286,-1,234,286,237,-1,237,286,284,-1,237,284,239,-1,263,259,262,-1,262,259,256,-1,262,256,265,-1,265,256,254,-1,265,254,267,-1,267,254,252,-1,267,252,269,-1,269,252,250,-1,269,250,271,-1,271,250,248,-1,271,248,273,-1,273,248,247,-1,273,247,275,-1,275,247,245,-1,275,245,276,-1,276,245,243,-1,276,243,278,-1,278,243,241,-1,278,241,280,-1,280,241,239,-1,280,239,282,-1,282,239,284,-1,290,291,292,-1,292,291,293,-1,290,292,294,-1,294,292,295,-1,294,295,296,-1,296,295,297,-1,296,297,298,-1,298,297,299,-1,298,299,300,-1,300,299,301,-1,300,301,302,-1,302,301,303,-1,304,302,305,-1,305,302,303,-1,304,305,306,-1,304,306,307,-1,307,306,308,-1,307,308,309,-1,309,308,310,-1,309,310,311,-1,311,310,312,-1,311,312,313,-1,313,312,314,-1,313,314,315,-1,316,315,317,-1,317,315,314,-1,318,319,320,-1,320,319,321,-1,318,320,322,-1,322,320,323,-1,322,323,324,-1,324,323,325,-1,324,325,326,-1,326,325,327,-1,326,327,328,-1,328,327,329,-1,328,329,330,-1,330,329,331,-1,332,330,333,-1,333,330,331,-1,332,333,334,-1,332,334,335,-1,335,334,336,-1,335,336,337,-1,337,336,338,-1,337,338,339,-1,339,338,340,-1,339,340,341,-1,341,340,342,-1,341,342,343,-1,343,342,344,-1,343,344,345,-1,346,345,347,-1,347,345,344,-1,291,346,293,-1,293,346,347,-1,346,291,345,-1,345,291,290,-1,345,290,343,-1,343,290,294,-1,343,294,341,-1,341,294,296,-1,341,296,339,-1,339,296,298,-1,316,319,315,-1,315,319,318,-1,315,318,313,-1,313,318,322,-1,313,322,311,-1,311,322,324,-1,311,324,309,-1,309,324,326,-1,309,326,307,-1,307,326,328,-1,307,328,304,-1,304,328,330,-1,304,330,302,-1,302,330,332,-1,302,332,300,-1,300,332,335,-1,300,335,298,-1,298,335,337,-1,298,337,339,-1,293,347,292,-1,292,347,344,-1,292,344,295,-1,295,344,342,-1,295,342,297,-1,321,317,320,-1,320,317,314,-1,320,314,323,-1,323,314,312,-1,323,312,325,-1,325,312,310,-1,325,310,327,-1,327,310,308,-1,327,308,329,-1,329,308,306,-1,329,306,331,-1,331,306,305,-1,331,305,333,-1,333,305,303,-1,333,303,334,-1,334,303,301,-1,334,301,336,-1,336,301,299,-1,336,299,338,-1,338,299,297,-1,338,297,340,-1,340,297,342,-1,348,349,350,-1,350,349,351,-1,348,350,352,-1,352,350,353,-1,352,353,354,-1,354,353,355,-1,354,355,356,-1,356,355,357,-1,356,357,358,-1,358,357,359,-1,358,359,360,-1,360,359,361,-1,362,360,363,-1,363,360,361,-1,362,363,364,-1,362,364,365,-1,365,364,366,-1,365,366,367,-1,367,366,368,-1,367,368,369,-1,369,368,370,-1,369,370,371,-1,371,370,372,-1,371,372,373,-1,374,373,375,-1,375,373,372,-1,376,377,378,-1,378,377,379,-1,376,378,380,-1,380,378,381,-1,380,381,382,-1,382,381,383,-1,382,383,384,-1,384,383,385,-1,384,385,386,-1,386,385,387,-1,386,387,388,-1,388,387,389,-1,390,388,391,-1,391,388,389,-1,390,391,392,-1,390,392,393,-1,393,392,394,-1,393,394,395,-1,395,394,396,-1,395,396,397,-1,397,396,398,-1,397,398,399,-1,399,398,400,-1,399,400,401,-1,401,400,402,-1,401,402,403,-1,404,403,405,-1,405,403,402,-1,349,404,351,-1,351,404,405,-1,404,349,403,-1,403,349,348,-1,403,348,401,-1,401,348,352,-1,401,352,399,-1,399,352,354,-1,399,354,397,-1,397,354,356,-1,374,377,373,-1,373,377,376,-1,373,376,371,-1,371,376,380,-1,371,380,369,-1,369,380,382,-1,369,382,367,-1,367,382,384,-1,367,384,365,-1,365,384,386,-1,365,386,362,-1,362,386,388,-1,362,388,360,-1,360,388,390,-1,360,390,358,-1,358,390,393,-1,358,393,356,-1,356,393,395,-1,356,395,397,-1,351,405,350,-1,350,405,402,-1,350,402,353,-1,353,402,400,-1,353,400,355,-1,379,375,378,-1,378,375,372,-1,378,372,381,-1,381,372,370,-1,381,370,383,-1,383,370,368,-1,383,368,385,-1,385,368,366,-1,385,366,387,-1,387,366,364,-1,387,364,389,-1,389,364,363,-1,389,363,391,-1,391,363,361,-1,391,361,392,-1,392,361,359,-1,392,359,394,-1,394,359,357,-1,394,357,396,-1,396,357,355,-1,396,355,398,-1,398,355,400,-1,406,407,408,-1,408,407,409,-1,406,408,410,-1,410,408,411,-1,410,411,412,-1,412,411,413,-1,412,413,414,-1,414,413,415,-1,414,415,416,-1,416,415,417,-1,416,417,418,-1,418,417,419,-1,420,418,421,-1,421,418,419,-1,420,421,422,-1,420,422,423,-1,423,422,424,-1,423,424,425,-1,425,424,426,-1,425,426,427,-1,427,426,428,-1,427,428,429,-1,429,428,430,-1,429,430,431,-1,432,431,433,-1,433,431,430,-1,434,435,436,-1,436,435,437,-1,434,436,438,-1,438,436,439,-1,438,439,440,-1,440,439,441,-1,440,441,442,-1,442,441,443,-1,442,443,444,-1,444,443,445,-1,444,445,446,-1,446,445,447,-1,448,446,449,-1,449,446,447,-1,448,449,450,-1,448,450,451,-1,451,450,452,-1,451,452,453,-1,453,452,454,-1,453,454,455,-1,455,454,456,-1,455,456,457,-1,457,456,458,-1,457,458,459,-1,459,458,460,-1,459,460,461,-1,462,461,463,-1,463,461,460,-1,407,462,409,-1,409,462,463,-1,414,455,412,-1,412,455,457,-1,412,457,410,-1,410,457,459,-1,410,459,406,-1,406,459,461,-1,406,461,407,-1,407,461,462,-1,432,435,431,-1,431,435,434,-1,431,434,429,-1,429,434,438,-1,429,438,427,-1,427,438,440,-1,427,440,425,-1,425,440,442,-1,425,442,423,-1,423,442,444,-1,423,444,420,-1,420,444,446,-1,420,446,418,-1,418,446,448,-1,418,448,416,-1,416,448,451,-1,416,451,414,-1,414,451,453,-1,414,453,455,-1,437,433,436,-1,436,433,430,-1,436,430,439,-1,439,430,428,-1,439,428,441,-1,441,428,426,-1,441,426,443,-1,443,426,424,-1,443,424,445,-1,445,424,422,-1,445,422,447,-1,447,422,421,-1,447,421,449,-1,449,421,419,-1,449,419,450,-1,450,419,417,-1,450,417,452,-1,452,417,415,-1,452,415,454,-1,454,415,413,-1,409,463,408,-1,408,463,460,-1,408,460,411,-1,411,460,458,-1,411,458,413,-1,413,458,456,-1,413,456,454,-1,464,465,466,-1,466,465,467,-1,464,466,468,-1,468,466,469,-1,468,469,470,-1,470,469,471,-1,470,471,472,-1,472,471,473,-1,472,473,474,-1,474,473,475,-1,474,475,476,-1,476,475,477,-1,478,476,479,-1,479,476,477,-1,478,479,480,-1,478,480,481,-1,481,480,482,-1,481,482,483,-1,483,482,484,-1,483,484,485,-1,485,484,486,-1,485,486,487,-1,487,486,488,-1,487,488,489,-1,490,489,491,-1,491,489,488,-1,492,493,494,-1,494,493,495,-1,492,494,496,-1,496,494,497,-1,496,497,498,-1,498,497,499,-1,498,499,500,-1,500,499,501,-1,500,501,502,-1,502,501,503,-1,502,503,504,-1,504,503,505,-1,506,504,507,-1,507,504,505,-1,506,507,508,-1,506,508,509,-1,509,508,510,-1,509,510,511,-1,511,510,512,-1,511,512,513,-1,513,512,514,-1,513,514,515,-1,515,514,516,-1,515,516,517,-1,517,516,518,-1,517,518,519,-1,520,519,521,-1,521,519,518,-1,465,520,467,-1,467,520,521,-1,472,513,470,-1,470,513,515,-1,470,515,468,-1,468,515,517,-1,468,517,464,-1,464,517,519,-1,464,519,465,-1,465,519,520,-1,490,493,489,-1,489,493,492,-1,489,492,487,-1,487,492,496,-1,487,496,485,-1,485,496,498,-1,485,498,483,-1,483,498,500,-1,483,500,481,-1,481,500,502,-1,481,502,478,-1,478,502,504,-1,478,504,476,-1,476,504,506,-1,476,506,474,-1,474,506,509,-1,474,509,472,-1,472,509,511,-1,472,511,513,-1,495,491,494,-1,494,491,488,-1,494,488,497,-1,497,488,486,-1,497,486,499,-1,499,486,484,-1,499,484,501,-1,501,484,482,-1,501,482,503,-1,503,482,480,-1,503,480,505,-1,505,480,479,-1,505,479,507,-1,507,479,477,-1,507,477,508,-1,508,477,475,-1,508,475,510,-1,510,475,473,-1,510,473,512,-1,512,473,471,-1,467,521,466,-1,466,521,518,-1,466,518,469,-1,469,518,516,-1,469,516,471,-1,471,516,514,-1,471,514,512,-1,522,523,524,-1,524,523,525,-1,522,524,526,-1,526,524,527,-1,526,527,528,-1,528,527,529,-1,528,529,530,-1,530,529,531,-1,530,531,532,-1,532,531,533,-1,532,533,534,-1,534,533,535,-1,536,534,537,-1,537,534,535,-1,536,537,538,-1,536,538,539,-1,539,538,540,-1,539,540,541,-1,541,540,542,-1,541,542,543,-1,543,542,544,-1,543,544,545,-1,545,544,546,-1,545,546,547,-1,548,547,549,-1,549,547,546,-1,550,551,552,-1,552,551,553,-1,550,552,554,-1,554,552,555,-1,554,555,556,-1,556,555,557,-1,556,557,558,-1,558,557,559,-1,558,559,560,-1,560,559,561,-1,560,561,562,-1,562,561,563,-1,564,562,565,-1,565,562,563,-1,564,565,566,-1,564,566,567,-1,567,566,568,-1,567,568,569,-1,569,568,570,-1,569,570,571,-1,571,570,572,-1,571,572,573,-1,573,572,574,-1,573,574,575,-1,575,574,576,-1,575,576,577,-1,578,577,579,-1,579,577,576,-1,523,578,525,-1,525,578,579,-1,530,571,528,-1,528,571,573,-1,528,573,526,-1,526,573,575,-1,526,575,522,-1,522,575,577,-1,522,577,523,-1,523,577,578,-1,548,551,547,-1,547,551,550,-1,547,550,545,-1,545,550,554,-1,545,554,543,-1,543,554,556,-1,543,556,541,-1,541,556,558,-1,541,558,539,-1,539,558,560,-1,539,560,536,-1,536,560,562,-1,536,562,534,-1,534,562,564,-1,534,564,532,-1,532,564,567,-1,532,567,530,-1,530,567,569,-1,530,569,571,-1,553,549,552,-1,552,549,546,-1,552,546,555,-1,555,546,544,-1,555,544,557,-1,557,544,542,-1,557,542,559,-1,559,542,540,-1,559,540,561,-1,561,540,538,-1,561,538,563,-1,563,538,537,-1,563,537,565,-1,565,537,535,-1,565,535,566,-1,566,535,533,-1,566,533,568,-1,568,533,531,-1,568,531,570,-1,570,531,529,-1,525,579,524,-1,524,579,576,-1,524,576,527,-1,527,576,574,-1,527,574,529,-1,529,574,572,-1,529,572,570,-1,580,581,582,-1,582,581,583,-1,580,582,584,-1,584,582,585,-1,584,585,586,-1,586,585,587,-1,586,587,588,-1,588,587,589,-1,588,589,590,-1,590,589,591,-1,590,591,592,-1,592,591,593,-1,594,592,595,-1,595,592,593,-1,594,595,596,-1,594,596,597,-1,597,596,598,-1,597,598,599,-1,599,598,600,-1,599,600,601,-1,601,600,602,-1,601,602,603,-1,603,602,604,-1,603,604,605,-1,606,605,607,-1,607,605,604,-1,608,609,610,-1,610,609,611,-1,608,610,612,-1,612,610,613,-1,612,613,614,-1,614,613,615,-1,614,615,616,-1,616,615,617,-1,616,617,618,-1,618,617,619,-1,618,619,620,-1,620,619,621,-1,622,620,623,-1,623,620,621,-1,622,623,624,-1,622,624,625,-1,625,624,626,-1,625,626,627,-1,627,626,628,-1,627,628,629,-1,629,628,630,-1,629,630,631,-1,631,630,632,-1,631,632,633,-1,633,632,634,-1,633,634,635,-1,636,635,637,-1,637,635,634,-1,581,636,583,-1,583,636,637,-1,588,629,586,-1,586,629,631,-1,586,631,584,-1,584,631,633,-1,584,633,580,-1,580,633,635,-1,580,635,581,-1,581,635,636,-1,606,609,605,-1,605,609,608,-1,605,608,603,-1,603,608,612,-1,603,612,601,-1,601,612,614,-1,601,614,599,-1,599,614,616,-1,599,616,597,-1,597,616,618,-1,597,618,594,-1,594,618,620,-1,594,620,592,-1,592,620,622,-1,592,622,590,-1,590,622,625,-1,590,625,588,-1,588,625,627,-1,588,627,629,-1,611,607,610,-1,610,607,604,-1,610,604,613,-1,613,604,602,-1,613,602,615,-1,615,602,600,-1,615,600,617,-1,617,600,598,-1,617,598,619,-1,619,598,596,-1,619,596,621,-1,621,596,595,-1,621,595,623,-1,623,595,593,-1,623,593,624,-1,624,593,591,-1,624,591,626,-1,626,591,589,-1,626,589,628,-1,628,589,587,-1,583,637,582,-1,582,637,634,-1,582,634,585,-1,585,634,632,-1,585,632,587,-1,587,632,630,-1,587,630,628,-1,638,639,640,-1,640,639,641,-1,638,640,642,-1,642,640,643,-1,642,643,644,-1,644,643,645,-1,644,645,646,-1,646,645,647,-1,646,647,648,-1,648,647,649,-1,648,649,650,-1,650,649,651,-1,652,650,653,-1,653,650,651,-1,652,653,654,-1,652,654,655,-1,655,654,656,-1,655,656,657,-1,657,656,658,-1,657,658,659,-1,659,658,660,-1,659,660,661,-1,661,660,662,-1,661,662,663,-1,664,663,665,-1,665,663,662,-1,666,667,668,-1,668,667,669,-1,666,668,670,-1,670,668,671,-1,670,671,672,-1,672,671,673,-1,672,673,674,-1,674,673,675,-1,674,675,676,-1,676,675,677,-1,676,677,678,-1,678,677,679,-1,680,678,681,-1,681,678,679,-1,680,681,682,-1,680,682,683,-1,683,682,684,-1,683,684,685,-1,685,684,686,-1,685,686,687,-1,687,686,688,-1,687,688,689,-1,689,688,690,-1,689,690,691,-1,691,690,692,-1,691,692,693,-1,694,693,695,-1,695,693,692,-1,639,694,641,-1,641,694,695,-1,646,687,644,-1,644,687,689,-1,644,689,642,-1,642,689,691,-1,642,691,638,-1,638,691,693,-1,638,693,639,-1,639,693,694,-1,664,667,663,-1,663,667,666,-1,663,666,661,-1,661,666,670,-1,661,670,659,-1,659,670,672,-1,659,672,657,-1,657,672,674,-1,657,674,655,-1,655,674,676,-1,655,676,652,-1,652,676,678,-1,652,678,650,-1,650,678,680,-1,650,680,648,-1,648,680,683,-1,648,683,646,-1,646,683,685,-1,646,685,687,-1,669,665,668,-1,668,665,662,-1,668,662,671,-1,671,662,660,-1,671,660,673,-1,673,660,658,-1,673,658,675,-1,675,658,656,-1,675,656,677,-1,677,656,654,-1,677,654,679,-1,679,654,653,-1,679,653,681,-1,681,653,651,-1,681,651,682,-1,682,651,649,-1,682,649,684,-1,684,649,647,-1,684,647,686,-1,686,647,645,-1,641,695,640,-1,640,695,692,-1,640,692,643,-1,643,692,690,-1,643,690,645,-1,645,690,688,-1,645,688,686,-1,696,697,698,-1,698,697,699,-1,696,698,700,-1,700,698,701,-1,700,701,702,-1,702,701,703,-1,702,703,704,-1,704,703,705,-1,704,705,706,-1,706,705,707,-1,706,707,708,-1,708,707,709,-1,710,708,711,-1,711,708,709,-1,710,711,712,-1,710,712,713,-1,713,712,714,-1,713,714,715,-1,715,714,716,-1,715,716,717,-1,717,716,718,-1,717,718,719,-1,719,718,720,-1,719,720,721,-1,722,721,723,-1,723,721,720,-1,724,725,726,-1,726,725,727,-1,724,726,728,-1,728,726,729,-1,728,729,730,-1,730,729,731,-1,730,731,732,-1,732,731,733,-1,732,733,734,-1,734,733,735,-1,734,735,736,-1,736,735,737,-1,738,736,739,-1,739,736,737,-1,738,739,740,-1,738,740,741,-1,741,740,742,-1,741,742,743,-1,743,742,744,-1,743,744,745,-1,745,744,746,-1,745,746,747,-1,747,746,748,-1,747,748,749,-1,749,748,750,-1,749,750,751,-1,752,751,753,-1,753,751,750,-1,697,752,699,-1,699,752,753,-1,704,745,702,-1,702,745,747,-1,702,747,700,-1,700,747,749,-1,700,749,696,-1,696,749,751,-1,696,751,697,-1,697,751,752,-1,722,725,721,-1,721,725,724,-1,721,724,719,-1,719,724,728,-1,719,728,717,-1,717,728,730,-1,717,730,715,-1,715,730,732,-1,715,732,713,-1,713,732,734,-1,713,734,710,-1,710,734,736,-1,710,736,708,-1,708,736,738,-1,708,738,706,-1,706,738,741,-1,706,741,704,-1,704,741,743,-1,704,743,745,-1,727,723,726,-1,726,723,720,-1,726,720,729,-1,729,720,718,-1,729,718,731,-1,731,718,716,-1,731,716,733,-1,733,716,714,-1,733,714,735,-1,735,714,712,-1,735,712,737,-1,737,712,711,-1,737,711,739,-1,739,711,709,-1,739,709,740,-1,740,709,707,-1,740,707,742,-1,742,707,705,-1,742,705,744,-1,744,705,703,-1,699,753,698,-1,698,753,750,-1,698,750,701,-1,701,750,748,-1,701,748,703,-1,703,748,746,-1,703,746,744,-1,754,755,756,-1,756,755,757,-1,758,754,759,-1,759,754,756,-1,760,758,761,-1,761,758,759,-1,760,761,762,-1,760,762,763,-1,763,762,764,-1,763,764,765,-1,765,764,766,-1,765,766,767,-1,767,766,768,-1,767,768,769,-1,769,768,770,-1,769,770,771,-1,771,770,772,-1,771,772,773,-1,774,773,775,-1,775,773,772,-1,774,775,776,-1,776,775,777,-1,776,777,778,-1,778,777,779,-1,778,779,780,-1,780,779,781,-1,780,781,782,-1,782,781,783,-1,782,783,784,-1,784,783,785,-1,786,784,787,-1,787,784,785,-1,788,789,790,-1,790,789,791,-1,788,790,792,-1,788,792,793,-1,793,792,794,-1,793,794,795,-1,795,794,796,-1,795,796,797,-1,797,796,798,-1,797,798,799,-1,799,798,800,-1,799,800,801,-1,802,801,803,-1,803,801,800,-1,802,803,804,-1,804,803,805,-1,804,805,806,-1,806,805,807,-1,806,807,808,-1,808,807,809,-1,808,809,810,-1,810,809,811,-1,810,811,755,-1,755,811,757,-1,754,758,755,-1,755,758,760,-1,755,760,810,-1,810,760,763,-1,810,763,808,-1,786,789,784,-1,784,789,788,-1,784,788,782,-1,782,788,793,-1,782,793,780,-1,780,793,795,-1,780,795,778,-1,778,795,797,-1,778,797,776,-1,776,797,799,-1,776,799,774,-1,774,799,801,-1,774,801,773,-1,773,801,802,-1,773,802,771,-1,771,802,804,-1,771,804,769,-1,769,804,806,-1,769,806,767,-1,767,806,808,-1,767,808,765,-1,765,808,763,-1,759,756,761,-1,761,756,757,-1,761,757,762,-1,762,757,811,-1,762,811,764,-1,764,811,809,-1,764,809,766,-1,766,809,807,-1,791,787,790,-1,790,787,785,-1,790,785,792,-1,792,785,783,-1,792,783,794,-1,794,783,781,-1,794,781,796,-1,796,781,779,-1,796,779,798,-1,798,779,777,-1,798,777,800,-1,800,777,775,-1,800,775,803,-1,803,775,772,-1,803,772,805,-1,805,772,770,-1,805,770,807,-1,807,770,768,-1,807,768,766,-1,812,813,814,-1,814,813,815,-1,816,812,817,-1,817,812,814,-1,818,816,819,-1,819,816,817,-1,818,819,820,-1,818,820,821,-1,821,820,822,-1,821,822,823,-1,823,822,824,-1,823,824,825,-1,825,824,826,-1,825,826,827,-1,827,826,828,-1,827,828,829,-1,829,828,830,-1,829,830,831,-1,832,831,833,-1,833,831,830,-1,832,833,834,-1,834,833,835,-1,834,835,836,-1,836,835,837,-1,836,837,838,-1,838,837,839,-1,838,839,840,-1,840,839,841,-1,840,841,842,-1,842,841,843,-1,844,842,845,-1,845,842,843,-1,846,847,848,-1,848,847,849,-1,846,848,850,-1,846,850,851,-1,851,850,852,-1,851,852,853,-1,853,852,854,-1,853,854,855,-1,855,854,856,-1,855,856,857,-1,857,856,858,-1,857,858,859,-1,860,859,861,-1,861,859,858,-1,860,861,862,-1,862,861,863,-1,862,863,864,-1,864,863,865,-1,864,865,866,-1,866,865,867,-1,866,867,868,-1,868,867,869,-1,868,869,813,-1,813,869,815,-1,812,816,813,-1,813,816,818,-1,813,818,868,-1,868,818,821,-1,868,821,866,-1,844,847,842,-1,842,847,846,-1,842,846,840,-1,840,846,851,-1,840,851,838,-1,838,851,853,-1,838,853,836,-1,836,853,855,-1,836,855,834,-1,834,855,857,-1,834,857,832,-1,832,857,859,-1,832,859,831,-1,831,859,860,-1,831,860,829,-1,829,860,862,-1,829,862,827,-1,827,862,864,-1,827,864,825,-1,825,864,866,-1,825,866,823,-1,823,866,821,-1,817,814,819,-1,819,814,815,-1,819,815,820,-1,820,815,869,-1,820,869,822,-1,822,869,867,-1,822,867,824,-1,824,867,865,-1,849,845,848,-1,848,845,843,-1,848,843,850,-1,850,843,841,-1,850,841,852,-1,852,841,839,-1,852,839,854,-1,854,839,837,-1,854,837,856,-1,856,837,835,-1,856,835,858,-1,858,835,833,-1,858,833,861,-1,861,833,830,-1,861,830,863,-1,863,830,828,-1,863,828,865,-1,865,828,826,-1,865,826,824,-1,870,871,872,-1,872,871,873,-1,874,870,875,-1,875,870,872,-1,876,874,877,-1,877,874,875,-1,876,877,878,-1,876,878,879,-1,879,878,880,-1,879,880,881,-1,881,880,882,-1,881,882,883,-1,883,882,884,-1,883,884,885,-1,885,884,886,-1,885,886,887,-1,887,886,888,-1,887,888,889,-1,890,889,891,-1,891,889,888,-1,890,891,892,-1,892,891,893,-1,892,893,894,-1,894,893,895,-1,894,895,896,-1,896,895,897,-1,896,897,898,-1,898,897,899,-1,898,899,900,-1,900,899,901,-1,902,900,903,-1,903,900,901,-1,904,905,906,-1,906,905,907,-1,904,906,908,-1,904,908,909,-1,909,908,910,-1,909,910,911,-1,911,910,912,-1,911,912,913,-1,913,912,914,-1,913,914,915,-1,915,914,916,-1,915,916,917,-1,918,917,919,-1,919,917,916,-1,918,919,920,-1,920,919,921,-1,920,921,922,-1,922,921,923,-1,922,923,924,-1,924,923,925,-1,924,925,926,-1,926,925,927,-1,926,927,871,-1,871,927,873,-1,870,874,871,-1,871,874,876,-1,871,876,926,-1,926,876,879,-1,926,879,924,-1,902,905,900,-1,900,905,904,-1,900,904,898,-1,898,904,909,-1,898,909,896,-1,896,909,911,-1,896,911,894,-1,894,911,913,-1,894,913,892,-1,892,913,915,-1,892,915,890,-1,890,915,917,-1,890,917,889,-1,889,917,918,-1,889,918,887,-1,887,918,920,-1,887,920,885,-1,885,920,922,-1,885,922,883,-1,883,922,924,-1,883,924,881,-1,881,924,879,-1,875,872,877,-1,877,872,873,-1,877,873,878,-1,878,873,927,-1,878,927,880,-1,880,927,925,-1,880,925,882,-1,882,925,923,-1,907,903,906,-1,906,903,901,-1,906,901,908,-1,908,901,899,-1,908,899,910,-1,910,899,897,-1,910,897,912,-1,912,897,895,-1,912,895,914,-1,914,895,893,-1,914,893,916,-1,916,893,891,-1,916,891,919,-1,919,891,888,-1,919,888,921,-1,921,888,886,-1,921,886,923,-1,923,886,884,-1,923,884,882,-1,928,929,930,-1,930,929,931,-1,932,928,933,-1,933,928,930,-1,934,932,935,-1,935,932,933,-1,934,935,936,-1,934,936,937,-1,937,936,938,-1,937,938,939,-1,939,938,940,-1,939,940,941,-1,941,940,942,-1,941,942,943,-1,943,942,944,-1,943,944,945,-1,945,944,946,-1,945,946,947,-1,948,947,949,-1,949,947,946,-1,948,949,950,-1,950,949,951,-1,950,951,952,-1,952,951,953,-1,952,953,954,-1,954,953,955,-1,954,955,956,-1,956,955,957,-1,956,957,958,-1,958,957,959,-1,960,958,961,-1,961,958,959,-1,962,963,964,-1,964,963,965,-1,962,964,966,-1,962,966,967,-1,967,966,968,-1,967,968,969,-1,969,968,970,-1,969,970,971,-1,971,970,972,-1,971,972,973,-1,973,972,974,-1,973,974,975,-1,976,975,977,-1,977,975,974,-1,976,977,978,-1,978,977,979,-1,978,979,980,-1,980,979,981,-1,980,981,982,-1,982,981,983,-1,982,983,984,-1,984,983,985,-1,984,985,929,-1,929,985,931,-1,928,932,929,-1,929,932,934,-1,929,934,984,-1,984,934,937,-1,984,937,982,-1,960,963,958,-1,958,963,962,-1,958,962,956,-1,956,962,967,-1,956,967,954,-1,954,967,969,-1,954,969,952,-1,952,969,971,-1,952,971,950,-1,950,971,973,-1,950,973,948,-1,948,973,975,-1,948,975,947,-1,947,975,976,-1,947,976,945,-1,945,976,978,-1,945,978,943,-1,943,978,980,-1,943,980,941,-1,941,980,982,-1,941,982,939,-1,939,982,937,-1,933,930,935,-1,935,930,931,-1,935,931,936,-1,936,931,985,-1,936,985,938,-1,938,985,983,-1,938,983,940,-1,940,983,981,-1,965,961,964,-1,964,961,959,-1,964,959,966,-1,966,959,957,-1,966,957,968,-1,968,957,955,-1,968,955,970,-1,970,955,953,-1,970,953,972,-1,972,953,951,-1,972,951,974,-1,974,951,949,-1,974,949,977,-1,977,949,946,-1,977,946,979,-1,979,946,944,-1,979,944,981,-1,981,944,942,-1,981,942,940,-1,986,987,988,-1,988,987,989,-1,990,986,991,-1,991,986,988,-1,992,990,993,-1,993,990,991,-1,992,993,994,-1,992,994,995,-1,995,994,996,-1,995,996,997,-1,997,996,998,-1,997,998,999,-1,999,998,1000,-1,999,1000,1001,-1,1001,1000,1002,-1,1001,1002,1003,-1,1003,1002,1004,-1,1003,1004,1005,-1,1006,1005,1007,-1,1007,1005,1004,-1,1006,1007,1008,-1,1008,1007,1009,-1,1008,1009,1010,-1,1010,1009,1011,-1,1010,1011,1012,-1,1012,1011,1013,-1,1012,1013,1014,-1,1014,1013,1015,-1,1014,1015,1016,-1,1016,1015,1017,-1,1018,1016,1019,-1,1019,1016,1017,-1,1020,1021,1022,-1,1022,1021,1023,-1,1020,1022,1024,-1,1020,1024,1025,-1,1025,1024,1026,-1,1025,1026,1027,-1,1027,1026,1028,-1,1027,1028,1029,-1,1029,1028,1030,-1,1029,1030,1031,-1,1031,1030,1032,-1,1031,1032,1033,-1,1034,1033,1035,-1,1035,1033,1032,-1,1034,1035,1036,-1,1036,1035,1037,-1,1036,1037,1038,-1,1038,1037,1039,-1,1038,1039,1040,-1,1040,1039,1041,-1,1040,1041,1042,-1,1042,1041,1043,-1,1042,1043,987,-1,987,1043,989,-1,986,990,987,-1,987,990,992,-1,987,992,1042,-1,1042,992,995,-1,1042,995,1040,-1,1018,1021,1016,-1,1016,1021,1020,-1,1016,1020,1014,-1,1014,1020,1025,-1,1014,1025,1012,-1,1012,1025,1027,-1,1012,1027,1010,-1,1010,1027,1029,-1,1010,1029,1008,-1,1008,1029,1031,-1,1008,1031,1006,-1,1006,1031,1033,-1,1006,1033,1005,-1,1005,1033,1034,-1,1005,1034,1003,-1,1003,1034,1036,-1,1003,1036,1001,-1,1001,1036,1038,-1,1001,1038,999,-1,999,1038,1040,-1,999,1040,997,-1,997,1040,995,-1,991,988,993,-1,993,988,989,-1,993,989,994,-1,994,989,1043,-1,994,1043,996,-1,996,1043,1041,-1,996,1041,998,-1,998,1041,1039,-1,1023,1019,1022,-1,1022,1019,1017,-1,1022,1017,1024,-1,1024,1017,1015,-1,1024,1015,1026,-1,1026,1015,1013,-1,1026,1013,1028,-1,1028,1013,1011,-1,1028,1011,1030,-1,1030,1011,1009,-1,1030,1009,1032,-1,1032,1009,1007,-1,1032,1007,1035,-1,1035,1007,1004,-1,1035,1004,1037,-1,1037,1004,1002,-1,1037,1002,1039,-1,1039,1002,1000,-1,1039,1000,998,-1,1044,1045,1046,-1,1046,1045,1047,-1,1048,1044,1049,-1,1049,1044,1046,-1,1050,1048,1051,-1,1051,1048,1049,-1,1050,1051,1052,-1,1050,1052,1053,-1,1053,1052,1054,-1,1053,1054,1055,-1,1055,1054,1056,-1,1055,1056,1057,-1,1057,1056,1058,-1,1057,1058,1059,-1,1059,1058,1060,-1,1059,1060,1061,-1,1061,1060,1062,-1,1061,1062,1063,-1,1064,1063,1065,-1,1065,1063,1062,-1,1064,1065,1066,-1,1066,1065,1067,-1,1066,1067,1068,-1,1068,1067,1069,-1,1068,1069,1070,-1,1070,1069,1071,-1,1070,1071,1072,-1,1072,1071,1073,-1,1072,1073,1074,-1,1074,1073,1075,-1,1076,1074,1077,-1,1077,1074,1075,-1,1078,1079,1080,-1,1080,1079,1081,-1,1078,1080,1082,-1,1078,1082,1083,-1,1083,1082,1084,-1,1083,1084,1085,-1,1085,1084,1086,-1,1085,1086,1087,-1,1087,1086,1088,-1,1087,1088,1089,-1,1089,1088,1090,-1,1089,1090,1091,-1,1092,1091,1093,-1,1093,1091,1090,-1,1092,1093,1094,-1,1094,1093,1095,-1,1094,1095,1096,-1,1096,1095,1097,-1,1096,1097,1098,-1,1098,1097,1099,-1,1098,1099,1100,-1,1100,1099,1101,-1,1100,1101,1045,-1,1045,1101,1047,-1,1044,1048,1045,-1,1045,1048,1050,-1,1045,1050,1100,-1,1100,1050,1053,-1,1100,1053,1098,-1,1076,1079,1074,-1,1074,1079,1078,-1,1074,1078,1072,-1,1072,1078,1083,-1,1072,1083,1070,-1,1070,1083,1085,-1,1070,1085,1068,-1,1068,1085,1087,-1,1068,1087,1066,-1,1066,1087,1089,-1,1066,1089,1064,-1,1064,1089,1091,-1,1064,1091,1063,-1,1063,1091,1092,-1,1063,1092,1061,-1,1061,1092,1094,-1,1061,1094,1059,-1,1059,1094,1096,-1,1059,1096,1057,-1,1057,1096,1098,-1,1057,1098,1055,-1,1055,1098,1053,-1,1049,1046,1051,-1,1051,1046,1047,-1,1051,1047,1052,-1,1052,1047,1101,-1,1052,1101,1054,-1,1054,1101,1099,-1,1054,1099,1056,-1,1056,1099,1097,-1,1081,1077,1080,-1,1080,1077,1075,-1,1080,1075,1082,-1,1082,1075,1073,-1,1082,1073,1084,-1,1084,1073,1071,-1,1084,1071,1086,-1,1086,1071,1069,-1,1086,1069,1088,-1,1088,1069,1067,-1,1088,1067,1090,-1,1090,1067,1065,-1,1090,1065,1093,-1,1093,1065,1062,-1,1093,1062,1095,-1,1095,1062,1060,-1,1095,1060,1097,-1,1097,1060,1058,-1,1097,1058,1056,-1,1102,1103,1104,-1,1104,1103,1105,-1,1106,1102,1107,-1,1107,1102,1104,-1,1108,1106,1109,-1,1109,1106,1107,-1,1108,1109,1110,-1,1108,1110,1111,-1,1111,1110,1112,-1,1111,1112,1113,-1,1113,1112,1114,-1,1113,1114,1115,-1,1115,1114,1116,-1,1115,1116,1117,-1,1117,1116,1118,-1,1117,1118,1119,-1,1119,1118,1120,-1,1119,1120,1121,-1,1122,1121,1123,-1,1123,1121,1120,-1,1122,1123,1124,-1,1124,1123,1125,-1,1124,1125,1126,-1,1126,1125,1127,-1,1126,1127,1128,-1,1128,1127,1129,-1,1128,1129,1130,-1,1130,1129,1131,-1,1130,1131,1132,-1,1132,1131,1133,-1,1134,1132,1135,-1,1135,1132,1133,-1,1136,1137,1138,-1,1138,1137,1139,-1,1136,1138,1140,-1,1136,1140,1141,-1,1141,1140,1142,-1,1141,1142,1143,-1,1143,1142,1144,-1,1143,1144,1145,-1,1145,1144,1146,-1,1145,1146,1147,-1,1147,1146,1148,-1,1147,1148,1149,-1,1150,1149,1151,-1,1151,1149,1148,-1,1150,1151,1152,-1,1152,1151,1153,-1,1152,1153,1154,-1,1154,1153,1155,-1,1154,1155,1156,-1,1156,1155,1157,-1,1156,1157,1158,-1,1158,1157,1159,-1,1158,1159,1103,-1,1103,1159,1105,-1,1102,1106,1103,-1,1103,1106,1108,-1,1103,1108,1158,-1,1158,1108,1111,-1,1158,1111,1156,-1,1134,1137,1132,-1,1132,1137,1136,-1,1132,1136,1130,-1,1130,1136,1141,-1,1130,1141,1128,-1,1128,1141,1143,-1,1128,1143,1126,-1,1126,1143,1145,-1,1126,1145,1124,-1,1124,1145,1147,-1,1124,1147,1122,-1,1122,1147,1149,-1,1122,1149,1121,-1,1121,1149,1150,-1,1121,1150,1119,-1,1119,1150,1152,-1,1119,1152,1117,-1,1117,1152,1154,-1,1117,1154,1115,-1,1115,1154,1156,-1,1115,1156,1113,-1,1113,1156,1111,-1,1107,1104,1109,-1,1109,1104,1105,-1,1109,1105,1110,-1,1110,1105,1159,-1,1110,1159,1112,-1,1112,1159,1157,-1,1112,1157,1114,-1,1114,1157,1155,-1,1139,1135,1138,-1,1138,1135,1133,-1,1138,1133,1140,-1,1140,1133,1131,-1,1140,1131,1142,-1,1142,1131,1129,-1,1142,1129,1144,-1,1144,1129,1127,-1,1144,1127,1146,-1,1146,1127,1125,-1,1146,1125,1148,-1,1148,1125,1123,-1,1148,1123,1151,-1,1151,1123,1120,-1,1151,1120,1153,-1,1153,1120,1118,-1,1153,1118,1155,-1,1155,1118,1116,-1,1155,1116,1114,-1,1160,1161,1162,-1,1162,1161,1163,-1,1164,1160,1165,-1,1165,1160,1162,-1,1166,1164,1167,-1,1167,1164,1165,-1,1166,1167,1168,-1,1166,1168,1169,-1,1169,1168,1170,-1,1169,1170,1171,-1,1171,1170,1172,-1,1171,1172,1173,-1,1173,1172,1174,-1,1173,1174,1175,-1,1175,1174,1176,-1,1175,1176,1177,-1,1177,1176,1178,-1,1177,1178,1179,-1,1180,1179,1181,-1,1181,1179,1178,-1,1180,1181,1182,-1,1182,1181,1183,-1,1182,1183,1184,-1,1184,1183,1185,-1,1184,1185,1186,-1,1186,1185,1187,-1,1186,1187,1188,-1,1188,1187,1189,-1,1188,1189,1190,-1,1190,1189,1191,-1,1192,1190,1193,-1,1193,1190,1191,-1,1194,1195,1196,-1,1196,1195,1197,-1,1194,1196,1198,-1,1194,1198,1199,-1,1199,1198,1200,-1,1199,1200,1201,-1,1201,1200,1202,-1,1201,1202,1203,-1,1203,1202,1204,-1,1203,1204,1205,-1,1205,1204,1206,-1,1205,1206,1207,-1,1208,1207,1209,-1,1209,1207,1206,-1,1208,1209,1210,-1,1210,1209,1211,-1,1210,1211,1212,-1,1212,1211,1213,-1,1212,1213,1214,-1,1214,1213,1215,-1,1214,1215,1216,-1,1216,1215,1217,-1,1216,1217,1161,-1,1161,1217,1163,-1,1160,1164,1161,-1,1161,1164,1166,-1,1161,1166,1216,-1,1216,1166,1169,-1,1216,1169,1214,-1,1192,1195,1190,-1,1190,1195,1194,-1,1190,1194,1188,-1,1188,1194,1199,-1,1188,1199,1186,-1,1186,1199,1201,-1,1186,1201,1184,-1,1184,1201,1203,-1,1184,1203,1182,-1,1182,1203,1205,-1,1182,1205,1180,-1,1180,1205,1207,-1,1180,1207,1179,-1,1179,1207,1208,-1,1179,1208,1177,-1,1177,1208,1210,-1,1177,1210,1175,-1,1175,1210,1212,-1,1175,1212,1173,-1,1173,1212,1214,-1,1173,1214,1171,-1,1171,1214,1169,-1,1165,1162,1167,-1,1167,1162,1163,-1,1167,1163,1168,-1,1168,1163,1217,-1,1168,1217,1170,-1,1170,1217,1215,-1,1170,1215,1172,-1,1172,1215,1213,-1,1197,1193,1196,-1,1196,1193,1191,-1,1196,1191,1198,-1,1198,1191,1189,-1,1198,1189,1200,-1,1200,1189,1187,-1,1200,1187,1202,-1,1202,1187,1185,-1,1202,1185,1204,-1,1204,1185,1183,-1,1204,1183,1206,-1,1206,1183,1181,-1,1206,1181,1209,-1,1209,1181,1178,-1,1209,1178,1211,-1,1211,1178,1176,-1,1211,1176,1213,-1,1213,1176,1174,-1,1213,1174,1172,-1,1218,1219,1220,-1,1220,1219,1221,-1,1222,1218,1223,-1,1223,1218,1220,-1,1224,1222,1225,-1,1225,1222,1223,-1,1224,1225,1226,-1,1224,1226,1227,-1,1227,1226,1228,-1,1227,1228,1229,-1,1229,1228,1230,-1,1229,1230,1231,-1,1231,1230,1232,-1,1231,1232,1233,-1,1233,1232,1234,-1,1233,1234,1235,-1,1235,1234,1236,-1,1235,1236,1237,-1,1238,1237,1239,-1,1239,1237,1236,-1,1238,1239,1240,-1,1240,1239,1241,-1,1240,1241,1242,-1,1242,1241,1243,-1,1242,1243,1244,-1,1244,1243,1245,-1,1244,1245,1246,-1,1246,1245,1247,-1,1246,1247,1248,-1,1248,1247,1249,-1,1250,1248,1251,-1,1251,1248,1249,-1,1252,1253,1254,-1,1254,1253,1255,-1,1252,1254,1256,-1,1252,1256,1257,-1,1257,1256,1258,-1,1257,1258,1259,-1,1259,1258,1260,-1,1259,1260,1261,-1,1261,1260,1262,-1,1261,1262,1263,-1,1263,1262,1264,-1,1263,1264,1265,-1,1266,1265,1267,-1,1267,1265,1264,-1,1266,1267,1268,-1,1268,1267,1269,-1,1268,1269,1270,-1,1270,1269,1271,-1,1270,1271,1272,-1,1272,1271,1273,-1,1272,1273,1274,-1,1274,1273,1275,-1,1274,1275,1219,-1,1219,1275,1221,-1,1218,1222,1219,-1,1219,1222,1224,-1,1219,1224,1274,-1,1274,1224,1227,-1,1274,1227,1272,-1,1250,1253,1248,-1,1248,1253,1252,-1,1248,1252,1246,-1,1246,1252,1257,-1,1246,1257,1244,-1,1244,1257,1259,-1,1244,1259,1242,-1,1242,1259,1261,-1,1242,1261,1240,-1,1240,1261,1263,-1,1240,1263,1238,-1,1238,1263,1265,-1,1238,1265,1237,-1,1237,1265,1266,-1,1237,1266,1235,-1,1235,1266,1268,-1,1235,1268,1233,-1,1233,1268,1270,-1,1233,1270,1231,-1,1231,1270,1272,-1,1231,1272,1229,-1,1229,1272,1227,-1,1223,1220,1225,-1,1225,1220,1221,-1,1225,1221,1226,-1,1226,1221,1275,-1,1226,1275,1228,-1,1228,1275,1273,-1,1228,1273,1230,-1,1230,1273,1271,-1,1255,1251,1254,-1,1254,1251,1249,-1,1254,1249,1256,-1,1256,1249,1247,-1,1256,1247,1258,-1,1258,1247,1245,-1,1258,1245,1260,-1,1260,1245,1243,-1,1260,1243,1262,-1,1262,1243,1241,-1,1262,1241,1264,-1,1264,1241,1239,-1,1264,1239,1267,-1,1267,1239,1236,-1,1267,1236,1269,-1,1269,1236,1234,-1,1269,1234,1271,-1,1271,1234,1232,-1,1271,1232,1230,-1,1276,1277,1278,-1,1278,1277,1279,-1,1280,1276,1281,-1,1281,1276,1278,-1,1282,1280,1283,-1,1283,1280,1281,-1,1282,1283,1284,-1,1282,1284,1285,-1,1285,1284,1286,-1,1285,1286,1287,-1,1287,1286,1288,-1,1287,1288,1289,-1,1289,1288,1290,-1,1289,1290,1291,-1,1291,1290,1292,-1,1291,1292,1293,-1,1293,1292,1294,-1,1293,1294,1295,-1,1296,1295,1297,-1,1297,1295,1294,-1,1296,1297,1298,-1,1298,1297,1299,-1,1298,1299,1300,-1,1300,1299,1301,-1,1300,1301,1302,-1,1302,1301,1303,-1,1302,1303,1304,-1,1304,1303,1305,-1,1304,1305,1306,-1,1306,1305,1307,-1,1308,1306,1309,-1,1309,1306,1307,-1,1310,1311,1312,-1,1312,1311,1313,-1,1310,1312,1314,-1,1310,1314,1315,-1,1315,1314,1316,-1,1315,1316,1317,-1,1317,1316,1318,-1,1317,1318,1319,-1,1319,1318,1320,-1,1319,1320,1321,-1,1321,1320,1322,-1,1321,1322,1323,-1,1324,1323,1325,-1,1325,1323,1322,-1,1324,1325,1326,-1,1326,1325,1327,-1,1326,1327,1328,-1,1328,1327,1329,-1,1328,1329,1330,-1,1330,1329,1331,-1,1330,1331,1332,-1,1332,1331,1333,-1,1332,1333,1277,-1,1277,1333,1279,-1,1276,1280,1277,-1,1277,1280,1282,-1,1277,1282,1332,-1,1332,1282,1285,-1,1332,1285,1330,-1,1308,1311,1306,-1,1306,1311,1310,-1,1306,1310,1304,-1,1304,1310,1315,-1,1304,1315,1302,-1,1302,1315,1317,-1,1302,1317,1300,-1,1300,1317,1319,-1,1300,1319,1298,-1,1298,1319,1321,-1,1298,1321,1296,-1,1296,1321,1323,-1,1296,1323,1295,-1,1295,1323,1324,-1,1295,1324,1293,-1,1293,1324,1326,-1,1293,1326,1291,-1,1291,1326,1328,-1,1291,1328,1289,-1,1289,1328,1330,-1,1289,1330,1287,-1,1287,1330,1285,-1,1281,1278,1283,-1,1283,1278,1279,-1,1283,1279,1284,-1,1284,1279,1333,-1,1284,1333,1286,-1,1286,1333,1331,-1,1286,1331,1288,-1,1288,1331,1329,-1,1313,1309,1312,-1,1312,1309,1307,-1,1312,1307,1314,-1,1314,1307,1305,-1,1314,1305,1316,-1,1316,1305,1303,-1,1316,1303,1318,-1,1318,1303,1301,-1,1318,1301,1320,-1,1320,1301,1299,-1,1320,1299,1322,-1,1322,1299,1297,-1,1322,1297,1325,-1,1325,1297,1294,-1,1325,1294,1327,-1,1327,1294,1292,-1,1327,1292,1329,-1,1329,1292,1290,-1,1329,1290,1288,-1,1334,1335,1336,-1,1336,1335,1337,-1,1338,1334,1339,-1,1339,1334,1336,-1,1340,1338,1341,-1,1341,1338,1339,-1,1340,1341,1342,-1,1340,1342,1343,-1,1343,1342,1344,-1,1343,1344,1345,-1,1345,1344,1346,-1,1345,1346,1347,-1,1347,1346,1348,-1,1347,1348,1349,-1,1349,1348,1350,-1,1349,1350,1351,-1,1351,1350,1352,-1,1351,1352,1353,-1,1354,1353,1355,-1,1355,1353,1352,-1,1354,1355,1356,-1,1356,1355,1357,-1,1356,1357,1358,-1,1358,1357,1359,-1,1358,1359,1360,-1,1360,1359,1361,-1,1360,1361,1362,-1,1362,1361,1363,-1,1362,1363,1364,-1,1364,1363,1365,-1,1366,1364,1367,-1,1367,1364,1365,-1,1368,1369,1370,-1,1370,1369,1371,-1,1368,1370,1372,-1,1368,1372,1373,-1,1373,1372,1374,-1,1373,1374,1375,-1,1375,1374,1376,-1,1375,1376,1377,-1,1377,1376,1378,-1,1377,1378,1379,-1,1379,1378,1380,-1,1379,1380,1381,-1,1382,1381,1383,-1,1383,1381,1380,-1,1382,1383,1384,-1,1384,1383,1385,-1,1384,1385,1386,-1,1386,1385,1387,-1,1386,1387,1388,-1,1388,1387,1389,-1,1388,1389,1390,-1,1390,1389,1391,-1,1390,1391,1335,-1,1335,1391,1337,-1,1334,1338,1335,-1,1335,1338,1340,-1,1335,1340,1390,-1,1390,1340,1343,-1,1390,1343,1388,-1,1366,1369,1364,-1,1364,1369,1368,-1,1364,1368,1362,-1,1362,1368,1373,-1,1362,1373,1360,-1,1360,1373,1375,-1,1360,1375,1358,-1,1358,1375,1377,-1,1358,1377,1356,-1,1356,1377,1379,-1,1356,1379,1354,-1,1354,1379,1381,-1,1354,1381,1353,-1,1353,1381,1382,-1,1353,1382,1351,-1,1351,1382,1384,-1,1351,1384,1349,-1,1349,1384,1386,-1,1349,1386,1347,-1,1347,1386,1388,-1,1347,1388,1345,-1,1345,1388,1343,-1,1339,1336,1341,-1,1341,1336,1337,-1,1341,1337,1342,-1,1342,1337,1391,-1,1342,1391,1344,-1,1344,1391,1389,-1,1344,1389,1346,-1,1346,1389,1387,-1,1371,1367,1370,-1,1370,1367,1365,-1,1370,1365,1372,-1,1372,1365,1363,-1,1372,1363,1374,-1,1374,1363,1361,-1,1374,1361,1376,-1,1376,1361,1359,-1,1376,1359,1378,-1,1378,1359,1357,-1,1378,1357,1380,-1,1380,1357,1355,-1,1380,1355,1383,-1,1383,1355,1352,-1,1383,1352,1385,-1,1385,1352,1350,-1,1385,1350,1387,-1,1387,1350,1348,-1,1387,1348,1346,-1,
        ]
    }
}