#VRML V2.0 utf8
# 3D model generated by easyeda2kicad.py (https://github.com/uPesy/easyeda2kicad.py)

Shape{
    appearance Appearance {
        material  Material 	{
            diffuseColor 1.0 0.15294117647058825 0.27058823529411763
            specularColor 0.5019607843137255 0.0784313725490196 0.13333333333333333
            ambientIntensity 0.4196
            transparency 0.0
            shininess 0.5
        }
    }
    geometry IndexedFaceSet {
        ccw TRUE
        solid FALSE
        coord DEF co Coordinate {
            point [
                0.8996 -0.562 0.2362, 1.0965 -0.562 0.2362, 0.8752 -0.7874 0.2362, 1.3841 -1.0169 0.2362, 1.4351 -1.0236 0.2362, 0.8752 -1.0236 0.2362, -0.8791 -0.7874 0.2362, -0.1004 -0.562 0.2362, 0.0965 -0.562 0.2362, 0.8996 0.562 0.2362, 0.0965 0.562 0.2362, 1.5743 -0.6876 0.2362, 1.0965 0.562 0.2362, 1.6055 -0.7283 0.2362, 1.6252 -0.7758 0.2362, 1.2646 -0.9252 0.2362, 1.2959 -0.966 0.2362, 1.3366 -0.9972 0.2362, 1.3841 -0.6366 0.2362, 1.3366 -0.6563 0.2362, 1.2382 -0.8268 0.2362, 1.2449 -0.8777 0.2362, 1.4351 1.0236 0.2362, 1.3841 1.0169 0.2362, 0.8752 1.0236 0.2362, 1.3366 0.9972 0.2362, 1.2959 0.966 0.2362, -0.9035 -0.562 0.2362, -0.9035 0.562 0.2362, -0.1004 0.562 0.2362, -0.8791 0.7874 0.2362, -1.2685 0.9252 0.2362, -1.2998 0.966 0.2362, -0.8791 1.0236 0.2362, 1.5335 -0.6563 0.2362, 1.486 -0.6366 0.2362, 1.4351 -0.6299 0.2362, 1.2646 0.9252 0.2362, 1.2449 0.8777 0.2362, 0.8752 0.7874 0.2362, 1.2382 0.8268 0.2362, 1.2449 0.7758 0.2362, -1.439 -1.0236 0.2362, -1.388 -1.0169 0.2362, -0.8791 -1.0236 0.2362, -1.3405 -0.9972 0.2362, -1.2998 -0.966 0.2362, -1.6358 0.8268 0.2362, -1.6291 0.7758 0.2362, -1.6358 -0.8268 0.2362, -1.6094 0.7283 0.2362, -1.6291 -0.7758 0.2362, 1.2959 -0.6876 0.2362, 1.2646 -0.7283 0.2362, 1.2449 -0.7758 0.2362, 1.2646 0.7283 0.2362, 1.2959 0.6876 0.2362, 1.3366 0.6563 0.2362, 1.3841 0.6366 0.2362, 1.4351 0.6299 0.2362, 1.486 0.6366 0.2362, 1.6319 -0.8268 0.2362, 1.5335 0.6563 0.2362, 1.5743 0.6876 0.2362, 1.6055 0.7283 0.2362, 1.6252 0.7758 0.2362, 1.6319 0.8268 0.2362, -1.2685 -0.9252 0.2362, -1.2488 -0.8777 0.2362, -1.2421 -0.8268 0.2362, -1.2488 -0.7758 0.2362, -1.1004 -0.562 0.2362, -1.3405 0.9972 0.2362, -1.388 1.0169 0.2362, -1.439 1.0236 0.2362, -1.5782 0.6876 0.2362, -1.5374 0.6563 0.2362, -1.6094 -0.7283 0.2362, -1.5782 -0.6876 0.2362, -1.1004 0.562 0.2362, -1.3405 0.6563 0.2362, -1.5374 -0.6563 0.2362, -1.4899 0.6366 0.2362, -1.4899 -0.6366 0.2362, -1.2998 0.6876 0.2362, -1.2685 0.7283 0.2362, -1.2488 0.7758 0.2362, -1.2421 0.8268 0.2362, -1.2488 0.8777 0.2362, -1.2685 -0.7283 0.2362, -1.2998 -0.6876 0.2362, -1.3405 -0.6563 0.2362, -1.388 -0.6366 0.2362, -1.439 -0.6299 0.2362, -1.439 0.6299 0.2362, -1.388 0.6366 0.2362, 1.4351 1.0236 0.6299, 1.4351 1.0236 3.0315, 1.6319 1.0236 3.0315, 0.7319 1.0236 0.6299, 1.6319 1.0236 0.2362, -1.6358 1.0236 3.0315, -1.439 1.0236 3.0315, -1.6358 1.0236 0.2362, -1.439 1.0236 0.6299, -0.7358 1.0236 0.6299, 1.4351 0.9055 0.6299, 0.7319 0.9055 0.6299, 0.5886 0.9055 1.0236, 1.4351 0.9055 2.9528, 0.5886 0.9055 1.3386, -1.439 0.9055 2.9528, -0.5925 0.9055 1.3386, -1.439 0.9055 0.6299, -0.5925 0.9055 1.0236, -0.7358 0.9055 0.6299, -1.439 0.8268 3.0315, 1.4351 -0.8268 3.0315, 1.4351 -1.0236 3.0315, 1.6319 -1.0236 3.0315, -1.6358 -1.0236 3.0315, -1.439 -1.0236 3.0315, -1.439 -0.8268 3.0315, 1.4351 0.8268 3.0315, -1.439 -1.0236 0.6299, -0.7358 -1.0236 0.6299, -1.6358 -1.0236 0.2362, -0.7358 -0.9055 0.6299, -1.439 -0.9055 0.6299, 1.6319 -1.0236 0.2362, 1.4351 -1.0236 0.6299, 0.7319 -1.0236 0.6299, -1.6291 0.8777 0.2362, -1.6094 0.9252 0.2362, -1.4899 1.0169 0.2362, -1.5374 0.9972 0.2362, -1.5782 0.966 0.2362, 1.6252 0.8777 0.2362, 1.6055 0.9252 0.2362, 1.5743 0.966 0.2362, 1.5335 0.9972 0.2362, 1.486 1.0169 0.2362, 1.486 -1.0169 0.2362, 1.5335 -0.9972 0.2362, 1.5743 -0.966 0.2362, 1.6055 -0.9252 0.2362, 1.6252 -0.8777 0.2362, -1.4899 -1.0169 0.2362, -1.6094 -0.9252 0.2362, -1.6291 -0.8777 0.2362, -1.5782 -0.966 0.2362, -1.5374 -0.9972 0.2362, 1.2382 0.8268 0.0, 1.2449 0.8777 0.0, 1.2646 0.9252 0.0, 1.2959 0.966 0.0, 1.3366 0.9972 0.0, 1.3841 1.0169 0.0, 1.4351 1.0236 0.0, 1.486 1.0169 0.0, 1.5335 0.9972 0.0, 1.5743 0.966 0.0, 1.6055 0.9252 0.0, 1.6252 0.8777 0.0, 1.6319 0.8268 0.0, 1.6252 0.7758 0.0, 1.6055 0.7283 0.0, 1.5743 0.6876 0.0, 1.5335 0.6563 0.0, 1.486 0.6366 0.0, 1.4351 0.6299 0.0, 1.3841 0.6366 0.0, 1.3366 0.6563 0.0, 1.2959 0.6876 0.0, 1.2646 0.7283 0.0, 1.2449 0.7758 0.0, -1.6358 0.8268 0.0, -1.6291 0.8777 0.0, -1.6094 0.9252 0.0, -1.5782 0.966 0.0, -1.5374 0.9972 0.0, -1.4899 1.0169 0.0, -1.439 1.0236 0.0, -1.388 1.0169 0.0, -1.3405 0.9972 0.0, -1.2998 0.966 0.0, -1.2685 0.9252 0.0, -1.2488 0.8777 0.0, -1.2421 0.8268 0.0, -1.2488 0.7758 0.0, -1.2685 0.7283 0.0, -1.2998 0.6876 0.0, -1.3405 0.6563 0.0, -1.388 0.6366 0.0, -1.439 0.6299 0.0, -1.4899 0.6366 0.0, -1.5374 0.6563 0.0, -1.5782 0.6876 0.0, -1.6094 0.7283 0.0, -1.6291 0.7758 0.0, 1.2382 -0.8268 0.0, 1.2449 -0.7758 0.0, 1.2646 -0.7283 0.0, 1.2959 -0.6876 0.0, 1.3366 -0.6563 0.0, 1.3841 -0.6366 0.0, 1.4351 -0.6299 0.0, 1.486 -0.6366 0.0, 1.5335 -0.6563 0.0, 1.5743 -0.6876 0.0, 1.6055 -0.7283 0.0, 1.6252 -0.7758 0.0, 1.6319 -0.8268 0.0, 1.6252 -0.8777 0.0, 1.6055 -0.9252 0.0, 1.5743 -0.966 0.0, 1.5335 -0.9972 0.0, 1.486 -1.0169 0.0, 1.4351 -1.0236 0.0, 1.3841 -1.0169 0.0, 1.3366 -0.9972 0.0, 1.2959 -0.966 0.0, 1.2646 -0.9252 0.0, 1.2449 -0.8777 0.0, -1.6358 -0.8268 0.0, -1.6291 -0.7758 0.0, -1.6094 -0.7283 0.0, -1.5782 -0.6876 0.0, -1.5374 -0.6563 0.0, -1.4899 -0.6366 0.0, -1.439 -0.6299 0.0, -1.388 -0.6366 0.0, -1.3405 -0.6563 0.0, -1.2998 -0.6876 0.0, -1.2685 -0.7283 0.0, -1.2488 -0.7758 0.0, -1.2421 -0.8268 0.0, -1.2488 -0.8777 0.0, -1.2685 -0.9252 0.0, -1.2998 -0.966 0.0, -1.3405 -0.9972 0.0, -1.388 -1.0169 0.0, -1.439 -1.0236 0.0, -1.4899 -1.0169 0.0, -1.5374 -0.9972 0.0, -1.5782 -0.966 0.0, -1.6094 -0.9252 0.0, -1.6291 -0.8777 0.0, 1.4351 -0.8268 0.0, -1.439 0.8268 0.0, 1.4351 0.8268 0.0, -1.439 -0.8268 0.0, -1.439 -0.895 2.9921, -1.439 -0.8824 3.0084, -1.439 -0.9028 2.9731, -1.439 -0.8661 3.021, -1.439 -0.8472 3.0288, -1.439 -0.9055 2.9528, 1.4351 -0.8472 3.0288, 1.4351 -0.8661 3.021, 1.4351 -0.8824 3.0084, 1.4351 -0.895 2.9921, 1.4351 -0.9055 0.6299, 1.4351 -0.9055 2.9528, 1.4351 -0.9028 2.9731, 0.7319 -0.9055 0.6299, -0.5925 -0.9055 1.0236, -0.5925 -0.9055 1.3386, 0.5886 -0.9055 1.3386, 0.5886 -0.9055 1.0236, -0.5925 -1.1024 1.104, -0.5925 -1.1024 1.0236, 0.5886 -1.1024 1.104, 0.5886 -1.1024 1.0236, 0.5886 -0.7874 1.0236, -0.5925 -0.7874 1.0236, -1.439 0.8472 3.0288, -1.439 0.8661 3.021, -1.439 0.8824 3.0084, -1.439 0.895 2.9921, -1.439 0.9028 2.9731, 1.4351 0.895 2.9921, 1.4351 0.8824 3.0084, 1.4351 0.9028 2.9731, 1.4351 0.8661 3.021, 1.4351 0.8472 3.0288, -0.5925 1.1024 1.104, -0.5925 1.1024 1.0236, 0.5886 0.7874 1.0236, -0.5925 0.7874 1.0236, 0.5886 1.1024 1.0236, 0.5886 1.1024 1.104
            ]
        }
        coordIndex [
            0,1,2,-1,3,4,5,-1,6,7,8,-1,2,6,0,-1,0,6,8,-1,0,8,9,-1,9,8,10,-1,11,12,13,-1,13,12,14,-1,15,16,5,-1,5,16,17,-1,5,17,3,-1,18,19,1,-1,2,20,5,-1,5,20,21,-1,5,21,15,-1,22,23,24,-1,24,23,25,-1,24,25,26,-1,6,27,7,-1,7,27,28,-1,7,28,29,-1,29,28,30,-1,29,30,10,-1,31,32,33,-1,11,34,12,-1,12,34,35,-1,12,35,1,-1,1,35,36,-1,1,36,18,-1,26,37,24,-1,24,37,38,-1,24,38,39,-1,39,38,40,-1,39,40,41,-1,42,43,44,-1,44,43,45,-1,44,45,46,-1,47,48,49,-1,49,48,50,-1,49,50,51,-1,19,52,1,-1,1,52,53,-1,1,53,2,-1,2,53,54,-1,2,54,20,-1,55,56,12,-1,12,56,57,-1,12,57,14,-1,14,57,58,-1,58,59,14,-1,14,59,60,-1,14,60,61,-1,61,60,62,-1,61,62,63,-1,63,64,61,-1,61,64,65,-1,61,65,66,-1,10,30,9,-1,9,30,39,-1,9,39,12,-1,12,39,41,-1,12,41,55,-1,46,67,44,-1,44,67,68,-1,44,68,6,-1,6,68,69,-1,6,69,27,-1,27,69,70,-1,27,70,71,-1,32,72,33,-1,33,72,73,-1,33,73,74,-1,50,75,51,-1,51,75,76,-1,51,76,77,-1,77,76,78,-1,79,71,80,-1,78,76,81,-1,81,76,82,-1,81,82,83,-1,80,84,79,-1,79,84,85,-1,79,85,28,-1,28,85,86,-1,28,86,30,-1,30,86,87,-1,30,87,33,-1,33,87,88,-1,33,88,31,-1,70,89,71,-1,71,89,90,-1,71,90,80,-1,80,90,91,-1,80,91,92,-1,83,82,93,-1,93,82,94,-1,93,94,92,-1,92,94,95,-1,92,95,80,-1,96,97,98,-1,24,99,22,-1,22,99,96,-1,22,96,100,-1,100,96,98,-1,101,102,103,-1,103,102,104,-1,103,104,74,-1,74,104,105,-1,74,105,33,-1,106,107,108,-1,106,108,109,-1,109,108,110,-1,109,110,111,-1,111,110,112,-1,111,112,113,-1,113,112,114,-1,113,114,115,-1,107,106,99,-1,99,106,96,-1,105,104,115,-1,115,104,113,-1,116,102,101,-1,117,118,119,-1,120,121,122,-1,98,97,123,-1,101,120,116,-1,116,120,122,-1,116,122,123,-1,123,122,117,-1,123,117,98,-1,98,117,119,-1,124,121,120,-1,44,125,42,-1,42,125,124,-1,42,124,126,-1,126,124,120,-1,127,128,125,-1,125,128,124,-1,100,98,66,-1,66,98,119,-1,66,119,61,-1,61,119,129,-1,126,120,49,-1,49,120,101,-1,49,101,47,-1,47,101,103,-1,119,118,129,-1,129,118,130,-1,129,130,4,-1,4,130,131,-1,4,131,5,-1,132,47,103,-1,132,103,133,-1,103,74,134,-1,134,135,103,-1,103,135,136,-1,103,136,133,-1,66,137,100,-1,100,137,138,-1,100,138,139,-1,139,140,100,-1,100,140,141,-1,100,141,22,-1,4,142,129,-1,129,142,143,-1,129,143,144,-1,144,145,129,-1,129,145,146,-1,129,146,61,-1,147,42,126,-1,148,126,149,-1,149,126,49,-1,148,150,126,-1,126,150,151,-1,126,151,147,-1,152,38,153,-1,153,38,37,-1,153,37,154,-1,154,37,26,-1,154,26,155,-1,155,26,25,-1,155,25,156,-1,156,25,23,-1,156,23,157,-1,157,23,22,-1,157,22,158,-1,158,22,141,-1,158,141,159,-1,159,141,140,-1,159,140,160,-1,160,140,139,-1,160,139,161,-1,161,139,138,-1,161,138,162,-1,162,138,137,-1,162,137,163,-1,163,137,66,-1,163,66,164,-1,164,66,65,-1,164,65,165,-1,165,65,64,-1,165,64,166,-1,166,64,63,-1,166,63,167,-1,167,63,62,-1,167,62,168,-1,168,62,60,-1,168,60,169,-1,169,60,59,-1,169,59,170,-1,170,59,58,-1,170,58,171,-1,171,58,57,-1,171,57,172,-1,172,57,56,-1,172,56,173,-1,173,56,55,-1,173,55,174,-1,174,55,41,-1,174,41,175,-1,175,41,40,-1,175,40,152,-1,152,40,38,-1,176,132,177,-1,177,132,133,-1,177,133,178,-1,178,133,136,-1,178,136,179,-1,179,136,135,-1,179,135,180,-1,180,135,134,-1,180,134,181,-1,181,134,74,-1,181,74,182,-1,182,74,73,-1,182,73,183,-1,183,73,72,-1,183,72,184,-1,184,72,32,-1,184,32,185,-1,185,32,31,-1,185,31,186,-1,186,31,88,-1,186,88,187,-1,187,88,87,-1,187,87,188,-1,188,87,86,-1,188,86,189,-1,189,86,85,-1,189,85,190,-1,190,85,84,-1,190,84,191,-1,191,84,80,-1,191,80,192,-1,192,80,95,-1,192,95,193,-1,193,95,94,-1,193,94,194,-1,194,94,82,-1,194,82,195,-1,195,82,76,-1,195,76,196,-1,196,76,75,-1,196,75,197,-1,197,75,50,-1,197,50,198,-1,198,50,48,-1,198,48,199,-1,199,48,47,-1,199,47,176,-1,176,47,132,-1,200,54,201,-1,201,54,53,-1,201,53,202,-1,202,53,52,-1,202,52,203,-1,203,52,19,-1,203,19,204,-1,204,19,18,-1,204,18,205,-1,205,18,36,-1,205,36,206,-1,206,36,35,-1,206,35,207,-1,207,35,34,-1,207,34,208,-1,208,34,11,-1,208,11,209,-1,209,11,13,-1,209,13,210,-1,210,13,14,-1,210,14,211,-1,211,14,61,-1,211,61,212,-1,212,61,146,-1,212,146,213,-1,213,146,145,-1,213,145,214,-1,214,145,144,-1,214,144,215,-1,215,144,143,-1,215,143,216,-1,216,143,142,-1,216,142,217,-1,217,142,4,-1,217,4,218,-1,218,4,3,-1,218,3,219,-1,219,3,17,-1,219,17,220,-1,220,17,16,-1,220,16,221,-1,221,16,15,-1,221,15,222,-1,222,15,21,-1,222,21,223,-1,223,21,20,-1,223,20,200,-1,200,20,54,-1,224,51,225,-1,225,51,77,-1,225,77,226,-1,226,77,78,-1,226,78,227,-1,227,78,81,-1,227,81,228,-1,228,81,83,-1,228,83,229,-1,229,83,93,-1,229,93,230,-1,230,93,92,-1,230,92,231,-1,231,92,91,-1,231,91,232,-1,232,91,90,-1,232,90,233,-1,233,90,89,-1,233,89,234,-1,234,89,70,-1,234,70,235,-1,235,70,69,-1,235,69,236,-1,236,69,68,-1,236,68,237,-1,237,68,67,-1,237,67,238,-1,238,67,46,-1,238,46,239,-1,239,46,45,-1,239,45,240,-1,240,45,43,-1,240,43,241,-1,241,43,42,-1,241,42,242,-1,242,42,147,-1,242,147,243,-1,243,147,151,-1,243,151,244,-1,244,151,150,-1,244,150,245,-1,245,150,148,-1,245,148,246,-1,246,148,149,-1,246,149,247,-1,247,149,49,-1,247,49,224,-1,224,49,51,-1,210,211,248,-1,248,211,212,-1,248,212,213,-1,207,208,248,-1,248,208,209,-1,248,209,210,-1,204,205,248,-1,248,205,206,-1,248,206,207,-1,201,202,248,-1,248,202,203,-1,248,203,204,-1,222,223,248,-1,248,223,200,-1,248,200,201,-1,219,220,248,-1,248,220,221,-1,248,221,222,-1,216,217,248,-1,248,217,218,-1,248,218,219,-1,213,214,248,-1,248,214,215,-1,248,215,216,-1,186,187,249,-1,249,187,188,-1,249,188,189,-1,183,184,249,-1,249,184,185,-1,249,185,186,-1,180,181,249,-1,249,181,182,-1,249,182,183,-1,177,178,249,-1,249,178,179,-1,249,179,180,-1,198,199,249,-1,249,199,176,-1,249,176,177,-1,195,196,249,-1,249,196,197,-1,249,197,198,-1,192,193,249,-1,249,193,194,-1,249,194,195,-1,189,190,249,-1,249,190,191,-1,249,191,192,-1,162,163,250,-1,250,163,164,-1,250,164,165,-1,159,160,250,-1,250,160,161,-1,250,161,162,-1,156,157,250,-1,250,157,158,-1,250,158,159,-1,153,154,250,-1,250,154,155,-1,250,155,156,-1,174,175,250,-1,250,175,152,-1,250,152,153,-1,171,172,250,-1,250,172,173,-1,250,173,174,-1,168,169,250,-1,250,169,170,-1,250,170,171,-1,165,166,250,-1,250,166,167,-1,250,167,168,-1,234,235,251,-1,251,235,236,-1,251,236,237,-1,231,232,251,-1,251,232,233,-1,251,233,234,-1,228,229,251,-1,251,229,230,-1,251,230,231,-1,225,226,251,-1,251,226,227,-1,251,227,228,-1,246,247,251,-1,251,247,224,-1,251,224,225,-1,243,244,251,-1,251,244,245,-1,251,245,246,-1,240,241,251,-1,251,241,242,-1,251,242,243,-1,237,238,251,-1,251,238,239,-1,251,239,240,-1,252,253,121,-1,252,121,254,-1,253,255,121,-1,121,255,256,-1,121,256,122,-1,124,128,121,-1,121,128,257,-1,121,257,254,-1,118,117,258,-1,258,259,118,-1,118,259,260,-1,118,260,261,-1,262,130,263,-1,263,130,118,-1,263,118,264,-1,264,118,261,-1,131,130,265,-1,265,130,262,-1,128,127,266,-1,128,266,257,-1,257,266,267,-1,257,267,263,-1,263,267,268,-1,263,268,262,-1,262,268,269,-1,262,269,265,-1,267,266,270,-1,270,266,271,-1,272,273,268,-1,268,273,269,-1,273,271,269,-1,269,271,266,-1,269,266,274,-1,274,266,275,-1,275,266,127,-1,125,44,127,-1,127,44,6,-1,127,6,275,-1,269,274,265,-1,265,274,2,-1,265,2,131,-1,131,2,5,-1,274,275,2,-1,2,275,6,-1,270,271,272,-1,272,271,273,-1,267,270,268,-1,268,270,272,-1,102,116,276,-1,276,277,102,-1,102,277,278,-1,102,278,279,-1,113,104,111,-1,111,104,102,-1,111,102,280,-1,280,102,279,-1,281,282,97,-1,281,97,283,-1,282,284,97,-1,97,284,285,-1,97,285,123,-1,96,106,97,-1,97,106,109,-1,97,109,283,-1,286,287,112,-1,112,287,114,-1,288,289,108,-1,108,289,114,-1,108,114,290,-1,290,114,287,-1,110,108,291,-1,291,108,290,-1,288,108,107,-1,99,24,107,-1,107,24,39,-1,107,39,288,-1,114,289,115,-1,115,289,30,-1,115,30,105,-1,105,30,33,-1,289,288,30,-1,30,288,39,-1,291,290,286,-1,286,290,287,-1,286,112,291,-1,291,112,110,-1,109,111,280,-1,109,280,283,-1,283,280,279,-1,283,279,281,-1,281,279,278,-1,281,278,282,-1,282,278,277,-1,282,277,284,-1,284,277,276,-1,284,276,285,-1,285,276,116,-1,285,116,123,-1,117,122,256,-1,117,256,258,-1,258,256,255,-1,258,255,259,-1,259,255,253,-1,259,253,260,-1,260,253,252,-1,260,252,261,-1,261,252,254,-1,261,254,264,-1,264,254,257,-1,264,257,263,-1,
        ]
    }
}
Shape{
    appearance Appearance {
        material  Material 	{
            diffuseColor 0.8509803921568627 0.8509803921568627 0.8509803921568627
            specularColor 0.4235294117647059 0.4235294117647059 0.4235294117647059
            ambientIntensity 0.851
            transparency 0.0
            shininess 0.5
        }
    }
    geometry IndexedFaceSet {
        ccw TRUE
        solid FALSE
        coord DEF co Coordinate {
            point [
                1.0965 -0.0315 -0.8268, 1.0965 -0.0621 -0.8227, 1.0965 -0.189 -1.1024, 1.0965 -0.2195 -1.0983, 1.0965 -0.0906 -0.8109, 1.0965 -0.248 -1.0865, 1.0965 -0.3031 -1.0148, 1.0965 -0.2913 -1.0433, 1.0965 -0.2725 -1.0678, 1.0965 -0.3071 -0.9842, 1.0965 -0.115 -0.7922, 1.0965 -0.1338 -0.7677, 1.0965 -0.562 0.2362, 1.0965 0.3111 -0.0875, 1.0965 0.3229 -0.0591, 1.0965 0.3071 -0.1181, 1.0965 0.115 -0.3496, 1.0965 0.1338 -0.374, 1.0965 -0.3071 -0.1181, 1.0965 -0.1456 -0.4025, 1.0965 -0.3111 -0.0875, 1.0965 -0.1338 -0.374, 1.0965 -0.3229 -0.0591, 1.0965 0.3417 -0.0346, 1.0965 0.3661 -0.0158, 1.0965 0.562 0.2362, 1.0965 0.3946 -0.004, 1.0965 -0.1456 -0.7392, 1.0965 -0.1496 -0.7087, 1.0965 -0.1496 -0.4331, 1.0965 0.0906 -0.3308, 1.0965 0.0621 -0.319, 1.0965 -0.3946 -0.004, 1.0965 -0.4252 0.0, 1.0965 -0.562 0.1181, 1.0965 -0.4439 0.0, 1.0965 -0.558 0.0875, 1.0965 -0.115 -0.3496, 1.0965 -0.0906 -0.3308, 1.0965 -0.3417 -0.0346, 1.0965 -0.3661 -0.0158, 1.0965 -0.0621 -0.319, 1.0965 -0.0315 -0.315, 1.0965 0.0315 -0.315, 1.0965 0.1456 -0.4025, 1.0965 0.1496 -0.4331, 1.0965 0.3071 -0.9842, 1.0965 0.1496 -0.7087, 1.0965 0.1456 -0.7392, 1.0965 0.4252 0.0, 1.0965 0.4439 0.0, 1.0965 0.562 0.1181, 1.0965 0.558 0.0875, 1.0965 -0.5462 0.0591, 1.0965 -0.5274 0.0346, 1.0965 -0.4745 0.004, 1.0965 -0.5029 0.0158, 1.0965 0.5029 0.0158, 1.0965 0.5274 0.0346, 1.0965 0.5462 0.0591, 1.0965 0.0315 -0.8268, 1.0965 0.189 -1.1024, 1.0965 0.0621 -0.8227, 1.0965 0.2195 -1.0983, 1.0965 0.0906 -0.8109, 1.0965 0.248 -1.0865, 1.0965 0.2725 -1.0678, 1.0965 0.1338 -0.7677, 1.0965 0.115 -0.7922, 1.0965 0.3031 -1.0148, 1.0965 0.2913 -1.0433, 1.0965 0.4745 0.004, 0.8996 -0.0621 -0.319, 0.8996 -0.0906 -0.3308, 0.8996 -0.562 0.2362, 0.8996 0.189 -1.1024, 0.8996 -0.189 -1.1024, 0.8996 -0.0315 -0.8268, 0.8996 0.115 -0.7922, 0.8996 0.1338 -0.7677, 0.8996 0.3071 -0.9842, 0.8996 -0.0621 -0.8227, 0.8996 -0.2195 -1.0983, 0.8996 -0.0906 -0.8109, 0.8996 -0.248 -1.0865, 0.8996 -0.2725 -1.0678, 0.8996 0.0906 -0.3308, 0.8996 0.0621 -0.319, 0.8996 0.562 0.2362, 0.8996 0.0315 -0.315, 0.8996 -0.0315 -0.315, 0.8996 0.1456 -0.7392, 0.8996 0.1496 -0.7087, 0.8996 0.3071 -0.1181, 0.8996 0.1496 -0.4331, 0.8996 0.3946 -0.004, 0.8996 0.4252 0.0, 0.8996 0.562 0.1181, 0.8996 0.4439 0.0, 0.8996 -0.3946 -0.004, 0.8996 -0.4252 0.0, 0.8996 -0.4439 0.0, 0.8996 -0.562 0.1181, 0.8996 -0.2913 -1.0433, 0.8996 -0.3031 -1.0148, 0.8996 -0.115 -0.7922, 0.8996 -0.3071 -0.9842, 0.8996 -0.1338 -0.7677, 0.8996 -0.1456 -0.7392, 0.8996 0.0315 -0.8268, 0.8996 0.0621 -0.8227, 0.8996 0.2195 -1.0983, 0.8996 0.0906 -0.8109, 0.8996 0.2913 -1.0433, 0.8996 0.2725 -1.0678, 0.8996 0.248 -1.0865, 0.8996 0.1456 -0.4025, 0.8996 0.1338 -0.374, 0.8996 0.3111 -0.0875, 0.8996 0.115 -0.3496, 0.8996 0.3229 -0.0591, 0.8996 0.3417 -0.0346, 0.8996 0.3661 -0.0158, 0.8996 -0.3111 -0.0875, 0.8996 -0.3229 -0.0591, 0.8996 -0.3417 -0.0346, 0.8996 -0.3661 -0.0158, 0.8996 0.3031 -1.0148, 0.8996 -0.3071 -0.1181, 0.8996 -0.115 -0.3496, 0.8996 -0.1338 -0.374, 0.8996 -0.1456 -0.4025, 0.8996 -0.1496 -0.4331, 0.8996 -0.1496 -0.7087, 0.8996 0.5462 0.0591, 0.8996 0.5274 0.0346, 0.8996 0.5029 0.0158, 0.8996 0.558 0.0875, 0.8996 0.4745 0.004, 0.8996 -0.5029 0.0158, 0.8996 -0.5274 0.0346, 0.8996 -0.4745 0.004, 0.8996 -0.5462 0.0591, 0.8996 -0.558 0.0875, 0.0965 -0.3071 -0.1181, 0.0965 -0.1338 -0.8465, 0.0965 -0.115 -0.822, 0.0965 -0.3417 -0.0346, 0.0965 -0.3229 -0.0591, 0.0965 0.3417 -0.0346, 0.0965 0.3071 -0.1181, 0.0965 0.115 -0.822, 0.0965 0.1338 -0.8465, 0.0965 0.3946 -0.004, 0.0965 0.562 0.2362, 0.0965 0.3661 -0.0158, 0.0965 -0.562 0.2362, 0.0965 -0.115 -1.2646, 0.0965 -0.1338 -1.2402, 0.0965 -0.3071 -1.4567, 0.0965 -0.1456 -1.2117, 0.0965 -0.0906 -0.8032, 0.0965 -0.0621 -0.7914, 0.0965 -0.3111 -0.0875, 0.0965 -0.0906 -1.2834, 0.0965 -0.2195 -1.5708, 0.0965 -0.0621 -1.2952, 0.0965 -0.189 -1.5748, 0.0965 -0.0315 -1.2992, 0.0965 -0.3031 -1.4873, 0.0965 -0.2913 -1.5157, 0.0965 0.4252 0.0, 0.0965 0.4439 0.0, 0.0965 0.562 0.1181, 0.0965 0.558 0.0875, 0.0965 0.1456 -0.8749, 0.0965 0.1496 -0.9055, 0.0965 0.3071 -1.4567, 0.0965 0.1496 -1.1811, 0.0965 0.1456 -1.2117, 0.0965 -0.2725 -1.5402, 0.0965 -0.248 -1.559, 0.0965 -0.558 0.0875, 0.0965 -0.4439 0.0, 0.0965 -0.562 0.1181, 0.0965 -0.4252 0.0, 0.0965 -0.3946 -0.004, 0.0965 -0.3661 -0.0158, 0.0965 0.5029 0.0158, 0.0965 0.5274 0.0346, 0.0965 0.5462 0.0591, 0.0965 -0.5462 0.0591, 0.0965 -0.5274 0.0346, 0.0965 -0.4745 0.004, 0.0965 -0.5029 0.0158, 0.0965 0.3111 -0.0875, 0.0965 0.3229 -0.0591, 0.0965 0.0315 -1.2992, 0.0965 0.189 -1.5748, 0.0965 0.0621 -1.2952, 0.0965 0.2195 -1.5708, 0.0965 0.0906 -1.2834, 0.0965 0.248 -1.559, 0.0965 0.2725 -1.5402, 0.0965 -0.1496 -1.1811, 0.0965 -0.1496 -0.9055, 0.0965 -0.1456 -0.8749, 0.0965 -0.0315 -0.7874, 0.0965 0.0315 -0.7874, 0.0965 0.0621 -0.7914, 0.0965 0.0906 -0.8032, 0.0965 0.4745 0.004, 0.0965 0.1338 -1.2402, 0.0965 0.115 -1.2646, 0.0965 0.3031 -1.4873, 0.0965 0.2913 -1.5157, -0.1004 0.1338 -0.8465, -0.1004 0.115 -0.822, -0.1004 0.3071 -0.1181, -0.1004 -0.115 -0.822, -0.1004 -0.1338 -0.8465, -0.1004 -0.3071 -0.1181, -0.1004 -0.562 0.2362, -0.1004 0.3661 -0.0158, -0.1004 0.3417 -0.0346, -0.1004 -0.562 0.1181, -0.1004 -0.4439 0.0, -0.1004 -0.4252 0.0, -0.1004 0.115 -1.2646, -0.1004 0.1338 -1.2402, -0.1004 0.3071 -1.4567, -0.1004 0.1456 -1.2117, -0.1004 0.0906 -0.8032, -0.1004 0.0621 -0.7914, -0.1004 0.3111 -0.0875, -0.1004 0.3946 -0.004, -0.1004 0.562 0.2362, -0.1004 0.4252 0.0, -0.1004 0.562 0.1181, -0.1004 0.4439 0.0, -0.1004 -0.1456 -1.2117, -0.1004 -0.1338 -1.2402, -0.1004 -0.3071 -1.4567, -0.1004 -0.115 -1.2646, -0.1004 -0.3031 -1.4873, -0.1004 -0.0906 -1.2834, -0.1004 -0.2913 -1.5157, -0.1004 -0.2725 -1.5402, -0.1004 0.0906 -1.2834, -0.1004 0.2195 -1.5708, -0.1004 0.0621 -1.2952, -0.1004 0.189 -1.5748, -0.1004 0.0315 -1.2992, -0.1004 0.2913 -1.5157, -0.1004 0.2725 -1.5402, -0.1004 0.248 -1.559, -0.1004 0.3229 -0.0591, -0.1004 -0.3229 -0.0591, -0.1004 -0.3111 -0.0875, -0.1004 -0.3417 -0.0346, -0.1004 -0.3661 -0.0158, -0.1004 -0.3946 -0.004, -0.1004 -0.5029 0.0158, -0.1004 -0.5274 0.0346, -0.1004 -0.4745 0.004, -0.1004 -0.5462 0.0591, -0.1004 -0.558 0.0875, -0.1004 -0.0315 -1.2992, -0.1004 -0.189 -1.5748, -0.1004 -0.0621 -1.2952, -0.1004 -0.2195 -1.5708, -0.1004 -0.248 -1.559, -0.1004 0.3031 -1.4873, -0.1004 0.1496 -1.1811, -0.1004 0.1496 -0.9055, -0.1004 0.1456 -0.8749, -0.1004 0.5462 0.0591, -0.1004 0.5274 0.0346, -0.1004 0.5029 0.0158, -0.1004 0.558 0.0875, -0.1004 0.4745 0.004, -0.1004 0.0315 -0.7874, -0.1004 -0.0315 -0.7874, -0.1004 -0.0621 -0.7914, -0.1004 -0.0906 -0.8032, -0.1004 -0.1456 -0.8749, -0.1004 -0.1496 -0.9055, -0.1004 -0.1496 -1.1811, -0.9035 -0.0315 -0.8268, -0.9035 -0.0621 -0.8227, -0.9035 -0.189 -1.1024, -0.9035 -0.2195 -1.0983, -0.9035 -0.0906 -0.8109, -0.9035 -0.248 -1.0865, -0.9035 -0.3031 -1.0148, -0.9035 -0.2913 -1.0433, -0.9035 -0.2725 -1.0678, -0.9035 -0.3071 -0.9842, -0.9035 -0.115 -0.7922, -0.9035 -0.1338 -0.7677, -0.9035 -0.562 0.2362, -0.9035 0.3111 -0.0875, -0.9035 0.3229 -0.0591, -0.9035 -0.3946 -0.004, -0.9035 -0.4252 0.0, -0.9035 -0.562 0.1181, -0.9035 -0.4439 0.0, -0.9035 0.3071 -0.1181, -0.9035 0.115 -0.3496, -0.9035 0.1338 -0.374, -0.9035 0.3417 -0.0346, -0.9035 0.3661 -0.0158, -0.9035 0.562 0.2362, -0.9035 -0.3071 -0.1181, -0.9035 -0.1456 -0.4025, -0.9035 -0.3111 -0.0875, -0.9035 -0.1338 -0.374, -0.9035 -0.3229 -0.0591, -0.9035 -0.1456 -0.7392, -0.9035 -0.1496 -0.7087, -0.9035 -0.1496 -0.4331, -0.9035 0.0906 -0.3308, -0.9035 0.0621 -0.319, -0.9035 0.3946 -0.004, -0.9035 0.4252 0.0, -0.9035 0.4439 0.0, -0.9035 -0.5462 0.0591, -0.9035 -0.5274 0.0346, -0.9035 -0.5029 0.0158, -0.9035 -0.115 -0.3496, -0.9035 -0.0906 -0.3308, -0.9035 -0.3417 -0.0346, -0.9035 -0.3661 -0.0158, -0.9035 -0.0621 -0.319, -0.9035 -0.0315 -0.315, -0.9035 0.0315 -0.315, -0.9035 0.1456 -0.4025, -0.9035 0.1496 -0.4331, -0.9035 0.3071 -0.9842, -0.9035 0.1496 -0.7087, -0.9035 0.1456 -0.7392, -0.9035 -0.558 0.0875, -0.9035 -0.4745 0.004, -0.9035 0.0315 -0.8268, -0.9035 0.189 -1.1024, -0.9035 0.0621 -0.8227, -0.9035 0.2195 -1.0983, -0.9035 0.0906 -0.8109, -0.9035 0.248 -1.0865, -0.9035 0.2725 -1.0678, -0.9035 0.1338 -0.7677, -0.9035 0.115 -0.7922, -0.9035 0.3031 -1.0148, -0.9035 0.2913 -1.0433, -0.9035 0.4745 0.004, -0.9035 0.558 0.0875, -0.9035 0.562 0.1181, -0.9035 0.5029 0.0158, -0.9035 0.5274 0.0346, -0.9035 0.5462 0.0591, -1.1004 -0.0621 -0.319, -1.1004 -0.0906 -0.3308, -1.1004 -0.562 0.2362, -1.1004 -0.0906 -0.8109, -1.1004 -0.248 -1.0865, -1.1004 -0.2725 -1.0678, -1.1004 -0.2195 -1.0983, -1.1004 -0.0621 -0.8227, -1.1004 -0.189 -1.1024, -1.1004 -0.0315 -0.8268, -1.1004 0.189 -1.1024, -1.1004 0.3417 -0.0346, -1.1004 0.3229 -0.0591, -1.1004 0.0315 -0.315, -1.1004 0.3111 -0.0875, -1.1004 0.0621 -0.319, -1.1004 0.115 -0.7922, -1.1004 0.1338 -0.7677, -1.1004 0.3071 -0.9842, -1.1004 0.1456 -0.4025, -1.1004 0.1338 -0.374, -1.1004 0.3071 -0.1181, -1.1004 0.115 -0.3496, -1.1004 0.0906 -0.3308, -1.1004 0.3661 -0.0158, -1.1004 0.562 0.2362, -1.1004 -0.0315 -0.315, -1.1004 -0.3946 -0.004, -1.1004 -0.4252 0.0, -1.1004 -0.4439 0.0, -1.1004 -0.562 0.1181, -1.1004 -0.2913 -1.0433, -1.1004 -0.3031 -1.0148, -1.1004 -0.115 -0.7922, -1.1004 -0.3071 -0.9842, -1.1004 -0.1338 -0.7677, -1.1004 -0.1456 -0.7392, -1.1004 0.1456 -0.7392, -1.1004 0.1496 -0.7087, -1.1004 0.1496 -0.4331, -1.1004 -0.3111 -0.0875, -1.1004 -0.3229 -0.0591, -1.1004 -0.3417 -0.0346, -1.1004 -0.3661 -0.0158, -1.1004 0.0315 -0.8268, -1.1004 0.0621 -0.8227, -1.1004 0.2195 -1.0983, -1.1004 0.0906 -0.8109, -1.1004 0.2913 -1.0433, -1.1004 0.2725 -1.0678, -1.1004 0.248 -1.0865, -1.1004 -0.3071 -0.1181, -1.1004 -0.115 -0.3496, -1.1004 -0.1338 -0.374, -1.1004 -0.1456 -0.4025, -1.1004 -0.1496 -0.4331, -1.1004 -0.1496 -0.7087, -1.1004 0.5029 0.0158, -1.1004 0.558 0.0875, -1.1004 0.5274 0.0346, -1.1004 0.5462 0.0591, -1.1004 0.4745 0.004, -1.1004 0.4439 0.0, -1.1004 0.562 0.1181, -1.1004 0.4252 0.0, -1.1004 0.3946 -0.004, -1.1004 0.3031 -1.0148, -1.1004 -0.5029 0.0158, -1.1004 -0.5274 0.0346, -1.1004 -0.5462 0.0591, -1.1004 -0.4745 0.004, -1.1004 -0.558 0.0875, 0.8997 -0.4339 3.4186, 0.9073 -0.4152 3.4193, 0.9381 -0.4293 3.3858, 0.9848 -0.0432 3.4316, 0.9838 -0.0 3.4329, 1.0315 -0.0 3.3858, 0.9513 0.2237 3.4401, 0.9355 0.2753 3.4419, 0.9897 0.2912 3.3858, 0.5292 0.7941 3.464, 0.514 0.8028 3.4646, 0.5568 0.8694 3.3858, 0.2826 0.9021 3.4732, 0.2643 0.9066 3.4738, 0.2892 0.9916 3.3858, -0.0992 0.9279 3.4861, -0.1345 0.9221 3.4873, -0.149 1.0229 3.3858, -0.3748 0.844 3.4961, -0.3852 0.8391 3.4965, -0.4313 0.9401 3.3858, -0.4591 0.7978 3.4995, -0.4983 0.7723 3.5011, -0.5607 0.8694 3.3858, -0.8188 0.3779 3.519, -0.8204 0.3738 3.5191, -0.942 0.4293 3.3858, -0.8884 0.0174 3.5322, -0.8879 0.0 3.5328, -1.0354 0.0 3.3858, -0.8091 -0.3343 3.5452, -0.7956 -0.3624 3.5464, -0.942 -0.4293 3.3858, -0.1228 -0.8318 3.5782, -0.1216 -0.8319 3.5783, -0.149 -1.0229 3.3858, -0.0861 -0.8355 3.5796, -0.0372 -0.8368 3.5814, -0.002 -1.0335 3.3858, -0.2931 -0.9916 3.3858, -0.2401 -0.8111 3.5737, -0.2079 -0.8188 3.575, -0.1471 -0.8294 3.5773, -0.4313 -0.9401 3.3858, -0.355 -0.7731 3.569, -0.3094 -0.7907 3.5709, -0.2942 -0.7954 3.5715, -0.2508 -0.8086 3.5733, -0.4761 -0.7119 3.5639, -0.4639 -0.7188 3.5644, -0.5607 -0.8694 3.3858, -0.4562 -0.7232 3.5648, -0.4222 -0.7424 3.5662, -0.3771 -0.7637 3.5681, -0.3665 -0.7686 3.5686, -0.6787 -0.781 3.3858, -0.5303 -0.6752 3.5615, -0.5169 -0.6853 3.5621, -0.5984 -0.6203 3.5583, -0.5659 -0.6485 3.5598, -0.5647 -0.6494 3.5599, -0.6605 -0.559 3.5552, -0.6556 -0.5647 3.5555, -0.783 -0.6768 3.3858, -0.6547 -0.5656 3.5555, -0.6122 -0.6083 3.5577, -0.7321 -0.4692 3.551, -0.7243 -0.4808 3.5515, -0.8714 -0.5587 3.3858, -0.7171 -0.4903 3.552, -0.6963 -0.5177 3.5532, -0.7896 -0.3751 3.5469, -0.7668 -0.415 3.5486, -0.7588 -0.4291 3.5492, -0.8436 -0.2471 3.5418, -0.8429 -0.2494 3.5418, -0.9936 -0.2912 3.3858, -0.8395 -0.2603 3.5423, -0.8165 -0.3188 3.5446, -0.8746 -0.1255 3.5372, -0.8706 -0.1486 3.538, -1.0249 -0.1471 3.3858, -0.8675 -0.1614 3.5385, -0.8558 -0.2089 3.5403, -0.8873 -0.0252 3.5336, -0.8826 -0.072 3.5353, -0.8811 -0.0873 3.5358, -0.8833 0.1267 3.5283, -0.8852 0.1078 3.529, -1.0249 0.1471 3.3858, -0.8872 0.0878 3.5297, -0.889 0.0377 3.5315, -0.8607 0.2522 3.5238, -0.8703 0.2127 3.5252, -0.9936 0.2912 3.3858, -0.8727 0.199 3.5257, -0.881 0.1505 3.5275, -0.8359 0.3349 3.5206, -0.8504 0.2895 3.5224, -0.8553 0.2741 3.5229, -0.7628 0.489 3.5145, -0.7778 0.4625 3.5156, -0.8714 0.5587 3.3858, -0.7877 0.445 3.5163, -0.8148 0.3881 3.5186, -0.6889 0.5953 3.51, -0.7217 0.5527 3.5118, -0.783 0.6768 3.3858, -0.7286 0.5423 3.5123, -0.7566 0.4999 3.514, -0.6787 0.781 3.3858, -0.6003 0.6905 3.5056, -0.6004 0.6904 3.5056, -0.6084 0.6825 3.506, -0.6453 0.6458 3.5077, -0.6718 0.6157 3.5091, -0.6828 0.6033 3.5096, -0.5014 0.7703 3.5012, -0.5372 0.7434 3.5028, -0.5524 0.732 3.5035, -0.3953 0.8344 3.4969, -0.4092 0.8266 3.4974, -0.4473 0.8054 3.499, -0.2631 0.8895 3.4918, -0.278 0.8849 3.4924, -0.2931 0.9916 3.3858, -0.2858 0.8818 3.4927, -0.3375 0.8616 3.4946, -0.1538 0.9189 3.4879, -0.1934 0.9095 3.4893, -0.2167 0.904 3.4901, -0.0019 0.9359 3.4828, -0.0046 0.9359 3.4829, -0.002 1.0335 3.3858, -0.0279 0.9353 3.4837, -0.0915 0.9292 3.4858, 0.1319 0.9307 3.4784, 0.1003 0.9342 3.4795, 0.1451 1.0229 3.3858, 0.0905 0.9346 3.4798, 0.036 0.9369 3.4816, 0.2258 0.9162 3.4752, 0.1867 0.9232 3.4766, 0.1648 0.9271 3.4773, 0.3926 0.8638 3.4692, 0.3764 0.8703 3.4698, 0.4274 0.9401 3.3858, 0.3503 0.8807 3.4708, 0.2886 0.9006 3.473, 0.4697 0.8281 3.4663, 0.4669 0.8295 3.4664, 0.4107 0.8566 3.4685, 0.6311 0.7208 3.4599, 0.626 0.7247 3.4601, 0.6748 0.781 3.3858, 0.583 0.758 3.4618, 0.5519 0.7788 3.4631, 0.7025 0.655 3.4568, 0.6828 0.6751 3.4577, 0.7791 0.6768 3.3858, 0.6342 0.7184 3.4597, 0.7685 0.582 3.4536, 0.7288 0.6283 3.4556, 0.7262 0.6309 3.4557, 0.8269 0.5008 3.4503, 0.8124 0.5233 3.4512, 0.8675 0.5587 3.3858, 0.8104 0.5264 3.4513, 0.7711 0.579 3.4535, 0.8826 0.404 3.4466, 0.8781 0.4135 3.4469, 0.9381 0.4293 3.3858, 0.878 0.4137 3.4469, 0.846 0.4713 3.4491, 0.9324 0.2855 3.4423, 0.919 0.3203 3.4435, 0.9062 0.3536 3.4447, 0.972 0.1246 3.4369, 0.9696 0.1397 3.4373, 1.021 0.1471 3.3858, 0.9664 0.1589 3.438, 0.9516 0.2228 3.4401, 0.9832 0.025 3.4337, 0.9832 0.0277 3.4338, 0.977 0.0938 3.4359, 0.9744 -0.1751 3.4274, 0.9782 -0.1409 3.4285, 1.021 -0.1471 3.3858, 0.9818 -0.1092 3.4295, 0.9834 -0.0749 3.4306, 0.9526 -0.2803 3.4239, 0.9534 -0.2771 3.424, 0.9897 -0.2912 3.3858, 0.9625 -0.2406 3.4253, 0.9742 -0.1761 3.4274, 0.9228 -0.3766 3.4206, 0.9245 -0.3723 3.4208, 0.9462 -0.3057 3.4231, 0.8379 -0.5519 3.4143, 0.843 -0.543 3.4147, 0.8675 -0.5587 3.3858, 0.8709 -0.4938 3.4165, 0.8812 -0.4724 3.4172, 0.7592 -0.6595 3.4122, 0.7957 -0.6144 3.4122, 0.7791 -0.6768 3.3858, 0.8009 -0.608 3.4122, 0.8303 -0.5634 3.4139, 0.6748 -0.781 3.3858, 0.6576 -0.7611 3.4122, 0.7271 -0.6916 3.4122, 0.5568 -0.8694 3.3858, 0.5707 -0.8261 3.4122, 0.6541 -0.7637 3.4122, 0.4274 -0.9401 3.3858, 0.4164 -0.9161 3.4122, 0.4811 -0.8808 3.4122, 0.5004 -0.8702 3.4122, 0.5425 -0.8472 3.4122, 0.2892 -0.9916 3.3858, 0.2869 -0.9644 3.4122, 0.3862 -0.9273 3.4122, 0.1451 -1.0229 3.3858, 0.1842 -0.9875 3.4122, 0.2818 -0.9663 3.4122, 0.1359 -0.9976 3.4122, 0.1414 -0.9968 3.4122, 0.1886 -0.9824 3.4186, 0.1171 -0.8281 3.5827, 0.2503 -0.9602 3.4265, 0.2338 -0.8027 3.5827, -0.0247 -0.8371 3.5819, -0.002 -0.8366 3.5827, 0.1149 -0.8283 3.5827, 0.1412 -0.9961 3.4129, 0.1885 -0.9824 3.4186, 0.359 -0.9091 3.4412, 0.3006 -0.9386 3.4331, 0.2443 -0.7988 3.5827, 0.2868 -0.9445 3.4313, 0.2766 -0.9489 3.43, 0.3673 -0.7491 3.5827, 0.4153 -0.8757 3.4493, 0.3456 -0.761 3.5827, 0.4016 -0.8838 3.4473, 0.3798 -0.8968 3.4442, 0.5213 -0.7972 3.4657, 0.514 -0.803 3.4646, 0.4504 -0.7038 3.5827, 0.4694 -0.8384 3.4575, 0.4663 -0.8406 3.457, 0.6138 -0.7063 3.4817, 0.6119 -0.7085 3.4814, 0.5459 -0.6323 3.5827, 0.5962 -0.7261 3.4785, 0.481 -0.6809 3.5827, 0.5496 -0.7721 3.4704, 0.5446 -0.7766 3.4696, 0.6397 -0.6771 3.4865, 0.5825 -0.5956 3.5827, 0.6745 -0.6319 3.4934, 0.6792 -0.6258 3.4943, 0.6303 -0.5479 3.5827, 0.6929 -0.605 3.4974, 0.6695 -0.4956 3.5827, 0.7146 -0.5722 3.5023, 0.6941 -0.6032 3.4977, 0.7019 -0.4523 3.5827, 0.7385 -0.5304 3.5085, 0.7264 -0.5515 3.5054, 0.7694 -0.4659 3.5179, 0.766 -0.4745 3.5166, 0.7588 -0.489 3.5145, 0.7894 -0.4168 3.5249, 0.7396 -0.3831 3.5827, 0.8025 -0.3766 3.5306, 0.7591 -0.3475 3.5827, 0.8051 -0.3686 3.5318, 0.7913 -0.261 3.5827, 0.8238 -0.2963 3.542, 0.8087 -0.3574 3.5334, 0.8389 -0.1938 3.5562, 0.8329 -0.2451 3.5491, 0.8008 -0.2357 3.5827, 0.8324 -0.249 3.5486, 0.8258 -0.2854 3.5435, 0.8261 -0.1191 3.5827, 0.8423 -0.1214 3.5662, 0.8233 -0.1323 3.5827, 0.8424 -0.1251 3.5657, 0.8396 -0.1872 3.5571, 0.8347 -0.0 3.5827, 0.8362 -0.0159 3.5805, 0.8408 -0.0626 3.5742, 0.8419 -0.1035 3.5686, 0.8997 0.4339 3.8255, 0.9073 0.4152 3.8248, 0.9381 0.4293 3.8583, 0.9848 0.0432 3.8125, 0.9838 0.0 3.8112, 1.0315 0.0 3.8583, 0.948 -0.2346 3.8036, 0.9355 -0.2753 3.8022, 0.9897 -0.2912 3.8583, 0.6342 -0.7184 3.7844, 0.626 -0.7247 3.784, 0.6748 -0.781 3.8583, 0.4107 -0.8566 3.7756, 0.3926 -0.8638 3.7749, 0.4274 -0.9401 3.8583, 0.163 -0.9273 3.7667, 0.1319 -0.9307 3.7657, 0.1451 -1.0229 3.8583, -0.2211 -0.9026 3.7538, -0.2631 -0.8895 3.7523, -0.2931 -0.9916 3.8583, -0.8765 0.114 3.7073, -0.8746 0.1255 3.7069, -1.0249 0.1471 3.8583, -0.1471 0.8294 3.6668, -0.1216 0.8319 3.6658, -0.149 1.0229 3.8583, 0.1359 0.9976 3.8319, 0.1149 0.8283 3.6614, 0.1412 0.9961 3.8312, 0.1171 0.8281 3.6614, 0.1873 0.9827 3.8256, 0.1451 1.0229 3.8583, -0.002 1.0335 3.8583, -0.002 0.8366 3.6614, 0.2338 0.8027 3.6614, 0.2503 0.9602 3.8176, 0.1885 0.9824 3.8255, 0.359 0.9091 3.8029, 0.3006 0.9386 3.811, 0.2443 0.7988 3.6614, 0.2845 0.9455 3.8131, 0.2766 0.9489 3.8141, 0.3673 0.7491 3.6614, 0.4153 0.8757 3.7948, 0.3456 0.761 3.6614, 0.4016 0.8838 3.7968, 0.3765 0.8987 3.8004, 0.4504 0.7038 3.6614, 0.4694 0.8384 3.7866, 0.4621 0.8434 3.7877, 0.54 0.7806 3.7753, 0.5213 0.7972 3.7784, 0.514 0.803 3.7795, 0.5496 0.7721 3.7737, 0.481 0.6809 3.6614, 0.5962 0.7261 3.7656, 0.5459 0.6323 3.6614, 0.6091 0.7116 3.7632, 0.6929 0.605 3.7467, 0.6792 0.6258 3.7498, 0.6303 0.5479 3.6614, 0.5825 0.5956 3.6614, 0.6695 0.6384 3.7517, 0.6397 0.6771 3.7576, 0.6119 0.7085 3.7627, 0.7218 0.5596 3.7399, 0.7146 0.5722 3.7418, 0.6941 0.6032 3.7464, 0.7385 0.5304 3.7356, 0.6695 0.4956 3.6614, 0.7588 0.489 3.7296, 0.7019 0.4523 3.6614, 0.766 0.4745 3.7275, 0.7396 0.3831 3.6614, 0.7894 0.4168 3.7192, 0.7989 0.3876 3.715, 0.7591 0.3475 3.6614, 0.8051 0.3686 3.7123, 0.7913 0.261 3.6614, 0.8235 0.2977 3.7023, 0.8087 0.3574 3.7107, 0.8373 0.2071 3.6897, 0.8329 0.2451 3.695, 0.8008 0.2357 3.6614, 0.8324 0.249 3.6955, 0.8238 0.2963 3.7021, 0.8261 0.1191 3.6614, 0.8423 0.1214 3.6779, 0.8233 0.1323 3.6614, 0.8424 0.1251 3.6784, 0.8396 0.1872 3.687, 0.8347 0.0 3.6614, 0.8377 0.0306 3.6656, 0.8408 0.0626 3.6699, 0.8422 0.1177 3.6774, -0.0861 0.8355 3.6645, -0.0688 0.8359 3.6639, -0.0247 0.8371 3.6622, -0.1558 0.8279 3.6671, -0.2931 0.9916 3.8583, -0.2079 0.8188 3.6691, -0.3665 0.7686 3.6755, -0.355 0.7731 3.6751, -0.4313 0.9401 3.8583, -0.3283 0.7834 3.674, -0.3094 0.7907 3.6732, -0.2508 0.8086 3.6708, -0.2429 0.8105 3.6705, -0.2401 0.8111 3.6704, -0.4108 0.7477 3.6774, -0.5607 0.8694 3.8583, -0.4222 0.7424 3.6779, -0.489 0.7035 3.6808, -0.4761 0.7119 3.6802, -0.4639 0.7188 3.6797, -0.5659 0.6485 3.6843, -0.5647 0.6494 3.6842, -0.6787 0.781 3.8583, -0.5616 0.6518 3.6841, -0.5169 0.6853 3.682, -0.783 0.6768 3.8583, -0.6273 0.5931 3.6872, -0.6122 0.6083 3.6864, -0.6877 0.5275 3.6904, -0.6556 0.5647 3.6886, -0.6547 0.5656 3.6886, -0.7418 0.4547 3.6937, -0.7321 0.4692 3.6931, -0.8714 0.5587 3.8583, -0.7243 0.4808 3.6926, -0.6963 0.5177 3.6909, -0.942 0.4293 3.8583, -0.7956 0.3624 3.6977, -0.7896 0.3751 3.6972, -0.7588 0.4291 3.6949, -0.8436 0.2471 3.7023, -0.8395 0.2603 3.7018, -0.9936 0.2912 3.8583, -0.8271 0.2917 3.7006, -0.8165 0.3188 3.6995, -0.8706 0.1486 3.7061, -0.857 0.2041 3.704, -0.8558 0.2089 3.7038, -0.8879 -0.0 3.7113, -0.8873 0.0234 3.7105, -1.0354 -0.0 3.8583, -0.8873 0.0252 3.7105, -0.8811 0.0873 3.7083, -0.8833 -0.1267 3.7158, -0.8872 -0.0878 3.7144, -1.0249 -0.1471 3.8583, -0.8879 -0.0674 3.7137, -0.889 -0.0377 3.7126, -0.9936 -0.2912 3.8583, -0.8607 -0.2522 3.7203, -0.8608 -0.2517 3.7203, -0.8703 -0.2127 3.7189, -0.8794 -0.1596 3.7169, -0.881 -0.1505 3.7166, -0.8204 -0.3738 3.725, -0.8329 -0.3423 3.7238, -0.942 -0.4293 3.8583, -0.8359 -0.3349 3.7235, -0.8553 -0.2741 3.7212, -0.7628 -0.489 3.7296, -0.7877 -0.445 3.7278, -0.8714 -0.5587 3.8583, -0.795 -0.4296 3.7272, -0.8148 -0.3881 3.7255, -0.783 -0.6768 3.8583, -0.6889 -0.5953 3.7341, -0.6936 -0.5893 3.7339, -0.7217 -0.5527 3.7323, -0.7484 -0.5124 3.7306, -0.7566 -0.4999 3.7301, -0.6319 -0.6591 3.737, -0.6453 -0.6458 3.7364, -0.6828 -0.6033 3.7345, -0.4858 -0.7804 3.7435, -0.4983 -0.7723 3.743, -0.5607 -0.8694 3.8583, -0.5014 -0.7703 3.7429, -0.6787 -0.781 3.8583, -0.5524 -0.732 3.7406, -0.5626 -0.7231 3.7402, -0.6003 -0.6905 3.7385, -0.6004 -0.6904 3.7385, -0.4313 -0.9401 3.8583, -0.3852 -0.8391 3.7476, -0.3953 -0.8344 3.7472, -0.4025 -0.8303 3.7469, -0.4092 -0.8266 3.7467, -0.4473 -0.8054 3.7451, -0.278 -0.8849 3.7517, -0.3137 -0.8709 3.7504, -0.3375 -0.8616 3.7495, -0.126 -0.9235 3.7571, -0.1345 -0.9221 3.7568, -0.149 -1.0229 3.8583, -0.1538 -0.9189 3.7562, -0.2167 -0.904 3.754, -0.0019 -0.9359 3.7613, -0.0279 -0.9353 3.7604, -0.002 -1.0335 3.8583, -0.0302 -0.935 3.7603, -0.0915 -0.9292 3.7583, 0.1003 -0.9342 3.7646, 0.0657 -0.9357 3.7635, 0.036 -0.9369 3.7625, 0.2643 -0.9066 3.7703, 0.2602 -0.9077 3.7701, 0.2892 -0.9916 3.8583, 0.2258 -0.9162 3.7689, 0.1648 -0.9271 3.7668, 0.3559 -0.8785 3.7735, 0.3503 -0.8807 3.7733, 0.2886 -0.9006 3.7711, 0.5292 -0.7941 3.7801, 0.514 -0.8028 3.7795, 0.5568 -0.8694 3.8583, 0.4697 -0.8281 3.7778, 0.4481 -0.8385 3.777, 0.6168 -0.7319 3.7837, 0.583 -0.758 3.7823, 0.5357 -0.7897 3.7804, 0.6828 -0.6751 3.7864, 0.7791 -0.6768 3.8583, 0.6908 -0.667 3.7868, 0.7581 -0.5941 3.79, 0.7288 -0.6283 3.7885, 0.7262 -0.6309 3.7884, 0.8188 -0.5133 3.7933, 0.8124 -0.5233 3.7929, 0.8675 -0.5587 3.8583, 0.8104 -0.5264 3.7928, 0.7711 -0.579 3.7906, 0.8826 -0.404 3.7975, 0.878 -0.4137 3.7972, 0.9381 -0.4293 3.8583, 0.8714 -0.4256 3.7967, 0.846 -0.4713 3.795, 0.9324 -0.2855 3.8018, 0.9145 -0.3321 3.8002, 0.9062 -0.3536 3.7994, 0.9704 -0.1344 3.8069, 0.9696 -0.1397 3.8068, 1.021 -0.1471 3.8583, 0.9664 -0.1589 3.8061, 0.9516 -0.2228 3.804, 0.9832 -0.0277 3.8103, 0.9826 -0.0335 3.8101, 0.977 -0.0938 3.8082, 0.975 0.1698 3.8165, 0.9782 0.1409 3.8156, 1.021 0.1471 3.8583, 0.9818 0.1092 3.8146, 0.9837 0.0674 3.8133, 0.9526 0.2803 3.8202, 0.9546 0.2722 3.8199, 0.9897 0.2912 3.8583, 0.9625 0.2406 3.8188, 0.9744 0.1751 3.8167, 0.9243 0.373 3.8233, 0.9245 0.3723 3.8233, 0.9462 0.3057 3.821, 0.8379 0.5519 3.8298, 0.843 0.543 3.8294, 0.8675 0.5587 3.8583, 0.8709 0.4938 3.8276, 0.8823 0.4701 3.8268, 0.7592 0.6595 3.8319, 0.7957 0.6144 3.8319, 0.7791 0.6768 3.8583, 0.8009 0.608 3.8319, 0.831 0.5624 3.8302, 0.6748 0.781 3.8583, 0.5568 0.8694 3.8583, 0.5707 0.8261 3.8319, 0.6541 0.7637 3.8319, 0.6576 0.7611 3.8319, 0.7271 0.6916 3.8319, 0.4274 0.9401 3.8583, 0.4164 0.9161 3.8319, 0.4811 0.8808 3.8319, 0.5004 0.8702 3.8319, 0.5425 0.8472 3.8319, 0.2892 0.9916 3.8583, 0.2869 0.9644 3.8319, 0.3862 0.9273 3.8319, 0.1414 0.9968 3.8319, 0.1842 0.9875 3.8319, 0.2818 0.9663 3.8319, -1.3285 -0.1099 3.3858, -1.0523 0.8175 3.3858, -0.9812 0.9015 3.3858, -1.1726 0.6335 3.3858, -1.1163 0.728 3.3858, -1.333 0.0 3.3858, -1.3285 0.1099 3.3858, -1.3148 0.2191 3.3858, -1.1726 -0.6335 3.3858, 0.4302 -1.2589 3.3858, 0.3248 -1.2903 3.3858, 1.0484 -0.8175 3.3858, 0.9773 -0.9015 3.3858, -0.9034 0.9793 3.3858, -0.8195 1.0504 3.3858, -1.2209 -0.5347 3.3858, -1.2609 -0.4322 3.3858, -1.2923 -0.3268 3.3858, -1.3148 -0.2191 3.3858, -0.1119 -1.3265 3.3858, -0.221 -1.3129 3.3858, 0.6316 -1.1706 3.3858, 0.5327 -1.2189 3.3858, 1.1687 -0.6335 3.3858, 1.1124 -0.728 3.3858, 1.1687 0.6335 3.3858, 0.8156 1.0504 3.3858, 0.8995 0.9793 3.3858, -0.4341 1.2589 3.3858, -0.3287 1.2903 3.3858, -0.73 1.1143 3.3858, -0.6355 1.1706 3.3858, -0.5366 1.2189 3.3858, -1.2923 0.3268 3.3858, -1.2609 0.4322 3.3858, -1.2209 0.5347 3.3858, -1.0523 -0.8175 3.3858, -1.1163 -0.728 3.3858, -0.8195 -1.0504 3.3858, -0.9034 -0.9793 3.3858, -0.9812 -0.9015 3.3858, -0.6355 -1.1706 3.3858, -0.73 -1.1143 3.3858, -0.3287 -1.2903 3.3858, -0.4341 -1.2589 3.3858, -0.5366 -1.2189 3.3858, 1.257 -0.4322 3.3858, 1.217 -0.5347 3.3858, 1.217 0.5347 3.3858, 1.257 0.4322 3.3858, 1.2884 0.3268 3.3858, 0.9773 0.9015 3.3858, 1.0484 0.8175 3.3858, 1.1124 0.728 3.3858, 0.6316 1.1706 3.3858, 0.7261 1.1143 3.3858, 0.2171 -1.3129 3.3858, 0.108 -1.3265 3.3858, -0.002 -1.3311 3.3858, 0.8995 -0.9793 3.3858, 0.8156 -1.0504 3.3858, 0.7261 -1.1143 3.3858, 1.3246 -0.1099 3.3858, 1.3109 -0.2191 3.3858, 1.2884 -0.3268 3.3858, 0.108 1.3265 3.3858, 0.2171 1.3129 3.3858, 1.3109 0.2191 3.3858, 1.3246 0.1099 3.3858, 1.3291 -0.0 3.3858, 0.3248 1.2903 3.3858, 0.4302 1.2589 3.3858, 0.5327 1.2189 3.3858, -0.221 1.3129 3.3858, -0.1119 1.3265 3.3858, -0.002 1.3311 3.3858, 1.3246 -0.1099 3.8583, 1.257 -0.4322 3.8583, 1.2884 -0.3268 3.8583, 1.3109 -0.2191 3.8583, 0.4302 -1.2589 3.8583, 1.0484 0.8175 3.8583, 0.9773 0.9015 3.8583, 1.1687 -0.6335 3.8583, 1.217 -0.5347 3.8583, 0.108 -1.3265 3.8583, 0.2171 -1.3129 3.8583, 0.3248 -1.2903 3.8583, -0.6355 -1.1706 3.8583, -0.8195 -1.0504 3.8583, -0.73 -1.1143 3.8583, -1.0523 -0.8175 3.8583, -0.9812 -0.9015 3.8583, -0.9034 -0.9793 3.8583, 1.0484 -0.8175 3.8583, 1.1124 -0.728 3.8583, 0.8156 -1.0504 3.8583, 0.8995 -0.9793 3.8583, 0.9773 -0.9015 3.8583, -1.1726 -0.6335 3.8583, -1.1163 -0.728 3.8583, -1.2609 -0.4322 3.8583, -1.2209 -0.5347 3.8583, -1.3285 -0.1099 3.8583, -1.3148 -0.2191 3.8583, -1.2923 -0.3268 3.8583, -1.2609 0.4322 3.8583, -1.2923 0.3268 3.8583, -1.1726 0.6335 3.8583, -1.2209 0.5347 3.8583, 1.3291 0.0 3.8583, 1.3246 0.1099 3.8583, 1.3109 0.2191 3.8583, 0.5327 -1.2189 3.8583, 0.6316 -1.1706 3.8583, 0.7261 -1.1143 3.8583, -0.1119 -1.3265 3.8583, -0.002 -1.3311 3.8583, -0.5366 -1.2189 3.8583, -0.4341 -1.2589 3.8583, -0.3287 -1.2903 3.8583, -0.221 -1.3129 3.8583, -1.3148 0.2191 3.8583, -1.3285 0.1099 3.8583, -1.333 0.0 3.8583, -1.0523 0.8175 3.8583, -1.1163 0.728 3.8583, 1.1687 0.6335 3.8583, 1.1124 0.728 3.8583, 1.2884 0.3268 3.8583, 1.257 0.4322 3.8583, 1.217 0.5347 3.8583, -0.8195 1.0504 3.8583, -0.9034 0.9793 3.8583, -0.9812 0.9015 3.8583, -0.6355 1.1706 3.8583, -0.73 1.1143 3.8583, -0.4341 1.2589 3.8583, -0.5366 1.2189 3.8583, -0.1119 1.3265 3.8583, -0.221 1.3129 3.8583, -0.3287 1.2903 3.8583, 0.108 1.3265 3.8583, -0.002 1.3311 3.8583, 0.4302 1.2589 3.8583, 0.3248 1.2903 3.8583, 0.2171 1.3129 3.8583, 0.6316 1.1706 3.8583, 0.5327 1.2189 3.8583, 0.8995 0.9793 3.8583, 0.8156 1.0504 3.8583, 0.7261 1.1143 3.8583, 0.9114 1.1739 3.7964, 0.9337 1.1353 3.806, 0.9336 1.1354 3.4381, 1.4494 0.2422 3.4383, 1.4491 0.2427 3.4381, 1.4491 0.2425 3.806, 0.9763 1.0615 3.8199, 1.0257 0.976 3.8313, 0.9759 1.0622 3.4244, 0.9115 1.1738 3.4474, 0.9006 1.1926 3.452, 0.8426 1.2931 3.7584, 0.9348 1.1333 3.8065, 0.9759 1.0622 3.8197, 0.9338 1.1351 3.438, 0.9682 1.0755 3.4266, 0.8687 1.2479 3.4686, 0.8539 1.2735 3.478, 0.8427 1.293 3.4852, 0.838 1.3011 3.4882, 0.8086 1.3519 3.5111, 0.8224 1.3282 3.7442, 0.7936 1.378 3.5246, 0.7936 1.378 3.7195, 1.4822 0.1854 3.7921, 1.5141 0.13 3.7755, 1.5291 0.104 3.478, 1.5166 0.1258 3.7739, 1.5288 0.1045 3.7661, 1.5258 0.1098 3.4756, 1.5166 0.1257 3.4706, 1.4494 0.2422 3.8059, 0.8537 1.2739 3.7661, 0.857 1.2681 3.7685, 0.8944 1.2033 3.7892, 1.4025 0.3234 3.821, 1.3863 0.3513 3.4196, 1.3863 0.3513 3.8246, 1.3571 0.402 3.4128, 1.354 0.4073 3.8319, 1.3261 0.4557 3.4082, 1.3261 0.4557 3.836, 1.32 0.4662 3.4073, 1.3208 0.4648 3.8368, 1.299 0.5026 3.4042, 1.3036 0.4947 3.8394, 1.2677 0.5568 3.4018, 1.2677 0.5568 3.8424, 1.4479 0.2446 3.4376, 1.4065 0.3165 3.4242, 1.449 0.2428 3.8061, 1.4146 0.3024 3.8175, 1.5448 0.0769 3.7559, 1.5742 0.026 3.733, 1.5604 0.0498 3.4999, 1.5892 -0.0 3.7195, 1.5892 -0.0 3.5246, 1.4884 0.1746 3.4549, 1.2512 0.5854 3.8438, 1.2418 0.6017 3.3998, 1.2104 0.6561 3.8451, 1.2104 0.6561 3.3991, 1.1969 0.6794 3.8455, 1.1859 0.6985 3.3986, 1.1534 0.7549 3.8446, 1.1534 0.7549 3.3996, 1.141 0.7762 3.8443, 1.1316 0.7925 3.4003, 1.0958 0.8545 3.8408, 1.0958 0.8546 3.4033, 1.0792 0.8833 3.4047, 1.0838 0.8754 3.8399, 1.062 0.9132 3.4073, 1.0628 0.9117 3.8368, 1.0369 0.9565 3.411, 1.0369 0.9566 3.833, 1.0288 0.9706 3.4122, 0.9803 1.0546 3.4231, 0.6026 1.378 3.458, 0.7439 1.378 3.7409, 0.6613 1.378 3.4739, 0.6732 1.378 3.478, -0.6065 1.378 3.7861, -0.7478 1.378 3.5032, -0.6652 1.378 3.7702, -0.6771 1.378 3.7661, 0.6025 1.378 3.7864, 0.6079 1.378 3.7852, 0.5131 1.378 3.4382, 0.6713 1.378 3.7671, 0.5873 1.378 3.4538, 0.6738 1.378 3.7662, 0.7321 1.378 3.7458, -0.2648 1.378 3.8369, -0.2321 1.378 3.8385, -0.2615 1.378 3.4073, -0.6064 1.378 3.4577, -0.6118 1.378 3.4589, -0.517 1.378 3.8059, -0.6752 1.378 3.477, -0.5912 1.378 3.7903, -0.6777 1.378 3.4779, -0.736 1.378 3.4983, 0.7842 1.378 3.7239, 0.7439 1.378 3.5034, 0.73 1.378 3.4975, 0.2609 1.378 3.4072, 0.2282 1.378 3.4056, 0.2576 1.378 3.8368, -0.7975 1.378 3.5246, -0.7975 1.378 3.7195, -0.7881 1.378 3.5202, -0.7478 1.378 3.7407, -0.7339 1.378 3.7466, 0.1123 1.378 3.4005, -0.002 1.378 3.3986, -0.002 1.378 3.8455, -0.1162 1.378 3.8436, -0.1024 1.378 3.3998, -0.1162 1.378 3.4003, -0.142 1.378 3.8432, -0.1997 1.378 3.4033, -0.232 1.378 3.4054, -0.5457 1.378 3.4437, -0.5112 1.378 3.8072, -0.516 1.378 3.4382, -0.475 1.378 3.8134, -0.475 1.378 3.4308, -0.382 1.378 3.8262, -0.471 1.378 3.43, -0.3511 1.378 3.829, -0.3839 1.378 3.4181, 0.0985 1.378 3.8443, 0.1123 1.378 3.8438, 0.1381 1.378 3.4009, 0.1958 1.378 3.8408, 0.2281 1.378 3.8387, -0.2672 1.378 3.8367, -0.2935 1.378 3.4093, -0.3511 1.378 3.4149, 0.5418 1.378 3.8004, 0.5073 1.378 3.4369, 0.5121 1.378 3.8059, 0.4711 1.378 3.4307, 0.4711 1.378 3.8133, 0.3781 1.378 3.4179, 0.4671 1.378 3.8141, 0.3472 1.378 3.4151, 0.38 1.378 3.826, 0.2633 1.378 3.4074, 0.2896 1.378 3.8348, 0.3472 1.378 3.8292, -0.9802 1.0615 3.4242, -1.0296 0.976 3.4128, -0.9798 1.0622 3.8197, -0.9842 1.0546 3.821, -0.9721 1.0755 3.8175, -0.9377 1.1351 3.8061, -0.9798 1.0622 3.4244, -0.9375 1.1354 3.806, -0.9387 1.1333 3.4376, -1.5205 0.1258 3.4702, -1.5327 0.1045 3.478, -1.533 0.104 3.7661, -1.5297 0.1098 3.7685, -1.5205 0.1257 3.7735, -1.4861 0.1854 3.452, -0.9045 1.1926 3.7921, -0.8726 1.2479 3.7755, -0.8465 1.2931 3.4857, -0.8578 1.2735 3.7661, -0.8466 1.293 3.7589, -1.4533 0.2422 3.4382, -1.4533 0.2422 3.8058, -1.453 0.2427 3.806, -1.453 0.2425 3.4381, -1.518 0.13 3.4686, -1.5487 0.0769 3.4882, -1.5781 0.026 3.5111, -1.5643 0.0498 3.7442, -1.5931 -0.0 3.5246, -1.5931 -0.0 3.7195, -0.8419 1.3011 3.7559, -0.8125 1.3519 3.733, -0.8263 1.3282 3.4999, -0.8609 1.2681 3.4756, -0.8983 1.2033 3.4549, -0.9154 1.1738 3.7967, -0.9153 1.1739 3.4477, -0.9376 1.1353 3.4381, -0.8576 1.2739 3.478, -1.4518 0.2446 3.8065, -1.4104 0.3165 3.8199, -1.4529 0.2428 3.438, -1.3902 0.3513 3.8245, -1.4185 0.3024 3.4266, -1.4923 0.1746 3.7892, -1.0327 0.9706 3.8319, -1.0408 0.9566 3.4111, -1.0408 0.9565 3.8331, -1.0667 0.9117 3.4073, -1.0659 0.9132 3.8368, -1.0877 0.8754 3.4042, -1.0831 0.8833 3.8394, -1.0997 0.8545 3.4033, -1.0997 0.8546 3.8408, -1.2716 0.5568 3.8423, -1.3075 0.4947 3.4047, -1.3029 0.5026 3.8399, -1.3247 0.4648 3.4073, -1.3239 0.4662 3.8368, -1.33 0.4557 3.4081, -1.33 0.4557 3.8359, -1.3579 0.4073 3.4122, -1.361 0.402 3.8313, -1.3902 0.3513 3.4195, -1.4064 0.3234 3.4231, -1.1355 0.7925 3.8438, -1.1449 0.7762 3.3998, -1.1573 0.7549 3.8445, -1.1573 0.7549 3.3995, -1.1898 0.6985 3.8455, -1.2008 0.6794 3.3986, -1.2143 0.6561 3.845, -1.2143 0.6561 3.399, -1.2457 0.6017 3.8443, -1.2551 0.5854 3.4003, -1.2716 0.5568 3.4017, -0.9153 -1.1739 3.7964, -0.9376 -1.1353 3.806, -0.9375 -1.1354 3.4381, -0.9802 -1.0615 3.8199, -1.0296 -0.976 3.8313, -0.9798 -1.0622 3.4244, -1.5205 -0.1258 3.7739, -1.5327 -0.1045 3.7661, -1.533 -0.104 3.478, -1.5297 -0.1098 3.4756, -1.5205 -0.1257 3.4706, -1.4861 -0.1854 3.7921, -0.9842 -1.0546 3.4231, -0.9387 -1.1333 3.8065, -0.9798 -1.0622 3.8197, -0.9377 -1.1351 3.438, -0.9721 -1.0755 3.4266, -0.9154 -1.1738 3.4474, -0.9045 -1.1926 3.452, -0.8465 -1.2931 3.7584, -1.4533 -0.2422 3.8059, -1.4533 -0.2422 3.4383, -1.453 -0.2427 3.4381, -1.453 -0.2425 3.806, -0.8726 -1.2479 3.4686, -0.8578 -1.2735 3.478, -0.8466 -1.293 3.4852, -1.518 -0.13 3.7755, -1.5487 -0.0769 3.7559, -1.5781 -0.026 3.733, -1.5643 -0.0498 3.4999, -0.8419 -1.3011 3.4882, -0.8125 -1.3519 3.5111, -0.8263 -1.3282 3.7442, -0.7975 -1.378 3.5246, -0.7975 -1.378 3.7195, -1.4923 -0.1746 3.4549, -1.4518 -0.2446 3.4376, -1.4104 -0.3165 3.4242, -1.4529 -0.2428 3.8061, -1.3902 -0.3513 3.4196, -1.4185 -0.3024 3.8175, -0.8576 -1.2739 3.7661, -0.8609 -1.2681 3.7685, -0.8983 -1.2033 3.7892, -1.0327 -0.9706 3.4122, -1.0408 -0.9566 3.833, -1.0408 -0.9565 3.411, -1.0667 -0.9117 3.8368, -1.0659 -0.9132 3.4073, -1.0877 -0.8754 3.8399, -1.0831 -0.8833 3.4047, -1.0997 -0.8545 3.8408, -1.0997 -0.8546 3.4033, -1.2716 -0.5568 3.4018, -1.3075 -0.4947 3.8394, -1.3029 -0.5026 3.4042, -1.3247 -0.4648 3.8368, -1.3239 -0.4662 3.4073, -1.33 -0.4557 3.836, -1.33 -0.4557 3.4082, -1.3579 -0.4073 3.8319, -1.361 -0.402 3.4128, -1.3902 -0.3513 3.8246, -1.4064 -0.3234 3.821, -1.1355 -0.7925 3.4003, -1.1449 -0.7762 3.8443, -1.1573 -0.7549 3.3996, -1.1573 -0.7549 3.8446, -1.1898 -0.6985 3.3986, -1.2008 -0.6794 3.8455, -1.2143 -0.6561 3.3991, -1.2143 -0.6561 3.8451, -1.2457 -0.6017 3.3998, -1.2551 -0.5854 3.8438, -1.2716 -0.5568 3.8424, 0.6026 -1.378 3.7861, 0.5873 -1.378 3.7903, 0.6738 -1.378 3.4779, -0.6065 -1.378 3.458, -0.5912 -1.378 3.4538, -0.6777 -1.378 3.7662, 0.6713 -1.378 3.477, 0.5131 -1.378 3.8059, 0.6079 -1.378 3.4589, 0.7936 -1.378 3.5246, 0.7936 -1.378 3.7195, 0.7842 -1.378 3.5202, 0.7439 -1.378 3.7407, 0.7439 -1.378 3.5032, 0.73 -1.378 3.7466, 0.6732 -1.378 3.7661, 0.7321 -1.378 3.4983, 0.6613 -1.378 3.7702, -0.6752 -1.378 3.7671, -0.517 -1.378 3.4382, -0.6118 -1.378 3.7852, -0.7881 -1.378 3.7239, -0.7478 -1.378 3.5034, -0.7478 -1.378 3.7409, -0.7339 -1.378 3.4975, -0.6771 -1.378 3.478, -0.736 -1.378 3.7458, -0.6652 -1.378 3.4739, -0.1997 -1.378 3.8408, -0.232 -1.378 3.8387, -0.2648 -1.378 3.4072, -0.2321 -1.378 3.4056, -0.142 -1.378 3.4009, -0.1162 -1.378 3.8438, -0.1162 -1.378 3.4005, -0.1024 -1.378 3.8443, -0.002 -1.378 3.8455, -0.002 -1.378 3.3986, 0.1123 -1.378 3.8436, 0.0985 -1.378 3.3998, 0.1123 -1.378 3.4003, 0.1381 -1.378 3.8432, 0.1958 -1.378 3.4033, 0.2282 -1.378 3.8385, -0.3511 -1.378 3.4151, -0.471 -1.378 3.8141, -0.382 -1.378 3.4179, -0.475 -1.378 3.8133, -0.475 -1.378 3.4307, -0.516 -1.378 3.8059, -0.5112 -1.378 3.4369, -0.5457 -1.378 3.8004, -0.6064 -1.378 3.7864, -0.2615 -1.378 3.8368, -0.2935 -1.378 3.8348, -0.2672 -1.378 3.4074, -0.3511 -1.378 3.8292, -0.3839 -1.378 3.826, 0.3472 -1.378 3.829, 0.4671 -1.378 3.43, 0.3781 -1.378 3.8262, 0.4711 -1.378 3.4308, 0.4711 -1.378 3.8134, 0.5121 -1.378 3.4382, 0.5073 -1.378 3.8072, 0.5418 -1.378 3.4437, 0.6025 -1.378 3.4577, 0.2281 -1.378 3.4054, 0.2576 -1.378 3.4073, 0.2609 -1.378 3.8369, 0.2896 -1.378 3.4093, 0.2633 -1.378 3.8367, 0.3472 -1.378 3.4149, 0.38 -1.378 3.4181, 0.9114 -1.1739 3.4477, 0.9337 -1.1353 3.4381, 0.9336 -1.1354 3.806, 0.9763 -1.0615 3.4242, 1.0257 -0.976 3.4128, 0.9759 -1.0622 3.8197, 1.4494 -0.2422 3.8058, 1.4491 -0.2427 3.806, 1.4491 -0.2425 3.4381, 0.9115 -1.1738 3.7967, 0.9006 -1.1926 3.7921, 0.8426 -1.2931 3.4857, 0.9348 -1.1333 3.4376, 0.9759 -1.0622 3.4244, 0.9338 -1.1351 3.8061, 0.9682 -1.0755 3.8175, 0.8687 -1.2479 3.7755, 0.8539 -1.2735 3.7661, 0.8427 -1.293 3.7589, 0.838 -1.3011 3.7559, 0.8086 -1.3519 3.733, 0.8224 -1.3282 3.4999, 1.5166 -0.1258 3.4702, 1.5288 -0.1045 3.478, 1.5291 -0.104 3.7661, 0.8537 -1.2739 3.478, 0.857 -1.2681 3.4756, 0.8944 -1.2033 3.4549, 1.4025 -0.3234 3.4231, 1.3863 -0.3513 3.8245, 1.3863 -0.3513 3.4195, 1.3571 -0.402 3.8313, 1.354 -0.4073 3.4122, 1.3261 -0.4557 3.8359, 1.3261 -0.4557 3.4081, 1.32 -0.4662 3.8368, 1.3208 -0.4648 3.4073, 1.299 -0.5026 3.8399, 1.3036 -0.4947 3.4047, 1.2677 -0.5568 3.8423, 1.2677 -0.5568 3.4017, 1.4479 -0.2446 3.8065, 1.4065 -0.3165 3.8199, 1.449 -0.2428 3.438, 1.4146 -0.3024 3.4266, 1.5141 -0.13 3.4686, 1.4494 -0.2422 3.4382, 1.4822 -0.1854 3.452, 1.5448 -0.0769 3.4882, 1.5742 -0.026 3.5111, 1.5604 -0.0498 3.7442, 1.5258 -0.1098 3.7685, 1.5166 -0.1257 3.7735, 1.4884 -0.1746 3.7892, 1.2512 -0.5854 3.4003, 1.2418 -0.6017 3.8443, 1.2104 -0.6561 3.399, 1.2104 -0.6561 3.845, 1.1969 -0.6794 3.3986, 1.1859 -0.6985 3.8455, 1.1534 -0.7549 3.3995, 1.1534 -0.7549 3.8445, 1.141 -0.7762 3.3998, 1.1316 -0.7925 3.8438, 1.0958 -0.8545 3.4033, 1.0958 -0.8546 3.8408, 1.0792 -0.8833 3.8394, 1.0838 -0.8754 3.4042, 1.062 -0.9132 3.8368, 1.0628 -0.9117 3.4073, 1.0369 -0.9565 3.8331, 1.0369 -0.9566 3.4111, 1.0288 -0.9706 3.8319, 0.9803 -1.0546 3.821, 0.7919 0.2612 3.5985, 0.7691 0.3247 3.6027, 0.7405 0.3836 3.6067, 0.7305 0.4042 3.6081, 0.6841 0.4788 3.6134, 0.5056 0.6651 3.6286, 0.5715 0.6092 3.6235, 0.5835 0.5966 3.6225, 0.6307 0.5474 3.6186, 0.6705 0.4963 3.6147, 0.1148 0.8279 3.6546, 0.1891 0.8145 3.65, 0.2443 0.7985 3.6465, 0.2738 0.7899 3.6447, 0.3557 0.7563 3.6392, 0.3677 0.7498 3.6384, 0.4333 0.7145 3.6338, 0.4815 0.6815 3.6303, 0.017 0.8364 3.6603, 0.103 0.83 3.6553, 0.799 0.2415 3.5972, 0.82 0.1561 3.5919, 0.8232 0.1323 3.5905, 0.8317 0.0699 3.5867, 0.8347 -0.0 3.6614, 0.8329 -0.0541 3.6583, 0.8238 -0.1324 3.6536, 0.823 -0.1393 3.6532, 0.7412 -0.384 3.6374, 0.7764 -0.3067 3.6426, 0.7917 -0.2612 3.6456, 0.8041 -0.2239 3.648, 0.5879 -0.5933 3.6219, 0.645 -0.5305 3.6268, 0.6703 -0.4962 3.6294, 0.6961 -0.4612 3.632, 0.7402 -0.3862 3.6373, 0.3798 -0.7444 3.6065, 0.4551 -0.7007 3.6118, 0.4815 -0.6815 3.6138, 0.5248 -0.65 3.617, 0.5838 -0.5969 3.6216, 0.0473 -0.8352 3.5855, 0.1148 -0.8277 3.5895, 0.1325 -0.8257 3.5906, 0.2172 -0.8074 3.5958, 0.2442 -0.7985 3.5976, 0.3001 -0.7802 3.6012, 0.3678 -0.7498 3.6057, 0.7285 1.3498 3.7662, 0.3424 1.36 3.8369, -0.3463 1.36 3.8369, -1.0341 0.9502 3.8369, -1.5367 0.0 3.7662, -0.9056 -1.161 3.806, -0.3463 -1.36 3.8369, 0.3424 -1.36 3.8369, 1.0302 -0.9502 3.8369, 1.5328 0.0 3.7662, 0.9017 1.161 3.806, 0.8375 1.2849 3.7662, 0.8027 1.2317 3.806, 0.8597 1.1071 3.8369, 0.9482 1.0322 3.8369, 1.0302 0.9502 3.8369, 1.358 0.3444 3.8369, 1.3249 0.4555 3.8369, 1.3818 0.2309 3.8369, 1.4643 0.1215 3.806, 1.4492 0.2422 3.806, 1.4693 0.0 3.806, 1.4643 -0.1215 3.806, 1.4492 -0.2422 3.806, 1.3818 -0.2309 3.8369, 1.358 -0.3444 3.8369, 1.3249 -0.4555 3.8369, 0.9482 -1.0322 3.8369, 0.8597 -1.1071 3.8369, 0.8027 -1.2317 3.806, 0.9017 -1.161 3.806, 0.7285 -1.3498 3.7662, 0.8375 -1.2849 3.7662, 0.6983 -1.2939 3.806, 0.589 -1.3473 3.806, 0.4536 -1.3269 3.8369, 0.5616 -1.2847 3.8369, -0.4575 -1.3269 3.8369, -0.5929 -1.3473 3.806, -0.7022 -1.2939 3.806, -0.7324 -1.3498 3.7662, -0.8414 -1.2849 3.7662, -0.8066 -1.2317 3.806, -0.8636 -1.1071 3.8369, -0.9521 -1.0322 3.8369, -1.0341 -0.9502 3.8369, -1.3619 -0.3444 3.8369, -1.3288 -0.4555 3.8369, -1.3857 -0.2309 3.8369, -1.4682 -0.1215 3.806, -1.4531 -0.2422 3.806, -1.4732 0.0 3.806, -1.4682 0.1215 3.806, -1.4531 0.2422 3.806, -1.3857 0.2309 3.8369, -1.3619 0.3444 3.8369, -1.3288 0.4555 3.8369, -0.9521 1.0322 3.8369, -0.8636 1.1071 3.8369, -0.8066 1.2317 3.806, -0.9056 1.161 3.806, -0.7324 1.3498 3.7662, -0.8414 1.2849 3.7662, -0.7022 1.2939 3.806, -0.5929 1.3473 3.806, -0.4575 1.3269 3.8369, -0.5655 1.2847 3.8369, 0.4536 1.3269 3.8369, 0.589 1.3473 3.806, 0.6983 1.2939 3.806, -0.5655 -1.2847 3.8369, -0.6697 -1.2338 3.8369, -0.7693 -1.1745 3.8369, 0.7654 -1.1745 3.8369, 0.6658 -1.2338 3.8369, 1.3962 0.1159 3.8369, 1.401 0.0 3.8369, 1.3962 -0.1159 3.8369, 0.5616 1.2847 3.8369, 0.6658 1.2338 3.8369, 0.7654 1.1745 3.8369, -0.7693 1.1745 3.8369, -0.6697 1.2338 3.8369, -1.4001 -0.1159 3.8369, -1.4049 0.0 3.8369, -1.4001 0.1159 3.8369, 0.9017 -1.161 3.4381, 0.3424 -1.36 3.4072, -0.3463 -1.36 3.4072, -1.0341 -0.9502 3.4072, -1.5367 0.0 3.4779, -0.9056 1.161 3.4381, -0.3463 1.36 3.4072, 0.3424 1.36 3.4072, 1.0302 0.9502 3.4072, 1.5328 -0.0 3.4779, 1.4643 0.1215 3.4381, 1.4492 0.2422 3.4381, 1.4693 -0.0 3.4381, 1.3818 0.2309 3.4072, 1.358 0.3444 3.4072, 1.3249 0.4555 3.4072, 0.9482 1.0322 3.4072, 0.8597 1.1071 3.4072, 0.8027 1.2317 3.4381, 0.9017 1.161 3.4381, 0.7285 1.3498 3.4779, 0.8375 1.2849 3.4779, 0.6983 1.2939 3.4381, 0.589 1.3473 3.4381, 0.4536 1.3269 3.4072, 0.5616 1.2847 3.4072, -0.4575 1.3269 3.4072, -0.5929 1.3473 3.4381, -0.7022 1.2939 3.4381, -0.7324 1.3498 3.4779, -0.8414 1.2849 3.4779, -0.8066 1.2317 3.4381, -0.8636 1.1071 3.4072, -0.9521 1.0322 3.4072, -1.0341 0.9502 3.4072, -1.3619 0.3444 3.4072, -1.3288 0.4555 3.4072, -1.3857 0.2309 3.4072, -1.4682 0.1215 3.4381, -1.4531 0.2422 3.4381, -1.4732 0.0 3.4381, -1.4682 -0.1215 3.4381, -1.4531 -0.2422 3.4381, -1.3857 -0.2309 3.4072, -1.3619 -0.3444 3.4072, -1.3288 -0.4555 3.4072, -0.9521 -1.0322 3.4072, -0.8636 -1.1071 3.4072, -0.8066 -1.2317 3.4381, -0.9056 -1.161 3.4381, -0.7324 -1.3498 3.4779, -0.8414 -1.2849 3.4779, -0.7022 -1.2939 3.4381, -0.5929 -1.3473 3.4381, -0.4575 -1.3269 3.4072, -0.5655 -1.2847 3.4072, 0.4536 -1.3269 3.4072, 0.589 -1.3473 3.4381, 0.6983 -1.2939 3.4381, 0.7285 -1.3498 3.4779, 0.8375 -1.2849 3.4779, 0.8027 -1.2317 3.4381, 0.8597 -1.1071 3.4072, 0.9482 -1.0322 3.4072, 1.0302 -0.9502 3.4072, 1.358 -0.3444 3.4072, 1.3249 -0.4555 3.4072, 1.3818 -0.2309 3.4072, 1.4643 -0.1215 3.4381, 1.4492 -0.2422 3.4381, -0.5655 1.2847 3.4072, -0.6697 1.2338 3.4072, -0.7693 1.1745 3.4072, 0.7654 1.1745 3.4072, 0.6658 1.2338 3.4072, 1.3962 -0.1159 3.4072, 1.401 -0.0 3.4072, 1.3962 0.1159 3.4072, 0.5616 -1.2847 3.4072, 0.6658 -1.2338 3.4072, 0.7654 -1.1745 3.4072, -0.7693 -1.1745 3.4072, -0.6697 -1.2338 3.4072, -1.4001 0.1159 3.4072, -1.4049 0.0 3.4072, -1.4001 -0.1159 3.4072, 0.5719 0.8276 3.8277, 0.6543 0.7639 3.8225, 0.1897 -0.9884 3.4149, 0.1847 -0.9897 3.4147, 0.2871 -0.9647 3.42, 0.2925 -0.9628 3.4203, 0.3868 -0.929 3.4254, 0.3924 -0.9263 3.4257, 0.4823 -0.883 3.4308, 0.4879 -0.8795 3.4311, 0.5719 -0.8276 3.4164, 0.6543 -0.7639 3.4216, 0.7286 -0.6932 3.4265, 0.7959 -0.6146 3.4315, 0.832 -0.5646 3.4149, 0.1885 0.9889 3.8292, 0.1846 0.9896 3.8294, 0.287 0.9646 3.8241, 0.2901 0.9638 3.824, 0.3868 0.9289 3.8187, 0.389 0.9281 3.8186, 0.4823 0.883 3.8133, 0.4836 0.8823 3.8132, 0.7286 0.6932 3.8176, 0.7959 0.6146 3.8126, 0.8543 -0.5276 3.417, 0.8555 -0.5283 3.4367, 0.8861 -0.475 3.4201, 0.9061 -0.4355 3.4421, 0.9049 -0.4349 3.4224, 0.9308 -0.3799 3.4255, 0.9456 -0.3372 3.4278, 0.9469 -0.3376 3.4475, 0.9653 -0.2806 3.4309, 0.977 -0.2362 3.4529, 0.9757 -0.2359 3.4332, 0.9891 -0.1788 3.4361, 0.995 -0.133 3.4384, 0.9963 -0.1331 3.4581, 1.0022 -0.0763 3.4412, 1.0047 -0.03 3.4631, 1.0034 -0.03 3.4434, 1.0048 0.0255 3.4461, 1.0012 0.0725 3.4484, 1.0025 0.0726 3.468, 0.997 0.1278 3.4511, 0.9897 0.1759 3.4732, 0.9883 0.1757 3.4535, 0.9785 0.2301 3.4563, 0.9646 0.2781 3.4588, 0.9659 0.2785 3.4785, 0.9492 0.3309 3.4616, 0.9313 0.3786 3.4839, 0.93 0.3781 3.4642, 0.9095 0.4283 3.467, 0.7679 0.6473 3.4801, 0.8016 0.607 3.4775, 0.8318 0.5649 3.4946, 0.8307 0.5641 3.4749, 0.8863 0.4746 3.4893, 0.86 0.5208 3.4723, 0.8851 0.474 3.4696, 0.7356 0.6858 3.4825, 0.7689 0.6481 3.4998, 0.698 0.7223 3.485, 0.6989 0.7233 3.5047, 0.6626 0.7567 3.4874, 0.6203 0.7902 3.49, 0.5817 0.8207 3.4924, 0.6211 0.7912 3.5097, 0.5349 0.8505 3.4952, 0.5356 0.8516 3.5149, 0.4936 0.8768 3.4977, 0.4428 0.9021 3.5006, 0.3995 0.9236 3.503, 0.4434 0.9033 3.5203, 0.3455 0.9438 3.506, 0.346 0.9451 3.5257, 0.301 0.9604 3.5084, 0.2446 0.9751 3.5114, 0.1997 0.9867 3.5137, 0.2449 0.9764 3.5311, 0.1417 0.9955 3.5166, 0.1419 0.9968 3.5363, 0.0972 1.0022 3.5189, 0.0386 1.005 3.5217, -0.0048 1.0071 3.5238, 0.0387 1.0063 3.5414, -0.0638 1.0039 3.5266, -0.0639 1.0052 3.5463, -0.1069 1.0016 3.5287, -0.167 0.9922 3.5317, -0.2094 0.9855 3.5338, -0.1672 0.9934 3.5514, -0.2696 0.9695 3.537, -0.2699 0.9708 3.5567, -0.3106 0.9586 3.5391, -0.3699 0.936 3.5424, -0.4089 0.9212 3.5445, -0.3704 0.9373 3.5621, -0.4663 0.8922 3.5478, -0.4669 0.8934 3.5675, -0.5027 0.8738 3.5499, -0.5571 0.8387 3.5531, -0.5904 0.8173 3.5551, -0.5578 0.8398 3.5728, -0.641 0.7768 3.5583, -0.6418 0.7777 3.578, -0.6709 0.7528 3.5602, -0.717 0.7075 3.5632, -0.7434 0.6815 3.565, -0.7178 0.7084 3.5829, -0.7855 0.6307 3.5682, -0.7865 0.6315 3.5879, -0.8091 0.6023 3.57, -0.8467 0.546 3.5734, -0.867 0.5157 3.5753, -0.8477 0.5467 3.5931, -0.8992 0.4546 3.5788, -0.9003 0.4552 3.5984, -0.916 0.4229 3.5806, -0.9421 0.3577 3.5842, -0.9551 0.3252 3.586, -0.9432 0.3582 3.6039, -0.9744 0.2571 3.5896, -0.9756 0.2574 3.6092, -0.9837 0.2243 3.5913, -0.996 0.1543 3.5948, -1.0016 0.122 3.5965, -0.9971 0.1545 3.6145, -1.0066 0.0512 3.5999, -1.0077 0.0513 3.6196, -1.0088 0.0197 3.6014, -1.0066 -0.0512 3.6048, -1.0057 -0.0821 3.6063, -1.0077 -0.0513 3.6245, -0.996 -0.1544 3.6099, -0.9971 -0.1545 3.6296, -0.992 -0.1846 3.6114, -0.9745 -0.2572 3.6152, -0.9675 -0.2863 3.6167, -0.9756 -0.2574 3.6349, -0.9421 -0.3578 3.6206, -0.9432 -0.3582 3.6402, -0.9324 -0.3854 3.6221, -0.8993 -0.4547 3.626, -0.8871 -0.4803 3.6274, -0.9003 -0.4552 3.6457, -0.8468 -0.5462 3.6313, -0.8477 -0.5467 3.651, -0.8326 -0.5695 3.6327, -0.7857 -0.6309 3.6365, -0.7698 -0.6517 3.6378, -0.7865 -0.6315 3.6562, -0.7171 -0.7077 3.6415, -0.7178 -0.7084 3.6612, -0.7 -0.7259 3.6427, -0.6412 -0.777 3.6464, -0.6226 -0.7931 3.6476, -0.6418 -0.7777 3.6661, -0.5572 -0.839 3.6516, -0.5578 -0.8398 3.6713, -0.5375 -0.8529 3.6528, -0.4664 -0.8925 3.6569, -0.446 -0.9039 3.6581, -0.4669 -0.8934 3.6766, -0.37 -0.9364 3.6624, -0.3704 -0.9373 3.682, -0.3492 -0.9453 3.6635, -0.2697 -0.9699 3.6677, -0.249 -0.9763 3.6688, -0.2699 -0.9708 3.6874, -0.167 -0.9926 3.673, -0.1672 -0.9934 3.6927, -0.1468 -0.9966 3.6741, -0.0638 -1.0044 3.6781, -0.0443 -1.0062 3.6791, -0.0639 -1.0052 3.6978, 0.0387 -1.0055 3.683, 0.0387 -1.0063 3.7027, 0.0574 -1.0053 3.6839, 0.1418 -0.996 3.6881, 0.1599 -0.994 3.689, 0.1419 -0.9968 3.7078, 0.2447 -0.9756 3.6934, 0.2449 -0.9764 3.713, 0.2619 -0.9719 3.6942, 0.3457 -0.9444 3.6987, 0.3617 -0.9392 3.6996, 0.346 -0.9451 3.7184, 0.4431 -0.9026 3.7041, 0.4434 -0.9033 3.7238, 0.4576 -0.8961 3.705, 0.5353 -0.8511 3.7095, 0.5482 -0.8435 3.7103, 0.5356 -0.8516 3.7292, 0.6208 -0.7907 3.7147, 0.6211 -0.7912 3.7344, 0.6321 -0.7825 3.7154, 0.6985 -0.7228 3.7197, 0.7081 -0.7142 3.7203, 0.6989 -0.7233 3.7394, 0.7685 -0.6477 3.7247, 0.7689 -0.6481 3.7443, 0.7768 -0.6386 3.7252, 0.8314 -0.5646 3.7298, 0.8914 -0.4649 3.7357, 0.8859 -0.4743 3.7351, 0.8863 -0.4746 3.7548, 0.8383 -0.5551 3.7304, 0.8318 -0.5649 3.7495, 0.9893 -0.1758 3.7512, 0.9684 -0.2696 3.7464, 0.9659 -0.2785 3.7656, 0.9654 -0.2784 3.7459, 0.9313 -0.3786 3.7602, 0.935 -0.3692 3.7411, 0.9308 -0.3784 3.7405, 0.9911 -0.1677 3.7517, 0.9897 -0.1759 3.7709, 1.0022 -0.0725 3.7564, 1.0025 -0.0726 3.7761, 1.003 -0.0651 3.7567, 1.0044 0.03 3.7613, 0.9955 0.139 3.7666, 0.996 0.1331 3.7663, 0.9963 0.1331 3.786, 1.0045 0.0366 3.7616, 1.0047 0.03 3.781, 0.9768 0.2362 3.7715, 0.977 0.2362 3.7912, 0.9758 0.2412 3.7718, 0.9469 0.3376 3.7966, 0.9467 0.3375 3.7769, 0.9454 0.3417 3.7771, 0.7958 0.6145 3.7929, 0.8555 0.5283 3.8074, 0.8318 0.5629 3.8292, 0.8541 0.5305 3.7878, 0.8553 0.5282 3.7877, 0.9061 0.4355 3.802, 0.9046 0.4386 3.7825, 0.906 0.4354 3.7823, 0.5719 0.8276 3.808, 0.5724 0.8272 3.808, 0.6542 0.764 3.8029, 0.728 0.6939 3.798, 0.7948 0.616 3.793, 0.6543 -0.7639 3.4412, 0.5775 -0.8233 3.4364, 0.5719 -0.8276 3.4361, 0.6597 -0.7588 3.4416, 0.7959 -0.6146 3.4512, 0.7337 -0.6872 3.4465, 0.7286 -0.6932 3.4461, 0.8007 -0.6077 3.4516, 0.9061 -0.4355 3.4618, 0.8598 -0.5204 3.4569, 0.8555 -0.5283 3.4564, 0.9098 -0.4267 3.4623, 0.977 -0.2362 3.4726, 0.9497 -0.3281 3.4677, 0.9469 -0.3376 3.4672, 0.9789 -0.2261 3.4731, 1.0047 -0.03 3.4828, 0.9972 -0.1225 3.4783, 0.9963 -0.1331 3.4778, 1.0045 -0.019 3.4834, 0.9897 0.1759 3.4929, 1.0011 0.084 3.4883, 1.0025 0.0726 3.4877, 0.9869 0.1878 3.4935, 0.9313 0.3786 3.5036, 0.9617 0.2905 3.4988, 0.9659 0.2785 3.4982, 0.9256 0.3906 3.5042, 0.8318 0.5649 3.5143, 0.8792 0.4863 3.5097, 0.8863 0.4746 3.509, 0.8234 0.576 3.515, 0.6989 0.7233 3.5244, 0.7592 0.6585 3.5201, 0.7689 0.6481 3.5195, 0.6879 0.7329 3.5251, 0.5356 0.8516 3.5346, 0.6086 0.8 3.5301, 0.6211 0.7912 3.5294, 0.5217 0.8594 3.5354, 0.346 0.9451 3.5454, 0.4282 0.9098 3.5408, 0.4434 0.9033 3.54, 0.3298 0.9501 3.5462, 0.1419 0.9968 3.556, 0.2279 0.9797 3.5516, 0.2449 0.9764 3.5507, 0.1243 0.9984 3.5569, -0.0639 1.0052 3.566, 0.0209 1.0061 3.5619, 0.0387 1.0063 3.5611, -0.0821 1.0031 3.5669, -0.2699 0.9708 3.5764, -0.1858 0.9893 3.572, -0.1672 0.9934 3.5711, -0.2886 0.9645 3.5774, -0.4669 0.8934 3.5872, -0.3888 0.9289 3.5828, -0.3704 0.9373 3.5817, -0.4847 0.8829 3.5882, -0.6418 0.7777 3.5977, -0.5746 0.8273 3.5935, -0.5578 0.8398 3.5925, -0.6574 0.7635 3.5987, -0.7865 0.6315 3.6076, -0.732 0.6925 3.6036, -0.7178 0.7084 3.6026, -0.7994 0.6135 3.6087, -0.9003 0.4552 3.6181, -0.8591 0.5269 3.6139, -0.8477 0.5467 3.6128, -0.9098 0.4337 3.6193, -0.9756 0.2574 3.6289, -0.9505 0.3354 3.6248, -0.9432 0.3582 3.6235, -0.9806 0.2336 3.6302, -1.0077 0.0513 3.6393, -0.9996 0.1301 3.6354, -0.9971 0.1545 3.6342, -1.0077 0.0266 3.6405, -0.9971 -0.1545 3.6493, -1.0052 -0.0763 3.6454, -1.0077 -0.0513 3.6442, -0.9918 -0.18 3.6506, -0.9432 -0.3582 3.6599, -0.9674 -0.2828 3.6559, -0.9756 -0.2574 3.6545, -0.9322 -0.3831 3.6613, -0.8477 -0.5467 3.6707, -0.8865 -0.4792 3.6667, -0.9003 -0.4552 3.6653, -0.8314 -0.5694 3.6721, -0.7178 -0.7084 3.6809, -0.7678 -0.6524 3.6772, -0.7865 -0.6315 3.6759, -0.697 -0.7273 3.6822, -0.5578 -0.8398 3.691, -0.6184 -0.795 3.6872, -0.6418 -0.7777 3.6858, -0.5321 -0.855 3.6925, -0.3704 -0.9373 3.7017, -0.4391 -0.906 3.6979, -0.4669 -0.8934 3.6963, -0.341 -0.9471 3.7033, -0.1672 -0.9934 3.7124, -0.2393 -0.9775 3.7087, -0.2699 -0.9708 3.7071, -0.1359 -0.997 3.714, 0.0387 -1.0063 3.7224, -0.0324 -1.0055 3.719, -0.0639 -1.0052 3.7175, 0.0705 -1.0033 3.724, 0.2449 -0.9764 3.7327, 0.1742 -0.9904 3.7291, 0.1419 -0.9968 3.7275, 0.2771 -0.9664 3.7344, 0.4434 -0.9033 3.7435, 0.3775 -0.9316 3.7399, 0.346 -0.9451 3.7381, 0.4737 -0.8863 3.7453, 0.6211 -0.7912 3.7541, 0.5641 -0.8315 3.7506, 0.5356 -0.8516 3.7489, 0.6474 -0.7682 3.7558, 0.7689 -0.6481 3.764, 0.7226 -0.6978 3.7608, 0.6989 -0.7233 3.7591, 0.7905 -0.6195 3.7658, 0.8863 -0.4746 3.7745, 0.8508 -0.5334 3.771, 0.8318 -0.5649 3.7692, 0.9022 -0.4406 3.7764, 0.9659 -0.2785 3.7853, 0.9437 -0.3427 3.7818, 0.9313 -0.3786 3.7799, 0.9745 -0.2412 3.7872, 1.0025 -0.0726 3.7957, 0.9944 -0.1378 3.7925, 0.9897 -0.1759 3.7906, 1.0033 -0.0343 3.7976, 0.9963 0.1331 3.8057, 1.0016 0.0686 3.8025, 1.0047 0.03 3.8006, 0.989 0.1723 3.8077, 0.9469 0.3376 3.8163, 0.9654 0.2752 3.813, 0.977 0.2362 3.8109, 0.931 0.3757 3.8184, 0.9061 0.4355 3.8217, 0.8861 0.4721 3.8238, 0.8555 0.5283 3.8271, -0.8986 0.214 3.6794, -0.9089 -0.1649 3.6998, 0.9167 0.077 3.5375, 0.9197 -0.0174 3.5326, 0.9131 -0.1121 3.5275, 0.8964 -0.207 3.5223, 0.8696 -0.3004 3.5169, 0.833 -0.3908 3.5115, 0.7872 -0.4766 3.5061, 0.733 -0.5564 3.5008, -0.4877 -0.7835 3.7417, -0.5669 -0.7285 3.7364, -0.6389 -0.6665 3.7314, -0.7037 -0.5978 3.7265, -0.7619 -0.5218 3.7213, -0.8125 -0.4391 3.716, -0.8543 -0.3511 3.7105, -0.8866 -0.2592 3.7051, -0.9211 -0.0699 3.6946, -0.9235 0.0244 3.6897, -0.9161 0.1192 3.6846, -0.8711 0.3073 3.674, -0.8338 0.3973 3.6685, -0.7873 0.4827 3.6631, -0.7326 0.5621 3.6579, -0.6708 0.6344 3.6528, -0.6025 0.6994 3.6479, -0.5266 0.758 3.6428, -0.4442 0.8088 3.6374, -0.3564 0.851 3.632, -0.2646 0.8836 3.6266, -0.1704 0.9063 3.6212, -0.0754 0.9189 3.6161, 0.0189 0.9216 3.6111, 0.9037 0.172 3.5427, 0.8807 0.2661 3.548, 0.8476 0.3578 3.5535, 0.8051 0.4454 3.5589, 0.754 0.5276 3.5642, 0.6952 0.6032 3.5694, 0.6299 0.6713 3.5743, 0.5573 0.7328 3.5793, 0.4777 0.7872 3.5846, 0.3921 0.8334 3.59, 0.3019 0.8703 3.5954, 0.2086 0.8975 3.6008, 0.1137 0.9146 3.6061, 0.8279 0.4015 3.7333, 0.8652 0.3128 3.7279, 0.8931 0.2208 3.7226, 0.9111 0.1272 3.7174, 0.9193 0.0335 3.7124, 0.918 -0.0596 3.7075, 0.907 -0.1535 3.7024, 0.8863 -0.2468 3.6972, 0.8557 -0.338 3.6918, 0.8158 -0.4256 3.6865, 0.5784 -0.7162 3.6662, 0.5017 -0.7721 3.6611, 0.4187 -0.8203 3.6558, 0.3309 -0.8597 3.6504, 0.2395 -0.8897 3.645, 0.1462 -0.9099 3.6398, 0.0524 -0.9203 3.6347, -0.0408 -0.921 3.6299, -0.1345 -0.9123 3.6249, -0.228 -0.8937 3.6196, -0.3199 -0.8653 3.6143, -0.4084 -0.8274 3.6089, -0.4922 -0.7807 3.6036, -0.5701 -0.726 3.5984, -0.6409 -0.6645 3.5935, -0.7048 -0.5965 3.5886, -0.7623 -0.5213 3.5835, -0.8122 -0.4396 3.5782, -0.8536 -0.3528 3.5728, -0.8858 -0.2621 3.5675, -0.9082 -0.169 3.5622, -0.9207 -0.0752 3.5571, -0.9236 0.018 3.5522, -0.917 0.1116 3.5473, -0.9006 0.2054 3.5421, -0.8744 0.2977 3.5368, -0.8386 0.3871 3.5314, -0.7938 0.4721 3.526, -0.7408 0.5513 3.5208, -0.6807 0.6238 3.5158, -0.6143 0.6891 3.5109, -0.5406 0.7481 3.5059, -0.4603 0.7998 3.5006, 0.7816 0.4856 3.7386, 0.7273 0.5639 3.7438, 0.648 -0.6537 3.6711, 0.7109 -0.5845 3.676, 0.7672 -0.5082 3.6812, 0.7396 0.1461 4.0945, 0.7396 -0.1461 4.0945, 1.0112 0.1461 4.0945, 1.0112 -0.1461 4.0945, 0.8983 0.4871 4.0945, 0.9698 0.3216 4.0945, 2.0556 0.6748 4.0945, 1.5102 -1.5499 4.0945, 1.6851 -1.3574 4.0945, 2.1216 0.4232 4.0945, 1.8357 -1.1453 4.0945, 1.9598 -0.9167 4.0945, 2.3209 -0.4232 4.0945, 2.3209 0.4232 4.0945, 2.1216 -0.4232 4.0945, 2.0556 -0.6748 4.0945, 0.1104 -2.1624 4.0945, 0.3688 -2.1334 4.0945, 0.622 -2.0735 4.0945, 0.8661 -1.9837 4.0945, 1.0977 -1.8653 4.0945, 1.3135 -1.72 4.0945, 0.9698 -0.3216 4.0945, 1.9598 0.9167 4.0945, 1.8357 1.1453 4.0945, 0.7989 0.6375 4.0945, 1.6851 1.3574 4.0945, 0.6746 0.7681 4.0945, 0.015 -1.0235 4.0945, -0.1498 -2.1603 4.0945, -0.1648 -1.0106 4.0945, -0.8856 0.5167 4.0945, -1.9785 0.8843 4.0945, -0.9625 0.3536 4.0945, -2.0703 0.6409 4.0945, -1.0097 0.1796 4.0945, 0.8983 -0.4871 4.0945, 0.7989 -0.6375 4.0945, 0.6746 -0.7681 4.0945, 0.5293 -0.8749 4.0945, 0.3676 -0.9546 4.0945, 0.1944 -1.0046 4.0945, -2.1322 0.3883 4.0945, -2.1634 0.1301 4.0945, -1.0256 -0.0 4.0945, -2.1634 -0.1301 4.0945, -1.0097 -0.1796 4.0945, -2.1322 -0.3883 4.0945, -0.9625 -0.3536 4.0945, -0.5039 -0.8921 4.0945, -0.9025 -1.9692 4.0945, -0.3396 -0.9663 4.0945, -0.6598 -2.063 4.0945, -0.4077 -2.127 4.0945, -0.7812 -0.6637 4.0945, -1.5394 -1.5248 4.0945, -0.6527 -0.7902 4.0945, -1.3454 -1.6982 4.0945, -1.1321 -1.847 4.0945, -0.3396 0.9663 4.0945, -0.9025 1.9692 4.0945, -0.5039 0.8921 4.0945, -1.1321 1.847 4.0945, -0.6527 0.7902 4.0945, -2.0703 -0.6409 4.0945, -1.9785 -0.8843 4.0945, -0.8856 -0.5167 4.0945, -1.8582 -1.1149 4.0945, -1.7111 -1.3295 4.0945, -1.3454 1.6982 4.0945, -1.5394 1.5248 4.0945, -0.7812 0.6637 4.0945, -1.7111 1.3295 4.0945, -1.8582 1.1149 4.0945, 0.015 1.0235 4.0945, -0.1498 2.1603 4.0945, -0.1648 1.0106 4.0945, -0.4077 2.127 4.0945, -0.6598 2.063 4.0945, 0.3676 0.9546 4.0945, 0.622 2.0735 4.0945, 0.1944 1.0046 4.0945, 0.3688 2.1334 4.0945, 0.1104 2.1624 4.0945, 1.5102 1.5499 4.0945, 1.3135 1.72 4.0945, 0.5293 0.8749 4.0945, 1.0977 1.8653 4.0945, 0.8661 1.9837 4.0945, 1.0112 -0.1461 3.8583, 0.7396 -0.1461 3.8583, 0.7396 0.1461 3.8583, 2.3209 0.4232 3.8583, 2.3209 -0.4232 3.8583, 2.1216 0.4232 3.8583, 2.1216 -0.4232 3.8583, 2.0556 -0.6748 3.8583, 1.0112 0.1461 3.8583, 0.9698 0.3216 3.8583, 0.7989 0.6375 3.8583, 1.8357 1.1453 3.8583, 0.8983 0.4871 3.8583, 1.9598 0.9167 3.8583, 2.0556 0.6748 3.8583, 0.9698 -0.3216 3.8583, 0.8983 -0.4871 3.8583, -0.8856 -0.5167 3.8583, -1.9785 -0.8843 3.8583, -0.9625 -0.3536 3.8583, -2.0703 -0.6409 3.8583, -1.0097 -0.1796 3.8583, -2.1322 -0.3883 3.8583, -1.0256 -0.0 3.8583, -0.6527 -0.7902 3.8583, -1.5394 -1.5248 3.8583, -0.7812 -0.6637 3.8583, -1.7111 -1.3295 3.8583, -1.8582 -1.1149 3.8583, 0.5293 0.8749 3.8583, 1.3135 1.72 3.8583, 0.6746 0.7681 3.8583, 1.5102 1.5499 3.8583, 1.6851 1.3574 3.8583, 0.1944 1.0046 3.8583, 0.622 2.0735 3.8583, 0.3676 0.9546 3.8583, 0.8661 1.9837 3.8583, 1.0977 1.8653 3.8583, -0.9625 0.3536 3.8583, -1.9785 0.8843 3.8583, -0.8856 0.5167 3.8583, -1.8582 1.1149 3.8583, -0.7812 0.6637 3.8583, -0.3396 -0.9663 3.8583, -0.9025 -1.9692 3.8583, -0.5039 -0.8921 3.8583, -1.1321 -1.847 3.8583, -1.3454 -1.6982 3.8583, 0.015 -1.0235 3.8583, -0.1498 -2.1603 3.8583, -0.1648 -1.0106 3.8583, -0.4077 -2.127 3.8583, -0.6598 -2.063 3.8583, 0.3676 -0.9546 3.8583, 0.622 -2.0735 3.8583, 0.1944 -1.0046 3.8583, 0.3688 -2.1334 3.8583, 0.1104 -2.1624 3.8583, -0.1648 1.0106 3.8583, -0.1498 2.1603 3.8583, 0.015 1.0235 3.8583, 0.1104 2.1624 3.8583, 0.3688 2.1334 3.8583, -0.5039 0.8921 3.8583, -0.9025 1.9692 3.8583, -0.3396 0.9663 3.8583, -0.6598 2.063 3.8583, -0.4077 2.127 3.8583, -2.1634 -0.1301 3.8583, -2.1634 0.1301 3.8583, -1.0097 0.1796 3.8583, -2.1322 0.3883 3.8583, -2.0703 0.6409 3.8583, -1.7111 1.3295 3.8583, -1.5394 1.5248 3.8583, -0.6527 0.7902 3.8583, -1.3454 1.6982 3.8583, -1.1321 1.847 3.8583, 0.6746 -0.7681 3.8583, 1.3135 -1.72 3.8583, 0.5293 -0.8749 3.8583, 1.0977 -1.8653 3.8583, 0.8661 -1.9837 3.8583, 1.9598 -0.9167 3.8583, 1.8357 -1.1453 3.8583, 0.7989 -0.6375 3.8583, 1.6851 -1.3574 3.8583, 1.5102 -1.5499 3.8583, 2.3515 -0.4232 4.0985, 2.4126 -0.4232 3.8703, 2.3799 -0.4232 4.1103, 2.498 -0.4232 3.9057, 2.4044 -0.4232 4.1291, 2.5714 -0.4232 3.9621, 2.4232 -0.4232 4.1535, 2.6277 -0.4232 4.0354, 2.435 -0.4232 4.182, 2.6631 -0.4232 4.1209, 2.439 -0.4232 4.2126, 2.6752 -0.4232 4.2126, 2.439 -0.4232 4.5472, 2.6752 -0.4232 4.5472, 2.6752 0.4232 4.2126, 2.6752 0.4232 4.5472, 2.439 0.4232 4.5472, 2.439 0.4232 4.2126, 2.435 0.4232 4.182, 2.6631 0.4232 4.1209, 2.4232 0.4232 4.1535, 2.6277 0.4232 4.0354, 2.4044 0.4232 4.1291, 2.5714 0.4232 3.9621, 2.3799 0.4232 4.1103, 2.498 0.4232 3.9057, 2.3515 0.4232 4.0985, 2.4126 0.4232 3.8703, 0.3286 -0.9688 5.1181, 0.6218 -1.446 5.1181, 0.4661 -0.9103 5.1181, 0.7855 -1.3638 5.1181, 0.5937 -0.8325 5.1181, 0.9385 -1.2632 5.1181, 0.7085 -0.7369 5.1181, 1.0787 -1.1455 5.1181, 0.8082 -0.6256 5.1181, -0.2609 -0.9903 5.1181, -0.2754 -1.5509 5.1181, -0.1139 -1.0175 5.1181, -0.0935 -1.5721 5.1181, 0.0354 -1.0229 5.1181, 0.0896 -1.5721 5.1181, 0.184 -1.0066 5.1181, 0.2715 -1.5509 5.1181, 0.4497 -1.5086 5.1181, -1.0147 -0.149 5.1181, -1.5343 -0.3632 5.1181, -0.9822 -0.2949 5.1181, -1.4818 -0.5386 5.1181, -0.9288 -0.4345 5.1181, -1.4092 -0.7068 5.1181, -0.8556 -0.5648 5.1181, -1.3177 -0.8654 5.1181, -0.7643 -0.6831 5.1181, 0.4661 0.9103 5.1181, 0.6218 1.446 5.1181, 0.3286 0.9688 5.1181, 0.4497 1.5086 5.1181, 0.184 1.0066 5.1181, 0.2715 1.5509 5.1181, 0.0354 1.0229 5.1181, 0.0896 1.5721 5.1181, -0.1139 1.0175 5.1181, 0.8907 0.501 5.1181, 1.3138 0.8654 5.1181, 0.8082 0.6256 5.1181, 1.2044 1.0123 5.1181, 0.7085 0.7369 5.1181, 1.0787 1.1455 5.1181, 0.5937 0.8325 5.1181, 0.9385 1.2632 5.1181, 0.7855 1.3638 5.1181, -1.2083 -1.0123 5.1181, -1.0826 -1.1455 5.1181, -0.6567 -0.7868 5.1181, -0.9424 -1.2632 5.1181, -0.5352 -0.8738 5.1181, -0.7894 -1.3638 5.1181, -0.4023 -0.9421 5.1181, -0.6257 -1.446 5.1181, -0.4536 -1.5086 5.1181, -0.9822 0.2949 5.1181, -1.5343 0.3632 5.1181, -1.0147 0.149 5.1181, -1.5661 0.1828 5.1181, -1.0256 0.0 5.1181, -1.5768 0.0 5.1181, -1.5661 -0.1828 5.1181, -0.0935 1.5721 5.1181, -0.2754 1.5509 5.1181, -0.2609 0.9903 5.1181, -0.4536 1.5086 5.1181, -0.4023 0.9421 5.1181, -0.6257 1.446 5.1181, -0.5352 0.8738 5.1181, -0.7894 1.3638 5.1181, -0.6567 0.7868 5.1181, 1.2044 -1.0123 5.1181, 1.3138 -0.8654 5.1181, 0.8907 -0.501 5.1181, 1.4053 -0.7068 5.1181, 0.9541 -0.3657 5.1181, 1.4779 -0.5386 5.1181, 0.9972 -0.2226 5.1181, 1.5304 -0.3632 5.1181, 1.0189 -0.0747 5.1181, 1.5622 -0.1828 5.1181, 1.0217 0.0 5.1181, 1.5729 0.0 5.1181, 1.0189 0.0747 5.1181, 1.5622 0.1828 5.1181, 0.9972 0.2226 5.1181, 1.5304 0.3632 5.1181, 0.9541 0.3657 5.1181, 1.4779 0.5386 5.1181, 1.4053 0.7068 5.1181, -0.9424 1.2632 5.1181, -1.0826 1.1455 5.1181, -0.7643 0.6831 5.1181, -1.2083 1.0123 5.1181, -0.8556 0.5648 5.1181, -1.3177 0.8654 5.1181, -0.9288 0.4345 5.1181, -1.4092 0.7068 5.1181, -1.4818 0.5386 5.1181, -0.9822 -0.2949 4.8819, -1.5343 -0.3632 4.8819, -1.0147 -0.149 4.8819, -1.5661 -0.1828 4.8819, -1.0256 0.0 4.8819, -1.5768 0.0 4.8819, -1.0147 0.149 4.8819, 0.4661 -0.9103 4.8819, 0.6218 -1.446 4.8819, 0.3286 -0.9688 4.8819, 0.4497 -1.5086 4.8819, 0.184 -1.0066 4.8819, 0.2715 -1.5509 4.8819, 0.0354 -1.0229 4.8819, 0.0896 -1.5721 4.8819, -0.1139 -1.0175 4.8819, -0.7643 0.6831 4.8819, -1.0826 1.1455 4.8819, -0.6567 0.7868 4.8819, -0.9424 1.2632 4.8819, -0.5352 0.8738 4.8819, -0.7894 1.3638 4.8819, -0.4023 0.9421 4.8819, -0.6257 1.446 4.8819, -0.2609 0.9903 4.8819, -0.6567 -0.7868 4.8819, -1.0826 -1.1455 4.8819, -0.7643 -0.6831 4.8819, -1.2083 -1.0123 4.8819, -0.8556 -0.5648 4.8819, -1.3177 -0.8654 4.8819, -0.9288 -0.4345 4.8819, -1.4092 -0.7068 4.8819, -1.4818 -0.5386 4.8819, -1.5661 0.1828 4.8819, -1.5343 0.3632 4.8819, -0.9822 0.2949 4.8819, -1.4818 0.5386 4.8819, -0.9288 0.4345 4.8819, -1.4092 0.7068 4.8819, -0.8556 0.5648 4.8819, -1.3177 0.8654 4.8819, -1.2083 1.0123 4.8819, -0.0935 -1.5721 4.8819, -0.2754 -1.5509 4.8819, -0.2609 -0.9903 4.8819, -0.4536 -1.5086 4.8819, -0.4023 -0.9421 4.8819, -0.6257 -1.446 4.8819, -0.5352 -0.8738 4.8819, -0.7894 -1.3638 4.8819, -0.9424 -1.2632 4.8819, 0.8907 -0.501 4.8819, 1.3138 -0.8654 4.8819, 0.8082 -0.6256 4.8819, 1.2044 -1.0123 4.8819, 0.7085 -0.7369 4.8819, 1.0787 -1.1455 4.8819, 0.5937 -0.8325 4.8819, 0.9385 -1.2632 4.8819, 0.7855 -1.3638 4.8819, 0.3286 0.9688 4.8819, 0.6218 1.446 4.8819, 0.4661 0.9103 4.8819, 0.7855 1.3638 4.8819, 0.5937 0.8325 4.8819, 0.9385 1.2632 4.8819, 0.7085 0.7369 4.8819, 1.0787 1.1455 4.8819, 0.8082 0.6256 4.8819, -0.4536 1.5086 4.8819, -0.2754 1.5509 4.8819, -0.1139 1.0175 4.8819, -0.0935 1.5721 4.8819, 0.0354 1.0229 4.8819, 0.0896 1.5721 4.8819, 0.184 1.0066 4.8819, 0.2715 1.5509 4.8819, 0.4497 1.5086 4.8819, 1.2044 1.0123 4.8819, 1.3138 0.8654 4.8819, 0.8907 0.501 4.8819, 1.4053 0.7068 4.8819, 0.9541 0.3657 4.8819, 1.4779 0.5386 4.8819, 0.9972 0.2226 4.8819, 1.5304 0.3632 4.8819, 1.0189 0.0747 4.8819, 1.5622 0.1828 4.8819, 1.0217 0.0 4.8819, 1.5729 0.0 4.8819, 1.0189 -0.0747 4.8819, 1.5622 -0.1828 4.8819, 0.9972 -0.2226 4.8819, 1.5304 -0.3632 4.8819, 0.9541 -0.3657 4.8819, 1.4779 -0.5386 4.8819, 1.4053 -0.7068 4.8819, 0.8997 -0.4339 5.1509, 0.9073 -0.4152 5.1516, 0.9381 -0.4293 5.1181, 0.9848 -0.0432 5.1639, 0.9838 -0.0 5.1652, 1.0315 -0.0 5.1181, 0.9513 0.2237 5.1724, 0.9355 0.2753 5.1742, 0.9897 0.2912 5.1181, 0.5292 0.7941 5.1963, 0.514 0.8028 5.1969, 0.5568 0.8694 5.1181, 0.2826 0.9021 5.2055, 0.2643 0.9066 5.2061, 0.2892 0.9916 5.1181, -0.0992 0.9279 5.2183, -0.1345 0.9221 5.2195, -0.149 1.0229 5.1181, -0.3748 0.844 5.2284, -0.3852 0.8391 5.2288, -0.4313 0.9401 5.1181, -0.4591 0.7978 5.2318, -0.4983 0.7723 5.2334, -0.5607 0.8694 5.1181, -0.8188 0.3779 5.2512, -0.8204 0.3738 5.2514, -0.942 0.4293 5.1181, -0.8884 0.0174 5.2644, -0.8879 0.0 5.265, -1.0354 0.0 5.1181, -0.8091 -0.3343 5.2775, -0.7956 -0.3624 5.2787, -0.942 -0.4293 5.1181, -0.1228 -0.8318 5.3105, -0.1216 -0.8319 5.3105, -0.149 -1.0229 5.1181, -0.0861 -0.8355 5.3119, -0.0372 -0.8368 5.3137, -0.002 -1.0335 5.1181, -0.2931 -0.9916 5.1181, -0.2401 -0.8111 5.306, -0.2079 -0.8188 5.3072, -0.1471 -0.8294 5.3096, -0.4313 -0.9401 5.1181, -0.355 -0.7731 5.3013, -0.3094 -0.7907 5.3032, -0.2942 -0.7954 5.3038, -0.2508 -0.8086 5.3055, -0.4761 -0.7119 5.2962, -0.4639 -0.7188 5.2967, -0.5607 -0.8694 5.1181, -0.4562 -0.7232 5.297, -0.4222 -0.7424 5.2985, -0.3771 -0.7637 5.3004, -0.3665 -0.7686 5.3008, -0.6787 -0.781 5.1181, -0.5303 -0.6752 5.2937, -0.5169 -0.6853 5.2944, -0.5984 -0.6203 5.2906, -0.5659 -0.6485 5.2921, -0.5647 -0.6494 5.2922, -0.6605 -0.559 5.2875, -0.6556 -0.5647 5.2878, -0.783 -0.6768 5.1181, -0.6547 -0.5656 5.2878, -0.6122 -0.6083 5.29, -0.7321 -0.4692 5.2833, -0.7243 -0.4808 5.2838, -0.8714 -0.5587 5.1181, -0.7171 -0.4903 5.2843, -0.6963 -0.5177 5.2855, -0.7896 -0.3751 5.2792, -0.7668 -0.415 5.2809, -0.7588 -0.4291 5.2815, -0.8436 -0.2471 5.274, -0.8429 -0.2494 5.2741, -0.9936 -0.2912 5.1181, -0.8395 -0.2603 5.2745, -0.8165 -0.3188 5.2769, -0.8746 -0.1255 5.2695, -0.8706 -0.1486 5.2703, -1.0249 -0.1471 5.1181, -0.8675 -0.1614 5.2708, -0.8558 -0.2089 5.2726, -0.8873 -0.0252 5.2659, -0.8826 -0.072 5.2675, -0.8811 -0.0873 5.2681, -0.8833 0.1267 5.2606, -0.8852 0.1078 5.2613, -1.0249 0.1471 5.1181, -0.8872 0.0878 5.262, -0.889 0.0377 5.2638, -0.8607 0.2522 5.256, -0.8703 0.2127 5.2575, -0.9936 0.2912 5.1181, -0.8727 0.199 5.258, -0.881 0.1505 5.2598, -0.8359 0.3349 5.2529, -0.8504 0.2895 5.2546, -0.8553 0.2741 5.2552, -0.7628 0.489 5.2468, -0.7778 0.4625 5.2479, -0.8714 0.5587 5.1181, -0.7877 0.445 5.2486, -0.8148 0.3881 5.2508, -0.6889 0.5953 5.2423, -0.7217 0.5527 5.2441, -0.783 0.6768 5.1181, -0.7286 0.5423 5.2445, -0.7566 0.4999 5.2463, -0.6787 0.781 5.1181, -0.6003 0.6905 5.2379, -0.6004 0.6904 5.2379, -0.6084 0.6825 5.2383, -0.6453 0.6458 5.24, -0.6718 0.6157 5.2414, -0.6828 0.6033 5.2419, -0.5014 0.7703 5.2335, -0.5372 0.7434 5.2351, -0.5524 0.732 5.2357, -0.3953 0.8344 5.2292, -0.4092 0.8266 5.2297, -0.4473 0.8054 5.2313, -0.2631 0.8895 5.2241, -0.278 0.8849 5.2247, -0.2931 0.9916 5.1181, -0.2858 0.8818 5.225, -0.3375 0.8616 5.2269, -0.1538 0.9189 5.2202, -0.1934 0.9095 5.2216, -0.2167 0.904 5.2224, -0.0019 0.9359 5.2151, -0.0046 0.9359 5.2152, -0.002 1.0335 5.1181, -0.0279 0.9353 5.216, -0.0915 0.9292 5.2181, 0.1319 0.9307 5.2107, 0.1003 0.9342 5.2118, 0.1451 1.0229 5.1181, 0.0905 0.9346 5.2121, 0.036 0.9369 5.2139, 0.2258 0.9162 5.2075, 0.1867 0.9232 5.2088, 0.1648 0.9271 5.2096, 0.3926 0.8638 5.2015, 0.3764 0.8703 5.2021, 0.4274 0.9401 5.1181, 0.3503 0.8807 5.203, 0.2886 0.9006 5.2053, 0.4697 0.8281 5.1986, 0.4669 0.8295 5.1987, 0.4107 0.8566 5.2008, 0.6311 0.7208 5.1921, 0.626 0.7247 5.1924, 0.6748 0.781 5.1181, 0.583 0.758 5.1941, 0.5519 0.7788 5.1954, 0.7025 0.655 5.1891, 0.6828 0.6751 5.19, 0.7791 0.6768 5.1181, 0.6342 0.7184 5.192, 0.7685 0.582 5.1859, 0.7288 0.6283 5.1879, 0.7262 0.6309 5.188, 0.8269 0.5008 5.1826, 0.8124 0.5233 5.1835, 0.8675 0.5587 5.1181, 0.8104 0.5264 5.1836, 0.7711 0.579 5.1858, 0.8826 0.404 5.1788, 0.8781 0.4135 5.1792, 0.9381 0.4293 5.1181, 0.878 0.4137 5.1792, 0.846 0.4713 5.1814, 0.9324 0.2855 5.1746, 0.919 0.3203 5.1758, 0.9062 0.3536 5.177, 0.972 0.1246 5.1691, 0.9696 0.1397 5.1696, 1.021 0.1471 5.1181, 0.9664 0.1589 5.1702, 0.9516 0.2228 5.1724, 0.9832 0.025 5.166, 0.9832 0.0277 5.1661, 0.977 0.0938 5.1681, 0.9744 -0.1751 5.1597, 0.9782 -0.1409 5.1608, 1.021 -0.1471 5.1181, 0.9818 -0.1092 5.1618, 0.9834 -0.0749 5.1629, 0.9526 -0.2803 5.1562, 0.9534 -0.2771 5.1563, 0.9897 -0.2912 5.1181, 0.9625 -0.2406 5.1575, 0.9742 -0.1761 5.1597, 0.9228 -0.3766 5.1529, 0.9245 -0.3723 5.1531, 0.9462 -0.3057 5.1554, 0.8379 -0.5519 5.1466, 0.843 -0.543 5.1469, 0.8675 -0.5587 5.1181, 0.8709 -0.4938 5.1488, 0.8812 -0.4724 5.1495, 0.7592 -0.6595 5.1445, 0.7957 -0.6144 5.1445, 0.7791 -0.6768 5.1181, 0.8009 -0.608 5.1445, 0.8303 -0.5634 5.1462, 0.6748 -0.781 5.1181, 0.6576 -0.7611 5.1445, 0.7271 -0.6916 5.1445, 0.5004 -0.8702 5.1445, 0.5425 -0.8472 5.1445, 0.5568 -0.8694 5.1181, 0.5707 -0.8261 5.1445, 0.6541 -0.7637 5.1445, 0.4274 -0.9401 5.1181, 0.4164 -0.9161 5.1445, 0.4811 -0.8808 5.1445, 0.2892 -0.9916 5.1181, 0.2869 -0.9644 5.1445, 0.3862 -0.9273 5.1445, 0.1451 -1.0229 5.1181, 0.1842 -0.9875 5.1445, 0.2818 -0.9663 5.1445, 0.1359 -0.9976 5.1445, 0.1414 -0.9968 5.1445, 0.1886 -0.9824 5.1509, 0.1171 -0.8281 5.315, 0.2503 -0.9602 5.1588, 0.2338 -0.8027 5.315, -0.0247 -0.8371 5.3141, -0.002 -0.8366 5.315, 0.1149 -0.8283 5.315, 0.1412 -0.9961 5.1451, 0.1885 -0.9824 5.1509, 0.359 -0.9091 5.1734, 0.3006 -0.9386 5.1654, 0.2443 -0.7988 5.315, 0.2868 -0.9445 5.1636, 0.2766 -0.9489 5.1622, 0.3673 -0.7491 5.315, 0.4153 -0.8757 5.1816, 0.3456 -0.761 5.315, 0.4016 -0.8838 5.1796, 0.3798 -0.8968 5.1764, 0.5213 -0.7972 5.198, 0.514 -0.803 5.1968, 0.4504 -0.7038 5.315, 0.4694 -0.8384 5.1897, 0.4663 -0.8406 5.1893, 0.6138 -0.7063 5.214, 0.6119 -0.7085 5.2137, 0.5459 -0.6323 5.315, 0.5962 -0.7261 5.2108, 0.481 -0.6809 5.315, 0.5496 -0.7721 5.2027, 0.5446 -0.7766 5.2019, 0.6397 -0.6771 5.2188, 0.5825 -0.5956 5.315, 0.6745 -0.6319 5.2257, 0.6792 -0.6258 5.2266, 0.6303 -0.5479 5.315, 0.6929 -0.605 5.2297, 0.6695 -0.4956 5.315, 0.7146 -0.5722 5.2346, 0.6941 -0.6032 5.23, 0.7019 -0.4523 5.315, 0.7385 -0.5304 5.2408, 0.7264 -0.5515 5.2377, 0.7694 -0.4659 5.2501, 0.766 -0.4745 5.2489, 0.7588 -0.489 5.2468, 0.7894 -0.4168 5.2572, 0.7396 -0.3831 5.315, 0.8025 -0.3766 5.2629, 0.7591 -0.3475 5.315, 0.8051 -0.3686 5.2641, 0.7913 -0.261 5.315, 0.8238 -0.2963 5.2742, 0.8087 -0.3574 5.2656, 0.8389 -0.1938 5.2885, 0.8329 -0.2451 5.2814, 0.8008 -0.2357 5.315, 0.8324 -0.249 5.2809, 0.8258 -0.2854 5.2758, 0.8261 -0.1191 5.315, 0.8423 -0.1214 5.2985, 0.8233 -0.1323 5.315, 0.8424 -0.1251 5.298, 0.8396 -0.1872 5.2894, 0.8347 -0.0 5.315, 0.8362 -0.0159 5.3128, 0.8408 -0.0626 5.3065, 0.8419 -0.1035 5.3009, 0.8997 0.4339 5.5578, 0.9073 0.4152 5.5571, 0.9381 0.4293 5.5906, 0.9848 0.0432 5.5448, 0.9838 0.0 5.5435, 1.0315 0.0 5.5906, 0.948 -0.2346 5.5359, 0.9355 -0.2753 5.5345, 0.9897 -0.2912 5.5906, 0.6342 -0.7184 5.5167, 0.626 -0.7247 5.5163, 0.6748 -0.781 5.5906, 0.4107 -0.8566 5.5079, 0.3926 -0.8638 5.5072, 0.4274 -0.9401 5.5906, 0.163 -0.9273 5.499, 0.1319 -0.9307 5.498, 0.1451 -1.0229 5.5906, -0.2211 -0.9026 5.4861, -0.2631 -0.8895 5.4845, -0.2931 -0.9916 5.5906, -0.8765 0.114 5.4396, -0.8746 0.1255 5.4392, -1.0249 0.1471 5.5906, -0.1471 0.8294 5.3991, -0.1216 0.8319 5.3981, -0.149 1.0229 5.5906, 0.7146 0.5722 5.474, 0.6941 0.6032 5.4787, 0.6303 0.5479 5.3937, 0.1359 0.9976 5.5642, 0.1149 0.8283 5.3937, 0.1412 0.9961 5.5635, 0.1171 0.8281 5.3937, 0.1873 0.9827 5.5579, 0.1451 1.0229 5.5906, -0.002 1.0335 5.5906, -0.002 0.8366 5.3937, 0.2845 0.9455 5.5454, 0.2766 0.9489 5.5464, 0.2338 0.8027 5.3937, 0.2503 0.9602 5.5499, 0.1885 0.9824 5.5578, 0.3006 0.9386 5.5433, 0.2443 0.7988 5.3937, 0.359 0.9091 5.5352, 0.3673 0.7491 5.3937, 0.4153 0.8757 5.5271, 0.3456 0.761 5.3937, 0.4016 0.8838 5.5291, 0.3765 0.8987 5.5327, 0.4504 0.7038 5.3937, 0.4694 0.8384 5.5189, 0.4621 0.8434 5.52, 0.54 0.7806 5.5076, 0.5213 0.7972 5.5107, 0.514 0.803 5.5118, 0.5496 0.7721 5.506, 0.481 0.6809 5.3937, 0.5962 0.7261 5.4979, 0.5459 0.6323 5.3937, 0.6091 0.7116 5.4955, 0.5825 0.5956 5.3937, 0.6397 0.6771 5.4899, 0.6119 0.7085 5.495, 0.6929 0.605 5.4789, 0.6792 0.6258 5.4821, 0.6695 0.6384 5.484, 0.7019 0.4523 5.3937, 0.7588 0.489 5.4619, 0.6695 0.4956 5.3937, 0.7385 0.5304 5.4679, 0.7218 0.5596 5.4722, 0.7396 0.3831 5.3937, 0.7894 0.4168 5.4515, 0.766 0.4745 5.4598, 0.7591 0.3475 5.3937, 0.7913 0.261 5.3937, 0.8235 0.2977 5.4346, 0.8087 0.3574 5.443, 0.8051 0.3686 5.4446, 0.7989 0.3876 5.4473, 0.8373 0.2071 5.422, 0.8329 0.2451 5.4273, 0.8008 0.2357 5.3937, 0.8324 0.249 5.4278, 0.8238 0.2963 5.4344, 0.8261 0.1191 5.3937, 0.8423 0.1214 5.4102, 0.8233 0.1323 5.3937, 0.8424 0.1251 5.4107, 0.8396 0.1872 5.4192, 0.8347 0.0 5.3937, 0.8377 0.0306 5.3978, 0.8408 0.0626 5.4022, 0.8422 0.1177 5.4097, -0.0861 0.8355 5.3968, -0.0688 0.8359 5.3961, -0.0247 0.8371 5.3945, -0.1558 0.8279 5.3994, -0.2931 0.9916 5.5906, -0.2079 0.8188 5.4014, -0.3665 0.7686 5.4078, -0.355 0.7731 5.4073, -0.4313 0.9401 5.5906, -0.3283 0.7834 5.4062, -0.3094 0.7907 5.4055, -0.2508 0.8086 5.4031, -0.2429 0.8105 5.4028, -0.2401 0.8111 5.4027, -0.4108 0.7477 5.4097, -0.5607 0.8694 5.5906, -0.4222 0.7424 5.4102, -0.489 0.7035 5.4131, -0.4761 0.7119 5.4125, -0.4639 0.7188 5.412, -0.5659 0.6485 5.4165, -0.5647 0.6494 5.4165, -0.6787 0.781 5.5906, -0.5616 0.6518 5.4163, -0.5169 0.6853 5.4143, -0.783 0.6768 5.5906, -0.6273 0.5931 5.4195, -0.6122 0.6083 5.4187, -0.6877 0.5275 5.4227, -0.6556 0.5647 5.4209, -0.6547 0.5656 5.4208, -0.7418 0.4547 5.426, -0.7321 0.4692 5.4254, -0.8714 0.5587 5.5906, -0.7243 0.4808 5.4248, -0.6963 0.5177 5.4231, -0.942 0.4293 5.5906, -0.7956 0.3624 5.43, -0.7896 0.3751 5.4295, -0.7588 0.4291 5.4271, -0.8436 0.2471 5.4346, -0.8395 0.2603 5.4341, -0.9936 0.2912 5.5906, -0.8271 0.2917 5.4329, -0.8165 0.3188 5.4318, -0.8706 0.1486 5.4384, -0.857 0.2041 5.4363, -0.8558 0.2089 5.4361, -0.8879 -0.0 5.4436, -0.8873 0.0234 5.4428, -1.0354 -0.0 5.5906, -0.8873 0.0252 5.4428, -0.8811 0.0873 5.4406, -0.8833 -0.1267 5.448, -0.8872 -0.0878 5.4467, -1.0249 -0.1471 5.5906, -0.8879 -0.0674 5.4459, -0.889 -0.0377 5.4449, -0.9936 -0.2912 5.5906, -0.8607 -0.2522 5.4526, -0.8608 -0.2517 5.4526, -0.8703 -0.2127 5.4511, -0.8794 -0.1596 5.4492, -0.881 -0.1505 5.4489, -0.8204 -0.3738 5.4573, -0.8329 -0.3423 5.456, -0.942 -0.4293 5.5906, -0.8359 -0.3349 5.4557, -0.8553 -0.2741 5.4534, -0.7628 -0.489 5.4619, -0.7877 -0.445 5.4601, -0.8714 -0.5587 5.5906, -0.795 -0.4296 5.4595, -0.8148 -0.3881 5.4578, -0.783 -0.6768 5.5906, -0.6889 -0.5953 5.4664, -0.6936 -0.5893 5.4661, -0.7217 -0.5527 5.4646, -0.7484 -0.5124 5.4629, -0.7566 -0.4999 5.4623, -0.6319 -0.6591 5.4693, -0.6453 -0.6458 5.4686, -0.6828 -0.6033 5.4667, -0.4858 -0.7804 5.4758, -0.4983 -0.7723 5.4753, -0.5607 -0.8694 5.5906, -0.5014 -0.7703 5.4751, -0.6787 -0.781 5.5906, -0.5524 -0.732 5.4729, -0.5626 -0.7231 5.4725, -0.6003 -0.6905 5.4708, -0.6004 -0.6904 5.4708, -0.4313 -0.9401 5.5906, -0.3852 -0.8391 5.4799, -0.3953 -0.8344 5.4795, -0.4025 -0.8303 5.4792, -0.4092 -0.8266 5.4789, -0.4473 -0.8054 5.4774, -0.278 -0.8849 5.484, -0.3137 -0.8709 5.4827, -0.3375 -0.8616 5.4818, -0.126 -0.9235 5.4894, -0.1345 -0.9221 5.4891, -0.149 -1.0229 5.5906, -0.1538 -0.9189 5.4885, -0.2167 -0.904 5.4862, -0.0019 -0.9359 5.4935, -0.0279 -0.9353 5.4927, -0.002 -1.0335 5.5906, -0.0302 -0.935 5.4926, -0.0915 -0.9292 5.4906, 0.1003 -0.9342 5.4969, 0.0657 -0.9357 5.4958, 0.036 -0.9369 5.4948, 0.2643 -0.9066 5.5025, 0.2602 -0.9077 5.5024, 0.2892 -0.9916 5.5906, 0.2258 -0.9162 5.5012, 0.1648 -0.9271 5.4991, 0.3559 -0.8785 5.5058, 0.3503 -0.8807 5.5056, 0.2886 -0.9006 5.5034, 0.5292 -0.7941 5.5124, 0.514 -0.8028 5.5118, 0.5568 -0.8694 5.5906, 0.4697 -0.8281 5.5101, 0.4481 -0.8385 5.5093, 0.6168 -0.7319 5.5159, 0.583 -0.758 5.5145, 0.5357 -0.7897 5.5127, 0.6828 -0.6751 5.5187, 0.7791 -0.6768 5.5906, 0.6908 -0.667 5.5191, 0.7581 -0.5941 5.5223, 0.7288 -0.6283 5.5208, 0.7262 -0.6309 5.5207, 0.8188 -0.5133 5.5256, 0.8124 -0.5233 5.5252, 0.8675 -0.5587 5.5906, 0.8104 -0.5264 5.5251, 0.7711 -0.579 5.5229, 0.8826 -0.404 5.5298, 0.878 -0.4137 5.5295, 0.9381 -0.4293 5.5906, 0.8714 -0.4256 5.529, 0.846 -0.4713 5.5273, 0.9324 -0.2855 5.5341, 0.9145 -0.3321 5.5324, 0.9062 -0.3536 5.5317, 0.9704 -0.1344 5.5392, 0.9696 -0.1397 5.539, 1.021 -0.1471 5.5906, 0.9664 -0.1589 5.5384, 0.9516 -0.2228 5.5363, 0.9832 -0.0277 5.5426, 0.9826 -0.0335 5.5424, 0.977 -0.0938 5.5405, 0.975 0.1698 5.5488, 0.9782 0.1409 5.5479, 1.021 0.1471 5.5906, 0.9818 0.1092 5.5469, 0.9837 0.0674 5.5456, 0.9526 0.2803 5.5525, 0.9546 0.2722 5.5522, 0.9897 0.2912 5.5906, 0.9625 0.2406 5.5511, 0.9744 0.1751 5.549, 0.9243 0.373 5.5556, 0.9245 0.3723 5.5556, 0.9462 0.3057 5.5533, 0.8379 0.5519 5.5621, 0.843 0.543 5.5617, 0.8675 0.5587 5.5906, 0.8709 0.4938 5.5599, 0.8823 0.4701 5.5591, 0.7592 0.6595 5.5642, 0.7957 0.6144 5.5642, 0.7791 0.6768 5.5906, 0.8009 0.608 5.5642, 0.831 0.5624 5.5625, 0.6748 0.781 5.5906, 0.5568 0.8694 5.5906, 0.5707 0.8261 5.5642, 0.6541 0.7637 5.5642, 0.6576 0.7611 5.5642, 0.7271 0.6916 5.5642, 0.4274 0.9401 5.5906, 0.4164 0.9161 5.5642, 0.4811 0.8808 5.5642, 0.5004 0.8702 5.5642, 0.5425 0.8472 5.5642, 0.2892 0.9916 5.5906, 0.2869 0.9644 5.5642, 0.3862 0.9273 5.5642, 0.1414 0.9968 5.5642, 0.1842 0.9875 5.5642, 0.2818 0.9663 5.5642, -1.3285 -0.1099 5.1181, -1.0523 0.8175 5.1181, -0.9812 0.9015 5.1181, -1.1726 0.6335 5.1181, -1.1163 0.728 5.1181, -1.333 0.0 5.1181, -1.3285 0.1099 5.1181, -1.3148 0.2191 5.1181, -1.1726 -0.6335 5.1181, 0.4302 -1.2589 5.1181, 0.3248 -1.2903 5.1181, 1.0484 -0.8175 5.1181, 0.9773 -0.9015 5.1181, -0.9034 0.9793 5.1181, -0.8195 1.0504 5.1181, -1.2209 -0.5347 5.1181, -1.2609 -0.4322 5.1181, -1.2923 -0.3268 5.1181, -1.3148 -0.2191 5.1181, -0.1119 -1.3265 5.1181, -0.221 -1.3129 5.1181, 0.6316 -1.1706 5.1181, 0.5327 -1.2189 5.1181, 1.1687 -0.6335 5.1181, 1.1124 -0.728 5.1181, 1.1687 0.6335 5.1181, 0.8156 1.0504 5.1181, 0.8995 0.9793 5.1181, -0.4341 1.2589 5.1181, -0.3287 1.2903 5.1181, -0.73 1.1143 5.1181, -0.6355 1.1706 5.1181, -0.5366 1.2189 5.1181, -1.2923 0.3268 5.1181, -1.2609 0.4322 5.1181, -1.2209 0.5347 5.1181, -1.0523 -0.8175 5.1181, -1.1163 -0.728 5.1181, -0.8195 -1.0504 5.1181, -0.9034 -0.9793 5.1181, -0.9812 -0.9015 5.1181, -0.6355 -1.1706 5.1181, -0.73 -1.1143 5.1181, -0.3287 -1.2903 5.1181, -0.4341 -1.2589 5.1181, -0.5366 -1.2189 5.1181, 1.257 -0.4322 5.1181, 1.217 -0.5347 5.1181, 1.217 0.5347 5.1181, 1.257 0.4322 5.1181, 1.2884 0.3268 5.1181, 0.9773 0.9015 5.1181, 1.0484 0.8175 5.1181, 1.1124 0.728 5.1181, 0.6316 1.1706 5.1181, 0.7261 1.1143 5.1181, 0.2171 -1.3129 5.1181, 0.108 -1.3265 5.1181, -0.002 -1.3311 5.1181, 0.8995 -0.9793 5.1181, 0.8156 -1.0504 5.1181, 0.7261 -1.1143 5.1181, 1.3246 -0.1099 5.1181, 1.3109 -0.2191 5.1181, 1.2884 -0.3268 5.1181, 0.108 1.3265 5.1181, 0.2171 1.3129 5.1181, 1.3109 0.2191 5.1181, 1.3246 0.1099 5.1181, 1.3291 -0.0 5.1181, 0.3248 1.2903 5.1181, 0.4302 1.2589 5.1181, 0.5327 1.2189 5.1181, -0.221 1.3129 5.1181, -0.1119 1.3265 5.1181, -0.002 1.3311 5.1181, 1.3246 -0.1099 5.5906, 1.257 -0.4322 5.5906, 1.2884 -0.3268 5.5906, 1.3109 -0.2191 5.5906, 0.4302 -1.2589 5.5906, 1.0484 0.8175 5.5906, 0.9773 0.9015 5.5906, 1.1687 -0.6335 5.5906, 1.217 -0.5347 5.5906, 0.108 -1.3265 5.5906, 0.2171 -1.3129 5.5906, 0.3248 -1.2903 5.5906, -0.6355 -1.1706 5.5906, -0.8195 -1.0504 5.5906, -0.73 -1.1143 5.5906, -1.0523 -0.8175 5.5906, -0.9812 -0.9015 5.5906, -0.9034 -0.9793 5.5906, 1.0484 -0.8175 5.5906, 1.1124 -0.728 5.5906, 0.8156 -1.0504 5.5906, 0.8995 -0.9793 5.5906, 0.9773 -0.9015 5.5906, -1.1726 -0.6335 5.5906, -1.1163 -0.728 5.5906, -1.2609 -0.4322 5.5906, -1.2209 -0.5347 5.5906, -1.3285 -0.1099 5.5906, -1.3148 -0.2191 5.5906, -1.2923 -0.3268 5.5906, -1.2609 0.4322 5.5906, -1.2923 0.3268 5.5906, -1.1726 0.6335 5.5906, -1.2209 0.5347 5.5906, 1.3291 0.0 5.5906, 1.3246 0.1099 5.5906, 1.3109 0.2191 5.5906, 0.5327 -1.2189 5.5906, 0.6316 -1.1706 5.5906, 0.7261 -1.1143 5.5906, -0.1119 -1.3265 5.5906, -0.002 -1.3311 5.5906, -0.5366 -1.2189 5.5906, -0.4341 -1.2589 5.5906, -0.3287 -1.2903 5.5906, -0.221 -1.3129 5.5906, -1.3148 0.2191 5.5906, -1.3285 0.1099 5.5906, -1.333 0.0 5.5906, -1.0523 0.8175 5.5906, -1.1163 0.728 5.5906, 1.1687 0.6335 5.5906, 1.1124 0.728 5.5906, 1.2884 0.3268 5.5906, 1.257 0.4322 5.5906, 1.217 0.5347 5.5906, -0.8195 1.0504 5.5906, -0.9034 0.9793 5.5906, -0.9812 0.9015 5.5906, -0.6355 1.1706 5.5906, -0.73 1.1143 5.5906, -0.4341 1.2589 5.5906, -0.5366 1.2189 5.5906, -0.1119 1.3265 5.5906, -0.221 1.3129 5.5906, -0.3287 1.2903 5.5906, 0.108 1.3265 5.5906, -0.002 1.3311 5.5906, 0.4302 1.2589 5.5906, 0.3248 1.2903 5.5906, 0.2171 1.3129 5.5906, 0.6316 1.1706 5.5906, 0.5327 1.2189 5.5906, 0.8995 0.9793 5.5906, 0.8156 1.0504 5.5906, 0.7261 1.1143 5.5906, 1.4494 0.2422 5.1705, 1.4491 0.2427 5.1704, 1.4491 0.2425 5.5383, 0.9763 1.0615 5.5521, 1.0257 0.976 5.5636, 0.9759 1.0622 5.1567, 0.9337 1.1353 5.5383, 0.9336 1.1354 5.1704, 0.9115 1.1738 5.1797, 0.9803 1.0546 5.1554, 0.9348 1.1333 5.5387, 0.9759 1.0622 5.552, 0.9338 1.1351 5.1703, 0.9682 1.0755 5.1588, 0.9006 1.1926 5.1843, 0.8687 1.2479 5.2009, 0.8426 1.2931 5.4907, 0.8539 1.2735 5.2103, 0.8427 1.293 5.2175, 1.4822 0.1854 5.5244, 1.5141 0.13 5.5078, 1.5291 0.104 5.2102, 1.5166 0.1258 5.5062, 1.5288 0.1045 5.4983, 1.5448 0.0769 5.4881, 1.5742 0.026 5.4653, 1.5604 0.0498 5.2321, 1.5892 -0.0 5.4518, 1.5892 -0.0 5.2569, 1.5258 0.1098 5.2079, 1.5166 0.1257 5.2029, 1.4494 0.2422 5.5382, 0.838 1.3011 5.2205, 0.8086 1.3519 5.2434, 0.8224 1.3282 5.4765, 0.7936 1.378 5.2569, 0.7936 1.378 5.4518, 0.857 1.2681 5.5008, 0.8944 1.2033 5.5214, 0.9114 1.1739 5.5287, 0.8537 1.2739 5.4984, 1.2677 0.5568 5.1341, 1.3036 0.4947 5.5716, 1.299 0.5026 5.1365, 1.3208 0.4648 5.5691, 1.32 0.4662 5.1396, 1.3261 0.4557 5.5683, 1.3261 0.4557 5.1405, 1.354 0.4073 5.5642, 1.3571 0.402 5.1451, 1.3863 0.3513 5.5569, 1.3863 0.3513 5.1519, 1.4025 0.3234 5.5532, 1.4479 0.2446 5.1699, 1.4065 0.3165 5.1565, 1.449 0.2428 5.5384, 1.4146 0.3024 5.5498, 1.4884 0.1746 5.1872, 1.0288 0.9706 5.1445, 1.0369 0.9566 5.5652, 1.0369 0.9565 5.1433, 1.0628 0.9117 5.5691, 1.062 0.9132 5.1396, 1.0838 0.8754 5.5722, 1.0792 0.8833 5.137, 1.0958 0.8545 5.5731, 1.0958 0.8546 5.1356, 1.1316 0.7925 5.1326, 1.141 0.7762 5.5766, 1.1534 0.7549 5.1319, 1.1534 0.7549 5.5769, 1.1859 0.6985 5.1309, 1.1969 0.6794 5.5778, 1.2104 0.6561 5.1314, 1.2104 0.6561 5.5774, 1.2418 0.6017 5.1321, 1.2512 0.5854 5.5761, 1.2677 0.5568 5.5747, 0.6026 1.378 5.1903, 0.7439 1.378 5.4731, 0.6613 1.378 5.2062, 0.6732 1.378 5.2103, -0.6064 1.378 5.19, -0.6118 1.378 5.1912, -0.517 1.378 5.5382, -0.6752 1.378 5.2093, -0.5912 1.378 5.5226, -0.6777 1.378 5.2102, -0.6065 1.378 5.5184, -0.7975 1.378 5.2569, -0.7975 1.378 5.4518, -0.7881 1.378 5.2525, -0.7478 1.378 5.473, -0.7478 1.378 5.2355, -0.7339 1.378 5.4789, -0.6771 1.378 5.4984, -0.736 1.378 5.2306, -0.6652 1.378 5.5024, -0.2648 1.378 5.5691, -0.2321 1.378 5.5708, -0.2615 1.378 5.1396, 0.6025 1.378 5.5187, 0.6079 1.378 5.5175, 0.5131 1.378 5.1704, 0.6713 1.378 5.4993, 0.5873 1.378 5.1861, 0.6738 1.378 5.4985, 0.7321 1.378 5.4781, 0.2609 1.378 5.1395, 0.2282 1.378 5.1378, 0.2576 1.378 5.5691, 0.7842 1.378 5.4562, 0.7439 1.378 5.2357, 0.73 1.378 5.2298, 0.1123 1.378 5.1328, -0.002 1.378 5.1309, -0.002 1.378 5.5778, -0.1162 1.378 5.5759, -0.1024 1.378 5.1321, -0.1162 1.378 5.1326, -0.142 1.378 5.5755, -0.1997 1.378 5.1356, -0.232 1.378 5.1377, -0.5457 1.378 5.1759, -0.5112 1.378 5.5394, -0.516 1.378 5.1705, -0.475 1.378 5.5457, -0.475 1.378 5.1631, -0.382 1.378 5.5585, -0.471 1.378 5.1623, -0.3511 1.378 5.5613, -0.3839 1.378 5.1504, 0.0985 1.378 5.5766, 0.1123 1.378 5.5761, 0.1381 1.378 5.1332, 0.1958 1.378 5.5731, 0.2281 1.378 5.571, -0.2672 1.378 5.569, -0.2935 1.378 5.1416, -0.3511 1.378 5.1472, 0.5418 1.378 5.5327, 0.5073 1.378 5.1692, 0.5121 1.378 5.5381, 0.4711 1.378 5.163, 0.4711 1.378 5.5456, 0.3781 1.378 5.1502, 0.4671 1.378 5.5463, 0.3472 1.378 5.1473, 0.38 1.378 5.5583, 0.2633 1.378 5.1396, 0.2896 1.378 5.567, 0.3472 1.378 5.5615, -0.9153 1.1739 5.1799, -0.9376 1.1353 5.1704, -0.9375 1.1354 5.5383, -0.9802 1.0615 5.1565, -1.0296 0.976 5.1451, -0.9798 1.0622 5.552, -0.9154 1.1738 5.529, -0.9045 1.1926 5.5244, -0.8465 1.2931 5.218, -0.9842 1.0546 5.5532, -0.9387 1.1333 5.1699, -0.9798 1.0622 5.1567, -0.9377 1.1351 5.5384, -0.9721 1.0755 5.5498, -1.5205 0.1258 5.2025, -1.5327 0.1045 5.2103, -1.533 0.104 5.4984, -1.5297 0.1098 5.5008, -1.5205 0.1257 5.5058, -1.4861 0.1854 5.1843, -0.8726 1.2479 5.5078, -0.8578 1.2735 5.4983, -0.8466 1.293 5.4911, -1.4533 0.2422 5.1705, -1.4533 0.2422 5.5381, -1.453 0.2427 5.5383, -1.453 0.2425 5.1704, -1.518 0.13 5.2009, -1.5487 0.0769 5.2205, -1.5781 0.026 5.2434, -1.5643 0.0498 5.4765, -1.5931 -0.0 5.2569, -1.5931 -0.0 5.4518, -0.8419 1.3011 5.4881, -0.8125 1.3519 5.4653, -0.8263 1.3282 5.2321, -0.8576 1.2739 5.2102, -0.8609 1.2681 5.2079, -0.8983 1.2033 5.1872, -1.4518 0.2446 5.5387, -1.4104 0.3165 5.5521, -1.4529 0.2428 5.1703, -1.3902 0.3513 5.5568, -1.4185 0.3024 5.1588, -1.4923 0.1746 5.5214, -1.0327 0.9706 5.5642, -1.0408 0.9566 5.1434, -1.0408 0.9565 5.5654, -1.0667 0.9117 5.1396, -1.0659 0.9132 5.5691, -1.0877 0.8754 5.1365, -1.0831 0.8833 5.5716, -1.0997 0.8545 5.1356, -1.0997 0.8546 5.5731, -1.2716 0.5568 5.5746, -1.3075 0.4947 5.137, -1.3029 0.5026 5.5722, -1.3247 0.4648 5.1396, -1.3239 0.4662 5.5691, -1.33 0.4557 5.1404, -1.33 0.4557 5.5682, -1.3579 0.4073 5.1445, -1.361 0.402 5.5636, -1.3902 0.3513 5.1518, -1.4064 0.3234 5.1554, -1.1355 0.7925 5.5761, -1.1449 0.7762 5.1321, -1.1573 0.7549 5.5768, -1.1573 0.7549 5.1318, -1.1898 0.6985 5.5778, -1.2008 0.6794 5.1309, -1.2143 0.6561 5.5773, -1.2143 0.6561 5.1313, -1.2457 0.6017 5.5766, -1.2551 0.5854 5.1326, -1.2716 0.5568 5.134, -0.9153 -1.1739 5.5287, -0.9376 -1.1353 5.5383, -0.9375 -1.1354 5.1704, -0.9802 -1.0615 5.5521, -1.0296 -0.976 5.5636, -0.9798 -1.0622 5.1567, -0.9842 -1.0546 5.1554, -0.9387 -1.1333 5.5387, -0.9798 -1.0622 5.552, -0.9377 -1.1351 5.1703, -0.9721 -1.0755 5.1588, -0.9154 -1.1738 5.1797, -0.9045 -1.1926 5.1843, -0.8465 -1.2931 5.4907, -1.4861 -0.1854 5.5244, -1.518 -0.13 5.5078, -1.533 -0.104 5.2102, -1.5205 -0.1258 5.5062, -1.5327 -0.1045 5.4983, -1.5297 -0.1098 5.2079, -1.5205 -0.1257 5.2029, -1.4533 -0.2422 5.5382, -1.4533 -0.2422 5.1705, -1.453 -0.2427 5.1704, -1.453 -0.2425 5.5383, -0.8726 -1.2479 5.2009, -0.8578 -1.2735 5.2103, -0.8466 -1.293 5.2175, -1.5487 -0.0769 5.4881, -1.5781 -0.026 5.4653, -1.5643 -0.0498 5.2321, -0.8419 -1.3011 5.2205, -0.8125 -1.3519 5.2434, -0.8263 -1.3282 5.4765, -0.7975 -1.378 5.2569, -0.7975 -1.378 5.4518, -1.4923 -0.1746 5.1872, -1.4518 -0.2446 5.1699, -1.4104 -0.3165 5.1565, -1.4529 -0.2428 5.5384, -1.3902 -0.3513 5.1519, -1.4185 -0.3024 5.5498, -0.8576 -1.2739 5.4984, -0.8609 -1.2681 5.5008, -0.8983 -1.2033 5.5214, -1.0327 -0.9706 5.1445, -1.0408 -0.9566 5.5652, -1.0408 -0.9565 5.1433, -1.0667 -0.9117 5.5691, -1.0659 -0.9132 5.1396, -1.0877 -0.8754 5.5722, -1.0831 -0.8833 5.137, -1.0997 -0.8545 5.5731, -1.0997 -0.8546 5.1356, -1.2716 -0.5568 5.1341, -1.3075 -0.4947 5.5716, -1.3029 -0.5026 5.1365, -1.3247 -0.4648 5.5691, -1.3239 -0.4662 5.1396, -1.33 -0.4557 5.5683, -1.33 -0.4557 5.1405, -1.3579 -0.4073 5.5642, -1.361 -0.402 5.1451, -1.3902 -0.3513 5.5569, -1.4064 -0.3234 5.5532, -1.1355 -0.7925 5.1326, -1.1449 -0.7762 5.5766, -1.1573 -0.7549 5.1319, -1.1573 -0.7549 5.5769, -1.1898 -0.6985 5.1309, -1.2008 -0.6794 5.5778, -1.2143 -0.6561 5.1314, -1.2143 -0.6561 5.5774, -1.2457 -0.6017 5.1321, -1.2551 -0.5854 5.5761, -1.2716 -0.5568 5.5747, 0.6026 -1.378 5.5184, 0.5873 -1.378 5.5226, 0.6738 -1.378 5.2102, -0.6064 -1.378 5.5187, -0.6118 -1.378 5.5175, -0.517 -1.378 5.1704, -0.6752 -1.378 5.4993, -0.5912 -1.378 5.1861, -0.6777 -1.378 5.4985, -0.6065 -1.378 5.1903, -0.7881 -1.378 5.4562, -0.7478 -1.378 5.2357, -0.7478 -1.378 5.4731, -0.7339 -1.378 5.2298, -0.6771 -1.378 5.2103, -0.736 -1.378 5.4781, -0.6652 -1.378 5.2062, -0.2648 -1.378 5.1395, -0.2321 -1.378 5.1378, -0.2615 -1.378 5.5691, 0.6713 -1.378 5.2093, 0.5131 -1.378 5.5382, 0.6079 -1.378 5.1912, 0.7936 -1.378 5.2569, 0.7936 -1.378 5.4518, 0.7842 -1.378 5.2525, 0.7439 -1.378 5.473, 0.7439 -1.378 5.2355, 0.73 -1.378 5.4789, 0.6732 -1.378 5.4984, 0.7321 -1.378 5.2306, 0.6613 -1.378 5.5024, 0.1123 -1.378 5.5759, -0.002 -1.378 5.5778, -0.002 -1.378 5.1309, -0.1162 -1.378 5.1328, -0.1024 -1.378 5.5766, -0.1162 -1.378 5.5761, -0.142 -1.378 5.1332, -0.1997 -1.378 5.5731, -0.232 -1.378 5.571, 0.0985 -1.378 5.1321, 0.1123 -1.378 5.1326, 0.1381 -1.378 5.5755, 0.1958 -1.378 5.1356, 0.2282 -1.378 5.5708, 0.2281 -1.378 5.1377, 0.2576 -1.378 5.1396, -0.5457 -1.378 5.5327, -0.5112 -1.378 5.1692, -0.516 -1.378 5.5381, -0.475 -1.378 5.163, -0.475 -1.378 5.5456, -0.382 -1.378 5.1502, -0.471 -1.378 5.5463, -0.3511 -1.378 5.1473, -0.3839 -1.378 5.5583, -0.2672 -1.378 5.1396, -0.2935 -1.378 5.567, -0.3511 -1.378 5.5615, 0.3472 -1.378 5.1472, 0.3472 -1.378 5.5613, 0.2896 -1.378 5.1416, 0.2633 -1.378 5.569, 0.2609 -1.378 5.5691, 0.38 -1.378 5.1504, 0.4671 -1.378 5.1623, 0.3781 -1.378 5.5585, 0.4711 -1.378 5.1631, 0.4711 -1.378 5.5457, 0.5121 -1.378 5.1705, 0.5073 -1.378 5.5394, 0.5418 -1.378 5.1759, 0.6025 -1.378 5.19, 0.9114 -1.1739 5.1799, 0.9337 -1.1353 5.1704, 0.9336 -1.1354 5.5383, 0.9763 -1.0615 5.1565, 1.0257 -0.976 5.1451, 0.9759 -1.0622 5.552, 1.4494 -0.2422 5.5381, 1.4491 -0.2427 5.5383, 1.4491 -0.2425 5.1704, 0.9115 -1.1738 5.529, 0.9006 -1.1926 5.5244, 0.8426 -1.2931 5.218, 0.9803 -1.0546 5.5532, 0.9348 -1.1333 5.1699, 0.9759 -1.0622 5.1567, 0.9338 -1.1351 5.5384, 0.9682 -1.0755 5.5498, 0.8687 -1.2479 5.5078, 0.8539 -1.2735 5.4983, 0.8427 -1.293 5.4911, 1.5166 -0.1258 5.2025, 1.5288 -0.1045 5.2103, 1.5291 -0.104 5.4984, 0.838 -1.3011 5.4881, 0.8086 -1.3519 5.4653, 0.8224 -1.3282 5.2321, 1.5141 -0.13 5.2009, 1.4494 -0.2422 5.1705, 1.4822 -0.1854 5.1843, 1.5448 -0.0769 5.2205, 1.5742 -0.026 5.2434, 1.5604 -0.0498 5.4765, 0.8537 -1.2739 5.2102, 0.857 -1.2681 5.2079, 0.8944 -1.2033 5.1872, 1.0288 -0.9706 5.5642, 1.0369 -0.9566 5.1434, 1.0369 -0.9565 5.5654, 1.0628 -0.9117 5.1396, 1.062 -0.9132 5.5691, 1.0838 -0.8754 5.1365, 1.0792 -0.8833 5.5716, 1.0958 -0.8545 5.1356, 1.0958 -0.8546 5.5731, 1.2677 -0.5568 5.5746, 1.3036 -0.4947 5.137, 1.299 -0.5026 5.5722, 1.3208 -0.4648 5.1396, 1.32 -0.4662 5.5691, 1.3261 -0.4557 5.1404, 1.3261 -0.4557 5.5682, 1.354 -0.4073 5.1445, 1.3571 -0.402 5.5636, 1.3863 -0.3513 5.1518, 1.3863 -0.3513 5.5568, 1.4025 -0.3234 5.1554, 1.4479 -0.2446 5.5387, 1.4065 -0.3165 5.5521, 1.449 -0.2428 5.1703, 1.4146 -0.3024 5.1588, 1.5258 -0.1098 5.5008, 1.5166 -0.1257 5.5058, 1.4884 -0.1746 5.5214, 1.1316 -0.7925 5.5761, 1.141 -0.7762 5.1321, 1.1534 -0.7549 5.5768, 1.1534 -0.7549 5.1318, 1.1859 -0.6985 5.5778, 1.1969 -0.6794 5.1309, 1.2104 -0.6561 5.5773, 1.2104 -0.6561 5.1313, 1.2418 -0.6017 5.5766, 1.2512 -0.5854 5.1326, 1.2677 -0.5568 5.134, 0.7919 0.2612 5.3308, 0.7691 0.3247 5.335, 0.7405 0.3836 5.339, 0.7305 0.4042 5.3404, 0.6841 0.4788 5.3457, 0.5056 0.6651 5.3608, 0.5715 0.6092 5.3558, 0.5835 0.5966 5.3548, 0.6307 0.5474 5.3509, 0.6705 0.4963 5.347, 0.1148 0.8279 5.3869, 0.1891 0.8145 5.3823, 0.2443 0.7985 5.3788, 0.2738 0.7899 5.3769, 0.3557 0.7563 5.3715, 0.3677 0.7498 5.3707, 0.4333 0.7145 5.3661, 0.4815 0.6815 5.3626, 0.017 0.8364 5.3926, 0.103 0.83 5.3876, 0.799 0.2415 5.3295, 0.82 0.1561 5.3242, 0.8232 0.1323 5.3227, 0.8317 0.0699 5.319, 0.8347 -0.0 5.3937, 0.8329 -0.0541 5.3906, 0.8238 -0.1324 5.3859, 0.823 -0.1393 5.3855, 0.7412 -0.384 5.3697, 0.7764 -0.3067 5.3749, 0.7917 -0.2612 5.3779, 0.8041 -0.2239 5.3803, 0.5879 -0.5933 5.3542, 0.645 -0.5305 5.3591, 0.6703 -0.4962 5.3617, 0.6961 -0.4612 5.3642, 0.7402 -0.3862 5.3695, 0.3798 -0.7444 5.3388, 0.4551 -0.7007 5.3441, 0.4815 -0.6815 5.3461, 0.5248 -0.65 5.3493, 0.5838 -0.5969 5.3539, 0.0473 -0.8352 5.3178, 0.1148 -0.8277 5.3218, 0.1325 -0.8257 5.3229, 0.2172 -0.8074 5.3281, 0.2442 -0.7985 5.3298, 0.3001 -0.7802 5.3335, 0.3678 -0.7498 5.338, 0.7285 1.3498 5.4985, 0.3424 1.36 5.5692, -0.3463 1.36 5.5692, -1.0341 0.9502 5.5692, -1.5367 0.0 5.4985, -0.9056 -1.161 5.5383, -0.3463 -1.36 5.5692, 0.3424 -1.36 5.5692, 1.0302 -0.9502 5.5692, 1.5328 0.0 5.4985, 0.9017 1.161 5.5383, 0.8375 1.2849 5.4985, 0.8027 1.2317 5.5383, 0.8597 1.1071 5.5692, 0.9482 1.0322 5.5692, 1.0302 0.9502 5.5692, 1.358 0.3444 5.5692, 1.3249 0.4555 5.5692, 1.3818 0.2309 5.5692, 1.4643 0.1215 5.5383, 1.4492 0.2422 5.5383, 1.4693 0.0 5.5383, 1.4643 -0.1215 5.5383, 1.4492 -0.2422 5.5383, 1.3818 -0.2309 5.5692, 1.358 -0.3444 5.5692, 1.3249 -0.4555 5.5692, 0.9482 -1.0322 5.5692, 0.8597 -1.1071 5.5692, 0.8027 -1.2317 5.5383, 0.9017 -1.161 5.5383, 0.7285 -1.3498 5.4985, 0.8375 -1.2849 5.4985, 0.6983 -1.2939 5.5383, 0.589 -1.3473 5.5383, 0.4536 -1.3269 5.5692, 0.5616 -1.2847 5.5692, -0.4575 -1.3269 5.5692, -0.5929 -1.3473 5.5383, -0.7022 -1.2939 5.5383, -0.7324 -1.3498 5.4985, -0.8414 -1.2849 5.4985, -0.8066 -1.2317 5.5383, -0.8636 -1.1071 5.5692, -0.9521 -1.0322 5.5692, -1.0341 -0.9502 5.5692, -1.3619 -0.3444 5.5692, -1.3288 -0.4555 5.5692, -1.3857 -0.2309 5.5692, -1.4682 -0.1215 5.5383, -1.4531 -0.2422 5.5383, -1.4732 0.0 5.5383, -1.4682 0.1215 5.5383, -1.4531 0.2422 5.5383, -1.3857 0.2309 5.5692, -1.3619 0.3444 5.5692, -1.3288 0.4555 5.5692, -0.9521 1.0322 5.5692, -0.8636 1.1071 5.5692, -0.8066 1.2317 5.5383, -0.9056 1.161 5.5383, -0.7324 1.3498 5.4985, -0.8414 1.2849 5.4985, -0.7022 1.2939 5.5383, -0.5929 1.3473 5.5383, -0.4575 1.3269 5.5692, -0.5655 1.2847 5.5692, 0.4536 1.3269 5.5692, 0.589 1.3473 5.5383, 0.6983 1.2939 5.5383, -0.5655 -1.2847 5.5692, -0.6697 -1.2338 5.5692, -0.7693 -1.1745 5.5692, 0.7654 -1.1745 5.5692, 0.6658 -1.2338 5.5692, 1.3962 0.1159 5.5692, 1.401 0.0 5.5692, 1.3962 -0.1159 5.5692, 0.5616 1.2847 5.5692, 0.6658 1.2338 5.5692, 0.7654 1.1745 5.5692, -0.7693 1.1745 5.5692, -0.6697 1.2338 5.5692, -1.4001 -0.1159 5.5692, -1.4049 0.0 5.5692, -1.4001 0.1159 5.5692, 0.9017 -1.161 5.1704, 0.3424 -1.36 5.1395, -0.3463 -1.36 5.1395, -1.0341 -0.9502 5.1395, -1.5367 0.0 5.2102, -0.9056 1.161 5.1704, -0.3463 1.36 5.1395, 0.3424 1.36 5.1395, 1.0302 0.9502 5.1395, 1.5328 -0.0 5.2102, 1.4643 0.1215 5.1704, 1.4492 0.2422 5.1704, 1.4693 -0.0 5.1704, 1.3818 0.2309 5.1395, 1.358 0.3444 5.1395, 1.3249 0.4555 5.1395, 0.9482 1.0322 5.1395, 0.8597 1.1071 5.1395, 0.8027 1.2317 5.1704, 0.9017 1.161 5.1704, 0.7285 1.3498 5.2102, 0.8375 1.2849 5.2102, 0.6983 1.2939 5.1704, 0.589 1.3473 5.1704, 0.4536 1.3269 5.1395, 0.5616 1.2847 5.1395, -0.4575 1.3269 5.1395, -0.5929 1.3473 5.1704, -0.7022 1.2939 5.1704, -0.7324 1.3498 5.2102, -0.8414 1.2849 5.2102, -0.8066 1.2317 5.1704, -0.8636 1.1071 5.1395, -0.9521 1.0322 5.1395, -1.0341 0.9502 5.1395, -1.3619 0.3444 5.1395, -1.3288 0.4555 5.1395, -1.3857 0.2309 5.1395, -1.4682 0.1215 5.1704, -1.4531 0.2422 5.1704, -1.4732 0.0 5.1704, -1.4682 -0.1215 5.1704, -1.4531 -0.2422 5.1704, -1.3857 -0.2309 5.1395, -1.3619 -0.3444 5.1395, -1.3288 -0.4555 5.1395, -0.9521 -1.0322 5.1395, -0.8636 -1.1071 5.1395, -0.8066 -1.2317 5.1704, -0.9056 -1.161 5.1704, -0.7324 -1.3498 5.2102, -0.8414 -1.2849 5.2102, -0.7022 -1.2939 5.1704, -0.5929 -1.3473 5.1704, -0.4575 -1.3269 5.1395, -0.5655 -1.2847 5.1395, 0.4536 -1.3269 5.1395, 0.589 -1.3473 5.1704, 0.6983 -1.2939 5.1704, 0.7285 -1.3498 5.2102, 0.8375 -1.2849 5.2102, 0.8027 -1.2317 5.1704, 0.8597 -1.1071 5.1395, 0.9482 -1.0322 5.1395, 1.0302 -0.9502 5.1395, 1.358 -0.3444 5.1395, 1.3249 -0.4555 5.1395, 1.3818 -0.2309 5.1395, 1.4643 -0.1215 5.1704, 1.4492 -0.2422 5.1704, -0.5655 1.2847 5.1395, -0.6697 1.2338 5.1395, -0.7693 1.1745 5.1395, 0.7654 1.1745 5.1395, 0.6658 1.2338 5.1395, 1.3962 -0.1159 5.1395, 1.401 -0.0 5.1395, 1.3962 0.1159 5.1395, 0.5616 -1.2847 5.1395, 0.6658 -1.2338 5.1395, 0.7654 -1.1745 5.1395, -0.7693 -1.1745 5.1395, -0.6697 -1.2338 5.1395, -1.4001 0.1159 5.1395, -1.4049 0.0 5.1395, -1.4001 -0.1159 5.1395, 0.5719 0.8276 5.56, 0.6543 0.7639 5.5548, 0.1897 -0.9884 5.1472, 0.1847 -0.9897 5.1469, 0.2871 -0.9647 5.1523, 0.2925 -0.9628 5.1526, 0.3868 -0.929 5.1577, 0.3924 -0.9263 5.158, 0.4823 -0.883 5.1631, 0.4879 -0.8795 5.1634, 0.5719 -0.8276 5.1487, 0.6543 -0.7639 5.1538, 0.7286 -0.6932 5.1587, 0.7959 -0.6146 5.1638, 0.832 -0.5646 5.1471, 0.1885 0.9889 5.5615, 0.1846 0.9896 5.5617, 0.287 0.9646 5.5564, 0.2901 0.9638 5.5562, 0.3868 0.9289 5.551, 0.389 0.9281 5.5509, 0.4823 0.883 5.5456, 0.4836 0.8823 5.5455, 0.7286 0.6932 5.5499, 0.7959 0.6146 5.5449, 0.8543 -0.5276 5.1493, 0.8555 -0.5283 5.169, 0.8861 -0.475 5.1524, 0.9061 -0.4355 5.1744, 0.9049 -0.4349 5.1547, 0.9308 -0.3799 5.1578, 0.9456 -0.3372 5.1601, 0.9469 -0.3376 5.1798, 0.9653 -0.2806 5.1631, 0.977 -0.2362 5.1852, 0.9757 -0.2359 5.1655, 0.9891 -0.1788 5.1684, 0.995 -0.133 5.1707, 0.9963 -0.1331 5.1904, 1.0022 -0.0763 5.1735, 1.0047 -0.03 5.1954, 1.0034 -0.03 5.1757, 1.0048 0.0255 5.1784, 1.0012 0.0725 5.1807, 1.0025 0.0726 5.2003, 0.997 0.1278 5.1834, 0.9897 0.1759 5.2055, 0.9883 0.1757 5.1858, 0.9785 0.2301 5.1885, 0.9646 0.2781 5.1911, 0.9659 0.2785 5.2108, 0.9492 0.3309 5.1939, 0.9313 0.3786 5.2162, 0.93 0.3781 5.1965, 0.9095 0.4283 5.1992, 0.7679 0.6473 5.2123, 0.8016 0.607 5.2098, 0.8318 0.5649 5.2269, 0.8307 0.5641 5.2072, 0.8863 0.4746 5.2216, 0.86 0.5208 5.2046, 0.8851 0.474 5.2019, 0.7356 0.6858 5.2148, 0.7689 0.6481 5.2321, 0.698 0.7223 5.2173, 0.6989 0.7233 5.237, 0.6626 0.7567 5.2197, 0.6203 0.7902 5.2223, 0.5817 0.8207 5.2247, 0.6211 0.7912 5.242, 0.5349 0.8505 5.2275, 0.5356 0.8516 5.2472, 0.4936 0.8768 5.23, 0.4428 0.9021 5.2329, 0.3995 0.9236 5.2353, 0.4434 0.9033 5.2525, 0.3455 0.9438 5.2383, 0.346 0.9451 5.258, 0.301 0.9604 5.2407, 0.2446 0.9751 5.2437, 0.1997 0.9867 5.246, 0.2449 0.9764 5.2633, 0.1417 0.9955 5.2489, 0.1419 0.9968 5.2686, 0.0972 1.0022 5.2511, 0.0386 1.005 5.254, -0.0048 1.0071 5.256, 0.0387 1.0063 5.2737, -0.0638 1.0039 5.2589, -0.0639 1.0052 5.2786, -0.1069 1.0016 5.261, -0.167 0.9922 5.264, -0.2094 0.9855 5.2661, -0.1672 0.9934 5.2837, -0.2696 0.9695 5.2693, -0.2699 0.9708 5.2889, -0.3106 0.9586 5.2714, -0.3699 0.936 5.2747, -0.4089 0.9212 5.2768, -0.3704 0.9373 5.2943, -0.4663 0.8922 5.2801, -0.4669 0.8934 5.2998, -0.5027 0.8738 5.2821, -0.5571 0.8387 5.2854, -0.5904 0.8173 5.2874, -0.5578 0.8398 5.3051, -0.641 0.7768 5.2906, -0.6418 0.7777 5.3103, -0.6709 0.7528 5.2924, -0.717 0.7075 5.2955, -0.7434 0.6815 5.2973, -0.7178 0.7084 5.3152, -0.7855 0.6307 5.3005, -0.7865 0.6315 5.3202, -0.8091 0.6023 5.3023, -0.8467 0.546 5.3057, -0.867 0.5157 5.3075, -0.8477 0.5467 5.3254, -0.8992 0.4546 5.3111, -0.9003 0.4552 5.3307, -0.916 0.4229 5.3129, -0.9421 0.3577 5.3165, -0.9551 0.3252 5.3182, -0.9432 0.3582 5.3361, -0.9744 0.2571 5.3218, -0.9756 0.2574 5.3415, -0.9837 0.2243 5.3236, -0.996 0.1543 5.3271, -1.0016 0.122 5.3287, -0.9971 0.1545 5.3468, -1.0066 0.0512 5.3322, -1.0077 0.0513 5.3519, -1.0088 0.0197 5.3337, -1.0066 -0.0512 5.3371, -1.0057 -0.0821 5.3386, -1.0077 -0.0513 5.3568, -0.996 -0.1544 5.3422, -0.9971 -0.1545 5.3619, -0.992 -0.1846 5.3437, -0.9745 -0.2572 5.3475, -0.9675 -0.2863 5.349, -0.9756 -0.2574 5.3671, -0.9421 -0.3578 5.3528, -0.9432 -0.3582 5.3725, -0.9324 -0.3854 5.3543, -0.8993 -0.4547 5.3582, -0.8871 -0.4803 5.3597, -0.9003 -0.4552 5.3779, -0.8468 -0.5462 5.3636, -0.8477 -0.5467 5.3833, -0.8326 -0.5695 5.365, -0.7857 -0.6309 5.3688, -0.7698 -0.6517 5.3701, -0.7865 -0.6315 5.3885, -0.7171 -0.7077 5.3738, -0.7178 -0.7084 5.3935, -0.7 -0.7259 5.375, -0.6412 -0.777 5.3787, -0.6226 -0.7931 5.3799, -0.6418 -0.7777 5.3984, -0.5572 -0.839 5.3839, -0.5578 -0.8398 5.4036, -0.5375 -0.8529 5.3851, -0.4664 -0.8925 5.3892, -0.446 -0.9039 5.3904, -0.4669 -0.8934 5.4089, -0.37 -0.9364 5.3946, -0.3704 -0.9373 5.4143, -0.3492 -0.9453 5.3958, -0.2697 -0.9699 5.4, -0.249 -0.9763 5.4011, -0.2699 -0.9708 5.4197, -0.167 -0.9926 5.4053, -0.1672 -0.9934 5.425, -0.1468 -0.9966 5.4064, -0.0638 -1.0044 5.4104, -0.0443 -1.0062 5.4114, -0.0639 -1.0052 5.4301, 0.0387 -1.0055 5.4153, 0.0387 -1.0063 5.435, 0.0574 -1.0053 5.4162, 0.1418 -0.996 5.4204, 0.1599 -0.994 5.4213, 0.1419 -0.9968 5.4401, 0.2447 -0.9756 5.4256, 0.2449 -0.9764 5.4453, 0.2619 -0.9719 5.4265, 0.3457 -0.9444 5.431, 0.3617 -0.9392 5.4319, 0.346 -0.9451 5.4507, 0.4431 -0.9026 5.4364, 0.4434 -0.9033 5.4561, 0.4576 -0.8961 5.4372, 0.5353 -0.8511 5.4418, 0.5482 -0.8435 5.4425, 0.5356 -0.8516 5.4615, 0.6208 -0.7907 5.447, 0.6211 -0.7912 5.4667, 0.6321 -0.7825 5.4477, 0.6985 -0.7228 5.452, 0.7081 -0.7142 5.4526, 0.6989 -0.7233 5.4717, 0.7685 -0.6477 5.4569, 0.7689 -0.6481 5.4766, 0.7768 -0.6386 5.4575, 0.8314 -0.5646 5.4621, 0.8914 -0.4649 5.468, 0.8859 -0.4743 5.4674, 0.8863 -0.4746 5.4871, 0.8383 -0.5551 5.4627, 0.8318 -0.5649 5.4818, 0.9893 -0.1758 5.4835, 0.9684 -0.2696 5.4787, 0.9659 -0.2785 5.4979, 0.9654 -0.2784 5.4782, 0.9313 -0.3786 5.4925, 0.935 -0.3692 5.4733, 0.9308 -0.3784 5.4728, 0.9911 -0.1677 5.4839, 0.9897 -0.1759 5.5032, 1.0022 -0.0725 5.4886, 1.0025 -0.0726 5.5083, 1.003 -0.0651 5.489, 1.0044 0.03 5.4936, 0.9955 0.139 5.4989, 0.996 0.1331 5.4986, 0.9963 0.1331 5.5183, 1.0045 0.0366 5.4939, 1.0047 0.03 5.5132, 0.9768 0.2362 5.5038, 0.977 0.2362 5.5235, 0.9758 0.2412 5.5041, 0.9469 0.3376 5.5289, 0.9467 0.3375 5.5092, 0.9454 0.3417 5.5094, 0.7958 0.6145 5.5252, 0.8555 0.5283 5.5397, 0.8318 0.5629 5.5615, 0.8541 0.5305 5.5201, 0.8553 0.5282 5.52, 0.9061 0.4355 5.5343, 0.9046 0.4386 5.5148, 0.906 0.4354 5.5146, 0.5719 0.8276 5.5403, 0.5724 0.8272 5.5403, 0.6542 0.764 5.5352, 0.728 0.6939 5.5303, 0.7948 0.616 5.5253, 0.6543 -0.7639 5.1735, 0.5775 -0.8233 5.1687, 0.5719 -0.8276 5.1684, 0.6597 -0.7588 5.1739, 0.7959 -0.6146 5.1834, 0.7337 -0.6872 5.1788, 0.7286 -0.6932 5.1784, 0.8007 -0.6077 5.1839, 0.9061 -0.4355 5.1941, 0.8598 -0.5204 5.1891, 0.8555 -0.5283 5.1887, 0.9098 -0.4267 5.1945, 0.977 -0.2362 5.2048, 0.9497 -0.3281 5.2, 0.9469 -0.3376 5.1995, 0.9789 -0.2261 5.2054, 1.0047 -0.03 5.2151, 0.9972 -0.1225 5.2106, 0.9963 -0.1331 5.2101, 1.0045 -0.019 5.2156, 0.9897 0.1759 5.2251, 1.0011 0.084 5.2206, 1.0025 0.0726 5.22, 0.9869 0.1878 5.2258, 0.9313 0.3786 5.2359, 0.9617 0.2905 5.2311, 0.9659 0.2785 5.2304, 0.9256 0.3906 5.2365, 0.8318 0.5649 5.2466, 0.8792 0.4863 5.2419, 0.8863 0.4746 5.2413, 0.8234 0.576 5.2473, 0.6989 0.7233 5.2567, 0.7592 0.6585 5.2524, 0.7689 0.6481 5.2517, 0.6879 0.7329 5.2574, 0.5356 0.8516 5.2669, 0.6086 0.8 5.2624, 0.6211 0.7912 5.2617, 0.5217 0.8594 5.2677, 0.346 0.9451 5.2776, 0.4282 0.9098 5.2731, 0.4434 0.9033 5.2722, 0.3298 0.9501 5.2785, 0.1419 0.9968 5.2883, 0.2279 0.9797 5.2839, 0.2449 0.9764 5.283, 0.1243 0.9984 5.2891, -0.0639 1.0052 5.2982, 0.0209 1.0061 5.2942, 0.0387 1.0063 5.2933, -0.0821 1.0031 5.2991, -0.2699 0.9708 5.3086, -0.1858 0.9893 5.3043, -0.1672 0.9934 5.3033, -0.2886 0.9645 5.3096, -0.4669 0.8934 5.3194, -0.3888 0.9289 5.3151, -0.3704 0.9373 5.314, -0.4847 0.8829 5.3205, -0.6418 0.7777 5.33, -0.5746 0.8273 5.3258, -0.5578 0.8398 5.3248, -0.6574 0.7635 5.331, -0.7865 0.6315 5.3399, -0.732 0.6925 5.3359, -0.7178 0.7084 5.3349, -0.7994 0.6135 5.341, -0.9003 0.4552 5.3504, -0.8591 0.5269 5.3462, -0.8477 0.5467 5.3451, -0.9098 0.4337 5.3516, -0.9756 0.2574 5.3612, -0.9505 0.3354 5.357, -0.9432 0.3582 5.3558, -0.9806 0.2336 5.3624, -1.0077 0.0513 5.3716, -0.9996 0.1301 5.3677, -0.9971 0.1545 5.3665, -1.0077 0.0266 5.3727, -0.9971 -0.1545 5.3815, -1.0052 -0.0763 5.3777, -1.0077 -0.0513 5.3765, -0.9918 -0.18 5.3828, -0.9432 -0.3582 5.3922, -0.9674 -0.2828 5.3882, -0.9756 -0.2574 5.3868, -0.9322 -0.3831 5.3936, -0.8477 -0.5467 5.403, -0.8865 -0.4792 5.399, -0.9003 -0.4552 5.3976, -0.8314 -0.5694 5.4044, -0.7178 -0.7084 5.4131, -0.7678 -0.6524 5.4095, -0.7865 -0.6315 5.4082, -0.697 -0.7273 5.4145, -0.5578 -0.8398 5.4233, -0.6184 -0.795 5.4195, -0.6418 -0.7777 5.4181, -0.5321 -0.855 5.4248, -0.3704 -0.9373 5.434, -0.4391 -0.906 5.4302, -0.4669 -0.8934 5.4286, -0.341 -0.9471 5.4356, -0.1672 -0.9934 5.4447, -0.2393 -0.9775 5.441, -0.2699 -0.9708 5.4394, -0.1359 -0.997 5.4462, 0.0387 -1.0063 5.4547, -0.0324 -1.0055 5.4513, -0.0639 -1.0052 5.4498, 0.0705 -1.0033 5.4563, 0.2449 -0.9764 5.465, 0.1742 -0.9904 5.4614, 0.1419 -0.9968 5.4597, 0.2771 -0.9664 5.4667, 0.4434 -0.9033 5.4758, 0.3775 -0.9316 5.4721, 0.346 -0.9451 5.4704, 0.4737 -0.8863 5.4776, 0.6211 -0.7912 5.4864, 0.5641 -0.8315 5.4829, 0.5356 -0.8516 5.4812, 0.6474 -0.7682 5.4881, 0.7689 -0.6481 5.4963, 0.7226 -0.6978 5.493, 0.6989 -0.7233 5.4914, 0.7905 -0.6195 5.4981, 0.8863 -0.4746 5.5068, 0.8508 -0.5334 5.5033, 0.8318 -0.5649 5.5015, 0.9022 -0.4406 5.5087, 0.9659 -0.2785 5.5176, 0.9437 -0.3427 5.5141, 0.9313 -0.3786 5.5122, 0.9745 -0.2412 5.5195, 1.0025 -0.0726 5.528, 0.9944 -0.1378 5.5248, 0.9897 -0.1759 5.5229, 1.0033 -0.0343 5.5299, 0.9963 0.1331 5.538, 1.0016 0.0686 5.5348, 1.0047 0.03 5.5329, 0.989 0.1723 5.5399, 0.9469 0.3376 5.5486, 0.9654 0.2752 5.5453, 0.977 0.2362 5.5432, 0.931 0.3757 5.5507, 0.9061 0.4355 5.554, 0.8861 0.4721 5.5561, 0.8555 0.5283 5.5594, -0.8986 0.214 5.4117, -0.9089 -0.1649 5.4321, 0.9167 0.077 5.2698, 0.9197 -0.0174 5.2649, 0.9131 -0.1121 5.2598, 0.8964 -0.207 5.2546, 0.8696 -0.3004 5.2492, 0.833 -0.3908 5.2437, 0.7872 -0.4766 5.2383, 0.733 -0.5564 5.2331, -0.4877 -0.7835 5.474, -0.5669 -0.7285 5.4687, -0.6389 -0.6665 5.4637, -0.7037 -0.5978 5.4588, -0.7619 -0.5218 5.4536, -0.8125 -0.4391 5.4482, -0.8543 -0.3511 5.4428, -0.8866 -0.2592 5.4374, -0.9211 -0.0699 5.4269, -0.9235 0.0244 5.422, -0.9161 0.1192 5.4169, -0.8711 0.3073 5.4063, -0.8338 0.3973 5.4008, -0.7873 0.4827 5.3954, -0.7326 0.5621 5.3902, -0.6708 0.6344 5.3851, -0.6025 0.6994 5.3802, -0.5266 0.758 5.375, -0.4442 0.8088 5.3697, -0.3564 0.851 5.3643, -0.2646 0.8836 5.3588, -0.1704 0.9063 5.3535, -0.0754 0.9189 5.3483, 0.0189 0.9216 5.3434, 0.9037 0.172 5.275, 0.8807 0.2661 5.2803, 0.8476 0.3578 5.2857, 0.8051 0.4454 5.2912, 0.754 0.5276 5.2965, 0.6952 0.6032 5.3016, 0.6299 0.6713 5.3066, 0.5573 0.7328 5.3116, 0.4777 0.7872 5.3169, 0.3921 0.8334 5.3223, 0.3019 0.8703 5.3277, 0.2086 0.8975 5.3331, 0.1137 0.9146 5.3384, 0.8279 0.4015 5.4656, 0.8652 0.3128 5.4602, 0.8931 0.2208 5.4549, 0.9111 0.1272 5.4497, 0.9193 0.0335 5.4447, 0.918 -0.0596 5.4398, 0.907 -0.1535 5.4347, 0.8863 -0.2468 5.4295, 0.8557 -0.338 5.4241, 0.8158 -0.4256 5.4188, 0.5784 -0.7162 5.3985, 0.5017 -0.7721 5.3933, 0.4187 -0.8203 5.388, 0.3309 -0.8597 5.3827, 0.2395 -0.8897 5.3773, 0.1462 -0.9099 5.3721, 0.0524 -0.9203 5.367, -0.0408 -0.921 5.3622, -0.1345 -0.9123 5.3571, -0.228 -0.8937 5.3519, -0.3199 -0.8653 5.3466, -0.4084 -0.8274 5.3412, -0.4922 -0.7807 5.3359, -0.5701 -0.726 5.3307, -0.6409 -0.6645 5.3257, -0.7048 -0.5965 5.3209, -0.7623 -0.5213 5.3158, -0.8122 -0.4396 5.3105, -0.8536 -0.3528 5.3051, -0.8858 -0.2621 5.2998, -0.9082 -0.169 5.2945, -0.9207 -0.0752 5.2894, -0.9236 0.018 5.2845, -0.917 0.1116 5.2795, -0.9006 0.2054 5.2744, -0.8744 0.2977 5.269, -0.8386 0.3871 5.2637, -0.7938 0.4721 5.2583, -0.7408 0.5513 5.2531, -0.6807 0.6238 5.2481, -0.6143 0.6891 5.2432, -0.5406 0.7481 5.2382, -0.4603 0.7998 5.2329, 0.7816 0.4856 5.4709, 0.7273 0.5639 5.4761, 0.648 -0.6537 5.4034, 0.7109 -0.5845 5.4083, 0.7672 -0.5082 5.4135, -0.564 1.0236 2.1494, -0.564 1.0236 2.2311, -0.3494 1.0236 2.2311, -0.1875 1.0236 2.0094, -0.1885 1.0236 2.0112, -0.1885 1.0236 2.0218, -0.1184 1.0236 2.2301, -0.1184 1.0236 2.2311, -0.1151 1.0236 2.2311, -0.3078 1.0236 2.2295, -0.3377 1.0236 2.1494, -0.3494 1.0236 2.1494, 0.2555 1.0236 2.0919, 0.2466 1.0236 2.0835, 0.2073 1.0236 2.1037, 0.2366 1.0236 2.0248, 0.2383 1.0236 2.0218, 0.017 1.0236 2.0218, 0.4085 1.0236 2.1445, 0.4063 1.0236 2.1494, 1.4154 1.0236 2.1494, 0.2675 1.0236 2.2414, 0.2619 1.0236 2.2435, 1.4154 1.0236 2.2435, 0.0651 1.0236 2.1494, 0.017 1.0236 2.1494, 0.0704 1.0236 2.1568, 0.017 1.0236 2.2311, 0.0858 1.0236 2.1699, 0.1357 1.0236 2.2245, 0.1171 1.0236 2.2027, 0.1053 1.0236 2.1793, 0.1027 1.0236 2.1784, 0.1895 1.0236 2.252, 0.166 1.0236 2.2435, 0.017 1.0236 2.2435, 0.161 1.0236 2.2418, 0.1454 1.0236 2.2311, 1.4154 1.0236 2.9921, 0.213 1.0236 2.2547, 0.017 1.0236 2.9921, 0.2412 1.0236 2.2514, 1.4154 1.0236 2.2311, 0.2836 1.0236 2.2311, 0.2814 1.0236 2.2329, 0.3993 1.0236 2.1649, 0.3854 1.0236 2.1824, 0.3422 1.0236 2.2067, 0.3197 1.0236 2.2093, 0.2949 1.0236 2.2216, 0.3132 1.0236 2.2089, 0.3067 1.0236 2.2081, 0.3816 1.0236 2.186, 0.3634 1.0236 2.1986, 1.4154 1.0236 2.1037, 0.4126 1.0236 2.1177, 0.4124 1.0236 2.1231, 0.3715 1.0236 2.0403, 0.3891 1.0236 2.0555, 1.4154 1.0236 2.0218, 0.351 1.0236 2.0301, 0.402 1.0236 2.0741, 0.41 1.0236 2.0953, 0.411 1.0236 2.1037, 0.3438 1.0236 2.0279, 0.3411 1.0236 2.0218, 0.3389 1.0236 2.0168, 0.3308 1.0236 2.0061, 1.4154 1.0236 1.703, 0.307 1.0236 1.9915, 1.4154 1.0236 1.9925, 0.3094 1.0236 1.9925, 0.3199 1.0236 1.9974, 0.2704 1.0236 1.9925, 0.2778 1.0236 1.99, 0.017 1.0236 1.703, 0.29 1.0236 1.9888, 0.2937 1.0236 1.9889, 0.2436 1.0236 2.0122, 0.2534 1.0236 2.0019, 0.017 1.0236 1.9925, 0.2649 1.0236 1.9944, 0.1635 1.0236 2.0586, 0.1595 1.0236 2.0602, 0.1526 1.0236 2.0926, 0.017 1.0236 2.1037, 0.0496 1.0236 2.1037, 0.0522 1.0236 2.0841, 0.167 1.0236 2.0562, 0.0865 1.0236 2.0374, 0.1039 1.0236 2.0291, 0.0709 1.0236 2.0504, 0.1551 1.0236 2.0607, 0.1546 1.0236 2.0606, 0.1529 1.0236 2.0603, 0.0595 1.0236 2.0662, 0.1729 1.0236 2.0432, 0.1727 1.0236 2.0454, 0.2326 1.0236 2.051, 0.1716 1.0236 2.0497, 0.1693 1.0236 2.0536, 0.0964 1.0236 2.0742, 0.0901 1.0236 2.0831, 0.0862 1.0236 2.0932, 0.1591 1.0236 2.1037, 0.1635 1.0236 2.0275, 0.1671 1.0236 2.0301, 0.1685 1.0236 2.0315, 0.1709 1.0236 2.0351, 0.1724 1.0236 2.0389, 0.2331 1.0236 2.0388, 0.2327 1.0236 2.0453, 0.1229 1.0236 2.0252, 0.1565 1.0236 2.0254, 0.1597 1.0236 2.0259, 0.1517 1.0236 2.0601, 0.1261 1.0236 2.0599, 0.1166 1.0236 2.0616, 0.1065 1.0236 2.066, 0.0979 1.0236 2.0726, 0.1336 1.0236 2.1494, 0.1701 1.0236 2.1229, 0.1334 1.0236 2.1488, 0.3707 1.0236 2.1436, 0.3753 1.0236 2.1308, 0.0848 1.0236 2.1037, 0.0848 1.0236 2.104, 0.085 1.0236 2.1085, 0.0995 1.0236 2.1373, 0.1083 1.0236 2.1435, 0.0875 1.0236 2.1195, 0.0926 1.0236 2.1295, 0.1182 1.0236 2.1474, 0.1289 1.0236 2.1487, 0.3357 1.0236 2.0795, 0.3259 1.0236 2.0899, 0.3744 1.0236 2.1037, 0.314 1.0236 2.0976, 0.3013 1.0236 2.102, 0.2892 1.0236 2.1032, 0.2809 1.0236 2.1025, 0.2673 1.0236 2.0987, 0.3717 1.0236 2.0949, 0.3642 1.0236 2.0827, 0.3422 1.0236 2.0678, 0.3538 1.0236 2.0725, 0.343 1.0236 2.066, 0.376 1.0236 2.1089, 0.3767 1.0236 2.1186, 0.1456 1.0236 2.1833, 0.1584 1.0236 2.1987, 0.2893 1.0236 2.1664, 0.1596 1.0236 2.1997, 0.1755 1.0236 2.211, 0.2804 1.0236 2.1844, 0.3669 1.0236 2.1494, 0.2949 1.0236 2.1694, 0.1369 1.0236 2.1649, 0.3077 1.0236 2.1738, 0.3194 1.0236 2.1751, 0.3259 1.0236 2.1748, 0.2676 1.0236 2.1995, 0.1933 1.0236 2.218, 0.2523 1.0236 2.2105, 0.2126 1.0236 2.2205, 0.2337 1.0236 2.2179, 0.3399 1.0236 2.1715, 0.3526 1.0236 2.1647, 0.3631 1.0236 2.1551, 0.0589 1.0236 2.1405, 0.052 1.0236 2.1231, 0.0495 1.0236 2.1043, -0.3651 1.0236 2.022, -0.3494 1.0236 2.0218, -0.3765 1.0236 2.0219, -0.4256 1.0236 2.0218, -0.3843 1.0236 2.0437, -0.4177 1.0236 2.0435, -0.3567 1.0236 2.0819, -0.3596 1.0236 2.0742, -0.3961 1.0236 2.1018, -0.3494 1.0236 2.1037, -0.4072 1.0236 2.1018, -0.3609 1.0236 2.0631, -0.3606 1.0236 2.0574, -0.3472 1.0236 2.0321, -0.3393 1.0236 2.0269, -0.3486 1.0236 2.0333, -0.3306 1.0236 2.101, -0.3403 1.0236 2.0975, -0.3585 1.0236 2.0481, -0.3544 1.0236 2.0399, -0.3494 1.0236 2.0341, -0.3189 1.0236 2.1024, -0.349 1.0236 2.0916, -0.3494 1.0236 2.0913, -0.3518 1.0236 2.0889, -0.33 1.0236 2.0236, -0.3175 1.0236 2.0223, -0.2879 1.0236 2.0218, -0.2954 1.0236 2.0225, -0.2879 1.0236 2.1037, -0.296 1.0236 2.1025, -0.2804 1.0236 2.0317, -0.2803 1.0236 2.0226, -0.2636 1.0236 2.0218, -0.2636 1.0236 2.1037, -0.2791 1.0236 2.1027, -0.279 1.0236 2.0935, -0.2636 1.0236 2.0318, -0.2765 1.0236 2.0587, -0.2765 1.0236 2.0678, -0.2636 1.0236 2.0679, -0.2636 1.0236 2.0588, -0.2478 1.0236 2.0589, -0.2477 1.0236 2.0319, -0.2636 1.0236 2.0936, -0.2481 1.0236 2.0937, -0.2479 1.0236 2.068, -0.2636 1.0236 2.0227, -0.2373 1.0236 2.0229, -0.2034 1.0236 2.0218, -0.2269 1.0236 2.0802, -0.1978 1.0236 2.0374, -0.199 1.0236 2.0327, -0.1993 1.0236 2.0327, -0.1885 1.0236 2.1037, -0.2378 1.0236 2.103, -0.2636 1.0236 2.1028, -0.1997 1.0236 2.0346, -0.2005 1.0236 2.0373, -0.1885 1.0236 2.0647, -0.2165 1.0236 2.0802, -0.285 1.0236 2.1715, -0.2771 1.0236 2.1496, -0.2879 1.0236 2.1494, -0.2636 1.0236 2.1494, -0.2657 1.0236 2.1497, -0.2636 1.0236 2.2311, -0.2879 1.0236 2.2068, -0.2879 1.0236 2.2311, -0.2879 1.0236 2.1715, -0.3263 1.0236 2.1494, -0.3183 1.0236 2.1712, -0.3377 1.0236 2.1492, -0.3263 1.0236 2.1493, -0.1885 1.0236 2.2311, -0.1692 1.0236 2.2311, -0.1797 1.0236 2.2304, -0.1692 1.0236 2.2305, -0.1692 1.0236 2.1956, -0.1772 1.0236 2.1956, -0.1796 1.0236 2.2212, -0.1771 1.0236 2.1864, -0.1885 1.0236 2.1494, -0.1692 1.0236 2.1865, -0.1485 1.0236 2.1866, -0.1692 1.0236 2.1595, -0.1483 1.0236 2.1597, -0.1692 1.0236 2.2213, -0.1487 1.0236 2.2214, -0.1485 1.0236 2.1958, -0.1379 1.0236 2.1506, -0.1251 1.0236 2.1494, -0.1692 1.0236 2.1494, -0.181 1.0236 2.1594, -0.1809 1.0236 2.1503, -0.1692 1.0236 2.1504, -0.1385 1.0236 2.2307, -0.1251 1.0236 2.2311, -0.0273 1.0236 2.2311, -0.0268 1.0236 2.1605, -0.0604 1.0236 2.2311, -0.0587 1.0236 2.1603, -0.0604 1.0236 2.1494, -0.0586 1.0236 2.1512, -0.0164 1.0236 2.1515, 0.687 1.0236 1.4173, 0.687 1.0236 1.1221, 1.4154 1.0236 1.0827, 0.5886 1.0236 1.0236, 1.0217 1.0236 0.689, 0.017 1.0236 1.0236, 0.017 1.0236 0.689, -0.0604 1.0236 0.689, -0.0604 1.0236 1.0236, -0.1184 1.0236 0.689, -0.1184 1.0236 1.0236, -0.1251 1.0236 0.689, -0.1251 1.0236 1.0236, -0.1692 1.0236 0.689, -0.1692 1.0236 1.0236, -0.1885 1.0236 0.689, -0.1885 1.0236 1.0236, -0.2636 1.0236 0.689, -0.2636 1.0236 1.0236, -0.2879 1.0236 0.689, -0.2879 1.0236 1.0236, -0.3494 1.0236 0.689, -0.3494 1.0236 1.0236, -0.564 1.0236 0.689, -0.564 1.0236 1.4173, -0.6909 1.0236 1.4173, -1.4193 1.0236 1.703, -1.4193 1.0236 1.0827, -0.6909 1.0236 1.1221, -1.0256 1.0236 0.689, -0.5925 1.0236 1.0236, -0.564 1.0236 1.0236, 0.017 1.0236 1.4173, -0.0604 1.0236 1.4173, -0.0604 1.0236 1.703, -0.1184 1.0236 1.4173, -0.1184 1.0236 1.703, -0.1251 1.0236 1.4173, -0.1251 1.0236 1.703, -0.1692 1.0236 1.4173, -0.1692 1.0236 1.703, -0.1885 1.0236 1.4173, -0.1885 1.0236 1.703, -0.2636 1.0236 1.4173, -0.2636 1.0236 1.703, -0.2879 1.0236 1.4173, -0.2879 1.0236 1.703, -0.3494 1.0236 1.4173, -0.3494 1.0236 1.703, -0.564 1.0236 1.703, -0.1224 1.0236 2.2289, -0.1223 1.0236 2.2181, -0.1184 1.0236 2.1528, -0.1184 1.0236 2.1494, -0.1219 1.0236 2.154, -0.122 1.0236 2.164, -0.0742 1.0236 2.2003, -0.1184 1.0236 2.1624, -0.0768 1.0236 2.2074, -0.0806 1.0236 2.2131, -0.073 1.0236 2.1902, -0.073 1.0236 2.1895, -0.1137 1.0236 2.1604, -0.1046 1.0236 2.1588, -0.1129 1.0236 2.2218, -0.1035 1.0236 2.223, -0.1 1.0236 2.2228, -0.093 1.0236 2.2214, -0.1211 1.0236 2.2188, -0.1184 1.0236 2.2198, -0.0868 1.0236 2.2185, -0.0816 1.0236 2.2142, -0.0742 1.0236 2.1796, -0.0767 1.0236 2.1731, -0.0807 1.0236 2.1673, -0.088 1.0236 2.1618, -0.0938 1.0236 2.1596, -0.1012 1.0236 2.1587, -0.0827 1.0236 2.1654, -0.0931 1.0236 2.2311, -0.1035 1.0236 2.2323, -0.1184 1.0236 2.2435, -0.1042 1.0236 2.2323, -0.1145 1.0236 2.2313, -0.0604 1.0236 2.2435, -0.092 1.0236 2.231, -0.0836 1.0236 2.2278, -0.0858 1.0236 2.1518, -0.0783 1.0236 2.1555, -0.0644 1.0236 2.2048, -0.0684 1.0236 2.2136, -0.074 1.0236 2.2207, -0.0758 1.0236 2.2225, -0.1129 1.0236 2.1508, -0.0997 1.0236 2.1495, -0.0943 1.0236 2.1499, -0.0723 1.0236 2.1607, -0.0712 1.0236 2.1619, -0.0666 1.0236 2.1689, -0.0635 1.0236 2.1774, -0.0622 1.0236 2.1897, -0.0624 1.0236 2.1945, -0.0573 1.0236 2.1042, -0.0573 1.0236 2.1037, -0.0604 1.0236 2.1037, -0.0573 1.0236 2.095, -0.0586 1.0236 2.0333, -0.0586 1.0236 2.0242, -0.0604 1.0236 2.0218, -0.0155 1.0236 2.0245, -0.0264 1.0236 2.0952, -0.0262 1.0236 2.0696, -0.0548 1.0236 2.0694, -0.0547 1.0236 2.0602, -0.0161 1.0236 2.1045, -0.0161 1.0236 2.1037, -0.0273 1.0236 2.2315, -0.017 1.0236 2.2315, -0.017 1.0236 2.2311, -0.1885 1.0236 2.0375, -0.1692 1.0236 2.0218, -0.172 1.0236 2.0805, -0.194 1.0236 2.0233, -0.1933 1.0236 2.0218, -0.1895 1.0236 2.013, -0.1692 1.0236 1.9925, -0.1734 1.0236 1.9972, -0.1735 1.0236 2.0061, -0.1879 1.0236 1.9983, -0.184 1.0236 1.9968, -0.1885 1.0236 1.9925, -0.1799 1.0236 1.9964, -0.1777 1.0236 1.9965, -0.1755 1.0236 2.0055, -0.1792 1.0236 2.005, -0.1856 1.0236 2.0073, -0.1816 1.0236 2.0052, -0.1838 1.0236 2.006, -0.2004 1.0236 2.0145, -0.1958 1.0236 2.0057, -0.2636 1.0236 1.9925, -0.1921 1.0236 2.0013, -0.1914 1.0236 2.0007, -0.1885 1.0236 1.9987, -0.564 1.0236 1.9925, -1.4193 1.0236 1.9925, -0.564 1.0236 2.0218, -1.4193 1.0236 2.0218, -0.564 1.0236 2.1037, -1.4193 1.0236 2.2311, -1.4193 1.0236 2.1494, -1.4193 1.0236 2.1037, -0.4257 1.0236 2.0216, -0.3494 1.0236 1.9925, -0.4371 1.0236 2.0215, -0.437 1.0236 2.0218, -0.2968 1.0236 2.2296, -0.2879 1.0236 1.9925, -0.2195 1.0236 2.2301, -0.2313 1.0236 2.2288, -0.241 1.0236 2.2253, -0.2591 1.0236 2.1759, -0.255 1.0236 2.1677, -0.2497 1.0236 2.2193, -0.2524 1.0236 2.2166, -0.2573 1.0236 2.2096, -0.2493 1.0236 2.161, -0.2478 1.0236 2.1598, -0.24 1.0236 2.1547, -0.2603 1.0236 2.202, -0.2616 1.0236 2.1908, -0.2612 1.0236 2.1851, -0.2306 1.0236 2.1513, -0.2181 1.0236 2.1501, -0.1961 1.0236 2.1502, -0.1966 1.0236 2.2303, -0.1281 1.0236 2.0654, -0.1285 1.0236 2.069, -0.1251 1.0236 2.1037, -0.1297 1.0236 2.0722, -0.1316 1.0236 2.0749, -0.156 1.0236 2.0816, -0.164 1.0236 2.0794, -0.1692 1.0236 2.1037, -0.1639 1.0236 2.0696, -0.1251 1.0236 2.0218, -0.1277 1.0236 2.0257, -0.1278 1.0236 2.036, -0.1296 1.0236 2.0585, -0.1285 1.0236 2.0615, -0.1632 1.0236 2.0484, -0.165 1.0236 2.0457, -0.1431 1.0236 2.0813, -0.1505 1.0236 2.082, -0.1309 1.0236 2.0564, -0.1346 1.0236 2.0776, -0.1376 1.0236 2.0793, -0.1661 1.0236 2.0427, -0.1664 1.0236 2.0389, -0.1659 1.0236 2.0349, -0.1647 1.0236 2.0318, -0.1832 1.0236 2.0805, -0.138 1.0236 2.0312, -0.1431 1.0236 2.0487, -0.1317 1.0236 2.0336, -0.1372 1.0236 2.0515, -0.1325 1.0236 2.0546, -0.1628 1.0236 2.0291, -0.1599 1.0236 2.0266, -0.1569 1.0236 2.0249, -0.1514 1.0236 2.023, -0.1432 1.0236 2.0222, -0.1349 1.0236 2.0231, -0.1443 1.0236 2.0304, -0.1447 1.0236 2.0304, -0.1497 1.0236 2.0459, -0.1498 1.0236 2.0309, -0.1561 1.0236 2.038, -0.1561 1.0236 2.0393, -0.1524 1.0236 2.0319, -0.1534 1.0236 2.0324, -0.1545 1.0236 2.0334, -0.1494 1.0236 2.0739, -0.1464 1.0236 2.0737, -0.1384 1.0236 2.0662, -0.1438 1.0236 2.073, -0.1415 1.0236 2.0718, -0.1385 1.0236 2.0649, -0.1389 1.0236 2.0634, -0.1396 1.0236 2.062, -0.1554 1.0236 2.0347, -0.1559 1.0236 2.0361, -0.1556 1.0236 2.0409, -0.1548 1.0236 2.0422, -0.1536 1.0236 2.0435, -0.1406 1.0236 2.0609, -0.1441 1.0236 2.0587, -0.156 1.0236 2.0731, -0.1503 1.0236 2.0559, -0.1616 1.0236 2.071, -0.1541 1.0236 2.0543, -0.1608 1.0236 2.0506, -0.14 1.0236 2.0705, -0.1391 1.0236 2.0692, -0.1386 1.0236 2.0678, -0.1251 1.0236 2.2435, -0.1692 1.0236 2.2435, -0.1885 1.0236 2.2435, -0.2636 1.0236 2.2435, -0.2879 1.0236 2.2435, -0.3494 1.0236 2.2435, -0.564 1.0236 2.2435, -1.4193 1.0236 2.2435, -0.0741 1.0236 2.0675, -0.0741 1.0236 2.0772, -0.0261 1.0236 2.0605, -0.0259 1.0236 2.0335, -0.1 1.0236 2.0818, -0.1042 1.0236 2.0805, -0.1184 1.0236 2.1037, -0.1075 1.0236 2.0785, -0.1101 1.0236 2.076, -0.0768 1.0236 2.0787, -0.0844 1.0236 2.0814, -0.0939 1.0236 2.0824, -0.0991 1.0236 2.0269, -0.0956 1.0236 2.0246, -0.1041 1.0236 2.0238, -0.0915 1.0236 2.0231, -0.0863 1.0236 2.0226, -0.1121 1.0236 2.0727, -0.1137 1.0236 2.0681, -0.1144 1.0236 2.0606, -0.072 1.0236 2.0284, -0.0731 1.0236 2.0272, -0.0765 1.0236 2.0248, -0.1042 1.0236 2.0327, -0.1039 1.0236 2.0327, -0.1023 1.0236 2.0303, -0.1184 1.0236 2.0218, -0.1141 1.0236 2.0238, -0.0803 1.0236 2.0233, -0.0699 1.0236 2.0314, -0.0687 1.0236 2.0348, -0.0683 1.0236 2.0394, -0.0683 1.0236 2.0408, -0.069 1.0236 2.045, -0.0704 1.0236 2.0486, -0.0725 1.0236 2.0514, -0.0756 1.0236 2.054, -0.08 1.0236 2.0562, -0.0805 1.0236 2.0715, -0.0874 1.0236 2.0579, -0.0963 1.0236 2.0739, -0.0929 1.0236 2.0743, -0.0868 1.0236 2.0737, -0.1044 1.0236 2.0602, -0.104 1.0236 2.0646, -0.103 1.0236 2.0682, -0.1019 1.0236 2.0703, -0.1004 1.0236 2.0719, -0.0986 1.0236 2.0731, -0.0604 1.0236 1.9925, -0.1184 1.0236 1.9925, -0.1251 1.0236 1.9925, -0.0604 1.0236 2.9921, -0.1184 1.0236 2.9921, -0.1251 1.0236 2.9921, -0.1692 1.0236 2.9921, -0.1885 1.0236 2.9921, -0.2636 1.0236 2.9921, -0.2879 1.0236 2.9921, -0.3494 1.0236 2.9921, -0.564 1.0236 2.9921, -1.4193 1.0236 2.9921, 0.5735 -0.5754 3.5303, 0.694 -0.696 3.7008, 0.6867 -0.7033 3.7008, 0.1083 0.8736 3.5971, 0.1186 0.8714 3.5967, 0.106 0.78 3.5039, 0.7332 0.2821 3.5039, 0.7869 0.3028 3.5627, 0.802 0.2578 3.5608, 0.8235 0.1575 3.5569, 0.7695 0.1575 3.5039, 0.8079 0.2356 3.5599, 0.8034 0.2525 3.5606, 0.7737 0.342 3.5642, 0.7081 0.3311 3.5039, 0.7594 0.3732 3.5656, 0.7367 0.4228 3.5677, 0.6568 0.4314 3.5039, 0.7107 0.4668 3.5696, 0.611 0.4873 3.5039, 0.691 0.4999 3.571, 0.6989 0.4867 3.5704, 0.6005 0.6119 3.5762, 0.6208 0.5911 3.5752, 0.5505 0.5611 3.5039, 0.6228 0.5887 3.5751, 0.6761 0.5215 3.572, 0.5585 0.6547 3.5784, 0.4804 0.6167 3.5039, 0.5317 0.6769 3.5796, 0.4892 0.7122 3.5816, 0.4191 0.6654 3.5039, 0.4691 0.7267 3.5826, 0.3234 0.7125 3.5039, 0.4266 0.7534 3.5844, 0.4611 0.7317 3.5829, 0.298 0.8195 3.5898, 0.3099 0.8151 3.5894, 0.2687 0.7394 3.5039, 0.3118 0.8144 3.5893, 0.3928 0.7746 3.5859, 0.2265 0.8458 3.5927, 0.1485 0.7694 3.5039, 0.1964 0.8546 3.5938, 0.1842 0.8572 3.5943, -0.2172 0.7564 3.5039, -0.1904 0.8709 3.6076, -0.0616 0.7851 3.5039, -0.0996 0.8824 3.6043, -0.0754 0.8839 3.6035, -0.0724 0.884 3.6034, -0.0692 0.884 3.6033, -0.035 0.7843 3.5039, 0.0186 0.8835 3.6002, 0.0547 0.8795 3.599, -0.4352 0.7881 3.617, -0.3994 0.8064 3.6156, -0.3812 0.69 3.5039, -0.3993 0.8065 3.6156, -0.3667 0.8203 3.6143, -0.3378 0.8302 3.6132, -0.2795 0.8502 3.6109, -0.2265 0.7547 3.5039, -0.2566 0.8555 3.6101, -0.2074 0.867 3.6082, -0.4621 0.7743 3.6181, -0.3875 0.6857 3.5039, -0.4808 0.7648 3.6188, -0.5575 0.715 3.6221, -0.5188 0.5941 3.5039, -0.5756 0.7005 3.6229, -0.7168 0.5678 3.6294, -0.6755 0.6116 3.6274, -0.6328 0.4712 3.5039, -0.6535 0.635 3.6263, -0.5356 0.5759 3.5039, -0.6295 0.6572 3.6252, -0.5967 0.6836 3.6238, -0.7183 0.3269 3.5039, -0.8396 0.3822 3.6372, -0.8358 0.3893 3.637, -0.8223 0.4151 3.6359, -0.7732 0.4944 3.6326, -0.6542 0.4351 3.5039, -0.7631 0.5075 3.6321, -0.7334 0.5462 3.6304, -0.8397 0.3819 3.6372, -0.737 0.2708 3.5039, -0.8769 0.297 3.6405, -0.8889 0.2597 3.6419, -0.7713 0.1678 3.5039, -0.9054 0.2087 3.6438, -0.7795 0.0919 3.5039, -0.9234 0.1244 3.6467, -0.9078 0.1976 3.6442, -0.7894 0.0011 3.5039, -0.9304 0.0781 3.6483, -0.925 0.1173 3.647, -0.7795 -0.0919 3.5039, -0.9366 -0.0144 3.6513, -0.9356 0.0012 3.6508, -0.9213 -0.2007 3.6576, -0.9217 -0.198 3.6575, -0.7717 -0.1657 3.5039, -0.9279 -0.1513 3.6559, -0.9336 -0.1074 3.6544, -0.737 -0.2708 3.5039, -0.8882 -0.3298 3.6622, -0.8992 -0.2904 3.6608, -0.9134 -0.2393 3.6589, -0.8644 -0.3908 3.6644, -0.7192 -0.3249 3.5039, -0.8541 -0.4174 3.6654, -0.7676 -0.5686 3.6713, -0.7802 -0.5509 3.6706, -0.6341 -0.4694 3.5039, -0.7877 -0.5404 3.6701, -0.6543 -0.4352 3.5039, -0.811 -0.5019 3.6686, -0.85 -0.4253 3.6657, -0.7332 -0.6169 3.6732, -0.5357 -0.576 3.5039, -0.693 -0.6629 3.6752, -0.5913 -0.7616 3.6797, -0.5204 -0.5927 3.5039, -0.5702 -0.7788 3.6806, -0.3876 -0.6858 3.5039, -0.6022 -0.7527 3.6793, -0.6341 -0.7227 3.6779, -0.6714 -0.6877 3.6762, -0.3831 -0.689 3.5039, -0.4724 -0.845 3.6846, -0.4924 -0.8337 3.6838, -0.3218 -0.9196 3.6902, -0.3409 -0.9112 3.6895, -0.2286 -0.7541 3.5039, -0.4096 -0.8807 3.687, -0.4701 -0.8463 3.6846, -0.0977 -0.9766 3.6978, -0.1914 -0.9597 3.6947, -0.0638 -0.785 3.5039, -0.2007 -0.957 3.6944, -0.2171 -0.7562 3.5039, -0.2826 -0.9338 3.6916, -0.283 -0.9337 3.6916, 0.1039 -0.7803 3.5039, -0.002 -0.9843 3.7008, -0.035 -0.7842 3.5039, -0.0563 -0.9799 3.6991, -0.079 -0.9781 3.6984, 0.5489 -0.5626 3.5039, 0.611 -0.4873 3.5039, 0.6468 -0.4913 3.5303, 0.6631 -0.4707 3.5313, 0.6556 -0.4332 3.5039, 0.6785 -0.4483 3.5324, 0.7127 -0.3984 3.5348, 0.7082 -0.3312 3.5039, 0.7171 -0.3904 3.5351, 0.7728 -0.2763 3.5402, 0.7645 -0.2965 3.5393, 0.7324 -0.2841 3.5039, 0.7544 -0.3211 3.5383, 0.7481 -0.3328 3.5377, 0.7695 -0.1575 3.5039, 0.8115 -0.1575 3.5451, 0.787 -0.2415 3.5417, 0.4804 -0.6167 3.5039, 0.5514 -0.81 3.7008, 0.4173 -0.6665 3.5039, 0.5221 -0.8331 3.7008, 0.3234 -0.7124 3.5039, 0.3767 -0.9042 3.7008, 0.2667 -0.7402 3.5039, 0.3338 -0.9252 3.7008, 0.1485 -0.7693 3.5039, 0.1869 -0.9614 3.7008, 0.1303 -0.9753 3.7008, -0.8541 0.4174 5.4291, -0.8644 0.3908 5.4301, -0.7192 0.3249 5.5906, -0.6295 -0.6572 5.4693, -0.5967 -0.6836 5.4707, -0.5188 -0.5941 5.5906, -0.4621 -0.7743 5.4764, -0.4352 -0.7881 5.4775, -0.3812 -0.69 5.5906, 0.7728 0.2763 5.5543, 0.7645 0.2965 5.5552, 0.7324 0.2841 5.5906, 0.4812 0.8227 5.4235, 0.5077 0.81 5.4199, 0.5221 0.8331 5.3937, 0.5514 0.81 5.3937, 0.5573 0.7863 5.4131, 0.5886 0.7686 5.4087, 0.6086 0.7553 5.4059, 0.6665 0.717 5.3977, 0.6867 0.7033 5.3937, 0.6858 0.7023 5.3949, 0.694 0.696 5.3937, 0.3338 0.9252 5.3937, 0.3159 0.8755 5.4457, 0.3457 0.868 5.4417, 0.3767 0.9042 5.3937, 0.3855 0.8581 5.4365, 0.4732 0.8265 5.4246, 0.1869 0.9614 5.3937, 0.1303 0.9753 5.3937, 0.1199 0.8977 5.4713, 0.1968 0.8948 5.4614, 0.2079 0.8932 5.4599, 0.2944 0.8809 5.4486, -0.0958 0.8738 5.4991, -0.071 0.8785 5.4959, -0.079 0.9781 5.3961, -0.0576 0.881 5.4941, -0.0563 0.9799 5.3954, -0.0088 0.8902 5.4877, -0.002 0.9843 5.3937, 0.0101 0.8925 5.4853, 0.0599 0.8956 5.479, 0.0723 0.8964 5.4774, 0.1037 0.8984 5.4734, -0.3831 0.689 5.5906, -0.3959 0.7121 5.5642, -0.5204 0.5927 5.5906, -0.4932 0.6487 5.5642, -0.0977 0.9766 5.3967, -0.1914 0.9597 5.3998, -0.1806 0.8483 5.511, -0.2007 0.957 5.4001, -0.1835 0.8471 5.5115, -0.2826 0.9338 5.4029, -0.2483 0.8199 5.5212, -0.283 0.9337 5.4029, -0.2627 0.8138 5.5234, -0.3218 0.9196 5.4043, -0.2797 0.8053 5.5261, -0.3409 0.9112 5.405, -0.3012 0.7928 5.5296, -0.4096 0.8807 5.4075, -0.3561 0.7609 5.5387, -0.4701 0.8463 5.4098, -0.4035 0.7262 5.5471, -0.4724 0.845 5.4099, -0.4077 0.7231 5.5479, -0.4924 0.8337 5.4107, -0.4274 0.7087 5.5514, -0.5702 0.7788 5.4139, -0.5913 0.7616 5.4148, -0.2286 0.7541 5.5906, -0.2362 0.7793 5.5642, -0.2759 0.7626 5.5642, -0.3944 0.7127 5.5642, 0.1039 0.7803 5.5906, 0.1074 0.8064 5.5642, 0.0967 0.8067 5.5642, -0.0638 0.785 5.5906, -0.0283 0.8102 5.5642, -0.0658 0.8113 5.5642, -0.1527 0.795 5.5642, 0.2667 0.7402 5.5906, 0.2757 0.765 5.5642, 0.2207 0.7785 5.5642, 0.1093 0.8059 5.5642, 0.4173 0.6665 5.5906, 0.4314 0.6888 5.5642, 0.3402 0.7334 5.5642, 0.5489 0.5626 5.5906, 0.5513 0.5942 5.5642, 0.4522 0.6723 5.5642, 0.7127 0.3984 5.5597, 0.6785 0.4483 5.5621, 0.6556 0.4332 5.5906, 0.6631 0.4707 5.5632, 0.6468 0.4913 5.5642, 0.6364 0.5031 5.5642, 0.5674 0.5814 5.5642, 0.7544 0.3211 5.5562, 0.7481 0.3328 5.5568, 0.7171 0.3904 5.5593, 0.7695 0.1575 5.5906, 0.8115 0.1575 5.5494, 0.787 0.2415 5.5528, 0.8235 -0.1575 5.5376, 0.7695 -0.1575 5.5906, 0.8079 -0.2356 5.5345, 0.7332 -0.2821 5.5906, 0.8034 -0.2525 5.5339, 0.802 -0.2578 5.5337, 0.7594 -0.3732 5.5289, 0.7367 -0.4228 5.5268, 0.6568 -0.4314 5.5906, 0.7737 -0.342 5.5302, 0.7869 -0.3028 5.5318, 0.691 -0.4999 5.5235, 0.6989 -0.4867 5.5241, 0.7107 -0.4668 5.5249, 0.6005 -0.6119 5.5183, 0.6208 -0.5911 5.5193, 0.5505 -0.5611 5.5906, 0.6228 -0.5887 5.5194, 0.6761 -0.5215 5.5225, 0.4266 -0.7534 5.5101, 0.4611 -0.7317 5.5116, 0.4191 -0.6654 5.5906, 0.4691 -0.7267 5.5119, 0.4892 -0.7122 5.5129, 0.5317 -0.6769 5.5149, 0.5585 -0.6547 5.5161, 0.298 -0.8195 5.5047, 0.3099 -0.8151 5.5051, 0.2687 -0.7394 5.5906, 0.3118 -0.8144 5.5052, 0.3928 -0.7746 5.5086, 0.106 -0.78 5.5906, 0.1842 -0.8572 5.5002, 0.1964 -0.8546 5.5007, 0.2265 -0.8458 5.5018, 0.0547 -0.8795 5.4955, 0.0186 -0.8835 5.4942, -0.0616 -0.7851 5.5906, 0.1083 -0.8736 5.4974, 0.1186 -0.8714 5.4978, -0.0996 -0.8824 5.4902, -0.0754 -0.8839 5.491, -0.1904 -0.8709 5.4869, -0.2265 -0.7547 5.5906, -0.2074 -0.867 5.4863, -0.0724 -0.884 5.4911, -0.0692 -0.884 5.4912, -0.3994 -0.8064 5.4789, -0.3993 -0.8065 5.4789, -0.3667 -0.8203 5.4802, -0.3378 -0.8302 5.4813, -0.2795 -0.8502 5.4836, -0.2566 -0.8555 5.4844, -0.5756 -0.7005 5.4716, -0.5575 -0.715 5.4724, -0.4808 -0.7648 5.4757, -0.7334 -0.5462 5.4641, -0.7168 -0.5678 5.4651, -0.6328 -0.4712 5.5906, -0.6755 -0.6116 5.4671, -0.6535 -0.635 5.4682, -0.7183 -0.3269 5.5906, -0.8396 -0.3822 5.4573, -0.8358 -0.3893 5.4575, -0.8223 -0.4151 5.4586, -0.7732 -0.4944 5.4619, -0.7631 -0.5075 5.4624, -0.9234 -0.1244 5.4478, -0.9078 -0.1976 5.4503, -0.7713 -0.1678 5.5906, -0.9054 -0.2087 5.4507, -0.8889 -0.2597 5.4526, -0.8769 -0.297 5.454, -0.8397 -0.3819 5.4572, -0.925 -0.1173 5.4475, -0.7894 -0.0011 5.5906, -0.9304 -0.0781 5.4462, -0.9213 0.2007 5.4369, -0.9217 0.198 5.437, -0.7717 0.1657 5.5906, -0.9279 0.1513 5.4386, -0.9336 0.1074 5.4401, -0.9366 0.0144 5.4432, -0.9356 -0.0012 5.4437, -0.8882 0.3298 5.4323, -0.8992 0.2904 5.4337, -0.9134 0.2393 5.4356, -0.7802 0.5509 5.4239, -0.7877 0.5404 5.4244, -0.6341 0.4694 5.5906, -0.811 0.5019 5.4259, -0.85 0.4253 5.4288, -0.6022 0.7527 5.4152, -0.6341 0.7227 5.4166, -0.6714 0.6877 5.4183, -0.693 0.6629 5.4193, -0.7332 0.6169 5.4213, -0.7676 0.5686 5.4232, 0.6144 -0.4901 3.3858, 0.7695 0.1575 3.3858, 0.7116 0.3329 3.3858, 0.6144 0.4901 3.3858, 0.4832 0.6202 3.3858, 0.1493 0.7727 3.3858, 0.3253 0.7162 3.3858, -0.0349 0.7867 3.3858, -0.2174 0.7574 3.3858, -0.3879 0.6863 3.3858, -0.5372 0.5775 3.3858, -0.6571 0.4368 3.3858, -0.7408 0.2721 3.3858, -0.7839 0.0924 3.3858, -0.7839 -0.0924 3.3858, -0.6571 -0.4368 3.3858, -0.7408 -0.2721 3.3858, -0.5372 -0.5775 3.3858, -0.3879 -0.6863 3.3858, -0.2174 -0.7574 3.3858, -0.0349 -0.7867 3.3858, 0.1493 -0.7727 3.3858, 0.3253 -0.7162 3.3858, 0.4832 -0.6202 3.3858, 0.7116 -0.3329 3.3858, 0.7695 -0.1575 3.3858, 0.9696 0.1575 5.0472, 0.9696 0.1575 5.0079, 0.945 0.2685 5.0531, 0.945 0.2685 5.0137, 0.9119 0.3583 5.0581, 0.9119 0.3583 5.0187, 0.8932 0.4093 5.0609, 0.8932 0.4093 5.0215, 0.8208 0.5402 5.0687, 0.8208 0.5402 5.0293, 0.8175 0.5445 5.069, 0.8175 0.5445 5.0296, 0.7308 0.6571 5.0761, 0.7308 0.6571 5.0368, 0.6823 0.7038 5.0794, 0.6823 0.7038 5.0401, 0.626 0.7579 5.0833, 0.626 0.7579 5.0439, 0.5189 0.8338 5.09, 0.5189 0.8338 5.0506, 0.505 0.8436 5.0908, 0.505 0.8436 5.0515, 0.3711 0.9108 5.0986, 0.3711 0.9108 5.0593, 0.3307 0.9239 5.1008, 0.3307 0.9239 5.0615, 0.2285 0.9569 5.1064, 0.2285 0.9569 5.0671, 0.1278 0.9733 5.1116, 0.1278 0.9733 5.0723, 0.0823 0.9806 5.114, 0.0823 0.9806 5.0746, -0.0631 0.9823 5.1211, -0.0631 0.9823 5.0817, -0.0808 0.9799 5.122, -0.0808 0.9799 5.0826, -0.2094 0.9621 5.1286, -0.2094 0.9621 5.0892, -0.2857 0.9395 5.1327, -0.2857 0.9395 5.0933, -0.3529 0.9196 5.1364, -0.3529 0.9196 5.097, -0.4788 0.8601 5.1436, -0.4788 0.8601 5.1043, -0.4885 0.8556 5.1442, -0.4885 0.8556 5.1048, -0.6118 0.7726 5.1518, -0.6118 0.7726 5.1124, -0.6486 0.7387 5.1543, -0.6486 0.7387 5.1149, -0.7192 0.6741 5.159, -0.7192 0.6741 5.1196, -0.7906 0.5856 5.1647, -0.7906 0.5856 5.1253, -0.8116 0.5597 5.1663, -0.8116 0.5597 5.127, -0.8869 0.4307 5.1741, -0.8869 0.4307 5.1347, -0.8967 0.406 5.1755, -0.8967 0.406 5.1361, -0.9421 0.2912 5.1819, -0.9421 0.2912 5.1425, -0.9613 0.2074 5.1863, -0.9613 0.2074 5.147, -0.9753 0.1459 5.1896, -0.9753 0.1459 5.1502, -0.9862 0.0 5.1969, -0.9862 0.0 5.1575, -0.9753 -0.1459 5.2041, -0.9753 -0.1459 5.1647, -0.9613 -0.2074 5.2074, -0.9613 -0.2074 5.168, -0.9421 -0.2912 5.2118, -0.9421 -0.2912 5.1724, -0.8967 -0.406 5.2182, -0.8967 -0.406 5.1789, -0.8869 -0.4307 5.2196, -0.8869 -0.4307 5.1803, -0.8116 -0.5597 5.2274, -0.8116 -0.5597 5.188, -0.7906 -0.5856 5.229, -0.7906 -0.5856 5.1897, -0.7192 -0.6741 5.2347, -0.7192 -0.6741 5.1954, -0.6486 -0.7387 5.2395, -0.6486 -0.7387 5.2001, -0.6118 -0.7726 5.2419, -0.6118 -0.7726 5.2025, -0.4885 -0.8556 5.2495, -0.4885 -0.8556 5.2102, -0.4788 -0.8601 5.2501, -0.4788 -0.8601 5.2107, -0.3529 -0.9196 5.2574, -0.3529 -0.9196 5.218, -0.2857 -0.9395 5.261, -0.2857 -0.9395 5.2216, -0.2094 -0.9621 5.2651, -0.2094 -0.9621 5.2258, -0.0808 -0.9799 5.2717, -0.0808 -0.9799 5.2323, -0.0631 -0.9823 5.2726, -0.0631 -0.9823 5.2332, 0.0823 -0.9806 5.2797, 0.0823 -0.9806 5.2404, 0.1278 -0.9733 5.2821, 0.1278 -0.9733 5.2427, 0.2285 -0.9569 5.2873, 0.2285 -0.9569 5.2479, 0.3307 -0.9239 5.2929, 0.3307 -0.9239 5.2535, 0.3711 -0.9108 5.2951, 0.3711 -0.9108 5.2557, 0.505 -0.8436 5.3029, 0.505 -0.8436 5.2635, 0.5189 -0.8338 5.3038, 0.5189 -0.8338 5.2644, 0.626 -0.7579 5.3104, 0.626 -0.7579 5.2711, 0.6823 -0.7038 5.3143, 0.6823 -0.7038 5.2749, 0.7308 -0.6571 5.3176, 0.7308 -0.6571 5.2782, 0.8175 -0.5445 5.3247, 0.8175 -0.5445 5.2854, 0.8208 -0.5402 5.325, 0.8208 -0.5402 5.2857, 0.8932 -0.4093 5.3328, 0.8932 -0.4093 5.2934, 0.9119 -0.3583 5.3356, 0.9119 -0.3583 5.2963, 0.945 -0.2685 5.3406, 0.945 -0.2685 5.3013, 0.9696 -0.1575 5.3465, 0.9696 -0.1575 5.3071, 0.9696 0.1575 4.7323, 0.9696 0.1575 4.6929, 0.945 0.2685 4.7381, 0.945 0.2685 4.6988, 0.9119 0.3583 4.7431, 0.9119 0.3583 4.7038, 0.8932 0.4093 4.746, 0.8932 0.4093 4.7066, 0.8208 0.5402 4.7537, 0.8208 0.5402 4.7144, 0.8175 0.5445 4.754, 0.8175 0.5445 4.7146, 0.7308 0.6571 4.7612, 0.7308 0.6571 4.7218, 0.6823 0.7038 4.7645, 0.6823 0.7038 4.7251, 0.626 0.7579 4.7683, 0.626 0.7579 4.7289, 0.5189 0.8338 4.775, 0.5189 0.8338 4.7356, 0.505 0.8436 4.7759, 0.505 0.8436 4.7365, 0.3711 0.9108 4.7837, 0.3711 0.9108 4.7443, 0.3307 0.9239 4.7859, 0.3307 0.9239 4.7465, 0.2285 0.9569 4.7915, 0.2285 0.9569 4.7521, 0.1278 0.9733 4.7967, 0.1278 0.9733 4.7573, 0.0823 0.9806 4.799, 0.0823 0.9806 4.7596, -0.0631 0.9823 4.8061, -0.0631 0.9823 4.7668, -0.0808 0.9799 4.807, -0.0808 0.9799 4.7677, -0.2094 0.9621 4.8136, -0.2094 0.9621 4.7742, -0.2857 0.9395 4.8177, -0.2857 0.9395 4.7784, -0.3529 0.9196 4.8214, -0.3529 0.9196 4.782, -0.4788 0.8601 4.8287, -0.4788 0.8601 4.7893, -0.4885 0.8556 4.8292, -0.4885 0.8556 4.7899, -0.6118 0.7726 4.8368, -0.6118 0.7726 4.7975, -0.6486 0.7387 4.8393, -0.6486 0.7387 4.7999, -0.7192 0.6741 4.844, -0.7192 0.6741 4.8046, -0.7906 0.5856 4.8497, -0.7906 0.5856 4.8103, -0.8116 0.5597 4.8514, -0.8116 0.5597 4.812, -0.8869 0.4307 4.8591, -0.8869 0.4307 4.8197, -0.8967 0.406 4.8605, -0.8967 0.406 4.8211, -0.9421 0.2912 4.867, -0.9421 0.2912 4.8276, -0.9613 0.2074 4.8714, -0.9613 0.2074 4.832, -0.9753 0.1459 4.8746, -0.9753 0.1459 4.8353, -0.9862 0.0 4.8819, -0.9862 0.0 4.8425, -0.9753 -0.1459 4.8892, -0.9753 -0.1459 4.8498, -0.9613 -0.2074 4.8924, -0.9613 -0.2074 4.853, -0.9421 -0.2912 4.8968, -0.9421 -0.2912 4.8575, -0.8967 -0.406 4.9033, -0.8967 -0.406 4.8639, -0.8869 -0.4307 4.9047, -0.8869 -0.4307 4.8653, -0.8116 -0.5597 4.9124, -0.8116 -0.5597 4.873, -0.7906 -0.5856 4.9141, -0.7906 -0.5856 4.8747, -0.7192 -0.6741 4.9198, -0.7192 -0.6741 4.8804, -0.6486 -0.7387 4.9245, -0.6486 -0.7387 4.8851, -0.6118 -0.7726 4.927, -0.6118 -0.7726 4.8876, -0.4885 -0.8556 4.9346, -0.4885 -0.8556 4.8952, -0.4788 -0.8601 4.9351, -0.4788 -0.8601 4.8958, -0.3529 -0.9196 4.9424, -0.3529 -0.9196 4.903, -0.2857 -0.9395 4.946, -0.2857 -0.9395 4.9067, -0.2094 -0.9621 4.9502, -0.2094 -0.9621 4.9108, -0.0808 -0.9799 4.9567, -0.0808 -0.9799 4.9174, -0.0631 -0.9823 4.9576, -0.0631 -0.9823 4.9183, 0.0823 -0.9806 4.9648, 0.0823 -0.9806 4.9254, 0.1278 -0.9733 4.9671, 0.1278 -0.9733 4.9277, 0.2285 -0.9569 4.9723, 0.2285 -0.9569 4.9329, 0.3307 -0.9239 4.9779, 0.3307 -0.9239 4.9385, 0.3711 -0.9108 4.9801, 0.3711 -0.9108 4.9407, 0.505 -0.8436 4.9879, 0.505 -0.8436 4.9486, 0.5189 -0.8338 4.9888, 0.5189 -0.8338 4.9494, 0.626 -0.7579 4.9955, 0.626 -0.7579 4.9561, 0.6823 -0.7038 4.9993, 0.6823 -0.7038 4.9599, 0.7308 -0.6571 5.0026, 0.7308 -0.6571 4.9632, 0.8175 -0.5445 5.0098, 0.8175 -0.5445 4.9704, 0.8208 -0.5402 5.0101, 0.8208 -0.5402 4.9707, 0.8932 -0.4093 5.0178, 0.8932 -0.4093 4.9785, 0.9119 -0.3583 5.0207, 0.9119 -0.3583 4.9813, 0.945 -0.2685 5.0257, 0.945 -0.2685 4.9863, 0.9696 -0.1575 5.0315, 0.9696 -0.1575 4.9921, 0.9696 0.1575 4.4173, 0.9696 0.1575 4.3779, 0.945 0.2685 4.4232, 0.945 0.2685 4.3838, 0.9119 0.3583 4.4282, 0.9119 0.3583 4.3888, 0.8932 0.4093 4.431, 0.8932 0.4093 4.3916, 0.8208 0.5402 4.4388, 0.8208 0.5402 4.3994, 0.8175 0.5445 4.439, 0.8175 0.5445 4.3997, 0.7308 0.6571 4.4462, 0.7308 0.6571 4.4068, 0.6823 0.7038 4.4495, 0.6823 0.7038 4.4101, 0.626 0.7579 4.4533, 0.626 0.7579 4.414, 0.5189 0.8338 4.46, 0.5189 0.8338 4.4207, 0.505 0.8436 4.4609, 0.505 0.8436 4.4215, 0.3711 0.9108 4.4687, 0.3711 0.9108 4.4293, 0.3307 0.9239 4.4709, 0.3307 0.9239 4.4316, 0.2285 0.9569 4.4765, 0.2285 0.9569 4.4371, 0.1278 0.9733 4.4817, 0.1278 0.9733 4.4423, 0.0823 0.9806 4.4841, 0.0823 0.9806 4.4447, -0.0631 0.9823 4.4912, -0.0631 0.9823 4.4518, -0.0808 0.9799 4.4921, -0.0808 0.9799 4.4527, -0.2094 0.9621 4.4986, -0.2094 0.9621 4.4593, -0.2857 0.9395 4.5028, -0.2857 0.9395 4.4634, -0.3529 0.9196 4.5064, -0.3529 0.9196 4.4671, -0.4788 0.8601 4.5137, -0.4788 0.8601 4.4743, -0.4885 0.8556 4.5143, -0.4885 0.8556 4.4749, -0.6118 0.7726 4.5219, -0.6118 0.7726 4.4825, -0.6486 0.7387 4.5243, -0.6486 0.7387 4.485, -0.7192 0.6741 4.529, -0.7192 0.6741 4.4897, -0.7906 0.5856 4.5347, -0.7906 0.5856 4.4954, -0.8116 0.5597 4.5364, -0.8116 0.5597 4.497, -0.8869 0.4307 4.5441, -0.8869 0.4307 4.5048, -0.8967 0.406 4.5455, -0.8967 0.406 4.5062, -0.9421 0.2912 4.552, -0.9421 0.2912 4.5126, -0.9613 0.2074 4.5564, -0.9613 0.2074 4.5171, -0.9753 0.1459 4.5597, -0.9753 0.1459 4.5203, -0.9862 0.0 4.5669, -0.9862 0.0 4.5276, -0.9753 -0.1459 4.5742, -0.9753 -0.1459 4.5348, -0.9613 -0.2074 4.5774, -0.9613 -0.2074 4.5381, -0.9421 -0.2912 4.5819, -0.9421 -0.2912 4.5425, -0.8967 -0.406 4.5883, -0.8967 -0.406 4.549, -0.8869 -0.4307 4.5897, -0.8869 -0.4307 4.5503, -0.8116 -0.5597 4.5975, -0.8116 -0.5597 4.5581, -0.7906 -0.5856 4.5991, -0.7906 -0.5856 4.5597, -0.7192 -0.6741 4.6048, -0.7192 -0.6741 4.5654, -0.6486 -0.7387 4.6095, -0.6486 -0.7387 4.5702, -0.6118 -0.7726 4.612, -0.6118 -0.7726 4.5726, -0.4885 -0.8556 4.6196, -0.4885 -0.8556 4.5802, -0.4788 -0.8601 4.6202, -0.4788 -0.8601 4.5808, -0.3529 -0.9196 4.6274, -0.3529 -0.9196 4.5881, -0.2857 -0.9395 4.6311, -0.2857 -0.9395 4.5917, -0.2094 -0.9621 4.6352, -0.2094 -0.9621 4.5958, -0.0808 -0.9799 4.6418, -0.0808 -0.9799 4.6024, -0.0631 -0.9823 4.6427, -0.0631 -0.9823 4.6033, 0.0823 -0.9806 4.6498, 0.0823 -0.9806 4.6104, 0.1278 -0.9733 4.6522, 0.1278 -0.9733 4.6128, 0.2285 -0.9569 4.6573, 0.2285 -0.9569 4.618, 0.3307 -0.9239 4.6629, 0.3307 -0.9239 4.6236, 0.3711 -0.9108 4.6652, 0.3711 -0.9108 4.6258, 0.505 -0.8436 4.673, 0.505 -0.8436 4.6336, 0.5189 -0.8338 4.6738, 0.5189 -0.8338 4.6345, 0.626 -0.7579 4.6805, 0.626 -0.7579 4.6411, 0.6823 -0.7038 4.6844, 0.6823 -0.7038 4.645, 0.7308 -0.6571 4.6877, 0.7308 -0.6571 4.6483, 0.8175 -0.5445 4.6948, 0.8175 -0.5445 4.6555, 0.8208 -0.5402 4.6951, 0.8208 -0.5402 4.6557, 0.8932 -0.4093 4.7029, 0.8932 -0.4093 4.6635, 0.9119 -0.3583 4.7057, 0.9119 -0.3583 4.6663, 0.945 -0.2685 4.7107, 0.945 -0.2685 4.6713, 0.9696 -0.1575 4.7166, 0.9696 -0.1575 4.6772, 0.9696 0.1575 4.1023, 0.9696 0.1575 4.063, 0.945 0.2685 4.1082, 0.945 0.2685 4.0688, 0.9119 0.3583 4.1132, 0.9119 0.3583 4.0738, 0.8932 0.4093 4.116, 0.8932 0.4093 4.0767, 0.8208 0.5402 4.1238, 0.8208 0.5402 4.0844, 0.8175 0.5445 4.1241, 0.8175 0.5445 4.0847, 0.7308 0.6571 4.1312, 0.7308 0.6571 4.0919, 0.6823 0.7038 4.1346, 0.6823 0.7038 4.0952, 0.626 0.7579 4.1384, 0.626 0.7579 4.099, 0.5189 0.8338 4.1451, 0.5189 0.8338 4.1057, 0.505 0.8436 4.1459, 0.505 0.8436 4.1066, 0.3711 0.9108 4.1538, 0.3711 0.9108 4.1144, 0.3307 0.9239 4.156, 0.3307 0.9239 4.1166, 0.2285 0.9569 4.1616, 0.2285 0.9569 4.1222, 0.1278 0.9733 4.1667, 0.1278 0.9733 4.1274, 0.0823 0.9806 4.1691, 0.0823 0.9806 4.1297, -0.0631 0.9823 4.1762, -0.0631 0.9823 4.1369, -0.0808 0.9799 4.1771, -0.0808 0.9799 4.1378, -0.2094 0.9621 4.1837, -0.2094 0.9621 4.1443, -0.2857 0.9395 4.1878, -0.2857 0.9395 4.1485, -0.3529 0.9196 4.1915, -0.3529 0.9196 4.1521, -0.4788 0.8601 4.1987, -0.4788 0.8601 4.1594, -0.4885 0.8556 4.1993, -0.4885 0.8556 4.1599, -0.6118 0.7726 4.2069, -0.6118 0.7726 4.1675, -0.6486 0.7387 4.2094, -0.6486 0.7387 4.17, -0.7192 0.6741 4.2141, -0.7192 0.6741 4.1747, -0.7906 0.5856 4.2198, -0.7906 0.5856 4.1804, -0.8116 0.5597 4.2215, -0.8116 0.5597 4.1821, -0.8869 0.4307 4.2292, -0.8869 0.4307 4.1898, -0.8967 0.406 4.2306, -0.8967 0.406 4.1912, -0.9421 0.2912 4.237, -0.9421 0.2912 4.1977, -0.9613 0.2074 4.2415, -0.9613 0.2074 4.2021, -0.9753 0.1459 4.2447, -0.9753 0.1459 4.2053, -0.9862 0.0 4.252, -0.9862 0.0 4.2126, -0.9753 -0.1459 4.2592, -0.9753 -0.1459 4.2199, -0.9613 -0.2074 4.2625, -0.9613 -0.2074 4.2231, -0.9421 -0.2912 4.2669, -0.9421 -0.2912 4.2275, -0.8967 -0.406 4.2734, -0.8967 -0.406 4.234, -0.8869 -0.4307 4.2748, -0.8869 -0.4307 4.2354, -0.8116 -0.5597 4.2825, -0.8116 -0.5597 4.2431, -0.7906 -0.5856 4.2842, -0.7906 -0.5856 4.2448, -0.7192 -0.6741 4.2899, -0.7192 -0.6741 4.2505, -0.6486 -0.7387 4.2946, -0.6486 -0.7387 4.2552, -0.6118 -0.7726 4.297, -0.6118 -0.7726 4.2577, -0.4885 -0.8556 4.3046, -0.4885 -0.8556 4.2653, -0.4788 -0.8601 4.3052, -0.4788 -0.8601 4.2658, -0.3529 -0.9196 4.3125, -0.3529 -0.9196 4.2731, -0.2857 -0.9395 4.3161, -0.2857 -0.9395 4.2767, -0.2094 -0.9621 4.3203, -0.2094 -0.9621 4.2809, -0.0808 -0.9799 4.3268, -0.0808 -0.9799 4.2874, -0.0631 -0.9823 4.3277, -0.0631 -0.9823 4.2884, 0.0823 -0.9806 4.3349, 0.0823 -0.9806 4.2955, 0.1278 -0.9733 4.3372, 0.1278 -0.9733 4.2978, 0.2285 -0.9569 4.3424, 0.2285 -0.9569 4.303, 0.3307 -0.9239 4.348, 0.3307 -0.9239 4.3086, 0.3711 -0.9108 4.3502, 0.3711 -0.9108 4.3108, 0.505 -0.8436 4.358, 0.505 -0.8436 4.3186, 0.5189 -0.8338 4.3589, 0.5189 -0.8338 4.3195, 0.626 -0.7579 4.3656, 0.626 -0.7579 4.3262, 0.6823 -0.7038 4.3694, 0.6823 -0.7038 4.33, 0.7308 -0.6571 4.3727, 0.7308 -0.6571 4.3333, 0.8175 -0.5445 4.3799, 0.8175 -0.5445 4.3405, 0.8208 -0.5402 4.3801, 0.8208 -0.5402 4.3408, 0.8932 -0.4093 4.3879, 0.8932 -0.4093 4.3485, 0.9119 -0.3583 4.3907, 0.9119 -0.3583 4.3514, 0.945 -0.2685 4.3957, 0.945 -0.2685 4.3564, 0.9696 -0.1575 4.4016, 0.9696 -0.1575 4.3622, 0.9696 0.1575 3.7874, 0.9696 0.1575 3.748, 0.945 0.2685 3.7932, 0.945 0.2685 3.7539, 0.9119 0.3583 3.7982, 0.9119 0.3583 3.7589, 0.8932 0.4093 3.8011, 0.8932 0.4093 3.7617, 0.8208 0.5402 3.8088, 0.8208 0.5402 3.7695, 0.8175 0.5445 3.8091, 0.8175 0.5445 3.7697, 0.7308 0.6571 3.8163, 0.7308 0.6571 3.7769, 0.6823 0.7038 3.8196, 0.6823 0.7038 3.7802, 0.626 0.7579 3.8234, 0.626 0.7579 3.7841, 0.5189 0.8338 3.8301, 0.5189 0.8338 3.7907, 0.505 0.8436 3.831, 0.505 0.8436 3.7916, 0.3711 0.9108 3.8388, 0.3711 0.9108 3.7994, 0.3307 0.9239 3.841, 0.3307 0.9239 3.8016, 0.2285 0.9569 3.8466, 0.2285 0.9569 3.8072, 0.1278 0.9733 3.8518, 0.1278 0.9733 3.8124, 0.0823 0.9806 3.8541, 0.0823 0.9806 3.8148, -0.0631 0.9823 3.8613, -0.0631 0.9823 3.8219, -0.0808 0.9799 3.8622, -0.0808 0.9799 3.8228, -0.2094 0.9621 3.8687, -0.2094 0.9621 3.8294, -0.2857 0.9395 3.8729, -0.2857 0.9395 3.8335, -0.3529 0.9196 3.8765, -0.3529 0.9196 3.8371, -0.4788 0.8601 3.8838, -0.4788 0.8601 3.8444, -0.4885 0.8556 3.8843, -0.4885 0.8556 3.845, -0.6118 0.7726 3.8919, -0.6118 0.7726 3.8526, -0.6486 0.7387 3.8944, -0.6486 0.7387 3.855, -0.7192 0.6741 3.8991, -0.7192 0.6741 3.8598, -0.7906 0.5856 3.9048, -0.7906 0.5856 3.8655, -0.8116 0.5597 3.9065, -0.8116 0.5597 3.8671, -0.8869 0.4307 3.9142, -0.8869 0.4307 3.8749, -0.8967 0.406 3.9156, -0.8967 0.406 3.8762, -0.9421 0.2912 3.9221, -0.9421 0.2912 3.8827, -0.9613 0.2074 3.9265, -0.9613 0.2074 3.8871, -0.9753 0.1459 3.9297, -0.9753 0.1459 3.8904, -0.9862 0.0 3.937, -0.9862 0.0 3.8976, -0.9753 -0.1459 3.9443, -0.9753 -0.1459 3.9049, -0.9613 -0.2074 3.9475, -0.9613 -0.2074 3.9082, -0.9421 -0.2912 3.952, -0.9421 -0.2912 3.9126, -0.8967 -0.406 3.9584, -0.8967 -0.406 3.919, -0.8869 -0.4307 3.9598, -0.8869 -0.4307 3.9204, -0.8116 -0.5597 3.9675, -0.8116 -0.5597 3.9282, -0.7906 -0.5856 3.9692, -0.7906 -0.5856 3.9298, -0.7192 -0.6741 3.9749, -0.7192 -0.6741 3.9355, -0.6486 -0.7387 3.9796, -0.6486 -0.7387 3.9402, -0.6118 -0.7726 3.9821, -0.6118 -0.7726 3.9427, -0.4885 -0.8556 3.9897, -0.4885 -0.8556 3.9503, -0.4788 -0.8601 3.9902, -0.4788 -0.8601 3.9509, -0.3529 -0.9196 3.9975, -0.3529 -0.9196 3.9581, -0.2857 -0.9395 4.0012, -0.2857 -0.9395 3.9618, -0.2094 -0.9621 4.0053, -0.2094 -0.9621 3.9659, -0.0808 -0.9799 4.0119, -0.0808 -0.9799 3.9725, -0.0631 -0.9823 4.0128, -0.0631 -0.9823 3.9734, 0.0823 -0.9806 4.0199, 0.0823 -0.9806 3.9805, 0.1278 -0.9733 4.0222, 0.1278 -0.9733 3.9829, 0.2285 -0.9569 4.0274, 0.2285 -0.9569 3.9881, 0.3307 -0.9239 4.033, 0.3307 -0.9239 3.9936, 0.3711 -0.9108 4.0352, 0.3711 -0.9108 3.9959, 0.505 -0.8436 4.043, 0.505 -0.8436 4.0037, 0.5189 -0.8338 4.0439, 0.5189 -0.8338 4.0045, 0.626 -0.7579 4.0506, 0.626 -0.7579 4.0112, 0.6823 -0.7038 4.0544, 0.6823 -0.7038 4.0151, 0.7308 -0.6571 4.0577, 0.7308 -0.6571 4.0184, 0.8175 -0.5445 4.0649, 0.8175 -0.5445 4.0255, 0.8208 -0.5402 4.0652, 0.8208 -0.5402 4.0258, 0.8932 -0.4093 4.0729, 0.8932 -0.4093 4.0336, 0.9119 -0.3583 4.0758, 0.9119 -0.3583 4.0364, 0.945 -0.2685 4.0808, 0.945 -0.2685 4.0414, 0.9696 -0.1575 4.0866, 0.9696 -0.1575 4.0473, 0.9696 -0.1575 3.7323, 0.9696 -0.1575 3.7717, 0.9432 -0.2747 3.7261, 0.9451 -0.268 3.7658, 0.9163 -0.3492 3.722, 0.9154 -0.3489 3.7613, 0.9008 -0.3921 3.7196, 0.8937 -0.4081 3.7581, 0.8441 -0.503 3.7131, 0.828 -0.5274 3.751, 0.8277 -0.527 3.7116, 0.8219 -0.5386 3.7503, 0.7744 -0.605 3.7068, 0.7326 -0.6552 3.7429, 0.7049 -0.6836 3.7016, 0.7041 -0.6827 3.741, 0.3755 -0.909 3.7205, 0.2337 -0.9556 3.7127, 0.1876 -0.9634 3.7104, 0.0883 -0.9801 3.7052, 0.6285 -0.7559 3.7358, 0.5519 -0.8105 3.731, 0.5085 -0.8416 3.7283, 0.3784 -0.9075 3.7207, 0.7054 0.6841 5.3929, 0.7041 0.6827 5.3535, 0.7326 0.6552 5.3516, 0.9696 0.1575 5.3622, 0.9696 0.1575 5.3228, 0.939 0.2887 5.3691, 0.9451 0.268 5.3286, 0.9155 0.3488 5.3725, 0.9154 0.3489 5.3331, 0.8852 0.4264 5.3769, 0.8937 0.4081 5.3364, 0.8272 0.5269 5.3829, 0.828 0.5274 5.3435, 0.8219 0.5386 5.3442, 0.8116 0.5539 5.3845, 0.7214 0.6675 5.3918, 0.3755 0.909 5.374, 0.2337 0.9556 5.3818, 0.1876 0.9634 5.3841, 0.0883 0.9801 5.3893, 0.6285 0.7559 5.3587, 0.5519 0.8105 5.3635, 0.5085 0.8416 5.3662, 0.3784 0.9075 5.3738, 0.7264 -0.1575 5.5906, -0.002 -0.5906 5.5906, -0.1548 -0.5704 5.5906, 0.5685 -0.1528 5.5906, -0.2972 -0.5114 5.5906, -0.4195 -0.4176 5.5906, -0.5134 -0.2953 5.5906, 0.5095 -0.2953 5.5906, 0.4156 -0.4176 5.5906, 0.2933 -0.5114 5.5906, 0.1509 -0.5704 5.5906, -0.5724 -0.1528 5.5906, -0.5925 0.0 5.5906, -0.5724 0.1528 5.5906, -0.5134 0.2953 5.5906, -0.4195 0.4176 5.5906, -0.2972 0.5114 5.5906, -0.1548 0.5704 5.5906, -0.002 0.5906 5.5906, 0.1509 0.5704 5.5906, 0.2933 0.5114 5.5906, 0.4156 0.4176 5.5906, 0.7264 0.1575 5.5906, 0.5095 0.2953 5.5906, 0.5685 0.1528 5.5906, 0.5886 -0.0 5.5906, 0.8613 -0.251 3.6769, 0.8829 -0.1575 3.6822, 0.7708 -0.4594 3.6639, 0.7072 -0.5526 3.6576, 0.8227 -0.3581 3.6704, 0.5735 -0.5754 3.6024, 0.6337 -0.6357 3.6516, 0.6975 -0.4159 3.6147, 0.6499 -0.4856 3.6095, 0.64 -0.5002 3.6084, 0.7139 -0.3839 3.6169, 0.7964 -0.1575 3.6322, 0.7795 -0.2272 3.6277, 0.7628 -0.2733 3.6246, 0.7445 -0.3242 3.6212, 0.1548 -0.7966 3.8875, 0.1886 -0.7912 3.8896, 0.2085 -0.874 3.9388, -0.2477 0.7735 3.7358, -0.2921 0.7603 3.7387, -0.3225 0.8399 3.7879, 0.6964 0.4138 3.6687, 0.6783 0.4466 3.671, 0.7496 0.4934 3.7203, 0.075 -0.8957 3.9313, 0.3388 0.8319 3.7502, 0.4611 0.7706 3.7424, 0.8784 0.1575 3.6969, 0.7964 0.1575 3.6513, 0.781 0.222 3.6554, 0.863 -0.2452 3.9922, 0.8829 -0.1575 3.9971, 0.8832 0.1575 3.6996, 0.863 0.2452 3.7047, 0.8157 0.3738 3.7125, 0.5716 0.6923 3.7348, 0.6674 0.6002 3.7277, 0.2085 0.874 3.758, 0.075 0.8957 3.7655, -0.1914 0.8788 3.7801, -0.0578 0.8973 3.7727, -0.4464 0.7815 3.7958, -0.559 0.7057 3.8034, -0.6571 0.6157 3.8105, -0.7415 0.5112 3.8179, -0.8607 0.266 3.8335, -0.8103 0.3934 3.8256, -0.891 0.1333 3.8412, -0.901 0.0 3.8484, -0.891 -0.1333 3.8557, -0.8607 -0.266 3.8634, -0.8103 -0.3934 3.8712, -0.6571 -0.6157 3.8863, -0.7415 -0.5112 3.8789, -0.559 -0.7057 3.8935, -0.4464 -0.7815 3.9011, -0.3225 -0.8399 3.9089, -0.1914 -0.8788 3.9167, -0.0578 -0.8973 3.9242, 0.3388 -0.8319 3.9466, 0.4611 -0.7706 3.9545, 0.5716 -0.6923 3.962, 0.6674 -0.6002 3.9692, 0.7496 -0.4934 3.9766, 0.8157 -0.3738 3.9844, 0.7562 0.2894 3.66, 0.7381 0.3384 3.6633, 0.6178 0.5253 3.6771, 0.6039 0.5433 3.6785, 0.5235 0.6206 3.6851, 0.5172 0.6267 3.6856, 0.3065 0.7531 3.701, 0.4123 0.7 3.6935, 0.4172 0.6975 3.6932, 0.2874 0.7592 3.7023, 0.0677 0.8108 3.7163, 0.1548 0.7966 3.7109, 0.1886 0.7912 3.7088, 0.0202 0.8113 3.7192, -0.1735 0.7955 3.7309, -0.114 0.8037 3.7273, -0.0525 0.8122 3.7235, -0.3755 0.7209 3.7445, -0.6713 0.4628 3.7687, -0.5949 0.5573 3.7613, -0.5061 0.6388 3.7542, -0.492 0.6483 3.7531, -0.4042 0.7074 3.7465, -0.6771 0.453 3.7694, -0.7793 0.2408 3.7843, -0.7432 0.332 3.7781, -0.7337 0.3561 3.7764, -0.7883 0.2015 3.7868, -0.8067 0.1206 3.792, -0.8107 0.067 3.7952, -0.8157 0.0 3.7992, -0.8107 -0.067 3.8032, -0.8067 -0.1206 3.8065, -0.7883 -0.2015 3.8116, -0.7793 -0.2408 3.8142, -0.7432 -0.332 3.8204, -0.7337 -0.3561 3.822, -0.5061 -0.6388 3.8443, -0.5949 -0.5573 3.8371, -0.6713 -0.4628 3.8297, -0.6771 -0.453 3.829, -0.492 -0.6483 3.8453, -0.2921 -0.7603 3.8597, -0.3755 -0.7209 3.8539, -0.4042 -0.7074 3.8519, -0.2477 -0.7735 3.8626, -0.1735 -0.7955 3.8675, -0.114 -0.8037 3.8712, -0.0525 -0.8122 3.875, 0.0202 -0.8113 3.8793, 0.0677 -0.8108 3.8821, 0.2874 -0.7592 3.8962, 0.5172 -0.6267 3.9128, 0.4172 -0.6975 3.9052, 0.4123 -0.7 3.9049, 0.3065 -0.7531 3.8974, 0.5235 -0.6206 3.9133, 0.6783 -0.4466 3.9274, 0.6178 -0.5253 3.9213, 0.6039 -0.5433 3.9199, 0.6964 -0.4138 3.9297, 0.7964 -0.1575 3.9471, 0.781 -0.222 3.943, 0.7562 -0.2894 3.9385, 0.7381 -0.3384 3.9352, 0.1548 -0.7966 4.2025, 0.1886 -0.7912 4.2046, 0.2085 -0.874 4.2538, -0.2477 0.7735 4.0508, -0.2921 0.7603 4.0537, -0.3225 0.8399 4.1029, 0.6964 0.4138 3.9837, 0.6783 0.4466 3.986, 0.7496 0.4934 4.0352, 0.075 -0.8957 4.2463, 0.3388 0.8319 4.0652, 0.4611 0.7706 4.0574, 0.8784 0.1575 4.0119, 0.7964 0.1575 3.9663, 0.781 0.222 3.9704, 0.863 -0.2452 4.3072, 0.8829 -0.1575 4.3121, 0.8832 0.1575 4.0145, 0.863 0.2452 4.0196, 0.8157 0.3738 4.0275, 0.5716 0.6923 4.0498, 0.6674 0.6002 4.0427, 0.2085 0.874 4.073, 0.075 0.8957 4.0805, -0.1914 0.8788 4.0951, -0.0578 0.8973 4.0876, -0.4464 0.7815 4.1107, -0.559 0.7057 4.1183, -0.6571 0.6157 4.1255, -0.7415 0.5112 4.1329, -0.8607 0.266 4.1484, -0.8103 0.3934 4.1406, -0.891 0.1333 4.1561, -0.901 0.0 4.1634, -0.891 -0.1333 4.1707, -0.8607 -0.266 4.1783, -0.8103 -0.3934 4.1862, -0.6571 -0.6157 4.2013, -0.7415 -0.5112 4.1939, -0.559 -0.7057 4.2085, -0.4464 -0.7815 4.2161, -0.3225 -0.8399 4.2239, -0.1914 -0.8788 4.2317, -0.0578 -0.8973 4.2391, 0.3388 -0.8319 4.2616, 0.4611 -0.7706 4.2694, 0.5716 -0.6923 4.277, 0.6674 -0.6002 4.2841, 0.7496 -0.4934 4.2916, 0.8157 -0.3738 4.2993, 0.7562 0.2894 3.9749, 0.7381 0.3384 3.9782, 0.6178 0.5253 3.9921, 0.6039 0.5433 3.9935, 0.5235 0.6206 4.0001, 0.5172 0.6267 4.0006, 0.3065 0.7531 4.016, 0.4123 0.7 4.0085, 0.4172 0.6975 4.0081, 0.2874 0.7592 4.0172, 0.0677 0.8108 4.0313, 0.1548 0.7966 4.0259, 0.1886 0.7912 4.0238, 0.0202 0.8113 4.0341, -0.1735 0.7955 4.0459, -0.114 0.8037 4.0422, -0.0525 0.8122 4.0384, -0.3755 0.7209 4.0595, -0.6713 0.4628 4.0837, -0.5949 0.5573 4.0763, -0.5061 0.6388 4.0691, -0.492 0.6483 4.0681, -0.4042 0.7074 4.0615, -0.6771 0.453 4.0844, -0.7793 0.2408 4.0992, -0.7432 0.332 4.093, -0.7337 0.3561 4.0914, -0.7883 0.2015 4.1017, -0.8067 0.1206 4.1069, -0.8107 0.067 4.1101, -0.8157 0.0 4.1142, -0.8107 -0.067 4.1182, -0.8067 -0.1206 4.1214, -0.7883 -0.2015 4.1266, -0.7793 -0.2408 4.1291, -0.7432 -0.332 4.1353, -0.7337 -0.3561 4.137, -0.5061 -0.6388 4.1592, -0.5949 -0.5573 4.1521, -0.6713 -0.4628 4.1447, -0.6771 -0.453 4.144, -0.492 -0.6483 4.1603, -0.2921 -0.7603 4.1747, -0.3755 -0.7209 4.1689, -0.4042 -0.7074 4.1668, -0.2477 -0.7735 4.1776, -0.1735 -0.7955 4.1825, -0.114 -0.8037 4.1861, -0.0525 -0.8122 4.1899, 0.0202 -0.8113 4.1942, 0.0677 -0.8108 4.1971, 0.2874 -0.7592 4.2111, 0.5172 -0.6267 4.2278, 0.4172 -0.6975 4.2202, 0.4123 -0.7 4.2199, 0.3065 -0.7531 4.2124, 0.5235 -0.6206 4.2283, 0.6783 -0.4466 4.2423, 0.6178 -0.5253 4.2363, 0.6039 -0.5433 4.2349, 0.6964 -0.4138 4.2447, 0.7964 -0.1575 4.2621, 0.781 -0.222 4.2579, 0.7562 -0.2894 4.2534, 0.7381 -0.3384 4.2501, 0.1548 -0.7966 4.5174, 0.1886 -0.7912 4.5196, 0.2085 -0.874 4.5688, -0.2477 0.7735 4.3657, -0.2921 0.7603 4.3686, -0.3225 0.8399 4.4178, 0.6964 0.4138 4.2986, 0.6783 0.4466 4.301, 0.7496 0.4934 4.3502, 0.075 -0.8957 4.5612, 0.3388 0.8319 4.3801, 0.4611 0.7706 4.3723, 0.8784 0.1575 4.3268, 0.7964 0.1575 4.2812, 0.781 0.222 4.2854, 0.863 -0.2452 4.6221, 0.8829 -0.1575 4.6271, 0.8832 0.1575 4.3295, 0.863 0.2452 4.3346, 0.8157 0.3738 4.3424, 0.5716 0.6923 4.3648, 0.6674 0.6002 4.3576, 0.2085 0.874 4.3879, 0.075 0.8957 4.3955, -0.1914 0.8788 4.4101, -0.0578 0.8973 4.4026, -0.4464 0.7815 4.4257, -0.559 0.7057 4.4333, -0.6571 0.6157 4.4405, -0.7415 0.5112 4.4478, -0.8607 0.266 4.4634, -0.8103 0.3934 4.4556, -0.891 0.1333 4.4711, -0.901 0.0 4.4783, -0.891 -0.1333 4.4856, -0.8607 -0.266 4.4933, -0.8103 -0.3934 4.5011, -0.6571 -0.6157 4.5162, -0.7415 -0.5112 4.5089, -0.559 -0.7057 4.5234, -0.4464 -0.7815 4.531, -0.3225 -0.8399 4.5389, -0.1914 -0.8788 4.5466, -0.0578 -0.8973 4.5541, 0.3388 -0.8319 4.5766, 0.4611 -0.7706 4.5844, 0.5716 -0.6923 4.5919, 0.6674 -0.6002 4.5991, 0.7496 -0.4934 4.6065, 0.8157 -0.3738 4.6143, 0.7562 0.2894 4.2899, 0.7381 0.3384 4.2932, 0.6178 0.5253 4.307, 0.6039 0.5433 4.3084, 0.5235 0.6206 4.315, 0.5172 0.6267 4.3156, 0.3065 0.7531 4.3309, 0.4123 0.7 4.3235, 0.4172 0.6975 4.3231, 0.2874 0.7592 4.3322, 0.0677 0.8108 4.3463, 0.1548 0.7966 4.3408, 0.1886 0.7912 4.3387, 0.0202 0.8113 4.3491, -0.1735 0.7955 4.3609, -0.114 0.8037 4.3572, -0.0525 0.8122 4.3534, -0.3755 0.7209 4.3745, -0.6713 0.4628 4.3986, -0.5949 0.5573 4.3912, -0.5061 0.6388 4.3841, -0.492 0.6483 4.383, -0.4042 0.7074 4.3765, -0.6771 0.453 4.3993, -0.7793 0.2408 4.4142, -0.7432 0.332 4.408, -0.7337 0.3561 4.4064, -0.7883 0.2015 4.4167, -0.8067 0.1206 4.4219, -0.8107 0.067 4.4251, -0.8157 0.0 4.4291, -0.8107 -0.067 4.4332, -0.8067 -0.1206 4.4364, -0.7883 -0.2015 4.4416, -0.7793 -0.2408 4.4441, -0.7432 -0.332 4.4503, -0.7337 -0.3561 4.4519, -0.5061 -0.6388 4.4742, -0.5949 -0.5573 4.467, -0.6713 -0.4628 4.4597, -0.6771 -0.453 4.4589, -0.492 -0.6483 4.4753, -0.2921 -0.7603 4.4896, -0.3755 -0.7209 4.4838, -0.4042 -0.7074 4.4818, -0.2477 -0.7735 4.4925, -0.1735 -0.7955 4.4974, -0.114 -0.8037 4.5011, -0.0525 -0.8122 4.5049, 0.0202 -0.8113 4.5092, 0.0677 -0.8108 4.512, 0.2874 -0.7592 4.5261, 0.5172 -0.6267 4.5427, 0.4172 -0.6975 4.5352, 0.4123 -0.7 4.5348, 0.3065 -0.7531 4.5274, 0.5235 -0.6206 4.5432, 0.6783 -0.4466 4.5573, 0.6178 -0.5253 4.5512, 0.6039 -0.5433 4.5499, 0.6964 -0.4138 4.5597, 0.7964 -0.1575 4.577, 0.781 -0.222 4.5729, 0.7562 -0.2894 4.5684, 0.7381 -0.3384 4.5651, 0.1548 -0.7966 4.8324, 0.1886 -0.7912 4.8345, 0.2085 -0.874 4.8837, -0.2477 0.7735 4.6807, -0.2921 0.7603 4.6836, -0.3225 0.8399 4.7328, 0.6964 0.4138 4.6136, 0.6783 0.4466 4.6159, 0.7496 0.4934 4.6651, 0.075 -0.8957 4.8762, 0.3388 0.8319 4.6951, 0.4611 0.7706 4.6873, 0.8784 0.1575 4.6418, 0.7964 0.1575 4.5962, 0.781 0.222 4.6003, 0.863 -0.2452 4.9371, 0.8829 -0.1575 4.942, 0.8832 0.1575 4.6445, 0.863 0.2452 4.6495, 0.8157 0.3738 4.6574, 0.5716 0.6923 4.6797, 0.6674 0.6002 4.6726, 0.2085 0.874 4.7029, 0.075 0.8957 4.7104, -0.1914 0.8788 4.725, -0.0578 0.8973 4.7176, -0.4464 0.7815 4.7406, -0.559 0.7057 4.7482, -0.6571 0.6157 4.7554, -0.7415 0.5112 4.7628, -0.8607 0.266 4.7784, -0.8103 0.3934 4.7705, -0.891 0.1333 4.786, -0.901 0.0 4.7933, -0.891 -0.1333 4.8006, -0.8607 -0.266 4.8083, -0.8103 -0.3934 4.8161, -0.6571 -0.6157 4.8312, -0.7415 -0.5112 4.8238, -0.559 -0.7057 4.8384, -0.4464 -0.7815 4.846, -0.3225 -0.8399 4.8538, -0.1914 -0.8788 4.8616, -0.0578 -0.8973 4.8691, 0.3388 -0.8319 4.8915, 0.4611 -0.7706 4.8993, 0.5716 -0.6923 4.9069, 0.6674 -0.6002 4.914, 0.7496 -0.4934 4.9215, 0.8157 -0.3738 4.9292, 0.7562 0.2894 4.6049, 0.7381 0.3384 4.6082, 0.6178 0.5253 4.622, 0.6039 0.5433 4.6234, 0.5235 0.6206 4.63, 0.5172 0.6267 4.6305, 0.3065 0.7531 4.6459, 0.4123 0.7 4.6384, 0.4172 0.6975 4.6381, 0.2874 0.7592 4.6471, 0.0677 0.8108 4.6612, 0.1548 0.7966 4.6558, 0.1886 0.7912 4.6537, 0.0202 0.8113 4.664, -0.1735 0.7955 4.6758, -0.114 0.8037 4.6721, -0.0525 0.8122 4.6683, -0.3755 0.7209 4.6894, -0.6713 0.4628 4.7136, -0.5949 0.5573 4.7062, -0.5061 0.6388 4.699, -0.492 0.6483 4.698, -0.4042 0.7074 4.6914, -0.6771 0.453 4.7143, -0.7793 0.2408 4.7292, -0.7432 0.332 4.723, -0.7337 0.3561 4.7213, -0.7883 0.2015 4.7317, -0.8067 0.1206 4.7368, -0.8107 0.067 4.7401, -0.8157 0.0 4.7441, -0.8107 -0.067 4.7481, -0.8067 -0.1206 4.7514, -0.7883 -0.2015 4.7565, -0.7793 -0.2408 4.759, -0.7432 -0.332 4.7652, -0.7337 -0.3561 4.7669, -0.5061 -0.6388 4.7892, -0.5949 -0.5573 4.782, -0.6713 -0.4628 4.7746, -0.6771 -0.453 4.7739, -0.492 -0.6483 4.7902, -0.2921 -0.7603 4.8046, -0.3755 -0.7209 4.7988, -0.4042 -0.7074 4.7968, -0.2477 -0.7735 4.8075, -0.1735 -0.7955 4.8124, -0.114 -0.8037 4.8161, -0.0525 -0.8122 4.8198, 0.0202 -0.8113 4.8242, 0.0677 -0.8108 4.827, 0.2874 -0.7592 4.8411, 0.5172 -0.6267 4.8577, 0.4172 -0.6975 4.8501, 0.4123 -0.7 4.8498, 0.3065 -0.7531 4.8423, 0.5235 -0.6206 4.8582, 0.6783 -0.4466 4.8723, 0.6178 -0.5253 4.8662, 0.6039 -0.5433 4.8648, 0.6964 -0.4138 4.8746, 0.7964 -0.1575 4.892, 0.781 -0.222 4.8879, 0.7562 -0.2894 4.8833, 0.7381 -0.3384 4.88, 0.1548 -0.7966 5.1474, 0.1886 -0.7912 5.1495, 0.2085 -0.874 5.1987, -0.2477 0.7735 4.9956, -0.2921 0.7603 4.9986, -0.3225 0.8399 5.0478, 0.6964 0.4138 4.9285, 0.6783 0.4466 4.9309, 0.7496 0.4934 4.9801, 0.075 -0.8957 5.1912, 0.3388 0.8319 5.0101, 0.4611 0.7706 5.0022, 0.8784 0.1575 4.9568, 0.7964 0.1575 4.9111, 0.781 0.222 4.9153, 0.863 -0.2452 5.252, 0.8829 -0.1575 5.257, 0.8832 0.1575 4.9594, 0.863 0.2452 4.9645, 0.8157 0.3738 4.9723, 0.5716 0.6923 4.9947, 0.6674 0.6002 4.9875, 0.2085 0.874 5.0179, 0.075 0.8957 5.0254, -0.1914 0.8788 5.04, -0.0578 0.8973 5.0325, -0.4464 0.7815 5.0556, -0.559 0.7057 5.0632, -0.6571 0.6157 5.0704, -0.7415 0.5112 5.0778, -0.8607 0.266 5.0933, -0.8103 0.3934 5.0855, -0.891 0.1333 5.101, -0.901 0.0 5.1083, -0.891 -0.1333 5.1155, -0.8607 -0.266 5.1232, -0.8103 -0.3934 5.1311, -0.6571 -0.6157 5.1462, -0.7415 -0.5112 5.1388, -0.559 -0.7057 5.1533, -0.4464 -0.7815 5.1609, -0.3225 -0.8399 5.1688, -0.1914 -0.8788 5.1766, -0.0578 -0.8973 5.184, 0.3388 -0.8319 5.2065, 0.4611 -0.7706 5.2143, 0.5716 -0.6923 5.2219, 0.6674 -0.6002 5.229, 0.7496 -0.4934 5.2364, 0.8157 -0.3738 5.2442, 0.7562 0.2894 4.9198, 0.7381 0.3384 4.9231, 0.6178 0.5253 4.9369, 0.6039 0.5433 4.9383, 0.5235 0.6206 4.945, 0.5172 0.6267 4.9455, 0.3065 0.7531 4.9608, 0.4123 0.7 4.9534, 0.4172 0.6975 4.953, 0.2874 0.7592 4.9621, 0.0677 0.8108 4.9762, 0.1548 0.7966 4.9707, 0.1886 0.7912 4.9686, 0.0202 0.8113 4.979, -0.1735 0.7955 4.9908, -0.114 0.8037 4.9871, -0.0525 0.8122 4.9833, -0.3755 0.7209 5.0044, -0.6713 0.4628 5.0285, -0.5949 0.5573 5.0212, -0.5061 0.6388 5.014, -0.492 0.6483 5.0129, -0.4042 0.7074 5.0064, -0.6771 0.453 5.0293, -0.7793 0.2408 5.0441, -0.7432 0.332 5.0379, -0.7337 0.3561 5.0363, -0.7883 0.2015 5.0466, -0.8067 0.1206 5.0518, -0.8107 0.067 5.055, -0.8157 0.0 5.0591, -0.8107 -0.067 5.0631, -0.8067 -0.1206 5.0663, -0.7883 -0.2015 5.0715, -0.7793 -0.2408 5.074, -0.7432 -0.332 5.0802, -0.7337 -0.3561 5.0818, -0.5061 -0.6388 5.1041, -0.5949 -0.5573 5.0969, -0.6713 -0.4628 5.0896, -0.6771 -0.453 5.0889, -0.492 -0.6483 5.1052, -0.2921 -0.7603 5.1196, -0.3755 -0.7209 5.1137, -0.4042 -0.7074 5.1117, -0.2477 -0.7735 5.1225, -0.1735 -0.7955 5.1273, -0.114 -0.8037 5.131, -0.0525 -0.8122 5.1348, 0.0202 -0.8113 5.1391, 0.0677 -0.8108 5.1419, 0.2874 -0.7592 5.156, 0.5172 -0.6267 5.1726, 0.4172 -0.6975 5.1651, 0.4123 -0.7 5.1647, 0.3065 -0.7531 5.1573, 0.5235 -0.6206 5.1732, 0.6783 -0.4466 5.1872, 0.6178 -0.5253 5.1812, 0.6039 -0.5433 5.1798, 0.6964 -0.4138 5.1896, 0.7964 -0.1575 5.207, 0.781 -0.222 5.2028, 0.7562 -0.2894 5.1983, 0.7381 -0.3384 5.195, -0.8109 -0.067 5.378, -0.8084 -0.1089 5.3806, -0.8929 -0.1203 5.4298, -0.2478 0.7736 5.3106, -0.2857 0.7627 5.3131, -0.3154 0.8426 5.3623, 0.6965 0.4138 5.2435, 0.6792 0.4453 5.2458, 0.7505 0.4919 5.295, 0.1708 -0.7952 5.4633, -0.0693 -0.811 5.4488, -0.1139 -0.8039 5.446, -0.5716 -0.6955 5.4674, -0.7357 0.5194 5.3922, -0.1847 0.8802 5.3546, 0.8784 0.1575 5.2717, 0.7964 0.1575 5.2261, 0.7811 0.2215 5.2302, 0.0805 0.8952 5.3401, -0.0518 0.8976 5.3472, -0.4393 0.7855 5.3701, -0.5521 0.711 5.3777, -0.6508 0.6223 5.3849, -0.8056 0.403 5.3998, -0.8892 0.145 5.4153, -0.8573 0.2768 5.4076, -0.9009 0.0122 5.4226, -0.8647 -0.2527 5.4374, -0.8166 -0.3803 5.4452, -0.7499 -0.4988 5.4529, -0.6675 -0.6044 5.4603, -0.4611 -0.7729 5.4749, -0.1896 -0.7918 5.4413, -0.2477 -0.7733 5.4374, -0.3071 -0.7544 5.4335, 0.155 -0.7974 5.4623, 0.0504 -0.8121 5.4559, 0.0202 -0.8118 5.4541, 0.2888 -0.7601 5.471, 0.4004 -0.7073 5.4788, 0.412 -0.6996 5.4797, 0.5903 -0.5581 5.4936, 0.5228 -0.6199 5.4881, 0.5019 -0.6391 5.4864, 0.6173 -0.5248 5.4961, 0.6665 -0.4641 5.5009, 0.6962 -0.4136 5.5045, 0.7288 -0.3581 5.5086, 0.7562 -0.2893 5.5133, 0.7746 -0.2434 5.5164, 0.7964 -0.1575 5.5219, 0.8832 0.1575 5.2744, 0.8631 0.2447 5.2794, 0.8161 0.3728 5.2872, 0.6689 0.5984 5.3024, 0.5739 0.6904 5.3095, 0.4643 0.7687 5.317, 0.3428 0.8303 5.3248, 0.2133 0.8729 5.3325, 0.7562 0.2894 5.2348, 0.7386 0.3374 5.238, 0.6179 0.5253 5.2519, 0.4201 0.6958 5.2678, 0.5193 0.6249 5.2603, 0.5236 0.6208 5.2599, 0.6053 0.5417 5.2532, 0.4122 0.6998 5.2683, 0.1929 0.7901 5.2833, 0.2874 0.759 5.2771, 0.3101 0.7516 5.2756, 0.1548 0.7965 5.2857, 0.0727 0.8103 5.2908, 0.0202 0.8113 5.294, -0.047 0.8125 5.2979, -0.114 0.8038 5.3021, -0.1674 0.7968 5.3054, -0.3757 0.7212 5.3193, -0.5892 0.5633 5.3356, -0.5 0.6436 5.3285, -0.4922 0.6487 5.3279, -0.3978 0.711 5.3209, -0.5927 0.5592 5.336, -0.7294 0.3648 5.3506, -0.6766 0.4527 5.3442, -0.6662 0.4702 5.3429, -0.7429 0.3319 5.3529, -0.7762 0.2506 5.3584, -0.7881 0.2015 5.3616, -0.8051 0.1312 5.3661, -0.8107 0.067 5.37, -0.8156 0.011 5.3734, -0.7887 -0.2016 5.3864, -0.6044 -0.5471 5.4111, -0.679 -0.4515 5.4037, -0.7393 -0.3442 5.396, -0.7438 -0.3323 5.3952, -0.7829 -0.2287 5.3882, -0.5922 -0.5586 5.4121, -0.3753 -0.7206 5.4287, -0.4176 -0.6996 5.4257, -0.4916 -0.6478 5.4201, -0.5176 -0.6296 5.4182, 0.804 0.1575 5.5453, 0.7715 0.2759 5.5529, 0.7964 0.1575 5.5411, 0.7073 0.3974 5.5572, 0.7132 0.3883 5.5566, 0.7613 0.2807 5.5491, 0.7645 0.2734 5.5486, 0.5735 -0.5754 3.563, 0.6507 -0.4861 3.5701, 0.7152 -0.3846 3.5776, 0.7644 -0.2738 3.5852, 0.7964 -0.1575 3.5928, 0.6507 -0.4861 3.5307, 0.713 -0.3881 3.5379, 0.7152 -0.3846 3.5382, 0.7964 -0.1575 3.5534, 0.7645 -0.2734 3.5459, 0.7644 -0.2738 3.5459, 0.5239 -0.6211 3.874, 0.7964 0.1575 3.6119, 0.6982 0.4148 3.6293, 0.7583 0.2902 3.6206, 0.6189 0.5261 3.6378, 0.5239 0.6211 3.6457, 0.4125 0.7003 3.6542, 0.2878 0.7604 3.6629, 0.1551 0.7985 3.6716, 0.0202 0.8135 3.6798, -0.2484 0.7756 3.6964, -0.1143 0.806 3.6879, -0.3763 0.7226 3.7052, -0.593 0.5594 3.7218, -0.4926 0.6492 3.7137, -0.6777 0.4534 3.73, -0.7446 0.3326 3.7387, -0.7903 0.202 3.7474, -0.8129 0.0672 3.7559, -0.8129 -0.0672 3.7638, -0.7903 -0.202 3.7723, -0.7446 -0.3326 3.781, -0.6777 -0.4534 3.7897, -0.593 -0.5594 3.7979, -0.4926 -0.6492 3.806, -0.3763 -0.7226 3.8145, -0.2484 -0.7756 3.8233, -0.1143 -0.806 3.8318, 0.0202 -0.8135 3.8399, 0.1551 -0.7985 3.8481, 0.2878 -0.7604 3.8568, 0.4125 -0.7003 3.8655, 0.6189 -0.5261 3.8819, 0.6982 -0.4148 3.8904, 0.7583 -0.2902 3.8991, 0.7964 -0.1575 3.9078, 0.7964 0.1575 3.5726, 0.772 0.2427 3.5781, 0.7583 0.2902 3.5812, 0.7261 0.3569 3.5859, 0.6982 0.4148 3.59, 0.6642 0.4625 3.5936, 0.5239 0.6211 3.6064, 0.5886 0.5564 3.6009, 0.6189 0.5261 3.5984, 0.5008 0.6375 3.6081, 0.2888 0.76 3.6235, 0.4 0.7064 3.6157, 0.4125 0.7003 3.6148, 0.2878 0.7604 3.6235, 0.1704 0.7941 3.6312, 0.1551 0.7985 3.6322, 0.0502 0.8101 3.6386, 0.0202 0.8135 3.6404, -0.0692 0.8085 3.6458, -0.1143 0.806 3.6485, -0.189 0.789 3.6533, -0.3763 0.7226 3.6658, -0.3059 0.7517 3.661, -0.2484 0.7756 3.6571, -0.4162 0.6974 3.6687, -0.593 0.5594 3.6824, -0.5162 0.6281 3.6763, -0.4926 0.6492 3.6744, -0.6034 0.5463 3.6834, -0.6777 0.4534 3.6907, -0.7385 0.3438 3.6985, -0.7446 0.3326 3.6993, -0.7811 0.2281 3.7063, -0.7903 0.202 3.7081, -0.806 0.1085 3.7139, -0.8129 0.0672 3.7165, -0.8129 -0.011 3.7211, -0.8129 -0.0672 3.7245, -0.8022 -0.1308 3.7284, -0.7446 -0.3326 3.7416, -0.7736 -0.2497 3.7361, -0.7903 -0.202 3.7329, -0.7274 -0.3637 3.7439, -0.593 -0.5594 3.7585, -0.665 -0.4693 3.7515, -0.6777 -0.4534 3.7503, -0.589 -0.563 3.7589, -0.4995 -0.643 3.766, -0.4926 -0.6492 3.7666, -0.3969 -0.7096 3.7736, -0.3763 -0.7226 3.7751, -0.2848 -0.7605 3.7814, -0.2484 -0.7756 3.7839, -0.1668 -0.7941 3.7891, 0.0202 -0.8135 3.8005, -0.0469 -0.8097 3.7965, -0.1143 -0.806 3.7925, 0.0724 -0.8077 3.8037, 0.2878 -0.7604 3.8174, 0.1923 -0.7878 3.8112, 0.1551 -0.7985 3.8088, 0.3094 -0.7501 3.8189, 0.519 -0.6245 3.8342, 0.4197 -0.6952 3.8267, 0.4125 -0.7003 3.8262, 0.5239 -0.6211 3.8346, 0.6043 -0.5407 3.8413, 0.6189 -0.5261 3.8426, 0.6774 -0.444 3.8488, 0.6982 -0.4148 3.851, 0.7361 -0.3363 3.8565, 0.7583 -0.2902 3.8597, 0.7783 -0.2207 3.8643, 0.7964 -0.1575 3.8684, 0.5239 -0.6211 4.1889, 0.7583 0.2902 3.9356, 0.7964 0.1575 3.9269, 0.6982 0.4148 3.9443, 0.6189 0.5261 3.9527, 0.4125 0.7003 3.9691, 0.5239 0.6211 3.9607, 0.2878 0.7604 3.9779, 0.1551 0.7985 3.9865, 0.0202 0.8135 3.9948, -0.1143 0.806 4.0028, -0.2484 0.7756 4.0114, -0.3763 0.7226 4.0201, -0.4926 0.6492 4.0287, -0.593 0.5594 4.0367, -0.6777 0.4534 4.045, -0.7446 0.3326 4.0537, -0.7903 0.202 4.0624, -0.8129 0.0672 4.0708, -0.7903 -0.202 4.0872, -0.8129 -0.0672 4.0788, -0.7446 -0.3326 4.096, -0.6777 -0.4534 4.1046, -0.593 -0.5594 4.1129, -0.4926 -0.6492 4.1209, -0.3763 -0.7226 4.1295, -0.2484 -0.7756 4.1382, -0.1143 -0.806 4.1468, 0.0202 -0.8135 4.1548, 0.1551 -0.7985 4.1631, 0.2878 -0.7604 4.1718, 0.4125 -0.7003 4.1805, 0.6189 -0.5261 4.1969, 0.6982 -0.4148 4.2053, 0.7583 -0.2902 4.214, 0.7964 -0.1575 4.2227, 0.7964 0.1575 3.8875, 0.7782 0.2212 3.8917, 0.7583 0.2902 3.8962, 0.7356 0.3372 3.8995, 0.6189 0.5261 3.9133, 0.6764 0.4453 3.9072, 0.6982 0.4148 3.9049, 0.6028 0.5422 3.9147, 0.417 0.6971 3.9294, 0.5168 0.6261 3.9219, 0.5239 0.6211 3.9213, 0.4125 0.7003 3.9298, 0.3058 0.7518 3.9372, 0.2878 0.7604 3.9385, 0.188 0.7891 3.945, 0.1551 0.7985 3.9472, 0.0674 0.8082 3.9525, 0.0202 0.8135 3.9554, -0.0524 0.8094 3.9597, -0.2484 0.7756 3.972, -0.1728 0.7927 3.9672, -0.1143 0.806 3.9634, -0.2911 0.7579 3.9749, -0.4926 0.6492 3.9893, -0.4031 0.7056 3.9827, -0.3763 0.7226 3.9808, -0.5053 0.6378 3.9904, -0.593 0.5594 3.9974, -0.6707 0.4622 4.0049, -0.6777 0.4534 4.0056, -0.7321 0.3553 4.0127, -0.7446 0.3326 4.0143, -0.777 0.24 4.0205, -0.7903 0.202 4.023, -0.804 0.1202 4.0281, -0.8129 0.0672 4.0314, -0.8129 0.0 4.0354, -0.7903 -0.202 4.0478, -0.804 -0.1202 4.0427, -0.8129 -0.0672 4.0394, -0.777 -0.24 4.0504, -0.6777 -0.4534 4.0653, -0.7321 -0.3553 4.0582, -0.7446 -0.3326 4.0566, -0.6707 -0.4622 4.0659, -0.593 -0.5594 4.0735, -0.5053 -0.6378 4.0805, -0.4926 -0.6492 4.0815, -0.4031 -0.7056 4.0881, -0.3763 -0.7226 4.0901, -0.2911 -0.7579 4.0959, -0.2484 -0.7756 4.0989, -0.1728 -0.7927 4.1037, 0.0202 -0.8135 4.1155, -0.0524 -0.8094 4.1111, -0.1143 -0.806 4.1074, 0.0674 -0.8082 4.1184, 0.2878 -0.7604 4.1324, 0.188 -0.7891 4.1259, 0.1551 -0.7985 4.1237, 0.3058 -0.7518 4.1337, 0.5168 -0.6261 4.149, 0.417 -0.6971 4.1415, 0.4125 -0.7003 4.1411, 0.5239 -0.6211 4.1495, 0.6028 -0.5422 4.1562, 0.6189 -0.5261 4.1575, 0.6764 -0.4453 4.1636, 0.6982 -0.4148 4.1659, 0.7356 -0.3372 4.1714, 0.7583 -0.2902 4.1747, 0.7782 -0.2212 4.1792, 0.7964 -0.1575 4.1833, 0.5239 -0.6211 4.5039, 0.7583 0.2902 4.2505, 0.7964 0.1575 4.2419, 0.6982 0.4148 4.2593, 0.6189 0.5261 4.2677, 0.4125 0.7003 4.2841, 0.5239 0.6211 4.2757, 0.2878 0.7604 4.2928, 0.1551 0.7985 4.3015, 0.0202 0.8135 4.3097, -0.1143 0.806 4.3178, -0.2484 0.7756 4.3263, -0.3763 0.7226 4.3351, -0.4926 0.6492 4.3437, -0.593 0.5594 4.3517, -0.6777 0.4534 4.36, -0.7446 0.3326 4.3686, -0.7903 0.202 4.3774, -0.8129 0.0672 4.3858, -0.7903 -0.202 4.4022, -0.8129 -0.0672 4.3938, -0.7446 -0.3326 4.4109, -0.6777 -0.4534 4.4196, -0.593 -0.5594 4.4278, -0.4926 -0.6492 4.4359, -0.3763 -0.7226 4.4444, -0.2484 -0.7756 4.4532, -0.1143 -0.806 4.4618, 0.0202 -0.8135 4.4698, 0.1551 -0.7985 4.4781, 0.2878 -0.7604 4.4867, 0.4125 -0.7003 4.4955, 0.6189 -0.5261 4.5119, 0.6982 -0.4148 4.5203, 0.7583 -0.2902 4.529, 0.7964 -0.1575 4.5377, 0.7964 0.1575 4.2025, 0.7782 0.2212 4.2066, 0.7583 0.2902 4.2112, 0.7356 0.3372 4.2144, 0.6189 0.5261 4.2283, 0.6764 0.4453 4.2222, 0.6982 0.4148 4.2199, 0.6028 0.5422 4.2297, 0.417 0.6971 4.2444, 0.5168 0.6261 4.2368, 0.5239 0.6211 4.2363, 0.4125 0.7003 4.2447, 0.3058 0.7518 4.2522, 0.2878 0.7604 4.2534, 0.188 0.7891 4.26, 0.1551 0.7985 4.2621, 0.0674 0.8082 4.2675, 0.0202 0.8135 4.2704, -0.0524 0.8094 4.2747, -0.2484 0.7756 4.287, -0.1728 0.7927 4.2821, -0.1143 0.806 4.2784, -0.2911 0.7579 4.2899, -0.4926 0.6492 4.3043, -0.4031 0.7056 4.2977, -0.3763 0.7226 4.2957, -0.5053 0.6378 4.3053, -0.593 0.5594 4.3123, -0.6707 0.4622 4.3199, -0.6777 0.4534 4.3206, -0.7321 0.3553 4.3276, -0.7446 0.3326 4.3293, -0.777 0.24 4.3354, -0.7903 0.202 4.338, -0.804 0.1202 4.3431, -0.8129 0.0672 4.3464, -0.8129 0.0 4.3504, -0.7903 -0.202 4.3628, -0.804 -0.1202 4.3577, -0.8129 -0.0672 4.3544, -0.777 -0.24 4.3653, -0.6777 -0.4534 4.3802, -0.7321 -0.3553 4.3732, -0.7446 -0.3326 4.3715, -0.6707 -0.4622 4.3809, -0.593 -0.5594 4.3885, -0.5053 -0.6378 4.3955, -0.4926 -0.6492 4.3965, -0.4031 -0.7056 4.4031, -0.3763 -0.7226 4.4051, -0.2911 -0.7579 4.4109, -0.2484 -0.7756 4.4138, -0.1728 -0.7927 4.4186, 0.0202 -0.8135 4.4304, -0.0524 -0.8094 4.4261, -0.1143 -0.806 4.4224, 0.0674 -0.8082 4.4333, 0.2878 -0.7604 4.4473, 0.188 -0.7891 4.4408, 0.1551 -0.7985 4.4387, 0.3058 -0.7518 4.4486, 0.5168 -0.6261 4.464, 0.417 -0.6971 4.4564, 0.4125 -0.7003 4.4561, 0.5239 -0.6211 4.4645, 0.6028 -0.5422 4.4711, 0.6189 -0.5261 4.4725, 0.6764 -0.4453 4.4786, 0.6982 -0.4148 4.4809, 0.7356 -0.3372 4.4863, 0.7583 -0.2902 4.4896, 0.7782 -0.2212 4.4941, 0.7964 -0.1575 4.4983, 0.5239 -0.6211 4.8188, 0.7583 0.2902 4.5655, 0.7964 0.1575 4.5568, 0.6982 0.4148 4.5742, 0.6189 0.5261 4.5826, 0.4125 0.7003 4.599, 0.5239 0.6211 4.5906, 0.2878 0.7604 4.6078, 0.1551 0.7985 4.6164, 0.0202 0.8135 4.6247, -0.1143 0.806 4.6327, -0.2484 0.7756 4.6413, -0.3763 0.7226 4.6501, -0.4926 0.6492 4.6586, -0.593 0.5594 4.6667, -0.6777 0.4534 4.6749, -0.7446 0.3326 4.6836, -0.7903 0.202 4.6923, -0.8129 0.0672 4.7007, -0.7903 -0.202 4.7171, -0.8129 -0.0672 4.7087, -0.7446 -0.3326 4.7259, -0.6777 -0.4534 4.7345, -0.593 -0.5594 4.7428, -0.4926 -0.6492 4.7508, -0.3763 -0.7226 4.7594, -0.2484 -0.7756 4.7682, -0.1143 -0.806 4.7767, 0.0202 -0.8135 4.7848, 0.1551 -0.7985 4.793, 0.2878 -0.7604 4.8017, 0.4125 -0.7003 4.8104, 0.6189 -0.5261 4.8268, 0.6982 -0.4148 4.8352, 0.7583 -0.2902 4.844, 0.7964 -0.1575 4.8526, 0.7964 0.1575 4.5174, 0.7782 0.2212 4.5216, 0.7583 0.2902 4.5261, 0.7356 0.3372 4.5294, 0.6189 0.5261 4.5433, 0.6764 0.4453 4.5372, 0.6982 0.4148 4.5348, 0.6028 0.5422 4.5446, 0.417 0.6971 4.5593, 0.5168 0.6261 4.5518, 0.5239 0.6211 4.5512, 0.4125 0.7003 4.5597, 0.3058 0.7518 4.5671, 0.2878 0.7604 4.5684, 0.188 0.7891 4.5749, 0.1551 0.7985 4.5771, 0.0674 0.8082 4.5824, 0.0202 0.8135 4.5853, -0.0524 0.8094 4.5897, -0.2484 0.7756 4.6019, -0.1728 0.7927 4.5971, -0.1143 0.806 4.5934, -0.2911 0.7579 4.6049, -0.4926 0.6492 4.6193, -0.4031 0.7056 4.6127, -0.3763 0.7226 4.6107, -0.5053 0.6378 4.6203, -0.593 0.5594 4.6273, -0.6707 0.4622 4.6349, -0.6777 0.4534 4.6355, -0.7321 0.3553 4.6426, -0.7446 0.3326 4.6442, -0.777 0.24 4.6504, -0.7903 0.202 4.6529, -0.804 0.1202 4.6581, -0.8129 0.0672 4.6614, -0.8129 -0.0 4.6654, -0.7903 -0.202 4.6778, -0.804 -0.1202 4.6727, -0.8129 -0.0672 4.6693, -0.777 -0.24 4.6803, -0.6777 -0.4534 4.6952, -0.7321 -0.3553 4.6881, -0.7446 -0.3326 4.6865, -0.6707 -0.4622 4.6959, -0.593 -0.5594 4.7034, -0.5053 -0.6378 4.7104, -0.4926 -0.6492 4.7115, -0.4031 -0.7056 4.7181, -0.3763 -0.7226 4.72, -0.2911 -0.7579 4.7259, -0.2484 -0.7756 4.7288, -0.1728 -0.7927 4.7336, 0.0202 -0.8135 4.7454, -0.0524 -0.8094 4.7411, -0.1143 -0.806 4.7373, 0.0674 -0.8082 4.7483, 0.2878 -0.7604 4.7623, 0.188 -0.7891 4.7558, 0.1551 -0.7985 4.7536, 0.3058 -0.7518 4.7636, 0.5168 -0.6261 4.7789, 0.417 -0.6971 4.7714, 0.4125 -0.7003 4.771, 0.5239 -0.6211 4.7795, 0.6028 -0.5422 4.7861, 0.6189 -0.5261 4.7874, 0.6764 -0.4453 4.7936, 0.6982 -0.4148 4.7959, 0.7356 -0.3372 4.8013, 0.7583 -0.2902 4.8046, 0.7782 -0.2212 4.8091, 0.7964 -0.1575 4.8133, 0.5239 -0.6211 5.1338, 0.7583 0.2902 4.8804, 0.7964 0.1575 4.8718, 0.6982 0.4148 4.8892, 0.6189 0.5261 4.8976, 0.4125 0.7003 4.914, 0.5239 0.6211 4.9056, 0.2878 0.7604 4.9227, 0.1551 0.7985 4.9314, 0.0202 0.8135 4.9396, -0.1143 0.806 4.9477, -0.2484 0.7756 4.9563, -0.3763 0.7226 4.965, -0.4926 0.6492 4.9736, -0.593 0.5594 4.9816, -0.6777 0.4534 4.9899, -0.7446 0.3326 4.9985, -0.7903 0.202 5.0073, -0.8129 0.0672 5.0157, -0.7903 -0.202 5.0321, -0.8129 -0.0672 5.0237, -0.7446 -0.3326 5.0408, -0.6777 -0.4534 5.0495, -0.593 -0.5594 5.0577, -0.4926 -0.6492 5.0658, -0.3763 -0.7226 5.0744, -0.2484 -0.7756 5.0831, -0.1143 -0.806 5.0917, 0.0202 -0.8135 5.0997, 0.1551 -0.7985 5.108, 0.2878 -0.7604 5.1166, 0.4125 -0.7003 5.1254, 0.6189 -0.5261 5.1418, 0.6982 -0.4148 5.1502, 0.7583 -0.2902 5.1589, 0.7964 -0.1575 5.1676, 0.7964 0.1575 4.8324, 0.7782 0.2212 4.8366, 0.7583 0.2902 4.8411, 0.7356 0.3372 4.8444, 0.6189 0.5261 4.8582, 0.6764 0.4453 4.8521, 0.6982 0.4148 4.8498, 0.6028 0.5422 4.8596, 0.417 0.6971 4.8743, 0.5168 0.6261 4.8667, 0.5239 0.6211 4.8662, 0.4125 0.7003 4.8746, 0.3058 0.7518 4.8821, 0.2878 0.7604 4.8834, 0.188 0.7891 4.8899, 0.1551 0.7985 4.892, 0.0674 0.8082 4.8974, 0.0202 0.8135 4.9003, -0.0524 0.8094 4.9046, -0.2484 0.7756 4.9169, -0.1728 0.7927 4.9121, -0.1143 0.806 4.9083, -0.2911 0.7579 4.9198, -0.4926 0.6492 4.9342, -0.4031 0.7056 4.9276, -0.3763 0.7226 4.9256, -0.5053 0.6378 4.9352, -0.593 0.5594 4.9423, -0.6707 0.4622 4.9498, -0.6777 0.4534 4.9505, -0.7321 0.3553 4.9575, -0.7446 0.3326 4.9592, -0.777 0.24 4.9654, -0.7903 0.202 4.9679, -0.804 0.1202 4.973, -0.8129 0.0672 4.9763, -0.8129 0.0 4.9803, -0.7903 -0.202 4.9927, -0.804 -0.1202 4.9876, -0.8129 -0.0672 4.9843, -0.777 -0.24 4.9953, -0.6777 -0.4534 5.0101, -0.7321 -0.3553 5.0031, -0.7446 -0.3326 5.0015, -0.6707 -0.4622 5.0108, -0.593 -0.5594 5.0184, -0.5053 -0.6378 5.0254, -0.4926 -0.6492 5.0264, -0.4031 -0.7056 5.033, -0.3763 -0.7226 5.035, -0.2911 -0.7579 5.0408, -0.2484 -0.7756 5.0437, -0.1728 -0.7927 5.0486, 0.0202 -0.8135 5.0604, -0.0524 -0.8094 5.056, -0.1143 -0.806 5.0523, 0.0674 -0.8082 5.0632, 0.2878 -0.7604 5.0773, 0.188 -0.7891 5.0707, 0.1551 -0.7985 5.0686, 0.3058 -0.7518 5.0785, 0.5168 -0.6261 5.0939, 0.417 -0.6971 5.0863, 0.4125 -0.7003 5.086, 0.5239 -0.6211 5.0944, 0.6028 -0.5422 5.1011, 0.6189 -0.5261 5.1024, 0.6764 -0.4453 5.1085, 0.6982 -0.4148 5.1108, 0.7356 -0.3372 5.1163, 0.7583 -0.2902 5.1196, 0.7782 -0.2212 5.1241, 0.7964 -0.1575 5.1282, 0.7583 0.2902 5.1954, 0.7964 0.1575 5.1867, 0.6982 0.4148 5.2041, 0.6189 0.5261 5.2126, 0.4125 0.7003 5.229, 0.5239 0.6211 5.2205, 0.2878 0.7604 5.2377, 0.1551 0.7985 5.2464, 0.0202 0.8135 5.2546, -0.1143 0.806 5.2627, -0.2484 0.7756 5.2712, -0.3763 0.7226 5.28, -0.4926 0.6492 5.2885, -0.6777 0.4534 5.3048, -0.593 0.5594 5.2966, -0.7446 0.3326 5.3135, -0.7903 0.202 5.3222, -0.8129 0.0672 5.3307, -0.8129 -0.0672 5.3386, -0.7903 -0.202 5.3471, -0.6777 -0.4534 5.3645, -0.7446 -0.3326 5.3558, -0.593 -0.5594 5.3727, -0.4926 -0.6492 5.3808, -0.3763 -0.7226 5.3893, -0.1143 -0.806 5.4066, -0.2484 -0.7756 5.3981, 0.0202 -0.8135 5.4147, 0.1551 -0.7985 5.4229, 0.2878 -0.7604 5.4316, 0.4125 -0.7003 5.4403, 0.5239 -0.6211 5.4488, 0.6189 -0.5261 5.4567, 0.6982 -0.4148 5.4652, 0.7964 -0.1575 5.4826, 0.7583 -0.2902 5.4739, 0.7964 0.1575 5.1474, 0.7782 0.2212 5.1515, 0.7583 0.2902 5.156, 0.7356 0.3372 5.1593, 0.6189 0.5261 5.1732, 0.6764 0.4453 5.1671, 0.6982 0.4148 5.1648, 0.6028 0.5422 5.1745, 0.417 0.6971 5.1893, 0.5168 0.6261 5.1817, 0.5239 0.6211 5.1812, 0.4125 0.7003 5.1896, 0.3058 0.7518 5.1971, 0.2878 0.7604 5.1983, 0.188 0.7891 5.2048, 0.1551 0.7985 5.207, 0.0674 0.8082 5.2124, 0.0202 0.8135 5.2152, -0.0524 0.8094 5.2196, -0.2484 0.7756 5.2319, -0.1728 0.7927 5.227, -0.1143 0.806 5.2233, -0.2911 0.7579 5.2348, -0.4926 0.6492 5.2492, -0.4031 0.7056 5.2426, -0.3763 0.7226 5.2406, -0.5053 0.6378 5.2502, -0.593 0.5594 5.2572, -0.6707 0.4622 5.2648, -0.6777 0.4534 5.2655, -0.7321 0.3553 5.2725, -0.7446 0.3326 5.2741, -0.777 0.24 5.2803, -0.7903 0.202 5.2829, -0.804 0.1202 5.288, -0.8129 0.0672 5.2913, -0.8129 0.0 5.2953, -0.7903 -0.202 5.3077, -0.804 -0.1202 5.3026, -0.8129 -0.0672 5.2993, -0.777 -0.24 5.3102, -0.6777 -0.4534 5.3251, -0.7321 -0.3553 5.318, -0.7446 -0.3326 5.3164, -0.6707 -0.4622 5.3258, -0.593 -0.5594 5.3333, -0.5053 -0.6378 5.3404, -0.4926 -0.6492 5.3414, -0.4031 -0.7056 5.348, -0.3763 -0.7226 5.35, -0.2911 -0.7579 5.3558, -0.2484 -0.7756 5.3587, -0.1728 -0.7927 5.3635, 0.0202 -0.8135 5.3753, -0.0524 -0.8094 5.371, -0.1143 -0.806 5.3673, 0.0674 -0.8082 5.3782, 0.2878 -0.7604 5.3922, 0.188 -0.7891 5.3857, 0.1551 -0.7985 5.3836, 0.3058 -0.7518 5.3935, 0.5168 -0.6261 5.4089, 0.417 -0.6971 5.4013, 0.4125 -0.7003 5.401, 0.5239 -0.6211 5.4094, 0.6028 -0.5422 5.416, 0.6189 -0.5261 5.4174, 0.6764 -0.4453 5.4235, 0.6982 -0.4148 5.4258, 0.7356 -0.3372 5.4312, 0.7583 -0.2902 5.4345, 0.7782 -0.2212 5.439, 0.7964 -0.1575 5.4432, 0.7964 0.1575 5.5017, 0.5525 0.5957 5.5332, 0.4537 0.6742 5.5409, 0.708 0.3978 5.5179, 0.6372 0.5038 5.5258, 0.2207 0.7786 5.5562, 0.3422 0.7374 5.5489, 0.0967 0.8078 5.5256, 0.1837 0.7901 5.5201, 0.065 0.8092 5.5275, -0.0282 0.8134 5.533, -0.0532 0.8106 5.5346, -0.1535 0.7995 5.5407, -0.1722 0.7944 5.5419, -0.2772 0.7658 5.5487, -0.2891 0.7604 5.5496, -0.3945 0.7129 5.5569, -0.4 0.7093 5.5573, 0.7618 0.2809 5.5097, 0.7964 0.1575 5.4623, 0.7738 0.2381 5.4676, 0.7618 0.2809 5.4704, 0.7293 0.3515 5.4753, 0.708 0.3978 5.4785, 0.6687 0.4566 5.4829, 0.6372 0.5038 5.4864, 0.5944 0.5502 5.4902, 0.4537 0.6742 5.5015, 0.508 0.631 5.4973, 0.5525 0.5957 5.4938, 0.409 0.6996 5.5047, 0.3422 0.7374 5.5096, 0.2997 0.7533 5.5124, 0.2217 0.7824 5.5177, 0.804 -0.1575 3.5492, 0.7715 -0.2759 3.5416, 0.8784 -0.1575 3.8228, -0.8647 0.2527 3.6571, -0.0518 -0.8976 3.7473, 0.0805 -0.8952 3.7544, -0.1847 -0.8802 3.7399, -0.3154 -0.8426 3.7322, -0.4393 -0.7855 3.7244, -0.5521 -0.711 3.7168, -0.6508 -0.6223 3.7096, -0.7357 -0.5194 3.7023, -0.8056 -0.403 3.6947, -0.8573 -0.2768 3.6869, -0.8892 -0.145 3.6792, -0.9009 -0.0122 3.6719, -0.8929 0.1203 3.6647, -0.8166 0.3803 3.6493, -0.7499 0.4988 3.6416, -0.6675 0.6044 3.6342, -0.5716 0.6955 3.6271, -0.4611 0.7729 3.6196, 0.2133 -0.8729 3.762, 0.3428 -0.8303 3.7697, 0.4643 -0.7687 3.7775, 0.6689 -0.5984 3.7921, 0.5739 -0.6904 3.785, 0.7505 -0.4919 3.7995, 0.8832 -0.1575 3.8201, 0.8631 -0.2447 3.8151, 0.8161 -0.3728 3.8073, -0.6571 -0.6157 4.0241, -0.559 -0.7057 4.0313, -0.6571 0.6157 3.9483, -0.7415 0.5112 3.9557, 0.8784 -0.1575 4.1377, 0.863 0.2452 3.8425, 0.8829 0.1575 3.8375, 0.8157 0.3738 3.8503, 0.7496 0.4934 3.8581, 0.6674 0.6002 3.8655, 0.4611 0.7706 3.8802, 0.5716 0.6923 3.8726, 0.3388 0.8319 3.888, 0.075 0.8957 3.9033, 0.2085 0.874 3.8958, -0.1914 0.8788 3.9179, -0.0578 0.8973 3.9105, -0.3225 0.8399 3.9257, -0.4464 0.7815 3.9336, -0.559 0.7057 3.9412, -0.8103 0.3934 3.9634, -0.8607 0.266 3.9713, -0.891 0.1333 3.979, -0.891 -0.1333 3.9935, -0.901 0.0 3.9862, -0.8607 -0.266 4.0012, -0.8103 -0.3934 4.009, -0.7415 -0.5112 4.0167, -0.4464 -0.7815 4.0389, -0.3225 -0.8399 4.0467, -0.1914 -0.8788 4.0545, -0.0578 -0.8973 4.062, 0.075 -0.8957 4.0691, 0.2085 -0.874 4.0766, 0.3388 -0.8319 4.0844, 0.4611 -0.7706 4.0923, 0.5716 -0.6923 4.0998, 0.6674 -0.6002 4.1069, 0.7496 -0.4934 4.1144, 0.8157 -0.3738 4.1222, 0.8832 -0.1575 4.1351, 0.863 -0.2452 4.13, -0.6571 -0.6157 4.3391, -0.559 -0.7057 4.3462, -0.6571 0.6157 4.2633, -0.7415 0.5112 4.2707, 0.8784 -0.1575 4.4527, 0.863 0.2452 4.1574, 0.8829 0.1575 4.1525, 0.8157 0.3738 4.1652, 0.7496 0.4934 4.173, 0.6674 0.6002 4.1805, 0.4611 0.7706 4.1952, 0.5716 0.6923 4.1876, 0.3388 0.8319 4.203, 0.075 0.8957 4.2183, 0.2085 0.874 4.2108, -0.1914 0.8788 4.2329, -0.0578 0.8973 4.2254, -0.3225 0.8399 4.2407, -0.4464 0.7815 4.2485, -0.559 0.7057 4.2561, -0.8103 0.3934 4.2784, -0.8607 0.266 4.2862, -0.891 0.1333 4.2939, -0.891 -0.1333 4.3084, -0.901 0.0 4.3012, -0.8607 -0.266 4.3161, -0.8103 -0.3934 4.324, -0.7415 -0.5112 4.3317, -0.4464 -0.7815 4.3539, -0.3225 -0.8399 4.3617, -0.1914 -0.8788 4.3695, -0.0578 -0.8973 4.3769, 0.075 -0.8957 4.3841, 0.2085 -0.874 4.3916, 0.3388 -0.8319 4.3994, 0.4611 -0.7706 4.4072, 0.5716 -0.6923 4.4148, 0.6674 -0.6002 4.4219, 0.7496 -0.4934 4.4294, 0.8157 -0.3738 4.4371, 0.8832 -0.1575 4.45, 0.863 -0.2452 4.445, -0.6571 -0.6157 4.654, -0.559 -0.7057 4.6612, -0.6571 0.6157 4.5783, -0.7415 0.5112 4.5856, 0.8784 -0.1575 4.7677, 0.863 0.2452 4.4724, 0.8829 0.1575 4.4674, 0.8157 0.3738 4.4802, 0.7496 0.4934 4.488, 0.6674 0.6002 4.4954, 0.4611 0.7706 4.5101, 0.5716 0.6923 4.5026, 0.3388 0.8319 4.5179, 0.075 0.8957 4.5333, 0.2085 0.874 4.5257, -0.1914 0.8788 4.5479, -0.0578 0.8973 4.5404, -0.3225 0.8399 4.5556, -0.4464 0.7815 4.5635, -0.559 0.7057 4.5711, -0.8103 0.3934 4.5934, -0.8607 0.266 4.6012, -0.891 0.1333 4.6089, -0.891 -0.1333 4.6234, -0.901 0.0 4.6161, -0.8607 -0.266 4.6311, -0.8103 -0.3934 4.6389, -0.7415 -0.5112 4.6467, -0.4464 -0.7815 4.6688, -0.3225 -0.8399 4.6766, -0.1914 -0.8788 4.6844, -0.0578 -0.8973 4.6919, 0.075 -0.8957 4.699, 0.2085 -0.874 4.7066, 0.3388 -0.8319 4.7144, 0.4611 -0.7706 4.7222, 0.5716 -0.6923 4.7297, 0.6674 -0.6002 4.7369, 0.7496 -0.4934 4.7443, 0.8157 -0.3738 4.7521, 0.8832 -0.1575 4.765, 0.863 -0.2452 4.7599, -0.6571 -0.6157 4.969, -0.559 -0.7057 4.9762, -0.6571 0.6157 4.8932, -0.7415 0.5112 4.9006, 0.8784 -0.1575 5.0826, 0.863 0.2452 4.7873, 0.8829 0.1575 4.7824, 0.8157 0.3738 4.7952, 0.7496 0.4934 4.8029, 0.6674 0.6002 4.8104, 0.4611 0.7706 4.8251, 0.5716 0.6923 4.8175, 0.3388 0.8319 4.8329, 0.075 0.8957 4.8482, 0.2085 0.874 4.8407, -0.1914 0.8788 4.8628, -0.0578 0.8973 4.8554, -0.3225 0.8399 4.8706, -0.4464 0.7815 4.8784, -0.559 0.7057 4.886, -0.8103 0.3934 4.9083, -0.8607 0.266 4.9162, -0.891 0.1333 4.9238, -0.891 -0.1333 4.9384, -0.901 0.0 4.9311, -0.8607 -0.266 4.946, -0.8103 -0.3934 4.9539, -0.7415 -0.5112 4.9616, -0.4464 -0.7815 4.9838, -0.3225 -0.8399 4.9916, -0.1914 -0.8788 4.9994, -0.0578 -0.8973 5.0069, 0.075 -0.8957 5.014, 0.2085 -0.874 5.0215, 0.3388 -0.8319 5.0293, 0.4611 -0.7706 5.0371, 0.5716 -0.6923 5.0447, 0.6674 -0.6002 5.0518, 0.7496 -0.4934 5.0593, 0.8157 -0.3738 5.067, 0.8832 -0.1575 5.08, 0.863 -0.2452 5.0749, -0.6571 -0.6157 5.284, -0.559 -0.7057 5.2911, -0.6571 0.6157 5.2082, -0.7415 0.5112 5.2155, 0.8784 -0.1575 5.3976, 0.863 0.2452 5.1023, 0.8829 0.1575 5.0974, 0.8157 0.3738 5.1101, 0.7496 0.4934 5.1179, 0.6674 0.6002 5.1253, 0.4611 0.7706 5.14, 0.5716 0.6923 5.1325, 0.3388 0.8319 5.1478, 0.075 0.8957 5.1632, 0.2085 0.874 5.1557, -0.1914 0.8788 5.1778, -0.0578 0.8973 5.1703, -0.3225 0.8399 5.1856, -0.4464 0.7815 5.1934, -0.559 0.7057 5.201, -0.8103 0.3934 5.2233, -0.8607 0.266 5.2311, -0.891 0.1333 5.2388, -0.891 -0.1333 5.2533, -0.901 0.0 5.2461, -0.8607 -0.266 5.261, -0.8103 -0.3934 5.2688, -0.7415 -0.5112 5.2766, -0.4464 -0.7815 5.2987, -0.3225 -0.8399 5.3066, -0.1914 -0.8788 5.3143, -0.0578 -0.8973 5.3218, 0.075 -0.8957 5.3289, 0.2085 -0.874 5.3365, 0.3388 -0.8319 5.3443, 0.4611 -0.7706 5.3521, 0.5716 -0.6923 5.3597, 0.6674 -0.6002 5.3668, 0.7496 -0.4934 5.3742, 0.8157 -0.3738 5.382, 0.8832 -0.1575 5.3949, 0.863 -0.2452 5.3898, 0.2036 0.8752 5.4709, 0.0722 0.8954 5.4779, 0.3322 0.8346 5.4632, 0.4533 0.7752 5.4555, 0.5631 0.6992 5.448, 0.6588 0.6097 5.441, 0.8575 0.2637 5.4184, 0.8829 0.1575 5.4123, 0.8083 0.3894 5.4261, 0.7412 0.506 5.4337, -0.8049 -0.8661 3.1496, -0.8371 -0.8352 3.1496, -1.4193 -0.8661 3.1496, -0.984 -0.6562 3.1496, -1.0931 -0.452 3.1496, -1.1604 -0.2304 3.1496, -1.1831 0.0 3.1496, -1.4193 0.8661 3.1496, -1.1604 0.2304 3.1496, -1.0931 0.452 3.1496, -0.984 0.6562 3.1496, -0.8371 0.8352 3.1496, -0.8049 0.8661 3.1496, 0.687 -1.0236 1.1221, 1.4154 -1.0236 1.0827, 0.687 -1.0236 1.4173, 1.4154 -1.0236 2.9921, -0.6909 -1.0236 1.4173, -1.4193 -1.0236 2.9921, -0.6909 -1.0236 1.1221, -1.4193 -1.0236 1.0827, -0.5925 -1.0236 1.0236, -1.0256 -1.0236 0.689, 0.5886 -1.0236 1.0236, 1.0217 -1.0236 0.689, -1.0256 -0.9055 0.689, 1.0217 -0.9055 0.689, 0.5886 -0.9055 1.0236, -0.5925 -0.9055 1.0236, -0.6909 -0.9055 1.1221, -1.4193 -0.9055 1.0827, -0.6909 -0.9055 1.4173, -1.4193 -0.9055 2.9921, 0.687 -0.9055 1.4173, 1.4154 -0.9055 2.9921, 0.687 -0.9055 1.1221, 1.4154 -0.9055 1.0827, 1.4154 -0.9042 3.0023, -1.4193 -0.9042 3.0023, 1.4154 -0.9002 3.0118, -1.4193 -0.9002 3.0118, 1.4154 -0.894 3.02, -1.4193 -0.894 3.02, 1.4154 -0.8858 3.0262, -1.4193 -0.8858 3.0262, 1.4154 -0.8763 3.0302, -1.4193 -0.8763 3.0302, 1.4154 -0.8661 3.0315, -1.4193 -0.8661 3.0315, 1.4154 0.8661 3.0315, -1.4193 0.8661 3.0315, 1.4154 0.8763 3.0302, -1.4193 0.8763 3.0302, 1.4154 0.8858 3.0262, -1.4193 0.8858 3.0262, 1.4154 0.894 3.02, -1.4193 0.894 3.02, 1.4154 0.9002 3.0118, -1.4193 0.9002 3.0118, 1.4154 0.9042 3.0023, -1.4193 0.9042 3.0023, 1.4154 0.9055 2.9921, -1.4193 0.9055 2.9921, 0.687 0.9055 1.1221, 1.4154 0.9055 1.0827, 0.687 0.9055 1.4173, -0.6909 0.9055 1.4173, -0.6909 0.9055 1.1221, -1.4193 0.9055 1.0827, -0.5925 0.9055 1.0236, -1.0256 0.9055 0.689, 0.5886 0.9055 1.0236, 1.0217 0.9055 0.689, 0.801 0.8661 3.1496, 1.4154 0.8661 3.1496, 1.4154 0.9069 3.1442, -1.4193 1.0183 3.0329, -1.4193 0.9069 3.1442, 1.4154 1.0183 3.0329, -1.4193 1.0025 3.0709, 1.4154 1.0025 3.0709, -1.4193 0.9775 3.1035, 1.4154 0.9775 3.1035, -1.4193 0.9449 3.1285, 1.4154 0.9449 3.1285, 0.8332 0.8352 3.1496, 0.9801 0.6562 3.1496, 1.0892 0.452 3.1496, 1.0892 -0.452 3.1496, 0.9801 -0.6562 3.1496, 1.4154 -0.8661 3.1496, 0.8332 -0.8352 3.1496, 0.801 -0.8661 3.1496, 1.1565 0.2304 3.1496, 1.1792 0.0 3.1496, 1.1565 -0.2304 3.1496, -1.4193 -0.9069 3.1442, 1.4154 -0.9069 3.1442, -1.4193 -0.9449 3.1285, 1.4154 -0.9449 3.1285, -1.4193 -0.9775 3.1035, 1.4154 -0.9775 3.1035, -1.4193 -1.0025 3.0709, 1.4154 -1.0025 3.0709, -1.4193 -1.0183 3.0329, 1.4154 -1.0183 3.0329, 0.2285 1.1584 3.1496, 0.45 1.0912 3.1496, 0.6542 0.9821 3.1496, -0.6581 0.9821 3.1496, -0.4539 1.0912 3.1496, -0.2324 1.1584 3.1496, -0.002 1.1811 3.1496, -0.6581 -0.9821 3.3858, -0.4539 -1.0912 3.1496, -0.4539 -1.0912 3.3858, -0.2324 -1.1584 3.1496, -0.2324 -1.1584 3.3858, -0.002 -1.1811 3.1496, -0.002 -1.1811 3.3858, 0.2285 -1.1584 3.1496, 0.2285 -1.1584 3.3858, 0.45 -1.0912 3.1496, 0.45 -1.0912 3.3858, 0.6542 -0.9821 3.1496, 0.6542 -0.9821 3.3858, 0.8332 -0.8352 3.3858, 0.9801 -0.6562 3.3858, 1.0892 -0.452 3.3858, 1.1565 -0.2304 3.3858, 1.1792 0.0 3.3858, 1.1565 0.2304 3.3858, 1.0892 0.452 3.3858, 0.9801 0.6562 3.3858, 0.8332 0.8352 3.3858, 0.6542 0.9821 3.3858, 0.45 1.0912 3.3858, 0.2285 1.1584 3.3858, -0.002 1.1811 3.3858, -0.2324 1.1584 3.3858, -0.4539 1.0912 3.3858, -0.6581 0.9821 3.3858, -0.8371 0.8352 3.3858, -0.984 0.6562 3.3858, -1.0931 0.452 3.3858, -1.1604 0.2304 3.3858, -1.1831 0.0 3.3858, -1.1604 -0.2304 3.3858, -1.0931 -0.452 3.3858, -0.984 -0.6562 3.3858, -0.8371 -0.8352 3.3858, -0.6581 -0.9821 3.1496, 0.7264 0.1575 3.3858, 0.7264 -0.1575 3.3858, 0.5886 0.0 4.6063, 0.5685 0.1528 4.6063, 0.5095 0.2953 4.6063, 0.4156 0.4176 4.6063, 0.2933 0.5114 4.6063, 0.1509 0.5704 4.6063, -0.002 0.5906 4.6063, -0.1548 0.5704 4.6063, -0.2972 0.5114 4.6063, -0.4195 0.4176 4.6063, -0.5134 0.2953 4.6063, -0.5724 0.1528 4.6063, -0.5925 0.0 4.6063, -0.5724 -0.1528 4.6063, -0.5134 -0.2953 4.6063, -0.4195 -0.4176 4.6063, -0.2972 -0.5114 4.6063, -0.1548 -0.5704 4.6063, -0.002 -0.5906 4.6063, 0.1509 -0.5704 4.6063, 0.2933 -0.5114 4.6063, 0.4156 -0.4176 4.6063, 0.5095 -0.2953 4.6063, 0.5685 -0.1528 4.6063, 0.4176 -0.0999 4.6063, 0.4156 -0.115 4.6063, 0.3829 -0.1939 4.6063, 0.3712 -0.2222 4.6063, 0.3286 -0.2777 4.6063, 0.0797 -0.4321 4.6063, 0.0005 -0.4425 4.6063, -0.1287 -0.4292 4.6063, -0.2035 -0.3983 4.6063, -0.4022 0.2134 4.6063, -0.3985 0.2222 4.6063, -0.3491 0.2866 4.6063, 0.3006 -0.3142 4.6063, 0.2574 -0.3474 4.6063, -0.0137 -0.4444 4.6063, -0.0179 -0.4438 4.6063, -0.1143 -0.4311 4.6063, -0.2359 -0.3848 4.6063, -0.2825 -0.3491 4.6063, 0.4176 0.0999 4.6063, 0.4307 0.0 4.6063, 0.2085 -0.3848 4.6063, 0.173 -0.3996 4.6063, 0.1013 -0.4292 4.6063, -0.1143 0.4311 4.6063, -0.0179 0.4438 4.6063, 0.1013 0.4292 4.6063, 0.173 0.3996 4.6063, -0.4429 -0.115 4.6063, -0.4523 -0.0438 4.6063, -0.3279 0.3142 4.6063, -0.2825 0.3491 4.6063, -0.2359 0.3848 4.6063, -0.2035 0.3983 4.6063, -0.1287 0.4292 4.6063, 0.2085 0.3848 4.6063, 0.2574 0.3474 4.6063, -0.4581 0.0 4.6063, -0.4523 0.0438 4.6063, -0.0137 0.4444 4.6063, 0.0005 0.4425 4.6063, 0.0797 0.4321 4.6063, 0.3006 0.3142 4.6063, 0.3286 0.2777 4.6063, 0.3712 0.2222 4.6063, 0.3829 0.1939 4.6063, 0.4156 0.115 4.6063, -0.3985 -0.2222 4.6063, -0.3491 -0.2866 4.6063, -0.3279 -0.3142 4.6063, -0.4429 0.115 4.6063, -0.4364 0.1306 4.6063, -0.4149 0.1826 4.6063, -0.4022 -0.2134 4.6063, -0.4149 -0.1826 4.6063, -0.4364 -0.1306 4.6063, -1.2439 -0.1266 8.6959, -1.2175 -0.2064 8.7006, -1.2296 -0.2041 8.799, -1.195 -0.2444 8.7046, -1.1635 -0.2975 8.7101, -1.1762 -0.2941 8.8084, -1.1185 -0.3458 8.718, -1.0915 -0.3747 8.7228, -1.1051 -0.3704 8.8209, -1.0192 -0.4245 8.7355, -1.0048 -0.4344 8.7381, -1.0194 -0.4294 8.836, -0.9033 -0.4745 8.756, -0.8042 -0.4909 8.7735, -0.8211 -0.4853 8.871, -0.7781 -0.4895 8.7781, -0.6997 -0.4852 8.7919, -0.7178 -0.4796 8.8892, -0.6535 -0.4721 8.8, -0.5988 -0.4567 8.8097, -0.6181 -0.4515 8.9068, -0.5371 -0.4235 8.8206, -0.5063 -0.4069 8.826, -0.5266 -0.4022 8.9229, -0.4365 -0.3467 8.8383, -0.4265 -0.3381 8.8401, -0.4478 -0.3342 8.9368, -0.3595 -0.2455 8.8519, -0.3192 -0.157 8.859, -0.3417 -0.1552 8.9555, -0.3126 -0.1267 8.8601, -0.2967 -0.0532 8.863, -0.3194 -0.0525 8.9594, -0.2938 -0.0 8.8635, -0.2967 0.0532 8.863, -0.3194 0.0525 8.9594, -0.3126 0.1267 8.8601, -0.3192 0.157 8.859, -0.3417 0.1552 8.9555, -0.3595 0.2455 8.8519, -0.3631 0.2535 8.8512, -0.3851 0.2506 8.9479, -0.4365 0.3467 8.8383, -0.5063 0.4069 8.826, -0.5266 0.4022 8.9229, -0.5371 0.4235 8.8206, -0.5988 0.4567 8.8097, -0.6181 0.4515 8.9068, -0.6535 0.4721 8.8, -0.6997 0.4852 8.7919, -0.7178 0.4796 8.8892, -0.7781 0.4895 8.7781, -0.8042 0.4909 8.7735, -0.8211 0.4853 8.871, -0.9033 0.4745 8.756, -0.9076 0.4737 8.7552, -0.9233 0.4683 8.853, -1.0192 0.4245 8.7355, -1.0915 0.3747 8.7228, -1.1051 0.3704 8.8209, -1.1185 0.3458 8.718, -1.1635 0.2975 8.7101, -1.1762 0.2941 8.8084, -1.195 0.2444 8.7046, -1.2175 0.2064 8.7006, -1.2296 0.2041 8.799, -1.2439 0.1266 8.6959, -1.2509 0.1057 8.6947, -1.2626 0.1045 8.7931, -1.0331 0.0812 9.2145, -0.9536 0.0414 9.2585, -0.9428 0.0597 9.2604, -0.8672 0.0 9.2839, -0.9603 0.0212 9.2573, -1.0462 0.0415 9.2121, -1.1214 0.0602 9.1502, -0.9626 0.0 9.2569, -1.0507 0.0 9.2114, -1.1278 0.0 9.1491, -1.1909 0.0 9.0726, -1.2622 0.0 8.6927, -1.2738 0.0 8.7912, -1.2548 0.099 8.8918, -1.2654 0.0 8.89, -1.2278 0.0895 8.9868, -1.2374 0.0 8.9851, -1.1828 0.0764 9.0741, -1.2235 0.1934 8.8973, -1.1995 0.1749 8.9917, -1.1586 0.1493 9.0783, -1.1023 0.1176 9.1536, -1.173 0.2787 8.9063, -1.1538 0.252 8.9998, -1.1196 0.2151 9.0852, -1.0716 0.1695 9.159, -1.0119 0.117 9.2182, -1.1055 0.351 8.9182, -1.0928 0.3174 9.0106, -1.0675 0.2709 9.0944, -1.0306 0.2135 9.1662, -0.9836 0.1473 9.2232, -0.9284 0.0752 9.2629, -1.0048 0.4344 8.7381, -1.0194 0.4294 8.836, -1.0243 0.4069 8.9325, -1.0194 0.368 9.0235, -1.0048 0.3141 9.1054, -0.9812 0.2474 9.1749, -0.9495 0.1708 9.2292, -0.911 0.0871 9.266, -0.9332 0.4438 8.9485, -0.937 0.4013 9.038, -0.9345 0.3425 9.1178, -0.9258 0.2699 9.1847, -0.9113 0.1862 9.2359, -0.8915 0.095 9.2694, -0.8364 0.4599 8.9656, -0.8495 0.4159 9.0535, -0.8598 0.355 9.131, -0.867 0.2797 9.1951, -0.8706 0.193 9.2431, -0.8707 0.0985 9.2731, -0.7385 0.4545 8.9829, -0.7609 0.411 9.0691, -0.7842 0.3508 9.1443, -0.8074 0.2764 9.2056, -0.8295 0.1907 9.2504, -0.8498 0.0973 9.2768, -0.644 0.4279 8.9995, -0.6755 0.3869 9.0842, -0.7113 0.3302 9.1572, -0.7499 0.2602 9.2157, -0.7899 0.1795 9.2573, -0.8295 0.0916 9.2804, -0.5573 0.3812 9.0148, -0.5971 0.3447 9.098, -0.6444 0.2942 9.169, -0.6972 0.2318 9.225, -0.7535 0.16 9.2638, -0.811 0.0816 9.2836, -0.4265 0.3381 8.8401, -0.4478 0.3342 8.9368, -0.4826 0.3167 9.028, -0.5295 0.2864 9.1099, -0.5867 0.2445 9.1792, -0.6518 0.1926 9.233, -0.7222 0.1329 9.2693, -0.795 0.0678 9.2865, -0.4232 0.2375 9.0385, -0.4758 0.2147 9.1194, -0.5409 0.1833 9.1873, -0.6157 0.1444 9.2394, -0.6972 0.0996 9.2737, -0.7822 0.0509 9.2887, -0.382 0.1471 9.0457, -0.4386 0.133 9.1259, -0.5091 0.1135 9.1929, -0.5906 0.0894 9.2438, -0.68 0.0617 9.2767, -0.7734 0.0315 9.2903, -0.3609 0.0498 9.0494, -0.4195 0.045 9.1293, -0.4928 0.0384 9.1957, -0.5778 0.0303 9.2461, -0.6711 0.0209 9.2783, -0.7689 0.0107 9.2911, -0.3609 -0.0498 9.0494, -0.4195 -0.045 9.1293, -0.4928 -0.0384 9.1957, -0.5778 -0.0303 9.2461, -0.6711 -0.0209 9.2783, -0.7689 -0.0107 9.2911, -0.382 -0.1471 9.0457, -0.4386 -0.133 9.1259, -0.5091 -0.1135 9.1929, -0.5906 -0.0894 9.2438, -0.68 -0.0617 9.2767, -0.7734 -0.0315 9.2903, -0.3631 -0.2535 8.8512, -0.3851 -0.2506 8.9479, -0.4232 -0.2375 9.0385, -0.4758 -0.2147 9.1194, -0.5409 -0.1833 9.1873, -0.6157 -0.1444 9.2394, -0.6972 -0.0996 9.2737, -0.7822 -0.0509 9.2887, -0.4826 -0.3167 9.028, -0.5295 -0.2864 9.1099, -0.5867 -0.2445 9.1792, -0.6518 -0.1926 9.233, -0.7222 -0.1329 9.2693, -0.795 -0.0678 9.2865, -0.5573 -0.3812 9.0148, -0.5971 -0.3447 9.098, -0.6444 -0.2942 9.169, -0.6972 -0.2318 9.225, -0.7535 -0.16 9.2638, -0.811 -0.0816 9.2836, -0.644 -0.4279 8.9995, -0.6755 -0.3869 9.0842, -0.7113 -0.3302 9.1572, -0.7499 -0.2602 9.2157, -0.7899 -0.1795 9.2573, -0.8295 -0.0916 9.2804, -0.7385 -0.4545 8.9829, -0.7609 -0.411 9.0691, -0.7842 -0.3508 9.1443, -0.8074 -0.2764 9.2056, -0.8295 -0.1907 9.2504, -0.8498 -0.0973 9.2768, -0.8364 -0.4599 8.9656, -0.8495 -0.4159 9.0535, -0.8598 -0.355 9.131, -0.867 -0.2797 9.1951, -0.8706 -0.193 9.2431, -0.8707 -0.0985 9.2731, -0.9076 -0.4737 8.7552, -0.9233 -0.4683 8.853, -0.9332 -0.4438 8.9485, -0.937 -0.4013 9.038, -0.9345 -0.3425 9.1178, -0.9258 -0.2699 9.1847, -0.9113 -0.1862 9.2359, -0.8915 -0.095 9.2694, -1.0243 -0.4069 8.9325, -1.0194 -0.368 9.0235, -1.0048 -0.3141 9.1054, -0.9812 -0.2474 9.1749, -0.9495 -0.1708 9.2292, -0.911 -0.0871 9.266, -1.1055 -0.351 8.9182, -1.0928 -0.3174 9.0106, -1.0675 -0.2709 9.0944, -1.0306 -0.2135 9.1662, -0.9836 -0.1473 9.2232, -0.9284 -0.0752 9.2629, -1.173 -0.2787 8.9063, -1.1538 -0.252 8.9998, -1.1196 -0.2151 9.0852, -1.0716 -0.1695 9.159, -1.0119 -0.117 9.2182, -0.9428 -0.0597 9.2604, -1.2235 -0.1934 8.8973, -1.1995 -0.1749 8.9917, -1.1586 -0.1493 9.0783, -1.1023 -0.1176 9.1536, -1.0331 -0.0812 9.2145, -0.9536 -0.0414 9.2585, -1.2509 -0.1057 8.6947, -1.2626 -0.1045 8.7931, -1.2548 -0.099 8.8918, -1.2278 -0.0895 8.9868, -1.1828 -0.0764 9.0741, -1.1214 -0.0602 9.1502, -1.0462 -0.0415 9.2121, -0.9603 -0.0212 9.2573, -0.3833 0.0 4.7369, -0.3833 0.034 4.7369, -0.4267 0.0399 4.6709, 0.0764 0.4299 4.6197, -0.4011 0.2125 4.6084, 0.3576 -0.1873 4.6693, 0.388 -0.0959 4.6746, 0.3087 -0.27 4.6606, 0.2433 -0.3401 4.6491, 0.0764 -0.4299 4.6197, 0.1647 -0.3942 4.6352, -0.0316 -0.413 4.6739, 0.0553 -0.3985 4.6892, -0.1196 -0.4081 4.6584, -0.2044 -0.3842 4.6434, -0.3493 -0.2844 4.6179, -0.2822 -0.3423 4.6297, -0.4011 -0.2125 4.6084, -0.3768 -0.1904 4.6797, -0.4098 -0.118 4.6739, -0.4267 -0.0399 4.6709, -0.3493 0.2844 4.6179, -0.2822 0.3423 4.6297, -0.2044 0.3842 4.6434, -0.1196 0.4081 4.6584, -0.0316 0.413 4.6739, 0.2433 0.3401 4.6491, 0.1647 0.3942 4.6352, 0.3087 0.27 4.6606, 0.3576 0.1873 4.6693, 0.3983 0.0 4.6764, 0.388 0.0959 4.6746, 0.2245 -0.2236 4.7858, 0.2651 -0.1551 4.7929, 0.192 -0.1565 4.8383, 0.1718 -0.1906 4.8348, 0.143 -0.2215 4.8297, 0.1704 -0.2815 4.7762, 0.1257 -0.24 4.8267, 0.0795 -0.2719 4.8185, 0.1053 -0.3264 4.7648, 0.0702 -0.2782 4.8169, 0.0079 -0.3034 4.8059, 0.0323 -0.3559 4.7519, 0.0052 -0.3039 4.8054, -0.0454 -0.3689 4.7382, -0.0583 -0.3144 4.7942, -0.075 -0.3135 4.7913, -0.1239 -0.3645 4.7243, -0.1252 -0.3108 4.7824, -0.1548 -0.3024 4.7772, -0.1997 -0.3432 4.711, -0.1898 -0.2925 4.771, -0.2293 -0.2713 4.764, -0.2692 -0.3057 4.6987, -0.2491 -0.2606 4.7606, -0.2938 -0.2221 4.7527, -0.3292 -0.254 4.6881, -0.3002 -0.2166 4.7516, -0.3408 -0.1623 4.7444, -0.3431 -0.1572 4.744, -0.3833 -0.034 4.7369, -0.3731 -0.0812 4.7387, -0.3689 -0.1005 4.7394, -0.3731 0.0812 4.7387, -0.4098 0.118 4.6739, -0.3689 0.1005 4.7394, -0.3431 0.1572 4.744, -0.3768 0.1904 4.6797, -0.3408 0.1623 4.7444, -0.3002 0.2166 4.7516, -0.3292 0.254 4.6881, -0.2938 0.2221 4.7527, -0.2692 0.3057 4.6987, -0.2491 0.2606 4.7606, -0.2293 0.2713 4.764, -0.1997 0.3432 4.711, -0.1898 0.2925 4.771, -0.1548 0.3024 4.7772, -0.1239 0.3645 4.7243, -0.1252 0.3108 4.7824, -0.075 0.3135 4.7913, -0.0454 0.3689 4.7382, -0.0583 0.3144 4.7942, 0.0052 0.3039 4.8054, 0.0323 0.3559 4.7519, 0.0079 0.3034 4.8059, 0.0702 0.2782 4.8169, 0.1053 0.3264 4.7648, 0.0795 0.2719 4.8185, 0.1704 0.2815 4.7762, 0.1257 0.24 4.8267, 0.143 0.2215 4.8297, 0.2245 0.2236 4.7858, 0.1718 0.1906 4.8348, 0.192 0.1565 4.8383, 0.2651 0.1551 4.7929, 0.2064 0.1322 4.8409, 0.2234 0.0811 4.8439, 0.2902 0.0794 4.7974, 0.2278 0.0677 4.8447, 0.2351 0.0 4.8459, 0.2987 0.0 4.7989, 0.2278 -0.0677 4.8447, 0.2902 -0.0794 4.7974, 0.2234 -0.0811 4.8439, 0.2064 -0.1322 4.8409, 0.1371 -0.3654 4.7036, 0.21 -0.3152 4.7165, 0.2706 -0.2503 4.7272, 0.316 -0.1737 4.7352, 0.3441 -0.0889 4.7401, 0.3536 0.0 4.7418, 0.3441 0.0889 4.7401, 0.316 0.1737 4.7352, 0.2706 0.2503 4.7272, 0.21 0.3152 4.7165, 0.1371 0.3654 4.7036, 0.0553 0.3985 4.6892
            ]
        }
        coordIndex [
            0,1,2,-1,2,1,3,-1,3,1,4,-1,3,4,5,-1,6,7,4,-1,4,7,8,-1,4,8,5,-1,6,4,9,-1,9,4,10,-1,9,10,11,-1,12,13,14,-1,15,16,17,-1,18,19,20,-1,20,19,21,-1,20,21,22,-1,14,23,12,-1,12,23,24,-1,12,24,25,-1,25,24,26,-1,11,27,9,-1,9,27,28,-1,9,28,18,-1,18,28,29,-1,18,29,19,-1,16,15,30,-1,30,15,13,-1,30,13,31,-1,32,12,33,-1,33,12,34,-1,33,34,35,-1,35,34,36,-1,21,37,22,-1,22,37,38,-1,22,38,39,-1,39,38,12,-1,39,12,40,-1,40,12,32,-1,38,41,12,-1,12,41,42,-1,12,42,13,-1,13,42,43,-1,13,43,31,-1,17,44,15,-1,15,44,45,-1,15,45,46,-1,46,45,47,-1,46,47,48,-1,26,49,25,-1,25,49,50,-1,25,50,51,-1,51,50,52,-1,36,53,35,-1,35,53,54,-1,35,54,55,-1,55,54,56,-1,57,58,59,-1,0,2,60,-1,60,2,61,-1,60,61,62,-1,62,61,63,-1,62,63,64,-1,64,63,65,-1,64,65,66,-1,48,67,46,-1,46,67,68,-1,46,68,69,-1,69,68,64,-1,69,64,70,-1,70,64,66,-1,52,50,59,-1,59,50,71,-1,59,71,57,-1,72,73,74,-1,75,76,77,-1,78,79,80,-1,77,76,81,-1,81,76,82,-1,81,82,83,-1,83,82,84,-1,83,84,85,-1,86,87,88,-1,88,87,89,-1,88,89,74,-1,74,89,90,-1,74,90,72,-1,79,91,80,-1,80,91,92,-1,80,92,93,-1,93,92,94,-1,95,88,96,-1,96,88,97,-1,96,97,98,-1,99,100,74,-1,74,100,101,-1,74,101,102,-1,85,103,83,-1,83,103,104,-1,83,104,105,-1,105,104,106,-1,105,106,107,-1,107,106,108,-1,77,109,75,-1,75,109,110,-1,75,110,111,-1,111,110,112,-1,113,114,112,-1,112,114,115,-1,112,115,111,-1,94,116,93,-1,93,116,117,-1,93,117,118,-1,118,117,119,-1,118,119,120,-1,120,119,86,-1,120,86,121,-1,121,86,88,-1,121,88,122,-1,122,88,95,-1,123,124,73,-1,73,124,125,-1,73,125,74,-1,74,125,126,-1,74,126,99,-1,78,80,112,-1,112,80,127,-1,112,127,113,-1,123,73,128,-1,128,73,129,-1,128,129,130,-1,130,131,128,-1,128,131,132,-1,128,132,106,-1,106,132,133,-1,106,133,108,-1,134,135,136,-1,97,137,98,-1,98,137,134,-1,98,134,138,-1,138,134,136,-1,139,140,141,-1,141,140,142,-1,141,142,101,-1,101,142,143,-1,101,143,102,-1,34,12,102,-1,102,12,74,-1,33,35,100,-1,100,35,101,-1,9,18,106,-1,106,18,128,-1,76,75,2,-1,2,75,61,-1,80,93,46,-1,46,93,15,-1,96,98,49,-1,49,98,50,-1,97,88,51,-1,51,88,25,-1,90,89,42,-1,42,89,43,-1,29,28,132,-1,132,28,133,-1,0,60,77,-1,77,60,109,-1,47,45,92,-1,92,45,94,-1,9,106,104,-1,9,104,6,-1,6,104,103,-1,6,103,7,-1,7,103,85,-1,7,85,8,-1,8,85,84,-1,8,84,5,-1,5,84,82,-1,5,82,3,-1,3,82,76,-1,3,76,2,-1,61,75,111,-1,61,111,63,-1,63,111,115,-1,63,115,65,-1,65,115,114,-1,65,114,66,-1,66,114,113,-1,66,113,70,-1,70,113,127,-1,70,127,69,-1,69,127,80,-1,69,80,46,-1,90,42,72,-1,72,42,41,-1,72,41,73,-1,73,41,38,-1,73,38,129,-1,129,38,37,-1,129,37,130,-1,130,37,21,-1,130,21,131,-1,131,21,19,-1,131,19,132,-1,132,19,29,-1,133,28,108,-1,108,28,27,-1,108,27,107,-1,107,27,11,-1,107,11,105,-1,105,11,10,-1,105,10,83,-1,83,10,4,-1,83,4,81,-1,81,4,1,-1,81,1,77,-1,77,1,0,-1,109,60,110,-1,110,60,62,-1,110,62,112,-1,112,62,64,-1,112,64,78,-1,78,64,68,-1,78,68,79,-1,79,68,67,-1,79,67,91,-1,91,67,48,-1,91,48,92,-1,92,48,47,-1,94,45,116,-1,116,45,44,-1,116,44,117,-1,117,44,17,-1,117,17,119,-1,119,17,16,-1,119,16,86,-1,86,16,30,-1,86,30,87,-1,87,30,31,-1,87,31,89,-1,89,31,43,-1,128,18,123,-1,123,18,20,-1,123,20,124,-1,124,20,22,-1,124,22,125,-1,125,22,39,-1,125,39,126,-1,126,39,40,-1,126,40,99,-1,99,40,32,-1,99,32,100,-1,100,32,33,-1,96,49,95,-1,95,49,26,-1,95,26,122,-1,122,26,24,-1,122,24,121,-1,121,24,23,-1,121,23,120,-1,120,23,14,-1,120,14,118,-1,118,14,13,-1,118,13,93,-1,93,13,15,-1,34,102,143,-1,34,143,36,-1,36,143,142,-1,36,142,53,-1,53,142,140,-1,53,140,54,-1,54,140,139,-1,54,139,56,-1,56,139,141,-1,56,141,55,-1,55,141,101,-1,55,101,35,-1,50,98,138,-1,50,138,71,-1,71,138,136,-1,71,136,57,-1,57,136,135,-1,57,135,58,-1,58,135,134,-1,58,134,59,-1,59,134,137,-1,59,137,52,-1,52,137,97,-1,52,97,51,-1,144,145,146,-1,147,148,149,-1,150,151,152,-1,153,154,155,-1,155,154,156,-1,155,156,149,-1,157,158,159,-1,159,158,160,-1,146,161,144,-1,144,161,162,-1,144,162,163,-1,164,165,166,-1,166,165,167,-1,166,167,168,-1,157,159,164,-1,164,159,169,-1,164,169,170,-1,153,171,154,-1,154,171,172,-1,154,172,173,-1,173,172,174,-1,152,175,150,-1,150,175,176,-1,150,176,177,-1,177,176,178,-1,177,178,179,-1,170,180,164,-1,164,180,181,-1,164,181,165,-1,182,183,184,-1,184,183,185,-1,184,185,156,-1,156,185,186,-1,156,186,149,-1,149,186,187,-1,149,187,147,-1,188,189,190,-1,182,191,183,-1,183,191,192,-1,183,192,193,-1,193,192,194,-1,163,195,148,-1,148,195,196,-1,148,196,149,-1,168,167,197,-1,197,167,198,-1,197,198,199,-1,199,198,200,-1,199,200,201,-1,201,200,202,-1,201,202,203,-1,160,204,159,-1,159,204,205,-1,159,205,144,-1,144,205,206,-1,144,206,145,-1,162,207,163,-1,163,207,208,-1,163,208,195,-1,195,208,209,-1,195,209,150,-1,150,209,210,-1,150,210,151,-1,174,172,190,-1,190,172,211,-1,190,211,188,-1,179,212,177,-1,177,212,213,-1,177,213,214,-1,214,213,201,-1,214,201,215,-1,215,201,203,-1,216,217,218,-1,219,220,221,-1,222,223,224,-1,225,222,226,-1,226,222,227,-1,228,229,230,-1,230,229,231,-1,217,232,218,-1,218,232,233,-1,218,233,234,-1,223,222,235,-1,235,222,236,-1,235,236,237,-1,237,236,238,-1,237,238,239,-1,240,241,242,-1,242,241,243,-1,242,243,244,-1,244,243,245,-1,244,245,246,-1,246,245,247,-1,248,249,250,-1,250,249,251,-1,250,251,252,-1,253,254,248,-1,248,254,255,-1,248,255,249,-1,224,256,257,-1,257,256,234,-1,257,234,258,-1,257,259,224,-1,224,259,260,-1,224,260,222,-1,222,260,261,-1,222,261,227,-1,262,263,264,-1,264,263,265,-1,264,265,226,-1,226,265,266,-1,226,266,225,-1,252,251,267,-1,267,251,268,-1,267,268,269,-1,269,268,270,-1,269,270,245,-1,245,270,271,-1,245,271,247,-1,228,230,248,-1,248,230,272,-1,248,272,253,-1,231,273,230,-1,230,273,274,-1,230,274,218,-1,218,274,275,-1,218,275,216,-1,276,277,278,-1,238,279,239,-1,239,279,276,-1,239,276,280,-1,280,276,278,-1,233,281,234,-1,234,281,282,-1,234,282,258,-1,258,282,283,-1,258,283,221,-1,221,283,284,-1,221,284,219,-1,220,285,221,-1,221,285,286,-1,221,286,242,-1,242,286,287,-1,242,287,240,-1,184,156,225,-1,225,156,222,-1,185,183,227,-1,227,183,226,-1,159,144,242,-1,242,144,221,-1,268,251,167,-1,167,251,198,-1,230,218,177,-1,177,218,150,-1,237,239,171,-1,171,239,172,-1,238,236,173,-1,173,236,154,-1,282,281,207,-1,207,281,208,-1,205,204,286,-1,286,204,287,-1,168,197,267,-1,267,197,252,-1,178,176,273,-1,273,176,274,-1,288,289,290,-1,290,289,291,-1,291,289,292,-1,291,292,293,-1,294,295,292,-1,292,295,296,-1,292,296,293,-1,294,292,297,-1,297,292,298,-1,297,298,299,-1,300,301,302,-1,303,300,304,-1,304,300,305,-1,304,305,306,-1,307,308,309,-1,302,310,300,-1,300,310,311,-1,300,311,312,-1,313,314,315,-1,315,314,316,-1,315,316,317,-1,299,318,297,-1,297,318,319,-1,297,319,313,-1,313,319,320,-1,313,320,314,-1,308,307,321,-1,321,307,301,-1,321,301,322,-1,311,323,312,-1,312,323,324,-1,312,324,325,-1,326,327,328,-1,316,329,317,-1,317,329,330,-1,317,330,331,-1,331,330,300,-1,331,300,332,-1,332,300,303,-1,330,333,300,-1,300,333,334,-1,300,334,301,-1,301,334,335,-1,301,335,322,-1,309,336,307,-1,307,336,337,-1,307,337,338,-1,338,337,339,-1,338,339,340,-1,305,341,306,-1,306,341,326,-1,306,326,342,-1,342,326,328,-1,288,290,343,-1,343,290,344,-1,343,344,345,-1,345,344,346,-1,345,346,347,-1,347,346,348,-1,347,348,349,-1,340,350,338,-1,338,350,351,-1,338,351,352,-1,352,351,347,-1,352,347,353,-1,353,347,349,-1,354,355,325,-1,325,355,356,-1,325,356,312,-1,354,357,355,-1,355,357,358,-1,355,358,359,-1,360,361,362,-1,363,364,365,-1,364,363,366,-1,366,363,367,-1,366,367,368,-1,368,367,369,-1,368,369,370,-1,371,372,373,-1,373,372,374,-1,373,374,375,-1,376,377,378,-1,379,380,381,-1,381,380,382,-1,381,382,374,-1,374,382,383,-1,374,383,375,-1,384,371,385,-1,385,371,373,-1,385,373,362,-1,362,373,386,-1,362,386,360,-1,387,388,362,-1,362,388,389,-1,362,389,390,-1,365,391,363,-1,363,391,392,-1,363,392,393,-1,393,392,394,-1,393,394,395,-1,395,394,396,-1,377,397,378,-1,378,397,398,-1,378,398,381,-1,381,398,399,-1,381,399,379,-1,400,401,361,-1,361,401,402,-1,361,402,362,-1,362,402,403,-1,362,403,387,-1,369,404,370,-1,370,404,405,-1,370,405,406,-1,406,405,407,-1,408,409,407,-1,407,409,410,-1,407,410,406,-1,400,361,411,-1,411,361,412,-1,411,412,413,-1,413,414,411,-1,411,414,415,-1,411,415,394,-1,394,415,416,-1,394,416,396,-1,417,418,419,-1,419,418,420,-1,417,421,418,-1,418,421,422,-1,418,422,423,-1,423,422,424,-1,423,424,385,-1,385,424,425,-1,385,425,384,-1,376,378,407,-1,407,378,426,-1,407,426,408,-1,427,428,429,-1,389,430,390,-1,390,430,427,-1,390,427,431,-1,431,427,429,-1,305,300,390,-1,390,300,362,-1,304,306,388,-1,388,306,389,-1,297,313,394,-1,394,313,411,-1,368,370,290,-1,290,370,344,-1,378,381,338,-1,338,381,307,-1,424,422,324,-1,324,422,325,-1,423,385,356,-1,356,385,312,-1,386,373,334,-1,334,373,335,-1,320,319,415,-1,415,319,416,-1,288,343,369,-1,369,343,404,-1,339,337,398,-1,398,337,399,-1,159,242,244,-1,159,244,169,-1,169,244,246,-1,169,246,170,-1,170,246,247,-1,170,247,180,-1,180,247,271,-1,180,271,181,-1,181,271,270,-1,181,270,165,-1,165,270,268,-1,165,268,167,-1,198,251,249,-1,198,249,200,-1,200,249,255,-1,200,255,202,-1,202,255,254,-1,202,254,203,-1,203,254,253,-1,203,253,215,-1,215,253,272,-1,215,272,214,-1,214,272,230,-1,214,230,177,-1,282,207,283,-1,283,207,162,-1,283,162,284,-1,284,162,161,-1,284,161,219,-1,219,161,146,-1,219,146,220,-1,220,146,145,-1,220,145,285,-1,285,145,206,-1,285,206,286,-1,286,206,205,-1,287,204,240,-1,240,204,160,-1,240,160,241,-1,241,160,158,-1,241,158,243,-1,243,158,157,-1,243,157,245,-1,245,157,164,-1,245,164,269,-1,269,164,166,-1,269,166,267,-1,267,166,168,-1,252,197,250,-1,250,197,199,-1,250,199,248,-1,248,199,201,-1,248,201,228,-1,228,201,213,-1,228,213,229,-1,229,213,212,-1,229,212,231,-1,231,212,179,-1,231,179,273,-1,273,179,178,-1,274,176,275,-1,275,176,175,-1,275,175,216,-1,216,175,152,-1,216,152,217,-1,217,152,151,-1,217,151,232,-1,232,151,210,-1,232,210,233,-1,233,210,209,-1,233,209,281,-1,281,209,208,-1,221,144,258,-1,258,144,163,-1,258,163,257,-1,257,163,148,-1,257,148,259,-1,259,148,147,-1,259,147,260,-1,260,147,187,-1,260,187,261,-1,261,187,186,-1,261,186,227,-1,227,186,185,-1,237,171,235,-1,235,171,153,-1,235,153,223,-1,223,153,155,-1,223,155,224,-1,224,155,149,-1,224,149,256,-1,256,149,196,-1,256,196,234,-1,234,196,195,-1,234,195,218,-1,218,195,150,-1,184,225,266,-1,184,266,182,-1,182,266,265,-1,182,265,191,-1,191,265,263,-1,191,263,192,-1,192,263,262,-1,192,262,194,-1,194,262,264,-1,194,264,193,-1,193,264,226,-1,193,226,183,-1,172,239,280,-1,172,280,211,-1,211,280,278,-1,211,278,188,-1,188,278,277,-1,188,277,189,-1,189,277,276,-1,189,276,190,-1,190,276,279,-1,190,279,174,-1,174,279,238,-1,174,238,173,-1,297,394,392,-1,297,392,294,-1,294,392,391,-1,294,391,295,-1,295,391,365,-1,295,365,296,-1,296,365,364,-1,296,364,293,-1,293,364,366,-1,293,366,291,-1,291,366,368,-1,291,368,290,-1,344,370,406,-1,344,406,346,-1,346,406,410,-1,346,410,348,-1,348,410,409,-1,348,409,349,-1,349,409,408,-1,349,408,353,-1,353,408,426,-1,353,426,352,-1,352,426,378,-1,352,378,338,-1,386,334,360,-1,360,334,333,-1,360,333,361,-1,361,333,330,-1,361,330,412,-1,412,330,329,-1,412,329,413,-1,413,329,316,-1,413,316,414,-1,414,316,314,-1,414,314,415,-1,415,314,320,-1,416,319,396,-1,396,319,318,-1,396,318,395,-1,395,318,299,-1,395,299,393,-1,393,299,298,-1,393,298,363,-1,363,298,292,-1,363,292,367,-1,367,292,289,-1,367,289,369,-1,369,289,288,-1,404,343,405,-1,405,343,345,-1,405,345,407,-1,407,345,347,-1,407,347,376,-1,376,347,351,-1,376,351,377,-1,377,351,350,-1,377,350,397,-1,397,350,340,-1,397,340,398,-1,398,340,339,-1,399,337,379,-1,379,337,336,-1,379,336,380,-1,380,336,309,-1,380,309,382,-1,382,309,308,-1,382,308,383,-1,383,308,321,-1,383,321,375,-1,375,321,322,-1,375,322,373,-1,373,322,335,-1,411,313,400,-1,400,313,315,-1,400,315,401,-1,401,315,317,-1,401,317,402,-1,402,317,331,-1,402,331,403,-1,403,331,332,-1,403,332,387,-1,387,332,303,-1,387,303,388,-1,388,303,304,-1,424,324,425,-1,425,324,323,-1,425,323,384,-1,384,323,311,-1,384,311,371,-1,371,311,310,-1,371,310,372,-1,372,310,302,-1,372,302,374,-1,374,302,301,-1,374,301,381,-1,381,301,307,-1,305,390,431,-1,305,431,341,-1,341,431,429,-1,341,429,326,-1,326,429,428,-1,326,428,327,-1,327,428,427,-1,327,427,328,-1,328,427,430,-1,328,430,342,-1,342,430,389,-1,342,389,306,-1,325,422,421,-1,325,421,354,-1,354,421,417,-1,354,417,357,-1,357,417,419,-1,357,419,358,-1,358,419,420,-1,358,420,359,-1,359,420,418,-1,359,418,355,-1,355,418,423,-1,355,423,356,-1,432,433,434,-1,435,436,437,-1,438,439,440,-1,441,442,443,-1,444,445,446,-1,447,448,449,-1,450,451,452,-1,453,454,455,-1,456,457,458,-1,459,460,461,-1,462,463,464,-1,465,466,467,-1,466,468,467,-1,467,468,469,-1,467,469,470,-1,471,472,473,-1,471,473,467,-1,467,473,474,-1,467,474,465,-1,475,476,471,-1,471,476,477,-1,477,478,471,-1,471,478,479,-1,471,479,472,-1,480,481,482,-1,482,481,483,-1,483,484,482,-1,482,484,485,-1,482,485,475,-1,475,485,486,-1,475,486,476,-1,487,488,482,-1,482,488,489,-1,482,489,480,-1,490,491,487,-1,487,491,492,-1,487,492,488,-1,493,494,495,-1,495,494,496,-1,495,496,487,-1,487,496,497,-1,487,497,490,-1,498,499,500,-1,500,499,501,-1,500,501,495,-1,495,501,502,-1,495,502,493,-1,463,503,464,-1,464,503,504,-1,464,504,500,-1,500,504,505,-1,500,505,498,-1,506,507,508,-1,508,507,509,-1,508,509,464,-1,464,509,510,-1,464,510,462,-1,511,512,513,-1,513,512,514,-1,513,514,508,-1,508,514,515,-1,508,515,506,-1,460,516,461,-1,461,516,517,-1,461,517,513,-1,513,517,518,-1,513,518,511,-1,519,520,521,-1,521,520,522,-1,521,522,461,-1,461,522,523,-1,461,523,459,-1,524,525,526,-1,526,525,527,-1,526,527,521,-1,521,527,528,-1,521,528,519,-1,457,529,458,-1,458,529,530,-1,458,530,526,-1,526,530,531,-1,526,531,524,-1,532,533,534,-1,534,533,535,-1,534,535,458,-1,458,535,536,-1,458,536,456,-1,537,538,539,-1,539,538,540,-1,539,540,534,-1,534,540,541,-1,534,541,532,-1,539,542,543,-1,543,544,539,-1,539,544,545,-1,539,545,546,-1,546,547,539,-1,539,547,548,-1,539,548,537,-1,454,549,455,-1,455,549,550,-1,455,550,542,-1,542,550,551,-1,542,551,543,-1,451,552,452,-1,452,552,553,-1,452,553,455,-1,455,553,554,-1,455,554,453,-1,555,556,557,-1,557,556,558,-1,557,558,452,-1,452,558,559,-1,452,559,450,-1,448,560,449,-1,449,560,561,-1,449,561,557,-1,557,561,562,-1,557,562,555,-1,563,564,565,-1,565,564,566,-1,565,566,449,-1,449,566,567,-1,449,567,447,-1,568,569,570,-1,570,569,571,-1,570,571,565,-1,565,571,572,-1,565,572,563,-1,445,573,446,-1,446,573,574,-1,446,574,570,-1,570,574,575,-1,570,575,568,-1,576,577,578,-1,578,577,579,-1,578,579,446,-1,446,579,580,-1,446,580,444,-1,442,581,443,-1,443,581,582,-1,443,582,578,-1,578,582,583,-1,578,583,576,-1,584,585,586,-1,586,585,587,-1,586,587,443,-1,443,587,588,-1,443,588,441,-1,589,590,591,-1,591,590,586,-1,586,590,592,-1,586,592,584,-1,593,594,591,-1,591,594,595,-1,591,595,589,-1,596,597,598,-1,598,597,599,-1,598,599,591,-1,591,599,600,-1,591,600,593,-1,601,602,603,-1,603,602,604,-1,603,604,598,-1,598,604,605,-1,598,605,596,-1,439,606,440,-1,440,606,607,-1,440,607,603,-1,603,607,608,-1,603,608,601,-1,609,610,611,-1,611,610,612,-1,611,612,440,-1,440,612,613,-1,440,613,438,-1,436,614,437,-1,437,614,615,-1,437,615,611,-1,611,615,616,-1,611,616,609,-1,617,618,619,-1,619,618,620,-1,619,620,437,-1,437,620,621,-1,437,621,435,-1,622,623,624,-1,624,623,625,-1,624,625,619,-1,619,625,626,-1,619,626,617,-1,433,627,434,-1,434,627,628,-1,434,628,624,-1,624,628,629,-1,624,629,622,-1,630,631,632,-1,632,631,633,-1,632,633,434,-1,434,633,634,-1,434,634,432,-1,635,636,637,-1,637,636,638,-1,637,638,632,-1,632,638,639,-1,632,639,630,-1,640,641,637,-1,637,641,642,-1,637,642,635,-1,643,644,640,-1,640,644,645,-1,640,645,641,-1,646,647,643,-1,643,647,648,-1,648,649,643,-1,643,649,650,-1,643,650,644,-1,651,652,646,-1,646,652,653,-1,646,653,647,-1,654,655,651,-1,651,655,656,-1,651,656,652,-1,470,657,654,-1,654,657,658,-1,654,658,655,-1,659,660,661,-1,661,660,662,-1,469,663,470,-1,470,663,664,-1,470,664,657,-1,657,664,665,-1,657,665,666,-1,666,665,660,-1,666,660,667,-1,667,660,659,-1,668,669,670,-1,670,669,671,-1,670,671,662,-1,662,671,672,-1,662,672,661,-1,673,674,675,-1,675,674,676,-1,675,676,670,-1,670,676,677,-1,670,677,668,-1,678,679,680,-1,680,679,681,-1,680,681,673,-1,673,681,682,-1,673,682,674,-1,683,684,685,-1,685,684,686,-1,685,686,687,-1,687,686,688,-1,687,688,680,-1,680,688,689,-1,680,689,678,-1,683,685,690,-1,690,685,691,-1,690,691,692,-1,692,691,693,-1,693,691,694,-1,693,694,695,-1,696,697,694,-1,694,697,698,-1,694,698,695,-1,699,700,696,-1,696,700,701,-1,696,701,697,-1,702,703,699,-1,699,703,704,-1,699,704,700,-1,702,699,705,-1,705,699,706,-1,705,706,707,-1,707,706,708,-1,707,708,709,-1,710,711,708,-1,708,711,712,-1,708,712,709,-1,713,714,715,-1,715,714,716,-1,715,716,710,-1,710,716,717,-1,710,717,711,-1,718,719,720,-1,720,719,721,-1,720,721,715,-1,715,721,722,-1,715,722,713,-1,718,723,724,-1,724,725,718,-1,718,725,726,-1,718,726,719,-1,727,728,729,-1,730,731,732,-1,733,734,735,-1,736,737,738,-1,739,740,741,-1,742,743,744,-1,745,746,747,-1,748,749,750,-1,751,752,753,-1,754,755,756,-1,756,755,757,-1,756,757,758,-1,759,760,754,-1,754,760,761,-1,754,761,755,-1,762,763,757,-1,757,763,764,-1,757,764,758,-1,765,766,767,-1,767,766,768,-1,767,768,762,-1,762,768,769,-1,762,769,763,-1,770,771,772,-1,772,771,773,-1,772,773,767,-1,767,773,774,-1,767,774,765,-1,775,776,770,-1,770,776,777,-1,770,777,771,-1,778,779,775,-1,775,779,780,-1,775,780,776,-1,778,775,781,-1,781,775,782,-1,781,782,783,-1,783,782,784,-1,783,784,785,-1,786,787,788,-1,788,787,789,-1,787,790,789,-1,789,790,791,-1,789,791,784,-1,784,791,792,-1,784,792,785,-1,793,794,788,-1,788,794,795,-1,788,795,786,-1,793,788,796,-1,796,788,797,-1,796,797,798,-1,798,797,799,-1,798,799,800,-1,800,799,801,-1,800,801,802,-1,802,801,803,-1,803,801,804,-1,803,804,805,-1,806,807,804,-1,804,807,808,-1,804,808,805,-1,809,810,811,-1,811,810,812,-1,811,812,806,-1,806,812,813,-1,806,813,807,-1,814,815,816,-1,816,815,817,-1,816,817,811,-1,811,817,818,-1,811,818,809,-1,814,819,820,-1,820,821,814,-1,814,821,822,-1,814,822,815,-1,752,823,753,-1,753,823,824,-1,753,824,760,-1,760,824,825,-1,760,825,761,-1,751,753,826,-1,826,753,827,-1,826,827,828,-1,829,830,831,-1,831,830,832,-1,831,832,827,-1,827,832,833,-1,827,833,834,-1,834,835,827,-1,827,835,836,-1,827,836,828,-1,829,831,837,-1,837,831,838,-1,837,838,839,-1,840,841,838,-1,838,841,842,-1,838,842,839,-1,843,844,845,-1,845,844,846,-1,845,846,838,-1,838,846,847,-1,838,847,840,-1,848,849,845,-1,845,849,850,-1,845,850,843,-1,851,852,848,-1,848,852,853,-1,848,853,849,-1,854,855,856,-1,856,855,857,-1,856,857,848,-1,848,857,858,-1,848,858,851,-1,859,860,861,-1,859,861,856,-1,856,861,862,-1,856,862,854,-1,863,864,865,-1,865,864,866,-1,865,866,859,-1,859,866,867,-1,859,867,860,-1,749,868,750,-1,750,868,869,-1,750,869,865,-1,865,869,870,-1,865,870,863,-1,871,872,873,-1,873,872,874,-1,873,874,750,-1,750,874,875,-1,750,875,748,-1,876,877,878,-1,878,877,879,-1,878,879,873,-1,873,879,880,-1,873,880,871,-1,881,882,883,-1,883,884,881,-1,881,884,885,-1,881,885,878,-1,878,885,886,-1,878,886,876,-1,887,888,889,-1,889,888,890,-1,889,890,881,-1,881,890,891,-1,881,891,882,-1,892,893,894,-1,894,893,895,-1,894,895,889,-1,889,895,896,-1,889,896,887,-1,897,898,899,-1,899,900,897,-1,897,900,901,-1,897,901,894,-1,894,901,902,-1,894,902,892,-1,903,904,897,-1,897,904,905,-1,897,905,898,-1,906,907,908,-1,908,907,909,-1,908,909,910,-1,910,909,911,-1,911,912,910,-1,910,912,913,-1,910,913,897,-1,897,913,914,-1,897,914,903,-1,915,916,917,-1,917,918,915,-1,915,918,919,-1,915,919,908,-1,908,919,920,-1,908,920,906,-1,746,921,747,-1,747,921,922,-1,747,922,915,-1,915,922,923,-1,915,923,916,-1,924,925,926,-1,926,925,927,-1,926,927,747,-1,747,927,928,-1,747,928,745,-1,929,930,931,-1,931,930,932,-1,931,932,926,-1,926,932,933,-1,926,933,924,-1,743,934,744,-1,744,934,935,-1,744,935,931,-1,931,935,936,-1,931,936,929,-1,937,938,939,-1,939,938,940,-1,939,940,744,-1,744,940,941,-1,744,941,742,-1,740,942,741,-1,741,942,943,-1,741,943,939,-1,939,943,944,-1,939,944,937,-1,945,946,947,-1,947,946,948,-1,947,948,741,-1,741,948,949,-1,741,949,739,-1,737,950,738,-1,738,950,951,-1,738,951,947,-1,947,951,952,-1,947,952,945,-1,736,738,953,-1,953,738,954,-1,953,954,955,-1,956,957,954,-1,954,957,958,-1,954,958,955,-1,959,960,961,-1,961,960,962,-1,961,962,954,-1,954,962,963,-1,954,963,956,-1,964,965,966,-1,966,965,967,-1,966,967,961,-1,961,967,968,-1,961,968,959,-1,734,969,735,-1,735,969,970,-1,735,970,966,-1,966,970,971,-1,966,971,964,-1,972,973,974,-1,974,973,975,-1,974,975,735,-1,735,975,976,-1,735,976,733,-1,731,977,732,-1,732,977,978,-1,732,978,974,-1,974,978,979,-1,974,979,972,-1,980,981,982,-1,982,981,983,-1,982,983,732,-1,732,983,984,-1,732,984,730,-1,985,986,987,-1,987,986,988,-1,987,988,982,-1,982,988,989,-1,982,989,980,-1,728,990,729,-1,729,990,991,-1,729,991,987,-1,987,991,992,-1,987,992,985,-1,993,994,995,-1,995,994,996,-1,995,996,729,-1,729,996,997,-1,729,997,727,-1,998,999,1000,-1,1000,999,1001,-1,1000,1001,995,-1,995,1001,1002,-1,995,1002,993,-1,1003,1004,1005,-1,1005,1006,1003,-1,1003,1006,1007,-1,1003,1007,1000,-1,1000,1007,1008,-1,1000,1008,998,-1,1009,1010,1004,-1,1004,1010,1011,-1,1011,1012,1004,-1,1004,1012,1013,-1,1004,1013,1005,-1,1014,1015,1009,-1,1009,1015,1016,-1,1009,1016,1010,-1,754,1017,759,-1,759,1017,1018,-1,759,1018,1014,-1,1014,1018,1019,-1,1014,1019,1015,-1,461,513,1020,-1,534,1021,539,-1,539,1021,1022,-1,539,1022,542,-1,458,1023,534,-1,534,1023,1024,-1,534,1024,1021,-1,1020,1025,461,-1,461,1025,1026,-1,461,1026,521,-1,521,1026,1027,-1,521,1027,526,-1,1028,464,500,-1,646,1029,651,-1,651,1029,1030,-1,651,1030,654,-1,632,1031,637,-1,637,1031,1032,-1,637,1032,640,-1,1022,1033,542,-1,542,1033,1034,-1,542,1034,455,-1,1028,1035,464,-1,464,1035,1036,-1,464,1036,508,-1,508,1036,1037,-1,508,1037,513,-1,513,1037,1038,-1,513,1038,1020,-1,470,1039,467,-1,467,1039,1040,-1,467,1040,471,-1,643,1041,646,-1,646,1041,1042,-1,646,1042,1029,-1,434,1043,632,-1,632,1043,1044,-1,632,1044,1031,-1,1045,603,598,-1,443,1046,586,-1,586,1046,1047,-1,586,1047,591,-1,452,1048,557,-1,557,1048,1049,-1,557,1049,449,-1,1034,1050,455,-1,455,1050,1051,-1,455,1051,452,-1,452,1051,1052,-1,452,1052,1048,-1,1027,1053,526,-1,526,1053,1054,-1,526,1054,458,-1,458,1054,1055,-1,458,1055,1023,-1,495,1056,500,-1,500,1056,1057,-1,500,1057,1028,-1,482,1058,487,-1,487,1058,1059,-1,487,1059,495,-1,495,1059,1060,-1,495,1060,1056,-1,475,1061,482,-1,482,1061,1062,-1,482,1062,1058,-1,1040,1063,471,-1,471,1063,1064,-1,471,1064,475,-1,475,1064,1065,-1,475,1065,1061,-1,624,1066,434,-1,434,1066,1067,-1,434,1067,1043,-1,1045,1068,603,-1,603,1068,1069,-1,603,1069,440,-1,440,1069,1070,-1,440,1070,611,-1,1047,1071,591,-1,591,1071,1072,-1,591,1072,598,-1,598,1072,1073,-1,598,1073,1045,-1,578,1074,443,-1,443,1074,1075,-1,443,1075,1046,-1,1030,1076,654,-1,654,1076,1077,-1,654,1077,470,-1,470,1077,1078,-1,470,1078,1039,-1,1032,1079,640,-1,640,1079,1080,-1,640,1080,643,-1,643,1080,1081,-1,643,1081,1041,-1,437,1082,619,-1,619,1082,1083,-1,619,1083,624,-1,624,1083,1084,-1,624,1084,1066,-1,565,1085,570,-1,570,1085,1086,-1,570,1086,446,-1,1070,1087,611,-1,611,1087,1088,-1,611,1088,437,-1,437,1088,1089,-1,437,1089,1082,-1,1086,1090,446,-1,446,1090,1091,-1,446,1091,578,-1,578,1091,1092,-1,578,1092,1074,-1,1049,1093,449,-1,449,1093,1094,-1,449,1094,565,-1,565,1094,1095,-1,565,1095,1085,-1,732,974,1096,-1,966,1097,735,-1,735,1097,1098,-1,735,1098,974,-1,974,1098,1099,-1,974,1099,1096,-1,741,939,1100,-1,995,1101,1000,-1,1000,1101,1102,-1,1000,1102,1003,-1,961,1103,966,-1,966,1103,1104,-1,966,1104,1097,-1,931,1105,744,-1,744,1105,1106,-1,744,1106,939,-1,939,1106,1107,-1,939,1107,1100,-1,1108,915,908,-1,910,1109,908,-1,908,1109,1110,-1,908,1110,1108,-1,894,1111,897,-1,897,1111,1112,-1,897,1112,910,-1,910,1112,1113,-1,910,1113,1109,-1,954,1114,961,-1,961,1114,1115,-1,961,1115,1103,-1,947,1116,738,-1,738,1116,1117,-1,738,1117,954,-1,954,1117,1118,-1,954,1118,1114,-1,889,1119,894,-1,894,1119,1120,-1,894,1120,1111,-1,881,1121,889,-1,889,1121,1122,-1,889,1122,1119,-1,873,1123,878,-1,878,1123,1124,-1,878,1124,881,-1,881,1124,1125,-1,881,1125,1121,-1,859,1126,865,-1,865,1126,1127,-1,865,1127,750,-1,856,1128,859,-1,859,1128,1129,-1,859,1129,1126,-1,1096,1130,732,-1,732,1130,1131,-1,732,1131,982,-1,982,1131,1132,-1,982,1132,987,-1,1100,1133,741,-1,741,1133,1134,-1,741,1134,947,-1,947,1134,1135,-1,947,1135,1116,-1,926,1136,931,-1,931,1136,1137,-1,931,1137,1105,-1,1108,1138,915,-1,915,1138,1139,-1,915,1139,747,-1,747,1139,1140,-1,747,1140,926,-1,926,1140,1141,-1,926,1141,1136,-1,1127,1142,750,-1,750,1142,1143,-1,750,1143,873,-1,873,1143,1144,-1,873,1144,1123,-1,848,1145,856,-1,856,1145,1146,-1,856,1146,1128,-1,729,1147,995,-1,995,1147,1148,-1,995,1148,1101,-1,1132,1149,987,-1,987,1149,1150,-1,987,1150,729,-1,729,1150,1151,-1,729,1151,1147,-1,838,1152,845,-1,845,1152,1153,-1,845,1153,848,-1,848,1153,1154,-1,848,1154,1145,-1,831,1155,838,-1,838,1155,1156,-1,838,1156,1152,-1,827,1157,831,-1,831,1157,1158,-1,831,1158,1155,-1,760,1159,753,-1,753,1159,1160,-1,753,1160,827,-1,827,1160,1161,-1,827,1161,1157,-1,759,1162,760,-1,760,1162,1163,-1,760,1163,1159,-1,1009,1164,1014,-1,1014,1164,1165,-1,1014,1165,759,-1,759,1165,1166,-1,759,1166,1162,-1,1004,1167,1009,-1,1009,1167,1168,-1,1009,1168,1164,-1,1102,1169,1003,-1,1003,1169,1170,-1,1003,1170,1004,-1,1004,1170,1171,-1,1004,1171,1167,-1,1172,1173,1174,-1,1175,1176,1177,-1,1178,1179,1180,-1,1181,1182,1183,-1,1173,1184,1174,-1,1174,1184,1185,-1,1174,1185,1186,-1,1186,1185,1178,-1,1186,1178,1187,-1,1187,1178,1180,-1,1182,1188,1183,-1,1183,1188,1189,-1,1183,1189,1190,-1,1190,1191,1183,-1,1183,1191,1192,-1,1183,1192,1193,-1,1193,1192,1194,-1,1193,1194,1195,-1,1196,1197,1198,-1,1198,1197,1199,-1,1198,1199,1200,-1,1198,1201,1196,-1,1196,1201,1202,-1,1196,1202,1203,-1,1183,1204,1181,-1,1181,1204,1205,-1,1181,1205,1174,-1,1174,1205,1206,-1,1174,1206,1172,-1,1207,1208,1209,-1,1209,1208,1210,-1,1209,1210,1211,-1,1211,1210,1212,-1,1211,1212,1213,-1,1213,1212,1214,-1,1213,1214,1215,-1,1215,1214,1216,-1,1215,1216,1217,-1,1217,1216,1218,-1,1217,1218,1219,-1,1176,1220,1177,-1,1177,1220,1221,-1,1177,1221,1222,-1,1222,1221,1208,-1,1222,1208,1223,-1,1223,1208,1207,-1,1200,1224,1198,-1,1198,1224,1225,-1,1198,1225,1226,-1,1226,1225,1227,-1,1226,1227,1228,-1,1203,1202,1177,-1,1177,1202,1229,-1,1177,1229,1175,-1,1219,1218,1230,-1,1230,1218,1231,-1,1230,1231,1232,-1,1232,1231,1233,-1,1232,1233,1234,-1,1234,1233,1235,-1,1234,1235,1236,-1,1236,1235,1237,-1,1236,1237,1238,-1,1238,1237,1239,-1,1238,1239,1240,-1,1239,1241,1240,-1,1240,1241,1242,-1,1240,1242,1243,-1,1243,1242,1244,-1,1243,1244,1245,-1,1245,1244,1246,-1,1245,1246,1247,-1,1247,1246,1248,-1,1247,1248,1179,-1,1179,1248,1249,-1,1179,1249,1180,-1,1250,1251,1252,-1,1252,1251,1253,-1,1254,1255,1256,-1,1256,1255,1257,-1,1258,1259,1260,-1,1260,1259,1261,-1,1260,1261,1262,-1,1262,1261,1263,-1,1262,1263,1250,-1,1250,1263,1264,-1,1250,1264,1251,-1,1265,1266,1267,-1,1268,1269,1270,-1,1270,1269,1271,-1,1270,1271,1272,-1,1272,1271,1273,-1,1272,1273,1254,-1,1254,1273,1274,-1,1254,1274,1255,-1,1195,1194,1275,-1,1275,1194,1276,-1,1275,1276,1251,-1,1251,1276,1277,-1,1251,1277,1253,-1,1278,1279,1280,-1,1281,1282,1283,-1,1283,1282,1284,-1,1283,1284,1255,-1,1255,1284,1285,-1,1255,1285,1257,-1,1286,1287,1288,-1,1288,1287,1289,-1,1287,1290,1289,-1,1289,1290,1291,-1,1289,1291,1292,-1,1292,1291,1293,-1,1292,1293,1266,-1,1266,1293,1294,-1,1266,1294,1267,-1,1268,1270,1295,-1,1295,1270,1296,-1,1295,1296,1297,-1,1297,1296,1298,-1,1297,1298,1299,-1,1299,1298,1300,-1,1299,1300,1301,-1,1301,1300,1302,-1,1301,1302,1303,-1,1288,1304,1286,-1,1286,1304,1305,-1,1286,1305,1306,-1,1306,1305,1307,-1,1306,1307,1279,-1,1279,1307,1308,-1,1279,1308,1280,-1,1265,1267,1309,-1,1309,1267,1310,-1,1309,1310,1302,-1,1302,1310,1311,-1,1302,1311,1303,-1,1258,1260,1312,-1,1312,1260,1313,-1,1312,1313,1314,-1,1314,1313,1315,-1,1314,1315,1316,-1,1316,1315,1317,-1,1316,1317,1318,-1,1318,1317,1319,-1,1318,1319,1320,-1,1278,1280,1321,-1,1321,1280,1322,-1,1321,1322,1319,-1,1319,1322,1323,-1,1319,1323,1320,-1,1324,1325,1326,-1,1326,1325,1327,-1,1326,1328,1324,-1,1324,1328,1329,-1,1324,1329,1330,-1,1330,1329,1331,-1,1330,1331,1332,-1,1333,1334,1335,-1,1336,1337,1338,-1,1339,1340,1341,-1,1341,1340,1342,-1,1341,1342,1343,-1,1338,1337,1344,-1,1345,1346,1347,-1,1336,1338,1335,-1,1335,1338,1348,-1,1335,1348,1333,-1,1334,1349,1335,-1,1335,1349,1350,-1,1335,1350,1351,-1,1351,1350,1352,-1,1351,1352,1353,-1,1343,1354,1341,-1,1341,1354,1355,-1,1341,1355,1356,-1,1356,1355,1282,-1,1356,1282,1281,-1,1357,1358,1359,-1,1359,1358,1360,-1,1359,1360,1331,-1,1331,1360,1361,-1,1331,1361,1332,-1,1339,1341,1359,-1,1359,1341,1362,-1,1359,1362,1357,-1,1346,1363,1347,-1,1347,1363,1364,-1,1347,1364,1365,-1,1365,1364,1366,-1,1365,1366,1367,-1,1344,1337,1347,-1,1347,1337,1368,-1,1347,1368,1345,-1,1327,1325,1369,-1,1369,1325,1370,-1,1369,1370,1371,-1,1371,1370,1372,-1,1371,1372,1373,-1,1373,1372,1374,-1,1373,1374,1375,-1,1375,1374,1376,-1,1375,1376,1377,-1,1378,1379,1380,-1,1380,1379,1381,-1,1380,1381,1382,-1,1382,1381,1383,-1,1382,1383,1384,-1,1384,1383,1385,-1,1384,1385,1386,-1,1386,1385,1387,-1,1386,1387,1366,-1,1366,1387,1388,-1,1366,1388,1367,-1,1377,1376,1389,-1,1389,1376,1390,-1,1389,1390,1391,-1,1391,1390,1392,-1,1391,1392,1393,-1,1393,1392,1394,-1,1393,1394,1395,-1,1395,1394,1396,-1,1395,1396,1397,-1,1397,1396,1398,-1,1397,1398,1378,-1,1378,1398,1399,-1,1378,1399,1379,-1,1400,1401,1402,-1,1403,1404,1405,-1,1406,1407,1408,-1,1409,1410,1411,-1,1405,1404,1412,-1,1401,1413,1402,-1,1402,1413,1414,-1,1402,1414,1415,-1,1415,1414,1403,-1,1415,1403,1416,-1,1416,1403,1405,-1,1417,1418,1419,-1,1411,1410,1420,-1,1421,1422,1423,-1,1418,1424,1419,-1,1419,1424,1425,-1,1419,1425,1426,-1,1409,1411,1408,-1,1408,1411,1427,-1,1408,1427,1406,-1,1407,1428,1408,-1,1408,1428,1429,-1,1408,1429,1430,-1,1430,1429,1353,-1,1430,1353,1352,-1,1426,1431,1419,-1,1419,1431,1432,-1,1419,1432,1433,-1,1433,1432,1434,-1,1433,1434,1435,-1,1420,1410,1423,-1,1423,1410,1436,-1,1423,1436,1421,-1,1422,1437,1423,-1,1423,1437,1438,-1,1423,1438,1439,-1,1439,1438,1440,-1,1439,1440,1441,-1,1419,1442,1417,-1,1417,1442,1443,-1,1417,1443,1402,-1,1402,1443,1444,-1,1402,1444,1400,-1,1412,1404,1445,-1,1445,1404,1446,-1,1445,1446,1447,-1,1447,1446,1448,-1,1447,1448,1449,-1,1449,1448,1450,-1,1449,1450,1451,-1,1451,1450,1452,-1,1451,1452,1453,-1,1454,1455,1456,-1,1456,1455,1457,-1,1456,1457,1458,-1,1458,1457,1459,-1,1458,1459,1460,-1,1460,1459,1461,-1,1460,1461,1462,-1,1462,1461,1463,-1,1462,1463,1440,-1,1440,1463,1464,-1,1440,1464,1441,-1,1453,1452,1465,-1,1465,1452,1466,-1,1465,1466,1467,-1,1467,1466,1468,-1,1467,1468,1469,-1,1469,1468,1470,-1,1469,1470,1471,-1,1471,1470,1472,-1,1471,1472,1473,-1,1473,1472,1474,-1,1473,1474,1454,-1,1454,1474,1475,-1,1454,1475,1455,-1,1476,1477,1478,-1,1479,1480,1481,-1,1478,1477,1482,-1,1482,1477,1483,-1,1482,1483,1484,-1,1485,1486,1487,-1,1487,1486,1488,-1,1487,1488,1489,-1,1489,1488,1490,-1,1489,1490,1491,-1,1478,1492,1476,-1,1476,1492,1489,-1,1476,1489,1493,-1,1493,1489,1491,-1,1481,1480,1494,-1,1494,1480,1495,-1,1494,1495,1496,-1,1435,1434,1497,-1,1497,1434,1498,-1,1497,1498,1499,-1,1499,1498,1500,-1,1499,1500,1501,-1,1481,1502,1479,-1,1479,1502,1499,-1,1479,1499,1503,-1,1503,1499,1501,-1,1504,1505,1506,-1,1506,1507,1504,-1,1504,1507,1508,-1,1504,1508,1509,-1,1509,1508,1510,-1,1509,1510,1511,-1,1511,1510,1512,-1,1512,1510,1513,-1,1512,1513,1514,-1,1513,1515,1514,-1,1514,1515,1516,-1,1514,1516,1517,-1,1517,1516,1518,-1,1517,1518,1519,-1,1520,1521,1522,-1,1522,1521,1523,-1,1522,1523,1524,-1,1524,1523,1525,-1,1524,1525,1526,-1,1526,1525,1527,-1,1526,1527,1495,-1,1495,1527,1528,-1,1495,1528,1496,-1,1505,1529,1506,-1,1506,1529,1530,-1,1506,1530,1531,-1,1531,1530,1532,-1,1531,1532,1520,-1,1520,1532,1533,-1,1520,1533,1521,-1,1534,1535,1536,-1,1536,1535,1537,-1,1536,1537,1538,-1,1538,1537,1539,-1,1538,1539,1540,-1,1540,1539,1541,-1,1540,1541,1483,-1,1483,1541,1542,-1,1483,1542,1484,-1,1518,1543,1519,-1,1519,1543,1544,-1,1519,1544,1545,-1,1545,1544,1546,-1,1545,1546,1547,-1,1547,1546,1548,-1,1547,1548,1534,-1,1534,1548,1549,-1,1534,1549,1535,-1,1550,1551,1552,-1,1553,1554,1555,-1,1556,1557,1558,-1,1559,1560,1561,-1,1551,1562,1552,-1,1552,1562,1563,-1,1552,1563,1564,-1,1564,1563,1553,-1,1564,1553,1565,-1,1565,1553,1555,-1,1560,1566,1561,-1,1561,1566,1567,-1,1561,1567,1568,-1,1568,1569,1561,-1,1561,1569,1570,-1,1561,1570,1571,-1,1571,1570,1486,-1,1571,1486,1485,-1,1572,1573,1574,-1,1561,1575,1559,-1,1559,1575,1576,-1,1559,1576,1552,-1,1552,1576,1577,-1,1552,1577,1550,-1,1578,1579,1580,-1,1580,1579,1581,-1,1580,1581,1582,-1,1582,1581,1583,-1,1582,1583,1584,-1,1584,1583,1585,-1,1584,1585,1586,-1,1586,1585,1587,-1,1586,1587,1588,-1,1588,1587,1589,-1,1588,1589,1590,-1,1557,1591,1558,-1,1558,1591,1592,-1,1558,1592,1593,-1,1593,1592,1579,-1,1593,1579,1594,-1,1594,1579,1578,-1,1572,1574,1595,-1,1595,1574,1596,-1,1595,1596,1597,-1,1573,1598,1574,-1,1574,1598,1599,-1,1574,1599,1600,-1,1600,1599,1228,-1,1600,1228,1227,-1,1574,1601,1596,-1,1596,1601,1602,-1,1596,1602,1558,-1,1558,1602,1603,-1,1558,1603,1556,-1,1590,1589,1604,-1,1604,1589,1605,-1,1604,1605,1606,-1,1606,1605,1607,-1,1606,1607,1608,-1,1608,1607,1609,-1,1608,1609,1610,-1,1610,1609,1611,-1,1610,1611,1612,-1,1612,1611,1613,-1,1612,1613,1614,-1,1613,1615,1614,-1,1614,1615,1616,-1,1614,1616,1617,-1,1617,1616,1618,-1,1617,1618,1619,-1,1619,1618,1620,-1,1619,1620,1621,-1,1621,1620,1622,-1,1621,1622,1554,-1,1554,1622,1623,-1,1554,1623,1555,-1,811,806,1624,-1,1624,806,1625,-1,1625,806,804,-1,1625,804,1626,-1,1626,804,801,-1,1626,801,1627,-1,1627,801,1628,-1,1628,801,799,-1,1628,799,797,-1,782,1629,784,-1,784,1629,1630,-1,784,1630,789,-1,789,1630,1631,-1,789,1631,788,-1,788,1631,1632,-1,788,1632,797,-1,797,1632,1633,-1,797,1633,1628,-1,755,1634,757,-1,757,1634,1635,-1,757,1635,762,-1,762,1635,1636,-1,762,1636,767,-1,767,1636,1637,-1,767,1637,772,-1,772,1637,1638,-1,772,1638,770,-1,770,1638,1639,-1,770,1639,775,-1,775,1639,1640,-1,775,1640,782,-1,782,1640,1641,-1,782,1641,1629,-1,761,1642,755,-1,755,1642,1643,-1,755,1643,1634,-1,1624,1644,811,-1,811,1644,1645,-1,811,1645,816,-1,816,1645,1646,-1,816,1646,814,-1,814,1646,1647,-1,814,1647,1648,-1,1648,1647,723,-1,1648,723,1649,-1,1649,723,1650,-1,723,718,1650,-1,1650,718,720,-1,1650,720,1651,-1,1651,720,715,-1,706,1652,708,-1,708,1652,1653,-1,708,1653,710,-1,710,1653,1654,-1,710,1654,715,-1,715,1654,1655,-1,715,1655,1651,-1,691,1656,694,-1,694,1656,1657,-1,694,1657,696,-1,696,1657,1658,-1,696,1658,699,-1,699,1658,1659,-1,699,1659,706,-1,706,1659,1660,-1,706,1660,1652,-1,673,1661,680,-1,680,1661,1662,-1,680,1662,687,-1,687,1662,1663,-1,687,1663,685,-1,685,1663,1664,-1,685,1664,691,-1,691,1664,1665,-1,691,1665,1656,-1,664,1666,665,-1,665,1666,1667,-1,665,1667,660,-1,660,1667,1668,-1,660,1668,662,-1,662,1668,1669,-1,662,1669,670,-1,670,1669,1670,-1,670,1670,675,-1,675,1670,1671,-1,675,1671,673,-1,673,1671,1672,-1,673,1672,1661,-1,1264,1263,1673,-1,1322,1280,1674,-1,1309,1302,1675,-1,1369,1371,1676,-1,1676,1371,1373,-1,1375,1377,1145,-1,1351,1353,1677,-1,1400,1678,1401,-1,1530,1529,1679,-1,1547,1534,1680,-1,1622,1620,1681,-1,1681,1620,1618,-1,1616,1615,1114,-1,1600,1227,1682,-1,1172,1683,1173,-1,1193,1673,1183,-1,1183,1673,1684,-1,1183,1684,1204,-1,1193,1195,1275,-1,1683,1172,1685,-1,1685,1172,1206,-1,1685,1206,1205,-1,1184,1686,1185,-1,1185,1686,1687,-1,1185,1687,1178,-1,1688,1247,1687,-1,1687,1247,1179,-1,1687,1179,1178,-1,1240,1243,1101,-1,1101,1243,1245,-1,1101,1245,1102,-1,1240,1101,1238,-1,1238,1101,1148,-1,1238,1148,1236,-1,1236,1148,1234,-1,1234,1148,1147,-1,1234,1147,1232,-1,1232,1147,1230,-1,1230,1147,1151,-1,1230,1151,1219,-1,1219,1151,1217,-1,1217,1151,1150,-1,1217,1150,1215,-1,1689,1211,1690,-1,1690,1211,1213,-1,1690,1213,1215,-1,1177,1222,1691,-1,1222,1223,1691,-1,1691,1223,1207,-1,1691,1207,1689,-1,1689,1207,1209,-1,1689,1209,1211,-1,1199,1197,1692,-1,1692,1197,1196,-1,1692,1196,1693,-1,1693,1196,1203,-1,1693,1203,1177,-1,1199,1692,1200,-1,1200,1692,1694,-1,1200,1694,1682,-1,1227,1225,1682,-1,1682,1225,1224,-1,1682,1224,1200,-1,1695,1696,1556,-1,1556,1603,1695,-1,1695,1603,1602,-1,1695,1602,1694,-1,1694,1602,1601,-1,1694,1601,1682,-1,1682,1601,1574,-1,1682,1574,1600,-1,1697,1591,1557,-1,1698,1699,1583,-1,1583,1581,1698,-1,1698,1581,1579,-1,1698,1579,1697,-1,1697,1579,1592,-1,1697,1592,1591,-1,1104,1103,1607,-1,1607,1605,1104,-1,1104,1605,1589,-1,1104,1589,1097,-1,1097,1589,1587,-1,1097,1587,1585,-1,1114,1615,1115,-1,1615,1613,1115,-1,1115,1613,1611,-1,1115,1611,1103,-1,1103,1611,1609,-1,1103,1609,1607,-1,1622,1681,1623,-1,1623,1681,1700,-1,1623,1700,1555,-1,1552,1564,1701,-1,1701,1564,1700,-1,1700,1564,1565,-1,1700,1565,1555,-1,1567,1566,1702,-1,1702,1566,1560,-1,1702,1560,1703,-1,1703,1560,1559,-1,1703,1559,1552,-1,1486,1570,1704,-1,1704,1570,1569,-1,1704,1569,1705,-1,1705,1569,1568,-1,1705,1568,1567,-1,1491,1490,1704,-1,1704,1490,1488,-1,1704,1488,1486,-1,1493,1706,1476,-1,1476,1706,1707,-1,1476,1707,1477,-1,1477,1707,1483,-1,1708,1538,1709,-1,1709,1538,1540,-1,1680,1534,1708,-1,1708,1534,1536,-1,1708,1536,1538,-1,1106,1519,1545,-1,1106,1545,1107,-1,1519,1106,1517,-1,1517,1106,1105,-1,1517,1105,1514,-1,1514,1105,1137,-1,1514,1137,1512,-1,1512,1137,1511,-1,1511,1137,1136,-1,1511,1136,1509,-1,1509,1136,1504,-1,1504,1136,1141,-1,1504,1141,1505,-1,1523,1521,1710,-1,1710,1521,1533,-1,1710,1533,1679,-1,1679,1533,1532,-1,1679,1532,1530,-1,1525,1711,1527,-1,1527,1711,1528,-1,1481,1494,1712,-1,1712,1494,1711,-1,1711,1494,1496,-1,1711,1496,1528,-1,1497,1499,1713,-1,1713,1499,1502,-1,1713,1502,1481,-1,1435,1497,1433,-1,1433,1497,1713,-1,1433,1713,1419,-1,1419,1713,1714,-1,1419,1714,1442,-1,1678,1400,1715,-1,1715,1400,1444,-1,1715,1444,1443,-1,1413,1716,1414,-1,1414,1716,1717,-1,1414,1717,1403,-1,1718,1446,1717,-1,1717,1446,1404,-1,1717,1404,1403,-1,1452,1450,1111,-1,1111,1450,1448,-1,1111,1448,1112,-1,1452,1111,1466,-1,1466,1111,1120,-1,1466,1120,1468,-1,1468,1120,1470,-1,1470,1120,1119,-1,1470,1119,1472,-1,1472,1119,1474,-1,1474,1119,1122,-1,1474,1122,1475,-1,1475,1122,1455,-1,1455,1122,1121,-1,1455,1121,1457,-1,1719,1461,1720,-1,1720,1461,1459,-1,1720,1459,1457,-1,1423,1439,1721,-1,1439,1441,1721,-1,1721,1441,1464,-1,1721,1464,1719,-1,1719,1464,1463,-1,1719,1463,1461,-1,1406,1427,1722,-1,1722,1427,1411,-1,1722,1411,1723,-1,1723,1411,1420,-1,1723,1420,1423,-1,1406,1722,1407,-1,1407,1722,1724,-1,1407,1724,1677,-1,1353,1429,1677,-1,1677,1429,1428,-1,1677,1428,1407,-1,1725,1726,1345,-1,1345,1368,1725,-1,1725,1368,1337,-1,1725,1337,1724,-1,1724,1337,1336,-1,1724,1336,1677,-1,1677,1336,1335,-1,1677,1335,1351,-1,1727,1363,1346,-1,1728,1729,1384,-1,1384,1386,1728,-1,1728,1386,1366,-1,1728,1366,1727,-1,1727,1366,1364,-1,1727,1364,1363,-1,1129,1128,1395,-1,1395,1397,1129,-1,1129,1397,1378,-1,1129,1378,1126,-1,1126,1378,1380,-1,1126,1380,1382,-1,1145,1377,1146,-1,1377,1389,1146,-1,1146,1389,1391,-1,1146,1391,1128,-1,1128,1391,1393,-1,1128,1393,1395,-1,1369,1676,1327,-1,1327,1676,1730,-1,1327,1730,1326,-1,1331,1329,1731,-1,1731,1329,1730,-1,1730,1329,1328,-1,1730,1328,1326,-1,1342,1340,1732,-1,1732,1340,1339,-1,1732,1339,1733,-1,1733,1339,1359,-1,1733,1359,1331,-1,1282,1355,1734,-1,1734,1355,1354,-1,1734,1354,1735,-1,1735,1354,1343,-1,1735,1343,1342,-1,1257,1285,1734,-1,1734,1285,1284,-1,1734,1284,1282,-1,1256,1736,1254,-1,1254,1736,1737,-1,1254,1737,1272,-1,1272,1737,1270,-1,1738,1298,1739,-1,1739,1298,1296,-1,1675,1302,1738,-1,1738,1302,1300,-1,1738,1300,1298,-1,1160,1266,1265,-1,1160,1265,1161,-1,1266,1160,1292,-1,1292,1160,1159,-1,1292,1159,1289,-1,1289,1159,1163,-1,1289,1163,1288,-1,1288,1163,1304,-1,1304,1163,1162,-1,1304,1162,1305,-1,1305,1162,1307,-1,1307,1162,1166,-1,1307,1166,1308,-1,1316,1318,1740,-1,1740,1318,1320,-1,1740,1320,1674,-1,1674,1320,1323,-1,1674,1323,1322,-1,1314,1741,1312,-1,1312,1741,1258,-1,1263,1261,1742,-1,1742,1261,1741,-1,1741,1261,1259,-1,1741,1259,1258,-1,1193,1275,1673,-1,1673,1275,1251,-1,1673,1251,1264,-1,1481,1712,1713,-1,1713,1712,1715,-1,1713,1715,1714,-1,1714,1715,1443,-1,1714,1443,1442,-1,1567,1702,1705,-1,1705,1702,1706,-1,1705,1706,1704,-1,1704,1706,1493,-1,1704,1493,1491,-1,1263,1742,1673,-1,1673,1742,1685,-1,1673,1685,1684,-1,1684,1685,1205,-1,1684,1205,1204,-1,1342,1732,1735,-1,1735,1732,1736,-1,1735,1736,1734,-1,1734,1736,1256,-1,1734,1256,1257,-1,1523,1710,1525,-1,1525,1710,1743,-1,1525,1743,1711,-1,1711,1743,1744,-1,1711,1744,1712,-1,1712,1744,1745,-1,1712,1745,1715,-1,1715,1745,1716,-1,1715,1716,1678,-1,1678,1716,1413,-1,1678,1413,1401,-1,1552,1701,1703,-1,1703,1701,1746,-1,1703,1746,1702,-1,1702,1746,1747,-1,1702,1747,1706,-1,1706,1747,1709,-1,1706,1709,1707,-1,1707,1709,1540,-1,1707,1540,1483,-1,1177,1691,1693,-1,1693,1691,1748,-1,1693,1748,1692,-1,1692,1748,1749,-1,1692,1749,1694,-1,1694,1749,1750,-1,1694,1750,1695,-1,1695,1750,1697,-1,1695,1697,1696,-1,1696,1697,1557,-1,1696,1557,1556,-1,1316,1740,1314,-1,1314,1740,1751,-1,1314,1751,1741,-1,1741,1751,1752,-1,1741,1752,1742,-1,1742,1752,1753,-1,1742,1753,1685,-1,1685,1753,1686,-1,1685,1686,1683,-1,1683,1686,1184,-1,1683,1184,1173,-1,1331,1731,1733,-1,1733,1731,1754,-1,1733,1754,1732,-1,1732,1754,1755,-1,1732,1755,1736,-1,1736,1755,1739,-1,1736,1739,1737,-1,1737,1739,1296,-1,1737,1296,1270,-1,1423,1721,1723,-1,1723,1721,1756,-1,1723,1756,1722,-1,1722,1756,1757,-1,1722,1757,1724,-1,1724,1757,1758,-1,1724,1758,1725,-1,1725,1758,1727,-1,1725,1727,1726,-1,1726,1727,1346,-1,1726,1346,1345,-1,1505,1141,1529,-1,1529,1141,1140,-1,1529,1140,1679,-1,1679,1140,1139,-1,1679,1139,1710,-1,1710,1139,1138,-1,1710,1138,1743,-1,1743,1138,1108,-1,1743,1108,1744,-1,1744,1108,1110,-1,1744,1110,1745,-1,1745,1110,1109,-1,1745,1109,1716,-1,1716,1109,1113,-1,1716,1113,1717,-1,1717,1113,1112,-1,1717,1112,1718,-1,1718,1112,1448,-1,1718,1448,1446,-1,1616,1114,1618,-1,1618,1114,1118,-1,1618,1118,1681,-1,1681,1118,1117,-1,1681,1117,1700,-1,1700,1117,1116,-1,1700,1116,1701,-1,1701,1116,1135,-1,1701,1135,1746,-1,1746,1135,1134,-1,1746,1134,1747,-1,1747,1134,1133,-1,1747,1133,1709,-1,1709,1133,1100,-1,1709,1100,1708,-1,1708,1100,1107,-1,1708,1107,1680,-1,1680,1107,1545,-1,1680,1545,1547,-1,1215,1150,1690,-1,1690,1150,1149,-1,1690,1149,1689,-1,1689,1149,1132,-1,1689,1132,1691,-1,1691,1132,1131,-1,1691,1131,1748,-1,1748,1131,1130,-1,1748,1130,1749,-1,1749,1130,1096,-1,1749,1096,1750,-1,1750,1096,1099,-1,1750,1099,1697,-1,1697,1099,1098,-1,1697,1098,1698,-1,1698,1098,1097,-1,1698,1097,1699,-1,1699,1097,1585,-1,1699,1585,1583,-1,1308,1166,1280,-1,1280,1166,1165,-1,1280,1165,1674,-1,1674,1165,1164,-1,1674,1164,1740,-1,1740,1164,1168,-1,1740,1168,1751,-1,1751,1168,1167,-1,1751,1167,1752,-1,1752,1167,1171,-1,1752,1171,1753,-1,1753,1171,1170,-1,1753,1170,1686,-1,1686,1170,1169,-1,1686,1169,1687,-1,1687,1169,1102,-1,1687,1102,1688,-1,1688,1102,1245,-1,1688,1245,1247,-1,1375,1145,1373,-1,1373,1145,1154,-1,1373,1154,1676,-1,1676,1154,1153,-1,1676,1153,1730,-1,1730,1153,1152,-1,1730,1152,1731,-1,1731,1152,1156,-1,1731,1156,1754,-1,1754,1156,1155,-1,1754,1155,1755,-1,1755,1155,1158,-1,1755,1158,1739,-1,1739,1158,1157,-1,1739,1157,1738,-1,1738,1157,1161,-1,1738,1161,1675,-1,1675,1161,1265,-1,1675,1265,1309,-1,1457,1121,1720,-1,1720,1121,1125,-1,1720,1125,1719,-1,1719,1125,1124,-1,1719,1124,1721,-1,1721,1124,1123,-1,1721,1123,1756,-1,1756,1123,1144,-1,1756,1144,1757,-1,1757,1144,1143,-1,1757,1143,1758,-1,1758,1143,1142,-1,1758,1142,1727,-1,1727,1142,1127,-1,1727,1127,1728,-1,1728,1127,1126,-1,1728,1126,1729,-1,1729,1126,1382,-1,1729,1382,1384,-1,1550,1759,1551,-1,1546,1544,1760,-1,1531,1520,1761,-1,1445,1447,1762,-1,1762,1447,1449,-1,1451,1453,1056,-1,1430,1352,1763,-1,1360,1764,1361,-1,1310,1267,1765,-1,1321,1319,1766,-1,1248,1246,1767,-1,1767,1246,1244,-1,1242,1241,1072,-1,1228,1768,1226,-1,1226,1768,1198,-1,1769,1770,1175,-1,1201,1771,1202,-1,1202,1771,1769,-1,1202,1769,1229,-1,1229,1769,1175,-1,1772,1220,1176,-1,1773,1774,1212,-1,1212,1210,1773,-1,1773,1210,1208,-1,1773,1208,1772,-1,1772,1208,1221,-1,1772,1221,1220,-1,1068,1045,1233,-1,1233,1231,1068,-1,1068,1231,1218,-1,1068,1218,1069,-1,1069,1218,1216,-1,1069,1216,1214,-1,1072,1241,1073,-1,1241,1239,1073,-1,1073,1239,1237,-1,1073,1237,1045,-1,1045,1237,1235,-1,1045,1235,1233,-1,1248,1767,1249,-1,1249,1767,1775,-1,1249,1775,1180,-1,1174,1186,1776,-1,1776,1186,1775,-1,1775,1186,1187,-1,1775,1187,1180,-1,1189,1188,1777,-1,1777,1188,1182,-1,1777,1182,1778,-1,1778,1182,1181,-1,1778,1181,1174,-1,1194,1192,1779,-1,1779,1192,1191,-1,1779,1191,1780,-1,1780,1191,1190,-1,1780,1190,1189,-1,1253,1277,1779,-1,1779,1277,1276,-1,1779,1276,1194,-1,1252,1781,1250,-1,1250,1781,1782,-1,1250,1782,1262,-1,1262,1782,1260,-1,1783,1315,1784,-1,1784,1315,1313,-1,1766,1319,1783,-1,1783,1319,1317,-1,1783,1317,1315,-1,1086,1279,1278,-1,1086,1278,1090,-1,1279,1086,1306,-1,1306,1086,1085,-1,1306,1085,1286,-1,1286,1085,1095,-1,1286,1095,1287,-1,1287,1095,1290,-1,1290,1095,1094,-1,1290,1094,1291,-1,1291,1094,1293,-1,1293,1094,1093,-1,1293,1093,1294,-1,1299,1301,1785,-1,1785,1301,1303,-1,1785,1303,1765,-1,1765,1303,1311,-1,1765,1311,1310,-1,1297,1786,1295,-1,1295,1786,1268,-1,1273,1271,1787,-1,1787,1271,1786,-1,1786,1271,1269,-1,1786,1269,1268,-1,1283,1255,1788,-1,1788,1255,1274,-1,1788,1274,1273,-1,1281,1283,1356,-1,1356,1283,1788,-1,1356,1788,1341,-1,1341,1788,1789,-1,1341,1789,1362,-1,1764,1360,1790,-1,1790,1360,1358,-1,1790,1358,1357,-1,1332,1791,1330,-1,1330,1791,1792,-1,1330,1792,1324,-1,1793,1370,1792,-1,1792,1370,1325,-1,1792,1325,1324,-1,1376,1374,1021,-1,1021,1374,1372,-1,1021,1372,1022,-1,1376,1021,1390,-1,1390,1021,1024,-1,1390,1024,1392,-1,1392,1024,1394,-1,1394,1024,1023,-1,1394,1023,1396,-1,1396,1023,1398,-1,1398,1023,1055,-1,1398,1055,1399,-1,1399,1055,1379,-1,1379,1055,1054,-1,1379,1054,1381,-1,1794,1385,1795,-1,1795,1385,1383,-1,1795,1383,1381,-1,1347,1365,1796,-1,1365,1367,1796,-1,1796,1367,1388,-1,1796,1388,1794,-1,1794,1388,1387,-1,1794,1387,1385,-1,1333,1348,1797,-1,1797,1348,1338,-1,1797,1338,1798,-1,1798,1338,1344,-1,1798,1344,1347,-1,1333,1797,1334,-1,1334,1797,1799,-1,1334,1799,1763,-1,1352,1350,1763,-1,1763,1350,1349,-1,1763,1349,1334,-1,1800,1801,1421,-1,1421,1436,1800,-1,1800,1436,1410,-1,1800,1410,1799,-1,1799,1410,1409,-1,1799,1409,1763,-1,1763,1409,1408,-1,1763,1408,1430,-1,1802,1437,1422,-1,1803,1804,1460,-1,1460,1462,1803,-1,1803,1462,1440,-1,1803,1440,1802,-1,1802,1440,1438,-1,1802,1438,1437,-1,1035,1028,1471,-1,1471,1473,1035,-1,1035,1473,1454,-1,1035,1454,1036,-1,1036,1454,1456,-1,1036,1456,1458,-1,1056,1453,1057,-1,1453,1465,1057,-1,1057,1465,1467,-1,1057,1467,1028,-1,1028,1467,1469,-1,1028,1469,1471,-1,1445,1762,1412,-1,1412,1762,1805,-1,1412,1805,1405,-1,1402,1415,1806,-1,1806,1415,1805,-1,1805,1415,1416,-1,1805,1416,1405,-1,1425,1424,1807,-1,1807,1424,1418,-1,1807,1418,1808,-1,1808,1418,1417,-1,1808,1417,1402,-1,1434,1432,1809,-1,1809,1432,1431,-1,1809,1431,1810,-1,1810,1431,1426,-1,1810,1426,1425,-1,1501,1500,1809,-1,1809,1500,1498,-1,1809,1498,1434,-1,1503,1811,1479,-1,1479,1811,1812,-1,1479,1812,1480,-1,1480,1812,1495,-1,1813,1524,1814,-1,1814,1524,1526,-1,1761,1520,1813,-1,1813,1520,1522,-1,1813,1522,1524,-1,1040,1507,1506,-1,1040,1506,1063,-1,1507,1040,1508,-1,1508,1040,1039,-1,1508,1039,1510,-1,1510,1039,1078,-1,1510,1078,1513,-1,1513,1078,1515,-1,1515,1078,1077,-1,1515,1077,1516,-1,1516,1077,1518,-1,1518,1077,1076,-1,1518,1076,1543,-1,1537,1535,1815,-1,1815,1535,1549,-1,1815,1549,1760,-1,1760,1549,1548,-1,1760,1548,1546,-1,1539,1816,1541,-1,1541,1816,1542,-1,1478,1482,1817,-1,1817,1482,1816,-1,1816,1482,1484,-1,1816,1484,1542,-1,1487,1489,1818,-1,1818,1489,1492,-1,1818,1492,1478,-1,1485,1487,1571,-1,1571,1487,1818,-1,1571,1818,1561,-1,1561,1818,1819,-1,1561,1819,1575,-1,1759,1550,1820,-1,1820,1550,1577,-1,1820,1577,1576,-1,1562,1821,1563,-1,1563,1821,1822,-1,1563,1822,1553,-1,1823,1621,1822,-1,1822,1621,1554,-1,1822,1554,1553,-1,1614,1617,1031,-1,1031,1617,1619,-1,1031,1619,1032,-1,1614,1031,1612,-1,1612,1031,1044,-1,1612,1044,1610,-1,1610,1044,1608,-1,1608,1044,1043,-1,1608,1043,1606,-1,1606,1043,1604,-1,1604,1043,1067,-1,1604,1067,1590,-1,1590,1067,1588,-1,1588,1067,1066,-1,1588,1066,1586,-1,1824,1582,1825,-1,1825,1582,1584,-1,1825,1584,1586,-1,1558,1593,1826,-1,1593,1594,1826,-1,1826,1594,1578,-1,1826,1578,1824,-1,1824,1578,1580,-1,1824,1580,1582,-1,1572,1595,1827,-1,1827,1595,1597,-1,1827,1597,1828,-1,1828,1597,1596,-1,1828,1596,1558,-1,1572,1827,1573,-1,1573,1827,1771,-1,1573,1771,1768,-1,1768,1771,1201,-1,1768,1201,1198,-1,1228,1599,1768,-1,1768,1599,1598,-1,1768,1598,1573,-1,1273,1787,1788,-1,1788,1787,1790,-1,1788,1790,1789,-1,1789,1790,1357,-1,1789,1357,1362,-1,1189,1777,1780,-1,1780,1777,1781,-1,1780,1781,1779,-1,1779,1781,1252,-1,1779,1252,1253,-1,1478,1817,1818,-1,1818,1817,1820,-1,1818,1820,1819,-1,1819,1820,1576,-1,1819,1576,1575,-1,1425,1807,1810,-1,1810,1807,1811,-1,1810,1811,1809,-1,1809,1811,1503,-1,1809,1503,1501,-1,1299,1785,1297,-1,1297,1785,1829,-1,1297,1829,1786,-1,1786,1829,1830,-1,1786,1830,1787,-1,1787,1830,1831,-1,1787,1831,1790,-1,1790,1831,1791,-1,1790,1791,1764,-1,1764,1791,1332,-1,1764,1332,1361,-1,1174,1776,1778,-1,1778,1776,1832,-1,1778,1832,1777,-1,1777,1832,1833,-1,1777,1833,1781,-1,1781,1833,1784,-1,1781,1784,1782,-1,1782,1784,1313,-1,1782,1313,1260,-1,1558,1826,1828,-1,1828,1826,1834,-1,1828,1834,1827,-1,1827,1834,1835,-1,1827,1835,1771,-1,1771,1835,1836,-1,1771,1836,1769,-1,1769,1836,1772,-1,1769,1772,1770,-1,1770,1772,1176,-1,1770,1176,1175,-1,1537,1815,1539,-1,1539,1815,1837,-1,1539,1837,1816,-1,1816,1837,1838,-1,1816,1838,1817,-1,1817,1838,1839,-1,1817,1839,1820,-1,1820,1839,1821,-1,1820,1821,1759,-1,1759,1821,1562,-1,1759,1562,1551,-1,1402,1806,1808,-1,1808,1806,1840,-1,1808,1840,1807,-1,1807,1840,1841,-1,1807,1841,1811,-1,1811,1841,1814,-1,1811,1814,1812,-1,1812,1814,1526,-1,1812,1526,1495,-1,1347,1796,1798,-1,1798,1796,1842,-1,1798,1842,1797,-1,1797,1842,1843,-1,1797,1843,1799,-1,1799,1843,1844,-1,1799,1844,1800,-1,1800,1844,1802,-1,1800,1802,1801,-1,1801,1802,1422,-1,1801,1422,1421,-1,1294,1093,1267,-1,1267,1093,1049,-1,1267,1049,1765,-1,1765,1049,1048,-1,1765,1048,1785,-1,1785,1048,1052,-1,1785,1052,1829,-1,1829,1052,1051,-1,1829,1051,1830,-1,1830,1051,1050,-1,1830,1050,1831,-1,1831,1050,1034,-1,1831,1034,1791,-1,1791,1034,1033,-1,1791,1033,1792,-1,1792,1033,1022,-1,1792,1022,1793,-1,1793,1022,1372,-1,1793,1372,1370,-1,1242,1072,1244,-1,1244,1072,1071,-1,1244,1071,1767,-1,1767,1071,1047,-1,1767,1047,1775,-1,1775,1047,1046,-1,1775,1046,1776,-1,1776,1046,1075,-1,1776,1075,1832,-1,1832,1075,1074,-1,1832,1074,1833,-1,1833,1074,1092,-1,1833,1092,1784,-1,1784,1092,1091,-1,1784,1091,1783,-1,1783,1091,1090,-1,1783,1090,1766,-1,1766,1090,1278,-1,1766,1278,1321,-1,1586,1066,1825,-1,1825,1066,1084,-1,1825,1084,1824,-1,1824,1084,1083,-1,1824,1083,1826,-1,1826,1083,1082,-1,1826,1082,1834,-1,1834,1082,1089,-1,1834,1089,1835,-1,1835,1089,1088,-1,1835,1088,1836,-1,1836,1088,1087,-1,1836,1087,1772,-1,1772,1087,1070,-1,1772,1070,1773,-1,1773,1070,1069,-1,1773,1069,1774,-1,1774,1069,1214,-1,1774,1214,1212,-1,1543,1076,1544,-1,1544,1076,1030,-1,1544,1030,1760,-1,1760,1030,1029,-1,1760,1029,1815,-1,1815,1029,1042,-1,1815,1042,1837,-1,1837,1042,1041,-1,1837,1041,1838,-1,1838,1041,1081,-1,1838,1081,1839,-1,1839,1081,1080,-1,1839,1080,1821,-1,1821,1080,1079,-1,1821,1079,1822,-1,1822,1079,1032,-1,1822,1032,1823,-1,1823,1032,1619,-1,1823,1619,1621,-1,1451,1056,1449,-1,1449,1056,1060,-1,1449,1060,1762,-1,1762,1060,1059,-1,1762,1059,1805,-1,1805,1059,1058,-1,1805,1058,1806,-1,1806,1058,1062,-1,1806,1062,1840,-1,1840,1062,1061,-1,1840,1061,1841,-1,1841,1061,1065,-1,1841,1065,1814,-1,1814,1065,1064,-1,1814,1064,1813,-1,1813,1064,1063,-1,1813,1063,1761,-1,1761,1063,1506,-1,1761,1506,1531,-1,1381,1054,1795,-1,1795,1054,1053,-1,1795,1053,1794,-1,1794,1053,1027,-1,1794,1027,1796,-1,1796,1027,1026,-1,1796,1026,1842,-1,1842,1026,1025,-1,1842,1025,1843,-1,1843,1025,1020,-1,1843,1020,1844,-1,1844,1020,1038,-1,1844,1038,1802,-1,1802,1038,1037,-1,1802,1037,1803,-1,1803,1037,1036,-1,1803,1036,1804,-1,1804,1036,1458,-1,1804,1458,1460,-1,1005,1845,1846,-1,652,656,1847,-1,1847,656,655,-1,1847,655,1848,-1,1848,655,658,-1,1848,658,657,-1,1847,1849,652,-1,652,1849,1850,-1,652,1850,653,-1,653,1850,1851,-1,653,1851,647,-1,647,1851,1852,-1,647,1852,648,-1,1852,1853,648,-1,648,1853,1854,-1,648,1854,649,-1,649,1854,1855,-1,641,645,1856,-1,1856,645,644,-1,1856,644,1855,-1,1855,644,650,-1,1855,650,649,-1,642,1857,635,-1,635,1857,1858,-1,1859,638,1858,-1,1858,638,636,-1,1858,636,635,-1,1015,1019,1860,-1,1860,1019,1018,-1,1860,1018,1861,-1,1861,1018,1017,-1,1861,1017,754,-1,1860,1862,1015,-1,1015,1862,1863,-1,1015,1863,1016,-1,1016,1863,1864,-1,1016,1864,1010,-1,1010,1864,1865,-1,1010,1865,1011,-1,1865,1866,1011,-1,1011,1866,1867,-1,1011,1867,1012,-1,1012,1867,1845,-1,1012,1845,1013,-1,1013,1845,1005,-1,1868,1007,1846,-1,1846,1007,1006,-1,1846,1006,1005,-1,1001,999,1869,-1,1869,999,998,-1,1869,998,1868,-1,1868,998,1008,-1,1868,1008,1007,-1,1870,1871,1872,-1,1872,1871,1873,-1,1872,1873,1874,-1,1874,1873,1875,-1,1876,1877,1878,-1,1878,1877,1879,-1,1878,1879,1880,-1,1880,1879,1881,-1,1882,1883,1884,-1,1884,1883,1885,-1,1884,1885,1886,-1,1886,1885,1887,-1,1888,1889,1890,-1,1890,1889,1891,-1,1890,1891,1892,-1,1892,1891,1893,-1,1894,1895,1896,-1,1896,1895,1897,-1,1896,1897,1898,-1,1898,1897,1899,-1,1900,1901,1902,-1,1902,1901,1903,-1,1902,1903,1904,-1,1904,1903,1905,-1,1904,1905,1906,-1,1907,1908,1909,-1,1909,1908,1910,-1,1909,1910,1911,-1,1911,1910,1912,-1,1913,1914,1915,-1,1915,1914,1916,-1,1915,1916,1917,-1,1917,1916,1918,-1,1919,1920,1921,-1,1921,1920,1922,-1,1921,1922,1923,-1,1923,1922,1924,-1,1925,1926,1927,-1,1927,1926,1928,-1,1927,1928,1929,-1,1929,1928,1930,-1,1931,1932,1933,-1,1933,1932,1934,-1,1933,1934,1935,-1,1935,1934,1936,-1,1937,1938,1939,-1,1939,1938,1940,-1,1939,1940,1941,-1,1941,1940,1942,-1,1943,1944,1945,-1,1945,1944,1946,-1,1945,1946,1947,-1,1947,1946,1948,-1,1949,1950,1951,-1,1951,1950,1952,-1,1951,1952,1953,-1,1953,1952,1954,-1,1955,1956,1957,-1,1957,1956,1958,-1,1957,1958,1959,-1,1959,1958,1960,-1,1961,1962,1963,-1,1963,1962,1964,-1,1963,1964,1965,-1,1965,1964,1966,-1,1967,1968,1969,-1,1969,1968,1970,-1,1969,1970,1971,-1,1971,1970,1972,-1,1973,1974,1975,-1,1975,1974,1976,-1,1975,1976,1977,-1,1977,1976,1978,-1,1979,1980,1981,-1,1981,1980,1982,-1,1981,1982,1983,-1,1983,1982,1984,-1,1985,1986,1987,-1,1987,1986,1988,-1,1987,1988,1989,-1,1989,1988,1990,-1,1991,1992,1993,-1,1993,1992,1994,-1,1993,1994,1995,-1,1995,1994,1996,-1,1997,1998,1999,-1,1999,1998,2000,-1,1999,2000,2001,-1,2001,2000,2002,-1,2003,2004,2005,-1,2005,2004,2006,-1,2005,2006,2007,-1,2007,2006,2008,-1,2009,2010,2011,-1,2011,2010,2012,-1,2011,2012,2013,-1,2013,2012,2014,-1,2015,2016,2017,-1,2017,2016,2018,-1,2017,2018,2019,-1,2019,2018,2020,-1,2021,2022,2023,-1,2023,2022,2024,-1,2023,2024,2025,-1,2025,2024,2026,-1,2027,2028,2029,-1,2029,2028,2030,-1,2029,2030,2031,-1,2031,2030,2032,-1,2033,2034,2035,-1,2035,2034,2036,-1,2035,2036,2037,-1,2037,2036,2038,-1,2039,2040,2041,-1,2041,2040,2042,-1,2041,2042,2043,-1,2043,2042,2044,-1,2045,2046,2047,-1,2047,2046,2048,-1,2047,2048,2049,-1,2049,2048,2050,-1,2051,2052,2053,-1,2053,2052,2054,-1,2053,2054,2055,-1,2056,2057,2058,-1,2058,2057,2059,-1,2058,2059,2060,-1,2060,2059,2061,-1,2060,2061,2062,-1,2063,2064,2065,-1,2065,2064,2066,-1,2065,2066,2067,-1,2067,2066,2068,-1,2069,2070,2071,-1,2071,2070,2072,-1,2071,2072,2073,-1,2074,2075,2076,-1,2076,2075,2077,-1,2076,2077,2078,-1,2078,2077,2079,-1,2080,2081,1869,-1,1869,2081,2082,-1,1869,2082,1001,-1,2080,2083,2081,-1,2081,2083,2084,-1,2081,2084,2085,-1,2085,2084,2086,-1,2085,2086,2087,-1,1867,2088,1845,-1,1845,2088,2089,-1,1845,2089,1846,-1,1846,2089,2090,-1,1846,2090,1868,-1,1868,2090,2091,-1,1868,2091,1869,-1,1869,2091,2092,-1,1869,2092,2080,-1,2093,1856,2094,-1,2094,1856,1855,-1,2094,1855,2095,-1,2095,1855,1854,-1,2093,2096,1856,-1,1856,2096,1857,-1,1856,1857,641,-1,641,1857,642,-1,2097,1858,2098,-1,2098,1858,1857,-1,2098,1857,2099,-1,2099,1857,2096,-1,2097,2100,1858,-1,1858,2100,1871,-1,1858,1871,1859,-1,1859,1871,1870,-1,2101,1873,2102,-1,2102,1873,1871,-1,2102,1871,2103,-1,2103,1871,2100,-1,2101,2104,1873,-1,1873,2104,1877,-1,1873,1877,1875,-1,1875,1877,1876,-1,2105,1879,2106,-1,2106,1879,1877,-1,2106,1877,2107,-1,2107,1877,2104,-1,2105,2108,1879,-1,1879,2108,1883,-1,1879,1883,1881,-1,1881,1883,1882,-1,2109,1885,2110,-1,2110,1885,1883,-1,2110,1883,2111,-1,2111,1883,2108,-1,2109,2112,1885,-1,1885,2112,1889,-1,1885,1889,1887,-1,1887,1889,1888,-1,2113,1891,2114,-1,2114,1891,1889,-1,2114,1889,2115,-1,2115,1889,2112,-1,2113,2116,1891,-1,1891,2116,1895,-1,1891,1895,1893,-1,1893,1895,1894,-1,2117,1897,2118,-1,2118,1897,1895,-1,2118,1895,2119,-1,2119,1895,2116,-1,2117,2120,1897,-1,1897,2120,1904,-1,1897,1904,1899,-1,1899,1904,1906,-1,2121,1902,2122,-1,2122,1902,1904,-1,2122,1904,2123,-1,2123,1904,2120,-1,2121,2124,1902,-1,1902,2124,1908,-1,1902,1908,1900,-1,1900,1908,1907,-1,2125,1910,2126,-1,2126,1910,1908,-1,2126,1908,2127,-1,2127,1908,2124,-1,2125,2128,1910,-1,1910,2128,1914,-1,1910,1914,1912,-1,1912,1914,1913,-1,2129,1916,2130,-1,2130,1916,1914,-1,2130,1914,2131,-1,2131,1914,2128,-1,2129,2132,1916,-1,1916,2132,1920,-1,1916,1920,1918,-1,1918,1920,1919,-1,2133,1922,2134,-1,2134,1922,1920,-1,2134,1920,2135,-1,2135,1920,2132,-1,2133,2136,1922,-1,1922,2136,1926,-1,1922,1926,1924,-1,1924,1926,1925,-1,2137,1928,2138,-1,2138,1928,1926,-1,2138,1926,2139,-1,2139,1926,2136,-1,2137,2140,1928,-1,1928,2140,1932,-1,1928,1932,1930,-1,1930,1932,1931,-1,2141,1934,2142,-1,2142,1934,1932,-1,2142,1932,2143,-1,2143,1932,2140,-1,2141,2144,1934,-1,1934,2144,1938,-1,1934,1938,1936,-1,1936,1938,1937,-1,2145,1940,2146,-1,2146,1940,1938,-1,2146,1938,2147,-1,2147,1938,2144,-1,2145,2148,1940,-1,1940,2148,1944,-1,1940,1944,1942,-1,1942,1944,1943,-1,2149,1946,2150,-1,2150,1946,1944,-1,2150,1944,2151,-1,2151,1944,2148,-1,2149,2152,1946,-1,1946,2152,1950,-1,1946,1950,1948,-1,1948,1950,1949,-1,2153,1952,2154,-1,2154,1952,1950,-1,2154,1950,2155,-1,2155,1950,2152,-1,2153,2156,1952,-1,1952,2156,1956,-1,1952,1956,1954,-1,1954,1956,1955,-1,2157,1958,2158,-1,2158,1958,1956,-1,2158,1956,2159,-1,2159,1956,2156,-1,2157,2160,1958,-1,1958,2160,1962,-1,1958,1962,1960,-1,1960,1962,1961,-1,2161,1964,2162,-1,2162,1964,1962,-1,2162,1962,2163,-1,2163,1962,2160,-1,2161,2164,1964,-1,1964,2164,1968,-1,1964,1968,1966,-1,1966,1968,1967,-1,2165,1970,2166,-1,2166,1970,1968,-1,2166,1968,2167,-1,2167,1968,2164,-1,2165,2168,1970,-1,1970,2168,1974,-1,1970,1974,1972,-1,1972,1974,1973,-1,2169,1976,2170,-1,2170,1976,1974,-1,2170,1974,2171,-1,2171,1974,2168,-1,2169,2172,1976,-1,1976,2172,1980,-1,1976,1980,1978,-1,1978,1980,1979,-1,2173,1982,2174,-1,2174,1982,1980,-1,2174,1980,2175,-1,2175,1980,2172,-1,2173,2176,1982,-1,1982,2176,1986,-1,1982,1986,1984,-1,1984,1986,1985,-1,2177,1988,2178,-1,2178,1988,1986,-1,2178,1986,2179,-1,2179,1986,2176,-1,2177,2180,1988,-1,1988,2180,1992,-1,1988,1992,1990,-1,1990,1992,1991,-1,2181,1994,2182,-1,2182,1994,1992,-1,2182,1992,2183,-1,2183,1992,2180,-1,2181,2184,1994,-1,1994,2184,1998,-1,1994,1998,1996,-1,1996,1998,1997,-1,2185,2000,2186,-1,2186,2000,1998,-1,2186,1998,2187,-1,2187,1998,2184,-1,2185,2188,2000,-1,2000,2188,2004,-1,2000,2004,2002,-1,2002,2004,2003,-1,2189,2006,2190,-1,2190,2006,2004,-1,2190,2004,2191,-1,2191,2004,2188,-1,2189,2192,2006,-1,2006,2192,2010,-1,2006,2010,2008,-1,2008,2010,2009,-1,2193,2012,2194,-1,2194,2012,2010,-1,2194,2010,2195,-1,2195,2010,2192,-1,2193,2196,2012,-1,2012,2196,2016,-1,2012,2016,2014,-1,2014,2016,2015,-1,2197,2018,2198,-1,2198,2018,2016,-1,2198,2016,2199,-1,2199,2016,2196,-1,2197,2200,2018,-1,2018,2200,2022,-1,2018,2022,2020,-1,2020,2022,2021,-1,2201,2024,2202,-1,2202,2024,2022,-1,2202,2022,2203,-1,2203,2022,2200,-1,2201,2204,2024,-1,2024,2204,2028,-1,2024,2028,2026,-1,2026,2028,2027,-1,2205,2030,2206,-1,2206,2030,2028,-1,2206,2028,2207,-1,2207,2028,2204,-1,2205,2208,2030,-1,2030,2208,2034,-1,2030,2034,2032,-1,2032,2034,2033,-1,2209,2036,2210,-1,2210,2036,2034,-1,2210,2034,2211,-1,2211,2034,2208,-1,2209,2212,2036,-1,2036,2212,2040,-1,2036,2040,2038,-1,2038,2040,2039,-1,2213,2042,2214,-1,2214,2042,2040,-1,2214,2040,2215,-1,2215,2040,2212,-1,2213,2216,2042,-1,2042,2216,2046,-1,2042,2046,2044,-1,2044,2046,2045,-1,2217,2048,2218,-1,2218,2048,2046,-1,2218,2046,2219,-1,2219,2046,2216,-1,2217,2220,2048,-1,2048,2220,2055,-1,2048,2055,2050,-1,2050,2055,2054,-1,2221,2053,2222,-1,2222,2053,2055,-1,2222,2055,2223,-1,2223,2055,2220,-1,2221,2224,2053,-1,2053,2224,2060,-1,2053,2060,2051,-1,2051,2060,2062,-1,2225,2058,2226,-1,2226,2058,2060,-1,2226,2060,2227,-1,2227,2060,2224,-1,2225,2228,2058,-1,2058,2228,2064,-1,2058,2064,2056,-1,2056,2064,2063,-1,2229,2066,2230,-1,2230,2066,2064,-1,2230,2064,2231,-1,2231,2064,2228,-1,2229,2232,2066,-1,2066,2232,2073,-1,2066,2073,2068,-1,2068,2073,2072,-1,2233,2071,2234,-1,2234,2071,2073,-1,2234,2073,2235,-1,2235,2073,2232,-1,2233,2236,2071,-1,2071,2236,2075,-1,2071,2075,2069,-1,2069,2075,2074,-1,2237,2077,2238,-1,2238,2077,2075,-1,2238,2075,2239,-1,2239,2075,2236,-1,2237,2240,2077,-1,2077,2240,2085,-1,2077,2085,2079,-1,2079,2085,2087,-1,2240,2241,2085,-1,2085,2241,2242,-1,2085,2242,2081,-1,2081,2242,2243,-1,2081,2243,2082,-1,870,869,2244,-1,886,885,2245,-1,919,918,2194,-1,2246,2247,723,-1,726,725,2247,-1,2247,725,724,-1,2247,724,723,-1,2248,2249,722,-1,722,721,2248,-1,2248,721,719,-1,2248,719,726,-1,2250,717,2249,-1,2249,717,716,-1,716,714,2249,-1,2249,714,713,-1,2249,713,722,-1,707,709,2251,-1,2251,709,712,-1,2251,712,2250,-1,2250,712,711,-1,2250,711,717,-1,704,703,2252,-1,2252,703,702,-1,2252,702,2251,-1,2251,702,705,-1,2251,705,707,-1,704,2252,700,-1,700,2252,2253,-1,700,2253,701,-1,695,698,2253,-1,2253,698,697,-1,2253,697,701,-1,2253,2100,2097,-1,2253,2097,695,-1,695,2097,2098,-1,695,2098,693,-1,2094,689,688,-1,2094,688,2093,-1,688,686,2093,-1,2093,686,684,-1,2093,684,2096,-1,2096,684,683,-1,2096,683,2099,-1,2099,683,690,-1,2099,690,2098,-1,2098,690,692,-1,2098,692,693,-1,689,2094,678,-1,678,2094,2095,-1,678,2095,679,-1,679,2095,1854,-1,679,1854,681,-1,1852,676,1853,-1,1853,676,674,-1,1853,674,1854,-1,1854,674,682,-1,1854,682,681,-1,1850,669,1851,-1,1851,669,668,-1,1851,668,1852,-1,1852,668,677,-1,1852,677,676,-1,1849,672,1850,-1,1850,672,671,-1,1850,671,669,-1,657,666,1848,-1,1848,666,667,-1,1848,667,1847,-1,1847,667,659,-1,1847,659,1849,-1,1849,659,661,-1,1849,661,672,-1,2243,2242,996,-1,996,994,2243,-1,2243,994,993,-1,2243,993,2082,-1,2082,993,1002,-1,2082,1002,1001,-1,2241,2240,990,-1,990,728,2241,-1,2241,728,727,-1,2241,727,2242,-1,2242,727,997,-1,2242,997,996,-1,2238,985,2237,-1,2237,985,992,-1,2237,992,2240,-1,2240,992,991,-1,2240,991,990,-1,2236,989,2239,-1,2239,989,988,-1,2239,988,2238,-1,2238,988,986,-1,2238,986,985,-1,2233,981,2236,-1,2236,981,980,-1,2236,980,989,-1,2235,2232,977,-1,977,731,2235,-1,2235,731,730,-1,2235,730,2234,-1,2234,730,984,-1,2234,984,2233,-1,2233,984,983,-1,2233,983,981,-1,2228,733,976,-1,2228,976,2231,-1,976,975,2231,-1,2231,975,973,-1,2231,973,2230,-1,2230,973,972,-1,2230,972,2229,-1,2229,972,979,-1,2229,979,2232,-1,2232,979,978,-1,2232,978,977,-1,733,2228,734,-1,734,2228,2225,-1,734,2225,969,-1,969,2225,970,-1,970,2225,2226,-1,970,2226,971,-1,971,2226,2227,-1,971,2227,964,-1,964,2227,2224,-1,964,2224,965,-1,2220,963,2223,-1,2223,963,962,-1,2223,962,2222,-1,962,960,2222,-1,2222,960,959,-1,2222,959,2221,-1,2221,959,968,-1,2221,968,2224,-1,2224,968,967,-1,2224,967,965,-1,2218,958,2217,-1,2217,958,957,-1,2217,957,2220,-1,2220,957,956,-1,2220,956,963,-1,737,736,2216,-1,2216,736,2219,-1,2219,736,953,-1,2219,953,2218,-1,2218,953,955,-1,2218,955,958,-1,2214,952,2213,-1,2213,952,951,-1,2213,951,2216,-1,2216,951,950,-1,2216,950,737,-1,2212,948,2215,-1,2215,948,946,-1,2215,946,2214,-1,2214,946,945,-1,2214,945,952,-1,2210,740,2209,-1,2209,740,739,-1,2209,739,2212,-1,2212,739,949,-1,2212,949,948,-1,938,937,2208,-1,2208,937,944,-1,2208,944,2211,-1,2211,944,943,-1,2211,943,2210,-1,2210,943,942,-1,2210,942,740,-1,938,2208,940,-1,940,2208,2205,-1,940,2205,941,-1,941,2205,2206,-1,941,2206,742,-1,742,2206,743,-1,743,2206,2207,-1,743,2207,934,-1,934,2207,935,-1,935,2207,2204,-1,935,2204,936,-1,936,2204,2201,-1,936,2201,929,-1,929,2201,2202,-1,929,2202,930,-1,2197,2198,928,-1,928,927,2197,-1,2197,927,925,-1,2197,925,2200,-1,2200,925,924,-1,2200,924,2203,-1,2203,924,933,-1,2203,933,2202,-1,2202,933,932,-1,2202,932,930,-1,2199,746,2198,-1,2198,746,745,-1,2198,745,928,-1,918,917,2194,-1,2194,917,916,-1,2194,916,2193,-1,2193,916,923,-1,2193,923,2196,-1,2196,923,922,-1,2196,922,2199,-1,2199,922,921,-1,2199,921,746,-1,2194,2195,919,-1,919,2195,2254,-1,919,2254,920,-1,909,2254,2255,-1,909,907,2254,-1,2254,907,906,-1,2254,906,920,-1,913,912,2255,-1,2255,912,911,-1,2255,911,909,-1,903,914,2256,-1,2256,914,913,-1,898,905,2257,-1,2257,905,2256,-1,2256,905,904,-1,2256,904,903,-1,902,901,2258,-1,2258,901,900,-1,2258,900,2257,-1,2257,900,899,-1,2257,899,898,-1,2259,893,2258,-1,2258,893,892,-1,2258,892,902,-1,888,887,2260,-1,2260,887,896,-1,2260,896,2259,-1,2259,896,895,-1,2259,895,893,-1,883,882,2261,-1,2261,882,891,-1,2261,891,2260,-1,2260,891,890,-1,2260,890,888,-1,2245,885,2261,-1,2261,885,884,-1,2261,884,883,-1,880,879,2262,-1,2262,879,877,-1,2262,877,2245,-1,2245,877,876,-1,2245,876,886,-1,880,2262,871,-1,871,2262,2263,-1,871,2263,872,-1,749,748,2264,-1,2264,748,875,-1,2264,875,2263,-1,2263,875,874,-1,2263,874,872,-1,2244,869,2264,-1,2264,869,868,-1,2264,868,749,-1,2265,866,864,-1,2265,864,2244,-1,2244,864,863,-1,2244,863,870,-1,2266,860,2265,-1,2265,860,867,-1,2265,867,866,-1,2267,862,2266,-1,2266,862,861,-1,2266,861,860,-1,2268,858,2267,-1,2267,858,857,-1,857,855,2267,-1,2267,855,854,-1,2267,854,862,-1,849,853,2269,-1,2269,853,852,-1,2269,852,2268,-1,2268,852,851,-1,2268,851,858,-1,844,843,2270,-1,2270,843,2269,-1,2269,843,850,-1,2269,850,849,-1,841,840,2271,-1,2271,840,847,-1,2271,847,2270,-1,2270,847,846,-1,2270,846,844,-1,841,2271,842,-1,842,2271,2272,-1,842,2272,839,-1,832,830,2273,-1,2273,830,829,-1,2273,829,2272,-1,2272,829,837,-1,2272,837,839,-1,2274,834,2273,-1,2273,834,833,-1,2273,833,832,-1,2275,826,2274,-1,2274,826,828,-1,828,836,2274,-1,2274,836,835,-1,2274,835,834,-1,824,823,2276,-1,2276,823,752,-1,2276,752,2275,-1,2275,752,751,-1,2275,751,826,-1,824,2276,825,-1,825,2276,2277,-1,825,2277,761,-1,2100,2253,2103,-1,2103,2253,2252,-1,2103,2252,2102,-1,2102,2252,2101,-1,2101,2252,2251,-1,2101,2251,2104,-1,2104,2251,2107,-1,2107,2251,2250,-1,2107,2250,2106,-1,2106,2250,2105,-1,2105,2250,2249,-1,2105,2249,2108,-1,2108,2249,2111,-1,2111,2249,2248,-1,2111,2248,2110,-1,726,2247,2248,-1,2248,2247,2109,-1,2248,2109,2110,-1,2246,2115,2247,-1,2247,2115,2112,-1,2247,2112,2109,-1,2278,2113,2246,-1,2246,2113,2114,-1,2246,2114,2115,-1,2117,2118,2279,-1,2279,2118,2119,-1,2279,2119,2278,-1,2278,2119,2116,-1,2278,2116,2113,-1,2120,2280,2123,-1,2123,2280,2281,-1,2127,2124,2282,-1,2282,2124,2121,-1,2282,2121,2281,-1,2281,2121,2122,-1,2281,2122,2123,-1,2126,2283,2125,-1,2125,2283,2284,-1,2129,2130,2285,-1,2285,2130,2131,-1,2285,2131,2284,-1,2284,2131,2128,-1,2284,2128,2125,-1,2132,2286,2135,-1,2135,2286,2287,-1,2139,2136,2288,-1,2288,2136,2133,-1,2288,2133,2287,-1,2287,2133,2134,-1,2287,2134,2135,-1,2138,2289,2137,-1,2137,2289,2290,-1,2137,2290,2140,-1,2140,2290,2143,-1,2143,2290,2277,-1,2143,2277,2142,-1,2142,2277,2141,-1,2141,2277,2276,-1,2141,2276,2144,-1,2144,2276,2147,-1,2147,2276,2275,-1,2147,2275,2146,-1,2146,2275,2145,-1,2145,2275,2274,-1,2145,2274,2148,-1,2148,2274,2151,-1,2151,2274,2273,-1,2151,2273,2150,-1,2150,2273,2149,-1,2149,2273,2272,-1,2149,2272,2152,-1,2152,2272,2155,-1,2155,2272,2271,-1,2155,2271,2154,-1,2154,2271,2153,-1,2153,2271,2270,-1,2153,2270,2156,-1,2156,2270,2159,-1,2159,2270,2269,-1,2159,2269,2158,-1,2158,2269,2157,-1,2157,2269,2268,-1,2157,2268,2160,-1,2160,2268,2163,-1,2163,2268,2267,-1,2163,2267,2162,-1,2162,2267,2161,-1,2161,2267,2266,-1,2161,2266,2164,-1,2164,2266,2167,-1,2167,2266,2265,-1,2167,2265,2166,-1,2166,2265,2165,-1,2165,2265,2244,-1,2165,2244,2168,-1,2168,2244,2171,-1,2171,2244,2264,-1,2171,2264,2170,-1,2170,2264,2169,-1,2169,2264,2263,-1,2169,2263,2172,-1,2172,2263,2175,-1,2175,2263,2262,-1,2175,2262,2174,-1,2174,2262,2173,-1,2173,2262,2245,-1,2173,2245,2176,-1,2176,2245,2179,-1,2179,2245,2261,-1,2179,2261,2178,-1,2178,2261,2177,-1,2177,2261,2260,-1,2177,2260,2180,-1,2180,2260,2183,-1,2183,2260,2259,-1,2183,2259,2182,-1,2182,2259,2181,-1,2181,2259,2258,-1,2181,2258,2184,-1,2184,2258,2187,-1,2187,2258,2257,-1,2187,2257,2186,-1,2186,2257,2185,-1,2185,2257,2256,-1,2185,2256,2188,-1,913,2255,2256,-1,2256,2255,2191,-1,2256,2191,2188,-1,2195,2192,2254,-1,2254,2192,2189,-1,2254,2189,2255,-1,2255,2189,2190,-1,2255,2190,2191,-1,1644,2279,1645,-1,1645,2279,2278,-1,1645,2278,1646,-1,1646,2278,2246,-1,1646,2246,1647,-1,1647,2246,723,-1,1644,1624,2279,-1,2279,1624,2280,-1,2279,2280,2117,-1,2117,2280,2120,-1,1628,2282,1627,-1,1627,2282,2281,-1,1627,2281,1626,-1,1626,2281,2280,-1,1626,2280,1625,-1,1625,2280,1624,-1,1628,1633,2282,-1,2282,1633,2283,-1,2282,2283,2127,-1,2127,2283,2126,-1,1629,2285,1630,-1,1630,2285,2284,-1,1630,2284,1631,-1,1631,2284,2283,-1,1631,2283,1632,-1,1632,2283,1633,-1,1629,1641,2285,-1,2285,1641,2286,-1,2285,2286,2129,-1,2129,2286,2132,-1,1637,2288,1638,-1,1638,2288,2287,-1,1638,2287,1639,-1,1639,2287,2286,-1,1639,2286,1640,-1,1640,2286,1641,-1,1637,1636,2288,-1,2288,1636,2289,-1,2288,2289,2139,-1,2139,2289,2138,-1,1636,1635,2289,-1,2289,1635,1634,-1,2289,1634,2290,-1,2290,1634,1643,-1,2290,1643,2277,-1,2277,1643,1642,-1,2277,1642,761,-1,2087,2086,2291,-1,2078,2079,2292,-1,2074,2076,2293,-1,2070,2069,2294,-1,2068,2072,2295,-1,2065,2067,2296,-1,2056,2063,2297,-1,2059,2057,2298,-1,2062,2061,2299,-1,2052,2051,2300,-1,2041,2043,2301,-1,2038,2039,2302,-1,2035,2037,2303,-1,2032,2033,2304,-1,2029,2031,2305,-1,2026,2027,2306,-1,2023,2025,2307,-1,2020,2021,2308,-1,2017,2019,2309,-1,2014,2015,2310,-1,2011,2013,2311,-1,2008,2009,2312,-1,2005,2007,2313,-1,2002,2003,2314,-1,1999,2001,2315,-1,1996,1997,2316,-1,1993,1995,2317,-1,1990,1991,2318,-1,1987,1989,2319,-1,1984,1985,2320,-1,1981,1983,2321,-1,1978,1979,2322,-1,1975,1977,2323,-1,1972,1973,2324,-1,1969,1971,2325,-1,1966,1967,2326,-1,1963,1965,2327,-1,1960,1961,2328,-1,1957,1959,2329,-1,1954,1955,2330,-1,1951,1953,2331,-1,1948,1949,2332,-1,1654,1653,2299,-1,1665,1664,2301,-1,1672,1671,2304,-1,1667,1666,2307,-1,808,807,2292,-1,821,820,2295,-1,819,1649,2296,-1,505,504,2318,-1,463,462,2319,-1,518,517,2322,-1,460,459,2323,-1,528,527,2325,-1,457,456,2327,-1,541,540,2329,-1,454,453,2333,-1,628,627,1875,-1,1870,1872,633,-1,633,631,1870,-1,1870,631,630,-1,1870,630,1859,-1,1859,630,639,-1,1859,639,638,-1,1875,627,1874,-1,627,433,1874,-1,1874,433,432,-1,1874,432,1872,-1,1872,432,634,-1,1872,634,633,-1,629,1878,622,-1,622,1878,623,-1,628,1875,629,-1,629,1875,1876,-1,629,1876,1878,-1,623,1878,625,-1,625,1878,1880,-1,625,1880,626,-1,626,1880,1881,-1,626,1881,617,-1,617,1881,618,-1,618,1881,1882,-1,618,1882,620,-1,620,1882,621,-1,621,1882,1884,-1,621,1884,435,-1,435,1884,1886,-1,435,1886,436,-1,436,1886,1887,-1,436,1887,614,-1,1893,438,613,-1,1893,613,1892,-1,613,612,1892,-1,1892,612,610,-1,1892,610,1890,-1,1890,610,609,-1,1890,609,1888,-1,1888,609,616,-1,1888,616,1887,-1,1887,616,615,-1,1887,615,614,-1,438,1893,439,-1,439,1893,1894,-1,439,1894,606,-1,606,1894,607,-1,607,1894,1896,-1,607,1896,608,-1,608,1896,1898,-1,608,1898,601,-1,601,1898,1899,-1,601,1899,602,-1,1901,593,600,-1,1901,600,1903,-1,600,599,1903,-1,1903,599,597,-1,1903,597,1905,-1,1905,597,596,-1,1905,596,1906,-1,1906,596,605,-1,1906,605,1899,-1,1899,605,604,-1,1899,604,602,-1,593,1901,594,-1,594,1901,1900,-1,594,1900,595,-1,595,1900,1907,-1,595,1907,589,-1,589,1907,590,-1,590,1907,1909,-1,590,1909,592,-1,592,1909,1911,-1,592,1911,584,-1,584,1911,585,-1,585,1911,1912,-1,585,1912,587,-1,587,1912,588,-1,588,1912,1913,-1,588,1913,441,-1,441,1913,1915,-1,441,1915,442,-1,442,1915,1917,-1,442,1917,581,-1,1919,576,1918,-1,1918,576,583,-1,1918,583,1917,-1,1917,583,582,-1,1917,582,581,-1,1923,580,1921,-1,1921,580,579,-1,1921,579,1919,-1,1919,579,577,-1,1919,577,576,-1,1924,1925,574,-1,574,573,1924,-1,1924,573,445,-1,1924,445,1923,-1,1923,445,444,-1,1923,444,580,-1,1929,569,1927,-1,1927,569,568,-1,1927,568,1925,-1,1925,568,575,-1,1925,575,574,-1,1931,563,1930,-1,1930,563,572,-1,1930,572,1929,-1,1929,572,571,-1,1929,571,569,-1,1935,567,1933,-1,1933,567,566,-1,1933,566,1931,-1,1931,566,564,-1,1931,564,563,-1,1936,1937,561,-1,561,560,1936,-1,1936,560,448,-1,1936,448,1935,-1,1935,448,447,-1,1935,447,567,-1,1941,556,1939,-1,1939,556,555,-1,1939,555,1937,-1,1937,555,562,-1,1937,562,561,-1,1945,1947,2333,-1,553,552,1943,-1,552,451,1943,-1,1943,451,450,-1,1943,450,1942,-1,1942,450,559,-1,1942,559,1941,-1,1941,559,558,-1,1941,558,556,-1,1943,1945,553,-1,553,1945,2333,-1,553,2333,554,-1,554,2333,453,-1,551,550,2332,-1,2332,550,549,-1,546,545,2331,-1,2331,545,544,-1,2331,544,543,-1,538,537,2330,-1,2330,537,548,-1,2330,548,547,-1,536,535,2328,-1,2328,535,533,-1,2328,533,532,-1,457,2327,529,-1,525,524,2326,-1,2326,524,531,-1,2326,531,530,-1,523,522,2324,-1,2324,522,520,-1,2324,520,519,-1,460,2323,516,-1,518,2322,511,-1,515,514,2321,-1,2321,514,512,-1,510,509,2320,-1,2320,509,507,-1,2320,507,506,-1,463,2319,503,-1,505,2318,498,-1,493,502,2317,-1,2317,502,501,-1,2317,501,499,-1,496,494,2316,-1,491,490,2315,-1,2315,490,497,-1,480,489,2314,-1,2314,489,488,-1,2314,488,492,-1,485,484,2313,-1,2313,484,483,-1,2313,483,481,-1,476,486,2312,-1,479,478,2311,-1,2311,478,477,-1,474,473,2310,-1,2310,473,472,-1,469,468,2309,-1,2309,468,466,-1,2309,466,465,-1,664,663,2308,-1,821,2295,822,-1,818,817,2294,-1,2294,817,815,-1,813,812,2293,-1,2293,812,810,-1,2293,810,809,-1,800,802,2291,-1,2291,802,803,-1,2291,803,805,-1,798,2334,796,-1,796,2334,2335,-1,796,2335,793,-1,786,795,2335,-1,2335,795,794,-1,2335,794,793,-1,783,785,2090,-1,2090,785,792,-1,2090,792,2091,-1,2091,792,791,-1,2091,791,790,-1,783,2090,781,-1,781,2090,2089,-1,781,2089,778,-1,778,2089,779,-1,779,2089,2088,-1,779,2088,780,-1,780,2088,1867,-1,780,1867,776,-1,1865,773,1866,-1,1866,773,771,-1,1866,771,1867,-1,1867,771,777,-1,1867,777,776,-1,1863,766,1864,-1,1864,766,765,-1,1864,765,1865,-1,1865,765,774,-1,1865,774,773,-1,1862,769,1863,-1,1863,769,768,-1,1863,768,766,-1,754,756,1861,-1,1861,756,758,-1,1861,758,1860,-1,1860,758,764,-1,1860,764,1862,-1,1862,764,763,-1,1862,763,769,-1,1669,1668,2306,-1,1662,1661,2303,-1,1656,2336,1657,-1,1657,2336,2337,-1,1657,2337,1658,-1,1658,2337,2338,-1,1658,2338,1659,-1,1659,2338,1660,-1,1651,1655,2298,-1,1947,1948,2333,-1,2333,1948,2332,-1,2333,2332,454,-1,454,2332,549,-1,1949,1951,2332,-1,2332,1951,2331,-1,2332,2331,551,-1,551,2331,543,-1,1953,1954,2331,-1,2331,1954,2330,-1,2331,2330,546,-1,546,2330,547,-1,1955,1957,2330,-1,2330,1957,2329,-1,2330,2329,538,-1,538,2329,540,-1,1959,1960,2329,-1,2329,1960,2328,-1,2329,2328,541,-1,541,2328,532,-1,1961,1963,2328,-1,2328,1963,2327,-1,2328,2327,536,-1,536,2327,456,-1,1965,1966,2327,-1,2327,1966,2326,-1,2327,2326,529,-1,529,2326,530,-1,1967,1969,2326,-1,2326,1969,2325,-1,2326,2325,525,-1,525,2325,527,-1,1971,1972,2325,-1,2325,1972,2324,-1,2325,2324,528,-1,528,2324,519,-1,1973,1975,2324,-1,2324,1975,2323,-1,2324,2323,523,-1,523,2323,459,-1,1977,1978,2323,-1,2323,1978,2322,-1,2323,2322,516,-1,516,2322,517,-1,1979,1981,2322,-1,2322,1981,2321,-1,2322,2321,511,-1,511,2321,512,-1,1983,1984,2321,-1,2321,1984,2320,-1,2321,2320,515,-1,515,2320,506,-1,1985,1987,2320,-1,2320,1987,2319,-1,2320,2319,510,-1,510,2319,462,-1,1989,1990,2319,-1,2319,1990,2318,-1,2319,2318,503,-1,503,2318,504,-1,1991,1993,2318,-1,2318,1993,2317,-1,2318,2317,498,-1,498,2317,499,-1,1995,1996,2317,-1,2317,1996,2316,-1,2317,2316,493,-1,493,2316,494,-1,1997,1999,2316,-1,2316,1999,2315,-1,2316,2315,496,-1,496,2315,497,-1,2001,2002,2315,-1,2315,2002,2314,-1,2315,2314,491,-1,491,2314,492,-1,2003,2005,2314,-1,2314,2005,2313,-1,2314,2313,480,-1,480,2313,481,-1,2007,2008,2313,-1,2313,2008,2312,-1,2313,2312,485,-1,485,2312,486,-1,2009,2011,2312,-1,2312,2011,2311,-1,2312,2311,476,-1,476,2311,477,-1,2013,2014,2311,-1,2311,2014,2310,-1,2311,2310,479,-1,479,2310,472,-1,2015,2017,2310,-1,2310,2017,2309,-1,2310,2309,474,-1,474,2309,465,-1,2019,2020,2309,-1,2309,2020,2308,-1,2309,2308,469,-1,469,2308,663,-1,2021,2023,2308,-1,2308,2023,2307,-1,2308,2307,664,-1,664,2307,1666,-1,2025,2026,2307,-1,2307,2026,2306,-1,2307,2306,1667,-1,1667,2306,1668,-1,2027,2029,2306,-1,2306,2029,2305,-1,2306,2305,1669,-1,1669,2305,1670,-1,2031,2032,2305,-1,2305,2032,2304,-1,2305,2304,1670,-1,1670,2304,1671,-1,2033,2035,2304,-1,2304,2035,2303,-1,2304,2303,1672,-1,1672,2303,1661,-1,2037,2038,2303,-1,2303,2038,2302,-1,2303,2302,1662,-1,1662,2302,1663,-1,2039,2041,2302,-1,2302,2041,2301,-1,2302,2301,1663,-1,1663,2301,1664,-1,2043,2044,2301,-1,2301,2044,2336,-1,2301,2336,1665,-1,1665,2336,1656,-1,2044,2045,2336,-1,2336,2045,2047,-1,2336,2047,2337,-1,2337,2047,2049,-1,2337,2049,2338,-1,2338,2049,2050,-1,2338,2050,2054,-1,2054,2052,2338,-1,2338,2052,2300,-1,2338,2300,1660,-1,1660,2300,1652,-1,2051,2062,2300,-1,2300,2062,2299,-1,2300,2299,1652,-1,1652,2299,1653,-1,2061,2059,2299,-1,2299,2059,2298,-1,2299,2298,1654,-1,1654,2298,1655,-1,2057,2056,2298,-1,2298,2056,2297,-1,2298,2297,1651,-1,1651,2297,1650,-1,2063,2065,2297,-1,2297,2065,2296,-1,2297,2296,1650,-1,1650,2296,1649,-1,2067,2068,2296,-1,2296,2068,2295,-1,2296,2295,819,-1,819,2295,820,-1,2072,2070,2295,-1,2295,2070,2294,-1,2295,2294,822,-1,822,2294,815,-1,2069,2074,2294,-1,2294,2074,2293,-1,2294,2293,818,-1,818,2293,809,-1,2076,2078,2293,-1,2293,2078,2292,-1,2293,2292,813,-1,813,2292,807,-1,2079,2087,2292,-1,2292,2087,2291,-1,2292,2291,808,-1,808,2291,805,-1,2086,2084,2291,-1,2291,2084,2334,-1,2291,2334,800,-1,800,2334,798,-1,790,787,2091,-1,2091,787,786,-1,2091,786,2092,-1,2092,786,2335,-1,2092,2335,2080,-1,2080,2335,2334,-1,2080,2334,2083,-1,2083,2334,2084,-1,2339,2340,2341,-1,2341,2340,2342,-1,2343,2344,2345,-1,2346,2347,2348,-1,2348,2347,2349,-1,2348,2349,2350,-1,2351,2352,2353,-1,2353,2352,2348,-1,2353,2348,2354,-1,2354,2348,2350,-1,2355,2356,2348,-1,2348,2356,2357,-1,2348,2357,2358,-1,2358,2359,2348,-1,2348,2359,2360,-1,2348,2360,2346,-1,2344,2341,2345,-1,2345,2341,2342,-1,2345,2342,2348,-1,2348,2342,2361,-1,2345,2362,2343,-1,2343,2362,2363,-1,2343,2363,2364,-1,2364,2363,2365,-1,2364,2365,2366,-1,2355,2367,2368,-1,2368,2367,2369,-1,2370,2371,2372,-1,2372,2371,2373,-1,2372,2373,2374,-1,2361,2375,2348,-1,2348,2375,2376,-1,2348,2376,2355,-1,2355,2376,2377,-1,2355,2377,2378,-1,2378,2379,2355,-1,2355,2379,2380,-1,2355,2380,2367,-1,2373,2381,2374,-1,2374,2381,2382,-1,2374,2382,2383,-1,2383,2382,2384,-1,2383,2384,2385,-1,2385,2384,2386,-1,2385,2386,2387,-1,2388,2389,2390,-1,2390,2389,2391,-1,2390,2391,2369,-1,2369,2391,2392,-1,2369,2392,2368,-1,2393,2394,2395,-1,2395,2394,2396,-1,2395,2396,2388,-1,2388,2396,2397,-1,2388,2397,2389,-1,2398,2399,2400,-1,2400,2399,2401,-1,2400,2401,2402,-1,2386,2403,2387,-1,2387,2403,2404,-1,2387,2404,2405,-1,2405,2404,2406,-1,2405,2406,2393,-1,2393,2406,2407,-1,2393,2407,2394,-1,2401,2408,2402,-1,2402,2408,2409,-1,2402,2409,2410,-1,2410,2409,2411,-1,2410,2411,2370,-1,2370,2411,2412,-1,2370,2412,2371,-1,2413,2414,2415,-1,2415,2414,2416,-1,2415,2416,2398,-1,2398,2416,2417,-1,2398,2417,2399,-1,2418,2419,2420,-1,2420,2419,2421,-1,2420,2421,2413,-1,2413,2421,2422,-1,2413,2422,2414,-1,2365,2423,2366,-1,2366,2423,2424,-1,2366,2424,2425,-1,2425,2424,2426,-1,2425,2426,2418,-1,2418,2426,2427,-1,2418,2427,2419,-1,2428,2429,2430,-1,2431,2432,2433,-1,2433,2432,2434,-1,2434,2435,2433,-1,2433,2435,2436,-1,2433,2436,2437,-1,2438,2439,2440,-1,2440,2439,2441,-1,2440,2441,2437,-1,2437,2441,2442,-1,2437,2442,2433,-1,2430,2436,2428,-1,2428,2436,2435,-1,2428,2435,2443,-1,2443,2435,2444,-1,2445,2446,2447,-1,2447,2446,2448,-1,2447,2448,2449,-1,2449,2448,2450,-1,2449,2450,2451,-1,2452,2453,2454,-1,2454,2453,2455,-1,2454,2455,2445,-1,2445,2455,2456,-1,2445,2456,2446,-1,2457,2458,2459,-1,2459,2458,2460,-1,2459,2460,2438,-1,2438,2460,2461,-1,2438,2461,2439,-1,2462,2463,2464,-1,2464,2463,2465,-1,2464,2465,2457,-1,2457,2465,2466,-1,2457,2466,2458,-1,2467,2468,2469,-1,2469,2468,2470,-1,2469,2470,2471,-1,2472,2473,2474,-1,2474,2473,2475,-1,2474,2475,2452,-1,2452,2475,2476,-1,2452,2476,2453,-1,2477,2478,2479,-1,2479,2478,2480,-1,2479,2480,2472,-1,2472,2480,2481,-1,2472,2481,2473,-1,2482,2483,2484,-1,2484,2483,2485,-1,2484,2485,2477,-1,2477,2485,2486,-1,2477,2486,2478,-1,2487,2488,2489,-1,2489,2488,2490,-1,2489,2490,2462,-1,2462,2490,2491,-1,2462,2491,2463,-1,2492,2493,2494,-1,2494,2493,2495,-1,2494,2495,2487,-1,2487,2495,2496,-1,2487,2496,2488,-1,2450,2497,2451,-1,2451,2497,2498,-1,2451,2498,2499,-1,2499,2498,2500,-1,2499,2500,2467,-1,2467,2500,2501,-1,2467,2501,2468,-1,2470,2502,2471,-1,2471,2502,2503,-1,2471,2503,2504,-1,2504,2503,2505,-1,2504,2505,2492,-1,2492,2505,2506,-1,2492,2506,2493,-1,2507,2508,2509,-1,2509,2508,2510,-1,2509,2510,2482,-1,2482,2510,2511,-1,2482,2511,2483,-1,2435,2512,2444,-1,2444,2512,2513,-1,2444,2513,2514,-1,2514,2513,2515,-1,2514,2515,2507,-1,2507,2515,2516,-1,2507,2516,2508,-1,2353,2434,2351,-1,2351,2434,2432,-1,2351,2432,2517,-1,2517,2432,2518,-1,2517,2518,2519,-1,2519,2518,2520,-1,2519,2520,2521,-1,2521,2520,2522,-1,2521,2522,2523,-1,2523,2522,2524,-1,2523,2524,2525,-1,2525,2524,2526,-1,2525,2526,2527,-1,2527,2526,2528,-1,2527,2528,2529,-1,2529,2528,2530,-1,2531,2532,2528,-1,2528,2532,2530,-1,2533,2532,2534,-1,2534,2532,2531,-1,2534,2531,2535,-1,2535,2531,2536,-1,2535,2536,2537,-1,2537,2536,2538,-1,2537,2538,2539,-1,2539,2538,2540,-1,2539,2540,2541,-1,2541,2540,2542,-1,2541,2542,2543,-1,2543,2542,2544,-1,2543,2544,2352,-1,2352,2544,2431,-1,2352,2431,2348,-1,2348,2431,2433,-1,2348,2433,2442,-1,2348,2442,2345,-1,2345,2442,2441,-1,2345,2441,2362,-1,2362,2441,2439,-1,2362,2439,2363,-1,2363,2439,2461,-1,2363,2461,2365,-1,2365,2461,2460,-1,2365,2460,2423,-1,2423,2460,2458,-1,2423,2458,2424,-1,2424,2458,2466,-1,2424,2466,2426,-1,2426,2466,2465,-1,2426,2465,2427,-1,2427,2465,2463,-1,2427,2463,2419,-1,2419,2463,2491,-1,2419,2491,2421,-1,2421,2491,2490,-1,2421,2490,2422,-1,2422,2490,2488,-1,2422,2488,2414,-1,2414,2488,2496,-1,2414,2496,2416,-1,2416,2496,2495,-1,2416,2495,2417,-1,2417,2495,2493,-1,2417,2493,2399,-1,2399,2493,2506,-1,2399,2506,2401,-1,2401,2506,2505,-1,2401,2505,2408,-1,2408,2505,2503,-1,2408,2503,2409,-1,2409,2503,2502,-1,2409,2502,2411,-1,2411,2502,2470,-1,2411,2470,2412,-1,2412,2470,2468,-1,2412,2468,2371,-1,2371,2468,2501,-1,2371,2501,2373,-1,2373,2501,2500,-1,2373,2500,2381,-1,2381,2500,2498,-1,2381,2498,2382,-1,2382,2498,2497,-1,2382,2497,2384,-1,2384,2497,2450,-1,2384,2450,2386,-1,2386,2450,2448,-1,2386,2448,2403,-1,2403,2448,2446,-1,2403,2446,2404,-1,2404,2446,2456,-1,2404,2456,2406,-1,2406,2456,2455,-1,2406,2455,2407,-1,2407,2455,2453,-1,2407,2453,2394,-1,2394,2453,2476,-1,2394,2476,2396,-1,2396,2476,2475,-1,2396,2475,2397,-1,2397,2475,2473,-1,2397,2473,2389,-1,2389,2473,2481,-1,2389,2481,2391,-1,2391,2481,2480,-1,2391,2480,2392,-1,2392,2480,2478,-1,2392,2478,2368,-1,2368,2478,2486,-1,2368,2486,2355,-1,2355,2486,2485,-1,2355,2485,2356,-1,2356,2485,2483,-1,2356,2483,2357,-1,2357,2483,2511,-1,2357,2511,2358,-1,2358,2511,2510,-1,2358,2510,2359,-1,2359,2510,2508,-1,2359,2508,2360,-1,2360,2508,2516,-1,2360,2516,2346,-1,2346,2516,2515,-1,2346,2515,2347,-1,2347,2515,2513,-1,2347,2513,2349,-1,2349,2513,2512,-1,2349,2512,2350,-1,2350,2512,2435,-1,2350,2435,2354,-1,2354,2435,2434,-1,2354,2434,2353,-1,2342,2428,2361,-1,2361,2428,2443,-1,2361,2443,2375,-1,2375,2443,2444,-1,2375,2444,2376,-1,2376,2444,2514,-1,2376,2514,2377,-1,2377,2514,2507,-1,2377,2507,2378,-1,2378,2507,2509,-1,2378,2509,2379,-1,2379,2509,2482,-1,2379,2482,2380,-1,2380,2482,2484,-1,2380,2484,2367,-1,2367,2484,2477,-1,2367,2477,2369,-1,2369,2477,2479,-1,2369,2479,2390,-1,2390,2479,2472,-1,2390,2472,2388,-1,2388,2472,2474,-1,2388,2474,2395,-1,2395,2474,2452,-1,2395,2452,2393,-1,2393,2452,2454,-1,2393,2454,2405,-1,2405,2454,2445,-1,2405,2445,2387,-1,2387,2445,2447,-1,2387,2447,2385,-1,2385,2447,2449,-1,2385,2449,2383,-1,2383,2449,2451,-1,2383,2451,2374,-1,2374,2451,2499,-1,2374,2499,2372,-1,2372,2499,2467,-1,2372,2467,2370,-1,2370,2467,2469,-1,2370,2469,2410,-1,2410,2469,2471,-1,2410,2471,2402,-1,2402,2471,2504,-1,2402,2504,2400,-1,2400,2504,2492,-1,2400,2492,2398,-1,2398,2492,2494,-1,2398,2494,2415,-1,2415,2494,2487,-1,2415,2487,2413,-1,2413,2487,2489,-1,2413,2489,2420,-1,2420,2489,2462,-1,2420,2462,2418,-1,2418,2462,2464,-1,2418,2464,2425,-1,2425,2464,2457,-1,2425,2457,2366,-1,2366,2457,2459,-1,2366,2459,2364,-1,2364,2459,2438,-1,2364,2438,2343,-1,2343,2438,2440,-1,2343,2440,2344,-1,2344,2440,2437,-1,2344,2437,2341,-1,2341,2437,2436,-1,2342,2340,2428,-1,2428,2340,2429,-1,2340,2339,2429,-1,2429,2339,2430,-1,2339,2341,2430,-1,2430,2341,2436,-1,2527,2529,2534,-1,2534,2529,2533,-1,2533,2529,2532,-1,2532,2529,2530,-1,2352,2351,2543,-1,2543,2351,2517,-1,2543,2517,2541,-1,2541,2517,2519,-1,2541,2519,2539,-1,2539,2519,2521,-1,2539,2521,2537,-1,2537,2521,2523,-1,2537,2523,2535,-1,2535,2523,2525,-1,2535,2525,2534,-1,2534,2525,2527,-1,2432,2431,2544,-1,2432,2544,2518,-1,2518,2544,2542,-1,2518,2542,2520,-1,2520,2542,2540,-1,2520,2540,2522,-1,2522,2540,2538,-1,2522,2538,2524,-1,2524,2538,2536,-1,2524,2536,2526,-1,2526,2536,2531,-1,2526,2531,2528,-1,2545,2546,2547,-1,2547,2546,2548,-1,2547,2548,2549,-1,2549,2548,2550,-1,2549,2550,2551,-1,2551,2550,2552,-1,2551,2552,2553,-1,2554,2555,2556,-1,2556,2555,2557,-1,2556,2557,2558,-1,2558,2557,2559,-1,2558,2559,2560,-1,2560,2559,2561,-1,2560,2561,2545,-1,2545,2561,2562,-1,2545,2562,2546,-1,2563,2564,2565,-1,2565,2564,2566,-1,2565,2566,2567,-1,2567,2566,2568,-1,2567,2568,2569,-1,2569,2568,2570,-1,2569,2570,2571,-1,2572,2573,2574,-1,2574,2573,2575,-1,2574,2575,2576,-1,2576,2575,2577,-1,2576,2577,2578,-1,2578,2577,2579,-1,2578,2579,2580,-1,2581,2582,2583,-1,2583,2582,2584,-1,2583,2584,2585,-1,2585,2584,2586,-1,2585,2586,2587,-1,2587,2586,2588,-1,2587,2588,2572,-1,2572,2588,2589,-1,2572,2589,2573,-1,2570,2590,2571,-1,2571,2590,2591,-1,2571,2591,2592,-1,2592,2591,2593,-1,2592,2593,2594,-1,2594,2593,2595,-1,2594,2595,2596,-1,2596,2595,2597,-1,2596,2597,2554,-1,2554,2597,2598,-1,2554,2598,2555,-1,2599,2600,2601,-1,2601,2600,2602,-1,2601,2602,2603,-1,2603,2602,2604,-1,2603,2604,2563,-1,2563,2604,2605,-1,2563,2605,2564,-1,2579,2606,2580,-1,2580,2606,2607,-1,2580,2607,2608,-1,2608,2607,2609,-1,2608,2609,2610,-1,2610,2609,2611,-1,2610,2611,2612,-1,2612,2611,2613,-1,2612,2613,2614,-1,2552,2615,2553,-1,2553,2615,2616,-1,2553,2616,2617,-1,2617,2616,2618,-1,2617,2618,2619,-1,2619,2618,2620,-1,2619,2620,2621,-1,2621,2620,2622,-1,2621,2622,2623,-1,2623,2622,2624,-1,2623,2624,2625,-1,2625,2624,2626,-1,2625,2626,2627,-1,2627,2626,2628,-1,2627,2628,2629,-1,2629,2628,2630,-1,2629,2630,2631,-1,2631,2630,2632,-1,2631,2632,2581,-1,2581,2632,2633,-1,2581,2633,2582,-1,2613,2634,2614,-1,2614,2634,2635,-1,2614,2635,2636,-1,2636,2635,2637,-1,2636,2637,2638,-1,2638,2637,2639,-1,2638,2639,2640,-1,2640,2639,2641,-1,2640,2641,2599,-1,2599,2641,2642,-1,2599,2642,2600,-1,2643,2644,2645,-1,2645,2644,2646,-1,2645,2646,2647,-1,2647,2646,2648,-1,2647,2648,2649,-1,2650,2651,2652,-1,2652,2651,2653,-1,2652,2653,2654,-1,2654,2653,2655,-1,2654,2655,2656,-1,2656,2655,2657,-1,2656,2657,2658,-1,2659,2660,2661,-1,2661,2660,2662,-1,2661,2662,2663,-1,2663,2662,2664,-1,2663,2664,2665,-1,2665,2664,2666,-1,2665,2666,2667,-1,2668,2669,2670,-1,2670,2669,2671,-1,2670,2671,2672,-1,2672,2671,2673,-1,2672,2673,2674,-1,2674,2673,2675,-1,2674,2675,2643,-1,2643,2675,2676,-1,2643,2676,2644,-1,2648,2677,2649,-1,2649,2677,2678,-1,2649,2678,2679,-1,2679,2678,2680,-1,2679,2680,2681,-1,2681,2680,2682,-1,2681,2682,2683,-1,2683,2682,2684,-1,2683,2684,2659,-1,2659,2684,2685,-1,2659,2685,2660,-1,2657,2686,2658,-1,2658,2686,2687,-1,2658,2687,2688,-1,2688,2687,2689,-1,2688,2689,2690,-1,2690,2689,2691,-1,2690,2691,2692,-1,2692,2691,2693,-1,2692,2693,2668,-1,2668,2693,2694,-1,2668,2694,2669,-1,2695,2696,2697,-1,2697,2696,2698,-1,2697,2698,2699,-1,2699,2698,2700,-1,2699,2700,2701,-1,2701,2700,2702,-1,2701,2702,2650,-1,2650,2702,2703,-1,2650,2703,2651,-1,2704,2705,2706,-1,2706,2705,2707,-1,2706,2707,2708,-1,2708,2707,2709,-1,2708,2709,2710,-1,2710,2709,2711,-1,2710,2711,2712,-1,2666,2713,2667,-1,2667,2713,2714,-1,2667,2714,2715,-1,2715,2714,2716,-1,2715,2716,2717,-1,2717,2716,2718,-1,2717,2718,2719,-1,2719,2718,2720,-1,2719,2720,2704,-1,2704,2720,2721,-1,2704,2721,2705,-1,2711,2722,2712,-1,2712,2722,2723,-1,2712,2723,2724,-1,2724,2723,2725,-1,2724,2725,2726,-1,2726,2725,2727,-1,2726,2727,2728,-1,2728,2727,2729,-1,2728,2729,2730,-1,2730,2729,2731,-1,2730,2731,2732,-1,2732,2731,2733,-1,2732,2733,2734,-1,2734,2733,2735,-1,2734,2735,2736,-1,2736,2735,2737,-1,2736,2737,2738,-1,2738,2737,2739,-1,2738,2739,2695,-1,2695,2739,2740,-1,2695,2740,2696,-1,2648,2602,2677,-1,2677,2602,2600,-1,2677,2600,2678,-1,2678,2600,2642,-1,2678,2642,2680,-1,2680,2642,2641,-1,2680,2641,2682,-1,2682,2641,2639,-1,2682,2639,2684,-1,2684,2639,2637,-1,2684,2637,2685,-1,2685,2637,2635,-1,2685,2635,2660,-1,2660,2635,2634,-1,2660,2634,2662,-1,2662,2634,2613,-1,2662,2613,2664,-1,2664,2613,2611,-1,2664,2611,2666,-1,2666,2611,2609,-1,2666,2609,2713,-1,2713,2609,2607,-1,2713,2607,2714,-1,2714,2607,2606,-1,2714,2606,2716,-1,2716,2606,2579,-1,2716,2579,2718,-1,2718,2579,2577,-1,2718,2577,2720,-1,2720,2577,2575,-1,2720,2575,2721,-1,2721,2575,2573,-1,2721,2573,2705,-1,2705,2573,2589,-1,2705,2589,2707,-1,2707,2589,2588,-1,2707,2588,2709,-1,2709,2588,2586,-1,2709,2586,2711,-1,2711,2586,2584,-1,2711,2584,2722,-1,2722,2584,2582,-1,2722,2582,2723,-1,2723,2582,2633,-1,2723,2633,2725,-1,2725,2633,2632,-1,2725,2632,2727,-1,2727,2632,2630,-1,2727,2630,2729,-1,2729,2630,2628,-1,2729,2628,2731,-1,2731,2628,2626,-1,2731,2626,2733,-1,2733,2626,2624,-1,2733,2624,2735,-1,2735,2624,2622,-1,2735,2622,2737,-1,2737,2622,2620,-1,2737,2620,2739,-1,2739,2620,2618,-1,2739,2618,2740,-1,2740,2618,2616,-1,2740,2616,2696,-1,2696,2616,2615,-1,2696,2615,2698,-1,2698,2615,2552,-1,2698,2552,2700,-1,2700,2552,2550,-1,2700,2550,2702,-1,2702,2550,2548,-1,2702,2548,2703,-1,2703,2548,2546,-1,2703,2546,2651,-1,2651,2546,2562,-1,2651,2562,2653,-1,2653,2562,2561,-1,2653,2561,2655,-1,2655,2561,2559,-1,2655,2559,2657,-1,2657,2559,2557,-1,2657,2557,2686,-1,2686,2557,2555,-1,2686,2555,2687,-1,2687,2555,2598,-1,2687,2598,2689,-1,2689,2598,2597,-1,2689,2597,2691,-1,2691,2597,2595,-1,2691,2595,2693,-1,2693,2595,2593,-1,2693,2593,2694,-1,2694,2593,2591,-1,2694,2591,2669,-1,2669,2591,2590,-1,2669,2590,2671,-1,2671,2590,2570,-1,2671,2570,2673,-1,2673,2570,2568,-1,2673,2568,2675,-1,2675,2568,2566,-1,2675,2566,2676,-1,2676,2566,2564,-1,2676,2564,2644,-1,2644,2564,2605,-1,2644,2605,2646,-1,2646,2605,2604,-1,2646,2604,2648,-1,2648,2604,2602,-1,2603,2647,2601,-1,2601,2647,2649,-1,2601,2649,2599,-1,2599,2649,2679,-1,2599,2679,2640,-1,2640,2679,2681,-1,2640,2681,2638,-1,2638,2681,2683,-1,2638,2683,2636,-1,2636,2683,2659,-1,2636,2659,2614,-1,2614,2659,2661,-1,2614,2661,2612,-1,2612,2661,2663,-1,2612,2663,2610,-1,2610,2663,2665,-1,2610,2665,2608,-1,2608,2665,2667,-1,2608,2667,2580,-1,2580,2667,2715,-1,2580,2715,2578,-1,2578,2715,2717,-1,2578,2717,2576,-1,2576,2717,2719,-1,2576,2719,2574,-1,2574,2719,2704,-1,2574,2704,2572,-1,2572,2704,2706,-1,2572,2706,2587,-1,2587,2706,2708,-1,2587,2708,2585,-1,2585,2708,2710,-1,2585,2710,2583,-1,2583,2710,2712,-1,2583,2712,2581,-1,2581,2712,2724,-1,2581,2724,2631,-1,2631,2724,2726,-1,2631,2726,2629,-1,2629,2726,2728,-1,2629,2728,2627,-1,2627,2728,2730,-1,2627,2730,2625,-1,2625,2730,2732,-1,2625,2732,2623,-1,2623,2732,2734,-1,2623,2734,2621,-1,2621,2734,2736,-1,2621,2736,2619,-1,2619,2736,2738,-1,2619,2738,2617,-1,2617,2738,2695,-1,2617,2695,2553,-1,2553,2695,2697,-1,2553,2697,2551,-1,2551,2697,2699,-1,2551,2699,2549,-1,2549,2699,2701,-1,2549,2701,2547,-1,2547,2701,2650,-1,2547,2650,2545,-1,2545,2650,2652,-1,2545,2652,2560,-1,2560,2652,2654,-1,2560,2654,2558,-1,2558,2654,2656,-1,2558,2656,2556,-1,2556,2656,2658,-1,2556,2658,2554,-1,2554,2658,2688,-1,2554,2688,2596,-1,2596,2688,2690,-1,2596,2690,2594,-1,2594,2690,2692,-1,2594,2692,2592,-1,2592,2692,2668,-1,2592,2668,2571,-1,2571,2668,2670,-1,2571,2670,2569,-1,2569,2670,2672,-1,2569,2672,2567,-1,2567,2672,2674,-1,2567,2674,2565,-1,2565,2674,2643,-1,2565,2643,2563,-1,2563,2643,2645,-1,2563,2645,2603,-1,2603,2645,2647,-1,2741,2742,2743,-1,2744,2745,2746,-1,2747,2748,2749,-1,2750,2751,2752,-1,2753,2754,2755,-1,2756,2757,2758,-1,2759,2760,2761,-1,2762,2763,2764,-1,2765,2766,2767,-1,2768,2769,2770,-1,2771,2772,2773,-1,2774,2775,2776,-1,2775,2777,2776,-1,2776,2777,2778,-1,2776,2778,2779,-1,2780,2781,2782,-1,2780,2782,2776,-1,2776,2782,2783,-1,2776,2783,2774,-1,2784,2785,2780,-1,2780,2785,2786,-1,2786,2787,2780,-1,2780,2787,2788,-1,2780,2788,2781,-1,2789,2790,2791,-1,2791,2790,2792,-1,2792,2793,2791,-1,2791,2793,2794,-1,2791,2794,2784,-1,2784,2794,2795,-1,2784,2795,2785,-1,2796,2797,2791,-1,2791,2797,2798,-1,2791,2798,2789,-1,2799,2800,2796,-1,2796,2800,2801,-1,2796,2801,2797,-1,2802,2803,2804,-1,2804,2803,2805,-1,2804,2805,2796,-1,2796,2805,2806,-1,2796,2806,2799,-1,2807,2808,2809,-1,2809,2808,2810,-1,2809,2810,2804,-1,2804,2810,2811,-1,2804,2811,2802,-1,2772,2812,2773,-1,2773,2812,2813,-1,2773,2813,2809,-1,2809,2813,2814,-1,2809,2814,2807,-1,2815,2816,2817,-1,2817,2816,2818,-1,2817,2818,2773,-1,2773,2818,2819,-1,2773,2819,2771,-1,2820,2821,2822,-1,2822,2821,2823,-1,2822,2823,2817,-1,2817,2823,2824,-1,2817,2824,2815,-1,2769,2825,2770,-1,2770,2825,2826,-1,2770,2826,2822,-1,2822,2826,2827,-1,2822,2827,2820,-1,2828,2829,2830,-1,2830,2829,2831,-1,2830,2831,2770,-1,2770,2831,2832,-1,2770,2832,2768,-1,2833,2834,2835,-1,2835,2834,2836,-1,2835,2836,2830,-1,2830,2836,2837,-1,2830,2837,2828,-1,2766,2838,2767,-1,2767,2838,2839,-1,2767,2839,2835,-1,2835,2839,2840,-1,2835,2840,2833,-1,2841,2842,2843,-1,2843,2842,2844,-1,2843,2844,2767,-1,2767,2844,2845,-1,2767,2845,2765,-1,2846,2847,2848,-1,2848,2847,2849,-1,2848,2849,2843,-1,2843,2849,2850,-1,2843,2850,2841,-1,2848,2851,2852,-1,2852,2853,2848,-1,2848,2853,2854,-1,2848,2854,2855,-1,2855,2856,2848,-1,2848,2856,2857,-1,2848,2857,2846,-1,2763,2858,2764,-1,2764,2858,2859,-1,2764,2859,2851,-1,2851,2859,2860,-1,2851,2860,2852,-1,2760,2861,2761,-1,2761,2861,2862,-1,2761,2862,2764,-1,2764,2862,2863,-1,2764,2863,2762,-1,2864,2865,2866,-1,2866,2865,2867,-1,2866,2867,2761,-1,2761,2867,2868,-1,2761,2868,2759,-1,2757,2869,2758,-1,2758,2869,2870,-1,2758,2870,2866,-1,2866,2870,2871,-1,2866,2871,2864,-1,2872,2873,2874,-1,2874,2873,2875,-1,2874,2875,2758,-1,2758,2875,2876,-1,2758,2876,2756,-1,2877,2878,2879,-1,2879,2878,2880,-1,2879,2880,2874,-1,2874,2880,2881,-1,2874,2881,2872,-1,2754,2882,2755,-1,2755,2882,2883,-1,2755,2883,2879,-1,2879,2883,2884,-1,2879,2884,2877,-1,2885,2886,2887,-1,2887,2886,2888,-1,2887,2888,2755,-1,2755,2888,2889,-1,2755,2889,2753,-1,2751,2890,2752,-1,2752,2890,2891,-1,2752,2891,2887,-1,2887,2891,2892,-1,2887,2892,2885,-1,2893,2894,2895,-1,2895,2894,2896,-1,2895,2896,2752,-1,2752,2896,2897,-1,2752,2897,2750,-1,2898,2899,2900,-1,2900,2899,2895,-1,2895,2899,2901,-1,2895,2901,2893,-1,2902,2903,2900,-1,2900,2903,2904,-1,2900,2904,2898,-1,2905,2906,2907,-1,2907,2906,2908,-1,2907,2908,2900,-1,2900,2908,2909,-1,2900,2909,2902,-1,2910,2911,2912,-1,2912,2911,2913,-1,2912,2913,2907,-1,2907,2913,2914,-1,2907,2914,2905,-1,2748,2915,2749,-1,2749,2915,2916,-1,2749,2916,2912,-1,2912,2916,2917,-1,2912,2917,2910,-1,2918,2919,2920,-1,2920,2919,2921,-1,2920,2921,2749,-1,2749,2921,2922,-1,2749,2922,2747,-1,2745,2923,2746,-1,2746,2923,2924,-1,2746,2924,2920,-1,2920,2924,2925,-1,2920,2925,2918,-1,2926,2927,2928,-1,2928,2927,2929,-1,2928,2929,2746,-1,2746,2929,2930,-1,2746,2930,2744,-1,2931,2932,2933,-1,2933,2932,2934,-1,2933,2934,2928,-1,2928,2934,2935,-1,2928,2935,2926,-1,2742,2936,2743,-1,2743,2936,2937,-1,2743,2937,2933,-1,2933,2937,2938,-1,2933,2938,2931,-1,2939,2940,2941,-1,2941,2940,2942,-1,2941,2942,2743,-1,2743,2942,2943,-1,2743,2943,2741,-1,2944,2945,2946,-1,2946,2945,2947,-1,2946,2947,2941,-1,2941,2947,2948,-1,2941,2948,2939,-1,2949,2950,2946,-1,2946,2950,2951,-1,2946,2951,2944,-1,2952,2953,2954,-1,2954,2953,2955,-1,2954,2955,2949,-1,2949,2955,2956,-1,2949,2956,2950,-1,2957,2958,2954,-1,2954,2958,2959,-1,2954,2959,2952,-1,2960,2961,2957,-1,2957,2961,2962,-1,2957,2962,2958,-1,2963,2964,2960,-1,2960,2964,2965,-1,2960,2965,2961,-1,2779,2966,2963,-1,2963,2966,2967,-1,2963,2967,2964,-1,2968,2969,2970,-1,2970,2969,2971,-1,2778,2972,2779,-1,2779,2972,2973,-1,2779,2973,2966,-1,2966,2973,2974,-1,2966,2974,2975,-1,2975,2974,2969,-1,2975,2969,2976,-1,2976,2969,2968,-1,2977,2978,2979,-1,2979,2978,2980,-1,2979,2980,2971,-1,2971,2980,2981,-1,2971,2981,2970,-1,2982,2983,2984,-1,2984,2983,2985,-1,2984,2985,2979,-1,2979,2985,2986,-1,2979,2986,2977,-1,2987,2988,2989,-1,2989,2988,2990,-1,2989,2990,2982,-1,2982,2990,2991,-1,2982,2991,2983,-1,2992,2993,2994,-1,2994,2993,2995,-1,2994,2995,2996,-1,2996,2995,2997,-1,2996,2997,2989,-1,2989,2997,2998,-1,2989,2998,2987,-1,2992,2994,2999,-1,2999,2994,3000,-1,2999,3000,3001,-1,3001,3000,3002,-1,3002,3000,3003,-1,3002,3003,3004,-1,3005,3006,3003,-1,3003,3006,3007,-1,3003,3007,3004,-1,3008,3009,3005,-1,3005,3009,3010,-1,3005,3010,3006,-1,3011,3012,3008,-1,3008,3012,3013,-1,3008,3013,3009,-1,3011,3008,3014,-1,3014,3008,3015,-1,3014,3015,3016,-1,3016,3015,3017,-1,3016,3017,3018,-1,3019,3020,3017,-1,3017,3020,3021,-1,3017,3021,3018,-1,3022,3023,3024,-1,3024,3023,3025,-1,3024,3025,3019,-1,3019,3025,3026,-1,3019,3026,3020,-1,3027,3028,3029,-1,3029,3028,3030,-1,3029,3030,3024,-1,3024,3030,3031,-1,3024,3031,3022,-1,3027,3032,3033,-1,3033,3034,3027,-1,3027,3034,3035,-1,3027,3035,3028,-1,3036,3037,3038,-1,3039,3040,3041,-1,3042,3043,3044,-1,3045,3046,3047,-1,3048,3049,3050,-1,3051,3052,3053,-1,3054,3055,3056,-1,3057,3058,3059,-1,3060,3061,3062,-1,3063,3064,3065,-1,3066,3067,3068,-1,3068,3067,3069,-1,3068,3069,3070,-1,3071,3072,3066,-1,3066,3072,3073,-1,3066,3073,3067,-1,3074,3075,3076,-1,3076,3075,3077,-1,3076,3077,3069,-1,3069,3077,3078,-1,3069,3078,3070,-1,3074,3076,3079,-1,3079,3076,3080,-1,3079,3080,3081,-1,3082,3083,3084,-1,3084,3083,3085,-1,3084,3085,3080,-1,3080,3085,3086,-1,3080,3086,3081,-1,3087,3088,3082,-1,3082,3088,3089,-1,3082,3089,3083,-1,3090,3091,3087,-1,3087,3091,3092,-1,3087,3092,3088,-1,3090,3087,3093,-1,3093,3087,3094,-1,3093,3094,3095,-1,3095,3094,3096,-1,3095,3096,3097,-1,3098,3099,3096,-1,3096,3099,3100,-1,3096,3100,3097,-1,3064,3101,3065,-1,3065,3101,3102,-1,3065,3102,3098,-1,3098,3102,3103,-1,3098,3103,3099,-1,3104,3105,3106,-1,3106,3105,3107,-1,3106,3107,3065,-1,3065,3107,3108,-1,3065,3108,3063,-1,3109,3110,3104,-1,3104,3110,3111,-1,3104,3111,3105,-1,3112,3113,3114,-1,3114,3115,3112,-1,3112,3115,3116,-1,3112,3116,3109,-1,3109,3116,3117,-1,3109,3117,3110,-1,3118,3119,3120,-1,3120,3119,3121,-1,3120,3121,3113,-1,3113,3121,3122,-1,3113,3122,3114,-1,3123,3124,3125,-1,3125,3124,3126,-1,3125,3126,3120,-1,3120,3126,3127,-1,3120,3127,3118,-1,3123,3128,3129,-1,3129,3130,3123,-1,3123,3130,3131,-1,3123,3131,3124,-1,3061,3132,3062,-1,3062,3132,3133,-1,3062,3133,3072,-1,3072,3133,3134,-1,3072,3134,3073,-1,3060,3062,3135,-1,3135,3062,3136,-1,3135,3136,3137,-1,3138,3139,3140,-1,3140,3139,3141,-1,3140,3141,3136,-1,3136,3141,3142,-1,3136,3142,3143,-1,3143,3144,3136,-1,3136,3144,3145,-1,3136,3145,3137,-1,3138,3140,3146,-1,3146,3140,3147,-1,3146,3147,3148,-1,3149,3150,3147,-1,3147,3150,3151,-1,3147,3151,3148,-1,3152,3153,3154,-1,3154,3153,3155,-1,3154,3155,3147,-1,3147,3155,3156,-1,3147,3156,3149,-1,3157,3158,3154,-1,3154,3158,3159,-1,3154,3159,3152,-1,3160,3161,3157,-1,3157,3161,3162,-1,3157,3162,3158,-1,3163,3164,3165,-1,3165,3164,3166,-1,3165,3166,3157,-1,3157,3166,3167,-1,3157,3167,3160,-1,3168,3169,3170,-1,3168,3170,3165,-1,3165,3170,3171,-1,3165,3171,3163,-1,3172,3173,3174,-1,3174,3173,3175,-1,3174,3175,3168,-1,3168,3175,3176,-1,3168,3176,3169,-1,3058,3177,3059,-1,3059,3177,3178,-1,3059,3178,3174,-1,3174,3178,3179,-1,3174,3179,3172,-1,3180,3181,3182,-1,3182,3181,3183,-1,3182,3183,3059,-1,3059,3183,3184,-1,3059,3184,3057,-1,3185,3186,3187,-1,3187,3186,3188,-1,3187,3188,3182,-1,3182,3188,3189,-1,3182,3189,3180,-1,3190,3191,3192,-1,3192,3193,3190,-1,3190,3193,3194,-1,3190,3194,3187,-1,3187,3194,3195,-1,3187,3195,3185,-1,3196,3197,3198,-1,3198,3197,3199,-1,3198,3199,3190,-1,3190,3199,3200,-1,3190,3200,3191,-1,3201,3202,3203,-1,3203,3202,3204,-1,3203,3204,3198,-1,3198,3204,3205,-1,3198,3205,3196,-1,3206,3207,3208,-1,3208,3209,3206,-1,3206,3209,3210,-1,3206,3210,3203,-1,3203,3210,3211,-1,3203,3211,3201,-1,3212,3213,3206,-1,3206,3213,3214,-1,3206,3214,3207,-1,3215,3216,3217,-1,3217,3216,3218,-1,3217,3218,3219,-1,3219,3218,3220,-1,3220,3221,3219,-1,3219,3221,3222,-1,3219,3222,3206,-1,3206,3222,3223,-1,3206,3223,3212,-1,3224,3225,3226,-1,3226,3227,3224,-1,3224,3227,3228,-1,3224,3228,3217,-1,3217,3228,3229,-1,3217,3229,3215,-1,3055,3230,3056,-1,3056,3230,3231,-1,3056,3231,3224,-1,3224,3231,3232,-1,3224,3232,3225,-1,3233,3234,3235,-1,3235,3234,3236,-1,3235,3236,3056,-1,3056,3236,3237,-1,3056,3237,3054,-1,3238,3239,3240,-1,3240,3239,3241,-1,3240,3241,3235,-1,3235,3241,3242,-1,3235,3242,3233,-1,3052,3243,3053,-1,3053,3243,3244,-1,3053,3244,3240,-1,3240,3244,3245,-1,3240,3245,3238,-1,3246,3247,3248,-1,3248,3247,3249,-1,3248,3249,3053,-1,3053,3249,3250,-1,3053,3250,3051,-1,3049,3251,3050,-1,3050,3251,3252,-1,3050,3252,3248,-1,3248,3252,3253,-1,3248,3253,3246,-1,3254,3255,3256,-1,3256,3255,3257,-1,3256,3257,3050,-1,3050,3257,3258,-1,3050,3258,3048,-1,3046,3259,3047,-1,3047,3259,3260,-1,3047,3260,3256,-1,3256,3260,3261,-1,3256,3261,3254,-1,3045,3047,3262,-1,3262,3047,3263,-1,3262,3263,3264,-1,3265,3266,3263,-1,3263,3266,3267,-1,3263,3267,3264,-1,3268,3269,3270,-1,3270,3269,3271,-1,3270,3271,3263,-1,3263,3271,3272,-1,3263,3272,3265,-1,3273,3274,3275,-1,3275,3274,3276,-1,3275,3276,3270,-1,3270,3276,3277,-1,3270,3277,3268,-1,3043,3278,3044,-1,3044,3278,3279,-1,3044,3279,3275,-1,3275,3279,3280,-1,3275,3280,3273,-1,3281,3282,3283,-1,3283,3282,3284,-1,3283,3284,3044,-1,3044,3284,3285,-1,3044,3285,3042,-1,3040,3286,3041,-1,3041,3286,3287,-1,3041,3287,3283,-1,3283,3287,3288,-1,3283,3288,3281,-1,3289,3290,3291,-1,3291,3290,3292,-1,3291,3292,3041,-1,3041,3292,3293,-1,3041,3293,3039,-1,3294,3295,3296,-1,3296,3295,3297,-1,3296,3297,3291,-1,3291,3297,3298,-1,3291,3298,3289,-1,3037,3299,3038,-1,3038,3299,3300,-1,3038,3300,3296,-1,3296,3300,3301,-1,3296,3301,3294,-1,3302,3303,3304,-1,3304,3303,3305,-1,3304,3305,3038,-1,3038,3305,3306,-1,3038,3306,3036,-1,3307,3308,3309,-1,3309,3308,3310,-1,3309,3310,3304,-1,3304,3310,3311,-1,3304,3311,3302,-1,3312,3313,3314,-1,3314,3315,3312,-1,3312,3315,3316,-1,3312,3316,3309,-1,3309,3316,3317,-1,3309,3317,3307,-1,3318,3319,3313,-1,3313,3319,3320,-1,3320,3321,3313,-1,3313,3321,3322,-1,3313,3322,3314,-1,3323,3324,3318,-1,3318,3324,3325,-1,3318,3325,3319,-1,3066,3326,3071,-1,3071,3326,3327,-1,3071,3327,3323,-1,3323,3327,3328,-1,3323,3328,3324,-1,2770,2822,3329,-1,2843,3330,2848,-1,2848,3330,3331,-1,2848,3331,2851,-1,2767,3332,2843,-1,2843,3332,3333,-1,2843,3333,3330,-1,3329,3334,2770,-1,2770,3334,3335,-1,2770,3335,2830,-1,2830,3335,3336,-1,2830,3336,2835,-1,3337,2773,2809,-1,2957,3338,2960,-1,2960,3338,3339,-1,2960,3339,2963,-1,2941,3340,2946,-1,2946,3340,3341,-1,2946,3341,2949,-1,3331,3342,2851,-1,2851,3342,3343,-1,2851,3343,2764,-1,3337,3344,2773,-1,2773,3344,3345,-1,2773,3345,2817,-1,2817,3345,3346,-1,2817,3346,2822,-1,2822,3346,3347,-1,2822,3347,3329,-1,2779,3348,2776,-1,2776,3348,3349,-1,2776,3349,2780,-1,2954,3350,2957,-1,2957,3350,3351,-1,2957,3351,3338,-1,2743,3352,2941,-1,2941,3352,3353,-1,2941,3353,3340,-1,3354,2912,2907,-1,2752,3355,2895,-1,2895,3355,3356,-1,2895,3356,2900,-1,2761,3357,2866,-1,2866,3357,3358,-1,2866,3358,2758,-1,3343,3359,2764,-1,2764,3359,3360,-1,2764,3360,2761,-1,2761,3360,3361,-1,2761,3361,3357,-1,3336,3362,2835,-1,2835,3362,3363,-1,2835,3363,2767,-1,2767,3363,3364,-1,2767,3364,3332,-1,2804,3365,2809,-1,2809,3365,3366,-1,2809,3366,3337,-1,2791,3367,2796,-1,2796,3367,3368,-1,2796,3368,2804,-1,2804,3368,3369,-1,2804,3369,3365,-1,2784,3370,2791,-1,2791,3370,3371,-1,2791,3371,3367,-1,3349,3372,2780,-1,2780,3372,3373,-1,2780,3373,2784,-1,2784,3373,3374,-1,2784,3374,3370,-1,2933,3375,2743,-1,2743,3375,3376,-1,2743,3376,3352,-1,3354,3377,2912,-1,2912,3377,3378,-1,2912,3378,2749,-1,2749,3378,3379,-1,2749,3379,2920,-1,3356,3380,2900,-1,2900,3380,3381,-1,2900,3381,2907,-1,2907,3381,3382,-1,2907,3382,3354,-1,2887,3383,2752,-1,2752,3383,3384,-1,2752,3384,3355,-1,3339,3385,2963,-1,2963,3385,3386,-1,2963,3386,2779,-1,2779,3386,3387,-1,2779,3387,3348,-1,3341,3388,2949,-1,2949,3388,3389,-1,2949,3389,2954,-1,2954,3389,3390,-1,2954,3390,3350,-1,2746,3391,2928,-1,2928,3391,3392,-1,2928,3392,2933,-1,2933,3392,3393,-1,2933,3393,3375,-1,2874,3394,2879,-1,2879,3394,3395,-1,2879,3395,2755,-1,3379,3396,2920,-1,2920,3396,3397,-1,2920,3397,2746,-1,2746,3397,3398,-1,2746,3398,3391,-1,3395,3399,2755,-1,2755,3399,3400,-1,2755,3400,2887,-1,2887,3400,3401,-1,2887,3401,3383,-1,3358,3402,2758,-1,2758,3402,3403,-1,2758,3403,2874,-1,2874,3403,3404,-1,2874,3404,3394,-1,3041,3283,3405,-1,3275,3406,3044,-1,3044,3406,3407,-1,3044,3407,3283,-1,3283,3407,3408,-1,3283,3408,3405,-1,3050,3248,3409,-1,3304,3410,3309,-1,3309,3410,3411,-1,3309,3411,3312,-1,3270,3412,3275,-1,3275,3412,3413,-1,3275,3413,3406,-1,3240,3414,3053,-1,3053,3414,3415,-1,3053,3415,3248,-1,3248,3415,3416,-1,3248,3416,3409,-1,3417,3224,3217,-1,3219,3418,3217,-1,3217,3418,3419,-1,3217,3419,3417,-1,3203,3420,3206,-1,3206,3420,3421,-1,3206,3421,3219,-1,3219,3421,3422,-1,3219,3422,3418,-1,3263,3423,3270,-1,3270,3423,3424,-1,3270,3424,3412,-1,3256,3425,3047,-1,3047,3425,3426,-1,3047,3426,3263,-1,3263,3426,3427,-1,3263,3427,3423,-1,3198,3428,3203,-1,3203,3428,3429,-1,3203,3429,3420,-1,3190,3430,3198,-1,3198,3430,3431,-1,3198,3431,3428,-1,3182,3432,3187,-1,3187,3432,3433,-1,3187,3433,3190,-1,3190,3433,3434,-1,3190,3434,3430,-1,3168,3435,3174,-1,3174,3435,3436,-1,3174,3436,3059,-1,3165,3437,3168,-1,3168,3437,3438,-1,3168,3438,3435,-1,3405,3439,3041,-1,3041,3439,3440,-1,3041,3440,3291,-1,3291,3440,3441,-1,3291,3441,3296,-1,3409,3442,3050,-1,3050,3442,3443,-1,3050,3443,3256,-1,3256,3443,3444,-1,3256,3444,3425,-1,3235,3445,3240,-1,3240,3445,3446,-1,3240,3446,3414,-1,3417,3447,3224,-1,3224,3447,3448,-1,3224,3448,3056,-1,3056,3448,3449,-1,3056,3449,3235,-1,3235,3449,3450,-1,3235,3450,3445,-1,3436,3451,3059,-1,3059,3451,3452,-1,3059,3452,3182,-1,3182,3452,3453,-1,3182,3453,3432,-1,3157,3454,3165,-1,3165,3454,3455,-1,3165,3455,3437,-1,3038,3456,3304,-1,3304,3456,3457,-1,3304,3457,3410,-1,3441,3458,3296,-1,3296,3458,3459,-1,3296,3459,3038,-1,3038,3459,3460,-1,3038,3460,3456,-1,3147,3461,3154,-1,3154,3461,3462,-1,3154,3462,3157,-1,3157,3462,3463,-1,3157,3463,3454,-1,3140,3464,3147,-1,3147,3464,3465,-1,3147,3465,3461,-1,3136,3466,3140,-1,3140,3466,3467,-1,3140,3467,3464,-1,3072,3468,3062,-1,3062,3468,3469,-1,3062,3469,3136,-1,3136,3469,3470,-1,3136,3470,3466,-1,3071,3471,3072,-1,3072,3471,3472,-1,3072,3472,3468,-1,3318,3473,3323,-1,3323,3473,3474,-1,3323,3474,3071,-1,3071,3474,3475,-1,3071,3475,3471,-1,3313,3476,3318,-1,3318,3476,3477,-1,3318,3477,3473,-1,3411,3478,3312,-1,3312,3478,3479,-1,3312,3479,3313,-1,3313,3479,3480,-1,3313,3480,3476,-1,3481,3482,3483,-1,3484,3485,3486,-1,3487,3488,3489,-1,3486,3485,3490,-1,3487,3491,3488,-1,3488,3491,3492,-1,3488,3492,3493,-1,3493,3492,3484,-1,3493,3484,3494,-1,3494,3484,3486,-1,3495,3496,3497,-1,3497,3496,3498,-1,3497,3498,3499,-1,3500,3501,3502,-1,3502,3501,3503,-1,3502,3503,3504,-1,3504,3505,3502,-1,3502,3505,3506,-1,3502,3506,3507,-1,3507,3506,3508,-1,3507,3508,3509,-1,3502,3510,3500,-1,3500,3510,3511,-1,3500,3511,3512,-1,3499,3513,3497,-1,3497,3513,3514,-1,3497,3514,3515,-1,3515,3514,3516,-1,3515,3516,3517,-1,3518,3519,3489,-1,3489,3519,3520,-1,3489,3520,3487,-1,3495,3497,3489,-1,3489,3497,3521,-1,3489,3521,3518,-1,3522,3523,3524,-1,3524,3523,3525,-1,3524,3525,3526,-1,3526,3525,3527,-1,3526,3527,3528,-1,3528,3527,3529,-1,3528,3529,3530,-1,3530,3529,3531,-1,3530,3531,3532,-1,3532,3531,3533,-1,3482,3534,3483,-1,3483,3534,3535,-1,3483,3535,3536,-1,3536,3535,3532,-1,3536,3532,3537,-1,3537,3532,3533,-1,3512,3511,3483,-1,3483,3511,3538,-1,3483,3538,3481,-1,3490,3485,3539,-1,3539,3485,3540,-1,3539,3540,3541,-1,3541,3540,3542,-1,3541,3542,3543,-1,3543,3542,3544,-1,3543,3544,3545,-1,3545,3544,3546,-1,3545,3546,3547,-1,3547,3546,3548,-1,3548,3546,3549,-1,3548,3549,3550,-1,3550,3549,3551,-1,3550,3551,3552,-1,3552,3551,3553,-1,3552,3553,3554,-1,3554,3553,3555,-1,3554,3555,3556,-1,3556,3555,3557,-1,3556,3557,3522,-1,3522,3557,3558,-1,3522,3558,3523,-1,3559,3560,3561,-1,3561,3560,3562,-1,3563,3564,3565,-1,3565,3564,3566,-1,3565,3566,3567,-1,3567,3566,3568,-1,3567,3568,3569,-1,3570,3571,3572,-1,3572,3571,3573,-1,3572,3573,3574,-1,3574,3573,3575,-1,3574,3575,3576,-1,3568,3577,3569,-1,3569,3577,3574,-1,3569,3574,3578,-1,3578,3574,3576,-1,3579,3580,3581,-1,3582,3583,3584,-1,3584,3583,3585,-1,3584,3585,3586,-1,3586,3585,3587,-1,3586,3587,3559,-1,3559,3587,3588,-1,3559,3588,3560,-1,3589,3590,3591,-1,3517,3516,3592,-1,3592,3516,3593,-1,3592,3593,3560,-1,3560,3593,3594,-1,3560,3594,3562,-1,3595,3596,3597,-1,3597,3596,3598,-1,3596,3599,3598,-1,3598,3599,3600,-1,3598,3600,3601,-1,3601,3600,3602,-1,3601,3602,3580,-1,3580,3602,3603,-1,3580,3603,3581,-1,3563,3565,3604,-1,3604,3565,3605,-1,3604,3605,3606,-1,3606,3605,3607,-1,3606,3607,3608,-1,3608,3607,3609,-1,3608,3609,3610,-1,3610,3609,3611,-1,3610,3611,3612,-1,3597,3613,3595,-1,3595,3613,3614,-1,3595,3614,3615,-1,3615,3614,3616,-1,3615,3616,3590,-1,3590,3616,3617,-1,3590,3617,3591,-1,3579,3581,3618,-1,3618,3581,3619,-1,3618,3619,3611,-1,3611,3619,3620,-1,3611,3620,3612,-1,3582,3584,3621,-1,3621,3584,3622,-1,3621,3622,3623,-1,3623,3622,3624,-1,3623,3624,3625,-1,3625,3624,3626,-1,3625,3626,3627,-1,3627,3626,3628,-1,3627,3628,3629,-1,3589,3591,3630,-1,3630,3591,3631,-1,3630,3631,3628,-1,3628,3631,3632,-1,3628,3632,3629,-1,3633,3634,3635,-1,3636,3637,3638,-1,3639,3640,3641,-1,3638,3637,3642,-1,3634,3643,3635,-1,3635,3643,3644,-1,3635,3644,3645,-1,3645,3644,3636,-1,3645,3636,3646,-1,3646,3636,3638,-1,3647,3648,3649,-1,3650,3651,3652,-1,3640,3653,3641,-1,3641,3653,3654,-1,3641,3654,3655,-1,3652,3651,3656,-1,3657,3658,3659,-1,3650,3652,3649,-1,3649,3652,3660,-1,3649,3660,3647,-1,3648,3661,3649,-1,3649,3661,3662,-1,3649,3662,3663,-1,3663,3662,3664,-1,3663,3664,3665,-1,3655,3666,3641,-1,3641,3666,3667,-1,3641,3667,3668,-1,3668,3667,3571,-1,3668,3571,3570,-1,3641,3669,3639,-1,3639,3669,3670,-1,3639,3670,3635,-1,3635,3670,3671,-1,3635,3671,3633,-1,3658,3672,3659,-1,3659,3672,3673,-1,3659,3673,3674,-1,3674,3673,3675,-1,3674,3675,3676,-1,3656,3651,3659,-1,3659,3651,3677,-1,3659,3677,3657,-1,3642,3637,3678,-1,3678,3637,3679,-1,3678,3679,3680,-1,3680,3679,3681,-1,3680,3681,3682,-1,3682,3681,3683,-1,3682,3683,3684,-1,3684,3683,3685,-1,3684,3685,3686,-1,3687,3688,3689,-1,3689,3688,3690,-1,3689,3690,3691,-1,3691,3690,3692,-1,3691,3692,3693,-1,3693,3692,3694,-1,3693,3694,3695,-1,3695,3694,3696,-1,3695,3696,3675,-1,3675,3696,3697,-1,3675,3697,3676,-1,3686,3685,3698,-1,3698,3685,3699,-1,3698,3699,3700,-1,3700,3699,3701,-1,3700,3701,3702,-1,3702,3701,3703,-1,3702,3703,3704,-1,3704,3703,3705,-1,3704,3705,3706,-1,3706,3705,3707,-1,3706,3707,3687,-1,3687,3707,3708,-1,3687,3708,3688,-1,3709,3710,3711,-1,3712,3713,3714,-1,3714,3713,3715,-1,3710,3716,3711,-1,3711,3716,3717,-1,3711,3717,3718,-1,3718,3717,3712,-1,3718,3712,3719,-1,3719,3712,3714,-1,3720,3721,3722,-1,3723,3724,3725,-1,3725,3724,3726,-1,3725,3726,3727,-1,3725,3728,3723,-1,3723,3728,3729,-1,3723,3729,3730,-1,3731,3732,3733,-1,3721,3734,3722,-1,3722,3734,3735,-1,3722,3735,3736,-1,3727,3737,3725,-1,3725,3737,3738,-1,3725,3738,3739,-1,3739,3738,3665,-1,3739,3665,3664,-1,3736,3740,3722,-1,3722,3740,3741,-1,3722,3741,3742,-1,3742,3741,3743,-1,3742,3743,3744,-1,3730,3729,3733,-1,3733,3729,3745,-1,3733,3745,3731,-1,3732,3746,3733,-1,3733,3746,3747,-1,3733,3747,3748,-1,3748,3747,3749,-1,3748,3749,3750,-1,3722,3751,3720,-1,3720,3751,3752,-1,3720,3752,3711,-1,3711,3752,3753,-1,3711,3753,3709,-1,3715,3713,3754,-1,3754,3713,3755,-1,3754,3755,3756,-1,3756,3755,3757,-1,3756,3757,3758,-1,3758,3757,3759,-1,3758,3759,3760,-1,3760,3759,3761,-1,3760,3761,3762,-1,3763,3764,3765,-1,3765,3764,3766,-1,3765,3766,3767,-1,3767,3766,3768,-1,3767,3768,3769,-1,3769,3768,3770,-1,3769,3770,3771,-1,3771,3770,3772,-1,3771,3772,3749,-1,3749,3772,3773,-1,3749,3773,3750,-1,3762,3761,3774,-1,3774,3761,3775,-1,3774,3775,3776,-1,3776,3775,3777,-1,3776,3777,3778,-1,3778,3777,3779,-1,3778,3779,3780,-1,3780,3779,3781,-1,3780,3781,3782,-1,3782,3781,3783,-1,3782,3783,3763,-1,3763,3783,3784,-1,3763,3784,3764,-1,3785,3786,3787,-1,3788,3789,3790,-1,3790,3789,3791,-1,3790,3791,3792,-1,3792,3791,3793,-1,3792,3793,3794,-1,3744,3743,3795,-1,3795,3743,3796,-1,3795,3796,3797,-1,3797,3796,3798,-1,3797,3798,3799,-1,3793,3800,3794,-1,3794,3800,3797,-1,3794,3797,3801,-1,3801,3797,3799,-1,3802,3803,3804,-1,3787,3786,3805,-1,3805,3786,3806,-1,3805,3806,3807,-1,3808,3809,3810,-1,3810,3809,3811,-1,3810,3811,3812,-1,3812,3811,3813,-1,3812,3813,3814,-1,3787,3815,3785,-1,3785,3815,3812,-1,3785,3812,3816,-1,3816,3812,3814,-1,3817,3818,3819,-1,3819,3818,3820,-1,3818,3821,3820,-1,3820,3821,3822,-1,3820,3822,3823,-1,3823,3822,3824,-1,3823,3824,3803,-1,3803,3824,3825,-1,3803,3825,3804,-1,3819,3826,3817,-1,3817,3826,3827,-1,3817,3827,3828,-1,3828,3827,3829,-1,3828,3829,3830,-1,3830,3829,3831,-1,3830,3831,3832,-1,3788,3790,3833,-1,3833,3790,3834,-1,3833,3834,3835,-1,3835,3834,3836,-1,3835,3836,3837,-1,3837,3836,3838,-1,3837,3838,3839,-1,3839,3838,3840,-1,3839,3840,3841,-1,3802,3804,3842,-1,3842,3804,3843,-1,3842,3843,3840,-1,3840,3843,3844,-1,3840,3844,3841,-1,3845,3846,3847,-1,3847,3846,3848,-1,3847,3848,3832,-1,3832,3848,3849,-1,3832,3849,3830,-1,3845,3850,3846,-1,3846,3850,3851,-1,3846,3851,3852,-1,3852,3851,3853,-1,3852,3853,3854,-1,3854,3853,3855,-1,3854,3855,3856,-1,3856,3855,3857,-1,3856,3857,3806,-1,3806,3857,3858,-1,3806,3858,3807,-1,3859,3860,3861,-1,3862,3863,3864,-1,3865,3866,3867,-1,3868,3869,3870,-1,3864,3863,3871,-1,3860,3872,3861,-1,3861,3872,3873,-1,3861,3873,3874,-1,3874,3873,3862,-1,3874,3862,3875,-1,3875,3862,3864,-1,3869,3876,3870,-1,3870,3876,3877,-1,3870,3877,3878,-1,3879,3880,3881,-1,3878,3882,3870,-1,3870,3882,3883,-1,3870,3883,3884,-1,3884,3883,3809,-1,3884,3809,3808,-1,3879,3881,3885,-1,3885,3881,3886,-1,3885,3886,3887,-1,3880,3888,3881,-1,3881,3888,3889,-1,3881,3889,3890,-1,3890,3889,3509,-1,3890,3509,3508,-1,3870,3891,3868,-1,3868,3891,3892,-1,3868,3892,3861,-1,3861,3892,3893,-1,3861,3893,3859,-1,3871,3863,3894,-1,3894,3863,3895,-1,3894,3895,3896,-1,3896,3895,3897,-1,3896,3897,3898,-1,3898,3897,3899,-1,3898,3899,3900,-1,3900,3899,3901,-1,3900,3901,3902,-1,3903,3904,3905,-1,3905,3904,3906,-1,3905,3906,3907,-1,3907,3906,3908,-1,3907,3908,3909,-1,3909,3908,3910,-1,3909,3910,3911,-1,3911,3910,3912,-1,3911,3912,3913,-1,3913,3912,3914,-1,3866,3915,3867,-1,3867,3915,3916,-1,3867,3916,3917,-1,3917,3916,3913,-1,3917,3913,3918,-1,3918,3913,3914,-1,3881,3919,3886,-1,3886,3919,3920,-1,3886,3920,3867,-1,3867,3920,3921,-1,3867,3921,3865,-1,3902,3901,3922,-1,3922,3901,3923,-1,3922,3923,3924,-1,3924,3923,3925,-1,3924,3925,3926,-1,3926,3925,3927,-1,3926,3927,3928,-1,3928,3927,3929,-1,3928,3929,3930,-1,3930,3929,3931,-1,3930,3931,3903,-1,3903,3931,3932,-1,3903,3932,3904,-1,3120,3113,3933,-1,3933,3113,3934,-1,3934,3113,3112,-1,3934,3112,3935,-1,3935,3112,3109,-1,3935,3109,3936,-1,3936,3109,3937,-1,3937,3109,3104,-1,3937,3104,3106,-1,3094,3938,3096,-1,3096,3938,3939,-1,3096,3939,3098,-1,3098,3939,3940,-1,3098,3940,3065,-1,3065,3940,3941,-1,3065,3941,3106,-1,3106,3941,3942,-1,3106,3942,3937,-1,3067,3943,3069,-1,3069,3943,3944,-1,3069,3944,3076,-1,3076,3944,3945,-1,3076,3945,3080,-1,3080,3945,3946,-1,3080,3946,3084,-1,3084,3946,3947,-1,3084,3947,3082,-1,3082,3947,3948,-1,3082,3948,3087,-1,3087,3948,3949,-1,3087,3949,3094,-1,3094,3949,3950,-1,3094,3950,3938,-1,3073,3951,3067,-1,3067,3951,3952,-1,3067,3952,3943,-1,3933,3953,3120,-1,3120,3953,3954,-1,3120,3954,3125,-1,3125,3954,3955,-1,3125,3955,3123,-1,3123,3955,3956,-1,3123,3956,3957,-1,3957,3956,3032,-1,3957,3032,3958,-1,3958,3032,3959,-1,3032,3027,3959,-1,3959,3027,3029,-1,3959,3029,3960,-1,3960,3029,3024,-1,3015,3961,3017,-1,3017,3961,3962,-1,3017,3962,3019,-1,3019,3962,3963,-1,3019,3963,3024,-1,3024,3963,3964,-1,3024,3964,3960,-1,3000,3965,3003,-1,3003,3965,3966,-1,3003,3966,3005,-1,3005,3966,3967,-1,3005,3967,3008,-1,3008,3967,3968,-1,3008,3968,3015,-1,3015,3968,3969,-1,3015,3969,3961,-1,2982,3970,2989,-1,2989,3970,3971,-1,2989,3971,2996,-1,2996,3971,3972,-1,2996,3972,2994,-1,2994,3972,3973,-1,2994,3973,3000,-1,3000,3973,3974,-1,3000,3974,3965,-1,2973,3975,2974,-1,2974,3975,3976,-1,2974,3976,2969,-1,2969,3976,3977,-1,2969,3977,2971,-1,2971,3977,3978,-1,2971,3978,2979,-1,2979,3978,3979,-1,2979,3979,2984,-1,2984,3979,3980,-1,2984,3980,2982,-1,2982,3980,3981,-1,2982,3981,3970,-1,3588,3587,3982,-1,3631,3591,3983,-1,3618,3611,3984,-1,3678,3680,3985,-1,3985,3680,3682,-1,3684,3686,3454,-1,3663,3665,3986,-1,3709,3987,3710,-1,3843,3804,3988,-1,3848,3846,3989,-1,3894,3896,3990,-1,3990,3896,3898,-1,3900,3902,3423,-1,3890,3508,3991,-1,3520,3992,3487,-1,3515,3982,3497,-1,3497,3982,3993,-1,3497,3993,3521,-1,3515,3517,3592,-1,3992,3520,3994,-1,3994,3520,3519,-1,3994,3519,3518,-1,3491,3995,3492,-1,3492,3995,3996,-1,3492,3996,3484,-1,3997,3540,3996,-1,3996,3540,3485,-1,3996,3485,3484,-1,3546,3544,3410,-1,3410,3544,3542,-1,3410,3542,3411,-1,3546,3410,3549,-1,3549,3410,3457,-1,3549,3457,3551,-1,3551,3457,3553,-1,3553,3457,3456,-1,3553,3456,3555,-1,3555,3456,3557,-1,3557,3456,3460,-1,3557,3460,3558,-1,3558,3460,3523,-1,3523,3460,3459,-1,3523,3459,3525,-1,3998,3529,3999,-1,3999,3529,3527,-1,3999,3527,3525,-1,3483,3536,4000,-1,3536,3537,4000,-1,4000,3537,3533,-1,4000,3533,3998,-1,3998,3533,3531,-1,3998,3531,3529,-1,3503,3501,4001,-1,4001,3501,3500,-1,4001,3500,4002,-1,4002,3500,3512,-1,4002,3512,3483,-1,3503,4001,3504,-1,3504,4001,4003,-1,3504,4003,3991,-1,3508,3506,3991,-1,3991,3506,3505,-1,3991,3505,3504,-1,4004,4005,3865,-1,3865,3921,4004,-1,4004,3921,3920,-1,4004,3920,4003,-1,4003,3920,3919,-1,4003,3919,3991,-1,3991,3919,3881,-1,3991,3881,3890,-1,4006,3915,3866,-1,4007,4008,3909,-1,3909,3911,4007,-1,4007,3911,3913,-1,4007,3913,4006,-1,4006,3913,3916,-1,4006,3916,3915,-1,3413,3412,3928,-1,3928,3930,3413,-1,3413,3930,3903,-1,3413,3903,3406,-1,3406,3903,3905,-1,3406,3905,3907,-1,3423,3902,3424,-1,3902,3922,3424,-1,3424,3922,3924,-1,3424,3924,3412,-1,3412,3924,3926,-1,3412,3926,3928,-1,3894,3990,3871,-1,3871,3990,4009,-1,3871,4009,3864,-1,3861,3874,4010,-1,4010,3874,4009,-1,4009,3874,3875,-1,4009,3875,3864,-1,3877,3876,4011,-1,4011,3876,3869,-1,4011,3869,4012,-1,4012,3869,3868,-1,4012,3868,3861,-1,3809,3883,4013,-1,4013,3883,3882,-1,4013,3882,4014,-1,4014,3882,3878,-1,4014,3878,3877,-1,3814,3813,4013,-1,4013,3813,3811,-1,4013,3811,3809,-1,3816,4015,3785,-1,3785,4015,4016,-1,3785,4016,3786,-1,3786,4016,3806,-1,4017,3854,4018,-1,4018,3854,3856,-1,3989,3846,4017,-1,4017,3846,3852,-1,4017,3852,3854,-1,3415,3830,3849,-1,3415,3849,3416,-1,3830,3415,3828,-1,3828,3415,3414,-1,3828,3414,3817,-1,3817,3414,3446,-1,3817,3446,3818,-1,3818,3446,3821,-1,3821,3446,3445,-1,3821,3445,3822,-1,3822,3445,3824,-1,3824,3445,3450,-1,3824,3450,3825,-1,3837,3839,4019,-1,4019,3839,3841,-1,4019,3841,3988,-1,3988,3841,3844,-1,3988,3844,3843,-1,3835,4020,3833,-1,3833,4020,3788,-1,3793,3791,4021,-1,4021,3791,4020,-1,4020,3791,3789,-1,4020,3789,3788,-1,3795,3797,4022,-1,4022,3797,3800,-1,4022,3800,3793,-1,3744,3795,3742,-1,3742,3795,4022,-1,3742,4022,3722,-1,3722,4022,4023,-1,3722,4023,3751,-1,3987,3709,4024,-1,4024,3709,3753,-1,4024,3753,3752,-1,3716,4025,3717,-1,3717,4025,4026,-1,3717,4026,3712,-1,4027,3755,4026,-1,4026,3755,3713,-1,4026,3713,3712,-1,3761,3759,3420,-1,3420,3759,3757,-1,3420,3757,3421,-1,3761,3420,3775,-1,3775,3420,3429,-1,3775,3429,3777,-1,3777,3429,3779,-1,3779,3429,3428,-1,3779,3428,3781,-1,3781,3428,3783,-1,3783,3428,3431,-1,3783,3431,3784,-1,3784,3431,3764,-1,3764,3431,3430,-1,3764,3430,3766,-1,4028,3770,4029,-1,4029,3770,3768,-1,4029,3768,3766,-1,3733,3748,4030,-1,3748,3750,4030,-1,4030,3750,3773,-1,4030,3773,4028,-1,4028,3773,3772,-1,4028,3772,3770,-1,3726,3724,4031,-1,4031,3724,3723,-1,4031,3723,4032,-1,4032,3723,3730,-1,4032,3730,3733,-1,3726,4031,3727,-1,3727,4031,4033,-1,3727,4033,3986,-1,3665,3738,3986,-1,3986,3738,3737,-1,3986,3737,3727,-1,4034,4035,3657,-1,3657,3677,4034,-1,4034,3677,3651,-1,4034,3651,4033,-1,4033,3651,3650,-1,4033,3650,3986,-1,3986,3650,3649,-1,3986,3649,3663,-1,4036,3672,3658,-1,4037,4038,3693,-1,3693,3695,4037,-1,4037,3695,3675,-1,4037,3675,4036,-1,4036,3675,3673,-1,4036,3673,3672,-1,3438,3437,3704,-1,3704,3706,3438,-1,3438,3706,3687,-1,3438,3687,3435,-1,3435,3687,3689,-1,3435,3689,3691,-1,3454,3686,3455,-1,3686,3698,3455,-1,3455,3698,3700,-1,3455,3700,3437,-1,3437,3700,3702,-1,3437,3702,3704,-1,3678,3985,3642,-1,3642,3985,4039,-1,3642,4039,3638,-1,3635,3645,4040,-1,4040,3645,4039,-1,4039,3645,3646,-1,4039,3646,3638,-1,3654,3653,4041,-1,4041,3653,3640,-1,4041,3640,4042,-1,4042,3640,3639,-1,4042,3639,3635,-1,3571,3667,4043,-1,4043,3667,3666,-1,4043,3666,4044,-1,4044,3666,3655,-1,4044,3655,3654,-1,3576,3575,4043,-1,4043,3575,3573,-1,4043,3573,3571,-1,3578,4045,3569,-1,3569,4045,4046,-1,3569,4046,3567,-1,3567,4046,3565,-1,4047,3607,4048,-1,4048,3607,3605,-1,3984,3611,4047,-1,4047,3611,3609,-1,4047,3609,3607,-1,3469,3580,3579,-1,3469,3579,3470,-1,3580,3469,3601,-1,3601,3469,3468,-1,3601,3468,3598,-1,3598,3468,3472,-1,3598,3472,3597,-1,3597,3472,3613,-1,3613,3472,3471,-1,3613,3471,3614,-1,3614,3471,3616,-1,3616,3471,3475,-1,3616,3475,3617,-1,3625,3627,4049,-1,4049,3627,3629,-1,4049,3629,3983,-1,3983,3629,3632,-1,3983,3632,3631,-1,3623,4050,3621,-1,3621,4050,3582,-1,3587,3585,4051,-1,4051,3585,4050,-1,4050,3585,3583,-1,4050,3583,3582,-1,3515,3592,3982,-1,3982,3592,3560,-1,3982,3560,3588,-1,3793,4021,4022,-1,4022,4021,4024,-1,4022,4024,4023,-1,4023,4024,3752,-1,4023,3752,3751,-1,3877,4011,4014,-1,4014,4011,4015,-1,4014,4015,4013,-1,4013,4015,3816,-1,4013,3816,3814,-1,3587,4051,3982,-1,3982,4051,3994,-1,3982,3994,3993,-1,3993,3994,3518,-1,3993,3518,3521,-1,3654,4041,4044,-1,4044,4041,4045,-1,4044,4045,4043,-1,4043,4045,3578,-1,4043,3578,3576,-1,3837,4019,3835,-1,3835,4019,4052,-1,3835,4052,4020,-1,4020,4052,4053,-1,4020,4053,4021,-1,4021,4053,4054,-1,4021,4054,4024,-1,4024,4054,4025,-1,4024,4025,3987,-1,3987,4025,3716,-1,3987,3716,3710,-1,3861,4010,4012,-1,4012,4010,4055,-1,4012,4055,4011,-1,4011,4055,4056,-1,4011,4056,4015,-1,4015,4056,4018,-1,4015,4018,4016,-1,4016,4018,3856,-1,4016,3856,3806,-1,3483,4000,4002,-1,4002,4000,4057,-1,4002,4057,4001,-1,4001,4057,4058,-1,4001,4058,4003,-1,4003,4058,4059,-1,4003,4059,4004,-1,4004,4059,4006,-1,4004,4006,4005,-1,4005,4006,3866,-1,4005,3866,3865,-1,3625,4049,3623,-1,3623,4049,4060,-1,3623,4060,4050,-1,4050,4060,4061,-1,4050,4061,4051,-1,4051,4061,4062,-1,4051,4062,3994,-1,3994,4062,3995,-1,3994,3995,3992,-1,3992,3995,3491,-1,3992,3491,3487,-1,3635,4040,4042,-1,4042,4040,4063,-1,4042,4063,4041,-1,4041,4063,4064,-1,4041,4064,4045,-1,4045,4064,4048,-1,4045,4048,4046,-1,4046,4048,3605,-1,4046,3605,3565,-1,3733,4030,4032,-1,4032,4030,4065,-1,4032,4065,4031,-1,4031,4065,4066,-1,4031,4066,4033,-1,4033,4066,4067,-1,4033,4067,4034,-1,4034,4067,4036,-1,4034,4036,4035,-1,4035,4036,3658,-1,4035,3658,3657,-1,3825,3450,3804,-1,3804,3450,3449,-1,3804,3449,3988,-1,3988,3449,3448,-1,3988,3448,4019,-1,4019,3448,3447,-1,4019,3447,4052,-1,4052,3447,3417,-1,4052,3417,4053,-1,4053,3417,3419,-1,4053,3419,4054,-1,4054,3419,3418,-1,4054,3418,4025,-1,4025,3418,3422,-1,4025,3422,4026,-1,4026,3422,3421,-1,4026,3421,4027,-1,4027,3421,3757,-1,4027,3757,3755,-1,3900,3423,3898,-1,3898,3423,3427,-1,3898,3427,3990,-1,3990,3427,3426,-1,3990,3426,4009,-1,4009,3426,3425,-1,4009,3425,4010,-1,4010,3425,3444,-1,4010,3444,4055,-1,4055,3444,3443,-1,4055,3443,4056,-1,4056,3443,3442,-1,4056,3442,4018,-1,4018,3442,3409,-1,4018,3409,4017,-1,4017,3409,3416,-1,4017,3416,3989,-1,3989,3416,3849,-1,3989,3849,3848,-1,3525,3459,3999,-1,3999,3459,3458,-1,3999,3458,3998,-1,3998,3458,3441,-1,3998,3441,4000,-1,4000,3441,3440,-1,4000,3440,4057,-1,4057,3440,3439,-1,4057,3439,4058,-1,4058,3439,3405,-1,4058,3405,4059,-1,4059,3405,3408,-1,4059,3408,4006,-1,4006,3408,3407,-1,4006,3407,4007,-1,4007,3407,3406,-1,4007,3406,4008,-1,4008,3406,3907,-1,4008,3907,3909,-1,3617,3475,3591,-1,3591,3475,3474,-1,3591,3474,3983,-1,3983,3474,3473,-1,3983,3473,4049,-1,4049,3473,3477,-1,4049,3477,4060,-1,4060,3477,3476,-1,4060,3476,4061,-1,4061,3476,3480,-1,4061,3480,4062,-1,4062,3480,3479,-1,4062,3479,3995,-1,3995,3479,3478,-1,3995,3478,3996,-1,3996,3478,3411,-1,3996,3411,3997,-1,3997,3411,3542,-1,3997,3542,3540,-1,3684,3454,3682,-1,3682,3454,3463,-1,3682,3463,3985,-1,3985,3463,3462,-1,3985,3462,4039,-1,4039,3462,3461,-1,4039,3461,4040,-1,4040,3461,3465,-1,4040,3465,4063,-1,4063,3465,3464,-1,4063,3464,4064,-1,4064,3464,3467,-1,4064,3467,4048,-1,4048,3467,3466,-1,4048,3466,4047,-1,4047,3466,3470,-1,4047,3470,3984,-1,3984,3470,3579,-1,3984,3579,3618,-1,3766,3430,4029,-1,4029,3430,3434,-1,4029,3434,4028,-1,4028,3434,3433,-1,4028,3433,4030,-1,4030,3433,3432,-1,4030,3432,4065,-1,4065,3432,3453,-1,4065,3453,4066,-1,4066,3453,3452,-1,4066,3452,4067,-1,4067,3452,3451,-1,4067,3451,4036,-1,4036,3451,3436,-1,4036,3436,4037,-1,4037,3436,3435,-1,4037,3435,4038,-1,4038,3435,3691,-1,4038,3691,3693,-1,3859,4068,3860,-1,3847,3832,4069,-1,3842,3840,4070,-1,3754,3756,4071,-1,4071,3756,3758,-1,3760,3762,3365,-1,3739,3664,4072,-1,3633,4073,3634,-1,3619,3581,4074,-1,3630,3628,4075,-1,3539,3541,4076,-1,4076,3541,3543,-1,3545,3547,3381,-1,3509,4077,3507,-1,3507,4077,3502,-1,4078,4079,3481,-1,3510,4080,3511,-1,3511,4080,4078,-1,3511,4078,3538,-1,3538,4078,3481,-1,4081,3534,3482,-1,4082,4083,3528,-1,3528,3530,4082,-1,4082,3530,3532,-1,4082,3532,4081,-1,4081,3532,3535,-1,4081,3535,3534,-1,3377,3354,3554,-1,3554,3556,3377,-1,3377,3556,3522,-1,3377,3522,3378,-1,3378,3522,3524,-1,3378,3524,3526,-1,3381,3547,3382,-1,3547,3548,3382,-1,3382,3548,3550,-1,3382,3550,3354,-1,3354,3550,3552,-1,3354,3552,3554,-1,3539,4076,3490,-1,3490,4076,4084,-1,3490,4084,3486,-1,3488,3493,4085,-1,4085,3493,4084,-1,4084,3493,3494,-1,4084,3494,3486,-1,3498,3496,4086,-1,4086,3496,3495,-1,4086,3495,4087,-1,4087,3495,3489,-1,4087,3489,3488,-1,3516,3514,4088,-1,4088,3514,3513,-1,4088,3513,4089,-1,4089,3513,3499,-1,4089,3499,3498,-1,3562,3594,4088,-1,4088,3594,3593,-1,4088,3593,3516,-1,3561,4090,3559,-1,3559,4090,4091,-1,3559,4091,3586,-1,3586,4091,3584,-1,4092,3624,4093,-1,4093,3624,3622,-1,4075,3628,4092,-1,4092,3628,3626,-1,4092,3626,3624,-1,3395,3590,3589,-1,3395,3589,3399,-1,3590,3395,3615,-1,3615,3395,3394,-1,3615,3394,3595,-1,3595,3394,3404,-1,3595,3404,3596,-1,3596,3404,3599,-1,3599,3404,3403,-1,3599,3403,3600,-1,3600,3403,3602,-1,3602,3403,3402,-1,3602,3402,3603,-1,3608,3610,4094,-1,4094,3610,3612,-1,4094,3612,4074,-1,4074,3612,3620,-1,4074,3620,3619,-1,3606,4095,3604,-1,3604,4095,3563,-1,3568,3566,4096,-1,4096,3566,4095,-1,4095,3566,3564,-1,4095,3564,3563,-1,3572,3574,4097,-1,4097,3574,3577,-1,4097,3577,3568,-1,3570,3572,3668,-1,3668,3572,4097,-1,3668,4097,3641,-1,3641,4097,4098,-1,3641,4098,3669,-1,4073,3633,4099,-1,4099,3633,3671,-1,4099,3671,3670,-1,3643,4100,3644,-1,3644,4100,4101,-1,3644,4101,3636,-1,4102,3679,4101,-1,4101,3679,3637,-1,4101,3637,3636,-1,3685,3683,3330,-1,3330,3683,3681,-1,3330,3681,3331,-1,3685,3330,3699,-1,3699,3330,3333,-1,3699,3333,3701,-1,3701,3333,3703,-1,3703,3333,3332,-1,3703,3332,3705,-1,3705,3332,3707,-1,3707,3332,3364,-1,3707,3364,3708,-1,3708,3364,3688,-1,3688,3364,3363,-1,3688,3363,3690,-1,4103,3694,4104,-1,4104,3694,3692,-1,4104,3692,3690,-1,3659,3674,4105,-1,3674,3676,4105,-1,4105,3676,3697,-1,4105,3697,4103,-1,4103,3697,3696,-1,4103,3696,3694,-1,3647,3660,4106,-1,4106,3660,3652,-1,4106,3652,4107,-1,4107,3652,3656,-1,4107,3656,3659,-1,3647,4106,3648,-1,3648,4106,4108,-1,3648,4108,4072,-1,3664,3662,4072,-1,4072,3662,3661,-1,4072,3661,3648,-1,4109,4110,3731,-1,3731,3745,4109,-1,4109,3745,3729,-1,4109,3729,4108,-1,4108,3729,3728,-1,4108,3728,4072,-1,4072,3728,3725,-1,4072,3725,3739,-1,4111,3746,3732,-1,4112,4113,3769,-1,3769,3771,4112,-1,4112,3771,3749,-1,4112,3749,4111,-1,4111,3749,3747,-1,4111,3747,3746,-1,3344,3337,3780,-1,3780,3782,3344,-1,3344,3782,3763,-1,3344,3763,3345,-1,3345,3763,3765,-1,3345,3765,3767,-1,3365,3762,3366,-1,3762,3774,3366,-1,3366,3774,3776,-1,3366,3776,3337,-1,3337,3776,3778,-1,3337,3778,3780,-1,3754,4071,3715,-1,3715,4071,4114,-1,3715,4114,3714,-1,3711,3718,4115,-1,4115,3718,4114,-1,4114,3718,3719,-1,4114,3719,3714,-1,3735,3734,4116,-1,4116,3734,3721,-1,4116,3721,4117,-1,4117,3721,3720,-1,4117,3720,3711,-1,3743,3741,4118,-1,4118,3741,3740,-1,4118,3740,4119,-1,4119,3740,3736,-1,4119,3736,3735,-1,3799,3798,4118,-1,4118,3798,3796,-1,4118,3796,3743,-1,3801,4120,3794,-1,3794,4120,4121,-1,3794,4121,3792,-1,3792,4121,3790,-1,4122,3836,4123,-1,4123,3836,3834,-1,4070,3840,4122,-1,4122,3840,3838,-1,4122,3838,3836,-1,3349,3803,3802,-1,3349,3802,3372,-1,3803,3349,3823,-1,3823,3349,3348,-1,3823,3348,3820,-1,3820,3348,3387,-1,3820,3387,3819,-1,3819,3387,3826,-1,3826,3387,3386,-1,3826,3386,3827,-1,3827,3386,3829,-1,3829,3386,3385,-1,3829,3385,3831,-1,3853,3851,4124,-1,4124,3851,3850,-1,4124,3850,4069,-1,4069,3850,3845,-1,4069,3845,3847,-1,3855,4125,3857,-1,3857,4125,3858,-1,3787,3805,4126,-1,4126,3805,4125,-1,4125,3805,3807,-1,4125,3807,3858,-1,3810,3812,4127,-1,4127,3812,3815,-1,4127,3815,3787,-1,3808,3810,3884,-1,3884,3810,4127,-1,3884,4127,3870,-1,3870,4127,4128,-1,3870,4128,3891,-1,4068,3859,4129,-1,4129,3859,3893,-1,4129,3893,3892,-1,3872,4130,3873,-1,3873,4130,4131,-1,3873,4131,3862,-1,4132,3895,4131,-1,4131,3895,3863,-1,4131,3863,3862,-1,3901,3899,3340,-1,3340,3899,3897,-1,3340,3897,3341,-1,3901,3340,3923,-1,3923,3340,3353,-1,3923,3353,3925,-1,3925,3353,3927,-1,3927,3353,3352,-1,3927,3352,3929,-1,3929,3352,3931,-1,3931,3352,3376,-1,3931,3376,3932,-1,3932,3376,3904,-1,3904,3376,3375,-1,3904,3375,3906,-1,4133,3910,4134,-1,4134,3910,3908,-1,4134,3908,3906,-1,3867,3917,4135,-1,3917,3918,4135,-1,4135,3918,3914,-1,4135,3914,4133,-1,4133,3914,3912,-1,4133,3912,3910,-1,3879,3885,4136,-1,4136,3885,3887,-1,4136,3887,4137,-1,4137,3887,3886,-1,4137,3886,3867,-1,3879,4136,3880,-1,3880,4136,4080,-1,3880,4080,4077,-1,4077,4080,3510,-1,4077,3510,3502,-1,3509,3889,4077,-1,4077,3889,3888,-1,4077,3888,3880,-1,3568,4096,4097,-1,4097,4096,4099,-1,4097,4099,4098,-1,4098,4099,3670,-1,4098,3670,3669,-1,3498,4086,4089,-1,4089,4086,4090,-1,4089,4090,4088,-1,4088,4090,3561,-1,4088,3561,3562,-1,3787,4126,4127,-1,4127,4126,4129,-1,4127,4129,4128,-1,4128,4129,3892,-1,4128,3892,3891,-1,3735,4116,4119,-1,4119,4116,4120,-1,4119,4120,4118,-1,4118,4120,3801,-1,4118,3801,3799,-1,3608,4094,3606,-1,3606,4094,4138,-1,3606,4138,4095,-1,4095,4138,4139,-1,4095,4139,4096,-1,4096,4139,4140,-1,4096,4140,4099,-1,4099,4140,4100,-1,4099,4100,4073,-1,4073,4100,3643,-1,4073,3643,3634,-1,3488,4085,4087,-1,4087,4085,4141,-1,4087,4141,4086,-1,4086,4141,4142,-1,4086,4142,4090,-1,4090,4142,4093,-1,4090,4093,4091,-1,4091,4093,3622,-1,4091,3622,3584,-1,3867,4135,4137,-1,4137,4135,4143,-1,4137,4143,4136,-1,4136,4143,4144,-1,4136,4144,4080,-1,4080,4144,4145,-1,4080,4145,4078,-1,4078,4145,4081,-1,4078,4081,4079,-1,4079,4081,3482,-1,4079,3482,3481,-1,3853,4124,3855,-1,3855,4124,4146,-1,3855,4146,4125,-1,4125,4146,4147,-1,4125,4147,4126,-1,4126,4147,4148,-1,4126,4148,4129,-1,4129,4148,4130,-1,4129,4130,4068,-1,4068,4130,3872,-1,4068,3872,3860,-1,3711,4115,4117,-1,4117,4115,4149,-1,4117,4149,4116,-1,4116,4149,4150,-1,4116,4150,4120,-1,4120,4150,4123,-1,4120,4123,4121,-1,4121,4123,3834,-1,4121,3834,3790,-1,3659,4105,4107,-1,4107,4105,4151,-1,4107,4151,4106,-1,4106,4151,4152,-1,4106,4152,4108,-1,4108,4152,4153,-1,4108,4153,4109,-1,4109,4153,4111,-1,4109,4111,4110,-1,4110,4111,3732,-1,4110,3732,3731,-1,3603,3402,3581,-1,3581,3402,3358,-1,3581,3358,4074,-1,4074,3358,3357,-1,4074,3357,4094,-1,4094,3357,3361,-1,4094,3361,4138,-1,4138,3361,3360,-1,4138,3360,4139,-1,4139,3360,3359,-1,4139,3359,4140,-1,4140,3359,3343,-1,4140,3343,4100,-1,4100,3343,3342,-1,4100,3342,4101,-1,4101,3342,3331,-1,4101,3331,4102,-1,4102,3331,3681,-1,4102,3681,3679,-1,3545,3381,3543,-1,3543,3381,3380,-1,3543,3380,4076,-1,4076,3380,3356,-1,4076,3356,4084,-1,4084,3356,3355,-1,4084,3355,4085,-1,4085,3355,3384,-1,4085,3384,4141,-1,4141,3384,3383,-1,4141,3383,4142,-1,4142,3383,3401,-1,4142,3401,4093,-1,4093,3401,3400,-1,4093,3400,4092,-1,4092,3400,3399,-1,4092,3399,4075,-1,4075,3399,3589,-1,4075,3589,3630,-1,3906,3375,4134,-1,4134,3375,3393,-1,4134,3393,4133,-1,4133,3393,3392,-1,4133,3392,4135,-1,4135,3392,3391,-1,4135,3391,4143,-1,4143,3391,3398,-1,4143,3398,4144,-1,4144,3398,3397,-1,4144,3397,4145,-1,4145,3397,3396,-1,4145,3396,4081,-1,4081,3396,3379,-1,4081,3379,4082,-1,4082,3379,3378,-1,4082,3378,4083,-1,4083,3378,3526,-1,4083,3526,3528,-1,3831,3385,3832,-1,3832,3385,3339,-1,3832,3339,4069,-1,4069,3339,3338,-1,4069,3338,4124,-1,4124,3338,3351,-1,4124,3351,4146,-1,4146,3351,3350,-1,4146,3350,4147,-1,4147,3350,3390,-1,4147,3390,4148,-1,4148,3390,3389,-1,4148,3389,4130,-1,4130,3389,3388,-1,4130,3388,4131,-1,4131,3388,3341,-1,4131,3341,4132,-1,4132,3341,3897,-1,4132,3897,3895,-1,3760,3365,3758,-1,3758,3365,3369,-1,3758,3369,4071,-1,4071,3369,3368,-1,4071,3368,4114,-1,4114,3368,3367,-1,4114,3367,4115,-1,4115,3367,3371,-1,4115,3371,4149,-1,4149,3371,3370,-1,4149,3370,4150,-1,4150,3370,3374,-1,4150,3374,4123,-1,4123,3374,3373,-1,4123,3373,4122,-1,4122,3373,3372,-1,4122,3372,4070,-1,4070,3372,3802,-1,4070,3802,3842,-1,3690,3363,4104,-1,4104,3363,3362,-1,4104,3362,4103,-1,4103,3362,3336,-1,4103,3336,4105,-1,4105,3336,3335,-1,4105,3335,4151,-1,4151,3335,3334,-1,4151,3334,4152,-1,4152,3334,3329,-1,4152,3329,4153,-1,4153,3329,3347,-1,4153,3347,4111,-1,4111,3347,3346,-1,4111,3346,4112,-1,4112,3346,3345,-1,4112,3345,4113,-1,4113,3345,3767,-1,4113,3767,3769,-1,3314,4154,4155,-1,2961,2965,4156,-1,4156,2965,2964,-1,4156,2964,4157,-1,4157,2964,2967,-1,4157,2967,2966,-1,4156,4158,2961,-1,2961,4158,4159,-1,2961,4159,2962,-1,4159,4160,2962,-1,2962,4160,4161,-1,2962,4161,2958,-1,2958,4161,2959,-1,4161,4162,2959,-1,2959,4162,4163,-1,2959,4163,2952,-1,2952,4163,4164,-1,2950,2956,4165,-1,4165,2956,2955,-1,4165,2955,4164,-1,4164,2955,2953,-1,4164,2953,2952,-1,2951,4166,2944,-1,2944,4166,4167,-1,4168,2947,4167,-1,4167,2947,2945,-1,4167,2945,2944,-1,3324,3328,4169,-1,4169,3328,3327,-1,4169,3327,4170,-1,4170,3327,3326,-1,4170,3326,3066,-1,4169,4171,3324,-1,3324,4171,4172,-1,3324,4172,3325,-1,3325,4172,4173,-1,3325,4173,3319,-1,3319,4173,4174,-1,3319,4174,3320,-1,4174,4175,3320,-1,3320,4175,4176,-1,3320,4176,3321,-1,3321,4176,4154,-1,3321,4154,3322,-1,3322,4154,3314,-1,4177,3316,4155,-1,4155,3316,3315,-1,4155,3315,3314,-1,3310,3308,4178,-1,4178,3308,3307,-1,4178,3307,4177,-1,4177,3307,3317,-1,4177,3317,3316,-1,4179,4180,4181,-1,4181,4180,4182,-1,4181,4182,4183,-1,4183,4182,4184,-1,4185,4186,4187,-1,4187,4186,4188,-1,4187,4188,4189,-1,4189,4188,4190,-1,4191,4192,4193,-1,4193,4192,4194,-1,4193,4194,4195,-1,4195,4194,4196,-1,4197,4198,4199,-1,4199,4198,4200,-1,4199,4200,4201,-1,4201,4200,4202,-1,4203,4204,4205,-1,4205,4204,4206,-1,4205,4206,4207,-1,4207,4206,4208,-1,4209,4210,4211,-1,4211,4210,4212,-1,4211,4212,4213,-1,4213,4212,4214,-1,4213,4214,4215,-1,4216,4217,4218,-1,4218,4217,4219,-1,4218,4219,4220,-1,4220,4219,4221,-1,4222,4223,4224,-1,4224,4223,4225,-1,4224,4225,4226,-1,4226,4225,4227,-1,4228,4229,4230,-1,4230,4229,4231,-1,4230,4231,4232,-1,4232,4231,4233,-1,4234,4235,4236,-1,4236,4235,4237,-1,4236,4237,4238,-1,4238,4237,4239,-1,4240,4241,4242,-1,4242,4241,4243,-1,4242,4243,4244,-1,4244,4243,4245,-1,4246,4247,4248,-1,4248,4247,4249,-1,4248,4249,4250,-1,4250,4249,4251,-1,4252,4253,4254,-1,4254,4253,4255,-1,4254,4255,4256,-1,4256,4255,4257,-1,4258,4259,4260,-1,4260,4259,4261,-1,4260,4261,4262,-1,4262,4261,4263,-1,4264,4265,4266,-1,4266,4265,4267,-1,4266,4267,4268,-1,4268,4267,4269,-1,4270,4271,4272,-1,4272,4271,4273,-1,4272,4273,4274,-1,4274,4273,4275,-1,4276,4277,4278,-1,4278,4277,4279,-1,4278,4279,4280,-1,4280,4279,4281,-1,4282,4283,4284,-1,4284,4283,4285,-1,4284,4285,4286,-1,4286,4285,4287,-1,4288,4289,4290,-1,4290,4289,4291,-1,4290,4291,4292,-1,4292,4291,4293,-1,4294,4295,4296,-1,4296,4295,4297,-1,4296,4297,4298,-1,4298,4297,4299,-1,4300,4301,4302,-1,4302,4301,4303,-1,4302,4303,4304,-1,4304,4303,4305,-1,4306,4307,4308,-1,4308,4307,4309,-1,4308,4309,4310,-1,4310,4309,4311,-1,4312,4313,4314,-1,4314,4313,4315,-1,4314,4315,4316,-1,4316,4315,4317,-1,4318,4319,4320,-1,4320,4319,4321,-1,4320,4321,4322,-1,4322,4321,4323,-1,4324,4325,4326,-1,4326,4325,4327,-1,4326,4327,4328,-1,4328,4327,4329,-1,4330,4331,4332,-1,4332,4331,4333,-1,4332,4333,4334,-1,4334,4333,4335,-1,4336,4337,4338,-1,4338,4337,4339,-1,4338,4339,4340,-1,4340,4339,4341,-1,4342,4343,4344,-1,4344,4343,4345,-1,4344,4345,4346,-1,4346,4345,4347,-1,4348,4349,4350,-1,4350,4349,4351,-1,4350,4351,4352,-1,4352,4351,4353,-1,4354,4355,4356,-1,4356,4355,4357,-1,4356,4357,4358,-1,4358,4357,4359,-1,4360,4361,4362,-1,4362,4361,4363,-1,4362,4363,4364,-1,4365,4366,4367,-1,4367,4366,4368,-1,4367,4368,4369,-1,4369,4368,4370,-1,4369,4370,4371,-1,4372,4373,4374,-1,4374,4373,4375,-1,4374,4375,4376,-1,4376,4375,4377,-1,4378,4379,4380,-1,4380,4379,4381,-1,4380,4381,4382,-1,4383,4384,4385,-1,4385,4384,4386,-1,4385,4386,4387,-1,4387,4386,4388,-1,4389,4390,4178,-1,4178,4390,4391,-1,4178,4391,3310,-1,4389,4392,4390,-1,4390,4392,4393,-1,4390,4393,4394,-1,4394,4393,4395,-1,4394,4395,4396,-1,4176,4397,4154,-1,4154,4397,4398,-1,4154,4398,4155,-1,4155,4398,4399,-1,4155,4399,4177,-1,4177,4399,4400,-1,4177,4400,4178,-1,4178,4400,4401,-1,4178,4401,4389,-1,4402,4165,4403,-1,4403,4165,4164,-1,4403,4164,4404,-1,4404,4164,4163,-1,4402,4405,4165,-1,4165,4405,4166,-1,4165,4166,2950,-1,2950,4166,2951,-1,4406,4167,4407,-1,4407,4167,4166,-1,4407,4166,4408,-1,4408,4166,4405,-1,4406,4409,4167,-1,4167,4409,4180,-1,4167,4180,4168,-1,4168,4180,4179,-1,4410,4182,4411,-1,4411,4182,4180,-1,4411,4180,4412,-1,4412,4180,4409,-1,4410,4413,4182,-1,4182,4413,4186,-1,4182,4186,4184,-1,4184,4186,4185,-1,4414,4188,4415,-1,4415,4188,4186,-1,4415,4186,4416,-1,4416,4186,4413,-1,4414,4417,4188,-1,4188,4417,4192,-1,4188,4192,4190,-1,4190,4192,4191,-1,4418,4194,4419,-1,4419,4194,4192,-1,4419,4192,4420,-1,4420,4192,4417,-1,4418,4421,4194,-1,4194,4421,4198,-1,4194,4198,4196,-1,4196,4198,4197,-1,4422,4200,4423,-1,4423,4200,4198,-1,4423,4198,4424,-1,4424,4198,4421,-1,4422,4425,4200,-1,4200,4425,4204,-1,4200,4204,4202,-1,4202,4204,4203,-1,4426,4206,4427,-1,4427,4206,4204,-1,4427,4204,4428,-1,4428,4204,4425,-1,4426,4429,4206,-1,4206,4429,4213,-1,4206,4213,4208,-1,4208,4213,4215,-1,4430,4211,4431,-1,4431,4211,4213,-1,4431,4213,4432,-1,4432,4213,4429,-1,4430,4433,4211,-1,4211,4433,4217,-1,4211,4217,4209,-1,4209,4217,4216,-1,4434,4219,4435,-1,4435,4219,4217,-1,4435,4217,4436,-1,4436,4217,4433,-1,4434,4437,4219,-1,4219,4437,4223,-1,4219,4223,4221,-1,4221,4223,4222,-1,4438,4225,4439,-1,4439,4225,4223,-1,4439,4223,4440,-1,4440,4223,4437,-1,4438,4441,4225,-1,4225,4441,4229,-1,4225,4229,4227,-1,4227,4229,4228,-1,4442,4231,4443,-1,4443,4231,4229,-1,4443,4229,4444,-1,4444,4229,4441,-1,4442,4445,4231,-1,4231,4445,4235,-1,4231,4235,4233,-1,4233,4235,4234,-1,4446,4237,4447,-1,4447,4237,4235,-1,4447,4235,4448,-1,4448,4235,4445,-1,4446,4449,4237,-1,4237,4449,4241,-1,4237,4241,4239,-1,4239,4241,4240,-1,4450,4243,4451,-1,4451,4243,4241,-1,4451,4241,4452,-1,4452,4241,4449,-1,4450,4453,4243,-1,4243,4453,4247,-1,4243,4247,4245,-1,4245,4247,4246,-1,4454,4249,4455,-1,4455,4249,4247,-1,4455,4247,4456,-1,4456,4247,4453,-1,4454,4457,4249,-1,4249,4457,4253,-1,4249,4253,4251,-1,4251,4253,4252,-1,4458,4255,4459,-1,4459,4255,4253,-1,4459,4253,4460,-1,4460,4253,4457,-1,4458,4461,4255,-1,4255,4461,4259,-1,4255,4259,4257,-1,4257,4259,4258,-1,4462,4261,4463,-1,4463,4261,4259,-1,4463,4259,4464,-1,4464,4259,4461,-1,4462,4465,4261,-1,4261,4465,4265,-1,4261,4265,4263,-1,4263,4265,4264,-1,4466,4267,4467,-1,4467,4267,4265,-1,4467,4265,4468,-1,4468,4265,4465,-1,4466,4469,4267,-1,4267,4469,4271,-1,4267,4271,4269,-1,4269,4271,4270,-1,4470,4273,4471,-1,4471,4273,4271,-1,4471,4271,4472,-1,4472,4271,4469,-1,4470,4473,4273,-1,4273,4473,4277,-1,4273,4277,4275,-1,4275,4277,4276,-1,4474,4279,4475,-1,4475,4279,4277,-1,4475,4277,4476,-1,4476,4277,4473,-1,4474,4477,4279,-1,4279,4477,4283,-1,4279,4283,4281,-1,4281,4283,4282,-1,4478,4285,4479,-1,4479,4285,4283,-1,4479,4283,4480,-1,4480,4283,4477,-1,4478,4481,4285,-1,4285,4481,4289,-1,4285,4289,4287,-1,4287,4289,4288,-1,4482,4291,4483,-1,4483,4291,4289,-1,4483,4289,4484,-1,4484,4289,4481,-1,4482,4485,4291,-1,4291,4485,4295,-1,4291,4295,4293,-1,4293,4295,4294,-1,4486,4297,4487,-1,4487,4297,4295,-1,4487,4295,4488,-1,4488,4295,4485,-1,4486,4489,4297,-1,4297,4489,4301,-1,4297,4301,4299,-1,4299,4301,4300,-1,4490,4303,4491,-1,4491,4303,4301,-1,4491,4301,4492,-1,4492,4301,4489,-1,4490,4493,4303,-1,4303,4493,4307,-1,4303,4307,4305,-1,4305,4307,4306,-1,4494,4309,4495,-1,4495,4309,4307,-1,4495,4307,4496,-1,4496,4307,4493,-1,4494,4497,4309,-1,4309,4497,4313,-1,4309,4313,4311,-1,4311,4313,4312,-1,4498,4315,4499,-1,4499,4315,4313,-1,4499,4313,4500,-1,4500,4313,4497,-1,4498,4501,4315,-1,4315,4501,4319,-1,4315,4319,4317,-1,4317,4319,4318,-1,4502,4321,4503,-1,4503,4321,4319,-1,4503,4319,4504,-1,4504,4319,4501,-1,4502,4505,4321,-1,4321,4505,4325,-1,4321,4325,4323,-1,4323,4325,4324,-1,4506,4327,4507,-1,4507,4327,4325,-1,4507,4325,4508,-1,4508,4325,4505,-1,4506,4509,4327,-1,4327,4509,4331,-1,4327,4331,4329,-1,4329,4331,4330,-1,4510,4333,4511,-1,4511,4333,4331,-1,4511,4331,4512,-1,4512,4331,4509,-1,4510,4513,4333,-1,4333,4513,4337,-1,4333,4337,4335,-1,4335,4337,4336,-1,4514,4339,4515,-1,4515,4339,4337,-1,4515,4337,4516,-1,4516,4337,4513,-1,4514,4517,4339,-1,4339,4517,4343,-1,4339,4343,4341,-1,4341,4343,4342,-1,4518,4345,4519,-1,4519,4345,4343,-1,4519,4343,4520,-1,4520,4343,4517,-1,4518,4521,4345,-1,4345,4521,4349,-1,4345,4349,4347,-1,4347,4349,4348,-1,4522,4351,4523,-1,4523,4351,4349,-1,4523,4349,4524,-1,4524,4349,4521,-1,4522,4525,4351,-1,4351,4525,4355,-1,4351,4355,4353,-1,4353,4355,4354,-1,4526,4357,4527,-1,4527,4357,4355,-1,4527,4355,4528,-1,4528,4355,4525,-1,4526,4529,4357,-1,4357,4529,4364,-1,4357,4364,4359,-1,4359,4364,4363,-1,4530,4362,4531,-1,4531,4362,4364,-1,4531,4364,4532,-1,4532,4364,4529,-1,4530,4533,4362,-1,4362,4533,4369,-1,4362,4369,4360,-1,4360,4369,4371,-1,4534,4367,4535,-1,4535,4367,4369,-1,4535,4369,4536,-1,4536,4369,4533,-1,4534,4537,4367,-1,4367,4537,4373,-1,4367,4373,4365,-1,4365,4373,4372,-1,4538,4375,4539,-1,4539,4375,4373,-1,4539,4373,4540,-1,4540,4373,4537,-1,4538,4541,4375,-1,4375,4541,4382,-1,4375,4382,4377,-1,4377,4382,4381,-1,4542,4380,4543,-1,4543,4380,4382,-1,4543,4382,4544,-1,4544,4382,4541,-1,4542,4545,4380,-1,4380,4545,4384,-1,4380,4384,4378,-1,4378,4384,4383,-1,4546,4386,4547,-1,4547,4386,4384,-1,4547,4384,4548,-1,4548,4384,4545,-1,4546,4549,4386,-1,4386,4549,4394,-1,4386,4394,4388,-1,4388,4394,4396,-1,4549,4550,4394,-1,4394,4550,4551,-1,4394,4551,4390,-1,4390,4551,4552,-1,4390,4552,4391,-1,3179,3178,4553,-1,3195,3194,4554,-1,3228,3227,4503,-1,4555,4556,3032,-1,3035,3034,4556,-1,4556,3034,3033,-1,4556,3033,3032,-1,4557,4558,3031,-1,3031,3030,4557,-1,4557,3030,3028,-1,4557,3028,3035,-1,4559,3026,4558,-1,4558,3026,3025,-1,3025,3023,4558,-1,4558,3023,3022,-1,4558,3022,3031,-1,3016,3018,4560,-1,4560,3018,3021,-1,4560,3021,4559,-1,4559,3021,3020,-1,4559,3020,3026,-1,3013,3012,4561,-1,4561,3012,3011,-1,4561,3011,4560,-1,4560,3011,3014,-1,4560,3014,3016,-1,3013,4561,3009,-1,3009,4561,4562,-1,3009,4562,3010,-1,3004,3007,4562,-1,4562,3007,3006,-1,4562,3006,3010,-1,4562,4409,4406,-1,4562,4406,3004,-1,3004,4406,4407,-1,3004,4407,3002,-1,4403,2998,2997,-1,4403,2997,4402,-1,2997,2995,4402,-1,4402,2995,2993,-1,4402,2993,4405,-1,4405,2993,2992,-1,4405,2992,4408,-1,4408,2992,2999,-1,4408,2999,4407,-1,4407,2999,3001,-1,4407,3001,3002,-1,2998,4403,2987,-1,2987,4403,4404,-1,2987,4404,2988,-1,2988,4404,4163,-1,2988,4163,2990,-1,4161,2985,4162,-1,4162,2985,2983,-1,4162,2983,4163,-1,4163,2983,2991,-1,4163,2991,2990,-1,4159,2978,4160,-1,4160,2978,2977,-1,4160,2977,4161,-1,4161,2977,2986,-1,4161,2986,2985,-1,4158,2981,4159,-1,4159,2981,2980,-1,4159,2980,2978,-1,2966,2975,4157,-1,4157,2975,2976,-1,4157,2976,4156,-1,4156,2976,2968,-1,4156,2968,4158,-1,4158,2968,2970,-1,4158,2970,2981,-1,4552,4551,3305,-1,3305,3303,4552,-1,4552,3303,3302,-1,4552,3302,4391,-1,4391,3302,3311,-1,4391,3311,3310,-1,4550,4549,3299,-1,3299,3037,4550,-1,4550,3037,3036,-1,4550,3036,4551,-1,4551,3036,3306,-1,4551,3306,3305,-1,4547,3294,4546,-1,4546,3294,3301,-1,4546,3301,4549,-1,4549,3301,3300,-1,4549,3300,3299,-1,4545,3298,4548,-1,4548,3298,3297,-1,4548,3297,4547,-1,4547,3297,3295,-1,4547,3295,3294,-1,4542,3290,4545,-1,4545,3290,3289,-1,4545,3289,3298,-1,4544,4541,3286,-1,3286,3040,4544,-1,4544,3040,3039,-1,4544,3039,4543,-1,4543,3039,3293,-1,4543,3293,4542,-1,4542,3293,3292,-1,4542,3292,3290,-1,4537,3042,3285,-1,4537,3285,4540,-1,3285,3284,4540,-1,4540,3284,3282,-1,4540,3282,4539,-1,4539,3282,3281,-1,4539,3281,4538,-1,4538,3281,3288,-1,4538,3288,4541,-1,4541,3288,3287,-1,4541,3287,3286,-1,3042,4537,3043,-1,3043,4537,4534,-1,3043,4534,3278,-1,3278,4534,3279,-1,3279,4534,4535,-1,3279,4535,3280,-1,3280,4535,4536,-1,3280,4536,3273,-1,3273,4536,4533,-1,3273,4533,3274,-1,4529,3272,4532,-1,4532,3272,3271,-1,4532,3271,4531,-1,3271,3269,4531,-1,4531,3269,3268,-1,4531,3268,4530,-1,4530,3268,3277,-1,4530,3277,4533,-1,4533,3277,3276,-1,4533,3276,3274,-1,4527,3267,4526,-1,4526,3267,3266,-1,4526,3266,4529,-1,4529,3266,3265,-1,4529,3265,3272,-1,3046,3045,4525,-1,4525,3045,4528,-1,4528,3045,3262,-1,4528,3262,4527,-1,4527,3262,3264,-1,4527,3264,3267,-1,4523,3261,4522,-1,4522,3261,3260,-1,4522,3260,4525,-1,4525,3260,3259,-1,4525,3259,3046,-1,4521,3257,4524,-1,4524,3257,3255,-1,4524,3255,4523,-1,4523,3255,3254,-1,4523,3254,3261,-1,4519,3049,4518,-1,4518,3049,3048,-1,4518,3048,4521,-1,4521,3048,3258,-1,4521,3258,3257,-1,3247,3246,4517,-1,4517,3246,3253,-1,4517,3253,4520,-1,4520,3253,3252,-1,4520,3252,4519,-1,4519,3252,3251,-1,4519,3251,3049,-1,3247,4517,3249,-1,3249,4517,4514,-1,3249,4514,3250,-1,3250,4514,4515,-1,3250,4515,3051,-1,3051,4515,3052,-1,3052,4515,4516,-1,3052,4516,3243,-1,3243,4516,3244,-1,3244,4516,4513,-1,3244,4513,3245,-1,3245,4513,4510,-1,3245,4510,3238,-1,3238,4510,4511,-1,3238,4511,3239,-1,4506,4507,3237,-1,3237,3236,4506,-1,4506,3236,3234,-1,4506,3234,4509,-1,4509,3234,3233,-1,4509,3233,4512,-1,4512,3233,3242,-1,4512,3242,4511,-1,4511,3242,3241,-1,4511,3241,3239,-1,4508,3055,4507,-1,4507,3055,3054,-1,4507,3054,3237,-1,3227,3226,4503,-1,4503,3226,3225,-1,4503,3225,4502,-1,4502,3225,3232,-1,4502,3232,4505,-1,4505,3232,3231,-1,4505,3231,4508,-1,4508,3231,3230,-1,4508,3230,3055,-1,4503,4504,3228,-1,3228,4504,4563,-1,3228,4563,3229,-1,3218,4563,4564,-1,3218,3216,4563,-1,4563,3216,3215,-1,4563,3215,3229,-1,3222,3221,4564,-1,4564,3221,3220,-1,4564,3220,3218,-1,3212,3223,4565,-1,4565,3223,3222,-1,3207,3214,4566,-1,4566,3214,4565,-1,4565,3214,3213,-1,4565,3213,3212,-1,3211,3210,4567,-1,4567,3210,3209,-1,4567,3209,4566,-1,4566,3209,3208,-1,4566,3208,3207,-1,4568,3202,4567,-1,4567,3202,3201,-1,4567,3201,3211,-1,3197,3196,4569,-1,4569,3196,3205,-1,4569,3205,4568,-1,4568,3205,3204,-1,4568,3204,3202,-1,3192,3191,4570,-1,4570,3191,3200,-1,4570,3200,4569,-1,4569,3200,3199,-1,4569,3199,3197,-1,4554,3194,4570,-1,4570,3194,3193,-1,4570,3193,3192,-1,3189,3188,4571,-1,4571,3188,3186,-1,4571,3186,4554,-1,4554,3186,3185,-1,4554,3185,3195,-1,3189,4571,3180,-1,3180,4571,4572,-1,3180,4572,3181,-1,3058,3057,4573,-1,4573,3057,3184,-1,4573,3184,4572,-1,4572,3184,3183,-1,4572,3183,3181,-1,4553,3178,4573,-1,4573,3178,3177,-1,4573,3177,3058,-1,4574,3175,3173,-1,4574,3173,4553,-1,4553,3173,3172,-1,4553,3172,3179,-1,4575,3169,4574,-1,4574,3169,3176,-1,4574,3176,3175,-1,4576,3171,4575,-1,4575,3171,3170,-1,4575,3170,3169,-1,4577,3167,4576,-1,4576,3167,3166,-1,3166,3164,4576,-1,4576,3164,3163,-1,4576,3163,3171,-1,3158,3162,4578,-1,4578,3162,3161,-1,4578,3161,4577,-1,4577,3161,3160,-1,4577,3160,3167,-1,3153,3152,4579,-1,4579,3152,4578,-1,4578,3152,3159,-1,4578,3159,3158,-1,3150,3149,4580,-1,4580,3149,3156,-1,4580,3156,4579,-1,4579,3156,3155,-1,4579,3155,3153,-1,3150,4580,3151,-1,3151,4580,4581,-1,3151,4581,3148,-1,3141,3139,4582,-1,4582,3139,3138,-1,4582,3138,4581,-1,4581,3138,3146,-1,4581,3146,3148,-1,4583,3143,4582,-1,4582,3143,3142,-1,4582,3142,3141,-1,4584,3135,4583,-1,4583,3135,3137,-1,3137,3145,4583,-1,4583,3145,3144,-1,4583,3144,3143,-1,3133,3132,4585,-1,4585,3132,3061,-1,4585,3061,4584,-1,4584,3061,3060,-1,4584,3060,3135,-1,3133,4585,3134,-1,3134,4585,4586,-1,3134,4586,3073,-1,4409,4562,4412,-1,4412,4562,4561,-1,4412,4561,4411,-1,4411,4561,4410,-1,4410,4561,4560,-1,4410,4560,4413,-1,4413,4560,4416,-1,4416,4560,4559,-1,4416,4559,4415,-1,4415,4559,4414,-1,4414,4559,4558,-1,4414,4558,4417,-1,4417,4558,4420,-1,4420,4558,4557,-1,4420,4557,4419,-1,3035,4556,4557,-1,4557,4556,4418,-1,4557,4418,4419,-1,4555,4424,4556,-1,4556,4424,4421,-1,4556,4421,4418,-1,4587,4422,4555,-1,4555,4422,4423,-1,4555,4423,4424,-1,4426,4427,4588,-1,4588,4427,4428,-1,4588,4428,4587,-1,4587,4428,4425,-1,4587,4425,4422,-1,4429,4589,4432,-1,4432,4589,4590,-1,4436,4433,4591,-1,4591,4433,4430,-1,4591,4430,4590,-1,4590,4430,4431,-1,4590,4431,4432,-1,4435,4592,4434,-1,4434,4592,4593,-1,4438,4439,4594,-1,4594,4439,4440,-1,4594,4440,4593,-1,4593,4440,4437,-1,4593,4437,4434,-1,4441,4595,4444,-1,4444,4595,4596,-1,4448,4445,4597,-1,4597,4445,4442,-1,4597,4442,4596,-1,4596,4442,4443,-1,4596,4443,4444,-1,4447,4598,4446,-1,4446,4598,4599,-1,4446,4599,4449,-1,4449,4599,4452,-1,4452,4599,4586,-1,4452,4586,4451,-1,4451,4586,4450,-1,4450,4586,4585,-1,4450,4585,4453,-1,4453,4585,4456,-1,4456,4585,4584,-1,4456,4584,4455,-1,4455,4584,4454,-1,4454,4584,4583,-1,4454,4583,4457,-1,4457,4583,4460,-1,4460,4583,4582,-1,4460,4582,4459,-1,4459,4582,4458,-1,4458,4582,4581,-1,4458,4581,4461,-1,4461,4581,4464,-1,4464,4581,4580,-1,4464,4580,4463,-1,4463,4580,4462,-1,4462,4580,4579,-1,4462,4579,4465,-1,4465,4579,4468,-1,4468,4579,4578,-1,4468,4578,4467,-1,4467,4578,4466,-1,4466,4578,4577,-1,4466,4577,4469,-1,4469,4577,4472,-1,4472,4577,4576,-1,4472,4576,4471,-1,4471,4576,4470,-1,4470,4576,4575,-1,4470,4575,4473,-1,4473,4575,4476,-1,4476,4575,4574,-1,4476,4574,4475,-1,4475,4574,4474,-1,4474,4574,4553,-1,4474,4553,4477,-1,4477,4553,4480,-1,4480,4553,4573,-1,4480,4573,4479,-1,4479,4573,4478,-1,4478,4573,4572,-1,4478,4572,4481,-1,4481,4572,4484,-1,4484,4572,4571,-1,4484,4571,4483,-1,4483,4571,4482,-1,4482,4571,4554,-1,4482,4554,4485,-1,4485,4554,4488,-1,4488,4554,4570,-1,4488,4570,4487,-1,4487,4570,4486,-1,4486,4570,4569,-1,4486,4569,4489,-1,4489,4569,4492,-1,4492,4569,4568,-1,4492,4568,4491,-1,4491,4568,4490,-1,4490,4568,4567,-1,4490,4567,4493,-1,4493,4567,4496,-1,4496,4567,4566,-1,4496,4566,4495,-1,4495,4566,4494,-1,4494,4566,4565,-1,4494,4565,4497,-1,3222,4564,4565,-1,4565,4564,4500,-1,4565,4500,4497,-1,4504,4501,4563,-1,4563,4501,4498,-1,4563,4498,4564,-1,4564,4498,4499,-1,4564,4499,4500,-1,3953,4588,3954,-1,3954,4588,4587,-1,3954,4587,3955,-1,3955,4587,4555,-1,3955,4555,3956,-1,3956,4555,3032,-1,3953,3933,4588,-1,4588,3933,4589,-1,4588,4589,4426,-1,4426,4589,4429,-1,3937,4591,3936,-1,3936,4591,4590,-1,3936,4590,3935,-1,3935,4590,4589,-1,3935,4589,3934,-1,3934,4589,3933,-1,3937,3942,4591,-1,4591,3942,4592,-1,4591,4592,4436,-1,4436,4592,4435,-1,3938,4594,3939,-1,3939,4594,4593,-1,3939,4593,3940,-1,3940,4593,4592,-1,3940,4592,3941,-1,3941,4592,3942,-1,3938,3950,4594,-1,4594,3950,4595,-1,4594,4595,4438,-1,4438,4595,4441,-1,3946,4597,3947,-1,3947,4597,4596,-1,3947,4596,3948,-1,3948,4596,4595,-1,3948,4595,3949,-1,3949,4595,3950,-1,3946,3945,4597,-1,4597,3945,4598,-1,4597,4598,4448,-1,4448,4598,4447,-1,3945,3944,4598,-1,4598,3944,3943,-1,4598,3943,4599,-1,4599,3943,3952,-1,4599,3952,4586,-1,4586,3952,3951,-1,4586,3951,3073,-1,4396,4395,4600,-1,4387,4388,4601,-1,4383,4385,4602,-1,4379,4378,4603,-1,4377,4381,4604,-1,4374,4376,4605,-1,4365,4372,4606,-1,4368,4366,4607,-1,4371,4370,4608,-1,4361,4360,4609,-1,4350,4352,4610,-1,4347,4348,4611,-1,4344,4346,4612,-1,4341,4342,4613,-1,4338,4340,4614,-1,4335,4336,4615,-1,4332,4334,4616,-1,4329,4330,4617,-1,4326,4328,4618,-1,4323,4324,4619,-1,4320,4322,4620,-1,4317,4318,4621,-1,4314,4316,4622,-1,4311,4312,4623,-1,4308,4310,4624,-1,4305,4306,4625,-1,4302,4304,4626,-1,4299,4300,4627,-1,4296,4298,4628,-1,4293,4294,4629,-1,4290,4292,4630,-1,4287,4288,4631,-1,4284,4286,4632,-1,4281,4282,4633,-1,4278,4280,4634,-1,4275,4276,4635,-1,4272,4274,4636,-1,4269,4270,4637,-1,4266,4268,4638,-1,4263,4264,4639,-1,4260,4262,4640,-1,4257,4258,4641,-1,3963,3962,4608,-1,3974,3973,4610,-1,3981,3980,4613,-1,3976,3975,4616,-1,3115,3114,4601,-1,3130,3129,4604,-1,3128,3958,4605,-1,2814,2813,4627,-1,2772,2771,4628,-1,2827,2826,4631,-1,2769,2768,4632,-1,2837,2836,4634,-1,2766,2765,4636,-1,2850,2849,4638,-1,2763,2762,4642,-1,2937,2936,4184,-1,4179,4181,2942,-1,2942,2940,4179,-1,4179,2940,2939,-1,4179,2939,4168,-1,4168,2939,2948,-1,4168,2948,2947,-1,4184,2936,4183,-1,2936,2742,4183,-1,4183,2742,2741,-1,4183,2741,4181,-1,4181,2741,2943,-1,4181,2943,2942,-1,2938,4187,2931,-1,2931,4187,2932,-1,2937,4184,2938,-1,2938,4184,4185,-1,2938,4185,4187,-1,2932,4187,2934,-1,2934,4187,4189,-1,2934,4189,2935,-1,2935,4189,4190,-1,2935,4190,2926,-1,2926,4190,2927,-1,2927,4190,4191,-1,2927,4191,2929,-1,2929,4191,2930,-1,2930,4191,4193,-1,2930,4193,2744,-1,2744,4193,4195,-1,2744,4195,2745,-1,2745,4195,4196,-1,2745,4196,2923,-1,4202,2747,2922,-1,4202,2922,4201,-1,2922,2921,4201,-1,4201,2921,2919,-1,4201,2919,4199,-1,4199,2919,2918,-1,4199,2918,4197,-1,4197,2918,2925,-1,4197,2925,4196,-1,4196,2925,2924,-1,4196,2924,2923,-1,2747,4202,2748,-1,2748,4202,4203,-1,2748,4203,2915,-1,2915,4203,2916,-1,2916,4203,4205,-1,2916,4205,2917,-1,2917,4205,4207,-1,2917,4207,2910,-1,2910,4207,4208,-1,2910,4208,2911,-1,4210,2902,2909,-1,4210,2909,4212,-1,2909,2908,4212,-1,4212,2908,2906,-1,4212,2906,4214,-1,4214,2906,2905,-1,4214,2905,4215,-1,4215,2905,2914,-1,4215,2914,4208,-1,4208,2914,2913,-1,4208,2913,2911,-1,2902,4210,2903,-1,2903,4210,4209,-1,2903,4209,2904,-1,2904,4209,4216,-1,2904,4216,2898,-1,2898,4216,2899,-1,2899,4216,4218,-1,2899,4218,2901,-1,2901,4218,4220,-1,2901,4220,2893,-1,2893,4220,2894,-1,2894,4220,4221,-1,2894,4221,2896,-1,2896,4221,2897,-1,2897,4221,4222,-1,2897,4222,2750,-1,2750,4222,4224,-1,2750,4224,2751,-1,2751,4224,4226,-1,2751,4226,2890,-1,4228,2885,4227,-1,4227,2885,2892,-1,4227,2892,4226,-1,4226,2892,2891,-1,4226,2891,2890,-1,4232,2889,4230,-1,4230,2889,2888,-1,4230,2888,4228,-1,4228,2888,2886,-1,4228,2886,2885,-1,4233,4234,2883,-1,2883,2882,4233,-1,4233,2882,2754,-1,4233,2754,4232,-1,4232,2754,2753,-1,4232,2753,2889,-1,4238,2878,4236,-1,4236,2878,2877,-1,4236,2877,4234,-1,4234,2877,2884,-1,4234,2884,2883,-1,4240,2872,4239,-1,4239,2872,2881,-1,4239,2881,4238,-1,4238,2881,2880,-1,4238,2880,2878,-1,4244,2876,4242,-1,4242,2876,2875,-1,4242,2875,4240,-1,4240,2875,2873,-1,4240,2873,2872,-1,4245,4246,2870,-1,2870,2869,4245,-1,4245,2869,2757,-1,4245,2757,4244,-1,4244,2757,2756,-1,4244,2756,2876,-1,4250,2865,4248,-1,4248,2865,2864,-1,4248,2864,4246,-1,4246,2864,2871,-1,4246,2871,2870,-1,4254,4256,4642,-1,2862,2861,4252,-1,2861,2760,4252,-1,4252,2760,2759,-1,4252,2759,4251,-1,4251,2759,2868,-1,4251,2868,4250,-1,4250,2868,2867,-1,4250,2867,2865,-1,4252,4254,2862,-1,2862,4254,4642,-1,2862,4642,2863,-1,2863,4642,2762,-1,2860,2859,4641,-1,4641,2859,2858,-1,2855,2854,4640,-1,4640,2854,2853,-1,4640,2853,2852,-1,2847,2846,4639,-1,4639,2846,2857,-1,4639,2857,2856,-1,2845,2844,4637,-1,4637,2844,2842,-1,4637,2842,2841,-1,2766,4636,2838,-1,2834,2833,4635,-1,4635,2833,2840,-1,4635,2840,2839,-1,2832,2831,4633,-1,4633,2831,2829,-1,4633,2829,2828,-1,2769,4632,2825,-1,2827,4631,2820,-1,2824,2823,4630,-1,4630,2823,2821,-1,2819,2818,4629,-1,4629,2818,2816,-1,4629,2816,2815,-1,2772,4628,2812,-1,2814,4627,2807,-1,2802,2811,4626,-1,4626,2811,2810,-1,4626,2810,2808,-1,2805,2803,4625,-1,2800,2799,4624,-1,4624,2799,2806,-1,2789,2798,4623,-1,4623,2798,2797,-1,4623,2797,2801,-1,2794,2793,4622,-1,4622,2793,2792,-1,4622,2792,2790,-1,2785,2795,4621,-1,2788,2787,4620,-1,4620,2787,2786,-1,2783,2782,4619,-1,4619,2782,2781,-1,2778,2777,4618,-1,4618,2777,2775,-1,4618,2775,2774,-1,2973,2972,4617,-1,3130,4604,3131,-1,3127,3126,4603,-1,4603,3126,3124,-1,3122,3121,4602,-1,4602,3121,3119,-1,4602,3119,3118,-1,3111,3110,4600,-1,4600,3110,3117,-1,4600,3117,3116,-1,3105,4643,3107,-1,3107,4643,4644,-1,3107,4644,3108,-1,3101,3064,4644,-1,4644,3064,3063,-1,4644,3063,3108,-1,3095,3097,4399,-1,4399,3097,3100,-1,4399,3100,4400,-1,4400,3100,3099,-1,4400,3099,3103,-1,3095,4399,3093,-1,3093,4399,4398,-1,3093,4398,3090,-1,3090,4398,3091,-1,3091,4398,4397,-1,3091,4397,3092,-1,3092,4397,4176,-1,3092,4176,3088,-1,4174,3085,4175,-1,4175,3085,3083,-1,4175,3083,4176,-1,4176,3083,3089,-1,4176,3089,3088,-1,4172,3079,4173,-1,4173,3079,3081,-1,4173,3081,4174,-1,4174,3081,3086,-1,4174,3086,3085,-1,4171,3075,4172,-1,4172,3075,3074,-1,4172,3074,3079,-1,3066,3068,4170,-1,4170,3068,3070,-1,4170,3070,4169,-1,4169,3070,3078,-1,4169,3078,4171,-1,4171,3078,3077,-1,4171,3077,3075,-1,3978,3977,4615,-1,3971,3970,4612,-1,3965,4645,3966,-1,3966,4645,4646,-1,3966,4646,3967,-1,3967,4646,4647,-1,3967,4647,3968,-1,3968,4647,3969,-1,3960,3964,4607,-1,4256,4257,4642,-1,4642,4257,4641,-1,4642,4641,2763,-1,2763,4641,2858,-1,4258,4260,4641,-1,4641,4260,4640,-1,4641,4640,2860,-1,2860,4640,2852,-1,4262,4263,4640,-1,4640,4263,4639,-1,4640,4639,2855,-1,2855,4639,2856,-1,4264,4266,4639,-1,4639,4266,4638,-1,4639,4638,2847,-1,2847,4638,2849,-1,4268,4269,4638,-1,4638,4269,4637,-1,4638,4637,2850,-1,2850,4637,2841,-1,4270,4272,4637,-1,4637,4272,4636,-1,4637,4636,2845,-1,2845,4636,2765,-1,4274,4275,4636,-1,4636,4275,4635,-1,4636,4635,2838,-1,2838,4635,2839,-1,4276,4278,4635,-1,4635,4278,4634,-1,4635,4634,2834,-1,2834,4634,2836,-1,4280,4281,4634,-1,4634,4281,4633,-1,4634,4633,2837,-1,2837,4633,2828,-1,4282,4284,4633,-1,4633,4284,4632,-1,4633,4632,2832,-1,2832,4632,2768,-1,4286,4287,4632,-1,4632,4287,4631,-1,4632,4631,2825,-1,2825,4631,2826,-1,4288,4290,4631,-1,4631,4290,4630,-1,4631,4630,2820,-1,2820,4630,2821,-1,4292,4293,4630,-1,4630,4293,4629,-1,4630,4629,2824,-1,2824,4629,2815,-1,4294,4296,4629,-1,4629,4296,4628,-1,4629,4628,2819,-1,2819,4628,2771,-1,4298,4299,4628,-1,4628,4299,4627,-1,4628,4627,2812,-1,2812,4627,2813,-1,4300,4302,4627,-1,4627,4302,4626,-1,4627,4626,2807,-1,2807,4626,2808,-1,4304,4305,4626,-1,4626,4305,4625,-1,4626,4625,2802,-1,2802,4625,2803,-1,4306,4308,4625,-1,4625,4308,4624,-1,4625,4624,2805,-1,2805,4624,2806,-1,4310,4311,4624,-1,4624,4311,4623,-1,4624,4623,2800,-1,2800,4623,2801,-1,4312,4314,4623,-1,4623,4314,4622,-1,4623,4622,2789,-1,2789,4622,2790,-1,4316,4317,4622,-1,4622,4317,4621,-1,4622,4621,2794,-1,2794,4621,2795,-1,4318,4320,4621,-1,4621,4320,4620,-1,4621,4620,2785,-1,2785,4620,2786,-1,4322,4323,4620,-1,4620,4323,4619,-1,4620,4619,2788,-1,2788,4619,2781,-1,4324,4326,4619,-1,4619,4326,4618,-1,4619,4618,2783,-1,2783,4618,2774,-1,4328,4329,4618,-1,4618,4329,4617,-1,4618,4617,2778,-1,2778,4617,2972,-1,4330,4332,4617,-1,4617,4332,4616,-1,4617,4616,2973,-1,2973,4616,3975,-1,4334,4335,4616,-1,4616,4335,4615,-1,4616,4615,3976,-1,3976,4615,3977,-1,4336,4338,4615,-1,4615,4338,4614,-1,4615,4614,3978,-1,3978,4614,3979,-1,4340,4341,4614,-1,4614,4341,4613,-1,4614,4613,3979,-1,3979,4613,3980,-1,4342,4344,4613,-1,4613,4344,4612,-1,4613,4612,3981,-1,3981,4612,3970,-1,4346,4347,4612,-1,4612,4347,4611,-1,4612,4611,3971,-1,3971,4611,3972,-1,4348,4350,4611,-1,4611,4350,4610,-1,4611,4610,3972,-1,3972,4610,3973,-1,4352,4353,4610,-1,4610,4353,4645,-1,4610,4645,3974,-1,3974,4645,3965,-1,4353,4354,4645,-1,4645,4354,4356,-1,4645,4356,4646,-1,4646,4356,4358,-1,4646,4358,4647,-1,4647,4358,4359,-1,4647,4359,4363,-1,4363,4361,4647,-1,4647,4361,4609,-1,4647,4609,3969,-1,3969,4609,3961,-1,4360,4371,4609,-1,4609,4371,4608,-1,4609,4608,3961,-1,3961,4608,3962,-1,4370,4368,4608,-1,4608,4368,4607,-1,4608,4607,3963,-1,3963,4607,3964,-1,4366,4365,4607,-1,4607,4365,4606,-1,4607,4606,3960,-1,3960,4606,3959,-1,4372,4374,4606,-1,4606,4374,4605,-1,4606,4605,3959,-1,3959,4605,3958,-1,4376,4377,4605,-1,4605,4377,4604,-1,4605,4604,3128,-1,3128,4604,3129,-1,4381,4379,4604,-1,4604,4379,4603,-1,4604,4603,3131,-1,3131,4603,3124,-1,4378,4383,4603,-1,4603,4383,4602,-1,4603,4602,3127,-1,3127,4602,3118,-1,4385,4387,4602,-1,4602,4387,4601,-1,4602,4601,3122,-1,3122,4601,3114,-1,4388,4396,4601,-1,4601,4396,4600,-1,4601,4600,3115,-1,3115,4600,3116,-1,4395,4393,4600,-1,4600,4393,4643,-1,4600,4643,3111,-1,3111,4643,3105,-1,3103,3102,4400,-1,4400,3102,3101,-1,4400,3101,4401,-1,4401,3101,4644,-1,4401,4644,4389,-1,4389,4644,4643,-1,4389,4643,4392,-1,4392,4643,4393,-1,4648,4649,4650,-1,4651,4652,4653,-1,4654,4655,4656,-1,4657,4658,4659,-1,4660,4661,4662,-1,4663,4664,4665,-1,4666,4667,4668,-1,4669,4670,4671,-1,4672,4673,4674,-1,4674,4673,4675,-1,4674,4675,4676,-1,4675,4677,4678,-1,4678,4679,4675,-1,4675,4679,4680,-1,4675,4680,4676,-1,4681,4682,4683,-1,4683,4682,4684,-1,4683,4684,4675,-1,4675,4684,4685,-1,4675,4685,4677,-1,4671,4670,4686,-1,4687,4681,4688,-1,4686,4670,4688,-1,4688,4670,4689,-1,4688,4689,4687,-1,4690,4691,4671,-1,4671,4691,4692,-1,4671,4692,4669,-1,4668,4667,4690,-1,4690,4667,4693,-1,4690,4693,4694,-1,4690,4695,4691,-1,4691,4695,4696,-1,4691,4696,4697,-1,4697,4696,4698,-1,4697,4698,4699,-1,4694,4700,4690,-1,4690,4700,4701,-1,4690,4701,4695,-1,4702,4703,4668,-1,4668,4703,4704,-1,4668,4704,4666,-1,4705,4706,4707,-1,4705,4707,4708,-1,4706,4709,4707,-1,4707,4709,4710,-1,4707,4710,4702,-1,4702,4710,4711,-1,4702,4711,4703,-1,4712,4708,4713,-1,4713,4708,4707,-1,4713,4707,4714,-1,4714,4707,4715,-1,4716,4717,4718,-1,4718,4717,4719,-1,4718,4719,4707,-1,4707,4719,4720,-1,4707,4720,4715,-1,4721,4722,4723,-1,4723,4722,4724,-1,4723,4724,4725,-1,4726,4727,4728,-1,4728,4727,4729,-1,4728,4729,4721,-1,4730,4731,4732,-1,4733,4734,4735,-1,4730,4732,4736,-1,4737,4738,4665,-1,4737,4665,4739,-1,4731,4740,4732,-1,4732,4740,4741,-1,4732,4741,4742,-1,4733,4735,4665,-1,4665,4735,4743,-1,4665,4743,4739,-1,4744,4745,4746,-1,4746,4745,4747,-1,4746,4747,4732,-1,4732,4747,4748,-1,4732,4748,4736,-1,4749,4750,4732,-1,4732,4750,4751,-1,4732,4751,4752,-1,4753,4754,4663,-1,4663,4754,4755,-1,4755,4756,4663,-1,4663,4756,4757,-1,4663,4757,4758,-1,4758,4757,4744,-1,4758,4744,4759,-1,4759,4744,4746,-1,4738,4760,4665,-1,4665,4760,4761,-1,4665,4761,4663,-1,4663,4761,4762,-1,4663,4762,4753,-1,4742,4763,4732,-1,4732,4763,4764,-1,4732,4764,4765,-1,4765,4766,4732,-1,4732,4766,4767,-1,4732,4767,4749,-1,4768,4769,4770,-1,4770,4769,4752,-1,4771,4772,4769,-1,4751,4773,4752,-1,4752,4773,4774,-1,4752,4774,4775,-1,4752,4776,4777,-1,4775,4778,4752,-1,4752,4778,4779,-1,4752,4779,4776,-1,4777,4780,4752,-1,4752,4780,4781,-1,4752,4781,4770,-1,4782,4783,4784,-1,4784,4783,4785,-1,4784,4785,4786,-1,4787,4788,4662,-1,4662,4788,4789,-1,4662,4789,4660,-1,4784,4790,4782,-1,4782,4790,4791,-1,4782,4791,4792,-1,4792,4791,4793,-1,4792,4793,4794,-1,4786,4787,4784,-1,4784,4787,4662,-1,4784,4662,4795,-1,4795,4662,4769,-1,4795,4769,4796,-1,4796,4769,4772,-1,4797,4798,4799,-1,4798,4800,4799,-1,4799,4800,4801,-1,4799,4801,4802,-1,4803,4799,4804,-1,4771,4769,4803,-1,4803,4769,4768,-1,4803,4768,4799,-1,4799,4768,4805,-1,4799,4805,4797,-1,4804,4806,4803,-1,4803,4806,4807,-1,4803,4807,4808,-1,4802,4801,4809,-1,4809,4801,4810,-1,4809,4810,4811,-1,4811,4810,4812,-1,4811,4812,4813,-1,4814,4815,4808,-1,4808,4815,4816,-1,4808,4816,4803,-1,4672,4817,4673,-1,4673,4817,4818,-1,4673,4818,4733,-1,4733,4818,4819,-1,4733,4819,4734,-1,4820,4821,4822,-1,4822,4821,4823,-1,4822,4823,4824,-1,4824,4823,4825,-1,4826,4827,4828,-1,4829,4828,4830,-1,4827,4831,4828,-1,4828,4831,4832,-1,4828,4832,4820,-1,4833,4834,4821,-1,4833,4821,4835,-1,4836,4837,4829,-1,4832,4838,4820,-1,4820,4838,4839,-1,4820,4839,4821,-1,4821,4839,4840,-1,4821,4840,4835,-1,4836,4829,4841,-1,4837,4842,4829,-1,4829,4842,4843,-1,4829,4843,4828,-1,4828,4843,4844,-1,4828,4844,4826,-1,4834,4845,4821,-1,4821,4845,4846,-1,4821,4846,4847,-1,4847,4846,4848,-1,4847,4848,4849,-1,4849,4848,4850,-1,4849,4850,4841,-1,4849,4851,4847,-1,4847,4851,4852,-1,4847,4852,4853,-1,4854,4855,4849,-1,4849,4855,4856,-1,4857,4851,4858,-1,4858,4851,4849,-1,4858,4849,4859,-1,4859,4849,4856,-1,4859,4856,4860,-1,4858,4861,4857,-1,4857,4861,4862,-1,4857,4862,4863,-1,4856,4864,4860,-1,4860,4864,4865,-1,4860,4865,4866,-1,4852,4867,4853,-1,4853,4867,4868,-1,4853,4868,4869,-1,4869,4868,4870,-1,4871,4872,4873,-1,4874,4875,4854,-1,4854,4875,4876,-1,4854,4876,4855,-1,4873,4877,4871,-1,4871,4877,4878,-1,4871,4878,4879,-1,4879,4878,4880,-1,4879,4880,4874,-1,4874,4880,4870,-1,4874,4870,4875,-1,4875,4870,4868,-1,4881,4882,4883,-1,4883,4882,4884,-1,4884,4882,4885,-1,4884,4885,4886,-1,4886,4885,4887,-1,4886,4887,4888,-1,4881,4883,4889,-1,4889,4883,4890,-1,4889,4890,4891,-1,4841,4829,4849,-1,4849,4829,4892,-1,4849,4892,4893,-1,4894,4895,4896,-1,4896,4895,4897,-1,4898,4899,4900,-1,4901,4902,4899,-1,4899,4902,4894,-1,4899,4894,4900,-1,4900,4894,4896,-1,4903,4904,4905,-1,4905,4904,4906,-1,4900,4907,4898,-1,4898,4907,4908,-1,4898,4908,4909,-1,4910,4911,4912,-1,4903,4905,4901,-1,4901,4905,4913,-1,4901,4913,4902,-1,4902,4913,4914,-1,4902,4914,4912,-1,4912,4914,4915,-1,4912,4915,4910,-1,4897,4895,4916,-1,4916,4895,4917,-1,4916,4917,4910,-1,4918,4919,4920,-1,4920,4919,4921,-1,4920,4921,4922,-1,4922,4921,4923,-1,4922,4923,4924,-1,4925,4723,4716,-1,4716,4723,4725,-1,4716,4725,4717,-1,4925,4716,4926,-1,4926,4716,4927,-1,4926,4927,4928,-1,4928,4927,4929,-1,4928,4929,4930,-1,4929,4931,4930,-1,4930,4931,4932,-1,4930,4932,4933,-1,4933,4932,4934,-1,4933,4934,4935,-1,4935,4934,4936,-1,4935,4936,4937,-1,4937,4936,4938,-1,4937,4938,4939,-1,4939,4938,4940,-1,4939,4940,4941,-1,4941,4940,4942,-1,4941,4942,4943,-1,4943,4942,4944,-1,4943,4944,4945,-1,4945,4944,4946,-1,4945,4946,4947,-1,4947,4946,4948,-1,4949,4950,4951,-1,4951,4950,4952,-1,4952,4950,4953,-1,4952,4953,4954,-1,4954,4953,4955,-1,4954,4955,4948,-1,4948,4955,4956,-1,4948,4956,4947,-1,4925,4957,4723,-1,4723,4957,4958,-1,4723,4958,4959,-1,4959,4958,4960,-1,4959,4960,4961,-1,4961,4960,4962,-1,4961,4962,4963,-1,4963,4962,4964,-1,4963,4964,4965,-1,4965,4964,4966,-1,4965,4966,4967,-1,4967,4966,4968,-1,4967,4968,4969,-1,4969,4968,4970,-1,4969,4970,4971,-1,4971,4970,4972,-1,4971,4972,4973,-1,4973,4972,4949,-1,4973,4949,4974,-1,4974,4949,4951,-1,4655,4654,4917,-1,4917,4654,4975,-1,4917,4975,4976,-1,4977,4978,4979,-1,4979,4978,4911,-1,4979,4911,4980,-1,4981,4982,4983,-1,4983,4982,4984,-1,4981,4985,4982,-1,4982,4985,4986,-1,4982,4986,4987,-1,4987,4986,4988,-1,4989,4990,4982,-1,4982,4990,4991,-1,4982,4991,4992,-1,4910,4917,4911,-1,4911,4917,4976,-1,4911,4976,4980,-1,4980,4976,4993,-1,4980,4993,4982,-1,4982,4993,4994,-1,4982,4994,4989,-1,4992,4995,4982,-1,4982,4995,4996,-1,4982,4996,4984,-1,4997,4998,4999,-1,5000,5001,4986,-1,4986,5001,5002,-1,4986,5002,4988,-1,4997,4999,4986,-1,4986,4999,5003,-1,4986,5003,5000,-1,5004,5005,5006,-1,5005,5007,5006,-1,5006,5007,5008,-1,5006,5008,4656,-1,5006,5009,5004,-1,5004,5009,4920,-1,5004,4920,5010,-1,5010,4920,5011,-1,5012,5013,4922,-1,5014,5015,4920,-1,5015,5016,4920,-1,4920,5016,5017,-1,4920,5017,5011,-1,4977,5018,4978,-1,4978,5018,5019,-1,4978,5019,4922,-1,4922,5019,5020,-1,4922,5020,5012,-1,5013,5021,4922,-1,4922,5021,5022,-1,4922,5022,5023,-1,5023,5024,4922,-1,4922,5024,5025,-1,4922,5025,4920,-1,4920,5025,5026,-1,4920,5026,5014,-1,5027,5028,5029,-1,5029,5028,5030,-1,5031,5032,5033,-1,5033,5032,5034,-1,5035,5036,5030,-1,5030,5036,5037,-1,5030,5037,5029,-1,5029,5037,5038,-1,5039,4673,5040,-1,5040,4673,4733,-1,5040,4733,5034,-1,5034,4733,4665,-1,5034,4665,5033,-1,4918,4920,5041,-1,5041,4920,5009,-1,5041,5009,5042,-1,5042,5009,4683,-1,5042,4683,5043,-1,5043,4683,4675,-1,5043,4675,4924,-1,4924,4675,4673,-1,4924,4673,4922,-1,4922,4673,5039,-1,4922,5039,5027,-1,4653,5044,5045,-1,5045,5044,5046,-1,5047,5044,5048,-1,5048,5044,4653,-1,5048,4653,5049,-1,5049,4653,4652,-1,5050,5051,5052,-1,5053,5054,5055,-1,5055,5054,5056,-1,5055,5056,5050,-1,5050,5056,5057,-1,5050,5057,5051,-1,5058,5059,5060,-1,5060,5059,5061,-1,5060,5061,5062,-1,5063,5064,5065,-1,5063,5065,4869,-1,5064,5066,5065,-1,5065,5066,5067,-1,5065,5067,5055,-1,5055,5067,5068,-1,5055,5068,5053,-1,5069,5070,5071,-1,5071,5070,5072,-1,5071,5072,5073,-1,5074,4649,5075,-1,5075,4649,4648,-1,5075,4648,5076,-1,5077,5078,5079,-1,5079,5078,5069,-1,5079,5069,5080,-1,5080,5069,5071,-1,5080,5071,4830,-1,4830,5071,5073,-1,4830,5073,4829,-1,4829,5073,4659,-1,4829,4659,4892,-1,4892,4659,4658,-1,5072,5076,5073,-1,5073,5076,4648,-1,5073,4648,4659,-1,4659,4648,4650,-1,4659,4650,4657,-1,4657,4650,4888,-1,4657,4888,5081,-1,5081,4888,4887,-1,4869,5065,4853,-1,4853,5065,5082,-1,4853,5082,4847,-1,4847,5082,5078,-1,4847,5078,4821,-1,4821,5078,5077,-1,4821,5077,4823,-1,4894,5083,4886,-1,4886,5083,5084,-1,4886,5084,5085,-1,5086,5087,4884,-1,5085,5088,4886,-1,4886,5088,5089,-1,4886,5089,5090,-1,5087,5091,4884,-1,4884,5091,5092,-1,4884,5092,5093,-1,5090,5094,4886,-1,4886,5094,5095,-1,4886,5095,4884,-1,4884,5095,5096,-1,4884,5096,5086,-1,5093,5097,4884,-1,4884,5097,5098,-1,4884,5098,4902,-1,4902,5098,5099,-1,4902,5099,4894,-1,4894,5099,5100,-1,4894,5100,5083,-1,5101,5102,5103,-1,5103,5102,5104,-1,5103,5104,5105,-1,5106,5107,5108,-1,5108,5107,5109,-1,5110,5111,5112,-1,5113,5114,5112,-1,5115,5116,5109,-1,5103,5117,5108,-1,5108,5117,5118,-1,5108,5118,5106,-1,5113,5112,5119,-1,5105,5120,5103,-1,5103,5120,5121,-1,5103,5121,5117,-1,5122,5123,5045,-1,5045,5123,5124,-1,5045,5124,5125,-1,5116,5122,5109,-1,5109,5122,5045,-1,5109,5045,5108,-1,5108,5045,5046,-1,5108,5046,4874,-1,4874,5046,5126,-1,4874,5126,4879,-1,5127,5128,5129,-1,5129,5128,5130,-1,5129,5130,5112,-1,5112,5130,5131,-1,5112,5131,5119,-1,5125,5132,5045,-1,5045,5132,5133,-1,5045,5133,5134,-1,5134,5135,5045,-1,5045,5135,5136,-1,5045,5136,5110,-1,5110,5136,5137,-1,5110,5137,5111,-1,5127,5138,5128,-1,5128,5138,5139,-1,5128,5139,5140,-1,5140,5139,5141,-1,5140,5142,5143,-1,5141,5144,5140,-1,5140,5144,5145,-1,5140,5145,5146,-1,5147,5148,5149,-1,5149,5148,5150,-1,5149,5150,5151,-1,5149,5152,5147,-1,5147,5152,5153,-1,5147,5153,5154,-1,5146,5155,5140,-1,5140,5155,5156,-1,5140,5156,5142,-1,5143,5157,5140,-1,5140,5157,5158,-1,5140,5158,5159,-1,5154,5160,5147,-1,5147,5160,5161,-1,5147,5161,5162,-1,5162,5161,5163,-1,5162,5163,5164,-1,5164,5163,5165,-1,5164,5165,5109,-1,5109,5165,5166,-1,5109,5166,5115,-1,5167,5168,5151,-1,5151,5168,5169,-1,5151,5169,5149,-1,4656,4655,5006,-1,5006,4655,4917,-1,5006,4917,5170,-1,5170,4917,4895,-1,5170,4895,5171,-1,5171,4895,4894,-1,5171,4894,5172,-1,5172,4894,4886,-1,5172,4886,5173,-1,5173,4886,4888,-1,5173,4888,5174,-1,5174,4888,4650,-1,5174,4650,5175,-1,5175,4650,4649,-1,5175,4649,5176,-1,5176,4649,5074,-1,5176,5074,5177,-1,5178,5179,5029,-1,5180,5181,5038,-1,5038,5181,5031,-1,5038,5031,5029,-1,5029,5031,5033,-1,5029,5033,5178,-1,5182,5183,5184,-1,5184,5183,5185,-1,5184,5185,5186,-1,5179,5187,5029,-1,5029,5187,5188,-1,5029,5188,5184,-1,5184,5188,5189,-1,5184,5189,5182,-1,5190,5191,5192,-1,5192,5191,5193,-1,5192,5193,5194,-1,5186,5195,5184,-1,5184,5195,5196,-1,5184,5196,5197,-1,5198,5033,5199,-1,5199,5033,5200,-1,5201,5202,5192,-1,5192,5202,5203,-1,5192,5203,5190,-1,5114,5101,5112,-1,5112,5101,5103,-1,5112,5103,5110,-1,5110,5103,5184,-1,5110,5184,5204,-1,5204,5184,5197,-1,5204,5197,5205,-1,5205,5192,5204,-1,5204,5192,5194,-1,5204,5194,5033,-1,5033,5194,5206,-1,5033,5206,5200,-1,5198,5207,5033,-1,5033,5207,5208,-1,5033,5208,5209,-1,5209,5210,5033,-1,5033,5210,5211,-1,5033,5211,5178,-1,5178,5211,5212,-1,5178,5212,5213,-1,5213,5214,5178,-1,5178,5214,5215,-1,5178,5215,5216,-1,5216,5215,5217,-1,5218,5219,5217,-1,5217,5219,5220,-1,5217,5220,5216,-1,5221,5222,5217,-1,5217,5222,5223,-1,5217,5223,5224,-1,5224,5225,5217,-1,5217,5225,5226,-1,5217,5226,5218,-1,5027,5029,4922,-1,4922,5029,5184,-1,4922,5184,4978,-1,4978,5184,5103,-1,4978,5103,4911,-1,4911,5103,5108,-1,4911,5108,4912,-1,4912,5108,4874,-1,4912,4874,4902,-1,4902,4874,4854,-1,4902,4854,4884,-1,4884,4854,4849,-1,4884,4849,4883,-1,4883,4849,4893,-1,4883,4893,4890,-1,4721,4723,4728,-1,4728,4723,4959,-1,4728,4959,5227,-1,5227,4959,4961,-1,5227,4961,5228,-1,5228,4961,4963,-1,5228,4963,5229,-1,5229,4963,4965,-1,5229,4965,5050,-1,5050,4965,4967,-1,5050,4967,5055,-1,5055,4967,4969,-1,5055,4969,5065,-1,5065,4969,4971,-1,5065,4971,5082,-1,5082,4971,4973,-1,5082,4973,5078,-1,5078,4973,4974,-1,5078,4974,5069,-1,5069,4974,4951,-1,5069,4951,5070,-1,5060,4651,5058,-1,5058,4651,4653,-1,5058,4653,5052,-1,5052,4653,5045,-1,5052,5045,5050,-1,5050,5045,5110,-1,5050,5110,5229,-1,5229,5110,5204,-1,5229,5204,5228,-1,5228,5204,5033,-1,5228,5033,5227,-1,5227,5033,4665,-1,5227,4665,4728,-1,4728,4665,4664,-1,4728,4664,4726,-1,4681,4683,4688,-1,4688,4683,5009,-1,4688,5009,5230,-1,5230,5009,5006,-1,5230,5006,5231,-1,5231,5006,5170,-1,5231,5170,5232,-1,5232,5170,5171,-1,5232,5171,5233,-1,5233,5171,5172,-1,5233,5172,5234,-1,5234,5172,5173,-1,5234,5173,5235,-1,5235,5173,5174,-1,5235,5174,5236,-1,5236,5174,5175,-1,5236,5175,5237,-1,5237,5175,5176,-1,5237,5176,5238,-1,5238,5176,5177,-1,5238,5177,5239,-1,5240,5241,5242,-1,5243,5244,5245,-1,5246,5247,5248,-1,5249,5250,5251,-1,5251,5250,5246,-1,5251,5246,5252,-1,5252,5246,5248,-1,5247,5246,5253,-1,5253,5246,5254,-1,5253,5254,5255,-1,5255,5254,5256,-1,5256,5254,5257,-1,5256,5257,5258,-1,5259,5260,5257,-1,5257,5260,5261,-1,5257,5261,5258,-1,5262,5263,5264,-1,5264,5263,5265,-1,5264,5265,5259,-1,5259,5265,5266,-1,5259,5266,5260,-1,5262,5264,5267,-1,5267,5264,5268,-1,5267,5268,5269,-1,5269,5268,5270,-1,5270,5268,5271,-1,5270,5271,5272,-1,5273,5274,5271,-1,5271,5274,5275,-1,5271,5275,5272,-1,5276,5277,5278,-1,5278,5277,5279,-1,5278,5279,5273,-1,5273,5279,5280,-1,5273,5280,5274,-1,5276,5278,5281,-1,5281,5278,5282,-1,5281,5282,5283,-1,5245,5244,5282,-1,5282,5244,5284,-1,5282,5284,5283,-1,5285,5286,5287,-1,5287,5286,5288,-1,5287,5288,5289,-1,5289,5290,5287,-1,5287,5290,5291,-1,5287,5291,5292,-1,5292,5291,5293,-1,5292,5293,5245,-1,5245,5293,5294,-1,5245,5294,5243,-1,5295,5296,5297,-1,5297,5296,5298,-1,5297,5298,5299,-1,5299,5300,5297,-1,5297,5300,5301,-1,5297,5301,5302,-1,5302,5301,5303,-1,5302,5303,5285,-1,5285,5303,5304,-1,5285,5304,5286,-1,5295,5297,5305,-1,5305,5297,5306,-1,5305,5306,5307,-1,5307,5306,5308,-1,5308,5306,5309,-1,5308,5309,5310,-1,5311,5312,5313,-1,5313,5312,5314,-1,5313,5314,5315,-1,5315,5314,5316,-1,5315,5316,5309,-1,5309,5316,5317,-1,5309,5317,5310,-1,5318,5319,5320,-1,5320,5321,5318,-1,5318,5321,5322,-1,5318,5322,5323,-1,5323,5322,5324,-1,5323,5324,5313,-1,5313,5324,5325,-1,5313,5325,5311,-1,5319,5318,5326,-1,5326,5318,5327,-1,5326,5327,5328,-1,5328,5327,5329,-1,5329,5327,5330,-1,5329,5330,5331,-1,5332,5333,5330,-1,5330,5333,5334,-1,5330,5334,5331,-1,5335,5336,5332,-1,5332,5336,5337,-1,5332,5337,5333,-1,5338,5339,5335,-1,5335,5339,5340,-1,5335,5340,5336,-1,5341,5342,5343,-1,5343,5342,5344,-1,5343,5344,5338,-1,5338,5344,5345,-1,5338,5345,5339,-1,5346,5347,5348,-1,5346,5348,5343,-1,5343,5348,5349,-1,5343,5349,5341,-1,5347,5346,5350,-1,5350,5346,5351,-1,5350,5351,5352,-1,5353,5354,5355,-1,5355,5354,5356,-1,5355,5356,5357,-1,5357,5356,5358,-1,5357,5358,5351,-1,5351,5358,5359,-1,5351,5359,5352,-1,5353,5355,5360,-1,5360,5355,5361,-1,5360,5361,5362,-1,5363,5364,5365,-1,5365,5364,5366,-1,5363,5367,5364,-1,5364,5367,5368,-1,5364,5368,5361,-1,5361,5368,5369,-1,5361,5369,5362,-1,5370,5371,5366,-1,5366,5371,5372,-1,5366,5372,5365,-1,5373,5374,5375,-1,5375,5374,5376,-1,5375,5376,5370,-1,5370,5376,5377,-1,5370,5377,5371,-1,5378,5379,5380,-1,5380,5379,5381,-1,5380,5381,5382,-1,5382,5381,5383,-1,5382,5383,5375,-1,5375,5383,5384,-1,5375,5384,5373,-1,5385,5386,5387,-1,5387,5386,5388,-1,5387,5388,5380,-1,5380,5388,5389,-1,5380,5389,5378,-1,5390,5391,5392,-1,5392,5391,5393,-1,5393,5391,5394,-1,5393,5394,5395,-1,5395,5394,5396,-1,5396,5394,5397,-1,5396,5397,5398,-1,5399,5400,5401,-1,5401,5400,5402,-1,5401,5402,5397,-1,5397,5402,5403,-1,5397,5403,5398,-1,5404,5405,5401,-1,5401,5405,5406,-1,5401,5406,5399,-1,5392,5240,5390,-1,5390,5240,5242,-1,5390,5242,5407,-1,5407,5242,5408,-1,5407,5408,5409,-1,5409,5408,5410,-1,5409,5410,5411,-1,5411,5410,5412,-1,5411,5412,5413,-1,5413,5412,5414,-1,5413,5414,5415,-1,5415,5414,5416,-1,5415,5416,5385,-1,5385,5416,5417,-1,5385,5417,5386,-1,5418,5419,5420,-1,5421,5422,5423,-1,5424,5425,5426,-1,5427,5428,5429,-1,5430,5431,5432,-1,5432,5431,5433,-1,5433,5431,5434,-1,5433,5434,5435,-1,5435,5436,5433,-1,5433,5436,5437,-1,5433,5437,5438,-1,5438,5437,5439,-1,5438,5439,5440,-1,5441,5442,5443,-1,5441,5443,5444,-1,5444,5443,5445,-1,5444,5445,5432,-1,5432,5445,5446,-1,5432,5446,5430,-1,5447,5448,5449,-1,5449,5450,5447,-1,5447,5450,5451,-1,5447,5451,5441,-1,5441,5451,5452,-1,5441,5452,5442,-1,5453,5454,5455,-1,5455,5454,5456,-1,5455,5456,5457,-1,5457,5456,5458,-1,5457,5458,5459,-1,5459,5458,5460,-1,5460,5461,5459,-1,5459,5461,5462,-1,5459,5462,5448,-1,5448,5462,5463,-1,5448,5463,5449,-1,5464,5465,5466,-1,5466,5465,5467,-1,5455,5468,5453,-1,5453,5468,5469,-1,5453,5469,5470,-1,5470,5469,5471,-1,5470,5471,5472,-1,5472,5471,5473,-1,5472,5473,5474,-1,5474,5473,5475,-1,5474,5475,5476,-1,5476,5475,5477,-1,5476,5477,5478,-1,5478,5477,5479,-1,5478,5479,5480,-1,5480,5479,5481,-1,5480,5481,5482,-1,5482,5481,5483,-1,5482,5483,5484,-1,5484,5483,5485,-1,5484,5485,5486,-1,5486,5485,5487,-1,5486,5487,5488,-1,5488,5487,5489,-1,5488,5489,5467,-1,5467,5489,5490,-1,5491,5492,5493,-1,5491,5493,5464,-1,5464,5493,5494,-1,5464,5494,5465,-1,5495,5496,5497,-1,5495,5497,5498,-1,5497,5499,5498,-1,5498,5499,5500,-1,5498,5500,5491,-1,5491,5500,5501,-1,5491,5501,5492,-1,5502,5503,5504,-1,5502,5504,5495,-1,5495,5504,5505,-1,5495,5505,5496,-1,5506,5507,5502,-1,5502,5507,5508,-1,5502,5508,5503,-1,5509,5510,5506,-1,5506,5510,5511,-1,5506,5511,5507,-1,5512,5513,5514,-1,5514,5513,5515,-1,5515,5516,5514,-1,5514,5516,5517,-1,5514,5517,5509,-1,5509,5517,5518,-1,5509,5518,5510,-1,5428,5519,5429,-1,5429,5519,5520,-1,5429,5520,5514,-1,5514,5520,5521,-1,5514,5521,5512,-1,5522,5523,5429,-1,5429,5523,5524,-1,5429,5524,5427,-1,5525,5526,5527,-1,5527,5526,5528,-1,5527,5528,5529,-1,5529,5528,5530,-1,5531,5528,5532,-1,5532,5528,5533,-1,5531,5534,5528,-1,5528,5534,5535,-1,5528,5535,5530,-1,5536,5537,5533,-1,5533,5537,5538,-1,5533,5538,5532,-1,5539,5540,5541,-1,5541,5540,5542,-1,5541,5542,5533,-1,5533,5542,5543,-1,5533,5543,5536,-1,5544,5545,5546,-1,5546,5545,5547,-1,5547,5548,5546,-1,5546,5548,5549,-1,5546,5549,5541,-1,5541,5549,5550,-1,5541,5550,5539,-1,5551,5552,5553,-1,5553,5552,5554,-1,5553,5554,5546,-1,5546,5554,5555,-1,5546,5555,5544,-1,5556,5557,5558,-1,5556,5558,5553,-1,5553,5558,5559,-1,5553,5559,5551,-1,5560,5556,5561,-1,5561,5556,5562,-1,5560,5563,5556,-1,5556,5563,5564,-1,5556,5564,5557,-1,5565,5566,5562,-1,5565,5562,5567,-1,5567,5562,5568,-1,5567,5568,5569,-1,5566,5570,5562,-1,5562,5570,5571,-1,5562,5571,5561,-1,5425,5572,5426,-1,5426,5572,5573,-1,5426,5573,5574,-1,5574,5575,5426,-1,5426,5575,5576,-1,5426,5576,5568,-1,5568,5576,5577,-1,5568,5577,5569,-1,5422,5578,5423,-1,5423,5578,5579,-1,5423,5579,5426,-1,5426,5579,5580,-1,5426,5580,5424,-1,5581,5582,5583,-1,5583,5582,5584,-1,5583,5584,5423,-1,5423,5584,5585,-1,5423,5585,5421,-1,5586,5587,5588,-1,5588,5589,5586,-1,5586,5589,5590,-1,5586,5590,5583,-1,5583,5590,5591,-1,5583,5591,5581,-1,5592,5593,5594,-1,5594,5593,5595,-1,5595,5596,5594,-1,5594,5596,5597,-1,5594,5597,5586,-1,5586,5597,5598,-1,5586,5598,5587,-1,5592,5594,5599,-1,5599,5594,5600,-1,5599,5600,5601,-1,5602,5603,5604,-1,5604,5603,5605,-1,5605,5606,5604,-1,5604,5606,5607,-1,5604,5607,5600,-1,5600,5607,5608,-1,5600,5608,5601,-1,5419,5609,5420,-1,5420,5609,5610,-1,5420,5610,5604,-1,5604,5610,5611,-1,5604,5611,5602,-1,5612,5613,5614,-1,5614,5613,5615,-1,5614,5615,5420,-1,5420,5615,5616,-1,5420,5616,5418,-1,5490,5617,5467,-1,5467,5617,5618,-1,5467,5618,5466,-1,5466,5618,5619,-1,5619,5620,5466,-1,5466,5620,5621,-1,5466,5621,5614,-1,5614,5621,5622,-1,5614,5622,5612,-1,5394,5391,5623,-1,5250,5624,5246,-1,5246,5624,5625,-1,5246,5625,5254,-1,5254,5625,5257,-1,5257,5625,5626,-1,5257,5626,5259,-1,5259,5626,5264,-1,5264,5626,5627,-1,5264,5627,5268,-1,5628,5278,5629,-1,5629,5278,5273,-1,5629,5273,5627,-1,5627,5273,5271,-1,5627,5271,5268,-1,5630,5245,5628,-1,5628,5245,5282,-1,5628,5282,5278,-1,5631,5287,5630,-1,5630,5287,5292,-1,5630,5292,5245,-1,5306,5297,5632,-1,5632,5297,5302,-1,5632,5302,5631,-1,5631,5302,5285,-1,5631,5285,5287,-1,5306,5632,5309,-1,5309,5632,5633,-1,5309,5633,5315,-1,5315,5633,5313,-1,5313,5633,5634,-1,5313,5634,5323,-1,5323,5634,5318,-1,5318,5634,5635,-1,5318,5635,5327,-1,5327,5635,5330,-1,5330,5635,5636,-1,5330,5636,5332,-1,5637,5338,5636,-1,5636,5338,5335,-1,5636,5335,5332,-1,5638,5351,5639,-1,5639,5351,5346,-1,5639,5346,5637,-1,5637,5346,5343,-1,5637,5343,5338,-1,5640,5355,5638,-1,5638,5355,5357,-1,5638,5357,5351,-1,5641,5364,5640,-1,5640,5364,5361,-1,5640,5361,5355,-1,5382,5375,5642,-1,5642,5375,5370,-1,5642,5370,5641,-1,5641,5370,5366,-1,5641,5366,5364,-1,5382,5642,5380,-1,5380,5642,5643,-1,5380,5643,5387,-1,5387,5643,5385,-1,5385,5643,5644,-1,5385,5644,5415,-1,5415,5644,5413,-1,5413,5644,5645,-1,5413,5645,5411,-1,5411,5645,5409,-1,5409,5645,5646,-1,5409,5646,5407,-1,5623,5391,5646,-1,5646,5391,5390,-1,5646,5390,5407,-1,5394,5623,5397,-1,5397,5623,5647,-1,5397,5647,5401,-1,5401,5647,5648,-1,5401,5648,5404,-1,5649,5650,5651,-1,5651,5650,5652,-1,5651,5652,5653,-1,5653,5652,5654,-1,5653,5654,5655,-1,5655,5654,5656,-1,5655,5656,5657,-1,5657,5656,5658,-1,5657,5658,5659,-1,5659,5658,5660,-1,5659,5660,5661,-1,5661,5660,5662,-1,5661,5662,5663,-1,5663,5662,5664,-1,5663,5664,5665,-1,5665,5664,5666,-1,5665,5666,5667,-1,5667,5666,5668,-1,5667,5668,5669,-1,5669,5668,5670,-1,5669,5670,5671,-1,5671,5670,5672,-1,5671,5672,5673,-1,5673,5672,5674,-1,5673,5674,5675,-1,5675,5674,5676,-1,5675,5676,5677,-1,5677,5676,5678,-1,5677,5678,5679,-1,5679,5678,5680,-1,5679,5680,5681,-1,5681,5680,5682,-1,5681,5682,5683,-1,5683,5682,5684,-1,5683,5684,5685,-1,5685,5684,5686,-1,5685,5686,5687,-1,5687,5686,5688,-1,5687,5688,5689,-1,5689,5688,5690,-1,5689,5690,5691,-1,5691,5690,5692,-1,5691,5692,5693,-1,5693,5692,5694,-1,5693,5694,5695,-1,5695,5694,5696,-1,5695,5696,5697,-1,5697,5696,5698,-1,5697,5698,5699,-1,5699,5698,5700,-1,5699,5700,5701,-1,5701,5700,5702,-1,5701,5702,5703,-1,5703,5702,5704,-1,5703,5704,5705,-1,5705,5704,5706,-1,5705,5706,5707,-1,5707,5706,5708,-1,5707,5708,5709,-1,5709,5708,5710,-1,5709,5710,5711,-1,5711,5710,5712,-1,5711,5712,5713,-1,5713,5712,5714,-1,5713,5714,5715,-1,5715,5714,5716,-1,5715,5716,5717,-1,5717,5716,5718,-1,5717,5718,5719,-1,5719,5718,5720,-1,5719,5720,5721,-1,5721,5720,5722,-1,5721,5722,5723,-1,5723,5722,5724,-1,5723,5724,5725,-1,5725,5724,5726,-1,5725,5726,5727,-1,5727,5726,5728,-1,5727,5728,5729,-1,5729,5728,5730,-1,5729,5730,5731,-1,5731,5730,5732,-1,5731,5732,5733,-1,5733,5732,5734,-1,5733,5734,5735,-1,5735,5734,5736,-1,5735,5736,5737,-1,5737,5736,5738,-1,5737,5738,5739,-1,5739,5738,5740,-1,5739,5740,5741,-1,5741,5740,5742,-1,5741,5742,5743,-1,5743,5742,5744,-1,5743,5744,5745,-1,5745,5744,5746,-1,5745,5746,5747,-1,5747,5746,5748,-1,5747,5748,5749,-1,5749,5748,5750,-1,5749,5750,5751,-1,5751,5750,5752,-1,5751,5752,5753,-1,5753,5752,5754,-1,5753,5754,5755,-1,5755,5754,5756,-1,5755,5756,5757,-1,5757,5756,5758,-1,5757,5758,5759,-1,5759,5758,5760,-1,5759,5760,5761,-1,5761,5760,5762,-1,5761,5762,5763,-1,5763,5762,5764,-1,5763,5764,5765,-1,5765,5764,5766,-1,5765,5766,5767,-1,5767,5766,5768,-1,5767,5768,5769,-1,5769,5768,5770,-1,5769,5770,5771,-1,5771,5770,5772,-1,5771,5772,5773,-1,5773,5772,5774,-1,5773,5774,5775,-1,5775,5774,5776,-1,5775,5776,5777,-1,5777,5776,5778,-1,5777,5778,5779,-1,5779,5778,5780,-1,5779,5780,5781,-1,5781,5780,5782,-1,5783,5784,5785,-1,5785,5784,5786,-1,5785,5786,5787,-1,5787,5786,5788,-1,5787,5788,5789,-1,5789,5788,5790,-1,5789,5790,5791,-1,5791,5790,5792,-1,5791,5792,5793,-1,5793,5792,5794,-1,5793,5794,5795,-1,5795,5794,5796,-1,5795,5796,5797,-1,5797,5796,5798,-1,5797,5798,5799,-1,5799,5798,5800,-1,5799,5800,5801,-1,5801,5800,5802,-1,5801,5802,5803,-1,5803,5802,5804,-1,5803,5804,5805,-1,5805,5804,5806,-1,5805,5806,5807,-1,5807,5806,5808,-1,5807,5808,5809,-1,5809,5808,5810,-1,5809,5810,5811,-1,5811,5810,5812,-1,5811,5812,5813,-1,5813,5812,5814,-1,5813,5814,5815,-1,5815,5814,5816,-1,5815,5816,5817,-1,5817,5816,5818,-1,5817,5818,5819,-1,5819,5818,5820,-1,5819,5820,5821,-1,5821,5820,5822,-1,5821,5822,5823,-1,5823,5822,5824,-1,5823,5824,5825,-1,5825,5824,5826,-1,5825,5826,5827,-1,5827,5826,5828,-1,5827,5828,5829,-1,5829,5828,5830,-1,5829,5830,5831,-1,5831,5830,5832,-1,5831,5832,5833,-1,5833,5832,5834,-1,5833,5834,5835,-1,5835,5834,5836,-1,5835,5836,5837,-1,5837,5836,5838,-1,5837,5838,5839,-1,5839,5838,5840,-1,5839,5840,5841,-1,5841,5840,5842,-1,5841,5842,5843,-1,5843,5842,5844,-1,5843,5844,5845,-1,5845,5844,5846,-1,5845,5846,5847,-1,5847,5846,5848,-1,5847,5848,5849,-1,5849,5848,5850,-1,5849,5850,5851,-1,5851,5850,5852,-1,5851,5852,5853,-1,5853,5852,5854,-1,5853,5854,5855,-1,5855,5854,5856,-1,5855,5856,5857,-1,5857,5856,5858,-1,5857,5858,5859,-1,5859,5858,5860,-1,5859,5860,5861,-1,5861,5860,5862,-1,5861,5862,5863,-1,5863,5862,5864,-1,5863,5864,5865,-1,5865,5864,5866,-1,5865,5866,5867,-1,5867,5866,5868,-1,5867,5868,5869,-1,5869,5868,5870,-1,5869,5870,5871,-1,5871,5870,5872,-1,5871,5872,5873,-1,5873,5872,5874,-1,5873,5874,5875,-1,5875,5874,5876,-1,5875,5876,5877,-1,5877,5876,5878,-1,5877,5878,5879,-1,5879,5878,5880,-1,5879,5880,5881,-1,5881,5880,5882,-1,5881,5882,5883,-1,5883,5882,5884,-1,5883,5884,5885,-1,5885,5884,5886,-1,5885,5886,5887,-1,5887,5886,5888,-1,5887,5888,5889,-1,5889,5888,5890,-1,5889,5890,5891,-1,5891,5890,5892,-1,5891,5892,5893,-1,5893,5892,5894,-1,5893,5894,5895,-1,5895,5894,5896,-1,5895,5896,5897,-1,5897,5896,5898,-1,5897,5898,5899,-1,5899,5898,5900,-1,5899,5900,5901,-1,5901,5900,5902,-1,5901,5902,5903,-1,5903,5902,5904,-1,5903,5904,5905,-1,5905,5904,5906,-1,5905,5906,5907,-1,5907,5906,5908,-1,5907,5908,5909,-1,5909,5908,5910,-1,5909,5910,5911,-1,5911,5910,5912,-1,5911,5912,5913,-1,5913,5912,5914,-1,5913,5914,5915,-1,5915,5914,5916,-1,5917,5918,5919,-1,5919,5918,5920,-1,5919,5920,5921,-1,5921,5920,5922,-1,5921,5922,5923,-1,5923,5922,5924,-1,5923,5924,5925,-1,5925,5924,5926,-1,5925,5926,5927,-1,5927,5926,5928,-1,5927,5928,5929,-1,5929,5928,5930,-1,5929,5930,5931,-1,5931,5930,5932,-1,5931,5932,5933,-1,5933,5932,5934,-1,5933,5934,5935,-1,5935,5934,5936,-1,5935,5936,5937,-1,5937,5936,5938,-1,5937,5938,5939,-1,5939,5938,5940,-1,5939,5940,5941,-1,5941,5940,5942,-1,5941,5942,5943,-1,5943,5942,5944,-1,5943,5944,5945,-1,5945,5944,5946,-1,5945,5946,5947,-1,5947,5946,5948,-1,5947,5948,5949,-1,5949,5948,5950,-1,5949,5950,5951,-1,5951,5950,5952,-1,5951,5952,5953,-1,5953,5952,5954,-1,5953,5954,5955,-1,5955,5954,5956,-1,5955,5956,5957,-1,5957,5956,5958,-1,5957,5958,5959,-1,5959,5958,5960,-1,5959,5960,5961,-1,5961,5960,5962,-1,5961,5962,5963,-1,5963,5962,5964,-1,5963,5964,5965,-1,5965,5964,5966,-1,5965,5966,5967,-1,5967,5966,5968,-1,5967,5968,5969,-1,5969,5968,5970,-1,5969,5970,5971,-1,5971,5970,5972,-1,5971,5972,5973,-1,5973,5972,5974,-1,5973,5974,5975,-1,5975,5974,5976,-1,5975,5976,5977,-1,5977,5976,5978,-1,5977,5978,5979,-1,5979,5978,5980,-1,5979,5980,5981,-1,5981,5980,5982,-1,5981,5982,5983,-1,5983,5982,5984,-1,5983,5984,5985,-1,5985,5984,5986,-1,5985,5986,5987,-1,5987,5986,5988,-1,5987,5988,5989,-1,5989,5988,5990,-1,5989,5990,5991,-1,5991,5990,5992,-1,5991,5992,5993,-1,5993,5992,5994,-1,5993,5994,5995,-1,5995,5994,5996,-1,5995,5996,5997,-1,5997,5996,5998,-1,5997,5998,5999,-1,5999,5998,6000,-1,5999,6000,6001,-1,6001,6000,6002,-1,6001,6002,6003,-1,6003,6002,6004,-1,6003,6004,6005,-1,6005,6004,6006,-1,6005,6006,6007,-1,6007,6006,6008,-1,6007,6008,6009,-1,6009,6008,6010,-1,6009,6010,6011,-1,6011,6010,6012,-1,6011,6012,6013,-1,6013,6012,6014,-1,6013,6014,6015,-1,6015,6014,6016,-1,6015,6016,6017,-1,6017,6016,6018,-1,6017,6018,6019,-1,6019,6018,6020,-1,6019,6020,6021,-1,6021,6020,6022,-1,6021,6022,6023,-1,6023,6022,6024,-1,6023,6024,6025,-1,6025,6024,6026,-1,6025,6026,6027,-1,6027,6026,6028,-1,6027,6028,6029,-1,6029,6028,6030,-1,6029,6030,6031,-1,6031,6030,6032,-1,6031,6032,6033,-1,6033,6032,6034,-1,6033,6034,6035,-1,6035,6034,6036,-1,6035,6036,6037,-1,6037,6036,6038,-1,6037,6038,6039,-1,6039,6038,6040,-1,6039,6040,6041,-1,6041,6040,6042,-1,6041,6042,6043,-1,6043,6042,6044,-1,6043,6044,6045,-1,6045,6044,6046,-1,6045,6046,6047,-1,6047,6046,6048,-1,6047,6048,6049,-1,6049,6048,6050,-1,6051,6052,6053,-1,6053,6052,6054,-1,6053,6054,6055,-1,6055,6054,6056,-1,6055,6056,6057,-1,6057,6056,6058,-1,6057,6058,6059,-1,6059,6058,6060,-1,6059,6060,6061,-1,6061,6060,6062,-1,6061,6062,6063,-1,6063,6062,6064,-1,6063,6064,6065,-1,6065,6064,6066,-1,6065,6066,6067,-1,6067,6066,6068,-1,6067,6068,6069,-1,6069,6068,6070,-1,6069,6070,6071,-1,6071,6070,6072,-1,6071,6072,6073,-1,6073,6072,6074,-1,6073,6074,6075,-1,6075,6074,6076,-1,6075,6076,6077,-1,6077,6076,6078,-1,6077,6078,6079,-1,6079,6078,6080,-1,6079,6080,6081,-1,6081,6080,6082,-1,6081,6082,6083,-1,6083,6082,6084,-1,6083,6084,6085,-1,6085,6084,6086,-1,6085,6086,6087,-1,6087,6086,6088,-1,6087,6088,6089,-1,6089,6088,6090,-1,6089,6090,6091,-1,6091,6090,6092,-1,6091,6092,6093,-1,6093,6092,6094,-1,6093,6094,6095,-1,6095,6094,6096,-1,6095,6096,6097,-1,6097,6096,6098,-1,6097,6098,6099,-1,6099,6098,6100,-1,6099,6100,6101,-1,6101,6100,6102,-1,6101,6102,6103,-1,6103,6102,6104,-1,6103,6104,6105,-1,6105,6104,6106,-1,6105,6106,6107,-1,6107,6106,6108,-1,6107,6108,6109,-1,6109,6108,6110,-1,6109,6110,6111,-1,6111,6110,6112,-1,6111,6112,6113,-1,6113,6112,6114,-1,6113,6114,6115,-1,6115,6114,6116,-1,6115,6116,6117,-1,6117,6116,6118,-1,6117,6118,6119,-1,6119,6118,6120,-1,6119,6120,6121,-1,6121,6120,6122,-1,6121,6122,6123,-1,6123,6122,6124,-1,6123,6124,6125,-1,6125,6124,6126,-1,6125,6126,6127,-1,6127,6126,6128,-1,6127,6128,6129,-1,6129,6128,6130,-1,6129,6130,6131,-1,6131,6130,6132,-1,6131,6132,6133,-1,6133,6132,6134,-1,6133,6134,6135,-1,6135,6134,6136,-1,6135,6136,6137,-1,6137,6136,6138,-1,6137,6138,6139,-1,6139,6138,6140,-1,6139,6140,6141,-1,6141,6140,6142,-1,6141,6142,6143,-1,6143,6142,6144,-1,6143,6144,6145,-1,6145,6144,6146,-1,6145,6146,6147,-1,6147,6146,6148,-1,6147,6148,6149,-1,6149,6148,6150,-1,6149,6150,6151,-1,6151,6150,6152,-1,6151,6152,6153,-1,6153,6152,6154,-1,6153,6154,6155,-1,6155,6154,6156,-1,6155,6156,6157,-1,6157,6156,6158,-1,6157,6158,6159,-1,6159,6158,6160,-1,6159,6160,6161,-1,6161,6160,6162,-1,6161,6162,6163,-1,6163,6162,6164,-1,6163,6164,6165,-1,6165,6164,6166,-1,6165,6166,6167,-1,6167,6166,6168,-1,6167,6168,6169,-1,6169,6168,6170,-1,6169,6170,6171,-1,6171,6170,6172,-1,6171,6172,6173,-1,6173,6172,6174,-1,6173,6174,6175,-1,6175,6174,6176,-1,6175,6176,6177,-1,6177,6176,6178,-1,6177,6178,6179,-1,6179,6178,6180,-1,6179,6180,6181,-1,6181,6180,6182,-1,6181,6182,6183,-1,6183,6182,6184,-1,6185,6186,6187,-1,6187,6186,6188,-1,6187,6188,6189,-1,6189,6188,6190,-1,6189,6190,6191,-1,6191,6190,6192,-1,6191,6192,6193,-1,6193,6192,6194,-1,6193,6194,6195,-1,6195,6194,6196,-1,6195,6196,6197,-1,6197,6196,6198,-1,6197,6198,6199,-1,6199,6198,6200,-1,6199,6200,6201,-1,6201,6200,6202,-1,6201,6202,6203,-1,6203,6202,6204,-1,6203,6204,6205,-1,6205,6204,6206,-1,6205,6206,6207,-1,6207,6206,6208,-1,6207,6208,6209,-1,6209,6208,6210,-1,6209,6210,6211,-1,6211,6210,6212,-1,6211,6212,6213,-1,6213,6212,6214,-1,6213,6214,6215,-1,6215,6214,6216,-1,6215,6216,6217,-1,6217,6216,6218,-1,6217,6218,6219,-1,6219,6218,6220,-1,6219,6220,6221,-1,6221,6220,6222,-1,6221,6222,6223,-1,6223,6222,6224,-1,6223,6224,6225,-1,6225,6224,6226,-1,6225,6226,6227,-1,6227,6226,6228,-1,6227,6228,6229,-1,6229,6228,6230,-1,6229,6230,6231,-1,6231,6230,6232,-1,6231,6232,6233,-1,6233,6232,6234,-1,6233,6234,6235,-1,6235,6234,6236,-1,6235,6236,6237,-1,6237,6236,6238,-1,6237,6238,6239,-1,6239,6238,6240,-1,6239,6240,6241,-1,6241,6240,6242,-1,6241,6242,6243,-1,6243,6242,6244,-1,6243,6244,6245,-1,6245,6244,6246,-1,6245,6246,6247,-1,6247,6246,6248,-1,6247,6248,6249,-1,6249,6248,6250,-1,6249,6250,6251,-1,6251,6250,6252,-1,6251,6252,6253,-1,6253,6252,6254,-1,6253,6254,6255,-1,6255,6254,6256,-1,6255,6256,6257,-1,6257,6256,6258,-1,6257,6258,6259,-1,6259,6258,6260,-1,6259,6260,6261,-1,6261,6260,6262,-1,6261,6262,6263,-1,6263,6262,6264,-1,6263,6264,6265,-1,6265,6264,6266,-1,6265,6266,6267,-1,6267,6266,6268,-1,6267,6268,6269,-1,6269,6268,6270,-1,6269,6270,6271,-1,6271,6270,6272,-1,6271,6272,6273,-1,6273,6272,6274,-1,6273,6274,6275,-1,6275,6274,6276,-1,6275,6276,6277,-1,6277,6276,6278,-1,6277,6278,6279,-1,6279,6278,6280,-1,6279,6280,6281,-1,6281,6280,6282,-1,6281,6282,6283,-1,6283,6282,6284,-1,6283,6284,6285,-1,6285,6284,6286,-1,6285,6286,6287,-1,6287,6286,6288,-1,6287,6288,6289,-1,6289,6288,6290,-1,6289,6290,6291,-1,6291,6290,6292,-1,6291,6292,6293,-1,6293,6292,6294,-1,6293,6294,6295,-1,6295,6294,6296,-1,6295,6296,6297,-1,6297,6296,6298,-1,6297,6298,6299,-1,6299,6298,6300,-1,6299,6300,6301,-1,6301,6300,6302,-1,6301,6302,6303,-1,6303,6302,6304,-1,6303,6304,6305,-1,6305,6304,6306,-1,6305,6306,6307,-1,6307,6306,6308,-1,6307,6308,6309,-1,6309,6308,6310,-1,6309,6310,6311,-1,6311,6310,6312,-1,6311,6312,6313,-1,6313,6312,6314,-1,6313,6314,6315,-1,6315,6314,6316,-1,6315,6316,6317,-1,6317,6316,6318,-1,6319,6320,6321,-1,6321,6320,6322,-1,6321,6322,6323,-1,6323,6322,6324,-1,6323,6324,6325,-1,6325,6324,6326,-1,6325,6326,6327,-1,6327,6326,6328,-1,6327,6328,6329,-1,6329,6328,6330,-1,6329,6330,6331,-1,6331,6330,6332,-1,6331,6332,6333,-1,6333,6332,6334,-1,6333,6334,5241,-1,5412,6335,5414,-1,5414,6335,6336,-1,5414,6336,5416,-1,5416,6336,6337,-1,5416,6337,5417,-1,5417,6337,6338,-1,5417,6338,5386,-1,5241,6334,5242,-1,5242,6334,6339,-1,5242,6339,5408,-1,5408,6339,6340,-1,5408,6340,5410,-1,5410,6340,6341,-1,5410,6341,5412,-1,5412,6341,6342,-1,5412,6342,6335,-1,5440,6343,6344,-1,6344,6343,6345,-1,6346,6347,6348,-1,6348,6347,6349,-1,6348,6349,6350,-1,6350,6349,6351,-1,6350,6351,6352,-1,6352,6351,6353,-1,6352,6353,6354,-1,6353,6355,6354,-1,6354,6355,6356,-1,6354,6356,6357,-1,6357,6356,6345,-1,6357,6345,6358,-1,6358,6345,6343,-1,5444,6359,5441,-1,5441,6359,6360,-1,5441,6360,5447,-1,5447,6360,6361,-1,5447,6361,5448,-1,5448,6361,6362,-1,5448,6362,5459,-1,5440,6344,5438,-1,5438,6344,6363,-1,5438,6363,5433,-1,5433,6363,6364,-1,5433,6364,5432,-1,5432,6364,6365,-1,5432,6365,5444,-1,5444,6365,6366,-1,5444,6366,6359,-1,5528,5526,6367,-1,5522,5429,5495,-1,6368,6369,5568,-1,5429,5514,5495,-1,5495,5514,5509,-1,5495,5509,5502,-1,5502,5509,5506,-1,6370,5541,6367,-1,6367,5541,5533,-1,6367,5533,5528,-1,5568,6369,5426,-1,5426,6369,6371,-1,5426,6371,5423,-1,5423,6371,6372,-1,5423,6372,5583,-1,5583,6372,6373,-1,5583,6373,5586,-1,6370,6374,5541,-1,5541,6374,6375,-1,5541,6375,5546,-1,5546,6375,6376,-1,5546,6376,5553,-1,5553,6376,6377,-1,5553,6377,5556,-1,5556,6377,6368,-1,5556,6368,5562,-1,5562,6368,5568,-1,5586,6373,5594,-1,5594,6373,6378,-1,5594,6378,5600,-1,5600,6378,6379,-1,5600,6379,5604,-1,5604,6379,6380,-1,5604,6380,5420,-1,5420,6380,6381,-1,5420,6381,5614,-1,5614,6381,6382,-1,5614,6382,5466,-1,5466,6382,5464,-1,5464,6382,6383,-1,5464,6383,5491,-1,5491,6383,6384,-1,5491,6384,5498,-1,5498,6384,6385,-1,5498,6385,5495,-1,5495,6385,6386,-1,5495,6386,6387,-1,6387,6388,5495,-1,5495,6388,6389,-1,5495,6389,5522,-1,6388,6390,6389,-1,6389,6390,6391,-1,6389,6391,6367,-1,6367,6391,6392,-1,6367,6392,6370,-1,6393,6394,6319,-1,6325,6327,6395,-1,6395,6327,6329,-1,6395,6329,6396,-1,6396,6329,6331,-1,6396,6331,6333,-1,6319,6321,6393,-1,6393,6321,6323,-1,6393,6323,6397,-1,6398,6396,6399,-1,6399,6396,6333,-1,6399,6333,5241,-1,6400,6395,6401,-1,6401,6395,6396,-1,6401,6396,6402,-1,6402,6396,6398,-1,6400,6403,6395,-1,6395,6403,6397,-1,6395,6397,6325,-1,6325,6397,6323,-1,6404,6394,6405,-1,6405,6394,6393,-1,6405,6393,6406,-1,6406,6393,6397,-1,6406,6397,6407,-1,6407,6397,6403,-1,6408,6409,6410,-1,6411,6412,6413,-1,6414,6415,6416,-1,6294,6292,6410,-1,6290,6288,6417,-1,6228,6226,6413,-1,6210,6208,6418,-1,6418,6208,6419,-1,6420,6421,6422,-1,6423,6424,6318,-1,6186,6425,6188,-1,6188,6425,6426,-1,6188,6426,6190,-1,6190,6426,6427,-1,6190,6427,6192,-1,6192,6427,6194,-1,6208,6206,6419,-1,6419,6206,6204,-1,6419,6204,6428,-1,6428,6204,6202,-1,6428,6202,6429,-1,6429,6202,6200,-1,6429,6200,6198,-1,6212,6430,6214,-1,6214,6430,6431,-1,6214,6431,6216,-1,6216,6431,6218,-1,6224,6222,6432,-1,6432,6222,6220,-1,6432,6220,6433,-1,6230,6434,6232,-1,6232,6434,6435,-1,6232,6435,6234,-1,6234,6435,6436,-1,6242,6240,6437,-1,6437,6240,6238,-1,6437,6238,6436,-1,6436,6238,6236,-1,6436,6236,6234,-1,6248,6246,6438,-1,6438,6246,6244,-1,6438,6244,6439,-1,6250,6440,6252,-1,6252,6440,6441,-1,6252,6441,6254,-1,6254,6441,6442,-1,6254,6442,6256,-1,6256,6442,6258,-1,6443,6444,6260,-1,6445,6266,6446,-1,6446,6266,6264,-1,6446,6264,6444,-1,6444,6264,6262,-1,6444,6262,6260,-1,6274,6272,6447,-1,6447,6272,6270,-1,6447,6270,6445,-1,6445,6270,6268,-1,6445,6268,6266,-1,6276,6448,6449,-1,6282,6280,6449,-1,6449,6280,6278,-1,6449,6278,6276,-1,6450,6451,6284,-1,6417,6288,6451,-1,6451,6288,6286,-1,6451,6286,6284,-1,6296,6452,6298,-1,6298,6452,6453,-1,6298,6453,6300,-1,6300,6453,6454,-1,6300,6454,6302,-1,6302,6454,6304,-1,6306,6455,6308,-1,6308,6455,6456,-1,6308,6456,6310,-1,6310,6456,6312,-1,6318,6316,6423,-1,6423,6316,6314,-1,6423,6314,6457,-1,6425,6420,6426,-1,6426,6420,6422,-1,6426,6422,6427,-1,6427,6422,6458,-1,6427,6458,6459,-1,6459,6414,6427,-1,6427,6414,6416,-1,6427,6416,6194,-1,6194,6416,6196,-1,6415,6460,6416,-1,6416,6460,6429,-1,6416,6429,6196,-1,6196,6429,6198,-1,6460,6461,6429,-1,6429,6461,6462,-1,6429,6462,6428,-1,6428,6462,6463,-1,6428,6463,6419,-1,6464,6418,6465,-1,6465,6418,6419,-1,6465,6419,6466,-1,6466,6419,6463,-1,6464,6467,6418,-1,6418,6467,6430,-1,6418,6430,6210,-1,6210,6430,6212,-1,6468,6431,6469,-1,6469,6431,6430,-1,6469,6430,6470,-1,6470,6430,6467,-1,6468,6471,6431,-1,6431,6471,6433,-1,6431,6433,6218,-1,6218,6433,6220,-1,6472,6432,6473,-1,6473,6432,6433,-1,6473,6433,6474,-1,6474,6433,6471,-1,6472,6411,6432,-1,6432,6411,6413,-1,6432,6413,6224,-1,6224,6413,6226,-1,6412,6475,6413,-1,6413,6475,6434,-1,6413,6434,6228,-1,6228,6434,6230,-1,6476,6437,6477,-1,6477,6437,6436,-1,6477,6436,6478,-1,6478,6436,6435,-1,6478,6435,6479,-1,6479,6435,6434,-1,6479,6434,6480,-1,6480,6434,6475,-1,6476,6481,6437,-1,6437,6481,6439,-1,6437,6439,6242,-1,6242,6439,6244,-1,6482,6438,6483,-1,6483,6438,6439,-1,6483,6439,6484,-1,6484,6439,6481,-1,6482,6485,6438,-1,6438,6485,6440,-1,6438,6440,6248,-1,6248,6440,6250,-1,6485,6486,6440,-1,6440,6486,6487,-1,6440,6487,6441,-1,6441,6487,6488,-1,6441,6488,6442,-1,6442,6488,6489,-1,6442,6489,6490,-1,6490,6491,6442,-1,6442,6491,6443,-1,6442,6443,6258,-1,6258,6443,6260,-1,6491,6492,6443,-1,6443,6492,6493,-1,6443,6493,6444,-1,6444,6493,6494,-1,6444,6494,6446,-1,6495,6447,6496,-1,6496,6447,6445,-1,6496,6445,6497,-1,6497,6445,6446,-1,6497,6446,6498,-1,6498,6446,6494,-1,6495,6499,6447,-1,6447,6499,6448,-1,6447,6448,6274,-1,6274,6448,6276,-1,6500,6449,6501,-1,6501,6449,6448,-1,6501,6448,6502,-1,6502,6448,6499,-1,6500,6503,6449,-1,6449,6503,6450,-1,6449,6450,6282,-1,6282,6450,6284,-1,6503,6504,6450,-1,6450,6504,6505,-1,6450,6505,6451,-1,6451,6505,6506,-1,6451,6506,6417,-1,6417,6506,6507,-1,6417,6507,6508,-1,6508,6408,6417,-1,6417,6408,6410,-1,6417,6410,6290,-1,6290,6410,6292,-1,6409,6509,6410,-1,6410,6509,6452,-1,6410,6452,6294,-1,6294,6452,6296,-1,6510,6454,6511,-1,6511,6454,6453,-1,6511,6453,6512,-1,6512,6453,6452,-1,6512,6452,6513,-1,6513,6452,6509,-1,6510,6514,6454,-1,6454,6514,6455,-1,6454,6455,6304,-1,6304,6455,6306,-1,6515,6456,6516,-1,6516,6456,6455,-1,6516,6455,6517,-1,6517,6455,6514,-1,6515,6518,6456,-1,6456,6518,6457,-1,6456,6457,6312,-1,6312,6457,6314,-1,6519,6424,6520,-1,6520,6424,6423,-1,6520,6423,6521,-1,6521,6423,6457,-1,6521,6457,6522,-1,6522,6457,6518,-1,6523,6524,6525,-1,6526,6527,6528,-1,6529,6530,6531,-1,6160,6158,6525,-1,6156,6154,6532,-1,6094,6092,6528,-1,6076,6074,6533,-1,6533,6074,6534,-1,6535,6536,6537,-1,6538,6539,6184,-1,6052,6540,6054,-1,6054,6540,6541,-1,6054,6541,6056,-1,6056,6541,6542,-1,6056,6542,6058,-1,6058,6542,6060,-1,6074,6072,6534,-1,6534,6072,6070,-1,6534,6070,6543,-1,6543,6070,6068,-1,6543,6068,6544,-1,6544,6068,6066,-1,6544,6066,6064,-1,6078,6545,6080,-1,6080,6545,6546,-1,6080,6546,6082,-1,6082,6546,6084,-1,6090,6088,6547,-1,6547,6088,6086,-1,6547,6086,6548,-1,6096,6549,6098,-1,6098,6549,6550,-1,6098,6550,6100,-1,6100,6550,6551,-1,6108,6106,6552,-1,6552,6106,6104,-1,6552,6104,6551,-1,6551,6104,6102,-1,6551,6102,6100,-1,6114,6112,6553,-1,6553,6112,6110,-1,6553,6110,6554,-1,6116,6555,6118,-1,6118,6555,6556,-1,6118,6556,6120,-1,6120,6556,6557,-1,6120,6557,6122,-1,6122,6557,6124,-1,6558,6559,6126,-1,6560,6132,6561,-1,6561,6132,6130,-1,6561,6130,6559,-1,6559,6130,6128,-1,6559,6128,6126,-1,6140,6138,6562,-1,6562,6138,6136,-1,6562,6136,6560,-1,6560,6136,6134,-1,6560,6134,6132,-1,6142,6563,6564,-1,6148,6146,6564,-1,6564,6146,6144,-1,6564,6144,6142,-1,6565,6566,6150,-1,6532,6154,6566,-1,6566,6154,6152,-1,6566,6152,6150,-1,6162,6567,6164,-1,6164,6567,6568,-1,6164,6568,6166,-1,6166,6568,6569,-1,6166,6569,6168,-1,6168,6569,6170,-1,6172,6570,6174,-1,6174,6570,6571,-1,6174,6571,6176,-1,6176,6571,6178,-1,6184,6182,6538,-1,6538,6182,6180,-1,6538,6180,6572,-1,6540,6535,6541,-1,6541,6535,6537,-1,6541,6537,6542,-1,6542,6537,6573,-1,6542,6573,6574,-1,6574,6529,6542,-1,6542,6529,6531,-1,6542,6531,6060,-1,6060,6531,6062,-1,6530,6575,6531,-1,6531,6575,6544,-1,6531,6544,6062,-1,6062,6544,6064,-1,6575,6576,6544,-1,6544,6576,6577,-1,6544,6577,6543,-1,6543,6577,6578,-1,6543,6578,6534,-1,6579,6533,6580,-1,6580,6533,6534,-1,6580,6534,6581,-1,6581,6534,6578,-1,6579,6582,6533,-1,6533,6582,6545,-1,6533,6545,6076,-1,6076,6545,6078,-1,6583,6546,6584,-1,6584,6546,6545,-1,6584,6545,6585,-1,6585,6545,6582,-1,6583,6586,6546,-1,6546,6586,6548,-1,6546,6548,6084,-1,6084,6548,6086,-1,6587,6547,6588,-1,6588,6547,6548,-1,6588,6548,6589,-1,6589,6548,6586,-1,6587,6526,6547,-1,6547,6526,6528,-1,6547,6528,6090,-1,6090,6528,6092,-1,6527,6590,6528,-1,6528,6590,6549,-1,6528,6549,6094,-1,6094,6549,6096,-1,6591,6552,6592,-1,6592,6552,6551,-1,6592,6551,6593,-1,6593,6551,6550,-1,6593,6550,6594,-1,6594,6550,6549,-1,6594,6549,6595,-1,6595,6549,6590,-1,6591,6596,6552,-1,6552,6596,6554,-1,6552,6554,6108,-1,6108,6554,6110,-1,6597,6553,6598,-1,6598,6553,6554,-1,6598,6554,6599,-1,6599,6554,6596,-1,6597,6600,6553,-1,6553,6600,6555,-1,6553,6555,6114,-1,6114,6555,6116,-1,6600,6601,6555,-1,6555,6601,6602,-1,6555,6602,6556,-1,6556,6602,6603,-1,6556,6603,6557,-1,6557,6603,6604,-1,6557,6604,6605,-1,6605,6606,6557,-1,6557,6606,6558,-1,6557,6558,6124,-1,6124,6558,6126,-1,6606,6607,6558,-1,6558,6607,6608,-1,6558,6608,6559,-1,6559,6608,6609,-1,6559,6609,6561,-1,6610,6562,6611,-1,6611,6562,6560,-1,6611,6560,6612,-1,6612,6560,6561,-1,6612,6561,6613,-1,6613,6561,6609,-1,6610,6614,6562,-1,6562,6614,6563,-1,6562,6563,6140,-1,6140,6563,6142,-1,6615,6564,6616,-1,6616,6564,6563,-1,6616,6563,6617,-1,6617,6563,6614,-1,6615,6618,6564,-1,6564,6618,6565,-1,6564,6565,6148,-1,6148,6565,6150,-1,6618,6619,6565,-1,6565,6619,6620,-1,6565,6620,6566,-1,6566,6620,6621,-1,6566,6621,6532,-1,6532,6621,6622,-1,6532,6622,6623,-1,6623,6523,6532,-1,6532,6523,6525,-1,6532,6525,6156,-1,6156,6525,6158,-1,6524,6624,6525,-1,6525,6624,6567,-1,6525,6567,6160,-1,6160,6567,6162,-1,6625,6569,6626,-1,6626,6569,6568,-1,6626,6568,6627,-1,6627,6568,6567,-1,6627,6567,6628,-1,6628,6567,6624,-1,6625,6629,6569,-1,6569,6629,6570,-1,6569,6570,6170,-1,6170,6570,6172,-1,6630,6571,6631,-1,6631,6571,6570,-1,6631,6570,6632,-1,6632,6570,6629,-1,6630,6633,6571,-1,6571,6633,6572,-1,6571,6572,6178,-1,6178,6572,6180,-1,6634,6539,6635,-1,6635,6539,6538,-1,6635,6538,6636,-1,6636,6538,6572,-1,6636,6572,6637,-1,6637,6572,6633,-1,6638,6639,6640,-1,6641,6642,6643,-1,6644,6645,6646,-1,6026,6024,6640,-1,6022,6020,6647,-1,5960,5958,6643,-1,5942,5940,6648,-1,6648,5940,6649,-1,6650,6651,6652,-1,6653,6654,6050,-1,5918,6655,5920,-1,5920,6655,6656,-1,5920,6656,5922,-1,5922,6656,6657,-1,5922,6657,5924,-1,5924,6657,5926,-1,5940,5938,6649,-1,6649,5938,5936,-1,6649,5936,6658,-1,6658,5936,5934,-1,6658,5934,6659,-1,6659,5934,5932,-1,6659,5932,5930,-1,5944,6660,5946,-1,5946,6660,6661,-1,5946,6661,5948,-1,5948,6661,5950,-1,5956,5954,6662,-1,6662,5954,5952,-1,6662,5952,6663,-1,5962,6664,5964,-1,5964,6664,6665,-1,5964,6665,5966,-1,5966,6665,6666,-1,5974,5972,6667,-1,6667,5972,5970,-1,6667,5970,6666,-1,6666,5970,5968,-1,6666,5968,5966,-1,5980,5978,6668,-1,6668,5978,5976,-1,6668,5976,6669,-1,5982,6670,5984,-1,5984,6670,6671,-1,5984,6671,5986,-1,5986,6671,6672,-1,5986,6672,5988,-1,5988,6672,5990,-1,6673,6674,5992,-1,6675,5998,6676,-1,6676,5998,5996,-1,6676,5996,6674,-1,6674,5996,5994,-1,6674,5994,5992,-1,6006,6004,6677,-1,6677,6004,6002,-1,6677,6002,6675,-1,6675,6002,6000,-1,6675,6000,5998,-1,6008,6678,6679,-1,6014,6012,6679,-1,6679,6012,6010,-1,6679,6010,6008,-1,6680,6681,6016,-1,6647,6020,6681,-1,6681,6020,6018,-1,6681,6018,6016,-1,6028,6682,6030,-1,6030,6682,6683,-1,6030,6683,6032,-1,6032,6683,6684,-1,6032,6684,6034,-1,6034,6684,6036,-1,6038,6685,6040,-1,6040,6685,6686,-1,6040,6686,6042,-1,6042,6686,6044,-1,6050,6048,6653,-1,6653,6048,6046,-1,6653,6046,6687,-1,6655,6650,6656,-1,6656,6650,6652,-1,6656,6652,6657,-1,6657,6652,6688,-1,6657,6688,6689,-1,6689,6644,6657,-1,6657,6644,6646,-1,6657,6646,5926,-1,5926,6646,5928,-1,6645,6690,6646,-1,6646,6690,6659,-1,6646,6659,5928,-1,5928,6659,5930,-1,6690,6691,6659,-1,6659,6691,6692,-1,6659,6692,6658,-1,6658,6692,6693,-1,6658,6693,6649,-1,6694,6648,6695,-1,6695,6648,6649,-1,6695,6649,6696,-1,6696,6649,6693,-1,6694,6697,6648,-1,6648,6697,6660,-1,6648,6660,5942,-1,5942,6660,5944,-1,6698,6661,6699,-1,6699,6661,6660,-1,6699,6660,6700,-1,6700,6660,6697,-1,6698,6701,6661,-1,6661,6701,6663,-1,6661,6663,5950,-1,5950,6663,5952,-1,6702,6662,6703,-1,6703,6662,6663,-1,6703,6663,6704,-1,6704,6663,6701,-1,6702,6641,6662,-1,6662,6641,6643,-1,6662,6643,5956,-1,5956,6643,5958,-1,6642,6705,6643,-1,6643,6705,6664,-1,6643,6664,5960,-1,5960,6664,5962,-1,6706,6667,6707,-1,6707,6667,6666,-1,6707,6666,6708,-1,6708,6666,6665,-1,6708,6665,6709,-1,6709,6665,6664,-1,6709,6664,6710,-1,6710,6664,6705,-1,6706,6711,6667,-1,6667,6711,6669,-1,6667,6669,5974,-1,5974,6669,5976,-1,6712,6668,6713,-1,6713,6668,6669,-1,6713,6669,6714,-1,6714,6669,6711,-1,6712,6715,6668,-1,6668,6715,6670,-1,6668,6670,5980,-1,5980,6670,5982,-1,6715,6716,6670,-1,6670,6716,6717,-1,6670,6717,6671,-1,6671,6717,6718,-1,6671,6718,6672,-1,6672,6718,6719,-1,6672,6719,6720,-1,6720,6721,6672,-1,6672,6721,6673,-1,6672,6673,5990,-1,5990,6673,5992,-1,6721,6722,6673,-1,6673,6722,6723,-1,6673,6723,6674,-1,6674,6723,6724,-1,6674,6724,6676,-1,6725,6677,6726,-1,6726,6677,6675,-1,6726,6675,6727,-1,6727,6675,6676,-1,6727,6676,6728,-1,6728,6676,6724,-1,6725,6729,6677,-1,6677,6729,6678,-1,6677,6678,6006,-1,6006,6678,6008,-1,6730,6679,6731,-1,6731,6679,6678,-1,6731,6678,6732,-1,6732,6678,6729,-1,6730,6733,6679,-1,6679,6733,6680,-1,6679,6680,6014,-1,6014,6680,6016,-1,6733,6734,6680,-1,6680,6734,6735,-1,6680,6735,6681,-1,6681,6735,6736,-1,6681,6736,6647,-1,6647,6736,6737,-1,6647,6737,6738,-1,6738,6638,6647,-1,6647,6638,6640,-1,6647,6640,6022,-1,6022,6640,6024,-1,6639,6739,6640,-1,6640,6739,6682,-1,6640,6682,6026,-1,6026,6682,6028,-1,6740,6684,6741,-1,6741,6684,6683,-1,6741,6683,6742,-1,6742,6683,6682,-1,6742,6682,6743,-1,6743,6682,6739,-1,6740,6744,6684,-1,6684,6744,6685,-1,6684,6685,6036,-1,6036,6685,6038,-1,6745,6686,6746,-1,6746,6686,6685,-1,6746,6685,6747,-1,6747,6685,6744,-1,6745,6748,6686,-1,6686,6748,6687,-1,6686,6687,6044,-1,6044,6687,6046,-1,6749,6654,6750,-1,6750,6654,6653,-1,6750,6653,6751,-1,6751,6653,6687,-1,6751,6687,6752,-1,6752,6687,6748,-1,6753,6754,6755,-1,6756,6757,6758,-1,6759,6760,6761,-1,5892,5890,6755,-1,5888,5886,6762,-1,5826,5824,6758,-1,5808,5806,6763,-1,6763,5806,6764,-1,6765,6766,6767,-1,6768,6769,5916,-1,5784,6770,5786,-1,5786,6770,6771,-1,5786,6771,5788,-1,5788,6771,6772,-1,5788,6772,5790,-1,5790,6772,5792,-1,5806,5804,6764,-1,6764,5804,5802,-1,6764,5802,6773,-1,6773,5802,5800,-1,6773,5800,6774,-1,6774,5800,5798,-1,6774,5798,5796,-1,5810,6775,5812,-1,5812,6775,6776,-1,5812,6776,5814,-1,5814,6776,5816,-1,5822,5820,6777,-1,6777,5820,5818,-1,6777,5818,6778,-1,5828,6779,5830,-1,5830,6779,6780,-1,5830,6780,5832,-1,5832,6780,6781,-1,5840,5838,6782,-1,6782,5838,5836,-1,6782,5836,6781,-1,6781,5836,5834,-1,6781,5834,5832,-1,5846,5844,6783,-1,6783,5844,5842,-1,6783,5842,6784,-1,5848,6785,5850,-1,5850,6785,6786,-1,5850,6786,5852,-1,5852,6786,6787,-1,5852,6787,5854,-1,5854,6787,5856,-1,6788,6789,5858,-1,6790,5864,6791,-1,6791,5864,5862,-1,6791,5862,6789,-1,6789,5862,5860,-1,6789,5860,5858,-1,5872,5870,6792,-1,6792,5870,5868,-1,6792,5868,6790,-1,6790,5868,5866,-1,6790,5866,5864,-1,5874,6793,6794,-1,5880,5878,6794,-1,6794,5878,5876,-1,6794,5876,5874,-1,6795,6796,5882,-1,6762,5886,6796,-1,6796,5886,5884,-1,6796,5884,5882,-1,5894,6797,5896,-1,5896,6797,6798,-1,5896,6798,5898,-1,5898,6798,6799,-1,5898,6799,5900,-1,5900,6799,5902,-1,5904,6800,5906,-1,5906,6800,6801,-1,5906,6801,5908,-1,5908,6801,5910,-1,5916,5914,6768,-1,6768,5914,5912,-1,6768,5912,6802,-1,6770,6765,6771,-1,6771,6765,6767,-1,6771,6767,6772,-1,6772,6767,6803,-1,6772,6803,6804,-1,6804,6759,6772,-1,6772,6759,6761,-1,6772,6761,5792,-1,5792,6761,5794,-1,6760,6805,6761,-1,6761,6805,6774,-1,6761,6774,5794,-1,5794,6774,5796,-1,6805,6806,6774,-1,6774,6806,6807,-1,6774,6807,6773,-1,6773,6807,6808,-1,6773,6808,6764,-1,6809,6763,6810,-1,6810,6763,6764,-1,6810,6764,6811,-1,6811,6764,6808,-1,6809,6812,6763,-1,6763,6812,6775,-1,6763,6775,5808,-1,5808,6775,5810,-1,6813,6776,6814,-1,6814,6776,6775,-1,6814,6775,6815,-1,6815,6775,6812,-1,6813,6816,6776,-1,6776,6816,6778,-1,6776,6778,5816,-1,5816,6778,5818,-1,6817,6777,6818,-1,6818,6777,6778,-1,6818,6778,6819,-1,6819,6778,6816,-1,6817,6756,6777,-1,6777,6756,6758,-1,6777,6758,5822,-1,5822,6758,5824,-1,6757,6820,6758,-1,6758,6820,6779,-1,6758,6779,5826,-1,5826,6779,5828,-1,6821,6782,6822,-1,6822,6782,6781,-1,6822,6781,6823,-1,6823,6781,6780,-1,6823,6780,6824,-1,6824,6780,6779,-1,6824,6779,6825,-1,6825,6779,6820,-1,6821,6826,6782,-1,6782,6826,6784,-1,6782,6784,5840,-1,5840,6784,5842,-1,6827,6783,6828,-1,6828,6783,6784,-1,6828,6784,6829,-1,6829,6784,6826,-1,6827,6830,6783,-1,6783,6830,6785,-1,6783,6785,5846,-1,5846,6785,5848,-1,6830,6831,6785,-1,6785,6831,6832,-1,6785,6832,6786,-1,6786,6832,6833,-1,6786,6833,6787,-1,6787,6833,6834,-1,6787,6834,6835,-1,6835,6836,6787,-1,6787,6836,6788,-1,6787,6788,5856,-1,5856,6788,5858,-1,6836,6837,6788,-1,6788,6837,6838,-1,6788,6838,6789,-1,6789,6838,6839,-1,6789,6839,6791,-1,6840,6792,6841,-1,6841,6792,6790,-1,6841,6790,6842,-1,6842,6790,6791,-1,6842,6791,6843,-1,6843,6791,6839,-1,6840,6844,6792,-1,6792,6844,6793,-1,6792,6793,5872,-1,5872,6793,5874,-1,6845,6794,6846,-1,6846,6794,6793,-1,6846,6793,6847,-1,6847,6793,6844,-1,6845,6848,6794,-1,6794,6848,6795,-1,6794,6795,5880,-1,5880,6795,5882,-1,6848,6849,6795,-1,6795,6849,6850,-1,6795,6850,6796,-1,6796,6850,6851,-1,6796,6851,6762,-1,6762,6851,6852,-1,6762,6852,6853,-1,6853,6753,6762,-1,6762,6753,6755,-1,6762,6755,5888,-1,5888,6755,5890,-1,6754,6854,6755,-1,6755,6854,6797,-1,6755,6797,5892,-1,5892,6797,5894,-1,6855,6799,6856,-1,6856,6799,6798,-1,6856,6798,6857,-1,6857,6798,6797,-1,6857,6797,6858,-1,6858,6797,6854,-1,6855,6859,6799,-1,6799,6859,6800,-1,6799,6800,5902,-1,5902,6800,5904,-1,6860,6801,6861,-1,6861,6801,6800,-1,6861,6800,6862,-1,6862,6800,6859,-1,6860,6863,6801,-1,6801,6863,6802,-1,6801,6802,5910,-1,5910,6802,5912,-1,6864,6769,6865,-1,6865,6769,6768,-1,6865,6768,6866,-1,6866,6768,6802,-1,6866,6802,6867,-1,6867,6802,6863,-1,6868,6869,6870,-1,6871,6872,6873,-1,6874,6875,6876,-1,5758,5756,6870,-1,5754,5752,6877,-1,5692,5690,6873,-1,5674,5672,6878,-1,6878,5672,6879,-1,6880,6881,6882,-1,6883,6884,5782,-1,5650,6885,5652,-1,5652,6885,6886,-1,5652,6886,5654,-1,5654,6886,6887,-1,5654,6887,5656,-1,5656,6887,5658,-1,5672,5670,6879,-1,6879,5670,5668,-1,6879,5668,6888,-1,6888,5668,5666,-1,6888,5666,6889,-1,6889,5666,5664,-1,6889,5664,5662,-1,5676,6890,5678,-1,5678,6890,6891,-1,5678,6891,5680,-1,5680,6891,5682,-1,5688,5686,6892,-1,6892,5686,5684,-1,6892,5684,6893,-1,5694,6894,5696,-1,5696,6894,6895,-1,5696,6895,5698,-1,5698,6895,6896,-1,5706,5704,6897,-1,6897,5704,5702,-1,6897,5702,6896,-1,6896,5702,5700,-1,6896,5700,5698,-1,5712,5710,6898,-1,6898,5710,5708,-1,6898,5708,6899,-1,5714,6900,5716,-1,5716,6900,6901,-1,5716,6901,5718,-1,5718,6901,6902,-1,5718,6902,5720,-1,5720,6902,5722,-1,6903,6904,5724,-1,6905,5730,6906,-1,6906,5730,5728,-1,6906,5728,6904,-1,6904,5728,5726,-1,6904,5726,5724,-1,5738,5736,6907,-1,6907,5736,5734,-1,6907,5734,6905,-1,6905,5734,5732,-1,6905,5732,5730,-1,5740,6908,6909,-1,5746,5744,6909,-1,6909,5744,5742,-1,6909,5742,5740,-1,6910,6911,5748,-1,6877,5752,6911,-1,6911,5752,5750,-1,6911,5750,5748,-1,5760,6912,5762,-1,5762,6912,6913,-1,5762,6913,5764,-1,5764,6913,6914,-1,5764,6914,5766,-1,5766,6914,5768,-1,5770,6915,5772,-1,5772,6915,6916,-1,5772,6916,5774,-1,5774,6916,5776,-1,5782,5780,6883,-1,6883,5780,5778,-1,6883,5778,6917,-1,6885,6880,6886,-1,6886,6880,6882,-1,6886,6882,6887,-1,6887,6882,6918,-1,6887,6918,6919,-1,6919,6874,6887,-1,6887,6874,6876,-1,6887,6876,5658,-1,5658,6876,5660,-1,6875,6920,6876,-1,6876,6920,6889,-1,6876,6889,5660,-1,5660,6889,5662,-1,6920,6921,6889,-1,6889,6921,6922,-1,6889,6922,6888,-1,6888,6922,6923,-1,6888,6923,6879,-1,6924,6878,6925,-1,6925,6878,6879,-1,6925,6879,6926,-1,6926,6879,6923,-1,6924,6927,6878,-1,6878,6927,6890,-1,6878,6890,5674,-1,5674,6890,5676,-1,6928,6891,6929,-1,6929,6891,6890,-1,6929,6890,6930,-1,6930,6890,6927,-1,6928,6931,6891,-1,6891,6931,6893,-1,6891,6893,5682,-1,5682,6893,5684,-1,6932,6892,6933,-1,6933,6892,6893,-1,6933,6893,6934,-1,6934,6893,6931,-1,6932,6871,6892,-1,6892,6871,6873,-1,6892,6873,5688,-1,5688,6873,5690,-1,6872,6935,6873,-1,6873,6935,6894,-1,6873,6894,5692,-1,5692,6894,5694,-1,6936,6897,6937,-1,6937,6897,6896,-1,6937,6896,6938,-1,6938,6896,6895,-1,6938,6895,6939,-1,6939,6895,6894,-1,6939,6894,6940,-1,6940,6894,6935,-1,6936,6941,6897,-1,6897,6941,6899,-1,6897,6899,5706,-1,5706,6899,5708,-1,6942,6898,6943,-1,6943,6898,6899,-1,6943,6899,6944,-1,6944,6899,6941,-1,6942,6945,6898,-1,6898,6945,6900,-1,6898,6900,5712,-1,5712,6900,5714,-1,6945,6946,6900,-1,6900,6946,6947,-1,6900,6947,6901,-1,6901,6947,6948,-1,6901,6948,6902,-1,6902,6948,6949,-1,6902,6949,6950,-1,6950,6951,6902,-1,6902,6951,6903,-1,6902,6903,5722,-1,5722,6903,5724,-1,6951,6952,6903,-1,6903,6952,6953,-1,6903,6953,6904,-1,6904,6953,6954,-1,6904,6954,6906,-1,6955,6907,6956,-1,6956,6907,6905,-1,6956,6905,6957,-1,6957,6905,6906,-1,6957,6906,6958,-1,6958,6906,6954,-1,6955,6959,6907,-1,6907,6959,6908,-1,6907,6908,5738,-1,5738,6908,5740,-1,6960,6909,6961,-1,6961,6909,6908,-1,6961,6908,6962,-1,6962,6908,6959,-1,6960,6963,6909,-1,6909,6963,6910,-1,6909,6910,5746,-1,5746,6910,5748,-1,6963,6964,6910,-1,6910,6964,6965,-1,6910,6965,6911,-1,6911,6965,6966,-1,6911,6966,6877,-1,6877,6966,6967,-1,6877,6967,6968,-1,6968,6868,6877,-1,6877,6868,6870,-1,6877,6870,5754,-1,5754,6870,5756,-1,6869,6969,6870,-1,6870,6969,6912,-1,6870,6912,5758,-1,5758,6912,5760,-1,6970,6914,6971,-1,6971,6914,6913,-1,6971,6913,6972,-1,6972,6913,6912,-1,6972,6912,6973,-1,6973,6912,6969,-1,6970,6974,6914,-1,6914,6974,6915,-1,6914,6915,5768,-1,5768,6915,5770,-1,6975,6916,6976,-1,6976,6916,6915,-1,6976,6915,6977,-1,6977,6915,6974,-1,6975,6978,6916,-1,6916,6978,6917,-1,6916,6917,5776,-1,5776,6917,5778,-1,6979,6884,6980,-1,6980,6884,6883,-1,6980,6883,6981,-1,6981,6883,6917,-1,6981,6917,6982,-1,6982,6917,6978,-1,6983,6984,6985,-1,6986,6987,6988,-1,6989,6990,6991,-1,5558,5557,6992,-1,5570,5566,6993,-1,6993,5566,6994,-1,5579,5578,6995,-1,5613,5612,6996,-1,5473,5471,6997,-1,6998,6999,7000,-1,6362,7001,5459,-1,5459,7001,7002,-1,5459,7002,5457,-1,5471,5469,6997,-1,6997,5469,5468,-1,6997,5468,7002,-1,7002,5468,5455,-1,7002,5455,5457,-1,5477,5475,6988,-1,5483,5481,6988,-1,6988,5481,5479,-1,6988,5479,5477,-1,5485,7003,5487,-1,5487,7003,7004,-1,5487,7004,5489,-1,5618,7004,5619,-1,5619,7004,7005,-1,5618,5617,7004,-1,7004,5617,5490,-1,7004,5490,5489,-1,5622,5621,7005,-1,7005,5621,5620,-1,7005,5620,5619,-1,5609,5419,7006,-1,5419,5418,7006,-1,7006,5418,5616,-1,7006,5616,6996,-1,6996,5616,5615,-1,6996,5615,5613,-1,5605,5603,7007,-1,7007,5603,5602,-1,7007,5602,7008,-1,7008,5602,5611,-1,7008,5611,5610,-1,5601,5608,7009,-1,7009,5608,5607,-1,7009,5607,7007,-1,7007,5607,5606,-1,7007,5606,5605,-1,5593,5592,6985,-1,6985,5592,5599,-1,7010,5596,5595,-1,5588,5587,7011,-1,7011,5587,5598,-1,7011,5598,7010,-1,7010,5598,5597,-1,7010,5597,5596,-1,5581,5591,7012,-1,7012,5591,5590,-1,7012,5590,7011,-1,7011,5590,5589,-1,7011,5589,5588,-1,7013,5584,7012,-1,7012,5584,5582,-1,7012,5582,5581,-1,5422,5421,7013,-1,7013,5421,5585,-1,7013,5585,5584,-1,5579,6995,5580,-1,5580,6995,7014,-1,5580,7014,5424,-1,5573,5572,7014,-1,7014,5572,5425,-1,7014,5425,5424,-1,7015,5577,7016,-1,7016,5577,5576,-1,7016,5576,7017,-1,5566,5565,6994,-1,6994,5565,5567,-1,6994,5567,7015,-1,7015,5567,5569,-1,7015,5569,5577,-1,6992,5557,7018,-1,7018,5557,5564,-1,7018,5564,7019,-1,5564,5563,7019,-1,7019,5563,5560,-1,7019,5560,7020,-1,7020,5560,5561,-1,7020,5561,6993,-1,6993,5561,5571,-1,6993,5571,5570,-1,5558,6992,5559,-1,5559,6992,7021,-1,5559,7021,5551,-1,5544,5555,7022,-1,7022,5555,5554,-1,7022,5554,7021,-1,7021,5554,5552,-1,7021,5552,5551,-1,5544,7022,5545,-1,5545,7022,7023,-1,5545,7023,5547,-1,5542,5540,7024,-1,7024,5540,5539,-1,7024,5539,7025,-1,7025,5539,5550,-1,7025,5550,7026,-1,7026,5550,5549,-1,7026,5549,7023,-1,7023,5549,5548,-1,7023,5548,5547,-1,5542,7024,5543,-1,5543,7024,7027,-1,5543,7027,5536,-1,5536,7027,7028,-1,5536,7028,5537,-1,5537,7028,5538,-1,5538,7028,7029,-1,5538,7029,5532,-1,5532,7029,5531,-1,5531,7029,7030,-1,5531,7030,5534,-1,5534,7030,5535,-1,5535,7030,7031,-1,5535,7031,5530,-1,5530,7031,7032,-1,5530,7032,5529,-1,5529,7032,5527,-1,5527,7032,7033,-1,5527,7033,5525,-1,6347,7034,6349,-1,6349,7034,7035,-1,6349,7035,6351,-1,6351,7035,7036,-1,6351,7036,6353,-1,6353,7036,6355,-1,6345,6356,6991,-1,6344,7037,7038,-1,6366,6365,7039,-1,7039,6365,6364,-1,7039,6364,7038,-1,7038,6364,6363,-1,7038,6363,6344,-1,6359,7040,6360,-1,6360,7040,7041,-1,6360,7041,6361,-1,7034,6998,7035,-1,7035,6998,7000,-1,7035,7000,7036,-1,7036,7000,7042,-1,7036,7042,7043,-1,7043,6989,7036,-1,7036,6989,6991,-1,7036,6991,6355,-1,6355,6991,6356,-1,6990,7044,6991,-1,6991,7044,7037,-1,6991,7037,6345,-1,6345,7037,6344,-1,7045,7039,7046,-1,7046,7039,7038,-1,7046,7038,7047,-1,7047,7038,7037,-1,7047,7037,7048,-1,7048,7037,7044,-1,7045,7049,7039,-1,7039,7049,7040,-1,7039,7040,6366,-1,6366,7040,6359,-1,7050,7041,7051,-1,7051,7041,7040,-1,7051,7040,7052,-1,7052,7040,7049,-1,7050,7053,7041,-1,7041,7053,7001,-1,7041,7001,6361,-1,6361,7001,6362,-1,7053,7054,7001,-1,7001,7054,7055,-1,7001,7055,7002,-1,7002,7055,7056,-1,7002,7056,6997,-1,6997,7056,7057,-1,6997,7057,7058,-1,7058,6986,6997,-1,6997,6986,6988,-1,6997,6988,5473,-1,5473,6988,5475,-1,6987,7059,6988,-1,6988,7059,7003,-1,6988,7003,5483,-1,5483,7003,5485,-1,7060,7005,7061,-1,7061,7005,7004,-1,7061,7004,7062,-1,7062,7004,7003,-1,7062,7003,7063,-1,7063,7003,7059,-1,7060,7064,7005,-1,7005,7064,6996,-1,7005,6996,5622,-1,5622,6996,5612,-1,7065,7006,7066,-1,7066,7006,6996,-1,7066,6996,7067,-1,7067,6996,7064,-1,7065,7068,7006,-1,7006,7068,7008,-1,7006,7008,5609,-1,5609,7008,5610,-1,7068,7069,7008,-1,7008,7069,7070,-1,7008,7070,7007,-1,7007,7070,7071,-1,7007,7071,7009,-1,7009,7071,7072,-1,7009,7072,7073,-1,7073,6983,7009,-1,7009,6983,6985,-1,7009,6985,5601,-1,5601,6985,5599,-1,6984,7074,6985,-1,6985,7074,7010,-1,6985,7010,5593,-1,5593,7010,5595,-1,7075,7013,7076,-1,7076,7013,7012,-1,7076,7012,7077,-1,7077,7012,7011,-1,7077,7011,7078,-1,7078,7011,7010,-1,7078,7010,7079,-1,7079,7010,7074,-1,7075,7080,7013,-1,7013,7080,6995,-1,7013,6995,5422,-1,5422,6995,5578,-1,5576,5575,7017,-1,7017,5575,5574,-1,7017,5574,7081,-1,7081,5574,5573,-1,7081,5573,7082,-1,7082,5573,7014,-1,7082,7014,7083,-1,7083,7014,6995,-1,7083,6995,7084,-1,7084,6995,7080,-1,5524,5523,7085,-1,5427,5524,7086,-1,7086,5524,7085,-1,7086,7085,7087,-1,5427,7086,5428,-1,5428,7086,5520,-1,5428,5520,5519,-1,5513,7088,5515,-1,5515,7088,5516,-1,5513,5512,7088,-1,7088,5512,5521,-1,7088,5521,7089,-1,7089,5521,5520,-1,7089,5520,7090,-1,7090,5520,7086,-1,7090,7086,7091,-1,7091,7086,7087,-1,6402,6398,7092,-1,6401,6402,7093,-1,7093,6402,7092,-1,7093,7092,5392,-1,5392,7092,5240,-1,6401,7093,6400,-1,6400,7093,7094,-1,6400,7094,6403,-1,6403,7094,6407,-1,6407,7094,7095,-1,6407,7095,6406,-1,7096,6404,7095,-1,7095,6404,6405,-1,7095,6405,6406,-1,5392,7097,7093,-1,7093,7097,7098,-1,7093,7098,7094,-1,7094,7098,7099,-1,7094,7099,7095,-1,7100,7096,7101,-1,7101,7096,7095,-1,7101,7095,7102,-1,7102,7095,7099,-1,6517,6514,7103,-1,6422,6421,7104,-1,6460,6415,7105,-1,7105,6415,6414,-1,7105,6414,7106,-1,7106,6414,6459,-1,7106,6459,6458,-1,6461,7107,6462,-1,6462,7107,7108,-1,6462,7108,6463,-1,6463,7108,6466,-1,6465,7109,6464,-1,6464,7109,7110,-1,7111,6470,7110,-1,7110,6470,6467,-1,7110,6467,6464,-1,6474,6471,7112,-1,7112,6471,6468,-1,7112,6468,7111,-1,7111,6468,6469,-1,7111,6469,6470,-1,7113,6411,7114,-1,7114,6411,6472,-1,7114,6472,6473,-1,6479,6480,7115,-1,7115,6480,6475,-1,7115,6475,7113,-1,7113,6475,6412,-1,7113,6412,6411,-1,6476,6477,7116,-1,7116,6477,6478,-1,7116,6478,7117,-1,6481,7118,6484,-1,6484,7118,7119,-1,6486,6485,7120,-1,7120,6485,6482,-1,7120,6482,7119,-1,7119,6482,6483,-1,7119,6483,6484,-1,6487,7121,6488,-1,6488,7121,7122,-1,6491,6490,7122,-1,7122,6490,6489,-1,7122,6489,6488,-1,6492,7123,6493,-1,6493,7123,7124,-1,6493,7124,6494,-1,6494,7124,6498,-1,6497,7125,7126,-1,7127,6495,7126,-1,7126,6495,6496,-1,7126,6496,6497,-1,6500,6501,7128,-1,7128,6501,6502,-1,7128,6502,7127,-1,7127,6502,6499,-1,7127,6499,6495,-1,6503,7129,6504,-1,6504,7129,7130,-1,6504,7130,6505,-1,6408,6508,7131,-1,7131,6508,6507,-1,7131,6507,7130,-1,7130,6507,6506,-1,7130,6506,6505,-1,6409,7132,6509,-1,6509,7132,7133,-1,6509,7133,6513,-1,6512,7134,6511,-1,6511,7134,7103,-1,6511,7103,6510,-1,6510,7103,6514,-1,6516,7135,6515,-1,6515,7135,7136,-1,6515,7136,6518,-1,6518,7136,6522,-1,6521,7137,6520,-1,6520,7137,7138,-1,6520,7138,6519,-1,7139,7106,7104,-1,7104,7106,6458,-1,7104,6458,6422,-1,7139,7140,7106,-1,7106,7140,7141,-1,7106,7141,7105,-1,7105,7141,7142,-1,7105,7142,7143,-1,7143,7144,7105,-1,7105,7144,7107,-1,7105,7107,6460,-1,6460,7107,6461,-1,7145,7108,7146,-1,7146,7108,7107,-1,7146,7107,7147,-1,7147,7107,7144,-1,7145,7148,7108,-1,7108,7148,7109,-1,7108,7109,6466,-1,6466,7109,6465,-1,7149,7110,7150,-1,7150,7110,7109,-1,7150,7109,7151,-1,7151,7109,7148,-1,7149,7152,7110,-1,7110,7152,7153,-1,7110,7153,7111,-1,7111,7153,7154,-1,7111,7154,7112,-1,7112,7154,7155,-1,7155,7156,7112,-1,7112,7156,7114,-1,7112,7114,6474,-1,6474,7114,6473,-1,7156,7157,7114,-1,7114,7157,7158,-1,7114,7158,7113,-1,7113,7158,7159,-1,7160,7115,7161,-1,7161,7115,7113,-1,7161,7113,7162,-1,7162,7113,7159,-1,7160,7163,7115,-1,7115,7163,7117,-1,7115,7117,6479,-1,6479,7117,6478,-1,7164,7116,7165,-1,7165,7116,7117,-1,7165,7117,7166,-1,7166,7117,7163,-1,7164,7167,7116,-1,7116,7167,7118,-1,7116,7118,6476,-1,6476,7118,6481,-1,7167,7168,7118,-1,7118,7168,7169,-1,7118,7169,7119,-1,7119,7169,7170,-1,7119,7170,7120,-1,7120,7170,7171,-1,7171,7172,7120,-1,7120,7172,7121,-1,7120,7121,6486,-1,6486,7121,6487,-1,7172,7173,7121,-1,7121,7173,7174,-1,7121,7174,7122,-1,7122,7174,7175,-1,7122,7175,7176,-1,7176,7177,7122,-1,7122,7177,7123,-1,7122,7123,6491,-1,6491,7123,6492,-1,7178,7124,7179,-1,7179,7124,7123,-1,7179,7123,7180,-1,7180,7123,7177,-1,7178,7181,7124,-1,7124,7181,7125,-1,7124,7125,6498,-1,6498,7125,6497,-1,7182,7126,7183,-1,7183,7126,7125,-1,7183,7125,7184,-1,7184,7125,7181,-1,7182,7185,7126,-1,7126,7185,7186,-1,7126,7186,7127,-1,7127,7186,7187,-1,7127,7187,7128,-1,7128,7187,7188,-1,7188,7189,7128,-1,7128,7189,7129,-1,7128,7129,6500,-1,6500,7129,6503,-1,7189,7190,7129,-1,7129,7190,7191,-1,7129,7191,7130,-1,7130,7191,7192,-1,7193,7131,7194,-1,7194,7131,7130,-1,7194,7130,7195,-1,7195,7130,7192,-1,7193,7196,7131,-1,7131,7196,7132,-1,7131,7132,6408,-1,6408,7132,6409,-1,7197,7133,7198,-1,7198,7133,7132,-1,7198,7132,7199,-1,7199,7132,7196,-1,7197,7200,7133,-1,7133,7200,7134,-1,7133,7134,6513,-1,6513,7134,6512,-1,7201,7103,7202,-1,7202,7103,7134,-1,7202,7134,7203,-1,7203,7134,7200,-1,7201,7204,7103,-1,7103,7204,7135,-1,7103,7135,6517,-1,6517,7135,6516,-1,7204,7205,7135,-1,7135,7205,7206,-1,7135,7206,7136,-1,7136,7206,7207,-1,7207,7208,7136,-1,7136,7208,7137,-1,7136,7137,6522,-1,6522,7137,6521,-1,7208,7209,7137,-1,7137,7209,7210,-1,7137,7210,7138,-1,7138,7210,7211,-1,7138,7211,7212,-1,6632,6629,7213,-1,6574,6573,7214,-1,6537,6536,7215,-1,6537,7215,6573,-1,6574,7214,6529,-1,6530,7216,6575,-1,6575,7216,7217,-1,6575,7217,6576,-1,6576,7217,6577,-1,7218,6581,7219,-1,7219,6581,6578,-1,7220,6579,7218,-1,7218,6579,6580,-1,7218,6580,6581,-1,6583,6584,7221,-1,7221,6584,6585,-1,7221,6585,7220,-1,7220,6585,6582,-1,7220,6582,6579,-1,6586,7222,6589,-1,6589,7222,7223,-1,6589,7223,6588,-1,6590,6527,7224,-1,7224,6527,6526,-1,7224,6526,7223,-1,7223,6526,6587,-1,7223,6587,6588,-1,6595,7225,6594,-1,6594,7225,7226,-1,6594,7226,6593,-1,6592,7227,6591,-1,6591,7227,7228,-1,6597,6598,7229,-1,7229,6598,6599,-1,7229,6599,7228,-1,7228,6599,6596,-1,7228,6596,6591,-1,6600,7230,6601,-1,6601,7230,7231,-1,6601,7231,6602,-1,6602,7231,6603,-1,6608,6607,7232,-1,7232,6607,6606,-1,7232,6606,7233,-1,7233,6606,6605,-1,7233,6605,6604,-1,6609,7234,6613,-1,6613,7234,7235,-1,6613,7235,6612,-1,6611,7236,6610,-1,6610,7236,7237,-1,6615,6616,7238,-1,7238,6616,6617,-1,7238,6617,7237,-1,7237,6617,6614,-1,7237,6614,6610,-1,6618,7239,6619,-1,6619,7239,7240,-1,6619,7240,6620,-1,6523,6623,7241,-1,7241,6623,6622,-1,7241,6622,7240,-1,7240,6622,6621,-1,7240,6621,6620,-1,6524,7242,6624,-1,6624,7242,7243,-1,6624,7243,6628,-1,6627,7244,6626,-1,6626,7244,7213,-1,6626,7213,6625,-1,6625,7213,6629,-1,6631,7245,6630,-1,6630,7245,7246,-1,6630,7246,6633,-1,6633,7246,6637,-1,6636,7247,6635,-1,6635,7247,7248,-1,6635,7248,6634,-1,7215,7249,7250,-1,6573,7215,7214,-1,7214,7215,7250,-1,7214,7250,7251,-1,7251,7252,7214,-1,7214,7252,7216,-1,7214,7216,6529,-1,6529,7216,6530,-1,7253,7217,7254,-1,7254,7217,7216,-1,7254,7216,7255,-1,7255,7216,7252,-1,7253,7256,7217,-1,7217,7256,7219,-1,7217,7219,6577,-1,6577,7219,6578,-1,7257,7218,7258,-1,7258,7218,7219,-1,7258,7219,7259,-1,7259,7219,7256,-1,7257,7260,7218,-1,7218,7260,7261,-1,7218,7261,7220,-1,7220,7261,7262,-1,7220,7262,7221,-1,7221,7262,7263,-1,7263,7264,7221,-1,7221,7264,7222,-1,7221,7222,6583,-1,6583,7222,6586,-1,7264,7265,7222,-1,7222,7265,7266,-1,7222,7266,7223,-1,7223,7266,7267,-1,7268,7224,7269,-1,7269,7224,7223,-1,7269,7223,7270,-1,7270,7223,7267,-1,7268,7271,7224,-1,7224,7271,7225,-1,7224,7225,6590,-1,6590,7225,6595,-1,7272,7226,7273,-1,7273,7226,7225,-1,7273,7225,7274,-1,7274,7225,7271,-1,7272,7275,7226,-1,7226,7275,7227,-1,7226,7227,6593,-1,6593,7227,6592,-1,7275,7276,7227,-1,7227,7276,7277,-1,7227,7277,7228,-1,7228,7277,7278,-1,7228,7278,7229,-1,7229,7278,7279,-1,7279,7280,7229,-1,7229,7280,7230,-1,7229,7230,6597,-1,6597,7230,6600,-1,7280,7281,7230,-1,7230,7281,7282,-1,7230,7282,7231,-1,7231,7282,7283,-1,7231,7283,7284,-1,7284,7285,7231,-1,7231,7285,7233,-1,7231,7233,6603,-1,6603,7233,6604,-1,7286,7232,7287,-1,7287,7232,7233,-1,7287,7233,7288,-1,7288,7233,7285,-1,7286,7289,7232,-1,7232,7289,7234,-1,7232,7234,6608,-1,6608,7234,6609,-1,7290,7235,7291,-1,7291,7235,7234,-1,7291,7234,7292,-1,7292,7234,7289,-1,7290,7293,7235,-1,7235,7293,7236,-1,7235,7236,6612,-1,6612,7236,6611,-1,7293,7294,7236,-1,7236,7294,7295,-1,7236,7295,7237,-1,7237,7295,7296,-1,7237,7296,7238,-1,7238,7296,7297,-1,7297,7298,7238,-1,7238,7298,7239,-1,7238,7239,6615,-1,6615,7239,6618,-1,7298,7299,7239,-1,7239,7299,7300,-1,7239,7300,7240,-1,7240,7300,7301,-1,7302,7241,7303,-1,7303,7241,7240,-1,7303,7240,7304,-1,7304,7240,7301,-1,7302,7305,7241,-1,7241,7305,7242,-1,7241,7242,6523,-1,6523,7242,6524,-1,7306,7243,7307,-1,7307,7243,7242,-1,7307,7242,7308,-1,7308,7242,7305,-1,7306,7309,7243,-1,7243,7309,7244,-1,7243,7244,6628,-1,6628,7244,6627,-1,7310,7213,7311,-1,7311,7213,7244,-1,7311,7244,7312,-1,7312,7244,7309,-1,7310,7313,7213,-1,7213,7313,7245,-1,7213,7245,6632,-1,6632,7245,6631,-1,7313,7314,7245,-1,7245,7314,7315,-1,7245,7315,7246,-1,7246,7315,7316,-1,7316,7317,7246,-1,7246,7317,7247,-1,7246,7247,6637,-1,6637,7247,6636,-1,7317,7318,7247,-1,7247,7318,7319,-1,7247,7319,7248,-1,7248,7319,7320,-1,7248,7320,7321,-1,6747,6744,7322,-1,6689,6688,7323,-1,6652,6651,7324,-1,6652,7324,6688,-1,6689,7323,6644,-1,6645,7325,6690,-1,6690,7325,7326,-1,6690,7326,6691,-1,6691,7326,6692,-1,7327,6696,7328,-1,7328,6696,6693,-1,7329,6694,7327,-1,7327,6694,6695,-1,7327,6695,6696,-1,6698,6699,7330,-1,7330,6699,6700,-1,7330,6700,7329,-1,7329,6700,6697,-1,7329,6697,6694,-1,6701,7331,6704,-1,6704,7331,7332,-1,6704,7332,6703,-1,6705,6642,7333,-1,7333,6642,6641,-1,7333,6641,7332,-1,7332,6641,6702,-1,7332,6702,6703,-1,6710,7334,6709,-1,6709,7334,7335,-1,6709,7335,6708,-1,6707,7336,6706,-1,6706,7336,7337,-1,6712,6713,7338,-1,7338,6713,6714,-1,7338,6714,7337,-1,7337,6714,6711,-1,7337,6711,6706,-1,6715,7339,6716,-1,6716,7339,7340,-1,6716,7340,6717,-1,6717,7340,6718,-1,6723,6722,7341,-1,7341,6722,6721,-1,7341,6721,7342,-1,7342,6721,6720,-1,7342,6720,6719,-1,6724,7343,6728,-1,6728,7343,7344,-1,6728,7344,6727,-1,6726,7345,6725,-1,6725,7345,7346,-1,6730,6731,7347,-1,7347,6731,6732,-1,7347,6732,7346,-1,7346,6732,6729,-1,7346,6729,6725,-1,6733,7348,6734,-1,6734,7348,7349,-1,6734,7349,6735,-1,6638,6738,7350,-1,7350,6738,6737,-1,7350,6737,7349,-1,7349,6737,6736,-1,7349,6736,6735,-1,6639,7351,6739,-1,6739,7351,7352,-1,6739,7352,6743,-1,6742,7353,6741,-1,6741,7353,7322,-1,6741,7322,6740,-1,6740,7322,6744,-1,6746,7354,6745,-1,6745,7354,7355,-1,6745,7355,6748,-1,6748,7355,6752,-1,6751,7356,6750,-1,6750,7356,7357,-1,6750,7357,6749,-1,7324,7358,7359,-1,6688,7324,7323,-1,7323,7324,7359,-1,7323,7359,7360,-1,7360,7361,7323,-1,7323,7361,7325,-1,7323,7325,6644,-1,6644,7325,6645,-1,7362,7326,7363,-1,7363,7326,7325,-1,7363,7325,7364,-1,7364,7325,7361,-1,7362,7365,7326,-1,7326,7365,7328,-1,7326,7328,6692,-1,6692,7328,6693,-1,7366,7327,7367,-1,7367,7327,7328,-1,7367,7328,7368,-1,7368,7328,7365,-1,7366,7369,7327,-1,7327,7369,7370,-1,7327,7370,7329,-1,7329,7370,7371,-1,7329,7371,7330,-1,7330,7371,7372,-1,7372,7373,7330,-1,7330,7373,7331,-1,7330,7331,6698,-1,6698,7331,6701,-1,7373,7374,7331,-1,7331,7374,7375,-1,7331,7375,7332,-1,7332,7375,7376,-1,7377,7333,7378,-1,7378,7333,7332,-1,7378,7332,7379,-1,7379,7332,7376,-1,7377,7380,7333,-1,7333,7380,7334,-1,7333,7334,6705,-1,6705,7334,6710,-1,7381,7335,7382,-1,7382,7335,7334,-1,7382,7334,7383,-1,7383,7334,7380,-1,7381,7384,7335,-1,7335,7384,7336,-1,7335,7336,6708,-1,6708,7336,6707,-1,7384,7385,7336,-1,7336,7385,7386,-1,7336,7386,7337,-1,7337,7386,7387,-1,7337,7387,7338,-1,7338,7387,7388,-1,7388,7389,7338,-1,7338,7389,7339,-1,7338,7339,6712,-1,6712,7339,6715,-1,7389,7390,7339,-1,7339,7390,7391,-1,7339,7391,7340,-1,7340,7391,7392,-1,7340,7392,7393,-1,7393,7394,7340,-1,7340,7394,7342,-1,7340,7342,6718,-1,6718,7342,6719,-1,7395,7341,7396,-1,7396,7341,7342,-1,7396,7342,7397,-1,7397,7342,7394,-1,7395,7398,7341,-1,7341,7398,7343,-1,7341,7343,6723,-1,6723,7343,6724,-1,7399,7344,7400,-1,7400,7344,7343,-1,7400,7343,7401,-1,7401,7343,7398,-1,7399,7402,7344,-1,7344,7402,7345,-1,7344,7345,6727,-1,6727,7345,6726,-1,7402,7403,7345,-1,7345,7403,7404,-1,7345,7404,7346,-1,7346,7404,7405,-1,7346,7405,7347,-1,7347,7405,7406,-1,7406,7407,7347,-1,7347,7407,7348,-1,7347,7348,6730,-1,6730,7348,6733,-1,7407,7408,7348,-1,7348,7408,7409,-1,7348,7409,7349,-1,7349,7409,7410,-1,7411,7350,7412,-1,7412,7350,7349,-1,7412,7349,7413,-1,7413,7349,7410,-1,7411,7414,7350,-1,7350,7414,7351,-1,7350,7351,6638,-1,6638,7351,6639,-1,7415,7352,7416,-1,7416,7352,7351,-1,7416,7351,7417,-1,7417,7351,7414,-1,7415,7418,7352,-1,7352,7418,7353,-1,7352,7353,6743,-1,6743,7353,6742,-1,7419,7322,7420,-1,7420,7322,7353,-1,7420,7353,7421,-1,7421,7353,7418,-1,7419,7422,7322,-1,7322,7422,7354,-1,7322,7354,6747,-1,6747,7354,6746,-1,7422,7423,7354,-1,7354,7423,7424,-1,7354,7424,7355,-1,7355,7424,7425,-1,7425,7426,7355,-1,7355,7426,7356,-1,7355,7356,6752,-1,6752,7356,6751,-1,7426,7427,7356,-1,7356,7427,7428,-1,7356,7428,7357,-1,7357,7428,7429,-1,7357,7429,7430,-1,6862,6859,7431,-1,6804,6803,7432,-1,6767,6766,7433,-1,6767,7433,6803,-1,6804,7432,6759,-1,6760,7434,6805,-1,6805,7434,7435,-1,6805,7435,6806,-1,6806,7435,6807,-1,7436,6811,7437,-1,7437,6811,6808,-1,7438,6809,7436,-1,7436,6809,6810,-1,7436,6810,6811,-1,6813,6814,7439,-1,7439,6814,6815,-1,7439,6815,7438,-1,7438,6815,6812,-1,7438,6812,6809,-1,6816,7440,6819,-1,6819,7440,7441,-1,6819,7441,6818,-1,6820,6757,7442,-1,7442,6757,6756,-1,7442,6756,7441,-1,7441,6756,6817,-1,7441,6817,6818,-1,6825,7443,6824,-1,6824,7443,7444,-1,6824,7444,6823,-1,6822,7445,6821,-1,6821,7445,7446,-1,6827,6828,7447,-1,7447,6828,6829,-1,7447,6829,7446,-1,7446,6829,6826,-1,7446,6826,6821,-1,6830,7448,6831,-1,6831,7448,7449,-1,6831,7449,6832,-1,6832,7449,6833,-1,6838,6837,7450,-1,7450,6837,6836,-1,7450,6836,7451,-1,7451,6836,6835,-1,7451,6835,6834,-1,6839,7452,6843,-1,6843,7452,7453,-1,6843,7453,6842,-1,6841,7454,6840,-1,6840,7454,7455,-1,6845,6846,7456,-1,7456,6846,6847,-1,7456,6847,7455,-1,7455,6847,6844,-1,7455,6844,6840,-1,6848,7457,6849,-1,6849,7457,7458,-1,6849,7458,6850,-1,6753,6853,7459,-1,7459,6853,6852,-1,7459,6852,7458,-1,7458,6852,6851,-1,7458,6851,6850,-1,6754,7460,6854,-1,6854,7460,7461,-1,6854,7461,6858,-1,6857,7462,6856,-1,6856,7462,7431,-1,6856,7431,6855,-1,6855,7431,6859,-1,6861,7463,6860,-1,6860,7463,7464,-1,6860,7464,6863,-1,6863,7464,6867,-1,6866,7465,6865,-1,6865,7465,7466,-1,6865,7466,6864,-1,7433,7467,7468,-1,6803,7433,7432,-1,7432,7433,7468,-1,7432,7468,7469,-1,7469,7470,7432,-1,7432,7470,7434,-1,7432,7434,6759,-1,6759,7434,6760,-1,7471,7435,7472,-1,7472,7435,7434,-1,7472,7434,7473,-1,7473,7434,7470,-1,7471,7474,7435,-1,7435,7474,7437,-1,7435,7437,6807,-1,6807,7437,6808,-1,7475,7436,7476,-1,7476,7436,7437,-1,7476,7437,7477,-1,7477,7437,7474,-1,7475,7478,7436,-1,7436,7478,7479,-1,7436,7479,7438,-1,7438,7479,7480,-1,7438,7480,7439,-1,7439,7480,7481,-1,7481,7482,7439,-1,7439,7482,7440,-1,7439,7440,6813,-1,6813,7440,6816,-1,7482,7483,7440,-1,7440,7483,7484,-1,7440,7484,7441,-1,7441,7484,7485,-1,7486,7442,7487,-1,7487,7442,7441,-1,7487,7441,7488,-1,7488,7441,7485,-1,7486,7489,7442,-1,7442,7489,7443,-1,7442,7443,6820,-1,6820,7443,6825,-1,7490,7444,7491,-1,7491,7444,7443,-1,7491,7443,7492,-1,7492,7443,7489,-1,7490,7493,7444,-1,7444,7493,7445,-1,7444,7445,6823,-1,6823,7445,6822,-1,7493,7494,7445,-1,7445,7494,7495,-1,7445,7495,7446,-1,7446,7495,7496,-1,7446,7496,7447,-1,7447,7496,7497,-1,7497,7498,7447,-1,7447,7498,7448,-1,7447,7448,6827,-1,6827,7448,6830,-1,7498,7499,7448,-1,7448,7499,7500,-1,7448,7500,7449,-1,7449,7500,7501,-1,7449,7501,7502,-1,7502,7503,7449,-1,7449,7503,7451,-1,7449,7451,6833,-1,6833,7451,6834,-1,7504,7450,7505,-1,7505,7450,7451,-1,7505,7451,7506,-1,7506,7451,7503,-1,7504,7507,7450,-1,7450,7507,7452,-1,7450,7452,6838,-1,6838,7452,6839,-1,7508,7453,7509,-1,7509,7453,7452,-1,7509,7452,7510,-1,7510,7452,7507,-1,7508,7511,7453,-1,7453,7511,7454,-1,7453,7454,6842,-1,6842,7454,6841,-1,7511,7512,7454,-1,7454,7512,7513,-1,7454,7513,7455,-1,7455,7513,7514,-1,7455,7514,7456,-1,7456,7514,7515,-1,7515,7516,7456,-1,7456,7516,7457,-1,7456,7457,6845,-1,6845,7457,6848,-1,7516,7517,7457,-1,7457,7517,7518,-1,7457,7518,7458,-1,7458,7518,7519,-1,7520,7459,7521,-1,7521,7459,7458,-1,7521,7458,7522,-1,7522,7458,7519,-1,7520,7523,7459,-1,7459,7523,7460,-1,7459,7460,6753,-1,6753,7460,6754,-1,7524,7461,7525,-1,7525,7461,7460,-1,7525,7460,7526,-1,7526,7460,7523,-1,7524,7527,7461,-1,7461,7527,7462,-1,7461,7462,6858,-1,6858,7462,6857,-1,7528,7431,7529,-1,7529,7431,7462,-1,7529,7462,7530,-1,7530,7462,7527,-1,7528,7531,7431,-1,7431,7531,7463,-1,7431,7463,6862,-1,6862,7463,6861,-1,7531,7532,7463,-1,7463,7532,7533,-1,7463,7533,7464,-1,7464,7533,7534,-1,7534,7535,7464,-1,7464,7535,7465,-1,7464,7465,6867,-1,6867,7465,6866,-1,7535,7536,7465,-1,7465,7536,7537,-1,7465,7537,7466,-1,7466,7537,7538,-1,7466,7538,7539,-1,6977,6974,7540,-1,6919,6918,7541,-1,6882,6881,7542,-1,6882,7542,6918,-1,6919,7541,6874,-1,6875,7543,6920,-1,6920,7543,7544,-1,6920,7544,6921,-1,6921,7544,6922,-1,7545,6926,7546,-1,7546,6926,6923,-1,7547,6924,7545,-1,7545,6924,6925,-1,7545,6925,6926,-1,6928,6929,7548,-1,7548,6929,6930,-1,7548,6930,7547,-1,7547,6930,6927,-1,7547,6927,6924,-1,6931,7549,6934,-1,6934,7549,7550,-1,6934,7550,6933,-1,6935,6872,7551,-1,7551,6872,6871,-1,7551,6871,7550,-1,7550,6871,6932,-1,7550,6932,6933,-1,6940,7552,6939,-1,6939,7552,7553,-1,6939,7553,6938,-1,6937,7554,6936,-1,6936,7554,7555,-1,6942,6943,7556,-1,7556,6943,6944,-1,7556,6944,7555,-1,7555,6944,6941,-1,7555,6941,6936,-1,6945,7557,6946,-1,6946,7557,7558,-1,6946,7558,6947,-1,6947,7558,6948,-1,6953,6952,7559,-1,7559,6952,6951,-1,7559,6951,7560,-1,7560,6951,6950,-1,7560,6950,6949,-1,6954,7561,6958,-1,6958,7561,7562,-1,6958,7562,6957,-1,6956,7563,6955,-1,6955,7563,7564,-1,6960,6961,7565,-1,7565,6961,6962,-1,7565,6962,7564,-1,7564,6962,6959,-1,7564,6959,6955,-1,6963,7566,6964,-1,6964,7566,7567,-1,6964,7567,6965,-1,6868,6968,7568,-1,7568,6968,6967,-1,7568,6967,7567,-1,7567,6967,6966,-1,7567,6966,6965,-1,6869,7569,6969,-1,6969,7569,7570,-1,6969,7570,6973,-1,6972,7571,6971,-1,6971,7571,7540,-1,6971,7540,6970,-1,6970,7540,6974,-1,6976,7572,6975,-1,6975,7572,7573,-1,6975,7573,6978,-1,6978,7573,6982,-1,6981,7574,6980,-1,6980,7574,7575,-1,6980,7575,6979,-1,7542,7576,7577,-1,6918,7542,7541,-1,7541,7542,7577,-1,7541,7577,7578,-1,7578,7579,7541,-1,7541,7579,7543,-1,7541,7543,6874,-1,6874,7543,6875,-1,7580,7544,7581,-1,7581,7544,7543,-1,7581,7543,7582,-1,7582,7543,7579,-1,7580,7583,7544,-1,7544,7583,7546,-1,7544,7546,6922,-1,6922,7546,6923,-1,7584,7545,7585,-1,7585,7545,7546,-1,7585,7546,7586,-1,7586,7546,7583,-1,7584,7587,7545,-1,7545,7587,7588,-1,7545,7588,7547,-1,7547,7588,7589,-1,7547,7589,7548,-1,7548,7589,7590,-1,7590,7591,7548,-1,7548,7591,7549,-1,7548,7549,6928,-1,6928,7549,6931,-1,7591,7592,7549,-1,7549,7592,7593,-1,7549,7593,7550,-1,7550,7593,7594,-1,7595,7551,7596,-1,7596,7551,7550,-1,7596,7550,7597,-1,7597,7550,7594,-1,7595,7598,7551,-1,7551,7598,7552,-1,7551,7552,6935,-1,6935,7552,6940,-1,7599,7553,7600,-1,7600,7553,7552,-1,7600,7552,7601,-1,7601,7552,7598,-1,7599,7602,7553,-1,7553,7602,7554,-1,7553,7554,6938,-1,6938,7554,6937,-1,7602,7603,7554,-1,7554,7603,7604,-1,7554,7604,7555,-1,7555,7604,7605,-1,7555,7605,7556,-1,7556,7605,7606,-1,7606,7607,7556,-1,7556,7607,7557,-1,7556,7557,6942,-1,6942,7557,6945,-1,7607,7608,7557,-1,7557,7608,7609,-1,7557,7609,7558,-1,7558,7609,7610,-1,7558,7610,7611,-1,7611,7612,7558,-1,7558,7612,7560,-1,7558,7560,6948,-1,6948,7560,6949,-1,7613,7559,7614,-1,7614,7559,7560,-1,7614,7560,7615,-1,7615,7560,7612,-1,7613,7616,7559,-1,7559,7616,7561,-1,7559,7561,6953,-1,6953,7561,6954,-1,7617,7562,7618,-1,7618,7562,7561,-1,7618,7561,7619,-1,7619,7561,7616,-1,7617,7620,7562,-1,7562,7620,7563,-1,7562,7563,6957,-1,6957,7563,6956,-1,7620,7621,7563,-1,7563,7621,7622,-1,7563,7622,7564,-1,7564,7622,7623,-1,7564,7623,7565,-1,7565,7623,7624,-1,7624,7625,7565,-1,7565,7625,7566,-1,7565,7566,6960,-1,6960,7566,6963,-1,7625,7626,7566,-1,7566,7626,7627,-1,7566,7627,7567,-1,7567,7627,7628,-1,7629,7568,7630,-1,7630,7568,7567,-1,7630,7567,7631,-1,7631,7567,7628,-1,7629,7632,7568,-1,7568,7632,7569,-1,7568,7569,6868,-1,6868,7569,6869,-1,7633,7570,7634,-1,7634,7570,7569,-1,7634,7569,7635,-1,7635,7569,7632,-1,7633,7636,7570,-1,7570,7636,7571,-1,7570,7571,6973,-1,6973,7571,6972,-1,7637,7540,7638,-1,7638,7540,7571,-1,7638,7571,7639,-1,7639,7571,7636,-1,7637,7640,7540,-1,7540,7640,7572,-1,7540,7572,6977,-1,6977,7572,6976,-1,7640,7641,7572,-1,7572,7641,7642,-1,7572,7642,7573,-1,7573,7642,7643,-1,7643,7644,7573,-1,7573,7644,7574,-1,7573,7574,6982,-1,6982,7574,6981,-1,7644,7645,7574,-1,7574,7645,7646,-1,7574,7646,7575,-1,7575,7646,7647,-1,7575,7647,7648,-1,7043,7042,7649,-1,7000,6999,7650,-1,7000,7650,7042,-1,7043,7649,6989,-1,6990,7651,7044,-1,7044,7651,7652,-1,7044,7652,7048,-1,7048,7652,7047,-1,7653,7045,7654,-1,7654,7045,7046,-1,7655,7052,7653,-1,7653,7052,7049,-1,7653,7049,7045,-1,7054,7053,7656,-1,7656,7053,7050,-1,7656,7050,7655,-1,7655,7050,7051,-1,7655,7051,7052,-1,7055,7657,7056,-1,7056,7657,7658,-1,7056,7658,7057,-1,7059,6987,7659,-1,7659,6987,6986,-1,7659,6986,7658,-1,7658,6986,7058,-1,7658,7058,7057,-1,7063,7660,7062,-1,7062,7660,7661,-1,7062,7661,7061,-1,7662,7067,7663,-1,7663,7067,7064,-1,7663,7064,7060,-1,7069,7068,7664,-1,7664,7068,7065,-1,7664,7065,7662,-1,7662,7065,7066,-1,7662,7066,7067,-1,7070,7665,7071,-1,7071,7665,7666,-1,6983,7073,7666,-1,7666,7073,7072,-1,7666,7072,7071,-1,6984,7667,7074,-1,7074,7667,7668,-1,7074,7668,7079,-1,7079,7668,7078,-1,7075,7076,7669,-1,7669,7076,7077,-1,7669,7077,7670,-1,7080,7671,7084,-1,7084,7671,7672,-1,7017,7081,7673,-1,7673,7081,7082,-1,7673,7082,7672,-1,7672,7082,7083,-1,7672,7083,7084,-1,7674,6994,7675,-1,7675,6994,7015,-1,7675,7015,7016,-1,7018,7019,7676,-1,7676,7019,7020,-1,7676,7020,7674,-1,7674,7020,6993,-1,7674,6993,6994,-1,6992,7677,7021,-1,7021,7677,7678,-1,7021,7678,7022,-1,7023,7679,7026,-1,7026,7679,7680,-1,7026,7680,7025,-1,7025,7680,7024,-1,7027,7681,7028,-1,7028,7681,7682,-1,7031,7030,7682,-1,7682,7030,7029,-1,7682,7029,7028,-1,7683,7033,7684,-1,7684,7033,7032,-1,7650,7685,7686,-1,7042,7650,7649,-1,7649,7650,7686,-1,7649,7686,7687,-1,7687,7688,7649,-1,7649,7688,7651,-1,7649,7651,6989,-1,6989,7651,6990,-1,7689,7652,7690,-1,7690,7652,7651,-1,7690,7651,7691,-1,7691,7651,7688,-1,7689,7692,7652,-1,7652,7692,7654,-1,7652,7654,7047,-1,7047,7654,7046,-1,7693,7653,7694,-1,7694,7653,7654,-1,7694,7654,7695,-1,7695,7654,7692,-1,7693,7696,7653,-1,7653,7696,7697,-1,7653,7697,7655,-1,7655,7697,7698,-1,7655,7698,7656,-1,7656,7698,7699,-1,7699,7700,7656,-1,7656,7700,7657,-1,7656,7657,7054,-1,7054,7657,7055,-1,7700,7701,7657,-1,7657,7701,7702,-1,7657,7702,7658,-1,7658,7702,7703,-1,7704,7659,7705,-1,7705,7659,7658,-1,7705,7658,7706,-1,7706,7658,7703,-1,7704,7707,7659,-1,7659,7707,7660,-1,7659,7660,7059,-1,7059,7660,7063,-1,7708,7661,7709,-1,7709,7661,7660,-1,7709,7660,7710,-1,7710,7660,7707,-1,7708,7711,7661,-1,7661,7711,7663,-1,7661,7663,7061,-1,7061,7663,7060,-1,7711,7712,7663,-1,7663,7712,7713,-1,7663,7713,7662,-1,7662,7713,7714,-1,7662,7714,7664,-1,7664,7714,7715,-1,7715,7716,7664,-1,7664,7716,7665,-1,7664,7665,7069,-1,7069,7665,7070,-1,7716,7717,7665,-1,7665,7717,7718,-1,7665,7718,7666,-1,7666,7718,7719,-1,7666,7719,7720,-1,7720,7721,7666,-1,7666,7721,7667,-1,7666,7667,6983,-1,6983,7667,6984,-1,7722,7668,7723,-1,7723,7668,7667,-1,7723,7667,7724,-1,7724,7667,7721,-1,7722,7725,7668,-1,7668,7725,7670,-1,7668,7670,7078,-1,7078,7670,7077,-1,7726,7669,7727,-1,7727,7669,7670,-1,7727,7670,7728,-1,7728,7670,7725,-1,7726,7729,7669,-1,7669,7729,7671,-1,7669,7671,7075,-1,7075,7671,7080,-1,7729,7730,7671,-1,7671,7730,7731,-1,7671,7731,7672,-1,7672,7731,7732,-1,7672,7732,7673,-1,7673,7732,7733,-1,7733,7734,7673,-1,7673,7734,7675,-1,7673,7675,7017,-1,7017,7675,7016,-1,7734,7735,7675,-1,7675,7735,7736,-1,7675,7736,7674,-1,7674,7736,7737,-1,7738,7676,7739,-1,7739,7676,7674,-1,7739,7674,7740,-1,7740,7674,7737,-1,7738,7741,7676,-1,7676,7741,7677,-1,7676,7677,7018,-1,7018,7677,6992,-1,7742,7678,7743,-1,7743,7678,7677,-1,7743,7677,7744,-1,7744,7677,7741,-1,7742,7745,7678,-1,7678,7745,7679,-1,7678,7679,7022,-1,7022,7679,7023,-1,7746,7680,7747,-1,7747,7680,7679,-1,7747,7679,7748,-1,7748,7679,7745,-1,7746,7749,7680,-1,7680,7749,7681,-1,7680,7681,7024,-1,7024,7681,7027,-1,7749,7750,7681,-1,7681,7750,7751,-1,7681,7751,7682,-1,7682,7751,7752,-1,7752,7753,7682,-1,7682,7753,7684,-1,7682,7684,7031,-1,7031,7684,7032,-1,7753,7754,7684,-1,7684,7754,7755,-1,7684,7755,7683,-1,7683,7755,7756,-1,7683,7756,7757,-1,7091,7087,7758,-1,5510,7759,7760,-1,7088,7761,5516,-1,5516,7761,7762,-1,5516,7762,5517,-1,5517,7762,5518,-1,5508,5507,7760,-1,7760,5507,5511,-1,7760,5511,5510,-1,7763,5504,5503,-1,7763,5503,7764,-1,7765,5496,5505,-1,5504,7763,5505,-1,5505,7763,7766,-1,5505,7766,7765,-1,5496,7765,5497,-1,5497,7765,7767,-1,5497,7767,5499,-1,5499,7767,7768,-1,5499,7768,5500,-1,5500,7768,7769,-1,5500,7769,5501,-1,7769,7770,5501,-1,5501,7770,7771,-1,5501,7771,5492,-1,5492,7771,7772,-1,5492,7772,5493,-1,5493,7772,7773,-1,5493,7773,5494,-1,5494,7773,7774,-1,5494,7774,5465,-1,5465,7774,7775,-1,5465,7775,5467,-1,7089,7090,7776,-1,7776,7090,7091,-1,7091,7758,7776,-1,7776,7758,7777,-1,7776,7777,7778,-1,7778,7779,7776,-1,7776,7779,7761,-1,7776,7761,7089,-1,7089,7761,7088,-1,7779,7780,7761,-1,7761,7780,7781,-1,7761,7781,7762,-1,7762,7781,7782,-1,7762,7782,7783,-1,7783,7784,7762,-1,7762,7784,7759,-1,7762,7759,5518,-1,5518,7759,5510,-1,7785,7760,7786,-1,7786,7760,7759,-1,7786,7759,7787,-1,7787,7759,7784,-1,7785,7788,7760,-1,7760,7788,7764,-1,7760,7764,5508,-1,5508,7764,5503,-1,7788,7789,7764,-1,7764,7789,7790,-1,7764,7790,7763,-1,7763,7790,7791,-1,7763,7791,7766,-1,5406,5405,7792,-1,5399,5406,7793,-1,7793,5406,7792,-1,7793,7792,7100,-1,5399,7793,5400,-1,5400,7793,5403,-1,5400,5403,5402,-1,5395,7098,5393,-1,5393,7098,7097,-1,5393,7097,5392,-1,7100,7101,7793,-1,7793,7101,7102,-1,7793,7102,5403,-1,5403,7102,7099,-1,5403,7099,5398,-1,5398,7099,7098,-1,5398,7098,5396,-1,5396,7098,5395,-1,7794,7212,7211,-1,5328,5329,7795,-1,7796,5388,5386,-1,7796,5386,7797,-1,5381,5379,7798,-1,7798,5379,5378,-1,7798,5378,7796,-1,7796,5378,5389,-1,7796,5389,5388,-1,5374,5373,7799,-1,7799,5373,5384,-1,7799,5384,5383,-1,7800,5371,5377,-1,7800,5377,7799,-1,7799,5377,5376,-1,7799,5376,5374,-1,7801,5365,5372,-1,5368,7801,5369,-1,5369,7801,7802,-1,5368,5367,7801,-1,7801,5367,5363,-1,7801,5363,5365,-1,5356,5354,7803,-1,7803,5354,5353,-1,5353,5360,7802,-1,7802,5360,5362,-1,7802,5362,5369,-1,5350,7804,5347,-1,5347,7804,7805,-1,5347,7805,5348,-1,5350,5352,7804,-1,7804,5352,5359,-1,7804,5359,7803,-1,7803,5359,5358,-1,7803,5358,5356,-1,5344,5342,7806,-1,7806,5342,5341,-1,7806,5341,7805,-1,7805,5341,5349,-1,7805,5349,5348,-1,5336,5340,7807,-1,7807,5340,5339,-1,7807,5339,7806,-1,7806,5339,5345,-1,7806,5345,5344,-1,5329,5331,7795,-1,7795,5331,5334,-1,7795,5334,7808,-1,7808,5334,5333,-1,7808,5333,5337,-1,5320,5319,7809,-1,7809,5319,5326,-1,5325,5324,7810,-1,7810,5324,5322,-1,7810,5322,7809,-1,7809,5322,5321,-1,7809,5321,5320,-1,7811,5312,7810,-1,7810,5312,5311,-1,7810,5311,5325,-1,5308,5310,7812,-1,7812,5310,5317,-1,5317,5316,7811,-1,7811,5316,5314,-1,7811,5314,5312,-1,5308,7812,5307,-1,5307,7812,7813,-1,5307,7813,5305,-1,5298,5296,7813,-1,7813,5296,5295,-1,7813,5295,5305,-1,7161,7162,5301,-1,5301,7162,5303,-1,5303,7162,7159,-1,5303,7159,5304,-1,5304,7159,5286,-1,5286,7159,7158,-1,5286,7158,5288,-1,5288,7158,5289,-1,5289,7158,7157,-1,5289,7157,5290,-1,5244,7155,5284,-1,5284,7155,7154,-1,5284,7154,7153,-1,5244,5243,7155,-1,7155,5243,5294,-1,7155,5294,7156,-1,7156,5294,5293,-1,7156,5293,7157,-1,7157,5293,5291,-1,7157,5291,5290,-1,7152,5281,7153,-1,7153,5281,5283,-1,7153,5283,5284,-1,7150,5279,7149,-1,7149,5279,5277,-1,7149,5277,7152,-1,7152,5277,5276,-1,7152,5276,5281,-1,7151,5274,7150,-1,7150,5274,5280,-1,7150,5280,5279,-1,5270,5272,7151,-1,7151,5272,5275,-1,7151,5275,5274,-1,5270,7151,5269,-1,5269,7151,7148,-1,5269,7148,5267,-1,5267,7148,7145,-1,5267,7145,5262,-1,5262,7145,7146,-1,5262,7146,5263,-1,5263,7146,5265,-1,5265,7146,7147,-1,5265,7147,5266,-1,5266,7147,5260,-1,5260,7147,7144,-1,5260,7144,5261,-1,5261,7144,5258,-1,5258,7144,7143,-1,5258,7143,5256,-1,5256,7143,5255,-1,5255,7143,7142,-1,5255,7142,5253,-1,5253,7142,5247,-1,5247,7142,7141,-1,5247,7141,5248,-1,5248,7141,7140,-1,5248,7140,5252,-1,5252,7140,5251,-1,5251,7140,7139,-1,5251,7139,5249,-1,5301,5300,7161,-1,7161,5300,5299,-1,7161,5299,7160,-1,7160,5299,5298,-1,7160,5298,7163,-1,7163,5298,7813,-1,7163,7813,7166,-1,7166,7813,7812,-1,7166,7812,7165,-1,5317,7811,7812,-1,7812,7811,7164,-1,7812,7164,7165,-1,7171,7809,7795,-1,7795,7809,5326,-1,7795,5326,5328,-1,7171,7170,7809,-1,7809,7170,7169,-1,7809,7169,7810,-1,7810,7169,7168,-1,7810,7168,7811,-1,7811,7168,7167,-1,7811,7167,7164,-1,7176,7175,7807,-1,7807,7175,7808,-1,7807,7808,5336,-1,5336,7808,5337,-1,7175,7174,7808,-1,7808,7174,7173,-1,7808,7173,7795,-1,7795,7173,7172,-1,7795,7172,7171,-1,7176,7807,7177,-1,7177,7807,7806,-1,7177,7806,7180,-1,7180,7806,7805,-1,7180,7805,7179,-1,7179,7805,7178,-1,7178,7805,7804,-1,7178,7804,7181,-1,7181,7804,7184,-1,7184,7804,7803,-1,7184,7803,7183,-1,5353,7802,7803,-1,7803,7802,7182,-1,7803,7182,7183,-1,7188,7801,7800,-1,7800,7801,5372,-1,7800,5372,5371,-1,7188,7187,7801,-1,7801,7187,7186,-1,7801,7186,7802,-1,7802,7186,7185,-1,7802,7185,7182,-1,7192,7799,7798,-1,7798,7799,5383,-1,7798,5383,5381,-1,7192,7191,7799,-1,7799,7191,7190,-1,7799,7190,7800,-1,7800,7190,7189,-1,7800,7189,7188,-1,7797,7193,7796,-1,7796,7193,7194,-1,7796,7194,7798,-1,7798,7194,7195,-1,7798,7195,7192,-1,7814,7199,7797,-1,7797,7199,7196,-1,7797,7196,7193,-1,7815,7197,7814,-1,7814,7197,7198,-1,7814,7198,7199,-1,7201,7202,7816,-1,7816,7202,7203,-1,7816,7203,7815,-1,7815,7203,7200,-1,7815,7200,7197,-1,7817,7205,7818,-1,7818,7205,7204,-1,7209,7208,7819,-1,7819,7208,7207,-1,7819,7207,7817,-1,7817,7207,7206,-1,7817,7206,7205,-1,7820,7794,7821,-1,7821,7794,7211,-1,7821,7211,7822,-1,7822,7211,7210,-1,5386,6338,7797,-1,7797,6338,6337,-1,7797,6337,7814,-1,7814,6337,6336,-1,7814,6336,7815,-1,6341,7816,6342,-1,6342,7816,7815,-1,6342,7815,6335,-1,6335,7815,6336,-1,6341,6340,7816,-1,7816,6340,7818,-1,7816,7818,7201,-1,7201,7818,7204,-1,6330,7819,6332,-1,6332,7819,7817,-1,6332,7817,6334,-1,6334,7817,7818,-1,6334,7818,6339,-1,6339,7818,6340,-1,6330,6328,7819,-1,7819,6328,7822,-1,7819,7822,7209,-1,7209,7822,7210,-1,6320,7820,6322,-1,6322,7820,7821,-1,6322,7821,6324,-1,6324,7821,7822,-1,6324,7822,6326,-1,6326,7822,6328,-1,7823,7824,7295,-1,7825,7826,7277,-1,7827,7321,7320,-1,7828,7829,6185,-1,7249,7829,7250,-1,7250,7829,7828,-1,7250,7828,7251,-1,7251,7828,7830,-1,7831,7255,7830,-1,7830,7255,7252,-1,7830,7252,7251,-1,7259,7256,7832,-1,7832,7256,7253,-1,7832,7253,7831,-1,7831,7253,7254,-1,7831,7254,7255,-1,7833,7257,7834,-1,7834,7257,7258,-1,7263,7262,7835,-1,7835,7262,7261,-1,7835,7261,7833,-1,7833,7261,7260,-1,7833,7260,7257,-1,7836,7265,7837,-1,7837,7265,7264,-1,7838,7270,7839,-1,7839,7270,7267,-1,7839,7267,7836,-1,7836,7267,7266,-1,7836,7266,7265,-1,7840,7268,7838,-1,7838,7268,7269,-1,7838,7269,7270,-1,7841,7274,7840,-1,7840,7274,7271,-1,7840,7271,7268,-1,7276,7275,7842,-1,7842,7275,7272,-1,7842,7272,7841,-1,7841,7272,7273,-1,7841,7273,7274,-1,7843,7279,7826,-1,7826,7279,7278,-1,7826,7278,7277,-1,7844,7845,7283,-1,7283,7282,7844,-1,7844,7282,7281,-1,7844,7281,7843,-1,7843,7281,7280,-1,7843,7280,7279,-1,7286,7287,7846,-1,7846,7287,7288,-1,7846,7288,7847,-1,7847,7288,7285,-1,7847,7285,7845,-1,7845,7285,7284,-1,7845,7284,7283,-1,7289,7848,7292,-1,7292,7848,7849,-1,7294,7293,7850,-1,7850,7293,7290,-1,7850,7290,7849,-1,7849,7290,7291,-1,7849,7291,7292,-1,7851,7297,7824,-1,7824,7297,7296,-1,7824,7296,7295,-1,7301,7300,7852,-1,7852,7300,7299,-1,7852,7299,7851,-1,7851,7299,7298,-1,7851,7298,7297,-1,7853,7854,7304,-1,7308,7305,7855,-1,7855,7305,7302,-1,7855,7302,7854,-1,7854,7302,7303,-1,7854,7303,7304,-1,7307,7856,7306,-1,7306,7856,7857,-1,7858,7312,7857,-1,7857,7312,7309,-1,7857,7309,7306,-1,7859,7860,7314,-1,7314,7313,7859,-1,7859,7313,7310,-1,7859,7310,7858,-1,7858,7310,7311,-1,7858,7311,7312,-1,7861,7862,7318,-1,7318,7317,7861,-1,7861,7317,7316,-1,7861,7316,7860,-1,7860,7316,7315,-1,7860,7315,7314,-1,7863,7827,7864,-1,7864,7827,7320,-1,7864,7320,7862,-1,7862,7320,7319,-1,7862,7319,7318,-1,6185,6187,7828,-1,7828,6187,6189,-1,7828,6189,7830,-1,7830,6189,6191,-1,7830,6191,7831,-1,6197,7832,6195,-1,6195,7832,7831,-1,6195,7831,6193,-1,6193,7831,6191,-1,6197,6199,7832,-1,7832,6199,7834,-1,7832,7834,7259,-1,7259,7834,7258,-1,6207,7835,6205,-1,6205,7835,7833,-1,6205,7833,6203,-1,6203,7833,7834,-1,6203,7834,6201,-1,6201,7834,6199,-1,6207,6209,7835,-1,7835,6209,7837,-1,7835,7837,7263,-1,7263,7837,7264,-1,6209,6211,7837,-1,7837,6211,6213,-1,7837,6213,7836,-1,7836,6213,6215,-1,7836,6215,7839,-1,6215,6217,7839,-1,7839,6217,6219,-1,7839,6219,7838,-1,7838,6219,6221,-1,7838,6221,7840,-1,7840,6221,6223,-1,6231,7842,6229,-1,6229,7842,7841,-1,6229,7841,6227,-1,6227,7841,7840,-1,6227,7840,6225,-1,6225,7840,6223,-1,6231,6233,7842,-1,7842,6233,7825,-1,7842,7825,7276,-1,7276,7825,7277,-1,6233,6235,7825,-1,7825,6235,6237,-1,7825,6237,7826,-1,7826,6237,6239,-1,7826,6239,7843,-1,6239,6241,7843,-1,7843,6241,6243,-1,7843,6243,7844,-1,7844,6243,6245,-1,7844,6245,7845,-1,6253,7846,6251,-1,6251,7846,7847,-1,6251,7847,6249,-1,6249,7847,7845,-1,6249,7845,6247,-1,6247,7845,6245,-1,6253,6255,7846,-1,7846,6255,7848,-1,7846,7848,7286,-1,7286,7848,7289,-1,6263,7850,6261,-1,6261,7850,7849,-1,6261,7849,6259,-1,6259,7849,7848,-1,6259,7848,6257,-1,6257,7848,6255,-1,6263,6265,7850,-1,7850,6265,7823,-1,7850,7823,7294,-1,7294,7823,7295,-1,6265,6267,7823,-1,7823,6267,6269,-1,7823,6269,7824,-1,7824,6269,6271,-1,7824,6271,7851,-1,6277,7852,6275,-1,6275,7852,7851,-1,6275,7851,6273,-1,6273,7851,6271,-1,6277,6279,7852,-1,7852,6279,7853,-1,7852,7853,7301,-1,7301,7853,7304,-1,6287,7855,6285,-1,6285,7855,7854,-1,6285,7854,6283,-1,6283,7854,7853,-1,6283,7853,6281,-1,6281,7853,6279,-1,6287,6289,7855,-1,7855,6289,7856,-1,7855,7856,7308,-1,7308,7856,7307,-1,6289,6291,7856,-1,7856,6291,6293,-1,7856,6293,7857,-1,7857,6293,6295,-1,7857,6295,7858,-1,6295,6297,7858,-1,7858,6297,6299,-1,7858,6299,7859,-1,7859,6299,6301,-1,7859,6301,7860,-1,7860,6301,6303,-1,6303,6305,7860,-1,7860,6305,6307,-1,7860,6307,7861,-1,7861,6307,6309,-1,7861,6309,7862,-1,6317,7863,6315,-1,6315,7863,7864,-1,6315,7864,6313,-1,6313,7864,7862,-1,6313,7862,6311,-1,6311,7862,6309,-1,7865,7866,7404,-1,7867,7868,7386,-1,7869,7430,7429,-1,7870,7871,6051,-1,7358,7871,7359,-1,7359,7871,7870,-1,7359,7870,7360,-1,7360,7870,7872,-1,7873,7364,7872,-1,7872,7364,7361,-1,7872,7361,7360,-1,7368,7365,7874,-1,7874,7365,7362,-1,7874,7362,7873,-1,7873,7362,7363,-1,7873,7363,7364,-1,7875,7366,7876,-1,7876,7366,7367,-1,7372,7371,7877,-1,7877,7371,7370,-1,7877,7370,7875,-1,7875,7370,7369,-1,7875,7369,7366,-1,7878,7374,7879,-1,7879,7374,7373,-1,7880,7379,7881,-1,7881,7379,7376,-1,7881,7376,7878,-1,7878,7376,7375,-1,7878,7375,7374,-1,7882,7377,7880,-1,7880,7377,7378,-1,7880,7378,7379,-1,7883,7383,7882,-1,7882,7383,7380,-1,7882,7380,7377,-1,7385,7384,7884,-1,7884,7384,7381,-1,7884,7381,7883,-1,7883,7381,7382,-1,7883,7382,7383,-1,7885,7388,7868,-1,7868,7388,7387,-1,7868,7387,7386,-1,7886,7887,7392,-1,7392,7391,7886,-1,7886,7391,7390,-1,7886,7390,7885,-1,7885,7390,7389,-1,7885,7389,7388,-1,7395,7396,7888,-1,7888,7396,7397,-1,7888,7397,7889,-1,7889,7397,7394,-1,7889,7394,7887,-1,7887,7394,7393,-1,7887,7393,7392,-1,7398,7890,7401,-1,7401,7890,7891,-1,7403,7402,7892,-1,7892,7402,7399,-1,7892,7399,7891,-1,7891,7399,7400,-1,7891,7400,7401,-1,7893,7406,7866,-1,7866,7406,7405,-1,7866,7405,7404,-1,7410,7409,7894,-1,7894,7409,7408,-1,7894,7408,7893,-1,7893,7408,7407,-1,7893,7407,7406,-1,7895,7896,7413,-1,7417,7414,7897,-1,7897,7414,7411,-1,7897,7411,7896,-1,7896,7411,7412,-1,7896,7412,7413,-1,7416,7898,7415,-1,7415,7898,7899,-1,7900,7421,7899,-1,7899,7421,7418,-1,7899,7418,7415,-1,7901,7902,7423,-1,7423,7422,7901,-1,7901,7422,7419,-1,7901,7419,7900,-1,7900,7419,7420,-1,7900,7420,7421,-1,7903,7904,7427,-1,7427,7426,7903,-1,7903,7426,7425,-1,7903,7425,7902,-1,7902,7425,7424,-1,7902,7424,7423,-1,7905,7869,7906,-1,7906,7869,7429,-1,7906,7429,7904,-1,7904,7429,7428,-1,7904,7428,7427,-1,6051,6053,7870,-1,7870,6053,6055,-1,7870,6055,7872,-1,7872,6055,6057,-1,7872,6057,7873,-1,6063,7874,6061,-1,6061,7874,7873,-1,6061,7873,6059,-1,6059,7873,6057,-1,6063,6065,7874,-1,7874,6065,7876,-1,7874,7876,7368,-1,7368,7876,7367,-1,6073,7877,6071,-1,6071,7877,7875,-1,6071,7875,6069,-1,6069,7875,7876,-1,6069,7876,6067,-1,6067,7876,6065,-1,6073,6075,7877,-1,7877,6075,7879,-1,7877,7879,7372,-1,7372,7879,7373,-1,6075,6077,7879,-1,7879,6077,6079,-1,7879,6079,7878,-1,7878,6079,6081,-1,7878,6081,7881,-1,6081,6083,7881,-1,7881,6083,6085,-1,7881,6085,7880,-1,7880,6085,6087,-1,7880,6087,7882,-1,7882,6087,6089,-1,6097,7884,6095,-1,6095,7884,7883,-1,6095,7883,6093,-1,6093,7883,7882,-1,6093,7882,6091,-1,6091,7882,6089,-1,6097,6099,7884,-1,7884,6099,7867,-1,7884,7867,7385,-1,7385,7867,7386,-1,6099,6101,7867,-1,7867,6101,6103,-1,7867,6103,7868,-1,7868,6103,6105,-1,7868,6105,7885,-1,6105,6107,7885,-1,7885,6107,6109,-1,7885,6109,7886,-1,7886,6109,6111,-1,7886,6111,7887,-1,6119,7888,6117,-1,6117,7888,7889,-1,6117,7889,6115,-1,6115,7889,7887,-1,6115,7887,6113,-1,6113,7887,6111,-1,6119,6121,7888,-1,7888,6121,7890,-1,7888,7890,7395,-1,7395,7890,7398,-1,6129,7892,6127,-1,6127,7892,7891,-1,6127,7891,6125,-1,6125,7891,7890,-1,6125,7890,6123,-1,6123,7890,6121,-1,6129,6131,7892,-1,7892,6131,7865,-1,7892,7865,7403,-1,7403,7865,7404,-1,6131,6133,7865,-1,7865,6133,6135,-1,7865,6135,7866,-1,7866,6135,6137,-1,7866,6137,7893,-1,6143,7894,6141,-1,6141,7894,7893,-1,6141,7893,6139,-1,6139,7893,6137,-1,6143,6145,7894,-1,7894,6145,7895,-1,7894,7895,7410,-1,7410,7895,7413,-1,6153,7897,6151,-1,6151,7897,7896,-1,6151,7896,6149,-1,6149,7896,7895,-1,6149,7895,6147,-1,6147,7895,6145,-1,6153,6155,7897,-1,7897,6155,7898,-1,7897,7898,7417,-1,7417,7898,7416,-1,6155,6157,7898,-1,7898,6157,6159,-1,7898,6159,7899,-1,7899,6159,6161,-1,7899,6161,7900,-1,6161,6163,7900,-1,7900,6163,6165,-1,7900,6165,7901,-1,7901,6165,6167,-1,7901,6167,7902,-1,7902,6167,6169,-1,6169,6171,7902,-1,7902,6171,6173,-1,7902,6173,7903,-1,7903,6173,6175,-1,7903,6175,7904,-1,6183,7905,6181,-1,6181,7905,7906,-1,6181,7906,6179,-1,6179,7906,7904,-1,6179,7904,6177,-1,6177,7904,6175,-1,7907,7908,7513,-1,7909,7910,7495,-1,7911,7539,7538,-1,7912,7913,5917,-1,7467,7913,7468,-1,7468,7913,7912,-1,7468,7912,7469,-1,7469,7912,7914,-1,7915,7473,7914,-1,7914,7473,7470,-1,7914,7470,7469,-1,7477,7474,7916,-1,7916,7474,7471,-1,7916,7471,7915,-1,7915,7471,7472,-1,7915,7472,7473,-1,7917,7475,7918,-1,7918,7475,7476,-1,7481,7480,7919,-1,7919,7480,7479,-1,7919,7479,7917,-1,7917,7479,7478,-1,7917,7478,7475,-1,7920,7483,7921,-1,7921,7483,7482,-1,7922,7488,7923,-1,7923,7488,7485,-1,7923,7485,7920,-1,7920,7485,7484,-1,7920,7484,7483,-1,7924,7486,7922,-1,7922,7486,7487,-1,7922,7487,7488,-1,7925,7492,7924,-1,7924,7492,7489,-1,7924,7489,7486,-1,7494,7493,7926,-1,7926,7493,7490,-1,7926,7490,7925,-1,7925,7490,7491,-1,7925,7491,7492,-1,7927,7497,7910,-1,7910,7497,7496,-1,7910,7496,7495,-1,7928,7929,7501,-1,7501,7500,7928,-1,7928,7500,7499,-1,7928,7499,7927,-1,7927,7499,7498,-1,7927,7498,7497,-1,7504,7505,7930,-1,7930,7505,7506,-1,7930,7506,7931,-1,7931,7506,7503,-1,7931,7503,7929,-1,7929,7503,7502,-1,7929,7502,7501,-1,7507,7932,7510,-1,7510,7932,7933,-1,7512,7511,7934,-1,7934,7511,7508,-1,7934,7508,7933,-1,7933,7508,7509,-1,7933,7509,7510,-1,7935,7515,7908,-1,7908,7515,7514,-1,7908,7514,7513,-1,7519,7518,7936,-1,7936,7518,7517,-1,7936,7517,7935,-1,7935,7517,7516,-1,7935,7516,7515,-1,7937,7938,7522,-1,7526,7523,7939,-1,7939,7523,7520,-1,7939,7520,7938,-1,7938,7520,7521,-1,7938,7521,7522,-1,7525,7940,7524,-1,7524,7940,7941,-1,7942,7530,7941,-1,7941,7530,7527,-1,7941,7527,7524,-1,7943,7944,7532,-1,7532,7531,7943,-1,7943,7531,7528,-1,7943,7528,7942,-1,7942,7528,7529,-1,7942,7529,7530,-1,7945,7946,7536,-1,7536,7535,7945,-1,7945,7535,7534,-1,7945,7534,7944,-1,7944,7534,7533,-1,7944,7533,7532,-1,7947,7911,7948,-1,7948,7911,7538,-1,7948,7538,7946,-1,7946,7538,7537,-1,7946,7537,7536,-1,5917,5919,7912,-1,7912,5919,5921,-1,7912,5921,7914,-1,7914,5921,5923,-1,7914,5923,7915,-1,5929,7916,5927,-1,5927,7916,7915,-1,5927,7915,5925,-1,5925,7915,5923,-1,5929,5931,7916,-1,7916,5931,7918,-1,7916,7918,7477,-1,7477,7918,7476,-1,5939,7919,5937,-1,5937,7919,7917,-1,5937,7917,5935,-1,5935,7917,7918,-1,5935,7918,5933,-1,5933,7918,5931,-1,5939,5941,7919,-1,7919,5941,7921,-1,7919,7921,7481,-1,7481,7921,7482,-1,5941,5943,7921,-1,7921,5943,5945,-1,7921,5945,7920,-1,7920,5945,5947,-1,7920,5947,7923,-1,5947,5949,7923,-1,7923,5949,5951,-1,7923,5951,7922,-1,7922,5951,5953,-1,7922,5953,7924,-1,7924,5953,5955,-1,5963,7926,5961,-1,5961,7926,7925,-1,5961,7925,5959,-1,5959,7925,7924,-1,5959,7924,5957,-1,5957,7924,5955,-1,5963,5965,7926,-1,7926,5965,7909,-1,7926,7909,7494,-1,7494,7909,7495,-1,5965,5967,7909,-1,7909,5967,5969,-1,7909,5969,7910,-1,7910,5969,5971,-1,7910,5971,7927,-1,5971,5973,7927,-1,7927,5973,5975,-1,7927,5975,7928,-1,7928,5975,5977,-1,7928,5977,7929,-1,5985,7930,5983,-1,5983,7930,7931,-1,5983,7931,5981,-1,5981,7931,7929,-1,5981,7929,5979,-1,5979,7929,5977,-1,5985,5987,7930,-1,7930,5987,7932,-1,7930,7932,7504,-1,7504,7932,7507,-1,5995,7934,5993,-1,5993,7934,7933,-1,5993,7933,5991,-1,5991,7933,7932,-1,5991,7932,5989,-1,5989,7932,5987,-1,5995,5997,7934,-1,7934,5997,7907,-1,7934,7907,7512,-1,7512,7907,7513,-1,5997,5999,7907,-1,7907,5999,6001,-1,7907,6001,7908,-1,7908,6001,6003,-1,7908,6003,7935,-1,6009,7936,6007,-1,6007,7936,7935,-1,6007,7935,6005,-1,6005,7935,6003,-1,6009,6011,7936,-1,7936,6011,7937,-1,7936,7937,7519,-1,7519,7937,7522,-1,6019,7939,6017,-1,6017,7939,7938,-1,6017,7938,6015,-1,6015,7938,7937,-1,6015,7937,6013,-1,6013,7937,6011,-1,6019,6021,7939,-1,7939,6021,7940,-1,7939,7940,7526,-1,7526,7940,7525,-1,6021,6023,7940,-1,7940,6023,6025,-1,7940,6025,7941,-1,7941,6025,6027,-1,7941,6027,7942,-1,6027,6029,7942,-1,7942,6029,6031,-1,7942,6031,7943,-1,7943,6031,6033,-1,7943,6033,7944,-1,7944,6033,6035,-1,6035,6037,7944,-1,7944,6037,6039,-1,7944,6039,7945,-1,7945,6039,6041,-1,7945,6041,7946,-1,6049,7947,6047,-1,6047,7947,7948,-1,6047,7948,6045,-1,6045,7948,7946,-1,6045,7946,6043,-1,6043,7946,6041,-1,7949,7950,7622,-1,7951,7952,7604,-1,7953,7648,7647,-1,7954,7955,5783,-1,7576,7955,7577,-1,7577,7955,7954,-1,7577,7954,7578,-1,7578,7954,7956,-1,7957,7582,7956,-1,7956,7582,7579,-1,7956,7579,7578,-1,7586,7583,7958,-1,7958,7583,7580,-1,7958,7580,7957,-1,7957,7580,7581,-1,7957,7581,7582,-1,7959,7584,7960,-1,7960,7584,7585,-1,7590,7589,7961,-1,7961,7589,7588,-1,7961,7588,7959,-1,7959,7588,7587,-1,7959,7587,7584,-1,7962,7592,7963,-1,7963,7592,7591,-1,7964,7597,7965,-1,7965,7597,7594,-1,7965,7594,7962,-1,7962,7594,7593,-1,7962,7593,7592,-1,7966,7595,7964,-1,7964,7595,7596,-1,7964,7596,7597,-1,7967,7601,7966,-1,7966,7601,7598,-1,7966,7598,7595,-1,7603,7602,7968,-1,7968,7602,7599,-1,7968,7599,7967,-1,7967,7599,7600,-1,7967,7600,7601,-1,7969,7606,7952,-1,7952,7606,7605,-1,7952,7605,7604,-1,7970,7971,7610,-1,7610,7609,7970,-1,7970,7609,7608,-1,7970,7608,7969,-1,7969,7608,7607,-1,7969,7607,7606,-1,7613,7614,7972,-1,7972,7614,7615,-1,7972,7615,7973,-1,7973,7615,7612,-1,7973,7612,7971,-1,7971,7612,7611,-1,7971,7611,7610,-1,7616,7974,7619,-1,7619,7974,7975,-1,7621,7620,7976,-1,7976,7620,7617,-1,7976,7617,7975,-1,7975,7617,7618,-1,7975,7618,7619,-1,7977,7624,7950,-1,7950,7624,7623,-1,7950,7623,7622,-1,7628,7627,7978,-1,7978,7627,7626,-1,7978,7626,7977,-1,7977,7626,7625,-1,7977,7625,7624,-1,7979,7980,7631,-1,7635,7632,7981,-1,7981,7632,7629,-1,7981,7629,7980,-1,7980,7629,7630,-1,7980,7630,7631,-1,7634,7982,7633,-1,7633,7982,7983,-1,7984,7639,7983,-1,7983,7639,7636,-1,7983,7636,7633,-1,7985,7986,7641,-1,7641,7640,7985,-1,7985,7640,7637,-1,7985,7637,7984,-1,7984,7637,7638,-1,7984,7638,7639,-1,7987,7988,7645,-1,7645,7644,7987,-1,7987,7644,7643,-1,7987,7643,7986,-1,7986,7643,7642,-1,7986,7642,7641,-1,7989,7953,7990,-1,7990,7953,7647,-1,7990,7647,7988,-1,7988,7647,7646,-1,7988,7646,7645,-1,5783,5785,7954,-1,7954,5785,5787,-1,7954,5787,7956,-1,7956,5787,5789,-1,7956,5789,7957,-1,5795,7958,5793,-1,5793,7958,7957,-1,5793,7957,5791,-1,5791,7957,5789,-1,5795,5797,7958,-1,7958,5797,7960,-1,7958,7960,7586,-1,7586,7960,7585,-1,5805,7961,5803,-1,5803,7961,7959,-1,5803,7959,5801,-1,5801,7959,7960,-1,5801,7960,5799,-1,5799,7960,5797,-1,5805,5807,7961,-1,7961,5807,7963,-1,7961,7963,7590,-1,7590,7963,7591,-1,5807,5809,7963,-1,7963,5809,5811,-1,7963,5811,7962,-1,7962,5811,5813,-1,7962,5813,7965,-1,5813,5815,7965,-1,7965,5815,5817,-1,7965,5817,7964,-1,7964,5817,5819,-1,7964,5819,7966,-1,7966,5819,5821,-1,5829,7968,5827,-1,5827,7968,7967,-1,5827,7967,5825,-1,5825,7967,7966,-1,5825,7966,5823,-1,5823,7966,5821,-1,5829,5831,7968,-1,7968,5831,7951,-1,7968,7951,7603,-1,7603,7951,7604,-1,5831,5833,7951,-1,7951,5833,5835,-1,7951,5835,7952,-1,7952,5835,5837,-1,7952,5837,7969,-1,5837,5839,7969,-1,7969,5839,5841,-1,7969,5841,7970,-1,7970,5841,5843,-1,7970,5843,7971,-1,5851,7972,5849,-1,5849,7972,7973,-1,5849,7973,5847,-1,5847,7973,7971,-1,5847,7971,5845,-1,5845,7971,5843,-1,5851,5853,7972,-1,7972,5853,7974,-1,7972,7974,7613,-1,7613,7974,7616,-1,5861,7976,5859,-1,5859,7976,7975,-1,5859,7975,5857,-1,5857,7975,7974,-1,5857,7974,5855,-1,5855,7974,5853,-1,5861,5863,7976,-1,7976,5863,7949,-1,7976,7949,7621,-1,7621,7949,7622,-1,5863,5865,7949,-1,7949,5865,5867,-1,7949,5867,7950,-1,7950,5867,5869,-1,7950,5869,7977,-1,5875,7978,5873,-1,5873,7978,7977,-1,5873,7977,5871,-1,5871,7977,5869,-1,5875,5877,7978,-1,7978,5877,7979,-1,7978,7979,7628,-1,7628,7979,7631,-1,5885,7981,5883,-1,5883,7981,7980,-1,5883,7980,5881,-1,5881,7980,7979,-1,5881,7979,5879,-1,5879,7979,5877,-1,5885,5887,7981,-1,7981,5887,7982,-1,7981,7982,7635,-1,7635,7982,7634,-1,5887,5889,7982,-1,7982,5889,5891,-1,7982,5891,7983,-1,7983,5891,5893,-1,7983,5893,7984,-1,5893,5895,7984,-1,7984,5895,5897,-1,7984,5897,7985,-1,7985,5897,5899,-1,7985,5899,7986,-1,7986,5899,5901,-1,5901,5903,7986,-1,7986,5903,5905,-1,7986,5905,7987,-1,7987,5905,5907,-1,7987,5907,7988,-1,5915,7989,5913,-1,5913,7989,7990,-1,5913,7990,5911,-1,5911,7990,7988,-1,5911,7988,5909,-1,5909,7988,5907,-1,7991,7992,7731,-1,7993,7994,7713,-1,7995,7757,7756,-1,7996,7997,5649,-1,7685,7997,7686,-1,7686,7997,7996,-1,7686,7996,7687,-1,7687,7996,7998,-1,7999,7691,7998,-1,7998,7691,7688,-1,7998,7688,7687,-1,7695,7692,8000,-1,8000,7692,7689,-1,8000,7689,7999,-1,7999,7689,7690,-1,7999,7690,7691,-1,8001,7693,8002,-1,8002,7693,7694,-1,7699,7698,8003,-1,8003,7698,7697,-1,8003,7697,8001,-1,8001,7697,7696,-1,8001,7696,7693,-1,8004,7701,8005,-1,8005,7701,7700,-1,8006,7706,8007,-1,8007,7706,7703,-1,8007,7703,8004,-1,8004,7703,7702,-1,8004,7702,7701,-1,8008,7704,8006,-1,8006,7704,7705,-1,8006,7705,7706,-1,8009,7710,8008,-1,8008,7710,7707,-1,8008,7707,7704,-1,7712,7711,8010,-1,8010,7711,7708,-1,8010,7708,8009,-1,8009,7708,7709,-1,8009,7709,7710,-1,8011,7715,7994,-1,7994,7715,7714,-1,7994,7714,7713,-1,8012,8013,7719,-1,7719,7718,8012,-1,8012,7718,7717,-1,8012,7717,8011,-1,8011,7717,7716,-1,8011,7716,7715,-1,7722,7723,8014,-1,8014,7723,7724,-1,8014,7724,8015,-1,8015,7724,7721,-1,8015,7721,8013,-1,8013,7721,7720,-1,8013,7720,7719,-1,7725,8016,7728,-1,7728,8016,8017,-1,7730,7729,8018,-1,8018,7729,7726,-1,8018,7726,8017,-1,8017,7726,7727,-1,8017,7727,7728,-1,8019,7733,7992,-1,7992,7733,7732,-1,7992,7732,7731,-1,7737,7736,8020,-1,8020,7736,7735,-1,8020,7735,8019,-1,8019,7735,7734,-1,8019,7734,7733,-1,8021,8022,7740,-1,7744,7741,8023,-1,8023,7741,7738,-1,8023,7738,8022,-1,8022,7738,7739,-1,8022,7739,7740,-1,7743,8024,7742,-1,7742,8024,8025,-1,8026,7748,8025,-1,8025,7748,7745,-1,8025,7745,7742,-1,8027,8028,7750,-1,7750,7749,8027,-1,8027,7749,7746,-1,8027,7746,8026,-1,8026,7746,7747,-1,8026,7747,7748,-1,8029,8030,7754,-1,7754,7753,8029,-1,8029,7753,7752,-1,8029,7752,8028,-1,8028,7752,7751,-1,8028,7751,7750,-1,8031,7995,8032,-1,8032,7995,7756,-1,8032,7756,8030,-1,8030,7756,7755,-1,8030,7755,7754,-1,5649,5651,7996,-1,7996,5651,5653,-1,7996,5653,7998,-1,7998,5653,5655,-1,7998,5655,7999,-1,5661,8000,5659,-1,5659,8000,7999,-1,5659,7999,5657,-1,5657,7999,5655,-1,5661,5663,8000,-1,8000,5663,8002,-1,8000,8002,7695,-1,7695,8002,7694,-1,5671,8003,5669,-1,5669,8003,8001,-1,5669,8001,5667,-1,5667,8001,8002,-1,5667,8002,5665,-1,5665,8002,5663,-1,5671,5673,8003,-1,8003,5673,8005,-1,8003,8005,7699,-1,7699,8005,7700,-1,5673,5675,8005,-1,8005,5675,5677,-1,8005,5677,8004,-1,8004,5677,5679,-1,8004,5679,8007,-1,5679,5681,8007,-1,8007,5681,5683,-1,8007,5683,8006,-1,8006,5683,5685,-1,8006,5685,8008,-1,8008,5685,5687,-1,5695,8010,5693,-1,5693,8010,8009,-1,5693,8009,5691,-1,5691,8009,8008,-1,5691,8008,5689,-1,5689,8008,5687,-1,5695,5697,8010,-1,8010,5697,7993,-1,8010,7993,7712,-1,7712,7993,7713,-1,5697,5699,7993,-1,7993,5699,5701,-1,7993,5701,7994,-1,7994,5701,5703,-1,7994,5703,8011,-1,5703,5705,8011,-1,8011,5705,5707,-1,8011,5707,8012,-1,8012,5707,5709,-1,8012,5709,8013,-1,5717,8014,5715,-1,5715,8014,8015,-1,5715,8015,5713,-1,5713,8015,8013,-1,5713,8013,5711,-1,5711,8013,5709,-1,5717,5719,8014,-1,8014,5719,8016,-1,8014,8016,7722,-1,7722,8016,7725,-1,5727,8018,5725,-1,5725,8018,8017,-1,5725,8017,5723,-1,5723,8017,8016,-1,5723,8016,5721,-1,5721,8016,5719,-1,5727,5729,8018,-1,8018,5729,7991,-1,8018,7991,7730,-1,7730,7991,7731,-1,5729,5731,7991,-1,7991,5731,5733,-1,7991,5733,7992,-1,7992,5733,5735,-1,7992,5735,8019,-1,5741,8020,5739,-1,5739,8020,8019,-1,5739,8019,5737,-1,5737,8019,5735,-1,5741,5743,8020,-1,8020,5743,8021,-1,8020,8021,7737,-1,7737,8021,7740,-1,5751,8023,5749,-1,5749,8023,8022,-1,5749,8022,5747,-1,5747,8022,8021,-1,5747,8021,5745,-1,5745,8021,5743,-1,5751,5753,8023,-1,8023,5753,8024,-1,8023,8024,7744,-1,7744,8024,7743,-1,5753,5755,8024,-1,8024,5755,5757,-1,8024,5757,8025,-1,8025,5757,5759,-1,8025,5759,8026,-1,5759,5761,8026,-1,8026,5761,5763,-1,8026,5763,8027,-1,8027,5763,5765,-1,8027,5765,8028,-1,8028,5765,5767,-1,5767,5769,8028,-1,8028,5769,5771,-1,8028,5771,8029,-1,8029,5771,5773,-1,8029,5773,8030,-1,5781,8031,5779,-1,5779,8031,8032,-1,5779,8032,5777,-1,5777,8032,8030,-1,5777,8030,5775,-1,5775,8030,5773,-1,5488,5467,7775,-1,7773,5482,7774,-1,7774,5482,5484,-1,7774,5484,7775,-1,7775,5484,5486,-1,7775,5486,5488,-1,7771,5472,5474,-1,7771,5474,7772,-1,5474,5476,7772,-1,7772,5476,5478,-1,7772,5478,7773,-1,7773,5478,5480,-1,7773,5480,5482,-1,5472,7771,5470,-1,5470,7771,7770,-1,5470,7770,5453,-1,5453,7770,7769,-1,5453,7769,5454,-1,7767,5460,7768,-1,7768,5460,5458,-1,7768,5458,7769,-1,7769,5458,5456,-1,7769,5456,5454,-1,5450,5449,8033,-1,8033,5449,5463,-1,8033,5463,8034,-1,8034,5463,5462,-1,8034,5462,5461,-1,5443,5442,8035,-1,8035,5442,5452,-1,8035,5452,8033,-1,8033,5452,5451,-1,8033,5451,5450,-1,5431,5430,8036,-1,8036,5430,5446,-1,8036,5446,8035,-1,8035,5446,5445,-1,8035,5445,5443,-1,5431,8036,5434,-1,5434,8036,8037,-1,5434,8037,5435,-1,8038,6343,5440,-1,5440,5439,8038,-1,8038,5439,5437,-1,8038,5437,8037,-1,8037,5437,5436,-1,8037,5436,5435,-1,6348,8039,6346,-1,6346,8039,8040,-1,7777,8040,7778,-1,7778,8040,8039,-1,7778,8039,7779,-1,7779,8039,7780,-1,7781,8041,7782,-1,7782,8041,8042,-1,7782,8042,7783,-1,7783,8042,7784,-1,7784,8042,8038,-1,7784,8038,7787,-1,7787,8038,8037,-1,7787,8037,7786,-1,7786,8037,7785,-1,7785,8037,8036,-1,7785,8036,7788,-1,7788,8036,7789,-1,7789,8036,8035,-1,7789,8035,7790,-1,7790,8035,7791,-1,7791,8035,8033,-1,7791,8033,7766,-1,7766,8033,7765,-1,7765,8033,8034,-1,7765,8034,7767,-1,7767,8034,5461,-1,7767,5461,5460,-1,6348,6350,8039,-1,8039,6350,8041,-1,8039,8041,7780,-1,7780,8041,7781,-1,6350,6352,8041,-1,8041,6352,6354,-1,8041,6354,8042,-1,8042,6354,6357,-1,8042,6357,8038,-1,8038,6357,6358,-1,8038,6358,6343,-1,8043,8044,8045,-1,8045,8044,8046,-1,8045,8046,8047,-1,8047,8048,8045,-1,8045,8048,8049,-1,8045,8049,8050,-1,8050,8049,8051,-1,8050,8051,8052,-1,8052,8053,8050,-1,8050,8053,8054,-1,8050,8054,8055,-1,8056,8057,8058,-1,8058,8057,8059,-1,8058,8059,8060,-1,8060,8059,8061,-1,8060,8061,8062,-1,8062,8061,8063,-1,8062,8063,8064,-1,8064,8063,8065,-1,8064,8065,8066,-1,8066,8065,8067,-1,8066,8067,8056,-1,8056,8067,8057,-1,8068,8069,8065,-1,8065,8069,8067,-1,8070,8069,8071,-1,8071,8069,8068,-1,8071,8068,8072,-1,8072,8068,8073,-1,8072,8073,8074,-1,8074,8073,8075,-1,8074,8075,8076,-1,8076,8075,8077,-1,8076,8077,8078,-1,8078,8077,8079,-1,8078,8079,8070,-1,8070,8079,8069,-1,8077,8075,8080,-1,8080,8075,8081,-1,8080,8081,8082,-1,8082,8081,8083,-1,8082,8083,8084,-1,8084,8083,8085,-1,8084,8085,8086,-1,8086,8085,8087,-1,8086,8087,8088,-1,8088,8087,8089,-1,8088,8089,8090,-1,8090,8089,8091,-1,8092,8090,8093,-1,8093,8090,8091,-1,8092,8093,8094,-1,8094,8093,8095,-1,8094,8095,8096,-1,8096,8095,8097,-1,8096,8097,8098,-1,8098,8097,8099,-1,8098,8099,8100,-1,8100,8099,8101,-1,8100,8101,8102,-1,8102,8101,8103,-1,8102,8103,8104,-1,8104,8103,8105,-1,8106,8107,8108,-1,8108,8107,8104,-1,8108,8104,8109,-1,8109,8104,8105,-1,8109,8105,8110,-1,8110,8105,8111,-1,8110,8111,8112,-1,8112,8111,8113,-1,8112,8113,8114,-1,8114,8113,8115,-1,8114,8115,8106,-1,8106,8115,8107,-1,8115,8113,4929,-1,4929,8113,4954,-1,8116,8117,8118,-1,4686,5239,8119,-1,8120,8050,8055,-1,4686,8119,8121,-1,8121,8119,8122,-1,8121,8122,8123,-1,8123,8122,8124,-1,8123,8124,8125,-1,8125,8124,8126,-1,8125,8126,8127,-1,8127,8126,8120,-1,8127,8120,8118,-1,8118,8120,8055,-1,8118,8055,8116,-1,8116,8128,8117,-1,8117,8128,8129,-1,8117,8129,8130,-1,8131,8132,8133,-1,8133,8132,8134,-1,8133,8134,8135,-1,8130,8136,8117,-1,8117,8136,8137,-1,8117,8137,8133,-1,8133,8137,8138,-1,8133,8138,8131,-1,8043,8045,8139,-1,8140,8133,8135,-1,8043,8139,8135,-1,8135,8139,8140,-1,8140,8139,8141,-1,8140,8141,8142,-1,8142,8141,8143,-1,8142,8143,8144,-1,8144,8143,8145,-1,8144,8145,8146,-1,8146,8145,8147,-1,8146,8147,8148,-1,8148,8147,8061,-1,8148,8061,8059,-1,8107,4927,8104,-1,8104,4927,4686,-1,8104,4686,8102,-1,8102,4686,8121,-1,8102,8121,8100,-1,8100,8121,8123,-1,8100,8123,8098,-1,8098,8123,8125,-1,8098,8125,8096,-1,8096,8125,8127,-1,8096,8127,8094,-1,8094,8127,8118,-1,8094,8118,8092,-1,8092,8118,8117,-1,8092,8117,8090,-1,8090,8117,8133,-1,8090,8133,8088,-1,8088,8133,8140,-1,8088,8140,8086,-1,8086,8140,8142,-1,8086,8142,8084,-1,8084,8142,8144,-1,8084,8144,8082,-1,8082,8144,8146,-1,8082,8146,8080,-1,8080,8146,8148,-1,8080,8148,8077,-1,8077,8148,8059,-1,8077,8059,8079,-1,8079,8059,8057,-1,8073,8063,8075,-1,8075,8063,8061,-1,8075,8061,8081,-1,8081,8061,8147,-1,8081,8147,8083,-1,8083,8147,8145,-1,8083,8145,8085,-1,8085,8145,8143,-1,8085,8143,8087,-1,8087,8143,8141,-1,8087,8141,8089,-1,8089,8141,8139,-1,8089,8139,8091,-1,8091,8139,8045,-1,8091,8045,8093,-1,8093,8045,8050,-1,8093,8050,8095,-1,8095,8050,8120,-1,8095,8120,8097,-1,8097,8120,8126,-1,8097,8126,8099,-1,8099,8126,8124,-1,8099,8124,8101,-1,8101,8124,8122,-1,8101,8122,8103,-1,8103,8122,8119,-1,8103,8119,8105,-1,8105,8119,5239,-1,8105,5239,8111,-1,8111,5239,4952,-1,4950,4925,8109,-1,8109,4925,8108,-1,8106,8108,4926,-1,4926,8108,4925,-1,4928,4955,8114,-1,8114,4955,8112,-1,4953,4950,8110,-1,8110,4950,8109,-1,8072,8074,8062,-1,8062,8074,8060,-1,8064,8066,8071,-1,8071,8066,8070,-1,8056,8058,8078,-1,8078,8058,8076,-1,8076,8058,8074,-1,8074,8058,8060,-1,8065,8063,8068,-1,8068,8063,8073,-1,8057,8067,8079,-1,8079,8067,8069,-1,8107,8115,4927,-1,4927,8115,4929,-1,8113,8111,4954,-1,4954,8111,4952,-1,4926,4928,8106,-1,8106,4928,8114,-1,4955,4953,8112,-1,8112,4953,8110,-1,8071,8072,8064,-1,8064,8072,8062,-1,8078,8070,8056,-1,8056,8070,8066,-1,8149,8150,8151,-1,8116,8055,8151,-1,8151,8055,8152,-1,8151,8152,8153,-1,8153,8154,8151,-1,8151,8154,8155,-1,8151,8155,8149,-1,8156,8157,8158,-1,8158,8157,8159,-1,8158,8159,8160,-1,8160,8159,8161,-1,8160,8161,8162,-1,8162,8161,8163,-1,8162,8163,8164,-1,8164,8163,8165,-1,8164,8165,8166,-1,8166,8165,8167,-1,8166,8167,8168,-1,8168,8167,8135,-1,8168,8135,8169,-1,8135,8134,8169,-1,8169,8134,8132,-1,8169,8132,8170,-1,8170,8132,8131,-1,8170,8131,8171,-1,8171,8131,8138,-1,8171,8138,8172,-1,8172,8138,8137,-1,8172,8137,8173,-1,8173,8137,8136,-1,8173,8136,8174,-1,8174,8136,8130,-1,8174,8130,8175,-1,8175,8130,8129,-1,8175,8129,8176,-1,8176,8129,8128,-1,8176,8128,8177,-1,8177,8128,8116,-1,8177,8116,8178,-1,8116,8151,8178,-1,8178,8151,8150,-1,8178,8150,8179,-1,8179,8150,8149,-1,8179,8149,8180,-1,8180,8149,8155,-1,8180,8155,8181,-1,8181,8155,8154,-1,8181,8154,8182,-1,8182,8154,8153,-1,8182,8153,8183,-1,8183,8153,8152,-1,8183,8152,8184,-1,8184,8152,8055,-1,8184,8055,8185,-1,8055,8054,8185,-1,8185,8054,8053,-1,8185,8053,8186,-1,8186,8053,8052,-1,8186,8052,8187,-1,8187,8052,8051,-1,8187,8051,8188,-1,8188,8051,8049,-1,8188,8049,8189,-1,8189,8049,8048,-1,8189,8048,8190,-1,8190,8048,8047,-1,8190,8047,8191,-1,8191,8047,8046,-1,8191,8046,8192,-1,8192,8046,8044,-1,8192,8044,8193,-1,8193,8044,8043,-1,8193,8043,8156,-1,8156,8043,8194,-1,8156,8194,8157,-1,5624,8195,8196,-1,8173,8174,5648,-1,5646,8169,5623,-1,5623,8169,8170,-1,5623,8170,5647,-1,5647,8170,8171,-1,5647,8171,5648,-1,5648,8171,8172,-1,5648,8172,8173,-1,8196,5648,5624,-1,5624,5648,8174,-1,5624,8174,5625,-1,5625,8174,8175,-1,5625,8175,5626,-1,5636,8189,5637,-1,5637,8189,8190,-1,5637,8190,5639,-1,5639,8190,8191,-1,5639,8191,5638,-1,5638,8191,8192,-1,5638,8192,5640,-1,5640,8192,8193,-1,5640,8193,5641,-1,8193,8156,5641,-1,5641,8156,8158,-1,5641,8158,5642,-1,5642,8158,8160,-1,5642,8160,5643,-1,5643,8160,8162,-1,5643,8162,5644,-1,5644,8162,8164,-1,5644,8164,5645,-1,5645,8164,8166,-1,5645,8166,5646,-1,5646,8166,8168,-1,5646,8168,8169,-1,5631,8183,5632,-1,5632,8183,8184,-1,5632,8184,5633,-1,5633,8184,8185,-1,5633,8185,5634,-1,5634,8185,8186,-1,5634,8186,5635,-1,5635,8186,8187,-1,5635,8187,5636,-1,5636,8187,8188,-1,5636,8188,8189,-1,8175,8176,5626,-1,5626,8176,8177,-1,5626,8177,5627,-1,5627,8177,8178,-1,5627,8178,5629,-1,5629,8178,8179,-1,5629,8179,5628,-1,5628,8179,8180,-1,5628,8180,5630,-1,5630,8180,8181,-1,5630,8181,5631,-1,5631,8181,8182,-1,5631,8182,8183,-1,8043,8135,8167,-1,8165,8163,8161,-1,8161,8159,8165,-1,8165,8159,8157,-1,8165,8157,8167,-1,8167,8157,8194,-1,8167,8194,8043,-1,8197,6392,8198,-1,8198,6392,6391,-1,8198,6391,8199,-1,8199,6391,6390,-1,8199,6390,8200,-1,8200,6390,6388,-1,8200,6388,8201,-1,8201,6388,6387,-1,8201,6387,8202,-1,8202,6387,6386,-1,8202,6386,8203,-1,8203,6386,6385,-1,8203,6385,8204,-1,8204,6385,6384,-1,8204,6384,8205,-1,8205,6384,6383,-1,8205,6383,8206,-1,8206,6383,6382,-1,8206,6382,8207,-1,8207,6382,6381,-1,8207,6381,8208,-1,8208,6381,6380,-1,8208,6380,8209,-1,8209,6380,6379,-1,8209,6379,8210,-1,8210,6379,6378,-1,8210,6378,8211,-1,8211,6378,6373,-1,8211,6373,8212,-1,8212,6373,6372,-1,8212,6372,8213,-1,8213,6372,6371,-1,8213,6371,8214,-1,8214,6371,6369,-1,8214,6369,8215,-1,8215,6369,6368,-1,8215,6368,8216,-1,8216,6368,6377,-1,8216,6377,8217,-1,8217,6377,6376,-1,8217,6376,8218,-1,8218,6376,6375,-1,8218,6375,8219,-1,8219,6375,6374,-1,8219,6374,8220,-1,8220,6374,6370,-1,8220,6370,8197,-1,8197,6370,6392,-1,8221,8220,8197,-1,8221,8222,8220,-1,8220,8222,8223,-1,8220,8223,8219,-1,8223,8224,8219,-1,8219,8224,8225,-1,8219,8225,8218,-1,8226,8227,8216,-1,8216,8227,8215,-1,8228,8229,8214,-1,8214,8229,8213,-1,8230,8231,8207,-1,8207,8231,8232,-1,8207,8232,8206,-1,8225,8233,8218,-1,8218,8233,8234,-1,8218,8234,8217,-1,8227,8235,8215,-1,8215,8235,8236,-1,8215,8236,8214,-1,8214,8236,8237,-1,8214,8237,8228,-1,8229,8238,8213,-1,8213,8238,8239,-1,8213,8239,8212,-1,8198,8240,8197,-1,8197,8240,8241,-1,8197,8241,8221,-1,8234,8242,8217,-1,8217,8242,8243,-1,8217,8243,8216,-1,8216,8243,8244,-1,8216,8244,8226,-1,8245,8246,8204,-1,8204,8246,8203,-1,8247,8248,8202,-1,8202,8248,8201,-1,8249,8250,8210,-1,8210,8250,8209,-1,8232,8251,8206,-1,8206,8251,8252,-1,8206,8252,8205,-1,8252,8253,8205,-1,8205,8253,8254,-1,8205,8254,8204,-1,8204,8254,8255,-1,8204,8255,8245,-1,8248,8256,8201,-1,8201,8256,8257,-1,8201,8257,8200,-1,8250,8258,8209,-1,8209,8258,8259,-1,8209,8259,8208,-1,8246,8260,8203,-1,8203,8260,8261,-1,8203,8261,8202,-1,8202,8261,8262,-1,8202,8262,8247,-1,8257,8263,8200,-1,8200,8263,8264,-1,8200,8264,8199,-1,8264,8265,8199,-1,8199,8265,8266,-1,8199,8266,8198,-1,8198,8266,8267,-1,8198,8267,8240,-1,8268,8211,8269,-1,8269,8211,8212,-1,8269,8212,8270,-1,8270,8212,8239,-1,8259,8271,8208,-1,8208,8271,8272,-1,8208,8272,8207,-1,8207,8272,8273,-1,8207,8273,8230,-1,8268,8274,8211,-1,8211,8274,8275,-1,8211,8275,8210,-1,8210,8275,8276,-1,8210,8276,8249,-1,6398,6399,7092,-1,7092,6399,5241,-1,7092,5241,5240,-1,5404,5648,8196,-1,7466,7539,8196,-1,7096,7100,5404,-1,5404,7100,7792,-1,5404,7792,5405,-1,7820,6320,6319,-1,6539,6634,7430,-1,7212,7794,6404,-1,6404,7794,7820,-1,6404,7820,6394,-1,6394,7820,6319,-1,6519,7138,8196,-1,8196,7138,7212,-1,8196,7212,5404,-1,5404,7212,6404,-1,5404,6404,7096,-1,6884,6979,7757,-1,7430,6634,8196,-1,6317,6318,7863,-1,7863,6318,6424,-1,7863,6424,6519,-1,5526,5525,6367,-1,6367,5525,7033,-1,7575,7648,8196,-1,7466,8196,6864,-1,6864,8196,7648,-1,6864,7648,6769,-1,7947,6049,6050,-1,7539,6749,8196,-1,8196,6749,7357,-1,8196,7357,7430,-1,6634,7248,8196,-1,8196,7248,7321,-1,8196,7321,6519,-1,6519,7321,7827,-1,6519,7827,7863,-1,7033,7683,6367,-1,6367,7683,7757,-1,6367,7757,8196,-1,8196,7757,6979,-1,8196,6979,7575,-1,5915,5916,7989,-1,7989,5916,6769,-1,7989,6769,7953,-1,7953,6769,7648,-1,7539,7911,6749,-1,6749,7911,7947,-1,6749,7947,6654,-1,6654,7947,6050,-1,6183,6184,7905,-1,7905,6184,6539,-1,7905,6539,7869,-1,7869,6539,7430,-1,5781,5782,8031,-1,8031,5782,6884,-1,8031,6884,7995,-1,7995,6884,7757,-1,8195,6389,8196,-1,8196,6389,6367,-1,5249,7139,5250,-1,5250,7139,7104,-1,5250,7104,6421,-1,7829,7249,6421,-1,6421,7249,6389,-1,6421,6389,5250,-1,5250,6389,8195,-1,5250,8195,5624,-1,6540,6052,6051,-1,7249,7215,6389,-1,6389,7215,6536,-1,6389,6536,7358,-1,7358,7324,6389,-1,6389,7324,6651,-1,6389,6651,7467,-1,7777,7758,6389,-1,6389,7758,7087,-1,6389,7087,5522,-1,5522,7087,7085,-1,5522,7085,5523,-1,6186,6185,6425,-1,6425,6185,7829,-1,6425,7829,6420,-1,6420,7829,6421,-1,6536,6535,7358,-1,7358,6535,6540,-1,7358,6540,7871,-1,7871,6540,6051,-1,6655,5918,5917,-1,7467,7433,6389,-1,6389,7433,6766,-1,6389,6766,7576,-1,6347,6346,7034,-1,7034,6346,8040,-1,7034,8040,6998,-1,6998,8040,6999,-1,6651,6650,7467,-1,7467,6650,6655,-1,7467,6655,7913,-1,7913,6655,5917,-1,6770,5784,5783,-1,7576,7542,6389,-1,6389,7542,6881,-1,6389,6881,7685,-1,6885,5650,5649,-1,8040,7777,6999,-1,6999,7777,6389,-1,6999,6389,7650,-1,7650,6389,7685,-1,6766,6765,7576,-1,7576,6765,6770,-1,7576,6770,7955,-1,7955,6770,5783,-1,6881,6880,7685,-1,7685,6880,6885,-1,7685,6885,7997,-1,7997,6885,5649,-1,8277,8278,8279,-1,8280,8281,8282,-1,8283,8284,8285,-1,8286,8287,8288,-1,8289,8290,8291,-1,8292,8293,8294,-1,8295,8296,8297,-1,8298,8299,8300,-1,8301,8302,8303,-1,8304,8305,8306,-1,8307,8308,8309,-1,8310,8311,8312,-1,8313,8314,8315,-1,8316,8317,8318,-1,8319,8320,8321,-1,8322,8323,8324,-1,8325,8326,8327,-1,8328,8329,8330,-1,8331,8332,8333,-1,8334,8335,8336,-1,8337,8338,8339,-1,8340,8341,8342,-1,8343,8344,8345,-1,8346,8347,8348,-1,8348,8347,8349,-1,8350,8349,8347,-1,8350,8347,8351,-1,8351,8347,8346,-1,8351,8346,8352,-1,8353,8349,8350,-1,8353,8350,8354,-1,8354,8350,8351,-1,8354,8351,8355,-1,8355,8351,8352,-1,8355,8352,8356,-1,8344,8357,8345,-1,8345,8357,8358,-1,8345,8358,8359,-1,8359,8358,8360,-1,8359,8360,8361,-1,8361,8360,8362,-1,8361,8362,8363,-1,8341,8343,8342,-1,8342,8343,8345,-1,8342,8345,8364,-1,8364,8345,8359,-1,8364,8359,8365,-1,8365,8359,8361,-1,8365,8361,8366,-1,8366,8361,8363,-1,8366,8363,8367,-1,8338,8340,8339,-1,8339,8340,8342,-1,8339,8342,8368,-1,8368,8342,8364,-1,8368,8364,8369,-1,8369,8364,8365,-1,8369,8365,8370,-1,8370,8365,8366,-1,8370,8366,8371,-1,8371,8366,8367,-1,8371,8367,8372,-1,8335,8337,8336,-1,8336,8337,8339,-1,8336,8339,8373,-1,8373,8339,8368,-1,8373,8368,8374,-1,8374,8368,8369,-1,8374,8369,8375,-1,8375,8369,8370,-1,8375,8370,8376,-1,8376,8370,8371,-1,8376,8371,8377,-1,8377,8371,8372,-1,8377,8372,8378,-1,8379,8334,8380,-1,8380,8334,8336,-1,8380,8336,8381,-1,8381,8336,8373,-1,8381,8373,8382,-1,8382,8373,8374,-1,8382,8374,8383,-1,8383,8374,8375,-1,8383,8375,8384,-1,8384,8375,8376,-1,8384,8376,8385,-1,8385,8376,8377,-1,8385,8377,8386,-1,8386,8377,8378,-1,8332,8379,8333,-1,8333,8379,8380,-1,8333,8380,8387,-1,8387,8380,8381,-1,8387,8381,8388,-1,8388,8381,8382,-1,8388,8382,8389,-1,8389,8382,8383,-1,8389,8383,8390,-1,8390,8383,8384,-1,8390,8384,8391,-1,8391,8384,8385,-1,8391,8385,8392,-1,8392,8385,8386,-1,8392,8386,8349,-1,8378,8349,8386,-1,8362,8356,8363,-1,8363,8356,8352,-1,8363,8352,8367,-1,8367,8352,8346,-1,8367,8346,8372,-1,8372,8346,8348,-1,8372,8348,8378,-1,8378,8348,8349,-1,8329,8331,8330,-1,8330,8331,8333,-1,8330,8333,8393,-1,8393,8333,8387,-1,8393,8387,8394,-1,8394,8387,8388,-1,8394,8388,8395,-1,8395,8388,8389,-1,8395,8389,8396,-1,8396,8389,8390,-1,8396,8390,8397,-1,8397,8390,8391,-1,8397,8391,8398,-1,8398,8391,8392,-1,8398,8392,8349,-1,8326,8328,8327,-1,8327,8328,8330,-1,8327,8330,8399,-1,8399,8330,8393,-1,8399,8393,8400,-1,8400,8393,8394,-1,8400,8394,8401,-1,8401,8394,8395,-1,8401,8395,8402,-1,8402,8395,8396,-1,8402,8396,8403,-1,8403,8396,8397,-1,8403,8397,8404,-1,8404,8397,8398,-1,8404,8398,8349,-1,8323,8325,8324,-1,8324,8325,8327,-1,8324,8327,8405,-1,8405,8327,8399,-1,8405,8399,8406,-1,8406,8399,8400,-1,8406,8400,8407,-1,8407,8400,8401,-1,8407,8401,8408,-1,8408,8401,8402,-1,8408,8402,8409,-1,8409,8402,8403,-1,8409,8403,8410,-1,8410,8403,8404,-1,8410,8404,8349,-1,8320,8322,8321,-1,8321,8322,8324,-1,8321,8324,8411,-1,8411,8324,8405,-1,8411,8405,8412,-1,8412,8405,8406,-1,8412,8406,8413,-1,8413,8406,8407,-1,8413,8407,8414,-1,8414,8407,8408,-1,8414,8408,8415,-1,8415,8408,8409,-1,8415,8409,8416,-1,8416,8409,8410,-1,8416,8410,8349,-1,8417,8319,8418,-1,8418,8319,8321,-1,8418,8321,8419,-1,8419,8321,8411,-1,8419,8411,8420,-1,8420,8411,8412,-1,8420,8412,8421,-1,8421,8412,8413,-1,8421,8413,8422,-1,8422,8413,8414,-1,8422,8414,8423,-1,8423,8414,8415,-1,8423,8415,8424,-1,8424,8415,8416,-1,8424,8416,8349,-1,8317,8417,8318,-1,8318,8417,8418,-1,8318,8418,8425,-1,8425,8418,8419,-1,8425,8419,8426,-1,8426,8419,8420,-1,8426,8420,8427,-1,8427,8420,8421,-1,8427,8421,8428,-1,8428,8421,8422,-1,8428,8422,8429,-1,8429,8422,8423,-1,8429,8423,8430,-1,8430,8423,8424,-1,8430,8424,8349,-1,8314,8316,8315,-1,8315,8316,8318,-1,8315,8318,8431,-1,8431,8318,8425,-1,8431,8425,8432,-1,8432,8425,8426,-1,8432,8426,8433,-1,8433,8426,8427,-1,8433,8427,8434,-1,8434,8427,8428,-1,8434,8428,8435,-1,8435,8428,8429,-1,8435,8429,8436,-1,8436,8429,8430,-1,8436,8430,8349,-1,8311,8313,8312,-1,8312,8313,8315,-1,8312,8315,8437,-1,8437,8315,8431,-1,8437,8431,8438,-1,8438,8431,8432,-1,8438,8432,8439,-1,8439,8432,8433,-1,8439,8433,8440,-1,8440,8433,8434,-1,8440,8434,8441,-1,8441,8434,8435,-1,8441,8435,8442,-1,8442,8435,8436,-1,8442,8436,8349,-1,8308,8310,8309,-1,8309,8310,8312,-1,8309,8312,8443,-1,8443,8312,8437,-1,8443,8437,8444,-1,8444,8437,8438,-1,8444,8438,8445,-1,8445,8438,8439,-1,8445,8439,8446,-1,8446,8439,8440,-1,8446,8440,8447,-1,8447,8440,8441,-1,8447,8441,8448,-1,8448,8441,8442,-1,8448,8442,8349,-1,8305,8307,8306,-1,8306,8307,8309,-1,8306,8309,8449,-1,8449,8309,8443,-1,8449,8443,8450,-1,8450,8443,8444,-1,8450,8444,8451,-1,8451,8444,8445,-1,8451,8445,8452,-1,8452,8445,8446,-1,8452,8446,8453,-1,8453,8446,8447,-1,8453,8447,8454,-1,8454,8447,8448,-1,8454,8448,8349,-1,8455,8304,8456,-1,8456,8304,8306,-1,8456,8306,8457,-1,8457,8306,8449,-1,8457,8449,8458,-1,8458,8449,8450,-1,8458,8450,8459,-1,8459,8450,8451,-1,8459,8451,8460,-1,8460,8451,8452,-1,8460,8452,8461,-1,8461,8452,8453,-1,8461,8453,8462,-1,8462,8453,8454,-1,8462,8454,8349,-1,8302,8455,8303,-1,8303,8455,8456,-1,8303,8456,8463,-1,8463,8456,8457,-1,8463,8457,8464,-1,8464,8457,8458,-1,8464,8458,8465,-1,8465,8458,8459,-1,8465,8459,8466,-1,8466,8459,8460,-1,8466,8460,8467,-1,8467,8460,8461,-1,8467,8461,8468,-1,8468,8461,8462,-1,8468,8462,8349,-1,8299,8301,8300,-1,8300,8301,8303,-1,8300,8303,8469,-1,8469,8303,8463,-1,8469,8463,8470,-1,8470,8463,8464,-1,8470,8464,8471,-1,8471,8464,8465,-1,8471,8465,8472,-1,8472,8465,8466,-1,8472,8466,8473,-1,8473,8466,8467,-1,8473,8467,8474,-1,8474,8467,8468,-1,8474,8468,8349,-1,8296,8298,8297,-1,8297,8298,8300,-1,8297,8300,8475,-1,8475,8300,8469,-1,8475,8469,8476,-1,8476,8469,8470,-1,8476,8470,8477,-1,8477,8470,8471,-1,8477,8471,8478,-1,8478,8471,8472,-1,8478,8472,8479,-1,8479,8472,8473,-1,8479,8473,8480,-1,8480,8473,8474,-1,8480,8474,8349,-1,8293,8295,8294,-1,8294,8295,8297,-1,8294,8297,8481,-1,8481,8297,8475,-1,8481,8475,8482,-1,8482,8475,8476,-1,8482,8476,8483,-1,8483,8476,8477,-1,8483,8477,8484,-1,8484,8477,8478,-1,8484,8478,8485,-1,8485,8478,8479,-1,8485,8479,8486,-1,8486,8479,8480,-1,8486,8480,8349,-1,8290,8292,8291,-1,8291,8292,8294,-1,8291,8294,8487,-1,8487,8294,8481,-1,8487,8481,8488,-1,8488,8481,8482,-1,8488,8482,8489,-1,8489,8482,8483,-1,8489,8483,8490,-1,8490,8483,8484,-1,8490,8484,8491,-1,8491,8484,8485,-1,8491,8485,8492,-1,8492,8485,8486,-1,8492,8486,8349,-1,8493,8289,8494,-1,8494,8289,8291,-1,8494,8291,8495,-1,8495,8291,8487,-1,8495,8487,8496,-1,8496,8487,8488,-1,8496,8488,8497,-1,8497,8488,8489,-1,8497,8489,8498,-1,8498,8489,8490,-1,8498,8490,8499,-1,8499,8490,8491,-1,8499,8491,8500,-1,8500,8491,8492,-1,8500,8492,8349,-1,8287,8493,8288,-1,8288,8493,8494,-1,8288,8494,8501,-1,8501,8494,8495,-1,8501,8495,8502,-1,8502,8495,8496,-1,8502,8496,8503,-1,8503,8496,8497,-1,8503,8497,8504,-1,8504,8497,8498,-1,8504,8498,8505,-1,8505,8498,8499,-1,8505,8499,8506,-1,8506,8499,8500,-1,8506,8500,8349,-1,8284,8286,8285,-1,8285,8286,8288,-1,8285,8288,8507,-1,8507,8288,8501,-1,8507,8501,8508,-1,8508,8501,8502,-1,8508,8502,8509,-1,8509,8502,8503,-1,8509,8503,8510,-1,8510,8503,8504,-1,8510,8504,8511,-1,8511,8504,8505,-1,8511,8505,8512,-1,8512,8505,8506,-1,8512,8506,8349,-1,8281,8283,8282,-1,8282,8283,8285,-1,8282,8285,8513,-1,8513,8285,8507,-1,8513,8507,8514,-1,8514,8507,8508,-1,8514,8508,8515,-1,8515,8508,8509,-1,8515,8509,8516,-1,8516,8509,8510,-1,8516,8510,8517,-1,8517,8510,8511,-1,8517,8511,8518,-1,8518,8511,8512,-1,8518,8512,8349,-1,8278,8280,8279,-1,8279,8280,8282,-1,8279,8282,8519,-1,8519,8282,8513,-1,8519,8513,8520,-1,8520,8513,8514,-1,8520,8514,8521,-1,8521,8514,8515,-1,8521,8515,8522,-1,8522,8515,8516,-1,8522,8516,8523,-1,8523,8516,8517,-1,8523,8517,8524,-1,8524,8517,8518,-1,8524,8518,8349,-1,8525,8277,8526,-1,8526,8277,8279,-1,8526,8279,8527,-1,8527,8279,8519,-1,8527,8519,8528,-1,8528,8519,8520,-1,8528,8520,8529,-1,8529,8520,8521,-1,8529,8521,8530,-1,8530,8521,8522,-1,8530,8522,8531,-1,8531,8522,8523,-1,8531,8523,8532,-1,8532,8523,8524,-1,8532,8524,8349,-1,8357,8525,8358,-1,8358,8525,8526,-1,8358,8526,8360,-1,8360,8526,8527,-1,8360,8527,8362,-1,8362,8527,8528,-1,8362,8528,8356,-1,8356,8528,8529,-1,8356,8529,8355,-1,8355,8529,8530,-1,8355,8530,8354,-1,8354,8530,8531,-1,8354,8531,8353,-1,8353,8531,8532,-1,8353,8532,8349,-1,8533,8534,8535,-1,8261,8536,8262,-1,8273,8537,8230,-1,8271,8259,8535,-1,8223,8222,8538,-1,8538,8222,8539,-1,8223,8538,8224,-1,8224,8538,8540,-1,8224,8540,8225,-1,8225,8540,8233,-1,8233,8540,8541,-1,8233,8541,8234,-1,8227,8226,8542,-1,8542,8226,8244,-1,8542,8244,8543,-1,8543,8244,8243,-1,8543,8243,8541,-1,8541,8243,8242,-1,8541,8242,8234,-1,8544,8235,8227,-1,8544,8227,8545,-1,8235,8544,8236,-1,8236,8544,8546,-1,8236,8546,8237,-1,8237,8546,8228,-1,8228,8546,8547,-1,8228,8547,8229,-1,8548,8270,8549,-1,8549,8270,8239,-1,8549,8239,8547,-1,8547,8239,8238,-1,8547,8238,8229,-1,8275,8274,8550,-1,8550,8274,8268,-1,8550,8268,8548,-1,8548,8268,8269,-1,8548,8269,8270,-1,8275,8551,8552,-1,8258,8250,8553,-1,8553,8250,8249,-1,8553,8249,8552,-1,8552,8249,8276,-1,8552,8276,8275,-1,8230,8537,8231,-1,8231,8537,8554,-1,8231,8554,8232,-1,8232,8554,8251,-1,8251,8554,8555,-1,8251,8555,8252,-1,8252,8555,8253,-1,8253,8555,8556,-1,8253,8556,8254,-1,8254,8556,8255,-1,8255,8556,8557,-1,8255,8557,8245,-1,8245,8557,8558,-1,8245,8558,8246,-1,8559,8256,8560,-1,8560,8256,8248,-1,8560,8248,8536,-1,8536,8248,8247,-1,8536,8247,8262,-1,8561,8263,8559,-1,8559,8263,8257,-1,8559,8257,8256,-1,8562,8265,8561,-1,8561,8265,8264,-1,8561,8264,8263,-1,8222,8221,8539,-1,8539,8221,8241,-1,8539,8241,8563,-1,8563,8241,8240,-1,8563,8240,8564,-1,8564,8240,8267,-1,8564,8267,8562,-1,8562,8267,8266,-1,8562,8266,8265,-1,8565,8566,8567,-1,8567,8568,8565,-1,8565,8568,8569,-1,8565,8569,8570,-1,8569,8571,8570,-1,8570,8571,8572,-1,8570,8572,8573,-1,8572,8574,8573,-1,8573,8574,8575,-1,8573,8575,8576,-1,8576,8575,8577,-1,8576,8577,8578,-1,8577,8579,8578,-1,8578,8579,8580,-1,8578,8580,8581,-1,8580,8582,8581,-1,8581,8582,8583,-1,8581,8583,8584,-1,8583,8585,8584,-1,8584,8585,8586,-1,8584,8586,8587,-1,8586,8588,8587,-1,8587,8588,8589,-1,8587,8589,8590,-1,8589,8591,8590,-1,8590,8591,8592,-1,8590,8592,8551,-1,8551,8592,8593,-1,8551,8593,8552,-1,8594,8553,8595,-1,8595,8553,8552,-1,8595,8552,8596,-1,8596,8552,8593,-1,8594,8533,8553,-1,8553,8533,8535,-1,8553,8535,8258,-1,8258,8535,8259,-1,8534,8597,8535,-1,8535,8597,8598,-1,8535,8598,8271,-1,8597,8599,8598,-1,8598,8599,8600,-1,8598,8600,8601,-1,8600,8602,8601,-1,8601,8602,8603,-1,8601,8603,8604,-1,8604,8603,8605,-1,8604,8605,8606,-1,8605,8607,8606,-1,8606,8607,8608,-1,8606,8608,8609,-1,8608,8610,8609,-1,8609,8610,8611,-1,8609,8611,8612,-1,8611,8613,8612,-1,8612,8613,8614,-1,8612,8614,8615,-1,8614,8616,8615,-1,8615,8616,8617,-1,8615,8617,8618,-1,8617,8619,8618,-1,8618,8619,8620,-1,8618,8620,8621,-1,8621,8620,8622,-1,8621,8622,8623,-1,8622,8624,8623,-1,8623,8624,8625,-1,8623,8625,8626,-1,8625,8627,8626,-1,8626,8627,8628,-1,8626,8628,8629,-1,8628,8630,8629,-1,8629,8630,8631,-1,8629,8631,8632,-1,8631,8633,8632,-1,8632,8633,8634,-1,8632,8634,8635,-1,8635,8634,8636,-1,8635,8636,8637,-1,8637,8636,8638,-1,8637,8638,8566,-1,8566,8638,8639,-1,8566,8639,8567,-1,8275,8550,8551,-1,8551,8550,8548,-1,8551,8548,8590,-1,8590,8548,8549,-1,8590,8549,8587,-1,8587,8549,8547,-1,8587,8547,8584,-1,8584,8547,8546,-1,8584,8546,8581,-1,8581,8546,8544,-1,8581,8544,8578,-1,8578,8544,8545,-1,8578,8545,8576,-1,8576,8545,8640,-1,8576,8640,8573,-1,8573,8640,8641,-1,8573,8641,8570,-1,8570,8641,8642,-1,8570,8642,8565,-1,8565,8642,8643,-1,8565,8643,8566,-1,8566,8643,8644,-1,8566,8644,8637,-1,8637,8644,8645,-1,8637,8645,8635,-1,8635,8645,8646,-1,8635,8646,8632,-1,8632,8646,8647,-1,8632,8647,8629,-1,8629,8647,8648,-1,8629,8648,8626,-1,8626,8648,8649,-1,8626,8649,8623,-1,8623,8649,8650,-1,8623,8650,8621,-1,8621,8650,8651,-1,8621,8651,8618,-1,8618,8651,8558,-1,8618,8558,8615,-1,8615,8558,8557,-1,8615,8557,8612,-1,8612,8557,8556,-1,8612,8556,8609,-1,8609,8556,8555,-1,8609,8555,8606,-1,8606,8555,8554,-1,8606,8554,8604,-1,8604,8554,8537,-1,8604,8537,8601,-1,8601,8537,8273,-1,8601,8273,8598,-1,8598,8273,8272,-1,8598,8272,8271,-1,8227,8542,8545,-1,8545,8542,8543,-1,8545,8543,8640,-1,8640,8543,8541,-1,8640,8541,8641,-1,8641,8541,8540,-1,8641,8540,8642,-1,8642,8540,8538,-1,8642,8538,8643,-1,8643,8538,8539,-1,8643,8539,8644,-1,8644,8539,8563,-1,8644,8563,8645,-1,8645,8563,8564,-1,8645,8564,8646,-1,8646,8564,8562,-1,8646,8562,8647,-1,8647,8562,8561,-1,8647,8561,8648,-1,8648,8561,8559,-1,8648,8559,8649,-1,8649,8559,8560,-1,8649,8560,8650,-1,8650,8560,8536,-1,8650,8536,8651,-1,8651,8536,8261,-1,8651,8261,8558,-1,8558,8261,8260,-1,8558,8260,8246,-1,8602,8600,8340,-1,8568,8567,8304,-1,8304,8567,8639,-1,8304,8639,8305,-1,8305,8639,8638,-1,8304,8455,8568,-1,8568,8455,8302,-1,8568,8302,8569,-1,8569,8302,8301,-1,8569,8301,8571,-1,8571,8301,8299,-1,8571,8299,8572,-1,8572,8299,8298,-1,8572,8298,8574,-1,8574,8298,8575,-1,8575,8298,8296,-1,8575,8296,8577,-1,8577,8296,8295,-1,8577,8295,8579,-1,8579,8295,8293,-1,8579,8293,8580,-1,8585,8583,8289,-1,8289,8583,8582,-1,8289,8582,8290,-1,8290,8582,8580,-1,8290,8580,8292,-1,8292,8580,8293,-1,8289,8493,8585,-1,8585,8493,8287,-1,8585,8287,8586,-1,8586,8287,8286,-1,8586,8286,8588,-1,8588,8286,8284,-1,8588,8284,8589,-1,8589,8284,8283,-1,8589,8283,8591,-1,8591,8283,8592,-1,8592,8283,8281,-1,8592,8281,8593,-1,8593,8281,8280,-1,8593,8280,8596,-1,8596,8280,8278,-1,8596,8278,8595,-1,8357,8594,8525,-1,8525,8594,8595,-1,8525,8595,8277,-1,8277,8595,8278,-1,8340,8600,8341,-1,8341,8600,8599,-1,8341,8599,8343,-1,8343,8599,8597,-1,8343,8597,8344,-1,8344,8597,8534,-1,8344,8534,8357,-1,8357,8534,8533,-1,8357,8533,8594,-1,8602,8340,8603,-1,8603,8340,8338,-1,8603,8338,8605,-1,8338,8337,8605,-1,8605,8337,8335,-1,8605,8335,8607,-1,8607,8335,8334,-1,8607,8334,8608,-1,8608,8334,8379,-1,8608,8379,8610,-1,8610,8379,8332,-1,8610,8332,8611,-1,8611,8332,8331,-1,8611,8331,8613,-1,8613,8331,8329,-1,8613,8329,8614,-1,8614,8329,8328,-1,8614,8328,8616,-1,8616,8328,8326,-1,8616,8326,8617,-1,8617,8326,8325,-1,8617,8325,8619,-1,8619,8325,8620,-1,8620,8325,8323,-1,8620,8323,8622,-1,8323,8322,8622,-1,8622,8322,8320,-1,8622,8320,8624,-1,8624,8320,8319,-1,8624,8319,8625,-1,8625,8319,8417,-1,8625,8417,8627,-1,8627,8417,8317,-1,8627,8317,8628,-1,8628,8317,8316,-1,8628,8316,8630,-1,8630,8316,8314,-1,8630,8314,8631,-1,8631,8314,8313,-1,8631,8313,8633,-1,8633,8313,8311,-1,8633,8311,8634,-1,8634,8311,8310,-1,8634,8310,8636,-1,8636,8310,8308,-1,8636,8308,8638,-1,8638,8308,8307,-1,8638,8307,8305,-1,
        ]
    }
}
Shape{
    appearance Appearance {
        material  Material 	{
            diffuseColor 0.0 0.0 0.0
            specularColor 0.0 0.0 0.0
            ambientIntensity 0.0
            transparency 0.0
            shininess 0.5
        }
    }
    geometry IndexedFaceSet {
        ccw TRUE
        solid FALSE
        coord DEF co Coordinate {
            point [
                -0.0587 1.0237 2.1603, -0.0586 1.0237 2.1512, -0.0587 1.0236 2.1603, -0.0586 1.0236 2.1512, -0.0268 1.0237 2.1605, -0.0268 1.0236 2.1605, -0.0273 1.0236 2.2315, -0.0273 1.0237 2.2315, -0.0273 1.0236 2.2311, -0.017 1.0237 2.2315, -0.017 1.0236 2.2315, -0.0164 1.0236 2.1515, -0.0164 1.0237 2.1515, -0.017 1.0236 2.2311, -0.1219 1.0236 2.154, -0.1219 1.0237 2.154, -0.1184 1.0236 2.1528, -0.1129 1.0237 2.1508, -0.1129 1.0236 2.1508, -0.0997 1.0237 2.1495, -0.0997 1.0236 2.1495, -0.122 1.0237 2.164, -0.122 1.0236 2.164, -0.1184 1.0236 2.1624, -0.1137 1.0237 2.1604, -0.1137 1.0236 2.1604, -0.1046 1.0236 2.1588, -0.1046 1.0237 2.1588, -0.1012 1.0236 2.1587, -0.1012 1.0237 2.1587, -0.0938 1.0236 2.1596, -0.0938 1.0237 2.1596, -0.088 1.0236 2.1618, -0.088 1.0237 2.1618, -0.0827 1.0236 2.1654, -0.0827 1.0237 2.1654, -0.0807 1.0236 2.1673, -0.0807 1.0237 2.1673, -0.0767 1.0236 2.1731, -0.0767 1.0237 2.1731, -0.0742 1.0236 2.1796, -0.0742 1.0237 2.1796, -0.073 1.0236 2.1895, -0.073 1.0237 2.1895, -0.073 1.0236 2.1902, -0.073 1.0237 2.1902, -0.0742 1.0236 2.2003, -0.0742 1.0237 2.2003, -0.0768 1.0236 2.2074, -0.0768 1.0237 2.2074, -0.0806 1.0236 2.2131, -0.0806 1.0237 2.2131, -0.0816 1.0236 2.2142, -0.0816 1.0237 2.2142, -0.0868 1.0236 2.2185, -0.0868 1.0237 2.2185, -0.093 1.0236 2.2214, -0.093 1.0237 2.2214, -0.1 1.0236 2.2228, -0.1 1.0237 2.2228, -0.1035 1.0236 2.223, -0.1035 1.0237 2.223, -0.1223 1.0236 2.2181, -0.1223 1.0237 2.2181, -0.1211 1.0237 2.2188, -0.1129 1.0236 2.2218, -0.1129 1.0237 2.2218, -0.1184 1.0236 2.2198, -0.1211 1.0236 2.2188, -0.1224 1.0237 2.2289, -0.1224 1.0236 2.2289, -0.1151 1.0236 2.2311, -0.1145 1.0237 2.2313, -0.1184 1.0236 2.2301, -0.1145 1.0236 2.2313, -0.1042 1.0236 2.2323, -0.1042 1.0237 2.2323, -0.1035 1.0236 2.2323, -0.1035 1.0237 2.2323, -0.092 1.0237 2.231, -0.0931 1.0236 2.2311, -0.092 1.0236 2.231, -0.0836 1.0236 2.2278, -0.0836 1.0237 2.2278, -0.0758 1.0236 2.2225, -0.0758 1.0237 2.2225, -0.074 1.0236 2.2207, -0.074 1.0237 2.2207, -0.0684 1.0236 2.2136, -0.0684 1.0237 2.2136, -0.0644 1.0236 2.2048, -0.0644 1.0237 2.2048, -0.0624 1.0236 2.1945, -0.0624 1.0237 2.1945, -0.0622 1.0236 2.1897, -0.0622 1.0237 2.1897, -0.0635 1.0236 2.1774, -0.0635 1.0237 2.1774, -0.0666 1.0236 2.1689, -0.0666 1.0237 2.1689, -0.0712 1.0236 2.1619, -0.0712 1.0237 2.1619, -0.0723 1.0236 2.1607, -0.0723 1.0237 2.1607, -0.0783 1.0236 2.1555, -0.0783 1.0237 2.1555, -0.0858 1.0236 2.1518, -0.0858 1.0237 2.1518, -0.0943 1.0236 2.1499, -0.0943 1.0237 2.1499, -0.181 1.0237 2.1594, -0.1809 1.0237 2.1503, -0.181 1.0236 2.1594, -0.1809 1.0236 2.1503, -0.1483 1.0236 2.1597, -0.1483 1.0237 2.1597, -0.1692 1.0236 2.1595, -0.1485 1.0237 2.1866, -0.1485 1.0236 2.1866, -0.1771 1.0236 2.1864, -0.1771 1.0237 2.1864, -0.1692 1.0236 2.1865, -0.1772 1.0237 2.1956, -0.1772 1.0236 2.1956, -0.1485 1.0236 2.1958, -0.1485 1.0237 2.1958, -0.1692 1.0236 2.1956, -0.1487 1.0237 2.2214, -0.1487 1.0236 2.2214, -0.1796 1.0236 2.2212, -0.1796 1.0237 2.2212, -0.1692 1.0236 2.2213, -0.1797 1.0237 2.2304, -0.1797 1.0236 2.2304, -0.1385 1.0236 2.2307, -0.1385 1.0237 2.2307, -0.1692 1.0236 2.2305, -0.1379 1.0237 2.1506, -0.1379 1.0236 2.1506, -0.1692 1.0236 2.1504, -0.2504 1.0237 2.186, -0.2612 1.0237 2.1851, -0.2507 1.0237 2.1906, -0.2616 1.0237 2.1908, -0.2498 1.0237 2.1998, -0.2603 1.0237 2.202, -0.2477 1.0237 2.2059, -0.2573 1.0237 2.2096, -0.2447 1.0237 2.2105, -0.2524 1.0237 2.2166, -0.2421 1.0237 2.2132, -0.2497 1.0237 2.2193, -0.2359 1.0237 2.2173, -0.241 1.0237 2.2253, -0.2289 1.0237 2.2198, -0.2313 1.0237 2.2288, -0.219 1.0237 2.2209, -0.2195 1.0237 2.2301, -0.2069 1.0237 2.221, -0.1966 1.0237 2.2303, -0.2065 1.0237 2.1593, -0.1961 1.0237 2.1502, -0.2181 1.0237 2.1592, -0.2181 1.0237 2.1501, -0.2283 1.0237 2.1602, -0.2306 1.0237 2.1513, -0.2352 1.0237 2.1626, -0.24 1.0237 2.1547, -0.2405 1.0237 2.166, -0.2478 1.0237 2.1598, -0.242 1.0237 2.1674, -0.2493 1.0237 2.161, -0.2462 1.0237 2.1726, -0.255 1.0237 2.1677, -0.2489 1.0237 2.1786, -0.2591 1.0237 2.1759, -0.2181 1.0236 2.1501, -0.1961 1.0236 2.1502, -0.2306 1.0236 2.1513, -0.24 1.0236 2.1547, -0.2478 1.0236 2.1598, -0.2493 1.0236 2.161, -0.255 1.0236 2.1677, -0.2591 1.0236 2.1759, -0.2612 1.0236 2.1851, -0.2616 1.0236 2.1908, -0.2603 1.0236 2.202, -0.2573 1.0236 2.2096, -0.2524 1.0236 2.2166, -0.2497 1.0236 2.2193, -0.241 1.0236 2.2253, -0.2313 1.0236 2.2288, -0.2195 1.0236 2.2301, -0.1966 1.0236 2.2303, -0.219 1.0236 2.2209, -0.2069 1.0236 2.221, -0.2065 1.0236 2.1593, -0.2181 1.0236 2.1592, -0.242 1.0236 2.1674, -0.2405 1.0236 2.166, -0.2352 1.0236 2.1626, -0.2283 1.0236 2.1602, -0.2507 1.0236 2.1906, -0.2504 1.0236 2.186, -0.2489 1.0236 2.1786, -0.2462 1.0236 2.1726, -0.2421 1.0236 2.2132, -0.2447 1.0236 2.2105, -0.2477 1.0236 2.2059, -0.2498 1.0236 2.1998, -0.2289 1.0236 2.2198, -0.2359 1.0236 2.2173
            ]
        }
        coordIndex [
            0,1,2,-1,2,1,3,-1,4,0,5,-1,5,0,2,-1,6,7,8,-1,8,7,4,-1,8,4,5,-1,9,7,10,-1,10,7,6,-1,11,12,13,-1,13,12,9,-1,13,9,10,-1,1,12,3,-1,3,12,11,-1,7,9,4,-1,4,9,12,-1,4,12,0,-1,0,12,1,-1,14,15,16,-1,16,15,17,-1,16,17,18,-1,18,17,19,-1,18,19,20,-1,21,15,22,-1,22,15,14,-1,21,22,23,-1,21,23,24,-1,23,25,24,-1,24,25,26,-1,24,26,27,-1,27,26,28,-1,27,28,29,-1,29,28,30,-1,29,30,31,-1,31,30,32,-1,31,32,33,-1,33,32,34,-1,33,34,35,-1,35,34,36,-1,35,36,37,-1,37,36,38,-1,37,38,39,-1,39,38,40,-1,39,40,41,-1,41,40,42,-1,41,42,43,-1,43,42,44,-1,43,44,45,-1,45,44,46,-1,45,46,47,-1,47,46,48,-1,47,48,49,-1,49,48,50,-1,49,50,51,-1,51,50,52,-1,51,52,53,-1,53,52,54,-1,53,54,55,-1,55,54,56,-1,55,56,57,-1,57,56,58,-1,57,58,59,-1,59,58,60,-1,59,60,61,-1,62,63,64,-1,61,60,65,-1,61,65,66,-1,66,65,67,-1,66,67,64,-1,64,67,68,-1,64,68,62,-1,69,63,70,-1,70,63,62,-1,71,72,73,-1,73,72,69,-1,73,69,70,-1,71,74,72,-1,72,74,75,-1,72,75,76,-1,76,75,77,-1,76,77,78,-1,79,78,80,-1,80,78,77,-1,80,81,79,-1,79,81,82,-1,79,82,83,-1,83,82,84,-1,83,84,85,-1,85,84,86,-1,85,86,87,-1,87,86,88,-1,87,88,89,-1,89,88,90,-1,89,90,91,-1,91,90,92,-1,91,92,93,-1,93,92,94,-1,93,94,95,-1,95,94,96,-1,95,96,97,-1,97,96,98,-1,97,98,99,-1,99,98,100,-1,99,100,101,-1,101,100,102,-1,101,102,103,-1,103,102,104,-1,103,104,105,-1,105,104,106,-1,105,106,107,-1,107,106,108,-1,107,108,109,-1,109,108,20,-1,109,20,19,-1,64,63,69,-1,39,41,97,-1,47,49,89,-1,97,41,95,-1,89,49,87,-1,64,69,66,-1,66,69,72,-1,66,72,61,-1,61,72,76,-1,61,76,59,-1,59,76,78,-1,59,78,57,-1,57,78,79,-1,57,79,55,-1,15,21,17,-1,17,21,24,-1,17,24,19,-1,79,83,55,-1,55,83,85,-1,55,85,53,-1,53,85,87,-1,53,87,51,-1,51,87,49,-1,97,99,39,-1,39,99,101,-1,39,101,37,-1,37,101,103,-1,37,103,35,-1,35,103,105,-1,35,105,33,-1,33,105,107,-1,33,107,31,-1,31,107,109,-1,31,109,29,-1,29,109,19,-1,29,19,27,-1,27,19,24,-1,41,43,95,-1,95,43,45,-1,95,45,93,-1,93,45,47,-1,93,47,91,-1,91,47,89,-1,110,111,112,-1,112,111,113,-1,114,115,116,-1,116,115,110,-1,116,110,112,-1,117,115,118,-1,118,115,114,-1,119,120,121,-1,121,120,117,-1,121,117,118,-1,122,120,123,-1,123,120,119,-1,124,125,126,-1,126,125,122,-1,126,122,123,-1,127,125,128,-1,128,125,124,-1,129,130,131,-1,131,130,127,-1,131,127,128,-1,132,130,133,-1,133,130,129,-1,134,135,136,-1,136,135,132,-1,136,132,133,-1,137,135,138,-1,138,135,134,-1,113,111,139,-1,139,111,137,-1,139,137,138,-1,137,111,110,-1,110,115,137,-1,137,115,117,-1,137,117,135,-1,130,132,127,-1,127,132,135,-1,127,135,125,-1,125,135,117,-1,125,117,122,-1,122,117,120,-1,140,141,142,-1,142,141,143,-1,142,143,144,-1,144,143,145,-1,144,145,146,-1,146,145,147,-1,146,147,148,-1,148,147,149,-1,148,149,150,-1,150,149,151,-1,150,151,152,-1,152,151,153,-1,152,153,154,-1,154,153,155,-1,154,155,156,-1,156,155,157,-1,156,157,158,-1,158,157,159,-1,158,159,160,-1,160,159,161,-1,160,161,162,-1,162,161,163,-1,162,163,164,-1,164,163,165,-1,164,165,166,-1,166,165,167,-1,166,167,168,-1,168,167,169,-1,168,169,170,-1,170,169,171,-1,170,171,172,-1,172,171,173,-1,172,173,174,-1,174,173,175,-1,174,175,140,-1,140,175,141,-1,163,161,176,-1,176,161,177,-1,163,176,178,-1,163,178,165,-1,165,178,179,-1,165,179,167,-1,167,179,180,-1,167,180,169,-1,169,180,181,-1,169,181,171,-1,171,181,182,-1,171,182,173,-1,173,182,183,-1,173,183,175,-1,175,183,184,-1,175,184,141,-1,141,184,185,-1,141,185,143,-1,143,185,186,-1,143,186,145,-1,145,186,187,-1,145,187,147,-1,147,187,188,-1,147,188,149,-1,149,188,189,-1,149,189,151,-1,151,189,190,-1,151,190,153,-1,153,190,191,-1,153,191,155,-1,155,191,192,-1,155,192,157,-1,159,157,193,-1,193,157,192,-1,161,159,177,-1,177,159,193,-1,156,158,194,-1,194,158,195,-1,158,160,195,-1,195,160,196,-1,160,162,196,-1,196,162,197,-1,170,198,199,-1,170,199,168,-1,168,199,200,-1,168,200,166,-1,166,200,201,-1,166,201,164,-1,164,201,197,-1,164,197,162,-1,142,202,203,-1,142,203,140,-1,140,203,204,-1,140,204,174,-1,174,204,205,-1,174,205,172,-1,172,205,198,-1,172,198,170,-1,150,206,207,-1,150,207,148,-1,148,207,208,-1,148,208,146,-1,146,208,209,-1,146,209,144,-1,144,209,202,-1,144,202,142,-1,156,194,210,-1,156,210,154,-1,154,210,211,-1,154,211,152,-1,152,211,206,-1,152,206,150,-1,
        ]
    }
}
Shape{
    appearance Appearance {
        material  Material 	{
            diffuseColor 0.8509803921568627 0.8509803921568627 0.8509803921568627
            specularColor 0.4235294117647059 0.4235294117647059 0.4235294117647059
            ambientIntensity 0.851
            transparency 0.0
            shininess 0.5
        }
    }
    geometry IndexedFaceSet {
        ccw TRUE
        solid FALSE
        coord DEF co Coordinate {
            point [
                -0.2069 1.0236 2.221, -0.2065 1.0236 2.1593, -0.219 1.0236 2.2209, -0.2181 1.0236 2.1592, -0.2283 1.0236 2.1602, -0.2352 1.0236 2.1626, -0.2405 1.0236 2.166, -0.242 1.0236 2.1674, -0.2462 1.0236 2.1726, -0.2489 1.0236 2.1786, -0.2504 1.0236 2.186, -0.2507 1.0236 2.1906, -0.2498 1.0236 2.1998, -0.2477 1.0236 2.2059, -0.2447 1.0236 2.2105, -0.2421 1.0236 2.2132, -0.2289 1.0236 2.2198, -0.2359 1.0236 2.2173
            ]
        }
        coordIndex [
            0,1,2,-1,2,1,3,-1,2,3,4,-1,4,5,2,-1,2,5,6,-1,2,6,7,-1,7,8,2,-1,2,8,9,-1,2,9,10,-1,10,11,2,-1,2,11,12,-1,2,12,13,-1,13,14,2,-1,2,14,15,-1,2,15,16,-1,16,15,17,-1,
        ]
    }
}
Shape{
    appearance Appearance {
        material  Material 	{
            diffuseColor 0.0 0.0 0.0
            specularColor 0.0 0.0 0.0
            ambientIntensity 0.0
            transparency 0.0
            shininess 0.5
        }
    }
    geometry IndexedFaceSet {
        ccw TRUE
        solid FALSE
        coord DEF co Coordinate {
            point [
                -0.2883 1.0237 2.1805, -0.3005 1.0237 2.2137, -0.2968 1.0237 2.2296, -0.2657 1.0237 2.1497, -0.2771 1.0237 2.1496, -0.285 1.0237 2.1715, -0.3012 1.0237 2.2161, -0.3019 1.0237 2.2193, -0.3078 1.0237 2.2295, -0.3021 1.0237 2.2193, -0.3027 1.0237 2.2159, -0.3033 1.0237 2.2137, -0.3152 1.0237 2.1803, -0.3377 1.0237 2.1492, -0.3263 1.0237 2.1493, -0.3183 1.0237 2.1712, -0.3078 1.0236 2.2295, -0.3377 1.0236 2.1494, -0.3377 1.0236 2.1492, -0.2968 1.0236 2.2296, -0.2657 1.0236 2.1497, -0.2879 1.0236 2.2068, -0.2771 1.0236 2.1496, -0.285 1.0236 2.1715, -0.3183 1.0236 2.1712, -0.2879 1.0236 2.1715, -0.3263 1.0236 2.1494, -0.3263 1.0236 2.1493, -0.2883 1.0236 2.1805, -0.3152 1.0236 2.1803, -0.3033 1.0236 2.2137, -0.3021 1.0236 2.2193, -0.3027 1.0236 2.2159, -0.3019 1.0236 2.2193, -0.3005 1.0236 2.2137, -0.3012 1.0236 2.2161
            ]
        }
        coordIndex [
            0,1,2,-1,3,4,5,-1,1,6,2,-1,2,6,7,-1,2,7,8,-1,8,7,9,-1,8,9,10,-1,10,11,8,-1,8,11,12,-1,8,12,13,-1,14,13,15,-1,15,13,12,-1,15,12,5,-1,5,12,0,-1,5,0,3,-1,3,0,2,-1,16,8,17,-1,17,8,13,-1,17,13,18,-1,2,8,19,-1,19,8,16,-1,20,3,21,-1,21,3,2,-1,21,2,19,-1,4,3,22,-1,22,3,20,-1,5,4,23,-1,23,4,22,-1,24,15,25,-1,25,15,5,-1,25,5,23,-1,15,24,14,-1,14,24,26,-1,14,26,27,-1,13,14,18,-1,18,14,27,-1,0,12,28,-1,28,12,29,-1,12,11,29,-1,29,11,30,-1,9,31,32,-1,9,32,10,-1,10,32,30,-1,10,30,11,-1,9,7,31,-1,31,7,33,-1,1,34,35,-1,1,35,6,-1,6,35,33,-1,6,33,7,-1,1,0,34,-1,34,0,28,-1,
        ]
    }
}
Shape{
    appearance Appearance {
        material  Material 	{
            diffuseColor 0.8509803921568627 0.8509803921568627 0.8509803921568627
            specularColor 0.4235294117647059 0.4235294117647059 0.4235294117647059
            ambientIntensity 0.851
            transparency 0.0
            shininess 0.5
        }
    }
    geometry IndexedFaceSet {
        ccw TRUE
        solid FALSE
        coord DEF co Coordinate {
            point [
                -0.3021 1.0236 2.2193, -0.3019 1.0236 2.2193, -0.3027 1.0236 2.2159, -0.3012 1.0236 2.2161, -0.3033 1.0236 2.2137, -0.3005 1.0236 2.2137, -0.3152 1.0236 2.1803, -0.2883 1.0236 2.1805
            ]
        }
        coordIndex [
            0,1,2,-1,2,1,3,-1,2,3,4,-1,4,3,5,-1,4,5,6,-1,6,5,7,-1,
        ]
    }
}
Shape{
    appearance Appearance {
        material  Material 	{
            diffuseColor 0.0 0.0 0.0
            specularColor 0.0 0.0 0.0
            ambientIntensity 0.0
            transparency 0.0
            shininess 0.5
        }
    }
    geometry IndexedFaceSet {
        ccw TRUE
        solid FALSE
        coord DEF co Coordinate {
            point [
                -0.0586 1.0237 2.0333, -0.0586 1.0237 2.0242, -0.0586 1.0236 2.0333, -0.0586 1.0236 2.0242, -0.0259 1.0237 2.0335, -0.0259 1.0236 2.0335, -0.0261 1.0237 2.0605, -0.0261 1.0236 2.0605, -0.0547 1.0237 2.0602, -0.0547 1.0236 2.0602, -0.0548 1.0237 2.0694, -0.0548 1.0236 2.0694, -0.0262 1.0237 2.0696, -0.0262 1.0236 2.0696, -0.0264 1.0237 2.0952, -0.0264 1.0236 2.0952, -0.0573 1.0237 2.095, -0.0573 1.0236 2.095, -0.0573 1.0236 2.1042, -0.0573 1.0237 2.1042, -0.0573 1.0236 2.1037, -0.0161 1.0237 2.1045, -0.0161 1.0236 2.1045, -0.0155 1.0236 2.0245, -0.0155 1.0237 2.0245, -0.0161 1.0236 2.1037, -0.1041 1.0237 2.0238, -0.1141 1.0237 2.0238, -0.1042 1.0237 2.0327, -0.1144 1.0237 2.0606, -0.1044 1.0237 2.0602, -0.0825 1.0237 2.0484, -0.0849 1.0237 2.0495, -0.1039 1.0237 2.0327, -0.0986 1.0237 2.0342, -0.1023 1.0237 2.0303, -0.0958 1.0237 2.0323, -0.0909 1.0237 2.0508, -0.1043 1.0237 2.0525, -0.1043 1.0237 2.047, -0.1042 1.0237 2.0464, -0.1036 1.0237 2.0419, -0.1021 1.0237 2.0383, -0.0999 1.0237 2.0354, -0.104 1.0237 2.0646, -0.1137 1.0237 2.0681, -0.103 1.0237 2.0682, -0.1121 1.0237 2.0727, -0.1019 1.0237 2.0703, -0.1101 1.0237 2.076, -0.1004 1.0237 2.0719, -0.1075 1.0237 2.0785, -0.0986 1.0237 2.0731, -0.1042 1.0237 2.0805, -0.0963 1.0237 2.0739, -0.1 1.0237 2.0818, -0.0929 1.0237 2.0743, -0.0939 1.0237 2.0824, -0.0868 1.0237 2.0737, -0.0844 1.0237 2.0814, -0.0805 1.0237 2.0715, -0.0768 1.0237 2.0787, -0.0741 1.0237 2.0675, -0.0741 1.0237 2.0772, -0.0805 1.0237 2.0343, -0.0731 1.0237 2.0272, -0.0813 1.0237 2.0335, -0.0765 1.0237 2.0248, -0.0833 1.0237 2.0321, -0.0803 1.0237 2.0233, -0.0856 1.0237 2.0312, -0.0863 1.0237 2.0226, -0.089 1.0237 2.0308, -0.0915 1.0237 2.0231, -0.0927 1.0237 2.0312, -0.0956 1.0237 2.0246, -0.0991 1.0237 2.0269, -0.0786 1.0237 2.0417, -0.0683 1.0237 2.0408, -0.0785 1.0237 2.0401, -0.0683 1.0237 2.0394, -0.0787 1.0237 2.0378, -0.0687 1.0237 2.0348, -0.0793 1.0237 2.036, -0.0699 1.0237 2.0314, -0.072 1.0237 2.0284, -0.0874 1.0237 2.0579, -0.08 1.0237 2.0562, -0.0812 1.0237 2.0474, -0.0756 1.0237 2.054, -0.08 1.0237 2.0459, -0.0725 1.0237 2.0514, -0.0791 1.0237 2.044, -0.0704 1.0237 2.0486, -0.069 1.0237 2.045, -0.0939 1.0236 2.0824, -0.0844 1.0236 2.0814, -0.0768 1.0236 2.0787, -0.0741 1.0236 2.0772, -0.0741 1.0236 2.0675, -0.0805 1.0236 2.0715, -0.0868 1.0236 2.0737, -0.0929 1.0236 2.0743, -0.0963 1.0236 2.0739, -0.0986 1.0236 2.0731, -0.1004 1.0236 2.0719, -0.1019 1.0236 2.0703, -0.103 1.0236 2.0682, -0.104 1.0236 2.0646, -0.1044 1.0236 2.0602, -0.0874 1.0236 2.0579, -0.08 1.0236 2.0562, -0.0756 1.0236 2.054, -0.0725 1.0236 2.0514, -0.0704 1.0236 2.0486, -0.069 1.0236 2.045, -0.0683 1.0236 2.0408, -0.0683 1.0236 2.0394, -0.0687 1.0236 2.0348, -0.0699 1.0236 2.0314, -0.072 1.0236 2.0284, -0.0731 1.0236 2.0272, -0.0765 1.0236 2.0248, -0.0803 1.0236 2.0233, -0.0863 1.0236 2.0226, -0.0915 1.0236 2.0231, -0.0956 1.0236 2.0246, -0.0991 1.0236 2.0269, -0.1023 1.0236 2.0303, -0.1039 1.0236 2.0327, -0.1042 1.0236 2.0327, -0.1041 1.0236 2.0238, -0.1141 1.0236 2.0238, -0.1144 1.0236 2.0606, -0.1137 1.0236 2.0681, -0.1121 1.0236 2.0727, -0.1101 1.0236 2.076, -0.1075 1.0236 2.0785, -0.1042 1.0236 2.0805, -0.1 1.0236 2.0818, -0.0812 1.0236 2.0474, -0.0825 1.0236 2.0484, -0.0849 1.0236 2.0495, -0.0909 1.0236 2.0508, -0.0785 1.0236 2.0401, -0.0786 1.0236 2.0417, -0.0791 1.0236 2.044, -0.08 1.0236 2.0459, -0.0813 1.0236 2.0335, -0.0805 1.0236 2.0343, -0.0793 1.0236 2.036, -0.0787 1.0236 2.0378, -0.089 1.0236 2.0308, -0.0856 1.0236 2.0312, -0.0833 1.0236 2.0321, -0.0999 1.0236 2.0354, -0.0986 1.0236 2.0342, -0.0958 1.0236 2.0323, -0.0927 1.0236 2.0312, -0.1043 1.0236 2.047, -0.1042 1.0236 2.0464, -0.1036 1.0236 2.0419, -0.1021 1.0236 2.0383, -0.1043 1.0236 2.0525
            ]
        }
        coordIndex [
            0,1,2,-1,2,1,3,-1,4,0,5,-1,5,0,2,-1,6,4,7,-1,7,4,5,-1,8,6,9,-1,9,6,7,-1,10,8,11,-1,11,8,9,-1,12,10,13,-1,13,10,11,-1,14,12,15,-1,15,12,13,-1,16,14,17,-1,17,14,15,-1,18,19,20,-1,20,19,16,-1,20,16,17,-1,21,19,22,-1,22,19,18,-1,23,24,25,-1,25,24,21,-1,25,21,22,-1,1,24,3,-1,3,24,23,-1,24,1,0,-1,0,4,24,-1,24,4,6,-1,24,6,21,-1,16,19,14,-1,14,19,21,-1,14,21,12,-1,12,21,6,-1,12,6,10,-1,10,6,8,-1,26,27,28,-1,28,27,29,-1,30,31,32,-1,33,34,35,-1,35,34,36,-1,37,38,29,-1,29,38,39,-1,39,40,29,-1,29,40,41,-1,29,41,28,-1,28,41,42,-1,28,42,33,-1,33,42,43,-1,33,43,34,-1,32,37,30,-1,30,37,29,-1,30,29,44,-1,44,29,45,-1,44,45,46,-1,46,45,47,-1,46,47,48,-1,48,47,49,-1,48,49,50,-1,50,49,51,-1,50,51,52,-1,52,51,53,-1,52,53,54,-1,54,53,55,-1,54,55,56,-1,56,55,57,-1,56,57,58,-1,58,57,59,-1,58,59,60,-1,60,59,61,-1,60,61,62,-1,62,61,63,-1,64,65,66,-1,66,65,67,-1,66,67,68,-1,68,67,69,-1,68,69,70,-1,70,69,71,-1,70,71,72,-1,72,71,73,-1,72,73,74,-1,74,73,75,-1,74,75,36,-1,36,75,76,-1,36,76,35,-1,77,78,79,-1,79,78,80,-1,79,80,81,-1,81,80,82,-1,81,82,83,-1,83,82,84,-1,83,84,64,-1,64,84,85,-1,64,85,65,-1,30,86,31,-1,31,86,87,-1,31,87,88,-1,88,87,89,-1,88,89,90,-1,90,89,91,-1,90,91,92,-1,92,91,93,-1,92,93,77,-1,77,93,94,-1,77,94,78,-1,57,95,96,-1,57,96,59,-1,59,96,97,-1,59,97,61,-1,61,97,98,-1,61,98,63,-1,62,63,99,-1,99,63,98,-1,62,99,100,-1,62,100,60,-1,60,100,101,-1,60,101,58,-1,58,101,102,-1,58,102,56,-1,56,102,103,-1,56,103,54,-1,54,103,104,-1,54,104,52,-1,52,104,105,-1,52,105,50,-1,50,105,106,-1,50,106,48,-1,48,106,107,-1,48,107,46,-1,46,107,108,-1,46,108,44,-1,44,108,109,-1,44,109,30,-1,86,30,110,-1,110,30,109,-1,86,110,111,-1,86,111,87,-1,87,111,112,-1,87,112,89,-1,89,112,113,-1,89,113,91,-1,91,113,114,-1,91,114,93,-1,93,114,115,-1,93,115,94,-1,94,115,116,-1,94,116,78,-1,78,116,117,-1,78,117,80,-1,80,117,118,-1,80,118,82,-1,82,118,119,-1,82,119,84,-1,84,119,120,-1,84,120,85,-1,85,120,121,-1,85,121,65,-1,65,121,122,-1,65,122,67,-1,67,122,123,-1,67,123,69,-1,69,123,124,-1,69,124,71,-1,71,124,125,-1,71,125,73,-1,73,125,126,-1,73,126,75,-1,75,126,127,-1,75,127,76,-1,76,127,128,-1,76,128,35,-1,35,128,129,-1,35,129,33,-1,28,33,130,-1,130,33,129,-1,26,28,131,-1,131,28,130,-1,27,26,132,-1,132,26,131,-1,29,27,133,-1,133,27,132,-1,29,133,134,-1,29,134,45,-1,45,134,135,-1,45,135,47,-1,47,135,136,-1,47,136,49,-1,49,136,137,-1,49,137,51,-1,51,137,138,-1,51,138,53,-1,53,138,139,-1,53,139,55,-1,55,139,95,-1,55,95,57,-1,88,140,141,-1,88,141,31,-1,31,141,142,-1,31,142,32,-1,32,142,143,-1,32,143,37,-1,79,144,145,-1,79,145,77,-1,77,145,146,-1,77,146,92,-1,92,146,147,-1,92,147,90,-1,90,147,140,-1,90,140,88,-1,66,148,149,-1,66,149,64,-1,64,149,150,-1,64,150,83,-1,83,150,151,-1,83,151,81,-1,81,151,144,-1,81,144,79,-1,72,152,153,-1,72,153,70,-1,70,153,154,-1,70,154,68,-1,68,154,148,-1,68,148,66,-1,43,155,156,-1,43,156,34,-1,34,156,157,-1,34,157,36,-1,36,157,158,-1,36,158,74,-1,74,158,152,-1,74,152,72,-1,39,159,160,-1,39,160,40,-1,40,160,161,-1,40,161,41,-1,41,161,162,-1,41,162,42,-1,42,162,155,-1,42,155,43,-1,39,38,159,-1,159,38,163,-1,38,37,163,-1,163,37,143,-1,
        ]
    }
}
Shape{
    appearance Appearance {
        material  Material 	{
            diffuseColor 0.8509803921568627 0.8509803921568627 0.8509803921568627
            specularColor 0.4235294117647059 0.4235294117647059 0.4235294117647059
            ambientIntensity 0.851
            transparency 0.0
            shininess 0.5
        }
    }
    geometry IndexedFaceSet {
        ccw TRUE
        solid FALSE
        coord DEF co Coordinate {
            point [
                -0.1043 1.0236 2.0525, -0.0909 1.0236 2.0508, -0.1043 1.0236 2.047, -0.0849 1.0236 2.0495, -0.0825 1.0236 2.0484, -0.0812 1.0236 2.0474, -0.1042 1.0236 2.0464, -0.1036 1.0236 2.0419, -0.08 1.0236 2.0459, -0.1021 1.0236 2.0383, -0.0805 1.0236 2.0343, -0.0813 1.0236 2.0335, -0.0986 1.0236 2.0342, -0.0793 1.0236 2.036, -0.0958 1.0236 2.0323, -0.0927 1.0236 2.0312, -0.089 1.0236 2.0308, -0.0791 1.0236 2.044, -0.0786 1.0236 2.0417, -0.0999 1.0236 2.0354, -0.0785 1.0236 2.0401, -0.0787 1.0236 2.0378, -0.0833 1.0236 2.0321, -0.0856 1.0236 2.0312
            ]
        }
        coordIndex [
            0,1,2,-1,2,1,3,-1,3,4,2,-1,2,4,5,-1,2,5,6,-1,6,5,7,-1,7,5,8,-1,7,8,9,-1,10,11,12,-1,10,12,13,-1,14,12,15,-1,15,12,16,-1,8,17,9,-1,9,17,18,-1,9,18,19,-1,19,18,20,-1,19,20,12,-1,12,20,21,-1,12,21,13,-1,11,22,12,-1,12,22,23,-1,12,23,16,-1,
        ]
    }
}
Shape{
    appearance Appearance {
        material  Material 	{
            diffuseColor 0.0 0.0 0.0
            specularColor 0.0 0.0 0.0
            ambientIntensity 0.0
            transparency 0.0
            shininess 0.5
        }
    }
    geometry IndexedFaceSet {
        ccw TRUE
        solid FALSE
        coord DEF co Coordinate {
            point [
                -0.1443 1.0237 2.0304, -0.1443 1.0236 2.0304, -0.138 1.0236 2.0312, -0.138 1.0237 2.0312, -0.1317 1.0236 2.0336, -0.1317 1.0237 2.0336, -0.1278 1.0236 2.036, -0.1278 1.0237 2.036, -0.1277 1.0237 2.0257, -0.1277 1.0236 2.0257, -0.1349 1.0236 2.0231, -0.1349 1.0237 2.0231, -0.1432 1.0236 2.0222, -0.1432 1.0237 2.0222, -0.1514 1.0236 2.023, -0.1514 1.0237 2.023, -0.1569 1.0236 2.0249, -0.1569 1.0237 2.0249, -0.1599 1.0236 2.0266, -0.1599 1.0237 2.0266, -0.1628 1.0236 2.0291, -0.1628 1.0237 2.0291, -0.1647 1.0236 2.0318, -0.1647 1.0237 2.0318, -0.1659 1.0236 2.0349, -0.1659 1.0237 2.0349, -0.1664 1.0236 2.0389, -0.1664 1.0237 2.0389, -0.1661 1.0236 2.0427, -0.1661 1.0237 2.0427, -0.165 1.0236 2.0457, -0.165 1.0237 2.0457, -0.1632 1.0236 2.0484, -0.1632 1.0237 2.0484, -0.1608 1.0236 2.0506, -0.1608 1.0237 2.0506, -0.1541 1.0236 2.0543, -0.1541 1.0237 2.0543, -0.1503 1.0236 2.0559, -0.1503 1.0237 2.0559, -0.1441 1.0236 2.0587, -0.1441 1.0237 2.0587, -0.1406 1.0236 2.0609, -0.1406 1.0237 2.0609, -0.1396 1.0236 2.062, -0.1396 1.0237 2.062, -0.1389 1.0236 2.0634, -0.1389 1.0237 2.0634, -0.1385 1.0236 2.0649, -0.1385 1.0237 2.0649, -0.1384 1.0236 2.0662, -0.1384 1.0237 2.0662, -0.1386 1.0236 2.0678, -0.1386 1.0237 2.0678, -0.1391 1.0236 2.0692, -0.1391 1.0237 2.0692, -0.14 1.0236 2.0705, -0.14 1.0237 2.0705, -0.1415 1.0236 2.0718, -0.1415 1.0237 2.0718, -0.1438 1.0236 2.073, -0.1438 1.0237 2.073, -0.1464 1.0236 2.0737, -0.1464 1.0237 2.0737, -0.1494 1.0236 2.0739, -0.1494 1.0237 2.0739, -0.156 1.0236 2.0731, -0.156 1.0237 2.0731, -0.1616 1.0236 2.071, -0.1616 1.0237 2.071, -0.1639 1.0236 2.0696, -0.1639 1.0237 2.0696, -0.164 1.0237 2.0794, -0.164 1.0236 2.0794, -0.156 1.0236 2.0816, -0.156 1.0237 2.0816, -0.1505 1.0236 2.082, -0.1505 1.0237 2.082, -0.1431 1.0236 2.0813, -0.1431 1.0237 2.0813, -0.1376 1.0236 2.0793, -0.1376 1.0237 2.0793, -0.1346 1.0236 2.0776, -0.1346 1.0237 2.0776, -0.1316 1.0236 2.0749, -0.1316 1.0237 2.0749, -0.1297 1.0236 2.0722, -0.1297 1.0237 2.0722, -0.1285 1.0236 2.069, -0.1285 1.0237 2.069, -0.1281 1.0236 2.0654, -0.1281 1.0237 2.0654, -0.1285 1.0236 2.0615, -0.1285 1.0237 2.0615, -0.1296 1.0236 2.0585, -0.1296 1.0237 2.0585, -0.1309 1.0236 2.0564, -0.1309 1.0237 2.0564, -0.1325 1.0236 2.0546, -0.1325 1.0237 2.0546, -0.1372 1.0236 2.0515, -0.1372 1.0237 2.0515, -0.1431 1.0236 2.0487, -0.1431 1.0237 2.0487, -0.1497 1.0236 2.0459, -0.1497 1.0237 2.0459, -0.1536 1.0236 2.0435, -0.1536 1.0237 2.0435, -0.1548 1.0236 2.0422, -0.1548 1.0237 2.0422, -0.1556 1.0236 2.0409, -0.1556 1.0237 2.0409, -0.1561 1.0236 2.0393, -0.1561 1.0237 2.0393, -0.1561 1.0236 2.038, -0.1561 1.0237 2.038, -0.1559 1.0236 2.0361, -0.1559 1.0237 2.0361, -0.1554 1.0236 2.0347, -0.1554 1.0237 2.0347, -0.1545 1.0236 2.0334, -0.1545 1.0237 2.0334, -0.1534 1.0236 2.0324, -0.1534 1.0237 2.0324, -0.1524 1.0236 2.0319, -0.1524 1.0237 2.0319, -0.1498 1.0236 2.0309, -0.1498 1.0237 2.0309, -0.1447 1.0236 2.0304, -0.1447 1.0237 2.0304, -0.2165 1.0237 2.0802, -0.2269 1.0237 2.0802, -0.2165 1.0236 2.0802, -0.2269 1.0236 2.0802, -0.2005 1.0237 2.0373, -0.2005 1.0236 2.0373, -0.1997 1.0236 2.0346, -0.1997 1.0237 2.0346, -0.1993 1.0236 2.0327, -0.1993 1.0237 2.0327, -0.199 1.0237 2.0327, -0.199 1.0236 2.0327, -0.1978 1.0237 2.0374, -0.1978 1.0236 2.0374, -0.1832 1.0236 2.0805, -0.1832 1.0237 2.0805, -0.1885 1.0236 2.0647, -0.172 1.0237 2.0805, -0.172 1.0236 2.0805, -0.194 1.0236 2.0233, -0.194 1.0237 2.0233, -0.1885 1.0236 2.0375, -0.1895 1.0236 2.013, -0.1895 1.0237 2.013, -0.1933 1.0236 2.0218, -0.1885 1.0236 2.0112, -0.1875 1.0237 2.0094, -0.1875 1.0236 2.0094, -0.1856 1.0236 2.0073, -0.1856 1.0237 2.0073, -0.1838 1.0236 2.006, -0.1838 1.0237 2.006, -0.1816 1.0236 2.0052, -0.1816 1.0237 2.0052, -0.1792 1.0236 2.005, -0.1792 1.0237 2.005, -0.1755 1.0236 2.0055, -0.1755 1.0237 2.0055, -0.1735 1.0236 2.0061, -0.1735 1.0237 2.0061, -0.1734 1.0237 1.9972, -0.1734 1.0236 1.9972, -0.1777 1.0236 1.9965, -0.1777 1.0237 1.9965, -0.1799 1.0236 1.9964, -0.1799 1.0237 1.9964, -0.184 1.0236 1.9968, -0.184 1.0237 1.9968, -0.1879 1.0236 1.9983, -0.1879 1.0237 1.9983, -0.1885 1.0236 1.9987, -0.1914 1.0237 2.0007, -0.1914 1.0236 2.0007, -0.1921 1.0236 2.0013, -0.1921 1.0237 2.0013, -0.1958 1.0236 2.0057, -0.1958 1.0237 2.0057, -0.2004 1.0236 2.0145, -0.2004 1.0237 2.0145, -0.2034 1.0236 2.0218, -0.2804 1.0237 2.0317, -0.2803 1.0237 2.0226, -0.2804 1.0236 2.0317, -0.2803 1.0236 2.0226, -0.2477 1.0236 2.0319, -0.2477 1.0237 2.0319, -0.2636 1.0236 2.0318, -0.2478 1.0237 2.0589, -0.2478 1.0236 2.0589, -0.2765 1.0236 2.0587, -0.2765 1.0237 2.0587, -0.2636 1.0236 2.0588, -0.2765 1.0237 2.0678, -0.2765 1.0236 2.0678, -0.2479 1.0236 2.068, -0.2479 1.0237 2.068, -0.2636 1.0236 2.0679, -0.2481 1.0237 2.0937, -0.2481 1.0236 2.0937, -0.279 1.0236 2.0935, -0.279 1.0237 2.0935, -0.2636 1.0236 2.0936, -0.2791 1.0237 2.1027, -0.2791 1.0236 2.1027, -0.2378 1.0236 2.103, -0.2378 1.0237 2.103, -0.2636 1.0236 2.1028, -0.2373 1.0237 2.0229, -0.2373 1.0236 2.0229, -0.2636 1.0236 2.0227, -0.3498 1.0237 2.0583, -0.3606 1.0237 2.0574, -0.3501 1.0237 2.0629, -0.3609 1.0237 2.0631, -0.3491 1.0237 2.072, -0.3596 1.0237 2.0742, -0.347 1.0237 2.0781, -0.3567 1.0237 2.0819, -0.3441 1.0237 2.0828, -0.3518 1.0237 2.0889, -0.3414 1.0237 2.0855, -0.349 1.0237 2.0916, -0.3353 1.0237 2.0896, -0.3403 1.0237 2.0975, -0.3283 1.0237 2.0921, -0.3306 1.0237 2.101, -0.3184 1.0237 2.0932, -0.3189 1.0237 2.1024, -0.3063 1.0237 2.0933, -0.296 1.0237 2.1025, -0.3058 1.0237 2.0315, -0.2954 1.0237 2.0225, -0.3175 1.0237 2.0314, -0.3175 1.0237 2.0223, -0.3277 1.0237 2.0325, -0.33 1.0237 2.0236, -0.3345 1.0237 2.0349, -0.3393 1.0237 2.0269, -0.3398 1.0237 2.0383, -0.3472 1.0237 2.0321, -0.3413 1.0237 2.0396, -0.3486 1.0237 2.0333, -0.3456 1.0237 2.0449, -0.3544 1.0237 2.0399, -0.3483 1.0237 2.0509, -0.3585 1.0237 2.0481, -0.3175 1.0236 2.0223, -0.2954 1.0236 2.0225, -0.33 1.0236 2.0236, -0.3393 1.0236 2.0269, -0.3472 1.0236 2.0321, -0.3486 1.0236 2.0333, -0.3494 1.0236 2.0341, -0.3544 1.0236 2.0399, -0.3585 1.0236 2.0481, -0.3606 1.0236 2.0574, -0.3609 1.0236 2.0631, -0.349 1.0236 2.0916, -0.3494 1.0236 2.0913, -0.3518 1.0236 2.0889, -0.3567 1.0236 2.0819, -0.3596 1.0236 2.0742, -0.3403 1.0236 2.0975, -0.3306 1.0236 2.101, -0.3189 1.0236 2.1024, -0.296 1.0236 2.1025, -0.3184 1.0236 2.0932, -0.3063 1.0236 2.0933, -0.3058 1.0236 2.0315, -0.3175 1.0236 2.0314, -0.3413 1.0236 2.0396, -0.3398 1.0236 2.0383, -0.3345 1.0236 2.0349, -0.3277 1.0236 2.0325, -0.3501 1.0236 2.0629, -0.3498 1.0236 2.0583, -0.3483 1.0236 2.0509, -0.3456 1.0236 2.0449, -0.3414 1.0236 2.0855, -0.3441 1.0236 2.0828, -0.347 1.0236 2.0781, -0.3491 1.0236 2.072, -0.3283 1.0236 2.0921, -0.3353 1.0236 2.0896
            ]
        }
        coordIndex [
            0,1,2,-1,0,2,3,-1,3,2,4,-1,3,4,5,-1,5,4,6,-1,5,6,7,-1,8,7,9,-1,9,7,6,-1,8,9,10,-1,8,10,11,-1,11,10,12,-1,11,12,13,-1,13,12,14,-1,13,14,15,-1,15,14,16,-1,15,16,17,-1,17,16,18,-1,17,18,19,-1,19,18,20,-1,19,20,21,-1,21,20,22,-1,21,22,23,-1,23,22,24,-1,23,24,25,-1,25,24,26,-1,25,26,27,-1,27,26,28,-1,27,28,29,-1,29,28,30,-1,29,30,31,-1,31,30,32,-1,31,32,33,-1,33,32,34,-1,33,34,35,-1,35,34,36,-1,35,36,37,-1,37,36,38,-1,37,38,39,-1,39,38,40,-1,39,40,41,-1,41,40,42,-1,41,42,43,-1,43,42,44,-1,43,44,45,-1,45,44,46,-1,45,46,47,-1,47,46,48,-1,47,48,49,-1,49,48,50,-1,49,50,51,-1,51,50,52,-1,51,52,53,-1,53,52,54,-1,53,54,55,-1,55,54,56,-1,55,56,57,-1,57,56,58,-1,57,58,59,-1,59,58,60,-1,59,60,61,-1,61,60,62,-1,61,62,63,-1,63,62,64,-1,63,64,65,-1,65,64,66,-1,65,66,67,-1,67,66,68,-1,67,68,69,-1,69,68,70,-1,69,70,71,-1,72,71,73,-1,73,71,70,-1,72,73,74,-1,72,74,75,-1,75,74,76,-1,75,76,77,-1,77,76,78,-1,77,78,79,-1,79,78,80,-1,79,80,81,-1,81,80,82,-1,81,82,83,-1,83,82,84,-1,83,84,85,-1,85,84,86,-1,85,86,87,-1,87,86,88,-1,87,88,89,-1,89,88,90,-1,89,90,91,-1,91,90,92,-1,91,92,93,-1,93,92,94,-1,93,94,95,-1,95,94,96,-1,95,96,97,-1,97,96,98,-1,97,98,99,-1,99,98,100,-1,99,100,101,-1,101,100,102,-1,101,102,103,-1,103,102,104,-1,103,104,105,-1,105,104,106,-1,105,106,107,-1,107,106,108,-1,107,108,109,-1,109,108,110,-1,109,110,111,-1,111,110,112,-1,111,112,113,-1,113,112,114,-1,113,114,115,-1,115,114,116,-1,115,116,117,-1,117,116,118,-1,117,118,119,-1,119,118,120,-1,119,120,121,-1,121,120,122,-1,121,122,123,-1,123,122,124,-1,123,124,125,-1,125,124,126,-1,125,126,127,-1,127,126,128,-1,127,128,129,-1,129,128,1,-1,129,1,0,-1,57,59,81,-1,81,59,79,-1,105,39,103,-1,103,39,41,-1,17,19,121,-1,121,19,21,-1,121,21,119,-1,119,21,23,-1,119,23,117,-1,117,23,25,-1,117,25,115,-1,115,25,27,-1,115,27,113,-1,113,27,29,-1,113,29,111,-1,111,29,31,-1,111,31,109,-1,109,31,33,-1,109,33,107,-1,107,33,35,-1,107,35,105,-1,105,35,37,-1,105,37,39,-1,13,0,11,-1,11,0,3,-1,11,3,8,-1,8,3,5,-1,8,5,7,-1,59,61,79,-1,79,61,63,-1,79,63,77,-1,77,63,65,-1,77,65,75,-1,75,65,67,-1,75,67,72,-1,72,67,69,-1,72,69,71,-1,121,123,17,-1,17,123,125,-1,17,125,15,-1,15,125,127,-1,15,127,13,-1,13,127,129,-1,13,129,0,-1,81,83,57,-1,57,83,85,-1,57,85,55,-1,55,85,87,-1,55,87,53,-1,53,87,89,-1,53,89,51,-1,51,89,91,-1,51,91,49,-1,49,91,93,-1,49,93,47,-1,47,93,95,-1,47,95,45,-1,45,95,97,-1,45,97,43,-1,43,97,99,-1,43,99,41,-1,41,99,101,-1,41,101,103,-1,130,131,132,-1,132,131,133,-1,134,130,135,-1,135,130,132,-1,134,135,136,-1,134,136,137,-1,137,136,138,-1,137,138,139,-1,140,139,141,-1,141,139,138,-1,142,140,143,-1,143,140,141,-1,144,145,146,-1,146,145,142,-1,146,142,143,-1,147,145,148,-1,148,145,144,-1,149,150,151,-1,151,150,147,-1,151,147,148,-1,152,153,154,-1,154,153,150,-1,154,150,149,-1,153,152,155,-1,153,155,156,-1,155,157,156,-1,156,157,158,-1,156,158,159,-1,159,158,160,-1,159,160,161,-1,161,160,162,-1,161,162,163,-1,163,162,164,-1,163,164,165,-1,165,164,166,-1,165,166,167,-1,167,166,168,-1,167,168,169,-1,170,169,171,-1,171,169,168,-1,170,171,172,-1,170,172,173,-1,173,172,174,-1,173,174,175,-1,175,174,176,-1,175,176,177,-1,177,176,178,-1,177,178,179,-1,179,178,180,-1,179,180,181,-1,180,182,181,-1,181,182,183,-1,181,183,184,-1,184,183,185,-1,184,185,186,-1,186,185,187,-1,186,187,188,-1,133,131,189,-1,189,131,188,-1,189,188,187,-1,137,139,188,-1,131,130,188,-1,188,130,134,-1,188,134,137,-1,145,147,142,-1,142,147,150,-1,142,150,140,-1,186,156,184,-1,184,156,159,-1,169,170,167,-1,167,170,173,-1,167,173,165,-1,165,173,175,-1,165,175,163,-1,163,175,177,-1,163,177,161,-1,161,177,179,-1,161,179,159,-1,159,179,181,-1,159,181,184,-1,139,140,188,-1,188,140,150,-1,188,150,186,-1,186,150,153,-1,186,153,156,-1,190,191,192,-1,192,191,193,-1,194,195,196,-1,196,195,190,-1,196,190,192,-1,197,195,198,-1,198,195,194,-1,199,200,201,-1,201,200,197,-1,201,197,198,-1,202,200,203,-1,203,200,199,-1,204,205,206,-1,206,205,202,-1,206,202,203,-1,207,205,208,-1,208,205,204,-1,209,210,211,-1,211,210,207,-1,211,207,208,-1,212,210,213,-1,213,210,209,-1,214,215,216,-1,216,215,212,-1,216,212,213,-1,217,215,218,-1,218,215,214,-1,193,191,219,-1,219,191,217,-1,219,217,218,-1,217,191,190,-1,190,195,217,-1,217,195,197,-1,217,197,215,-1,210,212,207,-1,207,212,215,-1,207,215,205,-1,205,215,197,-1,205,197,202,-1,202,197,200,-1,220,221,222,-1,222,221,223,-1,222,223,224,-1,224,223,225,-1,224,225,226,-1,226,225,227,-1,226,227,228,-1,228,227,229,-1,228,229,230,-1,230,229,231,-1,230,231,232,-1,232,231,233,-1,232,233,234,-1,234,233,235,-1,234,235,236,-1,236,235,237,-1,236,237,238,-1,238,237,239,-1,238,239,240,-1,240,239,241,-1,240,241,242,-1,242,241,243,-1,242,243,244,-1,244,243,245,-1,244,245,246,-1,246,245,247,-1,246,247,248,-1,248,247,249,-1,248,249,250,-1,250,249,251,-1,250,251,252,-1,252,251,253,-1,252,253,254,-1,254,253,255,-1,254,255,220,-1,220,255,221,-1,243,241,256,-1,256,241,257,-1,243,256,258,-1,243,258,245,-1,245,258,259,-1,245,259,247,-1,247,259,260,-1,247,260,249,-1,249,260,261,-1,249,261,251,-1,251,261,262,-1,251,262,253,-1,262,263,253,-1,253,263,264,-1,253,264,255,-1,255,264,265,-1,255,265,221,-1,221,265,266,-1,221,266,223,-1,267,231,268,-1,268,231,229,-1,268,229,269,-1,269,229,227,-1,269,227,270,-1,270,227,225,-1,270,225,271,-1,271,225,223,-1,271,223,266,-1,231,267,272,-1,231,272,233,-1,233,272,273,-1,233,273,235,-1,235,273,274,-1,235,274,237,-1,239,237,275,-1,275,237,274,-1,241,239,257,-1,257,239,275,-1,236,238,276,-1,276,238,277,-1,238,240,277,-1,277,240,278,-1,240,242,278,-1,278,242,279,-1,250,280,281,-1,250,281,248,-1,248,281,282,-1,248,282,246,-1,246,282,283,-1,246,283,244,-1,244,283,279,-1,244,279,242,-1,222,284,285,-1,222,285,220,-1,220,285,286,-1,220,286,254,-1,254,286,287,-1,254,287,252,-1,252,287,280,-1,252,280,250,-1,230,288,289,-1,230,289,228,-1,228,289,290,-1,228,290,226,-1,226,290,291,-1,226,291,224,-1,224,291,284,-1,224,284,222,-1,236,276,292,-1,236,292,234,-1,234,292,293,-1,234,293,232,-1,232,293,288,-1,232,288,230,-1,
        ]
    }
}
Shape{
    appearance Appearance {
        material  Material 	{
            diffuseColor 0.8509803921568627 0.8509803921568627 0.8509803921568627
            specularColor 0.4235294117647059 0.4235294117647059 0.4235294117647059
            ambientIntensity 0.851
            transparency 0.0
            shininess 0.5
        }
    }
    geometry IndexedFaceSet {
        ccw TRUE
        solid FALSE
        coord DEF co Coordinate {
            point [
                -0.3063 1.0236 2.0933, -0.3058 1.0236 2.0315, -0.3184 1.0236 2.0932, -0.3175 1.0236 2.0314, -0.3277 1.0236 2.0325, -0.3345 1.0236 2.0349, -0.3398 1.0236 2.0383, -0.3413 1.0236 2.0396, -0.3456 1.0236 2.0449, -0.3483 1.0236 2.0509, -0.3498 1.0236 2.0583, -0.3501 1.0236 2.0629, -0.3491 1.0236 2.072, -0.347 1.0236 2.0781, -0.3441 1.0236 2.0828, -0.3414 1.0236 2.0855, -0.3283 1.0236 2.0921, -0.3353 1.0236 2.0896
            ]
        }
        coordIndex [
            0,1,2,-1,2,1,3,-1,2,3,4,-1,4,5,2,-1,2,5,6,-1,2,6,7,-1,7,8,2,-1,2,8,9,-1,2,9,10,-1,10,11,2,-1,2,11,12,-1,2,12,13,-1,13,14,2,-1,2,14,15,-1,2,15,16,-1,16,15,17,-1,
        ]
    }
}
Shape{
    appearance Appearance {
        material  Material 	{
            diffuseColor 0.0 0.0 0.0
            specularColor 0.0 0.0 0.0
            ambientIntensity 0.0
            transparency 0.0
            shininess 0.5
        }
    }
    geometry IndexedFaceSet {
        ccw TRUE
        solid FALSE
        coord DEF co Coordinate {
            point [
                -0.3877 1.0237 2.0528, -0.3999 1.0237 2.086, -0.3961 1.0237 2.1018, -0.3651 1.0237 2.022, -0.3765 1.0237 2.0219, -0.3843 1.0237 2.0437, -0.4006 1.0237 2.0884, -0.4012 1.0237 2.0916, -0.4072 1.0237 2.1018, -0.4015 1.0237 2.0916, -0.4021 1.0237 2.0882, -0.4027 1.0237 2.0859, -0.4146 1.0237 2.0526, -0.4371 1.0237 2.0215, -0.4257 1.0237 2.0216, -0.4177 1.0237 2.0435, -0.4072 1.0236 2.1018, -0.437 1.0236 2.0218, -0.4371 1.0236 2.0215, -0.3961 1.0236 2.1018, -0.3651 1.0236 2.022, -0.3765 1.0236 2.0219, -0.3843 1.0236 2.0437, -0.4177 1.0236 2.0435, -0.4257 1.0236 2.0216, -0.4256 1.0236 2.0218, -0.3877 1.0236 2.0528, -0.4146 1.0236 2.0526, -0.4027 1.0236 2.0859, -0.4015 1.0236 2.0916, -0.4021 1.0236 2.0882, -0.4012 1.0236 2.0916, -0.3999 1.0236 2.086, -0.4006 1.0236 2.0884
            ]
        }
        coordIndex [
            0,1,2,-1,3,4,5,-1,1,6,2,-1,2,6,7,-1,2,7,8,-1,8,7,9,-1,8,9,10,-1,10,11,8,-1,8,11,12,-1,8,12,13,-1,14,13,15,-1,15,13,12,-1,15,12,5,-1,5,12,0,-1,5,0,3,-1,3,0,2,-1,16,8,17,-1,17,8,13,-1,17,13,18,-1,2,8,19,-1,19,8,16,-1,3,2,20,-1,20,2,19,-1,4,3,21,-1,21,3,20,-1,5,4,22,-1,22,4,21,-1,15,5,23,-1,23,5,22,-1,24,14,25,-1,25,14,15,-1,25,15,23,-1,13,14,18,-1,18,14,24,-1,0,12,26,-1,26,12,27,-1,12,11,27,-1,27,11,28,-1,9,29,30,-1,9,30,10,-1,10,30,28,-1,10,28,11,-1,9,7,29,-1,29,7,31,-1,1,32,33,-1,1,33,6,-1,6,33,31,-1,6,31,7,-1,1,0,32,-1,32,0,26,-1,
        ]
    }
}
Shape{
    appearance Appearance {
        material  Material 	{
            diffuseColor 0.8509803921568627 0.8509803921568627 0.8509803921568627
            specularColor 0.4235294117647059 0.4235294117647059 0.4235294117647059
            ambientIntensity 0.851
            transparency 0.0
            shininess 0.5
        }
    }
    geometry IndexedFaceSet {
        ccw TRUE
        solid FALSE
        coord DEF co Coordinate {
            point [
                -0.4015 1.0236 2.0916, -0.4012 1.0236 2.0916, -0.4021 1.0236 2.0882, -0.4006 1.0236 2.0884, -0.4027 1.0236 2.0859, -0.3999 1.0236 2.086, -0.4146 1.0236 2.0526, -0.3877 1.0236 2.0528
            ]
        }
        coordIndex [
            0,1,2,-1,2,1,3,-1,2,3,4,-1,4,3,5,-1,4,5,6,-1,6,5,7,-1,
        ]
    }
}
Shape{
    appearance Appearance {
        material  Material 	{
            diffuseColor 0.0 0.0 0.0
            specularColor 0.0 0.0 0.0
            ambientIntensity 0.0
            transparency 0.0
            shininess 0.5
        }
    }
    geometry IndexedFaceSet {
        ccw TRUE
        solid FALSE
        coord DEF co Coordinate {
            point [
                0.1526 1.0237 2.0926, 0.1701 1.0237 2.1229, 0.2466 1.0237 2.0835, 0.2853 1.0237 2.0668, 0.28 1.0237 2.0649, 0.3526 1.0237 2.1647, 0.3399 1.0237 2.1715, 0.3422 1.0237 2.2067, 0.3123 1.0237 2.0437, 0.312 1.0237 2.0492, 0.343 1.0237 2.066, 0.3067 1.0237 2.2081, 0.2893 1.0237 2.1664, 0.2804 1.0237 2.1844, 0.3199 1.0237 1.9974, 0.3308 1.0237 2.0061, 0.3389 1.0237 2.0168, 0.3197 1.0237 2.2093, 0.2809 1.0237 2.1025, 0.2892 1.0237 2.1032, 0.2956 1.0237 2.0667, 0.2754 1.0237 2.0617, 0.2718 1.0237 2.0576, 0.2326 1.0237 2.051, 0.3422 1.0237 2.0678, 0.3103 1.0237 2.0546, 0.3357 1.0237 2.0795, 0.3073 1.0237 2.0592, 0.3259 1.0237 2.0899, 0.305 1.0237 2.0616, 0.314 1.0237 2.0976, 0.2673 1.0237 2.0987, 0.3006 1.0237 2.0647, 0.3013 1.0237 2.102, 0.1334 1.0237 2.1488, 0.1289 1.0237 2.1487, 0.1053 1.0237 2.1793, 0.1182 1.0237 2.1474, 0.1027 1.0237 2.1784, 0.1083 1.0237 2.1435, 0.0495 1.0237 2.1043, 0.052 1.0237 2.1231, 0.0875 1.0237 2.1195, 0.2949 1.0237 2.2216, 0.2676 1.0237 2.1995, 0.2814 1.0237 2.2329, 0.2523 1.0237 2.2105, 0.2675 1.0237 2.2414, 0.3538 1.0237 2.0725, 0.351 1.0237 2.0301, 0.3438 1.0237 2.0279, 0.3259 1.0237 2.1748, 0.3194 1.0237 2.1751, 0.3132 1.0237 2.2089, 0.3077 1.0237 2.1738, 0.2949 1.0237 2.1694, 0.2694 1.0237 2.0529, 0.2681 1.0237 2.0476, 0.2327 1.0237 2.0453, 0.2681 1.0237 2.0424, 0.0926 1.0237 2.1295, 0.0589 1.0237 2.1405, 0.0995 1.0237 2.1373, 0.0704 1.0237 2.1568, 0.0858 1.0237 2.1699, 0.0709 1.0237 2.0504, 0.0979 1.0237 2.0726, 0.0865 1.0237 2.0374, 0.1065 1.0237 2.066, 0.1039 1.0237 2.0291, 0.1166 1.0237 2.0616, 0.1229 1.0237 2.0252, 0.1261 1.0237 2.0599, 0.1565 1.0237 2.0254, 0.1517 1.0237 2.0601, 0.1597 1.0237 2.0259, 0.3634 1.0237 2.1986, 0.3816 1.0237 2.186, 0.3631 1.0237 2.1551, 0.3854 1.0237 2.1824, 0.3707 1.0237 2.1436, 0.3993 1.0237 2.1649, 0.3753 1.0237 2.1308, 0.29 1.0237 2.0673, 0.2555 1.0237 2.0919, 0.085 1.0237 2.1085, 0.0848 1.0237 2.104, 0.0522 1.0237 2.0841, 0.0862 1.0237 2.0932, 0.0595 1.0237 2.0662, 0.0901 1.0237 2.0831, 0.0964 1.0237 2.0742, 0.1357 1.0237 2.2245, 0.1584 1.0237 2.1987, 0.1171 1.0237 2.2027, 0.1456 1.0237 2.1833, 0.1369 1.0237 2.1649, 0.2412 1.0237 2.2514, 0.2337 1.0237 2.2179, 0.213 1.0237 2.2547, 0.2126 1.0237 2.2205, 0.1895 1.0237 2.252, 0.1933 1.0237 2.218, 0.161 1.0237 2.2418, 0.1755 1.0237 2.211, 0.1596 1.0237 2.1997, 0.3015 1.0237 2.0261, 0.2964 1.0237 2.0238, 0.307 1.0237 1.9915, 0.2913 1.0237 2.023, 0.2937 1.0237 1.9889, 0.2903 1.0237 2.0229, 0.29 1.0237 1.9888, 0.2846 1.0237 2.0236, 0.2778 1.0237 1.99, 0.2797 1.0237 2.0256, 0.2649 1.0237 1.9944, 0.2753 1.0237 2.0286, 0.2534 1.0237 2.0019, 0.2722 1.0237 2.0321, 0.2436 1.0237 2.0122, 0.2695 1.0237 2.037, 0.2366 1.0237 2.0248, 0.2331 1.0237 2.0388, 0.1546 1.0237 2.0606, 0.1685 1.0237 2.0315, 0.1671 1.0237 2.0301, 0.4085 1.0237 2.1445, 0.4124 1.0237 2.1231, 0.3767 1.0237 2.1186, 0.4126 1.0237 2.1177, 0.376 1.0237 2.1089, 0.41 1.0237 2.0953, 0.3717 1.0237 2.0949, 0.402 1.0237 2.0741, 0.3642 1.0237 2.0827, 0.3891 1.0237 2.0555, 0.3715 1.0237 2.0403, 0.3059 1.0237 2.0295, 0.3091 1.0237 2.0335, 0.3113 1.0237 2.0383, 0.1529 1.0237 2.0603, 0.1635 1.0237 2.0275, 0.1729 1.0237 2.0432, 0.1724 1.0237 2.0389, 0.1709 1.0237 2.0351, 0.1595 1.0237 2.0602, 0.1635 1.0237 2.0586, 0.1727 1.0237 2.0454, 0.167 1.0237 2.0562, 0.1693 1.0237 2.0536, 0.1716 1.0237 2.0497, 0.1551 1.0237 2.0607, 0.0495 1.0236 2.1043, 0.052 1.0236 2.1231, 0.0589 1.0236 2.1405, 0.0651 1.0236 2.1494, 0.0704 1.0236 2.1568, 0.0858 1.0236 2.1699, 0.1027 1.0236 2.1784, 0.1053 1.0236 2.1793, 0.1171 1.0236 2.2027, 0.1357 1.0236 2.2245, 0.213 1.0236 2.2547, 0.1454 1.0236 2.2311, 0.161 1.0236 2.2418, 0.166 1.0236 2.2435, 0.1895 1.0236 2.252, 0.2814 1.0236 2.2329, 0.2412 1.0236 2.2514, 0.2619 1.0236 2.2435, 0.2675 1.0236 2.2414, 0.3067 1.0236 2.2081, 0.2836 1.0236 2.2311, 0.2949 1.0236 2.2216, 0.3132 1.0236 2.2089, 0.3197 1.0236 2.2093, 0.3422 1.0236 2.2067, 0.3634 1.0236 2.1986, 0.3816 1.0236 2.186, 0.3854 1.0236 2.1824, 0.3993 1.0236 2.1649, 0.4063 1.0236 2.1494, 0.4085 1.0236 2.1445, 0.4124 1.0236 2.1231, 0.4126 1.0236 2.1177, 0.411 1.0236 2.1037, 0.41 1.0236 2.0953, 0.402 1.0236 2.0741, 0.3891 1.0236 2.0555, 0.3715 1.0236 2.0403, 0.351 1.0236 2.0301, 0.3438 1.0236 2.0279, 0.3411 1.0236 2.0218, 0.3389 1.0236 2.0168, 0.3308 1.0236 2.0061, 0.3199 1.0236 1.9974, 0.3094 1.0236 1.9925, 0.307 1.0236 1.9915, 0.2937 1.0236 1.9889, 0.29 1.0236 1.9888, 0.2778 1.0236 1.99, 0.2704 1.0236 1.9925, 0.2649 1.0236 1.9944, 0.2534 1.0236 2.0019, 0.2436 1.0236 2.0122, 0.2383 1.0236 2.0218, 0.2366 1.0236 2.0248, 0.2331 1.0236 2.0388, 0.2327 1.0236 2.0453, 0.2326 1.0236 2.051, 0.1526 1.0236 2.0926, 0.1701 1.0236 2.1229, 0.1591 1.0236 2.1037, 0.2466 1.0236 2.0835, 0.2073 1.0236 2.1037, 0.2555 1.0236 2.0919, 0.2673 1.0236 2.0987, 0.2809 1.0236 2.1025, 0.2892 1.0236 2.1032, 0.3013 1.0236 2.102, 0.314 1.0236 2.0976, 0.3259 1.0236 2.0899, 0.3357 1.0236 2.0795, 0.3422 1.0236 2.0678, 0.343 1.0236 2.066, 0.3767 1.0236 2.1186, 0.3538 1.0236 2.0725, 0.3642 1.0236 2.0827, 0.3717 1.0236 2.0949, 0.3744 1.0236 2.1037, 0.376 1.0236 2.1089, 0.3753 1.0236 2.1308, 0.3707 1.0236 2.1436, 0.3669 1.0236 2.1494, 0.3631 1.0236 2.1551, 0.3526 1.0236 2.1647, 0.3399 1.0236 2.1715, 0.3259 1.0236 2.1748, 0.3194 1.0236 2.1751, 0.3077 1.0236 2.1738, 0.2949 1.0236 2.1694, 0.2893 1.0236 2.1664, 0.2804 1.0236 2.1844, 0.2676 1.0236 2.1995, 0.2523 1.0236 2.2105, 0.2337 1.0236 2.2179, 0.2126 1.0236 2.2205, 0.1334 1.0236 2.1488, 0.1336 1.0236 2.1494, 0.1369 1.0236 2.1649, 0.1456 1.0236 2.1833, 0.1584 1.0236 2.1987, 0.1596 1.0236 2.1997, 0.1755 1.0236 2.211, 0.1933 1.0236 2.218, 0.1289 1.0236 2.1487, 0.1182 1.0236 2.1474, 0.1083 1.0236 2.1435, 0.0995 1.0236 2.1373, 0.0926 1.0236 2.1295, 0.0875 1.0236 2.1195, 0.085 1.0236 2.1085, 0.0848 1.0236 2.104, 0.0848 1.0236 2.1037, 0.0862 1.0236 2.0932, 0.0901 1.0236 2.0831, 0.0964 1.0236 2.0742, 0.0979 1.0236 2.0726, 0.1065 1.0236 2.066, 0.1166 1.0236 2.0616, 0.1261 1.0236 2.0599, 0.1517 1.0236 2.0601, 0.1529 1.0236 2.0603, 0.1546 1.0236 2.0606, 0.1551 1.0236 2.0607, 0.1595 1.0236 2.0602, 0.1635 1.0236 2.0586, 0.167 1.0236 2.0562, 0.1693 1.0236 2.0536, 0.1716 1.0236 2.0497, 0.1727 1.0236 2.0454, 0.1729 1.0236 2.0432, 0.1724 1.0236 2.0389, 0.1709 1.0236 2.0351, 0.1685 1.0236 2.0315, 0.1671 1.0236 2.0301, 0.1635 1.0236 2.0275, 0.1597 1.0236 2.0259, 0.1565 1.0236 2.0254, 0.1229 1.0236 2.0252, 0.1039 1.0236 2.0291, 0.0865 1.0236 2.0374, 0.0709 1.0236 2.0504, 0.0496 1.0236 2.1037, 0.0522 1.0236 2.0841, 0.0595 1.0236 2.0662, 0.29 1.0236 2.0673, 0.2853 1.0236 2.0668, 0.28 1.0236 2.0649, 0.2754 1.0236 2.0617, 0.2718 1.0236 2.0576, 0.2694 1.0236 2.0529, 0.2681 1.0236 2.0476, 0.2681 1.0236 2.0424, 0.2695 1.0236 2.037, 0.2722 1.0236 2.0321, 0.2753 1.0236 2.0286, 0.2797 1.0236 2.0256, 0.2846 1.0236 2.0236, 0.2903 1.0236 2.0229, 0.2913 1.0236 2.023, 0.2964 1.0236 2.0238, 0.3015 1.0236 2.0261, 0.3059 1.0236 2.0295, 0.3091 1.0236 2.0335, 0.3113 1.0236 2.0383, 0.3123 1.0236 2.0437, 0.312 1.0236 2.0492, 0.3103 1.0236 2.0546, 0.3073 1.0236 2.0592, 0.305 1.0236 2.0616, 0.3006 1.0236 2.0647, 0.2956 1.0236 2.0667
            ]
        }
        coordIndex [
            0,1,2,-1,3,4,0,-1,5,6,7,-1,8,9,10,-1,11,12,13,-1,14,10,15,-1,15,10,16,-1,7,6,17,-1,18,19,20,-1,4,21,0,-1,0,21,22,-1,0,22,23,-1,10,9,24,-1,24,9,25,-1,24,25,26,-1,26,25,27,-1,26,27,28,-1,28,27,29,-1,28,29,30,-1,18,20,31,-1,29,32,30,-1,30,32,20,-1,30,20,33,-1,33,20,19,-1,34,35,36,-1,36,35,37,-1,36,37,38,-1,38,37,39,-1,40,41,42,-1,11,13,43,-1,43,13,44,-1,43,44,45,-1,45,44,46,-1,45,46,47,-1,48,49,10,-1,10,49,50,-1,10,50,16,-1,6,51,17,-1,17,51,52,-1,17,52,53,-1,53,52,54,-1,53,54,11,-1,11,54,55,-1,11,55,12,-1,22,56,23,-1,23,56,57,-1,23,57,58,-1,58,57,59,-1,42,41,60,-1,60,41,61,-1,60,61,62,-1,62,61,63,-1,62,63,39,-1,39,63,64,-1,39,64,38,-1,65,66,67,-1,67,66,68,-1,67,68,69,-1,69,68,70,-1,69,70,71,-1,71,70,72,-1,71,72,73,-1,73,72,74,-1,73,74,75,-1,7,76,5,-1,5,76,77,-1,5,77,78,-1,78,77,79,-1,78,79,80,-1,80,79,81,-1,80,81,82,-1,3,0,83,-1,83,0,2,-1,83,2,20,-1,20,2,84,-1,20,84,31,-1,42,85,40,-1,40,85,86,-1,40,86,87,-1,87,86,88,-1,87,88,89,-1,89,88,90,-1,89,90,65,-1,65,90,91,-1,65,91,66,-1,92,93,94,-1,94,93,95,-1,94,95,36,-1,36,95,96,-1,36,96,34,-1,47,46,97,-1,97,46,98,-1,97,98,99,-1,99,98,100,-1,99,100,101,-1,101,100,102,-1,101,102,103,-1,103,102,104,-1,103,104,92,-1,92,104,105,-1,92,105,93,-1,106,14,107,-1,107,14,108,-1,107,108,109,-1,109,108,110,-1,109,110,111,-1,111,110,112,-1,111,112,113,-1,113,112,114,-1,113,114,115,-1,115,114,116,-1,115,116,117,-1,117,116,118,-1,117,118,119,-1,119,118,120,-1,119,120,121,-1,121,120,122,-1,121,122,59,-1,59,122,123,-1,59,123,58,-1,124,125,126,-1,81,127,82,-1,82,127,128,-1,82,128,129,-1,129,128,130,-1,129,130,131,-1,131,130,132,-1,131,132,133,-1,133,132,134,-1,133,134,135,-1,135,134,136,-1,135,136,48,-1,48,136,137,-1,48,137,49,-1,106,138,14,-1,14,138,139,-1,14,139,10,-1,10,139,140,-1,10,140,8,-1,74,141,75,-1,75,141,124,-1,75,124,142,-1,142,124,126,-1,143,144,124,-1,124,144,145,-1,124,145,125,-1,146,147,148,-1,147,149,148,-1,148,149,150,-1,148,150,151,-1,143,124,148,-1,148,124,152,-1,148,152,146,-1,40,153,154,-1,40,154,41,-1,41,154,155,-1,41,155,61,-1,61,155,156,-1,61,156,63,-1,156,157,63,-1,63,157,158,-1,63,158,64,-1,64,158,159,-1,64,159,38,-1,38,159,160,-1,38,160,36,-1,36,160,161,-1,36,161,94,-1,94,161,162,-1,94,162,92,-1,163,99,101,-1,92,162,164,-1,92,164,103,-1,164,165,103,-1,103,165,166,-1,103,166,101,-1,101,166,167,-1,101,167,163,-1,168,45,47,-1,99,163,169,-1,99,169,97,-1,97,169,170,-1,97,170,47,-1,47,170,171,-1,47,171,168,-1,172,11,43,-1,45,168,173,-1,45,173,43,-1,43,173,174,-1,43,174,172,-1,11,172,175,-1,11,175,53,-1,53,175,176,-1,53,176,17,-1,17,176,177,-1,17,177,7,-1,7,177,178,-1,7,178,76,-1,76,178,179,-1,76,179,77,-1,77,179,180,-1,77,180,79,-1,79,180,181,-1,79,181,81,-1,81,181,182,-1,81,182,127,-1,182,183,127,-1,127,183,184,-1,127,184,128,-1,128,184,185,-1,128,185,130,-1,130,185,186,-1,130,186,132,-1,186,187,132,-1,132,187,188,-1,132,188,134,-1,134,188,189,-1,134,189,136,-1,136,189,190,-1,136,190,137,-1,137,190,191,-1,137,191,49,-1,49,191,192,-1,49,192,50,-1,16,50,193,-1,193,50,192,-1,193,194,16,-1,16,194,195,-1,16,195,15,-1,15,195,196,-1,15,196,14,-1,14,196,197,-1,14,197,108,-1,197,198,108,-1,108,198,199,-1,108,199,110,-1,110,199,200,-1,110,200,112,-1,112,200,201,-1,112,201,114,-1,114,201,202,-1,114,202,116,-1,202,203,116,-1,116,203,204,-1,116,204,118,-1,118,204,205,-1,118,205,120,-1,120,205,206,-1,120,206,122,-1,206,207,122,-1,122,207,208,-1,122,208,123,-1,123,208,209,-1,123,209,58,-1,23,58,210,-1,210,58,209,-1,0,23,211,-1,211,23,210,-1,212,1,213,-1,213,1,0,-1,213,0,211,-1,214,2,215,-1,215,2,1,-1,215,1,212,-1,2,214,216,-1,2,216,84,-1,84,216,217,-1,84,217,31,-1,31,217,218,-1,31,218,18,-1,18,218,219,-1,18,219,19,-1,19,219,220,-1,19,220,33,-1,33,220,221,-1,33,221,30,-1,30,221,222,-1,30,222,28,-1,28,222,223,-1,28,223,26,-1,26,223,224,-1,26,224,24,-1,24,224,225,-1,24,225,10,-1,226,129,131,-1,10,225,227,-1,10,227,48,-1,48,227,228,-1,48,228,135,-1,135,228,229,-1,135,229,133,-1,133,229,230,-1,133,230,131,-1,131,230,231,-1,131,231,226,-1,129,226,232,-1,129,232,82,-1,82,232,233,-1,82,233,80,-1,80,233,234,-1,80,234,78,-1,234,235,78,-1,78,235,236,-1,78,236,5,-1,5,236,237,-1,5,237,6,-1,6,237,238,-1,6,238,51,-1,51,238,239,-1,51,239,52,-1,52,239,240,-1,52,240,54,-1,54,240,241,-1,54,241,55,-1,55,241,242,-1,55,242,12,-1,12,242,243,-1,12,243,13,-1,13,243,244,-1,13,244,44,-1,44,244,245,-1,44,245,46,-1,46,245,246,-1,46,246,98,-1,98,246,247,-1,98,247,100,-1,248,34,249,-1,249,34,96,-1,249,96,250,-1,250,96,95,-1,250,95,251,-1,251,95,93,-1,251,93,252,-1,252,93,105,-1,252,105,253,-1,253,105,104,-1,253,104,254,-1,254,104,102,-1,254,102,255,-1,255,102,100,-1,255,100,247,-1,35,34,256,-1,256,34,248,-1,35,256,257,-1,35,257,37,-1,37,257,258,-1,37,258,39,-1,39,258,259,-1,39,259,62,-1,62,259,260,-1,62,260,60,-1,60,260,261,-1,60,261,42,-1,42,261,262,-1,42,262,85,-1,85,262,263,-1,85,263,86,-1,86,263,264,-1,86,264,88,-1,264,265,88,-1,88,265,266,-1,88,266,90,-1,90,266,267,-1,90,267,91,-1,91,267,268,-1,91,268,66,-1,66,268,269,-1,66,269,68,-1,68,269,270,-1,68,270,70,-1,70,270,271,-1,70,271,72,-1,74,72,272,-1,272,72,271,-1,74,272,273,-1,74,273,141,-1,141,273,274,-1,141,274,124,-1,124,274,275,-1,124,275,152,-1,152,275,276,-1,152,276,146,-1,146,276,277,-1,146,277,147,-1,147,277,278,-1,147,278,149,-1,149,278,279,-1,149,279,150,-1,150,279,280,-1,150,280,151,-1,151,280,281,-1,151,281,148,-1,148,281,282,-1,148,282,143,-1,143,282,283,-1,143,283,144,-1,144,283,284,-1,144,284,145,-1,145,284,285,-1,145,285,125,-1,125,285,286,-1,125,286,126,-1,126,286,287,-1,126,287,142,-1,142,287,288,-1,142,288,75,-1,75,288,289,-1,75,289,73,-1,71,73,290,-1,290,73,289,-1,71,290,291,-1,71,291,69,-1,69,291,292,-1,69,292,67,-1,67,292,293,-1,67,293,65,-1,153,40,294,-1,294,40,87,-1,294,87,295,-1,295,87,89,-1,295,89,296,-1,296,89,65,-1,296,65,293,-1,83,297,298,-1,83,298,3,-1,3,298,299,-1,3,299,4,-1,4,299,300,-1,4,300,21,-1,21,300,301,-1,21,301,22,-1,22,301,302,-1,22,302,56,-1,56,302,303,-1,56,303,57,-1,57,303,304,-1,57,304,59,-1,59,304,305,-1,59,305,121,-1,121,305,306,-1,121,306,119,-1,119,306,307,-1,119,307,117,-1,117,307,308,-1,117,308,115,-1,115,308,309,-1,115,309,113,-1,113,309,310,-1,113,310,111,-1,111,310,311,-1,111,311,109,-1,109,311,312,-1,109,312,107,-1,107,312,313,-1,107,313,106,-1,106,313,314,-1,106,314,138,-1,138,314,315,-1,138,315,139,-1,139,315,316,-1,139,316,140,-1,140,316,317,-1,140,317,8,-1,8,317,318,-1,8,318,9,-1,9,318,319,-1,9,319,25,-1,25,319,320,-1,25,320,27,-1,27,320,321,-1,27,321,29,-1,29,321,322,-1,29,322,32,-1,32,322,323,-1,32,323,20,-1,20,323,297,-1,20,297,83,-1,
        ]
    }
}
Shape{
    appearance Appearance {
        material  Material 	{
            diffuseColor 0.8509803921568627 0.8509803921568627 0.8509803921568627
            specularColor 0.4235294117647059 0.4235294117647059 0.4235294117647059
            ambientIntensity 0.851
            transparency 0.0
            shininess 0.5
        }
    }
    geometry IndexedFaceSet {
        ccw TRUE
        solid FALSE
        coord DEF co Coordinate {
            point [
                0.2913 1.0236 2.023, 0.305 1.0236 2.0616, 0.3073 1.0236 2.0592, 0.2846 1.0236 2.0236, 0.2797 1.0236 2.0256, 0.2853 1.0236 2.0668, 0.29 1.0236 2.0673, 0.2956 1.0236 2.0667, 0.3006 1.0236 2.0647, 0.3113 1.0236 2.0383, 0.3091 1.0236 2.0335, 0.3059 1.0236 2.0295, 0.2903 1.0236 2.0229, 0.3103 1.0236 2.0546, 0.312 1.0236 2.0492, 0.3123 1.0236 2.0437, 0.3015 1.0236 2.0261, 0.2964 1.0236 2.0238, 0.2753 1.0236 2.0286, 0.2722 1.0236 2.0321, 0.2695 1.0236 2.037, 0.2681 1.0236 2.0424, 0.2681 1.0236 2.0476, 0.2694 1.0236 2.0529, 0.2718 1.0236 2.0576, 0.2754 1.0236 2.0617, 0.28 1.0236 2.0649
            ]
        }
        coordIndex [
            0,1,2,-1,3,4,5,-1,6,7,0,-1,0,7,8,-1,0,8,1,-1,9,10,2,-1,2,10,11,-1,6,0,5,-1,5,0,12,-1,5,12,3,-1,13,14,2,-1,2,14,15,-1,2,15,9,-1,11,16,2,-1,2,16,17,-1,2,17,0,-1,4,18,5,-1,5,18,19,-1,5,19,20,-1,20,21,5,-1,5,21,22,-1,5,22,23,-1,23,24,5,-1,5,24,25,-1,5,25,26,-1,
        ]
    }
}